time_s,loop,loop_dt_ms,inference_ms,ipc_ms,state_age_ms,action_state_age_ms,state_tick,enabled,warmup,cmd_vx,cmd_vy,cmd_vyaw,q_0,q_1,q_2,q_3,q_4,q_5,q_6,q_7,q_8,q_9,q_10,q_11,q_12,q_13,q_14,q_15,dq_0,dq_1,dq_2,dq_3,dq_4,dq_5,dq_6,dq_7,dq_8,dq_9,dq_10,dq_11,dq_12,dq_13,dq_14,dq_15,tau_0,tau_1,tau_2,tau_3,tau_4,tau_5,tau_6,tau_7,tau_8,tau_9,tau_10,tau_11,tau_12,tau_13,tau_14,tau_15,imu_quat_w,imu_quat_x,imu_quat_y,imu_quat_z,imu_gyro_x,imu_gyro_y,imu_gyro_z,imu_accel_x,imu_accel_y,imu_accel_z,imu_rpy_r,imu_rpy_p,imu_rpy_y,battery_voltage,battery_current,action_0,action_1,action_2,action_3,action_4,action_5,action_6,action_7,action_8,action_9,action_10,action_11,action_12,action_13,action_14,action_15,p_0,p_1,p_2,p_3,p_4,p_5,p_6,p_7,p_8,p_9,p_10,p_11,p_12,p_13,p_14,p_15,v_0,v_1,v_2,v_3,v_4,v_5,v_6,v_7,v_8,v_9,v_10,v_11,v_12,v_13,v_14,v_15,kp_0,kp_1,kp_2,kp_3,kp_4,kp_5,kp_6,kp_7,kp_8,kp_9,kp_10,kp_11,kp_12,kp_13,kp_14,kp_15,kd_0,kd_1,kd_2,kd_3,kd_4,kd_5,kd_6,kd_7,kd_8,kd_9,kd_10,kd_11,kd_12,kd_13,kd_14,kd_15
1788699157.811568,1,6.03204900005494,4.26579599991328,5.951569999979256,0.654253,6.611487,867226,1,1,0.0,0.0,0.0,-0.017719746,0.6419668,-1.3912338,0.03416049,0.6403014,-1.3963997,-0.040644974,0.641259,-1.4230963,0.032893956,0.6392001,-1.418926,-0.32284927,-0.20576608,-0.1363397,-0.18878037,-0.015502095,0.019377619,0.0080880495,0.05813286,-0.034879714,-0.018198112,0.027128667,-0.10851467,0.0485283,0.015502095,0.065883905,-0.016176099,-0.054257333,0.015502095,0.038755238,-0.011626571,0.8411016,1.5090352,4.694089,-1.8058946,1.4842969,5.0259943,2.1522305,1.58325,6.4010305,-1.6327267,1.58325,6.2113705,0.0,-0.024738282,0.0,0.0,0.99983424,0.0033455133,0.005269458,0.01710084,-0.006391586,0.0053263213,0.009587379,-0.04189853,-0.093373865,9.445126,0.0068705697,0.010422936,0.03423982,30.00434684753418,2.324359655380249,0.28522548,-0.33284768,-0.34026292,0.15875132,-0.059669707,-0.19060145,-0.2933221,-0.15938294,-0.028090063,0.1955058,0.62589395,-1.1300114,0.05446076,0.14582033,0.7548985,-1.5880818,-0.014917427,0.6223497,-1.3733305,0.07130637,0.5867881,-1.3850657,0.01361519,0.7064551,-1.1112753,-0.007022516,0.7188765,-1.1435264,0.0,0.0,0.0,0.0,0.0,0.0,0.0,0.0,0.0,0.0,0.0,0.0,0.0,0.0,0.0,0.0,-1.5938294,1.5875132,-15.880818,-11.300115,50.0,50.0,50.0,50.0,50.0,50.0,50.0,50.0,50.0,50.0,50.0,50.0,0.0,0.0,0.0,0.0,1.0,1.0,1.0,1.0,1.0,1.0,1.0,1.0,1.0,1.0,1.0,1.0,0.5,0.5,0.5,0.5
1788699157.8293402,2,4.7795729999506875,2.5062949999892226,4.720917999975427,2.3359,7.061554,867244,1,1,0.0,0.0,0.0,-0.017719746,0.6419668,-1.391218,0.034099936,0.6403014,-1.3964155,-0.040614694,0.64134985,-1.4231279,0.032893956,0.63913953,-1.4189419,-0.32284927,-0.20579636,-0.13636997,-0.18875009,0.046506286,-0.04263076,0.022242136,0.0,0.0038755238,-0.032352198,-0.027128667,-0.05038181,-0.0040440247,-0.023253143,0.0038755238,-0.04044025,-0.06975943,-0.015502095,-0.038755238,0.05038181,0.86583984,1.5090352,4.646674,-1.8058946,1.4842969,5.0734096,2.1522305,1.58325,6.4010305,-1.6822032,1.5090352,6.2587852,0.0,0.0,0.049476564,0.0,0.999833,0.0033183282,0.0052309134,0.017191084,-0.0042610574,-0.0010652643,0.0074568503,0.029927522,-0.10175357,9.506178,0.0068158163,0.010346172,0.034419782,30.00434684753418,2.358541488647461,0.32700807,-0.3069951,-0.45693535,0.08291702,-0.06170641,-0.18496102,-0.40315273,-0.15682895,-0.04895907,0.25128877,0.5876278,-1.2222788,0.043100484,0.15170524,0.6679911,-1.7251813,-0.015426602,0.62375975,-1.4007882,0.08175202,0.5932512,-1.4142338,0.010775121,0.70792633,-1.1330022,-0.012239767,0.7328222,-1.153093,0.0,0.0,0.0,0.0,0.0,0.0,0.0,0.0,0.0,0.0,0.0,0.0,0.0,0.0,0.0,0.0,-1.5682895,0.8291702,-17.251814,-12.222788,50.0,50.0,50.0,50.0,50.0,50.0,50.0,50.0,50.0,50.0,50.0,50.0,0.0,0.0,0.0,0.0,1.0,1.0,1.0,1.0,1.0,1.0,1.0,1.0,1.0,1.0,1.0,1.0,0.5,0.5,0.5,0.5
1788699157.8487875,3,4.180646000008892,2.3968259999946895,4.124071999967782,2.055717,6.184428,867264,1,1,0.0,0.0,0.0,-0.017719746,0.6420274,-1.391218,0.034130216,0.6402711,-1.3963997,-0.040644974,0.64138013,-1.4231122,0.032893956,0.63910925,-1.4189419,-0.322819,-0.20576608,-0.13636997,-0.18878037,0.04263076,0.0,0.022242136,0.038755238,-0.05038181,-0.0080880495,-0.08913705,-0.034879714,0.022242136,-0.03100419,0.0,-0.038418237,-0.015502095,0.011626571,-0.038755238,-0.015502095,0.86583984,1.4842969,4.646674,-1.7811563,1.4595586,5.0259943,2.1522305,1.5090352,6.4010305,-1.6327267,1.5090352,6.2587852,0.049476564,-0.024738282,0.0,0.0,0.9998328,0.0033323984,0.0052279094,0.017198436,0.0010652643,0.0053263213,0.0,-0.038307227,-0.15682021,9.415198,0.0068439273,0.010339631,0.03443461,30.00434684753418,2.290177822113037,0.33512783,-0.326109,-0.4993647,0.024768095,-0.08755611,-0.2444874,-0.44700477,-0.19818279,-0.04432325,0.26656568,0.49960485,-1.2797197,0.054037154,0.13398734,0.569972,-1.798515,-0.021889027,0.60887814,-1.4117512,0.08378196,0.5884728,-1.4248412,0.013509288,0.7034969,-1.157507,-0.011080813,0.7366414,-1.1750988,0.0,0.0,0.0,0.0,0.0,0.0,0.0,0.0,0.0,0.0,0.0,0.0,0.0,0.0,0.0,0.0,-1.981828,0.24768096,-17.98515,-12.797197,50.0,50.0,50.0,50.0,50.0,50.0,50.0,50.0,50.0,50.0,50.0,50.0,0.0,0.0,0.0,0.0,1.0,1.0,1.0,1.0,1.0,1.0,1.0,1.0,1.0,1.0,1.0,1.0,0.5,0.5,0.5,0.5
1788699157.8674254,4,3.159267999990334,2.321148999953948,3.102340999930675,1.996102,5.102699,867284,1,1,0.0,0.0,0.0,-0.017719746,0.64193654,-1.3912338,0.034130216,0.6403317,-1.3963839,-0.040644974,0.6413196,-1.4231122,0.032893956,0.6391698,-1.4189419,-0.32284927,-0.20576608,-0.13636997,-0.18878037,0.038755238,-0.08913705,0.018198112,-0.0038755238,0.0,0.020220125,-0.038755238,-0.046506286,0.020220125,0.015502095,-0.019377619,-0.032352198,-0.046506286,0.011626571,-0.015502095,-0.019377619,0.86583984,1.5585117,4.646674,-1.7811563,1.4595586,5.0734096,2.1522305,1.58325,6.3062005,-1.6079884,1.5090352,6.2587852,0.024738282,-0.024738282,0.024738282,0.0,0.99983513,0.0033523235,0.0052479613,0.017053718,0.010652643,0.0,-0.012783172,-0.073023155,-0.12928689,9.498995,0.0068829623,0.010380039,0.034145474,30.013200759887695,2.290177822113037,0.3334472,-0.39420247,-0.59321237,0.049213525,-0.109945506,-0.28679112,-0.455533,-0.29889268,-0.025849115,0.25498497,0.3797942,-1.3403895,0.06775746,0.12824027,0.48192975,-1.8482836,-0.027486376,0.59830225,-1.4138832,0.0833618,0.5714494,-1.448303,0.016939364,0.7020601,-1.1795175,-0.006462279,0.7337463,-1.2050514,0.0,0.0,0.0,0.0,0.0,0.0,0.0,0.0,0.0,0.0,0.0,0.0,0.0,0.0,0.0,0.0,-2.988927,0.49213526,-18.482836,-13.403894,50.0,50.0,50.0,50.0,50.0,50.0,50.0,50.0,50.0,50.0,50.0,50.0,0.0,0.0,0.0,0.0,1.0,1.0,1.0,1.0,1.0,1.0,1.0,1.0,1.0,1.0,1.0,1.0,0.5,0.5,0.5,0.5
1788699157.8874376,5,2.9005559999859543,2.2492460000194114,2.8476929999214917,2.330908,5.183081,867304,1,1,0.0,0.0,0.0,-0.017689466,0.64193654,-1.3912338,0.034130216,0.64036196,-1.3963997,-0.040644974,0.641259,-1.4231279,0.032863677,0.6392001,-1.4189103,-0.322819,-0.20576608,-0.13640025,-0.18875009,0.04263076,-0.011626571,0.020220125,-0.034879714,0.038755238,-0.022242136,0.0,-0.038755238,-0.0080880495,-0.038755238,0.05813286,0.012132075,-0.015502095,0.05038181,-0.038755238,0.015502095,0.86583984,1.58325,4.646674,-1.8058946,1.4842969,5.0259943,2.1522305,1.5090352,6.3062005,-1.6079884,1.58325,6.2587852,0.049476564,-0.024738282,0.0,0.0,0.9998363,0.0033559399,0.0052424315,0.016991027,-0.0042610574,-0.0021305287,0.0074568503,-0.04070143,-0.094570965,9.473856,0.0068893544,0.0103692915,0.034020066,30.013200759887695,2.290177822113037,0.29722768,-0.4852168,-0.64829534,0.024989787,-0.13304442,-0.3659977,-0.48558918,-0.3978535,-0.043894917,0.1597514,0.21596271,-1.3972621,0.06907156,0.004676424,0.36051545,-1.9491994,-0.033261105,0.57850057,-1.4213972,0.07430692,0.5486958,-1.4620738,0.01726789,0.6711691,-1.209871,-0.010973729,0.7099379,-1.2460092,0.0,0.0,0.0,0.0,0.0,0.0,0.0,0.0,0.0,0.0,0.0,0.0,0.0,0.0,0.0,0.0,-3.978535,0.24989787,-19.491995,-13.972621,50.0,50.0,50.0,50.0,50.0,50.0,50.0,50.0,50.0,50.0,50.0,50.0,0.0,0.0,0.0,0.0,1.0,1.0,1.0,1.0,1.0,1.0,1.0,1.0,1.0,1.0,1.0,1.0,0.5,0.5,0.5,0.5
1788699157.9074295,6,3.155108999976619,2.4205060000213052,3.096838000033131,0.084766,3.186372,867326,1,1,0.0,0.0,0.0,-0.017719746,0.6419668,-1.391218,0.03416049,0.6403317,-1.3963997,-0.040614694,0.64134985,-1.4231437,0.032893956,0.63913953,-1.4189419,-0.32284927,-0.20576608,-0.13640025,-0.18875009,0.03100419,0.0,0.014154087,0.06975943,0.04263076,-0.016176099,0.054257333,-0.015502095,-0.036396224,-0.027128667,0.0,-0.038418237,-0.077510476,0.038755238,-0.06200838,0.03100419,0.86583984,1.4842969,4.694089,-1.7811563,1.4100821,5.0259943,2.2264454,1.58325,6.3062005,-1.6327267,1.5090352,6.2113705,0.0,-0.024738282,0.0,-0.049476564,0.9998344,0.0033433307,0.0052229688,0.01710725,-0.0042610574,-0.0042610574,0.009587379,0.022744916,-0.11492168,9.478644,0.0068646753,0.010330001,0.034252282,30.00434684753418,2.2559962272644043,0.2964648,-0.48072168,-0.6489641,0.036202047,-0.13160497,-0.3750153,-0.4881349,-0.39300087,-0.04041584,0.17646065,0.2127327,-1.396847,0.06876166,0.009420052,0.37152687,-1.9408579,-0.032901242,0.5762462,-1.4220337,0.0741162,0.5498196,-1.4622409,0.017190415,0.67235506,-1.2071183,-0.01010396,0.7141152,-1.2468168,0.0,0.0,0.0,0.0,0.0,0.0,0.0,0.0,0.0,0.0,0.0,0.0,0.0,0.0,0.0,0.0,-3.9300086,0.36202046,-19.408579,-13.96847,50.0,50.0,50.0,50.0,50.0,50.0,50.0,50.0,50.0,50.0,50.0,50.0,0.0,0.0,0.0,0.0,1.0,1.0,1.0,1.0,1.0,1.0,1.0,1.0,1.0,1.0,1.0,1.0,0.5,0.5,0.5,0.5
1788699157.9274063,7,3.1164529999614388,2.2410870000157956,3.063014999952429,0.082814,3.150149,867346,1,1,0.0,0.0,0.0,-0.017750025,0.6419971,-1.391218,0.034099936,0.6402711,-1.3963997,-0.040584415,0.64138013,-1.4231122,0.032924235,0.63910925,-1.4189419,-0.32278872,-0.20576608,-0.13636997,-0.18875009,-0.015502095,0.0,0.020220125,-0.011626571,-0.04263076,-0.0080880495,0.023253143,-0.06975943,0.016176099,0.019377619,0.0,-0.04044025,0.023253143,0.03100419,-0.034879714,0.05038181,0.89057815,1.4842969,4.694089,-1.8058946,1.4595586,5.0259943,2.1522305,1.4842969,6.3062005,-1.6327267,1.5090352,6.3062005,0.024738282,0.0,0.0,0.0,0.99983317,0.003320751,0.0052110804,0.017187167,0.008522115,0.003195793,0.006391586,0.010773907,-0.15442601,9.507375,0.0068199374,0.010306456,0.034411825,30.013200759887695,2.290177822113037,0.29447025,-0.47977445,-0.65418804,0.030295145,-0.13438678,-0.37227267,-0.4788435,-0.3928168,-0.032606605,0.16449147,0.21677451,-1.4152913,0.069246955,0.017006643,0.37674102,-1.9487615,-0.033596694,0.57693183,-1.4197109,0.07361756,0.5500564,-1.463547,0.017311739,0.6742517,-1.2058147,-0.008151651,0.7111229,-1.2458063,0.0,0.0,0.0,0.0,0.0,0.0,0.0,0.0,0.0,0.0,0.0,0.0,0.0,0.0,0.0,0.0,-3.928168,0.30295146,-19.487614,-14.152913,50.0,50.0,50.0,50.0,50.0,50.0,50.0,50.0,50.0,50.0,50.0,50.0,0.0,0.0,0.0,0.0,1.0,1.0,1.0,1.0,1.0,1.0,1.0,1.0,1.0,1.0,1.0,1.0,0.5,0.5,0.5,0.5
1788699157.9474266,8,3.129252999997334,2.1666889999778505,3.0763579999302237,0.086014,3.16682,867366,1,1,0.0,0.0,0.0,-0.017719746,0.6419668,-1.3912495,0.03416049,0.64036196,-1.3963997,-0.040614694,0.64134985,-1.4231279,0.032924235,0.63913953,-1.418926,-0.322819,-0.2057358,-0.13636997,-0.18878037,0.023253143,-0.038755238,-0.028308174,0.04263076,0.08526152,-0.010110063,-0.019377619,-0.034879714,-0.012132075,0.019377619,0.023253143,-0.0080880495,-0.015502095,0.065883905,0.0038755238,-0.019377619,0.86583984,1.4595586,4.788919,-1.8306329,1.5585117,5.1208243,2.1522305,1.58325,6.3062005,-1.6079884,1.58325,6.2587852,0.024738282,-0.024738282,0.0,0.0,0.9998351,0.0033256356,0.0052198754,0.017072404,0.006391586,-0.0010652643,-0.0149137005,-0.10414778,-0.19871874,9.487024,0.006828823,0.010324659,0.034182373,30.013200759887695,2.2559962272644043,0.28547722,-0.50272346,-0.66666996,0.042617094,-0.1389474,-0.3616982,-0.45569095,-0.3990502,-0.023674894,0.1275178,0.21299046,-1.4117386,0.08215152,0.031449776,0.35933158,-1.9447691,-0.03473685,0.5795755,-1.4139227,0.071369305,0.54431915,-1.4666674,0.02053788,0.67786247,-1.210167,-0.0059187235,0.70187944,-1.2467524,0.0,0.0,0.0,0.0,0.0,0.0,0.0,0.0,0.0,0.0,0.0,0.0,0.0,0.0,0.0,0.0,-3.990502,0.42617095,-19.447691,-14.117386,50.0,50.0,50.0,50.0,50.0,50.0,50.0,50.0,50.0,50.0,50.0,50.0,0.0,0.0,0.0,0.0,1.0,1.0,1.0,1.0,1.0,1.0,1.0,1.0,1.0,1.0,1.0,1.0,0.5,0.5,0.5,0.5
1788699157.9674115,9,3.1284530000448285,2.160737000053814,3.0776069999092215,0.080542,3.162884,867386,1,1,0.0,0.0,0.0,-0.017689466,0.6419668,-1.3912338,0.034221046,0.6403317,-1.3963997,-0.040644974,0.6412893,-1.4231122,0.032893956,0.6392001,-1.418926,-0.322819,-0.20576608,-0.13640025,-0.18875009,0.034879714,0.019377619,0.030330187,0.13564333,-0.0077510476,-0.020220125,-0.0077510476,-0.015502095,0.020220125,0.0,0.054257333,-0.014154087,-0.027128667,0.027128667,-0.038755238,0.03100419,0.8411016,1.58325,4.788919,-1.7811563,1.4595586,4.978579,2.2264454,1.58325,6.3062005,-1.6327267,1.5090352,6.2587852,0.024738282,-0.024738282,0.049476564,-0.024738282,0.99983686,0.0033539413,0.0052317274,0.016958803,-0.0010652643,0.0021305287,0.003195793,-0.12569559,-0.093373865,9.519346,0.0068846587,0.010348175,0.033955507,30.013200759887695,2.2559962272644043,0.29100847,-0.49282032,-0.6421093,0.038566675,-0.12842157,-0.38378686,-0.46273443,-0.40028346,-0.0329786,0.17025253,0.1943022,-1.3925567,0.07130621,0.0068296045,0.3767616,-1.9562197,-0.032105394,0.5740533,-1.4156835,0.07275212,0.54679495,-1.4605273,0.017826552,0.6717074,-1.2058096,-0.00824465,0.71256316,-1.2514244,0.0,0.0,0.0,0.0,0.0,0.0,0.0,0.0,0.0,0.0,0.0,0.0,0.0,0.0,0.0,0.0,-4.0028343,0.38566676,-19.562197,-13.925567,50.0,50.0,50.0,50.0,50.0,50.0,50.0,50.0,50.0,50.0,50.0,50.0,0.0,0.0,0.0,0.0,1.0,1.0,1.0,1.0,1.0,1.0,1.0,1.0,1.0,1.0,1.0,1.0,0.5,0.5,0.5,0.5
1788699157.9874468,10,3.140805000043656,2.140929999995933,3.092614000024696,0.077022,3.173956,867406,1,1,0.0,0.0,0.0,-0.017689466,0.64193654,-1.3912338,0.034130216,0.6403014,-1.3963839,-0.040644974,0.641259,-1.4231279,0.032893956,0.6391698,-1.4189103,-0.32284927,-0.20576608,-0.13640025,-0.18875009,0.05813286,-0.0038755238,0.020220125,-0.0038755238,-0.0077510476,0.0060660373,-0.038755238,-0.08913705,0.0020220124,-0.0077510476,-0.019377619,0.010110063,-0.06200838,0.034879714,0.019377619,0.05038181,0.86583984,1.5090352,4.646674,-1.7811563,1.4100821,5.0734096,2.1522305,1.5585117,6.4010305,-1.6822032,1.5090352,6.2587852,0.0,-0.024738282,0.0,-0.049476564,0.9998358,0.0033509934,0.005236703,0.017021073,0.0042610574,-0.006391586,0.009587379,-0.05865794,-0.092176765,9.44752,0.0068795783,0.010357796,0.034080077,30.00434684753418,2.2559962272644043,0.2985156,-0.48561284,-0.6411385,0.026795235,-0.12868208,-0.3802085,-0.485548,-0.3954904,-0.04172288,0.1728123,0.2130392,-1.3962595,0.06715673,-0.000506185,0.37309453,-1.9506351,-0.03217052,0.5749479,-1.421387,0.0746289,0.5485968,-1.4602846,0.016789183,0.6698735,-1.2067263,-0.01043072,0.7132031,-1.2467401,0.0,0.0,0.0,0.0,0.0,0.0,0.0,0.0,0.0,0.0,0.0,0.0,0.0,0.0,0.0,0.0,-3.954904,0.26795235,-19.506351,-13.962595,50.0,50.0,50.0,50.0,50.0,50.0,50.0,50.0,50.0,50.0,50.0,50.0,0.0,0.0,0.0,0.0,1.0,1.0,1.0,1.0,1.0,1.0,1.0,1.0,1.0,1.0,1.0,1.0,0.5,0.5,0.5,0.5
1788699158.007428,11,2.8973899999300556,2.163554000048862,2.848430999961238,2.285118,5.137549,867424,1,1,0.0,0.0,0.0,-0.017719746,0.6419668,-1.391218,0.034130216,0.6403317,-1.3964155,-0.040584415,0.64138013,-1.4231279,0.032924235,0.63913953,-1.4189103,-0.322819,-0.20576608,-0.13630942,-0.18878037,-0.03100419,-0.0038755238,0.026286162,0.03100419,0.06975943,-0.046506286,0.05038181,0.0,-0.014154087,0.019377619,0.027128667,0.020220125,0.0038755238,0.023253143,0.077510476,-0.019377619,0.86583984,1.5090352,4.646674,-1.8058946,1.4842969,5.0734096,2.1522305,1.5585117,6.3062005,-1.6822032,1.5090352,6.2587852,0.024738282,-0.024738282,0.049476564,-0.049476564,0.99983364,0.0033341506,0.005225491,0.017155074,-0.0042610574,-0.0021305287,0.008522115,0.01316811,-0.11372458,9.534908,0.0068468982,0.010335032,0.034347873,30.013200759887695,2.2559962272644043,0.29426035,-0.4909005,-0.6472776,0.032614905,-0.13352256,-0.38117376,-0.48160025,-0.39494127,-0.03630424,0.15738636,0.21167186,-1.407182,0.074126095,0.008356422,0.3673163,-1.9476167,-0.03338064,0.57470655,-1.4204,0.07356509,0.5472749,-1.4618194,0.018531524,0.6720891,-1.2081709,-0.00907606,0.7093466,-1.247082,0.0,0.0,0.0,0.0,0.0,0.0,0.0,0.0,0.0,0.0,0.0,0.0,0.0,0.0,0.0,0.0,-3.9494128,0.32614905,-19.476168,-14.071819,50.0,50.0,50.0,50.0,50.0,50.0,50.0,50.0,50.0,50.0,50.0,50.0,0.0,0.0,0.0,0.0,1.0,1.0,1.0,1.0,1.0,1.0,1.0,1.0,1.0,1.0,1.0,1.0,0.5,0.5,0.5,0.5
1788699158.0274148,12,3.1118470000137677,2.129858999978751,3.066312999976617,0.082077,3.152358,867446,1,1,0.0,0.0,0.0,-0.017689466,0.6419971,-1.3912338,0.034099936,0.6403014,-1.3964155,-0.040614694,0.6414104,-1.4231122,0.032924235,0.63910925,-1.418926,-0.32284927,-0.20576608,-0.13636997,-0.18881065,0.08913705,0.0,0.0040440247,-0.011626571,0.038755238,-0.036396224,-0.03100419,0.034879714,0.020220125,0.0,0.0038755238,-0.014154087,-0.054257333,0.03100419,0.065883905,-0.054257333,0.86583984,1.4595586,4.646674,-1.8306329,1.4595586,5.1208243,2.1274922,1.5090352,6.4010305,-1.6822032,1.58325,6.2113705,0.0,-0.024738282,0.0,0.0,0.9998333,0.0033402496,0.005249679,0.017164404,-0.0074568503,-0.0010652643,-0.019174758,-0.051475335,-0.15442601,9.478644,0.006860025,0.010383127,0.034366768,30.00434684753418,2.2559962272644043,0.28728402,-0.4965004,-0.655371,0.029781703,-0.13964826,-0.35642892,-0.45586994,-0.39294,-0.022029757,0.122140445,0.22787052,-1.4074552,0.08306166,0.03903997,0.34375718,-1.9385853,-0.034912065,0.5808928,-1.4139675,0.071821004,0.5458749,-1.4638427,0.020765414,0.67976,-1.2140607,-0.0055074394,0.7005351,-1.2430323,0.0,0.0,0.0,0.0,0.0,0.0,0.0,0.0,0.0,0.0,0.0,0.0,0.0,0.0,0.0,0.0,-3.9294002,0.29781702,-19.385853,-14.074553,50.0,50.0,50.0,50.0,50.0,50.0,50.0,50.0,50.0,50.0,50.0,50.0,0.0,0.0,0.0,0.0,1.0,1.0,1.0,1.0,1.0,1.0,1.0,1.0,1.0,1.0,1.0,1.0,0.5,0.5,0.5,0.5
1788699158.047393,13,3.06749599997147,2.1564180000268607,3.019081999923401,0.08067,3.103656,867466,1,1,0.0,0.0,0.0,-0.017719746,0.6419668,-1.3912338,0.03416049,0.6403317,-1.3963997,-0.040644974,0.64134985,-1.4231122,0.032893956,0.63913953,-1.4189419,-0.322819,-0.20576608,-0.13636997,-0.18875009,0.023253143,0.0,0.0,0.05813286,0.046506286,-0.02426415,-0.015502095,0.023253143,0.020220125,0.0,-0.019377619,-0.050550308,0.011626571,0.03100419,0.0,0.05038181,0.89057815,1.5090352,4.646674,-1.7811563,1.5585117,5.0259943,2.2017071,1.5585117,6.4010305,-1.6327267,1.58325,6.2587852,0.0,-0.024738282,0.0,0.0,0.9998358,0.0033635527,0.005244687,0.0170164,-0.0042610574,-0.0010652643,-0.012783172,-0.074220255,-0.14604631,9.455899,0.0069049182,0.010373367,0.034070916,30.00434684753418,2.290177822113037,0.2882815,-0.50370663,-0.66268796,0.037562985,-0.138775,-0.36301744,-0.45457134,-0.39328074,-0.027363468,0.13457552,0.21291795,-1.4042066,0.08273359,0.027040519,0.34690744,-1.942147,-0.03469375,0.5792457,-1.4136428,0.072070375,0.54407334,-1.4656719,0.020683397,0.67676014,-1.213273,-0.006840867,0.7036439,-1.2467705,0.0,0.0,0.0,0.0,0.0,0.0,0.0,0.0,0.0,0.0,0.0,0.0,0.0,0.0,0.0,0.0,-3.9328074,0.37562984,-19.42147,-14.042067,50.0,50.0,50.0,50.0,50.0,50.0,50.0,50.0,50.0,50.0,50.0,50.0,0.0,0.0,0.0,0.0,1.0,1.0,1.0,1.0,1.0,1.0,1.0,1.0,1.0,1.0,1.0,1.0,0.5,0.5,0.5,0.5
1788699158.0673783,14,3.0379610000181856,2.144131000022753,2.9917539999360088,0.079422,3.074952,867486,1,1,0.0,0.0,0.0,-0.017689466,0.64193654,-1.3912495,0.03416049,0.6403317,-1.396368,-0.040675253,0.641259,-1.4231122,0.032863677,0.6392001,-1.4189103,-0.32287955,-0.20576608,-0.13640025,-0.18878037,0.05813286,0.0,-0.0020220124,0.019377619,0.077510476,0.032352198,-0.05038181,-0.038755238,0.022242136,-0.038755238,0.06200838,-0.036396224,-0.10851467,0.04263076,-0.027128667,-0.011626571,0.86583984,1.4595586,4.646674,-1.8306329,1.4595586,5.2156544,2.1522305,1.5585117,6.3062005,-1.6327267,1.5090352,6.2587852,0.0,0.0,0.0,-0.049476564,0.99983597,0.0033726005,0.005302492,0.016989423,0.006391586,0.0074568503,0.011717907,-0.055066638,-0.08259996,9.459491,0.006924703,0.01048884,0.03401747,30.00434684753418,2.2559962272644043,0.29538321,-0.49764094,-0.6326728,0.031037685,-0.12711725,-0.38788325,-0.47873786,-0.3998489,-0.042780362,0.18157603,0.18782222,-1.3936442,0.0647814,-0.0125471875,0.36094,-1.9505816,-0.03177931,0.5730292,-1.4196844,0.073845804,0.5455898,-1.4581681,0.01619535,0.6668632,-1.209765,-0.0106950905,0.715394,-1.2530444,0.0,0.0,0.0,0.0,0.0,0.0,0.0,0.0,0.0,0.0,0.0,0.0,0.0,0.0,0.0,0.0,-3.9984891,0.31037685,-19.505816,-13.936442,50.0,50.0,50.0,50.0,50.0,50.0,50.0,50.0,50.0,50.0,50.0,50.0,0.0,0.0,0.0,0.0,1.0,1.0,1.0,1.0,1.0,1.0,1.0,1.0,1.0,1.0,1.0,1.0,0.5,0.5,0.5,0.5
1788699158.0873508,15,3.109287000029326,2.108675999920706,3.0600409999124167,2.021894,5.085839,867504,1,1,0.0,0.0,0.0,-0.017689466,0.64193654,-1.3912338,0.034130216,0.6403014,-1.3963997,-0.040644974,0.64134985,-1.4231279,0.032893956,0.63913953,-1.4189103,-0.32284927,-0.20576608,-0.13640025,-0.18878037,0.05813286,-0.038755238,0.0080880495,0.011626571,0.015502095,-0.026286162,-0.046506286,0.046506286,-0.0040440247,-0.011626571,-0.019377619,0.0080880495,-0.046506286,0.038755238,0.0038755238,-0.023253143,0.89057815,1.58325,4.694089,-1.7811563,1.4595586,5.0734096,2.1522305,1.58325,6.3062005,-1.6079884,1.58325,6.2587852,0.024738282,-0.024738282,0.049476564,-0.074214846,0.9998343,0.003359606,0.005304695,0.017084954,0.003195793,-0.006391586,0.009587379,-0.010773907,-0.12689269,9.394848,0.0068997946,0.010493028,0.034208443,30.00434684753418,2.2559962272644043,0.29300356,-0.48665762,-0.6388619,0.024325173,-0.12962407,-0.37674537,-0.48361936,-0.39377606,-0.043037064,0.17317797,0.20543888,-1.3926116,0.067670405,-0.010956373,0.3665176,-1.9463598,-0.032406017,0.57581365,-1.4209048,0.07325089,0.5483356,-1.4597154,0.016917601,0.66726094,-1.2083706,-0.010759266,0.7132945,-1.2486402,0.0,0.0,0.0,0.0,0.0,0.0,0.0,0.0,0.0,0.0,0.0,0.0,0.0,0.0,0.0,0.0,-3.9377606,0.24325174,-19.463598,-13.926116,50.0,50.0,50.0,50.0,50.0,50.0,50.0,50.0,50.0,50.0,50.0,50.0,0.0,0.0,0.0,0.0,1.0,1.0,1.0,1.0,1.0,1.0,1.0,1.0,1.0,1.0,1.0,1.0,0.5,0.5,0.5,0.5
1788699158.1074162,16,3.1356859999505104,2.0910439999397568,3.0887120000215873,2.004518,5.096814,867524,1,1,0.0,0.0,0.0,-0.017719746,0.6419971,-1.3912338,0.034130216,0.6402711,-1.3964155,-0.040614694,0.64138013,-1.4231279,0.032924235,0.63913953,-1.418926,-0.322819,-0.20579636,-0.13636997,-0.18878037,0.038755238,-0.019377619,-0.0040440247,0.054257333,-0.019377619,-0.028308174,-0.04263076,-0.038755238,0.026286162,-0.0077510476,0.05038181,-0.0060660373,-0.0077510476,0.0038755238,-0.038755238,0.019377619,0.86583984,1.4595586,4.694089,-1.8058946,1.4842969,5.0259943,2.1522305,1.5090352,6.3062005,-1.6327267,1.58325,6.2587852,-0.024738282,-0.024738282,0.0,0.0,0.9998329,0.0033123821,0.005288535,0.017177714,0.0053263213,-0.0021305287,-0.0021305287,0.0035913025,-0.18315643,9.443929,0.0068057724,0.0104616955,0.03439339,30.00434684753418,2.2559962272644043,0.29258132,-0.48318928,-0.6438437,0.032047886,-0.13059366,-0.36934078,-0.47335994,-0.39870793,-0.03454443,0.16074084,0.21386008,-1.3938242,0.07110308,0.0022233725,0.3701308,-1.9564333,-0.032648414,0.57766485,-1.41834,0.07314533,0.5492027,-1.4609609,0.01777577,0.67055583,-1.2074672,-0.008636108,0.7101852,-1.246535,0.0,0.0,0.0,0.0,0.0,0.0,0.0,0.0,0.0,0.0,0.0,0.0,0.0,0.0,0.0,0.0,-3.9870791,0.32047886,-19.564333,-13.938242,50.0,50.0,50.0,50.0,50.0,50.0,50.0,50.0,50.0,50.0,50.0,50.0,0.0,0.0,0.0,0.0,1.0,1.0,1.0,1.0,1.0,1.0,1.0,1.0,1.0,1.0,1.0,1.0,0.5,0.5,0.5,0.5
1788699158.1273587,17,3.1014469999490757,2.1008360000678294,3.055368999980601,2.006246,5.065519,867544,1,1,0.0,0.0,0.0,-0.017719746,0.6419971,-1.3912338,0.034130216,0.6403014,-1.3963997,-0.040584415,0.64134985,-1.4231279,0.032924235,0.639079,-1.4189419,-0.322819,-0.20579636,-0.1363397,-0.18875009,0.038755238,0.019377619,0.014154087,-0.0038755238,0.08526152,-0.0060660373,0.011626571,-0.04263076,-0.010110063,-0.034879714,-0.06200838,-0.0485283,-0.011626571,-0.027128667,0.038755238,0.04263076,0.86583984,1.4842969,4.646674,-1.8801094,1.4842969,5.0734096,2.1274922,1.5585117,6.4010305,-1.6327267,1.5090352,6.2113705,0.024738282,-0.024738282,0.0,-0.049476564,0.999834,0.0033189198,0.005297792,0.017112438,0.0,-0.0074568503,-0.018109493,-0.074220255,-0.19153613,9.485827,0.0068184813,0.010480428,0.034262944,30.00434684753418,2.324359655380249,0.29010397,-0.49202877,-0.67460626,0.045850653,-0.13966197,-0.3511825,-0.4697067,-0.3908304,-0.027427014,0.12991536,0.23581165,-1.4000711,0.08277196,0.038789786,0.35368863,-1.9296303,-0.034915492,0.5822044,-1.4174266,0.07252599,0.54699284,-1.4686515,0.02069299,0.67969745,-1.2115778,-0.0068567535,0.7024789,-1.241047,0.0,0.0,0.0,0.0,0.0,0.0,0.0,0.0,0.0,0.0,0.0,0.0,0.0,0.0,0.0,0.0,-3.908304,0.45850652,-19.296303,-14.000711,50.0,50.0,50.0,50.0,50.0,50.0,50.0,50.0,50.0,50.0,50.0,50.0,0.0,0.0,0.0,0.0,1.0,1.0,1.0,1.0,1.0,1.0,1.0,1.0,1.0,1.0,1.0,1.0,0.5,0.5,0.5,0.5
1788699158.147505,18,3.2010600000376144,2.4920559999372927,3.1429499999831023,0.084989,3.232771,867566,1,1,0.0,0.0,0.0,-0.017719746,0.64193654,-1.3912338,0.03416049,0.6403317,-1.3963997,-0.040644974,0.6412893,-1.4231122,0.032893956,0.6392001,-1.418926,-0.32278872,-0.20576608,-0.13640025,-0.18875009,-0.0038755238,-0.027128667,0.030330187,0.038755238,0.0,-0.018198112,-0.038755238,-0.03100419,0.026286162,0.0,0.04263076,-0.014154087,0.04263076,0.05038181,-0.03100419,0.038755238,0.86583984,1.5585117,4.694089,-1.8801094,1.4595586,5.0734096,2.1522305,1.58325,6.3062005,-1.6327267,1.58325,6.2587852,0.024738282,-0.024738282,0.049476564,0.0,0.9998364,0.0033393223,0.0053092106,0.016969332,-0.003195793,0.003195793,-0.0010652643,-0.11971009,-0.11252748,9.485827,0.006858171,0.0105035445,0.03397698,30.00434684753418,2.2559962272644043,0.29196638,-0.491423,-0.64900565,0.031647112,-0.13327134,-0.36776078,-0.4711107,-0.3957307,-0.033296082,0.15135588,0.21660295,-1.4026768,0.074530266,0.014814045,0.35690725,-1.9475403,-0.033317834,0.5780598,-1.4177777,0.072991595,0.5471443,-1.4622514,0.018632567,0.67370355,-1.2107731,-0.008324021,0.707839,-1.2458493,0.0,0.0,0.0,0.0,0.0,0.0,0.0,0.0,0.0,0.0,0.0,0.0,0.0,0.0,0.0,0.0,-3.957307,0.31647113,-19.475403,-14.026768,50.0,50.0,50.0,50.0,50.0,50.0,50.0,50.0,50.0,50.0,50.0,50.0,0.0,0.0,0.0,0.0,1.0,1.0,1.0,1.0,1.0,1.0,1.0,1.0,1.0,1.0,1.0,1.0,0.5,0.5,0.5,0.5
1788699158.16877,19,4.116874000033022,2.5327280000055907,4.058124000039243,2.063781,6.126672,867584,1,1,0.0,0.0,0.0,-0.017719746,0.64193654,-1.3912654,0.03416049,0.6403014,-1.3963997,-0.040675253,0.6413196,-1.4231122,0.032863677,0.6391698,-1.4189419,-0.322819,-0.20576608,-0.13640025,-0.18878037,0.0038755238,0.0077510476,-0.028308174,0.038755238,-0.015502095,-0.018198112,-0.06975943,0.034879714,0.02426415,-0.04263076,0.015502095,-0.042462263,-0.015502095,0.023253143,-0.011626571,0.0,0.86583984,1.5090352,4.694089,-1.8058946,1.4842969,5.0734096,2.1274922,1.5585117,6.3062005,-1.6327267,1.5090352,6.2587852,0.049476564,0.0,0.049476564,0.0,0.9998362,0.0033382897,0.0053132214,0.016976994,0.0053263213,0.003195793,0.006391586,-0.04309563,-0.08020575,9.483433,0.0068563228,0.010511547,0.033992324,30.00434684753418,2.2559962272644043,0.29300633,-0.48906592,-0.6345812,0.02043001,-0.12998897,-0.3809695,-0.48008767,-0.39140883,-0.040825307,0.16692488,0.20933883,-1.4022312,0.06618947,-0.0004917495,0.35941696,-1.9459684,-0.032497242,0.57475764,-1.4200219,0.07325158,0.54773355,-1.4586452,0.016547367,0.66987705,-1.2101457,-0.010206327,0.71173126,-1.2476653,0.0,0.0,0.0,0.0,0.0,0.0,0.0,0.0,0.0,0.0,0.0,0.0,0.0,0.0,0.0,0.0,-3.9140882,0.2043001,-19.459684,-14.022312,50.0,50.0,50.0,50.0,50.0,50.0,50.0,50.0,50.0,50.0,50.0,50.0,0.0,0.0,0.0,0.0,1.0,1.0,1.0,1.0,1.0,1.0,1.0,1.0,1.0,1.0,1.0,1.0,0.5,0.5,0.5,0.5
1788699158.1873703,20,3.0337379999991754,2.1906570000282954,2.9797229999530828,0.083133,3.06692,867606,1,1,0.0,0.0,0.0,-0.017719746,0.6419668,-1.391218,0.034130216,0.6403014,-1.396368,-0.040614694,0.64134985,-1.4231279,0.032924235,0.63910925,-1.4189103,-0.32284927,-0.20576608,-0.13640025,-0.18875009,0.038755238,-0.04263076,0.020220125,0.034879714,0.019377619,0.04044025,-0.015502095,-0.081386,0.0,-0.0038755238,-0.015502095,0.028308174,-0.05038181,0.023253143,-0.034879714,0.054257333,0.86583984,1.4842969,4.694089,-1.8306329,1.4595586,5.0259943,2.1522305,1.5090352,6.4010305,-1.6327267,1.5090352,6.3062005,0.0,-0.024738282,0.0,0.0,0.99983376,0.0033389993,0.005286836,0.017123083,-0.0021305287,-0.0021305287,0.0074568503,-0.0035913025,-0.10414778,9.449914,0.006858372,0.010457757,0.034284364,30.013200759887695,2.2559962272644043,0.29585093,-0.4901837,-0.6373355,0.029864337,-0.12899901,-0.3742115,-0.4863674,-0.40336058,-0.043895945,0.16680783,0.21398564,-1.3939277,0.06803417,-0.0044224,0.3670997,-1.9524381,-0.032249752,0.5764471,-1.4215918,0.07396273,0.5474541,-1.4593338,0.017008543,0.6688944,-1.208225,-0.010973986,0.711702,-1.2465036,0.0,0.0,0.0,0.0,0.0,0.0,0.0,0.0,0.0,0.0,0.0,0.0,0.0,0.0,0.0,0.0,-4.0336056,0.29864338,-19.524382,-13.939277,50.0,50.0,50.0,50.0,50.0,50.0,50.0,50.0,50.0,50.0,50.0,50.0,0.0,0.0,0.0,0.0,1.0,1.0,1.0,1.0,1.0,1.0,1.0,1.0,1.0,1.0,1.0,1.0,0.5,0.5,0.5,0.5
1788699158.2073774,21,3.1487100000049395,2.1328349999976126,3.098055000009481,2.005575,5.107502,867624,1,1,0.0,0.0,0.0,-0.017750025,0.6419971,-1.3912338,0.034099936,0.6403014,-1.3963997,-0.040614694,0.64138013,-1.4231279,0.032924235,0.63910925,-1.4189103,-0.32284927,-0.20576608,-0.13636997,-0.18878037,-0.0038755238,0.0,-0.0020220124,0.0,0.04263076,-0.020220125,-0.054257333,-0.054257333,-0.0020220124,0.0038755238,-0.0077510476,0.014154087,-0.054257333,0.03100419,-0.019377619,0.027128667,0.86583984,1.5585117,4.646674,-1.7811563,1.4100821,5.0259943,2.1274922,1.5585117,6.3062005,-1.6327267,1.58325,6.2113705,-0.024738282,-0.024738282,0.024738282,0.0,0.99983346,0.0033358305,0.005306717,0.017135596,-0.006391586,0.008522115,-0.0074568503,-0.015562311,-0.1592144,9.470264,0.00685285,0.0104975365,0.03430951,30.013200759887695,2.2559962272644043,0.29223946,-0.5013459,-0.6425901,0.024684798,-0.13433053,-0.36934775,-0.4738547,-0.4013079,-0.035294883,0.1348655,0.22373271,-1.407903,0.07306344,0.016604435,0.34030297,-1.9464679,-0.03358263,0.57766306,-1.4184636,0.073059864,0.54466355,-1.4606475,0.01826586,0.6741511,-1.2149242,-0.008823721,0.7037164,-1.2440667,0.0,0.0,0.0,0.0,0.0,0.0,0.0,0.0,0.0,0.0,0.0,0.0,0.0,0.0,0.0,0.0,-4.013079,0.24684799,-19.46468,-14.079029,50.0,50.0,50.0,50.0,50.0,50.0,50.0,50.0,50.0,50.0,50.0,50.0,0.0,0.0,0.0,0.0,1.0,1.0,1.0,1.0,1.0,1.0,1.0,1.0,1.0,1.0,1.0,1.0,0.5,0.5,0.5,0.5
1788699158.2273066,22,3.09594299994842,2.122274999919682,3.0462479999187053,1.961896,5.012016,867644,1,1,0.0,0.0,0.0,-0.017689466,0.64193654,-1.3912495,0.034130216,0.6403014,-1.3963997,-0.040644974,0.64134985,-1.4231122,0.032893956,0.63910925,-1.4189103,-0.32284927,-0.2057358,-0.13640025,-0.18875009,0.08913705,0.0,-0.0040440247,-0.015502095,-0.0038755238,-0.0080880495,-0.023253143,0.019377619,0.014154087,-0.023253143,-0.034879714,0.012132075,-0.06200838,0.06200838,-0.034879714,0.038755238,0.86583984,1.4842969,4.694089,-1.7811563,1.4842969,5.0734096,2.2017071,1.5585117,6.3062005,-1.6079884,1.5090352,6.2113705,-0.024738282,-0.024738282,0.0,0.0,0.9998362,0.0033521992,0.00531447,0.016974533,0.0053263213,0.0042610574,-0.020240022,-0.088585466,-0.16400282,9.454702,0.0068841563,0.010513589,0.033987552,30.013200759887695,2.2559962272644043,0.2887107,-0.49868524,-0.66292393,0.035418782,-0.14082749,-0.35855967,-0.45455512,-0.39434785,-0.026203115,0.12062176,0.22967587,-1.4090358,0.08195342,0.038492262,0.33804432,-1.9345686,-0.035206873,0.5803601,-1.4136387,0.07217768,0.54532874,-1.4657309,0.020488355,0.67962307,-1.2154889,-0.0065507786,0.70015544,-1.242581,0.0,0.0,0.0,0.0,0.0,0.0,0.0,0.0,0.0,0.0,0.0,0.0,0.0,0.0,0.0,0.0,-3.9434786,0.35418782,-19.345686,-14.090358,50.0,50.0,50.0,50.0,50.0,50.0,50.0,50.0,50.0,50.0,50.0,50.0,0.0,0.0,0.0,0.0,1.0,1.0,1.0,1.0,1.0,1.0,1.0,1.0,1.0,1.0,1.0,1.0,0.5,0.5,0.5,0.5
1788699158.2473295,23,3.045896999992692,2.169858000002023,2.994954000087091,0.07923,3.078408,867666,1,1,0.0,0.0,0.0,-0.017750025,0.64193654,-1.3912338,0.034190767,0.6403014,-1.3963839,-0.040644974,0.641259,-1.4231122,0.032893956,0.6391698,-1.4189103,-0.32278872,-0.20576608,-0.13636997,-0.18878037,-0.065883905,0.011626571,0.032352198,0.07363495,-0.011626571,0.016176099,0.0077510476,-0.038755238,-0.0060660373,0.011626571,0.0077510476,0.0080880495,0.06200838,0.05038181,0.015502095,-0.011626571,0.89057815,1.5090352,4.646674,-1.8058946,1.5090352,5.0734096,2.2017071,1.5585117,6.3062005,-1.58325,1.58325,6.2587852,0.0,-0.024738282,0.0,-0.049476564,0.99983764,0.003347123,0.0053239525,0.016887406,0.0,-0.003195793,0.0042610574,-0.06943185,-0.08379706,9.457097,0.0068734107,0.010533323,0.033813287,30.00434684753418,2.290177822113037,0.2942666,-0.49429926,-0.6515087,0.033935603,-0.13521224,-0.37493995,-0.4785597,-0.39674327,-0.035348713,0.15155458,0.21970536,-1.4056488,0.07254222,0.017095964,0.36301363,-1.9446954,-0.03380306,0.57626504,-1.4196398,0.07356665,0.5464252,-1.4628772,0.018135555,0.674274,-1.2092465,-0.008837178,0.70788866,-1.2450736,0.0,0.0,0.0,0.0,0.0,0.0,0.0,0.0,0.0,0.0,0.0,0.0,0.0,0.0,0.0,0.0,-3.9674327,0.33935603,-19.446953,-14.056488,50.0,50.0,50.0,50.0,50.0,50.0,50.0,50.0,50.0,50.0,50.0,50.0,0.0,0.0,0.0,0.0,1.0,1.0,1.0,1.0,1.0,1.0,1.0,1.0,1.0,1.0,1.0,1.0,0.5,0.5,0.5,0.5
1788699158.2673478,24,3.1038790000366134,2.1129949999476594,3.05252099997233,2.014918,5.071887,867684,1,1,0.0,0.0,0.0,-0.017719746,0.64193654,-1.3912338,0.034130216,0.6403014,-1.3963997,-0.040644974,0.64134985,-1.4231437,0.032863677,0.63910925,-1.4189103,-0.32284927,-0.20579636,-0.13640025,-0.18878037,0.0,-0.019377619,0.044484273,-0.0077510476,0.0038755238,-0.018198112,-0.04263076,0.034879714,-0.036396224,-0.06975943,-0.04263076,-0.044484273,-0.054257333,-0.04263076,-0.034879714,-0.0038755238,0.86583984,1.5090352,4.646674,-1.8306329,1.5090352,5.0734096,2.2017071,1.58325,6.3062005,-1.6327267,1.5090352,6.2587852,0.024738282,-0.024738282,0.0,0.0,0.99983615,0.0033295052,0.00532107,0.016980356,0.0021305287,-0.012783172,0.008522115,-0.007182605,-0.06823475,9.465476,0.006839059,0.010527519,0.03399901,30.00434684753418,2.290177822113037,0.29405937,-0.4804046,-0.64231616,0.020625725,-0.13185392,-0.37054175,-0.4908596,-0.38635087,-0.042969376,0.15879723,0.23144938,-1.4110528,0.068708286,0.009629127,0.35030663,-1.9403967,-0.03296348,0.57736456,-1.4227148,0.07351484,0.54989886,-1.460579,0.017177071,0.67240727,-1.2124233,-0.010742344,0.70969933,-1.2421376,0.0,0.0,0.0,0.0,0.0,0.0,0.0,0.0,0.0,0.0,0.0,0.0,0.0,0.0,0.0,0.0,-3.8635087,0.20625725,-19.403967,-14.110528,50.0,50.0,50.0,50.0,50.0,50.0,50.0,50.0,50.0,50.0,50.0,50.0,0.0,0.0,0.0,0.0,1.0,1.0,1.0,1.0,1.0,1.0,1.0,1.0,1.0,1.0,1.0,1.0,0.5,0.5,0.5,0.5
1788699158.287328,25,3.0891279999423205,2.1185309999509627,3.047912999932123,1.946536,4.998097,867704,1,1,0.0,0.0,0.0,-0.017719746,0.6419668,-1.391218,0.034130216,0.6402711,-1.3963997,-0.040644974,0.64138013,-1.4231122,0.032954514,0.63910925,-1.4189103,-0.322819,-0.20576608,-0.13636997,-0.18878037,0.05813286,-0.05038181,0.022242136,0.038755238,-0.0038755238,-0.012132075,-0.096888095,-0.05038181,-0.0040440247,0.038755238,0.038755238,0.02426415,-0.015502095,0.023253143,0.0,0.0038755238,0.86583984,1.5090352,4.646674,-1.7811563,1.4842969,5.0259943,2.1522305,1.5585117,6.4010305,-1.6327267,1.58325,6.2587852,0.024738282,-0.024738282,0.0,-0.049476564,0.9998345,0.0033339076,0.0053242375,0.017075,0.010652643,-0.0042610574,-0.006391586,0.01316811,-0.17357962,9.506178,0.006848968,0.010533054,0.03418841,30.00434684753418,2.2559962272644043,0.29388082,-0.49323577,-0.6450766,0.027700234,-0.13208857,-0.36860222,-0.46478313,-0.40600002,-0.036713086,0.1426536,0.22242945,-1.4008749,0.07552253,0.006958939,0.36081722,-1.9557514,-0.033022143,0.57784945,-1.4161958,0.073470205,0.54669106,-1.4612691,0.018880632,0.67173976,-1.2097956,-0.0091782715,0.70566344,-1.2443926,0.0,0.0,0.0,0.0,0.0,0.0,0.0,0.0,0.0,0.0,0.0,0.0,0.0,0.0,0.0,0.0,-4.0600004,0.27700233,-19.557514,-14.008749,50.0,50.0,50.0,50.0,50.0,50.0,50.0,50.0,50.0,50.0,50.0,50.0,0.0,0.0,0.0,0.0,1.0,1.0,1.0,1.0,1.0,1.0,1.0,1.0,1.0,1.0,1.0,1.0,0.5,0.5,0.5,0.5
1788699158.3073523,26,3.1695100000206367,2.165441999977702,3.129671000010603,1.996487,5.130414,867724,1,1,0.0,0.0,0.0,-0.017750025,0.6419668,-1.3912338,0.034099936,0.6402711,-1.3963997,-0.040584415,0.6414104,-1.4231279,0.032893956,0.63913953,-1.4189103,-0.32278872,-0.20576608,-0.13636997,-0.18878037,-0.023253143,-0.03100419,0.014154087,-0.04263076,-0.0038755238,-0.0080880495,0.015502095,0.077510476,-0.016176099,-0.038755238,0.046506286,0.014154087,0.027128667,0.038755238,-0.027128667,0.0,0.86583984,1.5090352,4.646674,-1.8306329,1.4842969,5.0734096,2.1522305,1.58325,6.4010305,-1.6327267,1.5090352,6.2113705,0.0,-0.024738282,0.024738282,0.0,0.9998355,0.003314873,0.0053404626,0.017012225,-0.003195793,-0.0021305287,-0.010652643,-0.04070143,-0.19153613,9.48463,0.0068107946,0.010566577,0.034062743,30.00434684753418,2.290177822113037,0.2905436,-0.4879547,-0.65037894,0.023870531,-0.13763766,-0.3576146,-0.46364406,-0.3980625,-0.03040867,0.12188461,0.23001224,-1.4077259,0.07839971,0.028643584,0.33150545,-1.9473945,-0.034409415,0.5805964,-1.415911,0.0726359,0.54801136,-1.4625947,0.019599928,0.6771609,-1.2171236,-0.0076021673,0.70047116,-1.2424968,0.0,0.0,0.0,0.0,0.0,0.0,0.0,0.0,0.0,0.0,0.0,0.0,0.0,0.0,0.0,0.0,-3.980625,0.2387053,-19.473946,-14.077259,50.0,50.0,50.0,50.0,50.0,50.0,50.0,50.0,50.0,50.0,50.0,50.0,0.0,0.0,0.0,0.0,1.0,1.0,1.0,1.0,1.0,1.0,1.0,1.0,1.0,1.0,1.0,1.0,0.5,0.5,0.5,0.5
1788699158.3272986,27,3.0991429999858155,2.1397790000037276,3.052456999967035,1.986343,5.042352,867744,1,1,0.0,0.0,0.0,-0.017719746,0.64190626,-1.3912338,0.03416049,0.6403317,-1.3963839,-0.040644974,0.6412893,-1.4231122,0.032893956,0.6391698,-1.418926,-0.322819,-0.20576608,-0.13636997,-0.18878037,-0.03100419,-0.07363495,0.032352198,0.03100419,-0.011626571,0.032352198,-0.027128667,-0.0038755238,0.030330187,-0.0038755238,0.038755238,-0.010110063,0.0,0.05038181,0.03100419,-0.0038755238,0.86583984,1.58325,4.646674,-1.7811563,1.4595586,5.0734096,2.1522305,1.5585117,6.3062005,-1.6822032,1.5090352,6.2113705,0.0,-0.024738282,0.0,0.0,0.99983805,0.0033622584,0.005314925,0.016864583,0.0021305287,-0.0021305287,-0.021305285,-0.11971009,-0.10055647,9.466674,0.0069031315,0.010514917,0.033767726,30.00434684753418,2.290177822113037,0.2862244,-0.5011209,-0.6623731,0.029003937,-0.14089447,-0.34584287,-0.449702,-0.40303028,-0.02654453,0.10818428,0.23115112,-1.4082586,0.0843681,0.034196064,0.3350244,-1.9475052,-0.03522362,0.5835393,-1.4124254,0.0715561,0.5447198,-1.4655932,0.021092026,0.67854905,-1.2162439,-0.0066361325,0.6970461,-1.2422122,0.0,0.0,0.0,0.0,0.0,0.0,0.0,0.0,0.0,0.0,0.0,0.0,0.0,0.0,0.0,0.0,-4.030303,0.29003936,-19.475052,-14.082585,50.0,50.0,50.0,50.0,50.0,50.0,50.0,50.0,50.0,50.0,50.0,50.0,0.0,0.0,0.0,0.0,1.0,1.0,1.0,1.0,1.0,1.0,1.0,1.0,1.0,1.0,1.0,1.0,0.5,0.5,0.5,0.5
1788699158.3473315,28,3.046984999969027,2.1561949999977514,3.003690000014103,0.07331,3.080584,867765,1,1,0.0,0.0,0.0,-0.017689466,0.6419668,-1.3912338,0.03416049,0.6403014,-1.3963997,-0.040644974,0.6412893,-1.4231279,0.032893956,0.63913953,-1.4189103,-0.322819,-0.20576608,-0.13643053,-0.18878037,0.034879714,0.054257333,0.04044025,0.03100419,0.0,-0.022242136,-0.0077510476,0.0,0.0485283,0.0,0.0,0.026286162,-0.0038755238,0.054257333,-0.05813286,-0.015502095,0.86583984,1.5090352,4.646674,-1.8058946,1.4595586,5.0259943,2.1274922,1.5585117,6.4010305,-1.6822032,1.58325,6.2587852,0.0,0.0,0.0,0.0,0.9998377,0.0033562365,0.005311138,0.016886702,-0.009587379,-0.0042610574,0.011717907,-0.027533319,-0.108936176,9.489418,0.006891194,0.010507395,0.033811886,30.00434684753418,2.324359655380249,0.29625344,-0.4911187,-0.63855946,0.01913273,-0.13175887,-0.38700894,-0.48218527,-0.39545026,-0.042239316,0.15446238,0.21240899,-1.4038327,0.067611285,0.0015949458,0.35535574,-1.9416616,-0.032939717,0.5732478,-1.4205463,0.07406336,0.54722035,-1.4596398,0.016902821,0.6703988,-1.211161,-0.010559829,0.7086156,-1.2468977,0.0,0.0,0.0,0.0,0.0,0.0,0.0,0.0,0.0,0.0,0.0,0.0,0.0,0.0,0.0,0.0,-3.9545026,0.1913273,-19.416616,-14.038326,50.0,50.0,50.0,50.0,50.0,50.0,50.0,50.0,50.0,50.0,50.0,50.0,0.0,0.0,0.0,0.0,1.0,1.0,1.0,1.0,1.0,1.0,1.0,1.0,1.0,1.0,1.0,1.0,0.5,0.5,0.5,0.5
1788699158.367297,29,2.9848100000435807,2.1241640000653206,2.9429239999672063,0.069982,3.016841,867786,1,1,0.0,0.0,0.0,-0.017719746,0.6419668,-1.3912022,0.034130216,0.6402711,-1.3963997,-0.040644974,0.64134985,-1.4231122,0.032893956,0.63910925,-1.4189419,-0.32284927,-0.2057358,-0.13636997,-0.18875009,0.027128667,0.0,0.050550308,0.038755238,-0.0038755238,-0.016176099,-0.08526152,-0.03100419,0.020220125,-0.04263076,-0.0038755238,-0.03437421,-0.038755238,0.08526152,0.0,0.05038181,0.8411016,1.4842969,4.646674,-1.8058946,1.4842969,5.0259943,2.1522305,1.58325,6.4484453,-1.6822032,1.5585117,6.2113705,0.024738282,-0.024738282,0.0,0.0,0.9998353,0.0033420909,0.005300626,0.017029716,-0.010652643,-0.008522115,0.011717907,0.011971008,-0.1352724,9.461885,0.0068640485,0.010485869,0.034097735,30.00434684753418,2.290177822113037,0.29923424,-0.48730373,-0.6225939,0.020773325,-0.1249579,-0.38253778,-0.4934079,-0.40149528,-0.048777863,0.17113508,0.21683398,-1.392525,0.06331541,-0.012489796,0.35157686,-1.9365339,-0.031239474,0.57436556,-1.4233519,0.07480856,0.5481741,-1.4556484,0.015828852,0.66687757,-1.2121058,-0.012194466,0.7127838,-1.2457914,0.0,0.0,0.0,0.0,0.0,0.0,0.0,0.0,0.0,0.0,0.0,0.0,0.0,0.0,0.0,0.0,-4.0149527,0.20773324,-19.36534,-13.925249,50.0,50.0,50.0,50.0,50.0,50.0,50.0,50.0,50.0,50.0,50.0,50.0,0.0,0.0,0.0,0.0,1.0,1.0,1.0,1.0,1.0,1.0,1.0,1.0,1.0,1.0,1.0,1.0,0.5,0.5,0.5,0.5
1788699158.3873725,30,3.1174139999166073,2.065317000074174,3.0775439998933507,1.972584,5.053616,867804,1,1,0.0,0.0,0.0,-0.017750025,0.6419668,-1.3912022,0.034099936,0.6402711,-1.3963839,-0.040614694,0.64138013,-1.4231279,0.032924235,0.63910925,-1.4189419,-0.32284927,-0.2057358,-0.13636997,-0.18878037,0.023253143,-0.03100419,0.06268239,-0.019377619,0.015502095,0.010110063,-0.04263076,-0.034879714,-0.010110063,-0.023253143,0.015502095,-0.036396224,-0.05813286,0.09301257,0.027128667,0.015502095,0.8411016,1.5090352,4.694089,-1.8058946,1.4842969,5.0259943,2.1522305,1.5585117,6.3062005,-1.6327267,1.5090352,6.2113705,0.024738282,-0.024738282,0.049476564,-0.049476564,0.9998345,0.0033212777,0.0053223986,0.01707998,-0.0021305287,0.011717907,0.0010652643,-0.050278235,-0.1592144,9.515755,0.0068237,0.010529775,0.034198217,30.00434684753418,2.2559962272644043,0.29537705,-0.49354962,-0.6292701,0.013075236,-0.12921833,-0.37992284,-0.47506818,-0.39818075,-0.040745914,0.1580005,0.21731642,-1.4026209,0.06706077,0.0050094724,0.34153473,-1.9421139,-0.03230458,0.5750193,-1.418767,0.07384426,0.5466126,-1.4573175,0.016765192,0.67125237,-1.2146163,-0.0101864785,0.70950013,-1.2456708,0.0,0.0,0.0,0.0,0.0,0.0,0.0,0.0,0.0,0.0,0.0,0.0,0.0,0.0,0.0,0.0,-3.9818075,0.13075235,-19.421139,-14.026209,50.0,50.0,50.0,50.0,50.0,50.0,50.0,50.0,50.0,50.0,50.0,50.0,0.0,0.0,0.0,0.0,1.0,1.0,1.0,1.0,1.0,1.0,1.0,1.0,1.0,1.0,1.0,1.0,0.5,0.5,0.5,0.5
1788699158.4073486,31,3.0649359999870285,2.112131999979283,3.0235300000640564,0.068382,3.09588,867826,1,1,0.0,0.0,0.0,-0.017719746,0.64193654,-1.391218,0.034130216,0.6403014,-1.3964155,-0.040675253,0.6413196,-1.4231279,0.032893956,0.63913953,-1.4189419,-0.322819,-0.20576608,-0.13636997,-0.18875009,-0.023253143,-0.038755238,0.050550308,-0.0077510476,0.0038755238,-0.0485283,-0.09301257,-0.038755238,-0.014154087,-0.0038755238,0.019377619,-0.042462263,0.0,0.034879714,0.015502095,0.054257333,0.86583984,1.4842969,4.694089,-1.8058946,1.4842969,5.0259943,2.1522305,1.5585117,6.3062005,-1.6327267,1.5090352,6.2113705,0.0,0.0,0.0,0.0,0.99983656,0.0033293304,0.0053493967,0.016946098,0.0010652643,0.0021305287,-0.027696872,-0.089782566,-0.17238252,9.448717,0.0068393117,0.010584404,0.03393069,30.00434684753418,2.290177822113037,0.2867844,-0.5005591,-0.6606103,0.035271395,-0.13912454,-0.3480948,-0.45336044,-0.39624652,-0.02727073,0.104925215,0.24036321,-1.4046488,0.08343685,0.042743776,0.328314,-1.9332657,-0.034781136,0.58297634,-1.4133401,0.0716961,0.54486024,-1.4651525,0.020859212,0.68068594,-1.2179215,-0.0068176826,0.6962313,-1.2399092,0.0,0.0,0.0,0.0,0.0,0.0,0.0,0.0,0.0,0.0,0.0,0.0,0.0,0.0,0.0,0.0,-3.9624653,0.35271394,-19.332657,-14.046488,50.0,50.0,50.0,50.0,50.0,50.0,50.0,50.0,50.0,50.0,50.0,50.0,0.0,0.0,0.0,0.0,1.0,1.0,1.0,1.0,1.0,1.0,1.0,1.0,1.0,1.0,1.0,1.0,0.5,0.5,0.5,0.5
1788699158.4275866,32,3.3641919999354286,2.626868000106697,3.302081000015278,2.002151,5.309032,867844,1,1,0.0,0.0,0.0,-0.017689466,0.64190626,-1.3912338,0.03416049,0.6403317,-1.3963839,-0.040675253,0.64122874,-1.4231122,0.032863677,0.63913953,-1.418926,-0.32284927,-0.2057358,-0.13640025,-0.18875009,0.0,-0.038755238,0.02426415,0.0038755238,0.05038181,0.0020220124,-0.046506286,-0.11239019,0.032352198,-0.05813286,-0.015502095,-0.010110063,-0.038755238,0.08913705,0.015502095,0.03100419,0.89057815,1.5585117,4.788919,-1.8306329,1.5585117,5.0259943,2.1522305,1.5090352,6.3062005,-1.6327267,1.58325,6.2587852,0.024738282,-0.024738282,0.0,-0.049476564,0.99983805,0.0033395074,0.0053362357,0.01686352,-0.006391586,-0.0010652643,-0.0021305287,-0.08140286,-0.110133275,9.519346,0.0068583437,0.010558308,0.033765517,30.00434684753418,2.358541488647461,0.2966988,-0.49673292,-0.6506251,0.034683798,-0.13325651,-0.36465308,-0.48663172,-0.39635605,-0.044357195,0.14983664,0.22777453,-1.4021171,0.07088968,0.011823043,0.34878856,-1.9432952,-0.033314127,0.57883674,-1.4216579,0.0741747,0.5458168,-1.4626563,0.01772242,0.67295575,-1.2128028,-0.011089299,0.70745915,-1.2430563,0.0,0.0,0.0,0.0,0.0,0.0,0.0,0.0,0.0,0.0,0.0,0.0,0.0,0.0,0.0,0.0,-3.9635606,0.34683797,-19.432953,-14.021172,50.0,50.0,50.0,50.0,50.0,50.0,50.0,50.0,50.0,50.0,50.0,50.0,0.0,0.0,0.0,0.0,1.0,1.0,1.0,1.0,1.0,1.0,1.0,1.0,1.0,1.0,1.0,1.0,0.5,0.5,0.5,0.5
1788699158.4484599,33,3.7786760000244612,2.5477030000047307,3.7222299999939423,2.38806,6.114834,867864,1,1,0.0,0.0,0.0,-0.017659187,0.64193654,-1.3912338,0.03416049,0.6403317,-1.3964155,-0.040614694,0.6412893,-1.4231279,0.032893956,0.63913953,-1.418926,-0.32278872,-0.20576608,-0.13643053,-0.18875009,0.09301257,0.019377619,0.014154087,0.038755238,0.077510476,-0.042462263,0.0,-0.054257333,-0.014154087,-0.03100419,0.034879714,-0.016176099,0.046506286,0.015502095,-0.054257333,0.038755238,0.86583984,1.5585117,4.694089,-1.8058946,1.4595586,5.0734096,2.1522305,1.5090352,6.4010305,-1.6327267,1.58325,6.3062005,0.024738282,0.0,0.0,0.0,0.9998365,0.0033455612,0.0053283763,0.016953163,-0.0042610574,0.0010652643,0.0074568503,0.022744916,-0.074220255,9.520543,0.0068711294,0.010541771,0.03394484,30.013200759887695,2.290177822113037,0.29821602,-0.49521688,-0.64445835,0.039008368,-0.13036391,-0.3832146,-0.48994514,-0.39882594,-0.04596713,0.17585993,0.2015093,-1.3932883,0.06496808,-0.0013526492,0.36609823,-1.9426855,-0.032590978,0.57419634,-1.4224862,0.074554004,0.5461958,-1.4611145,0.01624202,0.6696619,-1.2084754,-0.011491783,0.713965,-1.2496226,0.0,0.0,0.0,0.0,0.0,0.0,0.0,0.0,0.0,0.0,0.0,0.0,0.0,0.0,0.0,0.0,-3.9882593,0.39008367,-19.426855,-13.932882,50.0,50.0,50.0,50.0,50.0,50.0,50.0,50.0,50.0,50.0,50.0,50.0,0.0,0.0,0.0,0.0,1.0,1.0,1.0,1.0,1.0,1.0,1.0,1.0,1.0,1.0,1.0,1.0,0.5,0.5,0.5,0.5
1788699158.4673452,34,3.039369000020997,2.360604999921634,2.9850030000488914,0.081021,3.070728,867886,1,1,0.0,0.0,0.0,-0.017689466,0.6420274,-1.391218,0.034130216,0.6402711,-1.3964155,-0.040584415,0.6414104,-1.4231279,0.032924235,0.63910925,-1.418926,-0.322819,-0.20576608,-0.13636997,-0.18881065,0.06200838,-0.05813286,0.020220125,0.038755238,-0.019377619,-0.04044025,0.019377619,0.019377619,-0.0020220124,-0.03100419,0.03100419,-0.0080880495,-0.019377619,0.046506286,-0.0077510476,-0.06200838,0.86583984,1.4842969,4.646674,-1.8058946,1.4842969,5.1208243,2.1522305,1.5585117,6.3062005,-1.6822032,1.5090352,6.2587852,0.0,-0.024738282,0.0,0.0,0.999835,0.0033169969,0.005301656,0.017050674,0.0074568503,-0.003195793,0.0010652643,0.022744916,-0.19033903,9.452309,0.0068141213,0.0104886405,0.034139402,30.00434684753418,2.358541488647461,0.29383445,-0.48524866,-0.6496364,0.027253266,-0.132461,-0.37648433,-0.4714057,-0.400719,-0.034309443,0.16620237,0.20651338,-1.4097302,0.07089445,0.0072066523,0.3659367,-1.9590038,-0.03311525,0.5758789,-1.4178513,0.07345861,0.5486879,-1.462409,0.017723612,0.6718017,-1.2085158,-0.008577361,0.7115506,-1.2483716,0.0,0.0,0.0,0.0,0.0,0.0,0.0,0.0,0.0,0.0,0.0,0.0,0.0,0.0,0.0,0.0,-4.0071898,0.27253267,-19.590038,-14.0973015,50.0,50.0,50.0,50.0,50.0,50.0,50.0,50.0,50.0,50.0,50.0,50.0,0.0,0.0,0.0,0.0,1.0,1.0,1.0,1.0,1.0,1.0,1.0,1.0,1.0,1.0,1.0,1.0,0.5,0.5,0.5,0.5
1788699158.4894435,35,4.816565999931299,2.384059999940291,4.217958999902294,2.886926,7.109077,867903,1,1,0.0,0.0,0.0,-0.017689466,0.6419971,-1.391218,0.034130216,0.6402711,-1.3963839,-0.040644974,0.64134985,-1.4231122,0.032893956,0.63913953,-1.418926,-0.32284927,-0.20579636,-0.13636997,-0.18875009,0.054257333,0.0,0.028308174,0.023253143,-0.015502095,0.014154087,-0.096888095,-0.054257333,0.028308174,-0.05038181,0.05813286,0.0020220124,-0.05038181,0.0038755238,0.0038755238,0.038755238,0.89057815,1.5585117,4.646674,-1.8058946,1.4595586,5.0734096,2.1522305,1.5090352,6.3062005,-1.6327267,1.58325,6.2113705,0.024738282,-0.024738282,0.024738282,0.0,0.999836,0.00331225,0.0053248242,0.016986797,-0.0053263213,0.0021305287,-0.012783172,-0.089782566,-0.20590134,9.503783,0.0068047475,0.010535568,0.034011744,30.00434684753418,2.324359655380249,0.29317462,-0.50016475,-0.6436572,0.027373921,-0.1330492,-0.36756173,-0.46900666,-0.39947623,-0.034369394,0.13889258,0.22059824,-1.3956298,0.06997661,0.009623159,0.34518036,-1.9495534,-0.0332623,0.57810956,-1.4172516,0.073293656,0.54495883,-1.4609143,0.017494153,0.6724058,-1.2137048,-0.008592349,0.7047232,-1.2448504,0.0,0.0,0.0,0.0,0.0,0.0,0.0,0.0,0.0,0.0,0.0,0.0,0.0,0.0,0.0,0.0,-3.9947624,0.27373922,-19.495533,-13.956298,50.0,50.0,50.0,50.0,50.0,50.0,50.0,50.0,50.0,50.0,50.0,50.0,0.0,0.0,0.0,0.0,1.0,1.0,1.0,1.0,1.0,1.0,1.0,1.0,1.0,1.0,1.0,1.0,0.5,0.5,0.5,0.5
1788699158.5089076,36,4.260229999999865,2.358331999971597,3.6511280000013357,2.615925,6.271373,867924,1,1,0.0,0.0,0.0,-0.017689466,0.64193654,-1.3912338,0.034190767,0.6403014,-1.3963997,-0.040584415,0.6413196,-1.4231122,0.032863677,0.6391698,-1.4189103,-0.32287955,-0.20576608,-0.13640025,-0.18875009,0.019377619,-0.027128667,0.020220125,0.04263076,-0.015502095,-0.02426415,0.06200838,0.027128667,0.010110063,-0.054257333,0.05813286,0.018198112,-0.11239019,0.034879714,-0.019377619,0.046506286,0.86583984,1.5090352,4.646674,-1.8058946,1.4100821,5.0259943,2.1522305,1.5585117,6.2587852,-1.6327267,1.5090352,6.2113705,0.024738282,0.0,0.0,-0.049476564,0.99983823,0.0033378722,0.0053371913,0.01685041,0.003195793,0.0021305287,-0.011717907,-0.12330139,-0.12449849,9.489418,0.006854967,0.0105603635,0.03373928,30.013200759887695,2.290177822113037,0.28904575,-0.49332833,-0.65344316,0.03666922,-0.13608587,-0.36108702,-0.4620202,-0.40370822,-0.029115606,0.13267304,0.21779463,-1.3932022,0.0795391,0.024875619,0.3448025,-1.9486685,-0.034021467,0.57972825,-1.415505,0.07226144,0.54666793,-1.4633608,0.019884774,0.6762189,-1.2137994,-0.0072789015,0.7031683,-1.2455513,0.0,0.0,0.0,0.0,0.0,0.0,0.0,0.0,0.0,0.0,0.0,0.0,0.0,0.0,0.0,0.0,-4.037082,0.36669222,-19.486685,-13.932022,50.0,50.0,50.0,50.0,50.0,50.0,50.0,50.0,50.0,50.0,50.0,50.0,0.0,0.0,0.0,0.0,1.0,1.0,1.0,1.0,1.0,1.0,1.0,1.0,1.0,1.0,1.0,1.0,0.5,0.5,0.5,0.5
1788699158.5272841,37,2.9724910000368254,2.1244189999833907,2.9273089999151125,0.077213,3.008298,867946,1,1,0.0,0.0,0.0,-0.017659187,0.64193654,-1.3912338,0.034130216,0.6403014,-1.3963997,-0.040644974,0.641259,-1.4231279,0.032893956,0.6391698,-1.4188944,-0.32284927,-0.20576608,-0.13643053,-0.18875009,0.08526152,0.0,0.030330187,-0.023253143,0.0,-0.026286162,-0.0077510476,-0.06975943,-0.0040440247,-0.0038755238,0.034879714,0.038418237,-0.06200838,0.038755238,-0.05813286,0.05038181,0.89057815,1.5090352,4.646674,-1.7811563,1.4595586,5.0734096,2.1522305,1.58325,6.3062005,-1.6327267,1.58325,6.2113705,0.0,0.0,0.0,0.024738282,0.9998374,0.003386714,0.005326262,0.016891507,0.0074568503,-0.0042610574,0.0074568503,-0.023942016,-0.079008654,9.487024,0.006952706,0.010536574,0.03382192,30.013200759887695,2.290177822113037,0.2936466,-0.4816714,-0.64393604,0.029264752,-0.13177466,-0.37009344,-0.47870046,-0.40026638,-0.034474917,0.15944648,0.20729603,-1.38852,0.06918344,0.0043561906,0.36903235,-1.9552524,-0.032943666,0.5774767,-1.4196751,0.07341165,0.5495822,-1.460984,0.01729586,0.67108905,-1.2077419,-0.008618729,0.70986164,-1.248176,0.0,0.0,0.0,0.0,0.0,0.0,0.0,0.0,0.0,0.0,0.0,0.0,0.0,0.0,0.0,0.0,-4.0026636,0.2926475,-19.552525,-13.8852005,50.0,50.0,50.0,50.0,50.0,50.0,50.0,50.0,50.0,50.0,50.0,50.0,0.0,0.0,0.0,0.0,1.0,1.0,1.0,1.0,1.0,1.0,1.0,1.0,1.0,1.0,1.0,1.0,0.5,0.5,0.5,0.5
1788699158.547273,38,3.073416000006546,2.181218000032459,3.0276569999614367,2.009287,5.040944,867964,1,1,0.0,0.0,0.0,-0.017719746,0.6419668,-1.391218,0.034130216,0.6403014,-1.3964155,-0.040675253,0.64134985,-1.4231279,0.032893956,0.63913953,-1.4189103,-0.32278872,-0.20576608,-0.13636997,-0.18875009,0.0,0.019377619,0.032352198,0.046506286,0.038755238,-0.044484273,-0.08526152,-0.0038755238,0.0,-0.038755238,0.06200838,0.012132075,0.034879714,0.038755238,0.0038755238,0.046506286,0.8411016,1.5090352,4.599259,-1.8058946,1.4842969,5.0734096,2.1522305,1.58325,6.3062005,-1.6327267,1.4842969,6.2113705,0.024738282,-0.024738282,0.0,0.0,0.99983555,0.0033464252,0.005319909,0.017012669,0.0042610574,-0.0010652643,0.009587379,-0.023942016,-0.11731588,9.488221,0.006873196,0.0105244005,0.034063824,30.013200759887695,2.324359655380249,0.29430813,-0.4953734,-0.6260208,0.023504045,-0.12778874,-0.38765484,-0.48741364,-0.39572844,-0.043873012,0.16597454,0.20034122,-1.3851868,0.06418218,-0.0127997175,0.35478175,-1.9429867,-0.031947184,0.5730863,-1.4218533,0.07357703,0.54615664,-1.4565052,0.016045544,0.6668001,-1.2113045,-0.010968253,0.7114937,-1.2499146,0.0,0.0,0.0,0.0,0.0,0.0,0.0,0.0,0.0,0.0,0.0,0.0,0.0,0.0,0.0,0.0,-3.9572845,0.23504046,-19.429867,-13.851868,50.0,50.0,50.0,50.0,50.0,50.0,50.0,50.0,50.0,50.0,50.0,50.0,0.0,0.0,0.0,0.0,1.0,1.0,1.0,1.0,1.0,1.0,1.0,1.0,1.0,1.0,1.0,1.0,0.5,0.5,0.5,0.5
1788699158.5687125,39,3.914865000069767,2.2632950000343044,3.873105999900872,1.819212,5.696062,867984,1,1,0.0,0.0,0.0,-0.017719746,0.6419971,-1.3912338,0.034099936,0.6403014,-1.3963997,-0.040584415,0.64138013,-1.4231122,0.032924235,0.63910925,-1.4189103,-0.322819,-0.20579636,-0.13636997,-0.18878037,0.034879714,-0.011626571,-0.012132075,-0.019377619,0.04263076,-0.016176099,0.019377619,-0.038755238,-0.010110063,-0.0077510476,0.027128667,0.02426415,-0.019377619,-0.015502095,-0.011626571,-0.011626571,0.86583984,1.5585117,4.646674,-1.8058946,1.4595586,5.0734096,2.2017071,1.58325,6.3062005,-1.6079884,1.5090352,6.2587852,0.024738282,-0.024738282,0.024738282,0.0,0.9998347,0.0033314344,0.0053524063,0.01705031,-0.010652643,0.0,-0.0053263213,-0.01316811,-0.15682021,9.457097,0.0068447264,0.010589638,0.03413919,30.013200759887695,2.324359655380249,0.29122123,-0.4944592,-0.64572155,0.031330194,-0.13466796,-0.3628853,-0.47982416,-0.39979145,-0.035113983,0.14630376,0.21910349,-1.392647,0.073315516,0.016051479,0.35043526,-1.9424609,-0.03366699,0.5792787,-1.419956,0.07280531,0.5463852,-1.4614303,0.018328879,0.6740129,-1.2123911,-0.008778496,0.70657593,-1.2452241,0.0,0.0,0.0,0.0,0.0,0.0,0.0,0.0,0.0,0.0,0.0,0.0,0.0,0.0,0.0,0.0,-3.9979146,0.31330195,-19.424608,-13.92647,50.0,50.0,50.0,50.0,50.0,50.0,50.0,50.0,50.0,50.0,50.0,50.0,0.0,0.0,0.0,0.0,1.0,1.0,1.0,1.0,1.0,1.0,1.0,1.0,1.0,1.0,1.0,1.0,0.5,0.5,0.5,0.5
1788699158.5872617,40,2.997290000052999,2.202241000077265,2.9573240000217993,0.069598,3.030473,868006,1,1,0.0,0.0,0.0,-0.017719746,0.64193654,-1.3912654,0.03416049,0.6403014,-1.3963839,-0.040644974,0.64134985,-1.4231279,0.032893956,0.6391698,-1.418926,-0.322819,-0.20576608,-0.13636997,-0.18875009,-0.0077510476,-0.065883905,-0.04044025,0.046506286,0.0,0.014154087,-0.046506286,0.023253143,-0.0020220124,-0.038755238,0.096888095,-0.0080880495,-0.027128667,0.038755238,0.03100419,0.038755238,0.8411016,1.5585117,4.599259,-1.7811563,1.5585117,5.0734096,2.1522305,1.58325,6.4010305,-1.6079884,1.5090352,6.2587852,0.024738282,-0.024738282,0.024738282,-0.024738282,0.999837,0.0033324778,0.0053899805,0.016908756,0.0021305287,0.003195793,-0.015978964,-0.08738836,-0.17836803,9.482236,0.006846587,0.01066571,0.033856314,30.00434684753418,2.324359655380249,0.2858581,-0.4995047,-0.6441041,0.023155991,-0.1344086,-0.35562974,-0.45955956,-0.40048924,-0.029509984,0.12712137,0.21671686,-1.3963529,0.07455722,0.02178966,0.33631495,-1.9512862,-0.03360215,0.5810926,-1.4148898,0.07146452,0.5451238,-1.461026,0.018639306,0.6754474,-1.2159212,-0.007377496,0.7017804,-1.2458208,0.0,0.0,0.0,0.0,0.0,0.0,0.0,0.0,0.0,0.0,0.0,0.0,0.0,0.0,0.0,0.0,-4.0048923,0.2315599,-19.512861,-13.963529,50.0,50.0,50.0,50.0,50.0,50.0,50.0,50.0,50.0,50.0,50.0,50.0,0.0,0.0,0.0,0.0,1.0,1.0,1.0,1.0,1.0,1.0,1.0,1.0,1.0,1.0,1.0,1.0,0.5,0.5,0.5,0.5
1788699158.6075113,41,2.862414999981411,2.2816299999703915,2.8175200000077893,2.011686,4.832918,868024,1,1,0.0,0.0,0.0,-0.017659187,0.64193654,-1.3912338,0.034130216,0.64036196,-1.3963839,-0.040644974,0.6412893,-1.4231279,0.032863677,0.63913953,-1.418926,-0.322819,-0.20579636,-0.13640025,-0.18875009,0.077510476,-0.0038755238,0.032352198,-0.04263076,0.081386,0.0080880495,-0.015502095,-0.0038755238,-0.0020220124,-0.05813286,-0.019377619,-0.014154087,0.0077510476,0.038755238,-0.027128667,0.027128667,0.86583984,1.4842969,4.694089,-1.7811563,1.5585117,5.0734096,2.1522305,1.58325,6.3062005,-1.6079884,1.58325,6.2113705,0.0,0.0,0.0,0.0,0.99983793,0.0033418275,0.00539017,0.01684829,-0.0149137005,0.006391586,0.003195793,-0.02873042,-0.10175357,9.507375,0.0068646464,0.010666187,0.033735465,30.00434684753418,2.290177822113037,0.29407495,-0.49679932,-0.63586324,0.024836253,-0.13217801,-0.37357527,-0.4830388,-0.3903054,-0.041985184,0.15628897,0.20940413,-1.3917353,0.06818001,0.0042463765,0.33674285,-1.9372982,-0.033044502,0.5766062,-1.4207597,0.07351874,0.5458002,-1.4589658,0.017045002,0.67106164,-1.2158142,-0.010496296,0.70907223,-1.247649,0.0,0.0,0.0,0.0,0.0,0.0,0.0,0.0,0.0,0.0,0.0,0.0,0.0,0.0,0.0,0.0,-3.903054,0.24836254,-19.372982,-13.917353,50.0,50.0,50.0,50.0,50.0,50.0,50.0,50.0,50.0,50.0,50.0,50.0,0.0,0.0,0.0,0.0,1.0,1.0,1.0,1.0,1.0,1.0,1.0,1.0,1.0,1.0,1.0,1.0,0.5,0.5,0.5,0.5
1788699158.6276336,42,2.972139000007701,2.302077999956964,2.9209730000729905,2.382108,5.307721,868044,1,1,0.0,0.0,0.0,-0.017689466,0.64193654,-1.3912338,0.034130216,0.6403317,-1.396368,-0.040614694,0.6412893,-1.4231122,0.032893956,0.63913953,-1.418926,-0.32278872,-0.20579636,-0.13643053,-0.18875009,0.054257333,-0.038755238,0.016176099,0.0,0.05813286,0.03437421,0.0,-0.05813286,0.020220125,-0.0038755238,0.0038755238,-0.018198112,0.038755238,-0.019377619,-0.081386,0.03100419,0.86583984,1.5090352,4.646674,-1.7811563,1.4842969,5.0734096,2.1274922,1.58325,6.3062005,-1.6327267,1.58325,6.1165404,0.0,-0.024738282,0.049476564,-0.074214846,0.99983644,0.003321914,0.0053775283,0.016950231,-0.010652643,-0.0053263213,0.020240022,0.0,-0.08020575,9.449914,0.00682548,0.010640884,0.03393908,30.013200759887695,2.324359655380249,0.30154562,-0.49011782,-0.6280588,0.01918843,-0.12621039,-0.38468787,-0.50249135,-0.39845613,-0.05010277,0.18794023,0.20267507,-1.3917186,0.05722827,-0.0180557,0.36102054,-1.9463972,-0.031552598,0.57382804,-1.4256228,0.075386405,0.54747057,-1.4570147,0.014307068,0.6654861,-1.2097448,-0.012525693,0.71698505,-1.2493312,0.0,0.0,0.0,0.0,0.0,0.0,0.0,0.0,0.0,0.0,0.0,0.0,0.0,0.0,0.0,0.0,-3.9845612,0.19188431,-19.463972,-13.917187,50.0,50.0,50.0,50.0,50.0,50.0,50.0,50.0,50.0,50.0,50.0,50.0,0.0,0.0,0.0,0.0,1.0,1.0,1.0,1.0,1.0,1.0,1.0,1.0,1.0,1.0,1.0,1.0,0.5,0.5,0.5,0.5
1788699158.6475883,43,3.034121000041523,2.2933100000273043,2.9579949999742894,2.371965,5.356071,868064,1,1,0.0,0.0,0.0,-0.017719746,0.6419668,-1.391218,0.034130216,0.6403014,-1.3963997,-0.040614694,0.6414104,-1.4230963,0.032893956,0.63910925,-1.418926,-0.322819,-0.20576608,-0.13636997,-0.18875009,0.0,-0.034879714,0.0080880495,0.038755238,0.05813286,-0.026286162,-0.054257333,0.023253143,0.054594334,-0.08526152,0.046506286,-0.010110063,-0.019377619,0.038755238,-0.0077510476,0.046506286,0.8411016,1.5585117,4.646674,-1.8801094,1.4842969,5.0734096,2.1274922,1.58325,6.4010305,-1.6079884,1.5090352,6.2587852,0.024738282,-0.024738282,0.024738282,0.0,0.9998343,0.0032989273,0.0053456924,0.017082134,0.0010652643,-0.0021305287,0.019174758,-0.007182605,-0.15562311,9.423578,0.006779825,0.010577105,0.034202456,30.00434684753418,2.290177822113037,0.29574966,-0.48887217,-0.61977684,0.014691532,-0.12295276,-0.39020658,-0.49776646,-0.39823663,-0.05253093,0.18935269,0.19580576,-1.3908334,0.055395417,-0.03301496,0.36193112,-1.9496297,-0.03073819,0.5724484,-1.4244416,0.073937416,0.54778194,-1.4549441,0.013848854,0.66174626,-1.2095171,-0.013132732,0.7173382,-1.2510486,0.0,0.0,0.0,0.0,0.0,0.0,0.0,0.0,0.0,0.0,0.0,0.0,0.0,0.0,0.0,0.0,-3.9823663,0.14691532,-19.496296,-13.908334,50.0,50.0,50.0,50.0,50.0,50.0,50.0,50.0,50.0,50.0,50.0,50.0,0.0,0.0,0.0,0.0,1.0,1.0,1.0,1.0,1.0,1.0,1.0,1.0,1.0,1.0,1.0,1.0,0.5,0.5,0.5,0.5
1788699158.6694012,44,4.796182999939447,2.4937849999560058,4.210695999972813,2.503064,6.71824,868084,1,1,0.0,0.0,0.0,-0.017719746,0.6419971,-1.3912338,0.034099936,0.6402711,-1.3963997,-0.040584415,0.64134985,-1.4231122,0.032924235,0.63913953,-1.4189419,-0.322819,-0.20576608,-0.13636997,-0.18875009,0.011626571,0.0,-0.010110063,-0.04263076,-0.023253143,-0.0060660373,0.015502095,-0.06200838,0.026286162,0.0,0.07363495,-0.038418237,-0.0077510476,0.04263076,-0.03100419,0.06975943,0.86583984,1.5090352,4.694089,-1.8058946,1.4595586,5.0734096,2.1522305,1.6079884,6.3062005,-1.6327267,1.58325,6.2587852,-0.024738282,0.0,0.0,-0.049476564,0.9998348,0.0032948584,0.0053594955,0.017054563,0.0010652643,-0.003195793,-0.010652643,-0.05865794,-0.130484,9.487024,0.006771868,0.0106050335,0.034147363,30.00434684753418,2.324359655380249,0.28936505,-0.48780197,-0.65840054,0.027260374,-0.13485718,-0.3570386,-0.47056085,-0.39528498,-0.033050645,0.13958147,0.22340031,-1.3998084,0.07244058,0.02229571,0.35755402,-1.9379073,-0.033714294,0.5807404,-1.4176402,0.07234126,0.5480495,-1.4646001,0.018110145,0.67557395,-1.2106115,-0.008262661,0.7048954,-1.2441499,0.0,0.0,0.0,0.0,0.0,0.0,0.0,0.0,0.0,0.0,0.0,0.0,0.0,0.0,0.0,0.0,-3.9528499,0.27260375,-19.379074,-13.998084,50.0,50.0,50.0,50.0,50.0,50.0,50.0,50.0,50.0,50.0,50.0,50.0,0.0,0.0,0.0,0.0,1.0,1.0,1.0,1.0,1.0,1.0,1.0,1.0,1.0,1.0,1.0,1.0,0.5,0.5,0.5,0.5
1788699158.6887007,45,4.036716999962664,2.308189999894239,3.4179820000872496,2.966315,6.388649,868104,1,1,0.0,0.0,0.0,-0.017689466,0.64190626,-1.3912495,0.03416049,0.6402711,-1.3964155,-0.040675253,0.6412893,-1.4230963,0.032893956,0.63913953,-1.418926,-0.322819,-0.20576608,-0.13643053,-0.18878037,0.0,-0.096888095,-0.0020220124,0.038755238,-0.065883905,-0.044484273,-0.05813286,-0.038755238,0.0485283,-0.0077510476,0.015502095,-0.016176099,0.0,0.05038181,-0.06975943,-0.011626571,0.86583984,1.5090352,4.646674,-1.8306329,1.4842969,5.0734096,2.1027539,1.58325,6.3062005,-1.6822032,1.4842969,6.2587852,0.024738282,-0.024738282,0.0,0.0,0.999837,0.003321424,0.0053671123,0.016919134,0.0021305287,0.003195793,-0.023435814,-0.108936176,-0.11731588,9.4774475,0.006823816,0.010620283,0.0338768,30.00434684753418,2.290177822113037,0.28546062,-0.49226356,-0.66006076,0.02666403,-0.13818932,-0.34484065,-0.44989955,-0.40467018,-0.023479506,0.111235775,0.23110025,-1.4127494,0.08232683,0.03657551,0.344087,-1.9560716,-0.03454733,0.5837898,-1.4124749,0.071365155,0.5469341,-1.4650152,0.020581707,0.6791439,-1.2139782,-0.0058698766,0.697809,-1.2422249,0.0,0.0,0.0,0.0,0.0,0.0,0.0,0.0,0.0,0.0,0.0,0.0,0.0,0.0,0.0,0.0,-4.046702,0.2666403,-19.560717,-14.127494,50.0,50.0,50.0,50.0,50.0,50.0,50.0,50.0,50.0,50.0,50.0,50.0,0.0,0.0,0.0,0.0,1.0,1.0,1.0,1.0,1.0,1.0,1.0,1.0,1.0,1.0,1.0,1.0,0.5,0.5,0.5,0.5
1788699158.7076173,46,2.94391500005986,2.2961580000355752,2.9007809999939127,2.092069,4.997042,868124,1,1,0.0,0.0,0.0,-0.017659187,0.64193654,-1.3912495,0.03416049,0.6403014,-1.3963839,-0.040675253,0.641259,-1.4231279,0.032893956,0.6391698,-1.4189103,-0.32284927,-0.20576608,-0.13636997,-0.18875009,0.10076362,0.0077510476,-0.0040440247,0.05038181,-0.015502095,0.0040440247,-0.05038181,-0.038755238,-0.010110063,0.019377619,0.054257333,0.022242136,-0.065883905,0.038755238,0.019377619,0.034879714,0.8411016,1.5585117,4.646674,-1.8058946,1.4842969,5.0734096,2.1522305,1.58325,6.4010305,-1.6327267,1.5585117,6.2587852,0.0,0.0,0.049476564,0.0,0.9998371,0.0033120743,0.0053730854,0.016909545,-0.0010652643,0.0,0.003195793,-0.06703765,-0.088585466,9.465476,0.0068052197,0.010632609,0.033857554,30.013200759887695,2.324359655380249,0.2960091,-0.4906762,-0.6423164,0.026981201,-0.12974325,-0.37310255,-0.47101378,-0.40519094,-0.041215926,0.1586137,0.20633122,-1.3890631,0.07021777,0.0044862404,0.36604044,-1.9484986,-0.032435812,0.5767244,-1.4177535,0.07400227,0.547331,-1.460579,0.017554443,0.6711216,-1.2084899,-0.010303982,0.70965344,-1.2484171,0.0,0.0,0.0,0.0,0.0,0.0,0.0,0.0,0.0,0.0,0.0,0.0,0.0,0.0,0.0,0.0,-4.0519094,0.26981202,-19.484985,-13.890631,50.0,50.0,50.0,50.0,50.0,50.0,50.0,50.0,50.0,50.0,50.0,50.0,0.0,0.0,0.0,0.0,1.0,1.0,1.0,1.0,1.0,1.0,1.0,1.0,1.0,1.0,1.0,1.0,0.5,0.5,0.5,0.5
1788699158.7273622,47,3.0520410000463016,2.22092799992879,3.0032419999770354,0.077246,3.085416,868146,1,1,0.0,0.0,0.0,-0.017750025,0.6419668,-1.391218,0.034130216,0.6403014,-1.3964155,-0.040614694,0.64134985,-1.4231279,0.032924235,0.63910925,-1.4189103,-0.322819,-0.20576608,-0.13640025,-0.18878037,0.05813286,0.0,0.022242136,0.038755238,0.038755238,-0.0485283,-0.023253143,0.011626571,0.0,0.015502095,0.0,0.026286162,-0.0038755238,0.03100419,-0.038755238,-0.0077510476,0.86583984,1.5090352,4.646674,-1.8058946,1.4100821,5.0259943,2.1274922,1.5585117,6.4010305,-1.6327267,1.58325,6.2113705,0.024738282,-0.024738282,0.0,0.0,0.9998348,0.0032757951,0.0053621964,0.017054845,-0.012783172,0.0021305287,0.018109493,-0.020350715,-0.10414778,9.490616,0.006733841,0.010611083,0.03414774,30.013200759887695,2.324359655380249,0.30102405,-0.49332944,-0.6224591,0.015885532,-0.12681863,-0.3895637,-0.4902488,-0.40281963,-0.0487967,0.1776456,0.2019585,-1.3892896,0.06438524,-0.015207492,0.36024362,-1.9464339,-0.031704657,0.57260907,-1.4225621,0.07525601,0.54666764,-1.4556147,0.01609631,0.66619813,-1.209939,-0.012199175,0.71441144,-1.2495103,0.0,0.0,0.0,0.0,0.0,0.0,0.0,0.0,0.0,0.0,0.0,0.0,0.0,0.0,0.0,0.0,-4.0281963,0.15885532,-19.464338,-13.892897,50.0,50.0,50.0,50.0,50.0,50.0,50.0,50.0,50.0,50.0,50.0,50.0,0.0,0.0,0.0,0.0,1.0,1.0,1.0,1.0,1.0,1.0,1.0,1.0,1.0,1.0,1.0,1.0,0.5,0.5,0.5,0.5
1788699158.747366,48,3.140870000038376,2.173345999949561,3.093159999934869,0.078142,3.175462,868166,1,1,0.0,0.0,0.0,-0.017750025,0.6419668,-1.391218,0.034130216,0.6402711,-1.3963997,-0.040614694,0.6414104,-1.4231122,0.032924235,0.63913953,-1.4189103,-0.322819,-0.20576608,-0.13636997,-0.18878037,-0.0038755238,-0.05813286,-0.0020220124,0.03100419,0.0038755238,-0.016176099,-0.027128667,0.034879714,0.020220125,0.011626571,0.05813286,0.012132075,-0.011626571,0.05038181,-0.027128667,0.06975943,0.86583984,1.5585117,4.836334,-1.8058946,1.4842969,5.0259943,2.1522305,1.5585117,6.4010305,-1.6822032,1.5090352,6.2113705,-0.024738282,-0.024738282,0.0,-0.049476564,0.99983406,0.0032518476,0.0053774,0.017097024,0.0,-0.0021305287,-0.013848436,-0.035913024,-0.16998832,9.451111,0.00668692,0.010642023,0.034231972,30.00434684753418,2.324359655380249,0.28958535,-0.5021776,-0.6437836,0.020597603,-0.1356269,-0.36539468,-0.45862955,-0.3991805,-0.029199652,0.12685035,0.21908608,-1.4014877,0.07885059,0.016593985,0.34438053,-1.9487531,-0.033906724,0.57865137,-1.4146574,0.07239634,0.54445565,-1.4609458,0.019712647,0.6741485,-1.2139049,-0.007299913,0.7017126,-1.2452284,0.0,0.0,0.0,0.0,0.0,0.0,0.0,0.0,0.0,0.0,0.0,0.0,0.0,0.0,0.0,0.0,-3.991805,0.20597604,-19.487532,-14.014877,50.0,50.0,50.0,50.0,50.0,50.0,50.0,50.0,50.0,50.0,50.0,50.0,0.0,0.0,0.0,0.0,1.0,1.0,1.0,1.0,1.0,1.0,1.0,1.0,1.0,1.0,1.0,1.0,0.5,0.5,0.5,0.5
1788699158.7673416,49,3.1694450000259167,2.184673999977349,3.1240710000020044,1.998407,5.12651,868184,1,1,0.0,0.0,0.0,-0.017719746,0.6419668,-1.3912338,0.034130216,0.6402711,-1.3964155,-0.040644974,0.6413196,-1.4231122,0.032893956,0.63913953,-1.418926,-0.32284927,-0.20579636,-0.13643053,-0.18875009,-0.011626571,-0.04263076,0.03437421,-0.0077510476,-0.023253143,-0.012132075,-0.019377619,-0.015502095,0.020220125,-0.038755238,0.05813286,-0.014154087,-0.07363495,-0.0077510476,-0.077510476,0.038755238,0.8411016,1.5090352,4.599259,-1.7811563,1.4842969,5.0259943,2.1522305,1.58325,6.3062005,-1.6822032,1.5585117,6.2113705,0.049476564,-0.024738282,0.0,0.0,0.99983597,0.0032333704,0.005380757,0.016990028,0.010652643,-0.006391586,-0.015978964,-0.10175357,-0.20350714,9.451111,0.0066489447,0.01065008,0.034017768,30.013200759887695,2.290177822113037,0.28859186,-0.48605287,-0.65765303,0.03297991,-0.13718975,-0.34772512,-0.45977724,-0.39659303,-0.02673889,0.12104262,0.23075132,-1.3977586,0.07866407,0.03180376,0.3485672,-1.9451048,-0.034297436,0.5830687,-1.4149443,0.072147965,0.5484868,-1.4644132,0.019666018,0.677951,-1.2128582,-0.0066847224,0.7002607,-1.2423121,0.0,0.0,0.0,0.0,0.0,0.0,0.0,0.0,0.0,0.0,0.0,0.0,0.0,0.0,0.0,0.0,-3.9659305,0.3297991,-19.451048,-13.977586,50.0,50.0,50.0,50.0,50.0,50.0,50.0,50.0,50.0,50.0,50.0,50.0,0.0,0.0,0.0,0.0,1.0,1.0,1.0,1.0,1.0,1.0,1.0,1.0,1.0,1.0,1.0,1.0,0.5,0.5,0.5,0.5
1788699158.7873,50,3.016202000026169,2.0985319999908825,2.9697390000364976,0.077854,3.051369,868206,1,1,0.0,0.0,0.0,-0.017689466,0.64193654,-1.3912495,0.034130216,0.6403014,-1.3963997,-0.040675253,0.641259,-1.4231122,0.032893956,0.63913953,-1.4189103,-0.32284927,-0.20576608,-0.13640025,-0.18871981,0.0038755238,0.0038755238,0.0080880495,-0.05038181,-0.023253143,-0.028308174,-0.04263076,-0.023253143,0.022242136,0.015502095,0.0,0.0020220124,-0.05813286,0.034879714,0.023253143,0.081386,0.86583984,1.5090352,4.646674,-1.8306329,1.4100821,5.0734096,2.1522305,1.5090352,6.3062005,-1.6327267,1.5585117,6.2587852,0.049476564,0.0,0.0,0.0,0.9998376,0.0032411364,0.00537974,0.016897246,-0.0021305287,0.009587379,0.0042610574,-0.04070143,-0.08259996,9.442732,0.0066634524,0.010648401,0.03383225,30.00434684753418,2.290177822113037,0.29462314,-0.48438066,-0.6387657,0.024591226,-0.13354369,-0.36594898,-0.47615832,-0.3964697,-0.038476877,0.14269274,0.220693,-1.3979583,0.071175255,0.015871529,0.34546316,-1.9379487,-0.03338592,0.5785128,-1.4190395,0.073655784,0.54890484,-1.4596914,0.017793814,0.6739679,-1.2136341,-0.009619219,0.7056732,-1.2448267,0.0,0.0,0.0,0.0,0.0,0.0,0.0,0.0,0.0,0.0,0.0,0.0,0.0,0.0,0.0,0.0,-3.9646971,0.24591225,-19.379486,-13.979583,50.0,50.0,50.0,50.0,50.0,50.0,50.0,50.0,50.0,50.0,50.0,50.0,0.0,0.0,0.0,0.0,1.0,1.0,1.0,1.0,1.0,1.0,1.0,1.0,1.0,1.0,1.0,1.0,0.5,0.5,0.5,0.5
1788699158.8074062,51,3.1159430000116117,2.3679960000890787,3.066633000003094,0.084765,3.155142,868226,1,1,0.0,0.0,0.0,-0.017719746,0.64193654,-1.3912338,0.034130216,0.6403014,-1.3963997,-0.040675253,0.6413196,-1.4231279,0.032893956,0.63913953,-1.4189103,-0.32284927,-0.20579636,-0.13640025,-0.18878037,0.0077510476,-0.0038755238,-0.0020220124,0.0,0.06975943,-0.020220125,-0.065883905,0.019377619,0.0,-0.0038755238,0.019377619,0.020220125,-0.05813286,-0.015502095,-0.027128667,-0.015502095,0.8411016,1.5090352,4.646674,-1.8058946,1.4100821,5.1208243,2.1522305,1.5585117,6.4010305,-1.6327267,1.5090352,6.2587852,0.024738282,-0.049476564,0.049476564,-0.049476564,0.9998365,0.0032490096,0.005378725,0.01695857,-0.0021305287,-0.0074568503,0.011717907,-0.046686932,-0.108936176,9.437943,0.0066798152,0.010645695,0.03395499,30.00434684753418,2.290177822113037,0.2964574,-0.49574736,-0.6297747,0.009992961,-0.13120846,-0.3772369,-0.4939581,-0.39970648,-0.047165878,0.15831797,0.21358356,-1.3989574,0.0663187,-0.008784469,0.35149726,-1.9418186,-0.032802116,0.5756908,-1.4234895,0.07411435,0.5460632,-1.4574436,0.016579675,0.6678039,-1.2121257,-0.0117914695,0.7095795,-1.2466041,0.0,0.0,0.0,0.0,0.0,0.0,0.0,0.0,0.0,0.0,0.0,0.0,0.0,0.0,0.0,0.0,-3.9970648,0.09992961,-19.418186,-13.9895735,50.0,50.0,50.0,50.0,50.0,50.0,50.0,50.0,50.0,50.0,50.0,50.0,0.0,0.0,0.0,0.0,1.0,1.0,1.0,1.0,1.0,1.0,1.0,1.0,1.0,1.0,1.0,1.0,0.5,0.5,0.5,0.5
1788699158.8275867,52,2.9817709998951614,2.372924000042076,2.9395319999139247,2.286111,5.229675,868244,1,1,0.0,0.0,0.0,-0.017719746,0.6419971,-1.391218,0.034130216,0.6402711,-1.3963997,-0.040584415,0.6413196,-1.4231279,0.032924235,0.63913953,-1.4189419,-0.32284927,-0.20579636,-0.13640025,-0.18875009,0.046506286,0.027128667,0.016176099,0.054257333,0.0077510476,-0.010110063,-0.027128667,-0.09301257,-0.0020220124,-0.027128667,0.08526152,-0.020220125,-0.06200838,-0.038755238,-0.04263076,0.038755238,0.86583984,1.5585117,4.646674,-1.8058946,1.5585117,5.0734096,2.1522305,1.5585117,6.3062005,-1.6327267,1.5090352,6.2587852,0.0,-0.024738282,0.024738282,0.0,0.99983513,0.0032197738,0.0053500123,0.017050747,0.0010652643,-0.010652643,-0.0053263213,0.011971008,-0.17717093,9.488221,0.006621348,0.010588659,0.03413887,30.00434684753418,2.290177822113037,0.29403797,-0.48934716,-0.6460697,0.025834348,-0.13047951,-0.36689222,-0.47939754,-0.4017907,-0.038332246,0.1563942,0.21937068,-1.3902116,0.06706991,0.011284567,0.3650631,-1.9434133,-0.03261988,0.578277,-1.4198494,0.07350949,0.5476632,-1.4615173,0.016767478,0.67282116,-1.2087342,-0.009583062,0.7090986,-1.2451572,0.0,0.0,0.0,0.0,0.0,0.0,0.0,0.0,0.0,0.0,0.0,0.0,0.0,0.0,0.0,0.0,-4.017907,0.2583435,-19.434132,-13.902116,50.0,50.0,50.0,50.0,50.0,50.0,50.0,50.0,50.0,50.0,50.0,50.0,0.0,0.0,0.0,0.0,1.0,1.0,1.0,1.0,1.0,1.0,1.0,1.0,1.0,1.0,1.0,1.0,0.5,0.5,0.5,0.5
1788699158.84841,53,3.7389650000250185,2.3696929999914573,3.6884070000269276,2.047685,5.740444,868264,1,1,0.0,0.0,0.0,-0.017750025,0.6419668,-1.3912338,0.034130216,0.64024085,-1.3964155,-0.040614694,0.64138013,-1.4231122,0.032924235,0.63910925,-1.4189103,-0.32284927,-0.20579636,-0.13636997,-0.18878037,0.038755238,-0.04263076,-0.0020220124,0.019377619,-0.05038181,-0.042462263,-0.015502095,0.015502095,-0.010110063,0.0,0.038755238,0.012132075,-0.06200838,0.038755238,-0.011626571,0.0038755238,0.86583984,1.5090352,4.694089,-1.7811563,1.5585117,5.0259943,2.1522305,1.5585117,6.3062005,-1.6079884,1.5090352,6.2113705,0.049476564,0.0,0.0,-0.049476564,0.9998354,0.003236148,0.005370714,0.017026244,0.003195793,0.009587379,-0.015978964,-0.049081136,-0.16879122,9.443929,0.006654542,0.01062966,0.03409017,30.00434684753418,2.290177822113037,0.28893873,-0.4889274,-0.65606683,0.030388247,-0.13584517,-0.3566132,-0.45174578,-0.39866906,-0.027587324,0.13001445,0.22495927,-1.4036508,0.07761578,0.033895396,0.34306094,-1.9448934,-0.033961292,0.5808467,-1.4129364,0.07223468,0.5477682,-1.4640167,0.019403946,0.6784739,-1.2142347,-0.006896831,0.7025036,-1.2437601,0.0,0.0,0.0,0.0,0.0,0.0,0.0,0.0,0.0,0.0,0.0,0.0,0.0,0.0,0.0,0.0,-3.9866905,0.30388248,-19.448933,-14.036508,50.0,50.0,50.0,50.0,50.0,50.0,50.0,50.0,50.0,50.0,50.0,50.0,0.0,0.0,0.0,0.0,1.0,1.0,1.0,1.0,1.0,1.0,1.0,1.0,1.0,1.0,1.0,1.0,0.5,0.5,0.5,0.5
1788699158.8672934,54,3.061673000047449,2.1912009999596194,3.0105060000096273,2.013734,5.02808,868284,1,1,0.0,0.0,0.0,-0.017659187,0.6419971,-1.3912495,0.034130216,0.6403014,-1.3963839,-0.040675253,0.6412893,-1.4231122,0.032863677,0.63913953,-1.4189103,-0.322819,-0.2057358,-0.13640025,-0.18875009,0.13176781,0.06975943,-0.0080880495,-0.019377619,0.0077510476,0.0040440247,-0.05813286,-0.038755238,0.028308174,-0.046506286,0.023253143,0.016176099,-0.0077510476,0.08526152,-0.038755238,0.038755238,0.86583984,1.5090352,4.646674,-1.8058946,1.4842969,5.0259943,2.1522305,1.5585117,6.4010305,-1.6327267,1.5090352,6.2113705,-0.024738282,-0.024738282,0.0,0.0,0.9998375,0.0032578327,0.005380703,0.016895022,0.006391586,-0.008522115,-0.010652643,-0.10654198,-0.12210429,9.490616,0.006696851,0.010649777,0.033827983,30.00434684753418,2.2559962272644043,0.2957671,-0.49466318,-0.6563526,0.034336563,-0.13613147,-0.36689886,-0.47182566,-0.39028662,-0.033852268,0.13501024,0.22455844,-1.3944955,0.07443602,0.017914075,0.3503385,-1.9356194,-0.034032866,0.5782753,-1.4179564,0.073941775,0.5463342,-1.4640881,0.018609004,0.67447853,-1.2124153,-0.008463067,0.7037526,-1.2438604,0.0,0.0,0.0,0.0,0.0,0.0,0.0,0.0,0.0,0.0,0.0,0.0,0.0,0.0,0.0,0.0,-3.9028664,0.34336564,-19.356194,-13.944955,50.0,50.0,50.0,50.0,50.0,50.0,50.0,50.0,50.0,50.0,50.0,50.0,0.0,0.0,0.0,0.0,1.0,1.0,1.0,1.0,1.0,1.0,1.0,1.0,1.0,1.0,1.0,1.0,0.5,0.5,0.5,0.5
1788699158.8872962,55,3.091079999990143,2.1769300000187286,3.0405850000079226,2.014374,5.059087,868304,1,1,0.0,0.0,0.0,-0.017689466,0.64190626,-1.3912654,0.03416049,0.6403014,-1.3963839,-0.040614694,0.6412893,-1.4231122,0.032863677,0.63913953,-1.418926,-0.32284927,-0.20579636,-0.13643053,-0.18875009,0.011626571,-0.027128667,-0.022242136,0.034879714,-0.0077510476,0.010110063,0.04263076,0.019377619,0.020220125,-0.06975943,0.011626571,-0.014154087,-0.038755238,-0.011626571,-0.011626571,0.03100419,0.8411016,1.5090352,4.694089,-1.7811563,1.4842969,5.0259943,2.1274922,1.5585117,6.4010305,-1.6822032,1.5090352,6.2587852,0.024738282,0.0,0.024738282,0.0,0.99983793,0.0032481544,0.005369021,0.01687609,0.0021305287,0.0,0.010652643,-0.051475335,-0.094570965,9.485827,0.006676899,0.01062687,0.03378993,30.00434684753418,2.2559962272644043,0.29855976,-0.48010707,-0.63450015,0.023970652,-0.13021702,-0.37118447,-0.4922592,-0.39566335,-0.041372374,0.17386973,0.21767958,-1.3874811,0.0655876,0.0032143742,0.35519555,-1.9448131,-0.032554254,0.57720387,-1.4230647,0.07463994,0.54997325,-1.458625,0.0163969,0.6708036,-1.2112011,-0.010343093,0.7134675,-1.2455801,0.0,0.0,0.0,0.0,0.0,0.0,0.0,0.0,0.0,0.0,0.0,0.0,0.0,0.0,0.0,0.0,-3.9566336,0.23970652,-19.448132,-13.874811,50.0,50.0,50.0,50.0,50.0,50.0,50.0,50.0,50.0,50.0,50.0,50.0,0.0,0.0,0.0,0.0,1.0,1.0,1.0,1.0,1.0,1.0,1.0,1.0,1.0,1.0,1.0,1.0,0.5,0.5,0.5,0.5
1788699158.9073436,56,3.1180869999616334,2.2349439999516107,3.06602400007705,2.006631,5.077007,868324,1,1,0.0,0.0,0.0,-0.017719746,0.64193654,-1.391218,0.034130216,0.6402711,-1.3963839,-0.040614694,0.6413196,-1.4231279,0.032893956,0.63913953,-1.418926,-0.32278872,-0.20579636,-0.13643053,-0.18875009,0.0,-0.011626571,0.022242136,0.019377619,0.0,0.0080880495,0.011626571,0.0,-0.0020220124,-0.038755238,0.046506286,-0.0040440247,0.06975943,-0.05038181,-0.06200838,0.038755238,0.86583984,1.5090352,4.646674,-1.8801094,1.5090352,5.0734096,2.1522305,1.5585117,6.4010305,-1.6327267,1.5090352,6.2587852,0.024738282,-0.024738282,0.049476564,0.0,0.99983585,0.003249186,0.005366842,0.017001243,0.0021305287,-0.0021305287,0.0074568503,-0.0047884034,-0.107739076,9.452309,0.0066802176,0.010621641,0.034040276,30.013200759887695,2.290177822113037,0.2907718,-0.4828384,-0.6411341,0.023621675,-0.13181083,-0.3706348,-0.484519,-0.39030546,-0.038387954,0.16300905,0.21175973,-1.3941746,0.06713645,-0.00048586726,0.3598586,-1.950282,-0.032952707,0.5773413,-1.4211297,0.07269295,0.5492904,-1.4602835,0.016784113,0.66987854,-1.2100353,-0.009596989,0.71075225,-1.2470601,0.0,0.0,0.0,0.0,0.0,0.0,0.0,0.0,0.0,0.0,0.0,0.0,0.0,0.0,0.0,0.0,-3.9030547,0.23621675,-19.50282,-13.941746,50.0,50.0,50.0,50.0,50.0,50.0,50.0,50.0,50.0,50.0,50.0,50.0,0.0,0.0,0.0,0.0,1.0,1.0,1.0,1.0,1.0,1.0,1.0,1.0,1.0,1.0,1.0,1.0,0.5,0.5,0.5,0.5
1788699158.9273357,57,3.1087110000953544,2.445114000011017,3.05021700000907,2.01351,5.067503,868344,1,1,0.0,0.0,0.0,-0.017750025,0.6419971,-1.3912022,0.034130216,0.6403014,-1.3964155,-0.040614694,0.64138013,-1.4231279,0.032924235,0.639079,-1.418926,-0.32278872,-0.20579636,-0.13636997,-0.18878037,0.023253143,0.019377619,0.036396224,0.05813286,0.05813286,-0.0485283,-0.038755238,-0.038755238,-0.0040440247,-0.0038755238,-0.019377619,-0.018198112,0.034879714,-0.019377619,-0.03100419,0.0077510476,0.86583984,1.5090352,4.646674,-1.8058946,1.4842969,5.0734096,2.2017071,1.5585117,6.4010305,-1.6327267,1.58325,6.2113705,0.049476564,0.0,0.049476564,0.0,0.9998345,0.0032658644,0.005393865,0.0170667,0.0021305287,0.008522115,0.006391586,-0.016759412,-0.17118542,9.49301,0.0067151915,0.010674672,0.034171578,30.00434684753418,2.2218143939971924,0.2906505,-0.49330813,-0.6390027,0.03249431,-0.13065577,-0.38433754,-0.4758811,-0.390076,-0.038012736,0.16249321,0.20395187,-1.3959484,0.0687192,0.0012310445,0.35889962,-1.936965,-0.03266394,0.5739156,-1.4189702,0.07266262,0.546673,-1.4597507,0.0171798,0.67030776,-1.210275,-0.009503184,0.7106233,-1.249012,0.0,0.0,0.0,0.0,0.0,0.0,0.0,0.0,0.0,0.0,0.0,0.0,0.0,0.0,0.0,0.0,-3.9007602,0.3249431,-19.36965,-13.959484,50.0,50.0,50.0,50.0,50.0,50.0,50.0,50.0,50.0,50.0,50.0,50.0,0.0,0.0,0.0,0.0,1.0,1.0,1.0,1.0,1.0,1.0,1.0,1.0,1.0,1.0,1.0,1.0,0.5,0.5,0.5,0.5
1788699158.947342,58,3.103271000099994,2.2612160000790027,3.047465000008742,2.008774,5.060719,868364,1,1,0.0,0.0,0.0,-0.017719746,0.6419668,-1.3912338,0.034130216,0.6403014,-1.3963997,-0.040614694,0.64138013,-1.4230963,0.032893956,0.63910925,-1.4189419,-0.32278872,-0.20576608,-0.13636997,-0.18875009,0.06200838,-0.019377619,0.016176099,0.0038755238,0.027128667,-0.014154087,-0.0077510476,0.054257333,0.052572325,-0.038755238,0.027128667,-0.0485283,0.04263076,0.038755238,0.038755238,0.038755238,0.86583984,1.4842969,4.599259,-1.8058946,1.5585117,5.0734096,2.1274922,1.58325,6.3062005,-1.6327267,1.58325,6.2587852,-0.024738282,-0.024738282,0.0,-0.049476564,0.9998363,0.003267607,0.0054110875,0.016955495,0.0042610574,0.008522115,-0.021305285,-0.11133038,-0.18555063,9.496601,0.0067180744,0.010709801,0.03394927,30.00434684753418,2.290177822113037,0.284078,-0.5118405,-0.6499022,0.034071434,-0.13792254,-0.37028313,-0.44194224,-0.39900142,-0.021927342,0.12312802,0.20180628,-1.4045311,0.082665384,0.024219831,0.33324203,-1.9411806,-0.034480635,0.57742923,-1.4104855,0.0710195,0.5420399,-1.4624755,0.020666346,0.67605495,-1.2166895,-0.0054818355,0.700782,-1.2495484,0.0,0.0,0.0,0.0,0.0,0.0,0.0,0.0,0.0,0.0,0.0,0.0,0.0,0.0,0.0,0.0,-3.990014,0.34071434,-19.411806,-14.045311,50.0,50.0,50.0,50.0,50.0,50.0,50.0,50.0,50.0,50.0,50.0,50.0,0.0,0.0,0.0,0.0,1.0,1.0,1.0,1.0,1.0,1.0,1.0,1.0,1.0,1.0,1.0,1.0,0.5,0.5,0.5,0.5
1788699158.9673097,59,3.1006469999965702,2.169314000070699,3.0495759999666916,2.031398,5.085294,868384,1,1,0.0,0.0,0.0,-0.017719746,0.64193654,-1.3912338,0.03416049,0.6403014,-1.3963997,-0.040644974,0.641259,-1.4231122,0.032893956,0.63910925,-1.4189419,-0.322819,-0.20576608,-0.13643053,-0.18875009,-0.0038755238,0.0077510476,0.030330187,0.027128667,-0.0038755238,-0.016176099,-0.019377619,-0.038755238,0.018198112,0.0077510476,-0.05813286,-0.042462263,-0.015502095,0.05038181,-0.038755238,0.034879714,0.86583984,1.4842969,4.694089,-1.8058946,1.5585117,5.0734096,2.2017071,1.5585117,6.3062005,-1.6327267,1.5090352,6.2587852,0.024738282,-0.024738282,0.0,0.0,0.999838,0.0032984577,0.0054204585,0.016849404,0.0042610574,0.0053263213,-0.02237055,-0.06703765,-0.10654198,9.479841,0.006778951,0.010728212,0.03373745,30.00434684753418,2.2559962272644043,0.28229266,-0.5066968,-0.6733093,0.03684942,-0.14192177,-0.36018202,-0.44035456,-0.39431268,-0.01680642,0.11257311,0.21909551,-1.4164603,0.086521335,0.045651816,0.33917084,-1.9427042,-0.035480443,0.5799545,-1.4100885,0.070573166,0.5433258,-1.4683273,0.021630334,0.681413,-1.2152072,-0.004201605,0.6981433,-1.245226,0.0,0.0,0.0,0.0,0.0,0.0,0.0,0.0,0.0,0.0,0.0,0.0,0.0,0.0,0.0,0.0,-3.9431267,0.3684942,-19.427042,-14.164602,50.0,50.0,50.0,50.0,50.0,50.0,50.0,50.0,50.0,50.0,50.0,50.0,0.0,0.0,0.0,0.0,1.0,1.0,1.0,1.0,1.0,1.0,1.0,1.0,1.0,1.0,1.0,1.0,0.5,0.5,0.5,0.5
1788699158.9873114,60,3.085831000021244,2.1417949999431585,3.0384730000605487,2.027206,5.069679,868404,1,1,0.0,0.0,0.0,-0.017689466,0.64190626,-1.391218,0.03416049,0.6403014,-1.3963997,-0.040675253,0.6412893,-1.4231122,0.032893956,0.63913953,-1.418926,-0.32284927,-0.20576608,-0.13640025,-0.18875009,0.06975943,-0.03100419,0.022242136,0.038755238,0.011626571,-0.026286162,-0.09301257,-0.027128667,0.030330187,-0.011626571,0.038755238,-0.018198112,-0.05038181,0.05813286,0.0,0.034879714,0.86583984,1.5090352,4.646674,-1.8801094,1.5585117,5.0259943,2.1522305,1.5585117,6.4010305,-1.6327267,1.5585117,6.2587852,0.024738282,0.0,0.0,-0.049476564,0.9998369,0.0033032363,0.0054256795,0.016905839,0.0010652643,0.0010652643,0.019174758,-0.037110128,-0.10295067,9.472659,0.0067892903,0.010738108,0.033850424,30.013200759887695,2.2559962272644043,0.29779604,-0.48807916,-0.62802845,0.022251386,-0.12455503,-0.39018372,-0.4835903,-0.3967627,-0.047048837,0.18673994,0.19638044,-1.392383,0.061392777,-0.016089953,0.36372283,-1.9514172,-0.031138757,0.5724541,-1.4208975,0.07444901,0.54798025,-1.457007,0.015348194,0.66597754,-1.2090693,-0.011762209,0.716685,-1.2509048,0.0,0.0,0.0,0.0,0.0,0.0,0.0,0.0,0.0,0.0,0.0,0.0,0.0,0.0,0.0,0.0,-3.967627,0.22251385,-19.514172,-13.92383,50.0,50.0,50.0,50.0,50.0,50.0,50.0,50.0,50.0,50.0,50.0,50.0,0.0,0.0,0.0,0.0,1.0,1.0,1.0,1.0,1.0,1.0,1.0,1.0,1.0,1.0,1.0,1.0,0.5,0.5,0.5,0.5
1788699159.0087354,61,4.011151999975482,2.3167990000274585,3.9614250000568063,2.529048,6.494889,868424,1,1,0.0,0.0,0.0,-0.017719746,0.6419668,-1.391218,0.034130216,0.6403014,-1.3963997,-0.040584415,0.64138013,-1.4231122,0.032924235,0.639079,-1.418926,-0.32284927,-0.20576608,-0.13636997,-0.18878037,0.05813286,0.0,0.022242136,0.05038181,0.065883905,-0.0020220124,0.0,0.0,0.020220125,0.0,0.0038755238,0.0,-0.06200838,0.046506286,0.03100419,0.0038755238,0.8411016,1.4842969,4.694089,-1.8058946,1.4595586,5.0734096,2.1522305,1.6079884,6.3062005,-1.6822032,1.5090352,6.2113705,0.0,0.0,0.049476564,0.0,0.9998345,0.0032917,0.0054116277,0.01705407,-0.0021305287,0.006391586,0.012783172,0.0047884034,-0.1340753,9.482236,0.0067673307,0.010709395,0.03414672,30.013200759887695,2.290177822113037,0.2951697,-0.49621692,-0.630211,0.03239229,-0.12785229,-0.3905998,-0.4811395,-0.40057898,-0.043031648,0.18265593,0.18676874,-1.3868662,0.06676044,-0.017215677,0.3713559,-1.9480785,-0.031963073,0.5723501,-1.4202849,0.07379243,0.54594576,-1.4575527,0.01669011,0.6656961,-1.207161,-0.010757912,0.715664,-1.2533078,0.0,0.0,0.0,0.0,0.0,0.0,0.0,0.0,0.0,0.0,0.0,0.0,0.0,0.0,0.0,0.0,-4.0057898,0.3239229,-19.480785,-13.868662,50.0,50.0,50.0,50.0,50.0,50.0,50.0,50.0,50.0,50.0,50.0,50.0,0.0,0.0,0.0,0.0,1.0,1.0,1.0,1.0,1.0,1.0,1.0,1.0,1.0,1.0,1.0,1.0,0.5,0.5,0.5,0.5
1788699159.0273187,62,3.0494820000512846,2.0884849999447397,3.0029560000457423,0.07347,3.080521,868446,1,1,0.0,0.0,0.0,-0.017719746,0.6419668,-1.391218,0.034130216,0.6402711,-1.3963997,-0.040523857,0.64134985,-1.4231122,0.032924235,0.639079,-1.4189419,-0.32284927,-0.2057358,-0.13640025,-0.18875009,0.05813286,-0.015502095,-0.010110063,0.038755238,0.019377619,-0.0080880495,0.11239019,-0.06200838,0.028308174,-0.0077510476,-0.027128667,-0.026286162,-0.04263076,0.07363495,-0.038755238,0.065883905,0.86583984,1.5585117,4.694089,-1.8801094,1.4842969,5.0734096,2.1522305,1.5585117,6.4010305,-1.6327267,1.5090352,6.2587852,0.024738282,-0.024738282,0.024738282,0.0,0.9998346,0.003290383,0.0054358896,0.01704262,-0.0042610574,0.003195793,-0.0053263213,-0.06344634,-0.14844051,9.423578,0.006765404,0.010758035,0.034123976,29.99549102783203,2.2559962272644043,0.29133335,-0.48673153,-0.65875894,0.04245322,-0.13557373,-0.36944088,-0.46453613,-0.39071456,-0.02363431,0.15359746,0.211791,-1.4043528,0.075524196,0.025386132,0.36753285,-1.9467038,-0.033893432,0.5776398,-1.416134,0.07283334,0.54831713,-1.4646897,0.018881049,0.67634654,-1.2081168,-0.0059085777,0.70839936,-1.2470522,0.0,0.0,0.0,0.0,0.0,0.0,0.0,0.0,0.0,0.0,0.0,0.0,0.0,0.0,0.0,0.0,-3.9071455,0.42453218,-19.467037,-14.043528,50.0,50.0,50.0,50.0,50.0,50.0,50.0,50.0,50.0,50.0,50.0,50.0,0.0,0.0,0.0,0.0,1.0,1.0,1.0,1.0,1.0,1.0,1.0,1.0,1.0,1.0,1.0,1.0,0.5,0.5,0.5,0.5
1788699159.0473137,63,3.0988879999540586,2.1945299999970302,3.0487149999771646,2.004519,5.057394,868464,1,1,0.0,0.0,0.0,-0.017750025,0.64190626,-1.3912338,0.03416049,0.6403014,-1.3963997,-0.040614694,0.641259,-1.4231279,0.032863677,0.63913953,-1.4189103,-0.32284927,-0.20579636,-0.13640025,-0.18878037,-0.019377619,-0.08526152,0.036396224,0.08526152,0.019377619,-0.022242136,0.03100419,-0.027128667,-0.010110063,-0.054257333,0.038755238,0.010110063,-0.07363495,-0.034879714,0.019377619,-0.0038755238,0.86583984,1.4842969,4.646674,-1.8058946,1.4595586,5.0259943,2.1522305,1.5585117,6.3062005,-1.6327267,1.5585117,6.2587852,0.024738282,-0.024738282,0.049476564,0.0,0.99983644,0.0033183324,0.0054592006,0.016923612,0.0074568503,-0.0042610574,-0.019174758,-0.10654198,-0.12928689,9.458294,0.0068208077,0.01080451,0.033886384,30.00434684753418,2.2559962272644043,0.2868612,-0.49174348,-0.6711515,0.04567882,-0.13914095,-0.3501474,-0.4523183,-0.39592594,-0.019135688,0.12754846,0.22141069,-1.4063241,0.08364007,0.037042193,0.35920885,-1.9483008,-0.034785237,0.58246315,-1.4130795,0.0717153,0.5470641,-1.4677879,0.020910017,0.67926055,-1.2101977,-0.004783922,0.70188713,-1.2446473,0.0,0.0,0.0,0.0,0.0,0.0,0.0,0.0,0.0,0.0,0.0,0.0,0.0,0.0,0.0,0.0,-3.9592595,0.4567882,-19.48301,-14.063242,50.0,50.0,50.0,50.0,50.0,50.0,50.0,50.0,50.0,50.0,50.0,50.0,0.0,0.0,0.0,0.0,1.0,1.0,1.0,1.0,1.0,1.0,1.0,1.0,1.0,1.0,1.0,1.0,0.5,0.5,0.5,0.5
1788699159.067558,64,3.3498259999760194,2.1951380000473364,3.2999389999304185,2.010984,5.315275,868484,1,1,0.0,0.0,0.0,-0.017719746,0.64190626,-1.3912338,0.03416049,0.64036196,-1.396368,-0.040644974,0.641259,-1.4231122,0.032893956,0.6391698,-1.418926,-0.322819,-0.20576608,-0.13640025,-0.18875009,-0.019377619,0.0,0.022242136,0.046506286,0.10076362,0.026286162,0.0077510476,0.0,0.022242136,0.011626571,0.06975943,-0.0080880495,0.0077510476,0.03100419,0.011626571,0.046506286,0.8411016,1.5090352,4.646674,-1.8306329,1.4595586,5.0259943,2.1522305,1.4595586,6.4010305,-1.6327267,1.58325,6.2587852,0.0,-0.024738282,0.049476564,0.0,0.9998372,0.0032961967,0.0054452005,0.016883396,0.0010652643,-0.008522115,0.0053263213,-0.053869538,-0.094570965,9.431957,0.0067756325,0.010777535,0.033805598,30.00434684753418,2.290177822113037,0.29052225,-0.49913913,-0.6499987,0.040608753,-0.13214573,-0.37943488,-0.47286105,-0.39246482,-0.03322211,0.1595133,0.19655624,-1.3931862,0.07380665,0.0041073635,0.3733566,-1.9451039,-0.033036433,0.5751413,-1.4182153,0.07263056,0.54521525,-1.4624996,0.018451663,0.6710269,-1.2066607,-0.008305527,0.7098783,-1.2508609,0.0,0.0,0.0,0.0,0.0,0.0,0.0,0.0,0.0,0.0,0.0,0.0,0.0,0.0,0.0,0.0,-3.9246483,0.40608752,-19.451038,-13.931862,50.0,50.0,50.0,50.0,50.0,50.0,50.0,50.0,50.0,50.0,50.0,50.0,0.0,0.0,0.0,0.0,1.0,1.0,1.0,1.0,1.0,1.0,1.0,1.0,1.0,1.0,1.0,1.0,0.5,0.5,0.5,0.5
1788699159.0884526,65,3.799060999995163,2.326654999933453,3.746645999967768,2.006344,5.757182,868504,1,1,0.0,0.0,0.0,-0.017719746,0.6419668,-1.3912495,0.034130216,0.6403317,-1.3964155,-0.040614694,0.6413196,-1.4231279,0.032893956,0.63910925,-1.4189419,-0.322819,-0.20576608,-0.13643053,-0.18878037,0.038755238,0.034879714,-0.020220125,0.019377619,0.11239019,-0.042462263,0.019377619,0.023253143,0.0,-0.023253143,0.023253143,-0.038418237,0.0077510476,0.04263076,-0.08913705,0.038755238,0.8411016,1.5090352,4.646674,-1.8306329,1.4595586,5.0259943,2.2264454,1.5090352,6.3062005,-1.6327267,1.5090352,6.2113705,0.074214846,0.0,0.049476564,-0.049476564,0.9998353,0.003279119,0.0054319254,0.017005526,-0.013848436,0.006391586,0.012783172,0.029927522,-0.094570965,9.497798,0.006742344,0.010750742,0.03404962,30.00434684753418,2.2559962272644043,0.2926767,-0.50224763,-0.62560433,0.02414665,-0.12896104,-0.3903509,-0.4808306,-0.396589,-0.038604356,0.17242123,0.18678287,-1.3963455,0.06617671,-0.0072461814,0.35187456,-1.9479482,-0.03224026,0.5724123,-1.4202076,0.07316917,0.5444381,-1.456401,0.016544178,0.66818845,-1.2120314,-0.009651089,0.7131053,-1.2533042,0.0,0.0,0.0,0.0,0.0,0.0,0.0,0.0,0.0,0.0,0.0,0.0,0.0,0.0,0.0,0.0,-3.9658902,0.24146649,-19.479483,-13.963455,50.0,50.0,50.0,50.0,50.0,50.0,50.0,50.0,50.0,50.0,50.0,50.0,0.0,0.0,0.0,0.0,1.0,1.0,1.0,1.0,1.0,1.0,1.0,1.0,1.0,1.0,1.0,1.0,0.5,0.5,0.5,0.5
1788699159.1073024,66,3.061514000023635,2.1530269999630036,3.0091950000041834,2.028647,5.04197,868524,1,1,0.0,0.0,0.0,-0.017780304,0.6419668,-1.3912338,0.034099936,0.6402711,-1.3963839,-0.040584415,0.64134985,-1.4231122,0.032893956,0.63910925,-1.4189103,-0.32284927,-0.20576608,-0.13640025,-0.18875009,-0.06200838,-0.027128667,-0.012132075,-0.0077510476,0.034879714,0.0060660373,0.0038755238,-0.038755238,0.030330187,-0.065883905,0.034879714,0.026286162,-0.05813286,0.05038181,-0.05038181,0.05813286,0.86583984,1.5585117,4.646674,-1.7811563,1.4595586,5.0734096,2.1522305,1.58325,6.3062005,-1.6079884,1.58325,6.2113705,0.024738282,-0.049476564,0.0,-0.049476564,0.99983364,0.0032555617,0.00542521,0.017105592,-0.0042610574,0.0053263213,0.006391586,-0.044292733,-0.1592144,9.459491,0.0066960794,0.010737445,0.034249485,30.00434684753418,2.2559962272644043,0.2906642,-0.5010315,-0.6282725,0.012612481,-0.12907028,-0.380024,-0.48414642,-0.3997288,-0.038270436,0.15511407,0.20199126,-1.4084224,0.06339468,-0.0021375343,0.33864918,-1.9534652,-0.03226757,0.574994,-1.4210366,0.07266605,0.5447421,-1.4570681,0.01584867,0.66946566,-1.2153376,-0.009567609,0.70877856,-1.2495022,0.0,0.0,0.0,0.0,0.0,0.0,0.0,0.0,0.0,0.0,0.0,0.0,0.0,0.0,0.0,0.0,-3.997288,0.1261248,-19.534653,-14.084224,50.0,50.0,50.0,50.0,50.0,50.0,50.0,50.0,50.0,50.0,50.0,50.0,0.0,0.0,0.0,0.0,1.0,1.0,1.0,1.0,1.0,1.0,1.0,1.0,1.0,1.0,1.0,1.0,0.5,0.5,0.5,0.5
1788699159.127269,67,3.1069530000422674,2.1424999999908323,3.056265999930474,2.014087,5.074737,868544,1,1,0.0,0.0,0.0,-0.017750025,0.6419668,-1.3912495,0.03416049,0.6402711,-1.3963997,-0.040614694,0.64134985,-1.4231279,0.032924235,0.63910925,-1.4189103,-0.32278872,-0.20579636,-0.13636997,-0.18881065,-0.019377619,0.015502095,-0.0060660373,0.038755238,-0.0038755238,-0.016176099,0.0,0.011626571,-0.0080880495,0.0,0.034879714,0.016176099,0.038755238,-0.015502095,0.05038181,-0.034879714,0.86583984,1.5090352,4.646674,-1.8306329,1.4595586,5.0259943,2.1274922,1.6079884,6.3062005,-1.6822032,1.58325,6.2587852,0.0,-0.024738282,0.049476564,-0.024738282,0.9998353,0.0032473723,0.0054001245,0.017017977,0.0053263213,0.0021305287,-0.019174758,-0.06703765,-0.17597382,9.455899,0.0066779046,0.010688147,0.03407396,30.013200759887695,2.2559962272644043,0.28051248,-0.5006024,-0.6620941,0.03248932,-0.13951698,-0.3607042,-0.45214346,-0.39488977,-0.022303607,0.115687616,0.21793838,-1.4126769,0.077871114,0.040170267,0.3380742,-1.9404372,-0.034879245,0.579824,-1.4130359,0.07012812,0.5448494,-1.4655235,0.019467779,0.68004256,-1.2154814,-0.005575902,0.6989219,-1.2455153,0.0,0.0,0.0,0.0,0.0,0.0,0.0,0.0,0.0,0.0,0.0,0.0,0.0,0.0,0.0,0.0,-3.9488978,0.32489318,-19.404371,-14.126769,50.0,50.0,50.0,50.0,50.0,50.0,50.0,50.0,50.0,50.0,50.0,50.0,0.0,0.0,0.0,0.0,1.0,1.0,1.0,1.0,1.0,1.0,1.0,1.0,1.0,1.0,1.0,1.0,0.5,0.5,0.5,0.5
1788699159.1473632,68,3.177318999973977,2.302366999970218,3.1254159999889453,1.959433,5.089425,868564,1,1,0.0,0.0,0.0,-0.017719746,0.64190626,-1.3912338,0.03416049,0.6403014,-1.3963997,-0.040675253,0.641259,-1.4231122,0.032863677,0.63913953,-1.4189103,-0.322819,-0.20576608,-0.13643053,-0.18875009,0.0,-0.015502095,0.030330187,0.0,0.038755238,-0.020220125,-0.07363495,-0.038755238,0.022242136,-0.06200838,0.038755238,0.0020220124,0.0077510476,0.03100419,-0.038755238,0.03100419,0.86583984,1.4595586,4.788919,-1.8058946,1.4595586,5.0734096,2.1522305,1.5585117,6.3062005,-1.6822032,1.58325,6.2587852,0.024738282,-0.024738282,0.049476564,0.0,0.9998374,0.0032723297,0.005409587,0.016890038,0.0021305287,-0.008522115,-0.0042610574,-0.10414778,-0.12808979,9.500193,0.0067267674,0.01070708,0.033818375,30.00434684753418,2.290177822113037,0.29077694,-0.49877256,-0.6422714,0.018635236,-0.13073666,-0.36531636,-0.47376662,-0.4008277,-0.038378328,0.13735034,0.22169273,-1.4004284,0.07005705,0.0096585825,0.3400321,-1.9480189,-0.032684166,0.5786709,-1.4184417,0.072694235,0.54530686,-1.4605678,0.017514262,0.67241466,-1.2149919,-0.009594582,0.7043376,-1.2445768,0.0,0.0,0.0,0.0,0.0,0.0,0.0,0.0,0.0,0.0,0.0,0.0,0.0,0.0,0.0,0.0,-4.008277,0.18635236,-19.480188,-14.004284,50.0,50.0,50.0,50.0,50.0,50.0,50.0,50.0,50.0,50.0,50.0,50.0,0.0,0.0,0.0,0.0,1.0,1.0,1.0,1.0,1.0,1.0,1.0,1.0,1.0,1.0,1.0,1.0,0.5,0.5,0.5,0.5
1788699159.1675026,69,3.2712040000433262,2.5398650000170164,3.172679000044809,2.111941,5.289036,868584,1,1,0.0,0.0,0.0,-0.017689466,0.64190626,-1.3912495,0.034130216,0.6402711,-1.3963839,-0.040675253,0.641259,-1.4230963,0.032893956,0.63910925,-1.4189103,-0.32278872,-0.20576608,-0.13640025,-0.18875009,0.06200838,0.034879714,-0.010110063,0.0,0.0077510476,0.0080880495,-0.06975943,-0.081386,0.020220125,-0.011626571,0.0,0.014154087,0.038755238,0.011626571,0.015502095,0.04263076,0.86583984,1.58325,4.694089,-1.8058946,1.4842969,5.0734096,2.2017071,1.5585117,6.3062005,-1.6327267,1.5090352,6.2587852,0.024738282,-0.024738282,0.024738282,0.0,0.99983656,0.0032556523,0.005385672,0.016949087,0.009587379,-0.003195793,0.01704423,0.010773907,-0.07182605,9.500193,0.0066932347,0.0106594255,0.03393614,30.00434684753418,2.2559962272644043,0.30045417,-0.4879254,-0.63057595,0.0193857,-0.124889426,-0.387278,-0.49471137,-0.39735746,-0.051325552,0.18325613,0.20762959,-1.3914798,0.05661485,-0.01246427,0.36228943,-1.9461337,-0.031222356,0.5731805,-1.4236778,0.07511354,0.5480187,-1.457644,0.014153712,0.66688395,-1.2094276,-0.012831388,0.71581405,-1.2480925,0.0,0.0,0.0,0.0,0.0,0.0,0.0,0.0,0.0,0.0,0.0,0.0,0.0,0.0,0.0,0.0,-3.9735746,0.19385698,-19.461338,-13.914799,50.0,50.0,50.0,50.0,50.0,50.0,50.0,50.0,50.0,50.0,50.0,50.0,0.0,0.0,0.0,0.0,1.0,1.0,1.0,1.0,1.0,1.0,1.0,1.0,1.0,1.0,1.0,1.0,0.5,0.5,0.5,0.5
1788699159.1884305,70,3.7903260000575756,2.4281879999534794,3.7383589999535616,2.044135,5.786782,868604,1,1,0.0,0.0,0.0,-0.017719746,0.6419668,-1.3912338,0.034099936,0.6402711,-1.3963997,-0.040644974,0.64134985,-1.4231279,0.032924235,0.63910925,-1.4189419,-0.32284927,-0.20579636,-0.13636997,-0.18878037,0.03100419,0.0077510476,0.030330187,0.0,0.065883905,-0.0080880495,-0.081386,-0.023253143,-0.0080880495,-0.015502095,0.046506286,-0.032352198,-0.06200838,-0.015502095,-0.023253143,0.015502095,0.86583984,1.4842969,4.694089,-1.8058946,1.5090352,5.0734096,2.1274922,1.5090352,6.4010305,-1.6327267,1.58325,6.2113705,0.0,-0.024738282,0.0,-0.049476564,0.9998343,0.0032676074,0.0053589195,0.017089002,0.003195793,-0.008522115,0.003195793,0.037110128,-0.11133038,9.465476,0.0067177173,0.010604581,0.034215964,30.00434684753418,2.290177822113037,0.29593465,-0.5004386,-0.6350411,0.017068572,-0.1298286,-0.37994725,-0.4871879,-0.402837,-0.046464376,0.16065268,0.21232858,-1.3941672,0.06620639,-0.0075814724,0.35369492,-1.9473187,-0.03245715,0.5750132,-1.4217969,0.07398366,0.5448904,-1.4587603,0.016551597,0.66810465,-1.2115762,-0.011616094,0.7101632,-1.2469178,0.0,0.0,0.0,0.0,0.0,0.0,0.0,0.0,0.0,0.0,0.0,0.0,0.0,0.0,0.0,0.0,-4.02837,0.17068572,-19.473186,-13.941671,50.0,50.0,50.0,50.0,50.0,50.0,50.0,50.0,50.0,50.0,50.0,50.0,0.0,0.0,0.0,0.0,1.0,1.0,1.0,1.0,1.0,1.0,1.0,1.0,1.0,1.0,1.0,1.0,0.5,0.5,0.5,0.5
1788699159.2075684,71,3.0488740000009784,2.4079959999880884,2.987501000006887,1.994824,4.986931,868624,1,1,0.0,0.0,0.0,-0.017750025,0.64193654,-1.391218,0.034099936,0.6403014,-1.3963997,-0.040614694,0.64134985,-1.4231279,0.032954514,0.639079,-1.418926,-0.32284927,-0.20576608,-0.13636997,-0.18878037,-0.015502095,-0.06200838,0.030330187,-0.015502095,0.077510476,-0.010110063,-0.05038181,-0.06200838,-0.0020220124,0.019377619,0.0077510476,-0.0060660373,-0.046506286,0.054257333,0.019377619,0.0038755238,0.8411016,1.5090352,4.646674,-1.8058946,1.4842969,5.0734096,2.2017071,1.4842969,6.4010305,-1.6327267,1.5585117,6.2587852,-0.024738282,-0.024738282,0.049476564,0.0,0.99983406,0.003268251,0.0053701224,0.017097129,-0.008522115,0.0074568503,-0.0053263213,0.009576807,-0.1328782,9.452309,0.0067194747,0.010626907,0.034232307,30.00434684753418,2.290177822113037,0.29103488,-0.5015748,-0.6450928,0.027596977,-0.13491899,-0.3641042,-0.47555307,-0.40105104,-0.038421825,0.14675105,0.2193177,-1.4014066,0.07299445,0.014198359,0.3454441,-1.9447565,-0.033729747,0.57897395,-1.4188882,0.07275872,0.5446063,-1.4612732,0.018248612,0.6735496,-1.2136389,-0.009605456,0.7066878,-1.2451705,0.0,0.0,0.0,0.0,0.0,0.0,0.0,0.0,0.0,0.0,0.0,0.0,0.0,0.0,0.0,0.0,-4.0105104,0.27596977,-19.447565,-14.014067,50.0,50.0,50.0,50.0,50.0,50.0,50.0,50.0,50.0,50.0,50.0,50.0,0.0,0.0,0.0,0.0,1.0,1.0,1.0,1.0,1.0,1.0,1.0,1.0,1.0,1.0,1.0,1.0,0.5,0.5,0.5,0.5
1788699159.228778,72,4.114668999932292,2.3639659999616924,3.545563999978185,2.56284,6.112564,868644,1,1,0.0,0.0,0.0,-0.017719746,0.64190626,-1.391218,0.03416049,0.6402711,-1.3963997,-0.040675253,0.6413196,-1.4231279,0.032893956,0.63910925,-1.418926,-0.32284927,-0.20579636,-0.13640025,-0.18871981,0.03100419,-0.04263076,-0.0020220124,0.027128667,-0.015502095,-0.0080880495,-0.07363495,0.0038755238,-0.0020220124,-0.034879714,0.015502095,-0.010110063,-0.038755238,-0.019377619,0.019377619,0.10463915,0.8411016,1.5090352,4.646674,-1.8058946,1.4100821,5.0259943,2.1522305,1.6079884,6.4010305,-1.6327267,1.5090352,6.2587852,-0.024738282,-0.024738282,0.049476564,0.0,0.999836,0.0032960824,0.0053700563,0.016977731,-0.008522115,-0.0010652643,-0.015978964,-0.08499416,-0.1352724,9.497798,0.006773861,0.010626632,0.03399376,30.00434684753418,2.2218143939971924,0.29038724,-0.4984939,-0.6509778,0.029713806,-0.13611993,-0.35644874,-0.467827,-0.3924396,-0.035412114,0.13016209,0.23151073,-1.3997719,0.074435346,0.026260193,0.3375545,-1.9390326,-0.034029983,0.58088785,-1.4169567,0.07259681,0.54537654,-1.4627444,0.018608836,0.67656505,-1.2156113,-0.0088530285,0.7025405,-1.2421223,0.0,0.0,0.0,0.0,0.0,0.0,0.0,0.0,0.0,0.0,0.0,0.0,0.0,0.0,0.0,0.0,-3.924396,0.29713807,-19.390326,-13.997719,50.0,50.0,50.0,50.0,50.0,50.0,50.0,50.0,50.0,50.0,50.0,50.0,0.0,0.0,0.0,0.0,1.0,1.0,1.0,1.0,1.0,1.0,1.0,1.0,1.0,1.0,1.0,1.0,0.5,0.5,0.5,0.5
1788699159.2488694,73,4.257864999999583,2.4615629999971134,4.125835999957417,0.067422,4.19777,868666,1,1,0.0,0.0,0.0,-0.017689466,0.64190626,-1.3912495,0.034130216,0.6403014,-1.3963997,-0.040644974,0.641259,-1.4231122,0.032893956,0.63910925,-1.4189419,-0.32284927,-0.20576608,-0.13643053,-0.18875009,0.054257333,-0.03100419,-0.0080880495,-0.023253143,0.015502095,-0.020220125,-0.027128667,-0.046506286,0.020220125,-0.011626571,-0.019377619,-0.0485283,-0.06200838,0.038755238,-0.011626571,0.023253143,0.86583984,1.4842969,4.646674,-1.8058946,1.4842969,5.0259943,2.1522305,1.5585117,6.4010305,-1.6327267,1.5090352,6.2587852,0.024738282,0.0,0.0,-0.049476564,0.99983686,0.0033016482,0.0053476524,0.016936416,-0.006391586,-0.006391586,0.009587379,-0.051475335,-0.093373865,9.489418,0.006783791,0.010581921,0.033911016,30.00434684753418,2.2559962272644043,0.3006529,-0.48347995,-0.6449725,0.027557518,-0.13090472,-0.3701057,-0.49316084,-0.39818683,-0.04807555,0.16858456,0.22317748,-1.4022986,0.06721619,0.0012721568,0.3620084,-1.9477862,-0.03272618,0.5774736,-1.4232901,0.07516322,0.54913,-1.461243,0.016804047,0.67031807,-1.2094978,-0.012018887,0.71214616,-1.2442056,0.0,0.0,0.0,0.0,0.0,0.0,0.0,0.0,0.0,0.0,0.0,0.0,0.0,0.0,0.0,0.0,-3.9818683,0.2755752,-19.477861,-14.022985,50.0,50.0,50.0,50.0,50.0,50.0,50.0,50.0,50.0,50.0,50.0,50.0,0.0,0.0,0.0,0.0,1.0,1.0,1.0,1.0,1.0,1.0,1.0,1.0,1.0,1.0,1.0,1.0,0.5,0.5,0.5,0.5
1788699159.2693906,74,4.750842000021294,2.3434870000755836,4.164587000104802,2.598295,6.766914,868684,1,1,0.0,0.0,0.0,-0.017719746,0.6419668,-1.3912654,0.03416049,0.6402711,-1.3963839,-0.040614694,0.641259,-1.4231279,0.032893956,0.639079,-1.418926,-0.322819,-0.20579636,-0.13640025,-0.18878037,0.011626571,0.027128667,-0.026286162,0.06200838,-0.019377619,0.014154087,0.019377619,-0.10851467,-0.010110063,-0.046506286,-0.03100419,-0.0060660373,0.015502095,-0.0038755238,0.0038755238,0.0038755238,0.86583984,1.4842969,4.694089,-1.8801094,1.4595586,5.0734096,2.2017071,1.5585117,6.3062005,-1.6327267,1.5585117,6.2113705,0.0,0.0,0.0,0.0,0.9998352,0.0032725504,0.005333815,0.017042281,-0.012783172,-0.0010652643,0.02237055,0.03232172,-0.08499416,9.478644,0.0067262477,0.010554523,0.034122374,30.00434684753418,2.290177822113037,0.30478978,-0.47200465,-0.6320959,0.023326997,-0.12458671,-0.383003,-0.51257205,-0.39155906,-0.05366382,0.1950584,0.22471848,-1.4005642,0.05482518,-0.0074567385,0.3723349,-1.9435169,-0.031146677,0.57424927,-1.428143,0.076197445,0.55199885,-1.4580239,0.013706295,0.6681358,-1.2069162,-0.013415955,0.7187646,-1.2438203,0.0,0.0,0.0,0.0,0.0,0.0,0.0,0.0,0.0,0.0,0.0,0.0,0.0,0.0,0.0,0.0,-3.9155908,0.23326996,-19.43517,-14.005642,50.0,50.0,50.0,50.0,50.0,50.0,50.0,50.0,50.0,50.0,50.0,50.0,0.0,0.0,0.0,0.0,1.0,1.0,1.0,1.0,1.0,1.0,1.0,1.0,1.0,1.0,1.0,1.0,0.5,0.5,0.5,0.5
1788699159.2873235,75,3.1175450000091587,2.275072000088585,3.0687460000535793,0.084126,3.157032,868706,1,1,0.0,0.0,0.0,-0.017750025,0.6419668,-1.3912338,0.034099936,0.6402711,-1.3963997,-0.040584415,0.64138013,-1.4231279,0.032924235,0.6390487,-1.4189419,-0.322819,-0.20579636,-0.13640025,-0.18881065,0.0038755238,-0.038755238,-0.012132075,-0.011626571,0.05038181,-0.0080880495,0.04263076,-0.015502095,-0.0080880495,-0.03100419,-0.019377619,-0.02426415,0.0038755238,-0.019377619,-0.027128667,0.06200838,0.86583984,1.5090352,4.646674,-1.8058946,1.5585117,5.0734096,2.1522305,1.5090352,6.3062005,-1.6327267,1.5585117,6.2587852,0.024738282,0.0,0.0,-0.049476564,0.99983364,0.00324497,0.005327684,0.017135706,-0.0074568503,0.0010652643,-0.010652643,-0.011971008,-0.17238252,9.471462,0.0066718687,0.010542581,0.03430893,30.00434684753418,2.290177822113037,0.29186228,-0.492083,-0.6584444,0.02253833,-0.13826776,-0.3552276,-0.47921664,-0.39193368,-0.03161887,0.1348274,0.23861232,-1.414414,0.076735,0.02888384,0.34965888,-1.938583,-0.03456694,0.5811931,-1.4198041,0.07296557,0.54697925,-1.464611,0.01918375,0.677221,-1.2125852,-0.007904718,0.70370686,-1.2403469,0.0,0.0,0.0,0.0,0.0,0.0,0.0,0.0,0.0,0.0,0.0,0.0,0.0,0.0,0.0,0.0,-3.9193368,0.22538331,-19.38583,-14.14414,50.0,50.0,50.0,50.0,50.0,50.0,50.0,50.0,50.0,50.0,50.0,50.0,0.0,0.0,0.0,0.0,1.0,1.0,1.0,1.0,1.0,1.0,1.0,1.0,1.0,1.0,1.0,1.0,0.5,0.5,0.5,0.5
1788699159.3075786,76,2.9960760000449227,2.363005000006524,2.951725000002625,1.977896,4.933909,868724,1,1,0.0,0.0,0.0,-0.017750025,0.6419971,-1.3912338,0.03416049,0.6402711,-1.3963997,-0.040614694,0.64138013,-1.4231279,0.032893956,0.63910925,-1.418926,-0.32284927,-0.20576608,-0.13636997,-0.18878037,-0.023253143,0.023253143,0.0,0.038755238,0.0,-0.018198112,-0.03100419,0.04263076,0.020220125,-0.065883905,0.06200838,-0.014154087,-0.054257333,0.027128667,0.019377619,-0.015502095,0.86583984,1.5090352,4.788919,-1.8058946,1.4595586,5.0259943,2.1522305,1.58325,6.4010305,-1.6327267,1.5585117,6.3062005,0.0,-0.024738282,0.0,0.0,0.99983555,0.0032454708,0.005307442,0.017030142,0.003195793,-0.008522115,-0.018109493,-0.08020575,-0.23942018,9.446322,0.0066710655,0.010502789,0.03409762,30.013200759887695,2.2559962272644043,0.2867202,-0.5024186,-0.65971756,0.024559688,-0.13856724,-0.36068612,-0.46221218,-0.39720246,-0.028603483,0.11522073,0.23188119,-1.417625,0.078920014,0.029876295,0.3331181,-1.9410483,-0.03464181,0.5798285,-1.415553,0.07168005,0.5443954,-1.4649293,0.019730004,0.6774691,-1.2167205,-0.0071508707,0.6988052,-1.2420297,0.0,0.0,0.0,0.0,0.0,0.0,0.0,0.0,0.0,0.0,0.0,0.0,0.0,0.0,0.0,0.0,-3.9720247,0.24559689,-19.410482,-14.1762495,50.0,50.0,50.0,50.0,50.0,50.0,50.0,50.0,50.0,50.0,50.0,50.0,0.0,0.0,0.0,0.0,1.0,1.0,1.0,1.0,1.0,1.0,1.0,1.0,1.0,1.0,1.0,1.0,0.5,0.5,0.5,0.5
1788699159.3275802,77,2.957229000003281,2.289984000071854,2.9072460000634237,2.362877,5.274411,868744,1,1,0.0,0.0,0.0,-0.017719746,0.64190626,-1.3912338,0.03416049,0.6403014,-1.3964155,-0.040614694,0.6412893,-1.4231122,0.032924235,0.6391698,-1.4189103,-0.32284927,-0.20576608,-0.13643053,-0.18875009,-0.054257333,-0.038755238,0.032352198,-0.0038755238,0.038755238,-0.056616347,0.023253143,0.0,0.020220125,0.015502095,0.09301257,0.028308174,-0.038755238,0.023253143,-0.04263076,0.038755238,0.86583984,1.5090352,4.646674,-1.7811563,1.4842969,5.0259943,2.1522305,1.58325,6.3062005,-1.6327267,1.58325,6.2587852,-0.024738282,-0.024738282,0.049476564,0.0,0.999838,0.0032462012,0.005321073,0.016890928,0.008522115,0.0,-0.008522115,-0.11372458,-0.12569559,9.539697,0.006671524,0.010530953,0.03381925,30.00434684753418,2.2559962272644043,0.28585196,-0.5018723,-0.65757716,0.028231803,-0.13785505,-0.36550704,-0.45519823,-0.40347534,-0.027216632,0.11931316,0.21337958,-1.4102265,0.0811274,0.027136391,0.34246242,-1.9497591,-0.034463763,0.57862324,-1.4137995,0.07146299,0.54453194,-1.4643942,0.02028185,0.6767841,-1.2143843,-0.006804158,0.6998283,-1.2466551,0.0,0.0,0.0,0.0,0.0,0.0,0.0,0.0,0.0,0.0,0.0,0.0,0.0,0.0,0.0,0.0,-4.0347533,0.28231803,-19.497591,-14.102264,50.0,50.0,50.0,50.0,50.0,50.0,50.0,50.0,50.0,50.0,50.0,50.0,0.0,0.0,0.0,0.0,1.0,1.0,1.0,1.0,1.0,1.0,1.0,1.0,1.0,1.0,1.0,1.0,0.5,0.5,0.5,0.5
1788699159.3483558,78,3.634297999951741,2.253184999972291,3.580858999953307,1.962153,5.54794,868764,1,1,0.0,0.0,0.0,-0.017719746,0.64190626,-1.3912338,0.03416049,0.6403014,-1.3963839,-0.040644974,0.6412893,-1.4231122,0.032893956,0.639079,-1.4189103,-0.32284927,-0.2057358,-0.13646081,-0.18875009,-0.038755238,-0.038755238,0.032352198,0.05038181,0.03100419,0.010110063,-0.027128667,0.011626571,0.02426415,-0.015502095,-0.05038181,0.018198112,-0.05038181,0.077510476,-0.09301257,0.034879714,0.86583984,1.4842969,4.599259,-1.8801094,1.4595586,5.0734096,2.1274922,1.5585117,6.3062005,-1.6822032,1.58325,6.2587852,0.0,0.0,0.0,-0.049476564,0.99983734,0.003263312,0.0053235777,0.016921861,0.008522115,-0.0042610574,0.018109493,-0.04070143,-0.07182605,9.458294,0.006706154,0.010535176,0.03388132,30.00434684753418,2.290177822113037,0.2912238,-0.4947036,-0.6380095,0.021815348,-0.12891382,-0.3820311,-0.48045236,-0.40397635,-0.04400427,0.16621104,0.19753249,-1.4105475,0.06584887,-0.009455189,0.35997832,-1.9603674,-0.032228455,0.5744922,-1.4201131,0.07280595,0.54632413,-1.4595023,0.016462218,0.6676362,-1.2100054,-0.011001067,0.7115528,-1.2506168,0.0,0.0,0.0,0.0,0.0,0.0,0.0,0.0,0.0,0.0,0.0,0.0,0.0,0.0,0.0,0.0,-4.0397635,0.21815348,-19.603674,-14.105474,50.0,50.0,50.0,50.0,50.0,50.0,50.0,50.0,50.0,50.0,50.0,50.0,0.0,0.0,0.0,0.0,1.0,1.0,1.0,1.0,1.0,1.0,1.0,1.0,1.0,1.0,1.0,1.0,0.5,0.5,0.5,0.5
1788699159.3695407,79,4.820825000024342,2.3228149999567904,4.761818000019957,1.939498,6.706276,868784,1,1,0.0,0.0,0.0,-0.017719746,0.64193654,-1.3912338,0.034099936,0.6402711,-1.3964155,-0.040584415,0.6413196,-1.4231279,0.032924235,0.639079,-1.4189103,-0.32284927,-0.20576608,-0.13640025,-0.18878037,0.019377619,-0.046506286,-0.010110063,-0.011626571,0.027128667,-0.0485283,0.011626571,-0.06975943,0.0,-0.015502095,0.015502095,0.028308174,-0.046506286,0.04263076,-0.038755238,0.0038755238,0.86583984,1.5090352,4.646674,-1.7811563,1.4842969,5.0734096,2.1522305,1.5585117,6.3062005,-1.6327267,1.5585117,6.2587852,0.024738282,-0.024738282,0.049476564,0.0,0.99983495,0.003238796,0.0053089913,0.017067429,-0.006391586,0.0010652643,0.015978964,0.0035913025,-0.11372458,9.481039,0.0066581625,0.010505868,0.034172148,30.00434684753418,2.324359655380249,0.29734835,-0.4807923,-0.6325521,0.015614189,-0.12664169,-0.37755617,-0.49085432,-0.402763,-0.045723677,0.17022818,0.21392283,-1.4036907,0.06097585,-0.0055350326,0.36107415,-1.9540675,-0.031660423,0.575611,-1.4227135,0.07433709,0.54980195,-1.458138,0.015243962,0.66861624,-1.2097315,-0.011430919,0.7125571,-1.2465192,0.0,0.0,0.0,0.0,0.0,0.0,0.0,0.0,0.0,0.0,0.0,0.0,0.0,0.0,0.0,0.0,-4.02763,0.15614189,-19.540674,-14.036907,50.0,50.0,50.0,50.0,50.0,50.0,50.0,50.0,50.0,50.0,50.0,50.0,0.0,0.0,0.0,0.0,1.0,1.0,1.0,1.0,1.0,1.0,1.0,1.0,1.0,1.0,1.0,1.0,0.5,0.5,0.5,0.5
1788699159.3896747,80,4.925205999938953,2.34550200002559,4.873975000009523,1.983753,6.86208,868804,1,1,0.0,0.0,0.0,-0.017719746,0.6419668,-1.3912495,0.034099936,0.6402711,-1.3964155,-0.040584415,0.64134985,-1.4231279,0.032924235,0.639079,-1.418926,-0.32284927,-0.20579636,-0.13640025,-0.18881065,0.05038181,-0.034879714,-0.02426415,-0.015502095,0.038755238,-0.038418237,0.015502095,-0.046506286,0.0,-0.019377619,0.046506286,-0.020220125,-0.038755238,0.015502095,-0.019377619,-0.019377619,0.86583984,1.5090352,4.646674,-1.8058946,1.4595586,5.0734096,2.2017071,1.5585117,6.3062005,-1.6327267,1.5090352,6.2113705,0.0,-0.024738282,0.049476564,0.0,0.9998347,0.003232176,0.0053093396,0.017084813,0.0010652643,-0.009587379,-0.011717907,-0.016759412,-0.1376666,9.428367,0.0066451174,0.010506676,0.034206856,30.00434684753418,2.324359655380249,0.29284677,-0.486556,-0.66318506,0.027113076,-0.13593476,-0.35393527,-0.4694014,-0.40356553,-0.03146342,0.13908218,0.22784038,-1.4099523,0.073670454,0.027052607,0.35713717,-1.9518545,-0.03398369,0.5815162,-1.4173503,0.07321169,0.548361,-1.4657962,0.018417614,0.6767632,-1.2107157,-0.007865855,0.70477057,-1.2430398,0.0,0.0,0.0,0.0,0.0,0.0,0.0,0.0,0.0,0.0,0.0,0.0,0.0,0.0,0.0,0.0,-4.035655,0.27113077,-19.518545,-14.099523,50.0,50.0,50.0,50.0,50.0,50.0,50.0,50.0,50.0,50.0,50.0,50.0,0.0,0.0,0.0,0.0,1.0,1.0,1.0,1.0,1.0,1.0,1.0,1.0,1.0,1.0,1.0,1.0,0.5,0.5,0.5,0.5
1788699159.4088752,81,4.319653999914408,2.455930999985867,4.267240999979549,2.004616,6.276784,868824,1,1,0.0,0.0,0.0,-0.017689466,0.64193654,-1.3912654,0.034130216,0.6403014,-1.3963839,-0.040644974,0.6413196,-1.4231437,0.032924235,0.63910925,-1.4189103,-0.32284927,-0.20579636,-0.13643053,-0.18875009,0.054257333,-0.034879714,-0.042462263,-0.0077510476,0.054257333,0.010110063,-0.027128667,-0.011626571,-0.038418237,0.015502095,0.019377619,0.018198112,-0.05813286,0.0,-0.05813286,0.023253143,0.86583984,1.5090352,4.646674,-1.8306329,1.4842969,5.0734096,2.1522305,1.5585117,6.3062005,-1.6079884,1.5090352,6.2113705,0.0,0.0,0.0,-0.049476564,0.9998372,0.0032439046,0.0053261034,0.016932141,0.0053263213,0.0074568503,-0.0149137005,-0.10534488,-0.11492168,9.500193,0.006667537,0.010540816,0.033901703,30.00434684753418,2.290177822113037,0.29007947,-0.49553096,-0.660521,0.025347833,-0.13863336,-0.35101223,-0.4567144,-0.4008361,-0.027456403,0.13244833,0.22328074,-1.4036012,0.077349484,0.03298355,0.34614915,-1.9481156,-0.03465834,0.58224696,-1.4141786,0.07251987,0.5461173,-1.4651302,0.019337371,0.6782459,-1.2134627,-0.0068641007,0.7031121,-1.2441797,0.0,0.0,0.0,0.0,0.0,0.0,0.0,0.0,0.0,0.0,0.0,0.0,0.0,0.0,0.0,0.0,-4.008361,0.25347832,-19.481155,-14.036012,50.0,50.0,50.0,50.0,50.0,50.0,50.0,50.0,50.0,50.0,50.0,50.0,0.0,0.0,0.0,0.0,1.0,1.0,1.0,1.0,1.0,1.0,1.0,1.0,1.0,1.0,1.0,1.0,0.5,0.5,0.5,0.5
1788699159.4272695,82,3.0353710000099454,2.2912000000587796,2.9781240000374964,0.084894,3.067018,868846,1,1,0.0,0.0,0.0,-0.017689466,0.64187604,-1.3912495,0.03416049,0.6403014,-1.3963839,-0.040644974,0.641259,-1.4231279,0.032893956,0.63910925,-1.418926,-0.322819,-0.20576608,-0.13643053,-0.18878037,0.011626571,-0.054257333,-0.0060660373,0.03100419,0.038755238,0.0060660373,-0.0038755238,0.0038755238,-0.0080880495,-0.0077510476,-0.019377619,-0.010110063,0.0038755238,0.027128667,-0.04263076,-0.0038755238,0.8411016,1.4842969,4.646674,-1.7811563,1.4595586,4.978579,2.1522305,1.58325,6.3062005,-1.6327267,1.58325,6.2587852,0.0,-0.024738282,0.0,0.0,0.9998381,0.0032400636,0.0053204,0.016884701,-0.010652643,-0.0074568503,-0.0010652643,-0.06703765,-0.10295067,9.406818,0.0066591627,0.010529857,0.033806726,30.013200759887695,2.324359655380249,0.2931043,-0.49516484,-0.6558579,0.027191412,-0.13554204,-0.36005995,-0.4825155,-0.39842826,-0.036846347,0.15257083,0.22078243,-1.4054667,0.074245945,0.015206266,0.3570853,-1.9467821,-0.03388551,0.579985,-1.4206288,0.07327607,0.5462088,-1.4639645,0.018561486,0.6738016,-1.2107286,-0.009211587,0.7081427,-1.2448044,0.0,0.0,0.0,0.0,0.0,0.0,0.0,0.0,0.0,0.0,0.0,0.0,0.0,0.0,0.0,0.0,-3.9842825,0.27191412,-19.467821,-14.0546665,50.0,50.0,50.0,50.0,50.0,50.0,50.0,50.0,50.0,50.0,50.0,50.0,0.0,0.0,0.0,0.0,1.0,1.0,1.0,1.0,1.0,1.0,1.0,1.0,1.0,1.0,1.0,1.0,0.5,0.5,0.5,0.5
1788699159.447247,83,3.0527459999802886,2.254656999980398,2.999916000021585,2.032295,5.036563,868864,1,1,0.0,0.0,0.0,-0.017719746,0.64190626,-1.391218,0.034130216,0.6403014,-1.3963839,-0.040614694,0.6413196,-1.4231122,0.032893956,0.63910925,-1.418926,-0.322819,-0.20576608,-0.13643053,-0.18878037,-0.034879714,-0.046506286,0.028308174,0.0077510476,0.06200838,0.010110063,0.0077510476,-0.0077510476,0.022242136,-0.038755238,0.027128667,-0.0080880495,0.011626571,0.038755238,-0.05813286,-0.019377619,0.86583984,1.5585117,4.599259,-1.8058946,1.4842969,5.0734096,2.1522305,1.5585117,6.3062005,-1.6079884,1.5585117,6.2587852,0.024738282,-0.024738282,0.0,0.0,0.99983674,0.0032395043,0.005302094,0.016969386,-0.0010652643,0.003195793,0.012783172,0.023942016,-0.11372458,9.475053,0.0066583133,0.010492705,0.033975992,30.013200759887695,2.324359655380249,0.2923842,-0.4935608,-0.6370838,0.020323977,-0.13035147,-0.38039348,-0.48826292,-0.39789116,-0.041879855,0.16474275,0.20487401,-1.4062444,0.06549464,-0.005640436,0.3574504,-1.9538407,-0.032587867,0.57490164,-1.4220657,0.07309605,0.5466098,-1.459271,0.01637366,0.6685899,-1.2106373,-0.010469964,0.7111857,-1.2487814,0.0,0.0,0.0,0.0,0.0,0.0,0.0,0.0,0.0,0.0,0.0,0.0,0.0,0.0,0.0,0.0,-3.9789116,0.20323977,-19.538406,-14.062444,50.0,50.0,50.0,50.0,50.0,50.0,50.0,50.0,50.0,50.0,50.0,50.0,0.0,0.0,0.0,0.0,1.0,1.0,1.0,1.0,1.0,1.0,1.0,1.0,1.0,1.0,1.0,1.0,0.5,0.5,0.5,0.5
1788699159.4672418,84,3.0747609999934866,2.1996499999659136,3.027435000035439,1.999784,5.031187,868884,1,1,0.0,0.0,0.0,-0.017719746,0.6419971,-1.391218,0.034130216,0.64021057,-1.3963997,-0.040644974,0.64134985,-1.4231122,0.032924235,0.6390487,-1.418926,-0.322819,-0.20576608,-0.13636997,-0.18881065,0.027128667,0.015502095,0.016176099,0.06200838,-0.06975943,-0.016176099,-0.10076362,-0.05813286,0.02426415,-0.038755238,0.04263076,0.0040440247,-0.0077510476,-0.019377619,0.023253143,-0.034879714,0.86583984,1.5090352,4.646674,-1.8058946,1.4595586,5.0259943,2.1522305,1.5585117,6.3062005,-1.6327267,1.58325,6.2587852,0.049476564,-0.024738282,0.049476564,0.0,0.99983555,0.0032096752,0.0052768183,0.017050589,0.0074568503,-0.006391586,-0.0010652643,0.0023942017,-0.15083471,9.465476,0.006598647,0.010442637,0.034137934,30.00434684753418,2.324359655380249,0.29216415,-0.48587543,-0.6369626,0.021924693,-0.12800476,-0.37795123,-0.47818014,-0.40145886,-0.040714353,0.15169594,0.2204513,-1.4053792,0.064821914,-1.2084842e-05,0.36008957,-1.9510812,-0.03200119,0.57551223,-1.4195449,0.07304104,0.5485312,-1.4592406,0.016205478,0.669997,-1.2099775,-0.010178588,0.707924,-1.2448871,0.0,0.0,0.0,0.0,0.0,0.0,0.0,0.0,0.0,0.0,0.0,0.0,0.0,0.0,0.0,0.0,-4.0145884,0.21924692,-19.51081,-14.053792,50.0,50.0,50.0,50.0,50.0,50.0,50.0,50.0,50.0,50.0,50.0,50.0,0.0,0.0,0.0,0.0,1.0,1.0,1.0,1.0,1.0,1.0,1.0,1.0,1.0,1.0,1.0,1.0,0.5,0.5,0.5,0.5
1788699159.4873562,85,3.11540099994545,2.2609599999441343,3.062569999997322,0.085982,3.152968,868906,1,1,0.0,0.0,0.0,-0.017689466,0.6419971,-1.391218,0.03416049,0.6402711,-1.3963997,-0.040614694,0.6412893,-1.4231279,0.032924235,0.63910925,-1.4189419,-0.32284927,-0.20576608,-0.13636997,-0.18881065,0.09301257,0.027128667,0.032352198,-0.0077510476,0.0,-0.0060660373,0.0,-0.10851467,0.016176099,-0.023253143,0.07363495,0.018198112,0.0,0.046506286,0.023253143,0.05813286,0.8411016,1.5585117,4.646674,-1.7811563,1.4842969,5.0734096,2.1274922,1.5585117,6.3062005,-1.6327267,1.58325,6.2113705,0.024738282,0.0,0.049476564,-0.074214846,0.99983674,0.0031878713,0.0053079925,0.016978309,0.009587379,0.0021305287,-0.01704423,-0.061052144,-0.20709845,9.485827,0.006555351,0.010506196,0.033993337,30.00434684753418,2.324359655380249,0.29207394,-0.49381638,-0.654045,0.032807816,-0.13507418,-0.36513072,-0.4594982,-0.40849212,-0.028500821,0.12958664,0.21855313,-1.3963844,0.07682754,0.022798933,0.35991222,-1.9497066,-0.033768546,0.57871735,-1.4148746,0.073018484,0.5465459,-1.4635112,0.019206885,0.6756998,-1.2100219,-0.0071252054,0.7023967,-1.2453617,0.0,0.0,0.0,0.0,0.0,0.0,0.0,0.0,0.0,0.0,0.0,0.0,0.0,0.0,0.0,0.0,-4.0849214,0.32807815,-19.497066,-13.963843,50.0,50.0,50.0,50.0,50.0,50.0,50.0,50.0,50.0,50.0,50.0,50.0,0.0,0.0,0.0,0.0,1.0,1.0,1.0,1.0,1.0,1.0,1.0,1.0,1.0,1.0,1.0,1.0,0.5,0.5,0.5,0.5
1788699159.507361,86,3.118056999937835,2.2339539999620683,3.06961000001138,0.079357,3.153511,868926,1,1,0.0,0.0,0.0,-0.017659187,0.64187604,-1.3912338,0.03416049,0.6403317,-1.3963839,-0.040614694,0.641259,-1.4231122,0.032893956,0.63910925,-1.4189419,-0.322819,-0.20576608,-0.13640025,-0.18875009,0.10851467,-0.09301257,0.02426415,0.0,0.08913705,0.012132075,0.019377619,-0.038755238,0.026286162,-0.027128667,-0.0077510476,-0.028308174,0.0077510476,0.03100419,0.019377619,0.046506286,0.86583984,1.5585117,4.788919,-1.8058946,1.4595586,5.0734096,2.1522305,1.58325,6.3062005,-1.6327267,1.5090352,6.2587852,0.024738282,-0.024738282,0.024738282,-0.049476564,0.99983835,0.0032052596,0.0053293495,0.016870387,-0.0010652643,-0.0021305287,0.0042610574,-0.11133038,-0.11611878,9.481039,0.0065897135,0.010549024,0.033777785,30.00434684753418,2.324359655380249,0.29728273,-0.48701105,-0.6463845,0.031312037,-0.13023,-0.36672074,-0.47990942,-0.40514728,-0.038552053,0.17129359,0.20558818,-1.3892686,0.069935836,0.0044767894,0.3631164,-1.9485514,-0.0325575,0.57831985,-1.4199773,0.07432068,0.5482473,-1.461596,0.017483959,0.6711192,-1.2092209,-0.009638013,0.7128234,-1.2486029,0.0,0.0,0.0,0.0,0.0,0.0,0.0,0.0,0.0,0.0,0.0,0.0,0.0,0.0,0.0,0.0,-4.0514727,0.31312037,-19.485514,-13.892687,50.0,50.0,50.0,50.0,50.0,50.0,50.0,50.0,50.0,50.0,50.0,50.0,0.0,0.0,0.0,0.0,1.0,1.0,1.0,1.0,1.0,1.0,1.0,1.0,1.0,1.0,1.0,1.0,0.5,0.5,0.5,0.5
1788699159.5288737,87,4.365030000030856,2.375196999992113,3.7716699999919,2.892559,6.668549,868944,1,1,0.0,0.0,0.0,-0.017719746,0.64190626,-1.3912495,0.03416049,0.6403014,-1.3963839,-0.040675253,0.6413196,-1.4231279,0.032893956,0.63913953,-1.4189103,-0.322819,-0.20579636,-0.13640025,-0.18878037,0.0038755238,-0.038755238,-0.0060660373,0.034879714,0.038755238,0.012132075,-0.06975943,0.015502095,-0.0060660373,-0.038755238,0.05038181,0.026286162,0.015502095,0.08526152,0.0077510476,-0.0077510476,0.86583984,1.4842969,4.788919,-1.8058946,1.4595586,5.0734096,2.1274922,1.4842969,6.4010305,-1.6079884,1.58325,6.2587852,0.0,0.0,0.0,0.0,0.9998378,0.0032284223,0.005327645,0.016897887,-0.0149137005,0.0053263213,0.018109493,-0.017956512,-0.092176765,9.449914,0.0066362666,0.010544651,0.033833027,30.013200759887695,2.324359655380249,0.29950517,-0.49212414,-0.61694384,0.012464326,-0.1250324,-0.38524893,-0.5015497,-0.39131844,-0.052676246,0.18566896,0.20585929,-1.3856354,0.05783123,-0.022775263,0.3507998,-1.9447343,-0.0312581,0.5736878,-1.4253874,0.07487629,0.546969,-1.4542359,0.014457808,0.6643062,-1.2123001,-0.013169061,0.71641725,-1.2485352,0.0,0.0,0.0,0.0,0.0,0.0,0.0,0.0,0.0,0.0,0.0,0.0,0.0,0.0,0.0,0.0,-3.9131844,0.12464326,-19.447344,-13.856354,50.0,50.0,50.0,50.0,50.0,50.0,50.0,50.0,50.0,50.0,50.0,50.0,0.0,0.0,0.0,0.0,1.0,1.0,1.0,1.0,1.0,1.0,1.0,1.0,1.0,1.0,1.0,1.0,0.5,0.5,0.5,0.5
1788699159.5473814,88,2.8874390000055428,2.268289000085133,2.8322400000888592,2.011144,4.847672,868964,1,1,0.0,0.0,0.0,-0.017719746,0.64193654,-1.391218,0.034130216,0.6402711,-1.3963997,-0.040614694,0.64134985,-1.4231122,0.032954514,0.639079,-1.4189103,-0.32284927,-0.20579636,-0.13640025,-0.18878037,0.05813286,-0.054257333,0.032352198,0.046506286,0.023253143,-0.016176099,-0.0038755238,-0.011626571,0.020220125,0.046506286,0.019377619,0.028308174,-0.038755238,0.046506286,-0.038755238,0.0038755238,0.8411016,1.5090352,4.646674,-1.7811563,1.4595586,5.0734096,2.1522305,1.5090352,6.3062005,-1.6327267,1.58325,6.2587852,0.024738282,-0.024738282,0.024738282,-0.074214846,0.99983567,0.0032274972,0.0052997214,0.017034652,-0.0021305287,-0.0074568503,0.013848436,-0.020350715,-0.11252748,9.544485,0.0066349045,0.010487935,0.0341064,30.00434684753418,2.290177822113037,0.29419145,-0.49140054,-0.6346015,0.03479963,-0.12986946,-0.38253412,-0.48842892,-0.40017247,-0.04611534,0.17899011,0.19881392,-1.3894634,0.06780765,-0.016998023,0.3791983,-1.9518293,-0.032467365,0.5743665,-1.4221072,0.07354786,0.5471499,-1.4586504,0.016951913,0.6657505,-1.2052004,-0.011528835,0.71474755,-1.2502965,0.0,0.0,0.0,0.0,0.0,0.0,0.0,0.0,0.0,0.0,0.0,0.0,0.0,0.0,0.0,0.0,-4.0017247,0.34799632,-19.518293,-13.894634,50.0,50.0,50.0,50.0,50.0,50.0,50.0,50.0,50.0,50.0,50.0,50.0,0.0,0.0,0.0,0.0,1.0,1.0,1.0,1.0,1.0,1.0,1.0,1.0,1.0,1.0,1.0,1.0,0.5,0.5,0.5,0.5
1788699159.568864,89,4.364069999951425,2.303199000039058,3.775573999973858,2.908686,6.688516,868984,1,1,0.0,0.0,0.0,-0.017750025,0.6419971,-1.391218,0.034099936,0.6402711,-1.3963997,-0.040584415,0.64138013,-1.4231122,0.032924235,0.6390487,-1.4189419,-0.32287955,-0.20576608,-0.13636997,-0.18878037,0.011626571,0.0,-0.0060660373,-0.046506286,0.015502095,-0.0080880495,0.019377619,-0.023253143,0.02426415,-0.027128667,0.054257333,-0.032352198,-0.08526152,0.046506286,0.015502095,0.011626571,0.86583984,1.5090352,4.646674,-1.8306329,1.4595586,5.0259943,2.1274922,1.58325,6.3062005,-1.6327267,1.58325,6.2113705,0.0,0.0,0.049476564,0.0,0.9998354,0.0032118522,0.0052995197,0.017055262,0.0010652643,0.008522115,-0.008522115,-0.021547815,-0.15083471,9.390059,0.0066038272,0.010487928,0.034147467,30.00434684753418,2.358541488647461,0.28875062,-0.49812093,-0.641555,0.025129665,-0.13585114,-0.36761343,-0.46382177,-0.40189177,-0.029294636,0.13205689,0.20758793,-1.4037921,0.07472344,0.01622767,0.34459552,-1.9493276,-0.033962786,0.5780966,-1.4159554,0.072187655,0.54546976,-1.4603887,0.01868086,0.67405695,-1.2138511,-0.007323659,0.70301425,-1.248103,0.0,0.0,0.0,0.0,0.0,0.0,0.0,0.0,0.0,0.0,0.0,0.0,0.0,0.0,0.0,0.0,-4.0189176,0.25129664,-19.493277,-14.037922,50.0,50.0,50.0,50.0,50.0,50.0,50.0,50.0,50.0,50.0,50.0,50.0,0.0,0.0,0.0,0.0,1.0,1.0,1.0,1.0,1.0,1.0,1.0,1.0,1.0,1.0,1.0,1.0,0.5,0.5,0.5,0.5
1788699159.5884266,90,3.811060999964866,2.3286059999918507,3.762198999993416,2.022599,5.789278,869004,1,1,0.0,0.0,0.0,-0.017719746,0.64193654,-1.3912338,0.034190767,0.6403014,-1.3963997,-0.040644974,0.6413196,-1.4231279,0.032893956,0.63910925,-1.418926,-0.322819,-0.20579636,-0.13643053,-0.18875009,0.0,-0.038755238,0.030330187,0.10463915,0.038755238,-0.018198112,-0.046506286,-0.038755238,-0.0080880495,-0.038755238,0.03100419,-0.0060660373,0.015502095,-0.038755238,-0.038755238,0.04263076,0.86583984,1.5090352,4.599259,-1.8058946,1.4595586,5.0734096,2.2017071,1.58325,6.4010305,-1.6327267,1.58325,6.2587852,0.024738282,-0.024738282,0.0,0.0,0.9998374,0.0032612518,0.00530734,0.016924588,-0.0074568503,0.0010652643,-0.018109493,-0.10175357,-0.12090719,9.506178,0.006701512,0.010502757,0.033886645,30.00434684753418,2.324359655380249,0.28692937,-0.5016584,-0.65210277,0.03456421,-0.1346022,-0.35929576,-0.4588366,-0.3965482,-0.028402116,0.12561291,0.22005972,-1.3971932,0.079340726,0.02720553,0.34292117,-1.9387795,-0.03365055,0.58017606,-1.4147091,0.07173234,0.5445854,-1.4630257,0.019835182,0.6768014,-1.2142696,-0.007100529,0.70140326,-1.244985,0.0,0.0,0.0,0.0,0.0,0.0,0.0,0.0,0.0,0.0,0.0,0.0,0.0,0.0,0.0,0.0,-3.9654822,0.3456421,-19.387794,-13.971931,50.0,50.0,50.0,50.0,50.0,50.0,50.0,50.0,50.0,50.0,50.0,50.0,0.0,0.0,0.0,0.0,1.0,1.0,1.0,1.0,1.0,1.0,1.0,1.0,1.0,1.0,1.0,1.0,0.5,0.5,0.5,0.5
1788699159.608799,91,4.287847000000511,2.375068999981522,4.216810000002624,2.411388,6.632421,869024,1,1,0.0,0.0,0.0,-0.017689466,0.64190626,-1.3912654,0.03416049,0.64036196,-1.3963997,-0.04070553,0.641259,-1.4231279,0.032893956,0.639079,-1.418926,-0.32284927,-0.20579636,-0.13643053,-0.18878037,0.04263076,-0.015502095,-0.026286162,0.023253143,0.10463915,-0.020220125,-0.09301257,-0.038755238,0.020220125,0.046506286,-0.06975943,-0.014154087,-0.046506286,0.0,-0.038755238,-0.011626571,0.8411016,1.5585117,4.646674,-1.7811563,1.5090352,5.0259943,2.2017071,1.5585117,6.3062005,-1.6079884,1.5090352,6.2113705,0.024738282,0.0,0.024738282,0.0,0.9998379,0.0032634272,0.005331005,0.016886434,0.009587379,0.0,0.011717907,-0.06584055,-0.08619126,9.4535055,0.006706263,0.0105502615,0.033810508,30.00434684753418,2.290177822113037,0.29759914,-0.4951167,-0.64284754,0.028705996,-0.12850854,-0.37966293,-0.48795387,-0.39509696,-0.04610394,0.18291499,0.20547926,-1.3925704,0.06701971,-0.0049257614,0.376453,-1.9393338,-0.032127135,0.57508427,-1.4219884,0.074399784,0.54622084,-1.4607118,0.016754927,0.6687686,-1.2058867,-0.011525985,0.71572876,-1.2486302,0.0,0.0,0.0,0.0,0.0,0.0,0.0,0.0,0.0,0.0,0.0,0.0,0.0,0.0,0.0,0.0,-3.9509697,0.28705996,-19.393337,-13.925704,50.0,50.0,50.0,50.0,50.0,50.0,50.0,50.0,50.0,50.0,50.0,50.0,0.0,0.0,0.0,0.0,1.0,1.0,1.0,1.0,1.0,1.0,1.0,1.0,1.0,1.0,1.0,1.0,0.5,0.5,0.5,0.5
1788699159.627247,92,3.0676580000772447,2.1811230000139403,3.0188270000053308,2.014535,5.037202,869044,1,1,0.0,0.0,0.0,-0.017659187,0.64193654,-1.3912338,0.034130216,0.6402711,-1.3963997,-0.040614694,0.6413196,-1.4231279,0.032893956,0.63910925,-1.418926,-0.32284927,-0.20576608,-0.13643053,-0.18875009,0.13951886,-0.019377619,0.012132075,0.019377619,-0.0077510476,-0.028308174,0.0038755238,-0.023253143,-0.010110063,-0.038755238,-0.0077510476,0.0,-0.05813286,0.054257333,-0.038755238,0.038755238,0.86583984,1.5585117,4.599259,-1.7811563,1.4842969,5.0734096,2.2017071,1.5090352,6.3062005,-1.6327267,1.58325,6.2587852,0.0,-0.024738282,0.0,0.0,0.99983644,0.0032389394,0.0052996827,0.016988706,0.0021305287,-0.0149137005,0.01704423,-0.016759412,-0.107739076,9.461885,0.006657304,0.0104877725,0.034014616,30.00434684753418,2.324359655380249,0.29918683,-0.4729162,-0.6382517,0.033242706,-0.12622386,-0.38185498,-0.49585918,-0.39542866,-0.046130262,0.19419372,0.20636272,-1.390385,0.06408399,-0.013072878,0.3844732,-1.9503918,-0.031555966,0.57453626,-1.4239647,0.07479671,0.551771,-1.4595629,0.016020998,0.6667318,-1.2038816,-0.011532566,0.7185484,-1.2484093,0.0,0.0,0.0,0.0,0.0,0.0,0.0,0.0,0.0,0.0,0.0,0.0,0.0,0.0,0.0,0.0,-3.9542866,0.33242705,-19.503918,-13.903851,50.0,50.0,50.0,50.0,50.0,50.0,50.0,50.0,50.0,50.0,50.0,50.0,0.0,0.0,0.0,0.0,1.0,1.0,1.0,1.0,1.0,1.0,1.0,1.0,1.0,1.0,1.0,1.0,0.5,0.5,0.5,0.5
1788699159.6472154,93,3.0382189999045295,2.1972499999947104,2.9881399999567293,1.987016,4.979476,869064,1,1,0.0,0.0,0.0,-0.017750025,0.6420274,-1.391218,0.034099936,0.6403014,-1.3963997,-0.040614694,0.64138013,-1.4231279,0.032924235,0.6390487,-1.4189419,-0.322819,-0.20576608,-0.13636997,-0.18875009,0.019377619,0.05813286,0.026286162,-0.0038755238,0.09301257,-0.0020220124,-0.05038181,-0.05813286,-0.0040440247,-0.054257333,0.0,-0.030330187,0.0038755238,0.027128667,0.0,0.054257333,0.86583984,1.5090352,4.694089,-1.8058946,1.5585117,5.1208243,2.1522305,1.5585117,6.3062005,-1.6327267,1.5090352,6.2587852,0.024738282,-0.024738282,0.0,0.0,0.9998345,0.0032013792,0.0052895374,0.017112274,-0.0074568503,-0.003195793,0.0021305287,0.010773907,-0.17717093,9.520543,0.006583138,0.010467948,0.034261327,30.00434684753418,2.324359655380249,0.29754713,-0.49553698,-0.6426134,0.028102752,-0.13162687,-0.3786829,-0.4955546,-0.3916769,-0.041976266,0.16238365,0.22303277,-1.3944873,0.06797585,0.0013389885,0.35627934,-1.9419798,-0.03290672,0.5753293,-1.4238886,0.07438678,0.54611576,-1.4606533,0.016993962,0.67033476,-1.2109301,-0.010494066,0.7105959,-1.2442417,0.0,0.0,0.0,0.0,0.0,0.0,0.0,0.0,0.0,0.0,0.0,0.0,0.0,0.0,0.0,0.0,-3.916769,0.28102753,-19.419798,-13.944873,50.0,50.0,50.0,50.0,50.0,50.0,50.0,50.0,50.0,50.0,50.0,50.0,0.0,0.0,0.0,0.0,1.0,1.0,1.0,1.0,1.0,1.0,1.0,1.0,1.0,1.0,1.0,1.0,0.5,0.5,0.5,0.5
1788699159.6672475,94,3.0804570000100284,2.287423000097988,3.025963000027332,1.992104,5.022643,869084,1,1,0.0,0.0,0.0,-0.017719746,0.6419668,-1.3912495,0.034130216,0.64024085,-1.3963997,-0.040584415,0.64138013,-1.4231279,0.032954514,0.639079,-1.4189103,-0.322819,-0.20579636,-0.13640025,-0.18878037,0.038755238,-0.0077510476,-0.010110063,0.08526152,-0.038755238,-0.010110063,-0.03100419,0.027128667,-0.0040440247,-0.038755238,0.038755238,0.012132075,0.015502095,0.03100419,-0.038755238,0.011626571,0.86583984,1.5090352,4.788919,-1.7811563,1.4595586,5.0734096,2.2017071,1.6079884,6.3062005,-1.6079884,1.58325,6.2587852,0.024738282,-0.024738282,0.0,-0.049476564,0.9998359,0.003182727,0.005289262,0.017030606,-0.0021305287,-0.006391586,-0.010652643,-0.093373865,-0.20949265,9.446322,0.0065449732,0.010468571,0.03409777,30.00434684753418,2.290177822113037,0.29097396,-0.48525256,-0.65204257,0.03621317,-0.13428003,-0.36142114,-0.47564155,-0.39194697,-0.035686333,0.14825162,0.23257488,-1.3988165,0.075169444,0.01997624,0.35158396,-1.9407943,-0.033570006,0.57964474,-1.4189104,0.07274349,0.54868686,-1.4630105,0.018792361,0.67499405,-1.212104,-0.008921583,0.7070629,-1.2418562,0.0,0.0,0.0,0.0,0.0,0.0,0.0,0.0,0.0,0.0,0.0,0.0,0.0,0.0,0.0,0.0,-3.9194698,0.3621317,-19.407944,-13.988165,50.0,50.0,50.0,50.0,50.0,50.0,50.0,50.0,50.0,50.0,50.0,50.0,0.0,0.0,0.0,0.0,1.0,1.0,1.0,1.0,1.0,1.0,1.0,1.0,1.0,1.0,1.0,1.0,0.5,0.5,0.5,0.5
1788699159.6875136,95,3.0161070000076506,2.390461000004507,2.9705719999810754,2.320255,5.294955,869104,1,1,0.0,0.0,0.0,-0.017689466,0.64193654,-1.3912338,0.03416049,0.6403014,-1.3963997,-0.040644974,0.641259,-1.4231279,0.032893956,0.63913953,-1.4189419,-0.32284927,-0.20576608,-0.13643053,-0.18881065,0.054257333,0.015502095,0.030330187,-0.0038755238,0.038755238,-0.020220125,-0.027128667,-0.038755238,-0.010110063,-0.038755238,0.06200838,-0.042462263,-0.065883905,0.03100419,-0.034879714,-0.06975943,0.86583984,1.5090352,4.646674,-1.8058946,1.5585117,5.1208243,2.2017071,1.5090352,6.3062005,-1.6079884,1.58325,6.2587852,0.024738282,0.0,0.049476564,-0.024738282,0.9998377,0.0032230935,0.0053111296,0.01691363,-0.010652643,-0.0010652643,-0.008522115,-0.08738836,-0.10414778,9.470264,0.0066252155,0.0105117,0.033864345,30.00434684753418,2.290177822113037,0.29321513,-0.49508247,-0.64743584,0.03185944,-0.13478942,-0.3618468,-0.4783375,-0.39365324,-0.03397039,0.14446597,0.22377346,-1.3946273,0.07568257,0.016569123,0.35477582,-1.9409113,-0.033697356,0.57953835,-1.4195843,0.07330378,0.5462294,-1.4618589,0.018920643,0.6741423,-1.211306,-0.008492597,0.7061165,-1.2440566,0.0,0.0,0.0,0.0,0.0,0.0,0.0,0.0,0.0,0.0,0.0,0.0,0.0,0.0,0.0,0.0,-3.9365325,0.3185944,-19.409113,-13.946274,50.0,50.0,50.0,50.0,50.0,50.0,50.0,50.0,50.0,50.0,50.0,50.0,0.0,0.0,0.0,0.0,1.0,1.0,1.0,1.0,1.0,1.0,1.0,1.0,1.0,1.0,1.0,1.0,0.5,0.5,0.5,0.5
1788699159.7094083,96,4.9128539999401255,2.2687360000190893,4.3299899999738045,2.888975,7.223253,869124,1,1,0.0,0.0,0.0,-0.017719746,0.64190626,-1.3912495,0.03416049,0.6402711,-1.3963839,-0.040675253,0.641259,-1.4231279,0.032924235,0.63910925,-1.4189419,-0.322819,-0.20579636,-0.13640025,-0.18875009,-0.0077510476,0.011626571,-0.012132075,0.04263076,0.04263076,-0.0020220124,-0.09301257,-0.03100419,-0.0080880495,0.038755238,0.015502095,-0.04044025,0.0077510476,-0.03100419,0.019377619,0.038755238,0.86583984,1.4842969,4.646674,-1.8058946,1.4595586,5.0734096,2.1522305,1.5585117,6.3062005,-1.6327267,1.5585117,6.2113705,0.024738282,-0.024738282,0.0,-0.049476564,0.9998374,0.003235581,0.005314763,0.016928023,0.0021305287,-0.011717907,0.006391586,-0.06344634,-0.08379706,9.475053,0.0066504627,0.0105184475,0.033893295,30.013200759887695,2.324359655380249,0.2946374,-0.49591014,-0.6388734,0.034223963,-0.1285789,-0.37989488,-0.48912954,-0.39216065,-0.043920122,0.16052496,0.21557589,-1.3951852,0.07010849,-0.00044761598,0.3544601,-1.9405633,-0.032144725,0.5750263,-1.4222823,0.07365935,0.5460225,-1.4597183,0.017527122,0.66988814,-1.2113849,-0.0109800305,0.7101313,-1.246106,0.0,0.0,0.0,0.0,0.0,0.0,0.0,0.0,0.0,0.0,0.0,0.0,0.0,0.0,0.0,0.0,-3.9216065,0.34223962,-19.405634,-13.951853,50.0,50.0,50.0,50.0,50.0,50.0,50.0,50.0,50.0,50.0,50.0,50.0,0.0,0.0,0.0,0.0,1.0,1.0,1.0,1.0,1.0,1.0,1.0,1.0,1.0,1.0,1.0,1.0,0.5,0.5,0.5,0.5
1788699159.727286,97,2.846800000043004,2.158882999992784,2.8064489999906073,1.98052,4.790585,869144,1,1,0.0,0.0,0.0,-0.017750025,0.6419668,-1.391218,0.034099936,0.6402711,-1.3964155,-0.040644974,0.6413196,-1.4231122,0.032893956,0.639079,-1.418926,-0.32284927,-0.20579636,-0.13636997,-0.18878037,0.0,0.023253143,0.036396224,-0.023253143,0.038755238,-0.042462263,-0.06200838,-0.046506286,0.02426415,-0.05038181,0.019377619,0.0020220124,-0.046506286,-0.0077510476,0.027128667,-0.0077510476,0.86583984,1.5090352,4.646674,-1.8306329,1.4595586,5.1208243,2.1522305,1.58325,6.4010305,-1.6327267,1.5585117,6.2113705,0.024738282,-0.024738282,0.0,0.0,0.9998349,0.003230903,0.005312765,0.017076071,0.0010652643,-0.0042610574,0.0053263213,0.029927522,-0.1316811,9.454702,0.0066425973,0.010513627,0.034189377,30.00434684753418,2.290177822113037,0.29691234,-0.49725425,-0.6368457,0.021955792,-0.13090722,-0.37444898,-0.4925195,-0.39592403,-0.045984738,0.15998732,0.22047937,-1.3990102,0.06675933,-0.0023954585,0.35286447,-1.9458033,-0.032726806,0.57638776,-1.4231298,0.074228086,0.5456865,-1.4592113,0.016689833,0.66940117,-1.2117839,-0.011496184,0.7099968,-1.2448801,0.0,0.0,0.0,0.0,0.0,0.0,0.0,0.0,0.0,0.0,0.0,0.0,0.0,0.0,0.0,0.0,-3.9592404,0.21955791,-19.458033,-13.990102,50.0,50.0,50.0,50.0,50.0,50.0,50.0,50.0,50.0,50.0,50.0,50.0,0.0,0.0,0.0,0.0,1.0,1.0,1.0,1.0,1.0,1.0,1.0,1.0,1.0,1.0,1.0,1.0,0.5,0.5,0.5,0.5
1788699159.7475016,98,2.9026700000258643,2.2841269999389624,2.849840000067161,2.033063,4.886871,869164,1,1,0.0,0.0,0.0,-0.017750025,0.6419668,-1.391218,0.034099936,0.64024085,-1.3963997,-0.040614694,0.64138013,-1.4231279,0.032954514,0.639079,-1.4189103,-0.32284927,-0.20576608,-0.13636997,-0.18878037,-0.034879714,-0.023253143,0.02426415,0.0077510476,0.0,-0.016176099,-0.03100419,0.0038755238,-0.0020220124,0.023253143,0.077510476,0.032352198,-0.027128667,0.04263076,0.011626571,-0.015502095,0.89057815,1.5090352,4.646674,-1.7811563,1.4842969,5.0734096,2.1274922,1.5585117,6.3062005,-1.6822032,1.58325,6.2113705,0.049476564,-0.024738282,0.049476564,0.0,0.99983406,0.0032107148,0.005314194,0.017124813,-0.0042610574,-0.0042610574,-0.0010652643,-0.023942016,-0.16639702,9.470264,0.0066027865,0.010516852,0.034286678,30.00434684753418,2.324359655380249,0.29056078,-0.49442795,-0.6429632,0.026617307,-0.13376805,-0.36671263,-0.47929078,-0.40092647,-0.038612828,0.13907062,0.2228698,-1.4031101,0.07208062,0.014572609,0.349233,-1.9451246,-0.033442013,0.5783219,-1.4198227,0.072640195,0.54639304,-1.4607408,0.018020155,0.6736432,-1.2126917,-0.009653207,0.70476764,-1.2442825,0.0,0.0,0.0,0.0,0.0,0.0,0.0,0.0,0.0,0.0,0.0,0.0,0.0,0.0,0.0,0.0,-4.009265,0.26617306,-19.451246,-14.031101,50.0,50.0,50.0,50.0,50.0,50.0,50.0,50.0,50.0,50.0,50.0,50.0,0.0,0.0,0.0,0.0,1.0,1.0,1.0,1.0,1.0,1.0,1.0,1.0,1.0,1.0,1.0,1.0,0.5,0.5,0.5,0.5
1788699159.7673657,99,2.83390499998859,2.2325770000861667,2.784689999998591,2.363006,5.151984,869184,1,1,0.0,0.0,0.0,-0.017750025,0.6419668,-1.3912495,0.034130216,0.6403014,-1.3963997,-0.040644974,0.6413196,-1.4231279,0.032893956,0.63913953,-1.4189419,-0.322819,-0.20579636,-0.13636997,-0.18875009,-0.034879714,0.019377619,0.0,0.011626571,0.038755238,-0.018198112,-0.03100419,-0.0038755238,-0.0080880495,-0.038755238,0.11239019,-0.038418237,0.015502095,-0.019377619,0.04263076,0.038755238,0.86583984,1.4842969,4.646674,-1.8058946,1.4842969,5.0734096,2.1522305,1.5585117,6.3062005,-1.6327267,1.5585117,6.2113705,0.024738282,0.0,0.0,0.0,0.9998367,0.0032307007,0.005323135,0.016972257,0.006391586,-0.006391586,-0.023435814,-0.07182605,-0.16400282,9.469068,0.006641453,0.010535061,0.03398179,30.00434684753418,2.290177822113037,0.28556818,-0.5016842,-0.65861183,0.028301876,-0.13920484,-0.35476613,-0.45573154,-0.3954587,-0.026836243,0.10989922,0.22918636,-1.4061646,0.079779476,0.03770214,0.33503988,-1.9426959,-0.03480121,0.5813085,-1.4139328,0.071392044,0.54457897,-1.4646529,0.019944869,0.67942554,-1.2162399,-0.0067090606,0.69747484,-1.2427033,0.0,0.0,0.0,0.0,0.0,0.0,0.0,0.0,0.0,0.0,0.0,0.0,0.0,0.0,0.0,0.0,-3.954587,0.28301877,-19.426958,-14.061646,50.0,50.0,50.0,50.0,50.0,50.0,50.0,50.0,50.0,50.0,50.0,50.0,0.0,0.0,0.0,0.0,1.0,1.0,1.0,1.0,1.0,1.0,1.0,1.0,1.0,1.0,1.0,1.0,0.5,0.5,0.5,0.5
1788699159.7874238,100,2.8514719999748195,2.2675519999211247,2.810449999969933,1.974792,4.789177,869204,1,1,0.0,0.0,0.0,-0.017689466,0.64190626,-1.3912338,0.03416049,0.6403317,-1.3963839,-0.040675253,0.64122874,-1.4231279,0.032893956,0.63913953,-1.418926,-0.322819,-0.20576608,-0.13643053,-0.18875009,0.05038181,0.0,0.030330187,0.019377619,0.07363495,0.010110063,-0.06200838,-0.05813286,-0.0060660373,-0.03100419,0.038755238,0.0020220124,0.0077510476,0.04263076,-0.038755238,0.03100419,0.89057815,1.5090352,4.599259,-1.8058946,1.4100821,4.978579,2.1522305,1.5090352,6.3062005,-1.6822032,1.5090352,6.2113705,0.0,0.0,0.049476564,0.0,0.99983823,0.0032294681,0.0053205285,0.016880745,0.0021305287,0.003195793,-0.0010652643,-0.09816227,-0.11372458,9.51336,0.006637936,0.010530499,0.033798706,30.00434684753418,2.290177822113037,0.29539838,-0.5042094,-0.6409452,0.029380906,-0.13123286,-0.3701363,-0.47292334,-0.4005251,-0.04231657,0.15368874,0.2100456,-1.3927088,0.06783488,0.008378442,0.34669548,-1.9417857,-0.032808214,0.57746595,-1.4182308,0.073849596,0.5439477,-1.4602363,0.01695872,0.67209464,-1.2133261,-0.010579143,0.7084222,-1.2474885,0.0,0.0,0.0,0.0,0.0,0.0,0.0,0.0,0.0,0.0,0.0,0.0,0.0,0.0,0.0,0.0,-4.005251,0.29380906,-19.417856,-13.927088,50.0,50.0,50.0,50.0,50.0,50.0,50.0,50.0,50.0,50.0,50.0,50.0,0.0,0.0,0.0,0.0,1.0,1.0,1.0,1.0,1.0,1.0,1.0,1.0,1.0,1.0,1.0,1.0,0.5,0.5,0.5,0.5
1788699159.8073404,101,2.7471549999518174,2.1552350000320075,2.6990600000544873,1.997896,4.7007,869224,1,1,0.0,0.0,0.0,-0.017719746,0.64193654,-1.3912495,0.034130216,0.6402711,-1.396368,-0.040584415,0.641259,-1.4231279,0.032924235,0.6390487,-1.418926,-0.32284927,-0.20576608,-0.13640025,-0.18878037,0.0038755238,0.011626571,-0.012132075,0.0077510476,0.0077510476,-0.014154087,0.065883905,-0.05038181,0.0020220124,0.015502095,-0.054257333,0.0040440247,-0.03100419,0.038755238,-0.019377619,-0.0077510476,0.8411016,1.4842969,4.694089,-1.8058946,1.4595586,5.0259943,2.1522305,1.4842969,6.4010305,-1.6327267,1.5090352,6.2587852,0.024738282,0.0,0.0,0.0,0.9998366,0.0032370214,0.005309619,0.016976342,-0.0042610574,0.0021305287,0.009587379,-0.01436521,-0.04309563,9.497798,0.0066536763,0.010507791,0.033989932,30.00434684753418,2.290177822113037,0.29650292,-0.48668185,-0.6507403,0.031820145,-0.13329734,-0.37871787,-0.485536,-0.39243248,-0.038126886,0.16679162,0.21373835,-1.4091156,0.06650622,0.016090125,0.36000058,-1.9418054,-0.033324335,0.57532054,-1.421384,0.07412573,0.54832953,-1.462685,0.016626555,0.67402256,-1.2099998,-0.0095317215,0.71169794,-1.2465653,0.0,0.0,0.0,0.0,0.0,0.0,0.0,0.0,0.0,0.0,0.0,0.0,0.0,0.0,0.0,0.0,-3.9243248,0.31820145,-19.418053,-14.091156,50.0,50.0,50.0,50.0,50.0,50.0,50.0,50.0,50.0,50.0,50.0,50.0,0.0,0.0,0.0,0.0,1.0,1.0,1.0,1.0,1.0,1.0,1.0,1.0,1.0,1.0,1.0,1.0,0.5,0.5,0.5,0.5
1788699159.8293905,102,4.880726999999752,2.3256629999650613,4.305318999968222,2.419292,6.729251,869244,1,1,0.0,0.0,0.0,-0.017719746,0.6419668,-1.3912022,0.034130216,0.6402711,-1.3963997,-0.040614694,0.6414104,-1.4231122,0.032924235,0.6390184,-1.418926,-0.32284927,-0.2057358,-0.13636997,-0.18875009,0.05813286,-0.04263076,0.05863836,0.0,-0.019377619,-0.0040440247,-0.05038181,0.065883905,0.022242136,-0.034879714,-0.05038181,-0.012132075,-0.06200838,0.03100419,0.0038755238,-0.0077510476,0.86583984,1.5585117,4.646674,-1.7811563,1.4595586,5.0259943,2.1522305,1.58325,6.3062005,-1.6079884,1.58325,6.2113705,0.0,-0.024738282,0.049476564,-0.049476564,0.9998354,0.0032192646,0.005278414,0.017062496,-0.0149137005,0.003195793,0.0053263213,0.025139118,-0.17956513,9.495404,0.0066180034,0.0104454225,0.03416187,30.00434684753418,2.2559962272644043,0.29292876,-0.48926857,-0.6351305,0.013617672,-0.13271941,-0.37571535,-0.47969761,-0.39130616,-0.037724078,0.15421528,0.22482961,-1.4139769,0.06822053,0.00894266,0.34010231,-1.9420906,-0.033179853,0.5760712,-1.4199244,0.07323219,0.5476829,-1.4587826,0.017055133,0.67223567,-1.2149744,-0.009431019,0.70855385,-1.2437925,0.0,0.0,0.0,0.0,0.0,0.0,0.0,0.0,0.0,0.0,0.0,0.0,0.0,0.0,0.0,0.0,-3.9130616,0.13617672,-19.420906,-14.139769,50.0,50.0,50.0,50.0,50.0,50.0,50.0,50.0,50.0,50.0,50.0,50.0,0.0,0.0,0.0,0.0,1.0,1.0,1.0,1.0,1.0,1.0,1.0,1.0,1.0,1.0,1.0,1.0,0.5,0.5,0.5,0.5
1788699159.8474267,103,2.8431519999685406,2.2524479999219693,2.7893300000414456,2.00052,4.794138,869264,1,1,0.0,0.0,0.0,-0.017750025,0.6419971,-1.3912022,0.034130216,0.6403317,-1.3963839,-0.040584415,0.64134985,-1.4231122,0.032954514,0.639079,-1.4189103,-0.32284927,-0.20576608,-0.13643053,-0.18875009,-0.023253143,0.023253143,0.05863836,0.015502095,0.12789229,0.014154087,0.011626571,-0.015502095,0.020220125,0.019377619,0.05038181,0.026286162,-0.06200838,0.038755238,-0.065883905,0.054257333,0.8411016,1.5090352,4.694089,-1.8058946,1.5585117,5.0734096,2.1522305,1.5585117,6.3062005,-1.6327267,1.58325,6.2587852,-0.024738282,0.0,0.049476564,-0.049476564,0.9998365,0.0032114126,0.0052756504,0.016999526,0.0021305287,-0.0010652643,-0.011717907,-0.08379706,-0.19632454,9.49301,0.006601549,0.010440581,0.034035806,29.99549102783203,2.2559962272644043,0.28701803,-0.5160691,-0.6567037,0.031869594,-0.13893865,-0.37566105,-0.4581143,-0.39741105,-0.028472908,0.12014846,0.21365309,-1.4042629,0.08038789,0.02168949,0.3385662,-1.9390512,-0.034734663,0.57608473,-1.4145285,0.07175451,0.5409827,-1.4641759,0.020096973,0.6754224,-1.2153584,-0.007118227,0.7000371,-1.2465867,0.0,0.0,0.0,0.0,0.0,0.0,0.0,0.0,0.0,0.0,0.0,0.0,0.0,0.0,0.0,0.0,-3.9741106,0.31869593,-19.39051,-14.042629,50.0,50.0,50.0,50.0,50.0,50.0,50.0,50.0,50.0,50.0,50.0,50.0,0.0,0.0,0.0,0.0,1.0,1.0,1.0,1.0,1.0,1.0,1.0,1.0,1.0,1.0,1.0,1.0,0.5,0.5,0.5,0.5
1788699159.8672514,104,3.0790180001076806,2.147779999972954,3.030698999964443,2.004328,5.039571,869284,1,1,0.0,0.0,0.0,-0.017719746,0.64193654,-1.3912338,0.03416049,0.6403014,-1.3963997,-0.040675253,0.641259,-1.4231122,0.032893956,0.63910925,-1.4189103,-0.32278872,-0.20576608,-0.13640025,-0.18875009,-0.011626571,-0.038755238,0.016176099,0.03100419,0.019377619,-0.016176099,-0.09301257,-0.05038181,0.020220125,-0.038755238,0.023253143,0.016176099,0.06200838,0.027128667,0.019377619,0.038755238,0.8411016,1.58325,4.599259,-1.7811563,1.4842969,5.0734096,2.1522305,1.5585117,6.3062005,-1.6079884,1.5585117,6.2587852,-0.024738282,-0.024738282,0.0,0.0,0.99983835,0.0032503176,0.005282813,0.016883846,0.009587379,-0.0021305287,-0.01704423,-0.11731588,-0.12210429,9.443929,0.0066783857,0.010454353,0.033804864,30.00434684753418,2.290177822113037,0.28649962,-0.5033147,-0.6528609,0.036526438,-0.13452323,-0.36053482,-0.45880622,-0.398335,-0.029356625,0.12545958,0.22207299,-1.4023216,0.07754282,0.024074005,0.33999705,-1.9428283,-0.033630807,0.5798663,-1.4147015,0.071624905,0.54417133,-1.4632151,0.019385705,0.67601854,-1.2150006,-0.007339156,0.70136493,-1.2444817,0.0,0.0,0.0,0.0,0.0,0.0,0.0,0.0,0.0,0.0,0.0,0.0,0.0,0.0,0.0,0.0,-3.98335,0.3652644,-19.428284,-14.023216,50.0,50.0,50.0,50.0,50.0,50.0,50.0,50.0,50.0,50.0,50.0,50.0,0.0,0.0,0.0,0.0,1.0,1.0,1.0,1.0,1.0,1.0,1.0,1.0,1.0,1.0,1.0,1.0,0.5,0.5,0.5,0.5
1788699159.8872871,105,3.0442659999607713,2.0946930000036446,3.000714999984666,0.072862,3.077321,869306,1,1,0.0,0.0,0.0,-0.017719746,0.64190626,-1.3912495,0.034130216,0.6402711,-1.3963997,-0.040614694,0.6412893,-1.4231279,0.032893956,0.63910925,-1.418926,-0.32284927,-0.20576608,-0.13640025,-0.18875009,0.019377619,-0.046506286,0.0040440247,-0.011626571,-0.0038755238,-0.020220125,0.034879714,-0.0038755238,-0.0080880495,-0.046506286,0.0,0.0,-0.06200838,0.038755238,-0.011626571,0.046506286,0.86583984,1.5585117,4.646674,-1.7811563,1.4842969,5.0259943,2.1522305,1.5090352,6.3062005,-1.6079884,1.5090352,6.2113705,0.024738282,-0.024738282,0.049476564,0.0,0.9998384,0.003264412,0.005300133,0.0168696,-0.0010652643,-0.0074568503,0.0042610574,-0.02633622,-0.088585466,9.470264,0.006707009,0.010488606,0.033776633,30.00434684753418,2.290177822113037,0.2938346,-0.482461,-0.6552431,0.027355883,-0.13320307,-0.3630321,-0.4826742,-0.39514866,-0.041126356,0.15600325,0.22150229,-1.4042839,0.07163358,0.010015622,0.3579173,-1.9486579,-0.03330077,0.579242,-1.4206685,0.07345865,0.5493848,-1.4638107,0.017908394,0.67250395,-1.2105206,-0.010281589,0.7090008,-1.2446244,0.0,0.0,0.0,0.0,0.0,0.0,0.0,0.0,0.0,0.0,0.0,0.0,0.0,0.0,0.0,0.0,-3.9514866,0.27355883,-19.486578,-14.042839,50.0,50.0,50.0,50.0,50.0,50.0,50.0,50.0,50.0,50.0,50.0,50.0,0.0,0.0,0.0,0.0,1.0,1.0,1.0,1.0,1.0,1.0,1.0,1.0,1.0,1.0,1.0,1.0,0.5,0.5,0.5,0.5
1788699159.9072711,106,3.0873690000134957,2.073669999958838,3.0395630000157325,0.077341,3.12084,869325,1,1,0.0,0.0,0.0,-0.017750025,0.6419668,-1.391218,0.034130216,0.6403014,-1.3963997,-0.040644974,0.64134985,-1.4231122,0.032893956,0.6390487,-1.4189103,-0.322819,-0.20579636,-0.13636997,-0.18875009,0.0,0.0077510476,0.018198112,0.05813286,0.12014124,-0.020220125,-0.06200838,-0.015502095,0.030330187,-0.08526152,-0.015502095,0.030330187,0.0077510476,-0.015502095,-0.046506286,0.06200838,0.86583984,1.5090352,4.646674,-1.7811563,1.4842969,5.1208243,2.1522305,1.58325,6.4010305,-1.6327267,1.5090352,6.2113705,0.0,0.0,0.0,0.0,0.99983656,0.0032224401,0.0052679316,0.016995067,0.0010652643,-0.0074568503,0.006391586,0.0,-0.079008654,9.497798,0.006623292,0.010424799,0.034026947,30.00434684753418,2.2218143939971924,0.29541302,-0.494493,-0.63999104,0.03026526,-0.12922585,-0.37861595,-0.49991655,-0.39675653,-0.04644581,0.15982766,0.22066978,-1.393323,0.06727336,-0.00795912,0.3518092,-1.9411321,-0.032306463,0.57534605,-1.4249791,0.073853254,0.54637676,-1.4599977,0.01681834,0.66801023,-1.2120477,-0.011611452,0.70995694,-1.2448325,0.0,0.0,0.0,0.0,0.0,0.0,0.0,0.0,0.0,0.0,0.0,0.0,0.0,0.0,0.0,0.0,-3.9675653,0.3026526,-19.41132,-13.933229,50.0,50.0,50.0,50.0,50.0,50.0,50.0,50.0,50.0,50.0,50.0,50.0,0.0,0.0,0.0,0.0,1.0,1.0,1.0,1.0,1.0,1.0,1.0,1.0,1.0,1.0,1.0,1.0,0.5,0.5,0.5,0.5
1788699159.9272423,107,3.075626000054399,2.435099000081209,3.018795000002683,2.036263,5.059186,869344,1,1,0.0,0.0,0.0,-0.017719746,0.6419971,-1.3912338,0.034099936,0.6402711,-1.3963997,-0.040614694,0.64134985,-1.4231122,0.032893956,0.6390487,-1.4189419,-0.322819,-0.20579636,-0.13640025,-0.18878037,0.038755238,0.011626571,0.020220125,-0.0077510476,0.015502095,-0.0020220124,-0.046506286,-0.06975943,0.026286162,-0.09301257,0.0,-0.032352198,0.0077510476,0.0,0.0,0.019377619,0.86583984,1.5585117,4.694089,-1.8058946,1.4842969,5.0734096,2.1522305,1.5585117,6.3062005,-1.6327267,1.5090352,6.2587852,0.0,-0.024738282,0.0,0.0,0.99983597,0.0032144757,0.0052679186,0.017030971,-0.01704423,0.006391586,0.0,-0.04070143,-0.1364695,9.48463,0.006607739,0.010424807,0.03409868,30.00434684753418,2.2559962272644043,0.29714203,-0.4903649,-0.63232756,0.014036827,-0.128296,-0.37435424,-0.49414957,-0.39574054,-0.046580926,0.16340029,0.23018533,-1.4023461,0.061740093,0.0009504333,0.33521566,-1.9419824,-0.032074,0.5764115,-1.4235374,0.07428551,0.5474088,-1.4580818,0.015435023,0.6702376,-1.2161961,-0.011645231,0.7108501,-1.2424536,0.0,0.0,0.0,0.0,0.0,0.0,0.0,0.0,0.0,0.0,0.0,0.0,0.0,0.0,0.0,0.0,-3.9574053,0.14036827,-19.419825,-14.023461,50.0,50.0,50.0,50.0,50.0,50.0,50.0,50.0,50.0,50.0,50.0,50.0,0.0,0.0,0.0,0.0,1.0,1.0,1.0,1.0,1.0,1.0,1.0,1.0,1.0,1.0,1.0,1.0,0.5,0.5,0.5,0.5
1788699159.947246,108,3.0846810000184632,2.164226999980201,3.03489099997023,1.996936,5.036658,869364,1,1,0.0,0.0,0.0,-0.017719746,0.6419668,-1.3912495,0.034130216,0.6403014,-1.3963839,-0.040644974,0.6413196,-1.4231122,0.032893956,0.639079,-1.4189103,-0.32284927,-0.20579636,-0.13640025,-0.18875009,-0.0038755238,0.0077510476,-0.0020220124,0.019377619,0.038755238,0.012132075,-0.038755238,-0.038755238,0.016176099,-0.034879714,0.0038755238,0.010110063,-0.06200838,-0.019377619,-0.0038755238,0.0,0.86583984,1.5090352,4.646674,-1.8801094,1.4595586,5.0734096,2.1522305,1.5585117,6.3062005,-1.6327267,1.58325,6.2587852,0.024738282,-0.024738282,0.049476564,0.0,0.99983823,0.0032470974,0.0052621556,0.016896266,0.011717907,0.006391586,-0.009587379,-0.06943185,-0.15322891,9.458294,0.006671375,0.010413069,0.033829525,30.00434684753418,2.2559962272644043,0.28878474,-0.5042592,-0.64998114,0.029405277,-0.13483238,-0.37005216,-0.47301787,-0.40297225,-0.036024045,0.13760222,0.21903701,-1.4056269,0.07157888,0.01148089,0.34067735,-1.9451442,-0.033708096,0.577487,-1.4182544,0.072196186,0.5439352,-1.4624952,0.01789472,0.6728702,-1.2148306,-0.009006011,0.7044006,-1.2452407,0.0,0.0,0.0,0.0,0.0,0.0,0.0,0.0,0.0,0.0,0.0,0.0,0.0,0.0,0.0,0.0,-4.0297227,0.29405278,-19.451443,-14.056269,50.0,50.0,50.0,50.0,50.0,50.0,50.0,50.0,50.0,50.0,50.0,50.0,0.0,0.0,0.0,0.0,1.0,1.0,1.0,1.0,1.0,1.0,1.0,1.0,1.0,1.0,1.0,1.0,0.5,0.5,0.5,0.5
1788699159.9672182,109,3.0866339999420234,2.087461999963125,3.036459000099967,2.001576,5.041875,869384,1,1,0.0,0.0,0.0,-0.017659187,0.64190626,-1.3912338,0.03416049,0.6403014,-1.3963839,-0.040644974,0.6413196,-1.4231122,0.032863677,0.63913953,-1.4189419,-0.32287955,-0.20576608,-0.13646081,-0.18875009,0.07363495,-0.027128667,0.036396224,0.034879714,0.03100419,0.0,0.0,0.07363495,0.026286162,-0.09301257,0.038755238,-0.044484273,0.0077510476,0.038755238,-0.065883905,0.03100419,0.86583984,1.58325,4.646674,-1.8058946,1.4842969,4.978579,2.1274922,1.5585117,6.4010305,-1.6079884,1.58325,6.2587852,0.024738282,-0.024738282,0.024738282,0.0,0.9998393,0.003242877,0.0052736183,0.01682741,-0.009587379,-0.0074568503,0.0021305287,-0.061052144,-0.11492168,9.479841,0.006662606,0.010436593,0.03369182,30.00434684753418,2.2559962272644043,0.29157043,-0.49391067,-0.64045936,0.021997016,-0.13066363,-0.37438318,-0.48228702,-0.39451498,-0.041423567,0.16239904,0.21233903,-1.3973714,0.06863612,0.0015841946,0.34571993,-1.9442466,-0.03266591,0.5764042,-1.4205717,0.072892606,0.5465224,-1.4601148,0.01715903,0.6703961,-1.21357,-0.010355892,0.7105998,-1.2469152,0.0,0.0,0.0,0.0,0.0,0.0,0.0,0.0,0.0,0.0,0.0,0.0,0.0,0.0,0.0,0.0,-3.94515,0.21997017,-19.442467,-13.973714,50.0,50.0,50.0,50.0,50.0,50.0,50.0,50.0,50.0,50.0,50.0,50.0,0.0,0.0,0.0,0.0,1.0,1.0,1.0,1.0,1.0,1.0,1.0,1.0,1.0,1.0,1.0,1.0,0.5,0.5,0.5,0.5
1788699159.9872365,110,3.0455140000640313,2.1169010000221533,2.998860000047898,0.074398,3.076682,869406,1,1,0.0,0.0,0.0,-0.017719746,0.64190626,-1.3912495,0.034099936,0.64024085,-1.3963839,-0.040644974,0.6412893,-1.4231122,0.032924235,0.639079,-1.418926,-0.322819,-0.20576608,-0.13640025,-0.18875009,-0.023253143,-0.038755238,0.0040440247,-0.04263076,-0.054257333,0.0080880495,-0.03100419,-0.027128667,0.032352198,0.015502095,0.034879714,-0.032352198,-0.0038755238,0.046506286,0.0077510476,0.011626571,0.86583984,1.5585117,4.694089,-1.7811563,1.4595586,5.0734096,2.1522305,1.5090352,6.3062005,-1.6079884,1.5090352,6.2113705,0.0,-0.024738282,0.0,-0.074214846,0.9998372,0.0031966749,0.0052598896,0.016966417,-0.0053263213,-0.0021305287,0.020240022,-0.031124622,-0.108936176,9.436746,0.006571194,0.010409783,0.03396931,30.013200759887695,2.290177822113037,0.30002892,-0.47985,-0.6267066,0.0074481815,-0.12574941,-0.37536782,-0.4970423,-0.39501962,-0.049643308,0.17804511,0.21981059,-1.4014387,0.058211368,-0.011517428,0.35232157,-1.9514067,-0.031437352,0.57615805,-1.4242605,0.07500723,0.5500375,-1.4566766,0.014552842,0.66712064,-1.2119195,-0.012410827,0.7145113,-1.2450473,0.0,0.0,0.0,0.0,0.0,0.0,0.0,0.0,0.0,0.0,0.0,0.0,0.0,0.0,0.0,0.0,-3.9501963,0.074481815,-19.514067,-14.014387,50.0,50.0,50.0,50.0,50.0,50.0,50.0,50.0,50.0,50.0,50.0,50.0,0.0,0.0,0.0,0.0,1.0,1.0,1.0,1.0,1.0,1.0,1.0,1.0,1.0,1.0,1.0,1.0,0.5,0.5,0.5,0.5
1788699160.0071974,111,2.938415000016903,2.198340000063581,2.8928799999903276,0.077918,2.974574,869426,1,1,0.0,0.0,0.0,-0.017719746,0.6419668,-1.391218,0.034099936,0.6402711,-1.3963997,-0.040584415,0.64138013,-1.4231122,0.032924235,0.639079,-1.418926,-0.322819,-0.20579636,-0.13636997,-0.18878037,0.027128667,-0.038755238,0.016176099,0.0038755238,0.04263076,-0.016176099,-0.023253143,-0.034879714,0.026286162,-0.038755238,0.06200838,-0.0020220124,-0.011626571,-0.046506286,0.0,0.019377619,0.86583984,1.5585117,4.599259,-1.8058946,1.4842969,5.0734096,2.1522305,1.5585117,6.3062005,-1.6327267,1.58325,6.2113705,-0.024738282,-0.024738282,0.0,0.0,0.99983555,0.0031794384,0.005246067,0.017065026,-0.0010652643,0.010652643,0.0053263213,0.0,-0.18076223,9.483433,0.0065372786,0.01038208,0.034166288,30.00434684753418,2.2559962272644043,0.29467177,-0.4945394,-0.6326682,0.015104625,-0.12941778,-0.37613234,-0.47850177,-0.3983218,-0.043874912,0.15654163,0.20650138,-1.4017575,0.06437559,-0.0047726296,0.34606862,-1.9471443,-0.032354444,0.57596695,-1.4196254,0.07366794,0.54636514,-1.458167,0.016093897,0.66880685,-1.2134829,-0.010968728,0.7091354,-1.2483746,0.0,0.0,0.0,0.0,0.0,0.0,0.0,0.0,0.0,0.0,0.0,0.0,0.0,0.0,0.0,0.0,-3.9832182,0.15104625,-19.471443,-14.017574,50.0,50.0,50.0,50.0,50.0,50.0,50.0,50.0,50.0,50.0,50.0,50.0,0.0,0.0,0.0,0.0,1.0,1.0,1.0,1.0,1.0,1.0,1.0,1.0,1.0,1.0,1.0,1.0,0.5,0.5,0.5,0.5
1788699160.0271525,112,2.970509999954629,2.1573159999661584,2.9246870000179115,0.074974,3.003213,869446,1,1,0.0,0.0,0.0,-0.017719746,0.6419668,-1.3912654,0.034130216,0.6403014,-1.3963997,-0.040644974,0.64134985,-1.4231279,0.032924235,0.639079,-1.4189103,-0.32284927,-0.20576608,-0.13643053,-0.18878037,0.03100419,-0.034879714,-0.03437421,0.034879714,0.081386,0.0,-0.08526152,0.0038755238,-0.0060660373,-0.0038755238,0.06200838,0.014154087,-0.081386,0.038755238,-0.06975943,0.023253143,0.86583984,1.5585117,4.646674,-1.8058946,1.4595586,5.1208243,2.1522305,1.5090352,6.4010305,-1.6327267,1.5585117,6.2587852,0.024738282,-0.024738282,0.0,0.0,0.9998365,0.0031556448,0.00524464,0.017014794,0.0149137005,-0.003195793,-0.021305285,-0.08020575,-0.18555063,9.423578,0.0064891255,0.010380367,0.03406555,30.00434684753418,2.290177822113037,0.28738296,-0.51180553,-0.6541505,0.031500917,-0.13568486,-0.35076243,-0.45813784,-0.4107961,-0.032654878,0.12484429,0.21517628,-1.3902844,0.0791461,0.018104717,0.34676054,-1.9432353,-0.033921216,0.5823094,-1.4145344,0.07184574,0.54204863,-1.4635376,0.019786526,0.6745262,-1.2133098,-0.008163719,0.7012111,-1.2462059,0.0,0.0,0.0,0.0,0.0,0.0,0.0,0.0,0.0,0.0,0.0,0.0,0.0,0.0,0.0,0.0,-4.107961,0.31500918,-19.432352,-13.902844,50.0,50.0,50.0,50.0,50.0,50.0,50.0,50.0,50.0,50.0,50.0,50.0,0.0,0.0,0.0,0.0,1.0,1.0,1.0,1.0,1.0,1.0,1.0,1.0,1.0,1.0,1.0,1.0,0.5,0.5,0.5,0.5
1788699160.0486832,113,3.978129999950397,2.311936999944919,3.9221950000865036,1.931979,5.857822,869464,1,1,0.0,0.0,0.0,-0.017659187,0.64190626,-1.3912654,0.03416049,0.6403014,-1.3963839,-0.040614694,0.641259,-1.4230963,0.032893956,0.63913953,-1.4189419,-0.322819,-0.20576608,-0.13640025,-0.18875009,0.077510476,-0.05038181,-0.026286162,0.015502095,0.046506286,0.0080880495,0.03100419,-0.034879714,0.054594334,-0.038755238,0.09301257,-0.036396224,-0.015502095,0.05038181,0.019377619,0.046506286,0.86583984,1.4842969,4.646674,-1.8058946,1.4100821,5.0734096,2.1522305,1.58325,6.3062005,-1.6079884,1.5090352,6.2113705,0.0,0.0,0.0,-0.049476564,0.99983877,0.0031593249,0.0052394317,0.016887289,-0.0053263213,-0.006391586,-0.021305285,-0.10295067,-0.12210429,9.515755,0.0064949845,0.010370655,0.033810496,30.00434684753418,2.290177822113037,0.28869832,-0.49926755,-0.6661473,0.033827547,-0.13635209,-0.35256934,-0.45733723,-0.40360206,-0.027772997,0.13304736,0.21268289,-1.3940599,0.07907187,0.026018947,0.34934518,-1.9460775,-0.034088023,0.5818577,-1.4143343,0.07217458,0.5451831,-1.4665368,0.019767968,0.67650473,-1.2126637,-0.006943249,0.70326185,-1.2468293,0.0,0.0,0.0,0.0,0.0,0.0,0.0,0.0,0.0,0.0,0.0,0.0,0.0,0.0,0.0,0.0,-4.0360208,0.33827546,-19.460775,-13.940599,50.0,50.0,50.0,50.0,50.0,50.0,50.0,50.0,50.0,50.0,50.0,50.0,0.0,0.0,0.0,0.0,1.0,1.0,1.0,1.0,1.0,1.0,1.0,1.0,1.0,1.0,1.0,1.0,0.5,0.5,0.5,0.5
1788699160.0720623,114,6.573738000042795,2.552217000015844,6.528043999992406,2.96811,9.500378,869484,1,1,0.0,0.0,0.0,-0.017689466,0.64190626,-1.391218,0.034099936,0.6402711,-1.3963997,-0.040614694,0.641259,-1.4231279,0.032893956,0.639079,-1.4189419,-0.32284927,-0.20576608,-0.13640025,-0.18878037,0.023253143,0.0,0.0485283,-0.054257333,0.0,-0.028308174,0.054257333,-0.015502095,-0.0060660373,-0.015502095,-0.034879714,-0.032352198,-0.04263076,0.03100419,0.015502095,-0.023253143,0.86583984,1.5090352,4.646674,-1.8058946,1.4842969,5.0259943,2.1274922,1.5090352,6.3062005,-1.6327267,1.5090352,6.2587852,0.024738282,-0.024738282,0.0,0.0,0.99983853,0.0031716034,0.0052425186,0.016900111,-0.0010652643,-0.003195793,0.0053263213,-0.045489833,-0.059855044,9.491813,0.0065197763,0.0103763295,0.033836298,30.00434684753418,2.290177822113037,0.29484263,-0.48007852,-0.6638683,0.030167457,-0.13615508,-0.36366943,-0.48331496,-0.3915096,-0.033634145,0.15368608,0.22307703,-1.4091027,0.072121255,0.024617089,0.35672385,-1.9378239,-0.03403877,0.57908267,-1.4208287,0.07371066,0.5499804,-1.465967,0.018030314,0.6761543,-1.210819,-0.008408536,0.7084215,-1.2442307,0.0,0.0,0.0,0.0,0.0,0.0,0.0,0.0,0.0,0.0,0.0,0.0,0.0,0.0,0.0,0.0,-3.9150958,0.30167457,-19.378239,-14.091026,50.0,50.0,50.0,50.0,50.0,50.0,50.0,50.0,50.0,50.0,50.0,50.0,0.0,0.0,0.0,0.0,1.0,1.0,1.0,1.0,1.0,1.0,1.0,1.0,1.0,1.0,1.0,1.0,0.5,0.5,0.5,0.5
1788699160.0880194,115,3.5685420000390877,2.2321300000385236,3.523582999946484,0.093949,3.621404,869506,1,1,0.0,0.0,0.0,-0.017719746,0.64193654,-1.3912338,0.034099936,0.64024085,-1.3963997,-0.040584415,0.6413196,-1.4231122,0.032954514,0.639079,-1.4189419,-0.322819,-0.20576608,-0.13643053,-0.18875009,0.011626571,-0.038755238,0.0020220124,-0.011626571,0.0038755238,-0.014154087,0.054257333,-0.038755238,0.022242136,0.023253143,0.038755238,-0.032352198,-0.011626571,0.03100419,-0.05038181,0.06975943,0.86583984,1.58325,4.646674,-1.8306329,1.4100821,5.1208243,2.1522305,1.5585117,6.4010305,-1.6822032,1.5585117,6.2113705,0.024738282,0.0,0.024738282,0.0,0.99983585,0.0031565619,0.0052446662,0.017055862,-0.003195793,0.0042610574,0.021305285,0.033518825,-0.1592144,9.482236,0.0064913863,0.010380121,0.03414771,30.013200759887695,2.2559962272644043,0.29620397,-0.4747417,-0.64287823,0.017821852,-0.1310282,-0.379547,-0.48786497,-0.39558604,-0.03763178,0.17611922,0.20565924,-1.4139401,0.06253689,0.0024674274,0.36966777,-1.9556521,-0.03275705,0.5751133,-1.4219662,0.07405099,0.5513146,-1.4607195,0.015634222,0.67061687,-1.207583,-0.009407945,0.71402985,-1.2485851,0.0,0.0,0.0,0.0,0.0,0.0,0.0,0.0,0.0,0.0,0.0,0.0,0.0,0.0,0.0,0.0,-3.9558604,0.17821851,-19.55652,-14.1394005,50.0,50.0,50.0,50.0,50.0,50.0,50.0,50.0,50.0,50.0,50.0,50.0,0.0,0.0,0.0,0.0,1.0,1.0,1.0,1.0,1.0,1.0,1.0,1.0,1.0,1.0,1.0,1.0,0.5,0.5,0.5,0.5
1788699160.10897,116,4.522339000004649,2.389982000067903,4.481732000044758,0.085022,4.57053,869526,1,1,0.0,0.0,0.0,-0.017719746,0.6419668,-1.3912338,0.034099936,0.64024085,-1.3963997,-0.040644974,0.64134985,-1.4231122,0.032954514,0.639079,-1.418926,-0.322819,-0.20576608,-0.13636997,-0.18875009,0.023253143,-0.0077510476,0.020220125,-0.011626571,0.034879714,-0.014154087,-0.09301257,-0.038755238,0.026286162,0.015502095,0.054257333,0.0,0.0038755238,0.019377619,0.015502095,0.081386,0.86583984,1.5090352,4.694089,-1.8306329,1.4842969,5.1208243,2.1274922,1.5585117,6.4010305,-1.6822032,1.58325,6.2587852,0.049476564,-0.024738282,0.024738282,0.0,0.99983513,0.003133644,0.00525164,0.017097613,0.0010652643,0.008522115,-0.0053263213,-0.02633622,-0.17956513,9.519346,0.0064462284,0.01039458,0.034231033,30.00434684753418,2.290177822113037,0.28858083,-0.5027161,-0.6383282,0.01916818,-0.13319182,-0.3702366,-0.4675535,-0.40624115,-0.032625534,0.1385195,0.20755269,-1.4026741,0.07001337,0.007437527,0.35270122,-1.9479741,-0.033297956,0.57744086,-1.4168884,0.07214521,0.544321,-1.459582,0.017503342,0.6718594,-1.2118247,-0.008156383,0.7046299,-1.2481117,0.0,0.0,0.0,0.0,0.0,0.0,0.0,0.0,0.0,0.0,0.0,0.0,0.0,0.0,0.0,0.0,-4.0624113,0.1916818,-19.47974,-14.026741,50.0,50.0,50.0,50.0,50.0,50.0,50.0,50.0,50.0,50.0,50.0,50.0,0.0,0.0,0.0,0.0,1.0,1.0,1.0,1.0,1.0,1.0,1.0,1.0,1.0,1.0,1.0,1.0,0.5,0.5,0.5,0.5
1788699160.1291,117,4.269707000048584,2.403069000024516,4.2178360000662,1.917003,6.139255,869544,1,1,0.0,0.0,0.0,-0.017750025,0.64193654,-1.3912338,0.034130216,0.6402711,-1.3963839,-0.040644974,0.6413196,-1.4231122,0.032893956,0.639079,-1.4189103,-0.32284927,-0.20576608,-0.13643053,-0.18878037,-0.07363495,-0.019377619,0.018198112,0.019377619,0.04263076,0.016176099,-0.038755238,0.0038755238,0.022242136,-0.038755238,0.023253143,0.032352198,-0.05813286,0.077510476,-0.046506286,0.015502095,0.8411016,1.5585117,4.646674,-1.7811563,1.4595586,5.0259943,2.1522305,1.58325,6.4010305,-1.6327267,1.5090352,6.2587852,0.049476564,-0.024738282,0.024738282,-0.049476564,0.99983686,0.0031671831,0.0052718883,0.016986651,0.008522115,0.0010652643,-0.020240022,-0.12569559,-0.16160862,9.441534,0.006512836,0.010434646,0.03400956,29.99549102783203,2.2559962272644043,0.2810093,-0.5169209,-0.6538822,0.0267873,-0.13812746,-0.3615182,-0.45594534,-0.4035984,-0.029392146,0.10700267,0.21856329,-1.4090018,0.080414735,0.025203152,0.32492793,-1.9420862,-0.034531865,0.5796205,-1.4139863,0.07025232,0.5407698,-1.4634705,0.020103684,0.6763008,-1.218768,-0.0073480364,0.6967507,-1.2453592,0.0,0.0,0.0,0.0,0.0,0.0,0.0,0.0,0.0,0.0,0.0,0.0,0.0,0.0,0.0,0.0,-4.035984,0.267873,-19.420862,-14.090018,50.0,50.0,50.0,50.0,50.0,50.0,50.0,50.0,50.0,50.0,50.0,50.0,0.0,0.0,0.0,0.0,1.0,1.0,1.0,1.0,1.0,1.0,1.0,1.0,1.0,1.0,1.0,1.0,0.5,0.5,0.5,0.5
1788699160.1474342,118,2.9214560000809797,2.3156160000326054,2.8692969999610796,2.055943,4.928984,869564,1,1,0.0,0.0,0.0,-0.017689466,0.64190626,-1.3912654,0.034099936,0.6402711,-1.3963997,-0.040644974,0.641259,-1.4231122,0.032893956,0.63910925,-1.418926,-0.32284927,-0.20576608,-0.13643053,-0.18875009,0.023253143,-0.0077510476,-0.038418237,-0.07363495,-0.0077510476,-0.020220125,-0.0038755238,-0.015502095,0.026286162,-0.038755238,0.0077510476,0.0020220124,-0.038755238,0.027128667,-0.04263076,0.038755238,0.8411016,1.5585117,4.694089,-1.7811563,1.4842969,5.0734096,2.1522305,1.5585117,6.3062005,-1.6079884,1.58325,6.2113705,0.0,-0.024738282,0.0,0.0,0.9998385,0.0031833542,0.005291972,0.016885215,0.009587379,-0.003195793,-0.0053263213,-0.10654198,-0.1340753,9.478644,0.0065447967,0.010474923,0.03380696,30.00434684753418,2.290177822113037,0.28931797,-0.48984596,-0.65585506,0.02014722,-0.13724248,-0.35916752,-0.47634822,-0.39467177,-0.034388557,0.13115014,0.23051845,-1.4126266,0.07302496,0.027269553,0.33820105,-1.9426214,-0.03431062,0.5802081,-1.419087,0.07232949,0.5475385,-1.4639637,0.01825624,0.6768174,-1.2154497,-0.008597139,0.7027876,-1.2423704,0.0,0.0,0.0,0.0,0.0,0.0,0.0,0.0,0.0,0.0,0.0,0.0,0.0,0.0,0.0,0.0,-3.9467177,0.2014722,-19.426214,-14.1262665,50.0,50.0,50.0,50.0,50.0,50.0,50.0,50.0,50.0,50.0,50.0,50.0,0.0,0.0,0.0,0.0,1.0,1.0,1.0,1.0,1.0,1.0,1.0,1.0,1.0,1.0,1.0,1.0,0.5,0.5,0.5,0.5
1788699160.1687992,119,4.5531540000638415,2.835985999922741,4.491843999971934,0.100157,4.596705,869586,1,1,0.0,0.0,0.0,-0.017750025,0.64193654,-1.3912338,0.034130216,0.64024085,-1.3963997,-0.040644974,0.6413196,-1.4231122,0.032924235,0.639079,-1.418926,-0.32284927,-0.20579636,-0.13643053,-0.18875009,-0.05038181,0.0,0.012132075,0.015502095,-0.019377619,-0.020220125,-0.054257333,0.0077510476,-0.0040440247,0.0,0.0,-0.0040440247,-0.04263076,-0.015502095,-0.04263076,0.054257333,0.86583984,1.5585117,4.646674,-1.7811563,1.4842969,5.0259943,2.1522305,1.5585117,6.4484453,-1.6079884,1.58325,6.2587852,0.024738282,-0.024738282,0.0,0.0,0.9998368,0.0031543095,0.0052996515,0.016986098,-0.013848436,-0.008522115,0.02237055,-0.020350715,-0.12090719,9.475053,0.006488031,0.0104906075,0.034008514,30.00434684753418,2.2559962272644043,0.29891735,-0.47778776,-0.6307862,0.004311923,-0.12738843,-0.3797652,-0.5070304,-0.39195335,-0.053595133,0.16755207,0.23002411,-1.4071093,0.06013251,-0.0058187097,0.34757468,-1.9409863,-0.03184711,0.5750587,-1.4267576,0.07472934,0.5505531,-1.4576964,0.015033128,0.66854537,-1.2131063,-0.013398783,0.711888,-1.2424939,0.0,0.0,0.0,0.0,0.0,0.0,0.0,0.0,0.0,0.0,0.0,0.0,0.0,0.0,0.0,0.0,-3.9195335,0.04311923,-19.409863,-14.071093,50.0,50.0,50.0,50.0,50.0,50.0,50.0,50.0,50.0,50.0,50.0,50.0,0.0,0.0,0.0,0.0,1.0,1.0,1.0,1.0,1.0,1.0,1.0,1.0,1.0,1.0,1.0,1.0,0.5,0.5,0.5,0.5
1788699160.1873994,120,3.0853229999365794,2.4470689999134265,3.0330040000308145,0.093437,3.130729,869606,1,1,0.0,0.0,0.0,-0.017750025,0.6419971,-1.391218,0.034130216,0.6402711,-1.3963997,-0.040614694,0.64138013,-1.4231122,0.032954514,0.639079,-1.4189419,-0.32278872,-0.20579636,-0.13636997,-0.18881065,0.011626571,-0.011626571,0.03437421,0.065883905,0.05813286,-0.020220125,-0.05038181,0.0077510476,0.028308174,0.019377619,0.05813286,-0.020220125,-0.065883905,-0.019377619,0.0038755238,-0.011626571,0.8411016,1.5090352,4.646674,-1.8058946,1.4100821,5.0259943,2.1522305,1.5585117,6.4010305,-1.6327267,1.58325,6.2587852,0.0,-0.024738282,0.049476564,0.0,0.9998352,0.0031349834,0.005281405,0.017089041,-0.0042610574,-0.0021305287,-0.0042610574,0.010773907,-0.1592144,9.52174,0.0064498377,0.010454112,0.03421411,30.00434684753418,2.2559962272644043,0.2920898,-0.50022155,-0.6417809,0.021796104,-0.13207154,-0.37257826,-0.47283342,-0.4010474,-0.03903006,0.14590558,0.21920204,-1.402613,0.07203986,0.008237559,0.35125986,-1.9402092,-0.033017885,0.5768554,-1.4182084,0.07302245,0.54494464,-1.4604452,0.018009964,0.6720594,-1.212185,-0.009757515,0.7064764,-1.2451994,0.0,0.0,0.0,0.0,0.0,0.0,0.0,0.0,0.0,0.0,0.0,0.0,0.0,0.0,0.0,0.0,-4.010474,0.21796104,-19.402092,-14.026131,50.0,50.0,50.0,50.0,50.0,50.0,50.0,50.0,50.0,50.0,50.0,50.0,0.0,0.0,0.0,0.0,1.0,1.0,1.0,1.0,1.0,1.0,1.0,1.0,1.0,1.0,1.0,1.0,0.5,0.5,0.5,0.5
1788699160.207413,121,2.8740330000118774,2.255234000017481,2.818834000095194,2.100326,4.923512,869624,1,1,0.0,0.0,0.0,-0.017719746,0.64190626,-1.3912338,0.034130216,0.64024085,-1.3963997,-0.040584415,0.64138013,-1.4231122,0.032924235,0.6390487,-1.4189103,-0.32284927,-0.20579636,-0.13643053,-0.18878037,0.054257333,-0.10463915,0.012132075,0.019377619,0.038755238,-0.0080880495,0.011626571,0.011626571,0.022242136,-0.038755238,0.0,0.022242136,0.0,-0.019377619,-0.038755238,0.023253143,0.8411016,1.5090352,4.694089,-1.8306329,1.4842969,5.0734096,2.1522305,1.58325,6.3062005,-1.6822032,1.5585117,6.2587852,0.0,0.0,0.0,0.0,0.9998356,0.0031411124,0.0053041927,0.017054103,0.0010652643,0.003195793,-0.019174758,-0.06584055,-0.1352724,9.502586,0.006462509,0.010499696,0.034144435,30.00434684753418,2.290177822113037,0.2886747,-0.4985794,-0.6581228,0.024680492,-0.13536654,-0.34949735,-0.44851592,-0.4046308,-0.02846837,0.1244267,0.22435495,-1.4054862,0.07946776,0.02842223,0.33816683,-1.9481963,-0.033841636,0.5826257,-1.4121289,0.07216868,0.54535514,-1.4645307,0.01986694,0.67710555,-1.2154583,-0.0071170926,0.70110667,-1.2439113,0.0,0.0,0.0,0.0,0.0,0.0,0.0,0.0,0.0,0.0,0.0,0.0,0.0,0.0,0.0,0.0,-4.046308,0.24680492,-19.481962,-14.054862,50.0,50.0,50.0,50.0,50.0,50.0,50.0,50.0,50.0,50.0,50.0,50.0,0.0,0.0,0.0,0.0,1.0,1.0,1.0,1.0,1.0,1.0,1.0,1.0,1.0,1.0,1.0,1.0,0.5,0.5,0.5,0.5
1788699160.2273822,122,3.1433049999805007,2.3759990000371545,3.093705999958729,0.081118,3.179048,869646,1,1,0.0,0.0,0.0,-0.017689466,0.64193654,-1.3912495,0.03416049,0.6402711,-1.3963997,-0.040675253,0.6412893,-1.4231279,0.032893956,0.63910925,-1.4189419,-0.32284927,-0.20579636,-0.13640025,-0.18875009,0.054257333,-0.015502095,0.010110063,0.034879714,-0.0038755238,-0.016176099,-0.08526152,-0.019377619,-0.0040440247,-0.046506286,0.034879714,-0.032352198,-0.04263076,0.09301257,-0.0038755238,0.038755238,0.8411016,1.5585117,4.646674,-1.8058946,1.4595586,5.1208243,2.1274922,1.5585117,6.4010305,-1.6327267,1.5090352,6.2113705,0.024738282,-0.024738282,0.024738282,0.0,0.9998383,0.0031699138,0.005283684,0.016896047,0.0042610574,-0.0074568503,-0.010652643,-0.051475335,-0.12090719,9.498995,0.0065177516,0.010458732,0.03382843,30.00434684753418,2.290177822113037,0.29515067,-0.49188858,-0.6537402,0.031083237,-0.13165568,-0.3622448,-0.46577504,-0.3973461,-0.036478344,0.14134786,0.22558235,-1.3985416,0.073083274,0.015467092,0.34510383,-1.9442412,-0.03291392,0.5794388,-1.4164437,0.07378767,0.5470279,-1.463435,0.018270819,0.6738668,-1.213724,-0.009119586,0.705337,-1.2436044,0.0,0.0,0.0,0.0,0.0,0.0,0.0,0.0,0.0,0.0,0.0,0.0,0.0,0.0,0.0,0.0,-3.9734612,0.31083238,-19.442411,-13.985415,50.0,50.0,50.0,50.0,50.0,50.0,50.0,50.0,50.0,50.0,50.0,50.0,0.0,0.0,0.0,0.0,1.0,1.0,1.0,1.0,1.0,1.0,1.0,1.0,1.0,1.0,1.0,1.0,0.5,0.5,0.5,0.5
1788699160.2487943,123,4.234891000010066,2.3634870000250885,4.189931999917462,2.013448,6.20754,869664,1,1,0.0,0.0,0.0,-0.017750025,0.64190626,-1.3912338,0.034130216,0.6403014,-1.3964155,-0.040614694,0.64122874,-1.4231122,0.032893956,0.639079,-1.418926,-0.32284927,-0.20576608,-0.13643053,-0.18878037,-0.054257333,-0.034879714,0.026286162,-0.019377619,0.06200838,-0.056616347,0.027128667,-0.11626572,0.02426415,-0.04263076,-0.03100419,0.0020220124,-0.046506286,0.019377619,-0.04263076,-0.0077510476,0.89057815,1.5585117,4.646674,-1.8801094,1.4842969,4.978579,2.1522305,1.58325,6.4484453,-1.6327267,1.58325,6.2113705,0.0,-0.024738282,0.024738282,0.0,0.9998381,0.003168162,0.005293801,0.016906261,-0.0074568503,0.0053263213,0.008522115,-0.039504327,-0.08619126,9.514558,0.006514698,0.010478957,0.033848915,30.00434684753418,2.290177822113037,0.2993886,-0.48221847,-0.6505452,0.027181428,-0.13136846,-0.3672134,-0.498506,-0.39771768,-0.04509411,0.16335906,0.23056808,-1.4040651,0.068826474,0.007186562,0.3594052,-1.9429724,-0.032842115,0.57819664,-1.4246265,0.07484715,0.5494454,-1.4626362,0.017206619,0.6717967,-1.2101487,-0.0112735275,0.7108398,-1.242358,0.0,0.0,0.0,0.0,0.0,0.0,0.0,0.0,0.0,0.0,0.0,0.0,0.0,0.0,0.0,0.0,-3.977177,0.2718143,-19.429724,-14.040651,50.0,50.0,50.0,50.0,50.0,50.0,50.0,50.0,50.0,50.0,50.0,50.0,0.0,0.0,0.0,0.0,1.0,1.0,1.0,1.0,1.0,1.0,1.0,1.0,1.0,1.0,1.0,1.0,0.5,0.5,0.5,0.5
1788699160.267163,124,2.9550869999184215,2.248994000069615,2.907024000023739,0.077406,2.98891,869686,1,1,0.0,0.0,0.0,-0.017780304,0.64190626,-1.391218,0.034099936,0.6402711,-1.3963997,-0.040614694,0.64134985,-1.4231279,0.032924235,0.6390487,-1.4189419,-0.32284927,-0.20576608,-0.13640025,-0.18875009,-0.023253143,-0.09301257,0.036396224,-0.0077510476,0.065883905,-0.020220125,-0.011626571,-0.027128667,0.0,-0.015502095,-0.015502095,-0.030330187,0.0,0.038755238,0.011626571,0.054257333,0.8411016,1.4842969,4.646674,-1.8058946,1.4842969,5.0259943,2.1522305,1.58325,6.3062005,-1.6327267,1.58325,6.2587852,0.024738282,-0.024738282,0.0,0.0,0.99983597,0.0031312518,0.00527732,0.017042074,0.0,-0.009587379,0.0074568503,0.01316811,-0.110133275,9.436746,0.006441745,0.010446372,0.03412009,30.00434684753418,2.2559962272644043,0.29309055,-0.48369488,-0.65003145,0.025701877,-0.13203232,-0.3594338,-0.49557522,-0.4017581,-0.04135225,0.16293395,0.22546329,-1.4077502,0.067861855,0.0057340674,0.36611587,-1.9504486,-0.03300808,0.58014154,-1.4238938,0.07327264,0.5490763,-1.4625078,0.016965464,0.6714335,-1.208471,-0.010338062,0.71073353,-1.2436341,0.0,0.0,0.0,0.0,0.0,0.0,0.0,0.0,0.0,0.0,0.0,0.0,0.0,0.0,0.0,0.0,-4.017581,0.25701877,-19.504486,-14.077502,50.0,50.0,50.0,50.0,50.0,50.0,50.0,50.0,50.0,50.0,50.0,50.0,0.0,0.0,0.0,0.0,1.0,1.0,1.0,1.0,1.0,1.0,1.0,1.0,1.0,1.0,1.0,1.0,0.5,0.5,0.5,0.5
1788699160.287293,125,3.0388600000605948,2.266562000045269,2.9871169999751146,0.083646,3.075147,869706,1,1,0.0,0.0,0.0,-0.017750025,0.6419668,-1.391218,0.034099936,0.6402711,-1.3963997,-0.040584415,0.64138013,-1.4231279,0.032924235,0.6390487,-1.4189419,-0.322819,-0.20576608,-0.13636997,-0.18878037,0.0038755238,-0.034879714,0.018198112,-0.0077510476,0.05038181,-0.0080880495,0.019377619,-0.038755238,-0.0040440247,-0.027128667,0.0077510476,-0.038418237,0.011626571,0.034879714,0.0,0.015502095,0.86583984,1.5585117,4.694089,-1.7811563,1.5585117,5.0734096,2.1522305,1.5585117,6.4010305,-1.6327267,1.5090352,6.2587852,-0.024738282,-0.024738282,0.0,0.0,0.99983555,0.003097491,0.0052834214,0.017073732,-0.0074568503,0.01704423,-0.0074568503,-0.010773907,-0.17357962,9.496601,0.00637477,0.010459525,0.034183104,30.00434684753418,2.290177822113037,0.28696457,-0.49654132,-0.6484872,0.020650279,-0.13594604,-0.36802816,-0.4665131,-0.40205508,-0.030062277,0.13648869,0.2144636,-1.4216214,0.07254703,0.023227178,0.3406109,-1.953057,-0.03398651,0.577993,-1.4166282,0.07174114,0.5458647,-1.4621217,0.018136758,0.6758068,-1.2148472,-0.007515569,0.7041222,-1.246384,0.0,0.0,0.0,0.0,0.0,0.0,0.0,0.0,0.0,0.0,0.0,0.0,0.0,0.0,0.0,0.0,-4.0205507,0.2065028,-19.530571,-14.216214,50.0,50.0,50.0,50.0,50.0,50.0,50.0,50.0,50.0,50.0,50.0,50.0,0.0,0.0,0.0,0.0,1.0,1.0,1.0,1.0,1.0,1.0,1.0,1.0,1.0,1.0,1.0,1.0,0.5,0.5,0.5,0.5
1788699160.308755,126,4.206764000059593,2.3849580001069626,4.163212999969801,1.980841,6.148214,869724,1,1,0.0,0.0,0.0,-0.017750025,0.64193654,-1.3912338,0.03416049,0.64024085,-1.3963839,-0.040644974,0.6413196,-1.4231122,0.032893956,0.639079,-1.4189419,-0.32278872,-0.20579636,-0.13643053,-0.18875009,-0.015502095,-0.046506286,0.02426415,0.06975943,-0.011626571,0.0060660373,-0.06200838,-0.034879714,-0.0080880495,-0.05813286,0.027128667,-0.03437421,0.05813286,-0.011626571,-0.05813286,0.05813286,0.86583984,1.4842969,4.646674,-1.7811563,1.4842969,5.0734096,2.1522305,1.5585117,6.3062005,-1.6327267,1.5090352,6.2587852,0.0,0.0,0.024738282,0.0,0.9998374,0.0030909013,0.0052999067,0.016961733,0.0,0.0042610574,-0.009587379,-0.062249243,-0.14724341,9.476251,0.0063609807,0.010493428,0.03395911,30.00434684753418,2.290177822113037,0.29046562,-0.5039547,-0.6462284,0.024884965,-0.13236183,-0.36762765,-0.46658272,-0.4035913,-0.036297064,0.14202888,0.21774387,-1.413735,0.06913554,0.017322645,0.34133112,-1.9524463,-0.033090457,0.5780931,-1.4166456,0.072616406,0.54401135,-1.461557,0.017283885,0.67433065,-1.2146672,-0.009074266,0.7055072,-1.245564,0.0,0.0,0.0,0.0,0.0,0.0,0.0,0.0,0.0,0.0,0.0,0.0,0.0,0.0,0.0,0.0,-4.035913,0.24884966,-19.524464,-14.13735,50.0,50.0,50.0,50.0,50.0,50.0,50.0,50.0,50.0,50.0,50.0,50.0,0.0,0.0,0.0,0.0,1.0,1.0,1.0,1.0,1.0,1.0,1.0,1.0,1.0,1.0,1.0,1.0,0.5,0.5,0.5,0.5
1788699160.327484,127,2.926191000028666,2.24163400002908,2.8771689999302907,2.073543,4.955351,869744,1,1,0.0,0.0,0.0,-0.017719746,0.64190626,-1.3912495,0.034130216,0.6403014,-1.3963839,-0.040675253,0.641259,-1.4231122,0.032893956,0.63910925,-1.418926,-0.322819,-0.20576608,-0.13643053,-0.18878037,-0.0038755238,0.0038755238,0.0060660373,-0.019377619,0.054257333,0.0020220124,-0.034879714,-0.038755238,0.020220125,-0.038755238,-0.015502095,-0.0080880495,0.0,0.03100419,-0.038755238,-0.011626571,0.8411016,1.5585117,4.694089,-1.8306329,1.5585117,5.1208243,2.1522305,1.58325,6.3062005,-1.6079884,1.5090352,6.2587852,0.0,0.0,0.049476564,0.0,0.9998388,0.0031002355,0.0052964976,0.016879825,0.0021305287,-0.003195793,-0.0053263213,-0.08020575,-0.093373865,9.4535055,0.006378672,0.010486817,0.03379534,30.00434684753418,2.290177822113037,0.29246572,-0.50570816,-0.6543963,0.01863154,-0.13501139,-0.37106723,-0.4798739,-0.39878756,-0.04061371,0.13903347,0.22424528,-1.415995,0.071266025,0.01312523,0.33981237,-1.9453267,-0.033752847,0.5772332,-1.4199684,0.07311643,0.54357296,-1.463599,0.017816506,0.6732813,-1.2150469,-0.010153428,0.7047584,-1.2439387,0.0,0.0,0.0,0.0,0.0,0.0,0.0,0.0,0.0,0.0,0.0,0.0,0.0,0.0,0.0,0.0,-3.9878755,0.1863154,-19.453266,-14.15995,50.0,50.0,50.0,50.0,50.0,50.0,50.0,50.0,50.0,50.0,50.0,50.0,0.0,0.0,0.0,0.0,1.0,1.0,1.0,1.0,1.0,1.0,1.0,1.0,1.0,1.0,1.0,1.0,0.5,0.5,0.5,0.5
1788699160.3487813,128,4.236842999944201,2.3862710000912557,4.194732000087242,2.348319,6.546859,869764,1,1,0.0,0.0,0.0,-0.017719746,0.64187604,-1.3912495,0.034130216,0.6402711,-1.3963997,-0.040675253,0.6413196,-1.4231437,0.032893956,0.639079,-1.418926,-0.32284927,-0.20576608,-0.13643053,-0.18875009,0.027128667,-0.09301257,-0.0080880495,0.05813286,0.05038181,-0.016176099,-0.081386,0.027128667,-0.032352198,-0.038755238,0.011626571,0.010110063,-0.038755238,0.034879714,-0.04263076,0.06200838,0.86583984,1.5585117,4.646674,-1.7811563,1.4842969,4.883749,2.1522305,1.58325,6.4484453,-1.6327267,1.5090352,6.2587852,0.024738282,0.0,0.0,-0.049476564,0.9998372,0.0031030846,0.005294646,0.016970983,0.003195793,-0.0053263213,0.018109493,-0.015562311,-0.10295067,9.425972,0.006385263,0.010482436,0.033977706,30.00434684753418,2.2559962272644043,0.29732028,-0.4894243,-0.6214889,0.011131883,-0.122464746,-0.38108644,-0.49676868,-0.4059471,-0.053875342,0.18457712,0.2103457,-1.3959335,0.059083294,-0.020856753,0.35269415,-1.954332,-0.030616187,0.5747284,-1.4241921,0.07433007,0.54764396,-1.4553722,0.0147708235,0.6647858,-1.2118264,-0.0134688355,0.7161443,-1.2474135,0.0,0.0,0.0,0.0,0.0,0.0,0.0,0.0,0.0,0.0,0.0,0.0,0.0,0.0,0.0,0.0,-4.059471,0.11131883,-19.54332,-13.959335,50.0,50.0,50.0,50.0,50.0,50.0,50.0,50.0,50.0,50.0,50.0,50.0,0.0,0.0,0.0,0.0,1.0,1.0,1.0,1.0,1.0,1.0,1.0,1.0,1.0,1.0,1.0,1.0,0.5,0.5,0.5,0.5
1788699160.367168,129,3.0080450000014025,2.212386999985938,2.9596950000723155,0.077245,3.041228,869786,1,1,0.0,0.0,0.0,-0.017719746,0.6419668,-1.3912495,0.034099936,0.64024085,-1.3963839,-0.040584415,0.64134985,-1.4231279,0.032954514,0.6390487,-1.418926,-0.32284927,-0.20579636,-0.13640025,-0.18875009,0.04263076,0.0,-0.028308174,0.0038755238,0.034879714,0.016176099,0.038755238,0.0,-0.0060660373,0.015502095,0.03100419,0.0,-0.04263076,-0.0077510476,-0.03100419,0.077510476,0.8411016,1.5090352,4.694089,-1.7811563,1.4100821,5.0734096,2.1522305,1.58325,6.4010305,-1.6327267,1.58325,6.2587852,0.0,-0.024738282,0.0,0.0,0.99983525,0.0030618124,0.0052760765,0.017099276,-0.013848436,0.0,0.01704423,0.005985504,-0.12928689,9.494206,0.006303435,0.010445895,0.034233782,30.00434684753418,2.290177822113037,0.29929492,-0.48111755,-0.6319417,0.01332337,-0.1266838,-0.3815782,-0.4966585,-0.39653865,-0.048740327,0.18333635,0.21107538,-1.3956105,0.060500048,-0.008238204,0.36237735,-1.9491636,-0.03167095,0.57460546,-1.4241645,0.07482373,0.54972064,-1.4579854,0.015125012,0.66794044,-1.2094057,-0.012185082,0.7158341,-1.2472311,0.0,0.0,0.0,0.0,0.0,0.0,0.0,0.0,0.0,0.0,0.0,0.0,0.0,0.0,0.0,0.0,-3.9653864,0.1332337,-19.491636,-13.956104,50.0,50.0,50.0,50.0,50.0,50.0,50.0,50.0,50.0,50.0,50.0,50.0,0.0,0.0,0.0,0.0,1.0,1.0,1.0,1.0,1.0,1.0,1.0,1.0,1.0,1.0,1.0,1.0,0.5,0.5,0.5,0.5
1788699160.3871677,130,3.0379639999864594,2.1832679999533866,2.9904460000125255,2.007976,5.002134,869804,1,1,0.0,0.0,0.0,-0.017719746,0.6419668,-1.391218,0.034099936,0.6402711,-1.3963839,-0.040584415,0.64134985,-1.4231279,0.032924235,0.639079,-1.4189419,-0.32284927,-0.20579636,-0.13640025,-0.18881065,0.05813286,0.0077510476,0.022242136,-0.027128667,0.065883905,0.016176099,0.015502095,-0.046506286,-0.0040440247,-0.034879714,0.06975943,-0.04044025,-0.054257333,-0.019377619,0.0,-0.038755238,0.86583984,1.5585117,4.694089,-1.8058946,1.5090352,5.0734096,2.2264454,1.58325,6.3062005,-1.6079884,1.5090352,6.2587852,0.024738282,-0.024738282,0.024738282,-0.049476564,0.9998356,0.0030492619,0.0053101867,0.017068386,-0.003195793,0.008522115,-0.0053263213,-0.062249243,-0.16759412,9.53012,0.0062791817,0.010514729,0.034172088,30.00434684753418,2.290177822113037,0.29412293,-0.50078744,-0.64412856,0.023569126,-0.13422781,-0.37046844,-0.47136834,-0.39788812,-0.03431979,0.14568491,0.21064346,-1.4049273,0.068459995,0.01526887,0.3436923,-1.9394166,-0.033556953,0.5773829,-1.417842,0.07353073,0.54480314,-1.4610322,0.017114999,0.6738172,-1.2140769,-0.008579947,0.70642126,-1.2473391,0.0,0.0,0.0,0.0,0.0,0.0,0.0,0.0,0.0,0.0,0.0,0.0,0.0,0.0,0.0,0.0,-3.9788814,0.23569125,-19.394167,-14.049273,50.0,50.0,50.0,50.0,50.0,50.0,50.0,50.0,50.0,50.0,50.0,50.0,0.0,0.0,0.0,0.0,1.0,1.0,1.0,1.0,1.0,1.0,1.0,1.0,1.0,1.0,1.0,1.0,0.5,0.5,0.5,0.5
1788699160.4071915,131,3.0349880000812846,2.1439719999989393,2.989389000049414,2.018792,5.012021,869824,1,1,0.0,0.0,0.0,-0.017719746,0.64190626,-1.3912495,0.034130216,0.6402711,-1.3963839,-0.040675253,0.6412893,-1.4230963,0.032924235,0.639079,-1.418926,-0.32284927,-0.2057358,-0.13640025,-0.18875009,0.0,-0.0077510476,-0.0080880495,-0.0077510476,0.0077510476,-0.0040440247,-0.08526152,-0.0077510476,0.0485283,0.019377619,0.0,-0.0060660373,-0.038755238,0.08913705,0.011626571,0.038755238,0.8411016,1.5585117,4.694089,-1.8058946,1.4595586,5.0734096,2.1522305,1.58325,6.3062005,-1.6079884,1.5090352,6.2587852,0.0,-0.024738282,0.049476564,-0.024738282,0.9998382,0.0030911483,0.005309248,0.01691075,-0.0021305287,-0.0042610574,-0.010652643,-0.09935937,-0.1364695,9.48463,0.006361257,0.010512424,0.033857193,30.00434684753418,2.290177822113037,0.29120755,-0.5048433,-0.64985776,0.024299178,-0.13590284,-0.36296874,-0.4716195,-0.39562285,-0.034068946,0.13129218,0.22564851,-1.406694,0.07416677,0.019430973,0.3389764,-1.9334573,-0.03397571,0.57925785,-1.4179049,0.07280189,0.5437892,-1.4624643,0.018541692,0.67485774,-1.2152559,-0.008517236,0.70282304,-1.2435879,0.0,0.0,0.0,0.0,0.0,0.0,0.0,0.0,0.0,0.0,0.0,0.0,0.0,0.0,0.0,0.0,-3.9562285,0.24299178,-19.334572,-14.06694,50.0,50.0,50.0,50.0,50.0,50.0,50.0,50.0,50.0,50.0,50.0,50.0,0.0,0.0,0.0,0.0,1.0,1.0,1.0,1.0,1.0,1.0,1.0,1.0,1.0,1.0,1.0,1.0,0.5,0.5,0.5,0.5
1788699160.4272072,132,3.051340000070013,2.14019699990331,3.0115010000599796,2.01684,5.031701,869844,1,1,0.0,0.0,0.0,-0.017719746,0.64187604,-1.3912495,0.03416049,0.6402711,-1.3963839,-0.040644974,0.641259,-1.4231122,0.032893956,0.63913953,-1.4189103,-0.32284927,-0.20576608,-0.13640025,-0.18875009,0.0,-0.046506286,-0.0020220124,0.027128667,0.015502095,0.0060660373,-0.011626571,-0.038755238,0.02426415,0.015502095,0.081386,0.018198112,-0.04263076,0.03100419,0.0077510476,0.06200838,0.8411016,1.5090352,4.694089,-1.8058946,1.4842969,5.0734096,2.1522305,1.58325,6.4010305,-1.6327267,1.5090352,6.2587852,0.0,-0.024738282,0.0,0.0,0.9998383,0.0031022166,0.0053073713,0.016901786,-0.0074568503,0.0,0.006391586,-0.05746084,-0.08499416,9.469068,0.0063832332,0.010508354,0.03383936,30.00434684753418,2.324359655380249,0.29345244,-0.49229208,-0.6375078,0.020261735,-0.12960991,-0.36951345,-0.48347637,-0.40015513,-0.040797494,0.16063517,0.21026559,-1.3937535,0.06802358,0.0026825555,0.36142036,-1.9440019,-0.03240248,0.57762164,-1.420869,0.07336311,0.546927,-1.4593769,0.017005894,0.6706706,-1.2096449,-0.010199374,0.7101588,-1.2474335,0.0,0.0,0.0,0.0,0.0,0.0,0.0,0.0,0.0,0.0,0.0,0.0,0.0,0.0,0.0,0.0,-4.001551,0.20261735,-19.44002,-13.937535,50.0,50.0,50.0,50.0,50.0,50.0,50.0,50.0,50.0,50.0,50.0,50.0,0.0,0.0,0.0,0.0,1.0,1.0,1.0,1.0,1.0,1.0,1.0,1.0,1.0,1.0,1.0,1.0,0.5,0.5,0.5,0.5
1788699160.4471855,133,2.979790000040339,2.3534069999868734,2.922414999943612,0.086942,3.013677,869866,1,1,0.0,0.0,0.0,-0.017750025,0.64190626,-1.391218,0.034130216,0.64024085,-1.3963839,-0.040614694,0.64134985,-1.4231279,0.032924235,0.6390487,-1.418926,-0.32278872,-0.20579636,-0.13640025,-0.18878037,-0.027128667,-0.06200838,0.03437421,0.03100419,0.015502095,0.0060660373,-0.019377619,-0.038755238,-0.0060660373,-0.023253143,0.0077510476,0.0080880495,0.07363495,0.0077510476,-0.0038755238,0.019377619,0.86583984,1.5090352,4.788919,-1.8058946,1.4842969,5.0259943,2.1522305,1.5585117,6.4010305,-1.6327267,1.5090352,6.2587852,0.049476564,0.0,0.0,0.0,0.9998364,0.0030817224,0.005298341,0.017023625,-0.003195793,-0.0021305287,0.008522115,0.0023942017,-0.1400608,9.520543,0.0063432204,0.010490217,0.03408281,30.00434684753418,2.290177822113037,0.29346943,-0.48692685,-0.63526434,0.020041335,-0.1276152,-0.37001693,-0.48935747,-0.39665467,-0.04461831,0.1595319,0.21754587,-1.3985068,0.06599685,0.00040914118,0.35987556,-1.9463025,-0.0319038,0.5774958,-1.4223393,0.07336736,0.5482683,-1.458816,0.016499212,0.6701023,-1.210031,-0.011154577,0.709883,-1.2456135,0.0,0.0,0.0,0.0,0.0,0.0,0.0,0.0,0.0,0.0,0.0,0.0,0.0,0.0,0.0,0.0,-3.9665465,0.20041335,-19.463026,-13.985067,50.0,50.0,50.0,50.0,50.0,50.0,50.0,50.0,50.0,50.0,50.0,50.0,0.0,0.0,0.0,0.0,1.0,1.0,1.0,1.0,1.0,1.0,1.0,1.0,1.0,1.0,1.0,1.0,0.5,0.5,0.5,0.5
1788699160.4671688,134,3.0287810000118043,2.230113999985406,2.9857099999617276,2.001257,4.990711,869884,1,1,0.0,0.0,0.0,-0.017750025,0.6419668,-1.391218,0.034130216,0.64024085,-1.3963997,-0.040614694,0.64138013,-1.4230963,0.032924235,0.639079,-1.4189419,-0.32284927,-0.20576608,-0.13643053,-0.18875009,0.015502095,-0.0038755238,0.010110063,0.05813286,0.023253143,-0.022242136,-0.05813286,0.0,0.046506286,-0.05038181,0.09301257,-0.0040440247,-0.038755238,0.034879714,0.0077510476,0.05813286,0.86583984,1.5090352,4.646674,-1.8058946,1.5585117,5.0259943,2.1522305,1.4842969,6.3062005,-1.6327267,1.5090352,6.2587852,0.024738282,-0.024738282,0.0,0.0,0.9998355,0.003068809,0.0053001526,0.017076375,-0.006391586,-0.0042610574,0.003195793,-0.035913024,-0.15322891,9.423578,0.0063180123,0.010493946,0.034188204,30.00434684753418,2.290177822113037,0.29621357,-0.49579412,-0.6275644,0.0168118,-0.1265806,-0.3798708,-0.48282278,-0.39775595,-0.04775831,0.15512371,0.21542059,-1.3950061,0.06409778,-0.009090025,0.34709316,-1.9456676,-0.03164515,0.5750323,-1.4207057,0.07405339,0.5460515,-1.4568911,0.016024444,0.66772753,-1.2132267,-0.011939578,0.70878094,-1.2461448,0.0,0.0,0.0,0.0,0.0,0.0,0.0,0.0,0.0,0.0,0.0,0.0,0.0,0.0,0.0,0.0,-3.9775596,0.168118,-19.456676,-13.950061,50.0,50.0,50.0,50.0,50.0,50.0,50.0,50.0,50.0,50.0,50.0,50.0,0.0,0.0,0.0,0.0,1.0,1.0,1.0,1.0,1.0,1.0,1.0,1.0,1.0,1.0,1.0,1.0,0.5,0.5,0.5,0.5
1788699160.4871304,135,3.03725999992821,2.157444999966174,2.98954999993839,1.949419,4.942776,869904,1,1,0.0,0.0,0.0,-0.017719746,0.6419668,-1.3912338,0.034130216,0.64024085,-1.3963997,-0.040614694,0.64134985,-1.4231279,0.032924235,0.63910925,-1.418926,-0.32284927,-0.20579636,-0.13640025,-0.18878037,0.0038755238,0.019377619,0.016176099,0.027128667,-0.038755238,-0.0060660373,0.019377619,0.019377619,-0.010110063,0.0,0.10851467,-0.010110063,-0.054257333,-0.0038755238,-0.0077510476,-0.0077510476,0.8411016,1.5090352,4.694089,-1.8058946,1.4595586,5.0734096,2.2264454,1.5585117,6.3062005,-1.6327267,1.5090352,6.3062005,0.024738282,-0.024738282,0.049476564,0.0,0.999837,0.0030883427,0.0053240964,0.016978396,-0.0010652643,-0.009587379,-0.018109493,-0.073023155,-0.18315643,9.500193,0.0063568633,0.010541783,0.033992577,30.00434684753418,2.324359655380249,0.29124537,-0.49421442,-0.6511663,0.023791458,-0.13628532,-0.3577944,-0.46026504,-0.4036073,-0.02951121,0.11960093,0.23255752,-1.4027574,0.07876835,0.0314866,0.34218356,-1.9399632,-0.03407133,0.5805514,-1.4150662,0.07281134,0.54644644,-1.4627916,0.019692088,0.67787164,-1.214454,-0.0073778024,0.69990027,-1.2418606,0.0,0.0,0.0,0.0,0.0,0.0,0.0,0.0,0.0,0.0,0.0,0.0,0.0,0.0,0.0,0.0,-4.036073,0.23791459,-19.399632,-14.027575,50.0,50.0,50.0,50.0,50.0,50.0,50.0,50.0,50.0,50.0,50.0,50.0,0.0,0.0,0.0,0.0,1.0,1.0,1.0,1.0,1.0,1.0,1.0,1.0,1.0,1.0,1.0,1.0,0.5,0.5,0.5,0.5
1788699160.5071695,136,2.9731020000554054,2.1740199999840115,2.9336150000744965,0.06883,3.005805,869926,1,1,0.0,0.0,0.0,-0.017719746,0.64190626,-1.3912495,0.03416049,0.6403014,-1.3963839,-0.040644974,0.641259,-1.4231122,0.032893956,0.63910925,-1.418926,-0.32284927,-0.2057358,-0.13643053,-0.18875009,-0.0038755238,-0.04263076,0.0080880495,0.05038181,0.046506286,-0.022242136,-0.0077510476,-0.03100419,0.026286162,-0.038755238,0.015502095,-0.010110063,-0.034879714,0.08913705,-0.038755238,0.038755238,0.86583984,1.5090352,4.599259,-1.8058946,1.5585117,5.0259943,2.1522305,1.5585117,6.3062005,-1.6079884,1.58325,6.2587852,0.024738282,-0.024738282,0.0,0.0,0.9998388,0.0031056777,0.0053075617,0.016872516,-0.003195793,-0.0042610574,0.0010652643,-0.079008654,-0.11372458,9.522937,0.006389853,0.0105088055,0.03378085,30.00434684753418,2.290177822113037,0.2943575,-0.49163693,-0.643077,0.022559728,-0.13029167,-0.36322945,-0.47479784,-0.3971787,-0.038228035,0.15105192,0.21933722,-1.3968198,0.07044634,0.011889912,0.35032538,-1.9455783,-0.032572918,0.57919264,-1.4186994,0.07358938,0.54709077,-1.4607692,0.017611586,0.6729725,-1.2124186,-0.009557009,0.707763,-1.2451656,0.0,0.0,0.0,0.0,0.0,0.0,0.0,0.0,0.0,0.0,0.0,0.0,0.0,0.0,0.0,0.0,-3.971787,0.22559729,-19.455784,-13.968199,50.0,50.0,50.0,50.0,50.0,50.0,50.0,50.0,50.0,50.0,50.0,50.0,0.0,0.0,0.0,0.0,1.0,1.0,1.0,1.0,1.0,1.0,1.0,1.0,1.0,1.0,1.0,1.0,0.5,0.5,0.5,0.5
1788699160.5271597,137,3.0602670000234866,2.1420850000595237,3.013900999917496,1.969002,4.986455,869944,1,1,0.0,0.0,0.0,-0.017719746,0.64190626,-1.3912338,0.034099936,0.6402711,-1.3963997,-0.040614694,0.6412893,-1.4231279,0.032893956,0.63910925,-1.418926,-0.32284927,-0.2057358,-0.13643053,-0.18878037,0.0,-0.038755238,0.018198112,-0.05813286,0.019377619,-0.030330187,-0.038755238,-0.0038755238,-0.0020220124,-0.04263076,0.065883905,-0.014154087,-0.046506286,0.09301257,-0.038755238,-0.034879714,0.86583984,1.5585117,4.646674,-1.8058946,1.4842969,5.0734096,2.1522305,1.5585117,6.4010305,-1.6327267,1.58325,6.2587852,0.024738282,-0.024738282,0.0,-0.049476564,0.999838,0.003096007,0.005320573,0.016917812,-0.0010652643,-0.0053263213,0.011717907,-0.029927522,-0.10055647,9.417592,0.0063714315,0.010534862,0.033871446,30.00434684753418,2.290177822113037,0.2994284,-0.48353148,-0.63146114,0.01330924,-0.12738992,-0.36843,-0.49610952,-0.3950335,-0.048101895,0.16477606,0.22086446,-1.3965544,0.06185384,-0.0006133802,0.3441081,-1.9406009,-0.03184748,0.57789254,-1.4240273,0.0748571,0.54911715,-1.4578652,0.01546346,0.66984665,-1.2139729,-0.012025474,0.71119404,-1.2447839,0.0,0.0,0.0,0.0,0.0,0.0,0.0,0.0,0.0,0.0,0.0,0.0,0.0,0.0,0.0,0.0,-3.950335,0.1330924,-19.40601,-13.965544,50.0,50.0,50.0,50.0,50.0,50.0,50.0,50.0,50.0,50.0,50.0,50.0,0.0,0.0,0.0,0.0,1.0,1.0,1.0,1.0,1.0,1.0,1.0,1.0,1.0,1.0,1.0,1.0,0.5,0.5,0.5,0.5
1788699160.5471737,138,3.0011970000032306,2.130916999931287,2.9544779999923776,0.07667,3.035052,869966,1,1,0.0,0.0,0.0,-0.017750025,0.6419668,-1.3912338,0.034099936,0.64021057,-1.3963839,-0.040614694,0.64134985,-1.4231122,0.032924235,0.6390184,-1.418926,-0.32278872,-0.20576608,-0.13640025,-0.18878037,0.06975943,-0.03100419,0.0020220124,0.0,-0.04263076,0.012132075,-0.0077510476,-0.038755238,0.030330187,-0.05813286,-0.046506286,0.010110063,0.054257333,0.023253143,-0.038755238,0.0077510476,0.8411016,1.4595586,4.694089,-1.8058946,1.4100821,5.0259943,2.2017071,1.5585117,6.3062005,-1.6822032,1.58325,6.2587852,0.024738282,-0.024738282,0.0,0.0,0.999836,0.003088261,0.0052837506,0.01704967,0.008522115,-0.0074568503,0.006391586,0.021547815,-0.16160862,9.488221,0.0063560703,0.0104606515,0.034134876,30.00434684753418,2.324359655380249,0.29629433,-0.47588003,-0.64312816,0.021153998,-0.13035285,-0.3658068,-0.4890176,-0.39644036,-0.043762766,0.16407764,0.22483401,-1.4007858,0.0638349,0.0028093345,0.35912827,-1.9503685,-0.032588214,0.5785483,-1.4222543,0.07407358,0.55103004,-1.460782,0.015958725,0.67070234,-1.2102178,-0.010940691,0.7110194,-1.2437915,0.0,0.0,0.0,0.0,0.0,0.0,0.0,0.0,0.0,0.0,0.0,0.0,0.0,0.0,0.0,0.0,-3.9644036,0.21153998,-19.503685,-14.007858,50.0,50.0,50.0,50.0,50.0,50.0,50.0,50.0,50.0,50.0,50.0,50.0,0.0,0.0,0.0,0.0,1.0,1.0,1.0,1.0,1.0,1.0,1.0,1.0,1.0,1.0,1.0,1.0,0.5,0.5,0.5,0.5
1788699160.5671856,139,3.0286199998954544,2.151621000052728,2.9798850000588573,2.032424,5.016437,869984,1,1,0.0,0.0,0.0,-0.017719746,0.6419971,-1.391218,0.034099936,0.6403014,-1.3963997,-0.040614694,0.64134985,-1.4231279,0.032954514,0.639079,-1.4189103,-0.32278872,-0.20576608,-0.13643053,-0.18881065,0.05038181,0.011626571,0.03437421,-0.019377619,0.10463915,-0.016176099,-0.04263076,-0.034879714,-0.0060660373,-0.015502095,0.05813286,0.02426415,0.05038181,0.034879714,-0.06975943,-0.04263076,0.86583984,1.5585117,4.694089,-1.8058946,1.5585117,5.0734096,2.1522305,1.5585117,6.4010305,-1.6079884,1.5585117,6.2587852,0.024738282,-0.024738282,0.049476564,0.0,0.9998362,0.0030530484,0.0053402353,0.017022118,-0.003195793,0.011717907,-0.006391586,-0.039504327,-0.17357962,9.5013895,0.0062872935,0.01057498,0.034079768,30.00434684753418,2.324359655380249,0.29195043,-0.5075335,-0.64175725,0.023169834,-0.13539699,-0.37333256,-0.47387514,-0.404728,-0.038082413,0.13828734,0.21090773,-1.3985957,0.07224044,0.007536698,0.3382174,-1.9435028,-0.033849247,0.5766669,-1.4184687,0.07298761,0.5431166,-1.4604392,0.01806011,0.6718842,-1.2154456,-0.009520603,0.70457184,-1.247273,0.0,0.0,0.0,0.0,0.0,0.0,0.0,0.0,0.0,0.0,0.0,0.0,0.0,0.0,0.0,0.0,-4.04728,0.23169833,-19.435028,-13.985957,50.0,50.0,50.0,50.0,50.0,50.0,50.0,50.0,50.0,50.0,50.0,50.0,0.0,0.0,0.0,0.0,1.0,1.0,1.0,1.0,1.0,1.0,1.0,1.0,1.0,1.0,1.0,1.0,0.5,0.5,0.5,0.5
1788699160.5871677,140,3.0368760000101247,2.1854760000223905,2.9909890000681116,2.003849,4.998326,870004,1,1,0.0,0.0,0.0,-0.017689466,0.64193654,-1.3912338,0.03416049,0.6403014,-1.3963997,-0.040644974,0.6412893,-1.4231279,0.032924235,0.63910925,-1.4189419,-0.32284927,-0.2057358,-0.13643053,-0.18878037,0.081386,-0.03100419,0.014154087,0.027128667,0.03100419,-0.016176099,-0.038755238,-0.054257333,-0.0060660373,0.019377619,0.038755238,-0.036396224,-0.065883905,0.09301257,-0.038755238,-0.019377619,0.89057815,1.4842969,4.694089,-1.7316797,1.4595586,5.0259943,2.1274922,1.5585117,6.4010305,-1.6327267,1.58325,6.2587852,0.0,0.0,0.049476564,0.0,0.99983823,0.0030783096,0.005359712,0.016895564,0.011717907,-0.0053263213,-0.013848436,-0.11492168,-0.15083471,9.526528,0.006337133,0.01061387,0.033827018,30.00434684753418,2.290177822113037,0.28799626,-0.49990958,-0.66167396,0.038366813,-0.13609819,-0.365036,-0.4590378,-0.40396038,-0.030160945,0.14280654,0.20859113,-1.4020176,0.07743478,0.022021854,0.3557514,-1.9432719,-0.034024548,0.578741,-1.4147594,0.071999066,0.5450226,-1.4654185,0.019358695,0.67550546,-1.2110621,-0.007540236,0.70570165,-1.2478522,0.0,0.0,0.0,0.0,0.0,0.0,0.0,0.0,0.0,0.0,0.0,0.0,0.0,0.0,0.0,0.0,-4.0396037,0.38366812,-19.432718,-14.020176,50.0,50.0,50.0,50.0,50.0,50.0,50.0,50.0,50.0,50.0,50.0,50.0,0.0,0.0,0.0,0.0,1.0,1.0,1.0,1.0,1.0,1.0,1.0,1.0,1.0,1.0,1.0,1.0,0.5,0.5,0.5,0.5
1788699160.6071496,141,2.9588310000008278,2.117157000043335,2.9208480000306736,0.066302,2.990702,870026,1,1,0.0,0.0,0.0,-0.017719746,0.64193654,-1.3912338,0.03416049,0.6402711,-1.3963997,-0.040644974,0.6412893,-1.4231122,0.032893956,0.63910925,-1.4189419,-0.32284927,-0.20576608,-0.13643053,-0.18878037,-0.019377619,0.015502095,0.032352198,0.03100419,-0.019377619,-0.020220125,-0.027128667,0.0038755238,0.020220125,-0.038755238,0.038755238,-0.04044025,-0.054257333,0.034879714,-0.03100419,0.0,0.86583984,1.5585117,4.646674,-1.8058946,1.4595586,5.0734096,2.1522305,1.5090352,6.4010305,-1.6079884,1.5090352,6.3062005,-0.049476564,-0.024738282,0.0,0.0,0.9998387,0.0030963672,0.0053428295,0.016868062,0.0042610574,-0.003195793,0.0010652643,-0.06584055,-0.047884032,9.488221,0.006372381,0.010579674,0.03377208,30.00434684753418,2.290177822113037,0.29197228,-0.49445984,-0.64721066,0.029286828,-0.13335855,-0.3739386,-0.4770893,-0.39075977,-0.03632761,0.15649815,0.21374984,-1.3966863,0.07026915,0.009287223,0.35861906,-1.9441345,-0.03333964,0.5765154,-1.4192723,0.07299307,0.54638505,-1.4618026,0.017567288,0.6723218,-1.2103451,-0.009081903,0.70912457,-1.2465625,0.0,0.0,0.0,0.0,0.0,0.0,0.0,0.0,0.0,0.0,0.0,0.0,0.0,0.0,0.0,0.0,-3.9075975,0.2928683,-19.441345,-13.966864,50.0,50.0,50.0,50.0,50.0,50.0,50.0,50.0,50.0,50.0,50.0,50.0,0.0,0.0,0.0,0.0,1.0,1.0,1.0,1.0,1.0,1.0,1.0,1.0,1.0,1.0,1.0,1.0,0.5,0.5,0.5,0.5
1788699160.6271665,142,2.9746700000714554,2.0869190000212257,2.9289760000210663,0.076925,3.009741,870046,1,1,0.0,0.0,0.0,-0.017689466,0.6419668,-1.391218,0.034099936,0.64024085,-1.3963997,-0.040614694,0.6413196,-1.4231279,0.032924235,0.6390487,-1.4189419,-0.322819,-0.20576608,-0.13643053,-0.18878037,0.081386,0.0,0.030330187,0.0,-0.015502095,-0.014154087,0.0038755238,-0.05038181,-0.0020220124,-0.038755238,-0.027128667,-0.026286162,0.0,0.046506286,-0.081386,-0.0038755238,0.8411016,1.4842969,4.646674,-1.8306329,1.4595586,5.0734096,2.1274922,1.5585117,6.3062005,-1.6327267,1.5090352,6.2113705,0.0,-0.024738282,0.0,0.0,0.9998368,0.0031178058,0.005326573,0.01698445,0.0053263213,-0.019174758,0.0053263213,-0.015562311,-0.08619126,9.43914,0.0064159315,0.010545694,0.034005016,29.99549102783203,2.290177822113037,0.29534325,-0.47826055,-0.6568375,0.03925157,-0.1333629,-0.36867297,-0.49310556,-0.38898,-0.03887856,0.16232246,0.22752514,-1.4036715,0.07136412,0.01280418,0.36911988,-1.9446964,-0.033340726,0.57783175,-1.4232763,0.07383581,0.5504349,-1.4642093,0.01784103,0.6732011,-1.20772,-0.00971964,0.71058065,-1.2431186,0.0,0.0,0.0,0.0,0.0,0.0,0.0,0.0,0.0,0.0,0.0,0.0,0.0,0.0,0.0,0.0,-3.8898,0.3925157,-19.446964,-14.036715,50.0,50.0,50.0,50.0,50.0,50.0,50.0,50.0,50.0,50.0,50.0,50.0,0.0,0.0,0.0,0.0,1.0,1.0,1.0,1.0,1.0,1.0,1.0,1.0,1.0,1.0,1.0,1.0,0.5,0.5,0.5,0.5
1788699160.6471715,143,3.0454509999344737,2.1357170001010672,2.9968779999762774,1.996009,4.996855,870064,1,1,0.0,0.0,0.0,-0.017750025,0.6419668,-1.3912338,0.034069657,0.6402711,-1.3963997,-0.040584415,0.64138013,-1.4230963,0.032954514,0.6390487,-1.4189419,-0.322819,-0.20576608,-0.13643053,-0.18881065,0.027128667,-0.034879714,-0.0060660373,-0.03100419,0.06975943,-0.014154087,0.034879714,-0.011626571,0.052572325,0.019377619,0.015502095,-0.020220125,0.0077510476,0.06200838,-0.096888095,-0.034879714,0.8411016,1.5090352,4.599259,-1.8058946,1.5585117,5.0734096,2.1522305,1.4842969,6.4010305,-1.6079884,1.5090352,6.2587852,0.024738282,-0.024738282,0.049476564,0.0,0.9998356,0.0030867287,0.005329363,0.017054241,-0.003195793,-0.0021305287,0.0010652643,-0.031124622,-0.19033903,9.491813,0.0063546156,0.010551886,0.034144312,30.00434684753418,2.290177822113037,0.29368156,-0.48558244,-0.65290374,0.029853288,-0.13595365,-0.3660911,-0.4800323,-0.3935493,-0.03132182,0.14810789,0.22085325,-1.4071958,0.07481699,0.01614714,0.35715273,-1.9510019,-0.033988412,0.57847726,-1.4200081,0.07342039,0.5486044,-1.4632258,0.018704247,0.6740368,-1.2107117,-0.007830455,0.70702696,-1.2447866,0.0,0.0,0.0,0.0,0.0,0.0,0.0,0.0,0.0,0.0,0.0,0.0,0.0,0.0,0.0,0.0,-3.935493,0.29853287,-19.51002,-14.071959,50.0,50.0,50.0,50.0,50.0,50.0,50.0,50.0,50.0,50.0,50.0,50.0,0.0,0.0,0.0,0.0,1.0,1.0,1.0,1.0,1.0,1.0,1.0,1.0,1.0,1.0,1.0,1.0,0.5,0.5,0.5,0.5
1788699160.667178,144,2.989997999975458,2.154308000058336,2.9431830000703485,0.075262,3.022605,870086,1,1,0.0,0.0,0.0,-0.017750025,0.64193654,-1.3912338,0.03416049,0.6402711,-1.3963997,-0.040644974,0.6413196,-1.4231279,0.032893956,0.639079,-1.4189103,-0.322819,-0.20576608,-0.13640025,-0.18875009,-0.015502095,-0.05813286,0.018198112,0.054257333,0.03100419,-0.020220125,-0.038755238,-0.019377619,0.028308174,-0.05813286,0.038755238,0.018198112,-0.0077510476,0.015502095,-0.015502095,0.04263076,0.8411016,1.5090352,4.694089,-1.8058946,1.5585117,5.0259943,2.1522305,1.58325,6.3062005,-1.6822032,1.5585117,6.2587852,0.0,-0.024738282,0.024738282,-0.074214846,0.9998376,0.0030812237,0.0053504733,0.016936375,0.0,0.006391586,-0.019174758,-0.108936176,-0.18435353,9.497798,0.0063430793,0.010595038,0.03390862,29.99549102783203,2.324359655380249,0.2847054,-0.49888092,-0.655965,0.036649797,-0.13693386,-0.35473624,-0.45827258,-0.39818385,-0.025885109,0.12277474,0.2216234,-1.4041144,0.08024476,0.027398173,0.33724168,-1.944253,-0.034233466,0.58131593,-1.4145681,0.07117635,0.5452798,-1.4639912,0.02006119,0.67684954,-1.2156895,-0.006471277,0.7006937,-1.2445941,0.0,0.0,0.0,0.0,0.0,0.0,0.0,0.0,0.0,0.0,0.0,0.0,0.0,0.0,0.0,0.0,-3.9818385,0.36649796,-19.44253,-14.041143,50.0,50.0,50.0,50.0,50.0,50.0,50.0,50.0,50.0,50.0,50.0,50.0,0.0,0.0,0.0,0.0,1.0,1.0,1.0,1.0,1.0,1.0,1.0,1.0,1.0,1.0,1.0,1.0,0.5,0.5,0.5,0.5
1788699160.687181,145,2.994925999928455,2.179555999987315,2.949839000052634,0.072158,3.026125,870106,1,1,0.0,0.0,0.0,-0.017659187,0.64193654,-1.3912338,0.03416049,0.6403014,-1.3963839,-0.040644974,0.641259,-1.4231122,0.032893956,0.63910925,-1.4189103,-0.32284927,-0.20576608,-0.13643053,-0.18875009,0.096888095,0.011626571,0.030330187,0.023253143,-0.038755238,0.0060660373,-0.019377619,-0.04263076,0.02426415,-0.038755238,0.09301257,0.028308174,-0.05038181,0.023253143,-0.038755238,0.038755238,0.89057815,1.4842969,4.694089,-1.8306329,1.4842969,5.0259943,2.1522305,1.5585117,6.4010305,-1.6079884,1.58325,6.2113705,0.0,-0.024738282,0.0,-0.024738282,0.9998389,0.0031164957,0.0053750537,0.016844967,-0.0074568503,0.020240022,0.0010652643,-0.088585466,-0.05746084,9.534908,0.0064134784,0.010643582,0.033726312,30.00434684753418,2.324359655380249,0.29370356,-0.49798745,-0.6335013,0.022991624,-0.13056351,-0.3805039,-0.46866316,-0.40301365,-0.03952051,0.15863831,0.19888222,-1.3932135,0.065368906,0.0020685121,0.3486165,-1.9488269,-0.032640878,0.57487404,-1.4171658,0.07342589,0.54550314,-1.4583752,0.016342226,0.67051715,-1.2128458,-0.009880127,0.7096596,-1.2502794,0.0,0.0,0.0,0.0,0.0,0.0,0.0,0.0,0.0,0.0,0.0,0.0,0.0,0.0,0.0,0.0,-4.0301366,0.22991624,-19.48827,-13.932135,50.0,50.0,50.0,50.0,50.0,50.0,50.0,50.0,50.0,50.0,50.0,50.0,0.0,0.0,0.0,0.0,1.0,1.0,1.0,1.0,1.0,1.0,1.0,1.0,1.0,1.0,1.0,1.0,0.5,0.5,0.5,0.5
1788699160.7071931,146,3.0682039999874178,2.1922590000258424,3.02228499992907,2.010344,5.036309,870124,1,1,0.0,0.0,0.0,-0.017689466,0.64190626,-1.3912495,0.034130216,0.6403014,-1.3964155,-0.040584415,0.641259,-1.4231279,0.032893956,0.639079,-1.4189103,-0.322819,-0.20576608,-0.13640025,-0.18878037,0.05813286,-0.019377619,0.0,0.038755238,0.054257333,-0.0485283,0.10463915,-0.04263076,-0.0040440247,-0.0038755238,0.05813286,0.0080880495,0.0038755238,0.038755238,0.015502095,-0.019377619,0.89057815,1.5090352,4.646674,-1.8058946,1.4842969,5.0734096,2.1522305,1.5090352,6.4010305,-1.6327267,1.58325,6.2587852,0.024738282,-0.024738282,0.049476564,0.0,0.99983823,0.003127332,0.0053716246,0.016882049,-0.003195793,-0.006391586,0.021305285,-0.031124622,-0.089782566,9.434352,0.006435428,0.01063612,0.03380058,30.00434684753418,2.290177822113037,0.2980388,-0.48321673,-0.6337355,0.03257188,-0.12661803,-0.3908583,-0.49312374,-0.40396443,-0.04409045,0.18479685,0.18975279,-1.3904701,0.06330917,-0.015439451,0.37620127,-1.9519343,-0.031654507,0.5722854,-1.4232808,0.0745097,0.5491958,-1.4584339,0.015827293,0.66614014,-1.2059497,-0.011022612,0.7161992,-1.2525618,0.0,0.0,0.0,0.0,0.0,0.0,0.0,0.0,0.0,0.0,0.0,0.0,0.0,0.0,0.0,0.0,-4.0396442,0.3257188,-19.519344,-13.904701,50.0,50.0,50.0,50.0,50.0,50.0,50.0,50.0,50.0,50.0,50.0,50.0,0.0,0.0,0.0,0.0,1.0,1.0,1.0,1.0,1.0,1.0,1.0,1.0,1.0,1.0,1.0,1.0,0.5,0.5,0.5,0.5
1788699160.7271574,147,2.95451099998445,2.151524999931098,2.908400000023903,0.075806,2.988142,870146,1,1,0.0,0.0,0.0,-0.017719746,0.6419668,-1.3912022,0.034039382,0.64024085,-1.3963997,-0.040644974,0.64134985,-1.4231437,0.032924235,0.6390184,-1.418926,-0.32287955,-0.20576608,-0.13636997,-0.18878037,0.06975943,-0.015502095,-0.012132075,-0.081386,-0.0038755238,-0.012132075,-0.05813286,-0.038755238,-0.038418237,-0.05038181,-0.019377619,0.0,-0.10076362,0.015502095,-0.05038181,0.0,0.86583984,1.5090352,4.599259,-1.8306329,1.4595586,5.0734096,2.1522305,1.58325,6.4484453,-1.6327267,1.5585117,6.2587852,0.0,-0.024738282,0.049476564,0.0,0.99983597,0.003111559,0.005354314,0.017022101,0.0010652643,-0.012783172,0.0021305287,0.038307227,-0.095768064,9.390059,0.0064047836,0.01060114,0.034080446,29.99549102783203,2.290177822113037,0.2970213,-0.48041093,-0.63998145,0.011494026,-0.13135464,-0.35891408,-0.49690723,-0.38931432,-0.038297668,0.15670265,0.23638386,-1.403033,0.06459635,0.010826714,0.34965765,-1.9420435,-0.03283866,0.5802715,-1.4242268,0.074255325,0.5498973,-1.4599953,0.016149087,0.6727067,-1.2125856,-0.009574417,0.7091757,-1.240904,0.0,0.0,0.0,0.0,0.0,0.0,0.0,0.0,0.0,0.0,0.0,0.0,0.0,0.0,0.0,0.0,-3.8931432,0.114940256,-19.420435,-14.030331,50.0,50.0,50.0,50.0,50.0,50.0,50.0,50.0,50.0,50.0,50.0,50.0,0.0,0.0,0.0,0.0,1.0,1.0,1.0,1.0,1.0,1.0,1.0,1.0,1.0,1.0,1.0,1.0,0.5,0.5,0.5,0.5
1788699160.7472155,148,3.025804000003518,2.1802279999292296,2.9773899999554487,0.08099,3.062251,870166,1,1,0.0,0.0,0.0,-0.017750025,0.64193654,-1.3912338,0.034099936,0.6402711,-1.3963997,-0.040614694,0.6413196,-1.4231279,0.032954514,0.639079,-1.4189103,-0.322819,-0.20582664,-0.13643053,-0.18875009,0.015502095,-0.038755238,0.010110063,-0.0077510476,0.065883905,-0.014154087,-0.019377619,-0.065883905,-0.0020220124,0.04263076,-0.019377619,0.022242136,0.0077510476,-0.065883905,-0.09301257,0.06200838,0.86583984,1.5090352,4.646674,-1.7811563,1.4595586,5.0734096,2.1522305,1.58325,6.3062005,-1.6327267,1.58325,6.2587852,0.0,-0.024738282,0.0,-0.049476564,0.9998361,0.0031149697,0.005406786,0.01700081,0.008522115,0.0053263213,-0.006391586,-0.07182605,-0.19273324,9.504981,0.006413168,0.010706091,0.034038253,30.00434684753418,2.290177822113037,0.28986683,-0.4970218,-0.65682405,0.030834135,-0.13735057,-0.35897258,-0.47253874,-0.3977592,-0.03174623,0.13969754,0.220839,-1.4000312,0.07577267,0.021404179,0.35214776,-1.9465698,-0.034337644,0.5802569,-1.4181347,0.07246671,0.54574454,-1.464206,0.018943168,0.6753511,-1.211963,-0.007936558,0.7049244,-1.2447902,0.0,0.0,0.0,0.0,0.0,0.0,0.0,0.0,0.0,0.0,0.0,0.0,0.0,0.0,0.0,0.0,-3.977592,0.30834135,-19.465698,-14.000312,50.0,50.0,50.0,50.0,50.0,50.0,50.0,50.0,50.0,50.0,50.0,50.0,0.0,0.0,0.0,0.0,1.0,1.0,1.0,1.0,1.0,1.0,1.0,1.0,1.0,1.0,1.0,1.0,0.5,0.5,0.5,0.5
1788699160.7671595,149,3.035916000044381,2.1682930000679335,2.9892290000361754,1.978858,4.971479,870184,1,1,0.0,0.0,0.0,-0.017719746,0.64193654,-1.3912495,0.034190767,0.6403014,-1.396368,-0.040614694,0.641259,-1.4231279,0.032893956,0.63910925,-1.4189419,-0.32278872,-0.20576608,-0.13640025,-0.18875009,0.015502095,-0.0038755238,-0.014154087,0.08913705,0.07363495,0.030330187,-0.096888095,-0.065883905,-0.014154087,-0.038755238,0.011626571,-0.032352198,0.015502095,0.046506286,0.0,0.038755238,0.86583984,1.58325,4.646674,-1.8306329,1.5090352,5.0259943,2.1522305,1.4842969,6.3062005,-1.6079884,1.58325,6.3062005,0.0,-0.024738282,0.049476564,-0.049476564,0.9998384,0.0031050942,0.005407015,0.016866786,0.0074568503,0.0,-0.009587379,-0.110133275,-0.16998832,9.551667,0.0063919914,0.010707742,0.033770055,30.00434684753418,2.290177822113037,0.2878575,-0.50464845,-0.65052015,0.04653131,-0.13253239,-0.3691119,-0.47646713,-0.40160787,-0.036494564,0.152801,0.207554,-1.3891122,0.07346628,0.012130089,0.3600257,-1.9433542,-0.033133097,0.5777221,-1.4191167,0.071964376,0.5438379,-1.46263,0.01836657,0.6730325,-1.2099935,-0.009123641,0.7082003,-1.2481115,0.0,0.0,0.0,0.0,0.0,0.0,0.0,0.0,0.0,0.0,0.0,0.0,0.0,0.0,0.0,0.0,-4.016079,0.46531308,-19.433542,-13.891123,50.0,50.0,50.0,50.0,50.0,50.0,50.0,50.0,50.0,50.0,50.0,50.0,0.0,0.0,0.0,0.0,1.0,1.0,1.0,1.0,1.0,1.0,1.0,1.0,1.0,1.0,1.0,1.0,0.5,0.5,0.5,0.5
1788699160.787176,150,3.0485559999533507,2.169348000052196,3.010604999985844,2.001897,5.015574,870204,1,1,0.0,0.0,0.0,-0.017689466,0.64193654,-1.3912495,0.03416049,0.6402711,-1.3963997,-0.040644974,0.64122874,-1.4231122,0.032924235,0.63910925,-1.418926,-0.322819,-0.20576608,-0.13643053,-0.18878037,0.038755238,0.038755238,-0.0020220124,0.04263076,0.0077510476,-0.022242136,-0.011626571,-0.046506286,0.020220125,0.0,0.034879714,-0.0080880495,0.011626571,0.038755238,-0.046506286,-0.011626571,0.86583984,1.4842969,4.694089,-1.8306329,1.4595586,5.0734096,2.1522305,1.5585117,6.4010305,-1.6327267,1.5090352,6.3062005,-0.024738282,0.0,0.0,0.0,0.9998389,0.0031152265,0.0054178312,0.016832618,-0.011717907,0.0042610574,0.012783172,-0.046686932,-0.08140286,9.528923,0.006412253,0.010729248,0.033701885,30.00434684753418,2.290177822113037,0.29365596,-0.49439174,-0.6348185,0.02789386,-0.12888193,-0.39132074,-0.4886078,-0.3921738,-0.046509124,0.17641978,0.20078324,-1.3973781,0.06478086,-0.00918708,0.36706963,-1.9469005,-0.032220483,0.57216984,-1.4221519,0.07341399,0.5464021,-1.4587046,0.016195215,0.6677033,-1.2082325,-0.011627281,0.71410495,-1.2498041,0.0,0.0,0.0,0.0,0.0,0.0,0.0,0.0,0.0,0.0,0.0,0.0,0.0,0.0,0.0,0.0,-3.921738,0.2789386,-19.469006,-13.973781,50.0,50.0,50.0,50.0,50.0,50.0,50.0,50.0,50.0,50.0,50.0,50.0,0.0,0.0,0.0,0.0,1.0,1.0,1.0,1.0,1.0,1.0,1.0,1.0,1.0,1.0,1.0,1.0,0.5,0.5,0.5,0.5
1788699160.8073094,151,3.1884559999753037,2.1594920000325146,3.0116289999568835,2.010728,5.026325,870224,1,0,0.0,0.0,0.0,-0.017689466,0.64193654,-1.3912495,0.034130216,0.64024085,-1.3963839,-0.040644974,0.6413196,-1.4231279,0.032924235,0.6390487,-1.4189419,-0.322819,-0.20579636,-0.13640025,-0.18878037,0.05038181,-0.0038755238,-0.0080880495,0.011626571,0.015502095,0.010110063,-0.07363495,0.0038755238,-0.0020220124,-0.019377619,-0.019377619,-0.020220125,0.0077510476,0.0,-0.027128667,0.03100419,0.8411016,1.5090352,4.646674,-1.8058946,1.4100821,5.0734096,2.1522305,1.58325,6.4010305,-1.6079884,1.5585117,6.2113705,0.0,-0.024738282,0.0,-0.049476564,0.9998372,0.0030844498,0.0054260413,0.016933117,-0.010652643,0.0053263213,0.009587379,-0.01436521,-0.051475335,9.449914,0.0063520633,0.010746065,0.033902645,30.00434684753418,2.290177822113037,0.29768768,-0.49706236,-0.6178283,0.0139521025,-0.12772988,-0.39002717,-0.4930055,-0.391857,-0.04544668,0.16912426,0.21369942,-1.4036633,0.06288377,-0.008148879,0.34614092,-1.9428403,-0.03193247,0.5724932,-1.4232514,0.07442192,0.5457344,-1.454457,0.015720943,0.6679628,-1.2134647,-0.01136167,0.7122811,-1.2465751,0.0,0.0,0.0,0.0,0.0,0.0,0.0,0.0,0.0,0.0,0.0,0.0,0.0,0.0,0.0,0.0,-3.91857,0.13952103,-19.428404,-14.036633,50.0,50.0,50.0,50.0,50.0,50.0,50.0,50.0,50.0,50.0,50.0,50.0,0.0,0.0,0.0,0.0,1.0,1.0,1.0,1.0,1.0,1.0,1.0,1.0,1.0,1.0,1.0,1.0,0.5,0.5,0.5,0.5
1788699160.8272545,152,3.141992999985632,2.1775720000505316,3.0123969999067413,2.010217,5.026102,870244,1,0,0.0,0.0,0.0,-0.021141052,0.6302192,-1.3967627,0.044848457,0.62703985,-1.4032714,-0.039524704,0.6411682,-1.4203318,0.032833397,0.6413801,-1.4171726,-0.32714868,-0.20549363,-0.16322616,-0.20700747,-0.31779295,-1.8912556,-1.2233176,1.4882011,-1.1277775,-1.5387515,0.162772,-0.10463915,0.5843616,-0.027128667,0.12401676,0.2608396,-0.4379342,0.12014124,-6.5651374,-4.507234,-0.22264454,-1.2616524,-0.09483008,0.0,-3.339668,-0.99571586,2.7459493,1.4595586,10.099403,-2.3006601,3.6365275,8.771783,-1.7811563,-0.074214846,-5.788758,-4.2797227,0.99983746,0.00281523,0.005485146,0.016946094,-0.121440135,-0.031957928,-0.031957928,0.34955344,0.24301147,10.255563,0.0058158245,0.010873308,0.033926073,29.853837966918945,6.118535041809082,0.3371332,-0.0025176182,-0.6432805,0.22493866,-0.08407226,-0.0054126754,-0.36119673,-0.38419032,-0.011910081,0.22666259,0.54383415,-1.7234831,0.11321005,0.04647621,0.50520045,-2.5699625,-0.021018066,0.6686469,-1.3902991,0.0842833,0.6693706,-1.4608201,0.028302513,0.68161905,-1.1736999,-0.0029775202,0.7266657,-1.1640414,0.0,0.0,0.0,0.0,0.0,0.0,0.0,0.0,0.0,0.0,0.0,0.0,0.0,0.0,0.0,0.0,-3.8419032,2.2493865,-25.699625,-17.23483,50.0,50.0,50.0,50.0,50.0,50.0,50.0,50.0,50.0,50.0,50.0,50.0,0.0,0.0,0.0,0.0,1.0,1.0,1.0,1.0,1.0,1.0,1.0,1.0,1.0,1.0,1.0,1.0,0.5,0.5,0.5,0.5
1788699160.847232,153,3.0489719999877707,2.167971999938345,2.9168800000434203,0.075294,2.996174,870266,1,0,0.0,0.0,0.0,-0.01941526,0.64005935,-1.4146291,0.05623281,0.6347909,-1.4328275,-0.03743553,0.6485559,-1.402655,0.039524734,0.65106887,-1.4072205,-0.3433169,-0.1890226,-0.3651773,-0.34449774,0.26741114,0.9998852,-0.17389306,0.5038181,-0.46893838,-1.2314056,0.20152724,0.5735775,1.2617358,0.31391743,0.43405867,0.79869497,-1.4765745,1.3448068,-14.599099,-9.983349,-0.4205508,0.44528908,1.2327911,0.89057815,2.2511837,-0.23707521,3.2901914,1.1132227,10.573554,-2.622258,3.4386213,11.996005,-1.0637461,0.34633595,-4.89818,-2.8696408,0.9997938,-0.00049025915,0.011724483,0.01657118,-0.40160465,1.0897654,-0.05432848,3.241749,0.7386112,8.716091,-0.000591902,0.023462534,0.033139218,29.7918643951416,7.622532367706299,0.27046472,-0.38708058,-0.29556915,0.37341937,-0.11267912,-0.61940217,0.20287907,-0.22621498,0.13362643,-0.10846646,-0.1451866,-1.727508,0.031391647,0.10098873,-0.041120242,-2.350382,-0.02816978,0.5151495,-1.2492802,0.06761618,0.57322985,-1.3738922,0.007847912,0.6952472,-1.31028,0.033406608,0.6428834,-1.3362966,0.0,0.0,0.0,0.0,0.0,0.0,0.0,0.0,0.0,0.0,0.0,0.0,0.0,0.0,0.0,0.0,-2.2621498,3.7341938,-23.50382,-17.27508,50.0,50.0,50.0,50.0,50.0,50.0,50.0,50.0,50.0,50.0,50.0,50.0,0.0,0.0,0.0,0.0,1.0,1.0,1.0,1.0,1.0,1.0,1.0,1.0,1.0,1.0,1.0,1.0,0.5,0.5,0.5,0.5
1788699160.8672948,154,3.0921709999347513,2.154180999923483,2.9733579999629,0.070558,3.047788,870286,1,0,0.0,0.0,0.0,-0.015903115,0.6183201,-1.4260662,0.06443802,0.61771435,-1.4528106,-0.028988123,0.6659957,-1.3842041,0.05096966,0.6542177,-1.3997643,-0.3700217,-0.16204536,-0.6726457,-0.5690359,-0.10851467,-0.7518516,-0.20624527,0.1472699,-1.4765745,-0.89372945,0.9456278,1.4959522,0.43271068,0.24415801,0.12401676,-0.21635534,-1.4300683,1.1161509,-17.412727,-12.843487,-0.56898046,-4.7992268,9.435593,-0.024738282,-0.74214846,5.0259943,0.96479297,0.074214846,3.319053,-1.1626992,-0.56898046,3.2716377,-0.37107423,1.2616524,-1.8306329,-1.8801094,0.99957514,-0.006623116,0.023255996,0.016276238,-0.6636597,1.1494201,0.04687163,-1.9021933,0.7613561,10.199299,-0.012497527,0.04672483,0.032271404,29.924665451049805,4.135993003845215,0.13753906,-0.46092224,0.3874773,0.05855758,-0.076351404,-0.38202915,0.18889067,-0.08741055,0.34132302,0.15017846,-0.027880147,-1.7407695,-0.012346251,0.2957102,-0.12373139,-1.9661583,-0.019087851,0.57449275,-1.2527773,0.034384765,0.55476946,-1.2031306,-0.0030865627,0.7439276,-1.3309329,0.085330755,0.7075446,-1.30697,0.0,0.0,0.0,0.0,0.0,0.0,0.0,0.0,0.0,0.0,0.0,0.0,0.0,0.0,0.0,0.0,-0.87410545,0.5855758,-19.661583,-17.407696,50.0,50.0,50.0,50.0,50.0,50.0,50.0,50.0,50.0,50.0,50.0,50.0,0.0,0.0,0.0,0.0,1.0,1.0,1.0,1.0,1.0,1.0,1.0,1.0,1.0,1.0,1.0,1.0,0.5,0.5,0.5,0.5
1788699160.8875072,155,3.0291009999245944,2.343038999924829,2.871024999990368,2.37427,5.249487,870304,1,0,0.0,0.0,0.0,-0.016659975,0.6119921,-1.4328746,0.06907048,0.60306,-1.4663644,-0.021963716,0.69890743,-1.3742679,0.06305039,0.6783792,-1.3933823,-0.37671304,-0.1299209,-0.96667075,-0.78400636,-0.054257333,-0.33717057,-0.7784748,0.11239019,-0.724723,-0.26892763,0.13951886,2.9919045,0.82700306,1.2517942,1.8912556,1.0292042,0.2790377,2.2245505,-17.195698,-13.851122,-0.074214846,-1.5585117,10.099403,-1.9048477,-1.7811563,13.9400215,0.86583984,-0.22264454,1.2802061,0.0,-0.4205508,3.319053,-0.59371877,-0.86583984,-0.4205508,-1.6822032,0.99926984,-0.010269098,0.03276094,0.016761951,-0.2087918,0.5645901,0.091612734,-5.1583076,0.089782566,10.742783,-0.019468367,0.06586592,0.032903846,29.95122528076172,3.5549027919769287,0.07857928,-0.698145,0.34592402,0.12564835,-0.03545911,-0.6003123,0.2101571,-0.14584237,0.40407288,0.10062555,-0.27772874,-1.5706515,0.0057748593,0.071028665,0.00304031,-1.7903252,-0.008864777,0.51992196,-1.2474607,0.01964482,0.4954638,-1.213519,0.0014437148,0.6877572,-1.2992399,0.10101822,0.6951564,-1.3694321,0.0,0.0,0.0,0.0,0.0,0.0,0.0,0.0,0.0,0.0,0.0,0.0,0.0,0.0,0.0,0.0,-1.4584237,1.2564836,-17.903252,-15.706515,50.0,50.0,50.0,50.0,50.0,50.0,50.0,50.0,50.0,50.0,50.0,50.0,0.0,0.0,0.0,0.0,1.0,1.0,1.0,1.0,1.0,1.0,1.0,1.0,1.0,1.0,1.0,1.0,0.5,0.5,0.5,0.5
1788699160.9075687,156,3.0964580000727437,2.4367329999677168,2.967885999964892,1.887564,4.859514,870324,1,0,0.0,0.0,0.0,-0.020202518,0.6037869,-1.4355601,0.0644683,0.5867707,-1.466017,-0.02365926,0.74168956,-1.3576494,0.06822783,0.7070823,-1.377301,-0.37347335,-0.095767856,-1.2705965,-1.023653,-0.4379342,-0.7944824,0.4407987,-0.19765173,-1.0696446,0.0,-0.29841533,2.375696,1.2475817,0.04263076,2.2167995,-0.016176099,0.0,2.1470401,-17.53287,-12.552822,1.0390079,-3.587051,9.198518,-2.1274922,-3.7602189,13.086551,1.6327267,-5.368207,1.6121113,1.6822032,-2.9438555,0.52156544,-0.6926719,-0.44528908,0.049476564,-1.0884844,0.9992068,-0.009094763,0.034335,0.01800578,0.0745685,-0.19920443,0.10865696,-4.259285,-2.2050598,10.59554,-0.016979856,0.06899778,0.035450216,29.942371368408203,3.9309024810791016,0.064014,-0.12319668,-0.040769815,0.4463753,0.042902578,0.018670246,-0.0703762,-0.0065310188,0.33579344,0.23907726,-0.106338784,-1.3562125,-0.040461503,0.030392773,0.54738086,-1.4146004,0.010725644,0.6746676,-1.317594,0.0160035,0.63920087,-1.3101923,-0.010115376,0.67759824,-1.1631547,0.08394836,0.72976935,-1.3265847,0.0,0.0,0.0,0.0,0.0,0.0,0.0,0.0,0.0,0.0,0.0,0.0,0.0,0.0,0.0,0.0,-0.06531019,4.463753,-14.146004,-13.562125,50.0,50.0,50.0,50.0,50.0,50.0,50.0,50.0,50.0,50.0,50.0,50.0,0.0,0.0,0.0,0.0,1.0,1.0,1.0,1.0,1.0,1.0,1.0,1.0,1.0,1.0,1.0,1.0,0.5,0.5,0.5,0.5
1788699160.927596,157,3.0708909999930256,2.3460470000600253,2.9517259999920498,2.347295,5.303117,870344,1,0,0.0,0.0,0.0,-0.019839168,0.60844964,-1.4250236,0.061894707,0.5846816,-1.464611,-0.024234533,0.778719,-1.3292149,0.0685609,0.7462917,-1.3754369,-0.3675692,-0.04711187,-1.5549026,-1.234657,0.28678876,2.1044095,0.095034584,-0.04263076,0.85649073,-0.21635534,-0.14339438,1.1355284,2.8065531,0.15502095,1.7362347,0.6207578,0.51544464,3.3988345,-13.192283,-12.273784,1.1874375,1.4100821,5.4053144,-2.3006601,2.0038009,8.202802,0.96479297,-6.48143,5.784635,0.64319533,-2.548043,1.8017715,-0.32159767,0.44528908,-0.074214846,-0.24738282,0.9991825,-0.010000483,0.03424137,0.01902268,-0.24714132,-0.11611381,0.075633764,-3.6296098,-0.78649527,10.103531,-0.018727366,0.06886164,0.03742682,29.960079193115234,3.3498125076293945,0.18357287,-0.28686833,-0.063285954,0.6836342,0.03103635,-0.12309534,-0.28486776,-0.04469242,0.2566157,0.06647704,-0.20599917,-0.94690937,-0.051743187,0.05918,0.4810213,-0.8684535,0.0077590877,0.6392262,-1.3712169,0.04589322,0.59828293,-1.3158214,-0.012935797,0.684795,-1.1797446,0.064153925,0.6866193,-1.3514998,0.0,0.0,0.0,0.0,0.0,0.0,0.0,0.0,0.0,0.0,0.0,0.0,0.0,0.0,0.0,0.0,-0.4469242,6.8363423,-8.684535,-9.469093,50.0,50.0,50.0,50.0,50.0,50.0,50.0,50.0,50.0,50.0,50.0,50.0,0.0,0.0,0.0,0.0,1.0,1.0,1.0,1.0,1.0,1.0,1.0,1.0,1.0,1.0,1.0,1.0,0.5,0.5,0.5,0.5
1788699160.9474845,158,3.0816429999731554,2.3671339999964403,2.9303510000318056,2.326784,5.261263,870364,1,0,0.0,0.0,0.0,-0.0118762255,0.60206103,-1.4271877,0.06910076,0.56830144,-1.4666331,-0.023205101,0.7914053,-1.288048,0.07243645,0.7699082,-1.3599875,-0.3708089,0.00084775686,-1.7572472,-1.4332474,0.21315381,-0.58520406,-0.26488364,0.6200838,-1.48045,0.06874842,0.03100419,0.3565482,1.472025,-0.26741114,0.8758684,0.7036603,-0.77898026,2.914394,-11.312654,-10.750703,0.74214846,2.4985664,3.1293926,-1.8058946,3.0428088,7.8234816,0.51950395,-5.961926,4.599259,-0.12369141,-5.244516,0.04741504,0.14842969,1.7316797,1.0390079,0.44528908,0.99911433,-0.013728715,0.034928843,0.0190309,-0.34408036,0.19813916,-0.08735167,0.21787235,-0.0047884034,7.728483,-0.02617142,0.07037643,0.037169583,29.98663902282715,2.7003588676452637,0.17807628,0.03942617,0.058047783,0.42884654,0.04780074,0.36907417,-0.27242705,-0.13708538,0.3721066,0.24846168,0.21755338,-0.88774055,0.09892816,0.72640514,0.43827894,-0.63028204,0.011950185,0.76226854,-1.3681067,0.04451907,0.67985654,-1.285488,0.02473204,0.8516013,-1.1904302,0.09302665,0.73211545,-1.2456117,0.0,0.0,0.0,0.0,0.0,0.0,0.0,0.0,0.0,0.0,0.0,0.0,0.0,0.0,0.0,0.0,-1.3708538,4.2884655,-6.30282,-8.877405,50.0,50.0,50.0,50.0,50.0,50.0,50.0,50.0,50.0,50.0,50.0,50.0,0.0,0.0,0.0,0.0,1.0,1.0,1.0,1.0,1.0,1.0,1.0,1.0,1.0,1.0,1.0,1.0,0.5,0.5,0.5,0.5
1788699160.9694448,159,4.865432999963559,2.4792599999727827,4.232778999949005,2.921616,7.158299,870384,1,0,0.0,0.0,0.0,-0.008485079,0.59918475,-1.4327798,0.072976284,0.5494991,-1.4667436,-0.018088192,0.81060123,-1.2718562,0.07276946,0.78071725,-1.3502724,-0.3794077,0.058647573,-1.9202313,-1.5969278,0.19377619,0.04263076,-0.5823396,-0.054257333,-1.0037607,-0.04044025,0.77898026,1.9145088,0.34374213,0.81386006,0.29841533,1.4315848,-0.6200838,3.092668,-6.6000166,-7.5417695,0.86583984,8.658399,4.030278,-1.5090352,7.91625,9.577838,1.4842969,0.12369141,4.2199388,0.34633595,-2.8696408,3.413883,-0.24738282,0.44528908,0.56898046,-0.51950395,0.998956,-0.01510196,0.0391346,0.01808851,0.08628641,0.3398193,-0.09800432,-1.5765818,-0.08020575,8.440758,-0.028850168,0.07881541,0.035073284,29.915813446044922,4.443628787994385,0.1674151,-0.21572685,-0.5176038,0.43114218,-0.14185537,-0.1615902,0.47366735,-0.06919061,0.41510898,0.15773784,-0.22722708,-0.75633025,0.100346066,0.8394963,0.59553546,-0.2579936,-0.035463843,0.6296025,-1.1815832,0.041853774,0.6160683,-1.4294009,0.025086517,0.8798741,-1.1511161,0.103777245,0.70943445,-1.3568068,0.0,0.0,0.0,0.0,0.0,0.0,0.0,0.0,0.0,0.0,0.0,0.0,0.0,0.0,0.0,0.0,-0.6919061,4.311422,-2.579936,-7.5633025,50.0,50.0,50.0,50.0,50.0,50.0,50.0,50.0,50.0,50.0,50.0,50.0,0.0,0.0,0.0,0.0,1.0,1.0,1.0,1.0,1.0,1.0,1.0,1.0,1.0,1.0,1.0,1.0,0.5,0.5,0.5,0.5
1788699160.9888256,160,4.302825999957349,2.44383699998707,4.176141000016287,2.09063,6.271379,870404,1,0,0.0,0.0,0.0,-0.013026714,0.60033524,-1.4404887,0.072855175,0.5335731,-1.4725885,-0.017664313,0.8301908,-1.2711611,0.07870388,0.7901941,-1.3279355,-0.4062639,0.09828085,-2.0363758,-1.7216711,-1.0347649,-0.4999426,1.1505251,-0.17052305,-0.75960267,-1.3628364,-0.027128667,1.6005913,0.19006917,0.12401676,0.8913705,-0.15973899,-1.6509732,1.9028822,-5.410231,-7.0844574,-0.14842969,1.8306329,11.616685,-1.5090352,4.9229183,3.8880334,2.2017071,1.0390079,6.02171,1.1626992,-5.096086,-0.52156544,0.51950395,1.0884844,1.58325,-0.074214846,0.99897546,-0.015019738,0.038872723,0.017652363,0.026631609,-0.20985708,0.0021305287,0.5530606,-2.2469583,6.613982,-0.028728208,0.07827596,0.034212247,29.95122528076172,3.3156309127807617,0.24306996,-0.21626627,-0.19427241,0.17724268,-0.021911914,-0.17837891,0.17776626,0.0056594424,0.37904978,0.32240158,0.19047299,-0.89300287,0.089789264,0.66392833,0.48032072,-0.095599286,-0.0054779784,0.6254053,-1.2555584,0.06076749,0.6159334,-1.3485681,0.022447316,0.8359821,-1.1799197,0.094762444,0.7506004,-1.2523817,0.0,0.0,0.0,0.0,0.0,0.0,0.0,0.0,0.0,0.0,0.0,0.0,0.0,0.0,0.0,0.0,0.056594424,1.7724268,-0.9559929,-8.930029,50.0,50.0,50.0,50.0,50.0,50.0,50.0,50.0,50.0,50.0,50.0,50.0,0.0,0.0,0.0,0.0,1.0,1.0,1.0,1.0,1.0,1.0,1.0,1.0,1.0,1.0,1.0,1.0,0.5,0.5,0.5,0.5
1788699161.0076046,161,3.0355659999941054,2.306529999941631,2.9031210000312058,2.04036,4.948569,870424,1,0,0.0,0.0,0.0,-0.018325329,0.60181886,-1.4238546,0.074823216,0.5319987,-1.4908181,-0.011094093,0.8450268,-1.2714928,0.08524382,0.81756496,-1.3442695,-0.43620837,0.13679385,-2.121395,-1.806963,0.77510476,0.034879714,-0.3093679,0.6975943,-0.08526152,-0.088968545,0.6200838,-0.39917895,-0.10514465,0.6355859,1.5967158,-0.34374213,-0.6239593,1.5734626,-3.6313658,-5.3482227,-0.12369141,1.2863907,9.435593,-1.4595586,4.4281526,7.064841,1.1874375,-0.14842969,4.646674,-0.024738282,-5.1208243,4.409599,0.24738282,0.049476564,1.4595586,-1.6079884,0.998941,-0.018850539,0.03721946,0.019398544,-0.7552724,-0.1906823,0.29614347,-1.0522517,1.7561469,9.00579,-0.036327675,0.07516219,0.037467312,29.977785110473633,2.8370859622955322,0.41366503,-0.04351477,0.40929368,0.22326449,0.08978642,-0.30078426,-0.2562561,-0.19169006,0.19622622,0.8508117,0.22802593,-0.6700036,-0.10200467,0.3394655,0.6529218,-0.25511754,0.022446604,0.5948039,-1.364064,0.10341626,0.65912133,-1.1976765,-0.025501167,0.75486636,-1.1367695,0.049056556,0.88270295,-1.2429935,0.0,0.0,0.0,0.0,0.0,0.0,0.0,0.0,0.0,0.0,0.0,0.0,0.0,0.0,0.0,0.0,-1.9169006,2.2326448,-2.5511754,-6.700036,50.0,50.0,50.0,50.0,50.0,50.0,50.0,50.0,50.0,50.0,50.0,50.0,0.0,0.0,0.0,0.0,1.0,1.0,1.0,1.0,1.0,1.0,1.0,1.0,1.0,1.0,1.0,1.0,0.5,0.5,0.5,0.5
1788699161.0275896,162,3.2455760000402734,2.3954869999442963,3.1170669999482925,0.078814,3.200937,870446,1,0,0.0,0.0,0.0,-0.007122636,0.59857917,-1.429573,0.09059781,0.526579,-1.4837253,-0.0063102543,0.8470554,-1.269771,0.09154153,0.8481453,-1.3407942,-0.43857002,0.14751214,-2.1804364,-1.9288906,0.10851467,-0.26353562,-0.51156914,0.7518516,-0.27128667,0.5095472,-0.61233276,0.13951886,0.31947798,-0.03100419,2.0772808,-0.30532387,-0.19377619,0.162772,-2.751622,-5.0420566,1.4100821,0.14842969,3.698373,-0.14842969,7.174102,14.746078,-0.32159767,-5.021871,6.4958606,-2.2017071,-0.37107423,5.5001445,-0.8411016,1.0390079,0.14842969,-0.47002736,0.99874526,-0.025211226,0.036473125,0.023282913,-0.35579827,0.064981125,0.27270767,-0.1340753,-1.9776106,9.993398,-0.04881405,0.074096486,0.04480623,29.915813446044922,4.409446716308594,0.4207248,-0.5245026,0.93267095,0.023450036,0.12807813,-0.17661923,-0.2549636,-0.40082687,0.232219,0.83567697,-0.006407833,-0.5637425,-0.07702378,0.39970315,0.5946886,-0.40352356,0.032019533,0.6258452,-1.3637408,0.1051812,0.5388744,-1.0668322,-0.019255945,0.76992583,-1.1513278,0.05805475,0.87891924,-1.3016019,0.0,0.0,0.0,0.0,0.0,0.0,0.0,0.0,0.0,0.0,0.0,0.0,0.0,0.0,0.0,0.0,-4.008269,0.23450035,-4.0352354,-5.6374254,50.0,50.0,50.0,50.0,50.0,50.0,50.0,50.0,50.0,50.0,50.0,50.0,0.0,0.0,0.0,0.0,1.0,1.0,1.0,1.0,1.0,1.0,1.0,1.0,1.0,1.0,1.0,1.0,0.5,0.5,0.5,0.5
1788699161.0484416,163,3.8877350000348088,2.4306860000251618,3.7507779999259583,2.029833,5.785283,870464,1,0,0.0,0.0,0.0,-0.009090662,0.60000217,-1.4329377,0.095381655,0.5115916,-1.478844,-0.009519666,0.8494776,-1.2687441,0.08936155,0.86340517,-1.3437641,-0.4421125,0.14745158,-2.2150435,-2.0273833,0.0,-0.23640695,-0.19006917,-0.0038755238,-0.40693003,0.95641196,-0.08913705,0.019377619,0.020220125,-0.32941952,0.7867313,-0.23253144,-0.8254866,-0.096888095,-2.3330653,-6.518631,2.1522305,1.6327267,3.8406184,0.4205508,1.7316797,20.578127,-0.32159767,-4.0570784,6.02171,-1.1874375,0.024738282,2.418167,-1.4842969,0.12369141,-0.86583984,0.34633595,0.99876845,-0.02406054,0.03643748,0.023557536,0.21518339,0.01704423,-0.11398328,-1.0522517,-1.5382746,12.216414,-0.04648894,0.07398631,0.045443553,29.906957626342773,4.717082977294922,0.30989397,-0.92469573,0.26672566,-0.106959745,-0.07127251,-0.13020986,0.33526626,-0.5736619,0.3396536,0.5736135,-0.17335798,-0.551579,-0.00023429841,0.8379894,0.8041955,-0.2726025,-0.017818127,0.63744754,-1.2161834,0.07747349,0.43882608,-1.2333186,-5.8574602e-05,0.87949735,-1.0989511,0.0849134,0.81340337,-1.3433394,0.0,0.0,0.0,0.0,0.0,0.0,0.0,0.0,0.0,0.0,0.0,0.0,0.0,0.0,0.0,0.0,-5.736619,-1.0695975,-2.726025,-5.51579,50.0,50.0,50.0,50.0,50.0,50.0,50.0,50.0,50.0,50.0,50.0,50.0,0.0,0.0,0.0,0.0,1.0,1.0,1.0,1.0,1.0,1.0,1.0,1.0,1.0,1.0,1.0,1.0,0.5,0.5,0.5,0.5
1788699161.0674586,164,3.00663899997744,2.2768020000967226,2.8170119999231247,1.973386,4.794718,870484,1,0,0.0,0.0,0.0,-0.013299227,0.60118306,-1.4280723,0.09380723,0.4928801,-1.468497,-0.011548251,0.8615583,-1.2666116,0.08518326,0.87463814,-1.344933,-0.47408557,0.15111512,-2.2555246,-2.122576,-0.52707124,0.054257333,1.3648584,-0.64333695,-1.8331227,-0.29319182,0.0,1.1859103,0.32958803,0.10851467,0.34492162,-0.29925784,-2.5810988,0.7906069,-2.3640695,-5.4644885,0.24738282,1.8058946,9.483008,-0.22264454,-1.0637461,12.375325,0.59371877,-0.24738282,8.487292,-0.074214846,-3.6612659,0.47415042,-1.311129,-1.0390079,-0.12369141,0.024738282,0.9989229,-0.022569487,0.035020143,0.020434158,0.19494337,-0.23755394,-0.49960896,-1.4688427,-0.79966336,11.46224,-0.043783225,0.07094672,0.039352648,29.95122528076172,3.5549027919769287,0.18554331,-0.7387754,-0.37604985,-0.21342163,-0.103705764,0.0462052,0.7832953,-0.31400552,0.5113565,0.028184827,0.34832874,-0.53511053,0.1461957,1.424947,0.5805593,0.032901853,-0.025926441,0.68155134,-1.1041762,0.04638583,0.48530617,-1.3940125,0.036548924,1.0262368,-1.1548601,0.12783912,0.67704624,-1.2129178,0.0,0.0,0.0,0.0,0.0,0.0,0.0,0.0,0.0,0.0,0.0,0.0,0.0,0.0,0.0,0.0,-3.1400552,-2.1342163,0.32901853,-5.351105,50.0,50.0,50.0,50.0,50.0,50.0,50.0,50.0,50.0,50.0,50.0,50.0,0.0,0.0,0.0,0.0,1.0,1.0,1.0,1.0,1.0,1.0,1.0,1.0,1.0,1.0,1.0,1.0,0.5,0.5,0.5,0.5
1788699161.0873675,165,3.2387610000341738,2.2631389999787643,3.1187960000806925,0.073374,3.196298,870506,1,0,0.0,0.0,0.0,-0.016417742,0.60369605,-1.4043927,0.0902042,0.48924682,-1.463363,-0.009095788,0.8860831,-1.2673856,0.09453905,0.880512,-1.3336698,-0.5363362,0.16510338,-2.3104177,-2.2036893,-0.23253144,0.10851467,0.98067605,0.011626571,-0.06200838,-0.19613521,0.44180974,1.0812712,-0.30127984,0.895246,-0.12789229,2.2403898,-3.3213239,0.44568524,-2.263306,-3.4065857,-0.2721211,4.0076017,15.030568,-2.2511837,-0.17316797,3.698373,1.8801094,6.234047,6.2587852,0.86583984,-10.612723,3.7932034,0.074214846,-1.2616524,1.2616524,-0.8411016,0.99906445,-0.023284746,0.032224424,0.017022386,-0.009587379,-0.33555827,-0.09906958,-1.258153,2.397793,9.816227,-0.0455414,0.06522752,0.0325873,29.82727813720703,6.733806610107422,0.21498248,-0.29245397,-0.34574264,-0.5078022,-0.08530837,-0.49509045,0.64188987,-0.34230977,0.36427534,0.2843309,0.3006197,-0.7194798,-0.008979319,0.8954816,0.5231879,-0.04712882,-0.021327093,0.5462274,-1.1395274,0.05374562,0.5968865,-1.3864356,-0.0022448297,0.8938704,-1.169203,0.091068834,0.7410827,-1.224845,0.0,0.0,0.0,0.0,0.0,0.0,0.0,0.0,0.0,0.0,0.0,0.0,0.0,0.0,0.0,0.0,-3.4230976,-5.078022,-0.4712882,-7.194798,50.0,50.0,50.0,50.0,50.0,50.0,50.0,50.0,50.0,50.0,50.0,50.0,0.0,0.0,0.0,0.0,1.0,1.0,1.0,1.0,1.0,1.0,1.0,1.0,1.0,1.0,1.0,1.0,0.5,0.5,0.5,0.5
1788699161.1073961,166,3.18992999996226,2.3970549999603463,3.0250379999188226,0.08211,3.112044,870526,1,0,0.0,0.0,0.0,-0.019142747,0.5894959,-1.385689,0.084572576,0.4966648,-1.4624941,-0.007612169,0.8902917,-1.2674172,0.09653735,0.8777567,-1.3122649,-0.5900182,0.15162987,-2.3396356,-2.2609444,-0.28291324,-0.902997,1.0271823,-0.162772,-0.3604237,0.161761,-0.0077510476,0.096888095,0.5661635,-0.26353562,-0.0038755238,0.20624527,-2.9182694,-2.1431646,-1.7478611,-3.1624277,0.12369141,-1.311129,11.75893,-1.5090352,5.6650667,3.8880334,0.2721211,0.17316797,4.2673535,0.049476564,-7.174102,4.694089,-0.17316797,-1.2863907,0.6679336,-1.8801094,0.99905884,-0.024095612,0.03023821,0.019665021,-0.09480853,-0.10972223,0.5166532,-0.61890113,-1.4089876,9.11712,-0.047062628,0.061405767,0.03791634,29.906957626342773,4.443628787994385,0.3741143,-0.07814809,0.42541176,-0.77182966,0.11431092,-0.5154925,-0.03871988,-0.46297425,0.11063643,1.2910657,0.31787044,-0.9213824,-0.25216326,0.39600688,0.5935335,-0.4003381,0.02857773,0.5411269,-1.3096799,0.093528576,0.650463,-1.193647,-0.063040815,0.7690017,-1.1516166,0.027659107,0.99276644,-1.2205323,0.0,0.0,0.0,0.0,0.0,0.0,0.0,0.0,0.0,0.0,0.0,0.0,0.0,0.0,0.0,0.0,-4.6297426,-7.7182965,-4.0033813,-9.213824,50.0,50.0,50.0,50.0,50.0,50.0,50.0,50.0,50.0,50.0,50.0,50.0,0.0,0.0,0.0,0.0,1.0,1.0,1.0,1.0,1.0,1.0,1.0,1.0,1.0,1.0,1.0,1.0,0.5,0.5,0.5,0.5
1788699161.1274533,167,3.257480000002033,2.384382999935042,3.0904120000059265,0.084221,3.179337,870546,1,0,0.0,0.0,0.0,-0.026833296,0.5855901,-1.3749471,0.08433036,0.50126696,-1.4517839,-0.013274074,0.8794826,-1.2517308,0.08848351,0.9034926,-1.3069097,-0.62510985,0.08680564,-2.380268,-2.3415127,-0.04263076,-0.23640695,-0.4205786,0.44180974,0.20152724,1.5043772,-0.6665901,-0.61233276,1.5205534,-0.13951886,1.383562,0.35991824,-1.4184418,-5.5691276,-3.011282,-5.6698914,2.8201642,-2.0038009,3.698373,0.0,7.446223,12.04342,-1.9048477,-5.2197776,3.461298,-3.0675468,3.339668,4.599259,-1.6327267,-0.6679336,-0.24738282,-1.58325,0.99892944,-0.023757657,0.03065517,0.025219392,0.09906958,0.011717907,0.48469526,-0.62847793,-1.2258313,7.055712,-0.046024255,0.06248366,0.049043525,29.862689971923828,5.845080852508545,0.43786874,-0.572629,0.7452938,-0.7250181,0.038303826,-0.4838414,-0.16306365,-0.60498494,0.10177599,1.236744,0.16300753,-0.8165941,-0.19347705,0.25359365,0.6965557,-0.5741755,0.0095759565,0.54903966,-1.3407658,0.109467186,0.5268428,-1.1136765,-0.048369262,0.73339844,-1.125861,0.025443997,0.97918606,-1.259248,0.0,0.0,0.0,0.0,0.0,0.0,0.0,0.0,0.0,0.0,0.0,0.0,0.0,0.0,0.0,0.0,-6.0498495,-7.2501807,-5.7417545,-8.165941,50.0,50.0,50.0,50.0,50.0,50.0,50.0,50.0,50.0,50.0,50.0,50.0,0.0,0.0,0.0,0.0,1.0,1.0,1.0,1.0,1.0,1.0,1.0,1.0,1.0,1.0,1.0,1.0,0.5,0.5,0.5,0.5
1788699161.1476312,168,3.3825000000433647,2.568794000012531,3.2328720000123212,0.089822,3.32759,870566,1,0,0.0,0.0,0.0,-0.031647444,0.58634704,-1.3767796,0.08984087,0.5051425,-1.435276,-0.022054553,0.8738813,-1.2312738,0.0816105,0.920115,-1.3051088,-0.64951354,-0.02846086,-2.431013,-2.4568095,-0.26741114,-0.015502095,0.09099056,0.038755238,0.82161105,0.51763517,-0.64721245,-0.162772,0.9483238,-0.76347816,1.4765745,0.012132075,-2.1470401,-5.7900324,-2.9802778,-8.312999,2.3996134,-1.8306329,1.6121113,0.9895313,0.2721211,16.26336,-0.6679336,-7.174102,4.646674,-2.0285392,1.4100821,2.323337,-1.8801094,-0.5442422,-1.2863907,0.074214846,0.9990033,-0.021556463,0.02880553,0.026421769,0.2716424,-0.19281285,-0.17044228,-1.4796166,-2.5797524,9.081207,-0.041631535,0.05872651,0.051660977,29.898103713989258,4.853809833526611,0.30277884,-0.9388949,0.3799952,-0.55156666,-0.08787787,0.16091451,0.14389339,-0.6304946,0.2003229,0.6370226,0.26102987,-0.6101504,0.057343476,0.8569444,0.85447484,-0.1094287,-0.021969467,0.7102286,-1.2640266,0.07569471,0.43527627,-1.2050011,0.014335869,0.8842361,-1.0863812,0.050080724,0.8292557,-1.2347425,0.0,0.0,0.0,0.0,0.0,0.0,0.0,0.0,0.0,0.0,0.0,0.0,0.0,0.0,0.0,0.0,-6.304946,-5.5156665,-1.0942869,-6.101504,50.0,50.0,50.0,50.0,50.0,50.0,50.0,50.0,50.0,50.0,50.0,50.0,0.0,0.0,0.0,0.0,1.0,1.0,1.0,1.0,1.0,1.0,1.0,1.0,1.0,1.0,1.0,1.0,0.5,0.5,0.5,0.5
1788699161.1693125,169,5.130356999984542,2.6712869999983013,4.986456999972688,0.089597,5.080406,870586,1,0,0.0,0.0,0.0,-0.034796238,0.6068146,-1.3681544,0.08726728,0.50907856,-1.4291942,-0.025718153,0.8803304,-1.2178305,0.07043809,0.92650354,-1.2963731,-0.69414264,-0.10830271,-2.4779737,-2.5856707,0.096888095,0.6704656,0.80273896,-0.5929552,0.49606705,0.11121068,-0.011626571,0.5658265,0.04044025,-0.5619509,-1.0851467,0.7461226,-3.205058,-3.158552,-2.116036,-6.204714,0.64319533,4.89818,4.788919,-0.049476564,-4.5023675,11.37961,2.2511837,-0.2721211,7.112256,-0.4205508,-4.4034142,2.418167,-1.1874375,-1.1626992,0.59371877,0.12369141,0.9991936,-0.019426443,0.027238933,0.022200583,0.31105718,0.040480044,-0.6253101,-1.6531962,-0.5482722,10.67814,-0.037678663,0.05532471,0.043387022,29.93351936340332,4.067629337310791,0.10775982,-1.0324883,0.006226968,-0.3569817,-0.16219951,0.19374347,0.8722692,-0.49783882,0.40496343,0.16623709,0.2176388,-0.42675963,0.18157919,1.4616017,0.6333027,0.14215021,-0.040549878,0.7184359,-1.0819327,0.026939955,0.41187793,-1.2984432,0.045394797,1.0354004,-1.1416743,0.10124086,0.7115593,-1.2455902,0.0,0.0,0.0,0.0,0.0,0.0,0.0,0.0,0.0,0.0,0.0,0.0,0.0,0.0,0.0,0.0,-4.9783883,-3.569817,1.4215021,-4.2675962,50.0,50.0,50.0,50.0,50.0,50.0,50.0,50.0,50.0,50.0,50.0,50.0,0.0,0.0,0.0,0.0,1.0,1.0,1.0,1.0,1.0,1.0,1.0,1.0,1.0,1.0,1.0,1.0,0.5,0.5,0.5,0.5
1788699161.1892977,170,4.925403000015649,2.3882870000306866,4.263308000076904,2.561307,6.829031,870604,1,0,0.0,0.0,0.0,-0.037097335,0.6110232,-1.3613302,0.08408814,0.50711054,-1.4234126,-0.027807295,0.89328915,-1.2171512,0.06928754,0.9210233,-1.2849045,-0.76886755,-0.14118415,-2.5110972,-2.635659,-0.38367686,0.61233276,1.7793709,-0.27128667,-0.3914279,-0.0970566,0.39917895,1.0192627,-0.34374213,1.2014123,-1.4455703,0.25275156,-4.728139,-0.77122927,-1.4339437,-0.7363495,0.12369141,5.021871,12.470156,-2.7459493,-4.6260586,6.827766,3.4633594,6.5061684,4.504429,0.47002736,-9.623192,1.8491865,0.12369141,-1.4595586,1.3606055,-1.8306329,0.999256,-0.018949676,0.027397083,0.019437645,0.120374866,0.106526434,-0.16724649,-0.09816227,-1.6448165,9.52174,-0.036871232,0.05551859,0.037875433,29.800716400146484,7.451623439788818,0.11582878,-0.56122243,-0.11849412,-0.4577936,-0.120027706,-0.404321,1.0455838,-0.39966485,0.39343482,0.563298,0.23448801,-0.6775109,-0.06066855,1.1672792,0.5924758,0.18749405,-0.030006927,0.5689198,-1.038604,0.028957196,0.52969444,-1.3296235,-0.015167138,0.9618198,-1.151881,0.098358706,0.8108245,-1.241378,0.0,0.0,0.0,0.0,0.0,0.0,0.0,0.0,0.0,0.0,0.0,0.0,0.0,0.0,0.0,0.0,-3.9966486,-4.577936,1.8749405,-6.7751093,50.0,50.0,50.0,50.0,50.0,50.0,50.0,50.0,50.0,50.0,50.0,50.0,0.0,0.0,0.0,0.0,1.0,1.0,1.0,1.0,1.0,1.0,1.0,1.0,1.0,1.0,1.0,1.0,0.5,0.5,0.5,0.5
1788699161.2075932,171,3.431010999975115,2.5805699999637,3.2944069999985004,0.079006,3.378212,870626,1,0,0.0,0.0,0.0,-0.045241952,0.6080258,-1.3369712,0.07364239,0.50586915,-1.4212642,-0.024022609,0.90524876,-1.2235806,0.07812858,0.90745896,-1.2748576,-0.8692073,-0.1460588,-2.5210888,-2.6316018,-0.31391743,-1.6277201,0.7562327,-0.46893838,0.93400127,0.18400313,0.10851467,0.6162083,0.14356288,0.24803352,-0.3100419,0.46101886,-4.9761724,-0.4185566,0.08913705,-0.3720503,1.1626992,-0.37107423,14.793492,-1.8306329,0.2721211,4.4570136,0.4205508,2.2264454,3.2716377,0.86583984,-4.576582,1.5172813,0.37107423,-2.0038009,0.8411016,-3.1170235,0.999202,-0.017487427,0.02693615,0.023747226,-0.0021305287,-0.15872438,0.725445,-1.2808979,-1.6460136,9.962274,-0.033724427,0.05468712,0.04660097,29.924665451049805,3.9309024810791016,0.26628196,0.00929866,0.41808423,-0.44675547,0.10132336,-0.74566025,0.16488552,-0.5401179,0.08664169,1.713235,0.39053872,-0.85685855,-0.3622099,0.19474106,0.7993329,-0.3511668,0.02533084,0.48358494,-1.2587786,0.06657049,0.67232466,-1.1954789,-0.09055247,0.71868527,-1.1001667,0.021660423,1.0983088,-1.2023653,0.0,0.0,0.0,0.0,0.0,0.0,0.0,0.0,0.0,0.0,0.0,0.0,0.0,0.0,0.0,0.0,-5.4011793,-4.4675546,-3.5116682,-8.568585,50.0,50.0,50.0,50.0,50.0,50.0,50.0,50.0,50.0,50.0,50.0,50.0,0.0,0.0,0.0,0.0,1.0,1.0,1.0,1.0,1.0,1.0,1.0,1.0,1.0,1.0,1.0,1.0,0.5,0.5,0.5,0.5
1788699161.2272747,172,3.1898970000838744,2.2456350000084058,3.06436500000018,2.014857,5.083126,870644,1,0,0.0,0.0,0.0,-0.047421932,0.60596687,-1.3223274,0.07046325,0.512288,-1.4139974,-0.021691233,0.8992841,-1.2199789,0.07846165,0.93171126,-1.2694076,-0.9244638,-0.17003864,-2.5258424,-2.662273,0.25190905,-0.15889648,-0.42664462,0.027128667,0.027128667,1.3527263,-0.46118733,-0.8836195,0.8714874,-0.6704656,3.5616064,0.6834402,-2.743871,-2.6004765,-1.9726416,-3.205058,3.6365275,-6.2587852,3.650958,-0.24738282,8.460492,10.051989,-3.1665,-8.831567,4.646674,-2.3501368,5.7145433,2.7974875,-1.3606055,-0.7668867,-0.59371877,-2.44909,0.99903435,-0.018657485,0.02488299,0.03103412,-0.25566342,-0.32384035,0.84901565,-1.0307038,0.557849,5.0721164,-0.03578847,0.050897934,0.061197188,29.774154663085938,8.237804412841797,0.38026428,-0.17958814,0.9392792,-0.42222092,0.1607578,-0.4463166,-0.35597467,-0.60087335,-0.0073046163,1.700948,0.3337422,-0.6336355,-0.41340807,-0.025357418,0.90214926,-0.6422121,0.04018945,0.5584209,-1.3889936,0.09506607,0.625103,-1.0651802,-0.10335202,0.66366065,-1.0744627,-0.0018261541,1.095237,-1.2165644,0.0,0.0,0.0,0.0,0.0,0.0,0.0,0.0,0.0,0.0,0.0,0.0,0.0,0.0,0.0,0.0,-6.0087337,-4.222209,-6.422121,-6.336355,50.0,50.0,50.0,50.0,50.0,50.0,50.0,50.0,50.0,50.0,50.0,50.0,0.0,0.0,0.0,0.0,1.0,1.0,1.0,1.0,1.0,1.0,1.0,1.0,1.0,1.0,1.0,1.0,0.5,0.5,0.5,0.5
1788699161.2475414,173,2.9532319999816536,2.258785999970314,2.8088200000411234,2.442142,5.255602,870664,1,0,0.0,0.0,0.0,-0.0427593,0.6111746,-1.3251393,0.07957678,0.5174352,-1.396131,-0.031803936,0.8926836,-1.1950355,0.07295114,0.95466167,-1.2744311,-0.9540147,-0.23634642,-2.5735295,-2.7513494,0.081386,0.11239019,-1.0696446,0.86036634,0.65883905,1.1909653,-1.0773956,-1.1083997,1.6054779,-0.80610895,1.6742264,-0.31745595,-1.848625,-4.406471,-2.7865016,-5.720273,4.1807694,-2.6717343,-1.9914317,0.0,4.9229183,16.453018,-2.622258,-10.810629,4.4570136,-2.9685938,5.541375,3.603543,-1.9790626,0.14842969,-1.6822032,-0.12369141,0.9990091,-0.019968202,0.021685332,0.033344056,-0.064981125,-0.18002968,-0.1043959,0.1412579,-2.0219033,8.230068,-0.03849859,0.044674188,0.06586929,29.738744735717773,8.784711837768555,0.31772032,-0.83326864,0.8194329,-0.29823315,-0.047785334,0.2862288,-0.013316955,-0.6965677,0.09909294,0.813378,0.38915104,-0.40142596,-0.067165375,0.7092398,0.93228024,-0.15560435,-0.011946334,0.74155724,-1.3033292,0.07943008,0.46168286,-1.0951418,-0.016791344,0.84730995,-1.0669299,0.024773235,0.87334454,-1.2027122,0.0,0.0,0.0,0.0,0.0,0.0,0.0,0.0,0.0,0.0,0.0,0.0,0.0,0.0,0.0,0.0,-6.9656773,-2.9823315,-1.5560435,-4.0142593,50.0,50.0,50.0,50.0,50.0,50.0,50.0,50.0,50.0,50.0,50.0,50.0,0.0,0.0,0.0,0.0,1.0,1.0,1.0,1.0,1.0,1.0,1.0,1.0,1.0,1.0,1.0,1.0,0.5,0.5,0.5,0.5
1788699161.26744,174,2.9202729999724397,2.2526420000303915,2.7502289999574714,1.998186,4.753183,870684,1,0,0.0,0.0,0.0,-0.03906536,0.6306128,-1.3494192,0.085662566,0.5094722,-1.3818507,-0.03997886,0.88632536,-1.1702974,0.052362442,0.9610502,-1.2775115,-1.0004907,-0.30132198,-2.6223974,-2.8509927,0.26353562,0.65883905,-0.161761,-0.30616638,-1.4843256,0.3760943,0.8371132,-0.2906643,0.8917075,-1.0347649,-1.3990641,0.12940879,-3.1042945,-2.5617213,-1.9338863,-4.631251,1.1626992,5.318731,1.9914317,-0.049476564,-0.9895313,14.603832,0.4205508,-1.5585117,5.0734096,-0.34633595,-3.6612659,3.650958,-1.5585117,-0.074214846,0.22264454,0.32159767,0.99923116,-0.019282872,0.02025189,0.027480008,0.44847628,-0.01704423,-0.9171926,0.6823475,-4.3179426,6.075287,-0.037464127,0.041544378,0.054210033,29.924665451049805,4.135993003845215,0.13160498,-0.9244005,-0.17637286,-0.0025388189,-0.1869376,0.6509783,0.7866265,-0.46420214,0.37780082,0.08539603,0.5402825,-0.2918189,0.2161644,1.7428231,0.8689104,0.1438559,-0.0467344,0.8327446,-1.1033434,0.032901246,0.43889987,-1.3440932,0.0540411,1.1057057,-1.0827724,0.094450206,0.691349,-1.1649294,0.0,0.0,0.0,0.0,0.0,0.0,0.0,0.0,0.0,0.0,0.0,0.0,0.0,0.0,0.0,0.0,-4.642021,-0.025388189,1.438559,-2.9181888,50.0,50.0,50.0,50.0,50.0,50.0,50.0,50.0,50.0,50.0,50.0,50.0,0.0,0.0,0.0,0.0,1.0,1.0,1.0,1.0,1.0,1.0,1.0,1.0,1.0,1.0,1.0,1.0,0.5,0.5,0.5,0.5
1788699161.288494,175,3.9847560000225712,2.4537259999988237,3.854648000015004,2.034537,5.894176,870704,1,0,0.0,0.0,0.0,-0.040306807,0.64796185,-1.3378717,0.0839973,0.5036286,-1.3772221,-0.046397686,0.8998897,-1.1631888,0.04324889,0.9510586,-1.2670697,-1.0721879,-0.31440187,-2.656066,-2.8892334,-0.4921915,0.20540276,0.47921693,-0.11626572,-0.5619509,-1.3507043,0.81386006,1.782741,-0.4650629,0.86811733,-1.5230808,0.81891507,-4.9567947,0.67434114,-1.0270138,0.2945398,0.14842969,9.573715,11.85376,-2.44909,-2.8449025,3.1293926,4.3291993,9.4995,5.3104844,1.8801094,-11.998067,4.2673535,0.22264454,-0.4205508,1.2121758,-1.6822032,0.9994263,-0.015786093,0.021492455,0.020881575,0.2237055,0.120374866,-0.35366777,-1.4149733,0.7433996,15.689203,-0.030690499,0.04363337,0.04111132,29.70332908630371,9.775982856750488,0.092571534,-0.54756844,-0.26087162,-0.22242682,-0.19126324,-0.18108085,1.0835216,-0.35770935,0.41017562,0.47824946,0.32211015,-0.5014242,-0.01935838,1.3244916,0.61767995,0.26332343,-0.04781581,0.6247298,-1.0291195,0.023142884,0.5331079,-1.3652178,-0.004839595,1.001123,-1.1455799,0.102543905,0.7895624,-1.2194724,0.0,0.0,0.0,0.0,0.0,0.0,0.0,0.0,0.0,0.0,0.0,0.0,0.0,0.0,0.0,0.0,-3.5770936,-2.2242682,2.6332343,-5.014242,50.0,50.0,50.0,50.0,50.0,50.0,50.0,50.0,50.0,50.0,50.0,50.0,0.0,0.0,0.0,0.0,1.0,1.0,1.0,1.0,1.0,1.0,1.0,1.0,1.0,1.0,1.0,1.0,0.5,0.5,0.5,0.5
1788699161.3096268,176,5.17653099996096,2.4308460000384002,4.550853000068855,2.1905,6.745449,870724,1,0,0.0,0.0,0.0,-0.042880416,0.6537448,-1.3252656,0.075943485,0.5019634,-1.3901598,-0.03343892,0.9113346,-1.1746258,0.052665174,0.9314993,-1.2458702,-1.1808538,-0.29405537,-2.665785,-2.8789086,-0.28678876,-1.9532641,0.2547736,-0.25578457,0.7208474,-0.31341195,0.4185566,0.39530346,-0.7400566,0.30229086,-0.18602514,0.11727672,-5.654389,0.20152724,0.08526152,-0.06200838,0.0,0.44528908,15.077983,-2.5233047,0.89057815,1.4698663,1.0884844,4.2055078,2.2285068,2.3006601,-7.19884,1.7069415,1.0390079,-1.1132227,1.2121758,-2.3006601,0.9993586,-0.014706371,0.022902565,0.023270478,0.10333064,0.31851402,0.7584682,-0.04309563,-3.3482912,10.969035,-0.028362399,0.04647693,0.04590315,29.915813446044922,3.9992659091949463,0.2737904,0.068528585,0.4853985,-0.41971985,0.09979839,-1.0176215,0.4337722,-0.5588644,0.07013421,1.9321789,0.4073929,-0.8601612,-0.42968786,0.20456474,0.6609431,-0.31005564,0.024949597,0.41559464,-1.1915569,0.0684476,0.6871322,-1.1786504,-0.107421964,0.7211412,-1.1347642,0.017533552,1.1530447,-1.1981517,0.0,0.0,0.0,0.0,0.0,0.0,0.0,0.0,0.0,0.0,0.0,0.0,0.0,0.0,0.0,0.0,-5.588644,-4.1971984,-3.1005564,-8.601612,50.0,50.0,50.0,50.0,50.0,50.0,50.0,50.0,50.0,50.0,50.0,50.0,0.0,0.0,0.0,0.0,1.0,1.0,1.0,1.0,1.0,1.0,1.0,1.0,1.0,1.0,1.0,1.0,0.5,0.5,0.5,0.5
1788699161.327331,177,3.000559000042813,2.3456640000176776,2.878674000044157,2.001962,4.884764,870744,1,0,0.0,0.0,0.0,-0.048663378,0.6477499,-1.3078258,0.07409655,0.502357,-1.3876324,-0.018269867,0.91890395,-1.1780379,0.06226319,0.944337,-1.2448908,-1.2558513,-0.3034414,-2.6632419,-2.907763,0.015502095,-1.9765172,-0.25072956,0.5890796,1.3951886,1.1060408,-0.5619509,-4.0305448,0.052572325,-1.2479186,7.130964,0.49539304,-3.6584945,-1.9920192,-1.36806,-3.7980132,3.8839102,-10.291125,6.638106,-0.96479297,8.435754,9.814914,-4.1560316,-6.1845703,2.0388467,-0.86583984,3.4633594,1.8491865,-0.7668867,-0.9895313,-0.6679336,-2.2511837,0.9990582,-0.016093286,0.024378883,0.03208698,-0.2652508,0.13209277,1.0833738,-2.1308396,1.9488802,7.04015,-0.030634476,0.04976515,0.06344991,29.70332908630371,9.810164451599121,0.44040108,-0.114973456,1.4062673,-0.13536003,0.2837974,-0.7437949,-0.30311453,-0.85843384,-0.035864536,2.1258965,0.2660708,-0.57985693,-0.53598887,-0.24809133,0.94235665,-1.0193499,0.07094935,0.4840513,-1.3757786,0.11010027,0.64125663,-0.94843316,-0.13399722,0.6079772,-1.0644108,-0.008966134,1.2014742,-1.2334822,0.0,0.0,0.0,0.0,0.0,0.0,0.0,0.0,0.0,0.0,0.0,0.0,0.0,0.0,0.0,0.0,-8.584338,-1.3536003,-10.1935,-5.798569,50.0,50.0,50.0,50.0,50.0,50.0,50.0,50.0,50.0,50.0,50.0,50.0,0.0,0.0,0.0,0.0,1.0,1.0,1.0,1.0,1.0,1.0,1.0,1.0,1.0,1.0,1.0,1.0,0.5,0.5,0.5,0.5
1788699161.3493128,178,4.804926000019805,2.5010520000705583,4.150255000013203,2.642553,6.797416,870764,1,0,0.0,0.0,0.0,-0.046543956,0.647326,-1.3073518,0.08732783,0.50886667,-1.371551,-0.022811502,0.91230345,-1.1625094,0.0553599,0.97618896,-1.2510358,-1.2940314,-0.35212767,-2.7184982,-2.9985352,0.75960267,-0.7285985,-1.4012547,1.4920766,0.8836195,2.1938834,-1.0037607,-0.5813286,1.9532641,-1.2479186,2.9686513,-0.6814182,-1.9028822,-3.3213239,-4.313458,-5.7396507,5.244516,-7.7183437,-1.8017715,-0.14842969,5.9866643,20.056562,-4.823965,-15.238782,2.6078272,-2.0038009,8.63366,1.7069415,-3.1665,0.96479297,-2.5975196,0.049476564,0.99892163,-0.018942691,0.022299863,0.036052197,-0.51771843,-0.20240022,-0.12676646,-1.0977415,1.958457,7.2604165,-0.036282822,0.045933634,0.071317405,29.464284896850586,15.586881637573242,0.29970002,-0.86506695,1.2507366,-0.010463979,-0.026823966,0.3697248,-0.16360462,-0.78028864,0.12019712,1.0159922,0.30597982,-0.2703645,-0.17502078,0.57829475,0.9871189,-0.2978902,-0.0067059915,0.7624312,-1.3409011,0.074925005,0.45373327,-0.9873158,-0.043755196,0.8145737,-1.0532203,0.03004928,0.92399806,-1.223505,0.0,0.0,0.0,0.0,0.0,0.0,0.0,0.0,0.0,0.0,0.0,0.0,0.0,0.0,0.0,0.0,-7.8028865,-0.10463979,-2.9789019,-2.703645,50.0,50.0,50.0,50.0,50.0,50.0,50.0,50.0,50.0,50.0,50.0,50.0,0.0,0.0,0.0,0.0,1.0,1.0,1.0,1.0,1.0,1.0,1.0,1.0,1.0,1.0,1.0,1.0,0.5,0.5,0.5,0.5
1788699161.3672388,179,3.133322999929078,2.2224680000135777,3.0074699999431687,0.074398,3.085356,870786,1,0,0.0,0.0,0.0,-0.036279917,0.6654017,-1.3372871,0.10600907,0.49808785,-1.3462601,-0.036557496,0.9054607,-1.1171722,0.035376728,1.0088584,-1.2641631,-1.3484099,-0.3989973,-2.8075445,-3.0986025,0.12789229,0.6704656,-0.1314308,0.24803352,0.0077510476,0.39833644,-0.0038755238,-0.4650629,1.1667012,-0.5619509,0.04263076,-0.06672641,-3.7863867,-0.85649073,-3.2748175,-4.108055,1.4100821,4.7002735,-0.33190528,-1.8058946,-2.548043,18.34962,-0.34633595,-4.2797227,2.8449025,0.4205508,-4.9476566,1.9914317,-1.6327267,0.32159767,0.14842969,0.74214846,0.9992302,-0.02177841,0.018288806,0.027022244,0.22796656,-0.26418555,-1.3784521,-0.60214174,-4.4484267,8.844181,-0.042578045,0.037735414,0.05326938,29.889251708984375,4.785446643829346,0.059756104,-1.373946,0.025050778,0.23450142,-0.15136892,0.8296385,0.92091084,-0.51628804,0.44254446,-0.13625024,0.5181771,0.048767198,0.27765843,1.8627752,0.87423253,0.1600988,-0.03784223,0.87740964,-1.0697722,0.014939026,0.32651353,-1.2937373,0.06941461,1.1356938,-1.0814419,0.110636115,0.63593745,-1.1704557,0.0,0.0,0.0,0.0,0.0,0.0,0.0,0.0,0.0,0.0,0.0,0.0,0.0,0.0,0.0,0.0,-5.1628804,2.345014,1.600988,0.48767197,50.0,50.0,50.0,50.0,50.0,50.0,50.0,50.0,50.0,50.0,50.0,50.0,0.0,0.0,0.0,0.0,1.0,1.0,1.0,1.0,1.0,1.0,1.0,1.0,1.0,1.0,1.0,1.0,0.5,0.5,0.5,0.5
1788699161.3872576,180,3.1271469999865076,2.2048360000326284,3.012173999991319,2.008041,5.023959,870804,1,0,0.0,0.0,0.0,-0.03403938,0.6787844,-1.3296098,0.10837072,0.48528045,-1.3384248,-0.038071364,0.92535305,-1.1171722,0.011608899,1.0111293,-1.2498826,-1.4265561,-0.38649267,-2.818505,-3.14962,-0.32166848,-0.44180974,0.4994371,-0.023253143,-0.96888095,-1.2496036,0.7867313,2.1044095,-0.47719494,0.732474,-1.0192627,1.789481,-5.5419993,2.3718207,0.9533789,-1.3215537,0.0,10.983797,13.655532,-4.823965,-7.3225317,3.698373,4.89818,9.276855,2.7026572,4.5023675,-18.72688,2.2759218,0.37107423,-0.12369141,0.32159767,0.6926719,0.99951315,-0.018742098,0.018419951,0.016820468,0.1789644,0.47830367,-0.98430425,0.28491,-5.628768,6.8581905,-0.036880508,0.03746123,0.032963194,29.499698638916016,15.245064735412598,-0.04211429,-0.86447835,-0.197927,-0.11326529,-0.29810247,0.04702396,1.8190993,-0.30918157,0.5717263,0.14592268,0.17936876,-0.2771895,0.11365949,1.8192636,0.46095815,0.2933977,-0.07452562,0.681756,-0.8452251,-0.010528573,0.45388043,-1.3494817,0.028414873,1.124816,-1.1847605,0.14293158,0.7064807,-1.2551577,0.0,0.0,0.0,0.0,0.0,0.0,0.0,0.0,0.0,0.0,0.0,0.0,0.0,0.0,0.0,0.0,-3.0918157,-1.1326529,2.933977,-2.771895,50.0,50.0,50.0,50.0,50.0,50.0,50.0,50.0,50.0,50.0,50.0,50.0,0.0,0.0,0.0,0.0,1.0,1.0,1.0,1.0,1.0,1.0,1.0,1.0,1.0,1.0,1.0,1.0,0.5,0.5,0.5,0.5
1788699161.4074857,181,2.9175849999774073,2.2634590000052413,2.780117000042992,2.400767,5.185236,870824,1,0,0.0,0.0,0.0,-0.041093946,0.6698222,-1.2964203,0.0988333,0.47477415,-1.3479345,-0.028049499,0.940613,-1.1486555,0.017967165,0.9839703,-1.2236123,-1.5244434,-0.32457513,-2.8113897,-3.1352987,-1.4998277,-0.38367686,1.8804715,-0.48831603,-0.41468105,-0.4064245,1.3138026,1.88738,-2.276786,0.0077510476,-1.8292472,-0.11727672,-6.689154,2.2167995,1.1355284,0.5735775,-0.17316797,0.89057815,22.56956,-5.269254,-0.64319533,0.28449023,1.58325,7.446223,0.23707521,6.5556445,-12.690739,-0.99571586,1.9048477,-1.58325,0.7668867,-1.6327267,0.9995169,-0.016538944,0.02052515,0.016471941,0.42823625,0.23755394,0.52517533,0.51595044,-3.5649664,8.09719,-0.03241943,0.041587315,0.03228255,29.623647689819336,11.279980659484863,0.16149765,0.03649933,0.15356906,-0.36575177,-0.00608349,-1.0822306,0.89539486,-0.31175447,0.17427164,1.6266336,0.4049962,-0.83820796,-0.4112038,0.60849524,0.50047404,0.17505729,-0.0015208725,0.39944237,-1.0761513,0.040374413,0.67912483,-1.2616076,-0.10280095,0.8221238,-1.1748815,0.04356791,1.0766585,-1.1987509,0.0,0.0,0.0,0.0,0.0,0.0,0.0,0.0,0.0,0.0,0.0,0.0,0.0,0.0,0.0,0.0,-3.1175447,-3.6575177,1.7505729,-8.38208,50.0,50.0,50.0,50.0,50.0,50.0,50.0,50.0,50.0,50.0,50.0,50.0,0.0,0.0,0.0,0.0,1.0,1.0,1.0,1.0,1.0,1.0,1.0,1.0,1.0,1.0,1.0,1.0,0.5,0.5,0.5,0.5
1788699161.4291,182,4.459398999983932,2.346560000091813,4.323050999914813,1.767088,6.094811,870844,1,0,0.0,0.0,0.0,-0.052871943,0.64996016,-1.2752682,0.08493591,0.46623588,-1.3487561,-0.0011630654,0.9605053,-1.1811973,0.029593706,0.9974135,-1.2309263,-1.6072524,-0.31482577,-2.7853813,-3.1412635,0.034879714,0.10463915,-0.07481446,-1.3099271,-0.51544464,0.32756603,1.0153872,-0.5619509,-1.0757105,0.023253143,3.3213239,0.0485283,-2.9957798,-1.2362921,1.4184418,-1.9920192,2.7459493,-13.556579,10.004574,-1.0390079,11.775422,4.2199388,-6.382477,-7.0009336,0.90088576,0.74214846,0.4205508,1.2802061,0.049476564,-0.9895313,0.14842969,-2.8449025,0.99924415,-0.0169809,0.021270424,0.027754514,-0.20666128,-0.6093312,1.4551511,-2.0925324,1.3311762,11.010934,-0.03279227,0.04346497,0.054823898,29.72103500366211,9.22907543182373,0.30618644,0.18600756,0.8665205,-0.48845407,0.2345989,-0.7596383,-0.55769557,-0.37084484,-0.07905987,2.1285105,0.681007,-0.78530556,-0.49950796,-0.039292544,0.8017395,-0.3700132,0.058649726,0.48009044,-1.4394238,0.07654661,0.7165019,-1.0833699,-0.12487699,0.6601769,-1.099565,-0.019764967,1.2021277,-1.1297482,0.0,0.0,0.0,0.0,0.0,0.0,0.0,0.0,0.0,0.0,0.0,0.0,0.0,0.0,0.0,0.0,-3.7084484,-4.8845406,-3.7001321,-7.8530555,50.0,50.0,50.0,50.0,50.0,50.0,50.0,50.0,50.0,50.0,50.0,50.0,0.0,0.0,0.0,0.0,1.0,1.0,1.0,1.0,1.0,1.0,1.0,1.0,1.0,1.0,1.0,1.0,0.5,0.5,0.5,0.5
1788699161.4487765,183,4.303563999997095,2.5438669999857666,4.158351999990373,2.291489,6.454545,870864,1,0,0.0,0.0,0.0,-0.06141019,0.64726543,-1.256691,0.07576182,0.47674218,-1.3488193,0.020152315,0.96056587,-1.1738675,0.028170705,1.0179114,-1.2258239,-1.6258125,-0.3568207,-2.7637935,-3.2291894,-0.10463915,-0.48444048,-1.7247766,0.18602514,1.2595452,1.2172515,-0.9533789,-1.383562,2.276786,-1.6548486,2.6818624,-0.028308174,0.10076362,-4.6506286,-0.5619509,-6.235718,6.407215,-8.06468,-6.2113705,-0.049476564,11.058012,12.185665,-6.48143,-14.348204,1.0431309,-0.74214846,6.8772426,5.0734096,-2.0285392,-0.049476564,-1.311129,-0.34633595,0.9990395,-0.017026557,0.019347804,0.035438415,0.06711165,-0.27377293,0.40480044,-0.8559271,-0.045489833,8.669404,-0.03268088,0.039875798,0.07026351,29.499698638916016,14.971611022949219,0.27511716,-0.48648018,1.1866176,-0.5976066,0.010353558,0.03281094,-0.2508449,-0.60074705,0.08013661,1.4538906,0.40587825,-0.66669637,-0.33834985,0.36305296,0.9072266,-0.1927345,0.0025883894,0.67820275,-1.3627112,0.06877929,0.54837996,-1.0033455,-0.08458746,0.7607633,-1.0731933,0.020034153,1.0334727,-1.1985304,0.0,0.0,0.0,0.0,0.0,0.0,0.0,0.0,0.0,0.0,0.0,0.0,0.0,0.0,0.0,0.0,-6.0074706,-5.976066,-1.9273449,-6.6669636,50.0,50.0,50.0,50.0,50.0,50.0,50.0,50.0,50.0,50.0,50.0,50.0,0.0,0.0,0.0,0.0,1.0,1.0,1.0,1.0,1.0,1.0,1.0,1.0,1.0,1.0,1.0,1.0,0.5,0.5,0.5,0.5
1788699161.4688144,184,4.32045900004141,2.5901059999569043,4.159888000003775,2.023241,6.188696,870884,1,0,0.0,0.0,0.0,-0.057171345,0.65465313,-1.3134179,0.088902265,0.4897918,-1.3369873,0.008798242,0.9539351,-1.13586,0.013425529,1.035866,-1.2203265,-1.6251161,-0.46149012,-2.7628548,-3.3460002,0.2906643,2.212924,-1.1768113,0.6200838,-0.3759258,0.38216037,-0.9146236,-0.5735775,0.2911698,-0.18602514,-0.76347816,0.59042764,-1.6122179,-5.5962563,0.18602514,-7.460383,2.6469963,-0.89057815,-1.6121113,-1.7316797,3.1417618,17.40132,-3.8839102,-9.474762,3.698373,0.51950395,0.59371877,0.85347074,-1.9048477,0.074214846,-1.0637461,0.51950395,0.99914885,-0.01874505,0.01734483,0.03239493,0.064981125,0.06178533,-0.90547466,4.0581717,-2.7138276,5.8203044,-0.036365833,0.035882324,0.064169765,29.853837966918945,5.639990329742432,0.01879189,-1.3519912,0.8255907,-0.31205648,-0.21008416,0.7225467,0.7041438,-0.23084402,0.30943346,0.21361083,0.5409669,-0.14188315,0.2742964,1.7924799,0.82769495,0.57750875,-0.05252104,0.8506367,-1.123964,0.0046979724,0.33200222,-1.0936023,0.0685741,1.11812,-1.0930762,0.077358365,0.72340274,-1.1647582,0.0,0.0,0.0,0.0,0.0,0.0,0.0,0.0,0.0,0.0,0.0,0.0,0.0,0.0,0.0,0.0,-2.3084402,-3.120565,5.7750874,-1.4188315,50.0,50.0,50.0,50.0,50.0,50.0,50.0,50.0,50.0,50.0,50.0,50.0,0.0,0.0,0.0,0.0,1.0,1.0,1.0,1.0,1.0,1.0,1.0,1.0,1.0,1.0,1.0,1.0,0.5,0.5,0.5,0.5
1788699161.4875565,185,3.3167100000355276,2.491323999947781,3.1433389999619976,0.081117,3.2298,870906,1,0,0.0,0.0,0.0,-0.04899645,0.6713058,-1.3358654,0.092989735,0.48855042,-1.334128,0.00867714,0.96625805,-1.1372343,-0.013097584,1.0223925,-1.2096319,-1.6889715,-0.54254305,-2.7583737,-3.461509,-0.3100419,0.24415801,0.28105974,-0.13951886,0.10463915,-0.51156914,1.1742837,3.5383532,-0.44484273,-0.7479761,-2.491962,0.68748426,-3.3213239,-2.29431,1.9028822,-2.263306,0.049476564,9.301594,10.289063,-4.304461,-8.336801,12.991721,1.9790626,4.823965,3.1293926,5.541375,-13.457625,1.6121113,0.59371877,-0.4205508,1.9048477,0.44528908,0.9994849,-0.014818866,0.020021444,0.02023689,0.7403587,0.46658576,-1.0865695,0.7326257,-5.481525,10.5680065,-0.02883992,0.040633217,0.03990306,29.650209426879883,11.382526397705078,-0.14929686,-1.2826017,-0.12851213,-0.37327722,-0.3688543,0.13977695,1.9384181,-0.025171736,0.49130315,0.12412188,0.32492802,-0.25930995,0.22231886,1.9039049,0.4240092,0.61687446,-0.09221358,0.70494425,-0.8153954,-0.037324216,0.3493496,-1.3321279,0.055579714,1.1459763,-1.1939976,0.12282579,0.7010305,-1.218768,0.0,0.0,0.0,0.0,0.0,0.0,0.0,0.0,0.0,0.0,0.0,0.0,0.0,0.0,0.0,0.0,-0.25171736,-3.732772,6.1687446,-2.5930996,50.0,50.0,50.0,50.0,50.0,50.0,50.0,50.0,50.0,50.0,50.0,50.0,0.0,0.0,0.0,0.0,1.0,1.0,1.0,1.0,1.0,1.0,1.0,1.0,1.0,1.0,1.0,1.0,0.5,0.5,0.5,0.5
1788699161.5087726,186,4.325579000010293,2.426654000032613,4.182286000059321,2.006346,6.193816,870924,1,0,0.0,0.0,0.0,-0.054143548,0.65353286,-1.3164351,0.0815751,0.48379683,-1.3366396,0.006376043,0.9812151,-1.1590657,-0.021787226,1.0025,-1.1946406,-1.7315416,-0.54557085,-2.7230096,-3.4620237,-0.9882586,-0.76347816,5.5605345,-1.2246655,-0.7169719,-1.5063993,0.26741114,1.8021187,-1.6620942,-0.30229086,-1.4882011,0.57425153,-2.6431074,0.5386978,3.394959,0.8254866,-0.9400547,3.2901914,20.530712,-4.7992268,-6.2587852,2.0862617,2.3006601,6.753551,0.0,7.91625,-14.298727,-1.4224513,1.5585117,-2.2264454,1.2616524,-1.6822032,0.9995787,-0.008713055,0.021869961,0.016976928,0.9012136,0.13741909,0.08841694,1.1097125,-7.101202,7.195773,-0.016693154,0.044031564,0.03359732,29.50855255126953,14.903246879577637,-0.001401005,-0.37669626,-0.15953512,-0.59062815,-0.13578099,-1.1426375,1.6484673,-0.11583655,0.26295465,1.1158562,0.51817507,-0.6141488,-0.3084333,0.92206454,0.34844324,0.48032507,-0.033945248,0.38434064,-0.8878831,-0.00035025124,0.5758259,-1.3398837,-0.07710832,0.90051615,-1.2128892,0.06573866,0.94896406,-1.1704562,0.0,0.0,0.0,0.0,0.0,0.0,0.0,0.0,0.0,0.0,0.0,0.0,0.0,0.0,0.0,0.0,-1.1583655,-5.9062815,4.803251,-6.141488,50.0,50.0,50.0,50.0,50.0,50.0,50.0,50.0,50.0,50.0,50.0,50.0,0.0,0.0,0.0,0.0,1.0,1.0,1.0,1.0,1.0,1.0,1.0,1.0,1.0,1.0,1.0,1.0,0.5,0.5,0.5,0.5
1788699161.5273595,187,3.172362000100293,2.418686000055459,3.042284999992262,0.074014,3.120651,870946,1,0,0.0,0.0,0.0,-0.06934297,0.6170787,-1.2686967,0.06349942,0.49121484,-1.3539848,0.025783941,0.9992,-1.1903912,-0.014036179,0.997898,-1.1910863,-1.7744148,-0.5468122,-2.6408062,-3.465445,-0.5503244,-0.61233276,0.93619174,-0.9921341,1.0076362,-0.14154087,0.8836195,-0.37980133,-1.1545691,0.9456278,1.3331802,0.5580754,-0.96888095,-1.8369983,4.4568524,-1.4959522,2.548043,-12.121758,18.44445,-2.3006601,3.686004,0.66381055,-6.382477,-4.997133,-0.09483008,3.1170235,-3.8096955,0.33190528,-0.049476564,-1.8306329,0.074214846,-2.2017071,0.9993956,-0.006749001,0.021540163,0.026437452,-0.26418555,-0.79255664,1.4231931,-3.728969,2.1823149,7.2580223,-0.012362878,0.04342479,0.052626077,29.765302658081055,8.203622817993164,0.17056203,0.24891263,0.6594607,-0.39119828,0.29495668,-1.0198296,-0.21895409,-0.11549141,-0.121698216,2.0560398,0.78535277,-0.4830074,-0.5573231,-0.043823905,0.76890624,0.0092163,0.07373917,0.4150426,-1.3547385,0.042640507,0.73222816,-1.1351348,-0.13933077,0.659044,-1.1077734,-0.030424554,1.18401,-1.1036618,0.0,0.0,0.0,0.0,0.0,0.0,0.0,0.0,0.0,0.0,0.0,0.0,0.0,0.0,0.0,0.0,-1.1549141,-3.9119828,0.092163004,-4.830074,50.0,50.0,50.0,50.0,50.0,50.0,50.0,50.0,50.0,50.0,50.0,50.0,0.0,0.0,0.0,0.0,1.0,1.0,1.0,1.0,1.0,1.0,1.0,1.0,1.0,1.0,1.0,1.0,0.5,0.5,0.5,0.5
1788699161.5472426,188,3.146635000007336,2.218050999999832,3.0206220000081885,2.034121,5.058903,870964,1,0,0.0,0.0,0.0,-0.07785094,0.6018794,-1.2401199,0.056051143,0.49672535,-1.3497828,0.05155012,0.99238753,-1.1868526,-0.004347384,1.0205455,-1.1813554,-1.7732944,-0.59652793,-2.580009,-3.5104072,0.16664752,-1.0425159,-1.4154087,-0.30229086,0.31779295,1.2678018,-0.12014124,-1.4843256,3.1806257,-1.1161509,3.3833325,1.2051194,0.8254866,-3.565482,1.1820347,-2.8833897,7.619391,-8.435754,-3.8406184,-0.47002736,12.121758,10.004574,-9.697407,-16.030407,0.04741504,-0.22264454,5.46716,2.4655821,-1.0884844,-0.074214846,-0.4205508,-0.86583984,0.99909896,-0.009046408,0.020622201,0.035975955,-0.4420847,0.10013484,0.85114616,-3.4488475,2.0338743,3.383007,-0.016608024,0.041870378,0.07163796,29.464284896850586,15.826155662536621,0.20815642,-0.2244319,1.2791663,-0.6142222,0.16559818,-0.3487569,-0.20907328,-0.57468563,0.021954808,1.7702326,0.58213305,-0.47186908,-0.45932516,0.18837245,0.86143494,-0.15475099,0.041399546,0.58281076,-1.3522682,0.052039105,0.613892,-0.9802084,-0.11483129,0.7170931,-1.0846412,0.005488702,1.1125581,-1.1544666,0.0,0.0,0.0,0.0,0.0,0.0,0.0,0.0,0.0,0.0,0.0,0.0,0.0,0.0,0.0,0.0,-5.746856,-6.1422224,-1.5475099,-4.718691,50.0,50.0,50.0,50.0,50.0,50.0,50.0,50.0,50.0,50.0,50.0,50.0,0.0,0.0,0.0,0.0,1.0,1.0,1.0,1.0,1.0,1.0,1.0,1.0,1.0,1.0,1.0,1.0,0.5,0.5,0.5,0.5
1788699161.5674517,189,3.14868199995999,2.318784999943091,2.9812310000352227,0.070014,3.056333,870986,1,0,0.0,0.0,0.0,-0.07128072,0.594855,-1.2860417,0.066224396,0.5084125,-1.3348231,0.038016066,0.9651983,-1.1331903,-0.0057098866,1.0345337,-1.1744995,-1.7561877,-0.6862402,-2.5701385,-3.5825584,0.2906643,-0.37980133,-1.4012547,0.64721245,0.9572544,1.0089842,-1.6005913,-1.7594877,0.9220377,-0.69371873,0.8719929,0.010110063,-1.77499,-5.793908,0.36817476,-4.1933165,5.5661135,-0.2721211,-1.9914317,-1.4100821,4.5023675,17.733225,-6.234047,-10.959059,2.2285068,1.4100821,3.1912384,0.90088576,-1.6822032,0.074214846,-0.8411016,-0.14842969,0.99907494,-0.012684613,0.018991662,0.036438514,-0.09480853,0.09374326,-0.47404262,2.9029696,-1.7010803,8.453926,-0.023982123,0.0388824,0.07244587,29.72103500366211,9.05816650390625,0.039073374,-1.2858818,1.3955213,-0.35562143,-0.12537554,0.5439157,0.21371308,-0.50443894,0.23735417,0.77811575,0.524247,-0.056013774,0.08275779,1.2759304,1.0515803,0.43685693,-0.031343885,0.80597895,-1.2465717,0.0097683435,0.34852958,-0.95111966,0.020689448,0.9889826,-1.0371048,0.059338544,0.86452895,-1.1689382,0.0,0.0,0.0,0.0,0.0,0.0,0.0,0.0,0.0,0.0,0.0,0.0,0.0,0.0,0.0,0.0,-5.0443892,-3.5562143,4.3685694,-0.56013775,50.0,50.0,50.0,50.0,50.0,50.0,50.0,50.0,50.0,50.0,50.0,50.0,0.0,0.0,0.0,0.0,1.0,1.0,1.0,1.0,1.0,1.0,1.0,1.0,1.0,1.0,1.0,1.0,0.5,0.5,0.5,0.5
1788699161.587448,190,3.243623999992451,2.38000000001648,3.024045999950431,0.08067,3.109868,871006,1,0,0.0,0.0,0.0,-0.05811,0.6055733,-1.3105744,0.07340017,0.49599868,-1.3261505,0.033989146,0.970073,-1.1271875,-0.030204415,1.0218778,-1.1725091,-1.8101423,-0.77465063,-2.5527592,-3.6412969,0.9921341,-0.53094673,0.06268239,0.32941952,0.5735775,0.13951886,0.52707124,1.2827984,-0.36800626,-1.5192053,-0.77898026,-0.115254715,-4.1778145,-2.3563185,1.6781018,-1.5734626,0.34633595,11.132227,2.5129972,-3.5623126,-8.361539,19.345337,-1.1132227,-0.32159767,5.594975,6.159832,-7.545176,0.33190528,-0.34633595,-0.56898046,1.5090352,0.44528908,0.9993393,-0.012271251,0.019980095,0.027770812,0.64022386,0.060720067,-0.9491505,-1.401805,-1.3311762,10.947487,-0.023438042,0.04062653,0.055087857,29.765302658081055,8.169441223144531,-0.072075225,-1.2853487,0.3226201,-0.052662805,-0.18569717,0.42772833,1.1290618,-0.36787516,0.31660128,0.4641663,0.40212214,0.1324755,0.22078966,1.7113194,0.8466737,0.6222538,-0.046424292,0.7769321,-1.0177345,-0.018018806,0.34866285,-1.219345,0.055197414,1.0978298,-1.0883315,0.07915032,0.7860416,-1.1994694,0.0,0.0,0.0,0.0,0.0,0.0,0.0,0.0,0.0,0.0,0.0,0.0,0.0,0.0,0.0,0.0,-3.6787515,-0.526628,6.222538,1.324755,50.0,50.0,50.0,50.0,50.0,50.0,50.0,50.0,50.0,50.0,50.0,50.0,0.0,0.0,0.0,0.0,1.0,1.0,1.0,1.0,1.0,1.0,1.0,1.0,1.0,1.0,1.0,1.0,0.5,0.5,0.5,0.5
1788699161.6075642,191,3.0218699999977616,2.2873619999472794,2.8876009999976304,2.061928,4.954137,871024,1,0,0.0,0.0,0.0,-0.046543956,0.6083588,-1.3163403,0.06670883,0.4908818,-1.3192788,0.02726753,0.97270715,-1.1361444,-0.04422289,1.0082529,-1.167928,-1.8750572,-0.7801006,-2.5384681,-3.6472313,0.4999426,0.26741114,1.5104433,-0.90687263,-0.9107481,-0.6935503,-0.24028248,0.7557271,-1.1667012,-0.17052305,-0.740225,0.25072956,-4.3832173,1.3409312,1.1355284,1.1626571,-0.37107423,8.435754,12.802061,-3.4633594,-6.3577385,5.879465,1.6079884,5.887711,3.9828634,6.605121,-10.810629,-1.5172813,0.44528908,-1.1132227,2.44909,-0.024738282,0.99949044,-0.007628273,0.021427998,0.022396103,0.5645901,0.15978965,-0.33555827,-2.5031378,-0.5566519,14.574703,-0.014302788,0.043189272,0.04449863,29.72103500366211,9.297438621520996,0.029778225,-0.6122354,-0.031421926,-0.31054038,-0.079348594,-0.255562,1.3051044,-0.49780956,0.24431169,0.7729529,0.61801773,-0.13620423,-0.12430125,1.2545639,0.6959242,0.48238266,-0.019837148,0.6061095,-0.9737239,0.0074445563,0.5169412,-1.3078555,-0.031075312,0.983641,-1.1260189,0.061077923,0.8632382,-1.1454955,0.0,0.0,0.0,0.0,0.0,0.0,0.0,0.0,0.0,0.0,0.0,0.0,0.0,0.0,0.0,0.0,-4.9780955,-3.105404,4.823827,-1.3620423,50.0,50.0,50.0,50.0,50.0,50.0,50.0,50.0,50.0,50.0,50.0,50.0,0.0,0.0,0.0,0.0,1.0,1.0,1.0,1.0,1.0,1.0,1.0,1.0,1.0,1.0,1.0,1.0,0.5,0.5,0.5,0.5
1788699161.6275146,192,3.2979899999645568,2.359616000035203,3.0624129999523575,0.081757,3.14897,871046,1,0,0.0,0.0,0.0,-0.040730715,0.6016069,-1.283688,0.057837516,0.49160844,-1.3235598,0.018123716,0.97488713,-1.1562223,-0.0439201,1.0029542,-1.1663641,-1.9697049,-0.7494597,-2.4975328,-3.6163483,-0.5076936,0.081386,1.1100848,0.16664752,-0.51156914,-0.4064245,-0.61233276,0.12401676,-0.6773742,0.9611299,-0.11239019,0.3093679,-4.5382385,0.52707124,2.3640695,1.065769,1.58325,0.2721211,14.651247,-2.7706876,1.7811563,1.2327911,-2.0780158,0.32159767,1.8017715,4.477629,-7.124625,0.80605567,-0.024738282,-1.7316797,1.1132227,-1.1132227,0.9994568,-0.0054819435,0.020368852,0.025320882,-0.427171,-0.26738134,0.63702804,-0.7314286,2.1452048,7.5920134,-0.009934931,0.04100468,0.050454736,29.898103713989258,4.614537715911865,0.15387055,-0.009446643,0.5680417,-0.37025285,0.18368457,-0.8926698,0.27058282,-0.50233936,-0.05420106,1.5067247,0.8860065,-0.38406065,-0.43424535,0.4725396,0.7715147,0.18581457,0.045921143,0.44683257,-1.2323543,0.03846764,0.66763836,-1.1579895,-0.10856134,0.78813493,-1.1071212,-0.013550265,1.0466812,-1.0784984,0.0,0.0,0.0,0.0,0.0,0.0,0.0,0.0,0.0,0.0,0.0,0.0,0.0,0.0,0.0,0.0,-5.0233936,-3.7025285,1.8581457,-3.8406065,50.0,50.0,50.0,50.0,50.0,50.0,50.0,50.0,50.0,50.0,50.0,50.0,0.0,0.0,0.0,0.0,1.0,1.0,1.0,1.0,1.0,1.0,1.0,1.0,1.0,1.0,1.0,1.0,0.5,0.5,0.5,0.5
1788699161.6475675,193,3.3757490000425605,2.5065239999548794,3.1956890001083593,0.082494,3.283495,871066,1,0,0.0,0.0,0.0,-0.043970346,0.58831507,-1.2701184,0.06128916,0.49969256,-1.3198949,0.026480317,0.9572959,-1.1559695,-0.033201873,1.020818,-1.1550218,-2.0364969,-0.7651132,-2.467316,-3.6170447,0.5580754,-0.47668946,0.04044025,1.147155,-0.05813286,0.9928081,-0.2092783,-1.3719355,0.5135912,0.22478038,1.7362347,1.0110062,-2.9609,-2.1199114,0.8991215,-1.22079,3.958125,-6.9761953,1.8017715,-2.548043,8.757352,7.4441614,-6.679336,-7.5204377,1.6595265,0.8411016,-0.51950395,3.650958,-1.1132227,-0.59371877,0.4205508,-1.1874375,0.9992686,-0.009667336,0.018050972,0.032299507,-0.5944175,-0.30253506,0.55926377,-0.10654198,0.2621651,8.311471,-0.01816769,0.036708284,0.064290315,29.800716400146484,7.007260799407959,0.16002528,-0.14869319,0.82754576,-0.37758726,0.18035756,-0.34837383,-0.0475455,-0.71459186,-0.0566405,1.5278882,0.8578549,-0.30014527,-0.3883902,0.45508063,1.1159774,-0.032657206,0.04508939,0.58290654,-1.3118863,0.04000632,0.63282675,-1.0931135,-0.09709755,0.7837702,-1.0210056,-0.014160125,1.051972,-1.0855362,0.0,0.0,0.0,0.0,0.0,0.0,0.0,0.0,0.0,0.0,0.0,0.0,0.0,0.0,0.0,0.0,-7.145919,-3.7758727,-0.32657206,-3.0014527,50.0,50.0,50.0,50.0,50.0,50.0,50.0,50.0,50.0,50.0,50.0,50.0,0.0,0.0,0.0,0.0,1.0,1.0,1.0,1.0,1.0,1.0,1.0,1.0,1.0,1.0,1.0,1.0,0.5,0.5,0.5,0.5
1788699161.6683843,194,3.8804700000127923,2.4086710000119638,3.747545999999602,2.059849,5.812131,871084,1,0,0.0,0.0,0.0,-0.04527223,0.5961267,-1.2703712,0.06507385,0.50335616,-1.3167987,0.02493617,0.94433707,-1.1434425,-0.032051325,1.0233312,-1.1510252,-2.0731025,-0.8169786,-2.4409442,-3.661492,0.077510476,1.0231383,-0.66928613,0.40693003,0.6975943,0.028308174,-0.27128667,-1.1587815,0.9078836,-0.12789229,0.05813286,0.28510374,-2.2826834,-3.9065282,1.302176,-3.2864442,4.6260586,-1.5585117,-1.1379609,-1.7811563,5.9866643,11.806345,-6.0856175,-7.19884,5.5001445,1.1132227,1.4100821,3.1293926,-2.3996134,0.22264454,-0.6926719,0.17316797,0.99918616,-0.009928072,0.019473637,0.03390235,0.029827401,0.36858144,-0.038349517,1.7058687,-0.9516952,7.928399,-0.018535169,0.039599095,0.06746688,29.862689971923828,5.639990329742432,0.10907748,-0.8195489,1.1953348,-0.18577649,-0.039892927,-0.11405137,0.39493495,-0.5627527,0.12804592,1.0882568,0.6606144,-0.23229152,-0.07849451,1.0680503,0.97049445,0.32107762,-0.009973232,0.6414872,-1.2012662,0.02726937,0.4651128,-1.0011662,-0.019623628,0.93701255,-1.0573764,0.03201148,0.9420642,-1.1348463,0.0,0.0,0.0,0.0,0.0,0.0,0.0,0.0,0.0,0.0,0.0,0.0,0.0,0.0,0.0,0.0,-5.627527,-1.8577648,3.210776,-2.322915,50.0,50.0,50.0,50.0,50.0,50.0,50.0,50.0,50.0,50.0,50.0,50.0,0.0,0.0,0.0,0.0,1.0,1.0,1.0,1.0,1.0,1.0,1.0,1.0,1.0,1.0,1.0,1.0,0.5,0.5,0.5,0.5
1788699161.6871932,195,3.0363020000550023,2.18656499998815,2.9114410000374846,0.069662,2.985871,871106,1,0,0.0,0.0,0.0,-0.045484185,0.61059934,-1.2889642,0.06791994,0.49630147,-1.3147925,0.024542555,0.93940187,-1.138972,-0.03843987,1.0021974,-1.1461755,-2.1245139,-0.8886455,-2.4297113,-3.7017913,0.0077510476,1.5773382,0.18804716,0.054257333,0.14339438,0.3578962,0.3100419,0.20540276,-0.5297673,-1.0541425,-1.2672963,-0.14760691,-3.6236145,-2.367945,0.7557271,-0.9882586,1.8058946,0.12369141,4.2199388,-2.2017071,-1.8801094,16.026283,-2.44909,-0.32159767,4.788919,4.823965,-2.0038009,0.80605567,-1.0390079,0.22264454,1.2616524,-0.6679336,0.9992766,-0.008595754,0.02213726,0.029705105,0.35047197,0.17150755,-0.5550027,0.10295067,-0.4381389,11.275493,-0.015880471,0.04476812,0.059080184,29.93351936340332,3.6232664585113525,-0.0005185094,-1.1158363,0.71137637,0.005297944,-0.21915095,0.078778766,0.93941516,-0.12981004,0.2848587,0.55712754,0.64462954,-0.08729428,0.13948748,1.4743756,0.8625367,0.71134925,-0.054787736,0.6896947,-1.0651462,-0.00012962735,0.39104095,-1.1221559,0.03487187,1.0385939,-1.0843657,0.071214676,0.8092819,-1.1388426,0.0,0.0,0.0,0.0,0.0,0.0,0.0,0.0,0.0,0.0,0.0,0.0,0.0,0.0,0.0,0.0,-1.2981004,0.05297944,7.1134925,-0.8729428,50.0,50.0,50.0,50.0,50.0,50.0,50.0,50.0,50.0,50.0,50.0,50.0,0.0,0.0,0.0,0.0,1.0,1.0,1.0,1.0,1.0,1.0,1.0,1.0,1.0,1.0,1.0,1.0,0.5,0.5,0.5,0.5
1788699161.7071939,196,3.1480749998991087,2.300704999925074,3.025709999974424,1.962859,4.992793,871124,1,0,0.0,0.0,0.0,-0.05187273,0.6209543,-1.2821083,0.06828327,0.4902157,-1.3113488,0.024270058,0.9457904,-1.1445167,-0.042164028,0.98754305,-1.1453067,-2.177651,-0.8982132,-2.4189627,-3.7030025,-0.43018317,0.651088,1.1687232,-0.39917895,-0.44568524,-0.29521382,0.5386978,0.97275645,-0.5985157,0.13951886,-1.1045243,-0.028308174,-2.491962,0.8719929,1.6238445,0.46893838,0.32159767,3.0180705,10.194234,-3.1417618,-4.7992268,10.004574,0.049476564,3.7849572,3.8880334,5.8382344,-8.163633,0.42673537,0.6679336,-0.47002736,2.5233047,-0.64319533,0.9993671,-0.0072114794,0.023361368,0.025840215,0.31425297,0.18535599,-0.30679613,-0.38307226,-2.0769699,10.97502,-0.013221541,0.04708325,0.051390324,29.84498405456543,6.050171375274658,-0.020098658,-0.77322215,0.37854928,-0.15614882,-0.18182328,-0.27483374,1.228743,-0.16561486,0.28544247,0.72411793,0.7369402,-0.2534509,-0.034123026,1.3061997,0.8004689,0.597892,-0.04545582,0.6012916,-0.9928142,-0.0050246646,0.47669446,-1.2053627,-0.008530756,0.99654996,-1.0998827,0.07136062,0.8510295,-1.1157649,0.0,0.0,0.0,0.0,0.0,0.0,0.0,0.0,0.0,0.0,0.0,0.0,0.0,0.0,0.0,0.0,-1.6561486,-1.5614882,5.97892,-2.534509,50.0,50.0,50.0,50.0,50.0,50.0,50.0,50.0,50.0,50.0,50.0,50.0,0.0,0.0,0.0,0.0,1.0,1.0,1.0,1.0,1.0,1.0,1.0,1.0,1.0,1.0,1.0,1.0,0.5,0.5,0.5,0.5
1788699161.7272356,197,3.1262190000234114,2.2147240000549573,3.004207000003589,2.010313,5.018903,871144,1,0,0.0,0.0,0.0,-0.05583918,0.6183201,-1.2679384,0.06398386,0.4842813,-1.3093584,0.024058118,0.94757676,-1.1557326,-0.04025656,0.9800948,-1.1444536,-2.222946,-0.8700551,-2.3754237,-3.6949487,-0.24028248,-0.9921341,1.2475817,-0.22090487,0.4999426,0.012132075,-0.7130964,0.06975943,-0.4185566,0.38755238,-0.15114543,0.26690564,-2.2284262,1.48045,2.9027672,0.065883905,0.6679336,0.17316797,13.181381,-3.4386213,-0.86583984,5.2156544,-0.96479297,2.44909,3.0819776,5.4176836,-6.580383,1.2327911,0.32159767,-1.4842969,1.4100821,-1.2121758,0.9993592,-0.006307238,0.02286204,0.026812261,-0.13635384,-0.13528857,0.3494067,-0.019153614,0.6512229,9.902418,-0.011392749,0.046049275,0.053383682,29.898103713989258,4.648719310760498,0.059889007,-0.33925653,0.7033919,-0.28886056,0.085766524,-0.69276404,0.5668756,-0.2994761,0.05467149,1.368757,0.82481575,-0.3778904,-0.33457506,0.64896,0.7754049,0.26594463,0.021441631,0.496809,-1.1582811,0.014972252,0.5851859,-1.124152,-0.083643764,0.83224,-1.1061487,0.013667872,1.0121893,-1.093796,0.0,0.0,0.0,0.0,0.0,0.0,0.0,0.0,0.0,0.0,0.0,0.0,0.0,0.0,0.0,0.0,-2.994761,-2.8886056,2.6594462,-3.778904,50.0,50.0,50.0,50.0,50.0,50.0,50.0,50.0,50.0,50.0,50.0,50.0,0.0,0.0,0.0,0.0,1.0,1.0,1.0,1.0,1.0,1.0,1.0,1.0,1.0,1.0,1.0,1.0,0.5,0.5,0.5,0.5
1788699161.7490017,198,4.4170639999947525,2.467100999979266,4.120624000051976,0.057374,4.185486,871166,1,0,0.0,0.0,0.0,-0.05193329,0.6027272,-1.2510989,0.062409423,0.48824763,-1.3026447,0.02511783,0.93065166,-1.1583391,-0.031415522,0.9942041,-1.1306155,-2.2594607,-0.866331,-2.331067,-3.7082405,0.51544464,-0.651088,-0.28712577,0.4921915,-0.22090487,1.1040188,-0.12401676,-0.21315381,0.16984905,0.31779295,1.4688236,0.88968545,-0.36817476,-1.139404,1.2169144,-1.4261928,3.1417618,-4.823965,4.836334,-3.0428088,5.244516,8.107972,-5.442422,-5.1208243,2.1336768,2.0038009,-0.5442422,1.3276211,-1.2863907,-0.7668867,0.74214846,-1.0637461,0.99921364,-0.00833283,0.020707993,0.0327699,-0.3078614,-0.29720876,0.5166532,-0.025139118,2.3523033,7.4375877,-0.015309419,0.041941848,0.065246776,29.898103713989258,4.614537715911865,0.13371976,-0.31193873,0.85347986,-0.28863567,0.15350586,-0.46354252,0.23070493,-0.49450207,-0.04715386,1.4669802,0.84669584,-0.28688332,-0.39706355,0.4613582,0.99853367,0.0013438761,0.038376465,0.5541144,-1.2423238,0.03342994,0.5920153,-1.08663,-0.09926589,0.7853396,-1.0503665,-0.011788465,1.0367451,-1.088326,0.0,0.0,0.0,0.0,0.0,0.0,0.0,0.0,0.0,0.0,0.0,0.0,0.0,0.0,0.0,0.0,-4.9450207,-2.8863568,0.013438761,-2.8688333,50.0,50.0,50.0,50.0,50.0,50.0,50.0,50.0,50.0,50.0,50.0,50.0,0.0,0.0,0.0,0.0,1.0,1.0,1.0,1.0,1.0,1.0,1.0,1.0,1.0,1.0,1.0,1.0,0.5,0.5,0.5,0.5
1788699161.769498,199,5.29726499996741,2.384543000061967,5.088566000040373,0.107773,5.203923,871186,1,0,0.0,0.0,0.0,-0.04926896,0.6059366,-1.2516834,0.06480135,0.48948902,-1.2915394,0.024512276,0.9264128,-1.1553377,-0.028751075,1.0047407,-1.1272665,-2.2605205,-0.8997574,-2.3015766,-3.7500236,0.04263076,0.15889648,-0.47921693,0.05038181,0.3410461,0.31947798,-0.2596601,-0.4224321,0.3862044,-0.36817476,0.7518516,0.2628616,-0.4379342,-2.6702359,0.84873974,-1.6393466,4.4034142,-2.7459493,0.85347074,-1.7316797,4.997133,10.668385,-6.1845703,-6.901981,5.0259943,1.2616524,0.9400547,1.7069415,-2.1522305,-0.17316797,-0.34633595,-0.64319533,0.999155,-0.008115772,0.019347977,0.03534319,0.02237055,0.009587379,0.06178533,0.5482722,0.2801216,7.4124484,-0.014862181,0.039247002,0.07042498,29.871545791625977,4.887991428375244,0.10335747,-0.72510684,0.96511483,-0.22745593,-0.024289023,-0.07526206,0.35358268,-0.51495445,0.06507443,1.0957719,0.76144224,-0.19953483,-0.15629342,0.8433203,0.99500567,0.15530623,-0.006072256,0.6511845,-1.2116042,0.025839368,0.4887233,-1.0587213,-0.039073355,0.8808301,-1.0512486,0.016268607,0.943943,-1.1096394,0.0,0.0,0.0,0.0,0.0,0.0,0.0,0.0,0.0,0.0,0.0,0.0,0.0,0.0,0.0,0.0,-5.1495447,-2.2745593,1.5530623,-1.9953483,50.0,50.0,50.0,50.0,50.0,50.0,50.0,50.0,50.0,50.0,50.0,50.0,0.0,0.0,0.0,0.0,1.0,1.0,1.0,1.0,1.0,1.0,1.0,1.0,1.0,1.0,1.0,1.0,0.5,0.5,0.5,0.5
1788699161.7888234,200,4.352617999984432,2.317697000080443,4.182479000064632,2.033833,6.222999,871204,1,0,0.0,0.0,0.0,-0.049541473,0.6131729,-1.2567858,0.0654069,0.4884293,-1.2903546,0.023452565,0.9231125,-1.1515148,-0.03411019,1.0034084,-1.1264766,-2.2746298,-0.9361207,-2.2939467,-3.7719142,-0.13564333,1.7323592,-0.0040440247,0.21702933,-1.3486823,0.1273868,0.24415801,0.36429924,0.25275156,-0.26353562,-1.464948,-0.06874842,-1.48045,-2.302061,0.38367686,-1.0463915,2.3006601,0.17316797,2.0862617,-2.3501368,1.311129,12.090836,-3.3891447,-2.4985664,4.978579,2.9191172,-1.4100821,1.0905459,-1.58325,-0.024738282,0.44528908,-0.47002736,0.9992141,-0.007398655,0.019616656,0.033639077,-0.015978964,0.09374326,-0.3813646,0.31364042,1.9405005,8.881291,-0.013476942,0.039710682,0.06703802,29.95122528076172,2.905449628829956,-0.011754813,-0.99263537,0.8124178,-0.1644928,-0.17189302,0.17574024,0.7198939,-0.12928781,0.21818617,0.52014697,0.8273414,-0.09920572,0.09524539,1.3809472,0.8544289,0.58685946,-0.042973254,0.7139351,-1.1200265,-0.0029387032,0.42184117,-1.0968955,0.023811348,1.0152369,-1.0863928,0.054546542,0.8000368,-1.0931646,0.0,0.0,0.0,0.0,0.0,0.0,0.0,0.0,0.0,0.0,0.0,0.0,0.0,0.0,0.0,0.0,-1.2928782,-1.644928,5.8685946,-0.9920572,50.0,50.0,50.0,50.0,50.0,50.0,50.0,50.0,50.0,50.0,50.0,50.0,0.0,0.0,0.0,0.0,1.0,1.0,1.0,1.0,1.0,1.0,1.0,1.0,1.0,1.0,1.0,1.0,0.5,0.5,0.5,0.5
1788699161.8152785,201,5.486891000032301,2.6313839999829725,5.253074000052038,0.1615,5.423501,871230,1,0,0.0,0.0,0.0,-0.053174734,0.631945,-1.2551113,0.06707217,0.48201048,-1.2884905,0.025693104,0.9349208,-1.1542003,-0.037198484,0.97788453,-1.1245495,-2.3238308,-0.9616749,-2.2856507,-3.7768192,-0.18214962,0.24028248,0.21837734,-0.26741114,-0.22090487,0.030330187,0.3410461,1.3176781,-0.6207578,0.26741114,-0.81386006,0.2466855,-1.9377619,0.16664752,1.2634208,0.12014124,0.6679336,4.106555,7.017426,-3.339668,-3.0428088,10.004574,-0.37107423,3.0428088,4.314769,4.675535,-8.534707,1.3276211,0.44528908,-0.9400547,2.2264454,-0.5442422,0.99933964,-0.006193726,0.021031644,0.028974004,0.2833603,0.25246763,-0.2087918,-0.4429273,-3.084929,11.979388,-0.011170805,0.042407136,0.05773316,29.889251708984375,5.093081951141357,-0.021319153,-0.9190513,0.70686275,-0.30821133,-0.15058237,-0.3033984,1.1314338,-0.15896809,0.2395571,0.73302317,0.7433895,-0.21357726,-0.047976546,1.230226,0.6854582,0.5702119,-0.037645593,0.5941504,-1.0171415,-0.005329788,0.4402372,-1.1232842,-0.0119941365,0.9775565,-1.1286354,0.059889276,0.8532558,-1.1141526,0.0,0.0,0.0,0.0,0.0,0.0,0.0,0.0,0.0,0.0,0.0,0.0,0.0,0.0,0.0,0.0,-1.5896809,-3.0821133,5.702119,-2.1357725,50.0,50.0,50.0,50.0,50.0,50.0,50.0,50.0,50.0,50.0,50.0,50.0,0.0,0.0,0.0,0.0,1.0,1.0,1.0,1.0,1.0,1.0,1.0,1.0,1.0,1.0,1.0,1.0,0.5,0.5,0.5,0.5
1788699161.835528,202,5.2868330000137576,2.6533679999829474,4.999895999958426,0.163868,5.172948,871252,1,0,0.0,0.0,0.0,-0.059351325,0.63203585,-1.251399,0.061440542,0.47619718,-1.2865949,0.023513123,0.9363438,-1.168923,-0.037985742,0.9688921,-1.1151977,-2.369913,-0.95201635,-2.2509224,-3.7704911,-0.24803352,-1.5657116,0.84520125,-0.24028248,-0.2286559,0.014154087,-0.6317104,0.11626572,-0.6611981,0.023253143,-0.09301257,0.31543395,-2.1935465,0.32941952,2.3059366,-0.17439857,1.311129,-0.22264454,11.18995,-3.1912384,-1.7069415,8.4398775,-1.0390079,2.1027539,2.418167,5.1208243,-5.887711,0.0,0.37107423,-1.6822032,1.6079884,-0.9400547,0.9992978,-0.004028517,0.021512955,0.030411072,0.063915856,-0.05752427,0.3994741,-0.60812724,-2.291251,10.989386,-0.0067492765,0.043254208,0.06070011,29.906957626342773,4.2385382652282715,0.101988055,-0.36779714,0.8388352,-0.44262037,0.078179404,-0.6464724,0.55231977,-0.34281135,0.026909508,1.4179728,0.88398427,-0.35880393,-0.33648095,0.6245327,0.7635639,0.19537082,0.019544851,0.5083819,-1.1619201,0.025497014,0.57805073,-1.0902911,-0.08412024,0.8261332,-1.1091089,0.006727377,1.0244932,-1.0790039,0.0,0.0,0.0,0.0,0.0,0.0,0.0,0.0,0.0,0.0,0.0,0.0,0.0,0.0,0.0,0.0,-3.4281135,-4.4262037,1.9537082,-3.5880394,50.0,50.0,50.0,50.0,50.0,50.0,50.0,50.0,50.0,50.0,50.0,50.0,0.0,0.0,0.0,0.0,1.0,1.0,1.0,1.0,1.0,1.0,1.0,1.0,1.0,1.0,1.0,1.0,0.5,0.5,0.5,0.5
1788699161.854854,203,4.632481999919946,2.5229390000731655,4.442600000061248,0.114173,4.563301,871272,1,0,0.0,0.0,0.0,-0.059987187,0.6214084,-1.2381927,0.058049463,0.4863099,-1.283009,0.021302864,0.92389977,-1.174294,-0.031990767,0.9776726,-1.1134758,-2.3990705,-0.9552258,-2.212924,-3.7804828,0.07363495,-0.34879714,-0.41653457,-0.10463915,1.2750474,0.640978,0.04263076,-1.9145088,-0.0080880495,0.06975943,2.8446345,0.45293078,-0.5386978,-0.740225,1.2556697,-0.9960096,4.0818167,-5.5661135,4.4570136,-1.5090352,3.7602189,9.245933,-5.541375,-3.2654533,3.0345626,1.9790626,-0.4205508,1.2802061,-1.5585117,-1.7316797,0.32159767,-1.2121758,0.9991498,-0.0038715722,0.020621955,0.035491366,-0.106526434,-0.27483818,0.596548,-1.6460136,-0.31603462,11.09473,-0.006278203,0.041495565,0.070883006,29.906957626342773,4.375265121459961,0.18773735,-0.38915735,0.8661168,-0.2778062,0.1719727,-0.5790087,0.1518277,-0.48644173,-0.08345696,1.5445036,0.7668219,-0.16435574,-0.43962866,0.26204106,1.0047836,-0.105422206,0.042993177,0.5252478,-1.262043,0.046934336,0.5727107,-1.0834707,-0.109907165,0.7355103,-1.048804,-0.02086424,1.0561259,-1.1082945,0.0,0.0,0.0,0.0,0.0,0.0,0.0,0.0,0.0,0.0,0.0,0.0,0.0,0.0,0.0,0.0,-4.864417,-2.7780619,-1.0542221,-1.6435574,50.0,50.0,50.0,50.0,50.0,50.0,50.0,50.0,50.0,50.0,50.0,50.0,0.0,0.0,0.0,0.0,1.0,1.0,1.0,1.0,1.0,1.0,1.0,1.0,1.0,1.0,1.0,1.0,0.5,0.5,0.5,0.5
1788699161.875443,204,4.9011789999440225,2.377919000082329,4.73788700003297,2.376832,7.119999,871290,1,0,0.0,0.0,0.0,-0.055627227,0.62328565,-1.2403253,0.060047783,0.48988265,-1.2777328,0.021272585,0.9195398,-1.1696497,-0.028902471,0.9949913,-1.1111695,-2.3999786,-0.9900147,-2.1950302,-3.80637,0.4224321,0.1782741,-0.66322005,0.31391743,0.43405867,0.27701572,-0.34879714,-1.2324166,0.44484273,-0.46118733,1.050267,-0.20624527,-0.34879714,-2.2361772,0.7130964,-2.3718207,4.675535,-5.244516,-0.33190528,-1.0390079,3.8591719,9.862329,-6.407215,-8.237848,5.64239,0.96479297,2.0780158,0.52156544,-2.2017071,-0.2721211,-0.6679336,0.22264454,0.999092,-0.004629995,0.018284181,0.03820645,-0.08202535,-0.18002968,0.13315804,0.088585466,0.51714754,9.085996,-0.007859863,0.03689732,0.07630009,29.853837966918945,5.776717662811279,0.14379056,-0.55965286,0.8262149,-0.19575901,-0.017999912,-0.010748185,0.14879292,-0.55249923,0.0071815364,1.1904685,0.8041444,-0.1841638,-0.22821364,0.6901251,1.1319833,0.050285548,-0.004499978,0.667313,-1.2628018,0.03594764,0.5300868,-1.0934463,-0.05705341,0.8425313,-1.0170041,0.0017953841,0.96761715,-1.0989639,0.0,0.0,0.0,0.0,0.0,0.0,0.0,0.0,0.0,0.0,0.0,0.0,0.0,0.0,0.0,0.0,-5.5249925,-1.9575901,0.5028555,-1.841638,50.0,50.0,50.0,50.0,50.0,50.0,50.0,50.0,50.0,50.0,50.0,50.0,0.0,0.0,0.0,0.0,1.0,1.0,1.0,1.0,1.0,1.0,1.0,1.0,1.0,1.0,1.0,1.0,0.5,0.5,0.5,0.5
1788699161.894819,205,4.36080999998012,2.42307099995287,4.182413999956225,2.382144,6.570318,871310,1,0,0.0,0.0,0.0,-0.050298333,0.63018894,-1.2516202,0.066466615,0.49509037,-1.2772115,0.021333143,0.9129393,-1.1590816,-0.03371662,0.9997146,-1.1149765,-2.4099097,-1.0280735,-2.191639,-3.8305314,0.11239019,2.1586668,-0.6146918,0.46893838,-0.17439857,-0.0808805,0.12401676,0.24803352,0.6834402,-0.48056495,-1.3486823,-0.046506286,-1.1355284,-2.0966582,0.23253144,-1.1122752,2.2264454,-0.049476564,-0.14224511,-2.0038009,1.8801094,9.814914,-4.1560316,-3.7602189,6.5906906,2.44909,-0.2721211,0.7112256,-2.0285392,0.024738282,0.14842969,-0.32159767,0.9991624,-0.0060282554,0.018524833,0.03599037,-0.13741909,0.20240022,-0.51132685,0.32680854,0.9660604,9.714474,-0.010720705,0.037461314,0.071809135,29.960079193115234,3.0421764850616455,-0.016973155,-1.1602271,0.7989908,-0.13060598,-0.22665736,0.17809683,0.76596373,-0.15014063,0.23379165,0.46627176,0.81245106,-0.037538864,0.097240925,1.4038217,0.89035577,0.4798537,-0.05666434,0.7145242,-1.1085091,-0.0042432887,0.37994325,-1.1002523,0.024310231,1.0209554,-1.077411,0.058447912,0.7865679,-1.0968872,0.0,0.0,0.0,0.0,0.0,0.0,0.0,0.0,0.0,0.0,0.0,0.0,0.0,0.0,0.0,0.0,-1.5014063,-1.3060598,4.798537,-0.37538862,50.0,50.0,50.0,50.0,50.0,50.0,50.0,50.0,50.0,50.0,50.0,50.0,0.0,0.0,0.0,0.0,1.0,1.0,1.0,1.0,1.0,1.0,1.0,1.0,1.0,1.0,1.0,1.0,0.5,0.5,0.5,0.5
1788699161.915305,206,4.887164000024313,2.400735000037457,4.723775999991631,2.375936,7.105408,871329,1,0,0.0,0.0,0.0,-0.050843358,0.6444496,-1.2628202,0.06940354,0.48915598,-1.277417,0.017699838,0.9047038,-1.1541055,-0.042345703,0.9870283,-1.111754,-2.4463942,-1.050812,-2.1992085,-3.8430362,-0.6239593,0.7983579,-0.45697483,-0.25578457,-3.0616639,-0.028308174,0.80998445,1.2401676,0.24466349,0.0038755238,-2.108285,0.13951886,-1.9067578,-0.48056495,-0.24415801,0.0,0.2721211,2.8696408,7.4441614,-3.6612659,-2.5233047,9.293348,-0.32159767,4.230246,3.9828634,5.1455626,-7.817297,0.7112256,0.17316797,-0.44528908,2.3006601,-0.34633595,0.99930996,-0.0052408497,0.020620545,0.030447606,0.19281285,0.19174758,-0.68176913,-0.015562311,-1.4987702,8.010999,-0.009226865,0.041543726,0.060726732,29.871545791625977,5.469081401824951,-0.11226237,-0.8517227,0.36780715,-0.22590479,-0.25382516,0.30371824,1.3247288,0.10746482,0.411233,0.11662195,1.1049243,-0.22433296,0.08008948,1.6879797,0.6794119,0.49931982,-0.06345629,0.7459296,-0.9688177,-0.028065592,0.45706934,-1.2080481,0.02002237,1.091995,-1.130147,0.10280825,0.6991555,-1.0237689,0.0,0.0,0.0,0.0,0.0,0.0,0.0,0.0,0.0,0.0,0.0,0.0,0.0,0.0,0.0,0.0,1.0746481,-2.259048,4.9931984,-2.2433295,50.0,50.0,50.0,50.0,50.0,50.0,50.0,50.0,50.0,50.0,50.0,50.0,0.0,0.0,0.0,0.0,1.0,1.0,1.0,1.0,1.0,1.0,1.0,1.0,1.0,1.0,1.0,1.0,0.5,0.5,0.5,0.5
1788699161.9353719,207,4.915963000030388,2.402015000029678,4.744094999978188,2.039401,6.78948,871350,1,0,0.0,0.0,0.0,-0.05992663,0.6528062,-1.2537054,0.065376624,0.48473546,-1.2793915,0.02087897,0.92520165,-1.1666167,-0.044374287,0.95272386,-1.1091158,-2.4820611,-1.0388826,-2.1863706,-3.8360722,-0.51156914,0.5735775,1.126261,-0.38367686,0.48831603,-0.7825188,-0.24803352,0.724723,-1.0069622,0.32166848,-1.6974795,0.66322005,-1.6160935,1.3409312,1.4300683,0.33329505,0.32159767,4.3291993,13.560701,-4.477629,-1.8306329,4.694089,0.17316797,8.039942,3.0819776,7.396746,-11.503301,3.2242227,1.3853438,-1.7069415,1.7069415,-1.2121758,0.99936676,-0.0020038513,0.023079095,0.027007097,0.21837918,0.17044228,0.038349517,-0.49440265,-0.46208093,8.833407,-0.0027615232,0.04625369,0.053971387,29.738744735717773,8.784711837768555,-0.04868635,-0.67067915,0.53702307,-0.34165335,-0.10828807,-0.7516806,1.1127414,0.04638981,0.19002728,0.85830265,0.95158166,-0.33226773,-0.20934336,0.94067556,0.50001067,0.42485443,-0.027072018,0.48207986,-1.0218146,-0.012171588,0.50233024,-1.1657442,-0.05233584,0.9051689,-1.1749973,0.04750682,0.88457566,-1.0621046,0.0,0.0,0.0,0.0,0.0,0.0,0.0,0.0,0.0,0.0,0.0,0.0,0.0,0.0,0.0,0.0,0.46389812,-3.4165335,4.248544,-3.3226774,50.0,50.0,50.0,50.0,50.0,50.0,50.0,50.0,50.0,50.0,50.0,50.0,0.0,0.0,0.0,0.0,1.0,1.0,1.0,1.0,1.0,1.0,1.0,1.0,1.0,1.0,1.0,1.0,0.5,0.5,0.5,0.5
1788699161.9555092,208,5.041687000016282,2.34918400008155,4.802046000008886,2.36496,7.174878,871370,1,0,0.0,0.0,0.0,-0.06825292,0.6457818,-1.2428371,0.05629337,0.48300964,-1.2854102,0.023634225,0.9320141,-1.18145,-0.038530707,0.9523,-1.076811,-2.503861,-1.0317976,-2.1457686,-3.8374953,-0.2092783,-4.980048,0.31543395,-0.25190905,0.6200838,0.30330187,-0.61233276,-1.4610726,-0.6187358,-0.17439857,0.9146236,1.8501413,-0.86811733,-0.48831603,2.4222023,-0.325544,2.3253984,-3.0428088,11.37961,-3.2901914,0.2721211,5.879465,-3.1912384,0.074214846,0.7112256,4.7992268,-4.2797227,-0.33190528,0.59371877,-1.3853438,0.89057815,-1.4100821,0.9992139,-0.00017134153,0.023307491,0.032070134,0.21518339,-0.107591696,0.89375675,-0.33518824,-2.0266917,10.30225,0.0011537881,0.046606198,0.064195596,29.906957626342773,4.272719860076904,0.1366174,-0.048891492,0.938518,-0.30365634,0.2842406,-0.69225794,0.09147731,-0.3343706,-0.13726826,1.8568761,0.9738169,-0.3125829,-0.48690617,0.15102553,0.8797263,-0.21245363,0.07106015,0.49693555,-1.2771306,0.03415435,0.65777713,-1.0653704,-0.12172654,0.7077564,-1.0800683,-0.034317065,1.134219,-1.0565457,0.0,0.0,0.0,0.0,0.0,0.0,0.0,0.0,0.0,0.0,0.0,0.0,0.0,0.0,0.0,0.0,-3.3437061,-3.0365634,-2.1245363,-3.1258292,50.0,50.0,50.0,50.0,50.0,50.0,50.0,50.0,50.0,50.0,50.0,50.0,0.0,0.0,0.0,0.0,1.0,1.0,1.0,1.0,1.0,1.0,1.0,1.0,1.0,1.0,1.0,1.0,0.5,0.5,0.5,0.5
1788699161.9753733,209,5.1869320000150765,2.5047960000392777,4.950073999907545,0.147452,5.10527,871392,1,0,0.0,0.0,0.0,-0.071371555,0.6332166,-1.2351913,0.050419524,0.4940912,-1.2788861,0.027418926,0.923385,-1.1798229,-0.035291016,0.97758174,-1.0757684,-2.4926279,-1.0499339,-2.1194575,-3.8717694,0.49606705,0.034879714,-1.6620942,-0.065883905,2.1702933,0.8310471,-0.8293621,-2.2478037,0.6288459,-1.0231383,3.8251421,0.012132075,1.1936613,-1.2789229,-0.41080552,-1.7362347,6.901981,-6.9761953,-0.14224511,-0.791625,6.6545978,10.383894,-6.9267187,-9.054212,4.0776935,1.1626992,4.7002735,1.3276211,-2.1522305,-0.8411016,-0.74214846,-0.56898046,0.9989136,0.0017249617,0.022626821,0.040702857,0.003195793,0.03515372,0.7510113,-1.638831,1.376666,9.31105,0.00529353,0.04507932,0.08156853,29.712182998657227,9.365802764892578,0.28932422,-0.46215737,1.204147,0.0016079843,0.20339136,-0.6696252,-0.11581023,-0.5505698,-0.16308485,1.6875166,0.68255115,-0.04498402,-0.5013268,-0.14051288,1.0286832,-0.3166106,0.05084784,0.5025937,-1.3289526,0.072331056,0.55446064,-0.99896324,-0.1253317,0.6348718,-1.0428292,-0.040771212,1.0918791,-1.1293621,0.0,0.0,0.0,0.0,0.0,0.0,0.0,0.0,0.0,0.0,0.0,0.0,0.0,0.0,0.0,0.0,-5.5056977,0.016079843,-3.166106,-0.4498402,50.0,50.0,50.0,50.0,50.0,50.0,50.0,50.0,50.0,50.0,50.0,50.0,0.0,0.0,0.0,0.0,1.0,1.0,1.0,1.0,1.0,1.0,1.0,1.0,1.0,1.0,1.0,1.0,0.5,0.5,0.5,0.5
1788699161.9952786,210,4.8854350000056,2.416222999954698,4.718367999998918,1.966634,6.690858,871410,1,0,0.0,0.0,0.0,-0.060683608,0.63575995,-1.2660744,0.061834157,0.4973309,-1.2737836,0.027903363,0.90873075,-1.1600451,-0.03698659,0.99656576,-1.0843146,-2.4872084,-1.0908995,-2.115612,-3.9064977,0.43405867,-0.1782741,-1.9896604,1.4843256,-0.3914279,0.42260063,-0.019377619,-1.2595452,1.0110062,-0.17439857,1.1083997,-0.56009746,-0.9572544,-2.5733478,0.15889648,-1.8757535,5.318731,-6.6545978,-1.3276211,-0.8411016,3.2654533,14.034852,-7.965727,-13.111289,4.978579,0.0,3.958125,-1.4698663,-2.0780158,1.0637461,-1.6079884,0.56898046,0.99890524,-0.0026394457,0.020789972,0.041822694,-0.45912892,-0.11398328,-0.30999193,1.4616601,3.4919431,8.723274,-0.0035372193,0.041767344,0.0836143,29.694477081298828,9.50252914428711,0.12108167,-0.91940325,0.94985485,0.036791224,-0.1297336,0.48310456,0.14116675,-0.5024729,0.04337793,0.7467517,0.87388545,0.09722334,-0.0071087386,1.0219355,1.1912445,0.21957485,-0.0324334,0.79077613,-1.2647083,0.030270418,0.4401492,-1.0625362,-0.0017771847,0.9254839,-1.0021888,0.010844482,0.85668796,-1.0815285,0.0,0.0,0.0,0.0,0.0,0.0,0.0,0.0,0.0,0.0,0.0,0.0,0.0,0.0,0.0,0.0,-5.024729,0.36791223,2.1957486,0.9722334,50.0,50.0,50.0,50.0,50.0,50.0,50.0,50.0,50.0,50.0,50.0,50.0,0.0,0.0,0.0,0.0,1.0,1.0,1.0,1.0,1.0,1.0,1.0,1.0,1.0,1.0,1.0,1.0,0.5,0.5,0.5,0.5
1788699162.0135002,211,3.331751000018812,2.387968000107321,3.173770999978842,0.085918,3.265321,871432,1,0,0.0,0.0,0.0,-0.049541473,0.64865816,-1.2848253,0.077215135,0.48973125,-1.2709559,0.033141375,0.90664154,-1.1416259,-0.0555467,0.9908433,-1.1006802,-2.516971,-1.1118817,-2.1149461,-3.9234834,0.33717057,1.7556124,0.095034584,0.38367686,-1.7284837,-0.2709497,0.75960267,0.038755238,0.67535216,-1.1200264,-2.7903771,-0.11121068,-1.9455129,-0.0038755238,0.740225,0.06975943,0.5442422,6.0856175,0.7112256,-2.8696408,-1.0884844,11.000289,-2.44909,0.791625,7.064841,4.725012,-4.675535,0.52156544,-1.4842969,0.17316797,0.64319533,0.34633595,0.99917454,-0.00587084,0.023496408,0.032616567,0.003195793,0.15339807,-1.2527509,-0.78050977,0.5590461,8.693346,-0.010210866,0.047354694,0.065022044,29.915813446044922,4.2385382652282715,-0.1346615,-1.2896873,0.2219182,0.11017169,-0.3320644,0.6794031,1.2353047,-0.0059033595,0.46779203,-0.2118955,0.93744063,0.075553805,0.26147854,1.900275,0.863857,0.45464146,-0.0830161,0.8398508,-0.99117374,-0.033665374,0.3475782,-1.2445204,0.065369636,1.1450688,-1.0840358,0.11694801,0.61702615,-1.0656397,0.0,0.0,0.0,0.0,0.0,0.0,0.0,0.0,0.0,0.0,0.0,0.0,0.0,0.0,0.0,0.0,-0.059033595,1.1017169,4.5464144,0.75553805,50.0,50.0,50.0,50.0,50.0,50.0,50.0,50.0,50.0,50.0,50.0,50.0,0.0,0.0,0.0,0.0,1.0,1.0,1.0,1.0,1.0,1.0,1.0,1.0,1.0,1.0,1.0,1.0,0.5,0.5,0.5,0.5
1788699162.0352955,212,4.91142199996375,2.3637450000251192,4.674212000054467,0.070398,4.750338,871452,1,0,0.0,0.0,0.0,-0.04890561,0.6543807,-1.2868158,0.08060622,0.48079938,-1.2762637,0.029720023,0.91012347,-1.1452276,-0.07116991,0.9645624,-1.0741255,-2.5608735,-1.0913535,-2.119185,-3.9137948,-0.8254866,0.12401676,1.0089842,0.5890796,-0.42630762,-1.3102641,1.3603089,1.7168571,-0.96449995,0.93787676,-3.263191,1.9289999,-1.9455129,2.1121604,0.2751622,0.7169719,-0.9895313,9.5984535,13.797777,-6.7040744,-6.7782893,3.0819776,0.64319533,10.736414,4.409599,8.856305,-15.238782,-1.6595265,0.96479297,-0.5442422,1.9295859,0.0,0.9993606,-0.0051725544,0.026706986,0.023201782,-0.07350324,0.053263217,-0.84688514,-1.6795325,4.933253,7.9607205,-0.00911243,0.053645574,0.04618043,29.481992721557617,15.381792068481445,-0.2185636,-0.93802917,0.065463424,-0.019793762,-0.26480228,0.16277862,1.5420475,0.28649017,0.5154288,-0.2228917,1.181281,-0.15773956,0.16851206,1.685703,0.41321754,0.56723905,-0.06620057,0.7106947,-0.9144881,-0.0546409,0.43549272,-1.2836341,0.042128015,1.0914258,-1.1966956,0.1288572,0.61427706,-1.0046797,0.0,0.0,0.0,0.0,0.0,0.0,0.0,0.0,0.0,0.0,0.0,0.0,0.0,0.0,0.0,0.0,2.8649018,-0.19793762,5.6723905,-1.5773957,50.0,50.0,50.0,50.0,50.0,50.0,50.0,50.0,50.0,50.0,50.0,50.0,0.0,0.0,0.0,0.0,1.0,1.0,1.0,1.0,1.0,1.0,1.0,1.0,1.0,1.0,1.0,1.0,0.5,0.5,0.5,0.5
1788699162.0533953,213,3.2615770001029887,2.412414999980683,3.0947660000038013,0.103325,3.204107,871472,1,0,0.0,0.0,0.0,-0.054930806,0.65771115,-1.2703712,0.0710688,0.47946715,-1.2917131,0.03698662,0.9281992,-1.1666325,-0.06317657,0.94255066,-1.0341276,-2.6084092,-1.0385798,-2.0918746,-3.890602,-0.4224321,0.29841533,0.39833644,-0.5076936,-0.17439857,-0.7441006,0.30229086,1.3486823,-1.5468395,0.4379342,-0.32941952,1.2455596,-1.5734626,2.662485,2.7244933,0.97275645,-0.074214846,2.2511837,18.06513,-6.1350937,-2.0780158,1.2802061,0.049476564,7.099887,0.09483008,9.623192,-16.84677,0.33190528,2.0780158,-1.4842969,1.311129,-1.2863907,0.99935025,-0.0030711067,0.027350768,0.023272064,0.21731392,0.149137,0.5795038,1.555034,-1.388637,10.884041,-0.004872548,0.054836415,0.046432342,29.57938003540039,12.407979011535645,0.08936535,-0.2768696,0.69897985,-0.2428758,0.12185865,-1.3082472,0.7993599,-0.06347402,0.035769843,1.311707,1.0312349,-0.44068637,-0.4276475,0.5014433,0.42142674,0.24954064,0.030464662,0.3429382,-1.10016,0.022341337,0.60078263,-1.125255,-0.106911875,0.79536086,-1.1946433,0.008942461,0.9979268,-1.0421913,0.0,0.0,0.0,0.0,0.0,0.0,0.0,0.0,0.0,0.0,0.0,0.0,0.0,0.0,0.0,0.0,-0.63474023,-2.428758,2.4954064,-4.4068637,50.0,50.0,50.0,50.0,50.0,50.0,50.0,50.0,50.0,50.0,50.0,50.0,0.0,0.0,0.0,0.0,1.0,1.0,1.0,1.0,1.0,1.0,1.0,1.0,1.0,1.0,1.0,1.0,0.5,0.5,0.5,0.5
1788699162.0745397,214,4.428297999993447,2.527325000073688,4.1653929999938555,0.153564,4.329197,871492,1,0,0.0,0.0,0.0,-0.06682992,0.63373137,-1.2644157,0.062227763,0.48055714,-1.2922028,0.048522368,0.9264734,-1.1868684,-0.060572803,0.95826465,-1.0260712,-2.6206112,-1.0085143,-2.0367997,-3.8981714,-0.86036634,-0.077510476,0.032352198,-0.4224321,-0.4379342,0.7319685,0.62783486,-1.0928978,-0.6814182,0.10076362,2.9492736,-0.5358333,-0.44568524,-0.25578457,2.4299536,-1.4455703,5.6650667,-15.090352,8.060556,-1.7316797,6.8772426,8.202802,-8.683137,-5.7145433,0.09483008,3.4880977,-0.9895313,-0.04741504,-0.049476564,-0.96479297,0.0,-1.4100821,0.999,-0.0008336921,0.02925012,0.033805374,-0.24714132,0.059654802,1.1451591,-1.7477672,3.9360676,6.555324,0.00031244074,0.058531523,0.06766176,29.694477081298828,9.741801261901855,0.21116003,-0.30000442,1.2616047,-0.22636436,0.30242747,-1.0457501,-0.0965717,-0.26493552,-0.08914543,1.721095,1.046005,-0.38989422,-0.45564964,0.19456069,0.5511774,-0.07931884,0.07560687,0.40856248,-1.3241429,0.05279001,0.5949989,-0.98459876,-0.11391241,0.7186402,-1.1622056,-0.022286357,1.1002737,-1.0384986,0.0,0.0,0.0,0.0,0.0,0.0,0.0,0.0,0.0,0.0,0.0,0.0,0.0,0.0,0.0,0.0,-2.6493552,-2.2636435,-0.79318833,-3.8989422,50.0,50.0,50.0,50.0,50.0,50.0,50.0,50.0,50.0,50.0,50.0,50.0,0.0,0.0,0.0,0.0,1.0,1.0,1.0,1.0,1.0,1.0,1.0,1.0,1.0,1.0,1.0,1.0,0.5,0.5,0.5,0.5
1788699162.0948172,215,4.619172999923649,2.385279999998602,4.437545999962822,0.099453,4.543431,871512,1,0,0.0,0.0,0.0,-0.06788957,0.62758505,-1.2650476,0.064044416,0.47789273,-1.28729,0.059936985,0.92056924,-1.1814027,-0.057999194,0.9816389,-1.038835,-2.5885775,-1.0304049,-2.0159385,-3.944708,0.724723,-0.6162083,-2.1817513,0.48831603,0.41468105,0.7885848,-0.28678876,-0.64333695,0.82902515,-0.18214962,2.2245505,-0.56414145,2.3873227,-1.9532641,-0.0077510476,-3.0229084,6.5061684,-10.835367,-0.85347074,-1.0884844,5.5661135,15.077983,-8.881043,-9.994266,0.0,2.0038009,3.9828634,0.66381055,-2.5233047,-0.17316797,-0.37107423,-0.24738282,0.99870455,-0.0004990898,0.030337218,0.04084968,-0.55393744,-0.32384035,0.38029936,-2.920926,7.049727,12.281057,0.0014843766,0.06067383,0.08180481,29.659061431884766,10.596345901489258,0.124380596,-0.6909951,1.3698226,-0.17704496,0.030085377,-0.18363637,-0.30926475,-0.35099164,0.03317545,1.22274,0.86344546,-0.19801469,-0.285187,0.3674397,0.92087495,0.10784277,0.0075213443,0.6240909,-1.3773161,0.031095149,0.49725124,-0.9575443,-0.07129675,0.76185995,-1.0697812,0.008293862,0.975685,-1.0841386,0.0,0.0,0.0,0.0,0.0,0.0,0.0,0.0,0.0,0.0,0.0,0.0,0.0,0.0,0.0,0.0,-3.5099163,-1.7704496,1.0784278,-1.9801469,50.0,50.0,50.0,50.0,50.0,50.0,50.0,50.0,50.0,50.0,50.0,50.0,0.0,0.0,0.0,0.0,1.0,1.0,1.0,1.0,1.0,1.0,1.0,1.0,1.0,1.0,1.0,1.0,0.5,0.5,0.5,0.5
1788699162.1135063,216,3.3179920000065977,2.468509999971502,3.139020000048731,0.114749,3.259849,871532,1,0,0.0,0.0,0.0,-0.0588063,0.6378794,-1.3014911,0.07215879,0.47586414,-1.2793125,0.060724214,0.9186617,-1.1652266,-0.05742389,0.9958996,-1.0495613,-2.5615396,-1.0709465,-1.9963489,-4.00493,0.16664752,0.86036634,-1.7389307,0.30616638,-0.12014124,0.161761,-0.2286559,0.17439857,1.7470187,-0.4185566,-0.9495033,-0.5055031,0.30229086,-1.968766,1.4223173,-2.604352,3.1417618,-1.2863907,-3.0819776,-2.4243517,1.0637461,16.64268,-6.679336,-8.386277,2.9871476,3.958125,-0.22264454,-1.0905459,-1.7316797,0.024738282,-0.17316797,0.34633595,0.9988139,-0.0037657304,0.028130492,0.03956308,-0.05006742,-0.17789914,-0.5326322,-1.6316484,-0.92535895,7.8733325,-0.0053051673,0.056522317,0.079028755,29.853837966918945,5.639990329742432,-0.05287698,-1.2165263,1.0384432,-0.20650321,-0.15725546,0.51219755,0.38314182,-0.10548585,0.20561737,0.35705817,0.954845,0.118859306,0.11624325,1.3352696,0.8920997,0.57069165,-0.039313864,0.7980494,-1.2042145,-0.013219245,0.36586845,-1.0403892,0.029060813,1.0038174,-1.076975,0.051404342,0.7592646,-1.0612887,0.0,0.0,0.0,0.0,0.0,0.0,0.0,0.0,0.0,0.0,0.0,0.0,0.0,0.0,0.0,0.0,-1.0548584,-2.065032,5.7069163,1.188593,50.0,50.0,50.0,50.0,50.0,50.0,50.0,50.0,50.0,50.0,50.0,50.0,0.0,0.0,0.0,0.0,1.0,1.0,1.0,1.0,1.0,1.0,1.0,1.0,1.0,1.0,1.0,1.0,0.5,0.5,0.5,0.5
1788699162.1335285,217,3.100845000062691,2.298179000035816,2.9306420000239086,2.014346,4.951004,871550,1,0,0.0,0.0,0.0,-0.05550611,0.6525337,-1.3185835,0.07333961,0.46629643,-1.2726462,0.057605624,0.9245053,-1.1545321,-0.070019305,0.9813361,-1.0539212,-2.5750737,-1.0866303,-1.9740949,-4.033421,0.325544,3.6778722,0.6308679,0.2945398,-2.8213813,-0.07481446,0.2790377,3.3562036,-0.22444338,-0.25578457,-3.0384107,0.9463018,-1.2014123,-0.32941952,1.6548486,-0.4650629,0.47002736,4.4034142,4.4570136,-4.823965,-2.3501368,12.090836,-1.6822032,0.59371877,4.599259,6.580383,-8.757352,-1.8017715,0.049476564,-0.89057815,1.9295859,0.6679336,0.99904317,-0.0023166612,0.028023854,0.033497922,0.16937703,-0.0447411,-0.8958873,-0.8415619,0.4225766,9.385271,-0.0027557584,0.05617883,0.066957474,29.818422317504883,6.733806610107422,-0.19895774,-1.2553753,0.32549128,-0.29258716,-0.32339412,0.19882467,1.4700536,0.28904778,0.40126508,-0.17499997,1.1022881,0.07907145,0.22167896,1.7655772,0.4635565,0.77898717,-0.08084853,0.7197062,-0.93248653,-0.049739435,0.3561562,-1.2186271,0.05541974,1.1113943,-1.1841109,0.10031627,0.62625,-1.0244279,0.0,0.0,0.0,0.0,0.0,0.0,0.0,0.0,0.0,0.0,0.0,0.0,0.0,0.0,0.0,0.0,2.8904777,-2.9258716,7.7898717,0.7907145,50.0,50.0,50.0,50.0,50.0,50.0,50.0,50.0,50.0,50.0,50.0,50.0,0.0,0.0,0.0,0.0,1.0,1.0,1.0,1.0,1.0,1.0,1.0,1.0,1.0,1.0,1.0,1.0,0.5,0.5,0.5,0.5
1788699162.1559825,218,5.202741000061906,2.660474000094837,4.940796000028058,2.409984,7.35942,871570,1,0,0.0,0.0,0.0,-0.05405271,0.6498693,-1.3066884,0.06876771,0.4563957,-1.2714615,0.05569814,0.94185436,-1.1797282,-0.07156354,0.94642615,-1.0228643,-2.5917566,-1.0734898,-1.9461792,-4.0101376,-0.7906069,-0.33717057,2.7115188,-0.4379342,-0.5386978,-0.7926289,0.054257333,1.36806,-1.9391099,0.5580754,-3.1197968,1.7530848,-0.07363495,0.96888095,2.1935465,2.3563185,-0.59371877,3.8096955,14.840908,-5.6650667,-4.725012,3.8880334,-0.074214846,7.4956994,2.2285068,8.386277,-13.457625,-1.9914317,1.5090352,-1.9295859,2.548043,-0.86583984,0.9991487,0.0011551228,0.02911951,0.029197562,0.49108684,-0.025566343,-0.1310275,-0.2633622,0.5686229,7.539341,0.0040155156,0.058154766,0.05854504,29.588233947753906,12.544705390930176,-0.12331292,-0.6772611,0.21415469,-0.54786676,-0.17911902,-0.5629433,1.2973816,0.20557761,0.24054003,0.44215992,1.266564,-0.1968602,-0.073177256,1.2297827,0.35093403,0.5101202,-0.044779755,0.5292642,-0.97565454,-0.03082823,0.50068474,-1.2464613,-0.018294314,0.9774457,-1.2122664,0.060135007,0.78054,-0.983359,0.0,0.0,0.0,0.0,0.0,0.0,0.0,0.0,0.0,0.0,0.0,0.0,0.0,0.0,0.0,0.0,2.0557761,-5.4786677,5.101202,-1.968602,50.0,50.0,50.0,50.0,50.0,50.0,50.0,50.0,50.0,50.0,50.0,50.0,0.0,0.0,0.0,0.0,1.0,1.0,1.0,1.0,1.0,1.0,1.0,1.0,1.0,1.0,1.0,1.0,0.5,0.5,0.5,0.5
1788699162.1753983,219,5.220660999952997,2.6476099999399594,4.989851000004819,0.13206,5.129751,871592,1,0,0.0,0.0,0.0,-0.06946409,0.62915945,-1.2757106,0.051206738,0.45627457,-1.2786174,0.05606146,0.95935476,-1.2154609,-0.0673247,0.9337701,-1.0053139,-2.596268,-1.0654966,-1.8654289,-3.967507,-0.17439857,-3.6894987,-0.10716666,-0.8448642,2.0036457,-0.119298734,-0.52707124,-0.10463915,-1.1970314,0.33329505,0.33717057,0.19209118,0.92237467,-0.46118733,4.825027,0.9572544,1.4595586,-1.311129,15.599548,-3.339668,0.22264454,1.7069415,-3.2901914,1.0390079,1.2327911,6.3577385,-8.262587,0.90088576,0.59371877,-2.3501368,0.074214846,-1.3853438,0.998952,0.0068649603,0.029556368,0.034269165,0.22796656,-0.21305287,1.0066748,0.06823475,1.0953473,11.629835,0.015769005,0.05861383,0.069045626,29.853837966918945,5.229809284210205,0.09326886,0.012642607,0.74791443,-0.30401936,0.31747448,-1.135199,0.30418512,-0.024673983,-0.2090598,1.7939502,1.0725198,-0.10602674,-0.52448624,0.109208226,0.576868,0.05796603,0.07936862,0.38620028,-1.2239537,0.023317214,0.6731607,-1.1130214,-0.13112156,0.6973021,-1.1557829,-0.05226495,1.1184876,-1.03187,0.0,0.0,0.0,0.0,0.0,0.0,0.0,0.0,0.0,0.0,0.0,0.0,0.0,0.0,0.0,0.0,-0.24673983,-3.0401936,0.5796603,-1.0602674,50.0,50.0,50.0,50.0,50.0,50.0,50.0,50.0,50.0,50.0,50.0,50.0,0.0,0.0,0.0,0.0,1.0,1.0,1.0,1.0,1.0,1.0,1.0,1.0,1.0,1.0,1.0,1.0,0.5,0.5,0.5,0.5
1788699162.1948977,220,4.428906000043753,2.3945289999574015,4.255087000046842,2.446846,6.707789,871610,1,0,0.0,0.0,0.0,-0.074641466,0.6143235,-1.2668958,0.043940134,0.46714422,-1.2786491,0.065023616,0.94848514,-1.2211004,-0.05887717,0.94857585,-1.0020597,-2.5817044,-1.0929582,-1.8059638,-3.9680822,-0.45343632,-1.2324166,-0.58638364,-0.34879714,2.5617213,0.7319685,-0.38367686,-5.007177,0.52774525,-0.9107481,6.3481083,0.050550308,0.77898026,-2.3718207,1.7362347,-0.3565482,8.48523,-10.959059,3.461298,-0.6679336,8.48523,7.4441614,-9.920051,-8.21311,2.4655821,1.2616524,2.3006601,-1.1379609,-0.44528908,-0.22264454,-0.47002736,-0.4205508,0.99858385,0.008747728,0.029053522,0.043698575,0.3249056,-0.18535599,1.132376,-2.9472623,0.29568392,9.43914,0.020044103,0.057291567,0.08803963,29.59708595275879,12.100342750549316,0.3279897,-0.18548763,1.0095211,-0.04927742,0.36811924,-0.9077967,-0.14397952,-0.36810234,-0.22738709,1.8403616,0.8223553,0.24611107,-0.57441753,-0.26219457,0.91701233,-0.32790726,0.09202981,0.44305086,-1.3359948,0.081997424,0.62362814,-1.0476197,-0.14360438,0.60445136,-1.0707469,-0.05684677,1.1300905,-1.0944111,0.0,0.0,0.0,0.0,0.0,0.0,0.0,0.0,0.0,0.0,0.0,0.0,0.0,0.0,0.0,0.0,-3.6810234,-0.49277422,-3.2790728,2.4611106,50.0,50.0,50.0,50.0,50.0,50.0,50.0,50.0,50.0,50.0,50.0,50.0,0.0,0.0,0.0,0.0,1.0,1.0,1.0,1.0,1.0,1.0,1.0,1.0,1.0,1.0,1.0,1.0,0.5,0.5,0.5,0.5
1788699162.2154367,221,5.005978999975014,2.3737930000606866,4.767041000036443,2.432799,7.207776,871629,1,0,0.0,0.0,0.0,-0.06510413,0.60678434,-1.2722667,0.05399227,0.48067826,-1.273673,0.066295266,0.92408144,-1.1933768,-0.059089124,0.9813059,-1.0270348,-2.5332906,-1.1513636,-1.7827411,-3.976257,0.4728139,-0.019377619,-0.5418994,1.8408737,0.85649073,0.37811634,-0.13564333,-1.2672963,2.7944212,-0.077510476,2.2400527,-2.0725627,2.0307744,-3.670121,1.9881438,0.19765173,7.5946527,-8.460492,-2.0388467,-0.2721211,6.407215,11.28478,-10.736414,-15.238782,3.508713,0.14842969,5.541375,-1.0905459,-2.7459493,1.6327267,-2.44909,0.96479297,0.99845636,0.0052677565,0.027410123,0.04801909,-0.30360034,-0.16724649,0.003195793,1.3299791,2.066196,8.422802,0.013171431,0.054256335,0.09647,29.54396629333496,13.330886840820312,0.23491065,-0.9060718,0.87916374,0.10241951,-0.078369096,-0.14672402,0.113359354,-0.40170354,-0.029601254,1.1528549,0.8200554,0.34927648,-0.1694045,0.5576151,1.199139,0.109024115,-0.019592274,0.633319,-1.2716601,0.058727663,0.44348207,-1.080209,-0.042351127,0.8094038,-1.0002152,-0.0074003134,0.95821375,-1.0949861,0.0,0.0,0.0,0.0,0.0,0.0,0.0,0.0,0.0,0.0,0.0,0.0,0.0,0.0,0.0,0.0,-4.0170355,1.0241951,1.0902412,3.492765,50.0,50.0,50.0,50.0,50.0,50.0,50.0,50.0,50.0,50.0,50.0,50.0,0.0,0.0,0.0,0.0,1.0,1.0,1.0,1.0,1.0,1.0,1.0,1.0,1.0,1.0,1.0,1.0,0.5,0.5,0.5,0.5
1788699162.2353427,222,4.935581000040656,2.4047680000194305,4.752929000005679,2.027658,6.786219,871650,1,0,0.0,0.0,0.0,-0.04969275,0.59724694,-1.3011752,0.08272565,0.4834638,-1.2723303,0.071805775,0.9025541,-1.1656847,-0.06677967,1.0039837,-1.0651213,-2.524601,-1.203774,-1.7783811,-3.9578788,0.20540276,1.8369983,-1.1080629,1.4765745,-2.5772233,-0.1941132,0.80998445,-0.13564333,1.7106224,-0.7518516,-1.7013549,-2.1797295,-0.28291324,-1.8563759,0.7479761,1.7013549,1.2616524,0.074214846,1.9914317,-2.8696408,0.47002736,10.241649,-6.753551,-4.527106,7.301916,3.9086485,-0.5442422,0.09483008,-1.7316797,1.4100821,0.049476564,0.7668867,0.9986847,-0.0048506386,0.028895363,0.042080153,-0.84688514,0.42823625,-1.0567422,0.91099375,-1.5837644,8.740033,-0.007269025,0.05815572,0.08400993,29.924665451049805,3.6232664585113525,-0.11456854,-1.5311402,0.9161233,-0.1389045,-0.20666751,0.5835627,0.9226396,0.053716213,0.42009544,0.0036402242,1.0033404,0.37292743,0.2344844,1.7952073,0.8139975,0.5051372,-0.05166688,0.81589067,-1.06934,-0.028642135,0.28721496,-1.0709691,0.0586211,1.1188018,-1.0965006,0.10502386,0.67091006,-1.0491649,0.0,0.0,0.0,0.0,0.0,0.0,0.0,0.0,0.0,0.0,0.0,0.0,0.0,0.0,0.0,0.0,0.5371621,-1.389045,5.051372,3.7292743,50.0,50.0,50.0,50.0,50.0,50.0,50.0,50.0,50.0,50.0,50.0,50.0,0.0,0.0,0.0,0.0,1.0,1.0,1.0,1.0,1.0,1.0,1.0,1.0,1.0,1.0,1.0,1.0,0.5,0.5,0.5,0.5
1788699162.2553396,223,4.901149000033911,2.4408630000607445,4.728641999918182,2.382881,7.117507,871670,1,0,0.0,0.0,0.0,-0.042517066,0.6098424,-1.2978895,0.0970772,0.46762866,-1.2726778,0.07135162,0.89952636,-1.1559695,-0.08630866,0.98708886,-1.0800335,-2.5404968,-1.2114645,-1.7728403,-3.9162169,-0.0038755238,0.5890796,0.9099057,-0.06975943,-1.2440431,-0.13749684,0.6782167,2.8717632,0.0020220124,0.5076936,-4.840529,1.0736886,-0.70146984,0.82161105,0.85649073,2.8911407,-0.34633595,10.6622,11.237365,-6.5556445,-8.336801,10.763214,-1.2616524,9.103687,3.603543,9.4995,-11.676469,0.14224511,0.64319533,-1.2863907,1.9295859,0.37107423,0.9988724,-0.0074967127,0.03436227,0.031890545,-0.2663161,0.50067425,-1.0876349,-1.3491327,0.80445176,1.8148049,-0.012815861,0.06918037,0.06338793,29.499698638916016,14.971611022949219,-0.3055839,-1.5678406,0.4793252,-0.338729,-0.2907893,0.11838832,1.7647003,0.33798838,0.5825085,-0.31074652,1.0311886,0.12336631,0.21205428,1.847222,0.33940524,0.6350863,-0.07269733,0.6995971,-0.85882485,-0.07639597,0.27803987,-1.1801686,0.05301357,1.1318055,-1.2151487,0.14562713,0.5923134,-1.0422028,0.0,0.0,0.0,0.0,0.0,0.0,0.0,0.0,0.0,0.0,0.0,0.0,0.0,0.0,0.0,0.0,3.3798838,-3.38729,6.350863,1.2336631,50.0,50.0,50.0,50.0,50.0,50.0,50.0,50.0,50.0,50.0,50.0,50.0,0.0,0.0,0.0,0.0,1.0,1.0,1.0,1.0,1.0,1.0,1.0,1.0,1.0,1.0,1.0,1.0,0.5,0.5,0.5,0.5
1788699162.273395,224,3.2636249999313804,2.39388800002871,3.1079819999604297,0.085982,3.199371,871692,1,0,0.0,0.0,0.0,-0.05181229,0.6083588,-1.2821083,0.089023374,0.45021906,-1.271272,0.07092774,0.9202967,-1.184104,-0.07668036,0.93080294,-1.028109,-2.5682914,-1.1731331,-1.7351446,-3.8568728,-1.2556697,0.28291324,1.7247766,-0.7906069,-0.64333695,-0.3942924,-0.038755238,2.7709997,-2.442591,1.8369983,-3.7050006,3.6396227,-1.3603089,1.9842682,3.4685938,2.9957798,0.049476564,4.2797227,20.530712,-7.8667736,-8.361539,5.0259943,-0.86583984,8.06468,1.0431309,9.79636,-13.927652,-4.694089,2.4243517,-2.622258,1.1874375,-0.9400547,0.9989544,-0.00406501,0.03552244,0.028494725,0.66685545,-0.31318772,0.1342233,-4.1934443,-2.2050598,1.8962077,-0.006112667,0.07126255,0.056815755,29.411165237426758,16.373062133789062,-0.1441743,-0.7444845,0.3836396,-0.39353454,-0.024383867,-0.78344464,1.1938055,0.17036425,0.19785917,0.45599514,1.2912843,-0.15117905,-0.11953805,1.0971859,0.3038744,0.48991695,-0.006095967,0.47413886,-1.0015485,-0.036043573,0.4838789,-1.20409,-0.029884512,0.9442965,-1.2240313,0.049464792,0.7839988,-0.9771789,0.0,0.0,0.0,0.0,0.0,0.0,0.0,0.0,0.0,0.0,0.0,0.0,0.0,0.0,0.0,0.0,1.7036425,-3.9353454,4.8991694,-1.5117905,50.0,50.0,50.0,50.0,50.0,50.0,50.0,50.0,50.0,50.0,50.0,50.0,0.0,0.0,0.0,0.0,1.0,1.0,1.0,1.0,1.0,1.0,1.0,1.0,1.0,1.0,1.0,1.0,0.5,0.5,0.5,0.5
1788699162.295346,225,4.9198049999858995,2.3609930000247914,4.750496999918141,2.024106,6.780203,871710,1,0,0.0,0.0,0.0,-0.07352126,0.58786094,-1.2582233,0.06776855,0.4533074,-1.2693131,0.07374354,0.94509405,-1.2215111,-0.064206064,0.917057,-0.9903226,-2.5846415,-1.1570256,-1.6758916,-3.803312,-2.0734053,-2.6314807,0.61064774,-1.4882011,1.0463915,0.2466855,0.054257333,-0.38755238,-1.5003332,-0.5658265,1.2905494,0.80678296,-0.5658265,0.11626572,3.4647183,2.0617785,5.442422,-3.4880977,12.944306,-3.9086485,0.2721211,3.0819776,-5.541375,0.32159767,0.85347074,6.5061684,-8.138895,0.28449023,1.0884844,-1.9048477,0.59371877,-1.5090352,0.9988757,0.0027346332,0.03217916,0.03470754,0.63063645,-0.51878375,1.0982875,-1.1312603,-2.1823149,14.122199,0.0077127703,0.0641401,0.06971271,29.84498405456543,5.503263473510742,0.09205034,-0.0416753,0.6875158,-0.21005414,0.35936654,-1.037536,0.2964996,-0.124956705,-0.23946665,1.5691466,1.1881034,-0.08307631,-0.50399774,0.21713534,0.6642002,-0.030689508,0.089841634,0.410616,-1.225875,0.023012584,0.6595812,-1.128121,-0.12599944,0.7242839,-1.1339499,-0.059866663,1.0622866,-1.002974,0.0,0.0,0.0,0.0,0.0,0.0,0.0,0.0,0.0,0.0,0.0,0.0,0.0,0.0,0.0,0.0,-1.249567,-2.1005414,-0.30689508,-0.8307631,50.0,50.0,50.0,50.0,50.0,50.0,50.0,50.0,50.0,50.0,50.0,50.0,0.0,0.0,0.0,0.0,1.0,1.0,1.0,1.0,1.0,1.0,1.0,1.0,1.0,1.0,1.0,1.0,0.5,0.5,0.5,0.5
1788699162.3207612,226,7.1184019999464,2.5303010000925497,6.896105000009811,0.135484,7.040612,871734,1,0,0.0,0.0,0.0,-0.08896279,0.57662797,-1.2541476,0.047967046,0.4551543,-1.2648109,0.081494585,0.93040943,-1.2199315,-0.07353157,0.9498475,-1.0062617,-2.5597532,-1.1796126,-1.6226032,-3.8139393,0.6084572,-1.2362921,-1.1485031,0.36429924,0.096888095,0.46910688,-1.3448068,-1.5230808,2.0462766,-0.48056495,1.8641269,-0.7946509,2.2206752,-1.6315955,-0.32166848,-0.53094673,8.63366,-7.3225317,2.418167,-1.7069415,10.51377,6.9700108,-9.35107,-9.276855,1.8966017,1.1874375,4.230246,1.2327911,-1.7316797,-0.17316797,0.049476564,-0.12369141,0.99837905,0.0094759,0.031287096,0.046591025,0.0021305287,-0.11824434,0.781904,1.769315,9.083601,5.9244523,0.021879753,0.061628785,0.09394013,29.641353607177734,10.835618019104004,0.19336677,-0.2510837,0.821253,-0.1317066,0.24010812,-0.7627664,0.12491714,-0.33845645,-0.20350476,1.5150493,1.0218345,0.025816333,-0.47115105,0.083406806,0.8201647,-0.05753651,0.06002703,0.47930843,-1.2687707,0.04834169,0.6072291,-1.0946867,-0.11778776,0.6908517,-1.0949588,-0.05087619,1.0487623,-1.0445414,0.0,0.0,0.0,0.0,0.0,0.0,0.0,0.0,0.0,0.0,0.0,0.0,0.0,0.0,0.0,0.0,-3.3845644,-1.317066,-0.57536507,0.25816333,50.0,50.0,50.0,50.0,50.0,50.0,50.0,50.0,50.0,50.0,50.0,50.0,0.0,0.0,0.0,0.0,1.0,1.0,1.0,1.0,1.0,1.0,1.0,1.0,1.0,1.0,1.0,1.0,0.5,0.5,0.5,0.5
1788699162.3393946,227,4.82940699998835,2.4599339999440417,4.589828999996826,0.502483,5.100984,871756,1,0,0.0,0.0,0.0,-0.08242285,0.56963384,-1.2606719,0.057020023,0.46992975,-1.2660747,0.079072386,0.91000235,-1.1887641,-0.07419759,0.9655313,-1.0260712,-2.5259635,-1.2346873,-1.6103106,-3.8309553,0.4573118,-0.54257333,-0.2749937,1.22079,0.5541999,-0.064704396,0.24415801,-1.0153872,0.40238047,-0.17052305,0.97275645,-0.65917605,0.5813286,-3.5151002,0.64721245,-0.3604237,6.827766,-3.9828634,-0.14224511,-1.7069415,6.4566917,9.008858,-10.612723,-10.414817,4.2199388,1.4595586,3.4633594,0.0,-1.8801094,1.2121758,-0.64319533,0.2721211,0.9983164,0.0050626784,0.03121006,0.04862881,-0.5155879,0.14594121,-0.36325514,0.33279404,5.461174,11.427525,0.013169294,0.061862096,0.09775219,29.738744735717773,8.306167602539062,0.058758557,-1.1260523,0.9968566,-0.17811276,-0.14725582,0.15334424,0.5623048,-0.27848646,0.07927866,0.5943593,1.0137535,0.17216952,0.0560233,1.06728,0.87963086,0.35531586,-0.036813956,0.70833606,-1.1594237,0.014689639,0.38848695,-1.0507858,0.014005825,0.93682003,-1.0800922,0.019819666,0.8185898,-1.0465616,0.0,0.0,0.0,0.0,0.0,0.0,0.0,0.0,0.0,0.0,0.0,0.0,0.0,0.0,0.0,0.0,-2.7848647,-1.7811276,3.5531588,1.7216952,50.0,50.0,50.0,50.0,50.0,50.0,50.0,50.0,50.0,50.0,50.0,50.0,0.0,0.0,0.0,0.0,1.0,1.0,1.0,1.0,1.0,1.0,1.0,1.0,1.0,1.0,1.0,1.0,0.5,0.5,0.5,0.5
1788699162.3574557,228,3.4553960000494044,2.4523820000013075,3.2639449999578574,1.591094,4.860895,871774,1,0,0.0,0.0,0.0,-0.07627642,0.5753563,-1.2649212,0.07091741,0.46614504,-1.266596,0.08379568,0.90691406,-1.1801705,-0.08543056,0.96731764,-1.035265,-2.525146,-1.2927899,-1.6008034,-3.832227,-0.11239019,4.119682,0.38418236,0.6084572,-3.611988,0.018198112,1.0347649,2.2284262,0.3700283,-0.26741114,-4.1158066,-0.37811634,-0.20152724,-3.0151577,1.0192627,0.6162083,2.0285392,2.622258,4.694089,-3.587051,-0.4205508,11.28478,-4.725012,-0.64319533,4.788919,5.788758,-3.2654533,-0.23707521,-1.2121758,0.56898046,1.0637461,0.44528908,0.99853337,0.0010932852,0.033238817,0.04272267,-0.49215212,0.19281285,-0.95447683,-0.49679685,2.4756045,9.704897,0.0050345594,0.06633536,0.08568574,29.889251708984375,4.2385382652282715,-0.19258925,-1.4522369,0.6912413,-0.24740323,-0.2846357,0.3753305,1.2424774,0.34862715,0.42315507,-0.30930322,1.2042978,0.119223565,0.29629362,1.8460838,0.50592303,0.8100301,-0.07115892,0.7638326,-0.9893806,-0.048147313,0.3069408,-1.1271896,0.074073404,1.131521,-1.1735191,0.10578877,0.5926742,-0.9989255,0.0,0.0,0.0,0.0,0.0,0.0,0.0,0.0,0.0,0.0,0.0,0.0,0.0,0.0,0.0,0.0,3.4862714,-2.4740324,8.100301,1.1922357,50.0,50.0,50.0,50.0,50.0,50.0,50.0,50.0,50.0,50.0,50.0,50.0,0.0,0.0,0.0,0.0,1.0,1.0,1.0,1.0,1.0,1.0,1.0,1.0,1.0,1.0,1.0,1.0,0.5,0.5,0.5,0.5
1788699162.3793669,229,4.841150999936872,2.420607999965796,4.668772000059107,0.472147,5.146615,871796,1,0,0.0,0.0,0.0,-0.075368166,0.5826229,-1.256928,0.07718486,0.45806095,-1.2676702,0.087519825,0.9243236,-1.194988,-0.08428007,0.9256255,-1.0168773,-2.545765,-1.3047193,-1.5753701,-3.8125162,-0.11626572,0.5076936,1.1869212,-0.32941952,-0.25578457,-0.24466349,0.9184992,1.0812712,-2.6508584,1.2983005,-1.3448068,2.9541602,-0.27128667,0.8409887,2.4183269,0.36429924,0.22264454,9.004735,12.944306,-6.1350937,-7.619391,7.4441614,-1.6079884,9.895313,3.8880334,8.63366,-16.104622,-2.0862617,1.7069415,-1.7069415,2.721211,0.37107423,0.9987839,-0.001259798,0.034198392,0.03548973,0.08522114,0.01704423,-0.4058657,-2.184709,-0.88944596,8.859743,-8.9357534e-05,0.068456486,0.07103293,29.473140716552734,15.347609519958496,-0.186849,-1.272073,0.5875058,-0.5613246,-0.20096545,-0.41286907,1.4036843,0.20315638,0.38829207,0.0044476176,1.1917088,-0.033477604,0.08290443,1.4408174,0.30203196,0.64110196,-0.050241362,0.5667828,-0.9490789,-0.04671225,0.35198176,-1.1531235,0.020726107,1.0302043,-1.224492,0.09707302,0.67111194,-1.0020728,0.0,0.0,0.0,0.0,0.0,0.0,0.0,0.0,0.0,0.0,0.0,0.0,0.0,0.0,0.0,0.0,2.0315638,-5.613246,6.4110193,-0.33477604,50.0,50.0,50.0,50.0,50.0,50.0,50.0,50.0,50.0,50.0,50.0,50.0,0.0,0.0,0.0,0.0,1.0,1.0,1.0,1.0,1.0,1.0,1.0,1.0,1.0,1.0,1.0,1.0,0.5,0.5,0.5,0.5
1788699162.399328,230,4.87644600002568,2.3935359999995853,4.708993999997801,0.44754,5.16255,871816,1,0,0.0,0.0,0.0,-0.091869354,0.5799585,-1.2425369,0.0629847,0.4513999,-1.2661536,0.08558206,0.94209653,-1.224718,-0.08412868,0.91666335,-0.98653126,-2.5473092,-1.2889144,-1.5052172,-3.7888696,-1.1006488,-2.0268989,0.93821377,-0.7983579,-0.6627146,-0.028308174,0.12401676,1.0851467,-1.5185313,-0.325544,0.15502095,0.51156914,-0.33329505,0.18602514,4.6273756,1.050267,3.240715,1.2616524,14.224512,-5.0466094,-4.477629,5.83205,-3.4880977,3.339668,1.2327911,9.895313,-12.987598,-0.80605567,1.1874375,-2.7459493,0.6926719,-0.6679336,0.9987454,0.003454182,0.032893177,0.0376005,0.31425297,-0.14274542,0.68283445,0.095768064,-1.8806454,13.164518,0.009393571,0.065490864,0.07556763,29.70332908630371,9.126529693603516,0.010525256,-0.26864496,0.94990313,-0.49600053,0.21003029,-1.0716597,0.64000463,-0.16543065,-0.0534951,1.3315479,1.1303636,-0.24477272,-0.37111256,0.5930191,0.47540888,0.18913499,0.052507572,0.4020851,-1.1399988,0.002631314,0.60283875,-1.0625242,-0.09277814,0.8182548,-1.1811477,-0.013373775,1.002887,-1.0174091,0.0,0.0,0.0,0.0,0.0,0.0,0.0,0.0,0.0,0.0,0.0,0.0,0.0,0.0,0.0,0.0,-1.6543065,-4.9600053,1.8913498,-2.4477272,50.0,50.0,50.0,50.0,50.0,50.0,50.0,50.0,50.0,50.0,50.0,50.0,0.0,0.0,0.0,0.0,1.0,1.0,1.0,1.0,1.0,1.0,1.0,1.0,1.0,1.0,1.0,1.0,0.5,0.5,0.5,0.5
1788699162.4193895,231,4.829727000014827,2.2361959998988823,4.656100000033803,0.431061,5.093848,871836,1,0,0.0,0.0,0.0,-0.10391986,0.55537313,-1.2258236,0.050328694,0.4605437,-1.2603403,0.09490754,0.9311058,-1.2294097,-0.08546084,0.9265641,-0.9941771,-2.5533345,-1.2998446,-1.4277673,-3.7883246,-0.44568524,-1.3990641,-0.7360125,-0.732474,1.2595452,0.80273896,0.05038181,-2.7826262,0.77443075,-0.48444048,4.549865,-0.28105974,-0.3604237,-1.4998277,2.7942526,-0.3410461,8.658399,-6.7782893,5.1208243,-1.6079884,6.6545978,9.814914,-9.821098,-3.1417618,1.3276211,4.2797227,-0.5442422,-0.80605567,-0.59371877,-1.58325,-0.44528908,-1.0884844,0.9982963,0.007480815,0.034157693,0.046711586,0.0894822,-0.25459817,1.124919,-3.1004913,-0.62368953,12.126632,0.018169694,0.06755148,0.09412836,29.774154663085938,7.759259223937988,0.19683358,-0.27481967,1.0404558,-0.2510696,0.40402597,-1.1408719,0.13658595,-0.4187919,-0.24417578,1.6652079,0.9808264,0.111893475,-0.56692594,-0.07404135,0.64502776,-0.22191171,0.10100649,0.38478205,-1.2658534,0.049208395,0.6012951,-1.039886,-0.14173149,0.6514897,-1.138743,-0.061043944,1.086302,-1.0547934,0.0,0.0,0.0,0.0,0.0,0.0,0.0,0.0,0.0,0.0,0.0,0.0,0.0,0.0,0.0,0.0,-4.1879187,-2.510696,-2.2191172,1.1189348,50.0,50.0,50.0,50.0,50.0,50.0,50.0,50.0,50.0,50.0,50.0,50.0,0.0,0.0,0.0,0.0,1.0,1.0,1.0,1.0,1.0,1.0,1.0,1.0,1.0,1.0,1.0,1.0,0.5,0.5,0.5,0.5
1788699162.4393408,232,4.841470999963349,2.491388999942501,4.672356000014588,0.457428,5.135767,871856,1,0,0.0,0.0,0.0,-0.10083151,0.5527995,-1.2292675,0.050510358,0.46360174,-1.2564543,0.094937816,0.91339344,-1.2077047,-0.083886445,0.9606263,-1.0129123,-2.53538,-1.354435,-1.4046655,-3.8056736,0.11626572,-0.5386978,-0.9038396,0.45343632,0.77898026,0.28308174,-0.67434114,-1.1665326,1.1040188,-0.44568524,1.9610151,-1.3527263,0.29841533,-2.9996555,1.0618935,-0.68984324,10.390079,-8.06468,-0.85347074,-0.47002736,6.2587852,11.28478,-11.701207,-12.591785,2.5129972,1.6822032,4.477629,-0.7112256,-2.1522305,0.37107423,-1.7811563,0.7668867,0.9980677,0.0074783335,0.031802516,0.052855786,-0.41651836,-0.22796656,0.2663161,-1.0498575,2.0506337,7.6135616,0.01832673,0.06273273,0.10639245,29.561674118041992,13.125795364379883,0.10705142,-0.7829431,1.1321223,-0.24163261,0.01831699,-0.21791679,-0.023215946,-0.56765026,-0.069440335,1.116778,0.910977,0.034887437,-0.26249307,0.47235626,0.9280266,0.04311365,0.0045792474,0.61552083,-1.3058039,0.026762854,0.47426423,-1.0169694,-0.06562327,0.7880891,-1.0679933,-0.017360084,0.94919455,-1.0722557,0.0,0.0,0.0,0.0,0.0,0.0,0.0,0.0,0.0,0.0,0.0,0.0,0.0,0.0,0.0,0.0,-5.6765027,-2.416326,0.4311365,0.34887436,50.0,50.0,50.0,50.0,50.0,50.0,50.0,50.0,50.0,50.0,50.0,50.0,0.0,0.0,0.0,0.0,1.0,1.0,1.0,1.0,1.0,1.0,1.0,1.0,1.0,1.0,1.0,1.0,0.5,0.5,0.5,0.5
1788699162.458903,233,4.457993000073657,2.448638000032588,4.243886999915958,0.460531,4.711778,871876,1,0,0.0,0.0,0.0,-0.087085605,0.5603992,-1.2495666,0.066254675,0.46429813,-1.2559804,0.10032721,0.9039166,-1.1955726,-0.08328086,0.97207123,-1.0368446,-2.5373478,-1.412689,-1.3891937,-3.805068,0.5193202,2.263306,-1.4295628,0.5541999,-0.8448642,0.018198112,0.06975943,-0.45343632,0.6773742,-0.07363495,-1.1665326,-1.2334275,-0.53094673,-3.166303,1.1006488,0.14339438,4.1807694,0.5442422,-1.6121113,-2.622258,1.2616524,12.564985,-8.63366,-5.442422,6.4484453,3.587051,-0.12369141,-0.61639553,-2.44909,0.32159767,-0.2721211,0.12369141,0.99828434,0.00081124983,0.030878866,0.049742248,-0.298274,0.08096009,-0.7371629,0.36032736,-0.6847417,8.537724,0.00470062,0.06161004,0.099717975,29.853837966918945,5.298172950744629,-0.11710547,-1.4554164,0.9315327,-0.2687131,-0.19492576,0.36942682,0.8545635,-0.1819471,0.2111978,0.1469589,1.0819274,0.2544195,0.17916012,1.5843662,0.77228516,0.44768375,-0.04873144,0.7623567,-1.086359,-0.029276367,0.3061459,-1.0671167,0.04479003,1.0660915,-1.1069287,0.05279945,0.7067397,-1.0295181,0.0,0.0,0.0,0.0,0.0,0.0,0.0,0.0,0.0,0.0,0.0,0.0,0.0,0.0,0.0,0.0,-1.819471,-2.687131,4.4768376,2.5441952,50.0,50.0,50.0,50.0,50.0,50.0,50.0,50.0,50.0,50.0,50.0,50.0,0.0,0.0,0.0,0.0,1.0,1.0,1.0,1.0,1.0,1.0,1.0,1.0,1.0,1.0,1.0,1.0,0.5,0.5,0.5,0.5
1788699162.4788456,234,4.460361000042212,2.530300999978863,4.212080000002061,0.462387,4.682083,871896,1,0,0.0,0.0,0.0,-0.08112085,0.57662797,-1.2681754,0.071825735,0.45242932,-1.2544007,0.09778391,0.9133329,-1.195699,-0.09690577,0.950665,-1.0469863,-2.5748315,-1.4454796,-1.3787479,-3.8015559,0.577453,1.6819774,1.2293836,0.63946146,-0.38367686,-0.113232695,0.03100419,1.767239,-0.5338113,0.03100419,-3.4802203,1.4113647,-2.0540276,-0.9146236,1.1239018,1.0037607,1.0637461,8.138895,6.7803507,-5.961926,-7.4956994,9.625254,-2.6469963,6.48143,5.4527297,7.7183437,-9.252117,-1.0431309,0.22264454,-0.86583984,1.6079884,0.64319533,0.99859416,0.0008533591,0.033265173,0.04125959,0.08841694,0.24074973,-1.0024137,-0.5446809,0.6943185,1.9536686,0.0044591795,0.06641521,0.08273651,29.68562126159668,10.151982307434082,-0.2421848,-1.5531569,0.40737876,-0.268383,-0.30103457,-0.01095055,1.7042114,0.11327565,0.3939057,-0.19324419,1.069022,0.15136793,0.24242997,1.756159,0.3760899,0.6181584,-0.07525864,0.6672624,-0.87394714,-0.0605462,0.2817108,-1.1981553,0.060607493,1.1090398,-1.2059774,0.098476425,0.62168896,-1.0327444,0.0,0.0,0.0,0.0,0.0,0.0,0.0,0.0,0.0,0.0,0.0,0.0,0.0,0.0,0.0,0.0,1.1327565,-2.68383,6.181584,1.5136793,50.0,50.0,50.0,50.0,50.0,50.0,50.0,50.0,50.0,50.0,50.0,50.0,0.0,0.0,0.0,0.0,1.0,1.0,1.0,1.0,1.0,1.0,1.0,1.0,1.0,1.0,1.0,1.0,0.5,0.5,0.5,0.5
1788699162.4993255,235,4.839391000018622,2.426334999995561,4.662628000005498,0.454996,5.123704,871915,1,0,0.0,0.0,0.0,-0.07900143,0.58525705,-1.2550639,0.065376624,0.4442544,-1.2529316,0.09284866,0.92377865,-1.2178463,-0.092969716,0.91272724,-1.0108587,-2.620036,-1.435821,-1.3619741,-3.7713995,-0.6665901,0.33717057,3.0411067,-0.8371132,-0.5929552,-0.58840567,-0.18214962,1.4106907,-1.7793709,0.4728139,-2.9260204,1.9977484,-3.329075,1.050267,1.5230808,2.530717,0.6926719,3.8096955,16.358189,-5.7145433,-7.7925587,3.508713,-1.4595586,8.039942,2.8449025,9.5984535,-12.5175705,-3.0819776,2.3996134,-1.9048477,2.1522305,-0.59371877,0.9986932,0.0045588817,0.03459239,0.037342254,0.74142396,-0.17470334,-0.027696872,0.6368576,-4.687847,4.807557,0.011717359,0.068808176,0.075150706,29.54396629333496,13.467613220214844,-0.09032384,-0.71337545,0.28096065,-0.34941563,-0.06643306,-0.81484795,1.4682,0.023326961,0.10097569,0.45725483,1.3185806,-0.08288622,-0.12223949,1.1601208,0.29538682,0.4039671,-0.016608264,0.46628803,-0.93294996,-0.02258096,0.49165615,-1.2297598,-0.030559873,0.9600302,-1.2261533,0.025243923,0.78431374,-0.9703548,0.0,0.0,0.0,0.0,0.0,0.0,0.0,0.0,0.0,0.0,0.0,0.0,0.0,0.0,0.0,0.0,0.23326962,-3.4941564,4.039671,-0.8288622,50.0,50.0,50.0,50.0,50.0,50.0,50.0,50.0,50.0,50.0,50.0,50.0,0.0,0.0,0.0,0.0,1.0,1.0,1.0,1.0,1.0,1.0,1.0,1.0,1.0,1.0,1.0,1.0,0.5,0.5,0.5,0.5
1788699162.517432,236,3.325224000036542,2.365761000078237,3.1520119999868257,1.657396,4.815488,871934,1,0,0.0,0.0,0.0,-0.09713769,0.5813815,-1.2350175,0.05196368,0.44528383,-1.2564859,0.10017583,0.9338611,-1.2448118,-0.09178895,0.906369,-0.9978893,-2.6660273,-1.4185023,-1.3188287,-3.7274063,0.3759258,-3.352328,0.3396981,-0.5658265,2.5229661,-0.15367295,-0.6627146,-0.43405867,-0.970566,-0.34492162,1.9532641,0.020220125,-1.1820347,0.7363495,2.7128668,1.871878,3.686004,-2.2511837,15.741794,-3.2901914,-0.12369141,1.4698663,-6.036141,1.7069415,1.6121113,6.6545978,-8.361539,1.0905459,0.74214846,-2.0780158,0.5442422,-1.2616524,0.9984856,0.00893462,0.034391172,0.042000636,0.33768877,0.008522115,1.0002832,0.89423436,-1.6771383,10.389638,0.020780569,0.067980014,0.08478575,29.836132049560547,5.845080852508545,0.13849077,-0.16735196,0.89713734,-0.13961902,0.43117425,-1.5027761,0.66348785,-0.32627583,-0.30688995,1.691368,1.0605989,0.04170465,-0.52374923,0.107225284,0.37460175,-0.17647755,0.10779356,0.29430598,-1.134128,0.03462269,0.628162,-1.0757157,-0.13093731,0.6968063,-1.2063495,-0.07672249,1.092842,-1.0348502,0.0,0.0,0.0,0.0,0.0,0.0,0.0,0.0,0.0,0.0,0.0,0.0,0.0,0.0,0.0,0.0,-3.2627583,-1.3961902,-1.7647755,0.41704652,50.0,50.0,50.0,50.0,50.0,50.0,50.0,50.0,50.0,50.0,50.0,50.0,0.0,0.0,0.0,0.0,1.0,1.0,1.0,1.0,1.0,1.0,1.0,1.0,1.0,1.0,1.0,1.0,0.5,0.5,0.5,0.5
1788699162.538815,237,4.333803999998054,2.4652780000451457,4.173009000055572,0.442132,4.621285,871956,1,0,0.0,0.0,0.0,-0.09523022,0.55561537,-1.2278615,0.047331214,0.45273212,-1.2528684,0.101326376,0.9111226,-1.2448434,-0.09027499,0.94261116,-1.0046189,-2.6693883,-1.4317336,-1.2897623,-3.7214415,1.139404,-0.65883905,-0.22848742,1.058018,0.054257333,1.134349,-1.1122752,-2.1896708,0.53987736,-0.65883905,2.3989491,-1.0029182,1.1975368,-1.8214962,-0.8332376,0.046506286,9.202641,-12.888645,4.836334,-1.9295859,9.153164,8.297632,-11.058012,-8.856305,1.1379609,1.3853438,5.46716,-0.09483008,-2.3253984,0.17316797,-0.37107423,0.22264454,0.99805254,0.009789653,0.032991454,0.05202744,-0.35579827,-0.021305285,0.7403587,1.9883845,7.3968863,4.559757,0.023024574,0.06488126,0.104910865,29.51740837097168,14.185430526733398,0.2284268,-0.32158095,1.0533963,-0.020311167,0.3208396,-0.9111785,0.15839529,-0.44006118,-0.22595213,1.5660254,1.091299,0.15912886,-0.4513359,0.11567231,0.7513155,-0.20335244,0.0802099,0.44220537,-1.2604011,0.0571067,0.5896048,-1.0366509,-0.11283398,0.6989181,-1.112171,-0.056488033,1.0615064,-1.0271752,0.0,0.0,0.0,0.0,0.0,0.0,0.0,0.0,0.0,0.0,0.0,0.0,0.0,0.0,0.0,0.0,-4.400612,-0.20311168,-2.0335243,1.5912886,50.0,50.0,50.0,50.0,50.0,50.0,50.0,50.0,50.0,50.0,50.0,50.0,0.0,0.0,0.0,0.0,1.0,1.0,1.0,1.0,1.0,1.0,1.0,1.0,1.0,1.0,1.0,1.0,0.5,0.5,0.5,0.5
1788699162.5574622,238,3.391942000007475,2.4673899999925197,3.223434000005909,1.987243,5.217301,871974,1,0,0.0,0.0,0.0,-0.08369446,0.5491965,-1.223075,0.06029,0.45927206,-1.2461073,0.1072305,0.8959233,-1.2256184,-0.08733815,0.9623219,-1.03814,-2.6458323,-1.4724871,-1.2814662,-3.7235005,0.86424184,0.027128667,-0.7137704,1.3913131,0.37980133,0.32756603,0.22478038,-0.9146236,1.9714621,-0.019377619,1.8912556,-1.5205534,0.82161105,-2.7826262,0.77122927,0.40693003,7.4956994,-5.3434687,-0.90088576,-1.6822032,6.234047,10.620969,-11.750684,-9.35107,3.9828634,1.6327267,3.2654533,1.9914317,-2.4985664,1.4100821,-1.2616524,0.47002736,0.9980889,0.0027990076,0.031213796,0.0532567,-0.7797735,-0.055393744,-0.27057713,1.1312603,1.7357962,6.2368956,0.0089293085,0.062049963,0.10689335,29.694477081298828,9.22907543182373,0.09475232,-1.095165,0.98755217,0.018298019,-0.07784684,-0.03351711,0.32745323,-0.33600652,0.03412813,0.7774453,1.0381987,0.3251815,-0.031166019,0.868225,0.862852,0.18053287,-0.01946171,0.66162074,-1.2181367,0.02368808,0.39620876,-1.0531119,-0.0077915047,0.88705623,-1.0842869,0.008532032,0.86436135,-1.0404503,0.0,0.0,0.0,0.0,0.0,0.0,0.0,0.0,0.0,0.0,0.0,0.0,0.0,0.0,0.0,0.0,-3.3600652,0.18298018,1.8053287,3.251815,50.0,50.0,50.0,50.0,50.0,50.0,50.0,50.0,50.0,50.0,50.0,50.0,0.0,0.0,0.0,0.0,1.0,1.0,1.0,1.0,1.0,1.0,1.0,1.0,1.0,1.0,1.0,1.0,0.5,0.5,0.5,0.5
1788699162.5788763,239,4.373866999912934,2.4108480000677446,4.194288000007873,0.448212,4.64938,871996,1,0,0.0,0.0,0.0,-0.06822264,0.56224614,-1.2389984,0.07903179,0.44809964,-1.2451121,0.11358878,0.8893228,-1.2105165,-0.09614891,0.95962715,-1.0514727,-2.6481636,-1.5143306,-1.2682652,-3.706454,0.2286559,0.2751622,-0.2102893,0.40693003,-0.25190905,0.050550308,0.2751622,0.13951886,-0.20826729,-0.53094673,-1.3254292,0.05863836,-0.895246,-1.2866739,1.4378194,1.6664752,2.3253984,5.2197776,0.99571586,-3.240715,-2.7706876,9.862329,-6.407215,-0.2721211,7.112256,6.036141,-3.958125,0.52156544,-1.0884844,0.56898046,0.12369141,0.64319533,0.998456,-0.0039955466,0.03162381,0.045493346,-0.16192017,0.241815,-1.0056095,0.1376666,-4.495114,3.41892,-0.0051117516,0.06355629,0.09090192,29.889251708984375,4.580355644226074,-0.16118376,-1.54465,0.8401944,-0.10057284,-0.20968898,0.44871983,1.1159526,0.041746616,0.3917386,-0.031644598,1.0227723,0.38043967,0.32324746,1.7069999,0.5685415,0.4670055,-0.052422244,0.78217995,-1.0210118,-0.04029594,0.28383753,-1.0899514,0.080811866,1.09675,-1.1578646,0.09793465,0.6620889,-1.0443069,0.0,0.0,0.0,0.0,0.0,0.0,0.0,0.0,0.0,0.0,0.0,0.0,0.0,0.0,0.0,0.0,0.41746616,-1.0057284,4.670055,3.8043966,50.0,50.0,50.0,50.0,50.0,50.0,50.0,50.0,50.0,50.0,50.0,50.0,0.0,0.0,0.0,0.0,1.0,1.0,1.0,1.0,1.0,1.0,1.0,1.0,1.0,1.0,1.0,1.0,0.5,0.5,0.5,0.5
1788699162.5974019,240,3.3624380000674137,2.386657000101877,3.1919470000048022,1.998506,5.196629,872014,1,0,0.0,0.0,0.0,-0.06277275,0.5672722,-1.2507513,0.08314954,0.43847138,-1.243406,0.10892603,0.8865676,-1.2135653,-0.10362738,0.93873566,-1.0358179,-2.6782293,-1.5084568,-1.2657219,-3.6746023,0.15114543,1.6393466,0.3700283,0.0038755238,-1.7129815,-0.21635534,0.60070616,2.9841533,-0.53987736,1.0967733,-3.8677726,1.8198113,-1.449446,1.1587815,0.45343632,1.383562,0.2721211,9.573715,10.051989,-6.5556445,-6.5061684,8.392462,-2.0038009,7.5204377,3.603543,9.301594,-10.291125,-1.8966017,0.86583984,-1.0884844,2.0038009,1.4595586,0.9986656,-0.0049487744,0.033681408,0.038836025,-0.09906958,-0.0149137005,-0.73609763,-2.7760768,1.7154455,3.7780502,-0.0072849933,0.06770903,0.07748995,29.570528030395508,12.886523246765137,-0.25294375,-1.235387,0.48414925,-0.291399,-0.21344206,-0.0131038055,1.451695,0.2621479,0.44739938,-0.17289993,1.2758024,0.10535064,0.19445752,1.6158092,0.33475697,0.5862492,-0.053360514,0.6667241,-0.9370762,-0.06323594,0.36115327,-1.1789626,0.04861438,1.0739523,-1.2163107,0.111849844,0.626775,-0.98104936,0.0,0.0,0.0,0.0,0.0,0.0,0.0,0.0,0.0,0.0,0.0,0.0,0.0,0.0,0.0,0.0,2.621479,-2.91399,5.8624916,1.0535064,50.0,50.0,50.0,50.0,50.0,50.0,50.0,50.0,50.0,50.0,50.0,50.0,0.0,0.0,0.0,0.0,1.0,1.0,1.0,1.0,1.0,1.0,1.0,1.0,1.0,1.0,1.0,1.0,0.5,0.5,0.5,0.5
1788699162.6174319,241,3.395557999965604,2.350944999989224,3.2243620000826922,1.935852,5.16639,872034,1,0,0.0,0.0,0.0,-0.0725826,0.576961,-1.2382874,0.07476266,0.43138644,-1.2447962,0.10550468,0.9048552,-1.2400885,-0.09978217,0.91499805,-1.0205896,-2.7059937,-1.4773921,-1.2414696,-3.6453843,-0.92237467,0.6975943,1.0777327,-0.86811733,-0.38367686,-0.5156132,-0.62783486,0.98050755,-1.3830565,-0.07363495,-0.4573118,0.46708488,-1.449446,1.7556124,2.108285,1.9455129,1.9295859,3.8591719,14.603832,-6.308262,-3.240715,4.030278,-2.3006601,7.8420353,2.5129972,11.2559185,-14.669801,1.4698663,2.0285392,-2.2511837,1.7069415,-0.47002736,0.9987205,-0.00141803,0.034060817,0.037353884,0.5581985,0.031957928,0.34514564,0.46806642,-3.2369606,7.739257,-0.0002884941,0.06819325,0.0747588,29.59708595275879,11.997797012329102,-0.04237335,-0.63324285,0.8357332,-0.41804802,0.117608376,-1.0815018,0.8922219,-0.15603589,0.019633109,0.9989473,1.1144158,-0.17525144,-0.23047158,0.7799281,0.35248193,0.16112068,0.029402094,0.39962456,-1.0769445,-0.010593338,0.5116893,-1.0910666,-0.057617895,0.864982,-1.2118795,0.004908277,0.91973686,-1.021396,0.0,0.0,0.0,0.0,0.0,0.0,0.0,0.0,0.0,0.0,0.0,0.0,0.0,0.0,0.0,0.0,-1.5603589,-4.18048,1.6112068,-1.7525144,50.0,50.0,50.0,50.0,50.0,50.0,50.0,50.0,50.0,50.0,50.0,50.0,0.0,0.0,0.0,0.0,1.0,1.0,1.0,1.0,1.0,1.0,1.0,1.0,1.0,1.0,1.0,1.0,0.5,0.5,0.5,0.5
1788699162.6387231,242,4.2909579999559355,2.4095680000755237,4.129938000005495,0.439284,4.575238,872056,1,0,0.0,0.0,0.0,-0.09126389,0.55597866,-1.2299783,0.056777805,0.4339903,-1.2441169,0.10931964,0.9026752,-1.2520151,-0.106110156,0.9280477,-1.0155977,-2.729156,-1.4691565,-1.1955082,-3.623433,-0.43018317,-1.4223173,0.0040440247,-0.43018317,0.64721245,0.60862577,0.43018317,-1.879629,0.32756603,-0.17052305,0.54257333,-1.1970314,-1.1626571,-0.8758684,1.3176781,-0.44180974,6.5061684,-7.2977934,7.5864067,-3.1417618,3.5375743,7.776067,-9.301594,0.049476564,1.5172813,5.8382344,-0.9400547,1.2327911,-0.12369141,-1.4842969,0.12369141,-0.59371877,0.99838454,0.0034421175,0.033889174,0.045474946,0.05752427,-0.33768877,1.0056095,-0.021547815,-2.492364,12.0727625,0.009978156,0.06740683,0.09137056,29.818422317504883,6.391988754272461,0.10983752,-0.18165064,0.84075326,-0.19705032,0.34576517,-1.084615,0.23917007,-0.31129262,-0.2394772,1.6438462,1.108974,-0.114964545,-0.4641297,0.1948922,0.6643526,-0.1252355,0.08644129,0.39884627,-1.2402074,0.02745938,0.62458736,-1.0898117,-0.11603242,0.71872306,-1.1339118,-0.0598693,1.0809616,-1.0227565,0.0,0.0,0.0,0.0,0.0,0.0,0.0,0.0,0.0,0.0,0.0,0.0,0.0,0.0,0.0,0.0,-3.1129262,-1.9705032,-1.252355,-1.1496454,50.0,50.0,50.0,50.0,50.0,50.0,50.0,50.0,50.0,50.0,50.0,50.0,0.0,0.0,0.0,0.0,1.0,1.0,1.0,1.0,1.0,1.0,1.0,1.0,1.0,1.0,1.0,1.0,0.5,0.5,0.5,0.5
1788699162.657533,243,3.461092000065946,2.4020160000191026,3.261098000052698,1.695571,4.96326,872074,1,0,0.0,0.0,0.0,-0.09271717,0.554162,-1.2204685,0.053295888,0.43810806,-1.243406,0.11007658,0.8933497,-1.2468021,-0.103930175,0.9501503,-1.0345699,-2.7229793,-1.5005543,-1.1835487,-3.640994,0.62783486,-0.41468105,-0.69152826,0.065883905,1.2246655,-0.1455849,-0.44568524,-1.871878,0.5722295,-0.43405867,4.7397656,-0.59042764,0.5735775,-2.1276627,0.05813286,-1.4416949,8.658399,-7.693606,0.09483008,-1.4100821,8.584184,8.297632,-11.478563,-7.273055,4.788919,2.7459493,1.8058946,1.0905459,-1.8306329,0.024738282,-0.5442422,0.024738282,0.9981296,0.0048497217,0.032666203,0.051446345,-0.14274542,-0.079894826,0.576308,-1.13964,2.348712,8.836999,0.01307018,0.06475645,0.1034177,29.66791534423828,10.357072830200195,0.19112669,-0.60310763,1.1920345,-0.1900585,0.2128563,-0.7984828,0.18820128,-0.53515476,-0.14968483,1.3981848,0.880782,0.055907678,-0.4065825,0.15823248,0.74693733,-0.14010094,0.053214073,0.47037932,-1.2529496,0.047781672,0.5192231,-1.0019913,-0.101645626,0.7095581,-1.1132656,-0.037421208,1.0195463,-1.0798044,0.0,0.0,0.0,0.0,0.0,0.0,0.0,0.0,0.0,0.0,0.0,0.0,0.0,0.0,0.0,0.0,-5.3515477,-1.9005849,-1.4010094,0.5590768,50.0,50.0,50.0,50.0,50.0,50.0,50.0,50.0,50.0,50.0,50.0,50.0,0.0,0.0,0.0,0.0,1.0,1.0,1.0,1.0,1.0,1.0,1.0,1.0,1.0,1.0,1.0,1.0,0.5,0.5,0.5,0.5
1788699162.6776357,244,3.519939000057093,2.485981999939213,3.2912410000562886,1.634356,4.933309,872094,1,0,0.0,0.0,0.0,-0.081635594,0.5523757,-1.2364551,0.06389303,0.44598022,-1.2417631,0.11277127,0.8812387,-1.2335643,-0.09902519,0.96825624,-1.0460227,-2.7142594,-1.5557806,-1.1727093,-3.66346,0.7441006,-0.19765173,-0.8917075,1.1510305,0.2092783,0.325544,0.10076362,-0.32941952,0.23050943,-0.05038181,0.26353562,-0.76432073,-0.7208474,-3.3213239,0.77898026,-0.53094673,6.1845703,-3.8591719,-0.14224511,-2.0285392,3.4386213,12.280496,-11.23118,-8.559445,6.1165404,3.4633594,2.2264454,-0.7112256,-2.1027539,0.6926719,-1.0390079,0.47002736,0.99819547,-0.00013581336,0.030801157,0.051546816,-0.48363,-0.027696872,-0.41971415,1.1121067,2.3056161,8.087613,0.0029097795,0.061543994,0.103277914,29.765302658081055,7.65671443939209,0.006981957,-1.2134103,1.0413873,-0.19991179,-0.13263153,0.18431643,0.5826985,-0.3446183,0.07796974,0.5553233,1.0084531,0.25300527,0.05999213,1.1653922,0.7878572,0.29012135,-0.03315788,0.7160791,-1.1543254,0.0017454892,0.36664745,-1.0396531,0.014998033,0.96134806,-1.1030357,0.019492434,0.80883086,-1.0478866,0.0,0.0,0.0,0.0,0.0,0.0,0.0,0.0,0.0,0.0,0.0,0.0,0.0,0.0,0.0,0.0,-3.446183,-1.9991179,2.9012134,2.5300527,50.0,50.0,50.0,50.0,50.0,50.0,50.0,50.0,50.0,50.0,50.0,50.0,0.0,0.0,0.0,0.0,1.0,1.0,1.0,1.0,1.0,1.0,1.0,1.0,1.0,1.0,1.0,1.0,0.5,0.5,0.5,0.5
1788699162.69863,245,4.189105000023119,2.2545320000517677,4.021524999984649,0.110845,4.138225,872116,1,0,0.0,0.0,0.0,-0.072491765,0.56796855,-1.2386192,0.07470211,0.43798694,-1.2408627,0.116707355,0.8913817,-1.2327428,-0.10765427,0.9477584,-1.0602874,-2.7375731,-1.5988352,-1.161113,-3.6547704,0.3100419,1.968766,1.4295628,0.30616638,-1.4029397,0.060660373,0.2092783,0.4185566,-0.30127984,-0.20540276,-2.7128668,-0.325544,-1.0386404,-1.6548486,1.6470976,1.5385829,1.6079884,6.308262,2.6552422,-4.1560316,-2.4985664,10.383894,-5.269254,3.3644063,7.2545013,6.827766,-4.74975,0.7112256,-1.1132227,-0.22264454,0.5442422,0.47002736,0.99853855,-0.0028449192,0.031686835,0.04368734,0.149137,0.38669094,-0.9651295,-0.5710171,-0.4249708,9.818622,-0.0029187961,0.06357244,0.087353975,29.836132049560547,5.981808185577393,-0.16237636,-1.5793648,0.62711716,-0.19733468,-0.26230013,0.026984036,1.6210691,0.045270406,0.33670616,-0.027949512,1.0231137,0.26800585,0.20686895,1.71301,0.42057702,0.5122176,-0.06557503,0.676746,-0.8947327,-0.04059409,0.27515882,-1.1432207,0.051717237,1.0982525,-1.1948557,0.08417654,0.6630126,-1.0442215,0.0,0.0,0.0,0.0,0.0,0.0,0.0,0.0,0.0,0.0,0.0,0.0,0.0,0.0,0.0,0.0,0.45270407,-1.9733467,5.1221757,2.6800585,50.0,50.0,50.0,50.0,50.0,50.0,50.0,50.0,50.0,50.0,50.0,50.0,0.0,0.0,0.0,0.0,1.0,1.0,1.0,1.0,1.0,1.0,1.0,1.0,1.0,1.0,1.0,1.0,0.5,0.5,0.5,0.5
1788699162.7224052,246,7.235487999992074,2.365376999932778,7.053604000020641,0.471124,7.530744,872136,1,0,0.0,0.0,0.0,-0.07733619,0.56899804,-1.2290937,0.07158352,0.42869174,-1.2421265,0.1100463,0.8953178,-1.2423,-0.10931963,0.92420244,-1.0521046,-2.7732704,-1.5984113,-1.1555116,-3.6264305,-0.70534533,0.10851467,1.8926036,-1.0076362,-0.51544464,-0.35587418,0.35267267,0.92625016,-1.3769904,0.096888095,-1.4223173,0.28308174,-2.677987,0.8332376,0.70534533,1.88738,1.4100821,5.6403284,15.646963,-4.74975,-7.545176,5.3104844,-3.4633594,9.771622,4.0776935,10.117957,-12.171235,0.14224511,1.58325,-1.4100821,2.1522305,0.2721211,0.9987183,-0.0006418687,0.03308524,0.03830038,0.55926377,0.16192017,-0.20453075,2.5605986,0.0023942017,10.554838,0.0012550098,0.066183135,0.07670306,29.561674118041992,12.886523246765137,-0.084188774,-1.0085331,0.59278256,-0.40847313,-0.09422485,-0.64802986,1.4021121,-0.027691722,0.16440453,0.51526433,1.1405967,-0.038566053,-0.04763961,1.2899967,0.25522006,0.33393,-0.023556212,0.50799257,-0.94947195,-0.021047194,0.41786674,-1.1518043,-0.011909902,0.99249923,-1.236195,0.04110113,0.7988161,-1.0148507,0.0,0.0,0.0,0.0,0.0,0.0,0.0,0.0,0.0,0.0,0.0,0.0,0.0,0.0,0.0,0.0,-0.27691722,-4.084731,3.3393,-0.38566053,50.0,50.0,50.0,50.0,50.0,50.0,50.0,50.0,50.0,50.0,50.0,50.0,0.0,0.0,0.0,0.0,1.0,1.0,1.0,1.0,1.0,1.0,1.0,1.0,1.0,1.0,1.0,1.0,0.5,0.5,0.5,0.5
1788699162.7437263,247,8.093641000073148,2.3581449999028337,7.942349000018112,1.027429,8.973778,872156,1,0,0.0,0.0,0.0,-0.08981049,0.5667272,-1.2087471,0.060895547,0.41706517,-1.2396622,0.11398238,0.90612686,-1.2607193,-0.107563436,0.9169964,-1.048408,-2.8135092,-1.5771868,-1.133288,-3.594609,-0.21315381,-1.1781592,0.32958803,-0.60070616,0.038755238,0.28510374,0.21702933,0.4379342,-0.77038676,0.20540276,1.3951886,0.036396224,-1.36806,1.0347649,1.6936039,2.03465,3.4633594,-1.0884844,13.608116,-3.8096955,-0.5442422,4.2199388,-6.679336,4.477629,2.0388467,7.7183437,-7.5946527,1.3276211,0.64319533,-2.4243517,0.791625,-0.86583984,0.9985886,0.0016878236,0.03277838,0.041755583,0.19174758,-0.10333064,0.77231663,-0.10295067,0.6344634,11.541249,0.0061213556,0.06536982,0.08378066,29.800716400146484,6.118535041809082,0.09244924,-0.41030502,0.96589804,-0.39768654,0.32556802,-1.3345636,0.72775275,-0.31940058,-0.20381379,1.4350517,1.04031,-0.06868785,-0.42772478,0.4147613,0.37015262,-0.09417397,0.081392005,0.3363591,-1.1180618,0.02311231,0.56742376,-1.0585254,-0.106931195,0.77369034,-1.2074618,-0.050953448,1.0287629,-1.0399225,0.0,0.0,0.0,0.0,0.0,0.0,0.0,0.0,0.0,0.0,0.0,0.0,0.0,0.0,0.0,0.0,-3.1940057,-3.9768653,-0.9417397,-0.6868785,50.0,50.0,50.0,50.0,50.0,50.0,50.0,50.0,50.0,50.0,50.0,50.0,0.0,0.0,0.0,0.0,1.0,1.0,1.0,1.0,1.0,1.0,1.0,1.0,1.0,1.0,1.0,1.0,0.5,0.5,0.5,0.5
1788699162.7625294,248,7.943852000039442,2.440895000063392,7.800335999945673,1.576982,9.382022,872174,1,0,0.0,0.0,0.0,-0.096592665,0.5523151,-1.1911651,0.050540633,0.41818544,-1.2362026,0.12321703,0.9128182,-1.2649055,-0.09981245,0.9194186,-1.0445378,-2.8274672,-1.580699,-1.1150609,-3.5749588,-0.7092209,-0.17052305,1.5185313,-0.902997,-0.046506286,0.060660373,0.23253144,0.41468105,-0.17793709,0.54257333,-0.38367686,-0.20826729,-0.019377619,-1.2246655,0.92625016,0.10851467,4.5023675,-2.0285392,11.18995,-2.7459493,0.0,4.2673535,-7.2977934,3.7107422,1.8017715,6.7782893,-5.961926,1.8966017,-0.074214846,-1.3606055,1.1874375,-0.24738282,0.9982849,0.0033211464,0.03082276,0.0496616,0.21305287,-0.33768877,0.8958873,-0.7457938,-0.7146692,7.643489,0.009710676,0.06124821,0.09970938,29.818422317504883,6.323625564575195,0.07860133,-0.4316533,0.794655,-0.30655903,0.22729887,-0.8643575,0.44946107,-0.28433147,-0.20179355,1.3716772,1.1383533,-0.109079376,-0.37056762,0.4357044,0.62876964,-0.055369582,0.056824718,0.45391065,-1.1876347,0.019650333,0.5620867,-1.1013362,-0.092641905,0.77892613,-1.1428075,-0.050448388,1.0129193,-1.0154116,0.0,0.0,0.0,0.0,0.0,0.0,0.0,0.0,0.0,0.0,0.0,0.0,0.0,0.0,0.0,0.0,-2.8433146,-3.0655904,-0.5536958,-1.0907937,50.0,50.0,50.0,50.0,50.0,50.0,50.0,50.0,50.0,50.0,50.0,50.0,0.0,0.0,0.0,0.0,1.0,1.0,1.0,1.0,1.0,1.0,1.0,1.0,1.0,1.0,1.0,1.0,0.5,0.5,0.5,0.5
1788699162.7792478,249,4.504423999946994,2.444607000029464,4.376651000029597,1.946252,6.327639,872194,1,0,0.0,0.0,0.0,-0.09053719,0.5365708,-1.1847042,0.05181229,0.43174976,-1.2237388,0.12149121,0.8897164,-1.2600716,-0.10114461,0.9539955,-1.057128,-2.8185353,-1.6232389,-1.1104587,-3.5845265,0.11626572,0.8991215,0.67130816,-0.09301257,0.3410461,-0.046506286,0.6239593,-0.36429924,0.6773742,0.6704656,0.86424184,-1.2394936,1.0735201,-3.5422287,0.5929552,-1.3603089,7.619391,-5.442422,0.0,-1.5585117,6.3577385,6.4958606,-11.775422,-5.269254,5.1208243,2.0038009,2.1274922,2.2285068,-1.9048477,0.074214846,-0.64319533,0.14842969,0.99799234,0.0017516437,0.028079018,0.05674434,-0.2716424,-0.43782362,0.23009709,-0.6943185,3.2154129,9.508572,0.0066934,0.055875566,0.11378174,29.765302658081055,7.143988132476807,0.050132677,-0.81292784,0.7822695,-0.32271025,-0.040498372,-0.42550224,0.48614213,-0.21669604,-0.025385212,0.9511205,1.049917,-0.08170818,-0.1315176,0.80129427,0.7005388,0.20913494,-0.010124593,0.56362444,-1.1784644,0.012533169,0.46676806,-1.1044326,-0.0328794,0.8703236,-1.1248653,-0.006346303,0.9077802,-1.0375206,0.0,0.0,0.0,0.0,0.0,0.0,0.0,0.0,0.0,0.0,0.0,0.0,0.0,0.0,0.0,0.0,-2.1669605,-3.2271025,2.0913494,-0.8170818,50.0,50.0,50.0,50.0,50.0,50.0,50.0,50.0,50.0,50.0,50.0,50.0,0.0,0.0,0.0,0.0,1.0,1.0,1.0,1.0,1.0,1.0,1.0,1.0,1.0,1.0,1.0,1.0,0.5,0.5,0.5,0.5
1788699162.7999723,250,5.345873000010215,2.3516489999337864,5.216310000037083,1.047365,6.268154,872214,1,0,0.0,0.0,0.0,-0.09102166,0.54250515,-1.1882111,0.053477556,0.43959165,-1.2259188,0.12457952,0.8874456,-1.2525207,-0.09790498,0.95790136,-1.0619776,-2.813812,-1.6854593,-1.0958649,-3.6079009,-0.27128667,1.4339437,-0.101100616,0.25190905,-0.68596774,-0.11121068,0.33329505,0.77510476,-0.010110063,0.30229086,-2.0036457,0.30532387,-0.24803352,-3.3135731,0.8836195,-1.6199689,4.378676,-0.22264454,0.42673537,-2.44909,2.0780158,6.4010305,-8.435754,-1.6079884,6.638106,4.6013203,-0.51950395,1.0905459,-0.9400547,0.12369141,0.51950395,0.32159767,0.99804646,9.2959766e-05,0.0266761,0.05649509,-0.1225054,-0.025566343,-0.3675162,1.2437878,0.10295067,6.3781533,0.0032042428,0.05326265,0.11317602,29.915813446044922,3.8625388145446777,-0.13184965,-1.2127783,0.8751787,-0.4681403,-0.18561338,0.047193877,1.0165081,0.093154915,0.22687611,0.32655635,1.1702718,0.00802809,0.1838579,1.4580116,0.53686136,0.5572419,-0.046403345,0.68179846,-1.0458729,-0.03296241,0.36680543,-1.0812052,0.045964476,1.034503,-1.1657846,0.056719027,0.7516391,-1.007432,0.0,0.0,0.0,0.0,0.0,0.0,0.0,0.0,0.0,0.0,0.0,0.0,0.0,0.0,0.0,0.0,0.93154913,-4.681403,5.572419,0.0802809,50.0,50.0,50.0,50.0,50.0,50.0,50.0,50.0,50.0,50.0,50.0,50.0,0.0,0.0,0.0,0.0,1.0,1.0,1.0,1.0,1.0,1.0,1.0,1.0,1.0,1.0,1.0,1.0,0.5,0.5,0.5,0.5
1788699162.825815,251,11.160247000020718,2.6487610000458517,11.02053900001465,1.247582,12.273689,872232,1,0,0.0,0.0,0.0,-0.08981049,0.549136,-1.1914021,0.055566706,0.4435883,-1.2260609,0.11922039,0.88514453,-1.2531841,-0.10156852,0.94657755,-1.055027,-2.8187776,-1.7266366,-1.087145,-3.6300035,-0.08913705,-0.1782741,-0.33363205,-0.1782741,0.44180974,0.022242136,-0.023253143,-0.39530346,-0.030330187,-0.4650629,-1.7052305,0.3073459,-0.5580754,-1.8912556,0.5541999,0.1472699,2.3996134,0.9895313,7.064841,-4.3291993,0.74214846,7.301916,-3.7849572,-0.34633595,4.694089,5.368207,-8.237848,2.2285068,-0.74214846,-0.74214846,2.3253984,-0.14842969,0.9982492,0.0007055436,0.027141714,0.0525511,0.08096009,0.1225054,-0.4804342,0.23343466,-0.29209262,9.323022,0.0042675356,0.05414068,0.105305,29.853837966918945,6.152716636657715,-0.12184744,-1.186647,0.74010503,-0.47353616,-0.1401737,-0.13096552,1.2611881,0.1371263,0.19412322,0.39911503,1.1923513,0.021453012,0.08861089,1.3292485,0.43900615,0.46774217,-0.035043426,0.63725865,-0.98470294,-0.03046186,0.37333825,-1.1149737,0.022152722,1.0023122,-1.1902484,0.048530806,0.7697788,-1.0019121,0.0,0.0,0.0,0.0,0.0,0.0,0.0,0.0,0.0,0.0,0.0,0.0,0.0,0.0,0.0,0.0,1.371263,-4.7353616,4.6774216,0.21453011,50.0,50.0,50.0,50.0,50.0,50.0,50.0,50.0,50.0,50.0,50.0,50.0,0.0,0.0,0.0,0.0,1.0,1.0,1.0,1.0,1.0,1.0,1.0,1.0,1.0,1.0,1.0,1.0,0.5,0.5,0.5,0.5
1788699162.8421426,252,4.907197000079577,2.725366999925427,4.7224990000813705,1.023652,5.752743,872254,1,0,0.0,0.0,0.0,-0.09750104,0.5552823,-1.1867735,0.051025078,0.43614003,-1.2260451,0.12003788,0.8989208,-1.2659323,-0.10193187,0.9217802,-1.0426264,-2.8267102,-1.7546434,-1.0608035,-3.6195273,-0.21315381,0.19377619,-0.042462263,-0.096888095,0.07363495,-0.064704396,-0.09301257,0.21315381,-0.5216792,-0.015502095,-0.7169719,0.647044,-0.67434114,-0.7983579,1.5153297,0.4224321,2.9438555,6.3577385,7.2545013,-4.304461,-3.7107422,7.5864067,-3.7107422,6.9761953,5.4527297,8.336801,-8.237848,1.3276211,0.7668867,-1.8306329,1.9048477,-0.17316797,0.99833775,0.0024811185,0.02898341,0.049755692,0.21944445,0.08841694,0.045806367,0.8583213,-1.9883845,9.509769,0.007851294,0.057655502,0.099821076,29.774154663085938,7.34907865524292,-0.07318378,-0.844653,0.8050201,-0.44509596,0.0453323,-0.5531787,0.9447722,-0.1268243,0.044827744,0.84203625,1.1688118,-0.03634985,-0.121430345,0.9801602,0.41479093,0.18242502,0.011333075,0.5317053,-1.0638069,-0.018295946,0.45883676,-1.0987449,-0.030357586,0.9150401,-1.1963022,0.011206936,0.8805091,-1.007797,0.0,0.0,0.0,0.0,0.0,0.0,0.0,0.0,0.0,0.0,0.0,0.0,0.0,0.0,0.0,0.0,-1.2682431,-4.4509597,1.8242502,-0.3634985,50.0,50.0,50.0,50.0,50.0,50.0,50.0,50.0,50.0,50.0,50.0,50.0,0.0,0.0,0.0,0.0,1.0,1.0,1.0,1.0,1.0,1.0,1.0,1.0,1.0,1.0,1.0,1.0,0.5,0.5,0.5,0.5
1788699162.862426,253,4.798880000066674,2.682231999983742,4.629412999975102,1.97358,6.608592,872274,1,0,0.0,0.0,0.0,-0.10373819,0.5566448,-1.1791121,0.044030964,0.43498948,-1.2265033,0.118887335,0.8993447,-1.2686809,-0.101780474,0.9178139,-1.0398145,-2.8378825,-1.7708721,-1.0362484,-3.6185281,0.023253143,0.019377619,0.66322005,-0.35267267,0.49606705,0.018198112,-0.19377619,-0.5541999,-0.076836474,-0.05813286,-0.20540276,0.02426415,-0.4921915,-0.97663206,0.9495033,0.06200838,5.8629727,4.230246,9.625254,-2.9438555,0.049476564,5.879465,-7.446223,1.58325,4.030278,6.0856175,-7.5946527,1.8966017,-0.024738282,-1.7069415,1.8306329,-0.12369141,0.99817306,0.004464247,0.028977044,0.052829716,0.22050971,-0.09374326,0.46445525,-0.5686229,-0.48482585,9.222465,0.011993925,0.057408046,0.10609852,29.836132049560547,5.229809284210205,0.03302142,-0.6661483,0.8137038,-0.3009162,0.16987105,-0.8838044,0.76001847,-0.35413948,-0.15392692,1.150957,1.134585,-0.0368666,-0.29156637,0.57613003,0.51109046,-0.05406298,0.04246776,0.44904894,-1.1099954,0.008255355,0.5034629,-1.0965741,-0.07289159,0.81403255,-1.1722274,-0.03848173,0.95773923,-1.0163537,0.0,0.0,0.0,0.0,0.0,0.0,0.0,0.0,0.0,0.0,0.0,0.0,0.0,0.0,0.0,0.0,-3.5413947,-3.009162,-0.5406298,-0.36866602,50.0,50.0,50.0,50.0,50.0,50.0,50.0,50.0,50.0,50.0,50.0,50.0,0.0,0.0,0.0,0.0,1.0,1.0,1.0,1.0,1.0,1.0,1.0,1.0,1.0,1.0,1.0,1.0,0.5,0.5,0.5,0.5
1788699162.883115,254,7.9287170000270635,2.4704310000061014,7.77752099997997,1.124706,8.906547,872292,1,0,0.0,0.0,0.0,-0.10304177,0.54589623,-1.177248,0.040851824,0.44322497,-1.225982,0.118493736,0.8956205,-1.2689652,-0.099206865,0.9249291,-1.0407623,-2.8426967,-1.7913398,-1.0256513,-3.6217074,-0.05813286,0.24415801,0.32756603,-0.08526152,0.15502095,0.044484273,0.12014124,0.096888095,-0.028308174,0.3914279,0.13176781,-0.028308174,0.1782741,-1.767239,0.732474,-0.5929552,5.9866643,-0.9400547,5.594975,-3.0428088,0.64319533,6.638106,-7.8667736,0.9895313,3.508713,5.3434687,-2.4243517,1.6595265,-0.6926719,-1.1626992,0.5442422,0.12369141,0.99798226,0.0048817494,0.027838154,0.056855906,-0.0042610574,-0.13209277,0.3675162,0.6476316,0.7254431,8.889671,0.012929263,0.055036634,0.11417457,29.889251708984375,4.443628787994385,0.02330876,-0.7279932,0.8577635,-0.22385842,0.05160193,-0.61180073,0.6672323,-0.35483155,-0.09874357,1.0401593,1.1458622,-0.06382999,-0.2020996,0.7378027,0.6406436,0.043511886,0.012900483,0.51704985,-1.1331918,0.00582719,0.4880017,-1.0855591,-0.0505249,0.8544507,-1.139839,-0.024685893,0.9300399,-1.0135344,0.0,0.0,0.0,0.0,0.0,0.0,0.0,0.0,0.0,0.0,0.0,0.0,0.0,0.0,0.0,0.0,-3.5483155,-2.238584,0.43511885,-0.6382999,50.0,50.0,50.0,50.0,50.0,50.0,50.0,50.0,50.0,50.0,50.0,50.0,0.0,0.0,0.0,0.0,1.0,1.0,1.0,1.0,1.0,1.0,1.0,1.0,1.0,1.0,1.0,1.0,0.5,0.5,0.5,0.5
1788699162.90042,255,5.415984000023855,2.58607499995378,5.272083000022576,0.101566,5.378385,872314,1,0,0.0,0.0,0.0,-0.100619555,0.5383874,-1.1755261,0.043152917,0.45388263,-1.2257134,0.119977325,0.881269,-1.2670854,-0.098450005,0.93997705,-1.0420419,-2.8477833,-1.8304584,-1.023865,-3.6348782,0.24803352,-0.06975943,-0.052572325,0.14339438,0.26353562,0.04044025,-0.077510476,0.08526152,0.032352198,0.05038181,0.0077510476,-0.050550308,-0.065883905,-2.0579033,0.26353562,-0.81773555,7.174102,-4.675535,2.4655821,-2.0285392,2.2264454,6.827766,-10.019004,-1.4842969,4.883749,3.1417618,0.86583984,1.4224513,-1.7316797,-0.22264454,-0.34633595,0.24738282,0.9978743,0.004410684,0.027277755,0.059018705,-0.064981125,-0.025566343,-0.062850595,-0.32561144,0.81283146,8.431181,0.012040219,0.053945076,0.11847603,29.853837966918945,5.161445617675781,-0.040555365,-0.9888888,0.9600799,-0.24901026,-0.07250514,-0.32428285,0.9236649,-0.25396156,0.024601668,0.7202272,1.1197363,0.048032355,-0.047112085,1.0429469,0.56800824,0.20397599,-0.018126285,0.5889293,-1.0690837,-0.010138841,0.42277783,-1.0599799,-0.011778021,0.9307368,-1.1579978,0.006150417,0.8500568,-1.0200659,0.0,0.0,0.0,0.0,0.0,0.0,0.0,0.0,0.0,0.0,0.0,0.0,0.0,0.0,0.0,0.0,-2.5396156,-2.4901028,2.0397599,0.48032355,50.0,50.0,50.0,50.0,50.0,50.0,50.0,50.0,50.0,50.0,50.0,50.0,0.0,0.0,0.0,0.0,1.0,1.0,1.0,1.0,1.0,1.0,1.0,1.0,1.0,1.0,1.0,1.0,0.5,0.5,0.5,0.5
1788699162.9196677,256,4.644067999947765,2.569851999965067,4.504263999933755,0.084798,4.605317,872334,1,0,0.0,0.0,0.0,-0.100256324,0.5489543,-1.1810709,0.04569623,0.45373127,-1.2252079,0.12106733,0.8862951,-1.2658849,-0.09799582,0.9325591,-1.0416154,-2.854505,-1.8576778,-1.0174159,-3.6470497,-0.08913705,1.6587242,0.14962892,0.09301257,-0.96888095,0.101100616,0.15114543,1.6044669,-0.050550308,0.05038181,-1.6819774,-0.07279245,-0.6200838,-1.3564334,0.3565482,0.14339438,4.2797227,0.4205508,5.3104844,-3.0675468,-0.56898046,8.4398775,-7.124625,0.6926719,5.64239,5.442422,-2.3501368,1.2802061,-0.89057815,-0.47002736,0.6926719,0.024738282,0.99799424,0.0046343864,0.027552593,0.056806196,-0.009587379,-0.010652643,-0.36005935,0.44651863,0.5722142,8.423999,0.012399221,0.054495104,0.11405597,29.898103713989258,4.204356670379639,-0.15388814,-1.139473,0.7948949,-0.26450482,-0.16716738,-0.13917461,1.267751,0.055902824,0.16777618,0.28620118,1.2499992,0.07928227,0.09805365,1.3664289,0.39261797,0.4240956,-0.041791845,0.63520634,-0.9830622,-0.038472034,0.38513178,-1.1012763,0.024513412,1.0116072,-1.2018454,0.041944046,0.7415503,-0.9875002,0.0,0.0,0.0,0.0,0.0,0.0,0.0,0.0,0.0,0.0,0.0,0.0,0.0,0.0,0.0,0.0,0.55902827,-2.6450481,4.240956,0.7928227,50.0,50.0,50.0,50.0,50.0,50.0,50.0,50.0,50.0,50.0,50.0,50.0,0.0,0.0,0.0,0.0,1.0,1.0,1.0,1.0,1.0,1.0,1.0,1.0,1.0,1.0,1.0,1.0,0.5,0.5,0.5,0.5
1788699162.9398263,257,4.512999999974454,2.5703950000206532,4.379627999924196,1.102018,5.485774,872354,1,0,0.0,0.0,0.0,-0.100589275,0.5595817,-1.1789225,0.046877056,0.4519146,-1.2231227,0.12127927,0.89235055,-1.2680964,-0.09838945,0.91908556,-1.0400356,-2.8729744,-1.8743608,-1.0121173,-3.6412666,-0.15502095,0.7867313,0.5985157,-0.23253144,-0.4728139,-0.21837734,0.38367686,1.139404,-0.3862044,0.43018317,-1.36806,0.13951886,-0.7518516,-0.4185566,0.39917895,0.3100419,3.1912384,3.1417618,9.483008,-4.2797227,-2.9438555,6.5906906,-5.4176836,5.021871,3.8406184,6.8772426,-8.06468,2.5129972,0.47002736,-1.0884844,1.8306329,0.24738282,0.9981403,0.004911104,0.027647411,0.05410507,-0.059654802,-0.08841694,-0.20559601,0.48961425,0.33758244,9.299079,0.012815183,0.054687813,0.10865625,29.800716400146484,6.733806610107422,-0.15894327,-0.97269994,0.7395177,-0.3490196,-0.12525429,-0.3271882,1.241691,0.064339325,0.16642353,0.37387222,1.293387,-0.03934519,0.041556984,1.2563715,0.28761953,0.33379617,-0.031313572,0.58820295,-0.9895772,-0.039735816,0.42682505,-1.1151205,0.010389246,0.9840929,-1.228095,0.041605882,0.7634681,-0.9766532,0.0,0.0,0.0,0.0,0.0,0.0,0.0,0.0,0.0,0.0,0.0,0.0,0.0,0.0,0.0,0.0,0.6433933,-3.4901958,3.3379617,-0.3934519,50.0,50.0,50.0,50.0,50.0,50.0,50.0,50.0,50.0,50.0,50.0,50.0,0.0,0.0,0.0,0.0,1.0,1.0,1.0,1.0,1.0,1.0,1.0,1.0,1.0,1.0,1.0,1.0,0.5,0.5,0.5,0.5
1788699162.9624054,258,6.74135600002046,2.5276769999891258,6.58113700001195,1.149793,7.73669,872374,1,0,0.0,0.0,0.0,-0.10358679,0.56100476,-1.1752576,0.04312264,0.45082462,-1.2229016,0.12321703,0.89879966,-1.2777799,-0.09563416,0.9107592,-1.027477,-2.8824208,-1.8761169,-1.003791,-3.635423,-0.19377619,-0.47668946,0.026286162,-0.41080552,0.51544464,-0.0485283,-0.10851467,-0.15114543,-0.5479654,0.16664752,-0.28678876,0.645022,-0.2751622,-0.12401676,0.38755238,0.27128667,3.9828634,1.9295859,9.625254,-3.958125,-1.9295859,5.689805,-5.7392817,4.675535,3.0819776,7.0009336,-7.4214845,2.2759218,0.4205508,-1.58325,1.4100821,-0.24738282,0.99808687,0.006252394,0.027794182,0.054871872,0.23435815,-0.0074568503,0.2801645,0.12210429,-0.21068975,10.286688,0.0155551,0.054823313,0.110270016,29.84498405456543,5.537445068359375,-0.049497504,-0.6303536,0.791616,-0.35301912,0.060285535,-0.7698434,0.96237,-0.12649393,-0.045436196,0.9889881,1.1709763,-0.06472671,-0.19738421,0.81586784,0.4344519,0.09684229,0.015071384,0.47753918,-1.0594075,-0.012374376,0.5124116,-1.102096,-0.049346052,0.873967,-1.1913869,-0.011359049,0.91724706,-1.0072559,0.0,0.0,0.0,0.0,0.0,0.0,0.0,0.0,0.0,0.0,0.0,0.0,0.0,0.0,0.0,0.0,-1.2649393,-3.5301912,0.9684229,-0.6472671,50.0,50.0,50.0,50.0,50.0,50.0,50.0,50.0,50.0,50.0,50.0,50.0,0.0,0.0,0.0,0.0,1.0,1.0,1.0,1.0,1.0,1.0,1.0,1.0,1.0,1.0,1.0,1.0,0.5,0.5,0.5,0.5
1788699162.9812894,259,6.287096000050951,2.894290999961413,6.131388999961018,0.106685,6.243194,872392,1,0,0.0,0.0,0.0,-0.10767424,0.56182224,-1.1709608,0.037672684,0.4503099,-1.2227435,0.12518507,0.9010402,-1.2808288,-0.092606366,0.90530926,-1.022343,-2.8804832,-1.8844734,-0.99352694,-3.6354532,-0.3410461,0.054257333,0.47517294,-0.2596601,-0.038755238,-0.014154087,0.24028248,0.16664752,-0.036396224,0.33329505,-0.36817476,0.23253144,0.22090487,-0.77510476,0.59683067,-0.1472699,4.2797227,1.4100821,9.008858,-3.7849572,-1.1626992,5.689805,-6.234047,4.230246,2.7974875,6.679336,-7.0751486,2.1336768,0.2721211,-1.3853438,1.3606055,-0.17316797,0.9978764,0.0078254705,0.027795432,0.058386907,0.121440135,0.0074568503,0.48789105,-0.20350714,-0.059855044,9.045294,0.018892743,0.05458611,0.117404856,29.853837966918945,5.605808734893799,0.0068177683,-0.6395081,0.81226695,-0.23781039,0.092245385,-0.78635854,0.85940313,-0.19560939,-0.11694804,1.0999923,1.1685959,-0.015554277,-0.23686117,0.6855749,0.48386946,0.05813209,0.023061346,0.47341037,-1.0851492,0.0017044421,0.510123,-1.0969332,-0.059215292,0.8413937,-1.1790326,-0.02923701,0.9449981,-1.007851,0.0,0.0,0.0,0.0,0.0,0.0,0.0,0.0,0.0,0.0,0.0,0.0,0.0,0.0,0.0,0.0,-1.9560939,-2.378104,0.5813209,-0.15554278,50.0,50.0,50.0,50.0,50.0,50.0,50.0,50.0,50.0,50.0,50.0,50.0,0.0,0.0,0.0,0.0,1.0,1.0,1.0,1.0,1.0,1.0,1.0,1.0,1.0,1.0,1.0,1.0,0.5,0.5,0.5,0.5
1788699163.0027363,260,6.186490999994021,2.8463559999636345,6.044094999992922,0.770508,6.820043,872414,1,0,0.0,0.0,0.0,-0.10700822,0.5485001,-1.1694916,0.037279077,0.4627237,-1.2223328,0.12533645,0.88886863,-1.2765794,-0.0905475,0.91854054,-1.0262765,-2.8796656,-1.9092405,-0.98847055,-3.6430228,0.12014124,0.13951886,0.2628616,0.25578457,0.38755238,0.030330187,0.038755238,-0.15114543,0.044484273,0.22090487,0.4573118,-0.21433333,0.081386,-2.03465,0.40693003,-1.0037607,6.753551,-3.9828634,4.0776935,-2.0285392,2.0780158,6.4958606,-9.623192,-2.1522305,5.0259943,3.1170235,0.47002736,1.1379609,-0.9400547,-0.24738282,0.17316797,0.32159767,0.9976051,0.007792525,0.02713191,0.06314394,-0.063915856,-0.16298544,0.24074973,0.19153613,0.7206547,7.144298,0.01900216,0.053174816,0.12692775,29.871545791625977,4.922173500061035,0.011299689,-0.79742754,0.8276526,-0.20274988,-0.007402228,-0.5371742,0.72651666,-0.2247835,-0.05346576,0.9466106,1.16427,0.028731503,-0.14014336,0.76062036,0.6202034,0.10947347,-0.001850557,0.53570646,-1.1183708,0.0028249223,0.47064313,-1.0930868,-0.03503584,0.8601551,-1.1449491,-0.01336644,0.9066527,-1.0089325,0.0,0.0,0.0,0.0,0.0,0.0,0.0,0.0,0.0,0.0,0.0,0.0,0.0,0.0,0.0,0.0,-2.247835,-2.0274987,1.0947347,0.287315,50.0,50.0,50.0,50.0,50.0,50.0,50.0,50.0,50.0,50.0,50.0,50.0,0.0,0.0,0.0,0.0,1.0,1.0,1.0,1.0,1.0,1.0,1.0,1.0,1.0,1.0,1.0,1.0,0.5,0.5,0.5,0.5
1788699163.0197387,261,4.819522000047982,2.78299900003276,4.68048599998383,0.098941,4.784898,872432,1,0,0.0,0.0,0.0,-0.10670543,0.55013514,-1.168923,0.038036015,0.47044447,-1.2223171,0.12657782,0.8878695,-1.2765952,-0.08948785,0.9309846,-1.0268768,-2.8788178,-1.9368536,-0.9852611,-3.654619,0.12401676,0.011626571,0.022242136,0.14339438,0.58520406,0.0040440247,-0.13176781,-0.027128667,-0.018198112,-0.081386,0.33717057,-0.020220125,-0.06200838,-1.7246081,0.07363495,-0.68984324,6.6545978,-4.0076017,4.409599,-2.1274922,1.5090352,6.4958606,-9.524239,-2.3996134,5.0259943,3.2901914,0.32159767,1.1379609,-0.9400547,-0.24738282,0.24738282,0.22264454,0.9975822,0.0076565314,0.026254443,0.06388998,-0.038349517,-0.063915856,-0.09587379,-0.1592144,1.3946224,9.582792,0.018656574,0.051426243,0.12839481,29.88039779663086,4.922173500061035,-0.039810944,-1.0205557,0.9314611,-0.2068509,-0.067860335,-0.30989847,0.9341314,-0.12939067,0.039251417,0.6602833,1.1739373,0.15792374,-0.017302787,1.0465025,0.56479657,0.2365616,-0.016965084,0.5925254,-1.066467,-0.009952736,0.41486108,-1.0671346,-0.0043256967,0.9316256,-1.1588008,0.009812854,0.83507085,-1.0065156,0.0,0.0,0.0,0.0,0.0,0.0,0.0,0.0,0.0,0.0,0.0,0.0,0.0,0.0,0.0,0.0,-1.2939067,-2.068509,2.3656158,1.5792375,50.0,50.0,50.0,50.0,50.0,50.0,50.0,50.0,50.0,50.0,50.0,50.0,0.0,0.0,0.0,0.0,1.0,1.0,1.0,1.0,1.0,1.0,1.0,1.0,1.0,1.0,1.0,1.0,0.5,0.5,0.5,0.5
1788699163.0462718,262,7.390238999960275,2.7502960000447274,7.248290999996243,0.724173,7.978544,872454,1,0,0.0,0.0,0.0,-0.10504007,0.55933946,-1.1732671,0.041578487,0.47074723,-1.2219537,0.12606311,0.88941365,-1.2753631,-0.09133476,0.92665493,-1.026782,-2.8819063,-1.9620445,-0.9816278,-3.6620672,0.10851467,0.9146236,0.018198112,0.13176781,-0.8254866,0.1273868,0.038755238,0.4573118,0.0,-0.13176781,-0.52707124,-0.012132075,-0.162772,-0.7828558,0.30616638,0.2596601,4.4034142,0.7668867,5.2630696,-2.9438555,-2.0780158,7.965727,-6.827766,1.4100821,6.02171,5.318731,-4.0818167,1.1379609,-0.5442422,-0.6679336,0.96479297,0.59371877,0.9977863,0.0073776664,0.026028574,0.060751658,-0.11824434,0.0053263213,-0.40693095,-0.08499416,1.0522517,10.7990465,0.017909529,0.05106769,0.12208018,29.898103713989258,4.409446716308594,-0.13933104,-1.128293,0.8295549,-0.2090607,-0.12374555,-0.052930743,1.2305739,0.04954523,0.1721515,0.25232035,1.2879032,0.19304226,0.08946427,1.360927,0.4311038,0.32506722,-0.030936388,0.6567673,-0.9923565,-0.03483276,0.38792676,-1.0926112,0.022366067,1.0102317,-1.192224,0.043037876,0.7330801,-0.9780241,0.0,0.0,0.0,0.0,0.0,0.0,0.0,0.0,0.0,0.0,0.0,0.0,0.0,0.0,0.0,0.0,0.49545228,-2.090607,3.2506723,1.9304227,50.0,50.0,50.0,50.0,50.0,50.0,50.0,50.0,50.0,50.0,50.0,50.0,0.0,0.0,0.0,0.0,1.0,1.0,1.0,1.0,1.0,1.0,1.0,1.0,1.0,1.0,1.0,1.0,0.5,0.5,0.5,0.5
1788699163.0663793,263,8.052525000039168,2.613916000086647,7.91467300007298,0.736909,8.657309,872472,1,0,0.0,0.0,0.0,-0.10292065,0.5660005,-1.1734409,0.044878736,0.47101974,-1.2208796,0.12457952,0.8967408,-1.2754736,-0.09327251,0.92123526,-1.025534,-2.8872046,-1.9669192,-0.97884226,-3.6531656,0.22478038,-0.038755238,-0.17591508,0.2596601,0.13176781,0.010110063,-0.09301257,-0.08913705,0.030330187,-0.2751622,0.019377619,-0.032352198,-0.2906643,0.18602514,-0.077510476,0.98050755,4.230246,1.4595586,5.784635,-3.1170235,-3.0675468,8.060556,-6.580383,1.9295859,5.974295,5.61559,-4.5023675,1.1379609,-0.4205508,-1.1132227,1.1874375,0.24738282,0.9979564,0.006919039,0.026436592,0.057759803,-0.009587379,0.04687163,-0.24820659,0.020350715,-0.51355624,9.811439,0.016887363,0.051989265,0.11606625,29.898103713989258,4.375265121459961,-0.10482237,-0.93683594,0.78756493,-0.20929971,-0.045497674,-0.36473078,1.1196728,-0.04643946,0.10015846,0.54223305,1.2452235,0.15987745,-0.032193154,1.1320585,0.4050912,0.18100704,-0.011374419,0.5788173,-1.0200818,-0.026205592,0.43579102,-1.1031088,-0.0080482885,0.9530146,-1.1987271,0.025039615,0.80555826,-0.9886941,0.0,0.0,0.0,0.0,0.0,0.0,0.0,0.0,0.0,0.0,0.0,0.0,0.0,0.0,0.0,0.0,-0.46439463,-2.092997,1.8100704,1.5987744,50.0,50.0,50.0,50.0,50.0,50.0,50.0,50.0,50.0,50.0,50.0,50.0,0.0,0.0,0.0,0.0,1.0,1.0,1.0,1.0,1.0,1.0,1.0,1.0,1.0,1.0,1.0,1.0,0.5,0.5,0.5,0.5
1788699163.080623,264,4.845537000051081,2.769079000017882,4.706981000026644,0.104509,4.816194,872490,1,0,0.0,0.0,0.0,-0.10361707,0.5708752,-1.1695391,0.043758467,0.47005084,-1.2207689,0.124882296,0.9030082,-1.2771797,-0.091486156,0.9113951,-1.0218849,-2.8888094,-1.9652237,-0.9730896,-3.6367552,-0.19377619,0.04263076,0.06874842,-0.24028248,0.015502095,0.060660373,-0.06975943,-0.11239019,-0.056616347,-0.096888095,-0.27128667,0.6045817,-0.5348223,0.05038181,0.4650629,1.139404,3.8096955,4.5023675,9.293348,-3.8839102,-4.2797227,6.638106,-5.1950393,5.7392817,4.2673535,7.0751486,-9.103687,1.5172813,0.51950395,-1.0884844,1.311129,0.32159767,0.998029,0.006924926,0.026486611,0.05647001,0.06711165,-0.03408846,0.058589537,0.033518825,-1.9883845,10.69011,0.016837599,0.052110292,0.11348137,29.800716400146484,6.767988204956055,-0.079181835,-0.76074183,0.77970177,-0.18468879,0.019568676,-0.46258774,0.93282187,-0.14279146,0.0109783495,0.71102387,1.2528336,0.09297086,-0.11734677,0.9703869,0.45310357,0.107417434,0.004892169,0.55435306,-1.0667945,-0.019795459,0.47981456,-1.1050745,-0.029336693,0.91259676,-1.1867241,0.0027445874,0.84775597,-0.98679155,0.0,0.0,0.0,0.0,0.0,0.0,0.0,0.0,0.0,0.0,0.0,0.0,0.0,0.0,0.0,0.0,-1.4279146,-1.846888,1.0741744,0.9297086,50.0,50.0,50.0,50.0,50.0,50.0,50.0,50.0,50.0,50.0,50.0,50.0,0.0,0.0,0.0,0.0,1.0,1.0,1.0,1.0,1.0,1.0,1.0,1.0,1.0,1.0,1.0,1.0,0.5,0.5,0.5,0.5
1788699163.100012,265,4.80368199998793,2.7549999999791908,4.664101999992454,0.099646,4.769156,872508,1,0,0.0,0.0,0.0,-0.10449517,0.56857413,-1.1692073,0.040851824,0.47168583,-1.2195684,0.12224814,0.90213025,-1.2760423,-0.09181923,0.9084884,-1.0169405,-2.8946834,-1.9651631,-0.9719995,-3.6155005,0.038755238,0.1782741,0.29319182,-0.077510476,-0.05813286,-0.02426415,0.05813286,0.034879714,0.13951886,-0.05813286,-0.24803352,-0.20624527,-0.19377619,-0.06975943,-0.06975943,1.2052878,4.823965,0.47002736,7.396746,-3.5623126,-1.8801094,6.2113705,-6.827766,2.5975196,3.7932034,6.1350937,-5.1208243,1.8017715,-0.12369141,-0.9895313,0.9400547,0.12369141,0.99791294,0.007848805,0.02652459,0.058350246,0.12783171,0.04261057,0.30892664,0.7086837,-1.055843,9.204509,0.01878682,0.052046,0.1173006,29.88039779663086,4.648719310760498,-0.005590396,-0.70804614,0.8546941,-0.11257504,0.08216236,-0.7420652,0.8688438,-0.22014023,-0.09317266,0.9847848,1.1984826,0.082987085,-0.2100404,0.7583687,0.4535989,0.046553425,0.02054059,0.48448372,-1.082789,-0.001397599,0.49298847,-1.0863264,-0.0525101,0.8595922,-1.1866002,-0.023293165,0.9161962,-1.0003793,0.0,0.0,0.0,0.0,0.0,0.0,0.0,0.0,0.0,0.0,0.0,0.0,0.0,0.0,0.0,0.0,-2.2014024,-1.1257504,0.46553427,0.8298708,50.0,50.0,50.0,50.0,50.0,50.0,50.0,50.0,50.0,50.0,50.0,50.0,0.0,0.0,0.0,0.0,1.0,1.0,1.0,1.0,1.0,1.0,1.0,1.0,1.0,1.0,1.0,1.0,0.5,0.5,0.5,0.5
1788699163.121417,266,5.809128000009878,2.748119999978371,5.674635999980637,1.195904,6.875692,872526,1,0,0.0,0.0,0.0,-0.10655403,0.56451696,-1.1691126,0.037521295,0.4771055,-1.2196474,0.122702315,0.8993144,-1.2715876,-0.091183364,0.9087609,-1.0175408,-2.897166,-1.9684027,-0.9709096,-3.6037226,0.0077510476,-0.38755238,0.038418237,-0.13564333,0.0077510476,-0.0080880495,-0.0077510476,0.065883905,0.2790377,0.19377619,-0.06975943,0.060660373,0.0,-0.31779295,-0.023253143,0.38755238,5.8382344,-0.14842969,5.1208243,-2.9685938,0.074214846,6.02171,-7.8667736,0.74214846,4.2199388,4.7992268,-3.1170235,1.6121113,-0.59371877,-0.74214846,0.5442422,0.24738282,0.9977465,0.008643812,0.026707564,0.060942087,0.020240022,-0.006391586,0.22796656,0.7386112,1.5753847,8.038532,0.020533372,0.052265007,0.12254462,29.898103713989258,4.204356670379639,-0.013545626,-0.7946863,0.8910244,-0.13934727,-0.0026960066,-0.5190072,0.7896664,-0.22885028,-0.042627,0.8686255,1.1886709,0.071652144,-0.13443825,0.83682036,0.5684062,0.085751645,-0.00067400164,0.5402482,-1.1025834,-0.0033864065,0.47132844,-1.0772438,-0.03360956,0.8792051,-1.1578984,-0.01065675,0.88715637,-1.0028322,0.0,0.0,0.0,0.0,0.0,0.0,0.0,0.0,0.0,0.0,0.0,0.0,0.0,0.0,0.0,0.0,-2.2885027,-1.3934727,0.85751647,0.71652144,50.0,50.0,50.0,50.0,50.0,50.0,50.0,50.0,50.0,50.0,50.0,50.0,0.0,0.0,0.0,0.0,1.0,1.0,1.0,1.0,1.0,1.0,1.0,1.0,1.0,1.0,1.0,1.0,0.5,0.5,0.5,0.5
1788699163.1424994,267,6.815598000002865,2.6458830000137823,6.676144999914868,0.096413,6.777742,872544,1,0,0.0,0.0,0.0,-0.10670543,0.5609442,-1.1696813,0.038247958,0.48052686,-1.2194104,0.12373175,0.8918964,-1.2700078,-0.090820014,0.9164817,-1.0181885,-2.899649,-1.9736105,-0.9711821,-3.5999377,0.06200838,-0.077510476,0.032352198,0.06975943,0.2596601,-0.014154087,0.077510476,0.077510476,0.12536478,0.08526152,0.2596601,-0.19006917,0.06200838,-0.1782741,-0.09301257,0.17439857,6.407215,-3.958125,4.314769,-2.2264454,0.34633595,6.9700108,-9.252117,-1.6822032,4.030278,3.5375743,-0.32159767,1.1379609,-1.0637461,-0.47002736,0.2721211,0.32159767,0.9976591,0.008636109,0.02647612,0.062457077,0.0,-0.0149137005,0.038349517,-0.79367787,2.9245174,8.53892,0.020568032,0.05177264,0.12557665,29.889251708984375,4.648719310760498,-0.018524118,-0.9231278,0.9217837,-0.10944851,-0.040632322,-0.45400602,0.97480863,-0.1689912,-0.011579186,0.74178517,1.1692603,0.15506013,-0.081776746,0.9594157,0.53393775,0.16607022,-0.010158081,0.5564985,-1.0562978,-0.0046310294,0.43921807,-1.0695541,-0.020444186,0.90985394,-1.1665155,-0.0028947964,0.85544634,-1.007685,0.0,0.0,0.0,0.0,0.0,0.0,0.0,0.0,0.0,0.0,0.0,0.0,0.0,0.0,0.0,0.0,-1.689912,-1.094485,1.6607022,1.5506012,50.0,50.0,50.0,50.0,50.0,50.0,50.0,50.0,50.0,50.0,50.0,50.0,0.0,0.0,0.0,0.0,1.0,1.0,1.0,1.0,1.0,1.0,1.0,1.0,1.0,1.0,1.0,1.0,0.5,0.5,0.5,0.5
1788699163.1626995,268,5.931363999934547,2.9730100000051607,5.77626499989492,6.405304,12.186273,872556,1,0,0.0,0.0,0.0,-0.10661459,0.5649408,-1.1699972,0.03918656,0.48191965,-1.2192209,0.12394369,0.8936222,-1.2681596,-0.09033555,0.91745055,-1.0193732,-2.89868,-1.9751849,-0.9704857,-3.6006038,0.065883905,0.92625016,-0.15165094,0.10076362,-0.12401676,0.07481446,0.15502095,0.39530346,0.30532387,0.05813286,-0.23253144,-0.076836474,0.034879714,-0.13951886,0.13564333,-0.09301257,5.46716,-2.1522305,3.7932034,-2.3501368,-0.32159767,7.4441614,-8.386277,-1.0637461,5.3104844,4.106555,-1.2863907,1.0431309,-1.0637461,-0.59371877,0.32159767,0.34633595,0.9976859,0.008648417,0.026306229,0.062098213,-0.03408846,-0.025566343,-0.13315804,-0.6488287,1.4173675,9.197326,0.020552574,0.05143929,0.124852866,29.906957626342773,4.033447742462158,-0.0803219,-1.0096679,0.8265329,-0.12698336,-0.073081024,-0.3308696,1.0744228,-0.03386716,0.075998604,0.51837134,1.2380128,0.17320542,-0.017891089,1.1155009,0.45972815,0.2527244,-0.018270256,0.5872826,-1.0313942,-0.020080475,0.41758305,-1.0933667,-0.004472772,0.94887525,-1.1850679,0.018999651,0.79959285,-0.99049675,0.0,0.0,0.0,0.0,0.0,0.0,0.0,0.0,0.0,0.0,0.0,0.0,0.0,0.0,0.0,0.0,-0.33867162,-1.2698336,2.527244,1.7320542,50.0,50.0,50.0,50.0,50.0,50.0,50.0,50.0,50.0,50.0,50.0,50.0,0.0,0.0,0.0,0.0,1.0,1.0,1.0,1.0,1.0,1.0,1.0,1.0,1.0,1.0,1.0,1.0,0.5,0.5,0.5,0.5
1788699163.1846006,269,8.877880000000005,2.7357039999742483,6.632850000073631,3.299594,9.937308,872580,1,0,0.0,0.0,0.0,-0.104222655,0.57160187,-1.1736621,0.042850144,0.48194993,-1.2190312,0.12276286,0.8987088,-1.267591,-0.09169811,0.91757166,-1.0194048,-2.9027069,-1.9747913,-0.96981955,-3.5973945,0.077510476,0.24028248,0.15771697,0.22090487,0.05038181,0.030330187,-0.18602514,0.67434114,0.012132075,-0.10463915,-0.0038755238,0.014154087,-0.21315381,0.096888095,0.09301257,0.39917895,4.725012,-0.96479297,5.83205,-2.6717343,-2.4243517,7.870897,-7.3225317,0.0,5.2156544,4.7992268,-3.1912384,0.61639553,-0.6679336,-0.56898046,0.791625,0.56898046,0.9978543,0.008543798,0.026094373,0.05943933,0.026631609,0.043675836,-0.26951188,-0.29568392,0.6967127,9.910798,0.020180685,0.051083304,0.11950927,29.915813446044922,4.067629337310791,-0.12057574,-1.0499743,0.77448034,-0.15550141,-0.09979473,-0.3378181,1.2950486,-0.027270667,0.12474278,0.42866808,1.2446213,0.14551046,0.0068540964,1.1849124,0.3766319,0.18957509,-0.024948683,0.5855455,-0.9762378,-0.030143935,0.40750644,-1.1063799,0.0017135241,0.9662281,-1.205842,0.031185696,0.777167,-0.98884463,0.0,0.0,0.0,0.0,0.0,0.0,0.0,0.0,0.0,0.0,0.0,0.0,0.0,0.0,0.0,0.0,-0.2727067,-1.5550141,1.8957509,1.4551046,50.0,50.0,50.0,50.0,50.0,50.0,50.0,50.0,50.0,50.0,50.0,50.0,0.0,0.0,0.0,0.0,1.0,1.0,1.0,1.0,1.0,1.0,1.0,1.0,1.0,1.0,1.0,1.0,0.5,0.5,0.5,0.5
1788699163.200522,270,5.1396090000253025,2.9569779999292223,5.001918000061778,0.10499,5.111675,872598,1,0,0.0,0.0,0.0,-0.103162885,0.57502323,-1.1729196,0.044303462,0.4829188,-1.2187628,0.12206648,0.90476435,-1.2678121,-0.092243016,0.9153917,-1.0190257,-2.905129,-1.9715819,-0.9679121,-3.5885231,0.13176781,0.68596774,0.13749684,0.1782741,0.038755238,0.0020220124,-0.12014124,0.76347816,-0.010110063,0.14339438,-0.5464489,0.056616347,0.04263076,0.19377619,0.3100419,0.7673537,4.2055078,0.0,7.112256,-3.5375743,-3.5375743,6.5906906,-6.48143,1.5585117,4.2673535,5.7145433,-5.61559,1.4224513,-0.17316797,-0.74214846,1.0390079,0.4205508,0.99797475,0.008242138,0.0261071,0.057418767,-0.06178533,-0.010652643,-0.20240022,-0.62847793,0.49320555,9.617508,0.0194757,0.051184297,0.1154424,29.88039779663086,4.682901382446289,-0.14398476,-0.91604036,0.7262928,-0.1270833,-0.064733975,-0.40982726,1.2303143,0.06701975,0.10941674,0.48157868,1.3105154,0.13099922,-0.017538687,1.1639264,0.32929388,0.22976322,-0.016183494,0.5675432,-0.9924214,-0.03599619,0.4409899,-1.1184268,-0.004384672,0.9609816,-1.2176765,0.027354185,0.79039466,-0.9723711,0.0,0.0,0.0,0.0,0.0,0.0,0.0,0.0,0.0,0.0,0.0,0.0,0.0,0.0,0.0,0.0,0.67019755,-1.270833,2.2976322,1.3099922,50.0,50.0,50.0,50.0,50.0,50.0,50.0,50.0,50.0,50.0,50.0,50.0,0.0,0.0,0.0,0.0,1.0,1.0,1.0,1.0,1.0,1.0,1.0,1.0,1.0,1.0,1.0,1.0,0.5,0.5,0.5,0.5
1788699163.223422,271,7.997262999992927,2.8466449999768884,7.833459000039511,1.301694,9.141297,872618,1,0,0.0,0.0,0.0,-0.10325372,0.5815329,-1.171498,0.043697916,0.48300964,-1.2184151,0.1205526,0.90655077,-1.2679858,-0.09215218,0.91127396,-1.0159926,-2.904493,-1.9672523,-0.96149325,-3.571689,-0.10463915,-0.015502095,0.43068865,-0.18214962,-0.04263076,-0.054594334,-0.05038181,0.21702933,-0.064704396,0.18990067,-0.46118733,-0.0060660373,0.011626571,0.1782741,0.2751622,1.0308893,4.106555,0.22264454,9.483008,-3.7107422,-3.958125,5.83205,-6.1350937,2.8696408,3.2242227,6.2587852,-6.605121,1.4698663,-0.12369141,-0.8411016,0.791625,0.14842969,0.9980053,0.008450837,0.026211767,0.05680686,0.043675836,-0.033023193,0.028762136,-0.36870706,-0.05865794,9.582792,0.01987351,0.051381435,0.11422879,29.862689971923828,5.298172950744629,-0.082761504,-0.7712081,0.7681195,-0.10582389,-0.012192875,-0.5230325,1.0656509,0.008000728,0.026416266,0.6816222,1.2948538,0.09758693,-0.098640405,1.0153401,0.38321605,0.18919146,-0.0030482188,0.5392419,-1.0335872,-0.020690376,0.477198,-1.1079701,-0.024660101,0.92383504,-1.204196,0.0066040666,0.8404056,-0.97628653,0.0,0.0,0.0,0.0,0.0,0.0,0.0,0.0,0.0,0.0,0.0,0.0,0.0,0.0,0.0,0.0,0.08000728,-1.0582389,1.8919146,0.9758693,50.0,50.0,50.0,50.0,50.0,50.0,50.0,50.0,50.0,50.0,50.0,50.0,0.0,0.0,0.0,0.0,1.0,1.0,1.0,1.0,1.0,1.0,1.0,1.0,1.0,1.0,1.0,1.0,0.5,0.5,0.5,0.5
1788699163.2424603,272,6.840429000021686,2.932147000024088,6.694256999935533,0.099581,6.799406,872636,1,0,0.0,0.0,0.0,-0.10470712,0.5815632,-1.1650053,0.04103349,0.48288852,-1.2180992,0.12167287,0.90948766,-1.2679858,-0.09003276,0.9077012,-1.0151554,-2.9048262,-1.9657686,-0.96019137,-3.5562775,0.027128667,-0.08526152,0.115254715,-0.18214962,0.27128667,-0.044484273,0.1472699,0.17052305,-0.04044025,0.15114543,-0.06975943,0.0808805,0.22090487,0.027128667,0.06975943,0.8758684,4.6013203,-0.37107423,8.961443,-3.7849572,-2.5233047,5.3104844,-6.605121,2.5233047,2.4655821,5.9866643,-6.060879,2.0862617,0.17316797,-0.6926719,1.0884844,0.14842969,0.99791145,0.008738652,0.026178606,0.058405016,0.020240022,-0.038349517,0.27270767,-0.6859388,-0.01316811,9.411607,0.020527113,0.05124953,0.11744728,29.871545791625977,4.8196282386779785,-0.017048813,-0.67585737,0.80609906,-0.084597796,0.025250174,-0.6395798,0.83564836,-0.06338329,-0.047865316,0.9399858,1.2112894,0.07935277,-0.16470619,0.8001349,0.50240725,0.14980863,0.0063125435,0.5101051,-1.0910878,-0.0042622034,0.5010357,-1.0984752,-0.041176546,0.87003374,-1.1743982,-0.011966329,0.90499645,-0.9971776,0.0,0.0,0.0,0.0,0.0,0.0,0.0,0.0,0.0,0.0,0.0,0.0,0.0,0.0,0.0,0.0,-0.6338329,-0.84597796,1.4980863,0.79352766,50.0,50.0,50.0,50.0,50.0,50.0,50.0,50.0,50.0,50.0,50.0,50.0,0.0,0.0,0.0,0.0,1.0,1.0,1.0,1.0,1.0,1.0,1.0,1.0,1.0,1.0,1.0,1.0,0.5,0.5,0.5,0.5
1788699163.2619174,273,6.953417999966405,2.780470999937279,6.812846000002537,0.098813,6.917451,872652,1,0,0.0,0.0,0.0,-0.10722005,0.5780207,-1.1635678,0.037218522,0.48422074,-1.2181467,0.12358035,0.91272736,-1.2679858,-0.08688396,0.9048854,-1.011996,-2.9001331,-1.9660714,-0.9582536,-3.5427132,-0.32166848,0.05813286,0.2426415,-0.23640695,0.019377619,-0.026286162,0.1782741,0.2092783,0.04044025,0.16664752,-0.23253144,0.13345282,0.24415801,-0.06975943,0.21702933,0.8409887,4.9476566,-0.56898046,8.487292,-3.587051,-2.2511837,5.2156544,-6.753551,2.3006601,2.6078272,5.788758,-5.7640195,1.9914317,0.22264454,-0.56898046,0.9895313,0.14842969,0.9977553,0.009529839,0.025844008,0.061038833,0.10333064,-0.027696872,0.3792341,-0.11133038,-0.033518825,9.26197,0.022201916,0.05042998,0.12275999,29.871545791625977,4.853809833526611,0.01382636,-0.72193515,0.9092896,-0.10359567,0.034776423,-0.63673013,0.7530642,-0.10381628,-0.06386225,0.986329,1.18274,0.09230375,-0.16796698,0.75889736,0.5625104,0.17069532,0.008694106,0.51081747,-1.1117339,0.00345659,0.48951623,-1.0726776,-0.041991744,0.85972434,-1.1593723,-0.015965562,0.9165823,-1.0043149,0.0,0.0,0.0,0.0,0.0,0.0,0.0,0.0,0.0,0.0,0.0,0.0,0.0,0.0,0.0,0.0,-1.0381628,-1.0359566,1.7069532,0.9230375,50.0,50.0,50.0,50.0,50.0,50.0,50.0,50.0,50.0,50.0,50.0,50.0,0.0,0.0,0.0,0.0,1.0,1.0,1.0,1.0,1.0,1.0,1.0,1.0,1.0,1.0,1.0,1.0,0.5,0.5,0.5,0.5
1788699163.2845411,274,9.404553999956988,2.9945779999707156,9.263917999987825,1.12365,10.39224,872670,1,0,0.0,0.0,0.0,-0.10946059,0.57774824,-1.1621777,0.0345541,0.48743016,-1.2183046,0.124185905,0.91242456,-1.2676067,-0.085672796,0.9054001,-1.0114115,-2.8991342,-1.9665558,-0.95286417,-3.534629,-0.06975943,0.20152724,0.06874842,-0.10076362,0.011626571,-0.052572325,0.038755238,0.05813286,0.028308174,0.18990067,-0.03100419,-0.0040440247,0.12014124,-0.13951886,0.40693003,0.26741114,5.6403284,-2.1274922,6.4958606,-2.7706876,-0.59371877,5.83205,-7.743082,0.5442422,3.2716377,4.7002735,-3.3644063,1.8491865,-0.024738282,-0.44528908,0.6926719,0.32159767,0.99755466,0.010349596,0.025797246,0.064125456,0.053263217,0.0149137005,0.2631203,0.50158525,0.8463503,9.024943,0.023989571,0.050162014,0.12899049,29.906957626342773,4.067629337310791,0.008109067,-0.8428133,0.9541415,-0.10966483,-0.0035109625,-0.55364156,0.799153,-0.088317886,-0.038403794,0.89409333,1.1866281,0.111674264,-0.11837309,0.8638772,0.5804457,0.20904532,-0.0008777406,0.5315896,-1.1002117,0.0020272667,0.4592967,-1.0614645,-0.029593272,0.8859693,-1.1548885,-0.009600949,0.89352334,-1.0033429,0.0,0.0,0.0,0.0,0.0,0.0,0.0,0.0,0.0,0.0,0.0,0.0,0.0,0.0,0.0,0.0,-0.88317883,-1.0966482,2.0904531,1.1167426,50.0,50.0,50.0,50.0,50.0,50.0,50.0,50.0,50.0,50.0,50.0,50.0,0.0,0.0,0.0,0.0,1.0,1.0,1.0,1.0,1.0,1.0,1.0,1.0,1.0,1.0,1.0,1.0,0.5,0.5,0.5,0.5
1788699163.3144956,275,19.2933199999743,2.7464239999517304,19.143371000041043,1.187521,20.336428,872686,1,0,0.0,0.0,0.0,-0.11052036,0.57687014,-1.164958,0.034342155,0.49206263,-1.2183994,0.12409508,0.90476435,-1.265095,-0.08540028,0.91251534,-1.0126911,-2.8943503,-1.9674339,-0.94571865,-3.5325704,-0.019377619,0.13176781,-0.15771697,0.17052305,0.24803352,-0.06672641,-0.081386,0.0,0.28510374,-0.06200838,0.19377619,-0.23859747,0.2596601,-0.027128667,0.5386978,0.06975943,6.060879,-3.686004,3.7932034,-2.1522305,0.17316797,6.4010305,-8.386277,-1.8058946,4.409599,3.8591719,-0.51950395,1.0431309,-0.44528908,-0.4205508,0.47002736,0.32159767,0.9974621,0.010399913,0.02561957,0.065611504,-0.063915856,-0.009587379,0.05006742,-0.18076223,1.7753005,7.7464395,0.024141146,0.04976493,0.13196848,29.906957626342773,4.204356670379639,-0.03561506,-0.9513205,0.95498514,-0.12362957,-0.024853852,-0.412921,0.8736331,-0.05345022,0.021168461,0.73601276,1.1984676,0.17652401,-0.069477156,0.9867946,0.5671494,0.24432012,-0.006213463,0.5667698,-1.0815917,-0.008903765,0.43216988,-1.0612537,-0.017369289,0.9166987,-1.1582127,0.0052921153,0.8540032,-1.000383,0.0,0.0,0.0,0.0,0.0,0.0,0.0,0.0,0.0,0.0,0.0,0.0,0.0,0.0,0.0,0.0,-0.5345022,-1.2362957,2.4432013,1.7652402,50.0,50.0,50.0,50.0,50.0,50.0,50.0,50.0,50.0,50.0,50.0,50.0,0.0,0.0,0.0,0.0,1.0,1.0,1.0,1.0,1.0,1.0,1.0,1.0,1.0,1.0,1.0,1.0,0.5,0.5,0.5,0.5
1788699163.3420594,276,8.0058389999067,2.7381690000538583,7.79160399997636,1.884303,9.683491,872718,1,0,0.0,0.0,0.0,-0.10625124,0.57974654,-1.1685439,0.040216,0.49551424,-1.2183994,0.119765386,0.9010099,-1.26004,-0.087126195,0.9199939,-1.0144919,-2.8895664,-1.9683422,-0.92534184,-3.532752,0.10076362,0.1472699,-0.15569495,0.30616638,-0.30616638,0.02426415,-0.23253144,-0.034879714,0.23253144,-0.19765173,0.06975943,-0.020220125,-0.038755238,0.019377619,0.6704656,0.011626571,5.269254,-2.6469963,3.603543,-2.3253984,-1.6079884,8.202802,-7.545176,-0.8411016,5.1208243,4.2055078,-1.3853438,0.66381055,-0.4205508,-0.5442422,0.6679336,0.51950395,0.9976592,0.009189648,0.025376357,0.0628325,-0.11717907,-0.025566343,-0.36964673,-0.62488663,0.36631286,9.91798,0.021553256,0.049499307,0.1263273,29.906957626342773,4.033447742462158,-0.14476891,-1.0453851,0.7900031,-0.10279852,-0.10358758,-0.040352732,1.1604365,0.03638906,0.15943518,0.29497832,1.326078,0.20111588,0.05779692,1.294433,0.51722634,0.22718193,-0.025896896,0.6599118,-1.0098908,-0.036192227,0.40865374,-1.1024991,0.01444923,0.99360824,-1.1706934,0.039858796,0.7437446,-0.96848047,0.0,0.0,0.0,0.0,0.0,0.0,0.0,0.0,0.0,0.0,0.0,0.0,0.0,0.0,0.0,0.0,0.3638906,-1.0279852,2.2718194,2.0111587,50.0,50.0,50.0,50.0,50.0,50.0,50.0,50.0,50.0,50.0,50.0,50.0,0.0,0.0,0.0,0.0,1.0,1.0,1.0,1.0,1.0,1.0,1.0,1.0,1.0,1.0,1.0,1.0,0.5,0.5,0.5,0.5
1788699163.361011,277,5.759528999988106,3.0792470000733374,5.5419029999939085,0.146972,5.696747,872736,1,0,0.0,0.0,0.0,-0.10155821,0.5808971,-1.1704553,0.04545401,0.4982695,-1.2169777,0.113195166,0.8995869,-1.2563119,-0.08945757,0.922295,-1.0144919,-2.8898692,-1.9673734,-0.9125345,-3.53145,0.32941952,-0.10463915,-0.119298734,0.48056495,0.20152724,0.07279245,-0.47668946,-0.24028248,0.30330187,-0.25190905,0.35267267,0.014154087,0.0,0.1472699,0.7867313,0.21702933,4.8487034,-2.5233047,3.698373,-2.6717343,-2.2511837,8.060556,-6.901981,-0.4205508,4.836334,4.4281526,-1.8801094,0.7112256,-0.4205508,-0.56898046,0.6679336,0.4205508,0.9978881,0.008055151,0.02522587,0.059315294,-0.13848436,-0.028762136,-0.41225728,-0.9780314,0.093373865,9.592369,0.019093296,0.049409706,0.11921377,29.915813446044922,3.8967204093933105,-0.13674076,-0.9497736,0.7438685,-0.06314307,-0.073730096,-0.22843784,1.1611534,0.027911132,0.12878168,0.37641692,1.3054166,0.21380664,0.005946869,1.1871542,0.44847938,0.199387,-0.018432524,0.61289054,-1.0097116,-0.03418519,0.43255663,-1.1140329,0.0014867173,0.96678853,-1.1878802,0.03219542,0.76410425,-0.9736458,0.0,0.0,0.0,0.0,0.0,0.0,0.0,0.0,0.0,0.0,0.0,0.0,0.0,0.0,0.0,0.0,0.27911133,-0.6314307,1.99387,2.1380665,50.0,50.0,50.0,50.0,50.0,50.0,50.0,50.0,50.0,50.0,50.0,50.0,0.0,0.0,0.0,0.0,1.0,1.0,1.0,1.0,1.0,1.0,1.0,1.0,1.0,1.0,1.0,1.0,0.5,0.5,0.5,0.5
1788699163.3802993,278,5.296630000088953,2.82994199994846,5.128601000023991,0.129149,5.263446,872752,1,0,0.0,0.0,0.0,-0.09750104,0.58347064,-1.1716875,0.049208425,0.49999532,-1.2150505,0.10801771,0.89979887,-1.2519046,-0.091879785,0.923173,-1.0144762,-2.889627,-1.9671917,-0.90227044,-3.5287857,0.33329505,0.33717057,0.09099056,0.35267267,0.15114543,0.19613521,-0.45343632,0.5464489,0.21635534,-0.15502095,0.065883905,0.014154087,0.027128667,-0.011626571,0.7906069,0.3720503,4.477629,-1.0884844,4.646674,-3.339668,-3.7602189,7.870897,-6.1350937,0.4205508,4.694089,5.2197776,-3.686004,0.7112256,-0.22264454,-0.64319533,0.8411016,0.64319533,0.9980871,0.0071156616,0.025081925,0.056055862,-0.038349517,0.0010652643,-0.38882148,-0.5662287,-0.24181437,9.400833,0.017037597,0.0492901,0.11262868,29.906957626342773,4.170174598693848,-0.15750872,-0.9804528,0.70753384,-0.012347519,-0.084074475,-0.247244,1.2527484,0.028347796,0.1443606,0.34520411,1.2959433,0.17826147,0.012738962,1.1983474,0.38327354,0.19575815,-0.021018619,0.608189,-0.98681283,-0.03937718,0.42488682,-1.1231165,0.0031847404,0.96958685,-1.2041816,0.03609015,0.75630105,-0.97601414,0.0,0.0,0.0,0.0,0.0,0.0,0.0,0.0,0.0,0.0,0.0,0.0,0.0,0.0,0.0,0.0,0.28347796,-0.123475194,1.9575815,1.7826147,50.0,50.0,50.0,50.0,50.0,50.0,50.0,50.0,50.0,50.0,50.0,50.0,0.0,0.0,0.0,0.0,1.0,1.0,1.0,1.0,1.0,1.0,1.0,1.0,1.0,1.0,1.0,1.0,0.5,0.5,0.5,0.5
1788699163.4013624,279,6.410200999994231,2.7527279999048915,6.2627160000374715,0.097821,6.366105,872768,1,0,0.0,0.0,0.0,-0.095078826,0.58434874,-1.1722245,0.052145343,0.50126696,-1.2117647,0.103597194,0.89867854,-1.2509568,-0.09396893,0.9239299,-1.0142235,-2.8901114,-1.9657686,-0.8893117,-3.5212767,0.18214962,-0.011626571,-0.028308174,0.18214962,0.081386,0.23253144,-0.26741114,-0.06975943,0.018198112,-0.15502095,0.054257333,0.014154087,0.054257333,0.15502095,0.86424184,0.7944824,4.4034142,-0.8411016,4.504429,-3.3891447,-3.7107422,7.6338215,-5.961926,1.0390079,4.646674,5.3434687,-3.7602189,0.80605567,-0.22264454,-0.6926719,0.7668867,0.44528908,0.9982257,0.006550227,0.025164716,0.05356706,-0.0074568503,0.0021305287,-0.25779396,-0.65242,-0.61052144,9.959879,0.015793253,0.049558662,0.10761315,29.906957626342773,4.204356670379639,-0.11441041,-0.8480895,0.7487831,0.041910667,-0.06461791,-0.34259954,1.120366,-0.00054826774,0.080514245,0.5285228,1.275865,0.13830218,-0.04293091,1.0737396,0.4328907,0.17214182,-0.016154477,0.5843501,-1.0199084,-0.028602602,0.45797765,-1.1128042,-0.010732727,0.93843496,-1.1917772,0.020128561,0.8021307,-0.9810337,0.0,0.0,0.0,0.0,0.0,0.0,0.0,0.0,0.0,0.0,0.0,0.0,0.0,0.0,0.0,0.0,-0.0054826774,0.41910666,1.7214181,1.3830218,50.0,50.0,50.0,50.0,50.0,50.0,50.0,50.0,50.0,50.0,50.0,50.0,0.0,0.0,0.0,0.0,1.0,1.0,1.0,1.0,1.0,1.0,1.0,1.0,1.0,1.0,1.0,1.0,0.5,0.5,0.5,0.5
1788699163.4281855,280,13.255428999968899,2.9191549999723065,13.082985999972152,1.333021,14.421959,872786,1,0,0.0,0.0,0.0,-0.09680462,0.59754974,-1.1678172,0.050147027,0.500722,-1.2104535,0.10078138,0.9037652,-1.2510357,-0.09351474,0.91408974,-1.0100846,-2.8884764,-1.9630134,-0.87671614,-3.5054114,-0.20152724,-0.31779295,0.064704396,-0.20152724,0.0,0.06268239,-0.3100419,-0.019377619,0.088968545,-0.09301257,-0.3914279,0.73803455,0.17052305,0.2751622,0.28291324,1.1006488,3.958125,3.6612659,8.392462,-4.378676,-4.8487034,5.64239,-4.1560316,4.7992268,3.9828634,7.099887,-8.534707,1.4698663,0.074214846,-0.6679336,0.96479297,0.44528908,0.99829906,0.0073330216,0.025056912,0.0521297,0.13209277,-0.05432848,0.04687163,-0.5470751,-3.3207579,10.516531,0.017275348,0.049283996,0.104768075,29.82727813720703,6.152716636657715,-0.06369535,-0.6875646,0.82266635,0.03125104,-0.030969867,-0.44430786,0.8217978,-0.054504216,-0.0031455606,0.7486392,1.2242166,0.11183384,-0.12288489,0.86482805,0.56207263,0.17953497,-0.007742467,0.55892307,-1.0945505,-0.015923837,0.49810886,-1.0943334,-0.030721223,0.88620704,-1.1594818,-0.00078639016,0.85715985,-0.99394584,0.0,0.0,0.0,0.0,0.0,0.0,0.0,0.0,0.0,0.0,0.0,0.0,0.0,0.0,0.0,0.0,-0.54504216,0.3125104,1.7953497,1.1183383,50.0,50.0,50.0,50.0,50.0,50.0,50.0,50.0,50.0,50.0,50.0,50.0,0.0,0.0,0.0,0.0,1.0,1.0,1.0,1.0,1.0,1.0,1.0,1.0,1.0,1.0,1.0,1.0,0.5,0.5,0.5,0.5
1788699163.449139,281,14.12670300010177,3.0136489999676996,8.632959000010487,1.953005,10.591755,872808,1,0,0.0,0.0,0.0,-0.099529624,0.5976405,-1.1666483,0.046271503,0.49911729,-1.210027,0.1010236,0.904401,-1.2509093,-0.09169811,0.9067626,-1.0034499,-2.8916857,-1.9550806,-0.87541425,-3.4811893,-0.28291324,0.10463915,0.20220123,-0.23640695,-0.17439857,-0.036396224,-0.05813286,-0.0077510476,0.026286162,0.10076362,-0.3604237,-0.04044025,0.07363495,0.3565482,0.12401676,1.3370557,4.5023675,0.6926719,8.060556,-3.9086485,-3.2901914,5.0259943,-5.1455626,3.2901914,3.2242227,6.382477,-7.025672,1.5172813,0.074214846,-0.5442422,0.96479297,0.4205508,0.9981439,0.008680687,0.025461026,0.054638546,0.16511597,0.07882956,0.34088457,0.21906945,-1.6699557,9.409213,0.020137876,0.04989964,0.10987373,29.862689971923828,5.058900356292725,0.017343096,-0.68963134,1.0145235,0.02763747,0.04285828,-0.67579377,0.71467876,-0.1453299,-0.086937204,1.0050211,1.143959,0.10887799,-0.19835103,0.7118798,0.5790935,0.15851952,0.01071457,0.50105155,-1.1213303,0.004335774,0.49759218,-1.0463691,-0.049587756,0.84796995,-1.1552266,-0.021734301,0.9212553,-1.0140102,0.0,0.0,0.0,0.0,0.0,0.0,0.0,0.0,0.0,0.0,0.0,0.0,0.0,0.0,0.0,0.0,-1.4532989,0.2763747,1.5851952,1.0887799,50.0,50.0,50.0,50.0,50.0,50.0,50.0,50.0,50.0,50.0,50.0,50.0,0.0,0.0,0.0,0.0,1.0,1.0,1.0,1.0,1.0,1.0,1.0,1.0,1.0,1.0,1.0,1.0,0.5,0.5,0.5,0.5
1788699163.4622629,282,6.52050100006818,3.052976000049057,6.368344999941655,0.101469,6.475286,872824,1,0,0.0,0.0,0.0,-0.104252934,0.5994572,-1.163789,0.04112432,0.49581704,-1.2102165,0.10368802,0.9064599,-1.2510989,-0.087852776,0.89780045,-1.0017596,-2.8906868,-1.9486618,-0.8718718,-3.4632044,-0.16664752,0.2092783,0.17793709,-0.25578457,-0.15889648,-0.026286162,0.1472699,0.12014124,0.020220125,0.38367686,-0.52319574,0.27701572,-0.077510476,0.6317104,0.2906643,1.3525578,4.527106,0.32159767,9.008858,-3.8839102,-3.5375743,4.599259,-5.4176836,3.1665,2.323337,6.1350937,-6.827766,1.0905459,0.22264454,-0.4205508,0.8411016,0.14842969,0.9979301,0.009942858,0.026066761,0.05794176,0.15978965,0.051132686,0.46978155,-0.22505496,0.08140286,8.583213,0.022896908,0.05089537,0.1165765,29.871545791625977,5.161445617675781,0.042709786,-0.7347874,1.0423757,0.007599443,0.051054295,-0.7091496,0.65136033,-0.15322562,-0.097542755,1.0473144,1.1464305,0.09173255,-0.20212089,0.6871877,0.6372963,0.14574942,0.012763574,0.49271262,-1.1371598,0.010677447,0.48630315,-1.0394061,-0.05053022,0.84179693,-1.1406759,-0.024385689,0.9318286,-1.0133923,0.0,0.0,0.0,0.0,0.0,0.0,0.0,0.0,0.0,0.0,0.0,0.0,0.0,0.0,0.0,0.0,-1.5322561,0.07599443,1.4574943,0.9173255,50.0,50.0,50.0,50.0,50.0,50.0,50.0,50.0,50.0,50.0,50.0,50.0,0.0,0.0,0.0,0.0,1.0,1.0,1.0,1.0,1.0,1.0,1.0,1.0,1.0,1.0,1.0,1.0,0.5,0.5,0.5,0.5
1788699163.4854612,283,9.797503999948276,3.082543000004989,9.601092000025346,1.38566,10.993696,872840,1,0,0.0,0.0,0.0,-0.10812843,0.59951776,-1.162304,0.03688547,0.49393982,-1.2103113,0.1072305,0.907459,-1.2509252,-0.08397728,0.89292574,-0.9979999,-2.8908381,-1.9385794,-0.8667246,-3.4407687,-0.23640695,-0.651088,-0.07885849,-0.27128667,-0.13176781,0.0020220124,0.12789229,-0.11239019,0.056616347,0.023253143,0.065883905,0.082902506,-0.027128667,0.9417523,0.40305448,1.5192053,5.021871,-0.17316797,7.396746,-3.1170235,-1.7316797,5.1208243,-6.2587852,1.7316797,2.8923175,5.4176836,-4.7992268,0.90088576,0.049476564,-0.2721211,0.59371877,-0.12369141,0.99766105,0.011154553,0.02643032,0.06204345,0.1821602,0.030892665,0.54115427,-0.02873042,-0.33279404,9.586384,0.025573108,0.051375467,0.124874935,29.915813446044922,4.033447742462158,0.08915373,-0.7046985,1.0952756,-0.041991718,0.09321824,-0.7528285,0.6153798,-0.18534066,-0.13038962,1.1537137,1.1421832,0.09536672,-0.24127376,0.617332,0.6586877,0.07121797,0.02330456,0.4817929,-1.146155,0.022288432,0.49382538,-1.026181,-0.06031844,0.824333,-1.135328,-0.032597404,0.95842844,-1.0144541,0.0,0.0,0.0,0.0,0.0,0.0,0.0,0.0,0.0,0.0,0.0,0.0,0.0,0.0,0.0,0.0,-1.8534065,-0.41991717,0.71217966,0.95366716,50.0,50.0,50.0,50.0,50.0,50.0,50.0,50.0,50.0,50.0,50.0,50.0,0.0,0.0,0.0,0.0,1.0,1.0,1.0,1.0,1.0,1.0,1.0,1.0,1.0,1.0,1.0,1.0,0.5,0.5,0.5,0.5
1788699163.503844,284,8.825817000001734,3.1129110000165383,8.650077999959649,0.630351,9.285197,872856,1,0,0.0,0.0,0.0,-0.111186504,0.60121334,-1.1609613,0.033161335,0.49227455,-1.210643,0.11037935,0.9106382,-1.2508146,-0.07937509,0.88995856,-0.9979999,-2.8907776,-1.9273465,-0.85806525,-3.4246006,-0.21702933,0.2596601,0.20826729,-0.22090487,-0.13176781,0.026286162,0.2092783,0.28678876,0.0,0.2596601,-0.17439857,0.046506286,0.0,0.65496355,0.7557271,0.9882586,5.1455626,-1.0637461,7.112256,-2.9438555,-1.6822032,5.2156544,-6.48143,1.2121758,3.0345626,4.9229183,-4.4034142,0.90088576,0.049476564,-0.12369141,0.47002736,0.12369141,0.9974119,0.012197126,0.026236836,0.06582059,0.1043959,-0.051132686,0.43143204,0.21547815,0.15442601,8.846576,0.02782438,0.05075401,0.13249797,29.915813446044922,3.9650840759277344,0.054268975,-0.77764034,0.93803644,-0.032924917,0.048744112,-0.6185259,0.68768483,-0.07943724,-0.08498919,0.9715163,1.1935484,0.15094249,-0.18736103,0.78319794,0.64996433,0.14832783,0.012186028,0.5153685,-1.1280787,0.013567244,0.47558993,-1.0654908,-0.046840258,0.8657995,-1.1375089,-0.021247298,0.9128791,-1.0016129,0.0,0.0,0.0,0.0,0.0,0.0,0.0,0.0,0.0,0.0,0.0,0.0,0.0,0.0,0.0,0.0,-0.79437244,-0.32924917,1.4832783,1.5094249,50.0,50.0,50.0,50.0,50.0,50.0,50.0,50.0,50.0,50.0,50.0,50.0,0.0,0.0,0.0,0.0,1.0,1.0,1.0,1.0,1.0,1.0,1.0,1.0,1.0,1.0,1.0,1.0,0.5,0.5,0.5,0.5
1788699163.5207145,285,5.42427499999576,2.9071550000026036,5.270485999972152,0.109693,5.385299,872872,1,0,0.0,0.0,0.0,-0.11270034,0.6031208,-1.1628728,0.031405237,0.49615008,-1.210501,0.11225656,0.9053396,-1.2493297,-0.077255666,0.8932891,-0.99863183,-2.8916252,-1.9182329,-0.8485278,-3.410794,0.06200838,0.03100419,-0.37811634,-0.019377619,0.1782741,-0.028308174,0.011626571,-0.2751622,0.161761,0.1782741,0.15502095,-0.13345282,-0.065883905,0.60070616,0.46118733,0.7944824,5.368207,-2.3006601,3.7932034,-2.5233047,-0.14842969,6.1165404,-7.446223,-0.6679336,4.504429,3.8839102,-2.0780158,0.33190528,-0.24738282,-0.14842969,0.6679336,0.049476564,0.99722725,0.012753637,0.025849838,0.06860851,-0.0010652643,-0.05432848,0.24820659,-0.005985504,1.4628572,8.737639,0.029023672,0.049826924,0.13810536,29.924665451049805,3.6574482917785645,0.044147193,-0.7996727,0.84102,-0.057916652,0.021027729,-0.51551867,0.7508542,-0.05122916,-0.055417143,0.8581259,1.238156,0.16280241,-0.15926404,0.87135273,0.6485723,0.11865161,0.005256932,0.54112035,-1.1122864,0.011036798,0.47008184,-1.0897449,-0.03981601,0.8878382,-1.1378568,-0.013854286,0.8845315,-0.990461,0.0,0.0,0.0,0.0,0.0,0.0,0.0,0.0,0.0,0.0,0.0,0.0,0.0,0.0,0.0,0.0,-0.5122916,-0.57916653,1.1865162,1.6280241,50.0,50.0,50.0,50.0,50.0,50.0,50.0,50.0,50.0,50.0,50.0,50.0,0.0,0.0,0.0,0.0,1.0,1.0,1.0,1.0,1.0,1.0,1.0,1.0,1.0,1.0,1.0,1.0,0.5,0.5,0.5,0.5
1788699163.5479503,286,10.787397999934,2.88005200002317,10.60657099992568,0.594993,11.207387,872890,1,0,0.0,0.0,0.0,-0.112246156,0.6042108,-1.1662059,0.032798003,0.49754286,-1.2088423,0.11225656,0.90385604,-1.2476236,-0.07668036,0.9018576,-0.9998008,-2.8894756,-1.9126618,-0.83926284,-3.399985,0.13564333,0.0077510476,-0.2628616,0.19377619,0.17052305,0.26892763,-0.046506286,-0.28678876,0.18602514,-0.13951886,1.2556697,-0.21433333,0.019377619,0.25190905,0.5541999,0.5193202,6.1350937,-5.318731,2.4655821,-1.7811563,-0.074214846,8.297632,-8.386277,-2.622258,4.4570136,3.0675468,-0.24738282,-0.42673537,-0.6926719,0.0,0.47002736,0.22264454,0.99715847,0.013126353,0.025753539,0.069567494,-0.07882956,0.0149137005,-0.027696872,-0.6799533,1.6627731,9.384073,0.029802307,0.049554665,0.14004439,29.889251708984375,4.682901382446289,0.0024619175,-0.8842139,0.77203226,-0.059116334,-0.02799279,-0.3985054,0.9602749,-0.02634078,0.017288048,0.68665797,1.261333,0.21150425,-0.1085803,1.0130029,0.59806126,0.09293458,-0.0069981976,0.57037365,-1.0599313,0.00061547937,0.44894654,-1.1069919,-0.027145075,0.92325073,-1.1504847,0.004322012,0.8416645,-0.9846667,0.0,0.0,0.0,0.0,0.0,0.0,0.0,0.0,0.0,0.0,0.0,0.0,0.0,0.0,0.0,0.0,-0.2634078,-0.59116334,0.9293458,2.1150424,50.0,50.0,50.0,50.0,50.0,50.0,50.0,50.0,50.0,50.0,50.0,50.0,0.0,0.0,0.0,0.0,1.0,1.0,1.0,1.0,1.0,1.0,1.0,1.0,1.0,1.0,1.0,1.0,0.5,0.5,0.5,0.5
1788699163.561421,287,5.427026000006663,2.997361999973691,5.271606999940559,1.384475,6.661105,872906,1,0,0.0,0.0,0.0,-0.10867345,0.6056036,-1.1696813,0.037672684,0.49781534,-1.2076732,0.11059129,0.90079796,-1.2433584,-0.07746762,0.91142535,-1.0041449,-2.8875074,-1.9101791,-0.8288474,-3.3926275,0.45343632,0.023253143,-0.4064245,0.41468105,0.18990067,0.0040440247,-0.1472699,-0.2751622,0.32958803,-0.096888095,0.48444048,-0.28308174,0.054257333,0.32941952,0.70146984,0.43405867,5.788758,-5.9371877,1.8966017,-1.8801094,-0.791625,8.866612,-8.237848,-2.7706876,5.0734096,2.8449025,0.56898046,-0.09483008,-0.7668867,-0.12369141,0.37107423,0.17316797,0.99727356,0.012377152,0.025767606,0.068033285,-0.19494337,-0.013848436,-0.3163835,-1.328782,1.5346833,9.69532,0.028231565,0.049731083,0.1369297,29.88039779663086,4.8196282386779785,-0.07572882,-0.9780235,0.67306316,-0.007953674,-0.083324775,-0.21502033,1.1412919,0.077313304,0.10753051,0.4070982,1.3311228,0.25367162,-0.019091325,1.1792026,0.51720524,0.1430996,-0.020831194,0.6162449,-1.014677,-0.018932205,0.42549413,-1.1317341,-0.004772831,0.96480066,-1.1706986,0.026882628,0.7717746,-0.96721923,0.0,0.0,0.0,0.0,0.0,0.0,0.0,0.0,0.0,0.0,0.0,0.0,0.0,0.0,0.0,0.0,0.77313304,-0.079536736,1.4309961,2.5367162,50.0,50.0,50.0,50.0,50.0,50.0,50.0,50.0,50.0,50.0,50.0,50.0,0.0,0.0,0.0,0.0,1.0,1.0,1.0,1.0,1.0,1.0,1.0,1.0,1.0,1.0,1.0,1.0,0.5,0.5,0.5,0.5
1788699163.5807765,288,5.416242000023885,3.1102870000268013,5.25631000004978,0.102045,5.363955,872922,1,0,0.0,0.0,0.0,-0.10064983,0.6066935,-1.1744677,0.04548429,0.50269,-1.2065833,0.10638273,0.89634717,-1.2396145,-0.078769505,0.9191764,-1.0066093,-2.8852973,-1.9078478,-0.81973386,-3.3867235,0.58520406,-0.054257333,-0.38216037,0.64333695,0.48831603,0.24870755,-0.38367686,-0.3720503,0.30532387,-0.23253144,0.9882586,-0.07885849,0.05038181,0.08913705,0.37980133,0.4573118,5.7640195,-6.4566917,1.8966017,-1.8306329,-0.9895313,9.245933,-8.163633,-3.2654533,5.0259943,2.7459493,1.0884844,-0.28449023,-0.9400547,-0.24738282,0.17316797,0.17316797,0.9975228,0.010626352,0.0256839,0.06462046,-0.26738134,0.0,-0.52304476,-1.389834,1.0474633,9.526528,0.024552478,0.04988788,0.12999369,29.871545791625977,5.093081951141357,-0.12538318,-1.0298982,0.6861013,0.020726725,-0.10331205,-0.16817325,1.2000556,0.10371809,0.17629233,0.2776574,1.338631,0.25003284,0.020411626,1.2227507,0.45525134,0.12314932,-0.025828013,0.6279567,-0.99998605,-0.031345796,0.41252548,-1.1284746,0.0051029064,0.9756877,-1.1861871,0.044073083,0.73941433,-0.96534216,0.0,0.0,0.0,0.0,0.0,0.0,0.0,0.0,0.0,0.0,0.0,0.0,0.0,0.0,0.0,0.0,1.0371809,0.20726725,1.2314932,2.5003285,50.0,50.0,50.0,50.0,50.0,50.0,50.0,50.0,50.0,50.0,50.0,50.0,0.0,0.0,0.0,0.0,1.0,1.0,1.0,1.0,1.0,1.0,1.0,1.0,1.0,1.0,1.0,1.0,0.5,0.5,0.5,0.5
1788699163.602914,289,6.638898000005611,2.9257789999519446,5.7724249999182575,2.013707,7.79186,872938,1,0,0.0,0.0,0.0,-0.09314108,0.6072688,-1.1810393,0.054083105,0.50723165,-1.2038504,0.09902528,0.89141196,-1.233975,-0.082433164,0.9263824,-1.0103531,-2.8829355,-1.9078478,-0.8155556,-3.3825755,0.5386978,0.07363495,-0.28510374,0.48056495,0.08526152,-0.052572325,-0.53094673,0.15502095,0.48123896,-0.24803352,-0.15502095,-0.2567956,0.23640695,0.054257333,0.33329505,0.29841533,4.9476566,-4.89818,2.8923175,-2.622258,-1.6822032,7.301916,-7.025672,-1.4595586,4.409599,3.4386213,-0.44528908,0.66381055,-0.51950395,-0.22264454,0.51950395,0.51950395,0.99787164,0.008637137,0.025461644,0.059408054,-0.23116235,-0.04154531,-0.7467503,-1.22224,0.62847793,9.31943,0.020289315,0.049809266,0.11943457,29.915813446044922,4.033447742462158,-0.21813132,-1.0366518,0.6180263,0.09801352,-0.16150855,0.052244656,1.3547717,0.2078159,0.28045607,0.00046982616,1.4031328,0.18567161,0.12412606,1.4099363,0.39477012,0.16469917,-0.040377136,0.6830612,-0.96130705,-0.05453283,0.41083705,-1.1454934,0.031031515,1.0224841,-1.2013074,0.07011402,0.6701175,-0.9492167,0.0,0.0,0.0,0.0,0.0,0.0,0.0,0.0,0.0,0.0,0.0,0.0,0.0,0.0,0.0,0.0,2.078159,0.9801352,1.6469917,1.8567162,50.0,50.0,50.0,50.0,50.0,50.0,50.0,50.0,50.0,50.0,50.0,50.0,0.0,0.0,0.0,0.0,1.0,1.0,1.0,1.0,1.0,1.0,1.0,1.0,1.0,1.0,1.0,1.0,0.5,0.5,0.5,0.5
1788699163.6284053,290,12.556055999993987,3.0210410000108823,11.282713000014155,2.50947,13.797303,872954,1,0,0.0,0.0,0.0,-0.08581388,0.60708714,-1.1849096,0.062106654,0.51231825,-1.202634,0.09085035,0.8888384,-1.2303101,-0.08655089,0.92477775,-1.0116643,-2.880362,-1.9055164,-0.8107414,-3.3766713,0.40693003,0.023253143,-0.32149997,0.51544464,0.26353562,0.10514465,-0.4728139,-0.015502095,0.09907861,-0.3100419,0.046506286,-0.0020220124,0.18214962,0.21315381,0.32941952,0.45343632,4.304461,-3.4386213,3.8880334,-3.1665,-2.4985664,5.879465,-6.3577385,-0.074214846,4.646674,4.2055078,-2.1027539,1.0431309,-0.37107423,-0.34633595,0.47002736,0.5442422,0.9982415,0.0071718427,0.025207032,0.053171262,-0.15446332,-0.015978964,-0.7808387,-1.0199299,0.31603462,9.19134,0.017020779,0.04958305,0.10685136,29.924665451049805,3.6574482917785645,-0.23954535,-0.97797006,0.6174421,0.15005855,-0.1752352,-0.017470032,1.4031237,0.24820319,0.2850405,0.015346884,1.3617971,0.14411826,0.12547734,1.3750727,0.35076508,0.16741514,-0.0438088,0.6656325,-0.949219,-0.059886336,0.4255075,-1.1456394,0.031369336,1.0137682,-1.2123086,0.071260124,0.6738367,-0.9595507,0.0,0.0,0.0,0.0,0.0,0.0,0.0,0.0,0.0,0.0,0.0,0.0,0.0,0.0,0.0,0.0,2.4820318,1.5005856,1.6741514,1.4411826,50.0,50.0,50.0,50.0,50.0,50.0,50.0,50.0,50.0,50.0,50.0,50.0,0.0,0.0,0.0,0.0,1.0,1.0,1.0,1.0,1.0,1.0,1.0,1.0,1.0,1.0,1.0,1.0,0.5,0.5,0.5,0.5
1788699163.6408994,291,5.567599000073642,3.0674399999952584,5.419569999958185,0.101917,5.526575,872974,1,0,0.0,0.0,0.0,-0.07957673,0.6062394,-1.1929187,0.0701302,0.51722324,-1.201307,0.08273597,0.8878089,-1.2277194,-0.094816625,0.927321,-1.0118222,-2.878515,-1.9018527,-0.80595756,-3.368224,0.33329505,-0.03100419,-0.46708488,0.38755238,0.23640695,0.101100616,-0.4728139,-0.27128667,0.24466349,-0.44568524,0.10851467,-0.038418237,0.06200838,0.15502095,0.12401676,0.48056495,4.106555,-3.2654533,4.504429,-3.4633594,-2.721211,5.784635,-5.8629727,0.34633595,4.409599,4.725012,-2.44909,1.1379609,-0.17316797,-0.37107423,0.5442422,0.5442422,0.99859834,0.0060722283,0.025546113,0.045957617,-0.06924218,0.07669903,-0.6412891,-0.7457938,-0.2873042,9.967062,0.014494482,0.050483923,0.09234532,29.93351936340332,3.5890848636627197,-0.20673013,-0.88443196,0.67528784,0.17244332,-0.15144426,-0.11981898,1.271095,0.21474889,0.23794274,0.22199138,1.2816763,0.112000406,0.058364667,1.2415255,0.38844103,0.19715321,-0.037861064,0.6400453,-0.9822262,-0.05168253,0.44889203,-1.131178,0.014591167,0.98038137,-1.2028897,0.059485685,0.72549784,-0.9795809,0.0,0.0,0.0,0.0,0.0,0.0,0.0,0.0,0.0,0.0,0.0,0.0,0.0,0.0,0.0,0.0,2.1474888,1.7244332,1.9715321,1.120004,50.0,50.0,50.0,50.0,50.0,50.0,50.0,50.0,50.0,50.0,50.0,50.0,0.0,0.0,0.0,0.0,1.0,1.0,1.0,1.0,1.0,1.0,1.0,1.0,1.0,1.0,1.0,1.0,0.5,0.5,0.5,0.5
1788699163.6678855,292,11.42059699998299,3.106797999976152,11.268281000070601,1.411995,12.685716,872990,1,0,0.0,0.0,0.0,-0.07712424,0.607723,-1.1957304,0.073733225,0.5182224,-1.2007226,0.07722546,0.88593173,-1.2252709,-0.09941882,0.9257466,-1.0118538,-2.8785453,-1.8998847,-0.8051704,-3.362562,0.04263076,0.096888095,0.042462263,0.13176781,0.1472699,0.0060660373,-0.30229086,-0.21702933,0.052572325,-0.25578457,-0.038755238,0.08694653,-0.081386,0.24803352,-0.03100419,0.5503244,3.6365275,-1.9048477,7.017426,-3.8839102,-3.7602189,5.0259943,-5.096086,2.1522305,3.8880334,5.6650667,-4.3291993,1.4224513,-0.049476564,-0.44528908,0.44528908,0.74214846,0.99877787,0.0058771893,0.02634384,0.04140215,0.029827401,0.0745685,-0.46338996,-1.436521,-0.7577648,9.673772,0.013940807,0.052160278,0.08322184,29.906957626342773,4.033447742462158,-0.16066822,-0.8542455,0.74512386,0.21525541,-0.13415442,-0.20260462,1.149995,0.16584527,0.17360868,0.3686606,1.2154713,0.111542344,0.009644572,1.1126555,0.43437597,0.22209309,-0.033538606,0.6193489,-1.0125012,-0.040167056,0.45643866,-1.113719,0.002411143,0.94816387,-1.191406,0.04340217,0.7621652,-0.99613214,0.0,0.0,0.0,0.0,0.0,0.0,0.0,0.0,0.0,0.0,0.0,0.0,0.0,0.0,0.0,0.0,1.6584527,2.152554,2.2209308,1.1154234,50.0,50.0,50.0,50.0,50.0,50.0,50.0,50.0,50.0,50.0,50.0,50.0,0.0,0.0,0.0,0.0,1.0,1.0,1.0,1.0,1.0,1.0,1.0,1.0,1.0,1.0,1.0,1.0,0.5,0.5,0.5,0.5
1788699163.6828377,293,6.597395999961009,3.269867000085469,6.459543000005397,1.487929,7.952528,873008,1,0,0.0,0.0,0.0,-0.07745731,0.6126582,-1.1942456,0.0737635,0.5171627,-1.2011648,0.07522714,0.88895947,-1.2258554,-0.09838945,0.91908556,-1.0094527,-2.8756993,-1.8905289,-0.8053218,-3.346727,-0.019377619,0.10463915,0.028308174,-0.06975943,-0.10851467,0.026286162,-0.13176781,0.05813286,0.06268239,0.046506286,-0.18990067,0.26690564,0.29841533,0.85261524,0.0038755238,1.3486823,2.8696408,0.074214846,9.388178,-4.7992268,-4.675535,3.603543,-3.958125,3.8839102,2.6552422,6.5061684,-7.4956994,2.0388467,0.17316797,-0.4205508,0.6926719,0.5442422,0.9988634,0.0057334807,0.026584996,0.039144456,0.059654802,-0.019174758,-0.0074568503,-1.1779473,-1.1312603,11.675324,0.01355446,0.052685063,0.07869506,29.862689971923828,5.263990879058838,-0.039020814,-0.6866078,0.9340458,0.19740362,-0.031409405,-0.49436998,0.73575,0.009296609,0.020296793,0.7883833,1.1296844,0.09732635,-0.14101933,0.78357804,0.5482978,0.23054035,-0.007852351,0.5464075,-1.1160624,-0.0097552035,0.49834806,-1.0664885,-0.035254832,0.86589456,-1.1629255,0.0050741984,0.8670958,-1.0175788,0.0,0.0,0.0,0.0,0.0,0.0,0.0,0.0,0.0,0.0,0.0,0.0,0.0,0.0,0.0,0.0,0.092966095,1.9740362,2.3054035,0.9732635,50.0,50.0,50.0,50.0,50.0,50.0,50.0,50.0,50.0,50.0,50.0,50.0,0.0,0.0,0.0,0.0,1.0,1.0,1.0,1.0,1.0,1.0,1.0,1.0,1.0,1.0,1.0,1.0,0.5,0.5,0.5,0.5
1788699163.7054155,294,6.647185999895555,3.3327769999687007,6.490357999950902,2.592092,9.088306,873026,1,0,0.0,0.0,0.0,-0.08145392,0.6168668,-1.192729,0.06861632,0.51213664,-1.2010701,0.07486381,0.89328915,-1.2260607,-0.09396893,0.91100144,-1.0078888,-2.8727322,-1.8717872,-0.80580616,-3.3218386,-0.33717057,0.17052305,0.23455344,-0.36817476,-0.42630762,0.02426415,0.054257333,0.077510476,0.0020220124,0.13176781,-0.34492162,0.022242136,0.07363495,1.3138026,-0.096888095,1.5385829,3.1665,0.4205508,9.672668,-4.8487034,-4.7992268,3.8880334,-3.6612659,4.230246,1.8966017,7.025672,-8.559445,2.1336768,0.47002736,-0.56898046,0.64319533,0.4205508,0.99878377,0.0069422997,0.026561776,0.040952247,0.2237055,0.0149137005,0.42823625,-0.4381389,-2.542642,10.375273,0.016066084,0.052514467,0.08238026,29.836132049560547,5.9134440422058105,0.06875284,-0.6471434,1.1596656,0.16608338,0.07654088,-0.73064834,0.50212145,-0.14446455,-0.090377055,1.0844699,1.054389,0.058736015,-0.24534267,0.571593,0.63818365,0.16794106,0.01913522,0.48733795,-1.1744696,0.01718821,0.5082142,-1.0100836,-0.061335668,0.8128983,-1.140454,-0.022594264,0.9411175,-1.0364027,0.0,0.0,0.0,0.0,0.0,0.0,0.0,0.0,0.0,0.0,0.0,0.0,0.0,0.0,0.0,0.0,-1.4446455,1.6608338,1.6794107,0.58736014,50.0,50.0,50.0,50.0,50.0,50.0,50.0,50.0,50.0,50.0,50.0,50.0,0.0,0.0,0.0,0.0,1.0,1.0,1.0,1.0,1.0,1.0,1.0,1.0,1.0,1.0,1.0,1.0,0.5,0.5,0.5,0.5
1788699163.722156,295,5.693163000046297,3.291016999924068,5.538255000033132,2.646107,8.189418,873042,1,0,0.0,0.0,0.0,-0.0895077,0.6230434,-1.1860154,0.05938167,0.50417364,-1.2019863,0.080041274,0.89879966,-1.2273718,-0.08703536,0.89686185,-1.0056299,-2.8712182,-1.8497754,-0.8055035,-3.2986157,-0.62783486,0.3565482,0.7339905,-0.6820922,-0.5813286,-0.22242136,0.34492162,0.5076936,-0.35587418,0.70146984,-1.2983005,0.323522,0.10076362,1.6238445,0.08913705,1.4765745,3.1912384,2.8201642,10.858045,-5.244516,-4.378676,3.2242227,-2.9191172,5.9371877,1.8017715,7.4956994,-10.4642935,2.418167,1.0390079,-0.4205508,0.7668867,0.12369141,0.99857116,0.008642232,0.026963558,0.045318272,0.3760383,0.11291802,0.6977481,0.2753332,-1.0546459,9.685743,0.019732738,0.053091697,0.091227934,29.765302658081055,7.895986557006836,0.09931533,-0.6699223,1.1821823,0.16272672,0.09617047,-0.8609572,0.5210573,-0.11329437,-0.13532531,1.2113197,1.0598297,0.0072996914,-0.2528671,0.5852757,0.66054595,0.16093066,0.024042618,0.45476073,-1.1697357,0.024828833,0.5025194,-1.0044544,-0.063216776,0.8163189,-1.1348635,-0.03383133,0.97282994,-1.0350425,0.0,0.0,0.0,0.0,0.0,0.0,0.0,0.0,0.0,0.0,0.0,0.0,0.0,0.0,0.0,0.0,-1.1329437,1.6272671,1.6093066,0.072996914,50.0,50.0,50.0,50.0,50.0,50.0,50.0,50.0,50.0,50.0,50.0,50.0,0.0,0.0,0.0,0.0,1.0,1.0,1.0,1.0,1.0,1.0,1.0,1.0,1.0,1.0,1.0,1.0,0.5,0.5,0.5,0.5
1788699163.7432992,296,7.178564000014376,3.4268220000512883,6.964777999996841,1.671412,8.644125,873062,1,0,0.0,0.0,0.0,-0.101346254,0.6256473,-1.1756525,0.045999005,0.49085152,-1.2055407,0.0905173,0.90894264,-1.2337697,-0.076589525,0.87554646,-0.9922024,-2.8710365,-1.8155618,-0.8035656,-3.270912,-0.69371873,0.08913705,0.6187358,-0.8409887,-0.5813286,-0.17793709,0.85649073,0.60070616,-0.33767608,0.53094673,-1.1277775,0.5661635,0.023253143,1.8641269,0.17439857,1.6277201,3.8096955,2.0780158,11.047705,-4.576582,-2.8201642,3.319053,-3.958125,4.9476566,1.4698663,7.124625,-9.375809,1.3276211,1.2121758,-0.32159767,0.791625,-0.049476564,0.99806285,0.011669228,0.027819658,0.05440972,0.35579827,0.10333064,1.0812433,0.89303726,-1.0737995,10.9343195,0.026362453,0.054288357,0.10963863,29.7918643951416,6.8363518714904785,0.16510803,-0.5519506,1.2090514,0.080535576,0.19753648,-1.1700107,0.4062287,-0.07575424,-0.19387943,1.48363,1.0734996,-0.10060759,-0.33594882,0.3698004,0.6097039,0.0660602,0.04938412,0.37749735,-1.1984428,0.041277006,0.53201234,-0.9977371,-0.083987206,0.7624501,-1.147574,-0.048469856,1.0409075,-1.031625,0.0,0.0,0.0,0.0,0.0,0.0,0.0,0.0,0.0,0.0,0.0,0.0,0.0,0.0,0.0,0.0,-0.7575424,0.8053558,0.660602,-1.0060759,50.0,50.0,50.0,50.0,50.0,50.0,50.0,50.0,50.0,50.0,50.0,50.0,0.0,0.0,0.0,0.0,1.0,1.0,1.0,1.0,1.0,1.0,1.0,1.0,1.0,1.0,1.0,1.0,0.5,0.5,0.5,0.5
1788699163.763122,297,6.741904000023169,3.3943440000712144,6.582258999969781,1.623734,8.211177,873078,1,0,0.0,0.0,0.0,-0.11454725,0.62673724,-1.1643893,0.033373274,0.4821316,-1.207689,0.10347608,0.9172993,-1.2370712,-0.068929374,0.8630418,-0.9865155,-2.870764,-1.7888267,-0.80065906,-3.2509892,-0.7673537,-0.25578457,0.6328899,-0.77510476,-0.3100419,-0.0808805,0.7479761,0.3720503,-0.050550308,0.47668946,-0.3565482,0.24870755,0.023253143,1.9416375,0.2286559,1.472699,4.725012,0.9400547,9.008858,-3.6365275,-1.5090352,4.0776935,-5.368207,2.9438555,1.7069415,6.1845703,-6.901981,0.28449023,1.0390079,-0.12369141,0.86583984,-0.17316797,0.997446,0.014548349,0.028545264,0.06383738,0.35899407,0.09374326,1.2847087,0.14963761,0.08259996,9.120711,0.03272241,0.05511516,0.12872942,29.88039779663086,4.887991428375244,0.21887837,-0.5077876,1.1284223,0.0040625595,0.25855944,-1.2852124,0.39369687,-0.038068015,-0.22041765,1.6136253,1.0976816,-0.13988926,-0.3672919,0.30156738,0.5682233,-0.047733594,0.06463986,0.34869692,-1.2015758,0.054719593,0.54305315,-1.0178944,-0.091822974,0.74539185,-1.1579441,-0.055104412,1.0734063,-1.0255796,0.0,0.0,0.0,0.0,0.0,0.0,0.0,0.0,0.0,0.0,0.0,0.0,0.0,0.0,0.0,0.0,-0.38068014,0.040625595,-0.47733593,-1.3988925,50.0,50.0,50.0,50.0,50.0,50.0,50.0,50.0,50.0,50.0,50.0,50.0,0.0,0.0,0.0,0.0,1.0,1.0,1.0,1.0,1.0,1.0,1.0,1.0,1.0,1.0,1.0,1.0,0.5,0.5,0.5,0.5
1788699163.7862213,298,6.896874999938518,3.1959809999762,6.739408000044023,2.599516,9.343883,873094,1,0,0.0,0.0,0.0,-0.124296665,0.63037056,-1.1548005,0.019748386,0.47323,-1.2088739,0.117767066,0.92656416,-1.237324,-0.05772668,0.85192996,-0.9854729,-2.8667674,-1.7636662,-0.7965716,-3.232429,-0.569702,0.4999426,0.7622987,-0.76347816,-0.52707124,-0.12334275,0.8758684,0.61233276,-0.04044025,0.82161105,-0.80610895,-0.03437421,0.4999426,1.6238445,0.28291324,1.1045243,5.1455626,0.12369141,8.202802,-3.0675468,-0.6926719,4.2199388,-6.1350937,2.3501368,1.7069415,5.368207,-5.8382344,0.33190528,0.8411016,-0.024738282,0.8411016,-0.024738282,0.99674296,0.0165067,0.028317282,0.073683694,0.22477077,-0.06817692,1.1984223,0.33159694,0.7637503,8.710106,0.037141666,0.05404386,0.14858453,29.889251708984375,4.614537715911865,0.19928174,-0.5391692,0.86198753,-0.06748227,0.20713766,-1.1534221,0.47299597,0.09605154,-0.19895086,1.4746406,1.1733199,-0.14519224,-0.32019314,0.45744938,0.58143485,-0.030367795,0.051784415,0.3816445,-1.181751,0.049820434,0.53520775,-1.084503,-0.080048285,0.7843624,-1.1546413,-0.049737714,1.0386602,-1.00667,0.0,0.0,0.0,0.0,0.0,0.0,0.0,0.0,0.0,0.0,0.0,0.0,0.0,0.0,0.0,0.0,0.9605154,-0.6748227,-0.30367795,-1.4519224,50.0,50.0,50.0,50.0,50.0,50.0,50.0,50.0,50.0,50.0,50.0,50.0,0.0,0.0,0.0,0.0,1.0,1.0,1.0,1.0,1.0,1.0,1.0,1.0,1.0,1.0,1.0,1.0,0.5,0.5,0.5,0.5
1788699163.8016531,299,5.686412000045493,3.133805999937067,5.531280000013794,1.487161,7.024328,873108,1,0,0.0,0.0,0.0,-0.13123024,0.6312486,-1.1443745,0.011664286,0.46711394,-1.2091739,0.12591173,0.93083334,-1.2380033,-0.049097598,0.8467525,-0.98589945,-2.8616505,-1.7402616,-0.7905463,-3.219985,-0.4999426,-0.40305448,0.6328899,-0.6355859,-0.2906643,-0.018198112,0.36429924,0.28291324,0.016176099,0.5890796,-0.26353562,-0.13547485,0.38755238,1.6625998,0.6782167,1.1704081,5.541375,-0.22264454,6.069125,-2.1274922,-0.24738282,5.1208243,-6.7782893,0.64319533,2.323337,4.230246,-4.2055078,-0.33190528,0.59371877,0.14842969,0.6926719,-0.024738282,0.99610984,0.017996455,0.02773961,0.08168098,0.107591696,-0.09587379,1.0641991,0.5542577,1.033098,8.7125,0.04045092,0.052347366,0.16469298,29.915813446044922,3.8625388145446777,0.17943178,-0.5777397,0.82491916,-0.23839086,0.1874728,-1.0045986,0.4613233,0.11964619,-0.16269796,1.3909816,1.2059659,-0.13214424,-0.29029083,0.5284272,0.57915,-0.07324216,0.0468682,0.41885036,-1.1846691,0.044857945,0.5255651,-1.0937701,-0.07257271,0.8021068,-1.1552124,-0.04067449,1.0177454,-0.99850845,0.0,0.0,0.0,0.0,0.0,0.0,0.0,0.0,0.0,0.0,0.0,0.0,0.0,0.0,0.0,0.0,1.1964619,-2.3839087,-0.7324216,-1.3214424,50.0,50.0,50.0,50.0,50.0,50.0,50.0,50.0,50.0,50.0,50.0,50.0,0.0,0.0,0.0,0.0,1.0,1.0,1.0,1.0,1.0,1.0,1.0,1.0,1.0,1.0,1.0,1.0,0.5,0.5,0.5,0.5
1788699163.8235877,300,6.998153000040475,3.117582999948354,5.554799000037747,0.097757,5.6587,873126,1,0,0.0,0.0,0.0,-0.1361351,0.62570786,-1.1417207,0.004942676,0.46626616,-1.2076575,0.13096808,0.9256861,-1.2371659,-0.043647647,0.8548972,-0.988269,-2.856473,-1.7146165,-0.77480197,-3.2014854,0.2092783,-0.2092783,-0.32756603,-0.17439857,-0.011626571,0.09099056,0.04263076,-0.18214962,0.14760691,0.15889648,0.8448642,-0.31341195,0.046506286,1.7168571,1.2789229,0.9184992,6.48143,-3.9086485,1.4698663,-0.64319533,1.7811563,7.396746,-8.683137,-3.0180705,3.650958,2.4243517,-0.2721211,-1.0905459,0.024738282,0.074214846,0.5442422,0.0,0.995404,0.019402402,0.026774975,0.08987564,0.047936894,-0.04261057,0.67644286,-0.079008654,1.1264719,9.956287,0.043507013,0.049836855,0.18117742,29.889251708984375,4.409446716308594,0.14113633,-0.7092389,0.74705863,-0.26192203,0.11713616,-0.7945241,0.679333,0.124328926,-0.102912396,1.1434666,1.2075049,0.035434958,-0.23097938,0.7283432,0.63516426,-0.004269761,0.02928404,0.471369,-1.1301668,0.035284083,0.4926903,-1.1132352,-0.057744846,0.8520858,-1.1412089,-0.025728099,0.9558667,-0.99812376,0.0,0.0,0.0,0.0,0.0,0.0,0.0,0.0,0.0,0.0,0.0,0.0,0.0,0.0,0.0,0.0,1.2432892,-2.6192203,-0.04269761,0.35434958,50.0,50.0,50.0,50.0,50.0,50.0,50.0,50.0,50.0,50.0,50.0,50.0,0.0,0.0,0.0,0.0,1.0,1.0,1.0,1.0,1.0,1.0,1.0,1.0,1.0,1.0,1.0,1.0,0.5,0.5,0.5,0.5
1788699163.893672,301,14.392552000003889,3.5031080000180737,14.155822000020635,2.573852,16.737418,873172,1,0,0.0,0.0,0.0,-0.12559855,0.6254959,-1.163173,0.018567564,0.47029307,-1.2055407,0.12588145,0.92178035,-1.2344015,-0.047825873,0.8898677,-1.0170668,-2.8224714,-1.6674744,-0.71957576,-3.186256,0.6665901,-0.18214962,-0.47921693,0.7130964,0.46118733,0.030330187,-0.5735775,-0.24415801,0.018198112,-0.43405867,1.1200264,-0.6328899,1.0115118,0.902997,1.0967733,-0.077510476,7.0009336,-8.683137,-0.04741504,-0.44528908,1.1874375,10.383894,-9.276855,-5.2197776,5.0734096,1.2863907,3.1417618,-0.28449023,-1.0637461,0.2721211,0.24738282,0.024738282,0.9957312,0.01677957,0.025553608,0.087091245,-0.40160465,-0.11504854,-0.8703209,-1.0390835,2.4959552,9.360131,0.037919592,0.047984757,0.17539527,29.800716400146484,6.938897132873535,-0.1494964,-1.276067,0.52489966,-0.022556225,-0.19310585,0.3784331,1.4518341,0.37133864,0.3101889,-0.16705899,1.4693722,0.30067122,0.25144956,1.6003852,0.6408234,0.14869294,-0.04827646,0.76460826,-0.9370414,-0.0373741,0.35098326,-1.1687751,0.06286239,1.0700963,-1.1397941,0.07754722,0.6282353,-0.9326569,0.0,0.0,0.0,0.0,0.0,0.0,0.0,0.0,0.0,0.0,0.0,0.0,0.0,0.0,0.0,0.0,3.7133863,-0.22556224,1.4869294,3.0067122,50.0,50.0,50.0,50.0,50.0,50.0,50.0,50.0,50.0,50.0,50.0,50.0,0.0,0.0,0.0,0.0,1.0,1.0,1.0,1.0,1.0,1.0,1.0,1.0,1.0,1.0,1.0,1.0,0.5,0.5,0.5,0.5
1788699163.9075212,302,6.976808999979767,3.267818000040279,6.780750000075386,0.116157,6.902539,873188,1,0,0.0,0.0,0.0,-0.11018729,0.618744,-1.1722877,0.035371594,0.48043603,-1.2030132,0.115405425,0.91290903,-1.231953,-0.057696402,0.9173597,-1.0225958,-2.804971,-1.6572104,-0.70982647,-3.18998,1.1432796,-0.41080552,-0.6975943,1.4378194,0.5038181,0.088968545,-0.4999426,-0.44180974,0.40238047,-0.5348223,1.7633634,-0.161761,1.5114542,0.5890796,0.5580754,-0.34879714,7.0751486,-12.09702,-0.85347074,-1.2121758,2.1274922,10.763214,-9.870575,-7.3225317,3.7932034,0.9895313,4.6013203,-0.28449023,-1.0884844,0.12369141,0.074214846,-0.34633595,0.99654484,0.0126569895,0.024451226,0.078361124,-0.7787082,-0.14061488,-1.3635383,-2.5115175,4.7297454,7.6949644,0.02909447,0.0467669,0.15762322,29.694477081298828,9.536711692810059,-0.24500434,-1.2009892,0.46516863,0.06703678,-0.20897946,0.27621898,1.6421254,0.46008283,0.40604913,-0.39108846,1.4950804,0.32159314,0.29949185,1.6411654,0.3592665,0.16617227,-0.052244864,0.73905474,-0.8894686,-0.061251085,0.3697527,-1.1837078,0.07487296,1.0802914,-1.2101834,0.10151228,0.5722279,-0.92622983,0.0,0.0,0.0,0.0,0.0,0.0,0.0,0.0,0.0,0.0,0.0,0.0,0.0,0.0,0.0,0.0,4.600828,0.6703678,1.6617227,3.2159314,50.0,50.0,50.0,50.0,50.0,50.0,50.0,50.0,50.0,50.0,50.0,50.0,0.0,0.0,0.0,0.0,1.0,1.0,1.0,1.0,1.0,1.0,1.0,1.0,1.0,1.0,1.0,1.0,0.5,0.5,0.5,0.5
1788699163.9261746,303,5.707369999981893,3.0507999999827007,5.5272790000344685,1.331069,6.863692,873204,1,0,0.0,0.0,0.0,-0.08790302,0.6089946,-1.1845462,0.060168892,0.4926076,-1.2014493,0.10008499,0.89789134,-1.2256815,-0.07056433,0.9419148,-1.0325321,-2.7749357,-1.6545459,-0.70195425,-3.1996992,1.5230808,-0.7944824,-0.7622987,1.8563759,0.81386006,0.09099056,-1.0308893,-1.0425159,0.59649366,-0.9921341,1.6974795,-0.93619174,2.1431646,-0.0038755238,0.32941952,-1.3099271,6.4566917,-12.81443,-0.14224511,-2.2511837,1.7316797,9.435593,-8.955258,-6.8030276,2.7974875,1.7811563,5.2197776,1.1379609,-1.311129,0.0,-0.37107423,0.0,0.9975376,0.0064467285,0.023465611,0.06577693,-0.89375675,-0.033023193,-1.7864482,-1.6340426,2.255338,9.588778,0.015966255,0.045983773,0.13205513,29.68562126159668,9.605074882507324,-0.35205805,-1.3364748,0.37911156,0.24152717,-0.21630754,0.45710984,1.7832191,0.42810065,0.5826584,-0.6794812,1.4240118,0.23590097,0.36856392,1.7990792,0.22215313,0.10216384,-0.054076884,0.7842775,-0.8541952,-0.08801451,0.33588132,-1.205222,0.09214098,1.1197698,-1.2444617,0.1456646,0.5001297,-0.943997,0.0,0.0,0.0,0.0,0.0,0.0,0.0,0.0,0.0,0.0,0.0,0.0,0.0,0.0,0.0,0.0,4.2810063,2.4152718,1.0216384,2.3590097,50.0,50.0,50.0,50.0,50.0,50.0,50.0,50.0,50.0,50.0,50.0,50.0,0.0,0.0,0.0,0.0,1.0,1.0,1.0,1.0,1.0,1.0,1.0,1.0,1.0,1.0,1.0,1.0,0.5,0.5,0.5,0.5
1788699163.94677,304,5.96278800003347,3.0553440000176124,5.7963929999687025,2.5959,8.397797,873218,1,0,0.0,0.0,0.0,-0.06795013,0.5977919,-1.1939611,0.08266509,0.5031139,-1.1993325,0.08494623,0.8826012,-1.2173566,-0.0819487,0.96810484,-1.0410625,-2.7453847,-1.6551514,-0.69910824,-3.219016,1.5695871,-1.0425159,-0.60660374,1.6936039,0.8332376,0.028308174,-1.3370557,-0.93400127,0.649066,-1.1626571,1.2634208,-0.71174836,2.7322443,-0.16664752,0.1782741,-1.5657116,5.244516,-11.998067,0.85347074,-3.2654533,0.8411016,6.3062005,-7.7183437,-4.230246,2.418167,2.5975196,2.3253984,1.6121113,-1.58325,-0.14842969,-0.2721211,0.17316797,0.99836963,0.0005915742,0.023088735,0.052198514,-0.7829693,0.047936894,-2.079396,-1.3299791,0.7194576,9.307459,0.0035954348,0.046056703,0.104555205,29.774154663085938,6.8363518714904785,-0.4568291,-1.2949529,0.29815933,0.4128069,-0.27035034,0.52533865,1.8781506,0.5099176,0.66573703,-0.85846955,1.3210541,0.018392056,0.46930563,1.8590268,0.16877662,-0.05994339,-0.067587584,0.8013347,-0.83046234,-0.114207275,0.3462618,-1.2254602,0.11732641,1.1347567,-1.2578058,0.16643426,0.45538265,-0.96973646,0.0,0.0,0.0,0.0,0.0,0.0,0.0,0.0,0.0,0.0,0.0,0.0,0.0,0.0,0.0,0.0,5.0991764,4.128069,-0.5994339,0.18392056,50.0,50.0,50.0,50.0,50.0,50.0,50.0,50.0,50.0,50.0,50.0,50.0,0.0,0.0,0.0,0.0,1.0,1.0,1.0,1.0,1.0,1.0,1.0,1.0,1.0,1.0,1.0,1.0,0.5,0.5,0.5,0.5
1788699163.9667118,305,6.1015680000764405,3.2487149999269604,5.878597999981139,1.426139,7.312385,873234,1,0,0.0,0.0,0.0,-0.04854226,0.58250177,-1.2043083,0.106977955,0.5161938,-1.1997747,0.06099671,0.8617703,-1.2088262,-0.09947938,0.9854236,-1.0449327,-2.7009978,-1.6594206,-0.69532347,-3.2494452,1.3176781,-1.2595452,-1.3163301,1.6315955,1.0153872,0.0060660373,-1.6199689,-1.4145663,0.58840567,-1.065769,1.3293047,-0.064704396,2.898892,-0.28678876,0.12014124,-2.3640695,3.8591719,-9.177902,2.2285068,-4.6260586,0.0,6.02171,-5.6403284,-1.6079884,2.0862617,3.686004,1.3606055,2.1336768,-0.9895313,-0.86583984,-0.17316797,0.44528908,0.9991032,-0.004723262,0.023187114,0.03511186,-0.62211436,0.027696872,-2.148638,-1.673547,0.93014735,9.266758,-0.007818364,0.046681277,0.07007532,29.871545791625977,4.956355094909668,-0.48950347,-1.1242319,0.27489677,0.4847677,-0.29583222,0.67791593,1.6673803,0.4090838,0.6767221,-0.823332,1.2264227,-0.14339763,0.4796076,1.8211854,0.20979561,-0.17434943,-0.073958054,0.83947897,-0.88315487,-0.12237587,0.38894203,-1.2312758,0.1199019,1.1252964,-1.2475511,0.16918053,0.464167,-0.99339426,0.0,0.0,0.0,0.0,0.0,0.0,0.0,0.0,0.0,0.0,0.0,0.0,0.0,0.0,0.0,0.0,4.090838,4.847677,-1.7434943,-1.4339763,50.0,50.0,50.0,50.0,50.0,50.0,50.0,50.0,50.0,50.0,50.0,50.0,0.0,0.0,0.0,0.0,1.0,1.0,1.0,1.0,1.0,1.0,1.0,1.0,1.0,1.0,1.0,1.0,0.5,0.5,0.5,0.5
1788699164.0007129,306,16.053275999979633,3.1024140000681655,15.862848999972812,2.744408,18.613497,873249,1,0,0.0,0.0,0.0,-0.030557394,0.56945217,-1.2220166,0.12662807,0.5284562,-1.1984478,0.03453414,0.84414876,-1.1983055,-0.117827594,0.9994724,-1.0455331,-2.6542192,-1.665143,-0.69608045,-3.2837496,1.1200264,-0.8409887,-1.6438962,1.2750474,0.9533789,0.20624527,-1.7052305,-1.4533215,0.83306915,-1.3796865,0.93787676,-0.12940879,2.937647,-0.53094673,-0.14339438,-2.5888498,2.8696408,-6.9267187,3.413883,-5.5661135,-1.1626992,5.2630696,-3.7107422,-0.6679336,1.4224513,5.46716,0.0,2.6078272,-0.89057815,-0.8411016,-0.2721211,0.56898046,0.999513,-0.008483449,0.023095073,0.019197676,-0.3813646,0.012783172,-2.050634,-0.90021986,-1.3718776,8.5700445,-0.016089983,0.04651014,0.03803509,29.924665451049805,3.759993553161621,-0.43963116,-1.0926951,0.38369134,0.5520365,-0.3209536,0.72123677,1.3800049,0.29018062,0.60320896,-0.70669836,1.0269444,-0.23671435,0.4542698,1.7132217,0.251342,-0.14472178,-0.0802384,0.8503092,-0.95499873,-0.10990779,0.39682624,-1.2040771,0.11356745,1.0983055,-1.2371645,0.15080224,0.4933254,-1.0432639,0.0,0.0,0.0,0.0,0.0,0.0,0.0,0.0,0.0,0.0,0.0,0.0,0.0,0.0,0.0,0.0,2.9018064,5.520365,-1.4472177,-2.3671434,50.0,50.0,50.0,50.0,50.0,50.0,50.0,50.0,50.0,50.0,50.0,50.0,0.0,0.0,0.0,0.0,1.0,1.0,1.0,1.0,1.0,1.0,1.0,1.0,1.0,1.0,1.0,1.0,0.5,0.5,0.5,0.5
1788699164.0138507,307,8.403720000046633,3.039249999915228,8.235565000063616,1.400572,9.64164,873268,1,0,0.0,0.0,0.0,-0.016327024,0.5592789,-1.2415575,0.14243294,0.5407489,-1.196568,0.0071935356,0.8297669,-1.1856204,-0.13693267,1.0060123,-1.0556115,-2.6082578,-1.6772237,-0.6965649,-3.3009775,0.4650629,-0.67434114,-0.66322005,0.4728139,0.6704656,-0.014154087,-1.3215537,-0.92625016,0.6248018,-1.36806,0.3410461,-0.86542135,2.4067004,-0.40693003,0.06975943,0.651088,1.8306329,-3.8096955,6.4484453,-6.0856175,-3.1665,4.409599,-2.0285392,2.2017071,1.8017715,7.2977934,-2.9685938,3.698373,-0.44528908,-1.1132227,-0.024738282,-0.17316797,0.9996661,-0.010576842,0.023540422,0.0013712266,-0.010652643,0.106526434,-1.5254585,0.047884032,-5.687426,13.344083,-0.021107042,0.047111556,0.0022460648,29.924665451049805,3.520721197128296,-0.32631722,-0.9238086,0.5748829,0.49025258,-0.28847995,0.5152755,1.0414218,0.025403386,0.4229455,-0.21200344,0.79043615,-0.24625899,0.25364867,1.3379507,0.3173733,-0.077291444,-0.07211999,0.7988189,-1.0396445,-0.081579305,0.43904787,-1.1562792,0.06341217,1.0044878,-1.2206566,0.105736375,0.61699915,-1.1023909,0.0,0.0,0.0,0.0,0.0,0.0,0.0,0.0,0.0,0.0,0.0,0.0,0.0,0.0,0.0,0.0,0.25403386,4.902526,-0.7729144,-2.46259,50.0,50.0,50.0,50.0,50.0,50.0,50.0,50.0,50.0,50.0,50.0,50.0,0.0,0.0,0.0,0.0,1.0,1.0,1.0,1.0,1.0,1.0,1.0,1.0,1.0,1.0,1.0,1.0,0.5,0.5,0.5,0.5
1788699164.0364513,308,8.628706000081365,3.1209109999963403,8.445510999990802,5.133596,13.585027,873280,1,0,0.0,0.0,0.0,-0.011936784,0.5517398,-1.2511305,0.14812511,0.54574466,-1.1965364,-0.0033733249,0.8169292,-1.178654,-0.15470558,1.0118256,-1.061409,-2.588426,-1.6813415,-0.6976851,-3.2967386,0.34879714,-0.5541999,-0.6935503,0.49606705,0.28678876,0.032352198,-0.7441006,-0.6665901,0.44282073,-1.1781592,0.44568524,-0.4205786,2.0617785,-0.40693003,-0.24028248,0.32941952,1.6822032,-3.6365275,6.9700108,-6.308262,-3.0675468,4.4570136,-2.1274922,2.4985664,1.4698663,7.9409885,-3.4386213,3.650958,-0.51950395,-1.0390079,0.074214846,0.0,0.99962026,-0.011487547,0.02440037,-0.005678703,-0.043675836,0.18748651,-0.89375675,0.0011971008,-2.7605145,11.445481,-0.023273148,0.048670955,-0.011928103,29.915813446044922,3.794175148010254,-0.14040218,-0.80569917,1.095564,0.36745825,-0.19859418,0.11564278,0.5234625,-0.3375951,0.2007399,0.40129778,0.52868074,-0.27005813,0.0027806815,0.86556304,0.4345643,-0.014095263,-0.049648546,0.6989107,-1.1691344,-0.035100546,0.46857524,-1.026109,0.00069517037,0.8863908,-1.1913589,0.050184976,0.77032447,-1.1678298,0.0,0.0,0.0,0.0,0.0,0.0,0.0,0.0,0.0,0.0,0.0,0.0,0.0,0.0,0.0,0.0,-3.375951,3.6745825,-0.14095263,-2.7005813,50.0,50.0,50.0,50.0,50.0,50.0,50.0,50.0,50.0,50.0,50.0,50.0,0.0,0.0,0.0,0.0,1.0,1.0,1.0,1.0,1.0,1.0,1.0,1.0,1.0,1.0,1.0,1.0,0.5,0.5,0.5,0.5
1788699164.0547643,309,5.559954000091238,3.1906379999782075,5.383093999967059,2.819703,8.208845,873296,1,0,0.0,0.0,0.0,-0.009302616,0.54550266,-1.2612089,0.15160702,0.5485605,-1.1967101,-0.010367423,0.81057096,-1.1751155,-0.16799742,1.0154892,-1.0654529,-2.5614488,-1.6876392,-0.7015909,-3.294286,0.04263076,-0.3759258,-0.50752515,-0.023253143,0.12014124,-0.03437421,-0.24028248,-0.1472699,0.14760691,-0.6665901,0.096888095,-0.14356288,1.7633634,-0.43018317,-0.45343632,0.065883905,1.9048477,-3.5375743,7.112256,-6.0856175,-3.0180705,4.4570136,-2.2511837,2.3501368,1.6121113,8.138895,-3.2654533,3.650958,-0.2721211,-1.0884844,0.22264454,0.074214846,0.9995651,-0.011496688,0.025414094,-0.009569847,0.120374866,0.11078749,-0.15552859,-0.8403648,-4.1264067,11.033679,-0.023502043,0.05060764,-0.019742284,29.915813446044922,4.067629337310791,0.08227677,-0.71917206,1.6618704,0.38472515,-0.009881575,-0.37221897,0.14276704,-0.7007047,-0.050671816,0.9880119,0.43821308,-0.29595158,-0.25274774,0.346411,0.60565794,-0.07306595,-0.0024703937,0.5769453,-1.2643082,0.020569192,0.49020702,-0.88453233,-0.063186936,0.75660276,-1.1485854,-0.012667954,0.917003,-1.1904467,0.0,0.0,0.0,0.0,0.0,0.0,0.0,0.0,0.0,0.0,0.0,0.0,0.0,0.0,0.0,0.0,-7.0070467,3.8472514,-0.7306595,-2.9595158,50.0,50.0,50.0,50.0,50.0,50.0,50.0,50.0,50.0,50.0,50.0,50.0,0.0,0.0,0.0,0.0,1.0,1.0,1.0,1.0,1.0,1.0,1.0,1.0,1.0,1.0,1.0,1.0,0.5,0.5,0.5,0.5
1788699164.0736222,310,5.895176999956675,3.0272820000618594,5.705132999992202,5.251769,10.96279,873308,1,0,0.0,0.0,0.0,-0.010755897,0.5419299,-1.2636575,0.15057759,0.5483788,-1.197105,-0.011336327,0.81102514,-1.1748153,-0.16948098,1.014702,-1.0657374,-2.541405,-1.6926956,-0.7076162,-3.293287,-0.23640695,-0.35267267,-0.06268239,-0.12401676,-0.054257333,-0.020220125,-0.034879714,0.06975943,0.012132075,0.18214962,-0.2286559,-0.020220125,1.6354711,-0.46893838,-0.740225,0.12789229,2.2264454,-3.2901914,6.8751807,-5.887711,-2.8449025,4.4570136,-2.3253984,2.1027539,1.6595265,7.4214845,-2.9685938,3.603543,-0.14842969,-1.0637461,0.32159767,0.074214846,0.999563,-0.010916173,0.025858369,-0.009285301,0.14700648,0.023435814,0.21944445,-0.7086837,-2.6384103,10.888829,-0.02233449,0.051514197,-0.019153612,29.906957626342773,4.135993003845215,0.19969128,-0.7897277,1.8835284,0.4029789,0.091348134,-0.5907063,0.05796729,-0.9332164,-0.17256577,1.2568879,0.43382177,-0.26511455,-0.36168674,0.17801079,0.6842117,-0.22233182,0.022837033,0.5223234,-1.2855082,0.04992282,0.4725681,-0.8291179,-0.090421684,0.7145027,-1.128947,-0.043141443,0.984222,-1.1915445,0.0,0.0,0.0,0.0,0.0,0.0,0.0,0.0,0.0,0.0,0.0,0.0,0.0,0.0,0.0,0.0,-9.332164,4.029789,-2.223318,-2.6511455,50.0,50.0,50.0,50.0,50.0,50.0,50.0,50.0,50.0,50.0,50.0,50.0,0.0,0.0,0.0,0.0,1.0,1.0,1.0,1.0,1.0,1.0,1.0,1.0,1.0,1.0,1.0,1.0,0.5,0.5,0.5,0.5
1788699164.0941262,311,7.334242999945673,3.1278879999945275,7.179400000040914,0.108158,7.293221,873324,1,0,0.0,0.0,0.0,-0.014116764,0.53753966,-1.2634047,0.14742872,0.54577494,-1.1973736,-0.009065509,0.8132657,-1.1752577,-0.16563576,1.0127945,-1.0655951,-2.5141554,-1.6991144,-0.7136414,-3.2920759,-0.18214962,-0.20540276,0.026286162,-0.1782741,-0.22090487,-0.036396224,0.33329505,0.19377619,-0.06672641,0.3759258,-0.081386,-0.012132075,1.5928403,-0.46118733,-0.162772,0.065883905,2.3996134,-3.1912384,6.827766,-5.6650667,-2.5975196,4.409599,-2.8696408,1.8058946,1.8017715,6.7782893,-2.8201642,3.508713,-0.17316797,-1.0637461,0.024738282,0.12369141,0.9995926,-0.010392662,0.025857886,-0.006177937,0.045806367,-0.03728425,0.49641317,-0.5482722,-1.0773908,10.38485,-0.021126024,0.051589172,-0.012905833,29.747596740722656,11.724344253540039,0.27396882,-0.76788014,1.9039606,0.34171474,0.17081954,-0.819919,-0.001135882,-1.0313944,-0.23983102,1.4974025,0.44875363,-0.29808173,-0.45327047,0.023949934,0.7761309,-0.43483183,0.042704884,0.46502027,-1.3002839,0.068492204,0.47802997,-0.8240098,-0.11331762,0.6759875,-1.1059673,-0.059957754,1.0443506,-1.1878115,0.0,0.0,0.0,0.0,0.0,0.0,0.0,0.0,0.0,0.0,0.0,0.0,0.0,0.0,0.0,0.0,-10.313944,3.4171474,-4.348318,-2.9808173,50.0,50.0,50.0,50.0,50.0,50.0,50.0,50.0,50.0,50.0,50.0,50.0,0.0,0.0,0.0,0.0,1.0,1.0,1.0,1.0,1.0,1.0,1.0,1.0,1.0,1.0,1.0,1.0,0.5,0.5,0.5,0.5
1788699164.1250422,312,19.312528000000384,3.006674999937786,19.14657999998326,0.137565,19.291089,873338,1,0,0.0,0.0,0.0,-0.030799627,0.5617011,-1.2446694,0.13298635,0.5333915,-1.2038978,0.014793187,0.8371546,-1.1874688,-0.1466518,0.9756137,-1.0491189,-2.4938996,-1.6961169,-0.7110678,-3.283144,-1.6354711,0.2596601,0.33767608,-1.1587815,-0.7906069,-0.18804716,0.8332376,1.2789229,-1.4882011,0.86424184,-1.554085,2.5760438,0.37980133,1.2130389,0.21702933,0.9611299,0.64319533,10.241649,18.634111,-7.91625,-8.584184,1.1379609,1.6079884,10.761152,0.66381055,10.761152,-19.345337,3.2716377,1.6822032,-0.791625,0.6679336,0.89057815,0.9996368,-0.008263202,0.025612533,-0.0014382908,0.28122976,-0.058589537,1.1515508,-0.19752164,-9.922769,10.407595,-0.01661662,0.05120507,-0.0033031553,29.25180435180664,21.29523468017578,0.3197722,-0.61422765,1.7285604,0.1804453,0.23855574,-1.0641782,-0.19554177,-0.8746026,-0.32834715,1.6921407,0.6122641,-0.42573115,-0.5244681,-0.063627176,0.76547605,-0.53192675,0.059638936,0.40395546,-1.3488854,0.07994305,0.51644313,-0.86785984,-0.13111703,0.6540932,-1.1086309,-0.08208679,1.0930352,-1.1469339,0.0,0.0,0.0,0.0,0.0,0.0,0.0,0.0,0.0,0.0,0.0,0.0,0.0,0.0,0.0,0.0,-8.746026,1.804453,-5.3192673,-4.2573113,50.0,50.0,50.0,50.0,50.0,50.0,50.0,50.0,50.0,50.0,50.0,50.0,0.0,0.0,0.0,0.0,1.0,1.0,1.0,1.0,1.0,1.0,1.0,1.0,1.0,1.0,1.0,1.0,0.5,0.5,0.5,0.5
1788699164.143175,313,13.184174000002713,3.1793740000694015,12.95867500004988,1.507865,14.474636,873356,1,0,0.0,0.0,0.0,-0.053961992,0.5641839,-1.2268978,0.10967265,0.5128027,-1.209016,0.04207325,0.8750924,-1.2128702,-0.123640835,0.9364043,-1.018773,-2.49175,-1.6653852,-0.7059206,-3.2607083,-1.8292472,0.30229086,1.2556697,-1.3215537,-1.790492,-0.34778613,1.8331227,2.0966582,-1.6823144,1.0735201,-1.9145088,1.0999748,-0.15114543,2.3640695,0.6162083,1.6393466,2.0038009,8.831567,16.073698,-7.5204377,-5.788758,1.6595265,0.049476564,8.460492,1.8017715,10.761152,-16.9952,3.9828634,2.3996134,-0.7668867,0.47002736,0.74214846,0.9995384,-0.002612785,0.027156051,0.013372348,0.8255798,0.35260248,2.1699433,1.377863,-7.0126166,13.650541,-0.0045035505,0.054383714,0.026632963,29.358043670654297,17.603607177734375,0.37866762,-0.19399963,1.479261,0.10977101,0.4671229,-1.8113171,-0.030343661,-0.5645124,-0.4355203,2.3920267,0.84229803,-0.6304197,-0.5697236,-0.1772151,0.5416475,-0.7797182,0.11678073,0.21717075,-1.3075858,0.094666906,0.62150013,-0.9301847,-0.1424309,0.62569624,-1.1645881,-0.10888007,1.2680067,-1.0894254,0.0,0.0,0.0,0.0,0.0,0.0,0.0,0.0,0.0,0.0,0.0,0.0,0.0,0.0,0.0,0.0,-5.6451235,1.0977101,-7.797182,-6.304197,50.0,50.0,50.0,50.0,50.0,50.0,50.0,50.0,50.0,50.0,50.0,50.0,0.0,0.0,0.0,0.0,1.0,1.0,1.0,1.0,1.0,1.0,1.0,1.0,1.0,1.0,1.0,1.0,0.5,0.5,0.5,0.5
1788699164.1617045,314,7.615484999973887,2.5881259999778194,7.3701149999578774,6.067716,13.445254,873368,1,0,0.0,0.0,0.0,-0.07530761,0.5701183,-1.2103426,0.087842554,0.49188095,-1.2155243,0.06826331,0.9043405,-1.2344962,-0.105383456,0.9070957,-1.0073202,-2.4925673,-1.6378326,-0.6984724,-3.2426932,-1.8990066,0.2092783,1.3992326,-2.360194,-1.9028822,-0.76634276,3.0539126,2.9764023,-1.6378301,1.7246081,-2.9802778,1.2334275,-0.21315381,2.9996555,0.4379342,1.7013549,3.1170235,10.983797,17.259075,-6.901981,-6.1350937,1.4224513,-2.0285392,8.114157,0.99571586,11.552777,-18.00947,1.9914317,2.2264454,-0.37107423,0.24738282,0.17316797,0.9991732,0.0022221338,0.029482957,0.027904874,0.71798813,0.390952,2.7696872,1.0845734,-1.3263878,10.140641,0.0060966136,0.05882707,0.05602079,29.242948532104492,20.33814811706543,0.35819685,-0.009021215,1.1653973,-0.11349891,0.48850906,-2.0395167,-0.034093812,-0.2459644,-0.41774255,2.591146,0.97703296,-0.7937681,-0.55156153,-0.1919759,0.36520115,-0.7936383,0.122127265,0.16012084,-1.3085234,0.08954921,0.6677447,-1.0086507,-0.13789038,0.62200606,-1.2086997,-0.10443564,1.3177865,-1.0557417,0.0,0.0,0.0,0.0,0.0,0.0,0.0,0.0,0.0,0.0,0.0,0.0,0.0,0.0,0.0,0.0,-2.4596438,-1.1349891,-7.936383,-7.937681,50.0,50.0,50.0,50.0,50.0,50.0,50.0,50.0,50.0,50.0,50.0,50.0,0.0,0.0,0.0,0.0,1.0,1.0,1.0,1.0,1.0,1.0,1.0,1.0,1.0,1.0,1.0,1.0,0.5,0.5,0.5,0.5
1788699164.1846762,315,10.05542100006096,3.3227939999278533,9.877346000052967,0.119421,10.002911,873386,1,0,0.0,0.0,0.0,-0.10879457,0.5829257,-1.184483,0.049299255,0.4555782,-1.2297416,0.12848532,0.95490396,-1.255222,-0.06868714,0.8485086,-0.9821081,-2.4936876,-1.582334,-0.6924169,-3.218653,-2.131538,0.7479761,2.0199904,-2.6469827,-2.3136878,-1.0878427,4.3367114,3.410461,-0.986742,2.7554975,-4.91804,1.2435377,0.2092783,4.142935,-0.22478038,1.2983005,4.4281526,10.711676,16.595264,-5.7392817,-3.3891447,1.3276211,-4.9476566,5.961926,0.52156544,9.375809,-15.312997,-0.23707521,2.4243517,-0.14842969,-0.14842969,-0.59371877,0.9977873,0.008933991,0.03366995,0.05663123,0.8394283,0.42610574,3.5483954,1.1875241,-1.3575124,8.787917,0.021691235,0.066227406,0.11411056,29.349191665649414,17.67197036743164,0.3788087,0.18372306,0.875644,-0.17637794,0.5492858,-2.3638604,0.07604242,0.13871336,-0.45308757,2.9026527,1.1032387,-0.9940802,-0.5506879,-0.20211013,0.09419504,-0.7031975,0.13732146,0.079034925,-1.2809893,0.09470218,0.71593076,-1.0810889,-0.13767198,0.6194725,-1.2764512,-0.11327189,1.3956633,-1.0241903,0.0,0.0,0.0,0.0,0.0,0.0,0.0,0.0,0.0,0.0,0.0,0.0,0.0,0.0,0.0,0.0,1.3871336,-1.7637794,-7.031975,-9.940802,50.0,50.0,50.0,50.0,50.0,50.0,50.0,50.0,50.0,50.0,50.0,50.0,0.0,0.0,0.0,0.0,1.0,1.0,1.0,1.0,1.0,1.0,1.0,1.0,1.0,1.0,1.0,1.0,0.5,0.5,0.5,0.5
1788699164.202487,316,7.607132999964961,2.9978110000001834,6.566999000028773,2.339076,8.912187,873400,1,0,0.0,0.0,0.0,-0.14318979,0.59328055,-1.1594291,0.008878754,0.42611817,-1.2418422,0.19594365,0.99032867,-1.2633415,-0.03810686,0.80206287,-0.9580178,-2.4931426,-1.5321338,-0.69562626,-3.2007287,-2.1431646,1.0231383,2.5072956,-2.9764023,-2.3911982,-0.93821377,4.58862,2.3059366,-0.649066,2.5578458,-3.8522706,2.26061,-0.096888095,4.3405867,-0.34492162,1.6238445,5.7640195,9.821098,14.603832,-3.7107422,-1.8306329,1.8017715,-8.683137,5.2197776,0.80605567,8.06468,-14.100821,-2.7026572,2.1274922,-0.14842969,-0.074214846,-1.4595586,0.9957477,0.014341453,0.036958724,0.08315629,0.70307446,0.41012678,4.0160465,0.10414778,-0.15682021,4.361038,0.034803018,0.071278304,0.16787715,29.499698638916016,13.775249481201172,0.4229644,0.18655357,0.79444855,-0.31430817,0.5817332,-2.4459581,-0.0054014996,0.35985,-0.41442627,2.8886392,1.113267,-1.0669136,-0.5125594,-0.12157139,-0.14166476,-0.580802,0.1454333,0.058510482,-1.3013504,0.1057411,0.7166384,-1.1013879,-0.12813985,0.6396072,-1.3354162,-0.10360657,1.3921598,-1.0216832,0.0,0.0,0.0,0.0,0.0,0.0,0.0,0.0,0.0,0.0,0.0,0.0,0.0,0.0,0.0,0.0,3.5984998,-3.1430817,-5.80802,-10.669136,50.0,50.0,50.0,50.0,50.0,50.0,50.0,50.0,50.0,50.0,50.0,50.0,0.0,0.0,0.0,0.0,1.0,1.0,1.0,1.0,1.0,1.0,1.0,1.0,1.0,1.0,1.0,1.0,0.5,0.5,0.5,0.5
1788699164.22891,317,14.419149999980618,3.240427999912754,14.20289899999716,0.143613,14.354127,873414,1,0,0.0,0.0,0.0,-0.17240763,0.6129307,-1.1354334,-0.02427514,0.4004731,-1.2537215,0.24750629,1.01558,-1.2704502,-0.00029021502,0.7519536,-0.9375291,-2.4935968,-1.4752424,-0.7044976,-3.1911912,-2.116036,1.7129815,1.633786,-2.9841533,-2.1780443,-0.8350911,4.3677154,1.554085,-0.09301257,2.8872652,-4.0693,1.7126446,0.13951886,4.127433,-0.67434114,0.13564333,7.446223,10.241649,11.56927,-2.0780158,1.4842969,1.9914317,-11.181704,4.1560316,1.0905459,5.7640195,-11.280657,-4.646674,1.9295859,0.24738282,-0.5442422,-0.7668867,0.99273765,0.019826656,0.0392689,0.11196811,0.7552724,0.14274542,4.259992,-0.16400282,-0.39384618,1.3000516,0.04830856,0.07359394,0.22640392,29.614795684814453,11.07489013671875,0.44860306,0.23972863,0.60126376,-0.2717324,0.56186634,-2.347379,-0.039935436,0.5956843,-0.41155732,2.9078658,1.1482902,-1.0789069,-0.45895174,-0.026362956,-0.13090575,-0.42493707,0.14046659,0.083155274,-1.3099838,0.112150766,0.7299322,-1.149684,-0.114737935,0.6634093,-1.3327264,-0.10288933,1.3969665,-1.0129274,0.0,0.0,0.0,0.0,0.0,0.0,0.0,0.0,0.0,0.0,0.0,0.0,0.0,0.0,0.0,0.0,5.956843,-2.7173238,-4.2493706,-10.789069,50.0,50.0,50.0,50.0,50.0,50.0,50.0,50.0,50.0,50.0,50.0,50.0,0.0,0.0,0.0,0.0,1.0,1.0,1.0,1.0,1.0,1.0,1.0,1.0,1.0,1.0,1.0,1.0,0.5,0.5,0.5,0.5
1788699164.244668,318,6.3741720000507485,3.3041069999626416,6.1832330000015645,2.739929,8.930138,873428,1,0,0.0,0.0,0.0,-0.20062625,0.64063466,-1.1100793,-0.06521036,0.37564552,-1.2647636,0.30351973,1.0359266,-1.2711768,0.039524734,0.69960374,-0.916456,-2.4889038,-1.422075,-0.7117945,-3.1934316,-1.9416375,2.050152,1.9269778,-2.8291326,-1.6083423,-0.72185844,4.468479,1.4261928,-0.19209118,2.7981281,-3.6778722,1.2394936,0.44180974,3.7282538,-0.4650629,-0.41468105,8.534707,8.361539,9.957158,-0.024738282,2.2511837,2.323337,-14.39768,3.339668,1.4224513,3.7602189,-8.361539,-4.978579,1.7811563,0.4205508,-0.56898046,-0.51950395,0.98885167,0.026456516,0.039585333,0.14108679,0.80853564,-0.11291802,4.161988,1.1695676,0.91219085,2.1643584,0.06369597,0.07088206,0.28570098,29.676767349243164,9.707619667053223,0.41388917,0.18484354,0.42098817,-0.299347,0.4992715,-2.1278925,0.038110785,0.7838712,-0.38348895,2.7016706,1.1567926,-1.0246202,-0.37375906,0.10118146,-0.038020015,-0.24970895,0.12481788,0.1380269,-1.2904723,0.10347229,0.7162109,-1.1947529,-0.093439765,0.6952954,-1.309505,-0.09587224,1.3454177,-1.0108018,0.0,0.0,0.0,0.0,0.0,0.0,0.0,0.0,0.0,0.0,0.0,0.0,0.0,0.0,0.0,0.0,7.8387117,-2.9934702,-2.4970894,-10.2462015,50.0,50.0,50.0,50.0,50.0,50.0,50.0,50.0,50.0,50.0,50.0,50.0,0.0,0.0,0.0,0.0,1.0,1.0,1.0,1.0,1.0,1.0,1.0,1.0,1.0,1.0,1.0,1.0,0.5,0.5,0.5,0.5
1788699164.2669334,319,6.3383969999222245,3.158063000000766,6.155553999974472,2.304773,8.466759,873442,1,0,0.0,0.0,0.0,-0.2209425,0.67363715,-1.092292,-0.0992423,0.35675234,-1.272346,0.356354,1.0474926,-1.2719035,0.07037753,0.6560041,-0.9103899,-2.4850585,-1.3744183,-0.7150341,-3.2026057,-1.6238445,3.0771658,0.9281037,-3.1701784,-1.2634208,-0.43068865,3.6739967,0.8371132,0.09099056,2.0230236,-3.1740541,-0.3396981,-0.05813286,3.69725,-0.13951886,-1.0425159,8.955258,6.3577385,6.4958606,2.5975196,3.2901914,3.9828634,-16.178837,1.9048477,1.8017715,1.9790626,-5.269254,-6.2587852,1.4100821,0.7668867,-0.59371877,-0.64319533,0.98432577,0.03391722,0.03858972,0.16871075,0.8596683,-0.3281014,3.8786273,0.62249243,1.5286977,1.3395559,0.08004426,0.06457017,0.34208232,29.72103500366211,8.784711837768555,0.37896508,0.12368525,0.30152836,-0.34557396,0.42008784,-1.8663623,0.12849241,0.9780079,-0.34638357,2.4430466,1.1477154,-0.92788565,-0.29541615,0.23695876,0.1217861,-0.03614916,0.10502196,0.20340943,-1.2678769,0.09474127,0.70092136,-1.2246178,-0.07385404,0.7292397,-1.2695534,-0.08659589,1.2807617,-1.0130711,0.0,0.0,0.0,0.0,0.0,0.0,0.0,0.0,0.0,0.0,0.0,0.0,0.0,0.0,0.0,0.0,9.780079,-3.4557395,-0.3614916,-9.278856,50.0,50.0,50.0,50.0,50.0,50.0,50.0,50.0,50.0,50.0,50.0,50.0,0.0,0.0,0.0,0.0,1.0,1.0,1.0,1.0,1.0,1.0,1.0,1.0,1.0,1.0,1.0,1.0,0.5,0.5,0.5,0.5
1788699164.2869244,320,11.870831000010185,3.1574549999504598,11.692338999978347,0.132573,11.830768,873454,1,0,0.0,0.0,0.0,-0.23853374,0.7058827,-1.0903015,-0.13212371,0.348426,-1.2739732,0.3852085,1.0404077,-1.2700237,0.08754492,0.6417131,-0.9225851,-2.4876323,-1.3420818,-0.71557915,-3.214414,-1.0076362,3.2205606,-0.26690564,-2.84851,-0.69371873,0.052572325,1.561836,-0.46893838,0.48123896,0.8758684,-0.86811733,-2.1493993,-0.3604237,3.2438135,-0.038755238,-1.6005913,9.623192,1.7069415,2.8923175,5.368207,5.368207,6.1165404,-18.405281,-1.5090352,1.8017715,0.024738282,-0.44528908,-6.3062005,0.32159767,0.7668867,-0.34633595,-0.5442422,0.98023885,0.041113064,0.03642994,0.19003777,1.0173274,-0.6956176,3.4003236,-0.36391866,1.5634137,2.3774424,0.094736375,0.055823006,0.38563353,29.676767349243164,9.707619667053223,0.35370153,0.03804954,0.21189517,-0.36339718,0.38072667,-1.597811,0.14161137,1.0950177,-0.3328945,2.1833336,1.1629895,-0.7465473,-0.23613289,0.31617045,0.29297566,0.085705005,0.09518167,0.27054727,-1.264597,0.08842538,0.6795124,-1.2470262,-0.059033222,0.74904263,-1.2267561,-0.083223626,1.2158334,-1.0092525,0.0,0.0,0.0,0.0,0.0,0.0,0.0,0.0,0.0,0.0,0.0,0.0,0.0,0.0,0.0,0.0,10.950176,-3.6339717,0.85705006,-7.4654727,50.0,50.0,50.0,50.0,50.0,50.0,50.0,50.0,50.0,50.0,50.0,50.0,0.0,0.0,0.0,0.0,1.0,1.0,1.0,1.0,1.0,1.0,1.0,1.0,1.0,1.0,1.0,1.0,0.5,0.5,0.5,0.5
1788699164.3028185,321,7.754680999937591,3.259660000026088,7.589404999976068,1.486394,9.081526,873468,1,0,0.0,0.0,0.0,-0.25212836,0.745516,-1.0913599,-0.1655501,0.3441569,-1.2756319,0.39365593,1.038591,-1.25895,0.097142875,0.62748265,-0.96528435,-2.4889643,-1.3024788,-0.71315694,-3.2343063,-0.97275645,1.8253717,-0.11727672,-2.0579033,0.2286559,-0.115254715,-0.19765173,-0.28678876,1.1222169,-0.17439857,-0.7092209,-3.736679,0.0077510476,2.8601365,0.96888095,-1.7013549,10.315864,-3.8839102,2.8449025,6.48143,6.159832,6.2587852,-16.9952,-1.4100821,0.85347074,-2.1027539,0.12369141,-2.8923175,0.12369141,0.8411016,-1.0390079,-0.34633595,0.97595024,0.049518082,0.03154369,0.2099388,1.0556769,-1.00774,2.587527,-0.1604115,2.9700072,2.89459,0.11021332,0.04078992,0.42601725,29.63250160217285,11.792707443237305,0.23926708,-0.06726,0.02448063,-0.41966993,0.27674416,-1.0188376,0.16942483,1.2896942,-0.26026207,1.7532153,1.1856561,-0.49931762,-0.14324693,0.5058541,0.66527283,0.29084456,0.06918604,0.41529062,-1.2576437,0.05981677,0.653185,-1.2938797,-0.035811733,0.79646355,-1.1336818,-0.06506552,1.1083038,-1.0035859,0.0,0.0,0.0,0.0,0.0,0.0,0.0,0.0,0.0,0.0,0.0,0.0,0.0,0.0,0.0,0.0,12.896942,-4.196699,2.9084456,-4.993176,50.0,50.0,50.0,50.0,50.0,50.0,50.0,50.0,50.0,50.0,50.0,50.0,0.0,0.0,0.0,0.0,1.0,1.0,1.0,1.0,1.0,1.0,1.0,1.0,1.0,1.0,1.0,1.0,0.5,0.5,0.5,0.5
1788699164.323417,322,7.992626000032033,3.4461190000456554,7.784151999999267,1.625943,9.416431,873482,1,0,0.0,0.0,0.0,-0.2569728,0.76849663,-1.115008,-0.17720695,0.3445202,-1.2697238,0.3961084,1.0513378,-1.2595503,0.09341878,0.64622444,-1.029815,-2.502014,-1.2626638,-0.6883596,-3.2579834,-0.46893838,2.4648333,-2.3677764,-0.45343632,-0.18214962,0.11727672,1.147155,2.1509159,-1.8804715,0.25190905,0.06200838,-5.602997,-1.1200264,2.7632484,1.0541425,-2.116036,11.37961,-6.159832,-0.61639553,7.91625,6.679336,13.039136,-21.819164,-10.736414,6.02171,-2.5975196,6.4566917,-1.8966017,-0.9895313,0.47002736,-0.51950395,-0.2721211,0.9723558,0.055506036,0.026145434,0.22529896,0.23222762,-0.6572681,1.9153452,4.2940006,6.7743936,15.909471,0.12005247,0.025837298,0.45692563,29.411165237426758,16.338882446289062,0.10762236,-0.25837213,0.13321458,-0.6048454,0.267527,-0.6199409,0.3931139,1.3745099,-0.12972318,1.3064979,1.2732115,-0.3532848,-0.08490731,0.77887315,0.60888934,0.58204836,0.06688175,0.51501477,-1.2017214,0.02690559,0.605407,-1.2666963,-0.021226827,0.8647183,-1.1477776,-0.032430794,0.99662447,-0.9816971,0.0,0.0,0.0,0.0,0.0,0.0,0.0,0.0,0.0,0.0,0.0,0.0,0.0,0.0,0.0,0.0,13.745099,-6.0484543,5.8204837,-3.5328481,50.0,50.0,50.0,50.0,50.0,50.0,50.0,50.0,50.0,50.0,50.0,50.0,0.0,0.0,0.0,0.0,1.0,1.0,1.0,1.0,1.0,1.0,1.0,1.0,1.0,1.0,1.0,1.0,0.5,0.5,0.5,0.5
1788699164.3418968,323,6.291325999995934,3.2089739999037192,6.098243999986153,2.867095,8.972346,873492,1,0,0.0,0.0,0.0,-0.2598189,0.7820307,-1.135386,-0.17953832,0.34312743,-1.2677965,0.41148937,1.063025,-1.283609,0.08890742,0.65918326,-1.0720403,-2.511188,-1.2418631,-0.6871486,-3.2803586,-0.26741114,0.5929552,-2.8227293,0.41468105,-0.12401676,0.79869497,1.7013549,0.58520406,-1.7187105,-1.8408737,3.011282,-4.897314,-1.2517942,2.5113394,-0.43018317,-2.317563,13.754485,-11.330133,-3.8406184,9.994266,7.7925587,19.250507,-25.802029,-16.69834,8.107972,-3.240715,10.390079,-1.2802061,-2.7459493,0.59371877,-0.074214846,-0.2721211,0.97053784,0.05790509,0.023980808,0.23265481,0.390952,-0.14487594,1.2687298,3.7816415,2.9257145,16.971298,0.123897135,0.019606022,0.4717717,28.729450225830078,33.97666931152344,0.060000222,-0.60258406,0.15133636,-0.7543611,0.31508946,-0.47617048,0.8849895,1.0836885,-0.01429956,0.92718285,1.2752627,-0.19670321,-0.14918968,1.0055395,0.44088528,0.69605595,0.078772366,0.5509574,-1.0787525,0.015000056,0.519354,-1.2621659,-0.03729742,0.92138493,-1.1897787,-0.00357489,0.90179574,-0.98118424,0.0,0.0,0.0,0.0,0.0,0.0,0.0,0.0,0.0,0.0,0.0,0.0,0.0,0.0,0.0,0.0,10.836885,-7.543611,6.9605594,-1.9670321,50.0,50.0,50.0,50.0,50.0,50.0,50.0,50.0,50.0,50.0,50.0,50.0,0.0,0.0,0.0,0.0,1.0,1.0,1.0,1.0,1.0,1.0,1.0,1.0,1.0,1.0,1.0,1.0,0.5,0.5,0.5,0.5
1788699164.3750365,324,19.44868399993993,3.228300999921885,19.23096199993779,0.130492,19.369518,873506,1,0,0.0,0.0,0.0,-0.25730586,0.80019724,-1.1598555,-0.16885035,0.336315,-1.2643844,0.4272337,1.0707458,-1.2891697,0.06553316,0.68358696,-1.1397778,-2.5349257,-1.2097085,-0.6884202,-3.3081834,0.3410461,1.0696446,-1.457871,0.9417523,-0.7557271,0.14356288,-0.10851467,-0.61233276,0.26488364,-2.29431,2.0385253,-5.5423365,-2.2516794,2.3989491,-0.077510476,-2.5810988,12.938122,-12.81443,-4.646674,8.881043,8.831567,22.3799,-25.48043,-15.708809,7.8234816,-1.7069415,9.771622,3.0345626,-2.1522305,0.51950395,-0.8411016,-0.074214846,0.9696367,0.058071237,0.024418114,0.23629668,-0.031957928,0.36005935,0.029827401,3.1268275,2.408567,16.924612,0.124501854,0.019910632,0.47931477,28.632062911987305,36.57448196411133,-0.109110706,-1.3978819,0.04059455,-0.65623426,0.2296929,-0.07707309,1.7656368,0.9261606,0.21935517,-0.07979552,1.5395412,0.044674244,-0.024988672,1.6623964,0.06035744,0.9832763,0.057423227,0.65073174,-0.8585907,-0.027277676,0.32052955,-1.2898513,-0.006247168,1.0855992,-1.2849106,0.05483879,0.6500511,-0.91511464,0.0,0.0,0.0,0.0,0.0,0.0,0.0,0.0,0.0,0.0,0.0,0.0,0.0,0.0,0.0,0.0,9.261606,-6.5623426,9.832763,0.44674245,50.0,50.0,50.0,50.0,50.0,50.0,50.0,50.0,50.0,50.0,50.0,50.0,0.0,0.0,0.0,0.0,1.0,1.0,1.0,1.0,1.0,1.0,1.0,1.0,1.0,1.0,1.0,1.0,0.5,0.5,0.5,0.5
1788699164.3952127,325,14.837602000056904,3.504644999907214,14.618024000014884,1.590039,16.214591,873524,1,0,0.0,0.0,0.0,-0.23913932,0.801378,-1.1920972,-0.13421285,0.3228415,-1.2624571,0.4255987,1.0546684,-1.2762951,0.019057155,0.7283674,-1.2221273,-2.577526,-1.169621,-0.6907213,-3.351541,1.1587815,0.16664752,-1.7611729,2.662485,-0.7363495,0.16378301,-0.35267267,-1.3138026,1.3405943,-2.6741114,2.6702359,-4.3291287,-2.546219,2.6431074,-0.24803352,-2.9647758,12.393879,-14.570848,-3.0345626,6.7782893,8.460492,22.3799,-25.92572,-16.42622,6.3062005,-0.34633595,10.736414,5.3104844,-3.240715,0.59371877,-0.9400547,0.14842969,0.97090006,0.05415988,0.029229943,0.23144233,-0.4388889,0.6625944,-1.1632687,1.2485762,5.8238955,16.129736,0.119038306,0.031694233,0.46991256,28.516965866088867,38.215206146240234,-0.3253565,-1.6704278,-0.11230299,-0.38835314,0.16066658,0.17618454,2.4753592,0.83111817,0.37717152,-0.9222225,1.6843047,0.13957737,0.13392968,2.116062,-0.26072806,1.0102415,0.040166646,0.7140461,-0.68116015,-0.08133913,0.25239307,-1.3280756,0.03348242,1.1990155,-1.3651819,0.09429288,0.4394444,-0.8789238,0.0,0.0,0.0,0.0,0.0,0.0,0.0,0.0,0.0,0.0,0.0,0.0,0.0,0.0,0.0,0.0,8.311182,-3.8835313,10.102415,1.3957738,50.0,50.0,50.0,50.0,50.0,50.0,50.0,50.0,50.0,50.0,50.0,50.0,0.0,0.0,0.0,0.0,1.0,1.0,1.0,1.0,1.0,1.0,1.0,1.0,1.0,1.0,1.0,1.0,0.5,0.5,0.5,0.5
