time_s,loop,warmup,obs_0,obs_1,obs_2,obs_3,obs_4,obs_5,obs_6,obs_7,obs_8,obs_9,obs_10,obs_11,obs_12,obs_13,obs_14,obs_15,obs_16,obs_17,obs_18,obs_19,obs_20,obs_21,obs_22,obs_23,obs_24,obs_25,obs_26,obs_27,obs_28,obs_29,obs_30,obs_31,obs_32,obs_33,obs_34,obs_35,obs_36,obs_37,obs_38,obs_39,obs_40,obs_41,obs_42,obs_43,obs_44,obs_45,obs_46,obs_47,obs_48,obs_49,obs_50,obs_51,obs_52,obs_53,obs_54,obs_55,obs_56,obs_57,obs_58,obs_59,obs_60,obs_61,obs_62,obs_63,obs_64,obs_65,obs_66,obs_67,obs_68,obs_69,obs_70,obs_71,obs_72,obs_73,obs_74,obs_75,obs_76,obs_77,obs_78,obs_79,obs_80,obs_81,obs_82,obs_83,obs_84,obs_85,obs_86,obs_87,obs_88,obs_89,obs_90,obs_91,obs_92,obs_93,obs_94,obs_95,obs_96,obs_97,obs_98,obs_99,obs_100,obs_101,obs_102,obs_103,obs_104,obs_105,obs_106,obs_107,obs_108,obs_109,obs_110,obs_111,obs_112,obs_113,obs_114,obs_115,obs_116,obs_117,obs_118,obs_119,obs_120,obs_121,obs_122,obs_123,obs_124,obs_125,obs_126,obs_127,obs_128,obs_129,obs_130,obs_131,obs_132,obs_133,obs_134,obs_135,obs_136,obs_137,obs_138,obs_139,obs_140,obs_141,obs_142,obs_143,obs_144,obs_145,obs_146,obs_147,obs_148,obs_149,obs_150,obs_151,obs_152,obs_153,obs_154,obs_155,obs_156,obs_157,obs_158,obs_159,obs_160,obs_161,obs_162,obs_163,obs_164,obs_165,obs_166,obs_167,obs_168,obs_169,obs_170,obs_171,obs_172,obs_173,obs_174,obs_175,obs_176,obs_177,obs_178,obs_179,obs_180,obs_181,obs_182,obs_183,obs_184,obs_185,obs_186,obs_187,obs_188,obs_189,obs_190,obs_191,obs_192,obs_193,obs_194,obs_195,obs_196,obs_197,obs_198,obs_199,obs_200,obs_201,obs_202,obs_203,obs_204,obs_205,obs_206,obs_207,obs_208,obs_209,obs_210,obs_211,obs_212,obs_213,obs_214,obs_215,obs_216,obs_217,obs_218,obs_219,obs_220,obs_221,obs_222,obs_223,obs_224,obs_225,obs_226,obs_227,obs_228,obs_229,obs_230,obs_231,obs_232,obs_233,obs_234,obs_235,obs_236,obs_237,obs_238,obs_239,obs_240,obs_241,obs_242,obs_243,obs_244,obs_245,obs_246,obs_247,obs_248,obs_249,obs_250,obs_251,obs_252,obs_253,obs_254,obs_255,obs_256,obs_257,obs_258,obs_259,obs_260,obs_261,obs_262,obs_263,obs_264,action_0,action_1,action_2,action_3,action_4,action_5,action_6,action_7,action_8,action_9,action_10,action_11,action_12,action_13,action_14,action_15
1788699157.811568,1,1,-0.006391586,0.0053263213,0.009587379,0.010422747,-0.0068701417,-0.999922,0.0,0.0,0.0,0.03416049,-0.02969861,-0.096399784,-0.017719746,-0.028033197,-0.09123385,0.032893956,-0.030799925,-0.11892605,-0.040644974,-0.028741002,-0.12309635,0.002906643,-0.0017439857,-0.0009099056,0.0007751048,-0.0007751048,0.00096888095,0.00040440247,-0.0027128668,0.0007751048,0.0032941953,-0.00080880494,-0.0005813286,0.0013564334,-0.0054257335,0.002426415,0.0019377619,0.0,0.0,0.0,0.0,0.0,0.0,0.0,0.0,0.0,0.0,0.0,0.0,0.0,0.0,0.0,0.0,0.0,0.0,0.0,0.0,0.0,-1.0,0.0,0.0,0.0,0.0,0.0,0.0,0.0,0.0,0.0,0.0,0.0,0.0,0.0,0.0,0.0,0.0,0.0,0.0,0.0,0.0,0.0,0.0,0.0,0.0,0.0,0.0,0.0,0.0,0.0,0.0,0.0,0.0,0.0,0.0,0.0,0.0,0.0,0.0,0.0,0.0,0.0,0.0,0.0,0.0,0.0,0.0,0.0,0.0,0.0,0.0,0.0,0.0,-1.0,0.0,0.0,0.0,0.0,0.0,0.0,0.0,0.0,0.0,0.0,0.0,0.0,0.0,0.0,0.0,0.0,0.0,0.0,0.0,0.0,0.0,0.0,0.0,0.0,0.0,0.0,0.0,0.0,0.0,0.0,0.0,0.0,0.0,0.0,0.0,0.0,0.0,0.0,0.0,0.0,0.0,0.0,0.0,0.0,0.0,0.0,0.0,0.0,0.0,0.0,0.0,0.0,-1.0,0.0,0.0,0.0,0.0,0.0,0.0,0.0,0.0,0.0,0.0,0.0,0.0,0.0,0.0,0.0,0.0,0.0,0.0,0.0,0.0,0.0,0.0,0.0,0.0,0.0,0.0,0.0,0.0,0.0,0.0,0.0,0.0,0.0,0.0,0.0,0.0,0.0,0.0,0.0,0.0,0.0,0.0,0.0,0.0,0.0,0.0,0.0,0.0,0.0,0.0,0.0,0.0,-1.0,0.0,0.0,0.0,0.0,0.0,0.0,0.0,0.0,0.0,0.0,0.0,0.0,0.0,0.0,0.0,0.0,0.0,0.0,0.0,0.0,0.0,0.0,0.0,0.0,0.0,0.0,0.0,0.0,0.0,0.0,0.0,0.0,0.0,0.0,0.0,0.0,0.0,0.0,0.0,0.0,0.0,0.0,0.0,0.0,0.0,0.0,0.0,0.28522548,-0.33284768,-0.34026292,0.15875132,-0.059669707,-0.19060145,-0.2933221,-0.15938294,-0.028090063,0.1955058,0.62589395,-1.1300114,0.05446076,0.14582033,0.7548985,-1.5880818
1788699157.8293402,2,1,-0.0042610574,-0.0010652643,0.0074568503,0.010345988,-0.006815398,-0.99992317,0.0,0.0,0.0,0.034099936,-0.02969861,-0.09641552,-0.017719746,-0.028033197,-0.091217995,0.032893956,-0.030860484,-0.1189419,-0.040614694,-0.028650165,-0.12312794,0.0,0.0001937762,-0.0016176099,-0.0007751048,0.0023253143,-0.0021315382,0.0011121068,-0.0034879714,-0.0011626572,0.0001937762,-0.0020220126,0.0025190904,-0.0013564334,-0.0025190904,-0.00020220123,-0.0019377619,0.0,0.0,0.0,0.0,0.0,0.0,0.0,0.0,0.0,0.0,0.0,0.0,0.0,0.0,0.0,0.0,-0.006391586,0.0053263213,0.009587379,0.010422747,-0.0068701417,-0.999922,0.0,0.0,0.0,0.03416049,-0.02969861,-0.096399784,-0.017719746,-0.028033197,-0.09123385,0.032893956,-0.030799925,-0.11892605,-0.040644974,-0.028741002,-0.12309635,0.002906643,-0.0017439857,-0.0009099056,0.0007751048,-0.0007751048,0.00096888095,0.00040440247,-0.0027128668,0.0007751048,0.0032941953,-0.00080880494,-0.0005813286,0.0013564334,-0.0054257335,0.002426415,0.0019377619,0.0,0.0,0.0,0.0,0.0,0.0,0.0,0.0,0.0,0.0,0.0,0.0,0.0,0.0,0.0,0.0,0.0,0.0,0.0,0.0,0.0,-1.0,0.0,0.0,0.0,0.0,0.0,0.0,0.0,0.0,0.0,0.0,0.0,0.0,0.0,0.0,0.0,0.0,0.0,0.0,0.0,0.0,0.0,0.0,0.0,0.0,0.0,0.0,0.0,0.0,0.0,0.0,0.0,0.0,0.0,0.0,0.0,0.0,0.0,0.0,0.0,0.0,0.0,0.0,0.0,0.0,0.0,0.0,0.0,0.0,0.0,0.0,0.0,0.0,-1.0,0.0,0.0,0.0,0.0,0.0,0.0,0.0,0.0,0.0,0.0,0.0,0.0,0.0,0.0,0.0,0.0,0.0,0.0,0.0,0.0,0.0,0.0,0.0,0.0,0.0,0.0,0.0,0.0,0.0,0.0,0.0,0.0,0.0,0.0,0.0,0.0,0.0,0.0,0.0,0.0,0.0,0.0,0.0,0.0,0.0,0.0,0.0,0.0,0.0,0.0,0.0,0.0,-1.0,0.0,0.0,0.0,0.0,0.0,0.0,0.0,0.0,0.0,0.0,0.0,0.0,0.0,0.0,0.0,0.0,0.0,0.0,0.0,0.0,0.0,0.0,0.0,0.0,0.0,0.0,0.0,0.0,0.0,0.0,0.0,0.0,0.0,0.0,0.0,0.0,0.0,0.0,0.0,0.0,0.0,0.0,0.0,0.0,0.0,0.0,0.0,0.32700807,-0.3069951,-0.45693535,0.08291702,-0.06170641,-0.18496102,-0.40315273,-0.15682895,-0.04895907,0.25128877,0.5876278,-1.2222788,0.043100484,0.15170524,0.6679911,-1.7251813
1788699157.8487875,3,1,0.0010652643,0.0053263213,0.0,0.010339446,-0.0068435064,-0.999923,0.0,0.0,0.0,0.034130216,-0.02972889,-0.096399784,-0.017719746,-0.027972639,-0.091217995,0.032893956,-0.030890763,-0.1189419,-0.040644974,-0.028619885,-0.1231122,0.0019377619,-0.0025190904,-0.00040440247,0.0005813286,0.0021315382,0.0,0.0011121068,-0.0007751048,-0.0015502096,0.0,-0.0019209118,-0.0007751048,-0.0044568526,-0.0017439857,0.0011121068,-0.0019377619,0.0,0.0,0.0,0.0,0.0,0.0,0.0,0.0,0.0,0.0,0.0,0.0,0.0,0.0,0.0,0.0,-0.0042610574,-0.0010652643,0.0074568503,0.010345988,-0.006815398,-0.99992317,0.0,0.0,0.0,0.034099936,-0.02969861,-0.09641552,-0.017719746,-0.028033197,-0.091217995,0.032893956,-0.030860484,-0.1189419,-0.040614694,-0.028650165,-0.12312794,0.0,0.0001937762,-0.0016176099,-0.0007751048,0.0023253143,-0.0021315382,0.0011121068,-0.0034879714,-0.0011626572,0.0001937762,-0.0020220126,0.0025190904,-0.0013564334,-0.0025190904,-0.00020220123,-0.0019377619,0.0,0.0,0.0,0.0,0.0,0.0,0.0,0.0,0.0,0.0,0.0,0.0,0.0,0.0,0.0,0.0,-0.006391586,0.0053263213,0.009587379,0.010422747,-0.0068701417,-0.999922,0.0,0.0,0.0,0.03416049,-0.02969861,-0.096399784,-0.017719746,-0.028033197,-0.09123385,0.032893956,-0.030799925,-0.11892605,-0.040644974,-0.028741002,-0.12309635,0.002906643,-0.0017439857,-0.0009099056,0.0007751048,-0.0007751048,0.00096888095,0.00040440247,-0.0027128668,0.0007751048,0.0032941953,-0.00080880494,-0.0005813286,0.0013564334,-0.0054257335,0.002426415,0.0019377619,0.0,0.0,0.0,0.0,0.0,0.0,0.0,0.0,0.0,0.0,0.0,0.0,0.0,0.0,0.0,0.0,0.0,0.0,0.0,0.0,0.0,-1.0,0.0,0.0,0.0,0.0,0.0,0.0,0.0,0.0,0.0,0.0,0.0,0.0,0.0,0.0,0.0,0.0,0.0,0.0,0.0,0.0,0.0,0.0,0.0,0.0,0.0,0.0,0.0,0.0,0.0,0.0,0.0,0.0,0.0,0.0,0.0,0.0,0.0,0.0,0.0,0.0,0.0,0.0,0.0,0.0,0.0,0.0,0.0,0.0,0.0,0.0,0.0,0.0,-1.0,0.0,0.0,0.0,0.0,0.0,0.0,0.0,0.0,0.0,0.0,0.0,0.0,0.0,0.0,0.0,0.0,0.0,0.0,0.0,0.0,0.0,0.0,0.0,0.0,0.0,0.0,0.0,0.0,0.0,0.0,0.0,0.0,0.0,0.0,0.0,0.0,0.0,0.0,0.0,0.0,0.0,0.0,0.0,0.0,0.0,0.0,0.0,0.33512783,-0.326109,-0.4993647,0.024768095,-0.08755611,-0.2444874,-0.44700477,-0.19818279,-0.04432325,0.26656568,0.49960485,-1.2797197,0.054037154,0.13398734,0.569972,-1.798515
1788699157.8674254,4,1,0.010652643,0.0,-0.012783172,0.010379853,-0.006882536,-0.99992234,0.0,0.0,0.0,0.034130216,-0.029668331,-0.09638393,-0.017719746,-0.028063476,-0.09123385,0.032893956,-0.030830204,-0.1189419,-0.040644974,-0.028680444,-0.1231122,-0.0001937762,0.0,0.0010110063,0.0005813286,0.0019377619,-0.0044568526,0.0009099056,-0.0023253143,0.0007751048,-0.00096888095,-0.0016176099,-0.00096888095,-0.0019377619,-0.0023253143,0.0010110063,-0.0007751048,0.0,0.0,0.0,0.0,0.0,0.0,0.0,0.0,0.0,0.0,0.0,0.0,0.0,0.0,0.0,0.0,0.0010652643,0.0053263213,0.0,0.010339446,-0.0068435064,-0.999923,0.0,0.0,0.0,0.034130216,-0.02972889,-0.096399784,-0.017719746,-0.027972639,-0.091217995,0.032893956,-0.030890763,-0.1189419,-0.040644974,-0.028619885,-0.1231122,0.0019377619,-0.0025190904,-0.00040440247,0.0005813286,0.0021315382,0.0,0.0011121068,-0.0007751048,-0.0015502096,0.0,-0.0019209118,-0.0007751048,-0.0044568526,-0.0017439857,0.0011121068,-0.0019377619,0.0,0.0,0.0,0.0,0.0,0.0,0.0,0.0,0.0,0.0,0.0,0.0,0.0,0.0,0.0,0.0,-0.0042610574,-0.0010652643,0.0074568503,0.010345988,-0.006815398,-0.99992317,0.0,0.0,0.0,0.034099936,-0.02969861,-0.09641552,-0.017719746,-0.028033197,-0.091217995,0.032893956,-0.030860484,-0.1189419,-0.040614694,-0.028650165,-0.12312794,0.0,0.0001937762,-0.0016176099,-0.0007751048,0.0023253143,-0.0021315382,0.0011121068,-0.0034879714,-0.0011626572,0.0001937762,-0.0020220126,0.0025190904,-0.0013564334,-0.0025190904,-0.00020220123,-0.0019377619,0.0,0.0,0.0,0.0,0.0,0.0,0.0,0.0,0.0,0.0,0.0,0.0,0.0,0.0,0.0,0.0,-0.006391586,0.0053263213,0.009587379,0.010422747,-0.0068701417,-0.999922,0.0,0.0,0.0,0.03416049,-0.02969861,-0.096399784,-0.017719746,-0.028033197,-0.09123385,0.032893956,-0.030799925,-0.11892605,-0.040644974,-0.028741002,-0.12309635,0.002906643,-0.0017439857,-0.0009099056,0.0007751048,-0.0007751048,0.00096888095,0.00040440247,-0.0027128668,0.0007751048,0.0032941953,-0.00080880494,-0.0005813286,0.0013564334,-0.0054257335,0.002426415,0.0019377619,0.0,0.0,0.0,0.0,0.0,0.0,0.0,0.0,0.0,0.0,0.0,0.0,0.0,0.0,0.0,0.0,0.0,0.0,0.0,0.0,0.0,-1.0,0.0,0.0,0.0,0.0,0.0,0.0,0.0,0.0,0.0,0.0,0.0,0.0,0.0,0.0,0.0,0.0,0.0,0.0,0.0,0.0,0.0,0.0,0.0,0.0,0.0,0.0,0.0,0.0,0.0,0.0,0.0,0.0,0.0,0.0,0.0,0.0,0.0,0.0,0.0,0.0,0.0,0.0,0.0,0.0,0.0,0.0,0.0,0.3334472,-0.39420247,-0.59321237,0.049213525,-0.109945506,-0.28679112,-0.455533,-0.29889268,-0.025849115,0.25498497,0.3797942,-1.3403895,0.06775746,0.12824027,0.48192975,-1.8482836
1788699157.8874376,5,1,-0.0042610574,-0.0021305287,0.0074568503,0.010369105,-0.0068889298,-0.99992263,0.0,0.0,0.0,0.034130216,-0.029638052,-0.096399784,-0.017689466,-0.028063476,-0.09123385,0.032863677,-0.030799925,-0.11891031,-0.040644974,-0.028741002,-0.12312794,-0.0017439857,0.0019377619,-0.0011121068,0.0025190904,0.0021315382,-0.0005813286,0.0010110063,-0.0007751048,-0.0019377619,0.002906643,0.00060660375,0.0007751048,0.0,-0.0019377619,-0.00040440247,-0.0019377619,0.0,0.0,0.0,0.0,0.0,0.0,0.0,0.0,0.0,0.0,0.0,0.0,0.0,0.0,0.0,0.0,0.010652643,0.0,-0.012783172,0.010379853,-0.006882536,-0.99992234,0.0,0.0,0.0,0.034130216,-0.029668331,-0.09638393,-0.017719746,-0.028063476,-0.09123385,0.032893956,-0.030830204,-0.1189419,-0.040644974,-0.028680444,-0.1231122,-0.0001937762,0.0,0.0010110063,0.0005813286,0.0019377619,-0.0044568526,0.0009099056,-0.0023253143,0.0007751048,-0.00096888095,-0.0016176099,-0.00096888095,-0.0019377619,-0.0023253143,0.0010110063,-0.0007751048,0.0,0.0,0.0,0.0,0.0,0.0,0.0,0.0,0.0,0.0,0.0,0.0,0.0,0.0,0.0,0.0,0.0010652643,0.0053263213,0.0,0.010339446,-0.0068435064,-0.999923,0.0,0.0,0.0,0.034130216,-0.02972889,-0.096399784,-0.017719746,-0.027972639,-0.091217995,0.032893956,-0.030890763,-0.1189419,-0.040644974,-0.028619885,-0.1231122,0.0019377619,-0.0025190904,-0.00040440247,0.0005813286,0.0021315382,0.0,0.0011121068,-0.0007751048,-0.0015502096,0.0,-0.0019209118,-0.0007751048,-0.0044568526,-0.0017439857,0.0011121068,-0.0019377619,0.0,0.0,0.0,0.0,0.0,0.0,0.0,0.0,0.0,0.0,0.0,0.0,0.0,0.0,0.0,0.0,-0.0042610574,-0.0010652643,0.0074568503,0.010345988,-0.006815398,-0.99992317,0.0,0.0,0.0,0.034099936,-0.02969861,-0.09641552,-0.017719746,-0.028033197,-0.091217995,0.032893956,-0.030860484,-0.1189419,-0.040614694,-0.028650165,-0.12312794,0.0,0.0001937762,-0.0016176099,-0.0007751048,0.0023253143,-0.0021315382,0.0011121068,-0.0034879714,-0.0011626572,0.0001937762,-0.0020220126,0.0025190904,-0.0013564334,-0.0025190904,-0.00020220123,-0.0019377619,0.0,0.0,0.0,0.0,0.0,0.0,0.0,0.0,0.0,0.0,0.0,0.0,0.0,0.0,0.0,0.0,-0.006391586,0.0053263213,0.009587379,0.010422747,-0.0068701417,-0.999922,0.0,0.0,0.0,0.03416049,-0.02969861,-0.096399784,-0.017719746,-0.028033197,-0.09123385,0.032893956,-0.030799925,-0.11892605,-0.040644974,-0.028741002,-0.12309635,0.002906643,-0.0017439857,-0.0009099056,0.0007751048,-0.0007751048,0.00096888095,0.00040440247,-0.0027128668,0.0007751048,0.0032941953,-0.00080880494,-0.0005813286,0.0013564334,-0.0054257335,0.002426415,0.0019377619,0.0,0.0,0.0,0.0,0.0,0.0,0.0,0.0,0.0,0.0,0.0,0.0,0.0,0.0,0.0,0.0,0.29722768,-0.4852168,-0.64829534,0.024989787,-0.13304442,-0.3659977,-0.48558918,-0.3978535,-0.043894917,0.1597514,0.21596271,-1.3972621,0.06907156,0.004676424,0.36051545,-1.9491994
1788699157.9074295,6,1,-0.0042610574,-0.0042610574,0.009587379,0.010329817,-0.0068642553,-0.99992305,0.0,0.0,0.0,0.03416049,-0.029668331,-0.096399784,-0.017719746,-0.028033197,-0.091217995,0.032893956,-0.030860484,-0.1189419,-0.040614694,-0.028650165,-0.12314379,0.0034879714,0.0021315382,-0.00080880494,0.0019377619,0.0015502096,0.0,0.00070770434,-0.0038755238,-0.0013564334,0.0,-0.0019209118,0.0015502096,0.0027128668,-0.0007751048,-0.0018198112,-0.0031004192,0.0,0.0,0.0,0.0,0.0,0.0,0.0,0.0,0.0,0.0,0.0,0.0,0.0,0.0,0.0,0.0,-0.0042610574,-0.0021305287,0.0074568503,0.010369105,-0.0068889298,-0.99992263,0.0,0.0,0.0,0.034130216,-0.029638052,-0.096399784,-0.017689466,-0.028063476,-0.09123385,0.032863677,-0.030799925,-0.11891031,-0.040644974,-0.028741002,-0.12312794,-0.0017439857,0.0019377619,-0.0011121068,0.0025190904,0.0021315382,-0.0005813286,0.0010110063,-0.0007751048,-0.0019377619,0.002906643,0.00060660375,0.0007751048,0.0,-0.0019377619,-0.00040440247,-0.0019377619,0.0,0.0,0.0,0.0,0.0,0.0,0.0,0.0,0.0,0.0,0.0,0.0,0.0,0.0,0.0,0.0,0.010652643,0.0,-0.012783172,0.010379853,-0.006882536,-0.99992234,0.0,0.0,0.0,0.034130216,-0.029668331,-0.09638393,-0.017719746,-0.028063476,-0.09123385,0.032893956,-0.030830204,-0.1189419,-0.040644974,-0.028680444,-0.1231122,-0.0001937762,0.0,0.0010110063,0.0005813286,0.0019377619,-0.0044568526,0.0009099056,-0.0023253143,0.0007751048,-0.00096888095,-0.0016176099,-0.00096888095,-0.0019377619,-0.0023253143,0.0010110063,-0.0007751048,0.0,0.0,0.0,0.0,0.0,0.0,0.0,0.0,0.0,0.0,0.0,0.0,0.0,0.0,0.0,0.0,0.0010652643,0.0053263213,0.0,0.010339446,-0.0068435064,-0.999923,0.0,0.0,0.0,0.034130216,-0.02972889,-0.096399784,-0.017719746,-0.027972639,-0.091217995,0.032893956,-0.030890763,-0.1189419,-0.040644974,-0.028619885,-0.1231122,0.0019377619,-0.0025190904,-0.00040440247,0.0005813286,0.0021315382,0.0,0.0011121068,-0.0007751048,-0.0015502096,0.0,-0.0019209118,-0.0007751048,-0.0044568526,-0.0017439857,0.0011121068,-0.0019377619,0.0,0.0,0.0,0.0,0.0,0.0,0.0,0.0,0.0,0.0,0.0,0.0,0.0,0.0,0.0,0.0,-0.0042610574,-0.0010652643,0.0074568503,0.010345988,-0.006815398,-0.99992317,0.0,0.0,0.0,0.034099936,-0.02969861,-0.09641552,-0.017719746,-0.028033197,-0.091217995,0.032893956,-0.030860484,-0.1189419,-0.040614694,-0.028650165,-0.12312794,0.0,0.0001937762,-0.0016176099,-0.0007751048,0.0023253143,-0.0021315382,0.0011121068,-0.0034879714,-0.0011626572,0.0001937762,-0.0020220126,0.0025190904,-0.0013564334,-0.0025190904,-0.00020220123,-0.0019377619,0.0,0.0,0.0,0.0,0.0,0.0,0.0,0.0,0.0,0.0,0.0,0.0,0.0,0.0,0.0,0.0,0.2964648,-0.48072168,-0.6489641,0.036202047,-0.13160497,-0.3750153,-0.4881349,-0.39300087,-0.04041584,0.17646065,0.2127327,-1.396847,0.06876166,0.009420052,0.37152687,-1.9408579
1788699157.9274063,7,1,0.008522115,0.003195793,0.006391586,0.010306274,-0.0068195215,-0.9999236,0.0,0.0,0.0,0.034099936,-0.02972889,-0.096399784,-0.017750025,-0.028002918,-0.091217995,0.032924235,-0.030890763,-0.1189419,-0.040584415,-0.028619885,-0.1231122,-0.0005813286,-0.0021315382,-0.00040440247,0.0015502096,-0.0007751048,0.0,0.0010110063,0.0011626572,0.00096888095,0.0,-0.0020220126,0.0025190904,0.0011626572,-0.0034879714,0.00080880494,-0.0017439857,0.0,0.0,0.0,0.0,0.0,0.0,0.0,0.0,0.0,0.0,0.0,0.0,0.0,0.0,0.0,0.0,-0.0042610574,-0.0042610574,0.009587379,0.010329817,-0.0068642553,-0.99992305,0.0,0.0,0.0,0.03416049,-0.029668331,-0.096399784,-0.017719746,-0.028033197,-0.091217995,0.032893956,-0.030860484,-0.1189419,-0.040614694,-0.028650165,-0.12314379,0.0034879714,0.0021315382,-0.00080880494,0.0019377619,0.0015502096,0.0,0.00070770434,-0.0038755238,-0.0013564334,0.0,-0.0019209118,0.0015502096,0.0027128668,-0.0007751048,-0.0018198112,-0.0031004192,0.0,0.0,0.0,0.0,0.0,0.0,0.0,0.0,0.0,0.0,0.0,0.0,0.0,0.0,0.0,0.0,-0.0042610574,-0.0021305287,0.0074568503,0.010369105,-0.0068889298,-0.99992263,0.0,0.0,0.0,0.034130216,-0.029638052,-0.096399784,-0.017689466,-0.028063476,-0.09123385,0.032863677,-0.030799925,-0.11891031,-0.040644974,-0.028741002,-0.12312794,-0.0017439857,0.0019377619,-0.0011121068,0.0025190904,0.0021315382,-0.0005813286,0.0010110063,-0.0007751048,-0.0019377619,0.002906643,0.00060660375,0.0007751048,0.0,-0.0019377619,-0.00040440247,-0.0019377619,0.0,0.0,0.0,0.0,0.0,0.0,0.0,0.0,0.0,0.0,0.0,0.0,0.0,0.0,0.0,0.0,0.010652643,0.0,-0.012783172,0.010379853,-0.006882536,-0.99992234,0.0,0.0,0.0,0.034130216,-0.029668331,-0.09638393,-0.017719746,-0.028063476,-0.09123385,0.032893956,-0.030830204,-0.1189419,-0.040644974,-0.028680444,-0.1231122,-0.0001937762,0.0,0.0010110063,0.0005813286,0.0019377619,-0.0044568526,0.0009099056,-0.0023253143,0.0007751048,-0.00096888095,-0.0016176099,-0.00096888095,-0.0019377619,-0.0023253143,0.0010110063,-0.0007751048,0.0,0.0,0.0,0.0,0.0,0.0,0.0,0.0,0.0,0.0,0.0,0.0,0.0,0.0,0.0,0.0,0.0010652643,0.0053263213,0.0,0.010339446,-0.0068435064,-0.999923,0.0,0.0,0.0,0.034130216,-0.02972889,-0.096399784,-0.017719746,-0.027972639,-0.091217995,0.032893956,-0.030890763,-0.1189419,-0.040644974,-0.028619885,-0.1231122,0.0019377619,-0.0025190904,-0.00040440247,0.0005813286,0.0021315382,0.0,0.0011121068,-0.0007751048,-0.0015502096,0.0,-0.0019209118,-0.0007751048,-0.0044568526,-0.0017439857,0.0011121068,-0.0019377619,0.0,0.0,0.0,0.0,0.0,0.0,0.0,0.0,0.0,0.0,0.0,0.0,0.0,0.0,0.0,0.0,0.29447025,-0.47977445,-0.65418804,0.030295145,-0.13438678,-0.37227267,-0.4788435,-0.3928168,-0.032606605,0.16449147,0.21677451,-1.4152913,0.069246955,0.017006643,0.37674102,-1.9487615
1788699157.9474266,8,1,0.006391586,-0.0010652643,-0.0149137005,0.010324475,-0.006828406,-0.99992335,0.0,0.0,0.0,0.03416049,-0.029638052,-0.096399784,-0.017719746,-0.028033197,-0.091249585,0.032924235,-0.030860484,-0.11892605,-0.040614694,-0.028650165,-0.12312794,0.0021315382,0.0042630765,-0.00050550315,0.0032941953,0.0011626572,-0.0019377619,-0.0014154087,-0.0007751048,0.00096888095,0.0011626572,-0.00040440247,-0.00096888095,-0.00096888095,-0.0017439857,-0.00060660375,0.0001937762,0.0,0.0,0.0,0.0,0.0,0.0,0.0,0.0,0.0,0.0,0.0,0.0,0.0,0.0,0.0,0.0,0.008522115,0.003195793,0.006391586,0.010306274,-0.0068195215,-0.9999236,0.0,0.0,0.0,0.034099936,-0.02972889,-0.096399784,-0.017750025,-0.028002918,-0.091217995,0.032924235,-0.030890763,-0.1189419,-0.040584415,-0.028619885,-0.1231122,-0.0005813286,-0.0021315382,-0.00040440247,0.0015502096,-0.0007751048,0.0,0.0010110063,0.0011626572,0.00096888095,0.0,-0.0020220126,0.0025190904,0.0011626572,-0.0034879714,0.00080880494,-0.0017439857,0.0,0.0,0.0,0.0,0.0,0.0,0.0,0.0,0.0,0.0,0.0,0.0,0.0,0.0,0.0,0.0,-0.0042610574,-0.0042610574,0.009587379,0.010329817,-0.0068642553,-0.99992305,0.0,0.0,0.0,0.03416049,-0.029668331,-0.096399784,-0.017719746,-0.028033197,-0.091217995,0.032893956,-0.030860484,-0.1189419,-0.040614694,-0.028650165,-0.12314379,0.0034879714,0.0021315382,-0.00080880494,0.0019377619,0.0015502096,0.0,0.00070770434,-0.0038755238,-0.0013564334,0.0,-0.0019209118,0.0015502096,0.0027128668,-0.0007751048,-0.0018198112,-0.0031004192,0.0,0.0,0.0,0.0,0.0,0.0,0.0,0.0,0.0,0.0,0.0,0.0,0.0,0.0,0.0,0.0,-0.0042610574,-0.0021305287,0.0074568503,0.010369105,-0.0068889298,-0.99992263,0.0,0.0,0.0,0.034130216,-0.029638052,-0.096399784,-0.017689466,-0.028063476,-0.09123385,0.032863677,-0.030799925,-0.11891031,-0.040644974,-0.028741002,-0.12312794,-0.0017439857,0.0019377619,-0.0011121068,0.0025190904,0.0021315382,-0.0005813286,0.0010110063,-0.0007751048,-0.0019377619,0.002906643,0.00060660375,0.0007751048,0.0,-0.0019377619,-0.00040440247,-0.0019377619,0.0,0.0,0.0,0.0,0.0,0.0,0.0,0.0,0.0,0.0,0.0,0.0,0.0,0.0,0.0,0.0,0.010652643,0.0,-0.012783172,0.010379853,-0.006882536,-0.99992234,0.0,0.0,0.0,0.034130216,-0.029668331,-0.09638393,-0.017719746,-0.028063476,-0.09123385,0.032893956,-0.030830204,-0.1189419,-0.040644974,-0.028680444,-0.1231122,-0.0001937762,0.0,0.0010110063,0.0005813286,0.0019377619,-0.0044568526,0.0009099056,-0.0023253143,0.0007751048,-0.00096888095,-0.0016176099,-0.00096888095,-0.0019377619,-0.0023253143,0.0010110063,-0.0007751048,0.0,0.0,0.0,0.0,0.0,0.0,0.0,0.0,0.0,0.0,0.0,0.0,0.0,0.0,0.0,0.0,0.28547722,-0.50272346,-0.66666996,0.042617094,-0.1389474,-0.3616982,-0.45569095,-0.3990502,-0.023674894,0.1275178,0.21299046,-1.4117386,0.08215152,0.031449776,0.35933158,-1.9447691
1788699157.9674115,9,1,-0.0010652643,0.0021305287,0.003195793,0.01034799,-0.006884236,-0.99992275,0.0,0.0,0.0,0.034221046,-0.029668331,-0.096399784,-0.017689466,-0.028033197,-0.09123385,0.032893956,-0.030799925,-0.11892605,-0.040644974,-0.028710723,-0.1231122,0.0067821667,-0.0003875524,-0.0010110063,0.0013564334,0.0017439857,0.00096888095,0.0015165093,-0.0013564334,0.0,0.0027128668,-0.00070770434,0.0015502096,-0.0003875524,-0.0007751048,0.0010110063,-0.0019377619,0.0,0.0,0.0,0.0,0.0,0.0,0.0,0.0,0.0,0.0,0.0,0.0,0.0,0.0,0.0,0.0,0.006391586,-0.0010652643,-0.0149137005,0.010324475,-0.006828406,-0.99992335,0.0,0.0,0.0,0.03416049,-0.029638052,-0.096399784,-0.017719746,-0.028033197,-0.091249585,0.032924235,-0.030860484,-0.11892605,-0.040614694,-0.028650165,-0.12312794,0.0021315382,0.0042630765,-0.00050550315,0.0032941953,0.0011626572,-0.0019377619,-0.0014154087,-0.0007751048,0.00096888095,0.0011626572,-0.00040440247,-0.00096888095,-0.00096888095,-0.0017439857,-0.00060660375,0.0001937762,0.0,0.0,0.0,0.0,0.0,0.0,0.0,0.0,0.0,0.0,0.0,0.0,0.0,0.0,0.0,0.0,0.008522115,0.003195793,0.006391586,0.010306274,-0.0068195215,-0.9999236,0.0,0.0,0.0,0.034099936,-0.02972889,-0.096399784,-0.017750025,-0.028002918,-0.091217995,0.032924235,-0.030890763,-0.1189419,-0.040584415,-0.028619885,-0.1231122,-0.0005813286,-0.0021315382,-0.00040440247,0.0015502096,-0.0007751048,0.0,0.0010110063,0.0011626572,0.00096888095,0.0,-0.0020220126,0.0025190904,0.0011626572,-0.0034879714,0.00080880494,-0.0017439857,0.0,0.0,0.0,0.0,0.0,0.0,0.0,0.0,0.0,0.0,0.0,0.0,0.0,0.0,0.0,0.0,-0.0042610574,-0.0042610574,0.009587379,0.010329817,-0.0068642553,-0.99992305,0.0,0.0,0.0,0.03416049,-0.029668331,-0.096399784,-0.017719746,-0.028033197,-0.091217995,0.032893956,-0.030860484,-0.1189419,-0.040614694,-0.028650165,-0.12314379,0.0034879714,0.0021315382,-0.00080880494,0.0019377619,0.0015502096,0.0,0.00070770434,-0.0038755238,-0.0013564334,0.0,-0.0019209118,0.0015502096,0.0027128668,-0.0007751048,-0.0018198112,-0.0031004192,0.0,0.0,0.0,0.0,0.0,0.0,0.0,0.0,0.0,0.0,0.0,0.0,0.0,0.0,0.0,0.0,-0.0042610574,-0.0021305287,0.0074568503,0.010369105,-0.0068889298,-0.99992263,0.0,0.0,0.0,0.034130216,-0.029638052,-0.096399784,-0.017689466,-0.028063476,-0.09123385,0.032863677,-0.030799925,-0.11891031,-0.040644974,-0.028741002,-0.12312794,-0.0017439857,0.0019377619,-0.0011121068,0.0025190904,0.0021315382,-0.0005813286,0.0010110063,-0.0007751048,-0.0019377619,0.002906643,0.00060660375,0.0007751048,0.0,-0.0019377619,-0.00040440247,-0.0019377619,0.0,0.0,0.0,0.0,0.0,0.0,0.0,0.0,0.0,0.0,0.0,0.0,0.0,0.0,0.0,0.0,0.29100847,-0.49282032,-0.6421093,0.038566675,-0.12842157,-0.38378686,-0.46273443,-0.40028346,-0.0329786,0.17025253,0.1943022,-1.3925567,0.07130621,0.0068296045,0.3767616,-1.9562197
1788699157.9874468,10,1,0.0042610574,-0.006391586,0.009587379,0.010357611,-0.006879155,-0.9999227,0.0,0.0,0.0,0.034130216,-0.02969861,-0.09638393,-0.017689466,-0.028063476,-0.09123385,0.032893956,-0.030830204,-0.11891031,-0.040644974,-0.028741002,-0.12312794,-0.0001937762,-0.0003875524,0.00030330187,0.0017439857,0.002906643,-0.0001937762,0.0010110063,-0.0031004192,-0.0003875524,-0.00096888095,0.00050550315,0.0025190904,-0.0019377619,-0.0044568526,0.00010110062,0.00096888095,0.0,0.0,0.0,0.0,0.0,0.0,0.0,0.0,0.0,0.0,0.0,0.0,0.0,0.0,0.0,0.0,-0.0010652643,0.0021305287,0.003195793,0.01034799,-0.006884236,-0.99992275,0.0,0.0,0.0,0.034221046,-0.029668331,-0.096399784,-0.017689466,-0.028033197,-0.09123385,0.032893956,-0.030799925,-0.11892605,-0.040644974,-0.028710723,-0.1231122,0.0067821667,-0.0003875524,-0.0010110063,0.0013564334,0.0017439857,0.00096888095,0.0015165093,-0.0013564334,0.0,0.0027128668,-0.00070770434,0.0015502096,-0.0003875524,-0.0007751048,0.0010110063,-0.0019377619,0.0,0.0,0.0,0.0,0.0,0.0,0.0,0.0,0.0,0.0,0.0,0.0,0.0,0.0,0.0,0.0,0.006391586,-0.0010652643,-0.0149137005,0.010324475,-0.006828406,-0.99992335,0.0,0.0,0.0,0.03416049,-0.029638052,-0.096399784,-0.017719746,-0.028033197,-0.091249585,0.032924235,-0.030860484,-0.11892605,-0.040614694,-0.028650165,-0.12312794,0.0021315382,0.0042630765,-0.00050550315,0.0032941953,0.0011626572,-0.0019377619,-0.0014154087,-0.0007751048,0.00096888095,0.0011626572,-0.00040440247,-0.00096888095,-0.00096888095,-0.0017439857,-0.00060660375,0.0001937762,0.0,0.0,0.0,0.0,0.0,0.0,0.0,0.0,0.0,0.0,0.0,0.0,0.0,0.0,0.0,0.0,0.008522115,0.003195793,0.006391586,0.010306274,-0.0068195215,-0.9999236,0.0,0.0,0.0,0.034099936,-0.02972889,-0.096399784,-0.017750025,-0.028002918,-0.091217995,0.032924235,-0.030890763,-0.1189419,-0.040584415,-0.028619885,-0.1231122,-0.0005813286,-0.0021315382,-0.00040440247,0.0015502096,-0.0007751048,0.0,0.0010110063,0.0011626572,0.00096888095,0.0,-0.0020220126,0.0025190904,0.0011626572,-0.0034879714,0.00080880494,-0.0017439857,0.0,0.0,0.0,0.0,0.0,0.0,0.0,0.0,0.0,0.0,0.0,0.0,0.0,0.0,0.0,0.0,-0.0042610574,-0.0042610574,0.009587379,0.010329817,-0.0068642553,-0.99992305,0.0,0.0,0.0,0.03416049,-0.029668331,-0.096399784,-0.017719746,-0.028033197,-0.091217995,0.032893956,-0.030860484,-0.1189419,-0.040614694,-0.028650165,-0.12314379,0.0034879714,0.0021315382,-0.00080880494,0.0019377619,0.0015502096,0.0,0.00070770434,-0.0038755238,-0.0013564334,0.0,-0.0019209118,0.0015502096,0.0027128668,-0.0007751048,-0.0018198112,-0.0031004192,0.0,0.0,0.0,0.0,0.0,0.0,0.0,0.0,0.0,0.0,0.0,0.0,0.0,0.0,0.0,0.0,0.2985156,-0.48561284,-0.6411385,0.026795235,-0.12868208,-0.3802085,-0.485548,-0.3954904,-0.04172288,0.1728123,0.2130392,-1.3962595,0.06715673,-0.000506185,0.37309453,-1.9506351
1788699158.007428,11,1,-0.0042610574,-0.0021305287,0.008522115,0.0103348475,-0.006846479,-0.99992317,0.0,0.0,0.0,0.034130216,-0.029668331,-0.09641552,-0.017719746,-0.028033197,-0.091217995,0.032924235,-0.030860484,-0.11891031,-0.040584415,-0.028619885,-0.12312794,0.0015502096,0.0034879714,-0.0023253143,0.0011626572,-0.0015502096,-0.0001937762,0.0013143081,0.0001937762,0.00096888095,0.0013564334,0.0010110063,-0.00096888095,0.0025190904,0.0,-0.00070770434,0.0038755238,0.0,0.0,0.0,0.0,0.0,0.0,0.0,0.0,0.0,0.0,0.0,0.0,0.0,0.0,0.0,0.0,0.0042610574,-0.006391586,0.009587379,0.010357611,-0.006879155,-0.9999227,0.0,0.0,0.0,0.034130216,-0.02969861,-0.09638393,-0.017689466,-0.028063476,-0.09123385,0.032893956,-0.030830204,-0.11891031,-0.040644974,-0.028741002,-0.12312794,-0.0001937762,-0.0003875524,0.00030330187,0.0017439857,0.002906643,-0.0001937762,0.0010110063,-0.0031004192,-0.0003875524,-0.00096888095,0.00050550315,0.0025190904,-0.0019377619,-0.0044568526,0.00010110062,0.00096888095,0.0,0.0,0.0,0.0,0.0,0.0,0.0,0.0,0.0,0.0,0.0,0.0,0.0,0.0,0.0,0.0,-0.0010652643,0.0021305287,0.003195793,0.01034799,-0.006884236,-0.99992275,0.0,0.0,0.0,0.034221046,-0.029668331,-0.096399784,-0.017689466,-0.028033197,-0.09123385,0.032893956,-0.030799925,-0.11892605,-0.040644974,-0.028710723,-0.1231122,0.0067821667,-0.0003875524,-0.0010110063,0.0013564334,0.0017439857,0.00096888095,0.0015165093,-0.0013564334,0.0,0.0027128668,-0.00070770434,0.0015502096,-0.0003875524,-0.0007751048,0.0010110063,-0.0019377619,0.0,0.0,0.0,0.0,0.0,0.0,0.0,0.0,0.0,0.0,0.0,0.0,0.0,0.0,0.0,0.0,0.006391586,-0.0010652643,-0.0149137005,0.010324475,-0.006828406,-0.99992335,0.0,0.0,0.0,0.03416049,-0.029638052,-0.096399784,-0.017719746,-0.028033197,-0.091249585,0.032924235,-0.030860484,-0.11892605,-0.040614694,-0.028650165,-0.12312794,0.0021315382,0.0042630765,-0.00050550315,0.0032941953,0.0011626572,-0.0019377619,-0.0014154087,-0.0007751048,0.00096888095,0.0011626572,-0.00040440247,-0.00096888095,-0.00096888095,-0.0017439857,-0.00060660375,0.0001937762,0.0,0.0,0.0,0.0,0.0,0.0,0.0,0.0,0.0,0.0,0.0,0.0,0.0,0.0,0.0,0.0,0.008522115,0.003195793,0.006391586,0.010306274,-0.0068195215,-0.9999236,0.0,0.0,0.0,0.034099936,-0.02972889,-0.096399784,-0.017750025,-0.028002918,-0.091217995,0.032924235,-0.030890763,-0.1189419,-0.040584415,-0.028619885,-0.1231122,-0.0005813286,-0.0021315382,-0.00040440247,0.0015502096,-0.0007751048,0.0,0.0010110063,0.0011626572,0.00096888095,0.0,-0.0020220126,0.0025190904,0.0011626572,-0.0034879714,0.00080880494,-0.0017439857,0.0,0.0,0.0,0.0,0.0,0.0,0.0,0.0,0.0,0.0,0.0,0.0,0.0,0.0,0.0,0.0,0.29426035,-0.4909005,-0.6472776,0.032614905,-0.13352256,-0.38117376,-0.48160025,-0.39494127,-0.03630424,0.15738636,0.21167186,-1.407182,0.074126095,0.008356422,0.3673163,-1.9476167
1788699158.0274148,12,1,-0.0074568503,-0.0010652643,-0.019174758,0.010382941,-0.006859601,-0.9999225,0.0,0.0,0.0,0.034099936,-0.02969861,-0.09641552,-0.017689466,-0.028002918,-0.09123385,0.032924235,-0.030890763,-0.11892605,-0.040614694,-0.028589606,-0.1231122,-0.0005813286,0.0019377619,-0.0018198112,0.0015502096,0.0044568526,0.0,0.00020220123,-0.0027128668,0.0,0.0001937762,-0.00070770434,-0.0027128668,-0.0015502096,0.0017439857,0.0010110063,0.0032941953,0.0,0.0,0.0,0.0,0.0,0.0,0.0,0.0,0.0,0.0,0.0,0.0,0.0,0.0,0.0,0.0,-0.0042610574,-0.0021305287,0.008522115,0.0103348475,-0.006846479,-0.99992317,0.0,0.0,0.0,0.034130216,-0.029668331,-0.09641552,-0.017719746,-0.028033197,-0.091217995,0.032924235,-0.030860484,-0.11891031,-0.040584415,-0.028619885,-0.12312794,0.0015502096,0.0034879714,-0.0023253143,0.0011626572,-0.0015502096,-0.0001937762,0.0013143081,0.0001937762,0.00096888095,0.0013564334,0.0010110063,-0.00096888095,0.0025190904,0.0,-0.00070770434,0.0038755238,0.0,0.0,0.0,0.0,0.0,0.0,0.0,0.0,0.0,0.0,0.0,0.0,0.0,0.0,0.0,0.0,0.0042610574,-0.006391586,0.009587379,0.010357611,-0.006879155,-0.9999227,0.0,0.0,0.0,0.034130216,-0.02969861,-0.09638393,-0.017689466,-0.028063476,-0.09123385,0.032893956,-0.030830204,-0.11891031,-0.040644974,-0.028741002,-0.12312794,-0.0001937762,-0.0003875524,0.00030330187,0.0017439857,0.002906643,-0.0001937762,0.0010110063,-0.0031004192,-0.0003875524,-0.00096888095,0.00050550315,0.0025190904,-0.0019377619,-0.0044568526,0.00010110062,0.00096888095,0.0,0.0,0.0,0.0,0.0,0.0,0.0,0.0,0.0,0.0,0.0,0.0,0.0,0.0,0.0,0.0,-0.0010652643,0.0021305287,0.003195793,0.01034799,-0.006884236,-0.99992275,0.0,0.0,0.0,0.034221046,-0.029668331,-0.096399784,-0.017689466,-0.028033197,-0.09123385,0.032893956,-0.030799925,-0.11892605,-0.040644974,-0.028710723,-0.1231122,0.0067821667,-0.0003875524,-0.0010110063,0.0013564334,0.0017439857,0.00096888095,0.0015165093,-0.0013564334,0.0,0.0027128668,-0.00070770434,0.0015502096,-0.0003875524,-0.0007751048,0.0010110063,-0.0019377619,0.0,0.0,0.0,0.0,0.0,0.0,0.0,0.0,0.0,0.0,0.0,0.0,0.0,0.0,0.0,0.0,0.006391586,-0.0010652643,-0.0149137005,0.010324475,-0.006828406,-0.99992335,0.0,0.0,0.0,0.03416049,-0.029638052,-0.096399784,-0.017719746,-0.028033197,-0.091249585,0.032924235,-0.030860484,-0.11892605,-0.040614694,-0.028650165,-0.12312794,0.0021315382,0.0042630765,-0.00050550315,0.0032941953,0.0011626572,-0.0019377619,-0.0014154087,-0.0007751048,0.00096888095,0.0011626572,-0.00040440247,-0.00096888095,-0.00096888095,-0.0017439857,-0.00060660375,0.0001937762,0.0,0.0,0.0,0.0,0.0,0.0,0.0,0.0,0.0,0.0,0.0,0.0,0.0,0.0,0.0,0.0,0.28728402,-0.4965004,-0.655371,0.029781703,-0.13964826,-0.35642892,-0.45586994,-0.39294,-0.022029757,0.122140445,0.22787052,-1.4074552,0.08306166,0.03903997,0.34375718,-1.9385853
1788699158.047393,13,1,-0.0042610574,-0.0010652643,-0.012783172,0.010373181,-0.006904492,-0.99992234,0.0,0.0,0.0,0.03416049,-0.029668331,-0.096399784,-0.017719746,-0.028033197,-0.09123385,0.032893956,-0.030860484,-0.1189419,-0.040644974,-0.028650165,-0.1231122,0.002906643,0.0023253143,-0.0012132075,0.0015502096,0.0011626572,0.0,0.0,0.0005813286,0.0,-0.00096888095,-0.0025275154,0.0025190904,-0.0007751048,0.0011626572,0.0010110063,0.0,0.0,0.0,0.0,0.0,0.0,0.0,0.0,0.0,0.0,0.0,0.0,0.0,0.0,0.0,0.0,0.0,-0.0074568503,-0.0010652643,-0.019174758,0.010382941,-0.006859601,-0.9999225,0.0,0.0,0.0,0.034099936,-0.02969861,-0.09641552,-0.017689466,-0.028002918,-0.09123385,0.032924235,-0.030890763,-0.11892605,-0.040614694,-0.028589606,-0.1231122,-0.0005813286,0.0019377619,-0.0018198112,0.0015502096,0.0044568526,0.0,0.00020220123,-0.0027128668,0.0,0.0001937762,-0.00070770434,-0.0027128668,-0.0015502096,0.0017439857,0.0010110063,0.0032941953,0.0,0.0,0.0,0.0,0.0,0.0,0.0,0.0,0.0,0.0,0.0,0.0,0.0,0.0,0.0,0.0,-0.0042610574,-0.0021305287,0.008522115,0.0103348475,-0.006846479,-0.99992317,0.0,0.0,0.0,0.034130216,-0.029668331,-0.09641552,-0.017719746,-0.028033197,-0.091217995,0.032924235,-0.030860484,-0.11891031,-0.040584415,-0.028619885,-0.12312794,0.0015502096,0.0034879714,-0.0023253143,0.0011626572,-0.0015502096,-0.0001937762,0.0013143081,0.0001937762,0.00096888095,0.0013564334,0.0010110063,-0.00096888095,0.0025190904,0.0,-0.00070770434,0.0038755238,0.0,0.0,0.0,0.0,0.0,0.0,0.0,0.0,0.0,0.0,0.0,0.0,0.0,0.0,0.0,0.0,0.0042610574,-0.006391586,0.009587379,0.010357611,-0.006879155,-0.9999227,0.0,0.0,0.0,0.034130216,-0.02969861,-0.09638393,-0.017689466,-0.028063476,-0.09123385,0.032893956,-0.030830204,-0.11891031,-0.040644974,-0.028741002,-0.12312794,-0.0001937762,-0.0003875524,0.00030330187,0.0017439857,0.002906643,-0.0001937762,0.0010110063,-0.0031004192,-0.0003875524,-0.00096888095,0.00050550315,0.0025190904,-0.0019377619,-0.0044568526,0.00010110062,0.00096888095,0.0,0.0,0.0,0.0,0.0,0.0,0.0,0.0,0.0,0.0,0.0,0.0,0.0,0.0,0.0,0.0,-0.0010652643,0.0021305287,0.003195793,0.01034799,-0.006884236,-0.99992275,0.0,0.0,0.0,0.034221046,-0.029668331,-0.096399784,-0.017689466,-0.028033197,-0.09123385,0.032893956,-0.030799925,-0.11892605,-0.040644974,-0.028710723,-0.1231122,0.0067821667,-0.0003875524,-0.0010110063,0.0013564334,0.0017439857,0.00096888095,0.0015165093,-0.0013564334,0.0,0.0027128668,-0.00070770434,0.0015502096,-0.0003875524,-0.0007751048,0.0010110063,-0.0019377619,0.0,0.0,0.0,0.0,0.0,0.0,0.0,0.0,0.0,0.0,0.0,0.0,0.0,0.0,0.0,0.0,0.2882815,-0.50370663,-0.66268796,0.037562985,-0.138775,-0.36301744,-0.45457134,-0.39328074,-0.027363468,0.13457552,0.21291795,-1.4042066,0.08273359,0.027040519,0.34690744,-1.942147
1788699158.0673783,14,1,0.006391586,0.0074568503,0.011717907,0.010488647,-0.0069242674,-0.9999211,0.0,0.0,0.0,0.03416049,-0.029668331,-0.096368074,-0.017689466,-0.028063476,-0.091249585,0.032863677,-0.030799925,-0.11891031,-0.040675253,-0.028741002,-0.1231122,0.00096888095,0.0038755238,0.0016176099,0.0021315382,0.002906643,0.0,-0.00010110062,-0.0054257335,-0.0019377619,0.0031004192,-0.0018198112,-0.0005813286,-0.0025190904,-0.0019377619,0.0011121068,-0.0013564334,0.0,0.0,0.0,0.0,0.0,0.0,0.0,0.0,0.0,0.0,0.0,0.0,0.0,0.0,0.0,0.0,-0.0042610574,-0.0010652643,-0.012783172,0.010373181,-0.006904492,-0.99992234,0.0,0.0,0.0,0.03416049,-0.029668331,-0.096399784,-0.017719746,-0.028033197,-0.09123385,0.032893956,-0.030860484,-0.1189419,-0.040644974,-0.028650165,-0.1231122,0.002906643,0.0023253143,-0.0012132075,0.0015502096,0.0011626572,0.0,0.0,0.0005813286,0.0,-0.00096888095,-0.0025275154,0.0025190904,-0.0007751048,0.0011626572,0.0010110063,0.0,0.0,0.0,0.0,0.0,0.0,0.0,0.0,0.0,0.0,0.0,0.0,0.0,0.0,0.0,0.0,0.0,-0.0074568503,-0.0010652643,-0.019174758,0.010382941,-0.006859601,-0.9999225,0.0,0.0,0.0,0.034099936,-0.02969861,-0.09641552,-0.017689466,-0.028002918,-0.09123385,0.032924235,-0.030890763,-0.11892605,-0.040614694,-0.028589606,-0.1231122,-0.0005813286,0.0019377619,-0.0018198112,0.0015502096,0.0044568526,0.0,0.00020220123,-0.0027128668,0.0,0.0001937762,-0.00070770434,-0.0027128668,-0.0015502096,0.0017439857,0.0010110063,0.0032941953,0.0,0.0,0.0,0.0,0.0,0.0,0.0,0.0,0.0,0.0,0.0,0.0,0.0,0.0,0.0,0.0,-0.0042610574,-0.0021305287,0.008522115,0.0103348475,-0.006846479,-0.99992317,0.0,0.0,0.0,0.034130216,-0.029668331,-0.09641552,-0.017719746,-0.028033197,-0.091217995,0.032924235,-0.030860484,-0.11891031,-0.040584415,-0.028619885,-0.12312794,0.0015502096,0.0034879714,-0.0023253143,0.0011626572,-0.0015502096,-0.0001937762,0.0013143081,0.0001937762,0.00096888095,0.0013564334,0.0010110063,-0.00096888095,0.0025190904,0.0,-0.00070770434,0.0038755238,0.0,0.0,0.0,0.0,0.0,0.0,0.0,0.0,0.0,0.0,0.0,0.0,0.0,0.0,0.0,0.0,0.0042610574,-0.006391586,0.009587379,0.010357611,-0.006879155,-0.9999227,0.0,0.0,0.0,0.034130216,-0.02969861,-0.09638393,-0.017689466,-0.028063476,-0.09123385,0.032893956,-0.030830204,-0.11891031,-0.040644974,-0.028741002,-0.12312794,-0.0001937762,-0.0003875524,0.00030330187,0.0017439857,0.002906643,-0.0001937762,0.0010110063,-0.0031004192,-0.0003875524,-0.00096888095,0.00050550315,0.0025190904,-0.0019377619,-0.0044568526,0.00010110062,0.00096888095,0.0,0.0,0.0,0.0,0.0,0.0,0.0,0.0,0.0,0.0,0.0,0.0,0.0,0.0,0.0,0.0,0.29538321,-0.49764094,-0.6326728,0.031037685,-0.12711725,-0.38788325,-0.47873786,-0.3998489,-0.042780362,0.18157603,0.18782222,-1.3936442,0.0647814,-0.0125471875,0.36094,-1.9505816
1788699158.0873508,15,1,0.003195793,-0.006391586,0.009587379,0.010492835,-0.0068993596,-0.9999211,0.0,0.0,0.0,0.034130216,-0.02969861,-0.096399784,-0.017689466,-0.028063476,-0.09123385,0.032893956,-0.030860484,-0.11891031,-0.040644974,-0.028650165,-0.12312794,0.0005813286,0.0007751048,-0.0013143081,0.0019377619,0.002906643,-0.0019377619,0.00040440247,-0.0023253143,-0.0005813286,-0.00096888095,0.00040440247,-0.0011626572,-0.0023253143,0.0023253143,-0.00020220123,0.0001937762,0.0,0.0,0.0,0.0,0.0,0.0,0.0,0.0,0.0,0.0,0.0,0.0,0.0,0.0,0.0,0.0,0.006391586,0.0074568503,0.011717907,0.010488647,-0.0069242674,-0.9999211,0.0,0.0,0.0,0.03416049,-0.029668331,-0.096368074,-0.017689466,-0.028063476,-0.091249585,0.032863677,-0.030799925,-0.11891031,-0.040675253,-0.028741002,-0.1231122,0.00096888095,0.0038755238,0.0016176099,0.0021315382,0.002906643,0.0,-0.00010110062,-0.0054257335,-0.0019377619,0.0031004192,-0.0018198112,-0.0005813286,-0.0025190904,-0.0019377619,0.0011121068,-0.0013564334,0.0,0.0,0.0,0.0,0.0,0.0,0.0,0.0,0.0,0.0,0.0,0.0,0.0,0.0,0.0,0.0,-0.0042610574,-0.0010652643,-0.012783172,0.010373181,-0.006904492,-0.99992234,0.0,0.0,0.0,0.03416049,-0.029668331,-0.096399784,-0.017719746,-0.028033197,-0.09123385,0.032893956,-0.030860484,-0.1189419,-0.040644974,-0.028650165,-0.1231122,0.002906643,0.0023253143,-0.0012132075,0.0015502096,0.0011626572,0.0,0.0,0.0005813286,0.0,-0.00096888095,-0.0025275154,0.0025190904,-0.0007751048,0.0011626572,0.0010110063,0.0,0.0,0.0,0.0,0.0,0.0,0.0,0.0,0.0,0.0,0.0,0.0,0.0,0.0,0.0,0.0,0.0,-0.0074568503,-0.0010652643,-0.019174758,0.010382941,-0.006859601,-0.9999225,0.0,0.0,0.0,0.034099936,-0.02969861,-0.09641552,-0.017689466,-0.028002918,-0.09123385,0.032924235,-0.030890763,-0.11892605,-0.040614694,-0.028589606,-0.1231122,-0.0005813286,0.0019377619,-0.0018198112,0.0015502096,0.0044568526,0.0,0.00020220123,-0.0027128668,0.0,0.0001937762,-0.00070770434,-0.0027128668,-0.0015502096,0.0017439857,0.0010110063,0.0032941953,0.0,0.0,0.0,0.0,0.0,0.0,0.0,0.0,0.0,0.0,0.0,0.0,0.0,0.0,0.0,0.0,-0.0042610574,-0.0021305287,0.008522115,0.0103348475,-0.006846479,-0.99992317,0.0,0.0,0.0,0.034130216,-0.029668331,-0.09641552,-0.017719746,-0.028033197,-0.091217995,0.032924235,-0.030860484,-0.11891031,-0.040584415,-0.028619885,-0.12312794,0.0015502096,0.0034879714,-0.0023253143,0.0011626572,-0.0015502096,-0.0001937762,0.0013143081,0.0001937762,0.00096888095,0.0013564334,0.0010110063,-0.00096888095,0.0025190904,0.0,-0.00070770434,0.0038755238,0.0,0.0,0.0,0.0,0.0,0.0,0.0,0.0,0.0,0.0,0.0,0.0,0.0,0.0,0.0,0.0,0.29300356,-0.48665762,-0.6388619,0.024325173,-0.12962407,-0.37674537,-0.48361936,-0.39377606,-0.043037064,0.17317797,0.20543888,-1.3926116,0.067670405,-0.010956373,0.3665176,-1.9463598
1788699158.1074162,16,1,0.0053263213,-0.0021305287,-0.0021305287,0.010461505,-0.0068053473,-0.99992204,0.0,0.0,0.0,0.034130216,-0.02972889,-0.09641552,-0.017719746,-0.028002918,-0.09123385,0.032924235,-0.030860484,-0.11892605,-0.040614694,-0.028619885,-0.12312794,0.0027128668,-0.00096888095,-0.0014154087,0.0001937762,0.0019377619,-0.00096888095,-0.00020220123,-0.0003875524,-0.0003875524,0.0025190904,-0.00030330187,0.00096888095,-0.0021315382,-0.0019377619,0.0013143081,-0.0019377619,0.0,0.0,0.0,0.0,0.0,0.0,0.0,0.0,0.0,0.0,0.0,0.0,0.0,0.0,0.0,0.0,0.003195793,-0.006391586,0.009587379,0.010492835,-0.0068993596,-0.9999211,0.0,0.0,0.0,0.034130216,-0.02969861,-0.096399784,-0.017689466,-0.028063476,-0.09123385,0.032893956,-0.030860484,-0.11891031,-0.040644974,-0.028650165,-0.12312794,0.0005813286,0.0007751048,-0.0013143081,0.0019377619,0.002906643,-0.0019377619,0.00040440247,-0.0023253143,-0.0005813286,-0.00096888095,0.00040440247,-0.0011626572,-0.0023253143,0.0023253143,-0.00020220123,0.0001937762,0.0,0.0,0.0,0.0,0.0,0.0,0.0,0.0,0.0,0.0,0.0,0.0,0.0,0.0,0.0,0.0,0.006391586,0.0074568503,0.011717907,0.010488647,-0.0069242674,-0.9999211,0.0,0.0,0.0,0.03416049,-0.029668331,-0.096368074,-0.017689466,-0.028063476,-0.091249585,0.032863677,-0.030799925,-0.11891031,-0.040675253,-0.028741002,-0.1231122,0.00096888095,0.0038755238,0.0016176099,0.0021315382,0.002906643,0.0,-0.00010110062,-0.0054257335,-0.0019377619,0.0031004192,-0.0018198112,-0.0005813286,-0.0025190904,-0.0019377619,0.0011121068,-0.0013564334,0.0,0.0,0.0,0.0,0.0,0.0,0.0,0.0,0.0,0.0,0.0,0.0,0.0,0.0,0.0,0.0,-0.0042610574,-0.0010652643,-0.012783172,0.010373181,-0.006904492,-0.99992234,0.0,0.0,0.0,0.03416049,-0.029668331,-0.096399784,-0.017719746,-0.028033197,-0.09123385,0.032893956,-0.030860484,-0.1189419,-0.040644974,-0.028650165,-0.1231122,0.002906643,0.0023253143,-0.0012132075,0.0015502096,0.0011626572,0.0,0.0,0.0005813286,0.0,-0.00096888095,-0.0025275154,0.0025190904,-0.0007751048,0.0011626572,0.0010110063,0.0,0.0,0.0,0.0,0.0,0.0,0.0,0.0,0.0,0.0,0.0,0.0,0.0,0.0,0.0,0.0,0.0,-0.0074568503,-0.0010652643,-0.019174758,0.010382941,-0.006859601,-0.9999225,0.0,0.0,0.0,0.034099936,-0.02969861,-0.09641552,-0.017689466,-0.028002918,-0.09123385,0.032924235,-0.030890763,-0.11892605,-0.040614694,-0.028589606,-0.1231122,-0.0005813286,0.0019377619,-0.0018198112,0.0015502096,0.0044568526,0.0,0.00020220123,-0.0027128668,0.0,0.0001937762,-0.00070770434,-0.0027128668,-0.0015502096,0.0017439857,0.0010110063,0.0032941953,0.0,0.0,0.0,0.0,0.0,0.0,0.0,0.0,0.0,0.0,0.0,0.0,0.0,0.0,0.0,0.0,0.29258132,-0.48318928,-0.6438437,0.032047886,-0.13059366,-0.36934078,-0.47335994,-0.39870793,-0.03454443,0.16074084,0.21386008,-1.3938242,0.07110308,0.0022233725,0.3701308,-1.9564333
1788699158.1273587,17,1,0.0,-0.0074568503,-0.018109493,0.010480236,-0.006818054,-0.9999218,0.0,0.0,0.0,0.034130216,-0.02969861,-0.096399784,-0.017719746,-0.028002918,-0.09123385,0.032924235,-0.030921042,-0.1189419,-0.040584415,-0.028650165,-0.12312794,-0.0001937762,0.0042630765,-0.00030330187,-0.0013564334,0.0019377619,0.00096888095,0.00070770434,-0.0005813286,-0.0017439857,-0.0031004192,-0.002426415,0.0021315382,0.0005813286,-0.0021315382,-0.00050550315,0.0019377619,0.0,0.0,0.0,0.0,0.0,0.0,0.0,0.0,0.0,0.0,0.0,0.0,0.0,0.0,0.0,0.0,0.0053263213,-0.0021305287,-0.0021305287,0.010461505,-0.0068053473,-0.99992204,0.0,0.0,0.0,0.034130216,-0.02972889,-0.09641552,-0.017719746,-0.028002918,-0.09123385,0.032924235,-0.030860484,-0.11892605,-0.040614694,-0.028619885,-0.12312794,0.0027128668,-0.00096888095,-0.0014154087,0.0001937762,0.0019377619,-0.00096888095,-0.00020220123,-0.0003875524,-0.0003875524,0.0025190904,-0.00030330187,0.00096888095,-0.0021315382,-0.0019377619,0.0013143081,-0.0019377619,0.0,0.0,0.0,0.0,0.0,0.0,0.0,0.0,0.0,0.0,0.0,0.0,0.0,0.0,0.0,0.0,0.003195793,-0.006391586,0.009587379,0.010492835,-0.0068993596,-0.9999211,0.0,0.0,0.0,0.034130216,-0.02969861,-0.096399784,-0.017689466,-0.028063476,-0.09123385,0.032893956,-0.030860484,-0.11891031,-0.040644974,-0.028650165,-0.12312794,0.0005813286,0.0007751048,-0.0013143081,0.0019377619,0.002906643,-0.0019377619,0.00040440247,-0.0023253143,-0.0005813286,-0.00096888095,0.00040440247,-0.0011626572,-0.0023253143,0.0023253143,-0.00020220123,0.0001937762,0.0,0.0,0.0,0.0,0.0,0.0,0.0,0.0,0.0,0.0,0.0,0.0,0.0,0.0,0.0,0.0,0.006391586,0.0074568503,0.011717907,0.010488647,-0.0069242674,-0.9999211,0.0,0.0,0.0,0.03416049,-0.029668331,-0.096368074,-0.017689466,-0.028063476,-0.091249585,0.032863677,-0.030799925,-0.11891031,-0.040675253,-0.028741002,-0.1231122,0.00096888095,0.0038755238,0.0016176099,0.0021315382,0.002906643,0.0,-0.00010110062,-0.0054257335,-0.0019377619,0.0031004192,-0.0018198112,-0.0005813286,-0.0025190904,-0.0019377619,0.0011121068,-0.0013564334,0.0,0.0,0.0,0.0,0.0,0.0,0.0,0.0,0.0,0.0,0.0,0.0,0.0,0.0,0.0,0.0,-0.0042610574,-0.0010652643,-0.012783172,0.010373181,-0.006904492,-0.99992234,0.0,0.0,0.0,0.03416049,-0.029668331,-0.096399784,-0.017719746,-0.028033197,-0.09123385,0.032893956,-0.030860484,-0.1189419,-0.040644974,-0.028650165,-0.1231122,0.002906643,0.0023253143,-0.0012132075,0.0015502096,0.0011626572,0.0,0.0,0.0005813286,0.0,-0.00096888095,-0.0025275154,0.0025190904,-0.0007751048,0.0011626572,0.0010110063,0.0,0.0,0.0,0.0,0.0,0.0,0.0,0.0,0.0,0.0,0.0,0.0,0.0,0.0,0.0,0.0,0.0,0.29010397,-0.49202877,-0.67460626,0.045850653,-0.13966197,-0.3511825,-0.4697067,-0.3908304,-0.027427014,0.12991536,0.23581165,-1.4000711,0.08277196,0.038789786,0.35368863,-1.9296303
1788699158.147505,18,1,-0.003195793,0.003195793,-0.0010652643,0.010503352,-0.0068577393,-0.99992144,0.0,0.0,0.0,0.03416049,-0.029668331,-0.096399784,-0.017719746,-0.028063476,-0.09123385,0.032893956,-0.030799925,-0.11892605,-0.040644974,-0.028710723,-0.1231122,0.0019377619,0.0,-0.0009099056,0.0025190904,-0.0001937762,-0.0013564334,0.0015165093,0.0021315382,0.0,0.0021315382,-0.00070770434,0.0019377619,-0.0019377619,-0.0015502096,0.0013143081,-0.0015502096,0.0,0.0,0.0,0.0,0.0,0.0,0.0,0.0,0.0,0.0,0.0,0.0,0.0,0.0,0.0,0.0,0.0,-0.0074568503,-0.018109493,0.010480236,-0.006818054,-0.9999218,0.0,0.0,0.0,0.034130216,-0.02969861,-0.096399784,-0.017719746,-0.028002918,-0.09123385,0.032924235,-0.030921042,-0.1189419,-0.040584415,-0.028650165,-0.12312794,-0.0001937762,0.0042630765,-0.00030330187,-0.0013564334,0.0019377619,0.00096888095,0.00070770434,-0.0005813286,-0.0017439857,-0.0031004192,-0.002426415,0.0021315382,0.0005813286,-0.0021315382,-0.00050550315,0.0019377619,0.0,0.0,0.0,0.0,0.0,0.0,0.0,0.0,0.0,0.0,0.0,0.0,0.0,0.0,0.0,0.0,0.0053263213,-0.0021305287,-0.0021305287,0.010461505,-0.0068053473,-0.99992204,0.0,0.0,0.0,0.034130216,-0.02972889,-0.09641552,-0.017719746,-0.028002918,-0.09123385,0.032924235,-0.030860484,-0.11892605,-0.040614694,-0.028619885,-0.12312794,0.0027128668,-0.00096888095,-0.0014154087,0.0001937762,0.0019377619,-0.00096888095,-0.00020220123,-0.0003875524,-0.0003875524,0.0025190904,-0.00030330187,0.00096888095,-0.0021315382,-0.0019377619,0.0013143081,-0.0019377619,0.0,0.0,0.0,0.0,0.0,0.0,0.0,0.0,0.0,0.0,0.0,0.0,0.0,0.0,0.0,0.0,0.003195793,-0.006391586,0.009587379,0.010492835,-0.0068993596,-0.9999211,0.0,0.0,0.0,0.034130216,-0.02969861,-0.096399784,-0.017689466,-0.028063476,-0.09123385,0.032893956,-0.030860484,-0.11891031,-0.040644974,-0.028650165,-0.12312794,0.0005813286,0.0007751048,-0.0013143081,0.0019377619,0.002906643,-0.0019377619,0.00040440247,-0.0023253143,-0.0005813286,-0.00096888095,0.00040440247,-0.0011626572,-0.0023253143,0.0023253143,-0.00020220123,0.0001937762,0.0,0.0,0.0,0.0,0.0,0.0,0.0,0.0,0.0,0.0,0.0,0.0,0.0,0.0,0.0,0.0,0.006391586,0.0074568503,0.011717907,0.010488647,-0.0069242674,-0.9999211,0.0,0.0,0.0,0.03416049,-0.029668331,-0.096368074,-0.017689466,-0.028063476,-0.091249585,0.032863677,-0.030799925,-0.11891031,-0.040675253,-0.028741002,-0.1231122,0.00096888095,0.0038755238,0.0016176099,0.0021315382,0.002906643,0.0,-0.00010110062,-0.0054257335,-0.0019377619,0.0031004192,-0.0018198112,-0.0005813286,-0.0025190904,-0.0019377619,0.0011121068,-0.0013564334,0.0,0.0,0.0,0.0,0.0,0.0,0.0,0.0,0.0,0.0,0.0,0.0,0.0,0.0,0.0,0.0,0.29196638,-0.491423,-0.64900565,0.031647112,-0.13327134,-0.36776078,-0.4711107,-0.3957307,-0.033296082,0.15135588,0.21660295,-1.4026768,0.074530266,0.014814045,0.35690725,-1.9475403
1788699158.16877,19,1,0.0053263213,0.003195793,0.006391586,0.010511354,-0.0068558906,-0.99992126,0.0,0.0,0.0,0.03416049,-0.02969861,-0.096399784,-0.017719746,-0.028063476,-0.09126544,0.032863677,-0.030830204,-0.1189419,-0.040675253,-0.028680444,-0.1231122,0.0019377619,-0.0007751048,-0.0009099056,0.0011626572,0.0001937762,0.0003875524,-0.0014154087,-0.0007751048,-0.0021315382,0.0007751048,-0.0021231133,0.0,-0.0034879714,0.0017439857,0.0012132075,-0.0005813286,0.0,0.0,0.0,0.0,0.0,0.0,0.0,0.0,0.0,0.0,0.0,0.0,0.0,0.0,0.0,0.0,-0.003195793,0.003195793,-0.0010652643,0.010503352,-0.0068577393,-0.99992144,0.0,0.0,0.0,0.03416049,-0.029668331,-0.096399784,-0.017719746,-0.028063476,-0.09123385,0.032893956,-0.030799925,-0.11892605,-0.040644974,-0.028710723,-0.1231122,0.0019377619,0.0,-0.0009099056,0.0025190904,-0.0001937762,-0.0013564334,0.0015165093,0.0021315382,0.0,0.0021315382,-0.00070770434,0.0019377619,-0.0019377619,-0.0015502096,0.0013143081,-0.0015502096,0.0,0.0,0.0,0.0,0.0,0.0,0.0,0.0,0.0,0.0,0.0,0.0,0.0,0.0,0.0,0.0,0.0,-0.0074568503,-0.018109493,0.010480236,-0.006818054,-0.9999218,0.0,0.0,0.0,0.034130216,-0.02969861,-0.096399784,-0.017719746,-0.028002918,-0.09123385,0.032924235,-0.030921042,-0.1189419,-0.040584415,-0.028650165,-0.12312794,-0.0001937762,0.0042630765,-0.00030330187,-0.0013564334,0.0019377619,0.00096888095,0.00070770434,-0.0005813286,-0.0017439857,-0.0031004192,-0.002426415,0.0021315382,0.0005813286,-0.0021315382,-0.00050550315,0.0019377619,0.0,0.0,0.0,0.0,0.0,0.0,0.0,0.0,0.0,0.0,0.0,0.0,0.0,0.0,0.0,0.0,0.0053263213,-0.0021305287,-0.0021305287,0.010461505,-0.0068053473,-0.99992204,0.0,0.0,0.0,0.034130216,-0.02972889,-0.09641552,-0.017719746,-0.028002918,-0.09123385,0.032924235,-0.030860484,-0.11892605,-0.040614694,-0.028619885,-0.12312794,0.0027128668,-0.00096888095,-0.0014154087,0.0001937762,0.0019377619,-0.00096888095,-0.00020220123,-0.0003875524,-0.0003875524,0.0025190904,-0.00030330187,0.00096888095,-0.0021315382,-0.0019377619,0.0013143081,-0.0019377619,0.0,0.0,0.0,0.0,0.0,0.0,0.0,0.0,0.0,0.0,0.0,0.0,0.0,0.0,0.0,0.0,0.003195793,-0.006391586,0.009587379,0.010492835,-0.0068993596,-0.9999211,0.0,0.0,0.0,0.034130216,-0.02969861,-0.096399784,-0.017689466,-0.028063476,-0.09123385,0.032893956,-0.030860484,-0.11891031,-0.040644974,-0.028650165,-0.12312794,0.0005813286,0.0007751048,-0.0013143081,0.0019377619,0.002906643,-0.0019377619,0.00040440247,-0.0023253143,-0.0005813286,-0.00096888095,0.00040440247,-0.0011626572,-0.0023253143,0.0023253143,-0.00020220123,0.0001937762,0.0,0.0,0.0,0.0,0.0,0.0,0.0,0.0,0.0,0.0,0.0,0.0,0.0,0.0,0.0,0.0,0.29300633,-0.48906592,-0.6345812,0.02043001,-0.12998897,-0.3809695,-0.48008767,-0.39140883,-0.040825307,0.16692488,0.20933883,-1.4022312,0.06618947,-0.0004917495,0.35941696,-1.9459684
1788699158.1873703,20,1,-0.0021305287,-0.0021305287,0.0074568503,0.010457566,-0.0068579423,-0.9999217,0.0,0.0,0.0,0.034130216,-0.02969861,-0.096368074,-0.017719746,-0.028033197,-0.091217995,0.032924235,-0.030890763,-0.11891031,-0.040614694,-0.028650165,-0.12312794,0.0017439857,0.00096888095,0.0020220126,0.0011626572,0.0019377619,-0.0021315382,0.0010110063,-0.0025190904,-0.0001937762,-0.0007751048,0.0014154087,0.0027128668,-0.0007751048,-0.0040693,0.0,-0.0017439857,0.0,0.0,0.0,0.0,0.0,0.0,0.0,0.0,0.0,0.0,0.0,0.0,0.0,0.0,0.0,0.0,0.0053263213,0.003195793,0.006391586,0.010511354,-0.0068558906,-0.99992126,0.0,0.0,0.0,0.03416049,-0.02969861,-0.096399784,-0.017719746,-0.028063476,-0.09126544,0.032863677,-0.030830204,-0.1189419,-0.040675253,-0.028680444,-0.1231122,0.0019377619,-0.0007751048,-0.0009099056,0.0011626572,0.0001937762,0.0003875524,-0.0014154087,-0.0007751048,-0.0021315382,0.0007751048,-0.0021231133,0.0,-0.0034879714,0.0017439857,0.0012132075,-0.0005813286,0.0,0.0,0.0,0.0,0.0,0.0,0.0,0.0,0.0,0.0,0.0,0.0,0.0,0.0,0.0,0.0,-0.003195793,0.003195793,-0.0010652643,0.010503352,-0.0068577393,-0.99992144,0.0,0.0,0.0,0.03416049,-0.029668331,-0.096399784,-0.017719746,-0.028063476,-0.09123385,0.032893956,-0.030799925,-0.11892605,-0.040644974,-0.028710723,-0.1231122,0.0019377619,0.0,-0.0009099056,0.0025190904,-0.0001937762,-0.0013564334,0.0015165093,0.0021315382,0.0,0.0021315382,-0.00070770434,0.0019377619,-0.0019377619,-0.0015502096,0.0013143081,-0.0015502096,0.0,0.0,0.0,0.0,0.0,0.0,0.0,0.0,0.0,0.0,0.0,0.0,0.0,0.0,0.0,0.0,0.0,-0.0074568503,-0.018109493,0.010480236,-0.006818054,-0.9999218,0.0,0.0,0.0,0.034130216,-0.02969861,-0.096399784,-0.017719746,-0.028002918,-0.09123385,0.032924235,-0.030921042,-0.1189419,-0.040584415,-0.028650165,-0.12312794,-0.0001937762,0.0042630765,-0.00030330187,-0.0013564334,0.0019377619,0.00096888095,0.00070770434,-0.0005813286,-0.0017439857,-0.0031004192,-0.002426415,0.0021315382,0.0005813286,-0.0021315382,-0.00050550315,0.0019377619,0.0,0.0,0.0,0.0,0.0,0.0,0.0,0.0,0.0,0.0,0.0,0.0,0.0,0.0,0.0,0.0,0.0053263213,-0.0021305287,-0.0021305287,0.010461505,-0.0068053473,-0.99992204,0.0,0.0,0.0,0.034130216,-0.02972889,-0.09641552,-0.017719746,-0.028002918,-0.09123385,0.032924235,-0.030860484,-0.11892605,-0.040614694,-0.028619885,-0.12312794,0.0027128668,-0.00096888095,-0.0014154087,0.0001937762,0.0019377619,-0.00096888095,-0.00020220123,-0.0003875524,-0.0003875524,0.0025190904,-0.00030330187,0.00096888095,-0.0021315382,-0.0019377619,0.0013143081,-0.0019377619,0.0,0.0,0.0,0.0,0.0,0.0,0.0,0.0,0.0,0.0,0.0,0.0,0.0,0.0,0.0,0.0,0.29585093,-0.4901837,-0.6373355,0.029864337,-0.12899901,-0.3742115,-0.4863674,-0.40336058,-0.043895945,0.16680783,0.21398564,-1.3939277,0.06803417,-0.0044224,0.3670997,-1.9524381
1788699158.2073774,21,1,-0.006391586,0.008522115,-0.0074568503,0.010497344,-0.0068524177,-0.9999213,0.0,0.0,0.0,0.034099936,-0.02969861,-0.096399784,-0.017750025,-0.028002918,-0.09123385,0.032924235,-0.030890763,-0.11891031,-0.040614694,-0.028619885,-0.12312794,0.0,0.0021315382,-0.0010110063,0.0015502096,-0.0001937762,0.0,-0.00010110062,-0.0027128668,0.0001937762,-0.0003875524,0.00070770434,0.0013564334,-0.0027128668,-0.0027128668,-0.00010110062,-0.00096888095,0.0,0.0,0.0,0.0,0.0,0.0,0.0,0.0,0.0,0.0,0.0,0.0,0.0,0.0,0.0,0.0,-0.0021305287,-0.0021305287,0.0074568503,0.010457566,-0.0068579423,-0.9999217,0.0,0.0,0.0,0.034130216,-0.02969861,-0.096368074,-0.017719746,-0.028033197,-0.091217995,0.032924235,-0.030890763,-0.11891031,-0.040614694,-0.028650165,-0.12312794,0.0017439857,0.00096888095,0.0020220126,0.0011626572,0.0019377619,-0.0021315382,0.0010110063,-0.0025190904,-0.0001937762,-0.0007751048,0.0014154087,0.0027128668,-0.0007751048,-0.0040693,0.0,-0.0017439857,0.0,0.0,0.0,0.0,0.0,0.0,0.0,0.0,0.0,0.0,0.0,0.0,0.0,0.0,0.0,0.0,0.0053263213,0.003195793,0.006391586,0.010511354,-0.0068558906,-0.99992126,0.0,0.0,0.0,0.03416049,-0.02969861,-0.096399784,-0.017719746,-0.028063476,-0.09126544,0.032863677,-0.030830204,-0.1189419,-0.040675253,-0.028680444,-0.1231122,0.0019377619,-0.0007751048,-0.0009099056,0.0011626572,0.0001937762,0.0003875524,-0.0014154087,-0.0007751048,-0.0021315382,0.0007751048,-0.0021231133,0.0,-0.0034879714,0.0017439857,0.0012132075,-0.0005813286,0.0,0.0,0.0,0.0,0.0,0.0,0.0,0.0,0.0,0.0,0.0,0.0,0.0,0.0,0.0,0.0,-0.003195793,0.003195793,-0.0010652643,0.010503352,-0.0068577393,-0.99992144,0.0,0.0,0.0,0.03416049,-0.029668331,-0.096399784,-0.017719746,-0.028063476,-0.09123385,0.032893956,-0.030799925,-0.11892605,-0.040644974,-0.028710723,-0.1231122,0.0019377619,0.0,-0.0009099056,0.0025190904,-0.0001937762,-0.0013564334,0.0015165093,0.0021315382,0.0,0.0021315382,-0.00070770434,0.0019377619,-0.0019377619,-0.0015502096,0.0013143081,-0.0015502096,0.0,0.0,0.0,0.0,0.0,0.0,0.0,0.0,0.0,0.0,0.0,0.0,0.0,0.0,0.0,0.0,0.0,-0.0074568503,-0.018109493,0.010480236,-0.006818054,-0.9999218,0.0,0.0,0.0,0.034130216,-0.02969861,-0.096399784,-0.017719746,-0.028002918,-0.09123385,0.032924235,-0.030921042,-0.1189419,-0.040584415,-0.028650165,-0.12312794,-0.0001937762,0.0042630765,-0.00030330187,-0.0013564334,0.0019377619,0.00096888095,0.00070770434,-0.0005813286,-0.0017439857,-0.0031004192,-0.002426415,0.0021315382,0.0005813286,-0.0021315382,-0.00050550315,0.0019377619,0.0,0.0,0.0,0.0,0.0,0.0,0.0,0.0,0.0,0.0,0.0,0.0,0.0,0.0,0.0,0.0,0.29223946,-0.5013459,-0.6425901,0.024684798,-0.13433053,-0.36934775,-0.4738547,-0.4013079,-0.035294883,0.1348655,0.22373271,-1.407903,0.07306344,0.016604435,0.34030297,-1.9464679
1788699158.2273066,22,1,0.0053263213,0.0042610574,-0.020240022,0.010513395,-0.006883722,-0.9999211,0.0,0.0,0.0,0.034130216,-0.02969861,-0.096399784,-0.017689466,-0.028063476,-0.091249585,0.032893956,-0.030890763,-0.11891031,-0.040644974,-0.028650165,-0.1231122,-0.0007751048,-0.0001937762,-0.00040440247,0.0031004192,0.0044568526,0.0,-0.00020220123,-0.0031004192,-0.0011626572,-0.0017439857,0.00060660375,0.0019377619,-0.0011626572,0.00096888095,0.00070770434,-0.0017439857,0.0,0.0,0.0,0.0,0.0,0.0,0.0,0.0,0.0,0.0,0.0,0.0,0.0,0.0,0.0,0.0,-0.006391586,0.008522115,-0.0074568503,0.010497344,-0.0068524177,-0.9999213,0.0,0.0,0.0,0.034099936,-0.02969861,-0.096399784,-0.017750025,-0.028002918,-0.09123385,0.032924235,-0.030890763,-0.11891031,-0.040614694,-0.028619885,-0.12312794,0.0,0.0021315382,-0.0010110063,0.0015502096,-0.0001937762,0.0,-0.00010110062,-0.0027128668,0.0001937762,-0.0003875524,0.00070770434,0.0013564334,-0.0027128668,-0.0027128668,-0.00010110062,-0.00096888095,0.0,0.0,0.0,0.0,0.0,0.0,0.0,0.0,0.0,0.0,0.0,0.0,0.0,0.0,0.0,0.0,-0.0021305287,-0.0021305287,0.0074568503,0.010457566,-0.0068579423,-0.9999217,0.0,0.0,0.0,0.034130216,-0.02969861,-0.096368074,-0.017719746,-0.028033197,-0.091217995,0.032924235,-0.030890763,-0.11891031,-0.040614694,-0.028650165,-0.12312794,0.0017439857,0.00096888095,0.0020220126,0.0011626572,0.0019377619,-0.0021315382,0.0010110063,-0.0025190904,-0.0001937762,-0.0007751048,0.0014154087,0.0027128668,-0.0007751048,-0.0040693,0.0,-0.0017439857,0.0,0.0,0.0,0.0,0.0,0.0,0.0,0.0,0.0,0.0,0.0,0.0,0.0,0.0,0.0,0.0,0.0053263213,0.003195793,0.006391586,0.010511354,-0.0068558906,-0.99992126,0.0,0.0,0.0,0.03416049,-0.02969861,-0.096399784,-0.017719746,-0.028063476,-0.09126544,0.032863677,-0.030830204,-0.1189419,-0.040675253,-0.028680444,-0.1231122,0.0019377619,-0.0007751048,-0.0009099056,0.0011626572,0.0001937762,0.0003875524,-0.0014154087,-0.0007751048,-0.0021315382,0.0007751048,-0.0021231133,0.0,-0.0034879714,0.0017439857,0.0012132075,-0.0005813286,0.0,0.0,0.0,0.0,0.0,0.0,0.0,0.0,0.0,0.0,0.0,0.0,0.0,0.0,0.0,0.0,-0.003195793,0.003195793,-0.0010652643,0.010503352,-0.0068577393,-0.99992144,0.0,0.0,0.0,0.03416049,-0.029668331,-0.096399784,-0.017719746,-0.028063476,-0.09123385,0.032893956,-0.030799925,-0.11892605,-0.040644974,-0.028710723,-0.1231122,0.0019377619,0.0,-0.0009099056,0.0025190904,-0.0001937762,-0.0013564334,0.0015165093,0.0021315382,0.0,0.0021315382,-0.00070770434,0.0019377619,-0.0019377619,-0.0015502096,0.0013143081,-0.0015502096,0.0,0.0,0.0,0.0,0.0,0.0,0.0,0.0,0.0,0.0,0.0,0.0,0.0,0.0,0.0,0.0,0.2887107,-0.49868524,-0.66292393,0.035418782,-0.14082749,-0.35855967,-0.45455512,-0.39434785,-0.026203115,0.12062176,0.22967587,-1.4090358,0.08195342,0.038492262,0.33804432,-1.9345686
1788699158.2473295,23,1,0.0,-0.003195793,0.0042610574,0.010533128,-0.006872975,-0.99992096,0.0,0.0,0.0,0.034190767,-0.02969861,-0.09638393,-0.017750025,-0.028063476,-0.09123385,0.032893956,-0.030830204,-0.11891031,-0.040644974,-0.028741002,-0.1231122,0.0036817477,-0.0005813286,0.00080880494,0.0025190904,-0.0032941953,0.0005813286,0.0016176099,0.0031004192,0.0005813286,0.0003875524,0.00040440247,-0.0005813286,0.0003875524,-0.0019377619,-0.00030330187,0.0007751048,0.0,0.0,0.0,0.0,0.0,0.0,0.0,0.0,0.0,0.0,0.0,0.0,0.0,0.0,0.0,0.0,0.0053263213,0.0042610574,-0.020240022,0.010513395,-0.006883722,-0.9999211,0.0,0.0,0.0,0.034130216,-0.02969861,-0.096399784,-0.017689466,-0.028063476,-0.091249585,0.032893956,-0.030890763,-0.11891031,-0.040644974,-0.028650165,-0.1231122,-0.0007751048,-0.0001937762,-0.00040440247,0.0031004192,0.0044568526,0.0,-0.00020220123,-0.0031004192,-0.0011626572,-0.0017439857,0.00060660375,0.0019377619,-0.0011626572,0.00096888095,0.00070770434,-0.0017439857,0.0,0.0,0.0,0.0,0.0,0.0,0.0,0.0,0.0,0.0,0.0,0.0,0.0,0.0,0.0,0.0,-0.006391586,0.008522115,-0.0074568503,0.010497344,-0.0068524177,-0.9999213,0.0,0.0,0.0,0.034099936,-0.02969861,-0.096399784,-0.017750025,-0.028002918,-0.09123385,0.032924235,-0.030890763,-0.11891031,-0.040614694,-0.028619885,-0.12312794,0.0,0.0021315382,-0.0010110063,0.0015502096,-0.0001937762,0.0,-0.00010110062,-0.0027128668,0.0001937762,-0.0003875524,0.00070770434,0.0013564334,-0.0027128668,-0.0027128668,-0.00010110062,-0.00096888095,0.0,0.0,0.0,0.0,0.0,0.0,0.0,0.0,0.0,0.0,0.0,0.0,0.0,0.0,0.0,0.0,-0.0021305287,-0.0021305287,0.0074568503,0.010457566,-0.0068579423,-0.9999217,0.0,0.0,0.0,0.034130216,-0.02969861,-0.096368074,-0.017719746,-0.028033197,-0.091217995,0.032924235,-0.030890763,-0.11891031,-0.040614694,-0.028650165,-0.12312794,0.0017439857,0.00096888095,0.0020220126,0.0011626572,0.0019377619,-0.0021315382,0.0010110063,-0.0025190904,-0.0001937762,-0.0007751048,0.0014154087,0.0027128668,-0.0007751048,-0.0040693,0.0,-0.0017439857,0.0,0.0,0.0,0.0,0.0,0.0,0.0,0.0,0.0,0.0,0.0,0.0,0.0,0.0,0.0,0.0,0.0053263213,0.003195793,0.006391586,0.010511354,-0.0068558906,-0.99992126,0.0,0.0,0.0,0.03416049,-0.02969861,-0.096399784,-0.017719746,-0.028063476,-0.09126544,0.032863677,-0.030830204,-0.1189419,-0.040675253,-0.028680444,-0.1231122,0.0019377619,-0.0007751048,-0.0009099056,0.0011626572,0.0001937762,0.0003875524,-0.0014154087,-0.0007751048,-0.0021315382,0.0007751048,-0.0021231133,0.0,-0.0034879714,0.0017439857,0.0012132075,-0.0005813286,0.0,0.0,0.0,0.0,0.0,0.0,0.0,0.0,0.0,0.0,0.0,0.0,0.0,0.0,0.0,0.0,0.2942666,-0.49429926,-0.6515087,0.033935603,-0.13521224,-0.37493995,-0.4785597,-0.39674327,-0.035348713,0.15155458,0.21970536,-1.4056488,0.07254222,0.017095964,0.36301363,-1.9446954
1788699158.2673478,24,1,0.0021305287,-0.012783172,0.008522115,0.010527324,-0.0068386267,-0.99992126,0.0,0.0,0.0,0.034130216,-0.02969861,-0.096399784,-0.017719746,-0.028063476,-0.09123385,0.032863677,-0.030890763,-0.11891031,-0.040644974,-0.028650165,-0.12314379,-0.0003875524,0.0001937762,-0.0009099056,-0.0021315382,0.0,-0.00096888095,0.0022242137,-0.0027128668,-0.0034879714,-0.0021315382,-0.0022242137,-0.0001937762,-0.0021315382,0.0017439857,-0.0018198112,-0.0017439857,0.0,0.0,0.0,0.0,0.0,0.0,0.0,0.0,0.0,0.0,0.0,0.0,0.0,0.0,0.0,0.0,0.0,-0.003195793,0.0042610574,0.010533128,-0.006872975,-0.99992096,0.0,0.0,0.0,0.034190767,-0.02969861,-0.09638393,-0.017750025,-0.028063476,-0.09123385,0.032893956,-0.030830204,-0.11891031,-0.040644974,-0.028741002,-0.1231122,0.0036817477,-0.0005813286,0.00080880494,0.0025190904,-0.0032941953,0.0005813286,0.0016176099,0.0031004192,0.0005813286,0.0003875524,0.00040440247,-0.0005813286,0.0003875524,-0.0019377619,-0.00030330187,0.0007751048,0.0,0.0,0.0,0.0,0.0,0.0,0.0,0.0,0.0,0.0,0.0,0.0,0.0,0.0,0.0,0.0,0.0053263213,0.0042610574,-0.020240022,0.010513395,-0.006883722,-0.9999211,0.0,0.0,0.0,0.034130216,-0.02969861,-0.096399784,-0.017689466,-0.028063476,-0.091249585,0.032893956,-0.030890763,-0.11891031,-0.040644974,-0.028650165,-0.1231122,-0.0007751048,-0.0001937762,-0.00040440247,0.0031004192,0.0044568526,0.0,-0.00020220123,-0.0031004192,-0.0011626572,-0.0017439857,0.00060660375,0.0019377619,-0.0011626572,0.00096888095,0.00070770434,-0.0017439857,0.0,0.0,0.0,0.0,0.0,0.0,0.0,0.0,0.0,0.0,0.0,0.0,0.0,0.0,0.0,0.0,-0.006391586,0.008522115,-0.0074568503,0.010497344,-0.0068524177,-0.9999213,0.0,0.0,0.0,0.034099936,-0.02969861,-0.096399784,-0.017750025,-0.028002918,-0.09123385,0.032924235,-0.030890763,-0.11891031,-0.040614694,-0.028619885,-0.12312794,0.0,0.0021315382,-0.0010110063,0.0015502096,-0.0001937762,0.0,-0.00010110062,-0.0027128668,0.0001937762,-0.0003875524,0.00070770434,0.0013564334,-0.0027128668,-0.0027128668,-0.00010110062,-0.00096888095,0.0,0.0,0.0,0.0,0.0,0.0,0.0,0.0,0.0,0.0,0.0,0.0,0.0,0.0,0.0,0.0,-0.0021305287,-0.0021305287,0.0074568503,0.010457566,-0.0068579423,-0.9999217,0.0,0.0,0.0,0.034130216,-0.02969861,-0.096368074,-0.017719746,-0.028033197,-0.091217995,0.032924235,-0.030890763,-0.11891031,-0.040614694,-0.028650165,-0.12312794,0.0017439857,0.00096888095,0.0020220126,0.0011626572,0.0019377619,-0.0021315382,0.0010110063,-0.0025190904,-0.0001937762,-0.0007751048,0.0014154087,0.0027128668,-0.0007751048,-0.0040693,0.0,-0.0017439857,0.0,0.0,0.0,0.0,0.0,0.0,0.0,0.0,0.0,0.0,0.0,0.0,0.0,0.0,0.0,0.0,0.29405937,-0.4804046,-0.64231616,0.020625725,-0.13185392,-0.37054175,-0.4908596,-0.38635087,-0.042969376,0.15879723,0.23144938,-1.4110528,0.068708286,0.009629127,0.35030663,-1.9403967
1788699158.287328,25,1,0.010652643,-0.0042610574,-0.006391586,0.01053286,-0.006848534,-0.9999211,0.0,0.0,0.0,0.034130216,-0.02972889,-0.096399784,-0.017719746,-0.028033197,-0.091217995,0.032954514,-0.030890763,-0.11891031,-0.040644974,-0.028619885,-0.1231122,0.0019377619,-0.0001937762,-0.00060660375,0.0011626572,0.002906643,-0.0025190904,0.0011121068,-0.0007751048,0.0019377619,0.0019377619,0.0012132075,0.0001937762,-0.0048444048,-0.0025190904,-0.00020220123,0.0,0.0,0.0,0.0,0.0,0.0,0.0,0.0,0.0,0.0,0.0,0.0,0.0,0.0,0.0,0.0,0.0,0.0021305287,-0.012783172,0.008522115,0.010527324,-0.0068386267,-0.99992126,0.0,0.0,0.0,0.034130216,-0.02969861,-0.096399784,-0.017719746,-0.028063476,-0.09123385,0.032863677,-0.030890763,-0.11891031,-0.040644974,-0.028650165,-0.12314379,-0.0003875524,0.0001937762,-0.0009099056,-0.0021315382,0.0,-0.00096888095,0.0022242137,-0.0027128668,-0.0034879714,-0.0021315382,-0.0022242137,-0.0001937762,-0.0021315382,0.0017439857,-0.0018198112,-0.0017439857,0.0,0.0,0.0,0.0,0.0,0.0,0.0,0.0,0.0,0.0,0.0,0.0,0.0,0.0,0.0,0.0,0.0,-0.003195793,0.0042610574,0.010533128,-0.006872975,-0.99992096,0.0,0.0,0.0,0.034190767,-0.02969861,-0.09638393,-0.017750025,-0.028063476,-0.09123385,0.032893956,-0.030830204,-0.11891031,-0.040644974,-0.028741002,-0.1231122,0.0036817477,-0.0005813286,0.00080880494,0.0025190904,-0.0032941953,0.0005813286,0.0016176099,0.0031004192,0.0005813286,0.0003875524,0.00040440247,-0.0005813286,0.0003875524,-0.0019377619,-0.00030330187,0.0007751048,0.0,0.0,0.0,0.0,0.0,0.0,0.0,0.0,0.0,0.0,0.0,0.0,0.0,0.0,0.0,0.0,0.0053263213,0.0042610574,-0.020240022,0.010513395,-0.006883722,-0.9999211,0.0,0.0,0.0,0.034130216,-0.02969861,-0.096399784,-0.017689466,-0.028063476,-0.091249585,0.032893956,-0.030890763,-0.11891031,-0.040644974,-0.028650165,-0.1231122,-0.0007751048,-0.0001937762,-0.00040440247,0.0031004192,0.0044568526,0.0,-0.00020220123,-0.0031004192,-0.0011626572,-0.0017439857,0.00060660375,0.0019377619,-0.0011626572,0.00096888095,0.00070770434,-0.0017439857,0.0,0.0,0.0,0.0,0.0,0.0,0.0,0.0,0.0,0.0,0.0,0.0,0.0,0.0,0.0,0.0,-0.006391586,0.008522115,-0.0074568503,0.010497344,-0.0068524177,-0.9999213,0.0,0.0,0.0,0.034099936,-0.02969861,-0.096399784,-0.017750025,-0.028002918,-0.09123385,0.032924235,-0.030890763,-0.11891031,-0.040614694,-0.028619885,-0.12312794,0.0,0.0021315382,-0.0010110063,0.0015502096,-0.0001937762,0.0,-0.00010110062,-0.0027128668,0.0001937762,-0.0003875524,0.00070770434,0.0013564334,-0.0027128668,-0.0027128668,-0.00010110062,-0.00096888095,0.0,0.0,0.0,0.0,0.0,0.0,0.0,0.0,0.0,0.0,0.0,0.0,0.0,0.0,0.0,0.0,0.29388082,-0.49323577,-0.6450766,0.027700234,-0.13208857,-0.36860222,-0.46478313,-0.40600002,-0.036713086,0.1426536,0.22242945,-1.4008749,0.07552253,0.006958939,0.36081722,-1.9557514
1788699158.3073523,26,1,-0.003195793,-0.0021305287,-0.010652643,0.010566381,-0.0068103615,-0.9999209,0.0,0.0,0.0,0.034099936,-0.02972889,-0.096399784,-0.017750025,-0.028033197,-0.09123385,0.032893956,-0.030860484,-0.11891031,-0.040584415,-0.028589606,-0.12312794,-0.0021315382,-0.0001937762,-0.00040440247,0.0019377619,-0.0011626572,-0.0015502096,0.00070770434,0.0013564334,-0.0019377619,0.0023253143,0.00070770434,0.0,0.0007751048,0.0038755238,-0.00080880494,-0.0013564334,0.0,0.0,0.0,0.0,0.0,0.0,0.0,0.0,0.0,0.0,0.0,0.0,0.0,0.0,0.0,0.0,0.010652643,-0.0042610574,-0.006391586,0.01053286,-0.006848534,-0.9999211,0.0,0.0,0.0,0.034130216,-0.02972889,-0.096399784,-0.017719746,-0.028033197,-0.091217995,0.032954514,-0.030890763,-0.11891031,-0.040644974,-0.028619885,-0.1231122,0.0019377619,-0.0001937762,-0.00060660375,0.0011626572,0.002906643,-0.0025190904,0.0011121068,-0.0007751048,0.0019377619,0.0019377619,0.0012132075,0.0001937762,-0.0048444048,-0.0025190904,-0.00020220123,0.0,0.0,0.0,0.0,0.0,0.0,0.0,0.0,0.0,0.0,0.0,0.0,0.0,0.0,0.0,0.0,0.0,0.0021305287,-0.012783172,0.008522115,0.010527324,-0.0068386267,-0.99992126,0.0,0.0,0.0,0.034130216,-0.02969861,-0.096399784,-0.017719746,-0.028063476,-0.09123385,0.032863677,-0.030890763,-0.11891031,-0.040644974,-0.028650165,-0.12314379,-0.0003875524,0.0001937762,-0.0009099056,-0.0021315382,0.0,-0.00096888095,0.0022242137,-0.0027128668,-0.0034879714,-0.0021315382,-0.0022242137,-0.0001937762,-0.0021315382,0.0017439857,-0.0018198112,-0.0017439857,0.0,0.0,0.0,0.0,0.0,0.0,0.0,0.0,0.0,0.0,0.0,0.0,0.0,0.0,0.0,0.0,0.0,-0.003195793,0.0042610574,0.010533128,-0.006872975,-0.99992096,0.0,0.0,0.0,0.034190767,-0.02969861,-0.09638393,-0.017750025,-0.028063476,-0.09123385,0.032893956,-0.030830204,-0.11891031,-0.040644974,-0.028741002,-0.1231122,0.0036817477,-0.0005813286,0.00080880494,0.0025190904,-0.0032941953,0.0005813286,0.0016176099,0.0031004192,0.0005813286,0.0003875524,0.00040440247,-0.0005813286,0.0003875524,-0.0019377619,-0.00030330187,0.0007751048,0.0,0.0,0.0,0.0,0.0,0.0,0.0,0.0,0.0,0.0,0.0,0.0,0.0,0.0,0.0,0.0,0.0053263213,0.0042610574,-0.020240022,0.010513395,-0.006883722,-0.9999211,0.0,0.0,0.0,0.034130216,-0.02969861,-0.096399784,-0.017689466,-0.028063476,-0.091249585,0.032893956,-0.030890763,-0.11891031,-0.040644974,-0.028650165,-0.1231122,-0.0007751048,-0.0001937762,-0.00040440247,0.0031004192,0.0044568526,0.0,-0.00020220123,-0.0031004192,-0.0011626572,-0.0017439857,0.00060660375,0.0019377619,-0.0011626572,0.00096888095,0.00070770434,-0.0017439857,0.0,0.0,0.0,0.0,0.0,0.0,0.0,0.0,0.0,0.0,0.0,0.0,0.0,0.0,0.0,0.0,0.2905436,-0.4879547,-0.65037894,0.023870531,-0.13763766,-0.3576146,-0.46364406,-0.3980625,-0.03040867,0.12188461,0.23001224,-1.4077259,0.07839971,0.028643584,0.33150545,-1.9473945
1788699158.3272986,27,1,0.0021305287,-0.0021305287,-0.021305285,0.010514723,-0.0069026956,-0.999921,0.0,0.0,0.0,0.03416049,-0.029668331,-0.09638393,-0.017719746,-0.028093755,-0.09123385,0.032893956,-0.030830204,-0.11892605,-0.040644974,-0.028710723,-0.1231122,0.0015502096,-0.0005813286,0.0016176099,0.0025190904,-0.0015502096,-0.0036817477,0.0016176099,0.0,-0.0001937762,0.0019377619,-0.00050550315,-0.0001937762,-0.0013564334,-0.0001937762,0.0015165093,0.0015502096,0.0,0.0,0.0,0.0,0.0,0.0,0.0,0.0,0.0,0.0,0.0,0.0,0.0,0.0,0.0,0.0,-0.003195793,-0.0021305287,-0.010652643,0.010566381,-0.0068103615,-0.9999209,0.0,0.0,0.0,0.034099936,-0.02972889,-0.096399784,-0.017750025,-0.028033197,-0.09123385,0.032893956,-0.030860484,-0.11891031,-0.040584415,-0.028589606,-0.12312794,-0.0021315382,-0.0001937762,-0.00040440247,0.0019377619,-0.0011626572,-0.0015502096,0.00070770434,0.0013564334,-0.0019377619,0.0023253143,0.00070770434,0.0,0.0007751048,0.0038755238,-0.00080880494,-0.0013564334,0.0,0.0,0.0,0.0,0.0,0.0,0.0,0.0,0.0,0.0,0.0,0.0,0.0,0.0,0.0,0.0,0.010652643,-0.0042610574,-0.006391586,0.01053286,-0.006848534,-0.9999211,0.0,0.0,0.0,0.034130216,-0.02972889,-0.096399784,-0.017719746,-0.028033197,-0.091217995,0.032954514,-0.030890763,-0.11891031,-0.040644974,-0.028619885,-0.1231122,0.0019377619,-0.0001937762,-0.00060660375,0.0011626572,0.002906643,-0.0025190904,0.0011121068,-0.0007751048,0.0019377619,0.0019377619,0.0012132075,0.0001937762,-0.0048444048,-0.0025190904,-0.00020220123,0.0,0.0,0.0,0.0,0.0,0.0,0.0,0.0,0.0,0.0,0.0,0.0,0.0,0.0,0.0,0.0,0.0,0.0021305287,-0.012783172,0.008522115,0.010527324,-0.0068386267,-0.99992126,0.0,0.0,0.0,0.034130216,-0.02969861,-0.096399784,-0.017719746,-0.028063476,-0.09123385,0.032863677,-0.030890763,-0.11891031,-0.040644974,-0.028650165,-0.12314379,-0.0003875524,0.0001937762,-0.0009099056,-0.0021315382,0.0,-0.00096888095,0.0022242137,-0.0027128668,-0.0034879714,-0.0021315382,-0.0022242137,-0.0001937762,-0.0021315382,0.0017439857,-0.0018198112,-0.0017439857,0.0,0.0,0.0,0.0,0.0,0.0,0.0,0.0,0.0,0.0,0.0,0.0,0.0,0.0,0.0,0.0,0.0,-0.003195793,0.0042610574,0.010533128,-0.006872975,-0.99992096,0.0,0.0,0.0,0.034190767,-0.02969861,-0.09638393,-0.017750025,-0.028063476,-0.09123385,0.032893956,-0.030830204,-0.11891031,-0.040644974,-0.028741002,-0.1231122,0.0036817477,-0.0005813286,0.00080880494,0.0025190904,-0.0032941953,0.0005813286,0.0016176099,0.0031004192,0.0005813286,0.0003875524,0.00040440247,-0.0005813286,0.0003875524,-0.0019377619,-0.00030330187,0.0007751048,0.0,0.0,0.0,0.0,0.0,0.0,0.0,0.0,0.0,0.0,0.0,0.0,0.0,0.0,0.0,0.0,0.2862244,-0.5011209,-0.6623731,0.029003937,-0.14089447,-0.34584287,-0.449702,-0.40303028,-0.02654453,0.10818428,0.23115112,-1.4082586,0.0843681,0.034196064,0.3350244,-1.9475052
1788699158.3473315,28,1,-0.009587379,-0.0042610574,0.011717907,0.010507201,-0.006890759,-0.9999211,0.0,0.0,0.0,0.03416049,-0.02969861,-0.096399784,-0.017689466,-0.028033197,-0.09123385,0.032893956,-0.030860484,-0.11891031,-0.040644974,-0.028710723,-0.12312794,0.0015502096,0.0,-0.0011121068,0.0027128668,0.0017439857,0.0027128668,0.0020220126,-0.0001937762,0.0,0.0,0.0013143081,-0.0007751048,-0.0003875524,0.0,0.002426415,-0.002906643,0.0,0.0,0.0,0.0,0.0,0.0,0.0,0.0,0.0,0.0,0.0,0.0,0.0,0.0,0.0,0.0,0.0021305287,-0.0021305287,-0.021305285,0.010514723,-0.0069026956,-0.999921,0.0,0.0,0.0,0.03416049,-0.029668331,-0.09638393,-0.017719746,-0.028093755,-0.09123385,0.032893956,-0.030830204,-0.11892605,-0.040644974,-0.028710723,-0.1231122,0.0015502096,-0.0005813286,0.0016176099,0.0025190904,-0.0015502096,-0.0036817477,0.0016176099,0.0,-0.0001937762,0.0019377619,-0.00050550315,-0.0001937762,-0.0013564334,-0.0001937762,0.0015165093,0.0015502096,0.0,0.0,0.0,0.0,0.0,0.0,0.0,0.0,0.0,0.0,0.0,0.0,0.0,0.0,0.0,0.0,-0.003195793,-0.0021305287,-0.010652643,0.010566381,-0.0068103615,-0.9999209,0.0,0.0,0.0,0.034099936,-0.02972889,-0.096399784,-0.017750025,-0.028033197,-0.09123385,0.032893956,-0.030860484,-0.11891031,-0.040584415,-0.028589606,-0.12312794,-0.0021315382,-0.0001937762,-0.00040440247,0.0019377619,-0.0011626572,-0.0015502096,0.00070770434,0.0013564334,-0.0019377619,0.0023253143,0.00070770434,0.0,0.0007751048,0.0038755238,-0.00080880494,-0.0013564334,0.0,0.0,0.0,0.0,0.0,0.0,0.0,0.0,0.0,0.0,0.0,0.0,0.0,0.0,0.0,0.0,0.010652643,-0.0042610574,-0.006391586,0.01053286,-0.006848534,-0.9999211,0.0,0.0,0.0,0.034130216,-0.02972889,-0.096399784,-0.017719746,-0.028033197,-0.091217995,0.032954514,-0.030890763,-0.11891031,-0.040644974,-0.028619885,-0.1231122,0.0019377619,-0.0001937762,-0.00060660375,0.0011626572,0.002906643,-0.0025190904,0.0011121068,-0.0007751048,0.0019377619,0.0019377619,0.0012132075,0.0001937762,-0.0048444048,-0.0025190904,-0.00020220123,0.0,0.0,0.0,0.0,0.0,0.0,0.0,0.0,0.0,0.0,0.0,0.0,0.0,0.0,0.0,0.0,0.0,0.0021305287,-0.012783172,0.008522115,0.010527324,-0.0068386267,-0.99992126,0.0,0.0,0.0,0.034130216,-0.02969861,-0.096399784,-0.017719746,-0.028063476,-0.09123385,0.032863677,-0.030890763,-0.11891031,-0.040644974,-0.028650165,-0.12314379,-0.0003875524,0.0001937762,-0.0009099056,-0.0021315382,0.0,-0.00096888095,0.0022242137,-0.0027128668,-0.0034879714,-0.0021315382,-0.0022242137,-0.0001937762,-0.0021315382,0.0017439857,-0.0018198112,-0.0017439857,0.0,0.0,0.0,0.0,0.0,0.0,0.0,0.0,0.0,0.0,0.0,0.0,0.0,0.0,0.0,0.0,0.29625344,-0.4911187,-0.63855946,0.01913273,-0.13175887,-0.38700894,-0.48218527,-0.39545026,-0.042239316,0.15446238,0.21240899,-1.4038327,0.067611285,0.0015949458,0.35535574,-1.9416616
1788699158.367297,29,1,-0.010652643,-0.008522115,0.011717907,0.010485677,-0.0068636173,-0.9999214,0.0,0.0,0.0,0.034130216,-0.02972889,-0.096399784,-0.017719746,-0.028033197,-0.09120226,0.032893956,-0.030890763,-0.1189419,-0.040644974,-0.028650165,-0.1231122,0.0019377619,-0.0001937762,-0.00080880494,0.0042630765,0.0013564334,0.0,0.0025275154,-0.0019377619,-0.0021315382,-0.0001937762,-0.0017187105,0.0025190904,-0.0042630765,-0.0015502096,0.0010110063,0.0,0.0,0.0,0.0,0.0,0.0,0.0,0.0,0.0,0.0,0.0,0.0,0.0,0.0,0.0,0.0,0.0,-0.009587379,-0.0042610574,0.011717907,0.010507201,-0.006890759,-0.9999211,0.0,0.0,0.0,0.03416049,-0.02969861,-0.096399784,-0.017689466,-0.028033197,-0.09123385,0.032893956,-0.030860484,-0.11891031,-0.040644974,-0.028710723,-0.12312794,0.0015502096,0.0,-0.0011121068,0.0027128668,0.0017439857,0.0027128668,0.0020220126,-0.0001937762,0.0,0.0,0.0013143081,-0.0007751048,-0.0003875524,0.0,0.002426415,-0.002906643,0.0,0.0,0.0,0.0,0.0,0.0,0.0,0.0,0.0,0.0,0.0,0.0,0.0,0.0,0.0,0.0,0.0021305287,-0.0021305287,-0.021305285,0.010514723,-0.0069026956,-0.999921,0.0,0.0,0.0,0.03416049,-0.029668331,-0.09638393,-0.017719746,-0.028093755,-0.09123385,0.032893956,-0.030830204,-0.11892605,-0.040644974,-0.028710723,-0.1231122,0.0015502096,-0.0005813286,0.0016176099,0.0025190904,-0.0015502096,-0.0036817477,0.0016176099,0.0,-0.0001937762,0.0019377619,-0.00050550315,-0.0001937762,-0.0013564334,-0.0001937762,0.0015165093,0.0015502096,0.0,0.0,0.0,0.0,0.0,0.0,0.0,0.0,0.0,0.0,0.0,0.0,0.0,0.0,0.0,0.0,-0.003195793,-0.0021305287,-0.010652643,0.010566381,-0.0068103615,-0.9999209,0.0,0.0,0.0,0.034099936,-0.02972889,-0.096399784,-0.017750025,-0.028033197,-0.09123385,0.032893956,-0.030860484,-0.11891031,-0.040584415,-0.028589606,-0.12312794,-0.0021315382,-0.0001937762,-0.00040440247,0.0019377619,-0.0011626572,-0.0015502096,0.00070770434,0.0013564334,-0.0019377619,0.0023253143,0.00070770434,0.0,0.0007751048,0.0038755238,-0.00080880494,-0.0013564334,0.0,0.0,0.0,0.0,0.0,0.0,0.0,0.0,0.0,0.0,0.0,0.0,0.0,0.0,0.0,0.0,0.010652643,-0.0042610574,-0.006391586,0.01053286,-0.006848534,-0.9999211,0.0,0.0,0.0,0.034130216,-0.02972889,-0.096399784,-0.017719746,-0.028033197,-0.091217995,0.032954514,-0.030890763,-0.11891031,-0.040644974,-0.028619885,-0.1231122,0.0019377619,-0.0001937762,-0.00060660375,0.0011626572,0.002906643,-0.0025190904,0.0011121068,-0.0007751048,0.0019377619,0.0019377619,0.0012132075,0.0001937762,-0.0048444048,-0.0025190904,-0.00020220123,0.0,0.0,0.0,0.0,0.0,0.0,0.0,0.0,0.0,0.0,0.0,0.0,0.0,0.0,0.0,0.0,0.0,0.29923424,-0.48730373,-0.6225939,0.020773325,-0.1249579,-0.38253778,-0.4934079,-0.40149528,-0.048777863,0.17113508,0.21683398,-1.392525,0.06331541,-0.012489796,0.35157686,-1.9365339
1788699158.3873725,30,1,-0.0021305287,0.011717907,0.0010652643,0.0105295805,-0.0068232687,-0.9999213,0.0,0.0,0.0,0.034099936,-0.02972889,-0.09638393,-0.017750025,-0.028033197,-0.09120226,0.032924235,-0.030890763,-0.1189419,-0.040614694,-0.028619885,-0.12312794,-0.00096888095,0.0007751048,0.00050550315,0.0046506287,0.0011626572,-0.0015502096,0.0031341196,-0.002906643,-0.0011626572,0.0007751048,-0.0018198112,0.0007751048,-0.0021315382,-0.0017439857,-0.00050550315,0.0013564334,0.0,0.0,0.0,0.0,0.0,0.0,0.0,0.0,0.0,0.0,0.0,0.0,0.0,0.0,0.0,0.0,-0.010652643,-0.008522115,0.011717907,0.010485677,-0.0068636173,-0.9999214,0.0,0.0,0.0,0.034130216,-0.02972889,-0.096399784,-0.017719746,-0.028033197,-0.09120226,0.032893956,-0.030890763,-0.1189419,-0.040644974,-0.028650165,-0.1231122,0.0019377619,-0.0001937762,-0.00080880494,0.0042630765,0.0013564334,0.0,0.0025275154,-0.0019377619,-0.0021315382,-0.0001937762,-0.0017187105,0.0025190904,-0.0042630765,-0.0015502096,0.0010110063,0.0,0.0,0.0,0.0,0.0,0.0,0.0,0.0,0.0,0.0,0.0,0.0,0.0,0.0,0.0,0.0,0.0,-0.009587379,-0.0042610574,0.011717907,0.010507201,-0.006890759,-0.9999211,0.0,0.0,0.0,0.03416049,-0.02969861,-0.096399784,-0.017689466,-0.028033197,-0.09123385,0.032893956,-0.030860484,-0.11891031,-0.040644974,-0.028710723,-0.12312794,0.0015502096,0.0,-0.0011121068,0.0027128668,0.0017439857,0.0027128668,0.0020220126,-0.0001937762,0.0,0.0,0.0013143081,-0.0007751048,-0.0003875524,0.0,0.002426415,-0.002906643,0.0,0.0,0.0,0.0,0.0,0.0,0.0,0.0,0.0,0.0,0.0,0.0,0.0,0.0,0.0,0.0,0.0021305287,-0.0021305287,-0.021305285,0.010514723,-0.0069026956,-0.999921,0.0,0.0,0.0,0.03416049,-0.029668331,-0.09638393,-0.017719746,-0.028093755,-0.09123385,0.032893956,-0.030830204,-0.11892605,-0.040644974,-0.028710723,-0.1231122,0.0015502096,-0.0005813286,0.0016176099,0.0025190904,-0.0015502096,-0.0036817477,0.0016176099,0.0,-0.0001937762,0.0019377619,-0.00050550315,-0.0001937762,-0.0013564334,-0.0001937762,0.0015165093,0.0015502096,0.0,0.0,0.0,0.0,0.0,0.0,0.0,0.0,0.0,0.0,0.0,0.0,0.0,0.0,0.0,0.0,-0.003195793,-0.0021305287,-0.010652643,0.010566381,-0.0068103615,-0.9999209,0.0,0.0,0.0,0.034099936,-0.02972889,-0.096399784,-0.017750025,-0.028033197,-0.09123385,0.032893956,-0.030860484,-0.11891031,-0.040584415,-0.028589606,-0.12312794,-0.0021315382,-0.0001937762,-0.00040440247,0.0019377619,-0.0011626572,-0.0015502096,0.00070770434,0.0013564334,-0.0019377619,0.0023253143,0.00070770434,0.0,0.0007751048,0.0038755238,-0.00080880494,-0.0013564334,0.0,0.0,0.0,0.0,0.0,0.0,0.0,0.0,0.0,0.0,0.0,0.0,0.0,0.0,0.0,0.0,0.29537705,-0.49354962,-0.6292701,0.013075236,-0.12921833,-0.37992284,-0.47506818,-0.39818075,-0.040745914,0.1580005,0.21731642,-1.4026209,0.06706077,0.0050094724,0.34153473,-1.9421139
1788699158.4073486,31,1,0.0010652643,0.0021305287,-0.027696872,0.010584206,-0.0068388754,-0.9999206,0.0,0.0,0.0,0.034130216,-0.02969861,-0.09641552,-0.017719746,-0.028063476,-0.091217995,0.032893956,-0.030860484,-0.1189419,-0.040675253,-0.028680444,-0.12312794,-0.0003875524,0.0001937762,-0.002426415,0.0017439857,-0.0011626572,-0.0019377619,0.0025275154,0.0,-0.0001937762,0.00096888095,-0.0021231133,0.0027128668,-0.0046506287,-0.0019377619,-0.00070770434,0.0007751048,0.0,0.0,0.0,0.0,0.0,0.0,0.0,0.0,0.0,0.0,0.0,0.0,0.0,0.0,0.0,0.0,-0.0021305287,0.011717907,0.0010652643,0.0105295805,-0.0068232687,-0.9999213,0.0,0.0,0.0,0.034099936,-0.02972889,-0.09638393,-0.017750025,-0.028033197,-0.09120226,0.032924235,-0.030890763,-0.1189419,-0.040614694,-0.028619885,-0.12312794,-0.00096888095,0.0007751048,0.00050550315,0.0046506287,0.0011626572,-0.0015502096,0.0031341196,-0.002906643,-0.0011626572,0.0007751048,-0.0018198112,0.0007751048,-0.0021315382,-0.0017439857,-0.00050550315,0.0013564334,0.0,0.0,0.0,0.0,0.0,0.0,0.0,0.0,0.0,0.0,0.0,0.0,0.0,0.0,0.0,0.0,-0.010652643,-0.008522115,0.011717907,0.010485677,-0.0068636173,-0.9999214,0.0,0.0,0.0,0.034130216,-0.02972889,-0.096399784,-0.017719746,-0.028033197,-0.09120226,0.032893956,-0.030890763,-0.1189419,-0.040644974,-0.028650165,-0.1231122,0.0019377619,-0.0001937762,-0.00080880494,0.0042630765,0.0013564334,0.0,0.0025275154,-0.0019377619,-0.0021315382,-0.0001937762,-0.0017187105,0.0025190904,-0.0042630765,-0.0015502096,0.0010110063,0.0,0.0,0.0,0.0,0.0,0.0,0.0,0.0,0.0,0.0,0.0,0.0,0.0,0.0,0.0,0.0,0.0,-0.009587379,-0.0042610574,0.011717907,0.010507201,-0.006890759,-0.9999211,0.0,0.0,0.0,0.03416049,-0.02969861,-0.096399784,-0.017689466,-0.028033197,-0.09123385,0.032893956,-0.030860484,-0.11891031,-0.040644974,-0.028710723,-0.12312794,0.0015502096,0.0,-0.0011121068,0.0027128668,0.0017439857,0.0027128668,0.0020220126,-0.0001937762,0.0,0.0,0.0013143081,-0.0007751048,-0.0003875524,0.0,0.002426415,-0.002906643,0.0,0.0,0.0,0.0,0.0,0.0,0.0,0.0,0.0,0.0,0.0,0.0,0.0,0.0,0.0,0.0,0.0021305287,-0.0021305287,-0.021305285,0.010514723,-0.0069026956,-0.999921,0.0,0.0,0.0,0.03416049,-0.029668331,-0.09638393,-0.017719746,-0.028093755,-0.09123385,0.032893956,-0.030830204,-0.11892605,-0.040644974,-0.028710723,-0.1231122,0.0015502096,-0.0005813286,0.0016176099,0.0025190904,-0.0015502096,-0.0036817477,0.0016176099,0.0,-0.0001937762,0.0019377619,-0.00050550315,-0.0001937762,-0.0013564334,-0.0001937762,0.0015165093,0.0015502096,0.0,0.0,0.0,0.0,0.0,0.0,0.0,0.0,0.0,0.0,0.0,0.0,0.0,0.0,0.0,0.0,0.2867844,-0.5005591,-0.6606103,0.035271395,-0.13912454,-0.3480948,-0.45336044,-0.39624652,-0.02727073,0.104925215,0.24036321,-1.4046488,0.08343685,0.042743776,0.328314,-1.9332657
1788699158.4275866,32,1,-0.006391586,-0.0010652643,-0.0021305287,0.010558112,-0.0068579083,-0.9999209,0.0,0.0,0.0,0.03416049,-0.029668331,-0.09638393,-0.017689466,-0.028093755,-0.09123385,0.032863677,-0.030860484,-0.11892605,-0.040675253,-0.028771281,-0.1231122,0.0001937762,0.0025190904,0.00010110062,0.0044568526,0.0,-0.0019377619,0.0012132075,-0.0019377619,-0.002906643,-0.0007751048,-0.00050550315,0.0015502096,-0.0023253143,-0.0056195096,0.0016176099,0.0007751048,0.0,0.0,0.0,0.0,0.0,0.0,0.0,0.0,0.0,0.0,0.0,0.0,0.0,0.0,0.0,0.0,0.0010652643,0.0021305287,-0.027696872,0.010584206,-0.0068388754,-0.9999206,0.0,0.0,0.0,0.034130216,-0.02969861,-0.09641552,-0.017719746,-0.028063476,-0.091217995,0.032893956,-0.030860484,-0.1189419,-0.040675253,-0.028680444,-0.12312794,-0.0003875524,0.0001937762,-0.002426415,0.0017439857,-0.0011626572,-0.0019377619,0.0025275154,0.0,-0.0001937762,0.00096888095,-0.0021231133,0.0027128668,-0.0046506287,-0.0019377619,-0.00070770434,0.0007751048,0.0,0.0,0.0,0.0,0.0,0.0,0.0,0.0,0.0,0.0,0.0,0.0,0.0,0.0,0.0,0.0,-0.0021305287,0.011717907,0.0010652643,0.0105295805,-0.0068232687,-0.9999213,0.0,0.0,0.0,0.034099936,-0.02972889,-0.09638393,-0.017750025,-0.028033197,-0.09120226,0.032924235,-0.030890763,-0.1189419,-0.040614694,-0.028619885,-0.12312794,-0.00096888095,0.0007751048,0.00050550315,0.0046506287,0.0011626572,-0.0015502096,0.0031341196,-0.002906643,-0.0011626572,0.0007751048,-0.0018198112,0.0007751048,-0.0021315382,-0.0017439857,-0.00050550315,0.0013564334,0.0,0.0,0.0,0.0,0.0,0.0,0.0,0.0,0.0,0.0,0.0,0.0,0.0,0.0,0.0,0.0,-0.010652643,-0.008522115,0.011717907,0.010485677,-0.0068636173,-0.9999214,0.0,0.0,0.0,0.034130216,-0.02972889,-0.096399784,-0.017719746,-0.028033197,-0.09120226,0.032893956,-0.030890763,-0.1189419,-0.040644974,-0.028650165,-0.1231122,0.0019377619,-0.0001937762,-0.00080880494,0.0042630765,0.0013564334,0.0,0.0025275154,-0.0019377619,-0.0021315382,-0.0001937762,-0.0017187105,0.0025190904,-0.0042630765,-0.0015502096,0.0010110063,0.0,0.0,0.0,0.0,0.0,0.0,0.0,0.0,0.0,0.0,0.0,0.0,0.0,0.0,0.0,0.0,0.0,-0.009587379,-0.0042610574,0.011717907,0.010507201,-0.006890759,-0.9999211,0.0,0.0,0.0,0.03416049,-0.02969861,-0.096399784,-0.017689466,-0.028033197,-0.09123385,0.032893956,-0.030860484,-0.11891031,-0.040644974,-0.028710723,-0.12312794,0.0015502096,0.0,-0.0011121068,0.0027128668,0.0017439857,0.0027128668,0.0020220126,-0.0001937762,0.0,0.0,0.0013143081,-0.0007751048,-0.0003875524,0.0,0.002426415,-0.002906643,0.0,0.0,0.0,0.0,0.0,0.0,0.0,0.0,0.0,0.0,0.0,0.0,0.0,0.0,0.0,0.0,0.2966988,-0.49673292,-0.6506251,0.034683798,-0.13325651,-0.36465308,-0.48663172,-0.39635605,-0.044357195,0.14983664,0.22777453,-1.4021171,0.07088968,0.011823043,0.34878856,-1.9432952
1788699158.4484599,33,1,-0.0042610574,0.0010652643,0.0074568503,0.010541575,-0.006870694,-0.99992085,0.0,0.0,0.0,0.03416049,-0.029668331,-0.09641552,-0.017659187,-0.028063476,-0.09123385,0.032893956,-0.030860484,-0.11892605,-0.040614694,-0.028710723,-0.12312794,0.0019377619,0.0038755238,-0.0021231133,0.0007751048,0.0046506287,0.00096888095,0.00070770434,0.0023253143,-0.0015502096,0.0017439857,-0.00080880494,0.0019377619,0.0,-0.0027128668,-0.00070770434,-0.0027128668,0.0,0.0,0.0,0.0,0.0,0.0,0.0,0.0,0.0,0.0,0.0,0.0,0.0,0.0,0.0,0.0,-0.006391586,-0.0010652643,-0.0021305287,0.010558112,-0.0068579083,-0.9999209,0.0,0.0,0.0,0.03416049,-0.029668331,-0.09638393,-0.017689466,-0.028093755,-0.09123385,0.032863677,-0.030860484,-0.11892605,-0.040675253,-0.028771281,-0.1231122,0.0001937762,0.0025190904,0.00010110062,0.0044568526,0.0,-0.0019377619,0.0012132075,-0.0019377619,-0.002906643,-0.0007751048,-0.00050550315,0.0015502096,-0.0023253143,-0.0056195096,0.0016176099,0.0007751048,0.0,0.0,0.0,0.0,0.0,0.0,0.0,0.0,0.0,0.0,0.0,0.0,0.0,0.0,0.0,0.0,0.0010652643,0.0021305287,-0.027696872,0.010584206,-0.0068388754,-0.9999206,0.0,0.0,0.0,0.034130216,-0.02969861,-0.09641552,-0.017719746,-0.028063476,-0.091217995,0.032893956,-0.030860484,-0.1189419,-0.040675253,-0.028680444,-0.12312794,-0.0003875524,0.0001937762,-0.002426415,0.0017439857,-0.0011626572,-0.0019377619,0.0025275154,0.0,-0.0001937762,0.00096888095,-0.0021231133,0.0027128668,-0.0046506287,-0.0019377619,-0.00070770434,0.0007751048,0.0,0.0,0.0,0.0,0.0,0.0,0.0,0.0,0.0,0.0,0.0,0.0,0.0,0.0,0.0,0.0,-0.0021305287,0.011717907,0.0010652643,0.0105295805,-0.0068232687,-0.9999213,0.0,0.0,0.0,0.034099936,-0.02972889,-0.09638393,-0.017750025,-0.028033197,-0.09120226,0.032924235,-0.030890763,-0.1189419,-0.040614694,-0.028619885,-0.12312794,-0.00096888095,0.0007751048,0.00050550315,0.0046506287,0.0011626572,-0.0015502096,0.0031341196,-0.002906643,-0.0011626572,0.0007751048,-0.0018198112,0.0007751048,-0.0021315382,-0.0017439857,-0.00050550315,0.0013564334,0.0,0.0,0.0,0.0,0.0,0.0,0.0,0.0,0.0,0.0,0.0,0.0,0.0,0.0,0.0,0.0,-0.010652643,-0.008522115,0.011717907,0.010485677,-0.0068636173,-0.9999214,0.0,0.0,0.0,0.034130216,-0.02972889,-0.096399784,-0.017719746,-0.028033197,-0.09120226,0.032893956,-0.030890763,-0.1189419,-0.040644974,-0.028650165,-0.1231122,0.0019377619,-0.0001937762,-0.00080880494,0.0042630765,0.0013564334,0.0,0.0025275154,-0.0019377619,-0.0021315382,-0.0001937762,-0.0017187105,0.0025190904,-0.0042630765,-0.0015502096,0.0010110063,0.0,0.0,0.0,0.0,0.0,0.0,0.0,0.0,0.0,0.0,0.0,0.0,0.0,0.0,0.0,0.0,0.0,0.29821602,-0.49521688,-0.64445835,0.039008368,-0.13036391,-0.3832146,-0.48994514,-0.39882594,-0.04596713,0.17585993,0.2015093,-1.3932883,0.06496808,-0.0013526492,0.36609823,-1.9426855
1788699158.4673452,34,1,0.0074568503,-0.003195793,0.0010652643,0.010488449,-0.006813693,-0.9999217,0.0,0.0,0.0,0.034130216,-0.02972889,-0.09641552,-0.017689466,-0.027972639,-0.091217995,0.032924235,-0.030890763,-0.11892605,-0.040584415,-0.028589606,-0.12312794,0.0019377619,-0.00096888095,-0.0020220126,0.0023253143,0.0031004192,-0.002906643,0.0010110063,-0.00096888095,-0.0015502096,0.0015502096,-0.00040440247,-0.0031004192,0.00096888095,0.00096888095,-0.00010110062,-0.0003875524,0.0,0.0,0.0,0.0,0.0,0.0,0.0,0.0,0.0,0.0,0.0,0.0,0.0,0.0,0.0,0.0,-0.0042610574,0.0010652643,0.0074568503,0.010541575,-0.006870694,-0.99992085,0.0,0.0,0.0,0.03416049,-0.029668331,-0.09641552,-0.017659187,-0.028063476,-0.09123385,0.032893956,-0.030860484,-0.11892605,-0.040614694,-0.028710723,-0.12312794,0.0019377619,0.0038755238,-0.0021231133,0.0007751048,0.0046506287,0.00096888095,0.00070770434,0.0023253143,-0.0015502096,0.0017439857,-0.00080880494,0.0019377619,0.0,-0.0027128668,-0.00070770434,-0.0027128668,0.0,0.0,0.0,0.0,0.0,0.0,0.0,0.0,0.0,0.0,0.0,0.0,0.0,0.0,0.0,0.0,-0.006391586,-0.0010652643,-0.0021305287,0.010558112,-0.0068579083,-0.9999209,0.0,0.0,0.0,0.03416049,-0.029668331,-0.09638393,-0.017689466,-0.028093755,-0.09123385,0.032863677,-0.030860484,-0.11892605,-0.040675253,-0.028771281,-0.1231122,0.0001937762,0.0025190904,0.00010110062,0.0044568526,0.0,-0.0019377619,0.0012132075,-0.0019377619,-0.002906643,-0.0007751048,-0.00050550315,0.0015502096,-0.0023253143,-0.0056195096,0.0016176099,0.0007751048,0.0,0.0,0.0,0.0,0.0,0.0,0.0,0.0,0.0,0.0,0.0,0.0,0.0,0.0,0.0,0.0,0.0010652643,0.0021305287,-0.027696872,0.010584206,-0.0068388754,-0.9999206,0.0,0.0,0.0,0.034130216,-0.02969861,-0.09641552,-0.017719746,-0.028063476,-0.091217995,0.032893956,-0.030860484,-0.1189419,-0.040675253,-0.028680444,-0.12312794,-0.0003875524,0.0001937762,-0.002426415,0.0017439857,-0.0011626572,-0.0019377619,0.0025275154,0.0,-0.0001937762,0.00096888095,-0.0021231133,0.0027128668,-0.0046506287,-0.0019377619,-0.00070770434,0.0007751048,0.0,0.0,0.0,0.0,0.0,0.0,0.0,0.0,0.0,0.0,0.0,0.0,0.0,0.0,0.0,0.0,-0.0021305287,0.011717907,0.0010652643,0.0105295805,-0.0068232687,-0.9999213,0.0,0.0,0.0,0.034099936,-0.02972889,-0.09638393,-0.017750025,-0.028033197,-0.09120226,0.032924235,-0.030890763,-0.1189419,-0.040614694,-0.028619885,-0.12312794,-0.00096888095,0.0007751048,0.00050550315,0.0046506287,0.0011626572,-0.0015502096,0.0031341196,-0.002906643,-0.0011626572,0.0007751048,-0.0018198112,0.0007751048,-0.0021315382,-0.0017439857,-0.00050550315,0.0013564334,0.0,0.0,0.0,0.0,0.0,0.0,0.0,0.0,0.0,0.0,0.0,0.0,0.0,0.0,0.0,0.0,0.29383445,-0.48524866,-0.6496364,0.027253266,-0.132461,-0.37648433,-0.4714057,-0.400719,-0.034309443,0.16620237,0.20651338,-1.4097302,0.07089445,0.0072066523,0.3659367,-1.9590038
1788699158.4894435,35,1,-0.0053263213,0.0021305287,-0.012783172,0.010535373,-0.006804317,-0.9999213,0.0,0.0,0.0,0.034130216,-0.02972889,-0.09638393,-0.017689466,-0.028002918,-0.091217995,0.032893956,-0.030860484,-0.11892605,-0.040644974,-0.028650165,-0.1231122,0.0011626572,-0.0007751048,0.00070770434,0.0001937762,0.0027128668,0.0,0.0014154087,-0.0025190904,-0.0025190904,0.002906643,0.00010110062,0.0019377619,-0.0048444048,-0.0027128668,0.0014154087,0.0001937762,0.0,0.0,0.0,0.0,0.0,0.0,0.0,0.0,0.0,0.0,0.0,0.0,0.0,0.0,0.0,0.0,0.0074568503,-0.003195793,0.0010652643,0.010488449,-0.006813693,-0.9999217,0.0,0.0,0.0,0.034130216,-0.02972889,-0.09641552,-0.017689466,-0.027972639,-0.091217995,0.032924235,-0.030890763,-0.11892605,-0.040584415,-0.028589606,-0.12312794,0.0019377619,-0.00096888095,-0.0020220126,0.0023253143,0.0031004192,-0.002906643,0.0010110063,-0.00096888095,-0.0015502096,0.0015502096,-0.00040440247,-0.0031004192,0.00096888095,0.00096888095,-0.00010110062,-0.0003875524,0.0,0.0,0.0,0.0,0.0,0.0,0.0,0.0,0.0,0.0,0.0,0.0,0.0,0.0,0.0,0.0,-0.0042610574,0.0010652643,0.0074568503,0.010541575,-0.006870694,-0.99992085,0.0,0.0,0.0,0.03416049,-0.029668331,-0.09641552,-0.017659187,-0.028063476,-0.09123385,0.032893956,-0.030860484,-0.11892605,-0.040614694,-0.028710723,-0.12312794,0.0019377619,0.0038755238,-0.0021231133,0.0007751048,0.0046506287,0.00096888095,0.00070770434,0.0023253143,-0.0015502096,0.0017439857,-0.00080880494,0.0019377619,0.0,-0.0027128668,-0.00070770434,-0.0027128668,0.0,0.0,0.0,0.0,0.0,0.0,0.0,0.0,0.0,0.0,0.0,0.0,0.0,0.0,0.0,0.0,-0.006391586,-0.0010652643,-0.0021305287,0.010558112,-0.0068579083,-0.9999209,0.0,0.0,0.0,0.03416049,-0.029668331,-0.09638393,-0.017689466,-0.028093755,-0.09123385,0.032863677,-0.030860484,-0.11892605,-0.040675253,-0.028771281,-0.1231122,0.0001937762,0.0025190904,0.00010110062,0.0044568526,0.0,-0.0019377619,0.0012132075,-0.0019377619,-0.002906643,-0.0007751048,-0.00050550315,0.0015502096,-0.0023253143,-0.0056195096,0.0016176099,0.0007751048,0.0,0.0,0.0,0.0,0.0,0.0,0.0,0.0,0.0,0.0,0.0,0.0,0.0,0.0,0.0,0.0,0.0010652643,0.0021305287,-0.027696872,0.010584206,-0.0068388754,-0.9999206,0.0,0.0,0.0,0.034130216,-0.02969861,-0.09641552,-0.017719746,-0.028063476,-0.091217995,0.032893956,-0.030860484,-0.1189419,-0.040675253,-0.028680444,-0.12312794,-0.0003875524,0.0001937762,-0.002426415,0.0017439857,-0.0011626572,-0.0019377619,0.0025275154,0.0,-0.0001937762,0.00096888095,-0.0021231133,0.0027128668,-0.0046506287,-0.0019377619,-0.00070770434,0.0007751048,0.0,0.0,0.0,0.0,0.0,0.0,0.0,0.0,0.0,0.0,0.0,0.0,0.0,0.0,0.0,0.0,0.29317462,-0.50016475,-0.6436572,0.027373921,-0.1330492,-0.36756173,-0.46900666,-0.39947623,-0.034369394,0.13889258,0.22059824,-1.3956298,0.06997661,0.009623159,0.34518036,-1.9495534
1788699158.5089076,36,1,0.003195793,0.0021305287,-0.011717907,0.010560167,-0.0068545323,-0.9999208,0.0,0.0,0.0,0.034190767,-0.02969861,-0.096399784,-0.017689466,-0.028063476,-0.09123385,0.032863677,-0.030830204,-0.11891031,-0.040584415,-0.028680444,-0.1231122,0.0021315382,-0.0007751048,-0.0012132075,0.0017439857,0.00096888095,-0.0013564334,0.0010110063,-0.0056195096,-0.0027128668,0.002906643,0.0009099056,0.0023253143,0.0031004192,0.0013564334,0.00050550315,-0.00096888095,0.0,0.0,0.0,0.0,0.0,0.0,0.0,0.0,0.0,0.0,0.0,0.0,0.0,0.0,0.0,0.0,-0.0053263213,0.0021305287,-0.012783172,0.010535373,-0.006804317,-0.9999213,0.0,0.0,0.0,0.034130216,-0.02972889,-0.09638393,-0.017689466,-0.028002918,-0.091217995,0.032893956,-0.030860484,-0.11892605,-0.040644974,-0.028650165,-0.1231122,0.0011626572,-0.0007751048,0.00070770434,0.0001937762,0.0027128668,0.0,0.0014154087,-0.0025190904,-0.0025190904,0.002906643,0.00010110062,0.0019377619,-0.0048444048,-0.0027128668,0.0014154087,0.0001937762,0.0,0.0,0.0,0.0,0.0,0.0,0.0,0.0,0.0,0.0,0.0,0.0,0.0,0.0,0.0,0.0,0.0074568503,-0.003195793,0.0010652643,0.010488449,-0.006813693,-0.9999217,0.0,0.0,0.0,0.034130216,-0.02972889,-0.09641552,-0.017689466,-0.027972639,-0.091217995,0.032924235,-0.030890763,-0.11892605,-0.040584415,-0.028589606,-0.12312794,0.0019377619,-0.00096888095,-0.0020220126,0.0023253143,0.0031004192,-0.002906643,0.0010110063,-0.00096888095,-0.0015502096,0.0015502096,-0.00040440247,-0.0031004192,0.00096888095,0.00096888095,-0.00010110062,-0.0003875524,0.0,0.0,0.0,0.0,0.0,0.0,0.0,0.0,0.0,0.0,0.0,0.0,0.0,0.0,0.0,0.0,-0.0042610574,0.0010652643,0.0074568503,0.010541575,-0.006870694,-0.99992085,0.0,0.0,0.0,0.03416049,-0.029668331,-0.09641552,-0.017659187,-0.028063476,-0.09123385,0.032893956,-0.030860484,-0.11892605,-0.040614694,-0.028710723,-0.12312794,0.0019377619,0.0038755238,-0.0021231133,0.0007751048,0.0046506287,0.00096888095,0.00070770434,0.0023253143,-0.0015502096,0.0017439857,-0.00080880494,0.0019377619,0.0,-0.0027128668,-0.00070770434,-0.0027128668,0.0,0.0,0.0,0.0,0.0,0.0,0.0,0.0,0.0,0.0,0.0,0.0,0.0,0.0,0.0,0.0,-0.006391586,-0.0010652643,-0.0021305287,0.010558112,-0.0068579083,-0.9999209,0.0,0.0,0.0,0.03416049,-0.029668331,-0.09638393,-0.017689466,-0.028093755,-0.09123385,0.032863677,-0.030860484,-0.11892605,-0.040675253,-0.028771281,-0.1231122,0.0001937762,0.0025190904,0.00010110062,0.0044568526,0.0,-0.0019377619,0.0012132075,-0.0019377619,-0.002906643,-0.0007751048,-0.00050550315,0.0015502096,-0.0023253143,-0.0056195096,0.0016176099,0.0007751048,0.0,0.0,0.0,0.0,0.0,0.0,0.0,0.0,0.0,0.0,0.0,0.0,0.0,0.0,0.0,0.0,0.28904575,-0.49332833,-0.65344316,0.03666922,-0.13608587,-0.36108702,-0.4620202,-0.40370822,-0.029115606,0.13267304,0.21779463,-1.3932022,0.0795391,0.024875619,0.3448025,-1.9486685
1788699158.5272841,37,1,0.0074568503,-0.0042610574,0.0074568503,0.010536379,-0.006952264,-0.9999203,0.0,0.0,0.0,0.034130216,-0.02969861,-0.096399784,-0.017659187,-0.028063476,-0.09123385,0.032893956,-0.030830204,-0.11889446,-0.040644974,-0.028741002,-0.12312794,-0.0011626572,0.0,-0.0013143081,0.0019377619,0.0042630765,0.0,0.0015165093,-0.0031004192,-0.0001937762,0.0017439857,0.0019209118,0.0025190904,-0.0003875524,-0.0034879714,-0.00020220123,-0.002906643,0.0,0.0,0.0,0.0,0.0,0.0,0.0,0.0,0.0,0.0,0.0,0.0,0.0,0.0,0.0,0.0,0.003195793,0.0021305287,-0.011717907,0.010560167,-0.0068545323,-0.9999208,0.0,0.0,0.0,0.034190767,-0.02969861,-0.096399784,-0.017689466,-0.028063476,-0.09123385,0.032863677,-0.030830204,-0.11891031,-0.040584415,-0.028680444,-0.1231122,0.0021315382,-0.0007751048,-0.0012132075,0.0017439857,0.00096888095,-0.0013564334,0.0010110063,-0.0056195096,-0.0027128668,0.002906643,0.0009099056,0.0023253143,0.0031004192,0.0013564334,0.00050550315,-0.00096888095,0.0,0.0,0.0,0.0,0.0,0.0,0.0,0.0,0.0,0.0,0.0,0.0,0.0,0.0,0.0,0.0,-0.0053263213,0.0021305287,-0.012783172,0.010535373,-0.006804317,-0.9999213,0.0,0.0,0.0,0.034130216,-0.02972889,-0.09638393,-0.017689466,-0.028002918,-0.091217995,0.032893956,-0.030860484,-0.11892605,-0.040644974,-0.028650165,-0.1231122,0.0011626572,-0.0007751048,0.00070770434,0.0001937762,0.0027128668,0.0,0.0014154087,-0.0025190904,-0.0025190904,0.002906643,0.00010110062,0.0019377619,-0.0048444048,-0.0027128668,0.0014154087,0.0001937762,0.0,0.0,0.0,0.0,0.0,0.0,0.0,0.0,0.0,0.0,0.0,0.0,0.0,0.0,0.0,0.0,0.0074568503,-0.003195793,0.0010652643,0.010488449,-0.006813693,-0.9999217,0.0,0.0,0.0,0.034130216,-0.02972889,-0.09641552,-0.017689466,-0.027972639,-0.091217995,0.032924235,-0.030890763,-0.11892605,-0.040584415,-0.028589606,-0.12312794,0.0019377619,-0.00096888095,-0.0020220126,0.0023253143,0.0031004192,-0.002906643,0.0010110063,-0.00096888095,-0.0015502096,0.0015502096,-0.00040440247,-0.0031004192,0.00096888095,0.00096888095,-0.00010110062,-0.0003875524,0.0,0.0,0.0,0.0,0.0,0.0,0.0,0.0,0.0,0.0,0.0,0.0,0.0,0.0,0.0,0.0,-0.0042610574,0.0010652643,0.0074568503,0.010541575,-0.006870694,-0.99992085,0.0,0.0,0.0,0.03416049,-0.029668331,-0.09641552,-0.017659187,-0.028063476,-0.09123385,0.032893956,-0.030860484,-0.11892605,-0.040614694,-0.028710723,-0.12312794,0.0019377619,0.0038755238,-0.0021231133,0.0007751048,0.0046506287,0.00096888095,0.00070770434,0.0023253143,-0.0015502096,0.0017439857,-0.00080880494,0.0019377619,0.0,-0.0027128668,-0.00070770434,-0.0027128668,0.0,0.0,0.0,0.0,0.0,0.0,0.0,0.0,0.0,0.0,0.0,0.0,0.0,0.0,0.0,0.0,0.2936466,-0.4816714,-0.64393604,0.029264752,-0.13177466,-0.37009344,-0.47870046,-0.40026638,-0.034474917,0.15944648,0.20729603,-1.38852,0.06918344,0.0043561906,0.36903235,-1.9552524
1788699158.547273,38,1,0.0042610574,-0.0010652643,0.009587379,0.010524206,-0.0068727615,-0.9999211,0.0,0.0,0.0,0.034130216,-0.02969861,-0.09641552,-0.017719746,-0.028033197,-0.091217995,0.032893956,-0.030860484,-0.11891031,-0.040675253,-0.028650165,-0.12312794,0.0023253143,0.0019377619,-0.0022242137,0.0019377619,0.0,0.00096888095,0.0016176099,0.0017439857,-0.0019377619,0.0031004192,0.00060660375,0.0023253143,-0.0042630765,-0.0001937762,0.0,0.0001937762,0.0,0.0,0.0,0.0,0.0,0.0,0.0,0.0,0.0,0.0,0.0,0.0,0.0,0.0,0.0,0.0,0.0074568503,-0.0042610574,0.0074568503,0.010536379,-0.006952264,-0.9999203,0.0,0.0,0.0,0.034130216,-0.02969861,-0.096399784,-0.017659187,-0.028063476,-0.09123385,0.032893956,-0.030830204,-0.11889446,-0.040644974,-0.028741002,-0.12312794,-0.0011626572,0.0,-0.0013143081,0.0019377619,0.0042630765,0.0,0.0015165093,-0.0031004192,-0.0001937762,0.0017439857,0.0019209118,0.0025190904,-0.0003875524,-0.0034879714,-0.00020220123,-0.002906643,0.0,0.0,0.0,0.0,0.0,0.0,0.0,0.0,0.0,0.0,0.0,0.0,0.0,0.0,0.0,0.0,0.003195793,0.0021305287,-0.011717907,0.010560167,-0.0068545323,-0.9999208,0.0,0.0,0.0,0.034190767,-0.02969861,-0.096399784,-0.017689466,-0.028063476,-0.09123385,0.032863677,-0.030830204,-0.11891031,-0.040584415,-0.028680444,-0.1231122,0.0021315382,-0.0007751048,-0.0012132075,0.0017439857,0.00096888095,-0.0013564334,0.0010110063,-0.0056195096,-0.0027128668,0.002906643,0.0009099056,0.0023253143,0.0031004192,0.0013564334,0.00050550315,-0.00096888095,0.0,0.0,0.0,0.0,0.0,0.0,0.0,0.0,0.0,0.0,0.0,0.0,0.0,0.0,0.0,0.0,-0.0053263213,0.0021305287,-0.012783172,0.010535373,-0.006804317,-0.9999213,0.0,0.0,0.0,0.034130216,-0.02972889,-0.09638393,-0.017689466,-0.028002918,-0.091217995,0.032893956,-0.030860484,-0.11892605,-0.040644974,-0.028650165,-0.1231122,0.0011626572,-0.0007751048,0.00070770434,0.0001937762,0.0027128668,0.0,0.0014154087,-0.0025190904,-0.0025190904,0.002906643,0.00010110062,0.0019377619,-0.0048444048,-0.0027128668,0.0014154087,0.0001937762,0.0,0.0,0.0,0.0,0.0,0.0,0.0,0.0,0.0,0.0,0.0,0.0,0.0,0.0,0.0,0.0,0.0074568503,-0.003195793,0.0010652643,0.010488449,-0.006813693,-0.9999217,0.0,0.0,0.0,0.034130216,-0.02972889,-0.09641552,-0.017689466,-0.027972639,-0.091217995,0.032924235,-0.030890763,-0.11892605,-0.040584415,-0.028589606,-0.12312794,0.0019377619,-0.00096888095,-0.0020220126,0.0023253143,0.0031004192,-0.002906643,0.0010110063,-0.00096888095,-0.0015502096,0.0015502096,-0.00040440247,-0.0031004192,0.00096888095,0.00096888095,-0.00010110062,-0.0003875524,0.0,0.0,0.0,0.0,0.0,0.0,0.0,0.0,0.0,0.0,0.0,0.0,0.0,0.0,0.0,0.0,0.29430813,-0.4953734,-0.6260208,0.023504045,-0.12778874,-0.38765484,-0.48741364,-0.39572844,-0.043873012,0.16597454,0.20034122,-1.3851868,0.06418218,-0.0127997175,0.35478175,-1.9429867
1788699158.5687125,39,1,-0.010652643,0.0,-0.0053263213,0.010589439,-0.006844288,-0.9999204,0.0,0.0,0.0,0.034099936,-0.02969861,-0.096399784,-0.017719746,-0.028002918,-0.09123385,0.032924235,-0.030890763,-0.11891031,-0.040584415,-0.028619885,-0.1231122,-0.00096888095,0.0021315382,-0.00080880494,-0.0007751048,0.0017439857,-0.0005813286,-0.00060660375,-0.00096888095,-0.0003875524,0.0013564334,0.0012132075,-0.0005813286,0.00096888095,-0.0019377619,-0.00050550315,-0.0005813286,0.0,0.0,0.0,0.0,0.0,0.0,0.0,0.0,0.0,0.0,0.0,0.0,0.0,0.0,0.0,0.0,0.0042610574,-0.0010652643,0.009587379,0.010524206,-0.0068727615,-0.9999211,0.0,0.0,0.0,0.034130216,-0.02969861,-0.09641552,-0.017719746,-0.028033197,-0.091217995,0.032893956,-0.030860484,-0.11891031,-0.040675253,-0.028650165,-0.12312794,0.0023253143,0.0019377619,-0.0022242137,0.0019377619,0.0,0.00096888095,0.0016176099,0.0017439857,-0.0019377619,0.0031004192,0.00060660375,0.0023253143,-0.0042630765,-0.0001937762,0.0,0.0001937762,0.0,0.0,0.0,0.0,0.0,0.0,0.0,0.0,0.0,0.0,0.0,0.0,0.0,0.0,0.0,0.0,0.0074568503,-0.0042610574,0.0074568503,0.010536379,-0.006952264,-0.9999203,0.0,0.0,0.0,0.034130216,-0.02969861,-0.096399784,-0.017659187,-0.028063476,-0.09123385,0.032893956,-0.030830204,-0.11889446,-0.040644974,-0.028741002,-0.12312794,-0.0011626572,0.0,-0.0013143081,0.0019377619,0.0042630765,0.0,0.0015165093,-0.0031004192,-0.0001937762,0.0017439857,0.0019209118,0.0025190904,-0.0003875524,-0.0034879714,-0.00020220123,-0.002906643,0.0,0.0,0.0,0.0,0.0,0.0,0.0,0.0,0.0,0.0,0.0,0.0,0.0,0.0,0.0,0.0,0.003195793,0.0021305287,-0.011717907,0.010560167,-0.0068545323,-0.9999208,0.0,0.0,0.0,0.034190767,-0.02969861,-0.096399784,-0.017689466,-0.028063476,-0.09123385,0.032863677,-0.030830204,-0.11891031,-0.040584415,-0.028680444,-0.1231122,0.0021315382,-0.0007751048,-0.0012132075,0.0017439857,0.00096888095,-0.0013564334,0.0010110063,-0.0056195096,-0.0027128668,0.002906643,0.0009099056,0.0023253143,0.0031004192,0.0013564334,0.00050550315,-0.00096888095,0.0,0.0,0.0,0.0,0.0,0.0,0.0,0.0,0.0,0.0,0.0,0.0,0.0,0.0,0.0,0.0,-0.0053263213,0.0021305287,-0.012783172,0.010535373,-0.006804317,-0.9999213,0.0,0.0,0.0,0.034130216,-0.02972889,-0.09638393,-0.017689466,-0.028002918,-0.091217995,0.032893956,-0.030860484,-0.11892605,-0.040644974,-0.028650165,-0.1231122,0.0011626572,-0.0007751048,0.00070770434,0.0001937762,0.0027128668,0.0,0.0014154087,-0.0025190904,-0.0025190904,0.002906643,0.00010110062,0.0019377619,-0.0048444048,-0.0027128668,0.0014154087,0.0001937762,0.0,0.0,0.0,0.0,0.0,0.0,0.0,0.0,0.0,0.0,0.0,0.0,0.0,0.0,0.0,0.0,0.29122123,-0.4944592,-0.64572155,0.031330194,-0.13466796,-0.3628853,-0.47982416,-0.39979145,-0.035113983,0.14630376,0.21910349,-1.392647,0.073315516,0.016051479,0.35043526,-1.9424609
1788699158.5872617,40,1,0.0021305287,0.003195793,-0.015978964,0.010665508,-0.006846145,-0.9999197,0.0,0.0,0.0,0.03416049,-0.02969861,-0.09638393,-0.017719746,-0.028063476,-0.09126544,0.032893956,-0.030830204,-0.11892605,-0.040644974,-0.028650165,-0.12312794,0.0023253143,0.0,0.00070770434,0.0019377619,-0.0003875524,-0.0032941953,-0.0020220126,-0.0013564334,-0.0019377619,0.0048444048,-0.00040440247,0.0019377619,-0.0023253143,0.0011626572,-0.00010110062,0.0015502096,0.0,0.0,0.0,0.0,0.0,0.0,0.0,0.0,0.0,0.0,0.0,0.0,0.0,0.0,0.0,0.0,-0.010652643,0.0,-0.0053263213,0.010589439,-0.006844288,-0.9999204,0.0,0.0,0.0,0.034099936,-0.02969861,-0.096399784,-0.017719746,-0.028002918,-0.09123385,0.032924235,-0.030890763,-0.11891031,-0.040584415,-0.028619885,-0.1231122,-0.00096888095,0.0021315382,-0.00080880494,-0.0007751048,0.0017439857,-0.0005813286,-0.00060660375,-0.00096888095,-0.0003875524,0.0013564334,0.0012132075,-0.0005813286,0.00096888095,-0.0019377619,-0.00050550315,-0.0005813286,0.0,0.0,0.0,0.0,0.0,0.0,0.0,0.0,0.0,0.0,0.0,0.0,0.0,0.0,0.0,0.0,0.0042610574,-0.0010652643,0.009587379,0.010524206,-0.0068727615,-0.9999211,0.0,0.0,0.0,0.034130216,-0.02969861,-0.09641552,-0.017719746,-0.028033197,-0.091217995,0.032893956,-0.030860484,-0.11891031,-0.040675253,-0.028650165,-0.12312794,0.0023253143,0.0019377619,-0.0022242137,0.0019377619,0.0,0.00096888095,0.0016176099,0.0017439857,-0.0019377619,0.0031004192,0.00060660375,0.0023253143,-0.0042630765,-0.0001937762,0.0,0.0001937762,0.0,0.0,0.0,0.0,0.0,0.0,0.0,0.0,0.0,0.0,0.0,0.0,0.0,0.0,0.0,0.0,0.0074568503,-0.0042610574,0.0074568503,0.010536379,-0.006952264,-0.9999203,0.0,0.0,0.0,0.034130216,-0.02969861,-0.096399784,-0.017659187,-0.028063476,-0.09123385,0.032893956,-0.030830204,-0.11889446,-0.040644974,-0.028741002,-0.12312794,-0.0011626572,0.0,-0.0013143081,0.0019377619,0.0042630765,0.0,0.0015165093,-0.0031004192,-0.0001937762,0.0017439857,0.0019209118,0.0025190904,-0.0003875524,-0.0034879714,-0.00020220123,-0.002906643,0.0,0.0,0.0,0.0,0.0,0.0,0.0,0.0,0.0,0.0,0.0,0.0,0.0,0.0,0.0,0.0,0.003195793,0.0021305287,-0.011717907,0.010560167,-0.0068545323,-0.9999208,0.0,0.0,0.0,0.034190767,-0.02969861,-0.096399784,-0.017689466,-0.028063476,-0.09123385,0.032863677,-0.030830204,-0.11891031,-0.040584415,-0.028680444,-0.1231122,0.0021315382,-0.0007751048,-0.0012132075,0.0017439857,0.00096888095,-0.0013564334,0.0010110063,-0.0056195096,-0.0027128668,0.002906643,0.0009099056,0.0023253143,0.0031004192,0.0013564334,0.00050550315,-0.00096888095,0.0,0.0,0.0,0.0,0.0,0.0,0.0,0.0,0.0,0.0,0.0,0.0,0.0,0.0,0.0,0.0,0.2858581,-0.4995047,-0.6441041,0.023155991,-0.1344086,-0.35562974,-0.45955956,-0.40048924,-0.029509984,0.12712137,0.21671686,-1.3963529,0.07455722,0.02178966,0.33631495,-1.9512862
1788699158.6075113,41,1,-0.0149137005,0.006391586,0.003195793,0.010665985,-0.006864202,-0.99991953,0.0,0.0,0.0,0.034130216,-0.029638052,-0.09638393,-0.017659187,-0.028063476,-0.09123385,0.032863677,-0.030860484,-0.11892605,-0.040644974,-0.028710723,-0.12312794,-0.0021315382,0.0040693,0.00040440247,0.0019377619,0.0038755238,-0.0001937762,0.0016176099,0.0003875524,-0.002906643,-0.00096888095,-0.00070770434,0.0013564334,-0.0007751048,-0.0001937762,-0.00010110062,-0.0013564334,0.0,0.0,0.0,0.0,0.0,0.0,0.0,0.0,0.0,0.0,0.0,0.0,0.0,0.0,0.0,0.0,0.0021305287,0.003195793,-0.015978964,0.010665508,-0.006846145,-0.9999197,0.0,0.0,0.0,0.03416049,-0.02969861,-0.09638393,-0.017719746,-0.028063476,-0.09126544,0.032893956,-0.030830204,-0.11892605,-0.040644974,-0.028650165,-0.12312794,0.0023253143,0.0,0.00070770434,0.0019377619,-0.0003875524,-0.0032941953,-0.0020220126,-0.0013564334,-0.0019377619,0.0048444048,-0.00040440247,0.0019377619,-0.0023253143,0.0011626572,-0.00010110062,0.0015502096,0.0,0.0,0.0,0.0,0.0,0.0,0.0,0.0,0.0,0.0,0.0,0.0,0.0,0.0,0.0,0.0,-0.010652643,0.0,-0.0053263213,0.010589439,-0.006844288,-0.9999204,0.0,0.0,0.0,0.034099936,-0.02969861,-0.096399784,-0.017719746,-0.028002918,-0.09123385,0.032924235,-0.030890763,-0.11891031,-0.040584415,-0.028619885,-0.1231122,-0.00096888095,0.0021315382,-0.00080880494,-0.0007751048,0.0017439857,-0.0005813286,-0.00060660375,-0.00096888095,-0.0003875524,0.0013564334,0.0012132075,-0.0005813286,0.00096888095,-0.0019377619,-0.00050550315,-0.0005813286,0.0,0.0,0.0,0.0,0.0,0.0,0.0,0.0,0.0,0.0,0.0,0.0,0.0,0.0,0.0,0.0,0.0042610574,-0.0010652643,0.009587379,0.010524206,-0.0068727615,-0.9999211,0.0,0.0,0.0,0.034130216,-0.02969861,-0.09641552,-0.017719746,-0.028033197,-0.091217995,0.032893956,-0.030860484,-0.11891031,-0.040675253,-0.028650165,-0.12312794,0.0023253143,0.0019377619,-0.0022242137,0.0019377619,0.0,0.00096888095,0.0016176099,0.0017439857,-0.0019377619,0.0031004192,0.00060660375,0.0023253143,-0.0042630765,-0.0001937762,0.0,0.0001937762,0.0,0.0,0.0,0.0,0.0,0.0,0.0,0.0,0.0,0.0,0.0,0.0,0.0,0.0,0.0,0.0,0.0074568503,-0.0042610574,0.0074568503,0.010536379,-0.006952264,-0.9999203,0.0,0.0,0.0,0.034130216,-0.02969861,-0.096399784,-0.017659187,-0.028063476,-0.09123385,0.032893956,-0.030830204,-0.11889446,-0.040644974,-0.028741002,-0.12312794,-0.0011626572,0.0,-0.0013143081,0.0019377619,0.0042630765,0.0,0.0015165093,-0.0031004192,-0.0001937762,0.0017439857,0.0019209118,0.0025190904,-0.0003875524,-0.0034879714,-0.00020220123,-0.002906643,0.0,0.0,0.0,0.0,0.0,0.0,0.0,0.0,0.0,0.0,0.0,0.0,0.0,0.0,0.0,0.0,0.29407495,-0.49679932,-0.63586324,0.024836253,-0.13217801,-0.37357527,-0.4830388,-0.3903054,-0.041985184,0.15628897,0.20940413,-1.3917353,0.06818001,0.0042463765,0.33674285,-1.9372982
1788699158.6276336,42,1,-0.010652643,-0.0053263213,0.020240022,0.010640683,-0.006825042,-0.99992025,0.0,0.0,0.0,0.034130216,-0.029668331,-0.096368074,-0.017689466,-0.028063476,-0.09123385,0.032893956,-0.030860484,-0.11892605,-0.040614694,-0.028710723,-0.1231122,0.0,0.002906643,0.0017187105,-0.00096888095,0.0027128668,-0.0019377619,0.00080880494,0.0019377619,-0.0001937762,0.0001937762,-0.0009099056,0.0015502096,0.0,-0.002906643,0.0010110063,-0.0040693,0.0,0.0,0.0,0.0,0.0,0.0,0.0,0.0,0.0,0.0,0.0,0.0,0.0,0.0,0.0,0.0,-0.0149137005,0.006391586,0.003195793,0.010665985,-0.006864202,-0.99991953,0.0,0.0,0.0,0.034130216,-0.029638052,-0.09638393,-0.017659187,-0.028063476,-0.09123385,0.032863677,-0.030860484,-0.11892605,-0.040644974,-0.028710723,-0.12312794,-0.0021315382,0.0040693,0.00040440247,0.0019377619,0.0038755238,-0.0001937762,0.0016176099,0.0003875524,-0.002906643,-0.00096888095,-0.00070770434,0.0013564334,-0.0007751048,-0.0001937762,-0.00010110062,-0.0013564334,0.0,0.0,0.0,0.0,0.0,0.0,0.0,0.0,0.0,0.0,0.0,0.0,0.0,0.0,0.0,0.0,0.0021305287,0.003195793,-0.015978964,0.010665508,-0.006846145,-0.9999197,0.0,0.0,0.0,0.03416049,-0.02969861,-0.09638393,-0.017719746,-0.028063476,-0.09126544,0.032893956,-0.030830204,-0.11892605,-0.040644974,-0.028650165,-0.12312794,0.0023253143,0.0,0.00070770434,0.0019377619,-0.0003875524,-0.0032941953,-0.0020220126,-0.0013564334,-0.0019377619,0.0048444048,-0.00040440247,0.0019377619,-0.0023253143,0.0011626572,-0.00010110062,0.0015502096,0.0,0.0,0.0,0.0,0.0,0.0,0.0,0.0,0.0,0.0,0.0,0.0,0.0,0.0,0.0,0.0,-0.010652643,0.0,-0.0053263213,0.010589439,-0.006844288,-0.9999204,0.0,0.0,0.0,0.034099936,-0.02969861,-0.096399784,-0.017719746,-0.028002918,-0.09123385,0.032924235,-0.030890763,-0.11891031,-0.040584415,-0.028619885,-0.1231122,-0.00096888095,0.0021315382,-0.00080880494,-0.0007751048,0.0017439857,-0.0005813286,-0.00060660375,-0.00096888095,-0.0003875524,0.0013564334,0.0012132075,-0.0005813286,0.00096888095,-0.0019377619,-0.00050550315,-0.0005813286,0.0,0.0,0.0,0.0,0.0,0.0,0.0,0.0,0.0,0.0,0.0,0.0,0.0,0.0,0.0,0.0,0.0042610574,-0.0010652643,0.009587379,0.010524206,-0.0068727615,-0.9999211,0.0,0.0,0.0,0.034130216,-0.02969861,-0.09641552,-0.017719746,-0.028033197,-0.091217995,0.032893956,-0.030860484,-0.11891031,-0.040675253,-0.028650165,-0.12312794,0.0023253143,0.0019377619,-0.0022242137,0.0019377619,0.0,0.00096888095,0.0016176099,0.0017439857,-0.0019377619,0.0031004192,0.00060660375,0.0023253143,-0.0042630765,-0.0001937762,0.0,0.0001937762,0.0,0.0,0.0,0.0,0.0,0.0,0.0,0.0,0.0,0.0,0.0,0.0,0.0,0.0,0.0,0.0,0.30154562,-0.49011782,-0.6280588,0.01918843,-0.12621039,-0.38468787,-0.50249135,-0.39845613,-0.05010277,0.18794023,0.20267507,-1.3917186,0.05722827,-0.0180557,0.36102054,-1.9463972
1788699158.6475883,43,1,0.0010652643,-0.0021305287,0.019174758,0.010576908,-0.006779393,-0.99992096,0.0,0.0,0.0,0.034130216,-0.02969861,-0.096399784,-0.017719746,-0.028033197,-0.091217995,0.032893956,-0.030890763,-0.11892605,-0.040614694,-0.028589606,-0.12309635,0.0019377619,0.002906643,-0.0013143081,0.0019377619,0.0,-0.0017439857,0.00040440247,-0.00096888095,-0.0042630765,0.0023253143,-0.00050550315,0.0023253143,-0.0027128668,0.0011626572,0.0027297167,-0.0003875524,0.0,0.0,0.0,0.0,0.0,0.0,0.0,0.0,0.0,0.0,0.0,0.0,0.0,0.0,0.0,0.0,-0.010652643,-0.0053263213,0.020240022,0.010640683,-0.006825042,-0.99992025,0.0,0.0,0.0,0.034130216,-0.029668331,-0.096368074,-0.017689466,-0.028063476,-0.09123385,0.032893956,-0.030860484,-0.11892605,-0.040614694,-0.028710723,-0.1231122,0.0,0.002906643,0.0017187105,-0.00096888095,0.0027128668,-0.0019377619,0.00080880494,0.0019377619,-0.0001937762,0.0001937762,-0.0009099056,0.0015502096,0.0,-0.002906643,0.0010110063,-0.0040693,0.0,0.0,0.0,0.0,0.0,0.0,0.0,0.0,0.0,0.0,0.0,0.0,0.0,0.0,0.0,0.0,-0.0149137005,0.006391586,0.003195793,0.010665985,-0.006864202,-0.99991953,0.0,0.0,0.0,0.034130216,-0.029638052,-0.09638393,-0.017659187,-0.028063476,-0.09123385,0.032863677,-0.030860484,-0.11892605,-0.040644974,-0.028710723,-0.12312794,-0.0021315382,0.0040693,0.00040440247,0.0019377619,0.0038755238,-0.0001937762,0.0016176099,0.0003875524,-0.002906643,-0.00096888095,-0.00070770434,0.0013564334,-0.0007751048,-0.0001937762,-0.00010110062,-0.0013564334,0.0,0.0,0.0,0.0,0.0,0.0,0.0,0.0,0.0,0.0,0.0,0.0,0.0,0.0,0.0,0.0,0.0021305287,0.003195793,-0.015978964,0.010665508,-0.006846145,-0.9999197,0.0,0.0,0.0,0.03416049,-0.02969861,-0.09638393,-0.017719746,-0.028063476,-0.09126544,0.032893956,-0.030830204,-0.11892605,-0.040644974,-0.028650165,-0.12312794,0.0023253143,0.0,0.00070770434,0.0019377619,-0.0003875524,-0.0032941953,-0.0020220126,-0.0013564334,-0.0019377619,0.0048444048,-0.00040440247,0.0019377619,-0.0023253143,0.0011626572,-0.00010110062,0.0015502096,0.0,0.0,0.0,0.0,0.0,0.0,0.0,0.0,0.0,0.0,0.0,0.0,0.0,0.0,0.0,0.0,-0.010652643,0.0,-0.0053263213,0.010589439,-0.006844288,-0.9999204,0.0,0.0,0.0,0.034099936,-0.02969861,-0.096399784,-0.017719746,-0.028002918,-0.09123385,0.032924235,-0.030890763,-0.11891031,-0.040584415,-0.028619885,-0.1231122,-0.00096888095,0.0021315382,-0.00080880494,-0.0007751048,0.0017439857,-0.0005813286,-0.00060660375,-0.00096888095,-0.0003875524,0.0013564334,0.0012132075,-0.0005813286,0.00096888095,-0.0019377619,-0.00050550315,-0.0005813286,0.0,0.0,0.0,0.0,0.0,0.0,0.0,0.0,0.0,0.0,0.0,0.0,0.0,0.0,0.0,0.0,0.29574966,-0.48887217,-0.61977684,0.014691532,-0.12295276,-0.39020658,-0.49776646,-0.39823663,-0.05253093,0.18935269,0.19580576,-1.3908334,0.055395417,-0.03301496,0.36193112,-1.9496297
1788699158.6694012,44,1,0.0010652643,-0.003195793,-0.010652643,0.010604835,-0.0067714355,-0.99992085,0.0,0.0,0.0,0.034099936,-0.02972889,-0.096399784,-0.017719746,-0.028002918,-0.09123385,0.032924235,-0.030860484,-0.1189419,-0.040584415,-0.028650165,-0.1231122,-0.0021315382,-0.0011626572,-0.00030330187,0.0021315382,0.0005813286,0.0,-0.00050550315,-0.0003875524,0.0,0.0036817477,-0.0019209118,0.0034879714,0.0007751048,-0.0031004192,0.0013143081,-0.0015502096,0.0,0.0,0.0,0.0,0.0,0.0,0.0,0.0,0.0,0.0,0.0,0.0,0.0,0.0,0.0,0.0,0.0010652643,-0.0021305287,0.019174758,0.010576908,-0.006779393,-0.99992096,0.0,0.0,0.0,0.034130216,-0.02969861,-0.096399784,-0.017719746,-0.028033197,-0.091217995,0.032893956,-0.030890763,-0.11892605,-0.040614694,-0.028589606,-0.12309635,0.0019377619,0.002906643,-0.0013143081,0.0019377619,0.0,-0.0017439857,0.00040440247,-0.00096888095,-0.0042630765,0.0023253143,-0.00050550315,0.0023253143,-0.0027128668,0.0011626572,0.0027297167,-0.0003875524,0.0,0.0,0.0,0.0,0.0,0.0,0.0,0.0,0.0,0.0,0.0,0.0,0.0,0.0,0.0,0.0,-0.010652643,-0.0053263213,0.020240022,0.010640683,-0.006825042,-0.99992025,0.0,0.0,0.0,0.034130216,-0.029668331,-0.096368074,-0.017689466,-0.028063476,-0.09123385,0.032893956,-0.030860484,-0.11892605,-0.040614694,-0.028710723,-0.1231122,0.0,0.002906643,0.0017187105,-0.00096888095,0.0027128668,-0.0019377619,0.00080880494,0.0019377619,-0.0001937762,0.0001937762,-0.0009099056,0.0015502096,0.0,-0.002906643,0.0010110063,-0.0040693,0.0,0.0,0.0,0.0,0.0,0.0,0.0,0.0,0.0,0.0,0.0,0.0,0.0,0.0,0.0,0.0,-0.0149137005,0.006391586,0.003195793,0.010665985,-0.006864202,-0.99991953,0.0,0.0,0.0,0.034130216,-0.029638052,-0.09638393,-0.017659187,-0.028063476,-0.09123385,0.032863677,-0.030860484,-0.11892605,-0.040644974,-0.028710723,-0.12312794,-0.0021315382,0.0040693,0.00040440247,0.0019377619,0.0038755238,-0.0001937762,0.0016176099,0.0003875524,-0.002906643,-0.00096888095,-0.00070770434,0.0013564334,-0.0007751048,-0.0001937762,-0.00010110062,-0.0013564334,0.0,0.0,0.0,0.0,0.0,0.0,0.0,0.0,0.0,0.0,0.0,0.0,0.0,0.0,0.0,0.0,0.0021305287,0.003195793,-0.015978964,0.010665508,-0.006846145,-0.9999197,0.0,0.0,0.0,0.03416049,-0.02969861,-0.09638393,-0.017719746,-0.028063476,-0.09126544,0.032893956,-0.030830204,-0.11892605,-0.040644974,-0.028650165,-0.12312794,0.0023253143,0.0,0.00070770434,0.0019377619,-0.0003875524,-0.0032941953,-0.0020220126,-0.0013564334,-0.0019377619,0.0048444048,-0.00040440247,0.0019377619,-0.0023253143,0.0011626572,-0.00010110062,0.0015502096,0.0,0.0,0.0,0.0,0.0,0.0,0.0,0.0,0.0,0.0,0.0,0.0,0.0,0.0,0.0,0.0,0.28936505,-0.48780197,-0.65840054,0.027260374,-0.13485718,-0.3570386,-0.47056085,-0.39528498,-0.033050645,0.13958147,0.22340031,-1.3998084,0.07244058,0.02229571,0.35755402,-1.9379073
1788699158.6887007,45,1,0.0021305287,0.003195793,-0.023435814,0.010620084,-0.0068233786,-0.9999204,0.0,0.0,0.0,0.03416049,-0.02972889,-0.09641552,-0.017689466,-0.028093755,-0.091249585,0.032893956,-0.030860484,-0.11892605,-0.040675253,-0.028710723,-0.12309635,0.0019377619,-0.0032941953,-0.0022242137,0.0025190904,0.0,-0.0048444048,-0.00010110062,0.0,-0.0003875524,0.0007751048,-0.00080880494,-0.0005813286,-0.002906643,-0.0019377619,0.002426415,-0.0034879714,0.0,0.0,0.0,0.0,0.0,0.0,0.0,0.0,0.0,0.0,0.0,0.0,0.0,0.0,0.0,0.0,0.0010652643,-0.003195793,-0.010652643,0.010604835,-0.0067714355,-0.99992085,0.0,0.0,0.0,0.034099936,-0.02972889,-0.096399784,-0.017719746,-0.028002918,-0.09123385,0.032924235,-0.030860484,-0.1189419,-0.040584415,-0.028650165,-0.1231122,-0.0021315382,-0.0011626572,-0.00030330187,0.0021315382,0.0005813286,0.0,-0.00050550315,-0.0003875524,0.0,0.0036817477,-0.0019209118,0.0034879714,0.0007751048,-0.0031004192,0.0013143081,-0.0015502096,0.0,0.0,0.0,0.0,0.0,0.0,0.0,0.0,0.0,0.0,0.0,0.0,0.0,0.0,0.0,0.0,0.0010652643,-0.0021305287,0.019174758,0.010576908,-0.006779393,-0.99992096,0.0,0.0,0.0,0.034130216,-0.02969861,-0.096399784,-0.017719746,-0.028033197,-0.091217995,0.032893956,-0.030890763,-0.11892605,-0.040614694,-0.028589606,-0.12309635,0.0019377619,0.002906643,-0.0013143081,0.0019377619,0.0,-0.0017439857,0.00040440247,-0.00096888095,-0.0042630765,0.0023253143,-0.00050550315,0.0023253143,-0.0027128668,0.0011626572,0.0027297167,-0.0003875524,0.0,0.0,0.0,0.0,0.0,0.0,0.0,0.0,0.0,0.0,0.0,0.0,0.0,0.0,0.0,0.0,-0.010652643,-0.0053263213,0.020240022,0.010640683,-0.006825042,-0.99992025,0.0,0.0,0.0,0.034130216,-0.029668331,-0.096368074,-0.017689466,-0.028063476,-0.09123385,0.032893956,-0.030860484,-0.11892605,-0.040614694,-0.028710723,-0.1231122,0.0,0.002906643,0.0017187105,-0.00096888095,0.0027128668,-0.0019377619,0.00080880494,0.0019377619,-0.0001937762,0.0001937762,-0.0009099056,0.0015502096,0.0,-0.002906643,0.0010110063,-0.0040693,0.0,0.0,0.0,0.0,0.0,0.0,0.0,0.0,0.0,0.0,0.0,0.0,0.0,0.0,0.0,0.0,-0.0149137005,0.006391586,0.003195793,0.010665985,-0.006864202,-0.99991953,0.0,0.0,0.0,0.034130216,-0.029638052,-0.09638393,-0.017659187,-0.028063476,-0.09123385,0.032863677,-0.030860484,-0.11892605,-0.040644974,-0.028710723,-0.12312794,-0.0021315382,0.0040693,0.00040440247,0.0019377619,0.0038755238,-0.0001937762,0.0016176099,0.0003875524,-0.002906643,-0.00096888095,-0.00070770434,0.0013564334,-0.0007751048,-0.0001937762,-0.00010110062,-0.0013564334,0.0,0.0,0.0,0.0,0.0,0.0,0.0,0.0,0.0,0.0,0.0,0.0,0.0,0.0,0.0,0.0,0.28546062,-0.49226356,-0.66006076,0.02666403,-0.13818932,-0.34484065,-0.44989955,-0.40467018,-0.023479506,0.111235775,0.23110025,-1.4127494,0.08232683,0.03657551,0.344087,-1.9560716
1788699158.7076173,46,1,-0.0010652643,0.0,0.003195793,0.010632409,-0.0068047824,-0.9999203,0.0,0.0,0.0,0.03416049,-0.02969861,-0.09638393,-0.017659187,-0.028063476,-0.091249585,0.032893956,-0.030830204,-0.11891031,-0.040675253,-0.028741002,-0.12312794,0.0025190904,-0.0007751048,0.00020220123,0.0019377619,0.005038181,0.0003875524,-0.00020220123,-0.0032941953,0.00096888095,0.0027128668,0.0011121068,0.0017439857,-0.0025190904,-0.0019377619,-0.00050550315,0.00096888095,0.0,0.0,0.0,0.0,0.0,0.0,0.0,0.0,0.0,0.0,0.0,0.0,0.0,0.0,0.0,0.0,0.0021305287,0.003195793,-0.023435814,0.010620084,-0.0068233786,-0.9999204,0.0,0.0,0.0,0.03416049,-0.02972889,-0.09641552,-0.017689466,-0.028093755,-0.091249585,0.032893956,-0.030860484,-0.11892605,-0.040675253,-0.028710723,-0.12309635,0.0019377619,-0.0032941953,-0.0022242137,0.0025190904,0.0,-0.0048444048,-0.00010110062,0.0,-0.0003875524,0.0007751048,-0.00080880494,-0.0005813286,-0.002906643,-0.0019377619,0.002426415,-0.0034879714,0.0,0.0,0.0,0.0,0.0,0.0,0.0,0.0,0.0,0.0,0.0,0.0,0.0,0.0,0.0,0.0,0.0010652643,-0.003195793,-0.010652643,0.010604835,-0.0067714355,-0.99992085,0.0,0.0,0.0,0.034099936,-0.02972889,-0.096399784,-0.017719746,-0.028002918,-0.09123385,0.032924235,-0.030860484,-0.1189419,-0.040584415,-0.028650165,-0.1231122,-0.0021315382,-0.0011626572,-0.00030330187,0.0021315382,0.0005813286,0.0,-0.00050550315,-0.0003875524,0.0,0.0036817477,-0.0019209118,0.0034879714,0.0007751048,-0.0031004192,0.0013143081,-0.0015502096,0.0,0.0,0.0,0.0,0.0,0.0,0.0,0.0,0.0,0.0,0.0,0.0,0.0,0.0,0.0,0.0,0.0010652643,-0.0021305287,0.019174758,0.010576908,-0.006779393,-0.99992096,0.0,0.0,0.0,0.034130216,-0.02969861,-0.096399784,-0.017719746,-0.028033197,-0.091217995,0.032893956,-0.030890763,-0.11892605,-0.040614694,-0.028589606,-0.12309635,0.0019377619,0.002906643,-0.0013143081,0.0019377619,0.0,-0.0017439857,0.00040440247,-0.00096888095,-0.0042630765,0.0023253143,-0.00050550315,0.0023253143,-0.0027128668,0.0011626572,0.0027297167,-0.0003875524,0.0,0.0,0.0,0.0,0.0,0.0,0.0,0.0,0.0,0.0,0.0,0.0,0.0,0.0,0.0,0.0,-0.010652643,-0.0053263213,0.020240022,0.010640683,-0.006825042,-0.99992025,0.0,0.0,0.0,0.034130216,-0.029668331,-0.096368074,-0.017689466,-0.028063476,-0.09123385,0.032893956,-0.030860484,-0.11892605,-0.040614694,-0.028710723,-0.1231122,0.0,0.002906643,0.0017187105,-0.00096888095,0.0027128668,-0.0019377619,0.00080880494,0.0019377619,-0.0001937762,0.0001937762,-0.0009099056,0.0015502096,0.0,-0.002906643,0.0010110063,-0.0040693,0.0,0.0,0.0,0.0,0.0,0.0,0.0,0.0,0.0,0.0,0.0,0.0,0.0,0.0,0.0,0.0,0.2960091,-0.4906762,-0.6423164,0.026981201,-0.12974325,-0.37310255,-0.47101378,-0.40519094,-0.041215926,0.1586137,0.20633122,-1.3890631,0.07021777,0.0044862404,0.36604044,-1.9484986
1788699158.7273622,47,1,-0.012783172,0.0021305287,0.018109493,0.010610884,-0.0067334105,-0.99992096,0.0,0.0,0.0,0.034130216,-0.02969861,-0.09641552,-0.017750025,-0.028033197,-0.091217995,0.032924235,-0.030890763,-0.11891031,-0.040614694,-0.028650165,-0.12312794,0.0019377619,0.0019377619,-0.002426415,0.0015502096,0.002906643,0.0,0.0011121068,-0.0001937762,0.0007751048,0.0,0.0013143081,-0.0003875524,-0.0011626572,0.0005813286,0.0,-0.0019377619,0.0,0.0,0.0,0.0,0.0,0.0,0.0,0.0,0.0,0.0,0.0,0.0,0.0,0.0,0.0,0.0,-0.0010652643,0.0,0.003195793,0.010632409,-0.0068047824,-0.9999203,0.0,0.0,0.0,0.03416049,-0.02969861,-0.09638393,-0.017659187,-0.028063476,-0.091249585,0.032893956,-0.030830204,-0.11891031,-0.040675253,-0.028741002,-0.12312794,0.0025190904,-0.0007751048,0.00020220123,0.0019377619,0.005038181,0.0003875524,-0.00020220123,-0.0032941953,0.00096888095,0.0027128668,0.0011121068,0.0017439857,-0.0025190904,-0.0019377619,-0.00050550315,0.00096888095,0.0,0.0,0.0,0.0,0.0,0.0,0.0,0.0,0.0,0.0,0.0,0.0,0.0,0.0,0.0,0.0,0.0021305287,0.003195793,-0.023435814,0.010620084,-0.0068233786,-0.9999204,0.0,0.0,0.0,0.03416049,-0.02972889,-0.09641552,-0.017689466,-0.028093755,-0.091249585,0.032893956,-0.030860484,-0.11892605,-0.040675253,-0.028710723,-0.12309635,0.0019377619,-0.0032941953,-0.0022242137,0.0025190904,0.0,-0.0048444048,-0.00010110062,0.0,-0.0003875524,0.0007751048,-0.00080880494,-0.0005813286,-0.002906643,-0.0019377619,0.002426415,-0.0034879714,0.0,0.0,0.0,0.0,0.0,0.0,0.0,0.0,0.0,0.0,0.0,0.0,0.0,0.0,0.0,0.0,0.0010652643,-0.003195793,-0.010652643,0.010604835,-0.0067714355,-0.99992085,0.0,0.0,0.0,0.034099936,-0.02972889,-0.096399784,-0.017719746,-0.028002918,-0.09123385,0.032924235,-0.030860484,-0.1189419,-0.040584415,-0.028650165,-0.1231122,-0.0021315382,-0.0011626572,-0.00030330187,0.0021315382,0.0005813286,0.0,-0.00050550315,-0.0003875524,0.0,0.0036817477,-0.0019209118,0.0034879714,0.0007751048,-0.0031004192,0.0013143081,-0.0015502096,0.0,0.0,0.0,0.0,0.0,0.0,0.0,0.0,0.0,0.0,0.0,0.0,0.0,0.0,0.0,0.0,0.0010652643,-0.0021305287,0.019174758,0.010576908,-0.006779393,-0.99992096,0.0,0.0,0.0,0.034130216,-0.02969861,-0.096399784,-0.017719746,-0.028033197,-0.091217995,0.032893956,-0.030890763,-0.11892605,-0.040614694,-0.028589606,-0.12309635,0.0019377619,0.002906643,-0.0013143081,0.0019377619,0.0,-0.0017439857,0.00040440247,-0.00096888095,-0.0042630765,0.0023253143,-0.00050550315,0.0023253143,-0.0027128668,0.0011626572,0.0027297167,-0.0003875524,0.0,0.0,0.0,0.0,0.0,0.0,0.0,0.0,0.0,0.0,0.0,0.0,0.0,0.0,0.0,0.0,0.30102405,-0.49332944,-0.6224591,0.015885532,-0.12681863,-0.3895637,-0.4902488,-0.40281963,-0.0487967,0.1776456,0.2019585,-1.3892896,0.06438524,-0.015207492,0.36024362,-1.9464339
1788699158.747366,48,1,0.0,-0.0021305287,-0.013848436,0.010641822,-0.006686491,-0.99992096,0.0,0.0,0.0,0.034130216,-0.02972889,-0.096399784,-0.017750025,-0.028033197,-0.091217995,0.032924235,-0.030860484,-0.11891031,-0.040614694,-0.028589606,-0.1231122,0.0015502096,0.0001937762,-0.00080880494,0.0025190904,-0.0001937762,-0.002906643,-0.00010110062,-0.0005813286,0.0005813286,0.002906643,0.00060660375,0.0034879714,-0.0013564334,0.0017439857,0.0010110063,-0.0013564334,0.0,0.0,0.0,0.0,0.0,0.0,0.0,0.0,0.0,0.0,0.0,0.0,0.0,0.0,0.0,0.0,-0.012783172,0.0021305287,0.018109493,0.010610884,-0.0067334105,-0.99992096,0.0,0.0,0.0,0.034130216,-0.02969861,-0.09641552,-0.017750025,-0.028033197,-0.091217995,0.032924235,-0.030890763,-0.11891031,-0.040614694,-0.028650165,-0.12312794,0.0019377619,0.0019377619,-0.002426415,0.0015502096,0.002906643,0.0,0.0011121068,-0.0001937762,0.0007751048,0.0,0.0013143081,-0.0003875524,-0.0011626572,0.0005813286,0.0,-0.0019377619,0.0,0.0,0.0,0.0,0.0,0.0,0.0,0.0,0.0,0.0,0.0,0.0,0.0,0.0,0.0,0.0,-0.0010652643,0.0,0.003195793,0.010632409,-0.0068047824,-0.9999203,0.0,0.0,0.0,0.03416049,-0.02969861,-0.09638393,-0.017659187,-0.028063476,-0.091249585,0.032893956,-0.030830204,-0.11891031,-0.040675253,-0.028741002,-0.12312794,0.0025190904,-0.0007751048,0.00020220123,0.0019377619,0.005038181,0.0003875524,-0.00020220123,-0.0032941953,0.00096888095,0.0027128668,0.0011121068,0.0017439857,-0.0025190904,-0.0019377619,-0.00050550315,0.00096888095,0.0,0.0,0.0,0.0,0.0,0.0,0.0,0.0,0.0,0.0,0.0,0.0,0.0,0.0,0.0,0.0,0.0021305287,0.003195793,-0.023435814,0.010620084,-0.0068233786,-0.9999204,0.0,0.0,0.0,0.03416049,-0.02972889,-0.09641552,-0.017689466,-0.028093755,-0.091249585,0.032893956,-0.030860484,-0.11892605,-0.040675253,-0.028710723,-0.12309635,0.0019377619,-0.0032941953,-0.0022242137,0.0025190904,0.0,-0.0048444048,-0.00010110062,0.0,-0.0003875524,0.0007751048,-0.00080880494,-0.0005813286,-0.002906643,-0.0019377619,0.002426415,-0.0034879714,0.0,0.0,0.0,0.0,0.0,0.0,0.0,0.0,0.0,0.0,0.0,0.0,0.0,0.0,0.0,0.0,0.0010652643,-0.003195793,-0.010652643,0.010604835,-0.0067714355,-0.99992085,0.0,0.0,0.0,0.034099936,-0.02972889,-0.096399784,-0.017719746,-0.028002918,-0.09123385,0.032924235,-0.030860484,-0.1189419,-0.040584415,-0.028650165,-0.1231122,-0.0021315382,-0.0011626572,-0.00030330187,0.0021315382,0.0005813286,0.0,-0.00050550315,-0.0003875524,0.0,0.0036817477,-0.0019209118,0.0034879714,0.0007751048,-0.0031004192,0.0013143081,-0.0015502096,0.0,0.0,0.0,0.0,0.0,0.0,0.0,0.0,0.0,0.0,0.0,0.0,0.0,0.0,0.0,0.0,0.28958535,-0.5021776,-0.6437836,0.020597603,-0.1356269,-0.36539468,-0.45862955,-0.3991805,-0.029199652,0.12685035,0.21908608,-1.4014877,0.07885059,0.016593985,0.34438053,-1.9487531
1788699158.7673416,49,1,0.010652643,-0.006391586,-0.015978964,0.0106498785,-0.0066485186,-0.9999212,0.0,0.0,0.0,0.034130216,-0.02972889,-0.09641552,-0.017719746,-0.028033197,-0.09123385,0.032893956,-0.030860484,-0.11892605,-0.040644974,-0.028680444,-0.1231122,-0.0003875524,-0.0011626572,-0.00060660375,-0.0003875524,-0.0005813286,-0.0021315382,0.0017187105,-0.0036817477,-0.0019377619,0.002906643,-0.00070770434,0.0019377619,-0.00096888095,-0.0007751048,0.0010110063,-0.0038755238,0.0,0.0,0.0,0.0,0.0,0.0,0.0,0.0,0.0,0.0,0.0,0.0,0.0,0.0,0.0,0.0,0.0,-0.0021305287,-0.013848436,0.010641822,-0.006686491,-0.99992096,0.0,0.0,0.0,0.034130216,-0.02972889,-0.096399784,-0.017750025,-0.028033197,-0.091217995,0.032924235,-0.030860484,-0.11891031,-0.040614694,-0.028589606,-0.1231122,0.0015502096,0.0001937762,-0.00080880494,0.0025190904,-0.0001937762,-0.002906643,-0.00010110062,-0.0005813286,0.0005813286,0.002906643,0.00060660375,0.0034879714,-0.0013564334,0.0017439857,0.0010110063,-0.0013564334,0.0,0.0,0.0,0.0,0.0,0.0,0.0,0.0,0.0,0.0,0.0,0.0,0.0,0.0,0.0,0.0,-0.012783172,0.0021305287,0.018109493,0.010610884,-0.0067334105,-0.99992096,0.0,0.0,0.0,0.034130216,-0.02969861,-0.09641552,-0.017750025,-0.028033197,-0.091217995,0.032924235,-0.030890763,-0.11891031,-0.040614694,-0.028650165,-0.12312794,0.0019377619,0.0019377619,-0.002426415,0.0015502096,0.002906643,0.0,0.0011121068,-0.0001937762,0.0007751048,0.0,0.0013143081,-0.0003875524,-0.0011626572,0.0005813286,0.0,-0.0019377619,0.0,0.0,0.0,0.0,0.0,0.0,0.0,0.0,0.0,0.0,0.0,0.0,0.0,0.0,0.0,0.0,-0.0010652643,0.0,0.003195793,0.010632409,-0.0068047824,-0.9999203,0.0,0.0,0.0,0.03416049,-0.02969861,-0.09638393,-0.017659187,-0.028063476,-0.091249585,0.032893956,-0.030830204,-0.11891031,-0.040675253,-0.028741002,-0.12312794,0.0025190904,-0.0007751048,0.00020220123,0.0019377619,0.005038181,0.0003875524,-0.00020220123,-0.0032941953,0.00096888095,0.0027128668,0.0011121068,0.0017439857,-0.0025190904,-0.0019377619,-0.00050550315,0.00096888095,0.0,0.0,0.0,0.0,0.0,0.0,0.0,0.0,0.0,0.0,0.0,0.0,0.0,0.0,0.0,0.0,0.0021305287,0.003195793,-0.023435814,0.010620084,-0.0068233786,-0.9999204,0.0,0.0,0.0,0.03416049,-0.02972889,-0.09641552,-0.017689466,-0.028093755,-0.091249585,0.032893956,-0.030860484,-0.11892605,-0.040675253,-0.028710723,-0.12309635,0.0019377619,-0.0032941953,-0.0022242137,0.0025190904,0.0,-0.0048444048,-0.00010110062,0.0,-0.0003875524,0.0007751048,-0.00080880494,-0.0005813286,-0.002906643,-0.0019377619,0.002426415,-0.0034879714,0.0,0.0,0.0,0.0,0.0,0.0,0.0,0.0,0.0,0.0,0.0,0.0,0.0,0.0,0.0,0.0,0.28859186,-0.48605287,-0.65765303,0.03297991,-0.13718975,-0.34772512,-0.45977724,-0.39659303,-0.02673889,0.12104262,0.23075132,-1.3977586,0.07866407,0.03180376,0.3485672,-1.9451048
1788699158.7873,50,1,-0.0021305287,0.009587379,0.0042610574,0.0106482,-0.006663026,-0.99992126,0.0,0.0,0.0,0.034130216,-0.02969861,-0.096399784,-0.017689466,-0.028063476,-0.091249585,0.032893956,-0.030860484,-0.11891031,-0.040675253,-0.028741002,-0.1231122,-0.0025190904,-0.0011626572,-0.0014154087,0.0017439857,0.0001937762,0.0001937762,0.00040440247,-0.002906643,0.0007751048,0.0,0.00010110062,0.0040693,-0.0021315382,-0.0011626572,0.0011121068,0.0011626572,0.0,0.0,0.0,0.0,0.0,0.0,0.0,0.0,0.0,0.0,0.0,0.0,0.0,0.0,0.0,0.0,0.010652643,-0.006391586,-0.015978964,0.0106498785,-0.0066485186,-0.9999212,0.0,0.0,0.0,0.034130216,-0.02972889,-0.09641552,-0.017719746,-0.028033197,-0.09123385,0.032893956,-0.030860484,-0.11892605,-0.040644974,-0.028680444,-0.1231122,-0.0003875524,-0.0011626572,-0.00060660375,-0.0003875524,-0.0005813286,-0.0021315382,0.0017187105,-0.0036817477,-0.0019377619,0.002906643,-0.00070770434,0.0019377619,-0.00096888095,-0.0007751048,0.0010110063,-0.0038755238,0.0,0.0,0.0,0.0,0.0,0.0,0.0,0.0,0.0,0.0,0.0,0.0,0.0,0.0,0.0,0.0,0.0,-0.0021305287,-0.013848436,0.010641822,-0.006686491,-0.99992096,0.0,0.0,0.0,0.034130216,-0.02972889,-0.096399784,-0.017750025,-0.028033197,-0.091217995,0.032924235,-0.030860484,-0.11891031,-0.040614694,-0.028589606,-0.1231122,0.0015502096,0.0001937762,-0.00080880494,0.0025190904,-0.0001937762,-0.002906643,-0.00010110062,-0.0005813286,0.0005813286,0.002906643,0.00060660375,0.0034879714,-0.0013564334,0.0017439857,0.0010110063,-0.0013564334,0.0,0.0,0.0,0.0,0.0,0.0,0.0,0.0,0.0,0.0,0.0,0.0,0.0,0.0,0.0,0.0,-0.012783172,0.0021305287,0.018109493,0.010610884,-0.0067334105,-0.99992096,0.0,0.0,0.0,0.034130216,-0.02969861,-0.09641552,-0.017750025,-0.028033197,-0.091217995,0.032924235,-0.030890763,-0.11891031,-0.040614694,-0.028650165,-0.12312794,0.0019377619,0.0019377619,-0.002426415,0.0015502096,0.002906643,0.0,0.0011121068,-0.0001937762,0.0007751048,0.0,0.0013143081,-0.0003875524,-0.0011626572,0.0005813286,0.0,-0.0019377619,0.0,0.0,0.0,0.0,0.0,0.0,0.0,0.0,0.0,0.0,0.0,0.0,0.0,0.0,0.0,0.0,-0.0010652643,0.0,0.003195793,0.010632409,-0.0068047824,-0.9999203,0.0,0.0,0.0,0.03416049,-0.02969861,-0.09638393,-0.017659187,-0.028063476,-0.091249585,0.032893956,-0.030830204,-0.11891031,-0.040675253,-0.028741002,-0.12312794,0.0025190904,-0.0007751048,0.00020220123,0.0019377619,0.005038181,0.0003875524,-0.00020220123,-0.0032941953,0.00096888095,0.0027128668,0.0011121068,0.0017439857,-0.0025190904,-0.0019377619,-0.00050550315,0.00096888095,0.0,0.0,0.0,0.0,0.0,0.0,0.0,0.0,0.0,0.0,0.0,0.0,0.0,0.0,0.0,0.0,0.29462314,-0.48438066,-0.6387657,0.024591226,-0.13354369,-0.36594898,-0.47615832,-0.3964697,-0.038476877,0.14269274,0.220693,-1.3979583,0.071175255,0.015871529,0.34546316,-1.9379487
1788699158.8074062,51,1,-0.0021305287,-0.0074568503,0.011717907,0.010645494,-0.0066793878,-0.99992114,0.0,0.0,0.0,0.034130216,-0.02969861,-0.096399784,-0.017719746,-0.028063476,-0.09123385,0.032893956,-0.030860484,-0.11891031,-0.040675253,-0.028680444,-0.12312794,0.0,0.0034879714,-0.0010110063,-0.0007751048,0.0003875524,-0.0001937762,-0.00010110062,-0.002906643,-0.0001937762,0.00096888095,0.0010110063,-0.0007751048,-0.0032941953,0.00096888095,0.0,-0.0013564334,0.0,0.0,0.0,0.0,0.0,0.0,0.0,0.0,0.0,0.0,0.0,0.0,0.0,0.0,0.0,0.0,-0.0021305287,0.009587379,0.0042610574,0.0106482,-0.006663026,-0.99992126,0.0,0.0,0.0,0.034130216,-0.02969861,-0.096399784,-0.017689466,-0.028063476,-0.091249585,0.032893956,-0.030860484,-0.11891031,-0.040675253,-0.028741002,-0.1231122,-0.0025190904,-0.0011626572,-0.0014154087,0.0017439857,0.0001937762,0.0001937762,0.00040440247,-0.002906643,0.0007751048,0.0,0.00010110062,0.0040693,-0.0021315382,-0.0011626572,0.0011121068,0.0011626572,0.0,0.0,0.0,0.0,0.0,0.0,0.0,0.0,0.0,0.0,0.0,0.0,0.0,0.0,0.0,0.0,0.010652643,-0.006391586,-0.015978964,0.0106498785,-0.0066485186,-0.9999212,0.0,0.0,0.0,0.034130216,-0.02972889,-0.09641552,-0.017719746,-0.028033197,-0.09123385,0.032893956,-0.030860484,-0.11892605,-0.040644974,-0.028680444,-0.1231122,-0.0003875524,-0.0011626572,-0.00060660375,-0.0003875524,-0.0005813286,-0.0021315382,0.0017187105,-0.0036817477,-0.0019377619,0.002906643,-0.00070770434,0.0019377619,-0.00096888095,-0.0007751048,0.0010110063,-0.0038755238,0.0,0.0,0.0,0.0,0.0,0.0,0.0,0.0,0.0,0.0,0.0,0.0,0.0,0.0,0.0,0.0,0.0,-0.0021305287,-0.013848436,0.010641822,-0.006686491,-0.99992096,0.0,0.0,0.0,0.034130216,-0.02972889,-0.096399784,-0.017750025,-0.028033197,-0.091217995,0.032924235,-0.030860484,-0.11891031,-0.040614694,-0.028589606,-0.1231122,0.0015502096,0.0001937762,-0.00080880494,0.0025190904,-0.0001937762,-0.002906643,-0.00010110062,-0.0005813286,0.0005813286,0.002906643,0.00060660375,0.0034879714,-0.0013564334,0.0017439857,0.0010110063,-0.0013564334,0.0,0.0,0.0,0.0,0.0,0.0,0.0,0.0,0.0,0.0,0.0,0.0,0.0,0.0,0.0,0.0,-0.012783172,0.0021305287,0.018109493,0.010610884,-0.0067334105,-0.99992096,0.0,0.0,0.0,0.034130216,-0.02969861,-0.09641552,-0.017750025,-0.028033197,-0.091217995,0.032924235,-0.030890763,-0.11891031,-0.040614694,-0.028650165,-0.12312794,0.0019377619,0.0019377619,-0.002426415,0.0015502096,0.002906643,0.0,0.0011121068,-0.0001937762,0.0007751048,0.0,0.0013143081,-0.0003875524,-0.0011626572,0.0005813286,0.0,-0.0019377619,0.0,0.0,0.0,0.0,0.0,0.0,0.0,0.0,0.0,0.0,0.0,0.0,0.0,0.0,0.0,0.0,0.2964574,-0.49574736,-0.6297747,0.009992961,-0.13120846,-0.3772369,-0.4939581,-0.39970648,-0.047165878,0.15831797,0.21358356,-1.3989574,0.0663187,-0.008784469,0.35149726,-1.9418186
1788699158.8275867,52,1,0.0010652643,-0.010652643,-0.0053263213,0.0105884615,-0.006620929,-0.99992204,0.0,0.0,0.0,0.034130216,-0.02972889,-0.096399784,-0.017719746,-0.028002918,-0.091217995,0.032924235,-0.030860484,-0.1189419,-0.040584415,-0.028680444,-0.12312794,0.0027128668,0.0003875524,-0.00050550315,-0.0019377619,0.0023253143,0.0013564334,0.00080880494,-0.0031004192,-0.0013564334,0.0042630765,-0.0010110063,0.0019377619,-0.0013564334,-0.0046506287,-0.00010110062,-0.0021315382,0.0,0.0,0.0,0.0,0.0,0.0,0.0,0.0,0.0,0.0,0.0,0.0,0.0,0.0,0.0,0.0,-0.0021305287,-0.0074568503,0.011717907,0.010645494,-0.0066793878,-0.99992114,0.0,0.0,0.0,0.034130216,-0.02969861,-0.096399784,-0.017719746,-0.028063476,-0.09123385,0.032893956,-0.030860484,-0.11891031,-0.040675253,-0.028680444,-0.12312794,0.0,0.0034879714,-0.0010110063,-0.0007751048,0.0003875524,-0.0001937762,-0.00010110062,-0.002906643,-0.0001937762,0.00096888095,0.0010110063,-0.0007751048,-0.0032941953,0.00096888095,0.0,-0.0013564334,0.0,0.0,0.0,0.0,0.0,0.0,0.0,0.0,0.0,0.0,0.0,0.0,0.0,0.0,0.0,0.0,-0.0021305287,0.009587379,0.0042610574,0.0106482,-0.006663026,-0.99992126,0.0,0.0,0.0,0.034130216,-0.02969861,-0.096399784,-0.017689466,-0.028063476,-0.091249585,0.032893956,-0.030860484,-0.11891031,-0.040675253,-0.028741002,-0.1231122,-0.0025190904,-0.0011626572,-0.0014154087,0.0017439857,0.0001937762,0.0001937762,0.00040440247,-0.002906643,0.0007751048,0.0,0.00010110062,0.0040693,-0.0021315382,-0.0011626572,0.0011121068,0.0011626572,0.0,0.0,0.0,0.0,0.0,0.0,0.0,0.0,0.0,0.0,0.0,0.0,0.0,0.0,0.0,0.0,0.010652643,-0.006391586,-0.015978964,0.0106498785,-0.0066485186,-0.9999212,0.0,0.0,0.0,0.034130216,-0.02972889,-0.09641552,-0.017719746,-0.028033197,-0.09123385,0.032893956,-0.030860484,-0.11892605,-0.040644974,-0.028680444,-0.1231122,-0.0003875524,-0.0011626572,-0.00060660375,-0.0003875524,-0.0005813286,-0.0021315382,0.0017187105,-0.0036817477,-0.0019377619,0.002906643,-0.00070770434,0.0019377619,-0.00096888095,-0.0007751048,0.0010110063,-0.0038755238,0.0,0.0,0.0,0.0,0.0,0.0,0.0,0.0,0.0,0.0,0.0,0.0,0.0,0.0,0.0,0.0,0.0,-0.0021305287,-0.013848436,0.010641822,-0.006686491,-0.99992096,0.0,0.0,0.0,0.034130216,-0.02972889,-0.096399784,-0.017750025,-0.028033197,-0.091217995,0.032924235,-0.030860484,-0.11891031,-0.040614694,-0.028589606,-0.1231122,0.0015502096,0.0001937762,-0.00080880494,0.0025190904,-0.0001937762,-0.002906643,-0.00010110062,-0.0005813286,0.0005813286,0.002906643,0.00060660375,0.0034879714,-0.0013564334,0.0017439857,0.0010110063,-0.0013564334,0.0,0.0,0.0,0.0,0.0,0.0,0.0,0.0,0.0,0.0,0.0,0.0,0.0,0.0,0.0,0.0,0.29403797,-0.48934716,-0.6460697,0.025834348,-0.13047951,-0.36689222,-0.47939754,-0.4017907,-0.038332246,0.1563942,0.21937068,-1.3902116,0.06706991,0.011284567,0.3650631,-1.9434133
1788699158.84841,53,1,0.003195793,0.009587379,-0.015978964,0.01062946,-0.006654117,-0.9999213,0.0,0.0,0.0,0.034130216,-0.029759169,-0.09641552,-0.017750025,-0.028033197,-0.09123385,0.032924235,-0.030890763,-0.11891031,-0.040614694,-0.028619885,-0.1231122,0.00096888095,-0.0025190904,-0.0021231133,0.0019377619,0.0019377619,-0.0021315382,-0.00010110062,-0.0031004192,0.0,0.0019377619,0.00060660375,0.0001937762,-0.0007751048,0.0007751048,-0.00050550315,-0.0005813286,0.0,0.0,0.0,0.0,0.0,0.0,0.0,0.0,0.0,0.0,0.0,0.0,0.0,0.0,0.0,0.0,0.0010652643,-0.010652643,-0.0053263213,0.0105884615,-0.006620929,-0.99992204,0.0,0.0,0.0,0.034130216,-0.02972889,-0.096399784,-0.017719746,-0.028002918,-0.091217995,0.032924235,-0.030860484,-0.1189419,-0.040584415,-0.028680444,-0.12312794,0.0027128668,0.0003875524,-0.00050550315,-0.0019377619,0.0023253143,0.0013564334,0.00080880494,-0.0031004192,-0.0013564334,0.0042630765,-0.0010110063,0.0019377619,-0.0013564334,-0.0046506287,-0.00010110062,-0.0021315382,0.0,0.0,0.0,0.0,0.0,0.0,0.0,0.0,0.0,0.0,0.0,0.0,0.0,0.0,0.0,0.0,-0.0021305287,-0.0074568503,0.011717907,0.010645494,-0.0066793878,-0.99992114,0.0,0.0,0.0,0.034130216,-0.02969861,-0.096399784,-0.017719746,-0.028063476,-0.09123385,0.032893956,-0.030860484,-0.11891031,-0.040675253,-0.028680444,-0.12312794,0.0,0.0034879714,-0.0010110063,-0.0007751048,0.0003875524,-0.0001937762,-0.00010110062,-0.002906643,-0.0001937762,0.00096888095,0.0010110063,-0.0007751048,-0.0032941953,0.00096888095,0.0,-0.0013564334,0.0,0.0,0.0,0.0,0.0,0.0,0.0,0.0,0.0,0.0,0.0,0.0,0.0,0.0,0.0,0.0,-0.0021305287,0.009587379,0.0042610574,0.0106482,-0.006663026,-0.99992126,0.0,0.0,0.0,0.034130216,-0.02969861,-0.096399784,-0.017689466,-0.028063476,-0.091249585,0.032893956,-0.030860484,-0.11891031,-0.040675253,-0.028741002,-0.1231122,-0.0025190904,-0.0011626572,-0.0014154087,0.0017439857,0.0001937762,0.0001937762,0.00040440247,-0.002906643,0.0007751048,0.0,0.00010110062,0.0040693,-0.0021315382,-0.0011626572,0.0011121068,0.0011626572,0.0,0.0,0.0,0.0,0.0,0.0,0.0,0.0,0.0,0.0,0.0,0.0,0.0,0.0,0.0,0.0,0.010652643,-0.006391586,-0.015978964,0.0106498785,-0.0066485186,-0.9999212,0.0,0.0,0.0,0.034130216,-0.02972889,-0.09641552,-0.017719746,-0.028033197,-0.09123385,0.032893956,-0.030860484,-0.11892605,-0.040644974,-0.028680444,-0.1231122,-0.0003875524,-0.0011626572,-0.00060660375,-0.0003875524,-0.0005813286,-0.0021315382,0.0017187105,-0.0036817477,-0.0019377619,0.002906643,-0.00070770434,0.0019377619,-0.00096888095,-0.0007751048,0.0010110063,-0.0038755238,0.0,0.0,0.0,0.0,0.0,0.0,0.0,0.0,0.0,0.0,0.0,0.0,0.0,0.0,0.0,0.0,0.28893873,-0.4889274,-0.65606683,0.030388247,-0.13584517,-0.3566132,-0.45174578,-0.39866906,-0.027587324,0.13001445,0.22495927,-1.4036508,0.07761578,0.033895396,0.34306094,-1.9448934
1788699158.8672934,54,1,0.006391586,-0.008522115,-0.010652643,0.010649576,-0.006696421,-0.99992096,0.0,0.0,0.0,0.034130216,-0.02969861,-0.09638393,-0.017659187,-0.028002918,-0.091249585,0.032863677,-0.030860484,-0.11891031,-0.040675253,-0.028710723,-0.1231122,-0.00096888095,0.0003875524,0.00020220123,0.0042630765,0.0065883906,0.0034879714,-0.00040440247,-0.0003875524,-0.0023253143,0.0011626572,0.00080880494,0.0019377619,-0.002906643,-0.0019377619,0.0014154087,-0.0019377619,0.0,0.0,0.0,0.0,0.0,0.0,0.0,0.0,0.0,0.0,0.0,0.0,0.0,0.0,0.0,0.0,0.003195793,0.009587379,-0.015978964,0.01062946,-0.006654117,-0.9999213,0.0,0.0,0.0,0.034130216,-0.029759169,-0.09641552,-0.017750025,-0.028033197,-0.09123385,0.032924235,-0.030890763,-0.11891031,-0.040614694,-0.028619885,-0.1231122,0.00096888095,-0.0025190904,-0.0021231133,0.0019377619,0.0019377619,-0.0021315382,-0.00010110062,-0.0031004192,0.0,0.0019377619,0.00060660375,0.0001937762,-0.0007751048,0.0007751048,-0.00050550315,-0.0005813286,0.0,0.0,0.0,0.0,0.0,0.0,0.0,0.0,0.0,0.0,0.0,0.0,0.0,0.0,0.0,0.0,0.0010652643,-0.010652643,-0.0053263213,0.0105884615,-0.006620929,-0.99992204,0.0,0.0,0.0,0.034130216,-0.02972889,-0.096399784,-0.017719746,-0.028002918,-0.091217995,0.032924235,-0.030860484,-0.1189419,-0.040584415,-0.028680444,-0.12312794,0.0027128668,0.0003875524,-0.00050550315,-0.0019377619,0.0023253143,0.0013564334,0.00080880494,-0.0031004192,-0.0013564334,0.0042630765,-0.0010110063,0.0019377619,-0.0013564334,-0.0046506287,-0.00010110062,-0.0021315382,0.0,0.0,0.0,0.0,0.0,0.0,0.0,0.0,0.0,0.0,0.0,0.0,0.0,0.0,0.0,0.0,-0.0021305287,-0.0074568503,0.011717907,0.010645494,-0.0066793878,-0.99992114,0.0,0.0,0.0,0.034130216,-0.02969861,-0.096399784,-0.017719746,-0.028063476,-0.09123385,0.032893956,-0.030860484,-0.11891031,-0.040675253,-0.028680444,-0.12312794,0.0,0.0034879714,-0.0010110063,-0.0007751048,0.0003875524,-0.0001937762,-0.00010110062,-0.002906643,-0.0001937762,0.00096888095,0.0010110063,-0.0007751048,-0.0032941953,0.00096888095,0.0,-0.0013564334,0.0,0.0,0.0,0.0,0.0,0.0,0.0,0.0,0.0,0.0,0.0,0.0,0.0,0.0,0.0,0.0,-0.0021305287,0.009587379,0.0042610574,0.0106482,-0.006663026,-0.99992126,0.0,0.0,0.0,0.034130216,-0.02969861,-0.096399784,-0.017689466,-0.028063476,-0.091249585,0.032893956,-0.030860484,-0.11891031,-0.040675253,-0.028741002,-0.1231122,-0.0025190904,-0.0011626572,-0.0014154087,0.0017439857,0.0001937762,0.0001937762,0.00040440247,-0.002906643,0.0007751048,0.0,0.00010110062,0.0040693,-0.0021315382,-0.0011626572,0.0011121068,0.0011626572,0.0,0.0,0.0,0.0,0.0,0.0,0.0,0.0,0.0,0.0,0.0,0.0,0.0,0.0,0.0,0.0,0.2957671,-0.49466318,-0.6563526,0.034336563,-0.13613147,-0.36689886,-0.47182566,-0.39028662,-0.033852268,0.13501024,0.22455844,-1.3944955,0.07443602,0.017914075,0.3503385,-1.9356194
1788699158.8872962,55,1,0.0021305287,0.0,0.010652643,0.01062667,-0.0066764723,-0.9999213,0.0,0.0,0.0,0.03416049,-0.02969861,-0.09638393,-0.017689466,-0.028093755,-0.09126544,0.032863677,-0.030860484,-0.11892605,-0.040614694,-0.028710723,-0.1231122,0.0017439857,-0.0003875524,0.00050550315,-0.0005813286,0.0005813286,-0.0013564334,-0.0011121068,-0.0019377619,-0.0034879714,0.0005813286,-0.00070770434,0.0015502096,0.0021315382,0.00096888095,0.0010110063,-0.0005813286,0.0,0.0,0.0,0.0,0.0,0.0,0.0,0.0,0.0,0.0,0.0,0.0,0.0,0.0,0.0,0.0,0.006391586,-0.008522115,-0.010652643,0.010649576,-0.006696421,-0.99992096,0.0,0.0,0.0,0.034130216,-0.02969861,-0.09638393,-0.017659187,-0.028002918,-0.091249585,0.032863677,-0.030860484,-0.11891031,-0.040675253,-0.028710723,-0.1231122,-0.00096888095,0.0003875524,0.00020220123,0.0042630765,0.0065883906,0.0034879714,-0.00040440247,-0.0003875524,-0.0023253143,0.0011626572,0.00080880494,0.0019377619,-0.002906643,-0.0019377619,0.0014154087,-0.0019377619,0.0,0.0,0.0,0.0,0.0,0.0,0.0,0.0,0.0,0.0,0.0,0.0,0.0,0.0,0.0,0.0,0.003195793,0.009587379,-0.015978964,0.01062946,-0.006654117,-0.9999213,0.0,0.0,0.0,0.034130216,-0.029759169,-0.09641552,-0.017750025,-0.028033197,-0.09123385,0.032924235,-0.030890763,-0.11891031,-0.040614694,-0.028619885,-0.1231122,0.00096888095,-0.0025190904,-0.0021231133,0.0019377619,0.0019377619,-0.0021315382,-0.00010110062,-0.0031004192,0.0,0.0019377619,0.00060660375,0.0001937762,-0.0007751048,0.0007751048,-0.00050550315,-0.0005813286,0.0,0.0,0.0,0.0,0.0,0.0,0.0,0.0,0.0,0.0,0.0,0.0,0.0,0.0,0.0,0.0,0.0010652643,-0.010652643,-0.0053263213,0.0105884615,-0.006620929,-0.99992204,0.0,0.0,0.0,0.034130216,-0.02972889,-0.096399784,-0.017719746,-0.028002918,-0.091217995,0.032924235,-0.030860484,-0.1189419,-0.040584415,-0.028680444,-0.12312794,0.0027128668,0.0003875524,-0.00050550315,-0.0019377619,0.0023253143,0.0013564334,0.00080880494,-0.0031004192,-0.0013564334,0.0042630765,-0.0010110063,0.0019377619,-0.0013564334,-0.0046506287,-0.00010110062,-0.0021315382,0.0,0.0,0.0,0.0,0.0,0.0,0.0,0.0,0.0,0.0,0.0,0.0,0.0,0.0,0.0,0.0,-0.0021305287,-0.0074568503,0.011717907,0.010645494,-0.0066793878,-0.99992114,0.0,0.0,0.0,0.034130216,-0.02969861,-0.096399784,-0.017719746,-0.028063476,-0.09123385,0.032893956,-0.030860484,-0.11891031,-0.040675253,-0.028680444,-0.12312794,0.0,0.0034879714,-0.0010110063,-0.0007751048,0.0003875524,-0.0001937762,-0.00010110062,-0.002906643,-0.0001937762,0.00096888095,0.0010110063,-0.0007751048,-0.0032941953,0.00096888095,0.0,-0.0013564334,0.0,0.0,0.0,0.0,0.0,0.0,0.0,0.0,0.0,0.0,0.0,0.0,0.0,0.0,0.0,0.0,0.29855976,-0.48010707,-0.63450015,0.023970652,-0.13021702,-0.37118447,-0.4922592,-0.39566335,-0.041372374,0.17386973,0.21767958,-1.3874811,0.0655876,0.0032143742,0.35519555,-1.9448131
1788699158.9073436,56,1,0.0021305287,-0.0021305287,0.0074568503,0.0106214415,-0.0066797915,-0.9999214,0.0,0.0,0.0,0.034130216,-0.02972889,-0.09638393,-0.017719746,-0.028063476,-0.091217995,0.032893956,-0.030860484,-0.11892605,-0.040614694,-0.028680444,-0.12312794,0.00096888095,0.0,0.00040440247,-0.0025190904,0.0,-0.0005813286,0.0011121068,0.0034879714,-0.0019377619,0.0023253143,-0.00020220123,0.0019377619,0.0005813286,0.0,-0.00010110062,-0.0031004192,0.0,0.0,0.0,0.0,0.0,0.0,0.0,0.0,0.0,0.0,0.0,0.0,0.0,0.0,0.0,0.0,0.0021305287,0.0,0.010652643,0.01062667,-0.0066764723,-0.9999213,0.0,0.0,0.0,0.03416049,-0.02969861,-0.09638393,-0.017689466,-0.028093755,-0.09126544,0.032863677,-0.030860484,-0.11892605,-0.040614694,-0.028710723,-0.1231122,0.0017439857,-0.0003875524,0.00050550315,-0.0005813286,0.0005813286,-0.0013564334,-0.0011121068,-0.0019377619,-0.0034879714,0.0005813286,-0.00070770434,0.0015502096,0.0021315382,0.00096888095,0.0010110063,-0.0005813286,0.0,0.0,0.0,0.0,0.0,0.0,0.0,0.0,0.0,0.0,0.0,0.0,0.0,0.0,0.0,0.0,0.006391586,-0.008522115,-0.010652643,0.010649576,-0.006696421,-0.99992096,0.0,0.0,0.0,0.034130216,-0.02969861,-0.09638393,-0.017659187,-0.028002918,-0.091249585,0.032863677,-0.030860484,-0.11891031,-0.040675253,-0.028710723,-0.1231122,-0.00096888095,0.0003875524,0.00020220123,0.0042630765,0.0065883906,0.0034879714,-0.00040440247,-0.0003875524,-0.0023253143,0.0011626572,0.00080880494,0.0019377619,-0.002906643,-0.0019377619,0.0014154087,-0.0019377619,0.0,0.0,0.0,0.0,0.0,0.0,0.0,0.0,0.0,0.0,0.0,0.0,0.0,0.0,0.0,0.0,0.003195793,0.009587379,-0.015978964,0.01062946,-0.006654117,-0.9999213,0.0,0.0,0.0,0.034130216,-0.029759169,-0.09641552,-0.017750025,-0.028033197,-0.09123385,0.032924235,-0.030890763,-0.11891031,-0.040614694,-0.028619885,-0.1231122,0.00096888095,-0.0025190904,-0.0021231133,0.0019377619,0.0019377619,-0.0021315382,-0.00010110062,-0.0031004192,0.0,0.0019377619,0.00060660375,0.0001937762,-0.0007751048,0.0007751048,-0.00050550315,-0.0005813286,0.0,0.0,0.0,0.0,0.0,0.0,0.0,0.0,0.0,0.0,0.0,0.0,0.0,0.0,0.0,0.0,0.0010652643,-0.010652643,-0.0053263213,0.0105884615,-0.006620929,-0.99992204,0.0,0.0,0.0,0.034130216,-0.02972889,-0.096399784,-0.017719746,-0.028002918,-0.091217995,0.032924235,-0.030860484,-0.1189419,-0.040584415,-0.028680444,-0.12312794,0.0027128668,0.0003875524,-0.00050550315,-0.0019377619,0.0023253143,0.0013564334,0.00080880494,-0.0031004192,-0.0013564334,0.0042630765,-0.0010110063,0.0019377619,-0.0013564334,-0.0046506287,-0.00010110062,-0.0021315382,0.0,0.0,0.0,0.0,0.0,0.0,0.0,0.0,0.0,0.0,0.0,0.0,0.0,0.0,0.0,0.0,0.2907718,-0.4828384,-0.6411341,0.023621675,-0.13181083,-0.3706348,-0.484519,-0.39030546,-0.038387954,0.16300905,0.21175973,-1.3941746,0.06713645,-0.00048586726,0.3598586,-1.950282
1788699158.9273357,57,1,0.0021305287,0.008522115,0.006391586,0.010674469,-0.006714759,-0.9999205,0.0,0.0,0.0,0.034130216,-0.02969861,-0.09641552,-0.017750025,-0.028002918,-0.09120226,0.032924235,-0.030921042,-0.11892605,-0.040614694,-0.028619885,-0.12312794,0.002906643,0.002906643,-0.002426415,-0.00096888095,0.0011626572,0.00096888095,0.0018198112,0.0017439857,-0.0001937762,-0.00096888095,-0.0009099056,0.0003875524,-0.0019377619,-0.0019377619,-0.00020220123,-0.0015502096,0.0,0.0,0.0,0.0,0.0,0.0,0.0,0.0,0.0,0.0,0.0,0.0,0.0,0.0,0.0,0.0,0.0021305287,-0.0021305287,0.0074568503,0.0106214415,-0.0066797915,-0.9999214,0.0,0.0,0.0,0.034130216,-0.02972889,-0.09638393,-0.017719746,-0.028063476,-0.091217995,0.032893956,-0.030860484,-0.11892605,-0.040614694,-0.028680444,-0.12312794,0.00096888095,0.0,0.00040440247,-0.0025190904,0.0,-0.0005813286,0.0011121068,0.0034879714,-0.0019377619,0.0023253143,-0.00020220123,0.0019377619,0.0005813286,0.0,-0.00010110062,-0.0031004192,0.0,0.0,0.0,0.0,0.0,0.0,0.0,0.0,0.0,0.0,0.0,0.0,0.0,0.0,0.0,0.0,0.0021305287,0.0,0.010652643,0.01062667,-0.0066764723,-0.9999213,0.0,0.0,0.0,0.03416049,-0.02969861,-0.09638393,-0.017689466,-0.028093755,-0.09126544,0.032863677,-0.030860484,-0.11892605,-0.040614694,-0.028710723,-0.1231122,0.0017439857,-0.0003875524,0.00050550315,-0.0005813286,0.0005813286,-0.0013564334,-0.0011121068,-0.0019377619,-0.0034879714,0.0005813286,-0.00070770434,0.0015502096,0.0021315382,0.00096888095,0.0010110063,-0.0005813286,0.0,0.0,0.0,0.0,0.0,0.0,0.0,0.0,0.0,0.0,0.0,0.0,0.0,0.0,0.0,0.0,0.006391586,-0.008522115,-0.010652643,0.010649576,-0.006696421,-0.99992096,0.0,0.0,0.0,0.034130216,-0.02969861,-0.09638393,-0.017659187,-0.028002918,-0.091249585,0.032863677,-0.030860484,-0.11891031,-0.040675253,-0.028710723,-0.1231122,-0.00096888095,0.0003875524,0.00020220123,0.0042630765,0.0065883906,0.0034879714,-0.00040440247,-0.0003875524,-0.0023253143,0.0011626572,0.00080880494,0.0019377619,-0.002906643,-0.0019377619,0.0014154087,-0.0019377619,0.0,0.0,0.0,0.0,0.0,0.0,0.0,0.0,0.0,0.0,0.0,0.0,0.0,0.0,0.0,0.0,0.003195793,0.009587379,-0.015978964,0.01062946,-0.006654117,-0.9999213,0.0,0.0,0.0,0.034130216,-0.029759169,-0.09641552,-0.017750025,-0.028033197,-0.09123385,0.032924235,-0.030890763,-0.11891031,-0.040614694,-0.028619885,-0.1231122,0.00096888095,-0.0025190904,-0.0021231133,0.0019377619,0.0019377619,-0.0021315382,-0.00010110062,-0.0031004192,0.0,0.0019377619,0.00060660375,0.0001937762,-0.0007751048,0.0007751048,-0.00050550315,-0.0005813286,0.0,0.0,0.0,0.0,0.0,0.0,0.0,0.0,0.0,0.0,0.0,0.0,0.0,0.0,0.0,0.0,0.2906505,-0.49330813,-0.6390027,0.03249431,-0.13065577,-0.38433754,-0.4758811,-0.390076,-0.038012736,0.16249321,0.20395187,-1.3959484,0.0687192,0.0012310445,0.35889962,-1.936965
1788699158.947342,58,1,0.0042610574,0.008522115,-0.021305285,0.010709596,-0.0067176395,-0.9999202,0.0,0.0,0.0,0.034130216,-0.02969861,-0.096399784,-0.017719746,-0.028033197,-0.09123385,0.032893956,-0.030890763,-0.1189419,-0.040614694,-0.028619885,-0.12309635,0.0001937762,0.0013564334,-0.00070770434,0.0019377619,0.0031004192,-0.00096888095,0.00080880494,0.0021315382,-0.0019377619,0.0013564334,-0.002426415,0.0019377619,-0.0003875524,0.0027128668,0.0026286163,0.0019377619,0.0,0.0,0.0,0.0,0.0,0.0,0.0,0.0,0.0,0.0,0.0,0.0,0.0,0.0,0.0,0.0,0.0021305287,0.008522115,0.006391586,0.010674469,-0.006714759,-0.9999205,0.0,0.0,0.0,0.034130216,-0.02969861,-0.09641552,-0.017750025,-0.028002918,-0.09120226,0.032924235,-0.030921042,-0.11892605,-0.040614694,-0.028619885,-0.12312794,0.002906643,0.002906643,-0.002426415,-0.00096888095,0.0011626572,0.00096888095,0.0018198112,0.0017439857,-0.0001937762,-0.00096888095,-0.0009099056,0.0003875524,-0.0019377619,-0.0019377619,-0.00020220123,-0.0015502096,0.0,0.0,0.0,0.0,0.0,0.0,0.0,0.0,0.0,0.0,0.0,0.0,0.0,0.0,0.0,0.0,0.0021305287,-0.0021305287,0.0074568503,0.0106214415,-0.0066797915,-0.9999214,0.0,0.0,0.0,0.034130216,-0.02972889,-0.09638393,-0.017719746,-0.028063476,-0.091217995,0.032893956,-0.030860484,-0.11892605,-0.040614694,-0.028680444,-0.12312794,0.00096888095,0.0,0.00040440247,-0.0025190904,0.0,-0.0005813286,0.0011121068,0.0034879714,-0.0019377619,0.0023253143,-0.00020220123,0.0019377619,0.0005813286,0.0,-0.00010110062,-0.0031004192,0.0,0.0,0.0,0.0,0.0,0.0,0.0,0.0,0.0,0.0,0.0,0.0,0.0,0.0,0.0,0.0,0.0021305287,0.0,0.010652643,0.01062667,-0.0066764723,-0.9999213,0.0,0.0,0.0,0.03416049,-0.02969861,-0.09638393,-0.017689466,-0.028093755,-0.09126544,0.032863677,-0.030860484,-0.11892605,-0.040614694,-0.028710723,-0.1231122,0.0017439857,-0.0003875524,0.00050550315,-0.0005813286,0.0005813286,-0.0013564334,-0.0011121068,-0.0019377619,-0.0034879714,0.0005813286,-0.00070770434,0.0015502096,0.0021315382,0.00096888095,0.0010110063,-0.0005813286,0.0,0.0,0.0,0.0,0.0,0.0,0.0,0.0,0.0,0.0,0.0,0.0,0.0,0.0,0.0,0.0,0.006391586,-0.008522115,-0.010652643,0.010649576,-0.006696421,-0.99992096,0.0,0.0,0.0,0.034130216,-0.02969861,-0.09638393,-0.017659187,-0.028002918,-0.091249585,0.032863677,-0.030860484,-0.11891031,-0.040675253,-0.028710723,-0.1231122,-0.00096888095,0.0003875524,0.00020220123,0.0042630765,0.0065883906,0.0034879714,-0.00040440247,-0.0003875524,-0.0023253143,0.0011626572,0.00080880494,0.0019377619,-0.002906643,-0.0019377619,0.0014154087,-0.0019377619,0.0,0.0,0.0,0.0,0.0,0.0,0.0,0.0,0.0,0.0,0.0,0.0,0.0,0.0,0.0,0.0,0.284078,-0.5118405,-0.6499022,0.034071434,-0.13792254,-0.37028313,-0.44194224,-0.39900142,-0.021927342,0.12312802,0.20180628,-1.4045311,0.082665384,0.024219831,0.33324203,-1.9411806
1788699158.9673097,59,1,0.0042610574,0.0053263213,-0.02237055,0.010728006,-0.00677851,-0.99991965,0.0,0.0,0.0,0.03416049,-0.02969861,-0.096399784,-0.017719746,-0.028063476,-0.09123385,0.032893956,-0.030890763,-0.1189419,-0.040644974,-0.028741002,-0.1231122,0.0013564334,-0.0001937762,-0.00080880494,0.0025190904,-0.0001937762,0.0003875524,0.0015165093,-0.0007751048,0.0003875524,-0.002906643,-0.0021231133,0.0017439857,-0.00096888095,-0.0019377619,0.0009099056,-0.0019377619,0.0,0.0,0.0,0.0,0.0,0.0,0.0,0.0,0.0,0.0,0.0,0.0,0.0,0.0,0.0,0.0,0.0042610574,0.008522115,-0.021305285,0.010709596,-0.0067176395,-0.9999202,0.0,0.0,0.0,0.034130216,-0.02969861,-0.096399784,-0.017719746,-0.028033197,-0.09123385,0.032893956,-0.030890763,-0.1189419,-0.040614694,-0.028619885,-0.12309635,0.0001937762,0.0013564334,-0.00070770434,0.0019377619,0.0031004192,-0.00096888095,0.00080880494,0.0021315382,-0.0019377619,0.0013564334,-0.002426415,0.0019377619,-0.0003875524,0.0027128668,0.0026286163,0.0019377619,0.0,0.0,0.0,0.0,0.0,0.0,0.0,0.0,0.0,0.0,0.0,0.0,0.0,0.0,0.0,0.0,0.0021305287,0.008522115,0.006391586,0.010674469,-0.006714759,-0.9999205,0.0,0.0,0.0,0.034130216,-0.02969861,-0.09641552,-0.017750025,-0.028002918,-0.09120226,0.032924235,-0.030921042,-0.11892605,-0.040614694,-0.028619885,-0.12312794,0.002906643,0.002906643,-0.002426415,-0.00096888095,0.0011626572,0.00096888095,0.0018198112,0.0017439857,-0.0001937762,-0.00096888095,-0.0009099056,0.0003875524,-0.0019377619,-0.0019377619,-0.00020220123,-0.0015502096,0.0,0.0,0.0,0.0,0.0,0.0,0.0,0.0,0.0,0.0,0.0,0.0,0.0,0.0,0.0,0.0,0.0021305287,-0.0021305287,0.0074568503,0.0106214415,-0.0066797915,-0.9999214,0.0,0.0,0.0,0.034130216,-0.02972889,-0.09638393,-0.017719746,-0.028063476,-0.091217995,0.032893956,-0.030860484,-0.11892605,-0.040614694,-0.028680444,-0.12312794,0.00096888095,0.0,0.00040440247,-0.0025190904,0.0,-0.0005813286,0.0011121068,0.0034879714,-0.0019377619,0.0023253143,-0.00020220123,0.0019377619,0.0005813286,0.0,-0.00010110062,-0.0031004192,0.0,0.0,0.0,0.0,0.0,0.0,0.0,0.0,0.0,0.0,0.0,0.0,0.0,0.0,0.0,0.0,0.0021305287,0.0,0.010652643,0.01062667,-0.0066764723,-0.9999213,0.0,0.0,0.0,0.03416049,-0.02969861,-0.09638393,-0.017689466,-0.028093755,-0.09126544,0.032863677,-0.030860484,-0.11892605,-0.040614694,-0.028710723,-0.1231122,0.0017439857,-0.0003875524,0.00050550315,-0.0005813286,0.0005813286,-0.0013564334,-0.0011121068,-0.0019377619,-0.0034879714,0.0005813286,-0.00070770434,0.0015502096,0.0021315382,0.00096888095,0.0010110063,-0.0005813286,0.0,0.0,0.0,0.0,0.0,0.0,0.0,0.0,0.0,0.0,0.0,0.0,0.0,0.0,0.0,0.0,0.28229266,-0.5066968,-0.6733093,0.03684942,-0.14192177,-0.36018202,-0.44035456,-0.39431268,-0.01680642,0.11257311,0.21909551,-1.4164603,0.086521335,0.045651816,0.33917084,-1.9427042
1788699158.9873114,60,1,0.0010652643,0.0010652643,0.019174758,0.010737902,-0.0067888466,-0.99991935,0.0,0.0,0.0,0.03416049,-0.02969861,-0.096399784,-0.017689466,-0.028093755,-0.091217995,0.032893956,-0.030860484,-0.11892605,-0.040675253,-0.028710723,-0.1231122,0.0019377619,0.0005813286,-0.0013143081,0.002906643,0.0034879714,-0.0015502096,0.0011121068,-0.0025190904,-0.0005813286,0.0019377619,-0.0009099056,0.0017439857,-0.0046506287,-0.0013564334,0.0015165093,0.0,0.0,0.0,0.0,0.0,0.0,0.0,0.0,0.0,0.0,0.0,0.0,0.0,0.0,0.0,0.0,0.0,0.0042610574,0.0053263213,-0.02237055,0.010728006,-0.00677851,-0.99991965,0.0,0.0,0.0,0.03416049,-0.02969861,-0.096399784,-0.017719746,-0.028063476,-0.09123385,0.032893956,-0.030890763,-0.1189419,-0.040644974,-0.028741002,-0.1231122,0.0013564334,-0.0001937762,-0.00080880494,0.0025190904,-0.0001937762,0.0003875524,0.0015165093,-0.0007751048,0.0003875524,-0.002906643,-0.0021231133,0.0017439857,-0.00096888095,-0.0019377619,0.0009099056,-0.0019377619,0.0,0.0,0.0,0.0,0.0,0.0,0.0,0.0,0.0,0.0,0.0,0.0,0.0,0.0,0.0,0.0,0.0042610574,0.008522115,-0.021305285,0.010709596,-0.0067176395,-0.9999202,0.0,0.0,0.0,0.034130216,-0.02969861,-0.096399784,-0.017719746,-0.028033197,-0.09123385,0.032893956,-0.030890763,-0.1189419,-0.040614694,-0.028619885,-0.12309635,0.0001937762,0.0013564334,-0.00070770434,0.0019377619,0.0031004192,-0.00096888095,0.00080880494,0.0021315382,-0.0019377619,0.0013564334,-0.002426415,0.0019377619,-0.0003875524,0.0027128668,0.0026286163,0.0019377619,0.0,0.0,0.0,0.0,0.0,0.0,0.0,0.0,0.0,0.0,0.0,0.0,0.0,0.0,0.0,0.0,0.0021305287,0.008522115,0.006391586,0.010674469,-0.006714759,-0.9999205,0.0,0.0,0.0,0.034130216,-0.02969861,-0.09641552,-0.017750025,-0.028002918,-0.09120226,0.032924235,-0.030921042,-0.11892605,-0.040614694,-0.028619885,-0.12312794,0.002906643,0.002906643,-0.002426415,-0.00096888095,0.0011626572,0.00096888095,0.0018198112,0.0017439857,-0.0001937762,-0.00096888095,-0.0009099056,0.0003875524,-0.0019377619,-0.0019377619,-0.00020220123,-0.0015502096,0.0,0.0,0.0,0.0,0.0,0.0,0.0,0.0,0.0,0.0,0.0,0.0,0.0,0.0,0.0,0.0,0.0021305287,-0.0021305287,0.0074568503,0.0106214415,-0.0066797915,-0.9999214,0.0,0.0,0.0,0.034130216,-0.02972889,-0.09638393,-0.017719746,-0.028063476,-0.091217995,0.032893956,-0.030860484,-0.11892605,-0.040614694,-0.028680444,-0.12312794,0.00096888095,0.0,0.00040440247,-0.0025190904,0.0,-0.0005813286,0.0011121068,0.0034879714,-0.0019377619,0.0023253143,-0.00020220123,0.0019377619,0.0005813286,0.0,-0.00010110062,-0.0031004192,0.0,0.0,0.0,0.0,0.0,0.0,0.0,0.0,0.0,0.0,0.0,0.0,0.0,0.0,0.0,0.0,0.29779604,-0.48807916,-0.62802845,0.022251386,-0.12455503,-0.39018372,-0.4835903,-0.3967627,-0.047048837,0.18673994,0.19638044,-1.392383,0.061392777,-0.016089953,0.36372283,-1.9514172
1788699159.0087354,61,1,-0.0021305287,0.006391586,0.012783172,0.01070919,-0.006766891,-0.9999197,0.0,0.0,0.0,0.034130216,-0.02969861,-0.096399784,-0.017719746,-0.028033197,-0.091217995,0.032924235,-0.030921042,-0.11892605,-0.040584415,-0.028619885,-0.1231122,0.0025190904,0.0032941953,-0.00010110062,0.0023253143,0.002906643,0.0,0.0011121068,-0.0031004192,0.0,0.0001937762,0.0,0.0001937762,0.0,0.0,0.0010110063,0.0015502096,0.0,0.0,0.0,0.0,0.0,0.0,0.0,0.0,0.0,0.0,0.0,0.0,0.0,0.0,0.0,0.0,0.0010652643,0.0010652643,0.019174758,0.010737902,-0.0067888466,-0.99991935,0.0,0.0,0.0,0.03416049,-0.02969861,-0.096399784,-0.017689466,-0.028093755,-0.091217995,0.032893956,-0.030860484,-0.11892605,-0.040675253,-0.028710723,-0.1231122,0.0019377619,0.0005813286,-0.0013143081,0.002906643,0.0034879714,-0.0015502096,0.0011121068,-0.0025190904,-0.0005813286,0.0019377619,-0.0009099056,0.0017439857,-0.0046506287,-0.0013564334,0.0015165093,0.0,0.0,0.0,0.0,0.0,0.0,0.0,0.0,0.0,0.0,0.0,0.0,0.0,0.0,0.0,0.0,0.0,0.0042610574,0.0053263213,-0.02237055,0.010728006,-0.00677851,-0.99991965,0.0,0.0,0.0,0.03416049,-0.02969861,-0.096399784,-0.017719746,-0.028063476,-0.09123385,0.032893956,-0.030890763,-0.1189419,-0.040644974,-0.028741002,-0.1231122,0.0013564334,-0.0001937762,-0.00080880494,0.0025190904,-0.0001937762,0.0003875524,0.0015165093,-0.0007751048,0.0003875524,-0.002906643,-0.0021231133,0.0017439857,-0.00096888095,-0.0019377619,0.0009099056,-0.0019377619,0.0,0.0,0.0,0.0,0.0,0.0,0.0,0.0,0.0,0.0,0.0,0.0,0.0,0.0,0.0,0.0,0.0042610574,0.008522115,-0.021305285,0.010709596,-0.0067176395,-0.9999202,0.0,0.0,0.0,0.034130216,-0.02969861,-0.096399784,-0.017719746,-0.028033197,-0.09123385,0.032893956,-0.030890763,-0.1189419,-0.040614694,-0.028619885,-0.12309635,0.0001937762,0.0013564334,-0.00070770434,0.0019377619,0.0031004192,-0.00096888095,0.00080880494,0.0021315382,-0.0019377619,0.0013564334,-0.002426415,0.0019377619,-0.0003875524,0.0027128668,0.0026286163,0.0019377619,0.0,0.0,0.0,0.0,0.0,0.0,0.0,0.0,0.0,0.0,0.0,0.0,0.0,0.0,0.0,0.0,0.0021305287,0.008522115,0.006391586,0.010674469,-0.006714759,-0.9999205,0.0,0.0,0.0,0.034130216,-0.02969861,-0.09641552,-0.017750025,-0.028002918,-0.09120226,0.032924235,-0.030921042,-0.11892605,-0.040614694,-0.028619885,-0.12312794,0.002906643,0.002906643,-0.002426415,-0.00096888095,0.0011626572,0.00096888095,0.0018198112,0.0017439857,-0.0001937762,-0.00096888095,-0.0009099056,0.0003875524,-0.0019377619,-0.0019377619,-0.00020220123,-0.0015502096,0.0,0.0,0.0,0.0,0.0,0.0,0.0,0.0,0.0,0.0,0.0,0.0,0.0,0.0,0.0,0.0,0.2951697,-0.49621692,-0.630211,0.03239229,-0.12785229,-0.3905998,-0.4811395,-0.40057898,-0.043031648,0.18265593,0.18676874,-1.3868662,0.06676044,-0.017215677,0.3713559,-1.9480785
1788699159.0273187,62,1,-0.0042610574,0.003195793,-0.0053263213,0.010757827,-0.006764961,-0.9999193,0.0,0.0,0.0,0.034130216,-0.02972889,-0.096399784,-0.017719746,-0.028033197,-0.091217995,0.032924235,-0.030921042,-0.1189419,-0.040523857,-0.028650165,-0.1231122,0.0019377619,0.00096888095,-0.00040440247,0.0036817477,0.002906643,-0.0007751048,-0.00050550315,-0.0021315382,-0.0003875524,-0.0013564334,-0.0013143081,0.0032941953,0.0056195096,-0.0031004192,0.0014154087,-0.0019377619,0.0,0.0,0.0,0.0,0.0,0.0,0.0,0.0,0.0,0.0,0.0,0.0,0.0,0.0,0.0,0.0,-0.0021305287,0.006391586,0.012783172,0.01070919,-0.006766891,-0.9999197,0.0,0.0,0.0,0.034130216,-0.02969861,-0.096399784,-0.017719746,-0.028033197,-0.091217995,0.032924235,-0.030921042,-0.11892605,-0.040584415,-0.028619885,-0.1231122,0.0025190904,0.0032941953,-0.00010110062,0.0023253143,0.002906643,0.0,0.0011121068,-0.0031004192,0.0,0.0001937762,0.0,0.0001937762,0.0,0.0,0.0010110063,0.0015502096,0.0,0.0,0.0,0.0,0.0,0.0,0.0,0.0,0.0,0.0,0.0,0.0,0.0,0.0,0.0,0.0,0.0010652643,0.0010652643,0.019174758,0.010737902,-0.0067888466,-0.99991935,0.0,0.0,0.0,0.03416049,-0.02969861,-0.096399784,-0.017689466,-0.028093755,-0.091217995,0.032893956,-0.030860484,-0.11892605,-0.040675253,-0.028710723,-0.1231122,0.0019377619,0.0005813286,-0.0013143081,0.002906643,0.0034879714,-0.0015502096,0.0011121068,-0.0025190904,-0.0005813286,0.0019377619,-0.0009099056,0.0017439857,-0.0046506287,-0.0013564334,0.0015165093,0.0,0.0,0.0,0.0,0.0,0.0,0.0,0.0,0.0,0.0,0.0,0.0,0.0,0.0,0.0,0.0,0.0,0.0042610574,0.0053263213,-0.02237055,0.010728006,-0.00677851,-0.99991965,0.0,0.0,0.0,0.03416049,-0.02969861,-0.096399784,-0.017719746,-0.028063476,-0.09123385,0.032893956,-0.030890763,-0.1189419,-0.040644974,-0.028741002,-0.1231122,0.0013564334,-0.0001937762,-0.00080880494,0.0025190904,-0.0001937762,0.0003875524,0.0015165093,-0.0007751048,0.0003875524,-0.002906643,-0.0021231133,0.0017439857,-0.00096888095,-0.0019377619,0.0009099056,-0.0019377619,0.0,0.0,0.0,0.0,0.0,0.0,0.0,0.0,0.0,0.0,0.0,0.0,0.0,0.0,0.0,0.0,0.0042610574,0.008522115,-0.021305285,0.010709596,-0.0067176395,-0.9999202,0.0,0.0,0.0,0.034130216,-0.02969861,-0.096399784,-0.017719746,-0.028033197,-0.09123385,0.032893956,-0.030890763,-0.1189419,-0.040614694,-0.028619885,-0.12309635,0.0001937762,0.0013564334,-0.00070770434,0.0019377619,0.0031004192,-0.00096888095,0.00080880494,0.0021315382,-0.0019377619,0.0013564334,-0.002426415,0.0019377619,-0.0003875524,0.0027128668,0.0026286163,0.0019377619,0.0,0.0,0.0,0.0,0.0,0.0,0.0,0.0,0.0,0.0,0.0,0.0,0.0,0.0,0.0,0.0,0.29133335,-0.48673153,-0.65875894,0.04245322,-0.13557373,-0.36944088,-0.46453613,-0.39071456,-0.02363431,0.15359746,0.211791,-1.4043528,0.075524196,0.025386132,0.36753285,-1.9467038
1788699159.0473137,63,1,0.0074568503,-0.0042610574,-0.019174758,0.010804299,-0.006820358,-0.9999185,0.0,0.0,0.0,0.03416049,-0.02969861,-0.096399784,-0.017750025,-0.028093755,-0.09123385,0.032863677,-0.030860484,-0.11891031,-0.040614694,-0.028741002,-0.12312794,0.0042630765,0.00096888095,-0.0011121068,-0.0017439857,-0.00096888095,-0.0042630765,0.0018198112,-0.0036817477,-0.0027128668,0.0019377619,0.00050550315,-0.0001937762,0.0015502096,-0.0013564334,-0.00050550315,0.00096888095,0.0,0.0,0.0,0.0,0.0,0.0,0.0,0.0,0.0,0.0,0.0,0.0,0.0,0.0,0.0,0.0,-0.0042610574,0.003195793,-0.0053263213,0.010757827,-0.006764961,-0.9999193,0.0,0.0,0.0,0.034130216,-0.02972889,-0.096399784,-0.017719746,-0.028033197,-0.091217995,0.032924235,-0.030921042,-0.1189419,-0.040523857,-0.028650165,-0.1231122,0.0019377619,0.00096888095,-0.00040440247,0.0036817477,0.002906643,-0.0007751048,-0.00050550315,-0.0021315382,-0.0003875524,-0.0013564334,-0.0013143081,0.0032941953,0.0056195096,-0.0031004192,0.0014154087,-0.0019377619,0.0,0.0,0.0,0.0,0.0,0.0,0.0,0.0,0.0,0.0,0.0,0.0,0.0,0.0,0.0,0.0,-0.0021305287,0.006391586,0.012783172,0.01070919,-0.006766891,-0.9999197,0.0,0.0,0.0,0.034130216,-0.02969861,-0.096399784,-0.017719746,-0.028033197,-0.091217995,0.032924235,-0.030921042,-0.11892605,-0.040584415,-0.028619885,-0.1231122,0.0025190904,0.0032941953,-0.00010110062,0.0023253143,0.002906643,0.0,0.0011121068,-0.0031004192,0.0,0.0001937762,0.0,0.0001937762,0.0,0.0,0.0010110063,0.0015502096,0.0,0.0,0.0,0.0,0.0,0.0,0.0,0.0,0.0,0.0,0.0,0.0,0.0,0.0,0.0,0.0,0.0010652643,0.0010652643,0.019174758,0.010737902,-0.0067888466,-0.99991935,0.0,0.0,0.0,0.03416049,-0.02969861,-0.096399784,-0.017689466,-0.028093755,-0.091217995,0.032893956,-0.030860484,-0.11892605,-0.040675253,-0.028710723,-0.1231122,0.0019377619,0.0005813286,-0.0013143081,0.002906643,0.0034879714,-0.0015502096,0.0011121068,-0.0025190904,-0.0005813286,0.0019377619,-0.0009099056,0.0017439857,-0.0046506287,-0.0013564334,0.0015165093,0.0,0.0,0.0,0.0,0.0,0.0,0.0,0.0,0.0,0.0,0.0,0.0,0.0,0.0,0.0,0.0,0.0,0.0042610574,0.0053263213,-0.02237055,0.010728006,-0.00677851,-0.99991965,0.0,0.0,0.0,0.03416049,-0.02969861,-0.096399784,-0.017719746,-0.028063476,-0.09123385,0.032893956,-0.030890763,-0.1189419,-0.040644974,-0.028741002,-0.1231122,0.0013564334,-0.0001937762,-0.00080880494,0.0025190904,-0.0001937762,0.0003875524,0.0015165093,-0.0007751048,0.0003875524,-0.002906643,-0.0021231133,0.0017439857,-0.00096888095,-0.0019377619,0.0009099056,-0.0019377619,0.0,0.0,0.0,0.0,0.0,0.0,0.0,0.0,0.0,0.0,0.0,0.0,0.0,0.0,0.0,0.0,0.2868612,-0.49174348,-0.6711515,0.04567882,-0.13914095,-0.3501474,-0.4523183,-0.39592594,-0.019135688,0.12754846,0.22141069,-1.4063241,0.08364007,0.037042193,0.35920885,-1.9483008
1788699159.067558,64,1,0.0010652643,-0.008522115,0.0053263213,0.010777326,-0.0067751873,-0.999919,0.0,0.0,0.0,0.03416049,-0.029638052,-0.096368074,-0.017719746,-0.028093755,-0.09123385,0.032893956,-0.030830204,-0.11892605,-0.040644974,-0.028741002,-0.1231122,0.0023253143,0.005038181,0.0013143081,0.0015502096,-0.00096888095,0.0,0.0011121068,0.0003875524,0.0005813286,0.0034879714,-0.00040440247,0.0023253143,0.0003875524,0.0,0.0011121068,0.0005813286,0.0,0.0,0.0,0.0,0.0,0.0,0.0,0.0,0.0,0.0,0.0,0.0,0.0,0.0,0.0,0.0,0.0074568503,-0.0042610574,-0.019174758,0.010804299,-0.006820358,-0.9999185,0.0,0.0,0.0,0.03416049,-0.02969861,-0.096399784,-0.017750025,-0.028093755,-0.09123385,0.032863677,-0.030860484,-0.11891031,-0.040614694,-0.028741002,-0.12312794,0.0042630765,0.00096888095,-0.0011121068,-0.0017439857,-0.00096888095,-0.0042630765,0.0018198112,-0.0036817477,-0.0027128668,0.0019377619,0.00050550315,-0.0001937762,0.0015502096,-0.0013564334,-0.00050550315,0.00096888095,0.0,0.0,0.0,0.0,0.0,0.0,0.0,0.0,0.0,0.0,0.0,0.0,0.0,0.0,0.0,0.0,-0.0042610574,0.003195793,-0.0053263213,0.010757827,-0.006764961,-0.9999193,0.0,0.0,0.0,0.034130216,-0.02972889,-0.096399784,-0.017719746,-0.028033197,-0.091217995,0.032924235,-0.030921042,-0.1189419,-0.040523857,-0.028650165,-0.1231122,0.0019377619,0.00096888095,-0.00040440247,0.0036817477,0.002906643,-0.0007751048,-0.00050550315,-0.0021315382,-0.0003875524,-0.0013564334,-0.0013143081,0.0032941953,0.0056195096,-0.0031004192,0.0014154087,-0.0019377619,0.0,0.0,0.0,0.0,0.0,0.0,0.0,0.0,0.0,0.0,0.0,0.0,0.0,0.0,0.0,0.0,-0.0021305287,0.006391586,0.012783172,0.01070919,-0.006766891,-0.9999197,0.0,0.0,0.0,0.034130216,-0.02969861,-0.096399784,-0.017719746,-0.028033197,-0.091217995,0.032924235,-0.030921042,-0.11892605,-0.040584415,-0.028619885,-0.1231122,0.0025190904,0.0032941953,-0.00010110062,0.0023253143,0.002906643,0.0,0.0011121068,-0.0031004192,0.0,0.0001937762,0.0,0.0001937762,0.0,0.0,0.0010110063,0.0015502096,0.0,0.0,0.0,0.0,0.0,0.0,0.0,0.0,0.0,0.0,0.0,0.0,0.0,0.0,0.0,0.0,0.0010652643,0.0010652643,0.019174758,0.010737902,-0.0067888466,-0.99991935,0.0,0.0,0.0,0.03416049,-0.02969861,-0.096399784,-0.017689466,-0.028093755,-0.091217995,0.032893956,-0.030860484,-0.11892605,-0.040675253,-0.028710723,-0.1231122,0.0019377619,0.0005813286,-0.0013143081,0.002906643,0.0034879714,-0.0015502096,0.0011121068,-0.0025190904,-0.0005813286,0.0019377619,-0.0009099056,0.0017439857,-0.0046506287,-0.0013564334,0.0015165093,0.0,0.0,0.0,0.0,0.0,0.0,0.0,0.0,0.0,0.0,0.0,0.0,0.0,0.0,0.0,0.0,0.0,0.29052225,-0.49913913,-0.6499987,0.040608753,-0.13214573,-0.37943488,-0.47286105,-0.39246482,-0.03322211,0.1595133,0.19655624,-1.3931862,0.07380665,0.0041073635,0.3733566,-1.9451039
1788699159.0884526,65,1,-0.013848436,0.006391586,0.012783172,0.010750535,-0.0067419037,-0.9999196,0.0,0.0,0.0,0.034130216,-0.029668331,-0.09641552,-0.017719746,-0.028033197,-0.091249585,0.032893956,-0.030890763,-0.1189419,-0.040614694,-0.028680444,-0.12312794,0.00096888095,0.0056195096,-0.0021231133,0.0021315382,0.0019377619,0.0017439857,-0.0010110063,0.0003875524,-0.0011626572,0.0011626572,-0.0019209118,0.0019377619,0.00096888095,0.0011626572,0.0,-0.0044568526,0.0,0.0,0.0,0.0,0.0,0.0,0.0,0.0,0.0,0.0,0.0,0.0,0.0,0.0,0.0,0.0,0.0010652643,-0.008522115,0.0053263213,0.010777326,-0.0067751873,-0.999919,0.0,0.0,0.0,0.03416049,-0.029638052,-0.096368074,-0.017719746,-0.028093755,-0.09123385,0.032893956,-0.030830204,-0.11892605,-0.040644974,-0.028741002,-0.1231122,0.0023253143,0.005038181,0.0013143081,0.0015502096,-0.00096888095,0.0,0.0011121068,0.0003875524,0.0005813286,0.0034879714,-0.00040440247,0.0023253143,0.0003875524,0.0,0.0011121068,0.0005813286,0.0,0.0,0.0,0.0,0.0,0.0,0.0,0.0,0.0,0.0,0.0,0.0,0.0,0.0,0.0,0.0,0.0074568503,-0.0042610574,-0.019174758,0.010804299,-0.006820358,-0.9999185,0.0,0.0,0.0,0.03416049,-0.02969861,-0.096399784,-0.017750025,-0.028093755,-0.09123385,0.032863677,-0.030860484,-0.11891031,-0.040614694,-0.028741002,-0.12312794,0.0042630765,0.00096888095,-0.0011121068,-0.0017439857,-0.00096888095,-0.0042630765,0.0018198112,-0.0036817477,-0.0027128668,0.0019377619,0.00050550315,-0.0001937762,0.0015502096,-0.0013564334,-0.00050550315,0.00096888095,0.0,0.0,0.0,0.0,0.0,0.0,0.0,0.0,0.0,0.0,0.0,0.0,0.0,0.0,0.0,0.0,-0.0042610574,0.003195793,-0.0053263213,0.010757827,-0.006764961,-0.9999193,0.0,0.0,0.0,0.034130216,-0.02972889,-0.096399784,-0.017719746,-0.028033197,-0.091217995,0.032924235,-0.030921042,-0.1189419,-0.040523857,-0.028650165,-0.1231122,0.0019377619,0.00096888095,-0.00040440247,0.0036817477,0.002906643,-0.0007751048,-0.00050550315,-0.0021315382,-0.0003875524,-0.0013564334,-0.0013143081,0.0032941953,0.0056195096,-0.0031004192,0.0014154087,-0.0019377619,0.0,0.0,0.0,0.0,0.0,0.0,0.0,0.0,0.0,0.0,0.0,0.0,0.0,0.0,0.0,0.0,-0.0021305287,0.006391586,0.012783172,0.01070919,-0.006766891,-0.9999197,0.0,0.0,0.0,0.034130216,-0.02969861,-0.096399784,-0.017719746,-0.028033197,-0.091217995,0.032924235,-0.030921042,-0.11892605,-0.040584415,-0.028619885,-0.1231122,0.0025190904,0.0032941953,-0.00010110062,0.0023253143,0.002906643,0.0,0.0011121068,-0.0031004192,0.0,0.0001937762,0.0,0.0001937762,0.0,0.0,0.0010110063,0.0015502096,0.0,0.0,0.0,0.0,0.0,0.0,0.0,0.0,0.0,0.0,0.0,0.0,0.0,0.0,0.0,0.0,0.2926767,-0.50224763,-0.62560433,0.02414665,-0.12896104,-0.3903509,-0.4808306,-0.396589,-0.038604356,0.17242123,0.18678287,-1.3963455,0.06617671,-0.0072461814,0.35187456,-1.9479482
1788699159.1073024,66,1,-0.0042610574,0.0053263213,0.006391586,0.010737238,-0.006695643,-0.9999199,0.0,0.0,0.0,0.034099936,-0.02972889,-0.09638393,-0.017780304,-0.028033197,-0.09123385,0.032893956,-0.030890763,-0.11891031,-0.040584415,-0.028650165,-0.1231122,-0.0003875524,0.0017439857,0.00030330187,0.0025190904,-0.0031004192,-0.0013564334,-0.00060660375,-0.002906643,-0.0032941953,0.0017439857,0.0013143081,0.002906643,0.0001937762,-0.0019377619,0.0015165093,-0.0025190904,0.0,0.0,0.0,0.0,0.0,0.0,0.0,0.0,0.0,0.0,0.0,0.0,0.0,0.0,0.0,0.0,-0.013848436,0.006391586,0.012783172,0.010750535,-0.0067419037,-0.9999196,0.0,0.0,0.0,0.034130216,-0.029668331,-0.09641552,-0.017719746,-0.028033197,-0.091249585,0.032893956,-0.030890763,-0.1189419,-0.040614694,-0.028680444,-0.12312794,0.00096888095,0.0056195096,-0.0021231133,0.0021315382,0.0019377619,0.0017439857,-0.0010110063,0.0003875524,-0.0011626572,0.0011626572,-0.0019209118,0.0019377619,0.00096888095,0.0011626572,0.0,-0.0044568526,0.0,0.0,0.0,0.0,0.0,0.0,0.0,0.0,0.0,0.0,0.0,0.0,0.0,0.0,0.0,0.0,0.0010652643,-0.008522115,0.0053263213,0.010777326,-0.0067751873,-0.999919,0.0,0.0,0.0,0.03416049,-0.029638052,-0.096368074,-0.017719746,-0.028093755,-0.09123385,0.032893956,-0.030830204,-0.11892605,-0.040644974,-0.028741002,-0.1231122,0.0023253143,0.005038181,0.0013143081,0.0015502096,-0.00096888095,0.0,0.0011121068,0.0003875524,0.0005813286,0.0034879714,-0.00040440247,0.0023253143,0.0003875524,0.0,0.0011121068,0.0005813286,0.0,0.0,0.0,0.0,0.0,0.0,0.0,0.0,0.0,0.0,0.0,0.0,0.0,0.0,0.0,0.0,0.0074568503,-0.0042610574,-0.019174758,0.010804299,-0.006820358,-0.9999185,0.0,0.0,0.0,0.03416049,-0.02969861,-0.096399784,-0.017750025,-0.028093755,-0.09123385,0.032863677,-0.030860484,-0.11891031,-0.040614694,-0.028741002,-0.12312794,0.0042630765,0.00096888095,-0.0011121068,-0.0017439857,-0.00096888095,-0.0042630765,0.0018198112,-0.0036817477,-0.0027128668,0.0019377619,0.00050550315,-0.0001937762,0.0015502096,-0.0013564334,-0.00050550315,0.00096888095,0.0,0.0,0.0,0.0,0.0,0.0,0.0,0.0,0.0,0.0,0.0,0.0,0.0,0.0,0.0,0.0,-0.0042610574,0.003195793,-0.0053263213,0.010757827,-0.006764961,-0.9999193,0.0,0.0,0.0,0.034130216,-0.02972889,-0.096399784,-0.017719746,-0.028033197,-0.091217995,0.032924235,-0.030921042,-0.1189419,-0.040523857,-0.028650165,-0.1231122,0.0019377619,0.00096888095,-0.00040440247,0.0036817477,0.002906643,-0.0007751048,-0.00050550315,-0.0021315382,-0.0003875524,-0.0013564334,-0.0013143081,0.0032941953,0.0056195096,-0.0031004192,0.0014154087,-0.0019377619,0.0,0.0,0.0,0.0,0.0,0.0,0.0,0.0,0.0,0.0,0.0,0.0,0.0,0.0,0.0,0.0,0.2906642,-0.5010315,-0.6282725,0.012612481,-0.12907028,-0.380024,-0.48414642,-0.3997288,-0.038270436,0.15511407,0.20199126,-1.4084224,0.06339468,-0.0021375343,0.33864918,-1.9534652
1788699159.127269,67,1,0.0053263213,0.0021305287,-0.019174758,0.010687943,-0.0066774734,-0.99992055,0.0,0.0,0.0,0.03416049,-0.02972889,-0.096399784,-0.017750025,-0.028033197,-0.091249585,0.032924235,-0.030890763,-0.11891031,-0.040614694,-0.028650165,-0.12312794,0.0019377619,-0.0001937762,-0.00080880494,-0.0007751048,-0.00096888095,0.0007751048,-0.00030330187,0.0019377619,0.0,0.0017439857,0.00080880494,-0.0017439857,0.0,0.0005813286,-0.00040440247,0.0025190904,0.0,0.0,0.0,0.0,0.0,0.0,0.0,0.0,0.0,0.0,0.0,0.0,0.0,0.0,0.0,0.0,-0.0042610574,0.0053263213,0.006391586,0.010737238,-0.006695643,-0.9999199,0.0,0.0,0.0,0.034099936,-0.02972889,-0.09638393,-0.017780304,-0.028033197,-0.09123385,0.032893956,-0.030890763,-0.11891031,-0.040584415,-0.028650165,-0.1231122,-0.0003875524,0.0017439857,0.00030330187,0.0025190904,-0.0031004192,-0.0013564334,-0.00060660375,-0.002906643,-0.0032941953,0.0017439857,0.0013143081,0.002906643,0.0001937762,-0.0019377619,0.0015165093,-0.0025190904,0.0,0.0,0.0,0.0,0.0,0.0,0.0,0.0,0.0,0.0,0.0,0.0,0.0,0.0,0.0,0.0,-0.013848436,0.006391586,0.012783172,0.010750535,-0.0067419037,-0.9999196,0.0,0.0,0.0,0.034130216,-0.029668331,-0.09641552,-0.017719746,-0.028033197,-0.091249585,0.032893956,-0.030890763,-0.1189419,-0.040614694,-0.028680444,-0.12312794,0.00096888095,0.0056195096,-0.0021231133,0.0021315382,0.0019377619,0.0017439857,-0.0010110063,0.0003875524,-0.0011626572,0.0011626572,-0.0019209118,0.0019377619,0.00096888095,0.0011626572,0.0,-0.0044568526,0.0,0.0,0.0,0.0,0.0,0.0,0.0,0.0,0.0,0.0,0.0,0.0,0.0,0.0,0.0,0.0,0.0010652643,-0.008522115,0.0053263213,0.010777326,-0.0067751873,-0.999919,0.0,0.0,0.0,0.03416049,-0.029638052,-0.096368074,-0.017719746,-0.028093755,-0.09123385,0.032893956,-0.030830204,-0.11892605,-0.040644974,-0.028741002,-0.1231122,0.0023253143,0.005038181,0.0013143081,0.0015502096,-0.00096888095,0.0,0.0011121068,0.0003875524,0.0005813286,0.0034879714,-0.00040440247,0.0023253143,0.0003875524,0.0,0.0011121068,0.0005813286,0.0,0.0,0.0,0.0,0.0,0.0,0.0,0.0,0.0,0.0,0.0,0.0,0.0,0.0,0.0,0.0,0.0074568503,-0.0042610574,-0.019174758,0.010804299,-0.006820358,-0.9999185,0.0,0.0,0.0,0.03416049,-0.02969861,-0.096399784,-0.017750025,-0.028093755,-0.09123385,0.032863677,-0.030860484,-0.11891031,-0.040614694,-0.028741002,-0.12312794,0.0042630765,0.00096888095,-0.0011121068,-0.0017439857,-0.00096888095,-0.0042630765,0.0018198112,-0.0036817477,-0.0027128668,0.0019377619,0.00050550315,-0.0001937762,0.0015502096,-0.0013564334,-0.00050550315,0.00096888095,0.0,0.0,0.0,0.0,0.0,0.0,0.0,0.0,0.0,0.0,0.0,0.0,0.0,0.0,0.0,0.0,0.28051248,-0.5006024,-0.6620941,0.03248932,-0.13951698,-0.3607042,-0.45214346,-0.39488977,-0.022303607,0.115687616,0.21793838,-1.4126769,0.077871114,0.040170267,0.3380742,-1.9404372
1788699159.1473632,68,1,0.0021305287,-0.008522115,-0.0042610574,0.0107068755,-0.0067263315,-0.9999201,0.0,0.0,0.0,0.03416049,-0.02969861,-0.096399784,-0.017719746,-0.028093755,-0.09123385,0.032863677,-0.030860484,-0.11891031,-0.040675253,-0.028741002,-0.1231122,0.0,0.0019377619,-0.0010110063,0.0015502096,0.0,-0.0007751048,0.0015165093,0.0003875524,-0.0031004192,0.0019377619,0.00010110062,0.0015502096,-0.0036817477,-0.0019377619,0.0011121068,-0.0019377619,0.0,0.0,0.0,0.0,0.0,0.0,0.0,0.0,0.0,0.0,0.0,0.0,0.0,0.0,0.0,0.0,0.0053263213,0.0021305287,-0.019174758,0.010687943,-0.0066774734,-0.99992055,0.0,0.0,0.0,0.03416049,-0.02972889,-0.096399784,-0.017750025,-0.028033197,-0.091249585,0.032924235,-0.030890763,-0.11891031,-0.040614694,-0.028650165,-0.12312794,0.0019377619,-0.0001937762,-0.00080880494,-0.0007751048,-0.00096888095,0.0007751048,-0.00030330187,0.0019377619,0.0,0.0017439857,0.00080880494,-0.0017439857,0.0,0.0005813286,-0.00040440247,0.0025190904,0.0,0.0,0.0,0.0,0.0,0.0,0.0,0.0,0.0,0.0,0.0,0.0,0.0,0.0,0.0,0.0,-0.0042610574,0.0053263213,0.006391586,0.010737238,-0.006695643,-0.9999199,0.0,0.0,0.0,0.034099936,-0.02972889,-0.09638393,-0.017780304,-0.028033197,-0.09123385,0.032893956,-0.030890763,-0.11891031,-0.040584415,-0.028650165,-0.1231122,-0.0003875524,0.0017439857,0.00030330187,0.0025190904,-0.0031004192,-0.0013564334,-0.00060660375,-0.002906643,-0.0032941953,0.0017439857,0.0013143081,0.002906643,0.0001937762,-0.0019377619,0.0015165093,-0.0025190904,0.0,0.0,0.0,0.0,0.0,0.0,0.0,0.0,0.0,0.0,0.0,0.0,0.0,0.0,0.0,0.0,-0.013848436,0.006391586,0.012783172,0.010750535,-0.0067419037,-0.9999196,0.0,0.0,0.0,0.034130216,-0.029668331,-0.09641552,-0.017719746,-0.028033197,-0.091249585,0.032893956,-0.030890763,-0.1189419,-0.040614694,-0.028680444,-0.12312794,0.00096888095,0.0056195096,-0.0021231133,0.0021315382,0.0019377619,0.0017439857,-0.0010110063,0.0003875524,-0.0011626572,0.0011626572,-0.0019209118,0.0019377619,0.00096888095,0.0011626572,0.0,-0.0044568526,0.0,0.0,0.0,0.0,0.0,0.0,0.0,0.0,0.0,0.0,0.0,0.0,0.0,0.0,0.0,0.0,0.0010652643,-0.008522115,0.0053263213,0.010777326,-0.0067751873,-0.999919,0.0,0.0,0.0,0.03416049,-0.029638052,-0.096368074,-0.017719746,-0.028093755,-0.09123385,0.032893956,-0.030830204,-0.11892605,-0.040644974,-0.028741002,-0.1231122,0.0023253143,0.005038181,0.0013143081,0.0015502096,-0.00096888095,0.0,0.0011121068,0.0003875524,0.0005813286,0.0034879714,-0.00040440247,0.0023253143,0.0003875524,0.0,0.0011121068,0.0005813286,0.0,0.0,0.0,0.0,0.0,0.0,0.0,0.0,0.0,0.0,0.0,0.0,0.0,0.0,0.0,0.0,0.29077694,-0.49877256,-0.6422714,0.018635236,-0.13073666,-0.36531636,-0.47376662,-0.4008277,-0.038378328,0.13735034,0.22169273,-1.4004284,0.07005705,0.0096585825,0.3400321,-1.9480189
1788699159.1675026,69,1,0.009587379,-0.003195793,0.01704423,0.010659223,-0.006692805,-0.99992085,0.0,0.0,0.0,0.034130216,-0.02972889,-0.09638393,-0.017689466,-0.028093755,-0.091249585,0.032893956,-0.030890763,-0.11891031,-0.040675253,-0.028741002,-0.12309635,0.0,0.0003875524,0.00040440247,0.0005813286,0.0031004192,0.0017439857,-0.00050550315,0.0019377619,-0.0005813286,0.0,0.00070770434,0.0021315382,-0.0034879714,-0.0040693,0.0010110063,0.0007751048,0.0,0.0,0.0,0.0,0.0,0.0,0.0,0.0,0.0,0.0,0.0,0.0,0.0,0.0,0.0,0.0,0.0021305287,-0.008522115,-0.0042610574,0.0107068755,-0.0067263315,-0.9999201,0.0,0.0,0.0,0.03416049,-0.02969861,-0.096399784,-0.017719746,-0.028093755,-0.09123385,0.032863677,-0.030860484,-0.11891031,-0.040675253,-0.028741002,-0.1231122,0.0,0.0019377619,-0.0010110063,0.0015502096,0.0,-0.0007751048,0.0015165093,0.0003875524,-0.0031004192,0.0019377619,0.00010110062,0.0015502096,-0.0036817477,-0.0019377619,0.0011121068,-0.0019377619,0.0,0.0,0.0,0.0,0.0,0.0,0.0,0.0,0.0,0.0,0.0,0.0,0.0,0.0,0.0,0.0,0.0053263213,0.0021305287,-0.019174758,0.010687943,-0.0066774734,-0.99992055,0.0,0.0,0.0,0.03416049,-0.02972889,-0.096399784,-0.017750025,-0.028033197,-0.091249585,0.032924235,-0.030890763,-0.11891031,-0.040614694,-0.028650165,-0.12312794,0.0019377619,-0.0001937762,-0.00080880494,-0.0007751048,-0.00096888095,0.0007751048,-0.00030330187,0.0019377619,0.0,0.0017439857,0.00080880494,-0.0017439857,0.0,0.0005813286,-0.00040440247,0.0025190904,0.0,0.0,0.0,0.0,0.0,0.0,0.0,0.0,0.0,0.0,0.0,0.0,0.0,0.0,0.0,0.0,-0.0042610574,0.0053263213,0.006391586,0.010737238,-0.006695643,-0.9999199,0.0,0.0,0.0,0.034099936,-0.02972889,-0.09638393,-0.017780304,-0.028033197,-0.09123385,0.032893956,-0.030890763,-0.11891031,-0.040584415,-0.028650165,-0.1231122,-0.0003875524,0.0017439857,0.00030330187,0.0025190904,-0.0031004192,-0.0013564334,-0.00060660375,-0.002906643,-0.0032941953,0.0017439857,0.0013143081,0.002906643,0.0001937762,-0.0019377619,0.0015165093,-0.0025190904,0.0,0.0,0.0,0.0,0.0,0.0,0.0,0.0,0.0,0.0,0.0,0.0,0.0,0.0,0.0,0.0,-0.013848436,0.006391586,0.012783172,0.010750535,-0.0067419037,-0.9999196,0.0,0.0,0.0,0.034130216,-0.029668331,-0.09641552,-0.017719746,-0.028033197,-0.091249585,0.032893956,-0.030890763,-0.1189419,-0.040614694,-0.028680444,-0.12312794,0.00096888095,0.0056195096,-0.0021231133,0.0021315382,0.0019377619,0.0017439857,-0.0010110063,0.0003875524,-0.0011626572,0.0011626572,-0.0019209118,0.0019377619,0.00096888095,0.0011626572,0.0,-0.0044568526,0.0,0.0,0.0,0.0,0.0,0.0,0.0,0.0,0.0,0.0,0.0,0.0,0.0,0.0,0.0,0.0,0.30045417,-0.4879254,-0.63057595,0.0193857,-0.124889426,-0.387278,-0.49471137,-0.39735746,-0.051325552,0.18325613,0.20762959,-1.3914798,0.05661485,-0.01246427,0.36228943,-1.9461337
1788699159.1884305,70,1,0.003195793,-0.008522115,0.003195793,0.0106043825,-0.0067172893,-0.99992126,0.0,0.0,0.0,0.034099936,-0.02972889,-0.096399784,-0.017719746,-0.028033197,-0.09123385,0.032924235,-0.030890763,-0.1189419,-0.040644974,-0.028650165,-0.12312794,0.0,0.0032941953,-0.00040440247,-0.0007751048,0.0015502096,0.0003875524,0.0015165093,-0.0031004192,-0.0007751048,0.0023253143,-0.0016176099,0.0007751048,-0.0040693,-0.0011626572,-0.00040440247,-0.0011626572,0.0,0.0,0.0,0.0,0.0,0.0,0.0,0.0,0.0,0.0,0.0,0.0,0.0,0.0,0.0,0.0,0.009587379,-0.003195793,0.01704423,0.010659223,-0.006692805,-0.99992085,0.0,0.0,0.0,0.034130216,-0.02972889,-0.09638393,-0.017689466,-0.028093755,-0.091249585,0.032893956,-0.030890763,-0.11891031,-0.040675253,-0.028741002,-0.12309635,0.0,0.0003875524,0.00040440247,0.0005813286,0.0031004192,0.0017439857,-0.00050550315,0.0019377619,-0.0005813286,0.0,0.00070770434,0.0021315382,-0.0034879714,-0.0040693,0.0010110063,0.0007751048,0.0,0.0,0.0,0.0,0.0,0.0,0.0,0.0,0.0,0.0,0.0,0.0,0.0,0.0,0.0,0.0,0.0021305287,-0.008522115,-0.0042610574,0.0107068755,-0.0067263315,-0.9999201,0.0,0.0,0.0,0.03416049,-0.02969861,-0.096399784,-0.017719746,-0.028093755,-0.09123385,0.032863677,-0.030860484,-0.11891031,-0.040675253,-0.028741002,-0.1231122,0.0,0.0019377619,-0.0010110063,0.0015502096,0.0,-0.0007751048,0.0015165093,0.0003875524,-0.0031004192,0.0019377619,0.00010110062,0.0015502096,-0.0036817477,-0.0019377619,0.0011121068,-0.0019377619,0.0,0.0,0.0,0.0,0.0,0.0,0.0,0.0,0.0,0.0,0.0,0.0,0.0,0.0,0.0,0.0,0.0053263213,0.0021305287,-0.019174758,0.010687943,-0.0066774734,-0.99992055,0.0,0.0,0.0,0.03416049,-0.02972889,-0.096399784,-0.017750025,-0.028033197,-0.091249585,0.032924235,-0.030890763,-0.11891031,-0.040614694,-0.028650165,-0.12312794,0.0019377619,-0.0001937762,-0.00080880494,-0.0007751048,-0.00096888095,0.0007751048,-0.00030330187,0.0019377619,0.0,0.0017439857,0.00080880494,-0.0017439857,0.0,0.0005813286,-0.00040440247,0.0025190904,0.0,0.0,0.0,0.0,0.0,0.0,0.0,0.0,0.0,0.0,0.0,0.0,0.0,0.0,0.0,0.0,-0.0042610574,0.0053263213,0.006391586,0.010737238,-0.006695643,-0.9999199,0.0,0.0,0.0,0.034099936,-0.02972889,-0.09638393,-0.017780304,-0.028033197,-0.09123385,0.032893956,-0.030890763,-0.11891031,-0.040584415,-0.028650165,-0.1231122,-0.0003875524,0.0017439857,0.00030330187,0.0025190904,-0.0031004192,-0.0013564334,-0.00060660375,-0.002906643,-0.0032941953,0.0017439857,0.0013143081,0.002906643,0.0001937762,-0.0019377619,0.0015165093,-0.0025190904,0.0,0.0,0.0,0.0,0.0,0.0,0.0,0.0,0.0,0.0,0.0,0.0,0.0,0.0,0.0,0.0,0.29593465,-0.5004386,-0.6350411,0.017068572,-0.1298286,-0.37994725,-0.4871879,-0.402837,-0.046464376,0.16065268,0.21232858,-1.3941672,0.06620639,-0.0075814724,0.35369492,-1.9473187
1788699159.2075684,71,1,-0.008522115,0.0074568503,-0.0053263213,0.010626707,-0.0067190444,-0.99992096,0.0,0.0,0.0,0.034099936,-0.02969861,-0.096399784,-0.017750025,-0.028063476,-0.091217995,0.032954514,-0.030921042,-0.11892605,-0.040614694,-0.028650165,-0.12312794,-0.0007751048,0.0038755238,-0.00050550315,0.0027128668,-0.0007751048,-0.0031004192,0.0015165093,-0.0023253143,0.00096888095,0.0003875524,-0.00030330187,0.0001937762,-0.0025190904,-0.0031004192,-0.00010110062,0.00096888095,0.0,0.0,0.0,0.0,0.0,0.0,0.0,0.0,0.0,0.0,0.0,0.0,0.0,0.0,0.0,0.0,0.003195793,-0.008522115,0.003195793,0.0106043825,-0.0067172893,-0.99992126,0.0,0.0,0.0,0.034099936,-0.02972889,-0.096399784,-0.017719746,-0.028033197,-0.09123385,0.032924235,-0.030890763,-0.1189419,-0.040644974,-0.028650165,-0.12312794,0.0,0.0032941953,-0.00040440247,-0.0007751048,0.0015502096,0.0003875524,0.0015165093,-0.0031004192,-0.0007751048,0.0023253143,-0.0016176099,0.0007751048,-0.0040693,-0.0011626572,-0.00040440247,-0.0011626572,0.0,0.0,0.0,0.0,0.0,0.0,0.0,0.0,0.0,0.0,0.0,0.0,0.0,0.0,0.0,0.0,0.009587379,-0.003195793,0.01704423,0.010659223,-0.006692805,-0.99992085,0.0,0.0,0.0,0.034130216,-0.02972889,-0.09638393,-0.017689466,-0.028093755,-0.091249585,0.032893956,-0.030890763,-0.11891031,-0.040675253,-0.028741002,-0.12309635,0.0,0.0003875524,0.00040440247,0.0005813286,0.0031004192,0.0017439857,-0.00050550315,0.0019377619,-0.0005813286,0.0,0.00070770434,0.0021315382,-0.0034879714,-0.0040693,0.0010110063,0.0007751048,0.0,0.0,0.0,0.0,0.0,0.0,0.0,0.0,0.0,0.0,0.0,0.0,0.0,0.0,0.0,0.0,0.0021305287,-0.008522115,-0.0042610574,0.0107068755,-0.0067263315,-0.9999201,0.0,0.0,0.0,0.03416049,-0.02969861,-0.096399784,-0.017719746,-0.028093755,-0.09123385,0.032863677,-0.030860484,-0.11891031,-0.040675253,-0.028741002,-0.1231122,0.0,0.0019377619,-0.0010110063,0.0015502096,0.0,-0.0007751048,0.0015165093,0.0003875524,-0.0031004192,0.0019377619,0.00010110062,0.0015502096,-0.0036817477,-0.0019377619,0.0011121068,-0.0019377619,0.0,0.0,0.0,0.0,0.0,0.0,0.0,0.0,0.0,0.0,0.0,0.0,0.0,0.0,0.0,0.0,0.0053263213,0.0021305287,-0.019174758,0.010687943,-0.0066774734,-0.99992055,0.0,0.0,0.0,0.03416049,-0.02972889,-0.096399784,-0.017750025,-0.028033197,-0.091249585,0.032924235,-0.030890763,-0.11891031,-0.040614694,-0.028650165,-0.12312794,0.0019377619,-0.0001937762,-0.00080880494,-0.0007751048,-0.00096888095,0.0007751048,-0.00030330187,0.0019377619,0.0,0.0017439857,0.00080880494,-0.0017439857,0.0,0.0005813286,-0.00040440247,0.0025190904,0.0,0.0,0.0,0.0,0.0,0.0,0.0,0.0,0.0,0.0,0.0,0.0,0.0,0.0,0.0,0.0,0.29103488,-0.5015748,-0.6450928,0.027596977,-0.13491899,-0.3641042,-0.47555307,-0.40105104,-0.038421825,0.14675105,0.2193177,-1.4014066,0.07299445,0.014198359,0.3454441,-1.9447565
1788699159.228778,72,1,-0.008522115,-0.0010652643,-0.015978964,0.010626432,-0.0067734267,-0.9999206,0.0,0.0,0.0,0.03416049,-0.02972889,-0.096399784,-0.017719746,-0.028093755,-0.091217995,0.032893956,-0.030890763,-0.11892605,-0.040675253,-0.028680444,-0.12312794,0.0013564334,-0.0007751048,-0.00040440247,-0.00096888095,0.0015502096,-0.0021315382,-0.00010110062,-0.0019377619,-0.0017439857,0.0007751048,-0.00050550315,0.0052319574,-0.0036817477,0.0001937762,-0.00010110062,0.00096888095,0.0,0.0,0.0,0.0,0.0,0.0,0.0,0.0,0.0,0.0,0.0,0.0,0.0,0.0,0.0,0.0,-0.008522115,0.0074568503,-0.0053263213,0.010626707,-0.0067190444,-0.99992096,0.0,0.0,0.0,0.034099936,-0.02969861,-0.096399784,-0.017750025,-0.028063476,-0.091217995,0.032954514,-0.030921042,-0.11892605,-0.040614694,-0.028650165,-0.12312794,-0.0007751048,0.0038755238,-0.00050550315,0.0027128668,-0.0007751048,-0.0031004192,0.0015165093,-0.0023253143,0.00096888095,0.0003875524,-0.00030330187,0.0001937762,-0.0025190904,-0.0031004192,-0.00010110062,0.00096888095,0.0,0.0,0.0,0.0,0.0,0.0,0.0,0.0,0.0,0.0,0.0,0.0,0.0,0.0,0.0,0.0,0.003195793,-0.008522115,0.003195793,0.0106043825,-0.0067172893,-0.99992126,0.0,0.0,0.0,0.034099936,-0.02972889,-0.096399784,-0.017719746,-0.028033197,-0.09123385,0.032924235,-0.030890763,-0.1189419,-0.040644974,-0.028650165,-0.12312794,0.0,0.0032941953,-0.00040440247,-0.0007751048,0.0015502096,0.0003875524,0.0015165093,-0.0031004192,-0.0007751048,0.0023253143,-0.0016176099,0.0007751048,-0.0040693,-0.0011626572,-0.00040440247,-0.0011626572,0.0,0.0,0.0,0.0,0.0,0.0,0.0,0.0,0.0,0.0,0.0,0.0,0.0,0.0,0.0,0.0,0.009587379,-0.003195793,0.01704423,0.010659223,-0.006692805,-0.99992085,0.0,0.0,0.0,0.034130216,-0.02972889,-0.09638393,-0.017689466,-0.028093755,-0.091249585,0.032893956,-0.030890763,-0.11891031,-0.040675253,-0.028741002,-0.12309635,0.0,0.0003875524,0.00040440247,0.0005813286,0.0031004192,0.0017439857,-0.00050550315,0.0019377619,-0.0005813286,0.0,0.00070770434,0.0021315382,-0.0034879714,-0.0040693,0.0010110063,0.0007751048,0.0,0.0,0.0,0.0,0.0,0.0,0.0,0.0,0.0,0.0,0.0,0.0,0.0,0.0,0.0,0.0,0.0021305287,-0.008522115,-0.0042610574,0.0107068755,-0.0067263315,-0.9999201,0.0,0.0,0.0,0.03416049,-0.02969861,-0.096399784,-0.017719746,-0.028093755,-0.09123385,0.032863677,-0.030860484,-0.11891031,-0.040675253,-0.028741002,-0.1231122,0.0,0.0019377619,-0.0010110063,0.0015502096,0.0,-0.0007751048,0.0015165093,0.0003875524,-0.0031004192,0.0019377619,0.00010110062,0.0015502096,-0.0036817477,-0.0019377619,0.0011121068,-0.0019377619,0.0,0.0,0.0,0.0,0.0,0.0,0.0,0.0,0.0,0.0,0.0,0.0,0.0,0.0,0.0,0.0,0.29038724,-0.4984939,-0.6509778,0.029713806,-0.13611993,-0.35644874,-0.467827,-0.3924396,-0.035412114,0.13016209,0.23151073,-1.3997719,0.074435346,0.026260193,0.3375545,-1.9390326
1788699159.2488694,73,1,-0.006391586,-0.006391586,0.009587379,0.010581723,-0.006783359,-0.9999211,0.0,0.0,0.0,0.034130216,-0.02969861,-0.096399784,-0.017689466,-0.028093755,-0.091249585,0.032893956,-0.030890763,-0.1189419,-0.040644974,-0.028741002,-0.1231122,-0.0011626572,0.0007751048,-0.0010110063,0.0019377619,0.0027128668,-0.0015502096,-0.00040440247,-0.0031004192,-0.0005813286,-0.00096888095,-0.002426415,0.0011626572,-0.0013564334,-0.0023253143,0.0010110063,-0.0005813286,0.0,0.0,0.0,0.0,0.0,0.0,0.0,0.0,0.0,0.0,0.0,0.0,0.0,0.0,0.0,0.0,-0.008522115,-0.0010652643,-0.015978964,0.010626432,-0.0067734267,-0.9999206,0.0,0.0,0.0,0.03416049,-0.02972889,-0.096399784,-0.017719746,-0.028093755,-0.091217995,0.032893956,-0.030890763,-0.11892605,-0.040675253,-0.028680444,-0.12312794,0.0013564334,-0.0007751048,-0.00040440247,-0.00096888095,0.0015502096,-0.0021315382,-0.00010110062,-0.0019377619,-0.0017439857,0.0007751048,-0.00050550315,0.0052319574,-0.0036817477,0.0001937762,-0.00010110062,0.00096888095,0.0,0.0,0.0,0.0,0.0,0.0,0.0,0.0,0.0,0.0,0.0,0.0,0.0,0.0,0.0,0.0,-0.008522115,0.0074568503,-0.0053263213,0.010626707,-0.0067190444,-0.99992096,0.0,0.0,0.0,0.034099936,-0.02969861,-0.096399784,-0.017750025,-0.028063476,-0.091217995,0.032954514,-0.030921042,-0.11892605,-0.040614694,-0.028650165,-0.12312794,-0.0007751048,0.0038755238,-0.00050550315,0.0027128668,-0.0007751048,-0.0031004192,0.0015165093,-0.0023253143,0.00096888095,0.0003875524,-0.00030330187,0.0001937762,-0.0025190904,-0.0031004192,-0.00010110062,0.00096888095,0.0,0.0,0.0,0.0,0.0,0.0,0.0,0.0,0.0,0.0,0.0,0.0,0.0,0.0,0.0,0.0,0.003195793,-0.008522115,0.003195793,0.0106043825,-0.0067172893,-0.99992126,0.0,0.0,0.0,0.034099936,-0.02972889,-0.096399784,-0.017719746,-0.028033197,-0.09123385,0.032924235,-0.030890763,-0.1189419,-0.040644974,-0.028650165,-0.12312794,0.0,0.0032941953,-0.00040440247,-0.0007751048,0.0015502096,0.0003875524,0.0015165093,-0.0031004192,-0.0007751048,0.0023253143,-0.0016176099,0.0007751048,-0.0040693,-0.0011626572,-0.00040440247,-0.0011626572,0.0,0.0,0.0,0.0,0.0,0.0,0.0,0.0,0.0,0.0,0.0,0.0,0.0,0.0,0.0,0.0,0.009587379,-0.003195793,0.01704423,0.010659223,-0.006692805,-0.99992085,0.0,0.0,0.0,0.034130216,-0.02972889,-0.09638393,-0.017689466,-0.028093755,-0.091249585,0.032893956,-0.030890763,-0.11891031,-0.040675253,-0.028741002,-0.12309635,0.0,0.0003875524,0.00040440247,0.0005813286,0.0031004192,0.0017439857,-0.00050550315,0.0019377619,-0.0005813286,0.0,0.00070770434,0.0021315382,-0.0034879714,-0.0040693,0.0010110063,0.0007751048,0.0,0.0,0.0,0.0,0.0,0.0,0.0,0.0,0.0,0.0,0.0,0.0,0.0,0.0,0.0,0.0,0.3006529,-0.48347995,-0.6449725,0.027557518,-0.13090472,-0.3701057,-0.49316084,-0.39818683,-0.04807555,0.16858456,0.22317748,-1.4022986,0.06721619,0.0012721568,0.3620084,-1.9477862
1788699159.2693906,74,1,-0.012783172,-0.0010652643,0.02237055,0.010554328,-0.006725823,-0.9999217,0.0,0.0,0.0,0.03416049,-0.02972889,-0.09638393,-0.017719746,-0.028033197,-0.09126544,0.032893956,-0.030921042,-0.11892605,-0.040614694,-0.028741002,-0.12312794,0.0031004192,-0.00096888095,0.00070770434,-0.0001937762,0.0005813286,0.0013564334,-0.0013143081,0.0007751048,-0.0023253143,-0.0015502096,-0.00030330187,0.0001937762,0.00096888095,-0.0054257335,-0.00050550315,0.0001937762,0.0,0.0,0.0,0.0,0.0,0.0,0.0,0.0,0.0,0.0,0.0,0.0,0.0,0.0,0.0,0.0,-0.006391586,-0.006391586,0.009587379,0.010581723,-0.006783359,-0.9999211,0.0,0.0,0.0,0.034130216,-0.02969861,-0.096399784,-0.017689466,-0.028093755,-0.091249585,0.032893956,-0.030890763,-0.1189419,-0.040644974,-0.028741002,-0.1231122,-0.0011626572,0.0007751048,-0.0010110063,0.0019377619,0.0027128668,-0.0015502096,-0.00040440247,-0.0031004192,-0.0005813286,-0.00096888095,-0.002426415,0.0011626572,-0.0013564334,-0.0023253143,0.0010110063,-0.0005813286,0.0,0.0,0.0,0.0,0.0,0.0,0.0,0.0,0.0,0.0,0.0,0.0,0.0,0.0,0.0,0.0,-0.008522115,-0.0010652643,-0.015978964,0.010626432,-0.0067734267,-0.9999206,0.0,0.0,0.0,0.03416049,-0.02972889,-0.096399784,-0.017719746,-0.028093755,-0.091217995,0.032893956,-0.030890763,-0.11892605,-0.040675253,-0.028680444,-0.12312794,0.0013564334,-0.0007751048,-0.00040440247,-0.00096888095,0.0015502096,-0.0021315382,-0.00010110062,-0.0019377619,-0.0017439857,0.0007751048,-0.00050550315,0.0052319574,-0.0036817477,0.0001937762,-0.00010110062,0.00096888095,0.0,0.0,0.0,0.0,0.0,0.0,0.0,0.0,0.0,0.0,0.0,0.0,0.0,0.0,0.0,0.0,-0.008522115,0.0074568503,-0.0053263213,0.010626707,-0.0067190444,-0.99992096,0.0,0.0,0.0,0.034099936,-0.02969861,-0.096399784,-0.017750025,-0.028063476,-0.091217995,0.032954514,-0.030921042,-0.11892605,-0.040614694,-0.028650165,-0.12312794,-0.0007751048,0.0038755238,-0.00050550315,0.0027128668,-0.0007751048,-0.0031004192,0.0015165093,-0.0023253143,0.00096888095,0.0003875524,-0.00030330187,0.0001937762,-0.0025190904,-0.0031004192,-0.00010110062,0.00096888095,0.0,0.0,0.0,0.0,0.0,0.0,0.0,0.0,0.0,0.0,0.0,0.0,0.0,0.0,0.0,0.0,0.003195793,-0.008522115,0.003195793,0.0106043825,-0.0067172893,-0.99992126,0.0,0.0,0.0,0.034099936,-0.02972889,-0.096399784,-0.017719746,-0.028033197,-0.09123385,0.032924235,-0.030890763,-0.1189419,-0.040644974,-0.028650165,-0.12312794,0.0,0.0032941953,-0.00040440247,-0.0007751048,0.0015502096,0.0003875524,0.0015165093,-0.0031004192,-0.0007751048,0.0023253143,-0.0016176099,0.0007751048,-0.0040693,-0.0011626572,-0.00040440247,-0.0011626572,0.0,0.0,0.0,0.0,0.0,0.0,0.0,0.0,0.0,0.0,0.0,0.0,0.0,0.0,0.0,0.0,0.30478978,-0.47200465,-0.6320959,0.023326997,-0.12458671,-0.383003,-0.51257205,-0.39155906,-0.05366382,0.1950584,0.22471848,-1.4005642,0.05482518,-0.0074567385,0.3723349,-1.9435169
1788699159.2873235,75,1,-0.0074568503,0.0010652643,-0.010652643,0.010542385,-0.006671448,-0.99992204,0.0,0.0,0.0,0.034099936,-0.02972889,-0.096399784,-0.017750025,-0.028033197,-0.09123385,0.032924235,-0.030951321,-0.1189419,-0.040584415,-0.028619885,-0.12312794,-0.0005813286,0.0025190904,-0.00040440247,-0.00096888095,0.0001937762,-0.0019377619,-0.00060660375,0.0001937762,-0.0015502096,-0.00096888095,-0.0012132075,0.0031004192,0.0021315382,-0.0007751048,-0.00040440247,-0.0013564334,0.0,0.0,0.0,0.0,0.0,0.0,0.0,0.0,0.0,0.0,0.0,0.0,0.0,0.0,0.0,0.0,-0.012783172,-0.0010652643,0.02237055,0.010554328,-0.006725823,-0.9999217,0.0,0.0,0.0,0.03416049,-0.02972889,-0.09638393,-0.017719746,-0.028033197,-0.09126544,0.032893956,-0.030921042,-0.11892605,-0.040614694,-0.028741002,-0.12312794,0.0031004192,-0.00096888095,0.00070770434,-0.0001937762,0.0005813286,0.0013564334,-0.0013143081,0.0007751048,-0.0023253143,-0.0015502096,-0.00030330187,0.0001937762,0.00096888095,-0.0054257335,-0.00050550315,0.0001937762,0.0,0.0,0.0,0.0,0.0,0.0,0.0,0.0,0.0,0.0,0.0,0.0,0.0,0.0,0.0,0.0,-0.006391586,-0.006391586,0.009587379,0.010581723,-0.006783359,-0.9999211,0.0,0.0,0.0,0.034130216,-0.02969861,-0.096399784,-0.017689466,-0.028093755,-0.091249585,0.032893956,-0.030890763,-0.1189419,-0.040644974,-0.028741002,-0.1231122,-0.0011626572,0.0007751048,-0.0010110063,0.0019377619,0.0027128668,-0.0015502096,-0.00040440247,-0.0031004192,-0.0005813286,-0.00096888095,-0.002426415,0.0011626572,-0.0013564334,-0.0023253143,0.0010110063,-0.0005813286,0.0,0.0,0.0,0.0,0.0,0.0,0.0,0.0,0.0,0.0,0.0,0.0,0.0,0.0,0.0,0.0,-0.008522115,-0.0010652643,-0.015978964,0.010626432,-0.0067734267,-0.9999206,0.0,0.0,0.0,0.03416049,-0.02972889,-0.096399784,-0.017719746,-0.028093755,-0.091217995,0.032893956,-0.030890763,-0.11892605,-0.040675253,-0.028680444,-0.12312794,0.0013564334,-0.0007751048,-0.00040440247,-0.00096888095,0.0015502096,-0.0021315382,-0.00010110062,-0.0019377619,-0.0017439857,0.0007751048,-0.00050550315,0.0052319574,-0.0036817477,0.0001937762,-0.00010110062,0.00096888095,0.0,0.0,0.0,0.0,0.0,0.0,0.0,0.0,0.0,0.0,0.0,0.0,0.0,0.0,0.0,0.0,-0.008522115,0.0074568503,-0.0053263213,0.010626707,-0.0067190444,-0.99992096,0.0,0.0,0.0,0.034099936,-0.02969861,-0.096399784,-0.017750025,-0.028063476,-0.091217995,0.032954514,-0.030921042,-0.11892605,-0.040614694,-0.028650165,-0.12312794,-0.0007751048,0.0038755238,-0.00050550315,0.0027128668,-0.0007751048,-0.0031004192,0.0015165093,-0.0023253143,0.00096888095,0.0003875524,-0.00030330187,0.0001937762,-0.0025190904,-0.0031004192,-0.00010110062,0.00096888095,0.0,0.0,0.0,0.0,0.0,0.0,0.0,0.0,0.0,0.0,0.0,0.0,0.0,0.0,0.0,0.0,0.29186228,-0.492083,-0.6584444,0.02253833,-0.13826776,-0.3552276,-0.47921664,-0.39193368,-0.03161887,0.1348274,0.23861232,-1.414414,0.076735,0.02888384,0.34965888,-1.938583
1788699159.3075786,76,1,0.003195793,-0.008522115,-0.018109493,0.010502596,-0.0066706473,-0.99992245,0.0,0.0,0.0,0.03416049,-0.02972889,-0.096399784,-0.017750025,-0.028002918,-0.09123385,0.032893956,-0.030890763,-0.11892605,-0.040614694,-0.028619885,-0.12312794,0.0019377619,0.0,-0.0009099056,0.0013564334,-0.0011626572,0.0011626572,0.0,-0.0027128668,-0.0032941953,0.0031004192,-0.00070770434,-0.0007751048,-0.0015502096,0.0021315382,0.0010110063,0.00096888095,0.0,0.0,0.0,0.0,0.0,0.0,0.0,0.0,0.0,0.0,0.0,0.0,0.0,0.0,0.0,0.0,-0.0074568503,0.0010652643,-0.010652643,0.010542385,-0.006671448,-0.99992204,0.0,0.0,0.0,0.034099936,-0.02972889,-0.096399784,-0.017750025,-0.028033197,-0.09123385,0.032924235,-0.030951321,-0.1189419,-0.040584415,-0.028619885,-0.12312794,-0.0005813286,0.0025190904,-0.00040440247,-0.00096888095,0.0001937762,-0.0019377619,-0.00060660375,0.0001937762,-0.0015502096,-0.00096888095,-0.0012132075,0.0031004192,0.0021315382,-0.0007751048,-0.00040440247,-0.0013564334,0.0,0.0,0.0,0.0,0.0,0.0,0.0,0.0,0.0,0.0,0.0,0.0,0.0,0.0,0.0,0.0,-0.012783172,-0.0010652643,0.02237055,0.010554328,-0.006725823,-0.9999217,0.0,0.0,0.0,0.03416049,-0.02972889,-0.09638393,-0.017719746,-0.028033197,-0.09126544,0.032893956,-0.030921042,-0.11892605,-0.040614694,-0.028741002,-0.12312794,0.0031004192,-0.00096888095,0.00070770434,-0.0001937762,0.0005813286,0.0013564334,-0.0013143081,0.0007751048,-0.0023253143,-0.0015502096,-0.00030330187,0.0001937762,0.00096888095,-0.0054257335,-0.00050550315,0.0001937762,0.0,0.0,0.0,0.0,0.0,0.0,0.0,0.0,0.0,0.0,0.0,0.0,0.0,0.0,0.0,0.0,-0.006391586,-0.006391586,0.009587379,0.010581723,-0.006783359,-0.9999211,0.0,0.0,0.0,0.034130216,-0.02969861,-0.096399784,-0.017689466,-0.028093755,-0.091249585,0.032893956,-0.030890763,-0.1189419,-0.040644974,-0.028741002,-0.1231122,-0.0011626572,0.0007751048,-0.0010110063,0.0019377619,0.0027128668,-0.0015502096,-0.00040440247,-0.0031004192,-0.0005813286,-0.00096888095,-0.002426415,0.0011626572,-0.0013564334,-0.0023253143,0.0010110063,-0.0005813286,0.0,0.0,0.0,0.0,0.0,0.0,0.0,0.0,0.0,0.0,0.0,0.0,0.0,0.0,0.0,0.0,-0.008522115,-0.0010652643,-0.015978964,0.010626432,-0.0067734267,-0.9999206,0.0,0.0,0.0,0.03416049,-0.02972889,-0.096399784,-0.017719746,-0.028093755,-0.091217995,0.032893956,-0.030890763,-0.11892605,-0.040675253,-0.028680444,-0.12312794,0.0013564334,-0.0007751048,-0.00040440247,-0.00096888095,0.0015502096,-0.0021315382,-0.00010110062,-0.0019377619,-0.0017439857,0.0007751048,-0.00050550315,0.0052319574,-0.0036817477,0.0001937762,-0.00010110062,0.00096888095,0.0,0.0,0.0,0.0,0.0,0.0,0.0,0.0,0.0,0.0,0.0,0.0,0.0,0.0,0.0,0.0,0.2867202,-0.5024186,-0.65971756,0.024559688,-0.13856724,-0.36068612,-0.46221218,-0.39720246,-0.028603483,0.11522073,0.23188119,-1.417625,0.078920014,0.029876295,0.3331181,-1.9410483
1788699159.3275802,77,1,0.008522115,0.0,-0.008522115,0.010530759,-0.0066711064,-0.99992245,0.0,0.0,0.0,0.03416049,-0.02969861,-0.09641552,-0.017719746,-0.028093755,-0.09123385,0.032924235,-0.030830204,-0.11891031,-0.040614694,-0.028710723,-0.1231122,-0.0001937762,0.0019377619,-0.0028308174,0.0011626572,-0.0027128668,-0.0019377619,0.0016176099,-0.0019377619,0.0007751048,0.0046506287,0.0014154087,0.0019377619,0.0011626572,0.0,0.0010110063,-0.0021315382,0.0,0.0,0.0,0.0,0.0,0.0,0.0,0.0,0.0,0.0,0.0,0.0,0.0,0.0,0.0,0.0,0.003195793,-0.008522115,-0.018109493,0.010502596,-0.0066706473,-0.99992245,0.0,0.0,0.0,0.03416049,-0.02972889,-0.096399784,-0.017750025,-0.028002918,-0.09123385,0.032893956,-0.030890763,-0.11892605,-0.040614694,-0.028619885,-0.12312794,0.0019377619,0.0,-0.0009099056,0.0013564334,-0.0011626572,0.0011626572,0.0,-0.0027128668,-0.0032941953,0.0031004192,-0.00070770434,-0.0007751048,-0.0015502096,0.0021315382,0.0010110063,0.00096888095,0.0,0.0,0.0,0.0,0.0,0.0,0.0,0.0,0.0,0.0,0.0,0.0,0.0,0.0,0.0,0.0,-0.0074568503,0.0010652643,-0.010652643,0.010542385,-0.006671448,-0.99992204,0.0,0.0,0.0,0.034099936,-0.02972889,-0.096399784,-0.017750025,-0.028033197,-0.09123385,0.032924235,-0.030951321,-0.1189419,-0.040584415,-0.028619885,-0.12312794,-0.0005813286,0.0025190904,-0.00040440247,-0.00096888095,0.0001937762,-0.0019377619,-0.00060660375,0.0001937762,-0.0015502096,-0.00096888095,-0.0012132075,0.0031004192,0.0021315382,-0.0007751048,-0.00040440247,-0.0013564334,0.0,0.0,0.0,0.0,0.0,0.0,0.0,0.0,0.0,0.0,0.0,0.0,0.0,0.0,0.0,0.0,-0.012783172,-0.0010652643,0.02237055,0.010554328,-0.006725823,-0.9999217,0.0,0.0,0.0,0.03416049,-0.02972889,-0.09638393,-0.017719746,-0.028033197,-0.09126544,0.032893956,-0.030921042,-0.11892605,-0.040614694,-0.028741002,-0.12312794,0.0031004192,-0.00096888095,0.00070770434,-0.0001937762,0.0005813286,0.0013564334,-0.0013143081,0.0007751048,-0.0023253143,-0.0015502096,-0.00030330187,0.0001937762,0.00096888095,-0.0054257335,-0.00050550315,0.0001937762,0.0,0.0,0.0,0.0,0.0,0.0,0.0,0.0,0.0,0.0,0.0,0.0,0.0,0.0,0.0,0.0,-0.006391586,-0.006391586,0.009587379,0.010581723,-0.006783359,-0.9999211,0.0,0.0,0.0,0.034130216,-0.02969861,-0.096399784,-0.017689466,-0.028093755,-0.091249585,0.032893956,-0.030890763,-0.1189419,-0.040644974,-0.028741002,-0.1231122,-0.0011626572,0.0007751048,-0.0010110063,0.0019377619,0.0027128668,-0.0015502096,-0.00040440247,-0.0031004192,-0.0005813286,-0.00096888095,-0.002426415,0.0011626572,-0.0013564334,-0.0023253143,0.0010110063,-0.0005813286,0.0,0.0,0.0,0.0,0.0,0.0,0.0,0.0,0.0,0.0,0.0,0.0,0.0,0.0,0.0,0.0,0.28585196,-0.5018723,-0.65757716,0.028231803,-0.13785505,-0.36550704,-0.45519823,-0.40347534,-0.027216632,0.11931316,0.21337958,-1.4102265,0.0811274,0.027136391,0.34246242,-1.9497591
1788699159.3483558,78,1,0.008522115,-0.0042610574,0.018109493,0.010534981,-0.006705732,-0.99992204,0.0,0.0,0.0,0.03416049,-0.02969861,-0.09638393,-0.017719746,-0.028093755,-0.09123385,0.032893956,-0.030921042,-0.11891031,-0.040644974,-0.028710723,-0.1231122,0.0025190904,0.0015502096,0.00050550315,0.0038755238,-0.0019377619,-0.0019377619,0.0016176099,-0.0025190904,-0.0007751048,-0.0025190904,0.0009099056,0.0017439857,-0.0013564334,0.0005813286,0.0012132075,-0.0046506287,0.0,0.0,0.0,0.0,0.0,0.0,0.0,0.0,0.0,0.0,0.0,0.0,0.0,0.0,0.0,0.0,0.008522115,0.0,-0.008522115,0.010530759,-0.0066711064,-0.99992245,0.0,0.0,0.0,0.03416049,-0.02969861,-0.09641552,-0.017719746,-0.028093755,-0.09123385,0.032924235,-0.030830204,-0.11891031,-0.040614694,-0.028710723,-0.1231122,-0.0001937762,0.0019377619,-0.0028308174,0.0011626572,-0.0027128668,-0.0019377619,0.0016176099,-0.0019377619,0.0007751048,0.0046506287,0.0014154087,0.0019377619,0.0011626572,0.0,0.0010110063,-0.0021315382,0.0,0.0,0.0,0.0,0.0,0.0,0.0,0.0,0.0,0.0,0.0,0.0,0.0,0.0,0.0,0.0,0.003195793,-0.008522115,-0.018109493,0.010502596,-0.0066706473,-0.99992245,0.0,0.0,0.0,0.03416049,-0.02972889,-0.096399784,-0.017750025,-0.028002918,-0.09123385,0.032893956,-0.030890763,-0.11892605,-0.040614694,-0.028619885,-0.12312794,0.0019377619,0.0,-0.0009099056,0.0013564334,-0.0011626572,0.0011626572,0.0,-0.0027128668,-0.0032941953,0.0031004192,-0.00070770434,-0.0007751048,-0.0015502096,0.0021315382,0.0010110063,0.00096888095,0.0,0.0,0.0,0.0,0.0,0.0,0.0,0.0,0.0,0.0,0.0,0.0,0.0,0.0,0.0,0.0,-0.0074568503,0.0010652643,-0.010652643,0.010542385,-0.006671448,-0.99992204,0.0,0.0,0.0,0.034099936,-0.02972889,-0.096399784,-0.017750025,-0.028033197,-0.09123385,0.032924235,-0.030951321,-0.1189419,-0.040584415,-0.028619885,-0.12312794,-0.0005813286,0.0025190904,-0.00040440247,-0.00096888095,0.0001937762,-0.0019377619,-0.00060660375,0.0001937762,-0.0015502096,-0.00096888095,-0.0012132075,0.0031004192,0.0021315382,-0.0007751048,-0.00040440247,-0.0013564334,0.0,0.0,0.0,0.0,0.0,0.0,0.0,0.0,0.0,0.0,0.0,0.0,0.0,0.0,0.0,0.0,-0.012783172,-0.0010652643,0.02237055,0.010554328,-0.006725823,-0.9999217,0.0,0.0,0.0,0.03416049,-0.02972889,-0.09638393,-0.017719746,-0.028033197,-0.09126544,0.032893956,-0.030921042,-0.11892605,-0.040614694,-0.028741002,-0.12312794,0.0031004192,-0.00096888095,0.00070770434,-0.0001937762,0.0005813286,0.0013564334,-0.0013143081,0.0007751048,-0.0023253143,-0.0015502096,-0.00030330187,0.0001937762,0.00096888095,-0.0054257335,-0.00050550315,0.0001937762,0.0,0.0,0.0,0.0,0.0,0.0,0.0,0.0,0.0,0.0,0.0,0.0,0.0,0.0,0.0,0.0,0.2912238,-0.4947036,-0.6380095,0.021815348,-0.12891382,-0.3820311,-0.48045236,-0.40397635,-0.04400427,0.16621104,0.19753249,-1.4105475,0.06584887,-0.009455189,0.35997832,-1.9603674
1788699159.3695407,79,1,-0.006391586,0.0010652643,0.015978964,0.010505674,-0.0066577448,-0.9999226,0.0,0.0,0.0,0.034099936,-0.02972889,-0.09641552,-0.017719746,-0.028063476,-0.09123385,0.032924235,-0.030921042,-0.11891031,-0.040584415,-0.028680444,-0.12312794,-0.0005813286,0.0013564334,-0.002426415,0.0021315382,0.00096888095,-0.0023253143,-0.00050550315,-0.0023253143,-0.0007751048,0.0007751048,0.0014154087,0.0001937762,0.0005813286,-0.0034879714,0.0,-0.0019377619,0.0,0.0,0.0,0.0,0.0,0.0,0.0,0.0,0.0,0.0,0.0,0.0,0.0,0.0,0.0,0.0,0.008522115,-0.0042610574,0.018109493,0.010534981,-0.006705732,-0.99992204,0.0,0.0,0.0,0.03416049,-0.02969861,-0.09638393,-0.017719746,-0.028093755,-0.09123385,0.032893956,-0.030921042,-0.11891031,-0.040644974,-0.028710723,-0.1231122,0.0025190904,0.0015502096,0.00050550315,0.0038755238,-0.0019377619,-0.0019377619,0.0016176099,-0.0025190904,-0.0007751048,-0.0025190904,0.0009099056,0.0017439857,-0.0013564334,0.0005813286,0.0012132075,-0.0046506287,0.0,0.0,0.0,0.0,0.0,0.0,0.0,0.0,0.0,0.0,0.0,0.0,0.0,0.0,0.0,0.0,0.008522115,0.0,-0.008522115,0.010530759,-0.0066711064,-0.99992245,0.0,0.0,0.0,0.03416049,-0.02969861,-0.09641552,-0.017719746,-0.028093755,-0.09123385,0.032924235,-0.030830204,-0.11891031,-0.040614694,-0.028710723,-0.1231122,-0.0001937762,0.0019377619,-0.0028308174,0.0011626572,-0.0027128668,-0.0019377619,0.0016176099,-0.0019377619,0.0007751048,0.0046506287,0.0014154087,0.0019377619,0.0011626572,0.0,0.0010110063,-0.0021315382,0.0,0.0,0.0,0.0,0.0,0.0,0.0,0.0,0.0,0.0,0.0,0.0,0.0,0.0,0.0,0.0,0.003195793,-0.008522115,-0.018109493,0.010502596,-0.0066706473,-0.99992245,0.0,0.0,0.0,0.03416049,-0.02972889,-0.096399784,-0.017750025,-0.028002918,-0.09123385,0.032893956,-0.030890763,-0.11892605,-0.040614694,-0.028619885,-0.12312794,0.0019377619,0.0,-0.0009099056,0.0013564334,-0.0011626572,0.0011626572,0.0,-0.0027128668,-0.0032941953,0.0031004192,-0.00070770434,-0.0007751048,-0.0015502096,0.0021315382,0.0010110063,0.00096888095,0.0,0.0,0.0,0.0,0.0,0.0,0.0,0.0,0.0,0.0,0.0,0.0,0.0,0.0,0.0,0.0,-0.0074568503,0.0010652643,-0.010652643,0.010542385,-0.006671448,-0.99992204,0.0,0.0,0.0,0.034099936,-0.02972889,-0.096399784,-0.017750025,-0.028033197,-0.09123385,0.032924235,-0.030951321,-0.1189419,-0.040584415,-0.028619885,-0.12312794,-0.0005813286,0.0025190904,-0.00040440247,-0.00096888095,0.0001937762,-0.0019377619,-0.00060660375,0.0001937762,-0.0015502096,-0.00096888095,-0.0012132075,0.0031004192,0.0021315382,-0.0007751048,-0.00040440247,-0.0013564334,0.0,0.0,0.0,0.0,0.0,0.0,0.0,0.0,0.0,0.0,0.0,0.0,0.0,0.0,0.0,0.0,0.29734835,-0.4807923,-0.6325521,0.015614189,-0.12664169,-0.37755617,-0.49085432,-0.402763,-0.045723677,0.17022818,0.21392283,-1.4036907,0.06097585,-0.0055350326,0.36107415,-1.9540675
1788699159.3896747,80,1,0.0010652643,-0.009587379,-0.011717907,0.010506482,-0.0066447016,-0.9999227,0.0,0.0,0.0,0.034099936,-0.02972889,-0.09641552,-0.017719746,-0.028033197,-0.091249585,0.032924235,-0.030921042,-0.11892605,-0.040584415,-0.028650165,-0.12312794,-0.0007751048,0.0019377619,-0.0019209118,0.0007751048,0.0025190904,-0.0017439857,-0.0012132075,-0.0019377619,-0.00096888095,0.0023253143,-0.0010110063,-0.00096888095,0.0007751048,-0.0023253143,0.0,-0.00096888095,0.0,0.0,0.0,0.0,0.0,0.0,0.0,0.0,0.0,0.0,0.0,0.0,0.0,0.0,0.0,0.0,-0.006391586,0.0010652643,0.015978964,0.010505674,-0.0066577448,-0.9999226,0.0,0.0,0.0,0.034099936,-0.02972889,-0.09641552,-0.017719746,-0.028063476,-0.09123385,0.032924235,-0.030921042,-0.11891031,-0.040584415,-0.028680444,-0.12312794,-0.0005813286,0.0013564334,-0.002426415,0.0021315382,0.00096888095,-0.0023253143,-0.00050550315,-0.0023253143,-0.0007751048,0.0007751048,0.0014154087,0.0001937762,0.0005813286,-0.0034879714,0.0,-0.0019377619,0.0,0.0,0.0,0.0,0.0,0.0,0.0,0.0,0.0,0.0,0.0,0.0,0.0,0.0,0.0,0.0,0.008522115,-0.0042610574,0.018109493,0.010534981,-0.006705732,-0.99992204,0.0,0.0,0.0,0.03416049,-0.02969861,-0.09638393,-0.017719746,-0.028093755,-0.09123385,0.032893956,-0.030921042,-0.11891031,-0.040644974,-0.028710723,-0.1231122,0.0025190904,0.0015502096,0.00050550315,0.0038755238,-0.0019377619,-0.0019377619,0.0016176099,-0.0025190904,-0.0007751048,-0.0025190904,0.0009099056,0.0017439857,-0.0013564334,0.0005813286,0.0012132075,-0.0046506287,0.0,0.0,0.0,0.0,0.0,0.0,0.0,0.0,0.0,0.0,0.0,0.0,0.0,0.0,0.0,0.0,0.008522115,0.0,-0.008522115,0.010530759,-0.0066711064,-0.99992245,0.0,0.0,0.0,0.03416049,-0.02969861,-0.09641552,-0.017719746,-0.028093755,-0.09123385,0.032924235,-0.030830204,-0.11891031,-0.040614694,-0.028710723,-0.1231122,-0.0001937762,0.0019377619,-0.0028308174,0.0011626572,-0.0027128668,-0.0019377619,0.0016176099,-0.0019377619,0.0007751048,0.0046506287,0.0014154087,0.0019377619,0.0011626572,0.0,0.0010110063,-0.0021315382,0.0,0.0,0.0,0.0,0.0,0.0,0.0,0.0,0.0,0.0,0.0,0.0,0.0,0.0,0.0,0.0,0.003195793,-0.008522115,-0.018109493,0.010502596,-0.0066706473,-0.99992245,0.0,0.0,0.0,0.03416049,-0.02972889,-0.096399784,-0.017750025,-0.028002918,-0.09123385,0.032893956,-0.030890763,-0.11892605,-0.040614694,-0.028619885,-0.12312794,0.0019377619,0.0,-0.0009099056,0.0013564334,-0.0011626572,0.0011626572,0.0,-0.0027128668,-0.0032941953,0.0031004192,-0.00070770434,-0.0007751048,-0.0015502096,0.0021315382,0.0010110063,0.00096888095,0.0,0.0,0.0,0.0,0.0,0.0,0.0,0.0,0.0,0.0,0.0,0.0,0.0,0.0,0.0,0.0,0.29284677,-0.486556,-0.66318506,0.027113076,-0.13593476,-0.35393527,-0.4694014,-0.40356553,-0.03146342,0.13908218,0.22784038,-1.4099523,0.073670454,0.027052607,0.35713717,-1.9518545
1788699159.4088752,81,1,0.0053263213,0.0074568503,-0.0149137005,0.01054062,-0.0066671176,-0.9999223,0.0,0.0,0.0,0.034130216,-0.02969861,-0.09638393,-0.017689466,-0.028063476,-0.09126544,0.032924235,-0.030890763,-0.11891031,-0.040644974,-0.028680444,-0.12314379,-0.0003875524,0.0027128668,0.00050550315,0.0,0.0027128668,-0.0017439857,-0.0021231133,-0.002906643,0.0007751048,0.00096888095,0.0009099056,0.0011626572,-0.0013564334,-0.0005813286,-0.0019209118,-0.002906643,0.0,0.0,0.0,0.0,0.0,0.0,0.0,0.0,0.0,0.0,0.0,0.0,0.0,0.0,0.0,0.0,0.0010652643,-0.009587379,-0.011717907,0.010506482,-0.0066447016,-0.9999227,0.0,0.0,0.0,0.034099936,-0.02972889,-0.09641552,-0.017719746,-0.028033197,-0.091249585,0.032924235,-0.030921042,-0.11892605,-0.040584415,-0.028650165,-0.12312794,-0.0007751048,0.0019377619,-0.0019209118,0.0007751048,0.0025190904,-0.0017439857,-0.0012132075,-0.0019377619,-0.00096888095,0.0023253143,-0.0010110063,-0.00096888095,0.0007751048,-0.0023253143,0.0,-0.00096888095,0.0,0.0,0.0,0.0,0.0,0.0,0.0,0.0,0.0,0.0,0.0,0.0,0.0,0.0,0.0,0.0,-0.006391586,0.0010652643,0.015978964,0.010505674,-0.0066577448,-0.9999226,0.0,0.0,0.0,0.034099936,-0.02972889,-0.09641552,-0.017719746,-0.028063476,-0.09123385,0.032924235,-0.030921042,-0.11891031,-0.040584415,-0.028680444,-0.12312794,-0.0005813286,0.0013564334,-0.002426415,0.0021315382,0.00096888095,-0.0023253143,-0.00050550315,-0.0023253143,-0.0007751048,0.0007751048,0.0014154087,0.0001937762,0.0005813286,-0.0034879714,0.0,-0.0019377619,0.0,0.0,0.0,0.0,0.0,0.0,0.0,0.0,0.0,0.0,0.0,0.0,0.0,0.0,0.0,0.0,0.008522115,-0.0042610574,0.018109493,0.010534981,-0.006705732,-0.99992204,0.0,0.0,0.0,0.03416049,-0.02969861,-0.09638393,-0.017719746,-0.028093755,-0.09123385,0.032893956,-0.030921042,-0.11891031,-0.040644974,-0.028710723,-0.1231122,0.0025190904,0.0015502096,0.00050550315,0.0038755238,-0.0019377619,-0.0019377619,0.0016176099,-0.0025190904,-0.0007751048,-0.0025190904,0.0009099056,0.0017439857,-0.0013564334,0.0005813286,0.0012132075,-0.0046506287,0.0,0.0,0.0,0.0,0.0,0.0,0.0,0.0,0.0,0.0,0.0,0.0,0.0,0.0,0.0,0.0,0.008522115,0.0,-0.008522115,0.010530759,-0.0066711064,-0.99992245,0.0,0.0,0.0,0.03416049,-0.02969861,-0.09641552,-0.017719746,-0.028093755,-0.09123385,0.032924235,-0.030830204,-0.11891031,-0.040614694,-0.028710723,-0.1231122,-0.0001937762,0.0019377619,-0.0028308174,0.0011626572,-0.0027128668,-0.0019377619,0.0016176099,-0.0019377619,0.0007751048,0.0046506287,0.0014154087,0.0019377619,0.0011626572,0.0,0.0010110063,-0.0021315382,0.0,0.0,0.0,0.0,0.0,0.0,0.0,0.0,0.0,0.0,0.0,0.0,0.0,0.0,0.0,0.0,0.29007947,-0.49553096,-0.660521,0.025347833,-0.13863336,-0.35101223,-0.4567144,-0.4008361,-0.027456403,0.13244833,0.22328074,-1.4036012,0.077349484,0.03298355,0.34614915,-1.9481156
1788699159.4272695,82,1,-0.010652643,-0.0074568503,-0.0010652643,0.0105296625,-0.006658745,-0.9999225,0.0,0.0,0.0,0.03416049,-0.02969861,-0.09638393,-0.017689466,-0.028123975,-0.091249585,0.032893956,-0.030890763,-0.11892605,-0.040644974,-0.028741002,-0.12312794,0.0015502096,0.0019377619,0.00030330187,0.0013564334,0.0005813286,-0.0027128668,-0.00030330187,0.0001937762,-0.0003875524,-0.00096888095,-0.00050550315,-0.0001937762,-0.0001937762,0.0001937762,-0.00040440247,-0.0021315382,0.0,0.0,0.0,0.0,0.0,0.0,0.0,0.0,0.0,0.0,0.0,0.0,0.0,0.0,0.0,0.0,0.0053263213,0.0074568503,-0.0149137005,0.01054062,-0.0066671176,-0.9999223,0.0,0.0,0.0,0.034130216,-0.02969861,-0.09638393,-0.017689466,-0.028063476,-0.09126544,0.032924235,-0.030890763,-0.11891031,-0.040644974,-0.028680444,-0.12314379,-0.0003875524,0.0027128668,0.00050550315,0.0,0.0027128668,-0.0017439857,-0.0021231133,-0.002906643,0.0007751048,0.00096888095,0.0009099056,0.0011626572,-0.0013564334,-0.0005813286,-0.0019209118,-0.002906643,0.0,0.0,0.0,0.0,0.0,0.0,0.0,0.0,0.0,0.0,0.0,0.0,0.0,0.0,0.0,0.0,0.0010652643,-0.009587379,-0.011717907,0.010506482,-0.0066447016,-0.9999227,0.0,0.0,0.0,0.034099936,-0.02972889,-0.09641552,-0.017719746,-0.028033197,-0.091249585,0.032924235,-0.030921042,-0.11892605,-0.040584415,-0.028650165,-0.12312794,-0.0007751048,0.0019377619,-0.0019209118,0.0007751048,0.0025190904,-0.0017439857,-0.0012132075,-0.0019377619,-0.00096888095,0.0023253143,-0.0010110063,-0.00096888095,0.0007751048,-0.0023253143,0.0,-0.00096888095,0.0,0.0,0.0,0.0,0.0,0.0,0.0,0.0,0.0,0.0,0.0,0.0,0.0,0.0,0.0,0.0,-0.006391586,0.0010652643,0.015978964,0.010505674,-0.0066577448,-0.9999226,0.0,0.0,0.0,0.034099936,-0.02972889,-0.09641552,-0.017719746,-0.028063476,-0.09123385,0.032924235,-0.030921042,-0.11891031,-0.040584415,-0.028680444,-0.12312794,-0.0005813286,0.0013564334,-0.002426415,0.0021315382,0.00096888095,-0.0023253143,-0.00050550315,-0.0023253143,-0.0007751048,0.0007751048,0.0014154087,0.0001937762,0.0005813286,-0.0034879714,0.0,-0.0019377619,0.0,0.0,0.0,0.0,0.0,0.0,0.0,0.0,0.0,0.0,0.0,0.0,0.0,0.0,0.0,0.0,0.008522115,-0.0042610574,0.018109493,0.010534981,-0.006705732,-0.99992204,0.0,0.0,0.0,0.03416049,-0.02969861,-0.09638393,-0.017719746,-0.028093755,-0.09123385,0.032893956,-0.030921042,-0.11891031,-0.040644974,-0.028710723,-0.1231122,0.0025190904,0.0015502096,0.00050550315,0.0038755238,-0.0019377619,-0.0019377619,0.0016176099,-0.0025190904,-0.0007751048,-0.0025190904,0.0009099056,0.0017439857,-0.0013564334,0.0005813286,0.0012132075,-0.0046506287,0.0,0.0,0.0,0.0,0.0,0.0,0.0,0.0,0.0,0.0,0.0,0.0,0.0,0.0,0.0,0.0,0.2931043,-0.49516484,-0.6558579,0.027191412,-0.13554204,-0.36005995,-0.4825155,-0.39842826,-0.036846347,0.15257083,0.22078243,-1.4054667,0.074245945,0.015206266,0.3570853,-1.9467821
1788699159.447247,83,1,-0.0010652643,0.003195793,0.012783172,0.010492512,-0.0066578975,-0.9999229,0.0,0.0,0.0,0.034130216,-0.02969861,-0.09638393,-0.017719746,-0.028093755,-0.091217995,0.032893956,-0.030890763,-0.11892605,-0.040614694,-0.028680444,-0.1231122,0.0003875524,0.0031004192,0.00050550315,0.0019377619,-0.0017439857,-0.0023253143,0.0014154087,0.0005813286,-0.0019377619,0.0013564334,-0.00040440247,-0.00096888095,0.0003875524,-0.0003875524,0.0011121068,-0.002906643,0.0,0.0,0.0,0.0,0.0,0.0,0.0,0.0,0.0,0.0,0.0,0.0,0.0,0.0,0.0,0.0,-0.010652643,-0.0074568503,-0.0010652643,0.0105296625,-0.006658745,-0.9999225,0.0,0.0,0.0,0.03416049,-0.02969861,-0.09638393,-0.017689466,-0.028123975,-0.091249585,0.032893956,-0.030890763,-0.11892605,-0.040644974,-0.028741002,-0.12312794,0.0015502096,0.0019377619,0.00030330187,0.0013564334,0.0005813286,-0.0027128668,-0.00030330187,0.0001937762,-0.0003875524,-0.00096888095,-0.00050550315,-0.0001937762,-0.0001937762,0.0001937762,-0.00040440247,-0.0021315382,0.0,0.0,0.0,0.0,0.0,0.0,0.0,0.0,0.0,0.0,0.0,0.0,0.0,0.0,0.0,0.0,0.0053263213,0.0074568503,-0.0149137005,0.01054062,-0.0066671176,-0.9999223,0.0,0.0,0.0,0.034130216,-0.02969861,-0.09638393,-0.017689466,-0.028063476,-0.09126544,0.032924235,-0.030890763,-0.11891031,-0.040644974,-0.028680444,-0.12314379,-0.0003875524,0.0027128668,0.00050550315,0.0,0.0027128668,-0.0017439857,-0.0021231133,-0.002906643,0.0007751048,0.00096888095,0.0009099056,0.0011626572,-0.0013564334,-0.0005813286,-0.0019209118,-0.002906643,0.0,0.0,0.0,0.0,0.0,0.0,0.0,0.0,0.0,0.0,0.0,0.0,0.0,0.0,0.0,0.0,0.0010652643,-0.009587379,-0.011717907,0.010506482,-0.0066447016,-0.9999227,0.0,0.0,0.0,0.034099936,-0.02972889,-0.09641552,-0.017719746,-0.028033197,-0.091249585,0.032924235,-0.030921042,-0.11892605,-0.040584415,-0.028650165,-0.12312794,-0.0007751048,0.0019377619,-0.0019209118,0.0007751048,0.0025190904,-0.0017439857,-0.0012132075,-0.0019377619,-0.00096888095,0.0023253143,-0.0010110063,-0.00096888095,0.0007751048,-0.0023253143,0.0,-0.00096888095,0.0,0.0,0.0,0.0,0.0,0.0,0.0,0.0,0.0,0.0,0.0,0.0,0.0,0.0,0.0,0.0,-0.006391586,0.0010652643,0.015978964,0.010505674,-0.0066577448,-0.9999226,0.0,0.0,0.0,0.034099936,-0.02972889,-0.09641552,-0.017719746,-0.028063476,-0.09123385,0.032924235,-0.030921042,-0.11891031,-0.040584415,-0.028680444,-0.12312794,-0.0005813286,0.0013564334,-0.002426415,0.0021315382,0.00096888095,-0.0023253143,-0.00050550315,-0.0023253143,-0.0007751048,0.0007751048,0.0014154087,0.0001937762,0.0005813286,-0.0034879714,0.0,-0.0019377619,0.0,0.0,0.0,0.0,0.0,0.0,0.0,0.0,0.0,0.0,0.0,0.0,0.0,0.0,0.0,0.0,0.2923842,-0.4935608,-0.6370838,0.020323977,-0.13035147,-0.38039348,-0.48826292,-0.39789116,-0.041879855,0.16474275,0.20487401,-1.4062444,0.06549464,-0.005640436,0.3574504,-1.9538407
1788699159.4672418,84,1,0.0074568503,-0.006391586,-0.0010652643,0.010442447,-0.00659824,-0.9999237,0.0,0.0,0.0,0.034130216,-0.029789448,-0.096399784,-0.017719746,-0.028002918,-0.091217995,0.032924235,-0.030951321,-0.11892605,-0.040644974,-0.028650165,-0.1231122,0.0031004192,-0.0034879714,-0.00080880494,-0.00096888095,0.0013564334,0.0007751048,0.00080880494,-0.0003875524,-0.0019377619,0.0021315382,0.00020220123,-0.0017439857,-0.005038181,-0.002906643,0.0012132075,0.0011626572,0.0,0.0,0.0,0.0,0.0,0.0,0.0,0.0,0.0,0.0,0.0,0.0,0.0,0.0,0.0,0.0,-0.0010652643,0.003195793,0.012783172,0.010492512,-0.0066578975,-0.9999229,0.0,0.0,0.0,0.034130216,-0.02969861,-0.09638393,-0.017719746,-0.028093755,-0.091217995,0.032893956,-0.030890763,-0.11892605,-0.040614694,-0.028680444,-0.1231122,0.0003875524,0.0031004192,0.00050550315,0.0019377619,-0.0017439857,-0.0023253143,0.0014154087,0.0005813286,-0.0019377619,0.0013564334,-0.00040440247,-0.00096888095,0.0003875524,-0.0003875524,0.0011121068,-0.002906643,0.0,0.0,0.0,0.0,0.0,0.0,0.0,0.0,0.0,0.0,0.0,0.0,0.0,0.0,0.0,0.0,-0.010652643,-0.0074568503,-0.0010652643,0.0105296625,-0.006658745,-0.9999225,0.0,0.0,0.0,0.03416049,-0.02969861,-0.09638393,-0.017689466,-0.028123975,-0.091249585,0.032893956,-0.030890763,-0.11892605,-0.040644974,-0.028741002,-0.12312794,0.0015502096,0.0019377619,0.00030330187,0.0013564334,0.0005813286,-0.0027128668,-0.00030330187,0.0001937762,-0.0003875524,-0.00096888095,-0.00050550315,-0.0001937762,-0.0001937762,0.0001937762,-0.00040440247,-0.0021315382,0.0,0.0,0.0,0.0,0.0,0.0,0.0,0.0,0.0,0.0,0.0,0.0,0.0,0.0,0.0,0.0,0.0053263213,0.0074568503,-0.0149137005,0.01054062,-0.0066671176,-0.9999223,0.0,0.0,0.0,0.034130216,-0.02969861,-0.09638393,-0.017689466,-0.028063476,-0.09126544,0.032924235,-0.030890763,-0.11891031,-0.040644974,-0.028680444,-0.12314379,-0.0003875524,0.0027128668,0.00050550315,0.0,0.0027128668,-0.0017439857,-0.0021231133,-0.002906643,0.0007751048,0.00096888095,0.0009099056,0.0011626572,-0.0013564334,-0.0005813286,-0.0019209118,-0.002906643,0.0,0.0,0.0,0.0,0.0,0.0,0.0,0.0,0.0,0.0,0.0,0.0,0.0,0.0,0.0,0.0,0.0010652643,-0.009587379,-0.011717907,0.010506482,-0.0066447016,-0.9999227,0.0,0.0,0.0,0.034099936,-0.02972889,-0.09641552,-0.017719746,-0.028033197,-0.091249585,0.032924235,-0.030921042,-0.11892605,-0.040584415,-0.028650165,-0.12312794,-0.0007751048,0.0019377619,-0.0019209118,0.0007751048,0.0025190904,-0.0017439857,-0.0012132075,-0.0019377619,-0.00096888095,0.0023253143,-0.0010110063,-0.00096888095,0.0007751048,-0.0023253143,0.0,-0.00096888095,0.0,0.0,0.0,0.0,0.0,0.0,0.0,0.0,0.0,0.0,0.0,0.0,0.0,0.0,0.0,0.0,0.29216415,-0.48587543,-0.6369626,0.021924693,-0.12800476,-0.37795123,-0.47818014,-0.40145886,-0.040714353,0.15169594,0.2204513,-1.4053792,0.064821914,-1.2084842e-05,0.36008957,-1.9510812
1788699159.4873562,85,1,0.009587379,0.0021305287,-0.01704423,0.010506002,-0.006554943,-0.99992347,0.0,0.0,0.0,0.03416049,-0.02972889,-0.096399784,-0.017689466,-0.028002918,-0.091217995,0.032924235,-0.030890763,-0.1189419,-0.040614694,-0.028710723,-0.12312794,-0.0003875524,0.0,-0.00030330187,0.0023253143,0.0046506287,0.0013564334,0.0016176099,0.0,-0.0011626572,0.0036817477,0.0009099056,0.002906643,0.0,-0.0054257335,0.00080880494,0.0011626572,0.0,0.0,0.0,0.0,0.0,0.0,0.0,0.0,0.0,0.0,0.0,0.0,0.0,0.0,0.0,0.0,0.0074568503,-0.006391586,-0.0010652643,0.010442447,-0.00659824,-0.9999237,0.0,0.0,0.0,0.034130216,-0.029789448,-0.096399784,-0.017719746,-0.028002918,-0.091217995,0.032924235,-0.030951321,-0.11892605,-0.040644974,-0.028650165,-0.1231122,0.0031004192,-0.0034879714,-0.00080880494,-0.00096888095,0.0013564334,0.0007751048,0.00080880494,-0.0003875524,-0.0019377619,0.0021315382,0.00020220123,-0.0017439857,-0.005038181,-0.002906643,0.0012132075,0.0011626572,0.0,0.0,0.0,0.0,0.0,0.0,0.0,0.0,0.0,0.0,0.0,0.0,0.0,0.0,0.0,0.0,-0.0010652643,0.003195793,0.012783172,0.010492512,-0.0066578975,-0.9999229,0.0,0.0,0.0,0.034130216,-0.02969861,-0.09638393,-0.017719746,-0.028093755,-0.091217995,0.032893956,-0.030890763,-0.11892605,-0.040614694,-0.028680444,-0.1231122,0.0003875524,0.0031004192,0.00050550315,0.0019377619,-0.0017439857,-0.0023253143,0.0014154087,0.0005813286,-0.0019377619,0.0013564334,-0.00040440247,-0.00096888095,0.0003875524,-0.0003875524,0.0011121068,-0.002906643,0.0,0.0,0.0,0.0,0.0,0.0,0.0,0.0,0.0,0.0,0.0,0.0,0.0,0.0,0.0,0.0,-0.010652643,-0.0074568503,-0.0010652643,0.0105296625,-0.006658745,-0.9999225,0.0,0.0,0.0,0.03416049,-0.02969861,-0.09638393,-0.017689466,-0.028123975,-0.091249585,0.032893956,-0.030890763,-0.11892605,-0.040644974,-0.028741002,-0.12312794,0.0015502096,0.0019377619,0.00030330187,0.0013564334,0.0005813286,-0.0027128668,-0.00030330187,0.0001937762,-0.0003875524,-0.00096888095,-0.00050550315,-0.0001937762,-0.0001937762,0.0001937762,-0.00040440247,-0.0021315382,0.0,0.0,0.0,0.0,0.0,0.0,0.0,0.0,0.0,0.0,0.0,0.0,0.0,0.0,0.0,0.0,0.0053263213,0.0074568503,-0.0149137005,0.01054062,-0.0066671176,-0.9999223,0.0,0.0,0.0,0.034130216,-0.02969861,-0.09638393,-0.017689466,-0.028063476,-0.09126544,0.032924235,-0.030890763,-0.11891031,-0.040644974,-0.028680444,-0.12314379,-0.0003875524,0.0027128668,0.00050550315,0.0,0.0027128668,-0.0017439857,-0.0021231133,-0.002906643,0.0007751048,0.00096888095,0.0009099056,0.0011626572,-0.0013564334,-0.0005813286,-0.0019209118,-0.002906643,0.0,0.0,0.0,0.0,0.0,0.0,0.0,0.0,0.0,0.0,0.0,0.0,0.0,0.0,0.0,0.0,0.29207394,-0.49381638,-0.654045,0.032807816,-0.13507418,-0.36513072,-0.4594982,-0.40849212,-0.028500821,0.12958664,0.21855313,-1.3963844,0.07682754,0.022798933,0.35991222,-1.9497066
1788699159.507361,86,1,-0.0010652643,-0.0021305287,0.0042610574,0.010548828,-0.006589299,-0.9999227,0.0,0.0,0.0,0.03416049,-0.029668331,-0.09638393,-0.017659187,-0.028123975,-0.09123385,0.032893956,-0.030890763,-0.1189419,-0.040614694,-0.028741002,-0.1231122,0.0,0.0044568526,0.00060660375,0.0015502096,0.0054257335,-0.0046506287,0.0012132075,0.0003875524,-0.0013564334,-0.0003875524,-0.0014154087,0.0023253143,0.00096888095,-0.0019377619,0.0013143081,0.00096888095,0.0,0.0,0.0,0.0,0.0,0.0,0.0,0.0,0.0,0.0,0.0,0.0,0.0,0.0,0.0,0.0,0.009587379,0.0021305287,-0.01704423,0.010506002,-0.006554943,-0.99992347,0.0,0.0,0.0,0.03416049,-0.02972889,-0.096399784,-0.017689466,-0.028002918,-0.091217995,0.032924235,-0.030890763,-0.1189419,-0.040614694,-0.028710723,-0.12312794,-0.0003875524,0.0,-0.00030330187,0.0023253143,0.0046506287,0.0013564334,0.0016176099,0.0,-0.0011626572,0.0036817477,0.0009099056,0.002906643,0.0,-0.0054257335,0.00080880494,0.0011626572,0.0,0.0,0.0,0.0,0.0,0.0,0.0,0.0,0.0,0.0,0.0,0.0,0.0,0.0,0.0,0.0,0.0074568503,-0.006391586,-0.0010652643,0.010442447,-0.00659824,-0.9999237,0.0,0.0,0.0,0.034130216,-0.029789448,-0.096399784,-0.017719746,-0.028002918,-0.091217995,0.032924235,-0.030951321,-0.11892605,-0.040644974,-0.028650165,-0.1231122,0.0031004192,-0.0034879714,-0.00080880494,-0.00096888095,0.0013564334,0.0007751048,0.00080880494,-0.0003875524,-0.0019377619,0.0021315382,0.00020220123,-0.0017439857,-0.005038181,-0.002906643,0.0012132075,0.0011626572,0.0,0.0,0.0,0.0,0.0,0.0,0.0,0.0,0.0,0.0,0.0,0.0,0.0,0.0,0.0,0.0,-0.0010652643,0.003195793,0.012783172,0.010492512,-0.0066578975,-0.9999229,0.0,0.0,0.0,0.034130216,-0.02969861,-0.09638393,-0.017719746,-0.028093755,-0.091217995,0.032893956,-0.030890763,-0.11892605,-0.040614694,-0.028680444,-0.1231122,0.0003875524,0.0031004192,0.00050550315,0.0019377619,-0.0017439857,-0.0023253143,0.0014154087,0.0005813286,-0.0019377619,0.0013564334,-0.00040440247,-0.00096888095,0.0003875524,-0.0003875524,0.0011121068,-0.002906643,0.0,0.0,0.0,0.0,0.0,0.0,0.0,0.0,0.0,0.0,0.0,0.0,0.0,0.0,0.0,0.0,-0.010652643,-0.0074568503,-0.0010652643,0.0105296625,-0.006658745,-0.9999225,0.0,0.0,0.0,0.03416049,-0.02969861,-0.09638393,-0.017689466,-0.028123975,-0.091249585,0.032893956,-0.030890763,-0.11892605,-0.040644974,-0.028741002,-0.12312794,0.0015502096,0.0019377619,0.00030330187,0.0013564334,0.0005813286,-0.0027128668,-0.00030330187,0.0001937762,-0.0003875524,-0.00096888095,-0.00050550315,-0.0001937762,-0.0001937762,0.0001937762,-0.00040440247,-0.0021315382,0.0,0.0,0.0,0.0,0.0,0.0,0.0,0.0,0.0,0.0,0.0,0.0,0.0,0.0,0.0,0.0,0.29728273,-0.48701105,-0.6463845,0.031312037,-0.13023,-0.36672074,-0.47990942,-0.40514728,-0.038552053,0.17129359,0.20558818,-1.3892686,0.069935836,0.0044767894,0.3631164,-1.9485514
1788699159.5288737,87,1,-0.0149137005,0.0053263213,0.018109493,0.010544456,-0.0066358494,-0.9999224,0.0,0.0,0.0,0.03416049,-0.02969861,-0.09638393,-0.017719746,-0.028093755,-0.091249585,0.032893956,-0.030860484,-0.11891031,-0.040675253,-0.028680444,-0.12312794,0.0017439857,0.0019377619,0.00060660375,0.0042630765,0.0001937762,-0.0019377619,-0.00030330187,0.0007751048,-0.0019377619,0.0025190904,0.0013143081,-0.0003875524,-0.0034879714,0.0007751048,-0.00030330187,0.0003875524,0.0,0.0,0.0,0.0,0.0,0.0,0.0,0.0,0.0,0.0,0.0,0.0,0.0,0.0,0.0,0.0,-0.0010652643,-0.0021305287,0.0042610574,0.010548828,-0.006589299,-0.9999227,0.0,0.0,0.0,0.03416049,-0.029668331,-0.09638393,-0.017659187,-0.028123975,-0.09123385,0.032893956,-0.030890763,-0.1189419,-0.040614694,-0.028741002,-0.1231122,0.0,0.0044568526,0.00060660375,0.0015502096,0.0054257335,-0.0046506287,0.0012132075,0.0003875524,-0.0013564334,-0.0003875524,-0.0014154087,0.0023253143,0.00096888095,-0.0019377619,0.0013143081,0.00096888095,0.0,0.0,0.0,0.0,0.0,0.0,0.0,0.0,0.0,0.0,0.0,0.0,0.0,0.0,0.0,0.0,0.009587379,0.0021305287,-0.01704423,0.010506002,-0.006554943,-0.99992347,0.0,0.0,0.0,0.03416049,-0.02972889,-0.096399784,-0.017689466,-0.028002918,-0.091217995,0.032924235,-0.030890763,-0.1189419,-0.040614694,-0.028710723,-0.12312794,-0.0003875524,0.0,-0.00030330187,0.0023253143,0.0046506287,0.0013564334,0.0016176099,0.0,-0.0011626572,0.0036817477,0.0009099056,0.002906643,0.0,-0.0054257335,0.00080880494,0.0011626572,0.0,0.0,0.0,0.0,0.0,0.0,0.0,0.0,0.0,0.0,0.0,0.0,0.0,0.0,0.0,0.0,0.0074568503,-0.006391586,-0.0010652643,0.010442447,-0.00659824,-0.9999237,0.0,0.0,0.0,0.034130216,-0.029789448,-0.096399784,-0.017719746,-0.028002918,-0.091217995,0.032924235,-0.030951321,-0.11892605,-0.040644974,-0.028650165,-0.1231122,0.0031004192,-0.0034879714,-0.00080880494,-0.00096888095,0.0013564334,0.0007751048,0.00080880494,-0.0003875524,-0.0019377619,0.0021315382,0.00020220123,-0.0017439857,-0.005038181,-0.002906643,0.0012132075,0.0011626572,0.0,0.0,0.0,0.0,0.0,0.0,0.0,0.0,0.0,0.0,0.0,0.0,0.0,0.0,0.0,0.0,-0.0010652643,0.003195793,0.012783172,0.010492512,-0.0066578975,-0.9999229,0.0,0.0,0.0,0.034130216,-0.02969861,-0.09638393,-0.017719746,-0.028093755,-0.091217995,0.032893956,-0.030890763,-0.11892605,-0.040614694,-0.028680444,-0.1231122,0.0003875524,0.0031004192,0.00050550315,0.0019377619,-0.0017439857,-0.0023253143,0.0014154087,0.0005813286,-0.0019377619,0.0013564334,-0.00040440247,-0.00096888095,0.0003875524,-0.0003875524,0.0011121068,-0.002906643,0.0,0.0,0.0,0.0,0.0,0.0,0.0,0.0,0.0,0.0,0.0,0.0,0.0,0.0,0.0,0.0,0.29950517,-0.49212414,-0.61694384,0.012464326,-0.1250324,-0.38524893,-0.5015497,-0.39131844,-0.052676246,0.18566896,0.20585929,-1.3856354,0.05783123,-0.022775263,0.3507998,-1.9447343
1788699159.5473814,88,1,-0.0021305287,-0.0074568503,0.013848436,0.010487743,-0.0066344915,-0.99992305,0.0,0.0,0.0,0.034130216,-0.02972889,-0.096399784,-0.017719746,-0.028063476,-0.091217995,0.032954514,-0.030921042,-0.11891031,-0.040614694,-0.028650165,-0.1231122,0.0023253143,0.0011626572,-0.00080880494,0.0023253143,0.002906643,-0.0027128668,0.0016176099,-0.0019377619,0.0023253143,0.00096888095,0.0014154087,0.0001937762,-0.0001937762,-0.0005813286,0.0010110063,-0.0019377619,0.0,0.0,0.0,0.0,0.0,0.0,0.0,0.0,0.0,0.0,0.0,0.0,0.0,0.0,0.0,0.0,-0.0149137005,0.0053263213,0.018109493,0.010544456,-0.0066358494,-0.9999224,0.0,0.0,0.0,0.03416049,-0.02969861,-0.09638393,-0.017719746,-0.028093755,-0.091249585,0.032893956,-0.030860484,-0.11891031,-0.040675253,-0.028680444,-0.12312794,0.0017439857,0.0019377619,0.00060660375,0.0042630765,0.0001937762,-0.0019377619,-0.00030330187,0.0007751048,-0.0019377619,0.0025190904,0.0013143081,-0.0003875524,-0.0034879714,0.0007751048,-0.00030330187,0.0003875524,0.0,0.0,0.0,0.0,0.0,0.0,0.0,0.0,0.0,0.0,0.0,0.0,0.0,0.0,0.0,0.0,-0.0010652643,-0.0021305287,0.0042610574,0.010548828,-0.006589299,-0.9999227,0.0,0.0,0.0,0.03416049,-0.029668331,-0.09638393,-0.017659187,-0.028123975,-0.09123385,0.032893956,-0.030890763,-0.1189419,-0.040614694,-0.028741002,-0.1231122,0.0,0.0044568526,0.00060660375,0.0015502096,0.0054257335,-0.0046506287,0.0012132075,0.0003875524,-0.0013564334,-0.0003875524,-0.0014154087,0.0023253143,0.00096888095,-0.0019377619,0.0013143081,0.00096888095,0.0,0.0,0.0,0.0,0.0,0.0,0.0,0.0,0.0,0.0,0.0,0.0,0.0,0.0,0.0,0.0,0.009587379,0.0021305287,-0.01704423,0.010506002,-0.006554943,-0.99992347,0.0,0.0,0.0,0.03416049,-0.02972889,-0.096399784,-0.017689466,-0.028002918,-0.091217995,0.032924235,-0.030890763,-0.1189419,-0.040614694,-0.028710723,-0.12312794,-0.0003875524,0.0,-0.00030330187,0.0023253143,0.0046506287,0.0013564334,0.0016176099,0.0,-0.0011626572,0.0036817477,0.0009099056,0.002906643,0.0,-0.0054257335,0.00080880494,0.0011626572,0.0,0.0,0.0,0.0,0.0,0.0,0.0,0.0,0.0,0.0,0.0,0.0,0.0,0.0,0.0,0.0,0.0074568503,-0.006391586,-0.0010652643,0.010442447,-0.00659824,-0.9999237,0.0,0.0,0.0,0.034130216,-0.029789448,-0.096399784,-0.017719746,-0.028002918,-0.091217995,0.032924235,-0.030951321,-0.11892605,-0.040644974,-0.028650165,-0.1231122,0.0031004192,-0.0034879714,-0.00080880494,-0.00096888095,0.0013564334,0.0007751048,0.00080880494,-0.0003875524,-0.0019377619,0.0021315382,0.00020220123,-0.0017439857,-0.005038181,-0.002906643,0.0012132075,0.0011626572,0.0,0.0,0.0,0.0,0.0,0.0,0.0,0.0,0.0,0.0,0.0,0.0,0.0,0.0,0.0,0.0,0.29419145,-0.49140054,-0.6346015,0.03479963,-0.12986946,-0.38253412,-0.48842892,-0.40017247,-0.04611534,0.17899011,0.19881392,-1.3894634,0.06780765,-0.016998023,0.3791983,-1.9518293
1788699159.568864,89,1,0.0010652643,0.008522115,-0.008522115,0.010487736,-0.006603416,-0.9999232,0.0,0.0,0.0,0.034099936,-0.02972889,-0.096399784,-0.017750025,-0.028002918,-0.091217995,0.032924235,-0.030951321,-0.1189419,-0.040584415,-0.028619885,-0.1231122,-0.0023253143,0.0007751048,-0.00040440247,0.0023253143,0.0005813286,0.0,-0.00030330187,-0.0042630765,-0.0013564334,0.0027128668,-0.0016176099,0.0005813286,0.00096888095,-0.0011626572,0.0012132075,0.0007751048,0.0,0.0,0.0,0.0,0.0,0.0,0.0,0.0,0.0,0.0,0.0,0.0,0.0,0.0,0.0,0.0,-0.0021305287,-0.0074568503,0.013848436,0.010487743,-0.0066344915,-0.99992305,0.0,0.0,0.0,0.034130216,-0.02972889,-0.096399784,-0.017719746,-0.028063476,-0.091217995,0.032954514,-0.030921042,-0.11891031,-0.040614694,-0.028650165,-0.1231122,0.0023253143,0.0011626572,-0.00080880494,0.0023253143,0.002906643,-0.0027128668,0.0016176099,-0.0019377619,0.0023253143,0.00096888095,0.0014154087,0.0001937762,-0.0001937762,-0.0005813286,0.0010110063,-0.0019377619,0.0,0.0,0.0,0.0,0.0,0.0,0.0,0.0,0.0,0.0,0.0,0.0,0.0,0.0,0.0,0.0,-0.0149137005,0.0053263213,0.018109493,0.010544456,-0.0066358494,-0.9999224,0.0,0.0,0.0,0.03416049,-0.02969861,-0.09638393,-0.017719746,-0.028093755,-0.091249585,0.032893956,-0.030860484,-0.11891031,-0.040675253,-0.028680444,-0.12312794,0.0017439857,0.0019377619,0.00060660375,0.0042630765,0.0001937762,-0.0019377619,-0.00030330187,0.0007751048,-0.0019377619,0.0025190904,0.0013143081,-0.0003875524,-0.0034879714,0.0007751048,-0.00030330187,0.0003875524,0.0,0.0,0.0,0.0,0.0,0.0,0.0,0.0,0.0,0.0,0.0,0.0,0.0,0.0,0.0,0.0,-0.0010652643,-0.0021305287,0.0042610574,0.010548828,-0.006589299,-0.9999227,0.0,0.0,0.0,0.03416049,-0.029668331,-0.09638393,-0.017659187,-0.028123975,-0.09123385,0.032893956,-0.030890763,-0.1189419,-0.040614694,-0.028741002,-0.1231122,0.0,0.0044568526,0.00060660375,0.0015502096,0.0054257335,-0.0046506287,0.0012132075,0.0003875524,-0.0013564334,-0.0003875524,-0.0014154087,0.0023253143,0.00096888095,-0.0019377619,0.0013143081,0.00096888095,0.0,0.0,0.0,0.0,0.0,0.0,0.0,0.0,0.0,0.0,0.0,0.0,0.0,0.0,0.0,0.0,0.009587379,0.0021305287,-0.01704423,0.010506002,-0.006554943,-0.99992347,0.0,0.0,0.0,0.03416049,-0.02972889,-0.096399784,-0.017689466,-0.028002918,-0.091217995,0.032924235,-0.030890763,-0.1189419,-0.040614694,-0.028710723,-0.12312794,-0.0003875524,0.0,-0.00030330187,0.0023253143,0.0046506287,0.0013564334,0.0016176099,0.0,-0.0011626572,0.0036817477,0.0009099056,0.002906643,0.0,-0.0054257335,0.00080880494,0.0011626572,0.0,0.0,0.0,0.0,0.0,0.0,0.0,0.0,0.0,0.0,0.0,0.0,0.0,0.0,0.0,0.0,0.28875062,-0.49812093,-0.641555,0.025129665,-0.13585114,-0.36761343,-0.46382177,-0.40189177,-0.029294636,0.13205689,0.20758793,-1.4037921,0.07472344,0.01622767,0.34459552,-1.9493276
1788699159.5884266,90,1,-0.0074568503,0.0010652643,-0.018109493,0.010502564,-0.0067010922,-0.99992245,0.0,0.0,0.0,0.034190767,-0.02969861,-0.096399784,-0.017719746,-0.028063476,-0.09123385,0.032893956,-0.030890763,-0.11892605,-0.040644974,-0.028680444,-0.12312794,0.0052319574,0.0019377619,-0.0009099056,-0.0019377619,0.0,-0.0019377619,0.0015165093,0.0007751048,-0.0019377619,0.0015502096,-0.00030330187,0.0021315382,-0.0023253143,-0.0019377619,-0.00040440247,-0.0019377619,0.0,0.0,0.0,0.0,0.0,0.0,0.0,0.0,0.0,0.0,0.0,0.0,0.0,0.0,0.0,0.0,0.0010652643,0.008522115,-0.008522115,0.010487736,-0.006603416,-0.9999232,0.0,0.0,0.0,0.034099936,-0.02972889,-0.096399784,-0.017750025,-0.028002918,-0.091217995,0.032924235,-0.030951321,-0.1189419,-0.040584415,-0.028619885,-0.1231122,-0.0023253143,0.0007751048,-0.00040440247,0.0023253143,0.0005813286,0.0,-0.00030330187,-0.0042630765,-0.0013564334,0.0027128668,-0.0016176099,0.0005813286,0.00096888095,-0.0011626572,0.0012132075,0.0007751048,0.0,0.0,0.0,0.0,0.0,0.0,0.0,0.0,0.0,0.0,0.0,0.0,0.0,0.0,0.0,0.0,-0.0021305287,-0.0074568503,0.013848436,0.010487743,-0.0066344915,-0.99992305,0.0,0.0,0.0,0.034130216,-0.02972889,-0.096399784,-0.017719746,-0.028063476,-0.091217995,0.032954514,-0.030921042,-0.11891031,-0.040614694,-0.028650165,-0.1231122,0.0023253143,0.0011626572,-0.00080880494,0.0023253143,0.002906643,-0.0027128668,0.0016176099,-0.0019377619,0.0023253143,0.00096888095,0.0014154087,0.0001937762,-0.0001937762,-0.0005813286,0.0010110063,-0.0019377619,0.0,0.0,0.0,0.0,0.0,0.0,0.0,0.0,0.0,0.0,0.0,0.0,0.0,0.0,0.0,0.0,-0.0149137005,0.0053263213,0.018109493,0.010544456,-0.0066358494,-0.9999224,0.0,0.0,0.0,0.03416049,-0.02969861,-0.09638393,-0.017719746,-0.028093755,-0.091249585,0.032893956,-0.030860484,-0.11891031,-0.040675253,-0.028680444,-0.12312794,0.0017439857,0.0019377619,0.00060660375,0.0042630765,0.0001937762,-0.0019377619,-0.00030330187,0.0007751048,-0.0019377619,0.0025190904,0.0013143081,-0.0003875524,-0.0034879714,0.0007751048,-0.00030330187,0.0003875524,0.0,0.0,0.0,0.0,0.0,0.0,0.0,0.0,0.0,0.0,0.0,0.0,0.0,0.0,0.0,0.0,-0.0010652643,-0.0021305287,0.0042610574,0.010548828,-0.006589299,-0.9999227,0.0,0.0,0.0,0.03416049,-0.029668331,-0.09638393,-0.017659187,-0.028123975,-0.09123385,0.032893956,-0.030890763,-0.1189419,-0.040614694,-0.028741002,-0.1231122,0.0,0.0044568526,0.00060660375,0.0015502096,0.0054257335,-0.0046506287,0.0012132075,0.0003875524,-0.0013564334,-0.0003875524,-0.0014154087,0.0023253143,0.00096888095,-0.0019377619,0.0013143081,0.00096888095,0.0,0.0,0.0,0.0,0.0,0.0,0.0,0.0,0.0,0.0,0.0,0.0,0.0,0.0,0.0,0.0,0.28692937,-0.5016584,-0.65210277,0.03456421,-0.1346022,-0.35929576,-0.4588366,-0.3965482,-0.028402116,0.12561291,0.22005972,-1.3971932,0.079340726,0.02720553,0.34292117,-1.9387795
1788699159.608799,91,1,0.009587379,0.0,0.011717907,0.010550066,-0.0067058397,-0.99992186,0.0,0.0,0.0,0.03416049,-0.029638052,-0.096399784,-0.017689466,-0.028093755,-0.09126544,0.032893956,-0.030921042,-0.11892605,-0.04070553,-0.028741002,-0.12312794,0.0011626572,0.0052319574,-0.0010110063,0.0,0.0021315382,-0.0007751048,-0.0013143081,-0.0023253143,0.0023253143,-0.0034879714,-0.00070770434,-0.0005813286,-0.0046506287,-0.0019377619,0.0010110063,-0.0019377619,0.0,0.0,0.0,0.0,0.0,0.0,0.0,0.0,0.0,0.0,0.0,0.0,0.0,0.0,0.0,0.0,-0.0074568503,0.0010652643,-0.018109493,0.010502564,-0.0067010922,-0.99992245,0.0,0.0,0.0,0.034190767,-0.02969861,-0.096399784,-0.017719746,-0.028063476,-0.09123385,0.032893956,-0.030890763,-0.11892605,-0.040644974,-0.028680444,-0.12312794,0.0052319574,0.0019377619,-0.0009099056,-0.0019377619,0.0,-0.0019377619,0.0015165093,0.0007751048,-0.0019377619,0.0015502096,-0.00030330187,0.0021315382,-0.0023253143,-0.0019377619,-0.00040440247,-0.0019377619,0.0,0.0,0.0,0.0,0.0,0.0,0.0,0.0,0.0,0.0,0.0,0.0,0.0,0.0,0.0,0.0,0.0010652643,0.008522115,-0.008522115,0.010487736,-0.006603416,-0.9999232,0.0,0.0,0.0,0.034099936,-0.02972889,-0.096399784,-0.017750025,-0.028002918,-0.091217995,0.032924235,-0.030951321,-0.1189419,-0.040584415,-0.028619885,-0.1231122,-0.0023253143,0.0007751048,-0.00040440247,0.0023253143,0.0005813286,0.0,-0.00030330187,-0.0042630765,-0.0013564334,0.0027128668,-0.0016176099,0.0005813286,0.00096888095,-0.0011626572,0.0012132075,0.0007751048,0.0,0.0,0.0,0.0,0.0,0.0,0.0,0.0,0.0,0.0,0.0,0.0,0.0,0.0,0.0,0.0,-0.0021305287,-0.0074568503,0.013848436,0.010487743,-0.0066344915,-0.99992305,0.0,0.0,0.0,0.034130216,-0.02972889,-0.096399784,-0.017719746,-0.028063476,-0.091217995,0.032954514,-0.030921042,-0.11891031,-0.040614694,-0.028650165,-0.1231122,0.0023253143,0.0011626572,-0.00080880494,0.0023253143,0.002906643,-0.0027128668,0.0016176099,-0.0019377619,0.0023253143,0.00096888095,0.0014154087,0.0001937762,-0.0001937762,-0.0005813286,0.0010110063,-0.0019377619,0.0,0.0,0.0,0.0,0.0,0.0,0.0,0.0,0.0,0.0,0.0,0.0,0.0,0.0,0.0,0.0,-0.0149137005,0.0053263213,0.018109493,0.010544456,-0.0066358494,-0.9999224,0.0,0.0,0.0,0.03416049,-0.02969861,-0.09638393,-0.017719746,-0.028093755,-0.091249585,0.032893956,-0.030860484,-0.11891031,-0.040675253,-0.028680444,-0.12312794,0.0017439857,0.0019377619,0.00060660375,0.0042630765,0.0001937762,-0.0019377619,-0.00030330187,0.0007751048,-0.0019377619,0.0025190904,0.0013143081,-0.0003875524,-0.0034879714,0.0007751048,-0.00030330187,0.0003875524,0.0,0.0,0.0,0.0,0.0,0.0,0.0,0.0,0.0,0.0,0.0,0.0,0.0,0.0,0.0,0.0,0.29759914,-0.4951167,-0.64284754,0.028705996,-0.12850854,-0.37966293,-0.48795387,-0.39509696,-0.04610394,0.18291499,0.20547926,-1.3925704,0.06701971,-0.0049257614,0.376453,-1.9393338
1788699159.627247,92,1,0.0021305287,-0.0149137005,0.01704423,0.010487581,-0.006656889,-0.99992293,0.0,0.0,0.0,0.034130216,-0.02972889,-0.096399784,-0.017659187,-0.028063476,-0.09123385,0.032893956,-0.030890763,-0.11892605,-0.040614694,-0.028680444,-0.12312794,0.00096888095,-0.0003875524,-0.0014154087,0.0027128668,0.0069759428,-0.00096888095,0.00060660375,-0.002906643,-0.0019377619,-0.0003875524,0.0,0.0019377619,0.0001937762,-0.0011626572,-0.00050550315,-0.0019377619,0.0,0.0,0.0,0.0,0.0,0.0,0.0,0.0,0.0,0.0,0.0,0.0,0.0,0.0,0.0,0.0,0.009587379,0.0,0.011717907,0.010550066,-0.0067058397,-0.99992186,0.0,0.0,0.0,0.03416049,-0.029638052,-0.096399784,-0.017689466,-0.028093755,-0.09126544,0.032893956,-0.030921042,-0.11892605,-0.04070553,-0.028741002,-0.12312794,0.0011626572,0.0052319574,-0.0010110063,0.0,0.0021315382,-0.0007751048,-0.0013143081,-0.0023253143,0.0023253143,-0.0034879714,-0.00070770434,-0.0005813286,-0.0046506287,-0.0019377619,0.0010110063,-0.0019377619,0.0,0.0,0.0,0.0,0.0,0.0,0.0,0.0,0.0,0.0,0.0,0.0,0.0,0.0,0.0,0.0,-0.0074568503,0.0010652643,-0.018109493,0.010502564,-0.0067010922,-0.99992245,0.0,0.0,0.0,0.034190767,-0.02969861,-0.096399784,-0.017719746,-0.028063476,-0.09123385,0.032893956,-0.030890763,-0.11892605,-0.040644974,-0.028680444,-0.12312794,0.0052319574,0.0019377619,-0.0009099056,-0.0019377619,0.0,-0.0019377619,0.0015165093,0.0007751048,-0.0019377619,0.0015502096,-0.00030330187,0.0021315382,-0.0023253143,-0.0019377619,-0.00040440247,-0.0019377619,0.0,0.0,0.0,0.0,0.0,0.0,0.0,0.0,0.0,0.0,0.0,0.0,0.0,0.0,0.0,0.0,0.0010652643,0.008522115,-0.008522115,0.010487736,-0.006603416,-0.9999232,0.0,0.0,0.0,0.034099936,-0.02972889,-0.096399784,-0.017750025,-0.028002918,-0.091217995,0.032924235,-0.030951321,-0.1189419,-0.040584415,-0.028619885,-0.1231122,-0.0023253143,0.0007751048,-0.00040440247,0.0023253143,0.0005813286,0.0,-0.00030330187,-0.0042630765,-0.0013564334,0.0027128668,-0.0016176099,0.0005813286,0.00096888095,-0.0011626572,0.0012132075,0.0007751048,0.0,0.0,0.0,0.0,0.0,0.0,0.0,0.0,0.0,0.0,0.0,0.0,0.0,0.0,0.0,0.0,-0.0021305287,-0.0074568503,0.013848436,0.010487743,-0.0066344915,-0.99992305,0.0,0.0,0.0,0.034130216,-0.02972889,-0.096399784,-0.017719746,-0.028063476,-0.091217995,0.032954514,-0.030921042,-0.11891031,-0.040614694,-0.028650165,-0.1231122,0.0023253143,0.0011626572,-0.00080880494,0.0023253143,0.002906643,-0.0027128668,0.0016176099,-0.0019377619,0.0023253143,0.00096888095,0.0014154087,0.0001937762,-0.0001937762,-0.0005813286,0.0010110063,-0.0019377619,0.0,0.0,0.0,0.0,0.0,0.0,0.0,0.0,0.0,0.0,0.0,0.0,0.0,0.0,0.0,0.0,0.29918683,-0.4729162,-0.6382517,0.033242706,-0.12622386,-0.38185498,-0.49585918,-0.39542866,-0.046130262,0.19419372,0.20636272,-1.390385,0.06408399,-0.013072878,0.3844732,-1.9503918
1788699159.6472154,93,1,-0.0074568503,-0.003195793,0.0021305287,0.0104677575,-0.0065827304,-0.9999236,0.0,0.0,0.0,0.034099936,-0.02969861,-0.096399784,-0.017750025,-0.027972639,-0.091217995,0.032924235,-0.030951321,-0.1189419,-0.040614694,-0.028619885,-0.12312794,-0.0001937762,0.0046506287,-0.00010110062,0.0013564334,0.00096888095,0.002906643,0.0013143081,0.0001937762,-0.0027128668,0.0,-0.0015165093,0.0027128668,-0.0025190904,-0.002906643,-0.00020220123,0.0,0.0,0.0,0.0,0.0,0.0,0.0,0.0,0.0,0.0,0.0,0.0,0.0,0.0,0.0,0.0,0.0,0.0021305287,-0.0149137005,0.01704423,0.010487581,-0.006656889,-0.99992293,0.0,0.0,0.0,0.034130216,-0.02972889,-0.096399784,-0.017659187,-0.028063476,-0.09123385,0.032893956,-0.030890763,-0.11892605,-0.040614694,-0.028680444,-0.12312794,0.00096888095,-0.0003875524,-0.0014154087,0.0027128668,0.0069759428,-0.00096888095,0.00060660375,-0.002906643,-0.0019377619,-0.0003875524,0.0,0.0019377619,0.0001937762,-0.0011626572,-0.00050550315,-0.0019377619,0.0,0.0,0.0,0.0,0.0,0.0,0.0,0.0,0.0,0.0,0.0,0.0,0.0,0.0,0.0,0.0,0.009587379,0.0,0.011717907,0.010550066,-0.0067058397,-0.99992186,0.0,0.0,0.0,0.03416049,-0.029638052,-0.096399784,-0.017689466,-0.028093755,-0.09126544,0.032893956,-0.030921042,-0.11892605,-0.04070553,-0.028741002,-0.12312794,0.0011626572,0.0052319574,-0.0010110063,0.0,0.0021315382,-0.0007751048,-0.0013143081,-0.0023253143,0.0023253143,-0.0034879714,-0.00070770434,-0.0005813286,-0.0046506287,-0.0019377619,0.0010110063,-0.0019377619,0.0,0.0,0.0,0.0,0.0,0.0,0.0,0.0,0.0,0.0,0.0,0.0,0.0,0.0,0.0,0.0,-0.0074568503,0.0010652643,-0.018109493,0.010502564,-0.0067010922,-0.99992245,0.0,0.0,0.0,0.034190767,-0.02969861,-0.096399784,-0.017719746,-0.028063476,-0.09123385,0.032893956,-0.030890763,-0.11892605,-0.040644974,-0.028680444,-0.12312794,0.0052319574,0.0019377619,-0.0009099056,-0.0019377619,0.0,-0.0019377619,0.0015165093,0.0007751048,-0.0019377619,0.0015502096,-0.00030330187,0.0021315382,-0.0023253143,-0.0019377619,-0.00040440247,-0.0019377619,0.0,0.0,0.0,0.0,0.0,0.0,0.0,0.0,0.0,0.0,0.0,0.0,0.0,0.0,0.0,0.0,0.0010652643,0.008522115,-0.008522115,0.010487736,-0.006603416,-0.9999232,0.0,0.0,0.0,0.034099936,-0.02972889,-0.096399784,-0.017750025,-0.028002918,-0.091217995,0.032924235,-0.030951321,-0.1189419,-0.040584415,-0.028619885,-0.1231122,-0.0023253143,0.0007751048,-0.00040440247,0.0023253143,0.0005813286,0.0,-0.00030330187,-0.0042630765,-0.0013564334,0.0027128668,-0.0016176099,0.0005813286,0.00096888095,-0.0011626572,0.0012132075,0.0007751048,0.0,0.0,0.0,0.0,0.0,0.0,0.0,0.0,0.0,0.0,0.0,0.0,0.0,0.0,0.0,0.0,0.29754713,-0.49553698,-0.6426134,0.028102752,-0.13162687,-0.3786829,-0.4955546,-0.3916769,-0.041976266,0.16238365,0.22303277,-1.3944873,0.06797585,0.0013389885,0.35627934,-1.9419798
1788699159.6672475,94,1,-0.0021305287,-0.006391586,-0.010652643,0.0104683805,-0.006544568,-0.99992377,0.0,0.0,0.0,0.034130216,-0.029759169,-0.096399784,-0.017719746,-0.028033197,-0.091249585,0.032954514,-0.030921042,-0.11891031,-0.040584415,-0.028619885,-0.12312794,0.0042630765,-0.0019377619,-0.00050550315,0.0015502096,0.0019377619,-0.0003875524,-0.00050550315,0.0007751048,-0.0019377619,0.0019377619,0.00060660375,0.0005813286,-0.0015502096,0.0013564334,-0.00020220123,-0.0019377619,0.0,0.0,0.0,0.0,0.0,0.0,0.0,0.0,0.0,0.0,0.0,0.0,0.0,0.0,0.0,0.0,-0.0074568503,-0.003195793,0.0021305287,0.0104677575,-0.0065827304,-0.9999236,0.0,0.0,0.0,0.034099936,-0.02969861,-0.096399784,-0.017750025,-0.027972639,-0.091217995,0.032924235,-0.030951321,-0.1189419,-0.040614694,-0.028619885,-0.12312794,-0.0001937762,0.0046506287,-0.00010110062,0.0013564334,0.00096888095,0.002906643,0.0013143081,0.0001937762,-0.0027128668,0.0,-0.0015165093,0.0027128668,-0.0025190904,-0.002906643,-0.00020220123,0.0,0.0,0.0,0.0,0.0,0.0,0.0,0.0,0.0,0.0,0.0,0.0,0.0,0.0,0.0,0.0,0.0,0.0021305287,-0.0149137005,0.01704423,0.010487581,-0.006656889,-0.99992293,0.0,0.0,0.0,0.034130216,-0.02972889,-0.096399784,-0.017659187,-0.028063476,-0.09123385,0.032893956,-0.030890763,-0.11892605,-0.040614694,-0.028680444,-0.12312794,0.00096888095,-0.0003875524,-0.0014154087,0.0027128668,0.0069759428,-0.00096888095,0.00060660375,-0.002906643,-0.0019377619,-0.0003875524,0.0,0.0019377619,0.0001937762,-0.0011626572,-0.00050550315,-0.0019377619,0.0,0.0,0.0,0.0,0.0,0.0,0.0,0.0,0.0,0.0,0.0,0.0,0.0,0.0,0.0,0.0,0.009587379,0.0,0.011717907,0.010550066,-0.0067058397,-0.99992186,0.0,0.0,0.0,0.03416049,-0.029638052,-0.096399784,-0.017689466,-0.028093755,-0.09126544,0.032893956,-0.030921042,-0.11892605,-0.04070553,-0.028741002,-0.12312794,0.0011626572,0.0052319574,-0.0010110063,0.0,0.0021315382,-0.0007751048,-0.0013143081,-0.0023253143,0.0023253143,-0.0034879714,-0.00070770434,-0.0005813286,-0.0046506287,-0.0019377619,0.0010110063,-0.0019377619,0.0,0.0,0.0,0.0,0.0,0.0,0.0,0.0,0.0,0.0,0.0,0.0,0.0,0.0,0.0,0.0,-0.0074568503,0.0010652643,-0.018109493,0.010502564,-0.0067010922,-0.99992245,0.0,0.0,0.0,0.034190767,-0.02969861,-0.096399784,-0.017719746,-0.028063476,-0.09123385,0.032893956,-0.030890763,-0.11892605,-0.040644974,-0.028680444,-0.12312794,0.0052319574,0.0019377619,-0.0009099056,-0.0019377619,0.0,-0.0019377619,0.0015165093,0.0007751048,-0.0019377619,0.0015502096,-0.00030330187,0.0021315382,-0.0023253143,-0.0019377619,-0.00040440247,-0.0019377619,0.0,0.0,0.0,0.0,0.0,0.0,0.0,0.0,0.0,0.0,0.0,0.0,0.0,0.0,0.0,0.0,0.29097396,-0.48525256,-0.65204257,0.03621317,-0.13428003,-0.36142114,-0.47564155,-0.39194697,-0.035686333,0.14825162,0.23257488,-1.3988165,0.075169444,0.01997624,0.35158396,-1.9407943
1788699159.6875136,95,1,-0.010652643,-0.0010652643,-0.008522115,0.010511506,-0.0066248016,-0.9999229,0.0,0.0,0.0,0.03416049,-0.02969861,-0.096399784,-0.017689466,-0.028063476,-0.09123385,0.032893956,-0.030860484,-0.1189419,-0.040644974,-0.028741002,-0.12312794,-0.0001937762,0.0019377619,-0.0010110063,0.0015502096,0.0027128668,0.0007751048,0.0015165093,-0.0032941953,-0.0019377619,0.0031004192,-0.0021231133,-0.0034879714,-0.0013564334,-0.0019377619,-0.00050550315,-0.0017439857,0.0,0.0,0.0,0.0,0.0,0.0,0.0,0.0,0.0,0.0,0.0,0.0,0.0,0.0,0.0,0.0,-0.0021305287,-0.006391586,-0.010652643,0.0104683805,-0.006544568,-0.99992377,0.0,0.0,0.0,0.034130216,-0.029759169,-0.096399784,-0.017719746,-0.028033197,-0.091249585,0.032954514,-0.030921042,-0.11891031,-0.040584415,-0.028619885,-0.12312794,0.0042630765,-0.0019377619,-0.00050550315,0.0015502096,0.0019377619,-0.0003875524,-0.00050550315,0.0007751048,-0.0019377619,0.0019377619,0.00060660375,0.0005813286,-0.0015502096,0.0013564334,-0.00020220123,-0.0019377619,0.0,0.0,0.0,0.0,0.0,0.0,0.0,0.0,0.0,0.0,0.0,0.0,0.0,0.0,0.0,0.0,-0.0074568503,-0.003195793,0.0021305287,0.0104677575,-0.0065827304,-0.9999236,0.0,0.0,0.0,0.034099936,-0.02969861,-0.096399784,-0.017750025,-0.027972639,-0.091217995,0.032924235,-0.030951321,-0.1189419,-0.040614694,-0.028619885,-0.12312794,-0.0001937762,0.0046506287,-0.00010110062,0.0013564334,0.00096888095,0.002906643,0.0013143081,0.0001937762,-0.0027128668,0.0,-0.0015165093,0.0027128668,-0.0025190904,-0.002906643,-0.00020220123,0.0,0.0,0.0,0.0,0.0,0.0,0.0,0.0,0.0,0.0,0.0,0.0,0.0,0.0,0.0,0.0,0.0,0.0021305287,-0.0149137005,0.01704423,0.010487581,-0.006656889,-0.99992293,0.0,0.0,0.0,0.034130216,-0.02972889,-0.096399784,-0.017659187,-0.028063476,-0.09123385,0.032893956,-0.030890763,-0.11892605,-0.040614694,-0.028680444,-0.12312794,0.00096888095,-0.0003875524,-0.0014154087,0.0027128668,0.0069759428,-0.00096888095,0.00060660375,-0.002906643,-0.0019377619,-0.0003875524,0.0,0.0019377619,0.0001937762,-0.0011626572,-0.00050550315,-0.0019377619,0.0,0.0,0.0,0.0,0.0,0.0,0.0,0.0,0.0,0.0,0.0,0.0,0.0,0.0,0.0,0.0,0.009587379,0.0,0.011717907,0.010550066,-0.0067058397,-0.99992186,0.0,0.0,0.0,0.03416049,-0.029638052,-0.096399784,-0.017689466,-0.028093755,-0.09126544,0.032893956,-0.030921042,-0.11892605,-0.04070553,-0.028741002,-0.12312794,0.0011626572,0.0052319574,-0.0010110063,0.0,0.0021315382,-0.0007751048,-0.0013143081,-0.0023253143,0.0023253143,-0.0034879714,-0.00070770434,-0.0005813286,-0.0046506287,-0.0019377619,0.0010110063,-0.0019377619,0.0,0.0,0.0,0.0,0.0,0.0,0.0,0.0,0.0,0.0,0.0,0.0,0.0,0.0,0.0,0.0,0.29321513,-0.49508247,-0.64743584,0.03185944,-0.13478942,-0.3618468,-0.4783375,-0.39365324,-0.03397039,0.14446597,0.22377346,-1.3946273,0.07568257,0.016569123,0.35477582,-1.9409113
1788699159.7094083,96,1,0.0021305287,-0.011717907,0.006391586,0.010518254,-0.006650047,-0.9999227,0.0,0.0,0.0,0.03416049,-0.02972889,-0.09638393,-0.017719746,-0.028093755,-0.091249585,0.032924235,-0.030890763,-0.1189419,-0.040675253,-0.028741002,-0.12312794,0.0021315382,0.0021315382,-0.00010110062,-0.0015502096,-0.0003875524,0.0005813286,-0.00060660375,0.0003875524,0.0019377619,0.0007751048,-0.0020220126,0.0019377619,-0.0046506287,-0.0015502096,-0.00040440247,0.00096888095,0.0,0.0,0.0,0.0,0.0,0.0,0.0,0.0,0.0,0.0,0.0,0.0,0.0,0.0,0.0,0.0,-0.010652643,-0.0010652643,-0.008522115,0.010511506,-0.0066248016,-0.9999229,0.0,0.0,0.0,0.03416049,-0.02969861,-0.096399784,-0.017689466,-0.028063476,-0.09123385,0.032893956,-0.030860484,-0.1189419,-0.040644974,-0.028741002,-0.12312794,-0.0001937762,0.0019377619,-0.0010110063,0.0015502096,0.0027128668,0.0007751048,0.0015165093,-0.0032941953,-0.0019377619,0.0031004192,-0.0021231133,-0.0034879714,-0.0013564334,-0.0019377619,-0.00050550315,-0.0017439857,0.0,0.0,0.0,0.0,0.0,0.0,0.0,0.0,0.0,0.0,0.0,0.0,0.0,0.0,0.0,0.0,-0.0021305287,-0.006391586,-0.010652643,0.0104683805,-0.006544568,-0.99992377,0.0,0.0,0.0,0.034130216,-0.029759169,-0.096399784,-0.017719746,-0.028033197,-0.091249585,0.032954514,-0.030921042,-0.11891031,-0.040584415,-0.028619885,-0.12312794,0.0042630765,-0.0019377619,-0.00050550315,0.0015502096,0.0019377619,-0.0003875524,-0.00050550315,0.0007751048,-0.0019377619,0.0019377619,0.00060660375,0.0005813286,-0.0015502096,0.0013564334,-0.00020220123,-0.0019377619,0.0,0.0,0.0,0.0,0.0,0.0,0.0,0.0,0.0,0.0,0.0,0.0,0.0,0.0,0.0,0.0,-0.0074568503,-0.003195793,0.0021305287,0.0104677575,-0.0065827304,-0.9999236,0.0,0.0,0.0,0.034099936,-0.02969861,-0.096399784,-0.017750025,-0.027972639,-0.091217995,0.032924235,-0.030951321,-0.1189419,-0.040614694,-0.028619885,-0.12312794,-0.0001937762,0.0046506287,-0.00010110062,0.0013564334,0.00096888095,0.002906643,0.0013143081,0.0001937762,-0.0027128668,0.0,-0.0015165093,0.0027128668,-0.0025190904,-0.002906643,-0.00020220123,0.0,0.0,0.0,0.0,0.0,0.0,0.0,0.0,0.0,0.0,0.0,0.0,0.0,0.0,0.0,0.0,0.0,0.0021305287,-0.0149137005,0.01704423,0.010487581,-0.006656889,-0.99992293,0.0,0.0,0.0,0.034130216,-0.02972889,-0.096399784,-0.017659187,-0.028063476,-0.09123385,0.032893956,-0.030890763,-0.11892605,-0.040614694,-0.028680444,-0.12312794,0.00096888095,-0.0003875524,-0.0014154087,0.0027128668,0.0069759428,-0.00096888095,0.00060660375,-0.002906643,-0.0019377619,-0.0003875524,0.0,0.0019377619,0.0001937762,-0.0011626572,-0.00050550315,-0.0019377619,0.0,0.0,0.0,0.0,0.0,0.0,0.0,0.0,0.0,0.0,0.0,0.0,0.0,0.0,0.0,0.0,0.2946374,-0.49591014,-0.6388734,0.034223963,-0.1285789,-0.37989488,-0.48912954,-0.39216065,-0.043920122,0.16052496,0.21557589,-1.3951852,0.07010849,-0.00044761598,0.3544601,-1.9405633
1788699159.727286,97,1,0.0010652643,-0.0042610574,0.0053263213,0.010513433,-0.0066421814,-0.99992275,0.0,0.0,0.0,0.034099936,-0.02972889,-0.09641552,-0.017750025,-0.028033197,-0.091217995,0.032893956,-0.030921042,-0.11892605,-0.040644974,-0.028680444,-0.1231122,-0.0011626572,0.0019377619,-0.0021231133,-0.0003875524,0.0,0.0011626572,0.0018198112,-0.0023253143,-0.0025190904,0.00096888095,0.00010110062,-0.0003875524,-0.0031004192,-0.0023253143,0.0012132075,0.0013564334,0.0,0.0,0.0,0.0,0.0,0.0,0.0,0.0,0.0,0.0,0.0,0.0,0.0,0.0,0.0,0.0,0.0021305287,-0.011717907,0.006391586,0.010518254,-0.006650047,-0.9999227,0.0,0.0,0.0,0.03416049,-0.02972889,-0.09638393,-0.017719746,-0.028093755,-0.091249585,0.032924235,-0.030890763,-0.1189419,-0.040675253,-0.028741002,-0.12312794,0.0021315382,0.0021315382,-0.00010110062,-0.0015502096,-0.0003875524,0.0005813286,-0.00060660375,0.0003875524,0.0019377619,0.0007751048,-0.0020220126,0.0019377619,-0.0046506287,-0.0015502096,-0.00040440247,0.00096888095,0.0,0.0,0.0,0.0,0.0,0.0,0.0,0.0,0.0,0.0,0.0,0.0,0.0,0.0,0.0,0.0,-0.010652643,-0.0010652643,-0.008522115,0.010511506,-0.0066248016,-0.9999229,0.0,0.0,0.0,0.03416049,-0.02969861,-0.096399784,-0.017689466,-0.028063476,-0.09123385,0.032893956,-0.030860484,-0.1189419,-0.040644974,-0.028741002,-0.12312794,-0.0001937762,0.0019377619,-0.0010110063,0.0015502096,0.0027128668,0.0007751048,0.0015165093,-0.0032941953,-0.0019377619,0.0031004192,-0.0021231133,-0.0034879714,-0.0013564334,-0.0019377619,-0.00050550315,-0.0017439857,0.0,0.0,0.0,0.0,0.0,0.0,0.0,0.0,0.0,0.0,0.0,0.0,0.0,0.0,0.0,0.0,-0.0021305287,-0.006391586,-0.010652643,0.0104683805,-0.006544568,-0.99992377,0.0,0.0,0.0,0.034130216,-0.029759169,-0.096399784,-0.017719746,-0.028033197,-0.091249585,0.032954514,-0.030921042,-0.11891031,-0.040584415,-0.028619885,-0.12312794,0.0042630765,-0.0019377619,-0.00050550315,0.0015502096,0.0019377619,-0.0003875524,-0.00050550315,0.0007751048,-0.0019377619,0.0019377619,0.00060660375,0.0005813286,-0.0015502096,0.0013564334,-0.00020220123,-0.0019377619,0.0,0.0,0.0,0.0,0.0,0.0,0.0,0.0,0.0,0.0,0.0,0.0,0.0,0.0,0.0,0.0,-0.0074568503,-0.003195793,0.0021305287,0.0104677575,-0.0065827304,-0.9999236,0.0,0.0,0.0,0.034099936,-0.02969861,-0.096399784,-0.017750025,-0.027972639,-0.091217995,0.032924235,-0.030951321,-0.1189419,-0.040614694,-0.028619885,-0.12312794,-0.0001937762,0.0046506287,-0.00010110062,0.0013564334,0.00096888095,0.002906643,0.0013143081,0.0001937762,-0.0027128668,0.0,-0.0015165093,0.0027128668,-0.0025190904,-0.002906643,-0.00020220123,0.0,0.0,0.0,0.0,0.0,0.0,0.0,0.0,0.0,0.0,0.0,0.0,0.0,0.0,0.0,0.0,0.0,0.29691234,-0.49725425,-0.6368457,0.021955792,-0.13090722,-0.37444898,-0.4925195,-0.39592403,-0.045984738,0.15998732,0.22047937,-1.3990102,0.06675933,-0.0023954585,0.35286447,-1.9458033
1788699159.7475016,98,1,-0.0042610574,-0.0042610574,-0.0010652643,0.010516658,-0.006602373,-0.9999229,0.0,0.0,0.0,0.034099936,-0.029759169,-0.096399784,-0.017750025,-0.028033197,-0.091217995,0.032954514,-0.030921042,-0.11891031,-0.040614694,-0.028619885,-0.12312794,0.0003875524,0.0,-0.00080880494,0.0021315382,-0.0017439857,-0.0011626572,0.0012132075,-0.0013564334,0.0011626572,0.0038755238,0.0016176099,-0.0007751048,-0.0015502096,0.0001937762,-0.00010110062,0.0005813286,0.0,0.0,0.0,0.0,0.0,0.0,0.0,0.0,0.0,0.0,0.0,0.0,0.0,0.0,0.0,0.0,0.0010652643,-0.0042610574,0.0053263213,0.010513433,-0.0066421814,-0.99992275,0.0,0.0,0.0,0.034099936,-0.02972889,-0.09641552,-0.017750025,-0.028033197,-0.091217995,0.032893956,-0.030921042,-0.11892605,-0.040644974,-0.028680444,-0.1231122,-0.0011626572,0.0019377619,-0.0021231133,-0.0003875524,0.0,0.0011626572,0.0018198112,-0.0023253143,-0.0025190904,0.00096888095,0.00010110062,-0.0003875524,-0.0031004192,-0.0023253143,0.0012132075,0.0013564334,0.0,0.0,0.0,0.0,0.0,0.0,0.0,0.0,0.0,0.0,0.0,0.0,0.0,0.0,0.0,0.0,0.0021305287,-0.011717907,0.006391586,0.010518254,-0.006650047,-0.9999227,0.0,0.0,0.0,0.03416049,-0.02972889,-0.09638393,-0.017719746,-0.028093755,-0.091249585,0.032924235,-0.030890763,-0.1189419,-0.040675253,-0.028741002,-0.12312794,0.0021315382,0.0021315382,-0.00010110062,-0.0015502096,-0.0003875524,0.0005813286,-0.00060660375,0.0003875524,0.0019377619,0.0007751048,-0.0020220126,0.0019377619,-0.0046506287,-0.0015502096,-0.00040440247,0.00096888095,0.0,0.0,0.0,0.0,0.0,0.0,0.0,0.0,0.0,0.0,0.0,0.0,0.0,0.0,0.0,0.0,-0.010652643,-0.0010652643,-0.008522115,0.010511506,-0.0066248016,-0.9999229,0.0,0.0,0.0,0.03416049,-0.02969861,-0.096399784,-0.017689466,-0.028063476,-0.09123385,0.032893956,-0.030860484,-0.1189419,-0.040644974,-0.028741002,-0.12312794,-0.0001937762,0.0019377619,-0.0010110063,0.0015502096,0.0027128668,0.0007751048,0.0015165093,-0.0032941953,-0.0019377619,0.0031004192,-0.0021231133,-0.0034879714,-0.0013564334,-0.0019377619,-0.00050550315,-0.0017439857,0.0,0.0,0.0,0.0,0.0,0.0,0.0,0.0,0.0,0.0,0.0,0.0,0.0,0.0,0.0,0.0,-0.0021305287,-0.006391586,-0.010652643,0.0104683805,-0.006544568,-0.99992377,0.0,0.0,0.0,0.034130216,-0.029759169,-0.096399784,-0.017719746,-0.028033197,-0.091249585,0.032954514,-0.030921042,-0.11891031,-0.040584415,-0.028619885,-0.12312794,0.0042630765,-0.0019377619,-0.00050550315,0.0015502096,0.0019377619,-0.0003875524,-0.00050550315,0.0007751048,-0.0019377619,0.0019377619,0.00060660375,0.0005813286,-0.0015502096,0.0013564334,-0.00020220123,-0.0019377619,0.0,0.0,0.0,0.0,0.0,0.0,0.0,0.0,0.0,0.0,0.0,0.0,0.0,0.0,0.0,0.0,0.29056078,-0.49442795,-0.6429632,0.026617307,-0.13376805,-0.36671263,-0.47929078,-0.40092647,-0.038612828,0.13907062,0.2228698,-1.4031101,0.07208062,0.014572609,0.349233,-1.9451246
1788699159.7673657,99,1,0.006391586,-0.006391586,-0.023435814,0.010534867,-0.0066410373,-0.9999227,0.0,0.0,0.0,0.034130216,-0.02969861,-0.096399784,-0.017750025,-0.028033197,-0.091249585,0.032893956,-0.030860484,-0.1189419,-0.040644974,-0.028680444,-0.12312794,0.0005813286,0.0019377619,-0.0009099056,-0.00096888095,-0.0017439857,0.00096888095,0.0,0.0007751048,-0.0019377619,0.0056195096,-0.0019209118,0.0019377619,-0.0015502096,-0.0001937762,-0.00040440247,0.0021315382,0.0,0.0,0.0,0.0,0.0,0.0,0.0,0.0,0.0,0.0,0.0,0.0,0.0,0.0,0.0,0.0,-0.0042610574,-0.0042610574,-0.0010652643,0.010516658,-0.006602373,-0.9999229,0.0,0.0,0.0,0.034099936,-0.029759169,-0.096399784,-0.017750025,-0.028033197,-0.091217995,0.032954514,-0.030921042,-0.11891031,-0.040614694,-0.028619885,-0.12312794,0.0003875524,0.0,-0.00080880494,0.0021315382,-0.0017439857,-0.0011626572,0.0012132075,-0.0013564334,0.0011626572,0.0038755238,0.0016176099,-0.0007751048,-0.0015502096,0.0001937762,-0.00010110062,0.0005813286,0.0,0.0,0.0,0.0,0.0,0.0,0.0,0.0,0.0,0.0,0.0,0.0,0.0,0.0,0.0,0.0,0.0010652643,-0.0042610574,0.0053263213,0.010513433,-0.0066421814,-0.99992275,0.0,0.0,0.0,0.034099936,-0.02972889,-0.09641552,-0.017750025,-0.028033197,-0.091217995,0.032893956,-0.030921042,-0.11892605,-0.040644974,-0.028680444,-0.1231122,-0.0011626572,0.0019377619,-0.0021231133,-0.0003875524,0.0,0.0011626572,0.0018198112,-0.0023253143,-0.0025190904,0.00096888095,0.00010110062,-0.0003875524,-0.0031004192,-0.0023253143,0.0012132075,0.0013564334,0.0,0.0,0.0,0.0,0.0,0.0,0.0,0.0,0.0,0.0,0.0,0.0,0.0,0.0,0.0,0.0,0.0021305287,-0.011717907,0.006391586,0.010518254,-0.006650047,-0.9999227,0.0,0.0,0.0,0.03416049,-0.02972889,-0.09638393,-0.017719746,-0.028093755,-0.091249585,0.032924235,-0.030890763,-0.1189419,-0.040675253,-0.028741002,-0.12312794,0.0021315382,0.0021315382,-0.00010110062,-0.0015502096,-0.0003875524,0.0005813286,-0.00060660375,0.0003875524,0.0019377619,0.0007751048,-0.0020220126,0.0019377619,-0.0046506287,-0.0015502096,-0.00040440247,0.00096888095,0.0,0.0,0.0,0.0,0.0,0.0,0.0,0.0,0.0,0.0,0.0,0.0,0.0,0.0,0.0,0.0,-0.010652643,-0.0010652643,-0.008522115,0.010511506,-0.0066248016,-0.9999229,0.0,0.0,0.0,0.03416049,-0.02969861,-0.096399784,-0.017689466,-0.028063476,-0.09123385,0.032893956,-0.030860484,-0.1189419,-0.040644974,-0.028741002,-0.12312794,-0.0001937762,0.0019377619,-0.0010110063,0.0015502096,0.0027128668,0.0007751048,0.0015165093,-0.0032941953,-0.0019377619,0.0031004192,-0.0021231133,-0.0034879714,-0.0013564334,-0.0019377619,-0.00050550315,-0.0017439857,0.0,0.0,0.0,0.0,0.0,0.0,0.0,0.0,0.0,0.0,0.0,0.0,0.0,0.0,0.0,0.0,0.28556818,-0.5016842,-0.65861183,0.028301876,-0.13920484,-0.35476613,-0.45573154,-0.3954587,-0.026836243,0.10989922,0.22918636,-1.4061646,0.079779476,0.03770214,0.33503988,-1.9426959
1788699159.7874238,100,1,0.0021305287,0.003195793,-0.0010652643,0.010530304,-0.00663752,-0.9999227,0.0,0.0,0.0,0.03416049,-0.029668331,-0.09638393,-0.017689466,-0.028093755,-0.09123385,0.032893956,-0.030860484,-0.11892605,-0.040675253,-0.028771281,-0.12312794,0.00096888095,0.0036817477,0.00050550315,0.0021315382,0.0025190904,0.0,0.0015165093,0.0003875524,-0.0015502096,0.0019377619,0.00010110062,0.0015502096,-0.0031004192,-0.002906643,-0.00030330187,-0.0019377619,0.0,0.0,0.0,0.0,0.0,0.0,0.0,0.0,0.0,0.0,0.0,0.0,0.0,0.0,0.0,0.0,0.006391586,-0.006391586,-0.023435814,0.010534867,-0.0066410373,-0.9999227,0.0,0.0,0.0,0.034130216,-0.02969861,-0.096399784,-0.017750025,-0.028033197,-0.091249585,0.032893956,-0.030860484,-0.1189419,-0.040644974,-0.028680444,-0.12312794,0.0005813286,0.0019377619,-0.0009099056,-0.00096888095,-0.0017439857,0.00096888095,0.0,0.0007751048,-0.0019377619,0.0056195096,-0.0019209118,0.0019377619,-0.0015502096,-0.0001937762,-0.00040440247,0.0021315382,0.0,0.0,0.0,0.0,0.0,0.0,0.0,0.0,0.0,0.0,0.0,0.0,0.0,0.0,0.0,0.0,-0.0042610574,-0.0042610574,-0.0010652643,0.010516658,-0.006602373,-0.9999229,0.0,0.0,0.0,0.034099936,-0.029759169,-0.096399784,-0.017750025,-0.028033197,-0.091217995,0.032954514,-0.030921042,-0.11891031,-0.040614694,-0.028619885,-0.12312794,0.0003875524,0.0,-0.00080880494,0.0021315382,-0.0017439857,-0.0011626572,0.0012132075,-0.0013564334,0.0011626572,0.0038755238,0.0016176099,-0.0007751048,-0.0015502096,0.0001937762,-0.00010110062,0.0005813286,0.0,0.0,0.0,0.0,0.0,0.0,0.0,0.0,0.0,0.0,0.0,0.0,0.0,0.0,0.0,0.0,0.0010652643,-0.0042610574,0.0053263213,0.010513433,-0.0066421814,-0.99992275,0.0,0.0,0.0,0.034099936,-0.02972889,-0.09641552,-0.017750025,-0.028033197,-0.091217995,0.032893956,-0.030921042,-0.11892605,-0.040644974,-0.028680444,-0.1231122,-0.0011626572,0.0019377619,-0.0021231133,-0.0003875524,0.0,0.0011626572,0.0018198112,-0.0023253143,-0.0025190904,0.00096888095,0.00010110062,-0.0003875524,-0.0031004192,-0.0023253143,0.0012132075,0.0013564334,0.0,0.0,0.0,0.0,0.0,0.0,0.0,0.0,0.0,0.0,0.0,0.0,0.0,0.0,0.0,0.0,0.0021305287,-0.011717907,0.006391586,0.010518254,-0.006650047,-0.9999227,0.0,0.0,0.0,0.03416049,-0.02972889,-0.09638393,-0.017719746,-0.028093755,-0.091249585,0.032924235,-0.030890763,-0.1189419,-0.040675253,-0.028741002,-0.12312794,0.0021315382,0.0021315382,-0.00010110062,-0.0015502096,-0.0003875524,0.0005813286,-0.00060660375,0.0003875524,0.0019377619,0.0007751048,-0.0020220126,0.0019377619,-0.0046506287,-0.0015502096,-0.00040440247,0.00096888095,0.0,0.0,0.0,0.0,0.0,0.0,0.0,0.0,0.0,0.0,0.0,0.0,0.0,0.0,0.0,0.0,0.29539838,-0.5042094,-0.6409452,0.029380906,-0.13123286,-0.3701363,-0.47292334,-0.4005251,-0.04231657,0.15368874,0.2100456,-1.3927088,0.06783488,0.008378442,0.34669548,-1.9417857
1788699159.8073404,101,1,-0.0042610574,0.0021305287,0.009587379,0.010507598,-0.006653261,-0.9999228,0.0,0.0,0.0,0.034130216,-0.02972889,-0.096368074,-0.017719746,-0.028063476,-0.091249585,0.032924235,-0.030951321,-0.11892605,-0.040584415,-0.028741002,-0.12312794,0.0003875524,0.0003875524,-0.00070770434,0.0019377619,0.0001937762,0.0005813286,-0.00060660375,-0.0015502096,0.0007751048,-0.0027128668,0.00020220123,-0.0003875524,0.0032941953,-0.0025190904,0.00010110062,-0.00096888095,0.0,0.0,0.0,0.0,0.0,0.0,0.0,0.0,0.0,0.0,0.0,0.0,0.0,0.0,0.0,0.0,0.0021305287,0.003195793,-0.0010652643,0.010530304,-0.00663752,-0.9999227,0.0,0.0,0.0,0.03416049,-0.029668331,-0.09638393,-0.017689466,-0.028093755,-0.09123385,0.032893956,-0.030860484,-0.11892605,-0.040675253,-0.028771281,-0.12312794,0.00096888095,0.0036817477,0.00050550315,0.0021315382,0.0025190904,0.0,0.0015165093,0.0003875524,-0.0015502096,0.0019377619,0.00010110062,0.0015502096,-0.0031004192,-0.002906643,-0.00030330187,-0.0019377619,0.0,0.0,0.0,0.0,0.0,0.0,0.0,0.0,0.0,0.0,0.0,0.0,0.0,0.0,0.0,0.0,0.006391586,-0.006391586,-0.023435814,0.010534867,-0.0066410373,-0.9999227,0.0,0.0,0.0,0.034130216,-0.02969861,-0.096399784,-0.017750025,-0.028033197,-0.091249585,0.032893956,-0.030860484,-0.1189419,-0.040644974,-0.028680444,-0.12312794,0.0005813286,0.0019377619,-0.0009099056,-0.00096888095,-0.0017439857,0.00096888095,0.0,0.0007751048,-0.0019377619,0.0056195096,-0.0019209118,0.0019377619,-0.0015502096,-0.0001937762,-0.00040440247,0.0021315382,0.0,0.0,0.0,0.0,0.0,0.0,0.0,0.0,0.0,0.0,0.0,0.0,0.0,0.0,0.0,0.0,-0.0042610574,-0.0042610574,-0.0010652643,0.010516658,-0.006602373,-0.9999229,0.0,0.0,0.0,0.034099936,-0.029759169,-0.096399784,-0.017750025,-0.028033197,-0.091217995,0.032954514,-0.030921042,-0.11891031,-0.040614694,-0.028619885,-0.12312794,0.0003875524,0.0,-0.00080880494,0.0021315382,-0.0017439857,-0.0011626572,0.0012132075,-0.0013564334,0.0011626572,0.0038755238,0.0016176099,-0.0007751048,-0.0015502096,0.0001937762,-0.00010110062,0.0005813286,0.0,0.0,0.0,0.0,0.0,0.0,0.0,0.0,0.0,0.0,0.0,0.0,0.0,0.0,0.0,0.0,0.0010652643,-0.0042610574,0.0053263213,0.010513433,-0.0066421814,-0.99992275,0.0,0.0,0.0,0.034099936,-0.02972889,-0.09641552,-0.017750025,-0.028033197,-0.091217995,0.032893956,-0.030921042,-0.11892605,-0.040644974,-0.028680444,-0.1231122,-0.0011626572,0.0019377619,-0.0021231133,-0.0003875524,0.0,0.0011626572,0.0018198112,-0.0023253143,-0.0025190904,0.00096888095,0.00010110062,-0.0003875524,-0.0031004192,-0.0023253143,0.0012132075,0.0013564334,0.0,0.0,0.0,0.0,0.0,0.0,0.0,0.0,0.0,0.0,0.0,0.0,0.0,0.0,0.0,0.0,0.29650292,-0.48668185,-0.6507403,0.031820145,-0.13329734,-0.37871787,-0.485536,-0.39243248,-0.038126886,0.16679162,0.21373835,-1.4091156,0.06650622,0.016090125,0.36000058,-1.9418054
1788699159.8293905,102,1,-0.0149137005,0.003195793,0.0053263213,0.0104452325,-0.006617595,-0.99992365,0.0,0.0,0.0,0.034130216,-0.02972889,-0.096399784,-0.017719746,-0.028033197,-0.09120226,0.032924235,-0.0309816,-0.11892605,-0.040614694,-0.028589606,-0.1231122,0.0,-0.00096888095,-0.00020220123,0.0015502096,0.002906643,-0.0021315382,0.002931918,-0.0031004192,-0.0017439857,-0.0025190904,-0.00060660375,-0.0003875524,-0.0025190904,0.0032941953,0.0011121068,0.0001937762,0.0,0.0,0.0,0.0,0.0,0.0,0.0,0.0,0.0,0.0,0.0,0.0,0.0,0.0,0.0,0.0,-0.0042610574,0.0021305287,0.009587379,0.010507598,-0.006653261,-0.9999228,0.0,0.0,0.0,0.034130216,-0.02972889,-0.096368074,-0.017719746,-0.028063476,-0.091249585,0.032924235,-0.030951321,-0.11892605,-0.040584415,-0.028741002,-0.12312794,0.0003875524,0.0003875524,-0.00070770434,0.0019377619,0.0001937762,0.0005813286,-0.00060660375,-0.0015502096,0.0007751048,-0.0027128668,0.00020220123,-0.0003875524,0.0032941953,-0.0025190904,0.00010110062,-0.00096888095,0.0,0.0,0.0,0.0,0.0,0.0,0.0,0.0,0.0,0.0,0.0,0.0,0.0,0.0,0.0,0.0,0.0021305287,0.003195793,-0.0010652643,0.010530304,-0.00663752,-0.9999227,0.0,0.0,0.0,0.03416049,-0.029668331,-0.09638393,-0.017689466,-0.028093755,-0.09123385,0.032893956,-0.030860484,-0.11892605,-0.040675253,-0.028771281,-0.12312794,0.00096888095,0.0036817477,0.00050550315,0.0021315382,0.0025190904,0.0,0.0015165093,0.0003875524,-0.0015502096,0.0019377619,0.00010110062,0.0015502096,-0.0031004192,-0.002906643,-0.00030330187,-0.0019377619,0.0,0.0,0.0,0.0,0.0,0.0,0.0,0.0,0.0,0.0,0.0,0.0,0.0,0.0,0.0,0.0,0.006391586,-0.006391586,-0.023435814,0.010534867,-0.0066410373,-0.9999227,0.0,0.0,0.0,0.034130216,-0.02969861,-0.096399784,-0.017750025,-0.028033197,-0.091249585,0.032893956,-0.030860484,-0.1189419,-0.040644974,-0.028680444,-0.12312794,0.0005813286,0.0019377619,-0.0009099056,-0.00096888095,-0.0017439857,0.00096888095,0.0,0.0007751048,-0.0019377619,0.0056195096,-0.0019209118,0.0019377619,-0.0015502096,-0.0001937762,-0.00040440247,0.0021315382,0.0,0.0,0.0,0.0,0.0,0.0,0.0,0.0,0.0,0.0,0.0,0.0,0.0,0.0,0.0,0.0,-0.0042610574,-0.0042610574,-0.0010652643,0.010516658,-0.006602373,-0.9999229,0.0,0.0,0.0,0.034099936,-0.029759169,-0.096399784,-0.017750025,-0.028033197,-0.091217995,0.032954514,-0.030921042,-0.11891031,-0.040614694,-0.028619885,-0.12312794,0.0003875524,0.0,-0.00080880494,0.0021315382,-0.0017439857,-0.0011626572,0.0012132075,-0.0013564334,0.0011626572,0.0038755238,0.0016176099,-0.0007751048,-0.0015502096,0.0001937762,-0.00010110062,0.0005813286,0.0,0.0,0.0,0.0,0.0,0.0,0.0,0.0,0.0,0.0,0.0,0.0,0.0,0.0,0.0,0.0,0.29292876,-0.48926857,-0.6351305,0.013617672,-0.13271941,-0.37571535,-0.47969761,-0.39130616,-0.037724078,0.15421528,0.22482961,-1.4139769,0.06822053,0.00894266,0.34010231,-1.9420906
1788699159.8474267,103,1,0.0021305287,-0.0010652643,-0.011717907,0.010440391,-0.006601142,-0.9999239,0.0,0.0,0.0,0.034130216,-0.029668331,-0.09638393,-0.017750025,-0.028002918,-0.09120226,0.032954514,-0.030921042,-0.11891031,-0.040584415,-0.028650165,-0.1231122,0.0007751048,0.0063946145,0.00070770434,0.0019377619,-0.0011626572,0.0011626572,0.002931918,-0.0031004192,0.00096888095,0.0025190904,0.0013143081,0.0027128668,0.0005813286,-0.0007751048,0.0010110063,-0.0032941953,0.0,0.0,0.0,0.0,0.0,0.0,0.0,0.0,0.0,0.0,0.0,0.0,0.0,0.0,0.0,0.0,-0.0149137005,0.003195793,0.0053263213,0.0104452325,-0.006617595,-0.99992365,0.0,0.0,0.0,0.034130216,-0.02972889,-0.096399784,-0.017719746,-0.028033197,-0.09120226,0.032924235,-0.0309816,-0.11892605,-0.040614694,-0.028589606,-0.1231122,0.0,-0.00096888095,-0.00020220123,0.0015502096,0.002906643,-0.0021315382,0.002931918,-0.0031004192,-0.0017439857,-0.0025190904,-0.00060660375,-0.0003875524,-0.0025190904,0.0032941953,0.0011121068,0.0001937762,0.0,0.0,0.0,0.0,0.0,0.0,0.0,0.0,0.0,0.0,0.0,0.0,0.0,0.0,0.0,0.0,-0.0042610574,0.0021305287,0.009587379,0.010507598,-0.006653261,-0.9999228,0.0,0.0,0.0,0.034130216,-0.02972889,-0.096368074,-0.017719746,-0.028063476,-0.091249585,0.032924235,-0.030951321,-0.11892605,-0.040584415,-0.028741002,-0.12312794,0.0003875524,0.0003875524,-0.00070770434,0.0019377619,0.0001937762,0.0005813286,-0.00060660375,-0.0015502096,0.0007751048,-0.0027128668,0.00020220123,-0.0003875524,0.0032941953,-0.0025190904,0.00010110062,-0.00096888095,0.0,0.0,0.0,0.0,0.0,0.0,0.0,0.0,0.0,0.0,0.0,0.0,0.0,0.0,0.0,0.0,0.0021305287,0.003195793,-0.0010652643,0.010530304,-0.00663752,-0.9999227,0.0,0.0,0.0,0.03416049,-0.029668331,-0.09638393,-0.017689466,-0.028093755,-0.09123385,0.032893956,-0.030860484,-0.11892605,-0.040675253,-0.028771281,-0.12312794,0.00096888095,0.0036817477,0.00050550315,0.0021315382,0.0025190904,0.0,0.0015165093,0.0003875524,-0.0015502096,0.0019377619,0.00010110062,0.0015502096,-0.0031004192,-0.002906643,-0.00030330187,-0.0019377619,0.0,0.0,0.0,0.0,0.0,0.0,0.0,0.0,0.0,0.0,0.0,0.0,0.0,0.0,0.0,0.0,0.006391586,-0.006391586,-0.023435814,0.010534867,-0.0066410373,-0.9999227,0.0,0.0,0.0,0.034130216,-0.02969861,-0.096399784,-0.017750025,-0.028033197,-0.091249585,0.032893956,-0.030860484,-0.1189419,-0.040644974,-0.028680444,-0.12312794,0.0005813286,0.0019377619,-0.0009099056,-0.00096888095,-0.0017439857,0.00096888095,0.0,0.0007751048,-0.0019377619,0.0056195096,-0.0019209118,0.0019377619,-0.0015502096,-0.0001937762,-0.00040440247,0.0021315382,0.0,0.0,0.0,0.0,0.0,0.0,0.0,0.0,0.0,0.0,0.0,0.0,0.0,0.0,0.0,0.0,0.28701803,-0.5160691,-0.6567037,0.031869594,-0.13893865,-0.37566105,-0.4581143,-0.39741105,-0.028472908,0.12014846,0.21365309,-1.4042629,0.08038789,0.02168949,0.3385662,-1.9390512
1788699159.8672514,104,1,0.009587379,-0.0021305287,-0.01704423,0.010454163,-0.006677973,-0.99992335,0.0,0.0,0.0,0.03416049,-0.02969861,-0.096399784,-0.017719746,-0.028063476,-0.09123385,0.032893956,-0.030890763,-0.11891031,-0.040675253,-0.028741002,-0.1231122,0.0015502096,0.00096888095,-0.00080880494,0.0013564334,-0.0005813286,-0.0019377619,0.00080880494,0.0031004192,-0.0019377619,0.0011626572,0.00080880494,0.0019377619,-0.0046506287,-0.0025190904,0.0010110063,0.00096888095,0.0,0.0,0.0,0.0,0.0,0.0,0.0,0.0,0.0,0.0,0.0,0.0,0.0,0.0,0.0,0.0,0.0021305287,-0.0010652643,-0.011717907,0.010440391,-0.006601142,-0.9999239,0.0,0.0,0.0,0.034130216,-0.029668331,-0.09638393,-0.017750025,-0.028002918,-0.09120226,0.032954514,-0.030921042,-0.11891031,-0.040584415,-0.028650165,-0.1231122,0.0007751048,0.0063946145,0.00070770434,0.0019377619,-0.0011626572,0.0011626572,0.002931918,-0.0031004192,0.00096888095,0.0025190904,0.0013143081,0.0027128668,0.0005813286,-0.0007751048,0.0010110063,-0.0032941953,0.0,0.0,0.0,0.0,0.0,0.0,0.0,0.0,0.0,0.0,0.0,0.0,0.0,0.0,0.0,0.0,-0.0149137005,0.003195793,0.0053263213,0.0104452325,-0.006617595,-0.99992365,0.0,0.0,0.0,0.034130216,-0.02972889,-0.096399784,-0.017719746,-0.028033197,-0.09120226,0.032924235,-0.0309816,-0.11892605,-0.040614694,-0.028589606,-0.1231122,0.0,-0.00096888095,-0.00020220123,0.0015502096,0.002906643,-0.0021315382,0.002931918,-0.0031004192,-0.0017439857,-0.0025190904,-0.00060660375,-0.0003875524,-0.0025190904,0.0032941953,0.0011121068,0.0001937762,0.0,0.0,0.0,0.0,0.0,0.0,0.0,0.0,0.0,0.0,0.0,0.0,0.0,0.0,0.0,0.0,-0.0042610574,0.0021305287,0.009587379,0.010507598,-0.006653261,-0.9999228,0.0,0.0,0.0,0.034130216,-0.02972889,-0.096368074,-0.017719746,-0.028063476,-0.091249585,0.032924235,-0.030951321,-0.11892605,-0.040584415,-0.028741002,-0.12312794,0.0003875524,0.0003875524,-0.00070770434,0.0019377619,0.0001937762,0.0005813286,-0.00060660375,-0.0015502096,0.0007751048,-0.0027128668,0.00020220123,-0.0003875524,0.0032941953,-0.0025190904,0.00010110062,-0.00096888095,0.0,0.0,0.0,0.0,0.0,0.0,0.0,0.0,0.0,0.0,0.0,0.0,0.0,0.0,0.0,0.0,0.0021305287,0.003195793,-0.0010652643,0.010530304,-0.00663752,-0.9999227,0.0,0.0,0.0,0.03416049,-0.029668331,-0.09638393,-0.017689466,-0.028093755,-0.09123385,0.032893956,-0.030860484,-0.11892605,-0.040675253,-0.028771281,-0.12312794,0.00096888095,0.0036817477,0.00050550315,0.0021315382,0.0025190904,0.0,0.0015165093,0.0003875524,-0.0015502096,0.0019377619,0.00010110062,0.0015502096,-0.0031004192,-0.002906643,-0.00030330187,-0.0019377619,0.0,0.0,0.0,0.0,0.0,0.0,0.0,0.0,0.0,0.0,0.0,0.0,0.0,0.0,0.0,0.0,0.28649962,-0.5033147,-0.6528609,0.036526438,-0.13452323,-0.36053482,-0.45880622,-0.398335,-0.029356625,0.12545958,0.22207299,-1.4023216,0.07754282,0.024074005,0.33999705,-1.9428283
1788699159.8872871,105,1,-0.0010652643,-0.0074568503,0.0042610574,0.010488414,-0.006706591,-0.9999227,0.0,0.0,0.0,0.034130216,-0.02972889,-0.096399784,-0.017719746,-0.028093755,-0.091249585,0.032893956,-0.030890763,-0.11892605,-0.040614694,-0.028710723,-0.12312794,-0.0005813286,-0.0001937762,-0.0010110063,0.0019377619,0.00096888095,-0.0023253143,0.00020220123,-0.0031004192,-0.0023253143,0.0,0.0,0.0023253143,0.0017439857,-0.0001937762,-0.00040440247,-0.0005813286,0.0,0.0,0.0,0.0,0.0,0.0,0.0,0.0,0.0,0.0,0.0,0.0,0.0,0.0,0.0,0.0,0.009587379,-0.0021305287,-0.01704423,0.010454163,-0.006677973,-0.99992335,0.0,0.0,0.0,0.03416049,-0.02969861,-0.096399784,-0.017719746,-0.028063476,-0.09123385,0.032893956,-0.030890763,-0.11891031,-0.040675253,-0.028741002,-0.1231122,0.0015502096,0.00096888095,-0.00080880494,0.0013564334,-0.0005813286,-0.0019377619,0.00080880494,0.0031004192,-0.0019377619,0.0011626572,0.00080880494,0.0019377619,-0.0046506287,-0.0025190904,0.0010110063,0.00096888095,0.0,0.0,0.0,0.0,0.0,0.0,0.0,0.0,0.0,0.0,0.0,0.0,0.0,0.0,0.0,0.0,0.0021305287,-0.0010652643,-0.011717907,0.010440391,-0.006601142,-0.9999239,0.0,0.0,0.0,0.034130216,-0.029668331,-0.09638393,-0.017750025,-0.028002918,-0.09120226,0.032954514,-0.030921042,-0.11891031,-0.040584415,-0.028650165,-0.1231122,0.0007751048,0.0063946145,0.00070770434,0.0019377619,-0.0011626572,0.0011626572,0.002931918,-0.0031004192,0.00096888095,0.0025190904,0.0013143081,0.0027128668,0.0005813286,-0.0007751048,0.0010110063,-0.0032941953,0.0,0.0,0.0,0.0,0.0,0.0,0.0,0.0,0.0,0.0,0.0,0.0,0.0,0.0,0.0,0.0,-0.0149137005,0.003195793,0.0053263213,0.0104452325,-0.006617595,-0.99992365,0.0,0.0,0.0,0.034130216,-0.02972889,-0.096399784,-0.017719746,-0.028033197,-0.09120226,0.032924235,-0.0309816,-0.11892605,-0.040614694,-0.028589606,-0.1231122,0.0,-0.00096888095,-0.00020220123,0.0015502096,0.002906643,-0.0021315382,0.002931918,-0.0031004192,-0.0017439857,-0.0025190904,-0.00060660375,-0.0003875524,-0.0025190904,0.0032941953,0.0011121068,0.0001937762,0.0,0.0,0.0,0.0,0.0,0.0,0.0,0.0,0.0,0.0,0.0,0.0,0.0,0.0,0.0,0.0,-0.0042610574,0.0021305287,0.009587379,0.010507598,-0.006653261,-0.9999228,0.0,0.0,0.0,0.034130216,-0.02972889,-0.096368074,-0.017719746,-0.028063476,-0.091249585,0.032924235,-0.030951321,-0.11892605,-0.040584415,-0.028741002,-0.12312794,0.0003875524,0.0003875524,-0.00070770434,0.0019377619,0.0001937762,0.0005813286,-0.00060660375,-0.0015502096,0.0007751048,-0.0027128668,0.00020220123,-0.0003875524,0.0032941953,-0.0025190904,0.00010110062,-0.00096888095,0.0,0.0,0.0,0.0,0.0,0.0,0.0,0.0,0.0,0.0,0.0,0.0,0.0,0.0,0.0,0.0,0.2938346,-0.482461,-0.6552431,0.027355883,-0.13320307,-0.3630321,-0.4826742,-0.39514866,-0.041126356,0.15600325,0.22150229,-1.4042839,0.07163358,0.010015622,0.3579173,-1.9486579
1788699159.9072711,106,1,0.0010652643,-0.0074568503,0.006391586,0.01042461,-0.0066228844,-0.9999238,0.0,0.0,0.0,0.034130216,-0.02969861,-0.096399784,-0.017750025,-0.028033197,-0.091217995,0.032893956,-0.030951321,-0.11891031,-0.040644974,-0.028650165,-0.1231122,0.002906643,0.006007062,-0.0010110063,-0.0007751048,0.0,0.0003875524,0.0009099056,0.0003875524,-0.0042630765,-0.0007751048,0.0015165093,0.0031004192,-0.0031004192,-0.0007751048,0.0015165093,-0.0023253143,0.0,0.0,0.0,0.0,0.0,0.0,0.0,0.0,0.0,0.0,0.0,0.0,0.0,0.0,0.0,0.0,-0.0010652643,-0.0074568503,0.0042610574,0.010488414,-0.006706591,-0.9999227,0.0,0.0,0.0,0.034130216,-0.02972889,-0.096399784,-0.017719746,-0.028093755,-0.091249585,0.032893956,-0.030890763,-0.11892605,-0.040614694,-0.028710723,-0.12312794,-0.0005813286,-0.0001937762,-0.0010110063,0.0019377619,0.00096888095,-0.0023253143,0.00020220123,-0.0031004192,-0.0023253143,0.0,0.0,0.0023253143,0.0017439857,-0.0001937762,-0.00040440247,-0.0005813286,0.0,0.0,0.0,0.0,0.0,0.0,0.0,0.0,0.0,0.0,0.0,0.0,0.0,0.0,0.0,0.0,0.009587379,-0.0021305287,-0.01704423,0.010454163,-0.006677973,-0.99992335,0.0,0.0,0.0,0.03416049,-0.02969861,-0.096399784,-0.017719746,-0.028063476,-0.09123385,0.032893956,-0.030890763,-0.11891031,-0.040675253,-0.028741002,-0.1231122,0.0015502096,0.00096888095,-0.00080880494,0.0013564334,-0.0005813286,-0.0019377619,0.00080880494,0.0031004192,-0.0019377619,0.0011626572,0.00080880494,0.0019377619,-0.0046506287,-0.0025190904,0.0010110063,0.00096888095,0.0,0.0,0.0,0.0,0.0,0.0,0.0,0.0,0.0,0.0,0.0,0.0,0.0,0.0,0.0,0.0,0.0021305287,-0.0010652643,-0.011717907,0.010440391,-0.006601142,-0.9999239,0.0,0.0,0.0,0.034130216,-0.029668331,-0.09638393,-0.017750025,-0.028002918,-0.09120226,0.032954514,-0.030921042,-0.11891031,-0.040584415,-0.028650165,-0.1231122,0.0007751048,0.0063946145,0.00070770434,0.0019377619,-0.0011626572,0.0011626572,0.002931918,-0.0031004192,0.00096888095,0.0025190904,0.0013143081,0.0027128668,0.0005813286,-0.0007751048,0.0010110063,-0.0032941953,0.0,0.0,0.0,0.0,0.0,0.0,0.0,0.0,0.0,0.0,0.0,0.0,0.0,0.0,0.0,0.0,-0.0149137005,0.003195793,0.0053263213,0.0104452325,-0.006617595,-0.99992365,0.0,0.0,0.0,0.034130216,-0.02972889,-0.096399784,-0.017719746,-0.028033197,-0.09120226,0.032924235,-0.0309816,-0.11892605,-0.040614694,-0.028589606,-0.1231122,0.0,-0.00096888095,-0.00020220123,0.0015502096,0.002906643,-0.0021315382,0.002931918,-0.0031004192,-0.0017439857,-0.0025190904,-0.00060660375,-0.0003875524,-0.0025190904,0.0032941953,0.0011121068,0.0001937762,0.0,0.0,0.0,0.0,0.0,0.0,0.0,0.0,0.0,0.0,0.0,0.0,0.0,0.0,0.0,0.0,0.29541302,-0.494493,-0.63999104,0.03026526,-0.12922585,-0.37861595,-0.49991655,-0.39675653,-0.04644581,0.15982766,0.22066978,-1.393323,0.06727336,-0.00795912,0.3518092,-1.9411321
1788699159.9272423,107,1,-0.01704423,0.006391586,0.0,0.010424618,-0.0066073323,-0.99992394,0.0,0.0,0.0,0.034099936,-0.02972889,-0.096399784,-0.017719746,-0.028002918,-0.09123385,0.032893956,-0.030951321,-0.1189419,-0.040614694,-0.028650165,-0.1231122,-0.0003875524,0.0007751048,-0.00010110062,0.0,0.0019377619,0.0005813286,0.0010110063,0.0003875524,-0.0046506287,0.0,-0.0016176099,0.00096888095,-0.0023253143,-0.0034879714,0.0013143081,0.0,0.0,0.0,0.0,0.0,0.0,0.0,0.0,0.0,0.0,0.0,0.0,0.0,0.0,0.0,0.0,0.0,0.0010652643,-0.0074568503,0.006391586,0.01042461,-0.0066228844,-0.9999238,0.0,0.0,0.0,0.034130216,-0.02969861,-0.096399784,-0.017750025,-0.028033197,-0.091217995,0.032893956,-0.030951321,-0.11891031,-0.040644974,-0.028650165,-0.1231122,0.002906643,0.006007062,-0.0010110063,-0.0007751048,0.0,0.0003875524,0.0009099056,0.0003875524,-0.0042630765,-0.0007751048,0.0015165093,0.0031004192,-0.0031004192,-0.0007751048,0.0015165093,-0.0023253143,0.0,0.0,0.0,0.0,0.0,0.0,0.0,0.0,0.0,0.0,0.0,0.0,0.0,0.0,0.0,0.0,-0.0010652643,-0.0074568503,0.0042610574,0.010488414,-0.006706591,-0.9999227,0.0,0.0,0.0,0.034130216,-0.02972889,-0.096399784,-0.017719746,-0.028093755,-0.091249585,0.032893956,-0.030890763,-0.11892605,-0.040614694,-0.028710723,-0.12312794,-0.0005813286,-0.0001937762,-0.0010110063,0.0019377619,0.00096888095,-0.0023253143,0.00020220123,-0.0031004192,-0.0023253143,0.0,0.0,0.0023253143,0.0017439857,-0.0001937762,-0.00040440247,-0.0005813286,0.0,0.0,0.0,0.0,0.0,0.0,0.0,0.0,0.0,0.0,0.0,0.0,0.0,0.0,0.0,0.0,0.009587379,-0.0021305287,-0.01704423,0.010454163,-0.006677973,-0.99992335,0.0,0.0,0.0,0.03416049,-0.02969861,-0.096399784,-0.017719746,-0.028063476,-0.09123385,0.032893956,-0.030890763,-0.11891031,-0.040675253,-0.028741002,-0.1231122,0.0015502096,0.00096888095,-0.00080880494,0.0013564334,-0.0005813286,-0.0019377619,0.00080880494,0.0031004192,-0.0019377619,0.0011626572,0.00080880494,0.0019377619,-0.0046506287,-0.0025190904,0.0010110063,0.00096888095,0.0,0.0,0.0,0.0,0.0,0.0,0.0,0.0,0.0,0.0,0.0,0.0,0.0,0.0,0.0,0.0,0.0021305287,-0.0010652643,-0.011717907,0.010440391,-0.006601142,-0.9999239,0.0,0.0,0.0,0.034130216,-0.029668331,-0.09638393,-0.017750025,-0.028002918,-0.09120226,0.032954514,-0.030921042,-0.11891031,-0.040584415,-0.028650165,-0.1231122,0.0007751048,0.0063946145,0.00070770434,0.0019377619,-0.0011626572,0.0011626572,0.002931918,-0.0031004192,0.00096888095,0.0025190904,0.0013143081,0.0027128668,0.0005813286,-0.0007751048,0.0010110063,-0.0032941953,0.0,0.0,0.0,0.0,0.0,0.0,0.0,0.0,0.0,0.0,0.0,0.0,0.0,0.0,0.0,0.0,0.29714203,-0.4903649,-0.63232756,0.014036827,-0.128296,-0.37435424,-0.49414957,-0.39574054,-0.046580926,0.16340029,0.23018533,-1.4023461,0.061740093,0.0009504333,0.33521566,-1.9419824
1788699159.947246,108,1,0.011717907,0.006391586,-0.009587379,0.010412881,-0.006670966,-0.99992377,0.0,0.0,0.0,0.034130216,-0.02969861,-0.09638393,-0.017719746,-0.028033197,-0.091249585,0.032893956,-0.030921042,-0.11891031,-0.040644974,-0.028680444,-0.1231122,0.00096888095,0.0019377619,0.00060660375,-0.00096888095,-0.0001937762,0.0003875524,-0.00010110062,-0.0031004192,-0.0017439857,0.0001937762,0.00050550315,0.0,-0.0019377619,-0.0019377619,0.00080880494,-0.0001937762,0.0,0.0,0.0,0.0,0.0,0.0,0.0,0.0,0.0,0.0,0.0,0.0,0.0,0.0,0.0,0.0,-0.01704423,0.006391586,0.0,0.010424618,-0.0066073323,-0.99992394,0.0,0.0,0.0,0.034099936,-0.02972889,-0.096399784,-0.017719746,-0.028002918,-0.09123385,0.032893956,-0.030951321,-0.1189419,-0.040614694,-0.028650165,-0.1231122,-0.0003875524,0.0007751048,-0.00010110062,0.0,0.0019377619,0.0005813286,0.0010110063,0.0003875524,-0.0046506287,0.0,-0.0016176099,0.00096888095,-0.0023253143,-0.0034879714,0.0013143081,0.0,0.0,0.0,0.0,0.0,0.0,0.0,0.0,0.0,0.0,0.0,0.0,0.0,0.0,0.0,0.0,0.0,0.0010652643,-0.0074568503,0.006391586,0.01042461,-0.0066228844,-0.9999238,0.0,0.0,0.0,0.034130216,-0.02969861,-0.096399784,-0.017750025,-0.028033197,-0.091217995,0.032893956,-0.030951321,-0.11891031,-0.040644974,-0.028650165,-0.1231122,0.002906643,0.006007062,-0.0010110063,-0.0007751048,0.0,0.0003875524,0.0009099056,0.0003875524,-0.0042630765,-0.0007751048,0.0015165093,0.0031004192,-0.0031004192,-0.0007751048,0.0015165093,-0.0023253143,0.0,0.0,0.0,0.0,0.0,0.0,0.0,0.0,0.0,0.0,0.0,0.0,0.0,0.0,0.0,0.0,-0.0010652643,-0.0074568503,0.0042610574,0.010488414,-0.006706591,-0.9999227,0.0,0.0,0.0,0.034130216,-0.02972889,-0.096399784,-0.017719746,-0.028093755,-0.091249585,0.032893956,-0.030890763,-0.11892605,-0.040614694,-0.028710723,-0.12312794,-0.0005813286,-0.0001937762,-0.0010110063,0.0019377619,0.00096888095,-0.0023253143,0.00020220123,-0.0031004192,-0.0023253143,0.0,0.0,0.0023253143,0.0017439857,-0.0001937762,-0.00040440247,-0.0005813286,0.0,0.0,0.0,0.0,0.0,0.0,0.0,0.0,0.0,0.0,0.0,0.0,0.0,0.0,0.0,0.0,0.009587379,-0.0021305287,-0.01704423,0.010454163,-0.006677973,-0.99992335,0.0,0.0,0.0,0.03416049,-0.02969861,-0.096399784,-0.017719746,-0.028063476,-0.09123385,0.032893956,-0.030890763,-0.11891031,-0.040675253,-0.028741002,-0.1231122,0.0015502096,0.00096888095,-0.00080880494,0.0013564334,-0.0005813286,-0.0019377619,0.00080880494,0.0031004192,-0.0019377619,0.0011626572,0.00080880494,0.0019377619,-0.0046506287,-0.0025190904,0.0010110063,0.00096888095,0.0,0.0,0.0,0.0,0.0,0.0,0.0,0.0,0.0,0.0,0.0,0.0,0.0,0.0,0.0,0.0,0.28878474,-0.5042592,-0.64998114,0.029405277,-0.13483238,-0.37005216,-0.47301787,-0.40297225,-0.036024045,0.13760222,0.21903701,-1.4056269,0.07157888,0.01148089,0.34067735,-1.9451442
1788699159.9672182,109,1,-0.009587379,-0.0074568503,0.0021305287,0.010436404,-0.0066621946,-0.99992347,0.0,0.0,0.0,0.03416049,-0.02969861,-0.09638393,-0.017659187,-0.028093755,-0.09123385,0.032863677,-0.030860484,-0.1189419,-0.040644974,-0.028680444,-0.1231122,0.0017439857,0.0015502096,0.0,0.0019377619,0.0036817477,-0.0013564334,0.0018198112,0.0003875524,-0.0046506287,0.0019377619,-0.0022242137,0.0015502096,0.0,0.0036817477,0.0013143081,-0.0032941953,0.0,0.0,0.0,0.0,0.0,0.0,0.0,0.0,0.0,0.0,0.0,0.0,0.0,0.0,0.0,0.0,0.011717907,0.006391586,-0.009587379,0.010412881,-0.006670966,-0.99992377,0.0,0.0,0.0,0.034130216,-0.02969861,-0.09638393,-0.017719746,-0.028033197,-0.091249585,0.032893956,-0.030921042,-0.11891031,-0.040644974,-0.028680444,-0.1231122,0.00096888095,0.0019377619,0.00060660375,-0.00096888095,-0.0001937762,0.0003875524,-0.00010110062,-0.0031004192,-0.0017439857,0.0001937762,0.00050550315,0.0,-0.0019377619,-0.0019377619,0.00080880494,-0.0001937762,0.0,0.0,0.0,0.0,0.0,0.0,0.0,0.0,0.0,0.0,0.0,0.0,0.0,0.0,0.0,0.0,-0.01704423,0.006391586,0.0,0.010424618,-0.0066073323,-0.99992394,0.0,0.0,0.0,0.034099936,-0.02972889,-0.096399784,-0.017719746,-0.028002918,-0.09123385,0.032893956,-0.030951321,-0.1189419,-0.040614694,-0.028650165,-0.1231122,-0.0003875524,0.0007751048,-0.00010110062,0.0,0.0019377619,0.0005813286,0.0010110063,0.0003875524,-0.0046506287,0.0,-0.0016176099,0.00096888095,-0.0023253143,-0.0034879714,0.0013143081,0.0,0.0,0.0,0.0,0.0,0.0,0.0,0.0,0.0,0.0,0.0,0.0,0.0,0.0,0.0,0.0,0.0,0.0010652643,-0.0074568503,0.006391586,0.01042461,-0.0066228844,-0.9999238,0.0,0.0,0.0,0.034130216,-0.02969861,-0.096399784,-0.017750025,-0.028033197,-0.091217995,0.032893956,-0.030951321,-0.11891031,-0.040644974,-0.028650165,-0.1231122,0.002906643,0.006007062,-0.0010110063,-0.0007751048,0.0,0.0003875524,0.0009099056,0.0003875524,-0.0042630765,-0.0007751048,0.0015165093,0.0031004192,-0.0031004192,-0.0007751048,0.0015165093,-0.0023253143,0.0,0.0,0.0,0.0,0.0,0.0,0.0,0.0,0.0,0.0,0.0,0.0,0.0,0.0,0.0,0.0,-0.0010652643,-0.0074568503,0.0042610574,0.010488414,-0.006706591,-0.9999227,0.0,0.0,0.0,0.034130216,-0.02972889,-0.096399784,-0.017719746,-0.028093755,-0.091249585,0.032893956,-0.030890763,-0.11892605,-0.040614694,-0.028710723,-0.12312794,-0.0005813286,-0.0001937762,-0.0010110063,0.0019377619,0.00096888095,-0.0023253143,0.00020220123,-0.0031004192,-0.0023253143,0.0,0.0,0.0023253143,0.0017439857,-0.0001937762,-0.00040440247,-0.0005813286,0.0,0.0,0.0,0.0,0.0,0.0,0.0,0.0,0.0,0.0,0.0,0.0,0.0,0.0,0.0,0.0,0.29157043,-0.49391067,-0.64045936,0.021997016,-0.13066363,-0.37438318,-0.48228702,-0.39451498,-0.041423567,0.16239904,0.21233903,-1.3973714,0.06863612,0.0015841946,0.34571993,-1.9442466
1788699159.9872365,110,1,-0.0053263213,-0.0021305287,0.020240022,0.0104095945,-0.006570792,-0.9999244,0.0,0.0,0.0,0.034099936,-0.029759169,-0.09638393,-0.017719746,-0.028093755,-0.091249585,0.032924235,-0.030921042,-0.11892605,-0.040644974,-0.028710723,-0.1231122,-0.0021315382,-0.0027128668,0.00040440247,0.0023253143,-0.0011626572,-0.0019377619,0.00020220123,-0.0001937762,0.0007751048,0.0017439857,-0.0016176099,0.0005813286,-0.0015502096,-0.0013564334,0.0016176099,0.0003875524,0.0,0.0,0.0,0.0,0.0,0.0,0.0,0.0,0.0,0.0,0.0,0.0,0.0,0.0,0.0,0.0,-0.009587379,-0.0074568503,0.0021305287,0.010436404,-0.0066621946,-0.99992347,0.0,0.0,0.0,0.03416049,-0.02969861,-0.09638393,-0.017659187,-0.028093755,-0.09123385,0.032863677,-0.030860484,-0.1189419,-0.040644974,-0.028680444,-0.1231122,0.0017439857,0.0015502096,0.0,0.0019377619,0.0036817477,-0.0013564334,0.0018198112,0.0003875524,-0.0046506287,0.0019377619,-0.0022242137,0.0015502096,0.0,0.0036817477,0.0013143081,-0.0032941953,0.0,0.0,0.0,0.0,0.0,0.0,0.0,0.0,0.0,0.0,0.0,0.0,0.0,0.0,0.0,0.0,0.011717907,0.006391586,-0.009587379,0.010412881,-0.006670966,-0.99992377,0.0,0.0,0.0,0.034130216,-0.02969861,-0.09638393,-0.017719746,-0.028033197,-0.091249585,0.032893956,-0.030921042,-0.11891031,-0.040644974,-0.028680444,-0.1231122,0.00096888095,0.0019377619,0.00060660375,-0.00096888095,-0.0001937762,0.0003875524,-0.00010110062,-0.0031004192,-0.0017439857,0.0001937762,0.00050550315,0.0,-0.0019377619,-0.0019377619,0.00080880494,-0.0001937762,0.0,0.0,0.0,0.0,0.0,0.0,0.0,0.0,0.0,0.0,0.0,0.0,0.0,0.0,0.0,0.0,-0.01704423,0.006391586,0.0,0.010424618,-0.0066073323,-0.99992394,0.0,0.0,0.0,0.034099936,-0.02972889,-0.096399784,-0.017719746,-0.028002918,-0.09123385,0.032893956,-0.030951321,-0.1189419,-0.040614694,-0.028650165,-0.1231122,-0.0003875524,0.0007751048,-0.00010110062,0.0,0.0019377619,0.0005813286,0.0010110063,0.0003875524,-0.0046506287,0.0,-0.0016176099,0.00096888095,-0.0023253143,-0.0034879714,0.0013143081,0.0,0.0,0.0,0.0,0.0,0.0,0.0,0.0,0.0,0.0,0.0,0.0,0.0,0.0,0.0,0.0,0.0,0.0010652643,-0.0074568503,0.006391586,0.01042461,-0.0066228844,-0.9999238,0.0,0.0,0.0,0.034130216,-0.02969861,-0.096399784,-0.017750025,-0.028033197,-0.091217995,0.032893956,-0.030951321,-0.11891031,-0.040644974,-0.028650165,-0.1231122,0.002906643,0.006007062,-0.0010110063,-0.0007751048,0.0,0.0003875524,0.0009099056,0.0003875524,-0.0042630765,-0.0007751048,0.0015165093,0.0031004192,-0.0031004192,-0.0007751048,0.0015165093,-0.0023253143,0.0,0.0,0.0,0.0,0.0,0.0,0.0,0.0,0.0,0.0,0.0,0.0,0.0,0.0,0.0,0.0,0.30002892,-0.47985,-0.6267066,0.0074481815,-0.12574941,-0.37536782,-0.4970423,-0.39501962,-0.049643308,0.17804511,0.21981059,-1.4014387,0.058211368,-0.011517428,0.35232157,-1.9514067
1788699160.0071974,111,1,-0.0010652643,0.010652643,0.0053263213,0.010381894,-0.0065368796,-0.9999247,0.0,0.0,0.0,0.034099936,-0.02972889,-0.096399784,-0.017719746,-0.028033197,-0.091217995,0.032924235,-0.030921042,-0.11892605,-0.040584415,-0.028619885,-0.1231122,0.0001937762,0.0021315382,-0.00080880494,-0.0023253143,0.0013564334,-0.0019377619,0.00080880494,-0.0005813286,-0.0019377619,0.0031004192,-0.00010110062,0.00096888095,-0.0011626572,-0.0017439857,0.0013143081,0.0,0.0,0.0,0.0,0.0,0.0,0.0,0.0,0.0,0.0,0.0,0.0,0.0,0.0,0.0,0.0,0.0,-0.0053263213,-0.0021305287,0.020240022,0.0104095945,-0.006570792,-0.9999244,0.0,0.0,0.0,0.034099936,-0.029759169,-0.09638393,-0.017719746,-0.028093755,-0.091249585,0.032924235,-0.030921042,-0.11892605,-0.040644974,-0.028710723,-0.1231122,-0.0021315382,-0.0027128668,0.00040440247,0.0023253143,-0.0011626572,-0.0019377619,0.00020220123,-0.0001937762,0.0007751048,0.0017439857,-0.0016176099,0.0005813286,-0.0015502096,-0.0013564334,0.0016176099,0.0003875524,0.0,0.0,0.0,0.0,0.0,0.0,0.0,0.0,0.0,0.0,0.0,0.0,0.0,0.0,0.0,0.0,-0.009587379,-0.0074568503,0.0021305287,0.010436404,-0.0066621946,-0.99992347,0.0,0.0,0.0,0.03416049,-0.02969861,-0.09638393,-0.017659187,-0.028093755,-0.09123385,0.032863677,-0.030860484,-0.1189419,-0.040644974,-0.028680444,-0.1231122,0.0017439857,0.0015502096,0.0,0.0019377619,0.0036817477,-0.0013564334,0.0018198112,0.0003875524,-0.0046506287,0.0019377619,-0.0022242137,0.0015502096,0.0,0.0036817477,0.0013143081,-0.0032941953,0.0,0.0,0.0,0.0,0.0,0.0,0.0,0.0,0.0,0.0,0.0,0.0,0.0,0.0,0.0,0.0,0.011717907,0.006391586,-0.009587379,0.010412881,-0.006670966,-0.99992377,0.0,0.0,0.0,0.034130216,-0.02969861,-0.09638393,-0.017719746,-0.028033197,-0.091249585,0.032893956,-0.030921042,-0.11891031,-0.040644974,-0.028680444,-0.1231122,0.00096888095,0.0019377619,0.00060660375,-0.00096888095,-0.0001937762,0.0003875524,-0.00010110062,-0.0031004192,-0.0017439857,0.0001937762,0.00050550315,0.0,-0.0019377619,-0.0019377619,0.00080880494,-0.0001937762,0.0,0.0,0.0,0.0,0.0,0.0,0.0,0.0,0.0,0.0,0.0,0.0,0.0,0.0,0.0,0.0,-0.01704423,0.006391586,0.0,0.010424618,-0.0066073323,-0.99992394,0.0,0.0,0.0,0.034099936,-0.02972889,-0.096399784,-0.017719746,-0.028002918,-0.09123385,0.032893956,-0.030951321,-0.1189419,-0.040614694,-0.028650165,-0.1231122,-0.0003875524,0.0007751048,-0.00010110062,0.0,0.0019377619,0.0005813286,0.0010110063,0.0003875524,-0.0046506287,0.0,-0.0016176099,0.00096888095,-0.0023253143,-0.0034879714,0.0013143081,0.0,0.0,0.0,0.0,0.0,0.0,0.0,0.0,0.0,0.0,0.0,0.0,0.0,0.0,0.0,0.0,0.0,0.29467177,-0.4945394,-0.6326682,0.015104625,-0.12941778,-0.37613234,-0.47850177,-0.3983218,-0.043874912,0.15654163,0.20650138,-1.4017575,0.06437559,-0.0047726296,0.34606862,-1.9471443
1788699160.0271525,112,1,0.0149137005,-0.003195793,-0.021305285,0.010380181,-0.0064887307,-0.9999251,0.0,0.0,0.0,0.034130216,-0.02969861,-0.096399784,-0.017719746,-0.028033197,-0.09126544,0.032924235,-0.030921042,-0.11891031,-0.040644974,-0.028650165,-0.12312794,0.0017439857,0.0040693,0.0,0.0019377619,0.0015502096,-0.0017439857,-0.0017187105,-0.0040693,-0.0001937762,0.0031004192,0.00070770434,0.0011626572,-0.0042630765,0.0001937762,-0.00030330187,-0.0034879714,0.0,0.0,0.0,0.0,0.0,0.0,0.0,0.0,0.0,0.0,0.0,0.0,0.0,0.0,0.0,0.0,-0.0010652643,0.010652643,0.0053263213,0.010381894,-0.0065368796,-0.9999247,0.0,0.0,0.0,0.034099936,-0.02972889,-0.096399784,-0.017719746,-0.028033197,-0.091217995,0.032924235,-0.030921042,-0.11892605,-0.040584415,-0.028619885,-0.1231122,0.0001937762,0.0021315382,-0.00080880494,-0.0023253143,0.0013564334,-0.0019377619,0.00080880494,-0.0005813286,-0.0019377619,0.0031004192,-0.00010110062,0.00096888095,-0.0011626572,-0.0017439857,0.0013143081,0.0,0.0,0.0,0.0,0.0,0.0,0.0,0.0,0.0,0.0,0.0,0.0,0.0,0.0,0.0,0.0,0.0,-0.0053263213,-0.0021305287,0.020240022,0.0104095945,-0.006570792,-0.9999244,0.0,0.0,0.0,0.034099936,-0.029759169,-0.09638393,-0.017719746,-0.028093755,-0.091249585,0.032924235,-0.030921042,-0.11892605,-0.040644974,-0.028710723,-0.1231122,-0.0021315382,-0.0027128668,0.00040440247,0.0023253143,-0.0011626572,-0.0019377619,0.00020220123,-0.0001937762,0.0007751048,0.0017439857,-0.0016176099,0.0005813286,-0.0015502096,-0.0013564334,0.0016176099,0.0003875524,0.0,0.0,0.0,0.0,0.0,0.0,0.0,0.0,0.0,0.0,0.0,0.0,0.0,0.0,0.0,0.0,-0.009587379,-0.0074568503,0.0021305287,0.010436404,-0.0066621946,-0.99992347,0.0,0.0,0.0,0.03416049,-0.02969861,-0.09638393,-0.017659187,-0.028093755,-0.09123385,0.032863677,-0.030860484,-0.1189419,-0.040644974,-0.028680444,-0.1231122,0.0017439857,0.0015502096,0.0,0.0019377619,0.0036817477,-0.0013564334,0.0018198112,0.0003875524,-0.0046506287,0.0019377619,-0.0022242137,0.0015502096,0.0,0.0036817477,0.0013143081,-0.0032941953,0.0,0.0,0.0,0.0,0.0,0.0,0.0,0.0,0.0,0.0,0.0,0.0,0.0,0.0,0.0,0.0,0.011717907,0.006391586,-0.009587379,0.010412881,-0.006670966,-0.99992377,0.0,0.0,0.0,0.034130216,-0.02969861,-0.09638393,-0.017719746,-0.028033197,-0.091249585,0.032893956,-0.030921042,-0.11891031,-0.040644974,-0.028680444,-0.1231122,0.00096888095,0.0019377619,0.00060660375,-0.00096888095,-0.0001937762,0.0003875524,-0.00010110062,-0.0031004192,-0.0017439857,0.0001937762,0.00050550315,0.0,-0.0019377619,-0.0019377619,0.00080880494,-0.0001937762,0.0,0.0,0.0,0.0,0.0,0.0,0.0,0.0,0.0,0.0,0.0,0.0,0.0,0.0,0.0,0.0,0.28738296,-0.51180553,-0.6541505,0.031500917,-0.13568486,-0.35076243,-0.45813784,-0.4107961,-0.032654878,0.12484429,0.21517628,-1.3902844,0.0791461,0.018104717,0.34676054,-1.9432353
1788699160.0486832,113,1,-0.0053263213,-0.006391586,-0.021305285,0.010370469,-0.0064945905,-0.9999253,0.0,0.0,0.0,0.03416049,-0.02969861,-0.09638393,-0.017659187,-0.028093755,-0.09126544,0.032893956,-0.030860484,-0.1189419,-0.040614694,-0.028741002,-0.12309635,0.0007751048,0.0023253143,0.00040440247,0.0025190904,0.0038755238,-0.0025190904,-0.0013143081,-0.0007751048,-0.0019377619,0.0046506287,-0.0018198112,0.0023253143,0.0015502096,-0.0017439857,0.0027297167,0.00096888095,0.0,0.0,0.0,0.0,0.0,0.0,0.0,0.0,0.0,0.0,0.0,0.0,0.0,0.0,0.0,0.0,0.0149137005,-0.003195793,-0.021305285,0.010380181,-0.0064887307,-0.9999251,0.0,0.0,0.0,0.034130216,-0.02969861,-0.096399784,-0.017719746,-0.028033197,-0.09126544,0.032924235,-0.030921042,-0.11891031,-0.040644974,-0.028650165,-0.12312794,0.0017439857,0.0040693,0.0,0.0019377619,0.0015502096,-0.0017439857,-0.0017187105,-0.0040693,-0.0001937762,0.0031004192,0.00070770434,0.0011626572,-0.0042630765,0.0001937762,-0.00030330187,-0.0034879714,0.0,0.0,0.0,0.0,0.0,0.0,0.0,0.0,0.0,0.0,0.0,0.0,0.0,0.0,0.0,0.0,-0.0010652643,0.010652643,0.0053263213,0.010381894,-0.0065368796,-0.9999247,0.0,0.0,0.0,0.034099936,-0.02972889,-0.096399784,-0.017719746,-0.028033197,-0.091217995,0.032924235,-0.030921042,-0.11892605,-0.040584415,-0.028619885,-0.1231122,0.0001937762,0.0021315382,-0.00080880494,-0.0023253143,0.0013564334,-0.0019377619,0.00080880494,-0.0005813286,-0.0019377619,0.0031004192,-0.00010110062,0.00096888095,-0.0011626572,-0.0017439857,0.0013143081,0.0,0.0,0.0,0.0,0.0,0.0,0.0,0.0,0.0,0.0,0.0,0.0,0.0,0.0,0.0,0.0,0.0,-0.0053263213,-0.0021305287,0.020240022,0.0104095945,-0.006570792,-0.9999244,0.0,0.0,0.0,0.034099936,-0.029759169,-0.09638393,-0.017719746,-0.028093755,-0.091249585,0.032924235,-0.030921042,-0.11892605,-0.040644974,-0.028710723,-0.1231122,-0.0021315382,-0.0027128668,0.00040440247,0.0023253143,-0.0011626572,-0.0019377619,0.00020220123,-0.0001937762,0.0007751048,0.0017439857,-0.0016176099,0.0005813286,-0.0015502096,-0.0013564334,0.0016176099,0.0003875524,0.0,0.0,0.0,0.0,0.0,0.0,0.0,0.0,0.0,0.0,0.0,0.0,0.0,0.0,0.0,0.0,-0.009587379,-0.0074568503,0.0021305287,0.010436404,-0.0066621946,-0.99992347,0.0,0.0,0.0,0.03416049,-0.02969861,-0.09638393,-0.017659187,-0.028093755,-0.09123385,0.032863677,-0.030860484,-0.1189419,-0.040644974,-0.028680444,-0.1231122,0.0017439857,0.0015502096,0.0,0.0019377619,0.0036817477,-0.0013564334,0.0018198112,0.0003875524,-0.0046506287,0.0019377619,-0.0022242137,0.0015502096,0.0,0.0036817477,0.0013143081,-0.0032941953,0.0,0.0,0.0,0.0,0.0,0.0,0.0,0.0,0.0,0.0,0.0,0.0,0.0,0.0,0.0,0.0,0.28869832,-0.49926755,-0.6661473,0.033827547,-0.13635209,-0.35256934,-0.45733723,-0.40360206,-0.027772997,0.13304736,0.21268289,-1.3940599,0.07907187,0.026018947,0.34934518,-1.9460775
1788699160.0720623,114,1,-0.0010652643,-0.003195793,0.0053263213,0.010376143,-0.006519381,-0.99992514,0.0,0.0,0.0,0.034099936,-0.02972889,-0.096399784,-0.017689466,-0.028093755,-0.091217995,0.032893956,-0.030921042,-0.1189419,-0.040614694,-0.028741002,-0.12312794,-0.0027128668,0.0,-0.0014154087,0.0015502096,0.0011626572,0.0,0.002426415,-0.0021315382,-0.0007751048,-0.0017439857,-0.0016176099,-0.0011626572,0.0027128668,-0.0007751048,-0.00030330187,0.0007751048,0.0,0.0,0.0,0.0,0.0,0.0,0.0,0.0,0.0,0.0,0.0,0.0,0.0,0.0,0.0,0.0,-0.0053263213,-0.006391586,-0.021305285,0.010370469,-0.0064945905,-0.9999253,0.0,0.0,0.0,0.03416049,-0.02969861,-0.09638393,-0.017659187,-0.028093755,-0.09126544,0.032893956,-0.030860484,-0.1189419,-0.040614694,-0.028741002,-0.12309635,0.0007751048,0.0023253143,0.00040440247,0.0025190904,0.0038755238,-0.0025190904,-0.0013143081,-0.0007751048,-0.0019377619,0.0046506287,-0.0018198112,0.0023253143,0.0015502096,-0.0017439857,0.0027297167,0.00096888095,0.0,0.0,0.0,0.0,0.0,0.0,0.0,0.0,0.0,0.0,0.0,0.0,0.0,0.0,0.0,0.0,0.0149137005,-0.003195793,-0.021305285,0.010380181,-0.0064887307,-0.9999251,0.0,0.0,0.0,0.034130216,-0.02969861,-0.096399784,-0.017719746,-0.028033197,-0.09126544,0.032924235,-0.030921042,-0.11891031,-0.040644974,-0.028650165,-0.12312794,0.0017439857,0.0040693,0.0,0.0019377619,0.0015502096,-0.0017439857,-0.0017187105,-0.0040693,-0.0001937762,0.0031004192,0.00070770434,0.0011626572,-0.0042630765,0.0001937762,-0.00030330187,-0.0034879714,0.0,0.0,0.0,0.0,0.0,0.0,0.0,0.0,0.0,0.0,0.0,0.0,0.0,0.0,0.0,0.0,-0.0010652643,0.010652643,0.0053263213,0.010381894,-0.0065368796,-0.9999247,0.0,0.0,0.0,0.034099936,-0.02972889,-0.096399784,-0.017719746,-0.028033197,-0.091217995,0.032924235,-0.030921042,-0.11892605,-0.040584415,-0.028619885,-0.1231122,0.0001937762,0.0021315382,-0.00080880494,-0.0023253143,0.0013564334,-0.0019377619,0.00080880494,-0.0005813286,-0.0019377619,0.0031004192,-0.00010110062,0.00096888095,-0.0011626572,-0.0017439857,0.0013143081,0.0,0.0,0.0,0.0,0.0,0.0,0.0,0.0,0.0,0.0,0.0,0.0,0.0,0.0,0.0,0.0,0.0,-0.0053263213,-0.0021305287,0.020240022,0.0104095945,-0.006570792,-0.9999244,0.0,0.0,0.0,0.034099936,-0.029759169,-0.09638393,-0.017719746,-0.028093755,-0.091249585,0.032924235,-0.030921042,-0.11892605,-0.040644974,-0.028710723,-0.1231122,-0.0021315382,-0.0027128668,0.00040440247,0.0023253143,-0.0011626572,-0.0019377619,0.00020220123,-0.0001937762,0.0007751048,0.0017439857,-0.0016176099,0.0005813286,-0.0015502096,-0.0013564334,0.0016176099,0.0003875524,0.0,0.0,0.0,0.0,0.0,0.0,0.0,0.0,0.0,0.0,0.0,0.0,0.0,0.0,0.0,0.0,0.29484263,-0.48007852,-0.6638683,0.030167457,-0.13615508,-0.36366943,-0.48331496,-0.3915096,-0.033634145,0.15368608,0.22307703,-1.4091027,0.072121255,0.024617089,0.35672385,-1.9378239
1788699160.0880194,115,1,-0.003195793,0.0042610574,0.021305285,0.010379935,-0.006490992,-0.99992514,0.0,0.0,0.0,0.034099936,-0.029759169,-0.096399784,-0.017719746,-0.028063476,-0.09123385,0.032954514,-0.030921042,-0.1189419,-0.040584415,-0.028680444,-0.1231122,-0.0005813286,0.0001937762,-0.00070770434,0.0015502096,0.0005813286,-0.0019377619,0.00010110062,-0.0005813286,0.0011626572,0.0019377619,-0.0016176099,0.0034879714,0.0027128668,-0.0019377619,0.0011121068,-0.0025190904,0.0,0.0,0.0,0.0,0.0,0.0,0.0,0.0,0.0,0.0,0.0,0.0,0.0,0.0,0.0,0.0,-0.0010652643,-0.003195793,0.0053263213,0.010376143,-0.006519381,-0.99992514,0.0,0.0,0.0,0.034099936,-0.02972889,-0.096399784,-0.017689466,-0.028093755,-0.091217995,0.032893956,-0.030921042,-0.1189419,-0.040614694,-0.028741002,-0.12312794,-0.0027128668,0.0,-0.0014154087,0.0015502096,0.0011626572,0.0,0.002426415,-0.0021315382,-0.0007751048,-0.0017439857,-0.0016176099,-0.0011626572,0.0027128668,-0.0007751048,-0.00030330187,0.0007751048,0.0,0.0,0.0,0.0,0.0,0.0,0.0,0.0,0.0,0.0,0.0,0.0,0.0,0.0,0.0,0.0,-0.0053263213,-0.006391586,-0.021305285,0.010370469,-0.0064945905,-0.9999253,0.0,0.0,0.0,0.03416049,-0.02969861,-0.09638393,-0.017659187,-0.028093755,-0.09126544,0.032893956,-0.030860484,-0.1189419,-0.040614694,-0.028741002,-0.12309635,0.0007751048,0.0023253143,0.00040440247,0.0025190904,0.0038755238,-0.0025190904,-0.0013143081,-0.0007751048,-0.0019377619,0.0046506287,-0.0018198112,0.0023253143,0.0015502096,-0.0017439857,0.0027297167,0.00096888095,0.0,0.0,0.0,0.0,0.0,0.0,0.0,0.0,0.0,0.0,0.0,0.0,0.0,0.0,0.0,0.0,0.0149137005,-0.003195793,-0.021305285,0.010380181,-0.0064887307,-0.9999251,0.0,0.0,0.0,0.034130216,-0.02969861,-0.096399784,-0.017719746,-0.028033197,-0.09126544,0.032924235,-0.030921042,-0.11891031,-0.040644974,-0.028650165,-0.12312794,0.0017439857,0.0040693,0.0,0.0019377619,0.0015502096,-0.0017439857,-0.0017187105,-0.0040693,-0.0001937762,0.0031004192,0.00070770434,0.0011626572,-0.0042630765,0.0001937762,-0.00030330187,-0.0034879714,0.0,0.0,0.0,0.0,0.0,0.0,0.0,0.0,0.0,0.0,0.0,0.0,0.0,0.0,0.0,0.0,-0.0010652643,0.010652643,0.0053263213,0.010381894,-0.0065368796,-0.9999247,0.0,0.0,0.0,0.034099936,-0.02972889,-0.096399784,-0.017719746,-0.028033197,-0.091217995,0.032924235,-0.030921042,-0.11892605,-0.040584415,-0.028619885,-0.1231122,0.0001937762,0.0021315382,-0.00080880494,-0.0023253143,0.0013564334,-0.0019377619,0.00080880494,-0.0005813286,-0.0019377619,0.0031004192,-0.00010110062,0.00096888095,-0.0011626572,-0.0017439857,0.0013143081,0.0,0.0,0.0,0.0,0.0,0.0,0.0,0.0,0.0,0.0,0.0,0.0,0.0,0.0,0.0,0.0,0.0,0.29620397,-0.4747417,-0.64287823,0.017821852,-0.1310282,-0.379547,-0.48786497,-0.39558604,-0.03763178,0.17611922,0.20565924,-1.4139401,0.06253689,0.0024674274,0.36966777,-1.9556521
1788699160.10897,116,1,0.0010652643,0.008522115,-0.0053263213,0.010394393,-0.0064458353,-0.9999252,0.0,0.0,0.0,0.034099936,-0.029759169,-0.096399784,-0.017719746,-0.028033197,-0.09123385,0.032954514,-0.030921042,-0.11892605,-0.040644974,-0.028650165,-0.1231122,-0.0005813286,0.0017439857,-0.00070770434,0.00096888095,0.0011626572,-0.0003875524,0.0010110063,0.0001937762,0.0007751048,0.0027128668,0.0,0.0040693,-0.0046506287,-0.0019377619,0.0013143081,0.0007751048,0.0,0.0,0.0,0.0,0.0,0.0,0.0,0.0,0.0,0.0,0.0,0.0,0.0,0.0,0.0,0.0,-0.003195793,0.0042610574,0.021305285,0.010379935,-0.006490992,-0.99992514,0.0,0.0,0.0,0.034099936,-0.029759169,-0.096399784,-0.017719746,-0.028063476,-0.09123385,0.032954514,-0.030921042,-0.1189419,-0.040584415,-0.028680444,-0.1231122,-0.0005813286,0.0001937762,-0.00070770434,0.0015502096,0.0005813286,-0.0019377619,0.00010110062,-0.0005813286,0.0011626572,0.0019377619,-0.0016176099,0.0034879714,0.0027128668,-0.0019377619,0.0011121068,-0.0025190904,0.0,0.0,0.0,0.0,0.0,0.0,0.0,0.0,0.0,0.0,0.0,0.0,0.0,0.0,0.0,0.0,-0.0010652643,-0.003195793,0.0053263213,0.010376143,-0.006519381,-0.99992514,0.0,0.0,0.0,0.034099936,-0.02972889,-0.096399784,-0.017689466,-0.028093755,-0.091217995,0.032893956,-0.030921042,-0.1189419,-0.040614694,-0.028741002,-0.12312794,-0.0027128668,0.0,-0.0014154087,0.0015502096,0.0011626572,0.0,0.002426415,-0.0021315382,-0.0007751048,-0.0017439857,-0.0016176099,-0.0011626572,0.0027128668,-0.0007751048,-0.00030330187,0.0007751048,0.0,0.0,0.0,0.0,0.0,0.0,0.0,0.0,0.0,0.0,0.0,0.0,0.0,0.0,0.0,0.0,-0.0053263213,-0.006391586,-0.021305285,0.010370469,-0.0064945905,-0.9999253,0.0,0.0,0.0,0.03416049,-0.02969861,-0.09638393,-0.017659187,-0.028093755,-0.09126544,0.032893956,-0.030860484,-0.1189419,-0.040614694,-0.028741002,-0.12309635,0.0007751048,0.0023253143,0.00040440247,0.0025190904,0.0038755238,-0.0025190904,-0.0013143081,-0.0007751048,-0.0019377619,0.0046506287,-0.0018198112,0.0023253143,0.0015502096,-0.0017439857,0.0027297167,0.00096888095,0.0,0.0,0.0,0.0,0.0,0.0,0.0,0.0,0.0,0.0,0.0,0.0,0.0,0.0,0.0,0.0,0.0149137005,-0.003195793,-0.021305285,0.010380181,-0.0064887307,-0.9999251,0.0,0.0,0.0,0.034130216,-0.02969861,-0.096399784,-0.017719746,-0.028033197,-0.09126544,0.032924235,-0.030921042,-0.11891031,-0.040644974,-0.028650165,-0.12312794,0.0017439857,0.0040693,0.0,0.0019377619,0.0015502096,-0.0017439857,-0.0017187105,-0.0040693,-0.0001937762,0.0031004192,0.00070770434,0.0011626572,-0.0042630765,0.0001937762,-0.00030330187,-0.0034879714,0.0,0.0,0.0,0.0,0.0,0.0,0.0,0.0,0.0,0.0,0.0,0.0,0.0,0.0,0.0,0.0,0.28858083,-0.5027161,-0.6383282,0.01916818,-0.13319182,-0.3702366,-0.4675535,-0.40624115,-0.032625534,0.1385195,0.20755269,-1.4026741,0.07001337,0.007437527,0.35270122,-1.9479741
1788699160.1291,117,1,0.008522115,0.0010652643,-0.020240022,0.010434457,-0.0065124366,-0.9999245,0.0,0.0,0.0,0.034130216,-0.02972889,-0.09638393,-0.017750025,-0.028063476,-0.09123385,0.032893956,-0.030921042,-0.11891031,-0.040644974,-0.028680444,-0.1231122,0.00096888095,0.0021315382,0.00080880494,0.0038755238,-0.0036817477,-0.00096888095,0.0009099056,-0.002906643,-0.0019377619,0.0011626572,0.0016176099,0.0007751048,-0.0019377619,0.0001937762,0.0011121068,-0.0023253143,0.0,0.0,0.0,0.0,0.0,0.0,0.0,0.0,0.0,0.0,0.0,0.0,0.0,0.0,0.0,0.0,0.0010652643,0.008522115,-0.0053263213,0.010394393,-0.0064458353,-0.9999252,0.0,0.0,0.0,0.034099936,-0.029759169,-0.096399784,-0.017719746,-0.028033197,-0.09123385,0.032954514,-0.030921042,-0.11892605,-0.040644974,-0.028650165,-0.1231122,-0.0005813286,0.0017439857,-0.00070770434,0.00096888095,0.0011626572,-0.0003875524,0.0010110063,0.0001937762,0.0007751048,0.0027128668,0.0,0.0040693,-0.0046506287,-0.0019377619,0.0013143081,0.0007751048,0.0,0.0,0.0,0.0,0.0,0.0,0.0,0.0,0.0,0.0,0.0,0.0,0.0,0.0,0.0,0.0,-0.003195793,0.0042610574,0.021305285,0.010379935,-0.006490992,-0.99992514,0.0,0.0,0.0,0.034099936,-0.029759169,-0.096399784,-0.017719746,-0.028063476,-0.09123385,0.032954514,-0.030921042,-0.1189419,-0.040584415,-0.028680444,-0.1231122,-0.0005813286,0.0001937762,-0.00070770434,0.0015502096,0.0005813286,-0.0019377619,0.00010110062,-0.0005813286,0.0011626572,0.0019377619,-0.0016176099,0.0034879714,0.0027128668,-0.0019377619,0.0011121068,-0.0025190904,0.0,0.0,0.0,0.0,0.0,0.0,0.0,0.0,0.0,0.0,0.0,0.0,0.0,0.0,0.0,0.0,-0.0010652643,-0.003195793,0.0053263213,0.010376143,-0.006519381,-0.99992514,0.0,0.0,0.0,0.034099936,-0.02972889,-0.096399784,-0.017689466,-0.028093755,-0.091217995,0.032893956,-0.030921042,-0.1189419,-0.040614694,-0.028741002,-0.12312794,-0.0027128668,0.0,-0.0014154087,0.0015502096,0.0011626572,0.0,0.002426415,-0.0021315382,-0.0007751048,-0.0017439857,-0.0016176099,-0.0011626572,0.0027128668,-0.0007751048,-0.00030330187,0.0007751048,0.0,0.0,0.0,0.0,0.0,0.0,0.0,0.0,0.0,0.0,0.0,0.0,0.0,0.0,0.0,0.0,-0.0053263213,-0.006391586,-0.021305285,0.010370469,-0.0064945905,-0.9999253,0.0,0.0,0.0,0.03416049,-0.02969861,-0.09638393,-0.017659187,-0.028093755,-0.09126544,0.032893956,-0.030860484,-0.1189419,-0.040614694,-0.028741002,-0.12309635,0.0007751048,0.0023253143,0.00040440247,0.0025190904,0.0038755238,-0.0025190904,-0.0013143081,-0.0007751048,-0.0019377619,0.0046506287,-0.0018198112,0.0023253143,0.0015502096,-0.0017439857,0.0027297167,0.00096888095,0.0,0.0,0.0,0.0,0.0,0.0,0.0,0.0,0.0,0.0,0.0,0.0,0.0,0.0,0.0,0.0,0.2810093,-0.5169209,-0.6538822,0.0267873,-0.13812746,-0.3615182,-0.45594534,-0.4035984,-0.029392146,0.10700267,0.21856329,-1.4090018,0.080414735,0.025203152,0.32492793,-1.9420862
1788699160.1474342,118,1,0.009587379,-0.003195793,-0.0053263213,0.010474731,-0.006544392,-0.99992394,0.0,0.0,0.0,0.034099936,-0.02972889,-0.096399784,-0.017689466,-0.028093755,-0.09126544,0.032893956,-0.030890763,-0.11892605,-0.040644974,-0.028741002,-0.1231122,-0.0036817477,-0.0003875524,-0.0010110063,0.0013564334,0.0011626572,-0.0003875524,-0.0019209118,-0.0019377619,-0.0019377619,0.0003875524,0.00010110062,0.0019377619,-0.0001937762,-0.0007751048,0.0013143081,-0.0021315382,0.0,0.0,0.0,0.0,0.0,0.0,0.0,0.0,0.0,0.0,0.0,0.0,0.0,0.0,0.0,0.0,0.008522115,0.0010652643,-0.020240022,0.010434457,-0.0065124366,-0.9999245,0.0,0.0,0.0,0.034130216,-0.02972889,-0.09638393,-0.017750025,-0.028063476,-0.09123385,0.032893956,-0.030921042,-0.11891031,-0.040644974,-0.028680444,-0.1231122,0.00096888095,0.0021315382,0.00080880494,0.0038755238,-0.0036817477,-0.00096888095,0.0009099056,-0.002906643,-0.0019377619,0.0011626572,0.0016176099,0.0007751048,-0.0019377619,0.0001937762,0.0011121068,-0.0023253143,0.0,0.0,0.0,0.0,0.0,0.0,0.0,0.0,0.0,0.0,0.0,0.0,0.0,0.0,0.0,0.0,0.0010652643,0.008522115,-0.0053263213,0.010394393,-0.0064458353,-0.9999252,0.0,0.0,0.0,0.034099936,-0.029759169,-0.096399784,-0.017719746,-0.028033197,-0.09123385,0.032954514,-0.030921042,-0.11892605,-0.040644974,-0.028650165,-0.1231122,-0.0005813286,0.0017439857,-0.00070770434,0.00096888095,0.0011626572,-0.0003875524,0.0010110063,0.0001937762,0.0007751048,0.0027128668,0.0,0.0040693,-0.0046506287,-0.0019377619,0.0013143081,0.0007751048,0.0,0.0,0.0,0.0,0.0,0.0,0.0,0.0,0.0,0.0,0.0,0.0,0.0,0.0,0.0,0.0,-0.003195793,0.0042610574,0.021305285,0.010379935,-0.006490992,-0.99992514,0.0,0.0,0.0,0.034099936,-0.029759169,-0.096399784,-0.017719746,-0.028063476,-0.09123385,0.032954514,-0.030921042,-0.1189419,-0.040584415,-0.028680444,-0.1231122,-0.0005813286,0.0001937762,-0.00070770434,0.0015502096,0.0005813286,-0.0019377619,0.00010110062,-0.0005813286,0.0011626572,0.0019377619,-0.0016176099,0.0034879714,0.0027128668,-0.0019377619,0.0011121068,-0.0025190904,0.0,0.0,0.0,0.0,0.0,0.0,0.0,0.0,0.0,0.0,0.0,0.0,0.0,0.0,0.0,0.0,-0.0010652643,-0.003195793,0.0053263213,0.010376143,-0.006519381,-0.99992514,0.0,0.0,0.0,0.034099936,-0.02972889,-0.096399784,-0.017689466,-0.028093755,-0.091217995,0.032893956,-0.030921042,-0.1189419,-0.040614694,-0.028741002,-0.12312794,-0.0027128668,0.0,-0.0014154087,0.0015502096,0.0011626572,0.0,0.002426415,-0.0021315382,-0.0007751048,-0.0017439857,-0.0016176099,-0.0011626572,0.0027128668,-0.0007751048,-0.00030330187,0.0007751048,0.0,0.0,0.0,0.0,0.0,0.0,0.0,0.0,0.0,0.0,0.0,0.0,0.0,0.0,0.0,0.0,0.28931797,-0.48984596,-0.65585506,0.02014722,-0.13724248,-0.35916752,-0.47634822,-0.39467177,-0.034388557,0.13115014,0.23051845,-1.4126266,0.07302496,0.027269553,0.33820105,-1.9426214
1788699160.1687992,119,1,-0.013848436,-0.008522115,0.02237055,0.010490415,-0.0064876303,-0.9999241,0.0,0.0,0.0,0.034130216,-0.029759169,-0.096399784,-0.017750025,-0.028063476,-0.09123385,0.032924235,-0.030921042,-0.11892605,-0.040644974,-0.028680444,-0.1231122,0.0007751048,-0.00096888095,-0.0010110063,-0.0007751048,-0.0025190904,0.0,0.00060660375,-0.0021315382,0.0,0.0,-0.00020220123,0.0027128668,-0.0027128668,0.0003875524,-0.00020220123,-0.0021315382,0.0,0.0,0.0,0.0,0.0,0.0,0.0,0.0,0.0,0.0,0.0,0.0,0.0,0.0,0.0,0.0,0.009587379,-0.003195793,-0.0053263213,0.010474731,-0.006544392,-0.99992394,0.0,0.0,0.0,0.034099936,-0.02972889,-0.096399784,-0.017689466,-0.028093755,-0.09126544,0.032893956,-0.030890763,-0.11892605,-0.040644974,-0.028741002,-0.1231122,-0.0036817477,-0.0003875524,-0.0010110063,0.0013564334,0.0011626572,-0.0003875524,-0.0019209118,-0.0019377619,-0.0019377619,0.0003875524,0.00010110062,0.0019377619,-0.0001937762,-0.0007751048,0.0013143081,-0.0021315382,0.0,0.0,0.0,0.0,0.0,0.0,0.0,0.0,0.0,0.0,0.0,0.0,0.0,0.0,0.0,0.0,0.008522115,0.0010652643,-0.020240022,0.010434457,-0.0065124366,-0.9999245,0.0,0.0,0.0,0.034130216,-0.02972889,-0.09638393,-0.017750025,-0.028063476,-0.09123385,0.032893956,-0.030921042,-0.11891031,-0.040644974,-0.028680444,-0.1231122,0.00096888095,0.0021315382,0.00080880494,0.0038755238,-0.0036817477,-0.00096888095,0.0009099056,-0.002906643,-0.0019377619,0.0011626572,0.0016176099,0.0007751048,-0.0019377619,0.0001937762,0.0011121068,-0.0023253143,0.0,0.0,0.0,0.0,0.0,0.0,0.0,0.0,0.0,0.0,0.0,0.0,0.0,0.0,0.0,0.0,0.0010652643,0.008522115,-0.0053263213,0.010394393,-0.0064458353,-0.9999252,0.0,0.0,0.0,0.034099936,-0.029759169,-0.096399784,-0.017719746,-0.028033197,-0.09123385,0.032954514,-0.030921042,-0.11892605,-0.040644974,-0.028650165,-0.1231122,-0.0005813286,0.0017439857,-0.00070770434,0.00096888095,0.0011626572,-0.0003875524,0.0010110063,0.0001937762,0.0007751048,0.0027128668,0.0,0.0040693,-0.0046506287,-0.0019377619,0.0013143081,0.0007751048,0.0,0.0,0.0,0.0,0.0,0.0,0.0,0.0,0.0,0.0,0.0,0.0,0.0,0.0,0.0,0.0,-0.003195793,0.0042610574,0.021305285,0.010379935,-0.006490992,-0.99992514,0.0,0.0,0.0,0.034099936,-0.029759169,-0.096399784,-0.017719746,-0.028063476,-0.09123385,0.032954514,-0.030921042,-0.1189419,-0.040584415,-0.028680444,-0.1231122,-0.0005813286,0.0001937762,-0.00070770434,0.0015502096,0.0005813286,-0.0019377619,0.00010110062,-0.0005813286,0.0011626572,0.0019377619,-0.0016176099,0.0034879714,0.0027128668,-0.0019377619,0.0011121068,-0.0025190904,0.0,0.0,0.0,0.0,0.0,0.0,0.0,0.0,0.0,0.0,0.0,0.0,0.0,0.0,0.0,0.0,0.29891735,-0.47778776,-0.6307862,0.004311923,-0.12738843,-0.3797652,-0.5070304,-0.39195335,-0.053595133,0.16755207,0.23002411,-1.4071093,0.06013251,-0.0058187097,0.34757468,-1.9409863
1788699160.1873994,120,1,-0.0042610574,-0.0021305287,-0.0042610574,0.010453922,-0.006449442,-0.9999247,0.0,0.0,0.0,0.034130216,-0.02972889,-0.096399784,-0.017750025,-0.028002918,-0.091217995,0.032954514,-0.030921042,-0.1189419,-0.040614694,-0.028619885,-0.1231122,0.0032941953,0.002906643,-0.0010110063,-0.00096888095,0.0005813286,-0.0005813286,0.0017187105,-0.0032941953,0.00096888095,0.002906643,-0.0010110063,-0.0005813286,-0.0025190904,0.0003875524,0.0014154087,0.0001937762,0.0,0.0,0.0,0.0,0.0,0.0,0.0,0.0,0.0,0.0,0.0,0.0,0.0,0.0,0.0,0.0,-0.013848436,-0.008522115,0.02237055,0.010490415,-0.0064876303,-0.9999241,0.0,0.0,0.0,0.034130216,-0.029759169,-0.096399784,-0.017750025,-0.028063476,-0.09123385,0.032924235,-0.030921042,-0.11892605,-0.040644974,-0.028680444,-0.1231122,0.0007751048,-0.00096888095,-0.0010110063,-0.0007751048,-0.0025190904,0.0,0.00060660375,-0.0021315382,0.0,0.0,-0.00020220123,0.0027128668,-0.0027128668,0.0003875524,-0.00020220123,-0.0021315382,0.0,0.0,0.0,0.0,0.0,0.0,0.0,0.0,0.0,0.0,0.0,0.0,0.0,0.0,0.0,0.0,0.009587379,-0.003195793,-0.0053263213,0.010474731,-0.006544392,-0.99992394,0.0,0.0,0.0,0.034099936,-0.02972889,-0.096399784,-0.017689466,-0.028093755,-0.09126544,0.032893956,-0.030890763,-0.11892605,-0.040644974,-0.028741002,-0.1231122,-0.0036817477,-0.0003875524,-0.0010110063,0.0013564334,0.0011626572,-0.0003875524,-0.0019209118,-0.0019377619,-0.0019377619,0.0003875524,0.00010110062,0.0019377619,-0.0001937762,-0.0007751048,0.0013143081,-0.0021315382,0.0,0.0,0.0,0.0,0.0,0.0,0.0,0.0,0.0,0.0,0.0,0.0,0.0,0.0,0.0,0.0,0.008522115,0.0010652643,-0.020240022,0.010434457,-0.0065124366,-0.9999245,0.0,0.0,0.0,0.034130216,-0.02972889,-0.09638393,-0.017750025,-0.028063476,-0.09123385,0.032893956,-0.030921042,-0.11891031,-0.040644974,-0.028680444,-0.1231122,0.00096888095,0.0021315382,0.00080880494,0.0038755238,-0.0036817477,-0.00096888095,0.0009099056,-0.002906643,-0.0019377619,0.0011626572,0.0016176099,0.0007751048,-0.0019377619,0.0001937762,0.0011121068,-0.0023253143,0.0,0.0,0.0,0.0,0.0,0.0,0.0,0.0,0.0,0.0,0.0,0.0,0.0,0.0,0.0,0.0,0.0010652643,0.008522115,-0.0053263213,0.010394393,-0.0064458353,-0.9999252,0.0,0.0,0.0,0.034099936,-0.029759169,-0.096399784,-0.017719746,-0.028033197,-0.09123385,0.032954514,-0.030921042,-0.11892605,-0.040644974,-0.028650165,-0.1231122,-0.0005813286,0.0017439857,-0.00070770434,0.00096888095,0.0011626572,-0.0003875524,0.0010110063,0.0001937762,0.0007751048,0.0027128668,0.0,0.0040693,-0.0046506287,-0.0019377619,0.0013143081,0.0007751048,0.0,0.0,0.0,0.0,0.0,0.0,0.0,0.0,0.0,0.0,0.0,0.0,0.0,0.0,0.0,0.0,0.2920898,-0.50022155,-0.6417809,0.021796104,-0.13207154,-0.37257826,-0.47283342,-0.4010474,-0.03903006,0.14590558,0.21920204,-1.402613,0.07203986,0.008237559,0.35125986,-1.9402092
1788699160.207413,121,1,0.0010652643,0.003195793,-0.019174758,0.010499503,-0.0064621083,-0.99992406,0.0,0.0,0.0,0.034130216,-0.029759169,-0.096399784,-0.017719746,-0.028093755,-0.09123385,0.032924235,-0.030951321,-0.11891031,-0.040584415,-0.028619885,-0.1231122,0.00096888095,0.0019377619,-0.00040440247,-0.00096888095,0.0027128668,-0.0052319574,0.00060660375,0.0,-0.0019377619,0.0,0.0011121068,0.0011626572,0.0005813286,0.0005813286,0.0011121068,-0.0019377619,0.0,0.0,0.0,0.0,0.0,0.0,0.0,0.0,0.0,0.0,0.0,0.0,0.0,0.0,0.0,0.0,-0.0042610574,-0.0021305287,-0.0042610574,0.010453922,-0.006449442,-0.9999247,0.0,0.0,0.0,0.034130216,-0.02972889,-0.096399784,-0.017750025,-0.028002918,-0.091217995,0.032954514,-0.030921042,-0.1189419,-0.040614694,-0.028619885,-0.1231122,0.0032941953,0.002906643,-0.0010110063,-0.00096888095,0.0005813286,-0.0005813286,0.0017187105,-0.0032941953,0.00096888095,0.002906643,-0.0010110063,-0.0005813286,-0.0025190904,0.0003875524,0.0014154087,0.0001937762,0.0,0.0,0.0,0.0,0.0,0.0,0.0,0.0,0.0,0.0,0.0,0.0,0.0,0.0,0.0,0.0,-0.013848436,-0.008522115,0.02237055,0.010490415,-0.0064876303,-0.9999241,0.0,0.0,0.0,0.034130216,-0.029759169,-0.096399784,-0.017750025,-0.028063476,-0.09123385,0.032924235,-0.030921042,-0.11892605,-0.040644974,-0.028680444,-0.1231122,0.0007751048,-0.00096888095,-0.0010110063,-0.0007751048,-0.0025190904,0.0,0.00060660375,-0.0021315382,0.0,0.0,-0.00020220123,0.0027128668,-0.0027128668,0.0003875524,-0.00020220123,-0.0021315382,0.0,0.0,0.0,0.0,0.0,0.0,0.0,0.0,0.0,0.0,0.0,0.0,0.0,0.0,0.0,0.0,0.009587379,-0.003195793,-0.0053263213,0.010474731,-0.006544392,-0.99992394,0.0,0.0,0.0,0.034099936,-0.02972889,-0.096399784,-0.017689466,-0.028093755,-0.09126544,0.032893956,-0.030890763,-0.11892605,-0.040644974,-0.028741002,-0.1231122,-0.0036817477,-0.0003875524,-0.0010110063,0.0013564334,0.0011626572,-0.0003875524,-0.0019209118,-0.0019377619,-0.0019377619,0.0003875524,0.00010110062,0.0019377619,-0.0001937762,-0.0007751048,0.0013143081,-0.0021315382,0.0,0.0,0.0,0.0,0.0,0.0,0.0,0.0,0.0,0.0,0.0,0.0,0.0,0.0,0.0,0.0,0.008522115,0.0010652643,-0.020240022,0.010434457,-0.0065124366,-0.9999245,0.0,0.0,0.0,0.034130216,-0.02972889,-0.09638393,-0.017750025,-0.028063476,-0.09123385,0.032893956,-0.030921042,-0.11891031,-0.040644974,-0.028680444,-0.1231122,0.00096888095,0.0021315382,0.00080880494,0.0038755238,-0.0036817477,-0.00096888095,0.0009099056,-0.002906643,-0.0019377619,0.0011626572,0.0016176099,0.0007751048,-0.0019377619,0.0001937762,0.0011121068,-0.0023253143,0.0,0.0,0.0,0.0,0.0,0.0,0.0,0.0,0.0,0.0,0.0,0.0,0.0,0.0,0.0,0.0,0.2886747,-0.4985794,-0.6581228,0.024680492,-0.13536654,-0.34949735,-0.44851592,-0.4046308,-0.02846837,0.1244267,0.22435495,-1.4054862,0.07946776,0.02842223,0.33816683,-1.9481963
1788699160.2273822,122,1,0.0042610574,-0.0074568503,-0.010652643,0.010458541,-0.0065173493,-0.9999241,0.0,0.0,0.0,0.03416049,-0.02972889,-0.096399784,-0.017689466,-0.028063476,-0.091249585,0.032893956,-0.030890763,-0.1189419,-0.040675253,-0.028710723,-0.12312794,0.0017439857,-0.0001937762,-0.00080880494,0.0046506287,0.0027128668,-0.0007751048,0.00050550315,-0.0021315382,-0.0023253143,0.0017439857,-0.0016176099,0.0019377619,-0.0042630765,-0.00096888095,-0.00020220123,-0.0001937762,0.0,0.0,0.0,0.0,0.0,0.0,0.0,0.0,0.0,0.0,0.0,0.0,0.0,0.0,0.0,0.0,0.0010652643,0.003195793,-0.019174758,0.010499503,-0.0064621083,-0.99992406,0.0,0.0,0.0,0.034130216,-0.029759169,-0.096399784,-0.017719746,-0.028093755,-0.09123385,0.032924235,-0.030951321,-0.11891031,-0.040584415,-0.028619885,-0.1231122,0.00096888095,0.0019377619,-0.00040440247,-0.00096888095,0.0027128668,-0.0052319574,0.00060660375,0.0,-0.0019377619,0.0,0.0011121068,0.0011626572,0.0005813286,0.0005813286,0.0011121068,-0.0019377619,0.0,0.0,0.0,0.0,0.0,0.0,0.0,0.0,0.0,0.0,0.0,0.0,0.0,0.0,0.0,0.0,-0.0042610574,-0.0021305287,-0.0042610574,0.010453922,-0.006449442,-0.9999247,0.0,0.0,0.0,0.034130216,-0.02972889,-0.096399784,-0.017750025,-0.028002918,-0.091217995,0.032954514,-0.030921042,-0.1189419,-0.040614694,-0.028619885,-0.1231122,0.0032941953,0.002906643,-0.0010110063,-0.00096888095,0.0005813286,-0.0005813286,0.0017187105,-0.0032941953,0.00096888095,0.002906643,-0.0010110063,-0.0005813286,-0.0025190904,0.0003875524,0.0014154087,0.0001937762,0.0,0.0,0.0,0.0,0.0,0.0,0.0,0.0,0.0,0.0,0.0,0.0,0.0,0.0,0.0,0.0,-0.013848436,-0.008522115,0.02237055,0.010490415,-0.0064876303,-0.9999241,0.0,0.0,0.0,0.034130216,-0.029759169,-0.096399784,-0.017750025,-0.028063476,-0.09123385,0.032924235,-0.030921042,-0.11892605,-0.040644974,-0.028680444,-0.1231122,0.0007751048,-0.00096888095,-0.0010110063,-0.0007751048,-0.0025190904,0.0,0.00060660375,-0.0021315382,0.0,0.0,-0.00020220123,0.0027128668,-0.0027128668,0.0003875524,-0.00020220123,-0.0021315382,0.0,0.0,0.0,0.0,0.0,0.0,0.0,0.0,0.0,0.0,0.0,0.0,0.0,0.0,0.0,0.0,0.009587379,-0.003195793,-0.0053263213,0.010474731,-0.006544392,-0.99992394,0.0,0.0,0.0,0.034099936,-0.02972889,-0.096399784,-0.017689466,-0.028093755,-0.09126544,0.032893956,-0.030890763,-0.11892605,-0.040644974,-0.028741002,-0.1231122,-0.0036817477,-0.0003875524,-0.0010110063,0.0013564334,0.0011626572,-0.0003875524,-0.0019209118,-0.0019377619,-0.0019377619,0.0003875524,0.00010110062,0.0019377619,-0.0001937762,-0.0007751048,0.0013143081,-0.0021315382,0.0,0.0,0.0,0.0,0.0,0.0,0.0,0.0,0.0,0.0,0.0,0.0,0.0,0.0,0.0,0.0,0.29515067,-0.49188858,-0.6537402,0.031083237,-0.13165568,-0.3622448,-0.46577504,-0.3973461,-0.036478344,0.14134786,0.22558235,-1.3985416,0.073083274,0.015467092,0.34510383,-1.9442412
1788699160.2487943,123,1,-0.0074568503,0.0053263213,0.008522115,0.010478765,-0.006514295,-0.999924,0.0,0.0,0.0,0.034130216,-0.02969861,-0.09641552,-0.017750025,-0.028093755,-0.09123385,0.032893956,-0.030921042,-0.11892605,-0.040614694,-0.028771281,-0.1231122,-0.00096888095,0.0031004192,-0.0028308174,0.00096888095,-0.0027128668,-0.0017439857,0.0013143081,-0.0023253143,-0.0021315382,-0.0015502096,0.00010110062,-0.0003875524,0.0013564334,-0.005813286,0.0012132075,-0.0021315382,0.0,0.0,0.0,0.0,0.0,0.0,0.0,0.0,0.0,0.0,0.0,0.0,0.0,0.0,0.0,0.0,0.0042610574,-0.0074568503,-0.010652643,0.010458541,-0.0065173493,-0.9999241,0.0,0.0,0.0,0.03416049,-0.02972889,-0.096399784,-0.017689466,-0.028063476,-0.091249585,0.032893956,-0.030890763,-0.1189419,-0.040675253,-0.028710723,-0.12312794,0.0017439857,-0.0001937762,-0.00080880494,0.0046506287,0.0027128668,-0.0007751048,0.00050550315,-0.0021315382,-0.0023253143,0.0017439857,-0.0016176099,0.0019377619,-0.0042630765,-0.00096888095,-0.00020220123,-0.0001937762,0.0,0.0,0.0,0.0,0.0,0.0,0.0,0.0,0.0,0.0,0.0,0.0,0.0,0.0,0.0,0.0,0.0010652643,0.003195793,-0.019174758,0.010499503,-0.0064621083,-0.99992406,0.0,0.0,0.0,0.034130216,-0.029759169,-0.096399784,-0.017719746,-0.028093755,-0.09123385,0.032924235,-0.030951321,-0.11891031,-0.040584415,-0.028619885,-0.1231122,0.00096888095,0.0019377619,-0.00040440247,-0.00096888095,0.0027128668,-0.0052319574,0.00060660375,0.0,-0.0019377619,0.0,0.0011121068,0.0011626572,0.0005813286,0.0005813286,0.0011121068,-0.0019377619,0.0,0.0,0.0,0.0,0.0,0.0,0.0,0.0,0.0,0.0,0.0,0.0,0.0,0.0,0.0,0.0,-0.0042610574,-0.0021305287,-0.0042610574,0.010453922,-0.006449442,-0.9999247,0.0,0.0,0.0,0.034130216,-0.02972889,-0.096399784,-0.017750025,-0.028002918,-0.091217995,0.032954514,-0.030921042,-0.1189419,-0.040614694,-0.028619885,-0.1231122,0.0032941953,0.002906643,-0.0010110063,-0.00096888095,0.0005813286,-0.0005813286,0.0017187105,-0.0032941953,0.00096888095,0.002906643,-0.0010110063,-0.0005813286,-0.0025190904,0.0003875524,0.0014154087,0.0001937762,0.0,0.0,0.0,0.0,0.0,0.0,0.0,0.0,0.0,0.0,0.0,0.0,0.0,0.0,0.0,0.0,-0.013848436,-0.008522115,0.02237055,0.010490415,-0.0064876303,-0.9999241,0.0,0.0,0.0,0.034130216,-0.029759169,-0.096399784,-0.017750025,-0.028063476,-0.09123385,0.032924235,-0.030921042,-0.11892605,-0.040644974,-0.028680444,-0.1231122,0.0007751048,-0.00096888095,-0.0010110063,-0.0007751048,-0.0025190904,0.0,0.00060660375,-0.0021315382,0.0,0.0,-0.00020220123,0.0027128668,-0.0027128668,0.0003875524,-0.00020220123,-0.0021315382,0.0,0.0,0.0,0.0,0.0,0.0,0.0,0.0,0.0,0.0,0.0,0.0,0.0,0.0,0.0,0.0,0.2993886,-0.48221847,-0.6505452,0.027181428,-0.13136846,-0.3672134,-0.498506,-0.39771768,-0.04509411,0.16335906,0.23056808,-1.4040651,0.068826474,0.007186562,0.3594052,-1.9429724
1788699160.267163,124,1,0.0,-0.009587379,0.0074568503,0.010446182,-0.006441349,-0.9999247,0.0,0.0,0.0,0.034099936,-0.02972889,-0.096399784,-0.017780304,-0.028093755,-0.091217995,0.032924235,-0.030951321,-0.1189419,-0.040614694,-0.028650165,-0.12312794,-0.0003875524,0.0032941953,-0.0010110063,0.0019377619,-0.0011626572,-0.0046506287,0.0018198112,0.0,-0.0007751048,-0.0007751048,-0.0015165093,0.0027128668,-0.0005813286,-0.0013564334,0.0,0.0005813286,0.0,0.0,0.0,0.0,0.0,0.0,0.0,0.0,0.0,0.0,0.0,0.0,0.0,0.0,0.0,0.0,-0.0074568503,0.0053263213,0.008522115,0.010478765,-0.006514295,-0.999924,0.0,0.0,0.0,0.034130216,-0.02969861,-0.09641552,-0.017750025,-0.028093755,-0.09123385,0.032893956,-0.030921042,-0.11892605,-0.040614694,-0.028771281,-0.1231122,-0.00096888095,0.0031004192,-0.0028308174,0.00096888095,-0.0027128668,-0.0017439857,0.0013143081,-0.0023253143,-0.0021315382,-0.0015502096,0.00010110062,-0.0003875524,0.0013564334,-0.005813286,0.0012132075,-0.0021315382,0.0,0.0,0.0,0.0,0.0,0.0,0.0,0.0,0.0,0.0,0.0,0.0,0.0,0.0,0.0,0.0,0.0042610574,-0.0074568503,-0.010652643,0.010458541,-0.0065173493,-0.9999241,0.0,0.0,0.0,0.03416049,-0.02972889,-0.096399784,-0.017689466,-0.028063476,-0.091249585,0.032893956,-0.030890763,-0.1189419,-0.040675253,-0.028710723,-0.12312794,0.0017439857,-0.0001937762,-0.00080880494,0.0046506287,0.0027128668,-0.0007751048,0.00050550315,-0.0021315382,-0.0023253143,0.0017439857,-0.0016176099,0.0019377619,-0.0042630765,-0.00096888095,-0.00020220123,-0.0001937762,0.0,0.0,0.0,0.0,0.0,0.0,0.0,0.0,0.0,0.0,0.0,0.0,0.0,0.0,0.0,0.0,0.0010652643,0.003195793,-0.019174758,0.010499503,-0.0064621083,-0.99992406,0.0,0.0,0.0,0.034130216,-0.029759169,-0.096399784,-0.017719746,-0.028093755,-0.09123385,0.032924235,-0.030951321,-0.11891031,-0.040584415,-0.028619885,-0.1231122,0.00096888095,0.0019377619,-0.00040440247,-0.00096888095,0.0027128668,-0.0052319574,0.00060660375,0.0,-0.0019377619,0.0,0.0011121068,0.0011626572,0.0005813286,0.0005813286,0.0011121068,-0.0019377619,0.0,0.0,0.0,0.0,0.0,0.0,0.0,0.0,0.0,0.0,0.0,0.0,0.0,0.0,0.0,0.0,-0.0042610574,-0.0021305287,-0.0042610574,0.010453922,-0.006449442,-0.9999247,0.0,0.0,0.0,0.034130216,-0.02972889,-0.096399784,-0.017750025,-0.028002918,-0.091217995,0.032954514,-0.030921042,-0.1189419,-0.040614694,-0.028619885,-0.1231122,0.0032941953,0.002906643,-0.0010110063,-0.00096888095,0.0005813286,-0.0005813286,0.0017187105,-0.0032941953,0.00096888095,0.002906643,-0.0010110063,-0.0005813286,-0.0025190904,0.0003875524,0.0014154087,0.0001937762,0.0,0.0,0.0,0.0,0.0,0.0,0.0,0.0,0.0,0.0,0.0,0.0,0.0,0.0,0.0,0.0,0.29309055,-0.48369488,-0.65003145,0.025701877,-0.13203232,-0.3594338,-0.49557522,-0.4017581,-0.04135225,0.16293395,0.22546329,-1.4077502,0.067861855,0.0057340674,0.36611587,-1.9504486
1788699160.287293,125,1,-0.0074568503,0.01704423,-0.0074568503,0.010459334,-0.0063743787,-0.99992514,0.0,0.0,0.0,0.034099936,-0.02972889,-0.096399784,-0.017750025,-0.028033197,-0.091217995,0.032924235,-0.030951321,-0.1189419,-0.040584415,-0.028619885,-0.12312794,-0.0003875524,0.0025190904,-0.00040440247,0.0017439857,0.0001937762,-0.0017439857,0.0009099056,0.0005813286,-0.0013564334,0.0003875524,-0.0019209118,0.0007751048,0.00096888095,-0.0019377619,-0.00020220123,0.0,0.0,0.0,0.0,0.0,0.0,0.0,0.0,0.0,0.0,0.0,0.0,0.0,0.0,0.0,0.0,0.0,0.0,-0.009587379,0.0074568503,0.010446182,-0.006441349,-0.9999247,0.0,0.0,0.0,0.034099936,-0.02972889,-0.096399784,-0.017780304,-0.028093755,-0.091217995,0.032924235,-0.030951321,-0.1189419,-0.040614694,-0.028650165,-0.12312794,-0.0003875524,0.0032941953,-0.0010110063,0.0019377619,-0.0011626572,-0.0046506287,0.0018198112,0.0,-0.0007751048,-0.0007751048,-0.0015165093,0.0027128668,-0.0005813286,-0.0013564334,0.0,0.0005813286,0.0,0.0,0.0,0.0,0.0,0.0,0.0,0.0,0.0,0.0,0.0,0.0,0.0,0.0,0.0,0.0,-0.0074568503,0.0053263213,0.008522115,0.010478765,-0.006514295,-0.999924,0.0,0.0,0.0,0.034130216,-0.02969861,-0.09641552,-0.017750025,-0.028093755,-0.09123385,0.032893956,-0.030921042,-0.11892605,-0.040614694,-0.028771281,-0.1231122,-0.00096888095,0.0031004192,-0.0028308174,0.00096888095,-0.0027128668,-0.0017439857,0.0013143081,-0.0023253143,-0.0021315382,-0.0015502096,0.00010110062,-0.0003875524,0.0013564334,-0.005813286,0.0012132075,-0.0021315382,0.0,0.0,0.0,0.0,0.0,0.0,0.0,0.0,0.0,0.0,0.0,0.0,0.0,0.0,0.0,0.0,0.0042610574,-0.0074568503,-0.010652643,0.010458541,-0.0065173493,-0.9999241,0.0,0.0,0.0,0.03416049,-0.02972889,-0.096399784,-0.017689466,-0.028063476,-0.091249585,0.032893956,-0.030890763,-0.1189419,-0.040675253,-0.028710723,-0.12312794,0.0017439857,-0.0001937762,-0.00080880494,0.0046506287,0.0027128668,-0.0007751048,0.00050550315,-0.0021315382,-0.0023253143,0.0017439857,-0.0016176099,0.0019377619,-0.0042630765,-0.00096888095,-0.00020220123,-0.0001937762,0.0,0.0,0.0,0.0,0.0,0.0,0.0,0.0,0.0,0.0,0.0,0.0,0.0,0.0,0.0,0.0,0.0010652643,0.003195793,-0.019174758,0.010499503,-0.0064621083,-0.99992406,0.0,0.0,0.0,0.034130216,-0.029759169,-0.096399784,-0.017719746,-0.028093755,-0.09123385,0.032924235,-0.030951321,-0.11891031,-0.040584415,-0.028619885,-0.1231122,0.00096888095,0.0019377619,-0.00040440247,-0.00096888095,0.0027128668,-0.0052319574,0.00060660375,0.0,-0.0019377619,0.0,0.0011121068,0.0011626572,0.0005813286,0.0005813286,0.0011121068,-0.0019377619,0.0,0.0,0.0,0.0,0.0,0.0,0.0,0.0,0.0,0.0,0.0,0.0,0.0,0.0,0.0,0.0,0.28696457,-0.49654132,-0.6484872,0.020650279,-0.13594604,-0.36802816,-0.4665131,-0.40205508,-0.030062277,0.13648869,0.2144636,-1.4216214,0.07254703,0.023227178,0.3406109,-1.953057
1788699160.308755,126,1,0.0,0.0042610574,-0.009587379,0.010493236,-0.0063605886,-0.9999249,0.0,0.0,0.0,0.03416049,-0.029759169,-0.09638393,-0.017750025,-0.028063476,-0.09123385,0.032893956,-0.030921042,-0.1189419,-0.040644974,-0.028680444,-0.1231122,0.0034879714,-0.0005813286,0.00030330187,-0.0005813286,-0.0007751048,-0.0023253143,0.0012132075,0.002906643,-0.002906643,0.0013564334,-0.0017187105,0.002906643,-0.0031004192,-0.0017439857,-0.00040440247,-0.002906643,0.0,0.0,0.0,0.0,0.0,0.0,0.0,0.0,0.0,0.0,0.0,0.0,0.0,0.0,0.0,0.0,-0.0074568503,0.01704423,-0.0074568503,0.010459334,-0.0063743787,-0.99992514,0.0,0.0,0.0,0.034099936,-0.02972889,-0.096399784,-0.017750025,-0.028033197,-0.091217995,0.032924235,-0.030951321,-0.1189419,-0.040584415,-0.028619885,-0.12312794,-0.0003875524,0.0025190904,-0.00040440247,0.0017439857,0.0001937762,-0.0017439857,0.0009099056,0.0005813286,-0.0013564334,0.0003875524,-0.0019209118,0.0007751048,0.00096888095,-0.0019377619,-0.00020220123,0.0,0.0,0.0,0.0,0.0,0.0,0.0,0.0,0.0,0.0,0.0,0.0,0.0,0.0,0.0,0.0,0.0,0.0,-0.009587379,0.0074568503,0.010446182,-0.006441349,-0.9999247,0.0,0.0,0.0,0.034099936,-0.02972889,-0.096399784,-0.017780304,-0.028093755,-0.091217995,0.032924235,-0.030951321,-0.1189419,-0.040614694,-0.028650165,-0.12312794,-0.0003875524,0.0032941953,-0.0010110063,0.0019377619,-0.0011626572,-0.0046506287,0.0018198112,0.0,-0.0007751048,-0.0007751048,-0.0015165093,0.0027128668,-0.0005813286,-0.0013564334,0.0,0.0005813286,0.0,0.0,0.0,0.0,0.0,0.0,0.0,0.0,0.0,0.0,0.0,0.0,0.0,0.0,0.0,0.0,-0.0074568503,0.0053263213,0.008522115,0.010478765,-0.006514295,-0.999924,0.0,0.0,0.0,0.034130216,-0.02969861,-0.09641552,-0.017750025,-0.028093755,-0.09123385,0.032893956,-0.030921042,-0.11892605,-0.040614694,-0.028771281,-0.1231122,-0.00096888095,0.0031004192,-0.0028308174,0.00096888095,-0.0027128668,-0.0017439857,0.0013143081,-0.0023253143,-0.0021315382,-0.0015502096,0.00010110062,-0.0003875524,0.0013564334,-0.005813286,0.0012132075,-0.0021315382,0.0,0.0,0.0,0.0,0.0,0.0,0.0,0.0,0.0,0.0,0.0,0.0,0.0,0.0,0.0,0.0,0.0042610574,-0.0074568503,-0.010652643,0.010458541,-0.0065173493,-0.9999241,0.0,0.0,0.0,0.03416049,-0.02972889,-0.096399784,-0.017689466,-0.028063476,-0.091249585,0.032893956,-0.030890763,-0.1189419,-0.040675253,-0.028710723,-0.12312794,0.0017439857,-0.0001937762,-0.00080880494,0.0046506287,0.0027128668,-0.0007751048,0.00050550315,-0.0021315382,-0.0023253143,0.0017439857,-0.0016176099,0.0019377619,-0.0042630765,-0.00096888095,-0.00020220123,-0.0001937762,0.0,0.0,0.0,0.0,0.0,0.0,0.0,0.0,0.0,0.0,0.0,0.0,0.0,0.0,0.0,0.0,0.29046562,-0.5039547,-0.6462284,0.024884965,-0.13236183,-0.36762765,-0.46658272,-0.4035913,-0.036297064,0.14202888,0.21774387,-1.413735,0.06913554,0.017322645,0.34133112,-1.9524463
1788699160.327484,127,1,0.0021305287,-0.003195793,-0.0053263213,0.010486625,-0.0063782795,-0.99992496,0.0,0.0,0.0,0.034130216,-0.02969861,-0.09638393,-0.017719746,-0.028093755,-0.091249585,0.032893956,-0.030890763,-0.11892605,-0.040675253,-0.028741002,-0.1231122,-0.00096888095,0.0027128668,0.00010110062,0.0015502096,-0.0001937762,0.0001937762,0.00030330187,0.0,-0.0019377619,-0.0007751048,-0.00040440247,-0.0005813286,-0.0017439857,-0.0019377619,0.0010110063,-0.0019377619,0.0,0.0,0.0,0.0,0.0,0.0,0.0,0.0,0.0,0.0,0.0,0.0,0.0,0.0,0.0,0.0,0.0,0.0042610574,-0.009587379,0.010493236,-0.0063605886,-0.9999249,0.0,0.0,0.0,0.03416049,-0.029759169,-0.09638393,-0.017750025,-0.028063476,-0.09123385,0.032893956,-0.030921042,-0.1189419,-0.040644974,-0.028680444,-0.1231122,0.0034879714,-0.0005813286,0.00030330187,-0.0005813286,-0.0007751048,-0.0023253143,0.0012132075,0.002906643,-0.002906643,0.0013564334,-0.0017187105,0.002906643,-0.0031004192,-0.0017439857,-0.00040440247,-0.002906643,0.0,0.0,0.0,0.0,0.0,0.0,0.0,0.0,0.0,0.0,0.0,0.0,0.0,0.0,0.0,0.0,-0.0074568503,0.01704423,-0.0074568503,0.010459334,-0.0063743787,-0.99992514,0.0,0.0,0.0,0.034099936,-0.02972889,-0.096399784,-0.017750025,-0.028033197,-0.091217995,0.032924235,-0.030951321,-0.1189419,-0.040584415,-0.028619885,-0.12312794,-0.0003875524,0.0025190904,-0.00040440247,0.0017439857,0.0001937762,-0.0017439857,0.0009099056,0.0005813286,-0.0013564334,0.0003875524,-0.0019209118,0.0007751048,0.00096888095,-0.0019377619,-0.00020220123,0.0,0.0,0.0,0.0,0.0,0.0,0.0,0.0,0.0,0.0,0.0,0.0,0.0,0.0,0.0,0.0,0.0,0.0,-0.009587379,0.0074568503,0.010446182,-0.006441349,-0.9999247,0.0,0.0,0.0,0.034099936,-0.02972889,-0.096399784,-0.017780304,-0.028093755,-0.091217995,0.032924235,-0.030951321,-0.1189419,-0.040614694,-0.028650165,-0.12312794,-0.0003875524,0.0032941953,-0.0010110063,0.0019377619,-0.0011626572,-0.0046506287,0.0018198112,0.0,-0.0007751048,-0.0007751048,-0.0015165093,0.0027128668,-0.0005813286,-0.0013564334,0.0,0.0005813286,0.0,0.0,0.0,0.0,0.0,0.0,0.0,0.0,0.0,0.0,0.0,0.0,0.0,0.0,0.0,0.0,-0.0074568503,0.0053263213,0.008522115,0.010478765,-0.006514295,-0.999924,0.0,0.0,0.0,0.034130216,-0.02969861,-0.09641552,-0.017750025,-0.028093755,-0.09123385,0.032893956,-0.030921042,-0.11892605,-0.040614694,-0.028771281,-0.1231122,-0.00096888095,0.0031004192,-0.0028308174,0.00096888095,-0.0027128668,-0.0017439857,0.0013143081,-0.0023253143,-0.0021315382,-0.0015502096,0.00010110062,-0.0003875524,0.0013564334,-0.005813286,0.0012132075,-0.0021315382,0.0,0.0,0.0,0.0,0.0,0.0,0.0,0.0,0.0,0.0,0.0,0.0,0.0,0.0,0.0,0.0,0.29246572,-0.50570816,-0.6543963,0.01863154,-0.13501139,-0.37106723,-0.4798739,-0.39878756,-0.04061371,0.13903347,0.22424528,-1.415995,0.071266025,0.01312523,0.33981237,-1.9453267
1788699160.3487813,128,1,0.003195793,-0.0053263213,0.018109493,0.010482244,-0.0063848696,-0.99992484,0.0,0.0,0.0,0.034130216,-0.02972889,-0.096399784,-0.017719746,-0.028123975,-0.091249585,0.032893956,-0.030921042,-0.11892605,-0.040675253,-0.028680444,-0.12314379,0.002906643,0.0025190904,-0.00080880494,0.0017439857,0.0013564334,-0.0046506287,-0.00040440247,-0.0019377619,-0.0019377619,0.0005813286,0.00050550315,0.0031004192,-0.0040693,0.0013564334,-0.0016176099,-0.0021315382,0.0,0.0,0.0,0.0,0.0,0.0,0.0,0.0,0.0,0.0,0.0,0.0,0.0,0.0,0.0,0.0,0.0021305287,-0.003195793,-0.0053263213,0.010486625,-0.0063782795,-0.99992496,0.0,0.0,0.0,0.034130216,-0.02969861,-0.09638393,-0.017719746,-0.028093755,-0.091249585,0.032893956,-0.030890763,-0.11892605,-0.040675253,-0.028741002,-0.1231122,-0.00096888095,0.0027128668,0.00010110062,0.0015502096,-0.0001937762,0.0001937762,0.00030330187,0.0,-0.0019377619,-0.0007751048,-0.00040440247,-0.0005813286,-0.0017439857,-0.0019377619,0.0010110063,-0.0019377619,0.0,0.0,0.0,0.0,0.0,0.0,0.0,0.0,0.0,0.0,0.0,0.0,0.0,0.0,0.0,0.0,0.0,0.0042610574,-0.009587379,0.010493236,-0.0063605886,-0.9999249,0.0,0.0,0.0,0.03416049,-0.029759169,-0.09638393,-0.017750025,-0.028063476,-0.09123385,0.032893956,-0.030921042,-0.1189419,-0.040644974,-0.028680444,-0.1231122,0.0034879714,-0.0005813286,0.00030330187,-0.0005813286,-0.0007751048,-0.0023253143,0.0012132075,0.002906643,-0.002906643,0.0013564334,-0.0017187105,0.002906643,-0.0031004192,-0.0017439857,-0.00040440247,-0.002906643,0.0,0.0,0.0,0.0,0.0,0.0,0.0,0.0,0.0,0.0,0.0,0.0,0.0,0.0,0.0,0.0,-0.0074568503,0.01704423,-0.0074568503,0.010459334,-0.0063743787,-0.99992514,0.0,0.0,0.0,0.034099936,-0.02972889,-0.096399784,-0.017750025,-0.028033197,-0.091217995,0.032924235,-0.030951321,-0.1189419,-0.040584415,-0.028619885,-0.12312794,-0.0003875524,0.0025190904,-0.00040440247,0.0017439857,0.0001937762,-0.0017439857,0.0009099056,0.0005813286,-0.0013564334,0.0003875524,-0.0019209118,0.0007751048,0.00096888095,-0.0019377619,-0.00020220123,0.0,0.0,0.0,0.0,0.0,0.0,0.0,0.0,0.0,0.0,0.0,0.0,0.0,0.0,0.0,0.0,0.0,0.0,-0.009587379,0.0074568503,0.010446182,-0.006441349,-0.9999247,0.0,0.0,0.0,0.034099936,-0.02972889,-0.096399784,-0.017780304,-0.028093755,-0.091217995,0.032924235,-0.030951321,-0.1189419,-0.040614694,-0.028650165,-0.12312794,-0.0003875524,0.0032941953,-0.0010110063,0.0019377619,-0.0011626572,-0.0046506287,0.0018198112,0.0,-0.0007751048,-0.0007751048,-0.0015165093,0.0027128668,-0.0005813286,-0.0013564334,0.0,0.0005813286,0.0,0.0,0.0,0.0,0.0,0.0,0.0,0.0,0.0,0.0,0.0,0.0,0.0,0.0,0.0,0.0,0.29732028,-0.4894243,-0.6214889,0.011131883,-0.122464746,-0.38108644,-0.49676868,-0.4059471,-0.053875342,0.18457712,0.2103457,-1.3959335,0.059083294,-0.020856753,0.35269415,-1.954332
1788699160.367168,129,1,-0.013848436,0.0,0.01704423,0.010445705,-0.00630305,-0.99992573,0.0,0.0,0.0,0.034099936,-0.029759169,-0.09638393,-0.017719746,-0.028033197,-0.091249585,0.032954514,-0.030951321,-0.11892605,-0.040584415,-0.028650165,-0.12312794,0.0001937762,0.0017439857,0.00080880494,-0.0003875524,0.0021315382,0.0,-0.0014154087,-0.0021315382,0.0007751048,0.0015502096,0.0,0.0038755238,0.0019377619,0.0,-0.00030330187,-0.0015502096,0.0,0.0,0.0,0.0,0.0,0.0,0.0,0.0,0.0,0.0,0.0,0.0,0.0,0.0,0.0,0.0,0.003195793,-0.0053263213,0.018109493,0.010482244,-0.0063848696,-0.99992484,0.0,0.0,0.0,0.034130216,-0.02972889,-0.096399784,-0.017719746,-0.028123975,-0.091249585,0.032893956,-0.030921042,-0.11892605,-0.040675253,-0.028680444,-0.12314379,0.002906643,0.0025190904,-0.00080880494,0.0017439857,0.0013564334,-0.0046506287,-0.00040440247,-0.0019377619,-0.0019377619,0.0005813286,0.00050550315,0.0031004192,-0.0040693,0.0013564334,-0.0016176099,-0.0021315382,0.0,0.0,0.0,0.0,0.0,0.0,0.0,0.0,0.0,0.0,0.0,0.0,0.0,0.0,0.0,0.0,0.0021305287,-0.003195793,-0.0053263213,0.010486625,-0.0063782795,-0.99992496,0.0,0.0,0.0,0.034130216,-0.02969861,-0.09638393,-0.017719746,-0.028093755,-0.091249585,0.032893956,-0.030890763,-0.11892605,-0.040675253,-0.028741002,-0.1231122,-0.00096888095,0.0027128668,0.00010110062,0.0015502096,-0.0001937762,0.0001937762,0.00030330187,0.0,-0.0019377619,-0.0007751048,-0.00040440247,-0.0005813286,-0.0017439857,-0.0019377619,0.0010110063,-0.0019377619,0.0,0.0,0.0,0.0,0.0,0.0,0.0,0.0,0.0,0.0,0.0,0.0,0.0,0.0,0.0,0.0,0.0,0.0042610574,-0.009587379,0.010493236,-0.0063605886,-0.9999249,0.0,0.0,0.0,0.03416049,-0.029759169,-0.09638393,-0.017750025,-0.028063476,-0.09123385,0.032893956,-0.030921042,-0.1189419,-0.040644974,-0.028680444,-0.1231122,0.0034879714,-0.0005813286,0.00030330187,-0.0005813286,-0.0007751048,-0.0023253143,0.0012132075,0.002906643,-0.002906643,0.0013564334,-0.0017187105,0.002906643,-0.0031004192,-0.0017439857,-0.00040440247,-0.002906643,0.0,0.0,0.0,0.0,0.0,0.0,0.0,0.0,0.0,0.0,0.0,0.0,0.0,0.0,0.0,0.0,-0.0074568503,0.01704423,-0.0074568503,0.010459334,-0.0063743787,-0.99992514,0.0,0.0,0.0,0.034099936,-0.02972889,-0.096399784,-0.017750025,-0.028033197,-0.091217995,0.032924235,-0.030951321,-0.1189419,-0.040584415,-0.028619885,-0.12312794,-0.0003875524,0.0025190904,-0.00040440247,0.0017439857,0.0001937762,-0.0017439857,0.0009099056,0.0005813286,-0.0013564334,0.0003875524,-0.0019209118,0.0007751048,0.00096888095,-0.0019377619,-0.00020220123,0.0,0.0,0.0,0.0,0.0,0.0,0.0,0.0,0.0,0.0,0.0,0.0,0.0,0.0,0.0,0.0,0.0,0.29929492,-0.48111755,-0.6319417,0.01332337,-0.1266838,-0.3815782,-0.4966585,-0.39653865,-0.048740327,0.18333635,0.21107538,-1.3956105,0.060500048,-0.008238204,0.36237735,-1.9491636
1788699160.3871677,130,1,-0.003195793,0.008522115,-0.0053263213,0.010514535,-0.006278794,-0.9999251,0.0,0.0,0.0,0.034099936,-0.02972889,-0.09638393,-0.017719746,-0.028033197,-0.091217995,0.032924235,-0.030921042,-0.1189419,-0.040584415,-0.028650165,-0.12312794,-0.0013564334,0.0032941953,0.00080880494,-0.00096888095,0.002906643,0.0003875524,0.0011121068,-0.0027128668,-0.0017439857,0.0034879714,-0.0020220126,-0.0019377619,0.0007751048,-0.0023253143,-0.00020220123,0.0,0.0,0.0,0.0,0.0,0.0,0.0,0.0,0.0,0.0,0.0,0.0,0.0,0.0,0.0,0.0,0.0,-0.013848436,0.0,0.01704423,0.010445705,-0.00630305,-0.99992573,0.0,0.0,0.0,0.034099936,-0.029759169,-0.09638393,-0.017719746,-0.028033197,-0.091249585,0.032954514,-0.030951321,-0.11892605,-0.040584415,-0.028650165,-0.12312794,0.0001937762,0.0017439857,0.00080880494,-0.0003875524,0.0021315382,0.0,-0.0014154087,-0.0021315382,0.0007751048,0.0015502096,0.0,0.0038755238,0.0019377619,0.0,-0.00030330187,-0.0015502096,0.0,0.0,0.0,0.0,0.0,0.0,0.0,0.0,0.0,0.0,0.0,0.0,0.0,0.0,0.0,0.0,0.003195793,-0.0053263213,0.018109493,0.010482244,-0.0063848696,-0.99992484,0.0,0.0,0.0,0.034130216,-0.02972889,-0.096399784,-0.017719746,-0.028123975,-0.091249585,0.032893956,-0.030921042,-0.11892605,-0.040675253,-0.028680444,-0.12314379,0.002906643,0.0025190904,-0.00080880494,0.0017439857,0.0013564334,-0.0046506287,-0.00040440247,-0.0019377619,-0.0019377619,0.0005813286,0.00050550315,0.0031004192,-0.0040693,0.0013564334,-0.0016176099,-0.0021315382,0.0,0.0,0.0,0.0,0.0,0.0,0.0,0.0,0.0,0.0,0.0,0.0,0.0,0.0,0.0,0.0,0.0021305287,-0.003195793,-0.0053263213,0.010486625,-0.0063782795,-0.99992496,0.0,0.0,0.0,0.034130216,-0.02969861,-0.09638393,-0.017719746,-0.028093755,-0.091249585,0.032893956,-0.030890763,-0.11892605,-0.040675253,-0.028741002,-0.1231122,-0.00096888095,0.0027128668,0.00010110062,0.0015502096,-0.0001937762,0.0001937762,0.00030330187,0.0,-0.0019377619,-0.0007751048,-0.00040440247,-0.0005813286,-0.0017439857,-0.0019377619,0.0010110063,-0.0019377619,0.0,0.0,0.0,0.0,0.0,0.0,0.0,0.0,0.0,0.0,0.0,0.0,0.0,0.0,0.0,0.0,0.0,0.0042610574,-0.009587379,0.010493236,-0.0063605886,-0.9999249,0.0,0.0,0.0,0.03416049,-0.029759169,-0.09638393,-0.017750025,-0.028063476,-0.09123385,0.032893956,-0.030921042,-0.1189419,-0.040644974,-0.028680444,-0.1231122,0.0034879714,-0.0005813286,0.00030330187,-0.0005813286,-0.0007751048,-0.0023253143,0.0012132075,0.002906643,-0.002906643,0.0013564334,-0.0017187105,0.002906643,-0.0031004192,-0.0017439857,-0.00040440247,-0.002906643,0.0,0.0,0.0,0.0,0.0,0.0,0.0,0.0,0.0,0.0,0.0,0.0,0.0,0.0,0.0,0.0,0.29412293,-0.50078744,-0.64412856,0.023569126,-0.13422781,-0.37046844,-0.47136834,-0.39788812,-0.03431979,0.14568491,0.21064346,-1.4049273,0.068459995,0.01526887,0.3436923,-1.9394166
1788699160.4071915,131,1,-0.0021305287,-0.0042610574,-0.010652643,0.01051223,-0.006360863,-0.9999246,0.0,0.0,0.0,0.034130216,-0.02972889,-0.09638393,-0.017719746,-0.028093755,-0.091249585,0.032924235,-0.030921042,-0.11892605,-0.040675253,-0.028710723,-0.12309635,-0.0003875524,0.0003875524,-0.00020220123,0.0044568526,0.0,-0.0003875524,-0.00040440247,-0.0019377619,0.00096888095,0.0,-0.00030330187,0.0019377619,-0.0042630765,-0.0003875524,0.002426415,0.0005813286,0.0,0.0,0.0,0.0,0.0,0.0,0.0,0.0,0.0,0.0,0.0,0.0,0.0,0.0,0.0,0.0,-0.003195793,0.008522115,-0.0053263213,0.010514535,-0.006278794,-0.9999251,0.0,0.0,0.0,0.034099936,-0.02972889,-0.09638393,-0.017719746,-0.028033197,-0.091217995,0.032924235,-0.030921042,-0.1189419,-0.040584415,-0.028650165,-0.12312794,-0.0013564334,0.0032941953,0.00080880494,-0.00096888095,0.002906643,0.0003875524,0.0011121068,-0.0027128668,-0.0017439857,0.0034879714,-0.0020220126,-0.0019377619,0.0007751048,-0.0023253143,-0.00020220123,0.0,0.0,0.0,0.0,0.0,0.0,0.0,0.0,0.0,0.0,0.0,0.0,0.0,0.0,0.0,0.0,0.0,-0.013848436,0.0,0.01704423,0.010445705,-0.00630305,-0.99992573,0.0,0.0,0.0,0.034099936,-0.029759169,-0.09638393,-0.017719746,-0.028033197,-0.091249585,0.032954514,-0.030951321,-0.11892605,-0.040584415,-0.028650165,-0.12312794,0.0001937762,0.0017439857,0.00080880494,-0.0003875524,0.0021315382,0.0,-0.0014154087,-0.0021315382,0.0007751048,0.0015502096,0.0,0.0038755238,0.0019377619,0.0,-0.00030330187,-0.0015502096,0.0,0.0,0.0,0.0,0.0,0.0,0.0,0.0,0.0,0.0,0.0,0.0,0.0,0.0,0.0,0.0,0.003195793,-0.0053263213,0.018109493,0.010482244,-0.0063848696,-0.99992484,0.0,0.0,0.0,0.034130216,-0.02972889,-0.096399784,-0.017719746,-0.028123975,-0.091249585,0.032893956,-0.030921042,-0.11892605,-0.040675253,-0.028680444,-0.12314379,0.002906643,0.0025190904,-0.00080880494,0.0017439857,0.0013564334,-0.0046506287,-0.00040440247,-0.0019377619,-0.0019377619,0.0005813286,0.00050550315,0.0031004192,-0.0040693,0.0013564334,-0.0016176099,-0.0021315382,0.0,0.0,0.0,0.0,0.0,0.0,0.0,0.0,0.0,0.0,0.0,0.0,0.0,0.0,0.0,0.0,0.0021305287,-0.003195793,-0.0053263213,0.010486625,-0.0063782795,-0.99992496,0.0,0.0,0.0,0.034130216,-0.02969861,-0.09638393,-0.017719746,-0.028093755,-0.091249585,0.032893956,-0.030890763,-0.11892605,-0.040675253,-0.028741002,-0.1231122,-0.00096888095,0.0027128668,0.00010110062,0.0015502096,-0.0001937762,0.0001937762,0.00030330187,0.0,-0.0019377619,-0.0007751048,-0.00040440247,-0.0005813286,-0.0017439857,-0.0019377619,0.0010110063,-0.0019377619,0.0,0.0,0.0,0.0,0.0,0.0,0.0,0.0,0.0,0.0,0.0,0.0,0.0,0.0,0.0,0.0,0.29120755,-0.5048433,-0.64985776,0.024299178,-0.13590284,-0.36296874,-0.4716195,-0.39562285,-0.034068946,0.13129218,0.22564851,-1.406694,0.07416677,0.019430973,0.3389764,-1.9334573
1788699160.4272072,132,1,-0.0074568503,0.0,0.006391586,0.01050816,-0.006382838,-0.9999245,0.0,0.0,0.0,0.03416049,-0.02972889,-0.09638393,-0.017719746,-0.028123975,-0.091249585,0.032893956,-0.030860484,-0.11891031,-0.040644974,-0.028741002,-0.1231122,0.0013564334,0.0007751048,0.00030330187,0.0015502096,0.0,-0.0023253143,-0.00010110062,-0.0021315382,0.0007751048,0.0040693,0.0009099056,0.0031004192,-0.0005813286,-0.0019377619,0.0012132075,0.0003875524,0.0,0.0,0.0,0.0,0.0,0.0,0.0,0.0,0.0,0.0,0.0,0.0,0.0,0.0,0.0,0.0,-0.0021305287,-0.0042610574,-0.010652643,0.01051223,-0.006360863,-0.9999246,0.0,0.0,0.0,0.034130216,-0.02972889,-0.09638393,-0.017719746,-0.028093755,-0.091249585,0.032924235,-0.030921042,-0.11892605,-0.040675253,-0.028710723,-0.12309635,-0.0003875524,0.0003875524,-0.00020220123,0.0044568526,0.0,-0.0003875524,-0.00040440247,-0.0019377619,0.00096888095,0.0,-0.00030330187,0.0019377619,-0.0042630765,-0.0003875524,0.002426415,0.0005813286,0.0,0.0,0.0,0.0,0.0,0.0,0.0,0.0,0.0,0.0,0.0,0.0,0.0,0.0,0.0,0.0,-0.003195793,0.008522115,-0.0053263213,0.010514535,-0.006278794,-0.9999251,0.0,0.0,0.0,0.034099936,-0.02972889,-0.09638393,-0.017719746,-0.028033197,-0.091217995,0.032924235,-0.030921042,-0.1189419,-0.040584415,-0.028650165,-0.12312794,-0.0013564334,0.0032941953,0.00080880494,-0.00096888095,0.002906643,0.0003875524,0.0011121068,-0.0027128668,-0.0017439857,0.0034879714,-0.0020220126,-0.0019377619,0.0007751048,-0.0023253143,-0.00020220123,0.0,0.0,0.0,0.0,0.0,0.0,0.0,0.0,0.0,0.0,0.0,0.0,0.0,0.0,0.0,0.0,0.0,-0.013848436,0.0,0.01704423,0.010445705,-0.00630305,-0.99992573,0.0,0.0,0.0,0.034099936,-0.029759169,-0.09638393,-0.017719746,-0.028033197,-0.091249585,0.032954514,-0.030951321,-0.11892605,-0.040584415,-0.028650165,-0.12312794,0.0001937762,0.0017439857,0.00080880494,-0.0003875524,0.0021315382,0.0,-0.0014154087,-0.0021315382,0.0007751048,0.0015502096,0.0,0.0038755238,0.0019377619,0.0,-0.00030330187,-0.0015502096,0.0,0.0,0.0,0.0,0.0,0.0,0.0,0.0,0.0,0.0,0.0,0.0,0.0,0.0,0.0,0.0,0.003195793,-0.0053263213,0.018109493,0.010482244,-0.0063848696,-0.99992484,0.0,0.0,0.0,0.034130216,-0.02972889,-0.096399784,-0.017719746,-0.028123975,-0.091249585,0.032893956,-0.030921042,-0.11892605,-0.040675253,-0.028680444,-0.12314379,0.002906643,0.0025190904,-0.00080880494,0.0017439857,0.0013564334,-0.0046506287,-0.00040440247,-0.0019377619,-0.0019377619,0.0005813286,0.00050550315,0.0031004192,-0.0040693,0.0013564334,-0.0016176099,-0.0021315382,0.0,0.0,0.0,0.0,0.0,0.0,0.0,0.0,0.0,0.0,0.0,0.0,0.0,0.0,0.0,0.0,0.29345244,-0.49229208,-0.6375078,0.020261735,-0.12960991,-0.36951345,-0.48347637,-0.40015513,-0.040797494,0.16063517,0.21026559,-1.3937535,0.06802358,0.0026825555,0.36142036,-1.9440019
1788699160.4471855,133,1,-0.003195793,-0.0021305287,0.008522115,0.010490024,-0.00634283,-0.999925,0.0,0.0,0.0,0.034130216,-0.029759169,-0.09638393,-0.017750025,-0.028093755,-0.091217995,0.032924235,-0.030951321,-0.11892605,-0.040614694,-0.028650165,-0.12312794,0.0015502096,0.0007751048,0.00030330187,0.0003875524,-0.0013564334,-0.0031004192,0.0017187105,0.0036817477,-0.0011626572,0.0003875524,0.00040440247,0.00096888095,-0.00096888095,-0.0019377619,-0.00030330187,-0.0001937762,0.0,0.0,0.0,0.0,0.0,0.0,0.0,0.0,0.0,0.0,0.0,0.0,0.0,0.0,0.0,0.0,-0.0074568503,0.0,0.006391586,0.01050816,-0.006382838,-0.9999245,0.0,0.0,0.0,0.03416049,-0.02972889,-0.09638393,-0.017719746,-0.028123975,-0.091249585,0.032893956,-0.030860484,-0.11891031,-0.040644974,-0.028741002,-0.1231122,0.0013564334,0.0007751048,0.00030330187,0.0015502096,0.0,-0.0023253143,-0.00010110062,-0.0021315382,0.0007751048,0.0040693,0.0009099056,0.0031004192,-0.0005813286,-0.0019377619,0.0012132075,0.0003875524,0.0,0.0,0.0,0.0,0.0,0.0,0.0,0.0,0.0,0.0,0.0,0.0,0.0,0.0,0.0,0.0,-0.0021305287,-0.0042610574,-0.010652643,0.01051223,-0.006360863,-0.9999246,0.0,0.0,0.0,0.034130216,-0.02972889,-0.09638393,-0.017719746,-0.028093755,-0.091249585,0.032924235,-0.030921042,-0.11892605,-0.040675253,-0.028710723,-0.12309635,-0.0003875524,0.0003875524,-0.00020220123,0.0044568526,0.0,-0.0003875524,-0.00040440247,-0.0019377619,0.00096888095,0.0,-0.00030330187,0.0019377619,-0.0042630765,-0.0003875524,0.002426415,0.0005813286,0.0,0.0,0.0,0.0,0.0,0.0,0.0,0.0,0.0,0.0,0.0,0.0,0.0,0.0,0.0,0.0,-0.003195793,0.008522115,-0.0053263213,0.010514535,-0.006278794,-0.9999251,0.0,0.0,0.0,0.034099936,-0.02972889,-0.09638393,-0.017719746,-0.028033197,-0.091217995,0.032924235,-0.030921042,-0.1189419,-0.040584415,-0.028650165,-0.12312794,-0.0013564334,0.0032941953,0.00080880494,-0.00096888095,0.002906643,0.0003875524,0.0011121068,-0.0027128668,-0.0017439857,0.0034879714,-0.0020220126,-0.0019377619,0.0007751048,-0.0023253143,-0.00020220123,0.0,0.0,0.0,0.0,0.0,0.0,0.0,0.0,0.0,0.0,0.0,0.0,0.0,0.0,0.0,0.0,0.0,-0.013848436,0.0,0.01704423,0.010445705,-0.00630305,-0.99992573,0.0,0.0,0.0,0.034099936,-0.029759169,-0.09638393,-0.017719746,-0.028033197,-0.091249585,0.032954514,-0.030951321,-0.11892605,-0.040584415,-0.028650165,-0.12312794,0.0001937762,0.0017439857,0.00080880494,-0.0003875524,0.0021315382,0.0,-0.0014154087,-0.0021315382,0.0007751048,0.0015502096,0.0,0.0038755238,0.0019377619,0.0,-0.00030330187,-0.0015502096,0.0,0.0,0.0,0.0,0.0,0.0,0.0,0.0,0.0,0.0,0.0,0.0,0.0,0.0,0.0,0.0,0.29346943,-0.48692685,-0.63526434,0.020041335,-0.1276152,-0.37001693,-0.48935747,-0.39665467,-0.04461831,0.1595319,0.21754587,-1.3985068,0.06599685,0.00040914118,0.35987556,-1.9463025
1788699160.4671688,134,1,-0.006391586,-0.0042610574,0.003195793,0.0104937535,-0.006317623,-0.9999251,0.0,0.0,0.0,0.034130216,-0.029759169,-0.096399784,-0.017750025,-0.028033197,-0.091217995,0.032924235,-0.030921042,-0.1189419,-0.040614694,-0.028619885,-0.12309635,0.002906643,0.0011626572,-0.0011121068,0.0017439857,0.0007751048,-0.0001937762,0.00050550315,-0.0019377619,-0.0025190904,0.0046506287,-0.00020220123,0.002906643,-0.002906643,0.0,0.0023253143,0.0003875524,0.0,0.0,0.0,0.0,0.0,0.0,0.0,0.0,0.0,0.0,0.0,0.0,0.0,0.0,0.0,0.0,-0.003195793,-0.0021305287,0.008522115,0.010490024,-0.00634283,-0.999925,0.0,0.0,0.0,0.034130216,-0.029759169,-0.09638393,-0.017750025,-0.028093755,-0.091217995,0.032924235,-0.030951321,-0.11892605,-0.040614694,-0.028650165,-0.12312794,0.0015502096,0.0007751048,0.00030330187,0.0003875524,-0.0013564334,-0.0031004192,0.0017187105,0.0036817477,-0.0011626572,0.0003875524,0.00040440247,0.00096888095,-0.00096888095,-0.0019377619,-0.00030330187,-0.0001937762,0.0,0.0,0.0,0.0,0.0,0.0,0.0,0.0,0.0,0.0,0.0,0.0,0.0,0.0,0.0,0.0,-0.0074568503,0.0,0.006391586,0.01050816,-0.006382838,-0.9999245,0.0,0.0,0.0,0.03416049,-0.02972889,-0.09638393,-0.017719746,-0.028123975,-0.091249585,0.032893956,-0.030860484,-0.11891031,-0.040644974,-0.028741002,-0.1231122,0.0013564334,0.0007751048,0.00030330187,0.0015502096,0.0,-0.0023253143,-0.00010110062,-0.0021315382,0.0007751048,0.0040693,0.0009099056,0.0031004192,-0.0005813286,-0.0019377619,0.0012132075,0.0003875524,0.0,0.0,0.0,0.0,0.0,0.0,0.0,0.0,0.0,0.0,0.0,0.0,0.0,0.0,0.0,0.0,-0.0021305287,-0.0042610574,-0.010652643,0.01051223,-0.006360863,-0.9999246,0.0,0.0,0.0,0.034130216,-0.02972889,-0.09638393,-0.017719746,-0.028093755,-0.091249585,0.032924235,-0.030921042,-0.11892605,-0.040675253,-0.028710723,-0.12309635,-0.0003875524,0.0003875524,-0.00020220123,0.0044568526,0.0,-0.0003875524,-0.00040440247,-0.0019377619,0.00096888095,0.0,-0.00030330187,0.0019377619,-0.0042630765,-0.0003875524,0.002426415,0.0005813286,0.0,0.0,0.0,0.0,0.0,0.0,0.0,0.0,0.0,0.0,0.0,0.0,0.0,0.0,0.0,0.0,-0.003195793,0.008522115,-0.0053263213,0.010514535,-0.006278794,-0.9999251,0.0,0.0,0.0,0.034099936,-0.02972889,-0.09638393,-0.017719746,-0.028033197,-0.091217995,0.032924235,-0.030921042,-0.1189419,-0.040584415,-0.028650165,-0.12312794,-0.0013564334,0.0032941953,0.00080880494,-0.00096888095,0.002906643,0.0003875524,0.0011121068,-0.0027128668,-0.0017439857,0.0034879714,-0.0020220126,-0.0019377619,0.0007751048,-0.0023253143,-0.00020220123,0.0,0.0,0.0,0.0,0.0,0.0,0.0,0.0,0.0,0.0,0.0,0.0,0.0,0.0,0.0,0.0,0.0,0.29621357,-0.49579412,-0.6275644,0.0168118,-0.1265806,-0.3798708,-0.48282278,-0.39775595,-0.04775831,0.15512371,0.21542059,-1.3950061,0.06409778,-0.009090025,0.34709316,-1.9456676
1788699160.4871304,135,1,-0.0010652643,-0.009587379,-0.018109493,0.010541587,-0.006356468,-0.99992436,0.0,0.0,0.0,0.034130216,-0.029759169,-0.096399784,-0.017719746,-0.028033197,-0.09123385,0.032924235,-0.030890763,-0.11892605,-0.040614694,-0.028650165,-0.12312794,0.0013564334,-0.0019377619,-0.00030330187,-0.0001937762,0.0001937762,0.00096888095,0.00080880494,-0.0027128668,0.0,0.0054257335,-0.00050550315,-0.0003875524,0.00096888095,0.00096888095,-0.00050550315,-0.0003875524,0.0,0.0,0.0,0.0,0.0,0.0,0.0,0.0,0.0,0.0,0.0,0.0,0.0,0.0,0.0,0.0,-0.006391586,-0.0042610574,0.003195793,0.0104937535,-0.006317623,-0.9999251,0.0,0.0,0.0,0.034130216,-0.029759169,-0.096399784,-0.017750025,-0.028033197,-0.091217995,0.032924235,-0.030921042,-0.1189419,-0.040614694,-0.028619885,-0.12309635,0.002906643,0.0011626572,-0.0011121068,0.0017439857,0.0007751048,-0.0001937762,0.00050550315,-0.0019377619,-0.0025190904,0.0046506287,-0.00020220123,0.002906643,-0.002906643,0.0,0.0023253143,0.0003875524,0.0,0.0,0.0,0.0,0.0,0.0,0.0,0.0,0.0,0.0,0.0,0.0,0.0,0.0,0.0,0.0,-0.003195793,-0.0021305287,0.008522115,0.010490024,-0.00634283,-0.999925,0.0,0.0,0.0,0.034130216,-0.029759169,-0.09638393,-0.017750025,-0.028093755,-0.091217995,0.032924235,-0.030951321,-0.11892605,-0.040614694,-0.028650165,-0.12312794,0.0015502096,0.0007751048,0.00030330187,0.0003875524,-0.0013564334,-0.0031004192,0.0017187105,0.0036817477,-0.0011626572,0.0003875524,0.00040440247,0.00096888095,-0.00096888095,-0.0019377619,-0.00030330187,-0.0001937762,0.0,0.0,0.0,0.0,0.0,0.0,0.0,0.0,0.0,0.0,0.0,0.0,0.0,0.0,0.0,0.0,-0.0074568503,0.0,0.006391586,0.01050816,-0.006382838,-0.9999245,0.0,0.0,0.0,0.03416049,-0.02972889,-0.09638393,-0.017719746,-0.028123975,-0.091249585,0.032893956,-0.030860484,-0.11891031,-0.040644974,-0.028741002,-0.1231122,0.0013564334,0.0007751048,0.00030330187,0.0015502096,0.0,-0.0023253143,-0.00010110062,-0.0021315382,0.0007751048,0.0040693,0.0009099056,0.0031004192,-0.0005813286,-0.0019377619,0.0012132075,0.0003875524,0.0,0.0,0.0,0.0,0.0,0.0,0.0,0.0,0.0,0.0,0.0,0.0,0.0,0.0,0.0,0.0,-0.0021305287,-0.0042610574,-0.010652643,0.01051223,-0.006360863,-0.9999246,0.0,0.0,0.0,0.034130216,-0.02972889,-0.09638393,-0.017719746,-0.028093755,-0.091249585,0.032924235,-0.030921042,-0.11892605,-0.040675253,-0.028710723,-0.12309635,-0.0003875524,0.0003875524,-0.00020220123,0.0044568526,0.0,-0.0003875524,-0.00040440247,-0.0019377619,0.00096888095,0.0,-0.00030330187,0.0019377619,-0.0042630765,-0.0003875524,0.002426415,0.0005813286,0.0,0.0,0.0,0.0,0.0,0.0,0.0,0.0,0.0,0.0,0.0,0.0,0.0,0.0,0.0,0.0,0.29124537,-0.49421442,-0.6511663,0.023791458,-0.13628532,-0.3577944,-0.46026504,-0.4036073,-0.02951121,0.11960093,0.23255752,-1.4027574,0.07876835,0.0314866,0.34218356,-1.9399632
1788699160.5071695,136,1,-0.003195793,-0.0042610574,0.0010652643,0.010508612,-0.006389458,-0.99992454,0.0,0.0,0.0,0.03416049,-0.02969861,-0.09638393,-0.017719746,-0.028093755,-0.091249585,0.032893956,-0.030890763,-0.11892605,-0.040644974,-0.028741002,-0.1231122,0.0025190904,0.0023253143,-0.0011121068,0.0044568526,-0.0001937762,-0.0021315382,0.00040440247,-0.0017439857,-0.0019377619,0.0007751048,-0.00050550315,0.0019377619,-0.0003875524,-0.0015502096,0.0013143081,-0.0019377619,0.0,0.0,0.0,0.0,0.0,0.0,0.0,0.0,0.0,0.0,0.0,0.0,0.0,0.0,0.0,0.0,-0.0010652643,-0.009587379,-0.018109493,0.010541587,-0.006356468,-0.99992436,0.0,0.0,0.0,0.034130216,-0.029759169,-0.096399784,-0.017719746,-0.028033197,-0.09123385,0.032924235,-0.030890763,-0.11892605,-0.040614694,-0.028650165,-0.12312794,0.0013564334,-0.0019377619,-0.00030330187,-0.0001937762,0.0001937762,0.00096888095,0.00080880494,-0.0027128668,0.0,0.0054257335,-0.00050550315,-0.0003875524,0.00096888095,0.00096888095,-0.00050550315,-0.0003875524,0.0,0.0,0.0,0.0,0.0,0.0,0.0,0.0,0.0,0.0,0.0,0.0,0.0,0.0,0.0,0.0,-0.006391586,-0.0042610574,0.003195793,0.0104937535,-0.006317623,-0.9999251,0.0,0.0,0.0,0.034130216,-0.029759169,-0.096399784,-0.017750025,-0.028033197,-0.091217995,0.032924235,-0.030921042,-0.1189419,-0.040614694,-0.028619885,-0.12309635,0.002906643,0.0011626572,-0.0011121068,0.0017439857,0.0007751048,-0.0001937762,0.00050550315,-0.0019377619,-0.0025190904,0.0046506287,-0.00020220123,0.002906643,-0.002906643,0.0,0.0023253143,0.0003875524,0.0,0.0,0.0,0.0,0.0,0.0,0.0,0.0,0.0,0.0,0.0,0.0,0.0,0.0,0.0,0.0,-0.003195793,-0.0021305287,0.008522115,0.010490024,-0.00634283,-0.999925,0.0,0.0,0.0,0.034130216,-0.029759169,-0.09638393,-0.017750025,-0.028093755,-0.091217995,0.032924235,-0.030951321,-0.11892605,-0.040614694,-0.028650165,-0.12312794,0.0015502096,0.0007751048,0.00030330187,0.0003875524,-0.0013564334,-0.0031004192,0.0017187105,0.0036817477,-0.0011626572,0.0003875524,0.00040440247,0.00096888095,-0.00096888095,-0.0019377619,-0.00030330187,-0.0001937762,0.0,0.0,0.0,0.0,0.0,0.0,0.0,0.0,0.0,0.0,0.0,0.0,0.0,0.0,0.0,0.0,-0.0074568503,0.0,0.006391586,0.01050816,-0.006382838,-0.9999245,0.0,0.0,0.0,0.03416049,-0.02972889,-0.09638393,-0.017719746,-0.028123975,-0.091249585,0.032893956,-0.030860484,-0.11891031,-0.040644974,-0.028741002,-0.1231122,0.0013564334,0.0007751048,0.00030330187,0.0015502096,0.0,-0.0023253143,-0.00010110062,-0.0021315382,0.0007751048,0.0040693,0.0009099056,0.0031004192,-0.0005813286,-0.0019377619,0.0012132075,0.0003875524,0.0,0.0,0.0,0.0,0.0,0.0,0.0,0.0,0.0,0.0,0.0,0.0,0.0,0.0,0.0,0.0,0.2943575,-0.49163693,-0.643077,0.022559728,-0.13029167,-0.36322945,-0.47479784,-0.3971787,-0.038228035,0.15105192,0.21933722,-1.3968198,0.07044634,0.011889912,0.35032538,-1.9455783
1788699160.5271597,137,1,-0.0010652643,-0.0053263213,0.011717907,0.010534667,-0.0063710357,-0.99992436,0.0,0.0,0.0,0.034099936,-0.02972889,-0.096399784,-0.017719746,-0.028093755,-0.09123385,0.032893956,-0.030890763,-0.11892605,-0.040614694,-0.028710723,-0.12312794,-0.002906643,0.00096888095,-0.0015165093,0.0046506287,0.0,-0.0019377619,0.0009099056,-0.0023253143,-0.0021315382,0.0032941953,-0.00070770434,-0.0017439857,-0.0019377619,-0.0001937762,-0.00010110062,-0.0019377619,0.0,0.0,0.0,0.0,0.0,0.0,0.0,0.0,0.0,0.0,0.0,0.0,0.0,0.0,0.0,0.0,-0.003195793,-0.0042610574,0.0010652643,0.010508612,-0.006389458,-0.99992454,0.0,0.0,0.0,0.03416049,-0.02969861,-0.09638393,-0.017719746,-0.028093755,-0.091249585,0.032893956,-0.030890763,-0.11892605,-0.040644974,-0.028741002,-0.1231122,0.0025190904,0.0023253143,-0.0011121068,0.0044568526,-0.0001937762,-0.0021315382,0.00040440247,-0.0017439857,-0.0019377619,0.0007751048,-0.00050550315,0.0019377619,-0.0003875524,-0.0015502096,0.0013143081,-0.0019377619,0.0,0.0,0.0,0.0,0.0,0.0,0.0,0.0,0.0,0.0,0.0,0.0,0.0,0.0,0.0,0.0,-0.0010652643,-0.009587379,-0.018109493,0.010541587,-0.006356468,-0.99992436,0.0,0.0,0.0,0.034130216,-0.029759169,-0.096399784,-0.017719746,-0.028033197,-0.09123385,0.032924235,-0.030890763,-0.11892605,-0.040614694,-0.028650165,-0.12312794,0.0013564334,-0.0019377619,-0.00030330187,-0.0001937762,0.0001937762,0.00096888095,0.00080880494,-0.0027128668,0.0,0.0054257335,-0.00050550315,-0.0003875524,0.00096888095,0.00096888095,-0.00050550315,-0.0003875524,0.0,0.0,0.0,0.0,0.0,0.0,0.0,0.0,0.0,0.0,0.0,0.0,0.0,0.0,0.0,0.0,-0.006391586,-0.0042610574,0.003195793,0.0104937535,-0.006317623,-0.9999251,0.0,0.0,0.0,0.034130216,-0.029759169,-0.096399784,-0.017750025,-0.028033197,-0.091217995,0.032924235,-0.030921042,-0.1189419,-0.040614694,-0.028619885,-0.12309635,0.002906643,0.0011626572,-0.0011121068,0.0017439857,0.0007751048,-0.0001937762,0.00050550315,-0.0019377619,-0.0025190904,0.0046506287,-0.00020220123,0.002906643,-0.002906643,0.0,0.0023253143,0.0003875524,0.0,0.0,0.0,0.0,0.0,0.0,0.0,0.0,0.0,0.0,0.0,0.0,0.0,0.0,0.0,0.0,-0.003195793,-0.0021305287,0.008522115,0.010490024,-0.00634283,-0.999925,0.0,0.0,0.0,0.034130216,-0.029759169,-0.09638393,-0.017750025,-0.028093755,-0.091217995,0.032924235,-0.030951321,-0.11892605,-0.040614694,-0.028650165,-0.12312794,0.0015502096,0.0007751048,0.00030330187,0.0003875524,-0.0013564334,-0.0031004192,0.0017187105,0.0036817477,-0.0011626572,0.0003875524,0.00040440247,0.00096888095,-0.00096888095,-0.0019377619,-0.00030330187,-0.0001937762,0.0,0.0,0.0,0.0,0.0,0.0,0.0,0.0,0.0,0.0,0.0,0.0,0.0,0.0,0.0,0.0,0.2994284,-0.48353148,-0.63146114,0.01330924,-0.12738992,-0.36843,-0.49610952,-0.3950335,-0.048101895,0.16477606,0.22086446,-1.3965544,0.06185384,-0.0006133802,0.3441081,-1.9406009
1788699160.5471737,138,1,0.008522115,-0.0074568503,0.006391586,0.010460461,-0.0063556815,-0.9999253,0.0,0.0,0.0,0.034099936,-0.029789448,-0.09638393,-0.017750025,-0.028033197,-0.09123385,0.032924235,-0.0309816,-0.11892605,-0.040614694,-0.028650165,-0.1231122,0.0,-0.0021315382,0.00060660375,0.0011626572,0.0034879714,-0.0015502096,0.00010110062,0.0027128668,-0.002906643,-0.0023253143,0.00050550315,0.0003875524,-0.0003875524,-0.0019377619,0.0015165093,-0.0019377619,0.0,0.0,0.0,0.0,0.0,0.0,0.0,0.0,0.0,0.0,0.0,0.0,0.0,0.0,0.0,0.0,-0.0010652643,-0.0053263213,0.011717907,0.010534667,-0.0063710357,-0.99992436,0.0,0.0,0.0,0.034099936,-0.02972889,-0.096399784,-0.017719746,-0.028093755,-0.09123385,0.032893956,-0.030890763,-0.11892605,-0.040614694,-0.028710723,-0.12312794,-0.002906643,0.00096888095,-0.0015165093,0.0046506287,0.0,-0.0019377619,0.0009099056,-0.0023253143,-0.0021315382,0.0032941953,-0.00070770434,-0.0017439857,-0.0019377619,-0.0001937762,-0.00010110062,-0.0019377619,0.0,0.0,0.0,0.0,0.0,0.0,0.0,0.0,0.0,0.0,0.0,0.0,0.0,0.0,0.0,0.0,-0.003195793,-0.0042610574,0.0010652643,0.010508612,-0.006389458,-0.99992454,0.0,0.0,0.0,0.03416049,-0.02969861,-0.09638393,-0.017719746,-0.028093755,-0.091249585,0.032893956,-0.030890763,-0.11892605,-0.040644974,-0.028741002,-0.1231122,0.0025190904,0.0023253143,-0.0011121068,0.0044568526,-0.0001937762,-0.0021315382,0.00040440247,-0.0017439857,-0.0019377619,0.0007751048,-0.00050550315,0.0019377619,-0.0003875524,-0.0015502096,0.0013143081,-0.0019377619,0.0,0.0,0.0,0.0,0.0,0.0,0.0,0.0,0.0,0.0,0.0,0.0,0.0,0.0,0.0,0.0,-0.0010652643,-0.009587379,-0.018109493,0.010541587,-0.006356468,-0.99992436,0.0,0.0,0.0,0.034130216,-0.029759169,-0.096399784,-0.017719746,-0.028033197,-0.09123385,0.032924235,-0.030890763,-0.11892605,-0.040614694,-0.028650165,-0.12312794,0.0013564334,-0.0019377619,-0.00030330187,-0.0001937762,0.0001937762,0.00096888095,0.00080880494,-0.0027128668,0.0,0.0054257335,-0.00050550315,-0.0003875524,0.00096888095,0.00096888095,-0.00050550315,-0.0003875524,0.0,0.0,0.0,0.0,0.0,0.0,0.0,0.0,0.0,0.0,0.0,0.0,0.0,0.0,0.0,0.0,-0.006391586,-0.0042610574,0.003195793,0.0104937535,-0.006317623,-0.9999251,0.0,0.0,0.0,0.034130216,-0.029759169,-0.096399784,-0.017750025,-0.028033197,-0.091217995,0.032924235,-0.030921042,-0.1189419,-0.040614694,-0.028619885,-0.12309635,0.002906643,0.0011626572,-0.0011121068,0.0017439857,0.0007751048,-0.0001937762,0.00050550315,-0.0019377619,-0.0025190904,0.0046506287,-0.00020220123,0.002906643,-0.002906643,0.0,0.0023253143,0.0003875524,0.0,0.0,0.0,0.0,0.0,0.0,0.0,0.0,0.0,0.0,0.0,0.0,0.0,0.0,0.0,0.0,0.29629433,-0.47588003,-0.64312816,0.021153998,-0.13035285,-0.3658068,-0.4890176,-0.39644036,-0.043762766,0.16407764,0.22483401,-1.4007858,0.0638349,0.0028093345,0.35912827,-1.9503685
1788699160.5671856,139,1,-0.003195793,0.011717907,-0.006391586,0.010574782,-0.006286901,-0.99992436,0.0,0.0,0.0,0.034099936,-0.02969861,-0.096399784,-0.017719746,-0.028002918,-0.091217995,0.032954514,-0.030921042,-0.11891031,-0.040614694,-0.028650165,-0.12312794,-0.00096888095,0.0052319574,-0.00080880494,0.0017439857,0.0025190904,0.0005813286,0.0017187105,0.0025190904,-0.0007751048,0.002906643,0.0012132075,-0.0021315382,-0.0021315382,-0.0017439857,-0.00030330187,-0.0034879714,0.0,0.0,0.0,0.0,0.0,0.0,0.0,0.0,0.0,0.0,0.0,0.0,0.0,0.0,0.0,0.0,0.008522115,-0.0074568503,0.006391586,0.010460461,-0.0063556815,-0.9999253,0.0,0.0,0.0,0.034099936,-0.029789448,-0.09638393,-0.017750025,-0.028033197,-0.09123385,0.032924235,-0.0309816,-0.11892605,-0.040614694,-0.028650165,-0.1231122,0.0,-0.0021315382,0.00060660375,0.0011626572,0.0034879714,-0.0015502096,0.00010110062,0.0027128668,-0.002906643,-0.0023253143,0.00050550315,0.0003875524,-0.0003875524,-0.0019377619,0.0015165093,-0.0019377619,0.0,0.0,0.0,0.0,0.0,0.0,0.0,0.0,0.0,0.0,0.0,0.0,0.0,0.0,0.0,0.0,-0.0010652643,-0.0053263213,0.011717907,0.010534667,-0.0063710357,-0.99992436,0.0,0.0,0.0,0.034099936,-0.02972889,-0.096399784,-0.017719746,-0.028093755,-0.09123385,0.032893956,-0.030890763,-0.11892605,-0.040614694,-0.028710723,-0.12312794,-0.002906643,0.00096888095,-0.0015165093,0.0046506287,0.0,-0.0019377619,0.0009099056,-0.0023253143,-0.0021315382,0.0032941953,-0.00070770434,-0.0017439857,-0.0019377619,-0.0001937762,-0.00010110062,-0.0019377619,0.0,0.0,0.0,0.0,0.0,0.0,0.0,0.0,0.0,0.0,0.0,0.0,0.0,0.0,0.0,0.0,-0.003195793,-0.0042610574,0.0010652643,0.010508612,-0.006389458,-0.99992454,0.0,0.0,0.0,0.03416049,-0.02969861,-0.09638393,-0.017719746,-0.028093755,-0.091249585,0.032893956,-0.030890763,-0.11892605,-0.040644974,-0.028741002,-0.1231122,0.0025190904,0.0023253143,-0.0011121068,0.0044568526,-0.0001937762,-0.0021315382,0.00040440247,-0.0017439857,-0.0019377619,0.0007751048,-0.00050550315,0.0019377619,-0.0003875524,-0.0015502096,0.0013143081,-0.0019377619,0.0,0.0,0.0,0.0,0.0,0.0,0.0,0.0,0.0,0.0,0.0,0.0,0.0,0.0,0.0,0.0,-0.0010652643,-0.009587379,-0.018109493,0.010541587,-0.006356468,-0.99992436,0.0,0.0,0.0,0.034130216,-0.029759169,-0.096399784,-0.017719746,-0.028033197,-0.09123385,0.032924235,-0.030890763,-0.11892605,-0.040614694,-0.028650165,-0.12312794,0.0013564334,-0.0019377619,-0.00030330187,-0.0001937762,0.0001937762,0.00096888095,0.00080880494,-0.0027128668,0.0,0.0054257335,-0.00050550315,-0.0003875524,0.00096888095,0.00096888095,-0.00050550315,-0.0003875524,0.0,0.0,0.0,0.0,0.0,0.0,0.0,0.0,0.0,0.0,0.0,0.0,0.0,0.0,0.0,0.0,0.29195043,-0.5075335,-0.64175725,0.023169834,-0.13539699,-0.37333256,-0.47387514,-0.404728,-0.038082413,0.13828734,0.21090773,-1.3985957,0.07224044,0.007536698,0.3382174,-1.9435028
1788699160.5871677,140,1,0.011717907,-0.0053263213,-0.013848436,0.010613671,-0.006336734,-0.99992377,0.0,0.0,0.0,0.03416049,-0.02969861,-0.096399784,-0.017689466,-0.028063476,-0.09123385,0.032924235,-0.030890763,-0.1189419,-0.040644974,-0.028710723,-0.12312794,0.0013564334,0.0015502096,-0.00080880494,0.0046506287,0.0040693,-0.0015502096,0.00070770434,-0.0032941953,0.00096888095,0.0019377619,-0.0018198112,-0.00096888095,-0.0019377619,-0.0027128668,-0.00030330187,-0.0019377619,0.0,0.0,0.0,0.0,0.0,0.0,0.0,0.0,0.0,0.0,0.0,0.0,0.0,0.0,0.0,0.0,-0.003195793,0.011717907,-0.006391586,0.010574782,-0.006286901,-0.99992436,0.0,0.0,0.0,0.034099936,-0.02969861,-0.096399784,-0.017719746,-0.028002918,-0.091217995,0.032954514,-0.030921042,-0.11891031,-0.040614694,-0.028650165,-0.12312794,-0.00096888095,0.0052319574,-0.00080880494,0.0017439857,0.0025190904,0.0005813286,0.0017187105,0.0025190904,-0.0007751048,0.002906643,0.0012132075,-0.0021315382,-0.0021315382,-0.0017439857,-0.00030330187,-0.0034879714,0.0,0.0,0.0,0.0,0.0,0.0,0.0,0.0,0.0,0.0,0.0,0.0,0.0,0.0,0.0,0.0,0.008522115,-0.0074568503,0.006391586,0.010460461,-0.0063556815,-0.9999253,0.0,0.0,0.0,0.034099936,-0.029789448,-0.09638393,-0.017750025,-0.028033197,-0.09123385,0.032924235,-0.0309816,-0.11892605,-0.040614694,-0.028650165,-0.1231122,0.0,-0.0021315382,0.00060660375,0.0011626572,0.0034879714,-0.0015502096,0.00010110062,0.0027128668,-0.002906643,-0.0023253143,0.00050550315,0.0003875524,-0.0003875524,-0.0019377619,0.0015165093,-0.0019377619,0.0,0.0,0.0,0.0,0.0,0.0,0.0,0.0,0.0,0.0,0.0,0.0,0.0,0.0,0.0,0.0,-0.0010652643,-0.0053263213,0.011717907,0.010534667,-0.0063710357,-0.99992436,0.0,0.0,0.0,0.034099936,-0.02972889,-0.096399784,-0.017719746,-0.028093755,-0.09123385,0.032893956,-0.030890763,-0.11892605,-0.040614694,-0.028710723,-0.12312794,-0.002906643,0.00096888095,-0.0015165093,0.0046506287,0.0,-0.0019377619,0.0009099056,-0.0023253143,-0.0021315382,0.0032941953,-0.00070770434,-0.0017439857,-0.0019377619,-0.0001937762,-0.00010110062,-0.0019377619,0.0,0.0,0.0,0.0,0.0,0.0,0.0,0.0,0.0,0.0,0.0,0.0,0.0,0.0,0.0,0.0,-0.003195793,-0.0042610574,0.0010652643,0.010508612,-0.006389458,-0.99992454,0.0,0.0,0.0,0.03416049,-0.02969861,-0.09638393,-0.017719746,-0.028093755,-0.091249585,0.032893956,-0.030890763,-0.11892605,-0.040644974,-0.028741002,-0.1231122,0.0025190904,0.0023253143,-0.0011121068,0.0044568526,-0.0001937762,-0.0021315382,0.00040440247,-0.0017439857,-0.0019377619,0.0007751048,-0.00050550315,0.0019377619,-0.0003875524,-0.0015502096,0.0013143081,-0.0019377619,0.0,0.0,0.0,0.0,0.0,0.0,0.0,0.0,0.0,0.0,0.0,0.0,0.0,0.0,0.0,0.0,0.28799626,-0.49990958,-0.66167396,0.038366813,-0.13609819,-0.365036,-0.4590378,-0.40396038,-0.030160945,0.14280654,0.20859113,-1.4020176,0.07743478,0.022021854,0.3557514,-1.9432719
1788699160.6071496,141,1,0.0042610574,-0.003195793,0.0010652643,0.010579476,-0.006371982,-0.9999238,0.0,0.0,0.0,0.03416049,-0.02972889,-0.096399784,-0.017719746,-0.028063476,-0.09123385,0.032893956,-0.030890763,-0.1189419,-0.040644974,-0.028710723,-0.1231122,0.0015502096,-0.00096888095,-0.0010110063,0.0017439857,-0.00096888095,0.0007751048,0.0016176099,-0.0027128668,-0.0019377619,0.0019377619,-0.0020220126,0.0,-0.0013564334,0.0001937762,0.0010110063,-0.0015502096,0.0,0.0,0.0,0.0,0.0,0.0,0.0,0.0,0.0,0.0,0.0,0.0,0.0,0.0,0.0,0.0,0.011717907,-0.0053263213,-0.013848436,0.010613671,-0.006336734,-0.99992377,0.0,0.0,0.0,0.03416049,-0.02969861,-0.096399784,-0.017689466,-0.028063476,-0.09123385,0.032924235,-0.030890763,-0.1189419,-0.040644974,-0.028710723,-0.12312794,0.0013564334,0.0015502096,-0.00080880494,0.0046506287,0.0040693,-0.0015502096,0.00070770434,-0.0032941953,0.00096888095,0.0019377619,-0.0018198112,-0.00096888095,-0.0019377619,-0.0027128668,-0.00030330187,-0.0019377619,0.0,0.0,0.0,0.0,0.0,0.0,0.0,0.0,0.0,0.0,0.0,0.0,0.0,0.0,0.0,0.0,-0.003195793,0.011717907,-0.006391586,0.010574782,-0.006286901,-0.99992436,0.0,0.0,0.0,0.034099936,-0.02969861,-0.096399784,-0.017719746,-0.028002918,-0.091217995,0.032954514,-0.030921042,-0.11891031,-0.040614694,-0.028650165,-0.12312794,-0.00096888095,0.0052319574,-0.00080880494,0.0017439857,0.0025190904,0.0005813286,0.0017187105,0.0025190904,-0.0007751048,0.002906643,0.0012132075,-0.0021315382,-0.0021315382,-0.0017439857,-0.00030330187,-0.0034879714,0.0,0.0,0.0,0.0,0.0,0.0,0.0,0.0,0.0,0.0,0.0,0.0,0.0,0.0,0.0,0.0,0.008522115,-0.0074568503,0.006391586,0.010460461,-0.0063556815,-0.9999253,0.0,0.0,0.0,0.034099936,-0.029789448,-0.09638393,-0.017750025,-0.028033197,-0.09123385,0.032924235,-0.0309816,-0.11892605,-0.040614694,-0.028650165,-0.1231122,0.0,-0.0021315382,0.00060660375,0.0011626572,0.0034879714,-0.0015502096,0.00010110062,0.0027128668,-0.002906643,-0.0023253143,0.00050550315,0.0003875524,-0.0003875524,-0.0019377619,0.0015165093,-0.0019377619,0.0,0.0,0.0,0.0,0.0,0.0,0.0,0.0,0.0,0.0,0.0,0.0,0.0,0.0,0.0,0.0,-0.0010652643,-0.0053263213,0.011717907,0.010534667,-0.0063710357,-0.99992436,0.0,0.0,0.0,0.034099936,-0.02972889,-0.096399784,-0.017719746,-0.028093755,-0.09123385,0.032893956,-0.030890763,-0.11892605,-0.040614694,-0.028710723,-0.12312794,-0.002906643,0.00096888095,-0.0015165093,0.0046506287,0.0,-0.0019377619,0.0009099056,-0.0023253143,-0.0021315382,0.0032941953,-0.00070770434,-0.0017439857,-0.0019377619,-0.0001937762,-0.00010110062,-0.0019377619,0.0,0.0,0.0,0.0,0.0,0.0,0.0,0.0,0.0,0.0,0.0,0.0,0.0,0.0,0.0,0.0,0.29197228,-0.49445984,-0.64721066,0.029286828,-0.13335855,-0.3739386,-0.4770893,-0.39075977,-0.03632761,0.15649815,0.21374984,-1.3966863,0.07026915,0.009287223,0.35861906,-1.9441345
1788699160.6271665,142,1,0.0053263213,-0.019174758,0.0053263213,0.010545499,-0.006415532,-0.999924,0.0,0.0,0.0,0.034099936,-0.029759169,-0.096399784,-0.017689466,-0.028033197,-0.091217995,0.032924235,-0.030951321,-0.1189419,-0.040614694,-0.028680444,-0.12312794,0.0,-0.0007751048,-0.00070770434,0.0023253143,0.0040693,0.0,0.0015165093,0.0,-0.0019377619,-0.0013564334,-0.0013143081,-0.0001937762,0.0001937762,-0.0025190904,-0.00010110062,-0.0040693,0.0,0.0,0.0,0.0,0.0,0.0,0.0,0.0,0.0,0.0,0.0,0.0,0.0,0.0,0.0,0.0,0.0042610574,-0.003195793,0.0010652643,0.010579476,-0.006371982,-0.9999238,0.0,0.0,0.0,0.03416049,-0.02972889,-0.096399784,-0.017719746,-0.028063476,-0.09123385,0.032893956,-0.030890763,-0.1189419,-0.040644974,-0.028710723,-0.1231122,0.0015502096,-0.00096888095,-0.0010110063,0.0017439857,-0.00096888095,0.0007751048,0.0016176099,-0.0027128668,-0.0019377619,0.0019377619,-0.0020220126,0.0,-0.0013564334,0.0001937762,0.0010110063,-0.0015502096,0.0,0.0,0.0,0.0,0.0,0.0,0.0,0.0,0.0,0.0,0.0,0.0,0.0,0.0,0.0,0.0,0.011717907,-0.0053263213,-0.013848436,0.010613671,-0.006336734,-0.99992377,0.0,0.0,0.0,0.03416049,-0.02969861,-0.096399784,-0.017689466,-0.028063476,-0.09123385,0.032924235,-0.030890763,-0.1189419,-0.040644974,-0.028710723,-0.12312794,0.0013564334,0.0015502096,-0.00080880494,0.0046506287,0.0040693,-0.0015502096,0.00070770434,-0.0032941953,0.00096888095,0.0019377619,-0.0018198112,-0.00096888095,-0.0019377619,-0.0027128668,-0.00030330187,-0.0019377619,0.0,0.0,0.0,0.0,0.0,0.0,0.0,0.0,0.0,0.0,0.0,0.0,0.0,0.0,0.0,0.0,-0.003195793,0.011717907,-0.006391586,0.010574782,-0.006286901,-0.99992436,0.0,0.0,0.0,0.034099936,-0.02969861,-0.096399784,-0.017719746,-0.028002918,-0.091217995,0.032954514,-0.030921042,-0.11891031,-0.040614694,-0.028650165,-0.12312794,-0.00096888095,0.0052319574,-0.00080880494,0.0017439857,0.0025190904,0.0005813286,0.0017187105,0.0025190904,-0.0007751048,0.002906643,0.0012132075,-0.0021315382,-0.0021315382,-0.0017439857,-0.00030330187,-0.0034879714,0.0,0.0,0.0,0.0,0.0,0.0,0.0,0.0,0.0,0.0,0.0,0.0,0.0,0.0,0.0,0.0,0.008522115,-0.0074568503,0.006391586,0.010460461,-0.0063556815,-0.9999253,0.0,0.0,0.0,0.034099936,-0.029789448,-0.09638393,-0.017750025,-0.028033197,-0.09123385,0.032924235,-0.0309816,-0.11892605,-0.040614694,-0.028650165,-0.1231122,0.0,-0.0021315382,0.00060660375,0.0011626572,0.0034879714,-0.0015502096,0.00010110062,0.0027128668,-0.002906643,-0.0023253143,0.00050550315,0.0003875524,-0.0003875524,-0.0019377619,0.0015165093,-0.0019377619,0.0,0.0,0.0,0.0,0.0,0.0,0.0,0.0,0.0,0.0,0.0,0.0,0.0,0.0,0.0,0.0,0.29534325,-0.47826055,-0.6568375,0.03925157,-0.1333629,-0.36867297,-0.49310556,-0.38898,-0.03887856,0.16232246,0.22752514,-1.4036715,0.07136412,0.01280418,0.36911988,-1.9446964
1788699160.6471715,143,1,-0.003195793,-0.0021305287,0.0010652643,0.01055169,-0.0063542193,-0.9999242,0.0,0.0,0.0,0.034069657,-0.02972889,-0.096399784,-0.017750025,-0.028033197,-0.09123385,0.032954514,-0.030951321,-0.1189419,-0.040584415,-0.028619885,-0.12309635,-0.0015502096,0.0034879714,-0.00070770434,0.0031004192,0.0013564334,-0.0017439857,-0.00030330187,0.0003875524,0.00096888095,0.0007751048,-0.0010110063,-0.0017439857,0.0017439857,-0.0005813286,0.0026286163,-0.0048444048,0.0,0.0,0.0,0.0,0.0,0.0,0.0,0.0,0.0,0.0,0.0,0.0,0.0,0.0,0.0,0.0,0.0053263213,-0.019174758,0.0053263213,0.010545499,-0.006415532,-0.999924,0.0,0.0,0.0,0.034099936,-0.029759169,-0.096399784,-0.017689466,-0.028033197,-0.091217995,0.032924235,-0.030951321,-0.1189419,-0.040614694,-0.028680444,-0.12312794,0.0,-0.0007751048,-0.00070770434,0.0023253143,0.0040693,0.0,0.0015165093,0.0,-0.0019377619,-0.0013564334,-0.0013143081,-0.0001937762,0.0001937762,-0.0025190904,-0.00010110062,-0.0040693,0.0,0.0,0.0,0.0,0.0,0.0,0.0,0.0,0.0,0.0,0.0,0.0,0.0,0.0,0.0,0.0,0.0042610574,-0.003195793,0.0010652643,0.010579476,-0.006371982,-0.9999238,0.0,0.0,0.0,0.03416049,-0.02972889,-0.096399784,-0.017719746,-0.028063476,-0.09123385,0.032893956,-0.030890763,-0.1189419,-0.040644974,-0.028710723,-0.1231122,0.0015502096,-0.00096888095,-0.0010110063,0.0017439857,-0.00096888095,0.0007751048,0.0016176099,-0.0027128668,-0.0019377619,0.0019377619,-0.0020220126,0.0,-0.0013564334,0.0001937762,0.0010110063,-0.0015502096,0.0,0.0,0.0,0.0,0.0,0.0,0.0,0.0,0.0,0.0,0.0,0.0,0.0,0.0,0.0,0.0,0.011717907,-0.0053263213,-0.013848436,0.010613671,-0.006336734,-0.99992377,0.0,0.0,0.0,0.03416049,-0.02969861,-0.096399784,-0.017689466,-0.028063476,-0.09123385,0.032924235,-0.030890763,-0.1189419,-0.040644974,-0.028710723,-0.12312794,0.0013564334,0.0015502096,-0.00080880494,0.0046506287,0.0040693,-0.0015502096,0.00070770434,-0.0032941953,0.00096888095,0.0019377619,-0.0018198112,-0.00096888095,-0.0019377619,-0.0027128668,-0.00030330187,-0.0019377619,0.0,0.0,0.0,0.0,0.0,0.0,0.0,0.0,0.0,0.0,0.0,0.0,0.0,0.0,0.0,0.0,-0.003195793,0.011717907,-0.006391586,0.010574782,-0.006286901,-0.99992436,0.0,0.0,0.0,0.034099936,-0.02969861,-0.096399784,-0.017719746,-0.028002918,-0.091217995,0.032954514,-0.030921042,-0.11891031,-0.040614694,-0.028650165,-0.12312794,-0.00096888095,0.0052319574,-0.00080880494,0.0017439857,0.0025190904,0.0005813286,0.0017187105,0.0025190904,-0.0007751048,0.002906643,0.0012132075,-0.0021315382,-0.0021315382,-0.0017439857,-0.00030330187,-0.0034879714,0.0,0.0,0.0,0.0,0.0,0.0,0.0,0.0,0.0,0.0,0.0,0.0,0.0,0.0,0.0,0.0,0.29368156,-0.48558244,-0.65290374,0.029853288,-0.13595365,-0.3660911,-0.4800323,-0.3935493,-0.03132182,0.14810789,0.22085325,-1.4071958,0.07481699,0.01614714,0.35715273,-1.9510019
1788699160.667178,144,1,0.0,0.006391586,-0.019174758,0.010594839,-0.0063426816,-0.9999239,0.0,0.0,0.0,0.03416049,-0.02972889,-0.096399784,-0.017750025,-0.028063476,-0.09123385,0.032893956,-0.030921042,-0.11891031,-0.040644974,-0.028680444,-0.12312794,0.0027128668,0.0015502096,-0.0010110063,0.0007751048,-0.0007751048,-0.002906643,0.0009099056,-0.0003875524,-0.002906643,0.0019377619,0.0009099056,0.0021315382,-0.0019377619,-0.00096888095,0.0014154087,-0.0007751048,0.0,0.0,0.0,0.0,0.0,0.0,0.0,0.0,0.0,0.0,0.0,0.0,0.0,0.0,0.0,0.0,-0.003195793,-0.0021305287,0.0010652643,0.01055169,-0.0063542193,-0.9999242,0.0,0.0,0.0,0.034069657,-0.02972889,-0.096399784,-0.017750025,-0.028033197,-0.09123385,0.032954514,-0.030951321,-0.1189419,-0.040584415,-0.028619885,-0.12309635,-0.0015502096,0.0034879714,-0.00070770434,0.0031004192,0.0013564334,-0.0017439857,-0.00030330187,0.0003875524,0.00096888095,0.0007751048,-0.0010110063,-0.0017439857,0.0017439857,-0.0005813286,0.0026286163,-0.0048444048,0.0,0.0,0.0,0.0,0.0,0.0,0.0,0.0,0.0,0.0,0.0,0.0,0.0,0.0,0.0,0.0,0.0053263213,-0.019174758,0.0053263213,0.010545499,-0.006415532,-0.999924,0.0,0.0,0.0,0.034099936,-0.029759169,-0.096399784,-0.017689466,-0.028033197,-0.091217995,0.032924235,-0.030951321,-0.1189419,-0.040614694,-0.028680444,-0.12312794,0.0,-0.0007751048,-0.00070770434,0.0023253143,0.0040693,0.0,0.0015165093,0.0,-0.0019377619,-0.0013564334,-0.0013143081,-0.0001937762,0.0001937762,-0.0025190904,-0.00010110062,-0.0040693,0.0,0.0,0.0,0.0,0.0,0.0,0.0,0.0,0.0,0.0,0.0,0.0,0.0,0.0,0.0,0.0,0.0042610574,-0.003195793,0.0010652643,0.010579476,-0.006371982,-0.9999238,0.0,0.0,0.0,0.03416049,-0.02972889,-0.096399784,-0.017719746,-0.028063476,-0.09123385,0.032893956,-0.030890763,-0.1189419,-0.040644974,-0.028710723,-0.1231122,0.0015502096,-0.00096888095,-0.0010110063,0.0017439857,-0.00096888095,0.0007751048,0.0016176099,-0.0027128668,-0.0019377619,0.0019377619,-0.0020220126,0.0,-0.0013564334,0.0001937762,0.0010110063,-0.0015502096,0.0,0.0,0.0,0.0,0.0,0.0,0.0,0.0,0.0,0.0,0.0,0.0,0.0,0.0,0.0,0.0,0.011717907,-0.0053263213,-0.013848436,0.010613671,-0.006336734,-0.99992377,0.0,0.0,0.0,0.03416049,-0.02969861,-0.096399784,-0.017689466,-0.028063476,-0.09123385,0.032924235,-0.030890763,-0.1189419,-0.040644974,-0.028710723,-0.12312794,0.0013564334,0.0015502096,-0.00080880494,0.0046506287,0.0040693,-0.0015502096,0.00070770434,-0.0032941953,0.00096888095,0.0019377619,-0.0018198112,-0.00096888095,-0.0019377619,-0.0027128668,-0.00030330187,-0.0019377619,0.0,0.0,0.0,0.0,0.0,0.0,0.0,0.0,0.0,0.0,0.0,0.0,0.0,0.0,0.0,0.0,0.2847054,-0.49888092,-0.655965,0.036649797,-0.13693386,-0.35473624,-0.45827258,-0.39818385,-0.025885109,0.12277474,0.2216234,-1.4041144,0.08024476,0.027398173,0.33724168,-1.944253
1788699160.687181,145,1,-0.0074568503,0.020240022,0.0010652643,0.010643381,-0.0064130723,-0.99992293,0.0,0.0,0.0,0.03416049,-0.02969861,-0.09638393,-0.017659187,-0.028063476,-0.09123385,0.032893956,-0.030890763,-0.11891031,-0.040644974,-0.028741002,-0.1231122,0.0011626572,-0.0019377619,0.00030330187,0.0011626572,0.0048444048,0.0005813286,0.0015165093,-0.0025190904,-0.0019377619,0.0046506287,0.0014154087,0.0019377619,-0.00096888095,-0.0021315382,0.0012132075,-0.0019377619,0.0,0.0,0.0,0.0,0.0,0.0,0.0,0.0,0.0,0.0,0.0,0.0,0.0,0.0,0.0,0.0,0.0,0.006391586,-0.019174758,0.010594839,-0.0063426816,-0.9999239,0.0,0.0,0.0,0.03416049,-0.02972889,-0.096399784,-0.017750025,-0.028063476,-0.09123385,0.032893956,-0.030921042,-0.11891031,-0.040644974,-0.028680444,-0.12312794,0.0027128668,0.0015502096,-0.0010110063,0.0007751048,-0.0007751048,-0.002906643,0.0009099056,-0.0003875524,-0.002906643,0.0019377619,0.0009099056,0.0021315382,-0.0019377619,-0.00096888095,0.0014154087,-0.0007751048,0.0,0.0,0.0,0.0,0.0,0.0,0.0,0.0,0.0,0.0,0.0,0.0,0.0,0.0,0.0,0.0,-0.003195793,-0.0021305287,0.0010652643,0.01055169,-0.0063542193,-0.9999242,0.0,0.0,0.0,0.034069657,-0.02972889,-0.096399784,-0.017750025,-0.028033197,-0.09123385,0.032954514,-0.030951321,-0.1189419,-0.040584415,-0.028619885,-0.12309635,-0.0015502096,0.0034879714,-0.00070770434,0.0031004192,0.0013564334,-0.0017439857,-0.00030330187,0.0003875524,0.00096888095,0.0007751048,-0.0010110063,-0.0017439857,0.0017439857,-0.0005813286,0.0026286163,-0.0048444048,0.0,0.0,0.0,0.0,0.0,0.0,0.0,0.0,0.0,0.0,0.0,0.0,0.0,0.0,0.0,0.0,0.0053263213,-0.019174758,0.0053263213,0.010545499,-0.006415532,-0.999924,0.0,0.0,0.0,0.034099936,-0.029759169,-0.096399784,-0.017689466,-0.028033197,-0.091217995,0.032924235,-0.030951321,-0.1189419,-0.040614694,-0.028680444,-0.12312794,0.0,-0.0007751048,-0.00070770434,0.0023253143,0.0040693,0.0,0.0015165093,0.0,-0.0019377619,-0.0013564334,-0.0013143081,-0.0001937762,0.0001937762,-0.0025190904,-0.00010110062,-0.0040693,0.0,0.0,0.0,0.0,0.0,0.0,0.0,0.0,0.0,0.0,0.0,0.0,0.0,0.0,0.0,0.0,0.0042610574,-0.003195793,0.0010652643,0.010579476,-0.006371982,-0.9999238,0.0,0.0,0.0,0.03416049,-0.02972889,-0.096399784,-0.017719746,-0.028063476,-0.09123385,0.032893956,-0.030890763,-0.1189419,-0.040644974,-0.028710723,-0.1231122,0.0015502096,-0.00096888095,-0.0010110063,0.0017439857,-0.00096888095,0.0007751048,0.0016176099,-0.0027128668,-0.0019377619,0.0019377619,-0.0020220126,0.0,-0.0013564334,0.0001937762,0.0010110063,-0.0015502096,0.0,0.0,0.0,0.0,0.0,0.0,0.0,0.0,0.0,0.0,0.0,0.0,0.0,0.0,0.0,0.0,0.29370356,-0.49798745,-0.6335013,0.022991624,-0.13056351,-0.3805039,-0.46866316,-0.40301365,-0.03952051,0.15863831,0.19888222,-1.3932135,0.065368906,0.0020685121,0.3486165,-1.9488269
1788699160.7071931,146,1,-0.003195793,-0.006391586,0.021305285,0.01063592,-0.0064350204,-0.9999229,0.0,0.0,0.0,0.034130216,-0.02969861,-0.09641552,-0.017689466,-0.028093755,-0.091249585,0.032893956,-0.030921042,-0.11891031,-0.040584415,-0.028741002,-0.12312794,0.0019377619,0.0027128668,-0.002426415,0.0019377619,0.002906643,-0.00096888095,0.0,0.0001937762,-0.0001937762,0.002906643,0.00040440247,-0.00096888095,0.0052319574,-0.0021315382,-0.00020220123,0.0007751048,0.0,0.0,0.0,0.0,0.0,0.0,0.0,0.0,0.0,0.0,0.0,0.0,0.0,0.0,0.0,0.0,-0.0074568503,0.020240022,0.0010652643,0.010643381,-0.0064130723,-0.99992293,0.0,0.0,0.0,0.03416049,-0.02969861,-0.09638393,-0.017659187,-0.028063476,-0.09123385,0.032893956,-0.030890763,-0.11891031,-0.040644974,-0.028741002,-0.1231122,0.0011626572,-0.0019377619,0.00030330187,0.0011626572,0.0048444048,0.0005813286,0.0015165093,-0.0025190904,-0.0019377619,0.0046506287,0.0014154087,0.0019377619,-0.00096888095,-0.0021315382,0.0012132075,-0.0019377619,0.0,0.0,0.0,0.0,0.0,0.0,0.0,0.0,0.0,0.0,0.0,0.0,0.0,0.0,0.0,0.0,0.0,0.006391586,-0.019174758,0.010594839,-0.0063426816,-0.9999239,0.0,0.0,0.0,0.03416049,-0.02972889,-0.096399784,-0.017750025,-0.028063476,-0.09123385,0.032893956,-0.030921042,-0.11891031,-0.040644974,-0.028680444,-0.12312794,0.0027128668,0.0015502096,-0.0010110063,0.0007751048,-0.0007751048,-0.002906643,0.0009099056,-0.0003875524,-0.002906643,0.0019377619,0.0009099056,0.0021315382,-0.0019377619,-0.00096888095,0.0014154087,-0.0007751048,0.0,0.0,0.0,0.0,0.0,0.0,0.0,0.0,0.0,0.0,0.0,0.0,0.0,0.0,0.0,0.0,-0.003195793,-0.0021305287,0.0010652643,0.01055169,-0.0063542193,-0.9999242,0.0,0.0,0.0,0.034069657,-0.02972889,-0.096399784,-0.017750025,-0.028033197,-0.09123385,0.032954514,-0.030951321,-0.1189419,-0.040584415,-0.028619885,-0.12309635,-0.0015502096,0.0034879714,-0.00070770434,0.0031004192,0.0013564334,-0.0017439857,-0.00030330187,0.0003875524,0.00096888095,0.0007751048,-0.0010110063,-0.0017439857,0.0017439857,-0.0005813286,0.0026286163,-0.0048444048,0.0,0.0,0.0,0.0,0.0,0.0,0.0,0.0,0.0,0.0,0.0,0.0,0.0,0.0,0.0,0.0,0.0053263213,-0.019174758,0.0053263213,0.010545499,-0.006415532,-0.999924,0.0,0.0,0.0,0.034099936,-0.029759169,-0.096399784,-0.017689466,-0.028033197,-0.091217995,0.032924235,-0.030951321,-0.1189419,-0.040614694,-0.028680444,-0.12312794,0.0,-0.0007751048,-0.00070770434,0.0023253143,0.0040693,0.0,0.0015165093,0.0,-0.0019377619,-0.0013564334,-0.0013143081,-0.0001937762,0.0001937762,-0.0025190904,-0.00010110062,-0.0040693,0.0,0.0,0.0,0.0,0.0,0.0,0.0,0.0,0.0,0.0,0.0,0.0,0.0,0.0,0.0,0.0,0.2980388,-0.48321673,-0.6337355,0.03257188,-0.12661803,-0.3908583,-0.49312374,-0.40396443,-0.04409045,0.18479685,0.18975279,-1.3904701,0.06330917,-0.015439451,0.37620127,-1.9519343
1788699160.7271574,147,1,0.0010652643,-0.012783172,0.0021305287,0.010600941,-0.0064043803,-0.99992335,0.0,0.0,0.0,0.034039382,-0.029759169,-0.096399784,-0.017719746,-0.028033197,-0.09120226,0.032924235,-0.0309816,-0.11892605,-0.040644974,-0.028650165,-0.12314379,-0.0040693,-0.0001937762,-0.00060660375,0.0007751048,0.0034879714,-0.0007751048,-0.00060660375,-0.005038181,-0.0025190904,-0.00096888095,0.0,0.0,-0.002906643,-0.0019377619,-0.0019209118,-0.0025190904,0.0,0.0,0.0,0.0,0.0,0.0,0.0,0.0,0.0,0.0,0.0,0.0,0.0,0.0,0.0,0.0,-0.003195793,-0.006391586,0.021305285,0.01063592,-0.0064350204,-0.9999229,0.0,0.0,0.0,0.034130216,-0.02969861,-0.09641552,-0.017689466,-0.028093755,-0.091249585,0.032893956,-0.030921042,-0.11891031,-0.040584415,-0.028741002,-0.12312794,0.0019377619,0.0027128668,-0.002426415,0.0019377619,0.002906643,-0.00096888095,0.0,0.0001937762,-0.0001937762,0.002906643,0.00040440247,-0.00096888095,0.0052319574,-0.0021315382,-0.00020220123,0.0007751048,0.0,0.0,0.0,0.0,0.0,0.0,0.0,0.0,0.0,0.0,0.0,0.0,0.0,0.0,0.0,0.0,-0.0074568503,0.020240022,0.0010652643,0.010643381,-0.0064130723,-0.99992293,0.0,0.0,0.0,0.03416049,-0.02969861,-0.09638393,-0.017659187,-0.028063476,-0.09123385,0.032893956,-0.030890763,-0.11891031,-0.040644974,-0.028741002,-0.1231122,0.0011626572,-0.0019377619,0.00030330187,0.0011626572,0.0048444048,0.0005813286,0.0015165093,-0.0025190904,-0.0019377619,0.0046506287,0.0014154087,0.0019377619,-0.00096888095,-0.0021315382,0.0012132075,-0.0019377619,0.0,0.0,0.0,0.0,0.0,0.0,0.0,0.0,0.0,0.0,0.0,0.0,0.0,0.0,0.0,0.0,0.0,0.006391586,-0.019174758,0.010594839,-0.0063426816,-0.9999239,0.0,0.0,0.0,0.03416049,-0.02972889,-0.096399784,-0.017750025,-0.028063476,-0.09123385,0.032893956,-0.030921042,-0.11891031,-0.040644974,-0.028680444,-0.12312794,0.0027128668,0.0015502096,-0.0010110063,0.0007751048,-0.0007751048,-0.002906643,0.0009099056,-0.0003875524,-0.002906643,0.0019377619,0.0009099056,0.0021315382,-0.0019377619,-0.00096888095,0.0014154087,-0.0007751048,0.0,0.0,0.0,0.0,0.0,0.0,0.0,0.0,0.0,0.0,0.0,0.0,0.0,0.0,0.0,0.0,-0.003195793,-0.0021305287,0.0010652643,0.01055169,-0.0063542193,-0.9999242,0.0,0.0,0.0,0.034069657,-0.02972889,-0.096399784,-0.017750025,-0.028033197,-0.09123385,0.032954514,-0.030951321,-0.1189419,-0.040584415,-0.028619885,-0.12309635,-0.0015502096,0.0034879714,-0.00070770434,0.0031004192,0.0013564334,-0.0017439857,-0.00030330187,0.0003875524,0.00096888095,0.0007751048,-0.0010110063,-0.0017439857,0.0017439857,-0.0005813286,0.0026286163,-0.0048444048,0.0,0.0,0.0,0.0,0.0,0.0,0.0,0.0,0.0,0.0,0.0,0.0,0.0,0.0,0.0,0.0,0.2970213,-0.48041093,-0.63998145,0.011494026,-0.13135464,-0.35891408,-0.49690723,-0.38931432,-0.038297668,0.15670265,0.23638386,-1.403033,0.06459635,0.010826714,0.34965765,-1.9420435
1788699160.7472155,148,1,0.008522115,0.0053263213,-0.006391586,0.010705886,-0.0064127576,-0.9999223,0.0,0.0,0.0,0.034099936,-0.02972889,-0.096399784,-0.017750025,-0.028063476,-0.09123385,0.032954514,-0.030921042,-0.11891031,-0.040614694,-0.028680444,-0.12312794,-0.0003875524,0.0032941953,-0.00070770434,-0.0032941953,0.0007751048,-0.0019377619,0.00050550315,0.0003875524,0.0021315382,-0.00096888095,0.0011121068,0.0031004192,-0.00096888095,-0.0032941953,-0.00010110062,-0.0046506287,0.0,0.0,0.0,0.0,0.0,0.0,0.0,0.0,0.0,0.0,0.0,0.0,0.0,0.0,0.0,0.0,0.0010652643,-0.012783172,0.0021305287,0.010600941,-0.0064043803,-0.99992335,0.0,0.0,0.0,0.034039382,-0.029759169,-0.096399784,-0.017719746,-0.028033197,-0.09120226,0.032924235,-0.0309816,-0.11892605,-0.040644974,-0.028650165,-0.12314379,-0.0040693,-0.0001937762,-0.00060660375,0.0007751048,0.0034879714,-0.0007751048,-0.00060660375,-0.005038181,-0.0025190904,-0.00096888095,0.0,0.0,-0.002906643,-0.0019377619,-0.0019209118,-0.0025190904,0.0,0.0,0.0,0.0,0.0,0.0,0.0,0.0,0.0,0.0,0.0,0.0,0.0,0.0,0.0,0.0,-0.003195793,-0.006391586,0.021305285,0.01063592,-0.0064350204,-0.9999229,0.0,0.0,0.0,0.034130216,-0.02969861,-0.09641552,-0.017689466,-0.028093755,-0.091249585,0.032893956,-0.030921042,-0.11891031,-0.040584415,-0.028741002,-0.12312794,0.0019377619,0.0027128668,-0.002426415,0.0019377619,0.002906643,-0.00096888095,0.0,0.0001937762,-0.0001937762,0.002906643,0.00040440247,-0.00096888095,0.0052319574,-0.0021315382,-0.00020220123,0.0007751048,0.0,0.0,0.0,0.0,0.0,0.0,0.0,0.0,0.0,0.0,0.0,0.0,0.0,0.0,0.0,0.0,-0.0074568503,0.020240022,0.0010652643,0.010643381,-0.0064130723,-0.99992293,0.0,0.0,0.0,0.03416049,-0.02969861,-0.09638393,-0.017659187,-0.028063476,-0.09123385,0.032893956,-0.030890763,-0.11891031,-0.040644974,-0.028741002,-0.1231122,0.0011626572,-0.0019377619,0.00030330187,0.0011626572,0.0048444048,0.0005813286,0.0015165093,-0.0025190904,-0.0019377619,0.0046506287,0.0014154087,0.0019377619,-0.00096888095,-0.0021315382,0.0012132075,-0.0019377619,0.0,0.0,0.0,0.0,0.0,0.0,0.0,0.0,0.0,0.0,0.0,0.0,0.0,0.0,0.0,0.0,0.0,0.006391586,-0.019174758,0.010594839,-0.0063426816,-0.9999239,0.0,0.0,0.0,0.03416049,-0.02972889,-0.096399784,-0.017750025,-0.028063476,-0.09123385,0.032893956,-0.030921042,-0.11891031,-0.040644974,-0.028680444,-0.12312794,0.0027128668,0.0015502096,-0.0010110063,0.0007751048,-0.0007751048,-0.002906643,0.0009099056,-0.0003875524,-0.002906643,0.0019377619,0.0009099056,0.0021315382,-0.0019377619,-0.00096888095,0.0014154087,-0.0007751048,0.0,0.0,0.0,0.0,0.0,0.0,0.0,0.0,0.0,0.0,0.0,0.0,0.0,0.0,0.0,0.0,0.28986683,-0.4970218,-0.65682405,0.030834135,-0.13735057,-0.35897258,-0.47253874,-0.3977592,-0.03174623,0.13969754,0.220839,-1.4000312,0.07577267,0.021404179,0.35214776,-1.9465698
1788699160.7671595,149,1,0.0074568503,0.0,-0.009587379,0.010707537,-0.006391583,-0.99992245,0.0,0.0,0.0,0.034190767,-0.02969861,-0.096368074,-0.017719746,-0.028063476,-0.091249585,0.032893956,-0.030890763,-0.1189419,-0.040614694,-0.028741002,-0.12312794,0.0044568526,0.0036817477,0.0015165093,0.0023253143,0.0007751048,-0.0001937762,-0.00070770434,0.0007751048,-0.0019377619,0.0005813286,-0.0016176099,0.0019377619,-0.0048444048,-0.0032941953,-0.00070770434,0.0,0.0,0.0,0.0,0.0,0.0,0.0,0.0,0.0,0.0,0.0,0.0,0.0,0.0,0.0,0.0,0.0,0.008522115,0.0053263213,-0.006391586,0.010705886,-0.0064127576,-0.9999223,0.0,0.0,0.0,0.034099936,-0.02972889,-0.096399784,-0.017750025,-0.028063476,-0.09123385,0.032954514,-0.030921042,-0.11891031,-0.040614694,-0.028680444,-0.12312794,-0.0003875524,0.0032941953,-0.00070770434,-0.0032941953,0.0007751048,-0.0019377619,0.00050550315,0.0003875524,0.0021315382,-0.00096888095,0.0011121068,0.0031004192,-0.00096888095,-0.0032941953,-0.00010110062,-0.0046506287,0.0,0.0,0.0,0.0,0.0,0.0,0.0,0.0,0.0,0.0,0.0,0.0,0.0,0.0,0.0,0.0,0.0010652643,-0.012783172,0.0021305287,0.010600941,-0.0064043803,-0.99992335,0.0,0.0,0.0,0.034039382,-0.029759169,-0.096399784,-0.017719746,-0.028033197,-0.09120226,0.032924235,-0.0309816,-0.11892605,-0.040644974,-0.028650165,-0.12314379,-0.0040693,-0.0001937762,-0.00060660375,0.0007751048,0.0034879714,-0.0007751048,-0.00060660375,-0.005038181,-0.0025190904,-0.00096888095,0.0,0.0,-0.002906643,-0.0019377619,-0.0019209118,-0.0025190904,0.0,0.0,0.0,0.0,0.0,0.0,0.0,0.0,0.0,0.0,0.0,0.0,0.0,0.0,0.0,0.0,-0.003195793,-0.006391586,0.021305285,0.01063592,-0.0064350204,-0.9999229,0.0,0.0,0.0,0.034130216,-0.02969861,-0.09641552,-0.017689466,-0.028093755,-0.091249585,0.032893956,-0.030921042,-0.11891031,-0.040584415,-0.028741002,-0.12312794,0.0019377619,0.0027128668,-0.002426415,0.0019377619,0.002906643,-0.00096888095,0.0,0.0001937762,-0.0001937762,0.002906643,0.00040440247,-0.00096888095,0.0052319574,-0.0021315382,-0.00020220123,0.0007751048,0.0,0.0,0.0,0.0,0.0,0.0,0.0,0.0,0.0,0.0,0.0,0.0,0.0,0.0,0.0,0.0,-0.0074568503,0.020240022,0.0010652643,0.010643381,-0.0064130723,-0.99992293,0.0,0.0,0.0,0.03416049,-0.02969861,-0.09638393,-0.017659187,-0.028063476,-0.09123385,0.032893956,-0.030890763,-0.11891031,-0.040644974,-0.028741002,-0.1231122,0.0011626572,-0.0019377619,0.00030330187,0.0011626572,0.0048444048,0.0005813286,0.0015165093,-0.0025190904,-0.0019377619,0.0046506287,0.0014154087,0.0019377619,-0.00096888095,-0.0021315382,0.0012132075,-0.0019377619,0.0,0.0,0.0,0.0,0.0,0.0,0.0,0.0,0.0,0.0,0.0,0.0,0.0,0.0,0.0,0.0,0.2878575,-0.50464845,-0.65052015,0.04653131,-0.13253239,-0.3691119,-0.47646713,-0.40160787,-0.036494564,0.152801,0.207554,-1.3891122,0.07346628,0.012130089,0.3600257,-1.9433542
1788699160.787176,150,1,-0.011717907,0.0042610574,0.012783172,0.010729042,-0.0064118416,-0.9999221,0.0,0.0,0.0,0.03416049,-0.02972889,-0.096399784,-0.017689466,-0.028063476,-0.091249585,0.032924235,-0.030890763,-0.11892605,-0.040644974,-0.028771281,-0.1231122,0.0021315382,0.0003875524,-0.0011121068,0.0019377619,0.0019377619,0.0019377619,-0.00010110062,0.0005813286,0.0,0.0017439857,-0.00040440247,-0.0005813286,-0.0005813286,-0.0023253143,0.0010110063,-0.0023253143,0.0,0.0,0.0,0.0,0.0,0.0,0.0,0.0,0.0,0.0,0.0,0.0,0.0,0.0,0.0,0.0,0.0074568503,0.0,-0.009587379,0.010707537,-0.006391583,-0.99992245,0.0,0.0,0.0,0.034190767,-0.02969861,-0.096368074,-0.017719746,-0.028063476,-0.091249585,0.032893956,-0.030890763,-0.1189419,-0.040614694,-0.028741002,-0.12312794,0.0044568526,0.0036817477,0.0015165093,0.0023253143,0.0007751048,-0.0001937762,-0.00070770434,0.0007751048,-0.0019377619,0.0005813286,-0.0016176099,0.0019377619,-0.0048444048,-0.0032941953,-0.00070770434,0.0,0.0,0.0,0.0,0.0,0.0,0.0,0.0,0.0,0.0,0.0,0.0,0.0,0.0,0.0,0.0,0.0,0.008522115,0.0053263213,-0.006391586,0.010705886,-0.0064127576,-0.9999223,0.0,0.0,0.0,0.034099936,-0.02972889,-0.096399784,-0.017750025,-0.028063476,-0.09123385,0.032954514,-0.030921042,-0.11891031,-0.040614694,-0.028680444,-0.12312794,-0.0003875524,0.0032941953,-0.00070770434,-0.0032941953,0.0007751048,-0.0019377619,0.00050550315,0.0003875524,0.0021315382,-0.00096888095,0.0011121068,0.0031004192,-0.00096888095,-0.0032941953,-0.00010110062,-0.0046506287,0.0,0.0,0.0,0.0,0.0,0.0,0.0,0.0,0.0,0.0,0.0,0.0,0.0,0.0,0.0,0.0,0.0010652643,-0.012783172,0.0021305287,0.010600941,-0.0064043803,-0.99992335,0.0,0.0,0.0,0.034039382,-0.029759169,-0.096399784,-0.017719746,-0.028033197,-0.09120226,0.032924235,-0.0309816,-0.11892605,-0.040644974,-0.028650165,-0.12314379,-0.0040693,-0.0001937762,-0.00060660375,0.0007751048,0.0034879714,-0.0007751048,-0.00060660375,-0.005038181,-0.0025190904,-0.00096888095,0.0,0.0,-0.002906643,-0.0019377619,-0.0019209118,-0.0025190904,0.0,0.0,0.0,0.0,0.0,0.0,0.0,0.0,0.0,0.0,0.0,0.0,0.0,0.0,0.0,0.0,-0.003195793,-0.006391586,0.021305285,0.01063592,-0.0064350204,-0.9999229,0.0,0.0,0.0,0.034130216,-0.02969861,-0.09641552,-0.017689466,-0.028093755,-0.091249585,0.032893956,-0.030921042,-0.11891031,-0.040584415,-0.028741002,-0.12312794,0.0019377619,0.0027128668,-0.002426415,0.0019377619,0.002906643,-0.00096888095,0.0,0.0001937762,-0.0001937762,0.002906643,0.00040440247,-0.00096888095,0.0052319574,-0.0021315382,-0.00020220123,0.0007751048,0.0,0.0,0.0,0.0,0.0,0.0,0.0,0.0,0.0,0.0,0.0,0.0,0.0,0.0,0.0,0.0,0.29365596,-0.49439174,-0.6348185,0.02789386,-0.12888193,-0.39132074,-0.4886078,-0.3921738,-0.046509124,0.17641978,0.20078324,-1.3973781,0.06478086,-0.00918708,0.36706963,-1.9469005
1788699160.8073094,151,0,-0.010652643,0.0053263213,0.009587379,0.010745858,-0.006351655,-0.9999222,0.0,0.0,0.0,0.034130216,-0.029759169,-0.09638393,-0.017689466,-0.028063476,-0.091249585,0.032924235,-0.030951321,-0.1189419,-0.040644974,-0.028680444,-0.12312794,0.0005813286,0.0007751048,0.00050550315,0.0,0.0025190904,-0.0001937762,-0.00040440247,0.0003875524,-0.00096888095,-0.00096888095,-0.0010110063,0.0015502096,-0.0036817477,0.0001937762,-0.00010110062,-0.0013564334,0.0,0.0,0.0,0.0,0.0,0.0,0.0,0.0,0.0,0.0,0.0,0.0,0.0,0.0,0.0,0.0,-0.011717907,0.0042610574,0.012783172,0.010729042,-0.0064118416,-0.9999221,0.0,0.0,0.0,0.03416049,-0.02972889,-0.096399784,-0.017689466,-0.028063476,-0.091249585,0.032924235,-0.030890763,-0.11892605,-0.040644974,-0.028771281,-0.1231122,0.0021315382,0.0003875524,-0.0011121068,0.0019377619,0.0019377619,0.0019377619,-0.00010110062,0.0005813286,0.0,0.0017439857,-0.00040440247,-0.0005813286,-0.0005813286,-0.0023253143,0.0010110063,-0.0023253143,0.0,0.0,0.0,0.0,0.0,0.0,0.0,0.0,0.0,0.0,0.0,0.0,0.0,0.0,0.0,0.0,0.0074568503,0.0,-0.009587379,0.010707537,-0.006391583,-0.99992245,0.0,0.0,0.0,0.034190767,-0.02969861,-0.096368074,-0.017719746,-0.028063476,-0.091249585,0.032893956,-0.030890763,-0.1189419,-0.040614694,-0.028741002,-0.12312794,0.0044568526,0.0036817477,0.0015165093,0.0023253143,0.0007751048,-0.0001937762,-0.00070770434,0.0007751048,-0.0019377619,0.0005813286,-0.0016176099,0.0019377619,-0.0048444048,-0.0032941953,-0.00070770434,0.0,0.0,0.0,0.0,0.0,0.0,0.0,0.0,0.0,0.0,0.0,0.0,0.0,0.0,0.0,0.0,0.0,0.008522115,0.0053263213,-0.006391586,0.010705886,-0.0064127576,-0.9999223,0.0,0.0,0.0,0.034099936,-0.02972889,-0.096399784,-0.017750025,-0.028063476,-0.09123385,0.032954514,-0.030921042,-0.11891031,-0.040614694,-0.028680444,-0.12312794,-0.0003875524,0.0032941953,-0.00070770434,-0.0032941953,0.0007751048,-0.0019377619,0.00050550315,0.0003875524,0.0021315382,-0.00096888095,0.0011121068,0.0031004192,-0.00096888095,-0.0032941953,-0.00010110062,-0.0046506287,0.0,0.0,0.0,0.0,0.0,0.0,0.0,0.0,0.0,0.0,0.0,0.0,0.0,0.0,0.0,0.0,0.0010652643,-0.012783172,0.0021305287,0.010600941,-0.0064043803,-0.99992335,0.0,0.0,0.0,0.034039382,-0.029759169,-0.096399784,-0.017719746,-0.028033197,-0.09120226,0.032924235,-0.0309816,-0.11892605,-0.040644974,-0.028650165,-0.12314379,-0.0040693,-0.0001937762,-0.00060660375,0.0007751048,0.0034879714,-0.0007751048,-0.00060660375,-0.005038181,-0.0025190904,-0.00096888095,0.0,0.0,-0.002906643,-0.0019377619,-0.0019209118,-0.0025190904,0.0,0.0,0.0,0.0,0.0,0.0,0.0,0.0,0.0,0.0,0.0,0.0,0.0,0.0,0.0,0.0,0.29768768,-0.49706236,-0.6178283,0.0139521025,-0.12772988,-0.39002717,-0.4930055,-0.391857,-0.04544668,0.16912426,0.21369942,-1.4036633,0.06288377,-0.008148879,0.34614092,-1.9428403
1788699160.8272545,152,0,-0.121440135,-0.031957928,-0.031957928,0.010873094,-0.0058154487,-0.9999241,0.0,0.0,0.0,0.044848457,-0.042960167,-0.103271484,-0.021141052,-0.039780796,-0.09676278,0.032833397,-0.028619945,-0.1171726,-0.039524704,-0.02883184,-0.12033188,0.07441006,-0.056388874,-0.07693758,0.006007062,-0.015889648,-0.094562784,-0.06116588,-0.02189671,-0.0013564334,0.0062008384,0.013041981,-0.2253617,0.0081386,-0.0052319574,0.029218081,-0.32825688,0.29768768,-0.49706236,-0.6178283,0.0139521025,-0.12772988,-0.39002717,-0.4930055,-0.391857,-0.04544668,0.16912426,0.21369942,-1.4036633,0.06288377,-0.008148879,0.34614092,-1.9428403,-0.010652643,0.0053263213,0.009587379,0.010745858,-0.006351655,-0.9999222,0.0,0.0,0.0,0.034130216,-0.029759169,-0.09638393,-0.017689466,-0.028063476,-0.091249585,0.032924235,-0.030951321,-0.1189419,-0.040644974,-0.028680444,-0.12312794,0.0005813286,0.0007751048,0.00050550315,0.0,0.0025190904,-0.0001937762,-0.00040440247,0.0003875524,-0.00096888095,-0.00096888095,-0.0010110063,0.0015502096,-0.0036817477,0.0001937762,-0.00010110062,-0.0013564334,0.0,0.0,0.0,0.0,0.0,0.0,0.0,0.0,0.0,0.0,0.0,0.0,0.0,0.0,0.0,0.0,-0.011717907,0.0042610574,0.012783172,0.010729042,-0.0064118416,-0.9999221,0.0,0.0,0.0,0.03416049,-0.02972889,-0.096399784,-0.017689466,-0.028063476,-0.091249585,0.032924235,-0.030890763,-0.11892605,-0.040644974,-0.028771281,-0.1231122,0.0021315382,0.0003875524,-0.0011121068,0.0019377619,0.0019377619,0.0019377619,-0.00010110062,0.0005813286,0.0,0.0017439857,-0.00040440247,-0.0005813286,-0.0005813286,-0.0023253143,0.0010110063,-0.0023253143,0.0,0.0,0.0,0.0,0.0,0.0,0.0,0.0,0.0,0.0,0.0,0.0,0.0,0.0,0.0,0.0,0.0074568503,0.0,-0.009587379,0.010707537,-0.006391583,-0.99992245,0.0,0.0,0.0,0.034190767,-0.02969861,-0.096368074,-0.017719746,-0.028063476,-0.091249585,0.032893956,-0.030890763,-0.1189419,-0.040614694,-0.028741002,-0.12312794,0.0044568526,0.0036817477,0.0015165093,0.0023253143,0.0007751048,-0.0001937762,-0.00070770434,0.0007751048,-0.0019377619,0.0005813286,-0.0016176099,0.0019377619,-0.0048444048,-0.0032941953,-0.00070770434,0.0,0.0,0.0,0.0,0.0,0.0,0.0,0.0,0.0,0.0,0.0,0.0,0.0,0.0,0.0,0.0,0.0,0.008522115,0.0053263213,-0.006391586,0.010705886,-0.0064127576,-0.9999223,0.0,0.0,0.0,0.034099936,-0.02972889,-0.096399784,-0.017750025,-0.028063476,-0.09123385,0.032954514,-0.030921042,-0.11891031,-0.040614694,-0.028680444,-0.12312794,-0.0003875524,0.0032941953,-0.00070770434,-0.0032941953,0.0007751048,-0.0019377619,0.00050550315,0.0003875524,0.0021315382,-0.00096888095,0.0011121068,0.0031004192,-0.00096888095,-0.0032941953,-0.00010110062,-0.0046506287,0.0,0.0,0.0,0.0,0.0,0.0,0.0,0.0,0.0,0.0,0.0,0.0,0.0,0.0,0.0,0.0,0.3371332,-0.0025176182,-0.6432805,0.22493866,-0.08407226,-0.0054126754,-0.36119673,-0.38419032,-0.011910081,0.22666259,0.54383415,-1.7234831,0.11321005,0.04647621,0.50520045,-2.5699625
1788699160.847232,153,0,-0.40160465,1.0897654,-0.05432848,0.02346038,0.0005917391,-0.9997246,0.0,0.0,0.0,0.05623281,-0.03520912,-0.13282752,-0.01941526,-0.029940665,-0.11462915,0.039524734,-0.01893115,-0.10722053,-0.03743553,-0.021444142,-0.10265505,0.025190905,-0.02344692,-0.061570283,0.06724034,0.013370558,0.04999426,-0.008694653,-0.07382873,0.015695872,0.021702934,0.03993475,-0.49916744,0.010076362,0.028678877,0.06308679,-0.72995496,0.3371332,-0.0025176182,-0.6432805,0.22493866,-0.08407226,-0.0054126754,-0.36119673,-0.38419032,-0.011910081,0.22666259,0.54383415,-1.7234831,0.11321005,0.04647621,0.50520045,-2.5699625,-0.121440135,-0.031957928,-0.031957928,0.010873094,-0.0058154487,-0.9999241,0.0,0.0,0.0,0.044848457,-0.042960167,-0.103271484,-0.021141052,-0.039780796,-0.09676278,0.032833397,-0.028619945,-0.1171726,-0.039524704,-0.02883184,-0.12033188,0.07441006,-0.056388874,-0.07693758,0.006007062,-0.015889648,-0.094562784,-0.06116588,-0.02189671,-0.0013564334,0.0062008384,0.013041981,-0.2253617,0.0081386,-0.0052319574,0.029218081,-0.32825688,0.29768768,-0.49706236,-0.6178283,0.0139521025,-0.12772988,-0.39002717,-0.4930055,-0.391857,-0.04544668,0.16912426,0.21369942,-1.4036633,0.06288377,-0.008148879,0.34614092,-1.9428403,-0.010652643,0.0053263213,0.009587379,0.010745858,-0.006351655,-0.9999222,0.0,0.0,0.0,0.034130216,-0.029759169,-0.09638393,-0.017689466,-0.028063476,-0.091249585,0.032924235,-0.030951321,-0.1189419,-0.040644974,-0.028680444,-0.12312794,0.0005813286,0.0007751048,0.00050550315,0.0,0.0025190904,-0.0001937762,-0.00040440247,0.0003875524,-0.00096888095,-0.00096888095,-0.0010110063,0.0015502096,-0.0036817477,0.0001937762,-0.00010110062,-0.0013564334,0.0,0.0,0.0,0.0,0.0,0.0,0.0,0.0,0.0,0.0,0.0,0.0,0.0,0.0,0.0,0.0,-0.011717907,0.0042610574,0.012783172,0.010729042,-0.0064118416,-0.9999221,0.0,0.0,0.0,0.03416049,-0.02972889,-0.096399784,-0.017689466,-0.028063476,-0.091249585,0.032924235,-0.030890763,-0.11892605,-0.040644974,-0.028771281,-0.1231122,0.0021315382,0.0003875524,-0.0011121068,0.0019377619,0.0019377619,0.0019377619,-0.00010110062,0.0005813286,0.0,0.0017439857,-0.00040440247,-0.0005813286,-0.0005813286,-0.0023253143,0.0010110063,-0.0023253143,0.0,0.0,0.0,0.0,0.0,0.0,0.0,0.0,0.0,0.0,0.0,0.0,0.0,0.0,0.0,0.0,0.0074568503,0.0,-0.009587379,0.010707537,-0.006391583,-0.99992245,0.0,0.0,0.0,0.034190767,-0.02969861,-0.096368074,-0.017719746,-0.028063476,-0.091249585,0.032893956,-0.030890763,-0.1189419,-0.040614694,-0.028741002,-0.12312794,0.0044568526,0.0036817477,0.0015165093,0.0023253143,0.0007751048,-0.0001937762,-0.00070770434,0.0007751048,-0.0019377619,0.0005813286,-0.0016176099,0.0019377619,-0.0048444048,-0.0032941953,-0.00070770434,0.0,0.0,0.0,0.0,0.0,0.0,0.0,0.0,0.0,0.0,0.0,0.0,0.0,0.0,0.0,0.0,0.0,0.27046472,-0.38708058,-0.29556915,0.37341937,-0.11267912,-0.61940217,0.20287907,-0.22621498,0.13362643,-0.10846646,-0.1451866,-1.727508,0.031391647,0.10098873,-0.041120242,-2.350382
1788699160.8672948,154,0,-0.6636597,1.1494201,0.04687163,0.04670783,0.012483563,-0.9988307,0.0,0.0,0.0,0.06443802,-0.05228567,-0.1528107,-0.015903115,-0.05167991,-0.12606621,0.05096966,-0.015782297,-0.09976435,-0.028988123,-0.0040042996,-0.0842042,0.0073634954,-0.07382873,-0.044686474,0.055807542,-0.0054257335,-0.037592582,-0.010312264,-0.071503416,0.012207901,0.0062008384,-0.010817767,-0.64217436,0.047281392,0.074797615,0.021635534,-0.8706364,0.27046472,-0.38708058,-0.29556915,0.37341937,-0.11267912,-0.61940217,0.20287907,-0.22621498,0.13362643,-0.10846646,-0.1451866,-1.727508,0.031391647,0.10098873,-0.041120242,-2.350382,-0.40160465,1.0897654,-0.05432848,0.02346038,0.0005917391,-0.9997246,0.0,0.0,0.0,0.05623281,-0.03520912,-0.13282752,-0.01941526,-0.029940665,-0.11462915,0.039524734,-0.01893115,-0.10722053,-0.03743553,-0.021444142,-0.10265505,0.025190905,-0.02344692,-0.061570283,0.06724034,0.013370558,0.04999426,-0.008694653,-0.07382873,0.015695872,0.021702934,0.03993475,-0.49916744,0.010076362,0.028678877,0.06308679,-0.72995496,0.3371332,-0.0025176182,-0.6432805,0.22493866,-0.08407226,-0.0054126754,-0.36119673,-0.38419032,-0.011910081,0.22666259,0.54383415,-1.7234831,0.11321005,0.04647621,0.50520045,-2.5699625,-0.121440135,-0.031957928,-0.031957928,0.010873094,-0.0058154487,-0.9999241,0.0,0.0,0.0,0.044848457,-0.042960167,-0.103271484,-0.021141052,-0.039780796,-0.09676278,0.032833397,-0.028619945,-0.1171726,-0.039524704,-0.02883184,-0.12033188,0.07441006,-0.056388874,-0.07693758,0.006007062,-0.015889648,-0.094562784,-0.06116588,-0.02189671,-0.0013564334,0.0062008384,0.013041981,-0.2253617,0.0081386,-0.0052319574,0.029218081,-0.32825688,0.29768768,-0.49706236,-0.6178283,0.0139521025,-0.12772988,-0.39002717,-0.4930055,-0.391857,-0.04544668,0.16912426,0.21369942,-1.4036633,0.06288377,-0.008148879,0.34614092,-1.9428403,-0.010652643,0.0053263213,0.009587379,0.010745858,-0.006351655,-0.9999222,0.0,0.0,0.0,0.034130216,-0.029759169,-0.09638393,-0.017689466,-0.028063476,-0.091249585,0.032924235,-0.030951321,-0.1189419,-0.040644974,-0.028680444,-0.12312794,0.0005813286,0.0007751048,0.00050550315,0.0,0.0025190904,-0.0001937762,-0.00040440247,0.0003875524,-0.00096888095,-0.00096888095,-0.0010110063,0.0015502096,-0.0036817477,0.0001937762,-0.00010110062,-0.0013564334,0.0,0.0,0.0,0.0,0.0,0.0,0.0,0.0,0.0,0.0,0.0,0.0,0.0,0.0,0.0,0.0,-0.011717907,0.0042610574,0.012783172,0.010729042,-0.0064118416,-0.9999221,0.0,0.0,0.0,0.03416049,-0.02972889,-0.096399784,-0.017689466,-0.028063476,-0.091249585,0.032924235,-0.030890763,-0.11892605,-0.040644974,-0.028771281,-0.1231122,0.0021315382,0.0003875524,-0.0011121068,0.0019377619,0.0019377619,0.0019377619,-0.00010110062,0.0005813286,0.0,0.0017439857,-0.00040440247,-0.0005813286,-0.0005813286,-0.0023253143,0.0010110063,-0.0023253143,0.0,0.0,0.0,0.0,0.0,0.0,0.0,0.0,0.0,0.0,0.0,0.0,0.0,0.0,0.0,0.0,0.13753906,-0.46092224,0.3874773,0.05855758,-0.076351404,-0.38202915,0.18889067,-0.08741055,0.34132302,0.15017846,-0.027880147,-1.7407695,-0.012346251,0.2957102,-0.12373139,-1.9661583
1788699160.8875072,155,0,-0.2087918,0.5645901,0.091612734,0.0658183,0.019424925,-0.99764246,0.0,0.0,0.0,0.06907048,-0.06694001,-0.16636443,-0.016659975,-0.058007896,-0.13287461,0.06305039,0.008379161,-0.09338236,-0.021963716,0.028907418,-0.07426798,0.0056195096,-0.03623615,-0.013446382,0.11122753,-0.0027128668,-0.01685853,-0.03892374,0.0139518855,0.06258971,0.094562784,0.051460214,-0.6925561,0.0069759428,0.14959523,0.041350152,-0.8597849,0.13753906,-0.46092224,0.3874773,0.05855758,-0.076351404,-0.38202915,0.18889067,-0.08741055,0.34132302,0.15017846,-0.027880147,-1.7407695,-0.012346251,0.2957102,-0.12373139,-1.9661583,-0.6636597,1.1494201,0.04687163,0.04670783,0.012483563,-0.9988307,0.0,0.0,0.0,0.06443802,-0.05228567,-0.1528107,-0.015903115,-0.05167991,-0.12606621,0.05096966,-0.015782297,-0.09976435,-0.028988123,-0.0040042996,-0.0842042,0.0073634954,-0.07382873,-0.044686474,0.055807542,-0.0054257335,-0.037592582,-0.010312264,-0.071503416,0.012207901,0.0062008384,-0.010817767,-0.64217436,0.047281392,0.074797615,0.021635534,-0.8706364,0.27046472,-0.38708058,-0.29556915,0.37341937,-0.11267912,-0.61940217,0.20287907,-0.22621498,0.13362643,-0.10846646,-0.1451866,-1.727508,0.031391647,0.10098873,-0.041120242,-2.350382,-0.40160465,1.0897654,-0.05432848,0.02346038,0.0005917391,-0.9997246,0.0,0.0,0.0,0.05623281,-0.03520912,-0.13282752,-0.01941526,-0.029940665,-0.11462915,0.039524734,-0.01893115,-0.10722053,-0.03743553,-0.021444142,-0.10265505,0.025190905,-0.02344692,-0.061570283,0.06724034,0.013370558,0.04999426,-0.008694653,-0.07382873,0.015695872,0.021702934,0.03993475,-0.49916744,0.010076362,0.028678877,0.06308679,-0.72995496,0.3371332,-0.0025176182,-0.6432805,0.22493866,-0.08407226,-0.0054126754,-0.36119673,-0.38419032,-0.011910081,0.22666259,0.54383415,-1.7234831,0.11321005,0.04647621,0.50520045,-2.5699625,-0.121440135,-0.031957928,-0.031957928,0.010873094,-0.0058154487,-0.9999241,0.0,0.0,0.0,0.044848457,-0.042960167,-0.103271484,-0.021141052,-0.039780796,-0.09676278,0.032833397,-0.028619945,-0.1171726,-0.039524704,-0.02883184,-0.12033188,0.07441006,-0.056388874,-0.07693758,0.006007062,-0.015889648,-0.094562784,-0.06116588,-0.02189671,-0.0013564334,0.0062008384,0.013041981,-0.2253617,0.0081386,-0.0052319574,0.029218081,-0.32825688,0.29768768,-0.49706236,-0.6178283,0.0139521025,-0.12772988,-0.39002717,-0.4930055,-0.391857,-0.04544668,0.16912426,0.21369942,-1.4036633,0.06288377,-0.008148879,0.34614092,-1.9428403,-0.010652643,0.0053263213,0.009587379,0.010745858,-0.006351655,-0.9999222,0.0,0.0,0.0,0.034130216,-0.029759169,-0.09638393,-0.017689466,-0.028063476,-0.091249585,0.032924235,-0.030951321,-0.1189419,-0.040644974,-0.028680444,-0.12312794,0.0005813286,0.0007751048,0.00050550315,0.0,0.0025190904,-0.0001937762,-0.00040440247,0.0003875524,-0.00096888095,-0.00096888095,-0.0010110063,0.0015502096,-0.0036817477,0.0001937762,-0.00010110062,-0.0013564334,0.0,0.0,0.0,0.0,0.0,0.0,0.0,0.0,0.0,0.0,0.0,0.0,0.0,0.0,0.0,0.0,0.07857928,-0.698145,0.34592402,0.12564835,-0.03545911,-0.6003123,0.2101571,-0.14584237,0.40407288,0.10062555,-0.27772874,-1.5706515,0.0057748593,0.071028665,0.00304031,-1.7903252
1788699160.9075687,156,0,0.0745685,-0.19920443,0.10865696,0.068943046,0.01693864,-0.9974768,0.0,0.0,0.0,0.0644683,-0.0832293,-0.16601706,-0.020202518,-0.06621313,-0.13556015,0.06822783,0.037082255,-0.077301025,-0.02365926,0.071689546,-0.057649493,-0.009882587,-0.05348223,0.0,0.10735201,-0.02189671,-0.039724123,0.022039935,0.0,0.0021315382,0.11083998,-0.00080880494,-0.62764114,-0.014920766,0.1187848,0.06237909,-0.8766435,0.07857928,-0.698145,0.34592402,0.12564835,-0.03545911,-0.6003123,0.2101571,-0.14584237,0.40407288,0.10062555,-0.27772874,-1.5706515,0.0057748593,0.071028665,0.00304031,-1.7903252,-0.2087918,0.5645901,0.091612734,0.0658183,0.019424925,-0.99764246,0.0,0.0,0.0,0.06907048,-0.06694001,-0.16636443,-0.016659975,-0.058007896,-0.13287461,0.06305039,0.008379161,-0.09338236,-0.021963716,0.028907418,-0.07426798,0.0056195096,-0.03623615,-0.013446382,0.11122753,-0.0027128668,-0.01685853,-0.03892374,0.0139518855,0.06258971,0.094562784,0.051460214,-0.6925561,0.0069759428,0.14959523,0.041350152,-0.8597849,0.13753906,-0.46092224,0.3874773,0.05855758,-0.076351404,-0.38202915,0.18889067,-0.08741055,0.34132302,0.15017846,-0.027880147,-1.7407695,-0.012346251,0.2957102,-0.12373139,-1.9661583,-0.6636597,1.1494201,0.04687163,0.04670783,0.012483563,-0.9988307,0.0,0.0,0.0,0.06443802,-0.05228567,-0.1528107,-0.015903115,-0.05167991,-0.12606621,0.05096966,-0.015782297,-0.09976435,-0.028988123,-0.0040042996,-0.0842042,0.0073634954,-0.07382873,-0.044686474,0.055807542,-0.0054257335,-0.037592582,-0.010312264,-0.071503416,0.012207901,0.0062008384,-0.010817767,-0.64217436,0.047281392,0.074797615,0.021635534,-0.8706364,0.27046472,-0.38708058,-0.29556915,0.37341937,-0.11267912,-0.61940217,0.20287907,-0.22621498,0.13362643,-0.10846646,-0.1451866,-1.727508,0.031391647,0.10098873,-0.041120242,-2.350382,-0.40160465,1.0897654,-0.05432848,0.02346038,0.0005917391,-0.9997246,0.0,0.0,0.0,0.05623281,-0.03520912,-0.13282752,-0.01941526,-0.029940665,-0.11462915,0.039524734,-0.01893115,-0.10722053,-0.03743553,-0.021444142,-0.10265505,0.025190905,-0.02344692,-0.061570283,0.06724034,0.013370558,0.04999426,-0.008694653,-0.07382873,0.015695872,0.021702934,0.03993475,-0.49916744,0.010076362,0.028678877,0.06308679,-0.72995496,0.3371332,-0.0025176182,-0.6432805,0.22493866,-0.08407226,-0.0054126754,-0.36119673,-0.38419032,-0.011910081,0.22666259,0.54383415,-1.7234831,0.11321005,0.04647621,0.50520045,-2.5699625,-0.121440135,-0.031957928,-0.031957928,0.010873094,-0.0058154487,-0.9999241,0.0,0.0,0.0,0.044848457,-0.042960167,-0.103271484,-0.021141052,-0.039780796,-0.09676278,0.032833397,-0.028619945,-0.1171726,-0.039524704,-0.02883184,-0.12033188,0.07441006,-0.056388874,-0.07693758,0.006007062,-0.015889648,-0.094562784,-0.06116588,-0.02189671,-0.0013564334,0.0062008384,0.013041981,-0.2253617,0.0081386,-0.0052319574,0.029218081,-0.32825688,0.29768768,-0.49706236,-0.6178283,0.0139521025,-0.12772988,-0.39002717,-0.4930055,-0.391857,-0.04544668,0.16912426,0.21369942,-1.4036633,0.06288377,-0.008148879,0.34614092,-1.9428403,0.064014,-0.12319668,-0.040769815,0.4463753,0.042902578,0.018670246,-0.0703762,-0.0065310188,0.33579344,0.23907726,-0.106338784,-1.3562125,-0.040461503,0.030392773,0.54738086,-1.4146004
1788699160.927596,157,0,-0.24714132,-0.11611381,0.075633764,0.06880723,0.018681891,-0.9974551,0.0,0.0,0.0,0.061894707,-0.085318446,-0.1646111,-0.019839168,-0.06155038,-0.1250236,0.0685609,0.07629168,-0.07543695,-0.024234533,0.10871899,-0.029214978,-0.0021315382,0.042824537,-0.010817767,0.16994172,0.014339439,0.105220474,0.0047517293,0.025772233,0.0077510476,0.086811736,0.031037891,-0.6136892,-0.0071697193,0.056776423,0.14032766,-0.65961415,0.064014,-0.12319668,-0.040769815,0.4463753,0.042902578,0.018670246,-0.0703762,-0.0065310188,0.33579344,0.23907726,-0.106338784,-1.3562125,-0.040461503,0.030392773,0.54738086,-1.4146004,0.0745685,-0.19920443,0.10865696,0.068943046,0.01693864,-0.9974768,0.0,0.0,0.0,0.0644683,-0.0832293,-0.16601706,-0.020202518,-0.06621313,-0.13556015,0.06822783,0.037082255,-0.077301025,-0.02365926,0.071689546,-0.057649493,-0.009882587,-0.05348223,0.0,0.10735201,-0.02189671,-0.039724123,0.022039935,0.0,0.0021315382,0.11083998,-0.00080880494,-0.62764114,-0.014920766,0.1187848,0.06237909,-0.8766435,0.07857928,-0.698145,0.34592402,0.12564835,-0.03545911,-0.6003123,0.2101571,-0.14584237,0.40407288,0.10062555,-0.27772874,-1.5706515,0.0057748593,0.071028665,0.00304031,-1.7903252,-0.2087918,0.5645901,0.091612734,0.0658183,0.019424925,-0.99764246,0.0,0.0,0.0,0.06907048,-0.06694001,-0.16636443,-0.016659975,-0.058007896,-0.13287461,0.06305039,0.008379161,-0.09338236,-0.021963716,0.028907418,-0.07426798,0.0056195096,-0.03623615,-0.013446382,0.11122753,-0.0027128668,-0.01685853,-0.03892374,0.0139518855,0.06258971,0.094562784,0.051460214,-0.6925561,0.0069759428,0.14959523,0.041350152,-0.8597849,0.13753906,-0.46092224,0.3874773,0.05855758,-0.076351404,-0.38202915,0.18889067,-0.08741055,0.34132302,0.15017846,-0.027880147,-1.7407695,-0.012346251,0.2957102,-0.12373139,-1.9661583,-0.6636597,1.1494201,0.04687163,0.04670783,0.012483563,-0.9988307,0.0,0.0,0.0,0.06443802,-0.05228567,-0.1528107,-0.015903115,-0.05167991,-0.12606621,0.05096966,-0.015782297,-0.09976435,-0.028988123,-0.0040042996,-0.0842042,0.0073634954,-0.07382873,-0.044686474,0.055807542,-0.0054257335,-0.037592582,-0.010312264,-0.071503416,0.012207901,0.0062008384,-0.010817767,-0.64217436,0.047281392,0.074797615,0.021635534,-0.8706364,0.27046472,-0.38708058,-0.29556915,0.37341937,-0.11267912,-0.61940217,0.20287907,-0.22621498,0.13362643,-0.10846646,-0.1451866,-1.727508,0.031391647,0.10098873,-0.041120242,-2.350382,-0.40160465,1.0897654,-0.05432848,0.02346038,0.0005917391,-0.9997246,0.0,0.0,0.0,0.05623281,-0.03520912,-0.13282752,-0.01941526,-0.029940665,-0.11462915,0.039524734,-0.01893115,-0.10722053,-0.03743553,-0.021444142,-0.10265505,0.025190905,-0.02344692,-0.061570283,0.06724034,0.013370558,0.04999426,-0.008694653,-0.07382873,0.015695872,0.021702934,0.03993475,-0.49916744,0.010076362,0.028678877,0.06308679,-0.72995496,0.3371332,-0.0025176182,-0.6432805,0.22493866,-0.08407226,-0.0054126754,-0.36119673,-0.38419032,-0.011910081,0.22666259,0.54383415,-1.7234831,0.11321005,0.04647621,0.50520045,-2.5699625,0.18357287,-0.28686833,-0.063285954,0.6836342,0.03103635,-0.12309534,-0.28486776,-0.04469242,0.2566157,0.06647704,-0.20599917,-0.94690937,-0.051743187,0.05918,0.4810213,-0.8684535
1788699160.9474845,158,0,-0.34408036,0.19813916,-0.08735167,0.070318356,0.026103657,-0.99718314,0.0,0.0,0.0,0.06910076,-0.10169858,-0.16663313,-0.0118762255,-0.06793898,-0.12718773,0.07243645,0.09990817,-0.059987545,-0.023205101,0.1214053,0.011951923,0.03100419,-0.0740225,0.003437421,0.14571969,0.01065769,-0.029260203,-0.013244182,-0.038949013,-0.013370558,0.04379342,0.035183016,-0.53753513,0.0015502096,0.01782741,0.07360125,-0.5656327,0.18357287,-0.28686833,-0.063285954,0.6836342,0.03103635,-0.12309534,-0.28486776,-0.04469242,0.2566157,0.06647704,-0.20599917,-0.94690937,-0.051743187,0.05918,0.4810213,-0.8684535,-0.24714132,-0.11611381,0.075633764,0.06880723,0.018681891,-0.9974551,0.0,0.0,0.0,0.061894707,-0.085318446,-0.1646111,-0.019839168,-0.06155038,-0.1250236,0.0685609,0.07629168,-0.07543695,-0.024234533,0.10871899,-0.029214978,-0.0021315382,0.042824537,-0.010817767,0.16994172,0.014339439,0.105220474,0.0047517293,0.025772233,0.0077510476,0.086811736,0.031037891,-0.6136892,-0.0071697193,0.056776423,0.14032766,-0.65961415,0.064014,-0.12319668,-0.040769815,0.4463753,0.042902578,0.018670246,-0.0703762,-0.0065310188,0.33579344,0.23907726,-0.106338784,-1.3562125,-0.040461503,0.030392773,0.54738086,-1.4146004,0.0745685,-0.19920443,0.10865696,0.068943046,0.01693864,-0.9974768,0.0,0.0,0.0,0.0644683,-0.0832293,-0.16601706,-0.020202518,-0.06621313,-0.13556015,0.06822783,0.037082255,-0.077301025,-0.02365926,0.071689546,-0.057649493,-0.009882587,-0.05348223,0.0,0.10735201,-0.02189671,-0.039724123,0.022039935,0.0,0.0021315382,0.11083998,-0.00080880494,-0.62764114,-0.014920766,0.1187848,0.06237909,-0.8766435,0.07857928,-0.698145,0.34592402,0.12564835,-0.03545911,-0.6003123,0.2101571,-0.14584237,0.40407288,0.10062555,-0.27772874,-1.5706515,0.0057748593,0.071028665,0.00304031,-1.7903252,-0.2087918,0.5645901,0.091612734,0.0658183,0.019424925,-0.99764246,0.0,0.0,0.0,0.06907048,-0.06694001,-0.16636443,-0.016659975,-0.058007896,-0.13287461,0.06305039,0.008379161,-0.09338236,-0.021963716,0.028907418,-0.07426798,0.0056195096,-0.03623615,-0.013446382,0.11122753,-0.0027128668,-0.01685853,-0.03892374,0.0139518855,0.06258971,0.094562784,0.051460214,-0.6925561,0.0069759428,0.14959523,0.041350152,-0.8597849,0.13753906,-0.46092224,0.3874773,0.05855758,-0.076351404,-0.38202915,0.18889067,-0.08741055,0.34132302,0.15017846,-0.027880147,-1.7407695,-0.012346251,0.2957102,-0.12373139,-1.9661583,-0.6636597,1.1494201,0.04687163,0.04670783,0.012483563,-0.9988307,0.0,0.0,0.0,0.06443802,-0.05228567,-0.1528107,-0.015903115,-0.05167991,-0.12606621,0.05096966,-0.015782297,-0.09976435,-0.028988123,-0.0040042996,-0.0842042,0.0073634954,-0.07382873,-0.044686474,0.055807542,-0.0054257335,-0.037592582,-0.010312264,-0.071503416,0.012207901,0.0062008384,-0.010817767,-0.64217436,0.047281392,0.074797615,0.021635534,-0.8706364,0.27046472,-0.38708058,-0.29556915,0.37341937,-0.11267912,-0.61940217,0.20287907,-0.22621498,0.13362643,-0.10846646,-0.1451866,-1.727508,0.031391647,0.10098873,-0.041120242,-2.350382,0.17807628,0.03942617,0.058047783,0.42884654,0.04780074,0.36907417,-0.27242705,-0.13708538,0.3721066,0.24846168,0.21755338,-0.88774055,0.09892816,0.72640514,0.43827894,-0.63028204
1788699160.9694448,159,0,0.08628641,0.3398193,-0.09800432,0.07873383,0.028756615,-0.99648076,0.0,0.0,0.0,0.072976284,-0.12050092,-0.16674364,-0.008485079,-0.070815265,-0.13277984,0.07276946,0.11071724,-0.050272465,-0.018088192,0.14060122,0.028143764,-0.0027128668,-0.050188035,-0.0020220126,0.1546334,0.0096888095,0.0021315382,-0.029116979,-0.03100419,0.040693004,0.014920766,0.07157924,-0.3770885,0.038949013,0.09572544,0.017187107,-0.33000085,0.17807628,0.03942617,0.058047783,0.42884654,0.04780074,0.36907417,-0.27242705,-0.13708538,0.3721066,0.24846168,0.21755338,-0.88774055,0.09892816,0.72640514,0.43827894,-0.63028204,-0.34408036,0.19813916,-0.08735167,0.070318356,0.026103657,-0.99718314,0.0,0.0,0.0,0.06910076,-0.10169858,-0.16663313,-0.0118762255,-0.06793898,-0.12718773,0.07243645,0.09990817,-0.059987545,-0.023205101,0.1214053,0.011951923,0.03100419,-0.0740225,0.003437421,0.14571969,0.01065769,-0.029260203,-0.013244182,-0.038949013,-0.013370558,0.04379342,0.035183016,-0.53753513,0.0015502096,0.01782741,0.07360125,-0.5656327,0.18357287,-0.28686833,-0.063285954,0.6836342,0.03103635,-0.12309534,-0.28486776,-0.04469242,0.2566157,0.06647704,-0.20599917,-0.94690937,-0.051743187,0.05918,0.4810213,-0.8684535,-0.24714132,-0.11611381,0.075633764,0.06880723,0.018681891,-0.9974551,0.0,0.0,0.0,0.061894707,-0.085318446,-0.1646111,-0.019839168,-0.06155038,-0.1250236,0.0685609,0.07629168,-0.07543695,-0.024234533,0.10871899,-0.029214978,-0.0021315382,0.042824537,-0.010817767,0.16994172,0.014339439,0.105220474,0.0047517293,0.025772233,0.0077510476,0.086811736,0.031037891,-0.6136892,-0.0071697193,0.056776423,0.14032766,-0.65961415,0.064014,-0.12319668,-0.040769815,0.4463753,0.042902578,0.018670246,-0.0703762,-0.0065310188,0.33579344,0.23907726,-0.106338784,-1.3562125,-0.040461503,0.030392773,0.54738086,-1.4146004,0.0745685,-0.19920443,0.10865696,0.068943046,0.01693864,-0.9974768,0.0,0.0,0.0,0.0644683,-0.0832293,-0.16601706,-0.020202518,-0.06621313,-0.13556015,0.06822783,0.037082255,-0.077301025,-0.02365926,0.071689546,-0.057649493,-0.009882587,-0.05348223,0.0,0.10735201,-0.02189671,-0.039724123,0.022039935,0.0,0.0021315382,0.11083998,-0.00080880494,-0.62764114,-0.014920766,0.1187848,0.06237909,-0.8766435,0.07857928,-0.698145,0.34592402,0.12564835,-0.03545911,-0.6003123,0.2101571,-0.14584237,0.40407288,0.10062555,-0.27772874,-1.5706515,0.0057748593,0.071028665,0.00304031,-1.7903252,-0.2087918,0.5645901,0.091612734,0.0658183,0.019424925,-0.99764246,0.0,0.0,0.0,0.06907048,-0.06694001,-0.16636443,-0.016659975,-0.058007896,-0.13287461,0.06305039,0.008379161,-0.09338236,-0.021963716,0.028907418,-0.07426798,0.0056195096,-0.03623615,-0.013446382,0.11122753,-0.0027128668,-0.01685853,-0.03892374,0.0139518855,0.06258971,0.094562784,0.051460214,-0.6925561,0.0069759428,0.14959523,0.041350152,-0.8597849,0.13753906,-0.46092224,0.3874773,0.05855758,-0.076351404,-0.38202915,0.18889067,-0.08741055,0.34132302,0.15017846,-0.027880147,-1.7407695,-0.012346251,0.2957102,-0.12373139,-1.9661583,0.1674151,-0.21572685,-0.5176038,0.43114218,-0.14185537,-0.1615902,0.47366735,-0.06919061,0.41510898,0.15773784,-0.22722708,-0.75633025,0.100346066,0.8394963,0.59553546,-0.2579936
1788699160.9888256,160,0,0.026631609,-0.20985708,0.0021305287,0.078196056,0.028636308,-0.9965269,0.0,0.0,0.0,0.072855175,-0.13642693,-0.17258859,-0.013026714,-0.06966478,-0.14048874,0.07870388,0.12019408,-0.027935505,-0.017664313,0.16019076,0.028838873,-0.008526153,-0.037980136,-0.06814182,0.095144115,-0.051738244,-0.02499713,0.057526257,-0.08254866,0.0062008384,0.044568524,-0.00798695,-0.35422286,-0.0013564334,0.08002957,0.009503459,-0.27051157,0.1674151,-0.21572685,-0.5176038,0.43114218,-0.14185537,-0.1615902,0.47366735,-0.06919061,0.41510898,0.15773784,-0.22722708,-0.75633025,0.100346066,0.8394963,0.59553546,-0.2579936,0.08628641,0.3398193,-0.09800432,0.07873383,0.028756615,-0.99648076,0.0,0.0,0.0,0.072976284,-0.12050092,-0.16674364,-0.008485079,-0.070815265,-0.13277984,0.07276946,0.11071724,-0.050272465,-0.018088192,0.14060122,0.028143764,-0.0027128668,-0.050188035,-0.0020220126,0.1546334,0.0096888095,0.0021315382,-0.029116979,-0.03100419,0.040693004,0.014920766,0.07157924,-0.3770885,0.038949013,0.09572544,0.017187107,-0.33000085,0.17807628,0.03942617,0.058047783,0.42884654,0.04780074,0.36907417,-0.27242705,-0.13708538,0.3721066,0.24846168,0.21755338,-0.88774055,0.09892816,0.72640514,0.43827894,-0.63028204,-0.34408036,0.19813916,-0.08735167,0.070318356,0.026103657,-0.99718314,0.0,0.0,0.0,0.06910076,-0.10169858,-0.16663313,-0.0118762255,-0.06793898,-0.12718773,0.07243645,0.09990817,-0.059987545,-0.023205101,0.1214053,0.011951923,0.03100419,-0.0740225,0.003437421,0.14571969,0.01065769,-0.029260203,-0.013244182,-0.038949013,-0.013370558,0.04379342,0.035183016,-0.53753513,0.0015502096,0.01782741,0.07360125,-0.5656327,0.18357287,-0.28686833,-0.063285954,0.6836342,0.03103635,-0.12309534,-0.28486776,-0.04469242,0.2566157,0.06647704,-0.20599917,-0.94690937,-0.051743187,0.05918,0.4810213,-0.8684535,-0.24714132,-0.11611381,0.075633764,0.06880723,0.018681891,-0.9974551,0.0,0.0,0.0,0.061894707,-0.085318446,-0.1646111,-0.019839168,-0.06155038,-0.1250236,0.0685609,0.07629168,-0.07543695,-0.024234533,0.10871899,-0.029214978,-0.0021315382,0.042824537,-0.010817767,0.16994172,0.014339439,0.105220474,0.0047517293,0.025772233,0.0077510476,0.086811736,0.031037891,-0.6136892,-0.0071697193,0.056776423,0.14032766,-0.65961415,0.064014,-0.12319668,-0.040769815,0.4463753,0.042902578,0.018670246,-0.0703762,-0.0065310188,0.33579344,0.23907726,-0.106338784,-1.3562125,-0.040461503,0.030392773,0.54738086,-1.4146004,0.0745685,-0.19920443,0.10865696,0.068943046,0.01693864,-0.9974768,0.0,0.0,0.0,0.0644683,-0.0832293,-0.16601706,-0.020202518,-0.06621313,-0.13556015,0.06822783,0.037082255,-0.077301025,-0.02365926,0.071689546,-0.057649493,-0.009882587,-0.05348223,0.0,0.10735201,-0.02189671,-0.039724123,0.022039935,0.0,0.0021315382,0.11083998,-0.00080880494,-0.62764114,-0.014920766,0.1187848,0.06237909,-0.8766435,0.07857928,-0.698145,0.34592402,0.12564835,-0.03545911,-0.6003123,0.2101571,-0.14584237,0.40407288,0.10062555,-0.27772874,-1.5706515,0.0057748593,0.071028665,0.00304031,-1.7903252,0.24306996,-0.21626627,-0.19427241,0.17724268,-0.021911914,-0.17837891,0.17776626,0.0056594424,0.37904978,0.32240158,0.19047299,-0.89300287,0.089789264,0.66392833,0.48032072,-0.095599286
1788699161.0076046,161,0,-0.7552724,-0.1906823,0.29614347,0.07509144,0.036217146,-0.9965188,0.0,0.0,0.0,0.074823216,-0.13800132,-0.19081819,-0.018325329,-0.06818116,-0.12385464,0.08524382,0.14756495,-0.04426956,-0.011094093,0.17502677,0.028507113,0.034879714,-0.0042630765,-0.0044484274,0.07867313,0.038755238,0.0017439857,-0.015468395,-0.031197965,0.031779297,0.079835795,-0.017187107,-0.26741114,0.03100419,-0.019958949,-0.0052572326,-0.1815683,0.24306996,-0.21626627,-0.19427241,0.17724268,-0.021911914,-0.17837891,0.17776626,0.0056594424,0.37904978,0.32240158,0.19047299,-0.89300287,0.089789264,0.66392833,0.48032072,-0.095599286,0.026631609,-0.20985708,0.0021305287,0.078196056,0.028636308,-0.9965269,0.0,0.0,0.0,0.072855175,-0.13642693,-0.17258859,-0.013026714,-0.06966478,-0.14048874,0.07870388,0.12019408,-0.027935505,-0.017664313,0.16019076,0.028838873,-0.008526153,-0.037980136,-0.06814182,0.095144115,-0.051738244,-0.02499713,0.057526257,-0.08254866,0.0062008384,0.044568524,-0.00798695,-0.35422286,-0.0013564334,0.08002957,0.009503459,-0.27051157,0.1674151,-0.21572685,-0.5176038,0.43114218,-0.14185537,-0.1615902,0.47366735,-0.06919061,0.41510898,0.15773784,-0.22722708,-0.75633025,0.100346066,0.8394963,0.59553546,-0.2579936,0.08628641,0.3398193,-0.09800432,0.07873383,0.028756615,-0.99648076,0.0,0.0,0.0,0.072976284,-0.12050092,-0.16674364,-0.008485079,-0.070815265,-0.13277984,0.07276946,0.11071724,-0.050272465,-0.018088192,0.14060122,0.028143764,-0.0027128668,-0.050188035,-0.0020220126,0.1546334,0.0096888095,0.0021315382,-0.029116979,-0.03100419,0.040693004,0.014920766,0.07157924,-0.3770885,0.038949013,0.09572544,0.017187107,-0.33000085,0.17807628,0.03942617,0.058047783,0.42884654,0.04780074,0.36907417,-0.27242705,-0.13708538,0.3721066,0.24846168,0.21755338,-0.88774055,0.09892816,0.72640514,0.43827894,-0.63028204,-0.34408036,0.19813916,-0.08735167,0.070318356,0.026103657,-0.99718314,0.0,0.0,0.0,0.06910076,-0.10169858,-0.16663313,-0.0118762255,-0.06793898,-0.12718773,0.07243645,0.09990817,-0.059987545,-0.023205101,0.1214053,0.011951923,0.03100419,-0.0740225,0.003437421,0.14571969,0.01065769,-0.029260203,-0.013244182,-0.038949013,-0.013370558,0.04379342,0.035183016,-0.53753513,0.0015502096,0.01782741,0.07360125,-0.5656327,0.18357287,-0.28686833,-0.063285954,0.6836342,0.03103635,-0.12309534,-0.28486776,-0.04469242,0.2566157,0.06647704,-0.20599917,-0.94690937,-0.051743187,0.05918,0.4810213,-0.8684535,-0.24714132,-0.11611381,0.075633764,0.06880723,0.018681891,-0.9974551,0.0,0.0,0.0,0.061894707,-0.085318446,-0.1646111,-0.019839168,-0.06155038,-0.1250236,0.0685609,0.07629168,-0.07543695,-0.024234533,0.10871899,-0.029214978,-0.0021315382,0.042824537,-0.010817767,0.16994172,0.014339439,0.105220474,0.0047517293,0.025772233,0.0077510476,0.086811736,0.031037891,-0.6136892,-0.0071697193,0.056776423,0.14032766,-0.65961415,0.064014,-0.12319668,-0.040769815,0.4463753,0.042902578,0.018670246,-0.0703762,-0.0065310188,0.33579344,0.23907726,-0.106338784,-1.3562125,-0.040461503,0.030392773,0.54738086,-1.4146004,0.41366503,-0.04351477,0.40929368,0.22326449,0.08978642,-0.30078426,-0.2562561,-0.19169006,0.19622622,0.8508117,0.22802593,-0.6700036,-0.10200467,0.3394655,0.6529218,-0.25511754
1788699161.0275896,162,0,-0.35579827,0.064981125,0.27270767,0.0740287,0.048660785,-0.9960683,0.0,0.0,0.0,0.09059781,-0.143421,-0.18372536,-0.007122636,-0.07142085,-0.1295731,0.09154153,0.17814529,-0.040794253,-0.0063102543,0.17705536,0.030228972,0.037592582,-0.013564333,0.02547736,0.0081386,0.0054257335,-0.013176781,-0.025578458,-0.0096888095,-0.0015502096,0.10386404,-0.015266194,-0.25210282,-0.03061664,0.0069759428,0.0159739,-0.1375811,0.41366503,-0.04351477,0.40929368,0.22326449,0.08978642,-0.30078426,-0.2562561,-0.19169006,0.19622622,0.8508117,0.22802593,-0.6700036,-0.10200467,0.3394655,0.6529218,-0.25511754,-0.7552724,-0.1906823,0.29614347,0.07509144,0.036217146,-0.9965188,0.0,0.0,0.0,0.074823216,-0.13800132,-0.19081819,-0.018325329,-0.06818116,-0.12385464,0.08524382,0.14756495,-0.04426956,-0.011094093,0.17502677,0.028507113,0.034879714,-0.0042630765,-0.0044484274,0.07867313,0.038755238,0.0017439857,-0.015468395,-0.031197965,0.031779297,0.079835795,-0.017187107,-0.26741114,0.03100419,-0.019958949,-0.0052572326,-0.1815683,0.24306996,-0.21626627,-0.19427241,0.17724268,-0.021911914,-0.17837891,0.17776626,0.0056594424,0.37904978,0.32240158,0.19047299,-0.89300287,0.089789264,0.66392833,0.48032072,-0.095599286,0.026631609,-0.20985708,0.0021305287,0.078196056,0.028636308,-0.9965269,0.0,0.0,0.0,0.072855175,-0.13642693,-0.17258859,-0.013026714,-0.06966478,-0.14048874,0.07870388,0.12019408,-0.027935505,-0.017664313,0.16019076,0.028838873,-0.008526153,-0.037980136,-0.06814182,0.095144115,-0.051738244,-0.02499713,0.057526257,-0.08254866,0.0062008384,0.044568524,-0.00798695,-0.35422286,-0.0013564334,0.08002957,0.009503459,-0.27051157,0.1674151,-0.21572685,-0.5176038,0.43114218,-0.14185537,-0.1615902,0.47366735,-0.06919061,0.41510898,0.15773784,-0.22722708,-0.75633025,0.100346066,0.8394963,0.59553546,-0.2579936,0.08628641,0.3398193,-0.09800432,0.07873383,0.028756615,-0.99648076,0.0,0.0,0.0,0.072976284,-0.12050092,-0.16674364,-0.008485079,-0.070815265,-0.13277984,0.07276946,0.11071724,-0.050272465,-0.018088192,0.14060122,0.028143764,-0.0027128668,-0.050188035,-0.0020220126,0.1546334,0.0096888095,0.0021315382,-0.029116979,-0.03100419,0.040693004,0.014920766,0.07157924,-0.3770885,0.038949013,0.09572544,0.017187107,-0.33000085,0.17807628,0.03942617,0.058047783,0.42884654,0.04780074,0.36907417,-0.27242705,-0.13708538,0.3721066,0.24846168,0.21755338,-0.88774055,0.09892816,0.72640514,0.43827894,-0.63028204,-0.34408036,0.19813916,-0.08735167,0.070318356,0.026103657,-0.99718314,0.0,0.0,0.0,0.06910076,-0.10169858,-0.16663313,-0.0118762255,-0.06793898,-0.12718773,0.07243645,0.09990817,-0.059987545,-0.023205101,0.1214053,0.011951923,0.03100419,-0.0740225,0.003437421,0.14571969,0.01065769,-0.029260203,-0.013244182,-0.038949013,-0.013370558,0.04379342,0.035183016,-0.53753513,0.0015502096,0.01782741,0.07360125,-0.5656327,0.18357287,-0.28686833,-0.063285954,0.6836342,0.03103635,-0.12309534,-0.28486776,-0.04469242,0.2566157,0.06647704,-0.20599917,-0.94690937,-0.051743187,0.05918,0.4810213,-0.8684535,0.4207248,-0.5245026,0.93267095,0.023450036,0.12807813,-0.17661923,-0.2549636,-0.40082687,0.232219,0.83567697,-0.006407833,-0.5637425,-0.07702378,0.39970315,0.5946886,-0.40352356
1788699161.0484416,163,0,0.21518339,0.01704423,-0.11398328,0.07391883,0.046345063,-0.9961868,0.0,0.0,0.0,0.095381655,-0.1584084,-0.1788441,-0.009090662,-0.06999785,-0.13293779,0.08936155,0.19340515,-0.043764114,-0.009519666,0.17947757,0.03125584,-0.0001937762,-0.020346502,0.047820598,-0.0048444048,0.0,-0.011820348,-0.009503459,-0.04127433,-0.016470976,0.039336566,-0.011626572,-0.32593155,-0.0044568526,0.00096888095,0.0010110063,-0.11665326,0.4207248,-0.5245026,0.93267095,0.023450036,0.12807813,-0.17661923,-0.2549636,-0.40082687,0.232219,0.83567697,-0.006407833,-0.5637425,-0.07702378,0.39970315,0.5946886,-0.40352356,-0.35579827,0.064981125,0.27270767,0.0740287,0.048660785,-0.9960683,0.0,0.0,0.0,0.09059781,-0.143421,-0.18372536,-0.007122636,-0.07142085,-0.1295731,0.09154153,0.17814529,-0.040794253,-0.0063102543,0.17705536,0.030228972,0.037592582,-0.013564333,0.02547736,0.0081386,0.0054257335,-0.013176781,-0.025578458,-0.0096888095,-0.0015502096,0.10386404,-0.015266194,-0.25210282,-0.03061664,0.0069759428,0.0159739,-0.1375811,0.41366503,-0.04351477,0.40929368,0.22326449,0.08978642,-0.30078426,-0.2562561,-0.19169006,0.19622622,0.8508117,0.22802593,-0.6700036,-0.10200467,0.3394655,0.6529218,-0.25511754,-0.7552724,-0.1906823,0.29614347,0.07509144,0.036217146,-0.9965188,0.0,0.0,0.0,0.074823216,-0.13800132,-0.19081819,-0.018325329,-0.06818116,-0.12385464,0.08524382,0.14756495,-0.04426956,-0.011094093,0.17502677,0.028507113,0.034879714,-0.0042630765,-0.0044484274,0.07867313,0.038755238,0.0017439857,-0.015468395,-0.031197965,0.031779297,0.079835795,-0.017187107,-0.26741114,0.03100419,-0.019958949,-0.0052572326,-0.1815683,0.24306996,-0.21626627,-0.19427241,0.17724268,-0.021911914,-0.17837891,0.17776626,0.0056594424,0.37904978,0.32240158,0.19047299,-0.89300287,0.089789264,0.66392833,0.48032072,-0.095599286,0.026631609,-0.20985708,0.0021305287,0.078196056,0.028636308,-0.9965269,0.0,0.0,0.0,0.072855175,-0.13642693,-0.17258859,-0.013026714,-0.06966478,-0.14048874,0.07870388,0.12019408,-0.027935505,-0.017664313,0.16019076,0.028838873,-0.008526153,-0.037980136,-0.06814182,0.095144115,-0.051738244,-0.02499713,0.057526257,-0.08254866,0.0062008384,0.044568524,-0.00798695,-0.35422286,-0.0013564334,0.08002957,0.009503459,-0.27051157,0.1674151,-0.21572685,-0.5176038,0.43114218,-0.14185537,-0.1615902,0.47366735,-0.06919061,0.41510898,0.15773784,-0.22722708,-0.75633025,0.100346066,0.8394963,0.59553546,-0.2579936,0.08628641,0.3398193,-0.09800432,0.07873383,0.028756615,-0.99648076,0.0,0.0,0.0,0.072976284,-0.12050092,-0.16674364,-0.008485079,-0.070815265,-0.13277984,0.07276946,0.11071724,-0.050272465,-0.018088192,0.14060122,0.028143764,-0.0027128668,-0.050188035,-0.0020220126,0.1546334,0.0096888095,0.0021315382,-0.029116979,-0.03100419,0.040693004,0.014920766,0.07157924,-0.3770885,0.038949013,0.09572544,0.017187107,-0.33000085,0.17807628,0.03942617,0.058047783,0.42884654,0.04780074,0.36907417,-0.27242705,-0.13708538,0.3721066,0.24846168,0.21755338,-0.88774055,0.09892816,0.72640514,0.43827894,-0.63028204,0.30989397,-0.92469573,0.26672566,-0.106959745,-0.07127251,-0.13020986,0.33526626,-0.5736619,0.3396536,0.5736135,-0.17335798,-0.551579,-0.00023429841,0.8379894,0.8041955,-0.2726025
1788699161.0674586,164,0,0.19494337,-0.23755394,-0.49960896,0.07088722,0.04365914,-0.9965287,0.0,0.0,0.0,0.09380723,-0.17711991,-0.16849709,-0.013299227,-0.06881696,-0.12807238,0.08518326,0.20463812,-0.04493308,-0.011548251,0.1915583,0.033388376,-0.03216685,-0.09165614,-0.014659591,0.039530348,-0.026353562,0.0027128668,0.06824292,-0.12905495,0.0054257335,0.01724608,-0.014962892,-0.27322444,0.0,0.059295516,0.0164794,-0.118203476,0.30989397,-0.92469573,0.26672566,-0.106959745,-0.07127251,-0.13020986,0.33526626,-0.5736619,0.3396536,0.5736135,-0.17335798,-0.551579,-0.00023429841,0.8379894,0.8041955,-0.2726025,0.21518339,0.01704423,-0.11398328,0.07391883,0.046345063,-0.9961868,0.0,0.0,0.0,0.095381655,-0.1584084,-0.1788441,-0.009090662,-0.06999785,-0.13293779,0.08936155,0.19340515,-0.043764114,-0.009519666,0.17947757,0.03125584,-0.0001937762,-0.020346502,0.047820598,-0.0048444048,0.0,-0.011820348,-0.009503459,-0.04127433,-0.016470976,0.039336566,-0.011626572,-0.32593155,-0.0044568526,0.00096888095,0.0010110063,-0.11665326,0.4207248,-0.5245026,0.93267095,0.023450036,0.12807813,-0.17661923,-0.2549636,-0.40082687,0.232219,0.83567697,-0.006407833,-0.5637425,-0.07702378,0.39970315,0.5946886,-0.40352356,-0.35579827,0.064981125,0.27270767,0.0740287,0.048660785,-0.9960683,0.0,0.0,0.0,0.09059781,-0.143421,-0.18372536,-0.007122636,-0.07142085,-0.1295731,0.09154153,0.17814529,-0.040794253,-0.0063102543,0.17705536,0.030228972,0.037592582,-0.013564333,0.02547736,0.0081386,0.0054257335,-0.013176781,-0.025578458,-0.0096888095,-0.0015502096,0.10386404,-0.015266194,-0.25210282,-0.03061664,0.0069759428,0.0159739,-0.1375811,0.41366503,-0.04351477,0.40929368,0.22326449,0.08978642,-0.30078426,-0.2562561,-0.19169006,0.19622622,0.8508117,0.22802593,-0.6700036,-0.10200467,0.3394655,0.6529218,-0.25511754,-0.7552724,-0.1906823,0.29614347,0.07509144,0.036217146,-0.9965188,0.0,0.0,0.0,0.074823216,-0.13800132,-0.19081819,-0.018325329,-0.06818116,-0.12385464,0.08524382,0.14756495,-0.04426956,-0.011094093,0.17502677,0.028507113,0.034879714,-0.0042630765,-0.0044484274,0.07867313,0.038755238,0.0017439857,-0.015468395,-0.031197965,0.031779297,0.079835795,-0.017187107,-0.26741114,0.03100419,-0.019958949,-0.0052572326,-0.1815683,0.24306996,-0.21626627,-0.19427241,0.17724268,-0.021911914,-0.17837891,0.17776626,0.0056594424,0.37904978,0.32240158,0.19047299,-0.89300287,0.089789264,0.66392833,0.48032072,-0.095599286,0.026631609,-0.20985708,0.0021305287,0.078196056,0.028636308,-0.9965269,0.0,0.0,0.0,0.072855175,-0.13642693,-0.17258859,-0.013026714,-0.06966478,-0.14048874,0.07870388,0.12019408,-0.027935505,-0.017664313,0.16019076,0.028838873,-0.008526153,-0.037980136,-0.06814182,0.095144115,-0.051738244,-0.02499713,0.057526257,-0.08254866,0.0062008384,0.044568524,-0.00798695,-0.35422286,-0.0013564334,0.08002957,0.009503459,-0.27051157,0.1674151,-0.21572685,-0.5176038,0.43114218,-0.14185537,-0.1615902,0.47366735,-0.06919061,0.41510898,0.15773784,-0.22722708,-0.75633025,0.100346066,0.8394963,0.59553546,-0.2579936,0.18554331,-0.7387754,-0.37604985,-0.21342163,-0.103705764,0.0462052,0.7832953,-0.31400552,0.5113565,0.028184827,0.34832874,-0.53511053,0.1461957,1.424947,0.5805593,0.032901853
1788699161.0873675,165,0,-0.009587379,-0.33555827,-0.09906958,0.06518128,0.04542885,-0.9968389,0.0,0.0,0.0,0.0902042,-0.1807532,-0.1633631,-0.016417742,-0.06630397,-0.10439277,0.09453905,0.21051198,-0.03366983,-0.009095788,0.21608311,0.03261435,0.0005813286,-0.0031004192,-0.009806761,0.022284262,-0.011626572,0.0054257335,0.049033802,-0.1660662,0.044762302,-0.0063946145,0.112019494,-0.17032929,0.022090487,0.05406356,-0.015063993,-0.1131653,0.18554331,-0.7387754,-0.37604985,-0.21342163,-0.103705764,0.0462052,0.7832953,-0.31400552,0.5113565,0.028184827,0.34832874,-0.53511053,0.1461957,1.424947,0.5805593,0.032901853,0.19494337,-0.23755394,-0.49960896,0.07088722,0.04365914,-0.9965287,0.0,0.0,0.0,0.09380723,-0.17711991,-0.16849709,-0.013299227,-0.06881696,-0.12807238,0.08518326,0.20463812,-0.04493308,-0.011548251,0.1915583,0.033388376,-0.03216685,-0.09165614,-0.014659591,0.039530348,-0.026353562,0.0027128668,0.06824292,-0.12905495,0.0054257335,0.01724608,-0.014962892,-0.27322444,0.0,0.059295516,0.0164794,-0.118203476,0.30989397,-0.92469573,0.26672566,-0.106959745,-0.07127251,-0.13020986,0.33526626,-0.5736619,0.3396536,0.5736135,-0.17335798,-0.551579,-0.00023429841,0.8379894,0.8041955,-0.2726025,0.21518339,0.01704423,-0.11398328,0.07391883,0.046345063,-0.9961868,0.0,0.0,0.0,0.095381655,-0.1584084,-0.1788441,-0.009090662,-0.06999785,-0.13293779,0.08936155,0.19340515,-0.043764114,-0.009519666,0.17947757,0.03125584,-0.0001937762,-0.020346502,0.047820598,-0.0048444048,0.0,-0.011820348,-0.009503459,-0.04127433,-0.016470976,0.039336566,-0.011626572,-0.32593155,-0.0044568526,0.00096888095,0.0010110063,-0.11665326,0.4207248,-0.5245026,0.93267095,0.023450036,0.12807813,-0.17661923,-0.2549636,-0.40082687,0.232219,0.83567697,-0.006407833,-0.5637425,-0.07702378,0.39970315,0.5946886,-0.40352356,-0.35579827,0.064981125,0.27270767,0.0740287,0.048660785,-0.9960683,0.0,0.0,0.0,0.09059781,-0.143421,-0.18372536,-0.007122636,-0.07142085,-0.1295731,0.09154153,0.17814529,-0.040794253,-0.0063102543,0.17705536,0.030228972,0.037592582,-0.013564333,0.02547736,0.0081386,0.0054257335,-0.013176781,-0.025578458,-0.0096888095,-0.0015502096,0.10386404,-0.015266194,-0.25210282,-0.03061664,0.0069759428,0.0159739,-0.1375811,0.41366503,-0.04351477,0.40929368,0.22326449,0.08978642,-0.30078426,-0.2562561,-0.19169006,0.19622622,0.8508117,0.22802593,-0.6700036,-0.10200467,0.3394655,0.6529218,-0.25511754,-0.7552724,-0.1906823,0.29614347,0.07509144,0.036217146,-0.9965188,0.0,0.0,0.0,0.074823216,-0.13800132,-0.19081819,-0.018325329,-0.06818116,-0.12385464,0.08524382,0.14756495,-0.04426956,-0.011094093,0.17502677,0.028507113,0.034879714,-0.0042630765,-0.0044484274,0.07867313,0.038755238,0.0017439857,-0.015468395,-0.031197965,0.031779297,0.079835795,-0.017187107,-0.26741114,0.03100419,-0.019958949,-0.0052572326,-0.1815683,0.24306996,-0.21626627,-0.19427241,0.17724268,-0.021911914,-0.17837891,0.17776626,0.0056594424,0.37904978,0.32240158,0.19047299,-0.89300287,0.089789264,0.66392833,0.48032072,-0.095599286,0.21498248,-0.29245397,-0.34574264,-0.5078022,-0.08530837,-0.49509045,0.64188987,-0.34230977,0.36427534,0.2843309,0.3006197,-0.7194798,-0.008979319,0.8954816,0.5231879,-0.04712882
1788699161.1073961,166,0,-0.09480853,-0.10972223,0.5166532,0.061367184,0.0469566,-0.99701035,0.0,0.0,0.0,0.084572576,-0.17333522,-0.16249418,-0.019142747,-0.08050412,-0.08568907,0.09653735,0.2077567,-0.012264967,-0.007612169,0.22029167,0.03258276,-0.0081386,-0.018021187,0.00808805,-0.107158236,-0.014145662,-0.04514985,0.051359117,-0.14591347,-0.013176781,-0.0001937762,0.010312264,-0.15812139,-0.0003875524,0.0048444048,0.028308174,-0.08739306,0.21498248,-0.29245397,-0.34574264,-0.5078022,-0.08530837,-0.49509045,0.64188987,-0.34230977,0.36427534,0.2843309,0.3006197,-0.7194798,-0.008979319,0.8954816,0.5231879,-0.04712882,-0.009587379,-0.33555827,-0.09906958,0.06518128,0.04542885,-0.9968389,0.0,0.0,0.0,0.0902042,-0.1807532,-0.1633631,-0.016417742,-0.06630397,-0.10439277,0.09453905,0.21051198,-0.03366983,-0.009095788,0.21608311,0.03261435,0.0005813286,-0.0031004192,-0.009806761,0.022284262,-0.011626572,0.0054257335,0.049033802,-0.1660662,0.044762302,-0.0063946145,0.112019494,-0.17032929,0.022090487,0.05406356,-0.015063993,-0.1131653,0.18554331,-0.7387754,-0.37604985,-0.21342163,-0.103705764,0.0462052,0.7832953,-0.31400552,0.5113565,0.028184827,0.34832874,-0.53511053,0.1461957,1.424947,0.5805593,0.032901853,0.19494337,-0.23755394,-0.49960896,0.07088722,0.04365914,-0.9965287,0.0,0.0,0.0,0.09380723,-0.17711991,-0.16849709,-0.013299227,-0.06881696,-0.12807238,0.08518326,0.20463812,-0.04493308,-0.011548251,0.1915583,0.033388376,-0.03216685,-0.09165614,-0.014659591,0.039530348,-0.026353562,0.0027128668,0.06824292,-0.12905495,0.0054257335,0.01724608,-0.014962892,-0.27322444,0.0,0.059295516,0.0164794,-0.118203476,0.30989397,-0.92469573,0.26672566,-0.106959745,-0.07127251,-0.13020986,0.33526626,-0.5736619,0.3396536,0.5736135,-0.17335798,-0.551579,-0.00023429841,0.8379894,0.8041955,-0.2726025,0.21518339,0.01704423,-0.11398328,0.07391883,0.046345063,-0.9961868,0.0,0.0,0.0,0.095381655,-0.1584084,-0.1788441,-0.009090662,-0.06999785,-0.13293779,0.08936155,0.19340515,-0.043764114,-0.009519666,0.17947757,0.03125584,-0.0001937762,-0.020346502,0.047820598,-0.0048444048,0.0,-0.011820348,-0.009503459,-0.04127433,-0.016470976,0.039336566,-0.011626572,-0.32593155,-0.0044568526,0.00096888095,0.0010110063,-0.11665326,0.4207248,-0.5245026,0.93267095,0.023450036,0.12807813,-0.17661923,-0.2549636,-0.40082687,0.232219,0.83567697,-0.006407833,-0.5637425,-0.07702378,0.39970315,0.5946886,-0.40352356,-0.35579827,0.064981125,0.27270767,0.0740287,0.048660785,-0.9960683,0.0,0.0,0.0,0.09059781,-0.143421,-0.18372536,-0.007122636,-0.07142085,-0.1295731,0.09154153,0.17814529,-0.040794253,-0.0063102543,0.17705536,0.030228972,0.037592582,-0.013564333,0.02547736,0.0081386,0.0054257335,-0.013176781,-0.025578458,-0.0096888095,-0.0015502096,0.10386404,-0.015266194,-0.25210282,-0.03061664,0.0069759428,0.0159739,-0.1375811,0.41366503,-0.04351477,0.40929368,0.22326449,0.08978642,-0.30078426,-0.2562561,-0.19169006,0.19622622,0.8508117,0.22802593,-0.6700036,-0.10200467,0.3394655,0.6529218,-0.25511754,0.3741143,-0.07814809,0.42541176,-0.77182966,0.11431092,-0.5154925,-0.03871988,-0.46297425,0.11063643,1.2910657,0.31787044,-0.9213824,-0.25216326,0.39600688,0.5935335,-0.4003381
1788699161.1274533,167,0,0.09906958,0.011717907,0.48469526,0.06244301,0.045918237,-0.9969919,0.0,0.0,0.0,0.08433036,-0.16873306,-0.15178394,-0.026833296,-0.08440989,-0.07494712,0.08848351,0.23349261,-0.006909728,-0.013274074,0.20948261,0.048269153,0.022090487,0.010076362,0.075218864,-0.2784564,-0.0021315382,-0.011820348,-0.02102893,-0.07092209,-0.0069759428,0.0691781,0.017995913,-0.28349456,-0.033329505,-0.03061664,0.07602767,-0.1505641,0.3741143,-0.07814809,0.42541176,-0.77182966,0.11431092,-0.5154925,-0.03871988,-0.46297425,0.11063643,1.2910657,0.31787044,-0.9213824,-0.25216326,0.39600688,0.5935335,-0.4003381,-0.09480853,-0.10972223,0.5166532,0.061367184,0.0469566,-0.99701035,0.0,0.0,0.0,0.084572576,-0.17333522,-0.16249418,-0.019142747,-0.08050412,-0.08568907,0.09653735,0.2077567,-0.012264967,-0.007612169,0.22029167,0.03258276,-0.0081386,-0.018021187,0.00808805,-0.107158236,-0.014145662,-0.04514985,0.051359117,-0.14591347,-0.013176781,-0.0001937762,0.010312264,-0.15812139,-0.0003875524,0.0048444048,0.028308174,-0.08739306,0.21498248,-0.29245397,-0.34574264,-0.5078022,-0.08530837,-0.49509045,0.64188987,-0.34230977,0.36427534,0.2843309,0.3006197,-0.7194798,-0.008979319,0.8954816,0.5231879,-0.04712882,-0.009587379,-0.33555827,-0.09906958,0.06518128,0.04542885,-0.9968389,0.0,0.0,0.0,0.0902042,-0.1807532,-0.1633631,-0.016417742,-0.06630397,-0.10439277,0.09453905,0.21051198,-0.03366983,-0.009095788,0.21608311,0.03261435,0.0005813286,-0.0031004192,-0.009806761,0.022284262,-0.011626572,0.0054257335,0.049033802,-0.1660662,0.044762302,-0.0063946145,0.112019494,-0.17032929,0.022090487,0.05406356,-0.015063993,-0.1131653,0.18554331,-0.7387754,-0.37604985,-0.21342163,-0.103705764,0.0462052,0.7832953,-0.31400552,0.5113565,0.028184827,0.34832874,-0.53511053,0.1461957,1.424947,0.5805593,0.032901853,0.19494337,-0.23755394,-0.49960896,0.07088722,0.04365914,-0.9965287,0.0,0.0,0.0,0.09380723,-0.17711991,-0.16849709,-0.013299227,-0.06881696,-0.12807238,0.08518326,0.20463812,-0.04493308,-0.011548251,0.1915583,0.033388376,-0.03216685,-0.09165614,-0.014659591,0.039530348,-0.026353562,0.0027128668,0.06824292,-0.12905495,0.0054257335,0.01724608,-0.014962892,-0.27322444,0.0,0.059295516,0.0164794,-0.118203476,0.30989397,-0.92469573,0.26672566,-0.106959745,-0.07127251,-0.13020986,0.33526626,-0.5736619,0.3396536,0.5736135,-0.17335798,-0.551579,-0.00023429841,0.8379894,0.8041955,-0.2726025,0.21518339,0.01704423,-0.11398328,0.07391883,0.046345063,-0.9961868,0.0,0.0,0.0,0.095381655,-0.1584084,-0.1788441,-0.009090662,-0.06999785,-0.13293779,0.08936155,0.19340515,-0.043764114,-0.009519666,0.17947757,0.03125584,-0.0001937762,-0.020346502,0.047820598,-0.0048444048,0.0,-0.011820348,-0.009503459,-0.04127433,-0.016470976,0.039336566,-0.011626572,-0.32593155,-0.0044568526,0.00096888095,0.0010110063,-0.11665326,0.4207248,-0.5245026,0.93267095,0.023450036,0.12807813,-0.17661923,-0.2549636,-0.40082687,0.232219,0.83567697,-0.006407833,-0.5637425,-0.07702378,0.39970315,0.5946886,-0.40352356,0.43786874,-0.572629,0.7452938,-0.7250181,0.038303826,-0.4838414,-0.16306365,-0.60498494,0.10177599,1.236744,0.16300753,-0.8165941,-0.19347705,0.25359365,0.6965557,-0.5741755
1788699161.1476312,168,0,0.2716424,-0.19281285,-0.17044228,0.058692757,0.041547768,-0.99741125,0.0,0.0,0.0,0.08984087,-0.1648575,-0.13527608,-0.031647444,-0.08365297,-0.076779604,0.0816105,0.25011498,-0.0051088333,-0.022054553,0.20388126,0.06872618,0.0019377619,0.041080553,0.025881758,-0.28950164,-0.013370558,-0.0007751048,0.004549528,-0.10735201,-0.03817391,0.07382873,0.00060660375,-0.41564995,-0.032360625,-0.0081386,0.04741619,-0.14901389,0.43786874,-0.572629,0.7452938,-0.7250181,0.038303826,-0.4838414,-0.16306365,-0.60498494,0.10177599,1.236744,0.16300753,-0.8165941,-0.19347705,0.25359365,0.6965557,-0.5741755,0.09906958,0.011717907,0.48469526,0.06244301,0.045918237,-0.9969919,0.0,0.0,0.0,0.08433036,-0.16873306,-0.15178394,-0.026833296,-0.08440989,-0.07494712,0.08848351,0.23349261,-0.006909728,-0.013274074,0.20948261,0.048269153,0.022090487,0.010076362,0.075218864,-0.2784564,-0.0021315382,-0.011820348,-0.02102893,-0.07092209,-0.0069759428,0.0691781,0.017995913,-0.28349456,-0.033329505,-0.03061664,0.07602767,-0.1505641,0.3741143,-0.07814809,0.42541176,-0.77182966,0.11431092,-0.5154925,-0.03871988,-0.46297425,0.11063643,1.2910657,0.31787044,-0.9213824,-0.25216326,0.39600688,0.5935335,-0.4003381,-0.09480853,-0.10972223,0.5166532,0.061367184,0.0469566,-0.99701035,0.0,0.0,0.0,0.084572576,-0.17333522,-0.16249418,-0.019142747,-0.08050412,-0.08568907,0.09653735,0.2077567,-0.012264967,-0.007612169,0.22029167,0.03258276,-0.0081386,-0.018021187,0.00808805,-0.107158236,-0.014145662,-0.04514985,0.051359117,-0.14591347,-0.013176781,-0.0001937762,0.010312264,-0.15812139,-0.0003875524,0.0048444048,0.028308174,-0.08739306,0.21498248,-0.29245397,-0.34574264,-0.5078022,-0.08530837,-0.49509045,0.64188987,-0.34230977,0.36427534,0.2843309,0.3006197,-0.7194798,-0.008979319,0.8954816,0.5231879,-0.04712882,-0.009587379,-0.33555827,-0.09906958,0.06518128,0.04542885,-0.9968389,0.0,0.0,0.0,0.0902042,-0.1807532,-0.1633631,-0.016417742,-0.06630397,-0.10439277,0.09453905,0.21051198,-0.03366983,-0.009095788,0.21608311,0.03261435,0.0005813286,-0.0031004192,-0.009806761,0.022284262,-0.011626572,0.0054257335,0.049033802,-0.1660662,0.044762302,-0.0063946145,0.112019494,-0.17032929,0.022090487,0.05406356,-0.015063993,-0.1131653,0.18554331,-0.7387754,-0.37604985,-0.21342163,-0.103705764,0.0462052,0.7832953,-0.31400552,0.5113565,0.028184827,0.34832874,-0.53511053,0.1461957,1.424947,0.5805593,0.032901853,0.19494337,-0.23755394,-0.49960896,0.07088722,0.04365914,-0.9965287,0.0,0.0,0.0,0.09380723,-0.17711991,-0.16849709,-0.013299227,-0.06881696,-0.12807238,0.08518326,0.20463812,-0.04493308,-0.011548251,0.1915583,0.033388376,-0.03216685,-0.09165614,-0.014659591,0.039530348,-0.026353562,0.0027128668,0.06824292,-0.12905495,0.0054257335,0.01724608,-0.014962892,-0.27322444,0.0,0.059295516,0.0164794,-0.118203476,0.30989397,-0.92469573,0.26672566,-0.106959745,-0.07127251,-0.13020986,0.33526626,-0.5736619,0.3396536,0.5736135,-0.17335798,-0.551579,-0.00023429841,0.8379894,0.8041955,-0.2726025,0.30277884,-0.9388949,0.3799952,-0.55156666,-0.08787787,0.16091451,0.14389339,-0.6304946,0.2003229,0.6370226,0.26102987,-0.6101504,0.057343476,0.8569444,0.85447484,-0.1094287
1788699161.1693125,169,0,0.31105718,0.040480044,-0.6253101,0.05529649,0.037612114,-0.99776137,0.0,0.0,0.0,0.08726728,-0.16092145,-0.12919426,-0.034796238,-0.063185394,-0.068154454,0.07043809,0.25650352,0.0036268234,-0.025718153,0.21033037,0.08216941,-0.029647758,0.024803353,0.005560534,-0.1579276,0.0048444048,0.03352328,0.04013695,-0.16025291,-0.028097546,-0.054257333,0.03730613,-0.3102357,-0.0005813286,0.028291324,0.0020220126,-0.1058018,0.30277884,-0.9388949,0.3799952,-0.55156666,-0.08787787,0.16091451,0.14389339,-0.6304946,0.2003229,0.6370226,0.26102987,-0.6101504,0.057343476,0.8569444,0.85447484,-0.1094287,0.2716424,-0.19281285,-0.17044228,0.058692757,0.041547768,-0.99741125,0.0,0.0,0.0,0.08984087,-0.1648575,-0.13527608,-0.031647444,-0.08365297,-0.076779604,0.0816105,0.25011498,-0.0051088333,-0.022054553,0.20388126,0.06872618,0.0019377619,0.041080553,0.025881758,-0.28950164,-0.013370558,-0.0007751048,0.004549528,-0.10735201,-0.03817391,0.07382873,0.00060660375,-0.41564995,-0.032360625,-0.0081386,0.04741619,-0.14901389,0.43786874,-0.572629,0.7452938,-0.7250181,0.038303826,-0.4838414,-0.16306365,-0.60498494,0.10177599,1.236744,0.16300753,-0.8165941,-0.19347705,0.25359365,0.6965557,-0.5741755,0.09906958,0.011717907,0.48469526,0.06244301,0.045918237,-0.9969919,0.0,0.0,0.0,0.08433036,-0.16873306,-0.15178394,-0.026833296,-0.08440989,-0.07494712,0.08848351,0.23349261,-0.006909728,-0.013274074,0.20948261,0.048269153,0.022090487,0.010076362,0.075218864,-0.2784564,-0.0021315382,-0.011820348,-0.02102893,-0.07092209,-0.0069759428,0.0691781,0.017995913,-0.28349456,-0.033329505,-0.03061664,0.07602767,-0.1505641,0.3741143,-0.07814809,0.42541176,-0.77182966,0.11431092,-0.5154925,-0.03871988,-0.46297425,0.11063643,1.2910657,0.31787044,-0.9213824,-0.25216326,0.39600688,0.5935335,-0.4003381,-0.09480853,-0.10972223,0.5166532,0.061367184,0.0469566,-0.99701035,0.0,0.0,0.0,0.084572576,-0.17333522,-0.16249418,-0.019142747,-0.08050412,-0.08568907,0.09653735,0.2077567,-0.012264967,-0.007612169,0.22029167,0.03258276,-0.0081386,-0.018021187,0.00808805,-0.107158236,-0.014145662,-0.04514985,0.051359117,-0.14591347,-0.013176781,-0.0001937762,0.010312264,-0.15812139,-0.0003875524,0.0048444048,0.028308174,-0.08739306,0.21498248,-0.29245397,-0.34574264,-0.5078022,-0.08530837,-0.49509045,0.64188987,-0.34230977,0.36427534,0.2843309,0.3006197,-0.7194798,-0.008979319,0.8954816,0.5231879,-0.04712882,-0.009587379,-0.33555827,-0.09906958,0.06518128,0.04542885,-0.9968389,0.0,0.0,0.0,0.0902042,-0.1807532,-0.1633631,-0.016417742,-0.06630397,-0.10439277,0.09453905,0.21051198,-0.03366983,-0.009095788,0.21608311,0.03261435,0.0005813286,-0.0031004192,-0.009806761,0.022284262,-0.011626572,0.0054257335,0.049033802,-0.1660662,0.044762302,-0.0063946145,0.112019494,-0.17032929,0.022090487,0.05406356,-0.015063993,-0.1131653,0.18554331,-0.7387754,-0.37604985,-0.21342163,-0.103705764,0.0462052,0.7832953,-0.31400552,0.5113565,0.028184827,0.34832874,-0.53511053,0.1461957,1.424947,0.5805593,0.032901853,0.10775982,-1.0324883,0.006226968,-0.3569817,-0.16219951,0.19374347,0.8722692,-0.49783882,0.40496343,0.16623709,0.2176388,-0.42675963,0.18157919,1.4616017,0.6333027,0.14215021
1788699161.1892977,170,0,0.120374866,0.106526434,-0.16724649,0.055490073,0.036806088,-0.99778074,0.0,0.0,0.0,0.08408814,-0.16288948,-0.12341261,-0.037097335,-0.05897683,-0.0613302,0.06928754,0.2510233,0.015095472,-0.027807295,0.22328913,0.08284879,-0.013564333,-0.019571396,-0.00485283,-0.038561463,-0.019183842,0.03061664,0.088968545,-0.23640695,0.060070615,-0.07227852,0.012637578,-0.036817476,0.019958949,0.050963134,-0.017187107,-0.07169719,0.10775982,-1.0324883,0.006226968,-0.3569817,-0.16219951,0.19374347,0.8722692,-0.49783882,0.40496343,0.16623709,0.2176388,-0.42675963,0.18157919,1.4616017,0.6333027,0.14215021,0.31105718,0.040480044,-0.6253101,0.05529649,0.037612114,-0.99776137,0.0,0.0,0.0,0.08726728,-0.16092145,-0.12919426,-0.034796238,-0.063185394,-0.068154454,0.07043809,0.25650352,0.0036268234,-0.025718153,0.21033037,0.08216941,-0.029647758,0.024803353,0.005560534,-0.1579276,0.0048444048,0.03352328,0.04013695,-0.16025291,-0.028097546,-0.054257333,0.03730613,-0.3102357,-0.0005813286,0.028291324,0.0020220126,-0.1058018,0.30277884,-0.9388949,0.3799952,-0.55156666,-0.08787787,0.16091451,0.14389339,-0.6304946,0.2003229,0.6370226,0.26102987,-0.6101504,0.057343476,0.8569444,0.85447484,-0.1094287,0.2716424,-0.19281285,-0.17044228,0.058692757,0.041547768,-0.99741125,0.0,0.0,0.0,0.08984087,-0.1648575,-0.13527608,-0.031647444,-0.08365297,-0.076779604,0.0816105,0.25011498,-0.0051088333,-0.022054553,0.20388126,0.06872618,0.0019377619,0.041080553,0.025881758,-0.28950164,-0.013370558,-0.0007751048,0.004549528,-0.10735201,-0.03817391,0.07382873,0.00060660375,-0.41564995,-0.032360625,-0.0081386,0.04741619,-0.14901389,0.43786874,-0.572629,0.7452938,-0.7250181,0.038303826,-0.4838414,-0.16306365,-0.60498494,0.10177599,1.236744,0.16300753,-0.8165941,-0.19347705,0.25359365,0.6965557,-0.5741755,0.09906958,0.011717907,0.48469526,0.06244301,0.045918237,-0.9969919,0.0,0.0,0.0,0.08433036,-0.16873306,-0.15178394,-0.026833296,-0.08440989,-0.07494712,0.08848351,0.23349261,-0.006909728,-0.013274074,0.20948261,0.048269153,0.022090487,0.010076362,0.075218864,-0.2784564,-0.0021315382,-0.011820348,-0.02102893,-0.07092209,-0.0069759428,0.0691781,0.017995913,-0.28349456,-0.033329505,-0.03061664,0.07602767,-0.1505641,0.3741143,-0.07814809,0.42541176,-0.77182966,0.11431092,-0.5154925,-0.03871988,-0.46297425,0.11063643,1.2910657,0.31787044,-0.9213824,-0.25216326,0.39600688,0.5935335,-0.4003381,-0.09480853,-0.10972223,0.5166532,0.061367184,0.0469566,-0.99701035,0.0,0.0,0.0,0.084572576,-0.17333522,-0.16249418,-0.019142747,-0.08050412,-0.08568907,0.09653735,0.2077567,-0.012264967,-0.007612169,0.22029167,0.03258276,-0.0081386,-0.018021187,0.00808805,-0.107158236,-0.014145662,-0.04514985,0.051359117,-0.14591347,-0.013176781,-0.0001937762,0.010312264,-0.15812139,-0.0003875524,0.0048444048,0.028308174,-0.08739306,0.21498248,-0.29245397,-0.34574264,-0.5078022,-0.08530837,-0.49509045,0.64188987,-0.34230977,0.36427534,0.2843309,0.3006197,-0.7194798,-0.008979319,0.8954816,0.5231879,-0.04712882,0.11582878,-0.56122243,-0.11849412,-0.4577936,-0.120027706,-0.404321,1.0455838,-0.39966485,0.39343482,0.563298,0.23448801,-0.6775109,-0.06066855,1.1672792,0.5924758,0.18749405
1788699161.2075932,171,0,-0.0021305287,-0.15872438,0.725445,0.054659866,0.033667628,-0.9979372,0.0,0.0,0.0,0.07364239,-0.16413087,-0.12126422,-0.045241952,-0.061974227,-0.03697121,0.07812858,0.23745894,0.025142312,-0.024022609,0.23524874,0.07641935,-0.02344692,0.046700064,0.009200157,-0.02092783,-0.015695872,-0.08138601,0.037811633,-0.24880862,0.012401677,-0.015502095,0.023050943,-0.018602515,0.0054257335,0.030810416,0.007178144,0.0044568526,0.11582878,-0.56122243,-0.11849412,-0.4577936,-0.120027706,-0.404321,1.0455838,-0.39966485,0.39343482,0.563298,0.23448801,-0.6775109,-0.06066855,1.1672792,0.5924758,0.18749405,0.120374866,0.106526434,-0.16724649,0.055490073,0.036806088,-0.99778074,0.0,0.0,0.0,0.08408814,-0.16288948,-0.12341261,-0.037097335,-0.05897683,-0.0613302,0.06928754,0.2510233,0.015095472,-0.027807295,0.22328913,0.08284879,-0.013564333,-0.019571396,-0.00485283,-0.038561463,-0.019183842,0.03061664,0.088968545,-0.23640695,0.060070615,-0.07227852,0.012637578,-0.036817476,0.019958949,0.050963134,-0.017187107,-0.07169719,0.10775982,-1.0324883,0.006226968,-0.3569817,-0.16219951,0.19374347,0.8722692,-0.49783882,0.40496343,0.16623709,0.2176388,-0.42675963,0.18157919,1.4616017,0.6333027,0.14215021,0.31105718,0.040480044,-0.6253101,0.05529649,0.037612114,-0.99776137,0.0,0.0,0.0,0.08726728,-0.16092145,-0.12919426,-0.034796238,-0.063185394,-0.068154454,0.07043809,0.25650352,0.0036268234,-0.025718153,0.21033037,0.08216941,-0.029647758,0.024803353,0.005560534,-0.1579276,0.0048444048,0.03352328,0.04013695,-0.16025291,-0.028097546,-0.054257333,0.03730613,-0.3102357,-0.0005813286,0.028291324,0.0020220126,-0.1058018,0.30277884,-0.9388949,0.3799952,-0.55156666,-0.08787787,0.16091451,0.14389339,-0.6304946,0.2003229,0.6370226,0.26102987,-0.6101504,0.057343476,0.8569444,0.85447484,-0.1094287,0.2716424,-0.19281285,-0.17044228,0.058692757,0.041547768,-0.99741125,0.0,0.0,0.0,0.08984087,-0.1648575,-0.13527608,-0.031647444,-0.08365297,-0.076779604,0.0816105,0.25011498,-0.0051088333,-0.022054553,0.20388126,0.06872618,0.0019377619,0.041080553,0.025881758,-0.28950164,-0.013370558,-0.0007751048,0.004549528,-0.10735201,-0.03817391,0.07382873,0.00060660375,-0.41564995,-0.032360625,-0.0081386,0.04741619,-0.14901389,0.43786874,-0.572629,0.7452938,-0.7250181,0.038303826,-0.4838414,-0.16306365,-0.60498494,0.10177599,1.236744,0.16300753,-0.8165941,-0.19347705,0.25359365,0.6965557,-0.5741755,0.09906958,0.011717907,0.48469526,0.06244301,0.045918237,-0.9969919,0.0,0.0,0.0,0.08433036,-0.16873306,-0.15178394,-0.026833296,-0.08440989,-0.07494712,0.08848351,0.23349261,-0.006909728,-0.013274074,0.20948261,0.048269153,0.022090487,0.010076362,0.075218864,-0.2784564,-0.0021315382,-0.011820348,-0.02102893,-0.07092209,-0.0069759428,0.0691781,0.017995913,-0.28349456,-0.033329505,-0.03061664,0.07602767,-0.1505641,0.3741143,-0.07814809,0.42541176,-0.77182966,0.11431092,-0.5154925,-0.03871988,-0.46297425,0.11063643,1.2910657,0.31787044,-0.9213824,-0.25216326,0.39600688,0.5935335,-0.4003381,0.26628196,0.00929866,0.41808423,-0.44675547,0.10132336,-0.74566025,0.16488552,-0.5401179,0.08664169,1.713235,0.39053872,-0.85685855,-0.3622099,0.19474106,0.7993329,-0.3511668
1788699161.2272747,172,0,-0.25566342,-0.32384035,0.84901565,0.05087596,0.035734493,-0.9980655,0.0,0.0,0.0,0.07046325,-0.15771204,-0.11399746,-0.047421932,-0.06403315,-0.022327423,0.07846165,0.26171124,0.030592322,-0.021691233,0.22928411,0.080021024,0.0013564334,0.0013564334,0.06763632,-0.13002382,0.012595452,-0.007944824,-0.021332232,-0.13719355,-0.03352328,0.17808032,0.03417201,-0.16025291,-0.023059366,-0.044180974,0.04357437,-0.09863208,0.26628196,0.00929866,0.41808423,-0.44675547,0.10132336,-0.74566025,0.16488552,-0.5401179,0.08664169,1.713235,0.39053872,-0.85685855,-0.3622099,0.19474106,0.7993329,-0.3511668,-0.0021305287,-0.15872438,0.725445,0.054659866,0.033667628,-0.9979372,0.0,0.0,0.0,0.07364239,-0.16413087,-0.12126422,-0.045241952,-0.061974227,-0.03697121,0.07812858,0.23745894,0.025142312,-0.024022609,0.23524874,0.07641935,-0.02344692,0.046700064,0.009200157,-0.02092783,-0.015695872,-0.08138601,0.037811633,-0.24880862,0.012401677,-0.015502095,0.023050943,-0.018602515,0.0054257335,0.030810416,0.007178144,0.0044568526,0.11582878,-0.56122243,-0.11849412,-0.4577936,-0.120027706,-0.404321,1.0455838,-0.39966485,0.39343482,0.563298,0.23448801,-0.6775109,-0.06066855,1.1672792,0.5924758,0.18749405,0.120374866,0.106526434,-0.16724649,0.055490073,0.036806088,-0.99778074,0.0,0.0,0.0,0.08408814,-0.16288948,-0.12341261,-0.037097335,-0.05897683,-0.0613302,0.06928754,0.2510233,0.015095472,-0.027807295,0.22328913,0.08284879,-0.013564333,-0.019571396,-0.00485283,-0.038561463,-0.019183842,0.03061664,0.088968545,-0.23640695,0.060070615,-0.07227852,0.012637578,-0.036817476,0.019958949,0.050963134,-0.017187107,-0.07169719,0.10775982,-1.0324883,0.006226968,-0.3569817,-0.16219951,0.19374347,0.8722692,-0.49783882,0.40496343,0.16623709,0.2176388,-0.42675963,0.18157919,1.4616017,0.6333027,0.14215021,0.31105718,0.040480044,-0.6253101,0.05529649,0.037612114,-0.99776137,0.0,0.0,0.0,0.08726728,-0.16092145,-0.12919426,-0.034796238,-0.063185394,-0.068154454,0.07043809,0.25650352,0.0036268234,-0.025718153,0.21033037,0.08216941,-0.029647758,0.024803353,0.005560534,-0.1579276,0.0048444048,0.03352328,0.04013695,-0.16025291,-0.028097546,-0.054257333,0.03730613,-0.3102357,-0.0005813286,0.028291324,0.0020220126,-0.1058018,0.30277884,-0.9388949,0.3799952,-0.55156666,-0.08787787,0.16091451,0.14389339,-0.6304946,0.2003229,0.6370226,0.26102987,-0.6101504,0.057343476,0.8569444,0.85447484,-0.1094287,0.2716424,-0.19281285,-0.17044228,0.058692757,0.041547768,-0.99741125,0.0,0.0,0.0,0.08984087,-0.1648575,-0.13527608,-0.031647444,-0.08365297,-0.076779604,0.0816105,0.25011498,-0.0051088333,-0.022054553,0.20388126,0.06872618,0.0019377619,0.041080553,0.025881758,-0.28950164,-0.013370558,-0.0007751048,0.004549528,-0.10735201,-0.03817391,0.07382873,0.00060660375,-0.41564995,-0.032360625,-0.0081386,0.04741619,-0.14901389,0.43786874,-0.572629,0.7452938,-0.7250181,0.038303826,-0.4838414,-0.16306365,-0.60498494,0.10177599,1.236744,0.16300753,-0.8165941,-0.19347705,0.25359365,0.6965557,-0.5741755,0.38026428,-0.17958814,0.9392792,-0.42222092,0.1607578,-0.4463166,-0.35597467,-0.60087335,-0.0073046163,1.700948,0.3337422,-0.6336355,-0.41340807,-0.025357418,0.90214926,-0.6422121
1788699161.2475414,173,0,-0.064981125,-0.18002968,-0.1043959,0.044659328,0.038450677,-0.998262,0.0,0.0,0.0,0.07957678,-0.15256482,-0.09613109,-0.0427593,-0.058825433,-0.025139332,0.07295114,0.28466165,0.025568843,-0.031803936,0.22268361,0.104964495,0.04301832,0.032941952,0.059548266,-0.22032355,0.0040693,0.0056195096,-0.05348223,-0.09243125,-0.040305447,0.08371132,-0.015872797,-0.28601366,-0.05386978,-0.05541999,0.0802739,-0.13932508,0.38026428,-0.17958814,0.9392792,-0.42222092,0.1607578,-0.4463166,-0.35597467,-0.60087335,-0.0073046163,1.700948,0.3337422,-0.6336355,-0.41340807,-0.025357418,0.90214926,-0.6422121,-0.25566342,-0.32384035,0.84901565,0.05087596,0.035734493,-0.9980655,0.0,0.0,0.0,0.07046325,-0.15771204,-0.11399746,-0.047421932,-0.06403315,-0.022327423,0.07846165,0.26171124,0.030592322,-0.021691233,0.22928411,0.080021024,0.0013564334,0.0013564334,0.06763632,-0.13002382,0.012595452,-0.007944824,-0.021332232,-0.13719355,-0.03352328,0.17808032,0.03417201,-0.16025291,-0.023059366,-0.044180974,0.04357437,-0.09863208,0.26628196,0.00929866,0.41808423,-0.44675547,0.10132336,-0.74566025,0.16488552,-0.5401179,0.08664169,1.713235,0.39053872,-0.85685855,-0.3622099,0.19474106,0.7993329,-0.3511668,-0.0021305287,-0.15872438,0.725445,0.054659866,0.033667628,-0.9979372,0.0,0.0,0.0,0.07364239,-0.16413087,-0.12126422,-0.045241952,-0.061974227,-0.03697121,0.07812858,0.23745894,0.025142312,-0.024022609,0.23524874,0.07641935,-0.02344692,0.046700064,0.009200157,-0.02092783,-0.015695872,-0.08138601,0.037811633,-0.24880862,0.012401677,-0.015502095,0.023050943,-0.018602515,0.0054257335,0.030810416,0.007178144,0.0044568526,0.11582878,-0.56122243,-0.11849412,-0.4577936,-0.120027706,-0.404321,1.0455838,-0.39966485,0.39343482,0.563298,0.23448801,-0.6775109,-0.06066855,1.1672792,0.5924758,0.18749405,0.120374866,0.106526434,-0.16724649,0.055490073,0.036806088,-0.99778074,0.0,0.0,0.0,0.08408814,-0.16288948,-0.12341261,-0.037097335,-0.05897683,-0.0613302,0.06928754,0.2510233,0.015095472,-0.027807295,0.22328913,0.08284879,-0.013564333,-0.019571396,-0.00485283,-0.038561463,-0.019183842,0.03061664,0.088968545,-0.23640695,0.060070615,-0.07227852,0.012637578,-0.036817476,0.019958949,0.050963134,-0.017187107,-0.07169719,0.10775982,-1.0324883,0.006226968,-0.3569817,-0.16219951,0.19374347,0.8722692,-0.49783882,0.40496343,0.16623709,0.2176388,-0.42675963,0.18157919,1.4616017,0.6333027,0.14215021,0.31105718,0.040480044,-0.6253101,0.05529649,0.037612114,-0.99776137,0.0,0.0,0.0,0.08726728,-0.16092145,-0.12919426,-0.034796238,-0.063185394,-0.068154454,0.07043809,0.25650352,0.0036268234,-0.025718153,0.21033037,0.08216941,-0.029647758,0.024803353,0.005560534,-0.1579276,0.0048444048,0.03352328,0.04013695,-0.16025291,-0.028097546,-0.054257333,0.03730613,-0.3102357,-0.0005813286,0.028291324,0.0020220126,-0.1058018,0.30277884,-0.9388949,0.3799952,-0.55156666,-0.08787787,0.16091451,0.14389339,-0.6304946,0.2003229,0.6370226,0.26102987,-0.6101504,0.057343476,0.8569444,0.85447484,-0.1094287,0.31772032,-0.83326864,0.8194329,-0.29823315,-0.047785334,0.2862288,-0.013316955,-0.6965677,0.09909294,0.813378,0.38915104,-0.40142596,-0.067165375,0.7092398,0.93228024,-0.15560435
1788699161.26744,174,0,0.44847628,-0.01704423,-0.9171926,0.041532427,0.03742305,-0.9984361,0.0,0.0,0.0,0.085662566,-0.16052783,-0.08185077,-0.03906536,-0.039387226,-0.049419284,0.052362442,0.2910502,0.022488475,-0.03997886,0.21632534,0.12970257,-0.01530832,-0.074216284,0.018804716,-0.12808608,0.013176781,0.032941952,-0.00808805,-0.15521473,-0.051738244,-0.0699532,0.0064704395,-0.23156254,0.04185566,-0.014533214,0.044585373,-0.09669431,0.31772032,-0.83326864,0.8194329,-0.29823315,-0.047785334,0.2862288,-0.013316955,-0.6965677,0.09909294,0.813378,0.38915104,-0.40142596,-0.067165375,0.7092398,0.93228024,-0.15560435,-0.064981125,-0.18002968,-0.1043959,0.044659328,0.038450677,-0.998262,0.0,0.0,0.0,0.07957678,-0.15256482,-0.09613109,-0.0427593,-0.058825433,-0.025139332,0.07295114,0.28466165,0.025568843,-0.031803936,0.22268361,0.104964495,0.04301832,0.032941952,0.059548266,-0.22032355,0.0040693,0.0056195096,-0.05348223,-0.09243125,-0.040305447,0.08371132,-0.015872797,-0.28601366,-0.05386978,-0.05541999,0.0802739,-0.13932508,0.38026428,-0.17958814,0.9392792,-0.42222092,0.1607578,-0.4463166,-0.35597467,-0.60087335,-0.0073046163,1.700948,0.3337422,-0.6336355,-0.41340807,-0.025357418,0.90214926,-0.6422121,-0.25566342,-0.32384035,0.84901565,0.05087596,0.035734493,-0.9980655,0.0,0.0,0.0,0.07046325,-0.15771204,-0.11399746,-0.047421932,-0.06403315,-0.022327423,0.07846165,0.26171124,0.030592322,-0.021691233,0.22928411,0.080021024,0.0013564334,0.0013564334,0.06763632,-0.13002382,0.012595452,-0.007944824,-0.021332232,-0.13719355,-0.03352328,0.17808032,0.03417201,-0.16025291,-0.023059366,-0.044180974,0.04357437,-0.09863208,0.26628196,0.00929866,0.41808423,-0.44675547,0.10132336,-0.74566025,0.16488552,-0.5401179,0.08664169,1.713235,0.39053872,-0.85685855,-0.3622099,0.19474106,0.7993329,-0.3511668,-0.0021305287,-0.15872438,0.725445,0.054659866,0.033667628,-0.9979372,0.0,0.0,0.0,0.07364239,-0.16413087,-0.12126422,-0.045241952,-0.061974227,-0.03697121,0.07812858,0.23745894,0.025142312,-0.024022609,0.23524874,0.07641935,-0.02344692,0.046700064,0.009200157,-0.02092783,-0.015695872,-0.08138601,0.037811633,-0.24880862,0.012401677,-0.015502095,0.023050943,-0.018602515,0.0054257335,0.030810416,0.007178144,0.0044568526,0.11582878,-0.56122243,-0.11849412,-0.4577936,-0.120027706,-0.404321,1.0455838,-0.39966485,0.39343482,0.563298,0.23448801,-0.6775109,-0.06066855,1.1672792,0.5924758,0.18749405,0.120374866,0.106526434,-0.16724649,0.055490073,0.036806088,-0.99778074,0.0,0.0,0.0,0.08408814,-0.16288948,-0.12341261,-0.037097335,-0.05897683,-0.0613302,0.06928754,0.2510233,0.015095472,-0.027807295,0.22328913,0.08284879,-0.013564333,-0.019571396,-0.00485283,-0.038561463,-0.019183842,0.03061664,0.088968545,-0.23640695,0.060070615,-0.07227852,0.012637578,-0.036817476,0.019958949,0.050963134,-0.017187107,-0.07169719,0.10775982,-1.0324883,0.006226968,-0.3569817,-0.16219951,0.19374347,0.8722692,-0.49783882,0.40496343,0.16623709,0.2176388,-0.42675963,0.18157919,1.4616017,0.6333027,0.14215021,0.13160498,-0.9244005,-0.17637286,-0.0025388189,-0.1869376,0.6509783,0.7866265,-0.46420214,0.37780082,0.08539603,0.5402825,-0.2918189,0.2161644,1.7428231,0.8689104,0.1438559
1788699161.288494,175,0,0.2237055,0.120374866,-0.35366777,0.04361953,0.03065648,-0.99857783,0.0,0.0,0.0,0.0839973,-0.1663714,-0.07722211,-0.040306807,-0.022038162,-0.03787172,0.04324889,0.2810586,0.032930255,-0.046397686,0.22988969,0.13681114,-0.005813286,-0.028097546,-0.067535214,0.03371706,-0.024609575,0.010270138,0.023960847,-0.24783973,0.043405868,-0.076154046,0.040945753,0.014726991,0.040693004,0.08913705,-0.023253145,-0.05135069,0.13160498,-0.9244005,-0.17637286,-0.0025388189,-0.1869376,0.6509783,0.7866265,-0.46420214,0.37780082,0.08539603,0.5402825,-0.2918189,0.2161644,1.7428231,0.8689104,0.1438559,0.44847628,-0.01704423,-0.9171926,0.041532427,0.03742305,-0.9984361,0.0,0.0,0.0,0.085662566,-0.16052783,-0.08185077,-0.03906536,-0.039387226,-0.049419284,0.052362442,0.2910502,0.022488475,-0.03997886,0.21632534,0.12970257,-0.01530832,-0.074216284,0.018804716,-0.12808608,0.013176781,0.032941952,-0.00808805,-0.15521473,-0.051738244,-0.0699532,0.0064704395,-0.23156254,0.04185566,-0.014533214,0.044585373,-0.09669431,0.31772032,-0.83326864,0.8194329,-0.29823315,-0.047785334,0.2862288,-0.013316955,-0.6965677,0.09909294,0.813378,0.38915104,-0.40142596,-0.067165375,0.7092398,0.93228024,-0.15560435,-0.064981125,-0.18002968,-0.1043959,0.044659328,0.038450677,-0.998262,0.0,0.0,0.0,0.07957678,-0.15256482,-0.09613109,-0.0427593,-0.058825433,-0.025139332,0.07295114,0.28466165,0.025568843,-0.031803936,0.22268361,0.104964495,0.04301832,0.032941952,0.059548266,-0.22032355,0.0040693,0.0056195096,-0.05348223,-0.09243125,-0.040305447,0.08371132,-0.015872797,-0.28601366,-0.05386978,-0.05541999,0.0802739,-0.13932508,0.38026428,-0.17958814,0.9392792,-0.42222092,0.1607578,-0.4463166,-0.35597467,-0.60087335,-0.0073046163,1.700948,0.3337422,-0.6336355,-0.41340807,-0.025357418,0.90214926,-0.6422121,-0.25566342,-0.32384035,0.84901565,0.05087596,0.035734493,-0.9980655,0.0,0.0,0.0,0.07046325,-0.15771204,-0.11399746,-0.047421932,-0.06403315,-0.022327423,0.07846165,0.26171124,0.030592322,-0.021691233,0.22928411,0.080021024,0.0013564334,0.0013564334,0.06763632,-0.13002382,0.012595452,-0.007944824,-0.021332232,-0.13719355,-0.03352328,0.17808032,0.03417201,-0.16025291,-0.023059366,-0.044180974,0.04357437,-0.09863208,0.26628196,0.00929866,0.41808423,-0.44675547,0.10132336,-0.74566025,0.16488552,-0.5401179,0.08664169,1.713235,0.39053872,-0.85685855,-0.3622099,0.19474106,0.7993329,-0.3511668,-0.0021305287,-0.15872438,0.725445,0.054659866,0.033667628,-0.9979372,0.0,0.0,0.0,0.07364239,-0.16413087,-0.12126422,-0.045241952,-0.061974227,-0.03697121,0.07812858,0.23745894,0.025142312,-0.024022609,0.23524874,0.07641935,-0.02344692,0.046700064,0.009200157,-0.02092783,-0.015695872,-0.08138601,0.037811633,-0.24880862,0.012401677,-0.015502095,0.023050943,-0.018602515,0.0054257335,0.030810416,0.007178144,0.0044568526,0.11582878,-0.56122243,-0.11849412,-0.4577936,-0.120027706,-0.404321,1.0455838,-0.39966485,0.39343482,0.563298,0.23448801,-0.6775109,-0.06066855,1.1672792,0.5924758,0.18749405,0.092571534,-0.54756844,-0.26087162,-0.22242682,-0.19126324,-0.18108085,1.0835216,-0.35770935,0.41017562,0.47824946,0.32211015,-0.5014242,-0.01935838,1.3244916,0.61767995,0.26332343
1788699161.3096268,176,0,0.10333064,0.31851402,0.7584682,0.0464602,0.02832797,-0.9985183,0.0,0.0,0.0,0.075943485,-0.16803664,-0.09015989,-0.042880416,-0.0162552,-0.025265694,0.052665174,0.2614993,0.05412972,-0.03343892,0.24133456,0.1253742,-0.012789229,0.036042374,-0.015670598,0.010076362,-0.014339439,-0.09766321,0.01273868,-0.28271946,0.015114543,-0.009301257,0.005863836,-0.0031004192,0.02092783,0.019765174,-0.037002828,0.0042630765,0.092571534,-0.54756844,-0.26087162,-0.22242682,-0.19126324,-0.18108085,1.0835216,-0.35770935,0.41017562,0.47824946,0.32211015,-0.5014242,-0.01935838,1.3244916,0.61767995,0.26332343,0.2237055,0.120374866,-0.35366777,0.04361953,0.03065648,-0.99857783,0.0,0.0,0.0,0.0839973,-0.1663714,-0.07722211,-0.040306807,-0.022038162,-0.03787172,0.04324889,0.2810586,0.032930255,-0.046397686,0.22988969,0.13681114,-0.005813286,-0.028097546,-0.067535214,0.03371706,-0.024609575,0.010270138,0.023960847,-0.24783973,0.043405868,-0.076154046,0.040945753,0.014726991,0.040693004,0.08913705,-0.023253145,-0.05135069,0.13160498,-0.9244005,-0.17637286,-0.0025388189,-0.1869376,0.6509783,0.7866265,-0.46420214,0.37780082,0.08539603,0.5402825,-0.2918189,0.2161644,1.7428231,0.8689104,0.1438559,0.44847628,-0.01704423,-0.9171926,0.041532427,0.03742305,-0.9984361,0.0,0.0,0.0,0.085662566,-0.16052783,-0.08185077,-0.03906536,-0.039387226,-0.049419284,0.052362442,0.2910502,0.022488475,-0.03997886,0.21632534,0.12970257,-0.01530832,-0.074216284,0.018804716,-0.12808608,0.013176781,0.032941952,-0.00808805,-0.15521473,-0.051738244,-0.0699532,0.0064704395,-0.23156254,0.04185566,-0.014533214,0.044585373,-0.09669431,0.31772032,-0.83326864,0.8194329,-0.29823315,-0.047785334,0.2862288,-0.013316955,-0.6965677,0.09909294,0.813378,0.38915104,-0.40142596,-0.067165375,0.7092398,0.93228024,-0.15560435,-0.064981125,-0.18002968,-0.1043959,0.044659328,0.038450677,-0.998262,0.0,0.0,0.0,0.07957678,-0.15256482,-0.09613109,-0.0427593,-0.058825433,-0.025139332,0.07295114,0.28466165,0.025568843,-0.031803936,0.22268361,0.104964495,0.04301832,0.032941952,0.059548266,-0.22032355,0.0040693,0.0056195096,-0.05348223,-0.09243125,-0.040305447,0.08371132,-0.015872797,-0.28601366,-0.05386978,-0.05541999,0.0802739,-0.13932508,0.38026428,-0.17958814,0.9392792,-0.42222092,0.1607578,-0.4463166,-0.35597467,-0.60087335,-0.0073046163,1.700948,0.3337422,-0.6336355,-0.41340807,-0.025357418,0.90214926,-0.6422121,-0.25566342,-0.32384035,0.84901565,0.05087596,0.035734493,-0.9980655,0.0,0.0,0.0,0.07046325,-0.15771204,-0.11399746,-0.047421932,-0.06403315,-0.022327423,0.07846165,0.26171124,0.030592322,-0.021691233,0.22928411,0.080021024,0.0013564334,0.0013564334,0.06763632,-0.13002382,0.012595452,-0.007944824,-0.021332232,-0.13719355,-0.03352328,0.17808032,0.03417201,-0.16025291,-0.023059366,-0.044180974,0.04357437,-0.09863208,0.26628196,0.00929866,0.41808423,-0.44675547,0.10132336,-0.74566025,0.16488552,-0.5401179,0.08664169,1.713235,0.39053872,-0.85685855,-0.3622099,0.19474106,0.7993329,-0.3511668,0.2737904,0.068528585,0.4853985,-0.41971985,0.09979839,-1.0176215,0.4337722,-0.5588644,0.07013421,1.9321789,0.4073929,-0.8601612,-0.42968786,0.20456474,0.6609431,-0.31005564
1788699161.327331,177,0,-0.2652508,0.13209277,1.0833738,0.049744613,0.03059177,-0.9982935,0.0,0.0,0.0,0.07409655,-0.16764301,-0.08763242,-0.048663378,-0.022250116,-0.007825851,0.06226319,0.274337,0.055109143,-0.018269867,0.24890393,0.12196207,0.029453982,0.06975943,0.055302043,-0.09960096,0.0007751048,-0.098825864,-0.012536478,-0.18292473,-0.06239593,0.3565482,0.024769653,-0.18990067,-0.028097546,-0.20152724,0.0026286163,-0.068403,0.2737904,0.068528585,0.4853985,-0.41971985,0.09979839,-1.0176215,0.4337722,-0.5588644,0.07013421,1.9321789,0.4073929,-0.8601612,-0.42968786,0.20456474,0.6609431,-0.31005564,0.10333064,0.31851402,0.7584682,0.0464602,0.02832797,-0.9985183,0.0,0.0,0.0,0.075943485,-0.16803664,-0.09015989,-0.042880416,-0.0162552,-0.025265694,0.052665174,0.2614993,0.05412972,-0.03343892,0.24133456,0.1253742,-0.012789229,0.036042374,-0.015670598,0.010076362,-0.014339439,-0.09766321,0.01273868,-0.28271946,0.015114543,-0.009301257,0.005863836,-0.0031004192,0.02092783,0.019765174,-0.037002828,0.0042630765,0.092571534,-0.54756844,-0.26087162,-0.22242682,-0.19126324,-0.18108085,1.0835216,-0.35770935,0.41017562,0.47824946,0.32211015,-0.5014242,-0.01935838,1.3244916,0.61767995,0.26332343,0.2237055,0.120374866,-0.35366777,0.04361953,0.03065648,-0.99857783,0.0,0.0,0.0,0.0839973,-0.1663714,-0.07722211,-0.040306807,-0.022038162,-0.03787172,0.04324889,0.2810586,0.032930255,-0.046397686,0.22988969,0.13681114,-0.005813286,-0.028097546,-0.067535214,0.03371706,-0.024609575,0.010270138,0.023960847,-0.24783973,0.043405868,-0.076154046,0.040945753,0.014726991,0.040693004,0.08913705,-0.023253145,-0.05135069,0.13160498,-0.9244005,-0.17637286,-0.0025388189,-0.1869376,0.6509783,0.7866265,-0.46420214,0.37780082,0.08539603,0.5402825,-0.2918189,0.2161644,1.7428231,0.8689104,0.1438559,0.44847628,-0.01704423,-0.9171926,0.041532427,0.03742305,-0.9984361,0.0,0.0,0.0,0.085662566,-0.16052783,-0.08185077,-0.03906536,-0.039387226,-0.049419284,0.052362442,0.2910502,0.022488475,-0.03997886,0.21632534,0.12970257,-0.01530832,-0.074216284,0.018804716,-0.12808608,0.013176781,0.032941952,-0.00808805,-0.15521473,-0.051738244,-0.0699532,0.0064704395,-0.23156254,0.04185566,-0.014533214,0.044585373,-0.09669431,0.31772032,-0.83326864,0.8194329,-0.29823315,-0.047785334,0.2862288,-0.013316955,-0.6965677,0.09909294,0.813378,0.38915104,-0.40142596,-0.067165375,0.7092398,0.93228024,-0.15560435,-0.064981125,-0.18002968,-0.1043959,0.044659328,0.038450677,-0.998262,0.0,0.0,0.0,0.07957678,-0.15256482,-0.09613109,-0.0427593,-0.058825433,-0.025139332,0.07295114,0.28466165,0.025568843,-0.031803936,0.22268361,0.104964495,0.04301832,0.032941952,0.059548266,-0.22032355,0.0040693,0.0056195096,-0.05348223,-0.09243125,-0.040305447,0.08371132,-0.015872797,-0.28601366,-0.05386978,-0.05541999,0.0802739,-0.13932508,0.38026428,-0.17958814,0.9392792,-0.42222092,0.1607578,-0.4463166,-0.35597467,-0.60087335,-0.0073046163,1.700948,0.3337422,-0.6336355,-0.41340807,-0.025357418,0.90214926,-0.6422121,0.44040108,-0.114973456,1.4062673,-0.13536003,0.2837974,-0.7437949,-0.30311453,-0.85843384,-0.035864536,2.1258965,0.2660708,-0.57985693,-0.53598887,-0.24809133,0.94235665,-1.0193499
1788699161.3493128,178,0,-0.51771843,-0.20240022,-0.12676646,0.045917485,0.03623661,-0.9982881,0.0,0.0,0.0,0.08732783,-0.16113335,-0.071551085,-0.046543956,-0.022674024,-0.0073518753,0.0553599,0.30618894,0.048964143,-0.022811502,0.24230343,0.13749051,0.07460383,0.044180974,0.109694175,-0.1660662,0.037980136,-0.036429923,-0.070062734,-0.095144115,-0.06239593,0.14843257,-0.03407091,-0.28698254,-0.050188035,-0.029066429,0.09766321,-0.2156729,0.44040108,-0.114973456,1.4062673,-0.13536003,0.2837974,-0.7437949,-0.30311453,-0.85843384,-0.035864536,2.1258965,0.2660708,-0.57985693,-0.53598887,-0.24809133,0.94235665,-1.0193499,-0.2652508,0.13209277,1.0833738,0.049744613,0.03059177,-0.9982935,0.0,0.0,0.0,0.07409655,-0.16764301,-0.08763242,-0.048663378,-0.022250116,-0.007825851,0.06226319,0.274337,0.055109143,-0.018269867,0.24890393,0.12196207,0.029453982,0.06975943,0.055302043,-0.09960096,0.0007751048,-0.098825864,-0.012536478,-0.18292473,-0.06239593,0.3565482,0.024769653,-0.18990067,-0.028097546,-0.20152724,0.0026286163,-0.068403,0.2737904,0.068528585,0.4853985,-0.41971985,0.09979839,-1.0176215,0.4337722,-0.5588644,0.07013421,1.9321789,0.4073929,-0.8601612,-0.42968786,0.20456474,0.6609431,-0.31005564,0.10333064,0.31851402,0.7584682,0.0464602,0.02832797,-0.9985183,0.0,0.0,0.0,0.075943485,-0.16803664,-0.09015989,-0.042880416,-0.0162552,-0.025265694,0.052665174,0.2614993,0.05412972,-0.03343892,0.24133456,0.1253742,-0.012789229,0.036042374,-0.015670598,0.010076362,-0.014339439,-0.09766321,0.01273868,-0.28271946,0.015114543,-0.009301257,0.005863836,-0.0031004192,0.02092783,0.019765174,-0.037002828,0.0042630765,0.092571534,-0.54756844,-0.26087162,-0.22242682,-0.19126324,-0.18108085,1.0835216,-0.35770935,0.41017562,0.47824946,0.32211015,-0.5014242,-0.01935838,1.3244916,0.61767995,0.26332343,0.2237055,0.120374866,-0.35366777,0.04361953,0.03065648,-0.99857783,0.0,0.0,0.0,0.0839973,-0.1663714,-0.07722211,-0.040306807,-0.022038162,-0.03787172,0.04324889,0.2810586,0.032930255,-0.046397686,0.22988969,0.13681114,-0.005813286,-0.028097546,-0.067535214,0.03371706,-0.024609575,0.010270138,0.023960847,-0.24783973,0.043405868,-0.076154046,0.040945753,0.014726991,0.040693004,0.08913705,-0.023253145,-0.05135069,0.13160498,-0.9244005,-0.17637286,-0.0025388189,-0.1869376,0.6509783,0.7866265,-0.46420214,0.37780082,0.08539603,0.5402825,-0.2918189,0.2161644,1.7428231,0.8689104,0.1438559,0.44847628,-0.01704423,-0.9171926,0.041532427,0.03742305,-0.9984361,0.0,0.0,0.0,0.085662566,-0.16052783,-0.08185077,-0.03906536,-0.039387226,-0.049419284,0.052362442,0.2910502,0.022488475,-0.03997886,0.21632534,0.12970257,-0.01530832,-0.074216284,0.018804716,-0.12808608,0.013176781,0.032941952,-0.00808805,-0.15521473,-0.051738244,-0.0699532,0.0064704395,-0.23156254,0.04185566,-0.014533214,0.044585373,-0.09669431,0.31772032,-0.83326864,0.8194329,-0.29823315,-0.047785334,0.2862288,-0.013316955,-0.6965677,0.09909294,0.813378,0.38915104,-0.40142596,-0.067165375,0.7092398,0.93228024,-0.15560435,0.29970002,-0.86506695,1.2507366,-0.010463979,-0.026823966,0.3697248,-0.16360462,-0.78028864,0.12019712,1.0159922,0.30597982,-0.2703645,-0.17502078,0.57829475,0.9871189,-0.2978902
1788699161.3672388,179,0,0.22796656,-0.26418555,-1.3784521,0.03772646,0.04253488,-0.99838245,0.0,0.0,0.0,0.10600907,-0.17191216,-0.04626012,-0.036279917,-0.0045983195,-0.037287116,0.035376728,0.33885843,0.035836816,-0.036557496,0.2354607,0.18282771,0.012401677,0.0003875524,0.019916823,-0.042824537,0.0063946145,0.03352328,-0.00657154,-0.18931934,-0.028097546,0.0021315382,-0.0033363204,-0.20540276,-0.0001937762,-0.023253145,0.058335062,-0.16374087,0.29970002,-0.86506695,1.2507366,-0.010463979,-0.026823966,0.3697248,-0.16360462,-0.78028864,0.12019712,1.0159922,0.30597982,-0.2703645,-0.17502078,0.57829475,0.9871189,-0.2978902,-0.51771843,-0.20240022,-0.12676646,0.045917485,0.03623661,-0.9982881,0.0,0.0,0.0,0.08732783,-0.16113335,-0.071551085,-0.046543956,-0.022674024,-0.0073518753,0.0553599,0.30618894,0.048964143,-0.022811502,0.24230343,0.13749051,0.07460383,0.044180974,0.109694175,-0.1660662,0.037980136,-0.036429923,-0.070062734,-0.095144115,-0.06239593,0.14843257,-0.03407091,-0.28698254,-0.050188035,-0.029066429,0.09766321,-0.2156729,0.44040108,-0.114973456,1.4062673,-0.13536003,0.2837974,-0.7437949,-0.30311453,-0.85843384,-0.035864536,2.1258965,0.2660708,-0.57985693,-0.53598887,-0.24809133,0.94235665,-1.0193499,-0.2652508,0.13209277,1.0833738,0.049744613,0.03059177,-0.9982935,0.0,0.0,0.0,0.07409655,-0.16764301,-0.08763242,-0.048663378,-0.022250116,-0.007825851,0.06226319,0.274337,0.055109143,-0.018269867,0.24890393,0.12196207,0.029453982,0.06975943,0.055302043,-0.09960096,0.0007751048,-0.098825864,-0.012536478,-0.18292473,-0.06239593,0.3565482,0.024769653,-0.18990067,-0.028097546,-0.20152724,0.0026286163,-0.068403,0.2737904,0.068528585,0.4853985,-0.41971985,0.09979839,-1.0176215,0.4337722,-0.5588644,0.07013421,1.9321789,0.4073929,-0.8601612,-0.42968786,0.20456474,0.6609431,-0.31005564,0.10333064,0.31851402,0.7584682,0.0464602,0.02832797,-0.9985183,0.0,0.0,0.0,0.075943485,-0.16803664,-0.09015989,-0.042880416,-0.0162552,-0.025265694,0.052665174,0.2614993,0.05412972,-0.03343892,0.24133456,0.1253742,-0.012789229,0.036042374,-0.015670598,0.010076362,-0.014339439,-0.09766321,0.01273868,-0.28271946,0.015114543,-0.009301257,0.005863836,-0.0031004192,0.02092783,0.019765174,-0.037002828,0.0042630765,0.092571534,-0.54756844,-0.26087162,-0.22242682,-0.19126324,-0.18108085,1.0835216,-0.35770935,0.41017562,0.47824946,0.32211015,-0.5014242,-0.01935838,1.3244916,0.61767995,0.26332343,0.2237055,0.120374866,-0.35366777,0.04361953,0.03065648,-0.99857783,0.0,0.0,0.0,0.0839973,-0.1663714,-0.07722211,-0.040306807,-0.022038162,-0.03787172,0.04324889,0.2810586,0.032930255,-0.046397686,0.22988969,0.13681114,-0.005813286,-0.028097546,-0.067535214,0.03371706,-0.024609575,0.010270138,0.023960847,-0.24783973,0.043405868,-0.076154046,0.040945753,0.014726991,0.040693004,0.08913705,-0.023253145,-0.05135069,0.13160498,-0.9244005,-0.17637286,-0.0025388189,-0.1869376,0.6509783,0.7866265,-0.46420214,0.37780082,0.08539603,0.5402825,-0.2918189,0.2161644,1.7428231,0.8689104,0.1438559,0.059756104,-1.373946,0.025050778,0.23450142,-0.15136892,0.8296385,0.92091084,-0.51628804,0.44254446,-0.13625024,0.5181771,0.048767198,0.27765843,1.8627752,0.87423253,0.1600988
1788699161.3872576,180,0,0.1789644,0.47830367,-0.98430425,0.037452467,0.03684628,-0.9986189,0.0,0.0,0.0,0.10837072,-0.18471956,-0.03842485,-0.03403938,0.008784354,-0.0296098,0.011608899,0.34112924,0.050117373,-0.038071364,0.25535303,0.18282771,-0.0011626572,-0.048444048,-0.06248018,0.11859103,-0.016083425,-0.022090487,0.024971856,-0.27709997,0.0366237,-0.050963134,0.08947405,-0.06607769,0.039336566,0.105220474,-0.023859747,0.047668945,0.059756104,-1.373946,0.025050778,0.23450142,-0.15136892,0.8296385,0.92091084,-0.51628804,0.44254446,-0.13625024,0.5181771,0.048767198,0.27765843,1.8627752,0.87423253,0.1600988,0.22796656,-0.26418555,-1.3784521,0.03772646,0.04253488,-0.99838245,0.0,0.0,0.0,0.10600907,-0.17191216,-0.04626012,-0.036279917,-0.0045983195,-0.037287116,0.035376728,0.33885843,0.035836816,-0.036557496,0.2354607,0.18282771,0.012401677,0.0003875524,0.019916823,-0.042824537,0.0063946145,0.03352328,-0.00657154,-0.18931934,-0.028097546,0.0021315382,-0.0033363204,-0.20540276,-0.0001937762,-0.023253145,0.058335062,-0.16374087,0.29970002,-0.86506695,1.2507366,-0.010463979,-0.026823966,0.3697248,-0.16360462,-0.78028864,0.12019712,1.0159922,0.30597982,-0.2703645,-0.17502078,0.57829475,0.9871189,-0.2978902,-0.51771843,-0.20240022,-0.12676646,0.045917485,0.03623661,-0.9982881,0.0,0.0,0.0,0.08732783,-0.16113335,-0.071551085,-0.046543956,-0.022674024,-0.0073518753,0.0553599,0.30618894,0.048964143,-0.022811502,0.24230343,0.13749051,0.07460383,0.044180974,0.109694175,-0.1660662,0.037980136,-0.036429923,-0.070062734,-0.095144115,-0.06239593,0.14843257,-0.03407091,-0.28698254,-0.050188035,-0.029066429,0.09766321,-0.2156729,0.44040108,-0.114973456,1.4062673,-0.13536003,0.2837974,-0.7437949,-0.30311453,-0.85843384,-0.035864536,2.1258965,0.2660708,-0.57985693,-0.53598887,-0.24809133,0.94235665,-1.0193499,-0.2652508,0.13209277,1.0833738,0.049744613,0.03059177,-0.9982935,0.0,0.0,0.0,0.07409655,-0.16764301,-0.08763242,-0.048663378,-0.022250116,-0.007825851,0.06226319,0.274337,0.055109143,-0.018269867,0.24890393,0.12196207,0.029453982,0.06975943,0.055302043,-0.09960096,0.0007751048,-0.098825864,-0.012536478,-0.18292473,-0.06239593,0.3565482,0.024769653,-0.18990067,-0.028097546,-0.20152724,0.0026286163,-0.068403,0.2737904,0.068528585,0.4853985,-0.41971985,0.09979839,-1.0176215,0.4337722,-0.5588644,0.07013421,1.9321789,0.4073929,-0.8601612,-0.42968786,0.20456474,0.6609431,-0.31005564,0.10333064,0.31851402,0.7584682,0.0464602,0.02832797,-0.9985183,0.0,0.0,0.0,0.075943485,-0.16803664,-0.09015989,-0.042880416,-0.0162552,-0.025265694,0.052665174,0.2614993,0.05412972,-0.03343892,0.24133456,0.1253742,-0.012789229,0.036042374,-0.015670598,0.010076362,-0.014339439,-0.09766321,0.01273868,-0.28271946,0.015114543,-0.009301257,0.005863836,-0.0031004192,0.02092783,0.019765174,-0.037002828,0.0042630765,0.092571534,-0.54756844,-0.26087162,-0.22242682,-0.19126324,-0.18108085,1.0835216,-0.35770935,0.41017562,0.47824946,0.32211015,-0.5014242,-0.01935838,1.3244916,0.61767995,0.26332343,-0.04211429,-0.86447835,-0.197927,-0.11326529,-0.29810247,0.04702396,1.8190993,-0.30918157,0.5717263,0.14592268,0.17936876,-0.2771895,0.11365949,1.8192636,0.46095815,0.2933977
1788699161.4074857,181,0,0.42823625,0.23755394,0.52517533,0.041575328,0.03238573,-0.99861056,0.0,0.0,0.0,0.0988333,-0.19522586,-0.047934532,-0.041093946,-0.00017780066,0.0035796165,0.017967165,0.31397027,0.076387644,-0.028049499,0.27061296,0.15134442,-0.024415802,-0.020734053,-0.020321226,0.11083998,-0.07499139,-0.019183842,0.09402358,-0.33445773,0.0003875524,-0.09146237,-0.005863836,0.028678877,0.06569013,0.094369,-0.113839306,0.056776423,-0.04211429,-0.86447835,-0.197927,-0.11326529,-0.29810247,0.04702396,1.8190993,-0.30918157,0.5717263,0.14592268,0.17936876,-0.2771895,0.11365949,1.8192636,0.46095815,0.2933977,0.1789644,0.47830367,-0.98430425,0.037452467,0.03684628,-0.9986189,0.0,0.0,0.0,0.10837072,-0.18471956,-0.03842485,-0.03403938,0.008784354,-0.0296098,0.011608899,0.34112924,0.050117373,-0.038071364,0.25535303,0.18282771,-0.0011626572,-0.048444048,-0.06248018,0.11859103,-0.016083425,-0.022090487,0.024971856,-0.27709997,0.0366237,-0.050963134,0.08947405,-0.06607769,0.039336566,0.105220474,-0.023859747,0.047668945,0.059756104,-1.373946,0.025050778,0.23450142,-0.15136892,0.8296385,0.92091084,-0.51628804,0.44254446,-0.13625024,0.5181771,0.048767198,0.27765843,1.8627752,0.87423253,0.1600988,0.22796656,-0.26418555,-1.3784521,0.03772646,0.04253488,-0.99838245,0.0,0.0,0.0,0.10600907,-0.17191216,-0.04626012,-0.036279917,-0.0045983195,-0.037287116,0.035376728,0.33885843,0.035836816,-0.036557496,0.2354607,0.18282771,0.012401677,0.0003875524,0.019916823,-0.042824537,0.0063946145,0.03352328,-0.00657154,-0.18931934,-0.028097546,0.0021315382,-0.0033363204,-0.20540276,-0.0001937762,-0.023253145,0.058335062,-0.16374087,0.29970002,-0.86506695,1.2507366,-0.010463979,-0.026823966,0.3697248,-0.16360462,-0.78028864,0.12019712,1.0159922,0.30597982,-0.2703645,-0.17502078,0.57829475,0.9871189,-0.2978902,-0.51771843,-0.20240022,-0.12676646,0.045917485,0.03623661,-0.9982881,0.0,0.0,0.0,0.08732783,-0.16113335,-0.071551085,-0.046543956,-0.022674024,-0.0073518753,0.0553599,0.30618894,0.048964143,-0.022811502,0.24230343,0.13749051,0.07460383,0.044180974,0.109694175,-0.1660662,0.037980136,-0.036429923,-0.070062734,-0.095144115,-0.06239593,0.14843257,-0.03407091,-0.28698254,-0.050188035,-0.029066429,0.09766321,-0.2156729,0.44040108,-0.114973456,1.4062673,-0.13536003,0.2837974,-0.7437949,-0.30311453,-0.85843384,-0.035864536,2.1258965,0.2660708,-0.57985693,-0.53598887,-0.24809133,0.94235665,-1.0193499,-0.2652508,0.13209277,1.0833738,0.049744613,0.03059177,-0.9982935,0.0,0.0,0.0,0.07409655,-0.16764301,-0.08763242,-0.048663378,-0.022250116,-0.007825851,0.06226319,0.274337,0.055109143,-0.018269867,0.24890393,0.12196207,0.029453982,0.06975943,0.055302043,-0.09960096,0.0007751048,-0.098825864,-0.012536478,-0.18292473,-0.06239593,0.3565482,0.024769653,-0.18990067,-0.028097546,-0.20152724,0.0026286163,-0.068403,0.2737904,0.068528585,0.4853985,-0.41971985,0.09979839,-1.0176215,0.4337722,-0.5588644,0.07013421,1.9321789,0.4073929,-0.8601612,-0.42968786,0.20456474,0.6609431,-0.31005564,0.16149765,0.03649933,0.15356906,-0.36575177,-0.00608349,-1.0822306,0.89539486,-0.31175447,0.17427164,1.6266336,0.4049962,-0.83820796,-0.4112038,0.60849524,0.50047404,0.17505729
1788699161.4291,182,0,-0.20666128,-0.6093312,1.4551511,0.043451287,0.032755427,-0.9985184,0.0,0.0,0.0,0.08493591,-0.20376414,-0.048756123,-0.052871943,-0.020039856,0.024731755,0.029593706,0.3274135,0.06907368,-0.0011630654,0.2905053,0.11880267,-0.065496355,-0.025772233,0.016378302,-0.061814606,0.0017439857,0.0052319574,-0.003740723,-0.14978899,0.0011626572,0.1660662,0.002426415,-0.09960096,0.05076936,-0.028097546,-0.05378553,0.07092209,0.16149765,0.03649933,0.15356906,-0.36575177,-0.00608349,-1.0822306,0.89539486,-0.31175447,0.17427164,1.6266336,0.4049962,-0.83820796,-0.4112038,0.60849524,0.50047404,0.17505729,0.42823625,0.23755394,0.52517533,0.041575328,0.03238573,-0.99861056,0.0,0.0,0.0,0.0988333,-0.19522586,-0.047934532,-0.041093946,-0.00017780066,0.0035796165,0.017967165,0.31397027,0.076387644,-0.028049499,0.27061296,0.15134442,-0.024415802,-0.020734053,-0.020321226,0.11083998,-0.07499139,-0.019183842,0.09402358,-0.33445773,0.0003875524,-0.09146237,-0.005863836,0.028678877,0.06569013,0.094369,-0.113839306,0.056776423,-0.04211429,-0.86447835,-0.197927,-0.11326529,-0.29810247,0.04702396,1.8190993,-0.30918157,0.5717263,0.14592268,0.17936876,-0.2771895,0.11365949,1.8192636,0.46095815,0.2933977,0.1789644,0.47830367,-0.98430425,0.037452467,0.03684628,-0.9986189,0.0,0.0,0.0,0.10837072,-0.18471956,-0.03842485,-0.03403938,0.008784354,-0.0296098,0.011608899,0.34112924,0.050117373,-0.038071364,0.25535303,0.18282771,-0.0011626572,-0.048444048,-0.06248018,0.11859103,-0.016083425,-0.022090487,0.024971856,-0.27709997,0.0366237,-0.050963134,0.08947405,-0.06607769,0.039336566,0.105220474,-0.023859747,0.047668945,0.059756104,-1.373946,0.025050778,0.23450142,-0.15136892,0.8296385,0.92091084,-0.51628804,0.44254446,-0.13625024,0.5181771,0.048767198,0.27765843,1.8627752,0.87423253,0.1600988,0.22796656,-0.26418555,-1.3784521,0.03772646,0.04253488,-0.99838245,0.0,0.0,0.0,0.10600907,-0.17191216,-0.04626012,-0.036279917,-0.0045983195,-0.037287116,0.035376728,0.33885843,0.035836816,-0.036557496,0.2354607,0.18282771,0.012401677,0.0003875524,0.019916823,-0.042824537,0.0063946145,0.03352328,-0.00657154,-0.18931934,-0.028097546,0.0021315382,-0.0033363204,-0.20540276,-0.0001937762,-0.023253145,0.058335062,-0.16374087,0.29970002,-0.86506695,1.2507366,-0.010463979,-0.026823966,0.3697248,-0.16360462,-0.78028864,0.12019712,1.0159922,0.30597982,-0.2703645,-0.17502078,0.57829475,0.9871189,-0.2978902,-0.51771843,-0.20240022,-0.12676646,0.045917485,0.03623661,-0.9982881,0.0,0.0,0.0,0.08732783,-0.16113335,-0.071551085,-0.046543956,-0.022674024,-0.0073518753,0.0553599,0.30618894,0.048964143,-0.022811502,0.24230343,0.13749051,0.07460383,0.044180974,0.109694175,-0.1660662,0.037980136,-0.036429923,-0.070062734,-0.095144115,-0.06239593,0.14843257,-0.03407091,-0.28698254,-0.050188035,-0.029066429,0.09766321,-0.2156729,0.44040108,-0.114973456,1.4062673,-0.13536003,0.2837974,-0.7437949,-0.30311453,-0.85843384,-0.035864536,2.1258965,0.2660708,-0.57985693,-0.53598887,-0.24809133,0.94235665,-1.0193499,0.30618644,0.18600756,0.8665205,-0.48845407,0.2345989,-0.7596383,-0.55769557,-0.37084484,-0.07905987,2.1285105,0.681007,-0.78530556,-0.49950796,-0.039292544,0.8017395,-0.3700132
1788699161.4487765,183,0,0.06711165,-0.27377293,0.40480044,0.03986523,0.032649092,-0.99867153,0.0,0.0,0.0,0.07576182,-0.19325784,-0.048819304,-0.06141019,-0.022734582,0.043308973,0.028170705,0.34791142,0.07417607,0.020152315,0.29056585,0.12613249,0.009301257,0.06297726,0.06086258,-0.23253143,-0.0052319574,-0.024222024,-0.08623883,0.005038181,-0.08274243,0.13409312,-0.0014154087,-0.3117859,-0.047668945,-0.0691781,0.113839306,-0.028097546,0.30618644,0.18600756,0.8665205,-0.48845407,0.2345989,-0.7596383,-0.55769557,-0.37084484,-0.07905987,2.1285105,0.681007,-0.78530556,-0.49950796,-0.039292544,0.8017395,-0.3700132,-0.20666128,-0.6093312,1.4551511,0.043451287,0.032755427,-0.9985184,0.0,0.0,0.0,0.08493591,-0.20376414,-0.048756123,-0.052871943,-0.020039856,0.024731755,0.029593706,0.3274135,0.06907368,-0.0011630654,0.2905053,0.11880267,-0.065496355,-0.025772233,0.016378302,-0.061814606,0.0017439857,0.0052319574,-0.003740723,-0.14978899,0.0011626572,0.1660662,0.002426415,-0.09960096,0.05076936,-0.028097546,-0.05378553,0.07092209,0.16149765,0.03649933,0.15356906,-0.36575177,-0.00608349,-1.0822306,0.89539486,-0.31175447,0.17427164,1.6266336,0.4049962,-0.83820796,-0.4112038,0.60849524,0.50047404,0.17505729,0.42823625,0.23755394,0.52517533,0.041575328,0.03238573,-0.99861056,0.0,0.0,0.0,0.0988333,-0.19522586,-0.047934532,-0.041093946,-0.00017780066,0.0035796165,0.017967165,0.31397027,0.076387644,-0.028049499,0.27061296,0.15134442,-0.024415802,-0.020734053,-0.020321226,0.11083998,-0.07499139,-0.019183842,0.09402358,-0.33445773,0.0003875524,-0.09146237,-0.005863836,0.028678877,0.06569013,0.094369,-0.113839306,0.056776423,-0.04211429,-0.86447835,-0.197927,-0.11326529,-0.29810247,0.04702396,1.8190993,-0.30918157,0.5717263,0.14592268,0.17936876,-0.2771895,0.11365949,1.8192636,0.46095815,0.2933977,0.1789644,0.47830367,-0.98430425,0.037452467,0.03684628,-0.9986189,0.0,0.0,0.0,0.10837072,-0.18471956,-0.03842485,-0.03403938,0.008784354,-0.0296098,0.011608899,0.34112924,0.050117373,-0.038071364,0.25535303,0.18282771,-0.0011626572,-0.048444048,-0.06248018,0.11859103,-0.016083425,-0.022090487,0.024971856,-0.27709997,0.0366237,-0.050963134,0.08947405,-0.06607769,0.039336566,0.105220474,-0.023859747,0.047668945,0.059756104,-1.373946,0.025050778,0.23450142,-0.15136892,0.8296385,0.92091084,-0.51628804,0.44254446,-0.13625024,0.5181771,0.048767198,0.27765843,1.8627752,0.87423253,0.1600988,0.22796656,-0.26418555,-1.3784521,0.03772646,0.04253488,-0.99838245,0.0,0.0,0.0,0.10600907,-0.17191216,-0.04626012,-0.036279917,-0.0045983195,-0.037287116,0.035376728,0.33885843,0.035836816,-0.036557496,0.2354607,0.18282771,0.012401677,0.0003875524,0.019916823,-0.042824537,0.0063946145,0.03352328,-0.00657154,-0.18931934,-0.028097546,0.0021315382,-0.0033363204,-0.20540276,-0.0001937762,-0.023253145,0.058335062,-0.16374087,0.29970002,-0.86506695,1.2507366,-0.010463979,-0.026823966,0.3697248,-0.16360462,-0.78028864,0.12019712,1.0159922,0.30597982,-0.2703645,-0.17502078,0.57829475,0.9871189,-0.2978902,0.27511716,-0.48648018,1.1866176,-0.5976066,0.010353558,0.03281094,-0.2508449,-0.60074705,0.08013661,1.4538906,0.40587825,-0.66669637,-0.33834985,0.36305296,0.9072266,-0.1927345
1788699161.4688144,184,0,0.064981125,0.06178533,-0.90547466,0.035874624,0.03633442,-0.9986956,0.0,0.0,0.0,0.088902265,-0.1802082,-0.036987305,-0.057171345,-0.015346885,-0.013417959,0.013425529,0.365866,0.07967341,0.008798242,0.28393507,0.16413999,0.03100419,-0.018796291,0.019108018,-0.2798128,0.014533214,0.1106462,-0.05884057,-0.08061089,-0.009301257,-0.03817391,0.029521381,-0.37301916,-0.045731183,-0.028678877,0.014558489,0.009301257,0.27511716,-0.48648018,1.1866176,-0.5976066,0.010353558,0.03281094,-0.2508449,-0.60074705,0.08013661,1.4538906,0.40587825,-0.66669637,-0.33834985,0.36305296,0.9072266,-0.1927345,0.06711165,-0.27377293,0.40480044,0.03986523,0.032649092,-0.99867153,0.0,0.0,0.0,0.07576182,-0.19325784,-0.048819304,-0.06141019,-0.022734582,0.043308973,0.028170705,0.34791142,0.07417607,0.020152315,0.29056585,0.12613249,0.009301257,0.06297726,0.06086258,-0.23253143,-0.0052319574,-0.024222024,-0.08623883,0.005038181,-0.08274243,0.13409312,-0.0014154087,-0.3117859,-0.047668945,-0.0691781,0.113839306,-0.028097546,0.30618644,0.18600756,0.8665205,-0.48845407,0.2345989,-0.7596383,-0.55769557,-0.37084484,-0.07905987,2.1285105,0.681007,-0.78530556,-0.49950796,-0.039292544,0.8017395,-0.3700132,-0.20666128,-0.6093312,1.4551511,0.043451287,0.032755427,-0.9985184,0.0,0.0,0.0,0.08493591,-0.20376414,-0.048756123,-0.052871943,-0.020039856,0.024731755,0.029593706,0.3274135,0.06907368,-0.0011630654,0.2905053,0.11880267,-0.065496355,-0.025772233,0.016378302,-0.061814606,0.0017439857,0.0052319574,-0.003740723,-0.14978899,0.0011626572,0.1660662,0.002426415,-0.09960096,0.05076936,-0.028097546,-0.05378553,0.07092209,0.16149765,0.03649933,0.15356906,-0.36575177,-0.00608349,-1.0822306,0.89539486,-0.31175447,0.17427164,1.6266336,0.4049962,-0.83820796,-0.4112038,0.60849524,0.50047404,0.17505729,0.42823625,0.23755394,0.52517533,0.041575328,0.03238573,-0.99861056,0.0,0.0,0.0,0.0988333,-0.19522586,-0.047934532,-0.041093946,-0.00017780066,0.0035796165,0.017967165,0.31397027,0.076387644,-0.028049499,0.27061296,0.15134442,-0.024415802,-0.020734053,-0.020321226,0.11083998,-0.07499139,-0.019183842,0.09402358,-0.33445773,0.0003875524,-0.09146237,-0.005863836,0.028678877,0.06569013,0.094369,-0.113839306,0.056776423,-0.04211429,-0.86447835,-0.197927,-0.11326529,-0.29810247,0.04702396,1.8190993,-0.30918157,0.5717263,0.14592268,0.17936876,-0.2771895,0.11365949,1.8192636,0.46095815,0.2933977,0.1789644,0.47830367,-0.98430425,0.037452467,0.03684628,-0.9986189,0.0,0.0,0.0,0.10837072,-0.18471956,-0.03842485,-0.03403938,0.008784354,-0.0296098,0.011608899,0.34112924,0.050117373,-0.038071364,0.25535303,0.18282771,-0.0011626572,-0.048444048,-0.06248018,0.11859103,-0.016083425,-0.022090487,0.024971856,-0.27709997,0.0366237,-0.050963134,0.08947405,-0.06607769,0.039336566,0.105220474,-0.023859747,0.047668945,0.059756104,-1.373946,0.025050778,0.23450142,-0.15136892,0.8296385,0.92091084,-0.51628804,0.44254446,-0.13625024,0.5181771,0.048767198,0.27765843,1.8627752,0.87423253,0.1600988,0.01879189,-1.3519912,0.8255907,-0.31205648,-0.21008416,0.7225467,0.7041438,-0.23084402,0.30943346,0.21361083,0.5409669,-0.14188315,0.2742964,1.7924799,0.82769495,0.57750875
1788699161.4875565,185,0,0.7403587,0.46658576,-1.0865695,0.040622037,0.028812122,-0.99875915,0.0,0.0,0.0,0.092989735,-0.18144959,-0.03412807,-0.04899645,0.001305759,-0.035865426,-0.013097584,0.3523925,0.09036803,0.00867714,0.29625803,0.16276562,-0.0069759428,0.0052319574,-0.025578458,-0.11471551,-0.015502095,0.012207901,0.014052987,-0.1660662,-0.037398808,-0.1245981,0.034374215,-0.1131653,0.05871419,0.17691766,-0.022242136,0.095144115,0.01879189,-1.3519912,0.8255907,-0.31205648,-0.21008416,0.7225467,0.7041438,-0.23084402,0.30943346,0.21361083,0.5409669,-0.14188315,0.2742964,1.7924799,0.82769495,0.57750875,0.064981125,0.06178533,-0.90547466,0.035874624,0.03633442,-0.9986956,0.0,0.0,0.0,0.088902265,-0.1802082,-0.036987305,-0.057171345,-0.015346885,-0.013417959,0.013425529,0.365866,0.07967341,0.008798242,0.28393507,0.16413999,0.03100419,-0.018796291,0.019108018,-0.2798128,0.014533214,0.1106462,-0.05884057,-0.08061089,-0.009301257,-0.03817391,0.029521381,-0.37301916,-0.045731183,-0.028678877,0.014558489,0.009301257,0.27511716,-0.48648018,1.1866176,-0.5976066,0.010353558,0.03281094,-0.2508449,-0.60074705,0.08013661,1.4538906,0.40587825,-0.66669637,-0.33834985,0.36305296,0.9072266,-0.1927345,0.06711165,-0.27377293,0.40480044,0.03986523,0.032649092,-0.99867153,0.0,0.0,0.0,0.07576182,-0.19325784,-0.048819304,-0.06141019,-0.022734582,0.043308973,0.028170705,0.34791142,0.07417607,0.020152315,0.29056585,0.12613249,0.009301257,0.06297726,0.06086258,-0.23253143,-0.0052319574,-0.024222024,-0.08623883,0.005038181,-0.08274243,0.13409312,-0.0014154087,-0.3117859,-0.047668945,-0.0691781,0.113839306,-0.028097546,0.30618644,0.18600756,0.8665205,-0.48845407,0.2345989,-0.7596383,-0.55769557,-0.37084484,-0.07905987,2.1285105,0.681007,-0.78530556,-0.49950796,-0.039292544,0.8017395,-0.3700132,-0.20666128,-0.6093312,1.4551511,0.043451287,0.032755427,-0.9985184,0.0,0.0,0.0,0.08493591,-0.20376414,-0.048756123,-0.052871943,-0.020039856,0.024731755,0.029593706,0.3274135,0.06907368,-0.0011630654,0.2905053,0.11880267,-0.065496355,-0.025772233,0.016378302,-0.061814606,0.0017439857,0.0052319574,-0.003740723,-0.14978899,0.0011626572,0.1660662,0.002426415,-0.09960096,0.05076936,-0.028097546,-0.05378553,0.07092209,0.16149765,0.03649933,0.15356906,-0.36575177,-0.00608349,-1.0822306,0.89539486,-0.31175447,0.17427164,1.6266336,0.4049962,-0.83820796,-0.4112038,0.60849524,0.50047404,0.17505729,0.42823625,0.23755394,0.52517533,0.041575328,0.03238573,-0.99861056,0.0,0.0,0.0,0.0988333,-0.19522586,-0.047934532,-0.041093946,-0.00017780066,0.0035796165,0.017967165,0.31397027,0.076387644,-0.028049499,0.27061296,0.15134442,-0.024415802,-0.020734053,-0.020321226,0.11083998,-0.07499139,-0.019183842,0.09402358,-0.33445773,0.0003875524,-0.09146237,-0.005863836,0.028678877,0.06569013,0.094369,-0.113839306,0.056776423,-0.04211429,-0.86447835,-0.197927,-0.11326529,-0.29810247,0.04702396,1.8190993,-0.30918157,0.5717263,0.14592268,0.17936876,-0.2771895,0.11365949,1.8192636,0.46095815,0.2933977,-0.14929686,-1.2826017,-0.12851213,-0.37327722,-0.3688543,0.13977695,1.9384181,-0.025171736,0.49130315,0.12412188,0.32492802,-0.25930995,0.22231886,1.9039049,0.4240092,0.61687446
1788699161.5087726,186,0,0.9012136,0.13741909,0.08841694,0.044017337,0.0166762,-0.9988916,0.0,0.0,0.0,0.0815751,-0.18620318,-0.03663969,-0.054143548,-0.016467154,-0.016435146,-0.021787226,0.33250004,0.105359316,0.006376043,0.3112151,0.14093423,-0.06123328,-0.035848595,-0.07531997,0.02693489,-0.049412932,-0.03817391,0.27802673,-0.13215537,-0.015114543,-0.07441006,0.028712576,0.04127433,0.013370558,0.090105936,-0.083104715,0.16974795,-0.14929686,-1.2826017,-0.12851213,-0.37327722,-0.3688543,0.13977695,1.9384181,-0.025171736,0.49130315,0.12412188,0.32492802,-0.25930995,0.22231886,1.9039049,0.4240092,0.61687446,0.7403587,0.46658576,-1.0865695,0.040622037,0.028812122,-0.99875915,0.0,0.0,0.0,0.092989735,-0.18144959,-0.03412807,-0.04899645,0.001305759,-0.035865426,-0.013097584,0.3523925,0.09036803,0.00867714,0.29625803,0.16276562,-0.0069759428,0.0052319574,-0.025578458,-0.11471551,-0.015502095,0.012207901,0.014052987,-0.1660662,-0.037398808,-0.1245981,0.034374215,-0.1131653,0.05871419,0.17691766,-0.022242136,0.095144115,0.01879189,-1.3519912,0.8255907,-0.31205648,-0.21008416,0.7225467,0.7041438,-0.23084402,0.30943346,0.21361083,0.5409669,-0.14188315,0.2742964,1.7924799,0.82769495,0.57750875,0.064981125,0.06178533,-0.90547466,0.035874624,0.03633442,-0.9986956,0.0,0.0,0.0,0.088902265,-0.1802082,-0.036987305,-0.057171345,-0.015346885,-0.013417959,0.013425529,0.365866,0.07967341,0.008798242,0.28393507,0.16413999,0.03100419,-0.018796291,0.019108018,-0.2798128,0.014533214,0.1106462,-0.05884057,-0.08061089,-0.009301257,-0.03817391,0.029521381,-0.37301916,-0.045731183,-0.028678877,0.014558489,0.009301257,0.27511716,-0.48648018,1.1866176,-0.5976066,0.010353558,0.03281094,-0.2508449,-0.60074705,0.08013661,1.4538906,0.40587825,-0.66669637,-0.33834985,0.36305296,0.9072266,-0.1927345,0.06711165,-0.27377293,0.40480044,0.03986523,0.032649092,-0.99867153,0.0,0.0,0.0,0.07576182,-0.19325784,-0.048819304,-0.06141019,-0.022734582,0.043308973,0.028170705,0.34791142,0.07417607,0.020152315,0.29056585,0.12613249,0.009301257,0.06297726,0.06086258,-0.23253143,-0.0052319574,-0.024222024,-0.08623883,0.005038181,-0.08274243,0.13409312,-0.0014154087,-0.3117859,-0.047668945,-0.0691781,0.113839306,-0.028097546,0.30618644,0.18600756,0.8665205,-0.48845407,0.2345989,-0.7596383,-0.55769557,-0.37084484,-0.07905987,2.1285105,0.681007,-0.78530556,-0.49950796,-0.039292544,0.8017395,-0.3700132,-0.20666128,-0.6093312,1.4551511,0.043451287,0.032755427,-0.9985184,0.0,0.0,0.0,0.08493591,-0.20376414,-0.048756123,-0.052871943,-0.020039856,0.024731755,0.029593706,0.3274135,0.06907368,-0.0011630654,0.2905053,0.11880267,-0.065496355,-0.025772233,0.016378302,-0.061814606,0.0017439857,0.0052319574,-0.003740723,-0.14978899,0.0011626572,0.1660662,0.002426415,-0.09960096,0.05076936,-0.028097546,-0.05378553,0.07092209,0.16149765,0.03649933,0.15356906,-0.36575177,-0.00608349,-1.0822306,0.89539486,-0.31175447,0.17427164,1.6266336,0.4049962,-0.83820796,-0.4112038,0.60849524,0.50047404,0.17505729,-0.001401005,-0.37669626,-0.15953512,-0.59062815,-0.13578099,-1.1426375,1.6484673,-0.11583655,0.26295465,1.1158562,0.51817507,-0.6141488,-0.3084333,0.92206454,0.34844324,0.48032507
1788699161.5273595,187,0,-0.26418555,-0.79255664,1.4231931,0.043411143,0.012350909,-0.998981,0.0,0.0,0.0,0.06349942,-0.17878518,-0.05398488,-0.06934297,-0.052921295,0.031303287,-0.014036179,0.32789797,0.10891366,0.025783941,0.32919997,0.10960877,-0.049606707,0.05038181,-0.0070770434,-0.091849916,-0.02751622,-0.03061664,0.046809588,-0.048444048,0.047281392,0.06665901,0.027903771,-0.074797615,0.044180974,-0.018990068,-0.05772846,0.22284262,-0.001401005,-0.37669626,-0.15953512,-0.59062815,-0.13578099,-1.1426375,1.6484673,-0.11583655,0.26295465,1.1158562,0.51817507,-0.6141488,-0.3084333,0.92206454,0.34844324,0.48032507,0.9012136,0.13741909,0.08841694,0.044017337,0.0166762,-0.9988916,0.0,0.0,0.0,0.0815751,-0.18620318,-0.03663969,-0.054143548,-0.016467154,-0.016435146,-0.021787226,0.33250004,0.105359316,0.006376043,0.3112151,0.14093423,-0.06123328,-0.035848595,-0.07531997,0.02693489,-0.049412932,-0.03817391,0.27802673,-0.13215537,-0.015114543,-0.07441006,0.028712576,0.04127433,0.013370558,0.090105936,-0.083104715,0.16974795,-0.14929686,-1.2826017,-0.12851213,-0.37327722,-0.3688543,0.13977695,1.9384181,-0.025171736,0.49130315,0.12412188,0.32492802,-0.25930995,0.22231886,1.9039049,0.4240092,0.61687446,0.7403587,0.46658576,-1.0865695,0.040622037,0.028812122,-0.99875915,0.0,0.0,0.0,0.092989735,-0.18144959,-0.03412807,-0.04899645,0.001305759,-0.035865426,-0.013097584,0.3523925,0.09036803,0.00867714,0.29625803,0.16276562,-0.0069759428,0.0052319574,-0.025578458,-0.11471551,-0.015502095,0.012207901,0.014052987,-0.1660662,-0.037398808,-0.1245981,0.034374215,-0.1131653,0.05871419,0.17691766,-0.022242136,0.095144115,0.01879189,-1.3519912,0.8255907,-0.31205648,-0.21008416,0.7225467,0.7041438,-0.23084402,0.30943346,0.21361083,0.5409669,-0.14188315,0.2742964,1.7924799,0.82769495,0.57750875,0.064981125,0.06178533,-0.90547466,0.035874624,0.03633442,-0.9986956,0.0,0.0,0.0,0.088902265,-0.1802082,-0.036987305,-0.057171345,-0.015346885,-0.013417959,0.013425529,0.365866,0.07967341,0.008798242,0.28393507,0.16413999,0.03100419,-0.018796291,0.019108018,-0.2798128,0.014533214,0.1106462,-0.05884057,-0.08061089,-0.009301257,-0.03817391,0.029521381,-0.37301916,-0.045731183,-0.028678877,0.014558489,0.009301257,0.27511716,-0.48648018,1.1866176,-0.5976066,0.010353558,0.03281094,-0.2508449,-0.60074705,0.08013661,1.4538906,0.40587825,-0.66669637,-0.33834985,0.36305296,0.9072266,-0.1927345,0.06711165,-0.27377293,0.40480044,0.03986523,0.032649092,-0.99867153,0.0,0.0,0.0,0.07576182,-0.19325784,-0.048819304,-0.06141019,-0.022734582,0.043308973,0.028170705,0.34791142,0.07417607,0.020152315,0.29056585,0.12613249,0.009301257,0.06297726,0.06086258,-0.23253143,-0.0052319574,-0.024222024,-0.08623883,0.005038181,-0.08274243,0.13409312,-0.0014154087,-0.3117859,-0.047668945,-0.0691781,0.113839306,-0.028097546,0.30618644,0.18600756,0.8665205,-0.48845407,0.2345989,-0.7596383,-0.55769557,-0.37084484,-0.07905987,2.1285105,0.681007,-0.78530556,-0.49950796,-0.039292544,0.8017395,-0.3700132,0.17056203,0.24891263,0.6594607,-0.39119828,0.29495668,-1.0198296,-0.21895409,-0.11549141,-0.121698216,2.0560398,0.78535277,-0.4830074,-0.5573231,-0.043823905,0.76890624,0.0092163
1788699161.5472426,188,0,-0.4420847,0.10013484,0.85114616,0.041858144,0.016592707,-0.9989859,0.0,0.0,0.0,0.056051143,-0.17327467,-0.049782872,-0.07785094,-0.0681206,0.05988002,-0.004347384,0.35054547,0.118644595,0.05155012,0.32238752,0.11314738,-0.015114543,0.015889648,0.06339009,-0.1782741,0.008332376,-0.052125793,-0.070770435,0.04127433,-0.055807542,0.16916662,0.06025597,-0.1441695,-0.006007062,-0.074216284,0.15903129,0.059101738,0.17056203,0.24891263,0.6594607,-0.39119828,0.29495668,-1.0198296,-0.21895409,-0.11549141,-0.121698216,2.0560398,0.78535277,-0.4830074,-0.5573231,-0.043823905,0.76890624,0.0092163,-0.26418555,-0.79255664,1.4231931,0.043411143,0.012350909,-0.998981,0.0,0.0,0.0,0.06349942,-0.17878518,-0.05398488,-0.06934297,-0.052921295,0.031303287,-0.014036179,0.32789797,0.10891366,0.025783941,0.32919997,0.10960877,-0.049606707,0.05038181,-0.0070770434,-0.091849916,-0.02751622,-0.03061664,0.046809588,-0.048444048,0.047281392,0.06665901,0.027903771,-0.074797615,0.044180974,-0.018990068,-0.05772846,0.22284262,-0.001401005,-0.37669626,-0.15953512,-0.59062815,-0.13578099,-1.1426375,1.6484673,-0.11583655,0.26295465,1.1158562,0.51817507,-0.6141488,-0.3084333,0.92206454,0.34844324,0.48032507,0.9012136,0.13741909,0.08841694,0.044017337,0.0166762,-0.9988916,0.0,0.0,0.0,0.0815751,-0.18620318,-0.03663969,-0.054143548,-0.016467154,-0.016435146,-0.021787226,0.33250004,0.105359316,0.006376043,0.3112151,0.14093423,-0.06123328,-0.035848595,-0.07531997,0.02693489,-0.049412932,-0.03817391,0.27802673,-0.13215537,-0.015114543,-0.07441006,0.028712576,0.04127433,0.013370558,0.090105936,-0.083104715,0.16974795,-0.14929686,-1.2826017,-0.12851213,-0.37327722,-0.3688543,0.13977695,1.9384181,-0.025171736,0.49130315,0.12412188,0.32492802,-0.25930995,0.22231886,1.9039049,0.4240092,0.61687446,0.7403587,0.46658576,-1.0865695,0.040622037,0.028812122,-0.99875915,0.0,0.0,0.0,0.092989735,-0.18144959,-0.03412807,-0.04899645,0.001305759,-0.035865426,-0.013097584,0.3523925,0.09036803,0.00867714,0.29625803,0.16276562,-0.0069759428,0.0052319574,-0.025578458,-0.11471551,-0.015502095,0.012207901,0.014052987,-0.1660662,-0.037398808,-0.1245981,0.034374215,-0.1131653,0.05871419,0.17691766,-0.022242136,0.095144115,0.01879189,-1.3519912,0.8255907,-0.31205648,-0.21008416,0.7225467,0.7041438,-0.23084402,0.30943346,0.21361083,0.5409669,-0.14188315,0.2742964,1.7924799,0.82769495,0.57750875,0.064981125,0.06178533,-0.90547466,0.035874624,0.03633442,-0.9986956,0.0,0.0,0.0,0.088902265,-0.1802082,-0.036987305,-0.057171345,-0.015346885,-0.013417959,0.013425529,0.365866,0.07967341,0.008798242,0.28393507,0.16413999,0.03100419,-0.018796291,0.019108018,-0.2798128,0.014533214,0.1106462,-0.05884057,-0.08061089,-0.009301257,-0.03817391,0.029521381,-0.37301916,-0.045731183,-0.028678877,0.014558489,0.009301257,0.27511716,-0.48648018,1.1866176,-0.5976066,0.010353558,0.03281094,-0.2508449,-0.60074705,0.08013661,1.4538906,0.40587825,-0.66669637,-0.33834985,0.36305296,0.9072266,-0.1927345,0.20815642,-0.2244319,1.2791663,-0.6142222,0.16559818,-0.3487569,-0.20907328,-0.57468563,0.021954808,1.7702326,0.58213305,-0.47186908,-0.45932516,0.18837245,0.86143494,-0.15475099
1788699161.5674517,189,0,-0.09480853,0.09374326,-0.47404262,0.038872603,0.0239617,-0.9989569,0.0,0.0,0.0,0.066224396,-0.16158754,-0.03482318,-0.07128072,-0.075145006,0.013958216,-0.0057098866,0.36453372,0.12550044,0.038016066,0.29519826,0.16680968,0.032360625,0.04786272,0.05044921,-0.2896954,0.014533214,-0.018990068,-0.070062734,-0.0887495,-0.034685936,0.043599647,0.00050550315,-0.20966582,-0.08002957,-0.08797439,0.046101887,0.018408738,0.20815642,-0.2244319,1.2791663,-0.6142222,0.16559818,-0.3487569,-0.20907328,-0.57468563,0.021954808,1.7702326,0.58213305,-0.47186908,-0.45932516,0.18837245,0.86143494,-0.15475099,-0.4420847,0.10013484,0.85114616,0.041858144,0.016592707,-0.9989859,0.0,0.0,0.0,0.056051143,-0.17327467,-0.049782872,-0.07785094,-0.0681206,0.05988002,-0.004347384,0.35054547,0.118644595,0.05155012,0.32238752,0.11314738,-0.015114543,0.015889648,0.06339009,-0.1782741,0.008332376,-0.052125793,-0.070770435,0.04127433,-0.055807542,0.16916662,0.06025597,-0.1441695,-0.006007062,-0.074216284,0.15903129,0.059101738,0.17056203,0.24891263,0.6594607,-0.39119828,0.29495668,-1.0198296,-0.21895409,-0.11549141,-0.121698216,2.0560398,0.78535277,-0.4830074,-0.5573231,-0.043823905,0.76890624,0.0092163,-0.26418555,-0.79255664,1.4231931,0.043411143,0.012350909,-0.998981,0.0,0.0,0.0,0.06349942,-0.17878518,-0.05398488,-0.06934297,-0.052921295,0.031303287,-0.014036179,0.32789797,0.10891366,0.025783941,0.32919997,0.10960877,-0.049606707,0.05038181,-0.0070770434,-0.091849916,-0.02751622,-0.03061664,0.046809588,-0.048444048,0.047281392,0.06665901,0.027903771,-0.074797615,0.044180974,-0.018990068,-0.05772846,0.22284262,-0.001401005,-0.37669626,-0.15953512,-0.59062815,-0.13578099,-1.1426375,1.6484673,-0.11583655,0.26295465,1.1158562,0.51817507,-0.6141488,-0.3084333,0.92206454,0.34844324,0.48032507,0.9012136,0.13741909,0.08841694,0.044017337,0.0166762,-0.9988916,0.0,0.0,0.0,0.0815751,-0.18620318,-0.03663969,-0.054143548,-0.016467154,-0.016435146,-0.021787226,0.33250004,0.105359316,0.006376043,0.3112151,0.14093423,-0.06123328,-0.035848595,-0.07531997,0.02693489,-0.049412932,-0.03817391,0.27802673,-0.13215537,-0.015114543,-0.07441006,0.028712576,0.04127433,0.013370558,0.090105936,-0.083104715,0.16974795,-0.14929686,-1.2826017,-0.12851213,-0.37327722,-0.3688543,0.13977695,1.9384181,-0.025171736,0.49130315,0.12412188,0.32492802,-0.25930995,0.22231886,1.9039049,0.4240092,0.61687446,0.7403587,0.46658576,-1.0865695,0.040622037,0.028812122,-0.99875915,0.0,0.0,0.0,0.092989735,-0.18144959,-0.03412807,-0.04899645,0.001305759,-0.035865426,-0.013097584,0.3523925,0.09036803,0.00867714,0.29625803,0.16276562,-0.0069759428,0.0052319574,-0.025578458,-0.11471551,-0.015502095,0.012207901,0.014052987,-0.1660662,-0.037398808,-0.1245981,0.034374215,-0.1131653,0.05871419,0.17691766,-0.022242136,0.095144115,0.01879189,-1.3519912,0.8255907,-0.31205648,-0.21008416,0.7225467,0.7041438,-0.23084402,0.30943346,0.21361083,0.5409669,-0.14188315,0.2742964,1.7924799,0.82769495,0.57750875,0.039073374,-1.2858818,1.3955213,-0.35562143,-0.12537554,0.5439157,0.21371308,-0.50443894,0.23735417,0.77811575,0.524247,-0.056013774,0.08275779,1.2759304,1.0515803,0.43685693
1788699161.587448,190,0,0.64022386,0.060720067,-0.9491505,0.040615354,0.023416558,-0.9989004,0.0,0.0,0.0,0.07340017,-0.17400134,-0.026150584,-0.05811,-0.06442672,-0.01057446,-0.030204415,0.35187775,0.12749088,0.033989146,0.30007297,0.17281246,0.016470976,0.028678877,0.0069759428,-0.11781593,0.049606707,-0.026547337,0.0031341196,-0.20889072,-0.07596027,-0.038949013,-0.005762736,-0.07867313,0.026353562,0.064139925,-0.018400313,0.08390509,0.039073374,-1.2858818,1.3955213,-0.35562143,-0.12537554,0.5439157,0.21371308,-0.50443894,0.23735417,0.77811575,0.524247,-0.056013774,0.08275779,1.2759304,1.0515803,0.43685693,-0.09480853,0.09374326,-0.47404262,0.038872603,0.0239617,-0.9989569,0.0,0.0,0.0,0.066224396,-0.16158754,-0.03482318,-0.07128072,-0.075145006,0.013958216,-0.0057098866,0.36453372,0.12550044,0.038016066,0.29519826,0.16680968,0.032360625,0.04786272,0.05044921,-0.2896954,0.014533214,-0.018990068,-0.070062734,-0.0887495,-0.034685936,0.043599647,0.00050550315,-0.20966582,-0.08002957,-0.08797439,0.046101887,0.018408738,0.20815642,-0.2244319,1.2791663,-0.6142222,0.16559818,-0.3487569,-0.20907328,-0.57468563,0.021954808,1.7702326,0.58213305,-0.47186908,-0.45932516,0.18837245,0.86143494,-0.15475099,-0.4420847,0.10013484,0.85114616,0.041858144,0.016592707,-0.9989859,0.0,0.0,0.0,0.056051143,-0.17327467,-0.049782872,-0.07785094,-0.0681206,0.05988002,-0.004347384,0.35054547,0.118644595,0.05155012,0.32238752,0.11314738,-0.015114543,0.015889648,0.06339009,-0.1782741,0.008332376,-0.052125793,-0.070770435,0.04127433,-0.055807542,0.16916662,0.06025597,-0.1441695,-0.006007062,-0.074216284,0.15903129,0.059101738,0.17056203,0.24891263,0.6594607,-0.39119828,0.29495668,-1.0198296,-0.21895409,-0.11549141,-0.121698216,2.0560398,0.78535277,-0.4830074,-0.5573231,-0.043823905,0.76890624,0.0092163,-0.26418555,-0.79255664,1.4231931,0.043411143,0.012350909,-0.998981,0.0,0.0,0.0,0.06349942,-0.17878518,-0.05398488,-0.06934297,-0.052921295,0.031303287,-0.014036179,0.32789797,0.10891366,0.025783941,0.32919997,0.10960877,-0.049606707,0.05038181,-0.0070770434,-0.091849916,-0.02751622,-0.03061664,0.046809588,-0.048444048,0.047281392,0.06665901,0.027903771,-0.074797615,0.044180974,-0.018990068,-0.05772846,0.22284262,-0.001401005,-0.37669626,-0.15953512,-0.59062815,-0.13578099,-1.1426375,1.6484673,-0.11583655,0.26295465,1.1158562,0.51817507,-0.6141488,-0.3084333,0.92206454,0.34844324,0.48032507,0.9012136,0.13741909,0.08841694,0.044017337,0.0166762,-0.9988916,0.0,0.0,0.0,0.0815751,-0.18620318,-0.03663969,-0.054143548,-0.016467154,-0.016435146,-0.021787226,0.33250004,0.105359316,0.006376043,0.3112151,0.14093423,-0.06123328,-0.035848595,-0.07531997,0.02693489,-0.049412932,-0.03817391,0.27802673,-0.13215537,-0.015114543,-0.07441006,0.028712576,0.04127433,0.013370558,0.090105936,-0.083104715,0.16974795,-0.14929686,-1.2826017,-0.12851213,-0.37327722,-0.3688543,0.13977695,1.9384181,-0.025171736,0.49130315,0.12412188,0.32492802,-0.25930995,0.22231886,1.9039049,0.4240092,0.61687446,-0.072075225,-1.2853487,0.3226201,-0.052662805,-0.18569717,0.42772833,1.1290618,-0.36787516,0.31660128,0.4641663,0.40212214,0.1324755,0.22078966,1.7113194,0.8466737,0.6222538
1788699161.6075642,191,0,0.5645901,0.15978965,-0.33555827,0.043175846,0.014288965,-0.9989654,0.0,0.0,0.0,0.06670883,-0.17911822,-0.019278884,-0.046543956,-0.061641216,-0.016340375,-0.04422289,0.33825284,0.13207197,0.02726753,0.30270714,0.16385555,-0.045343634,-0.04553741,-0.034677517,0.06704656,0.02499713,0.013370558,0.07552217,-0.21916087,-0.008526153,-0.03701125,0.012536478,0.058132857,-0.012014124,0.037786357,-0.058335062,0.056776423,-0.072075225,-1.2853487,0.3226201,-0.052662805,-0.18569717,0.42772833,1.1290618,-0.36787516,0.31660128,0.4641663,0.40212214,0.1324755,0.22078966,1.7113194,0.8466737,0.6222538,0.64022386,0.060720067,-0.9491505,0.040615354,0.023416558,-0.9989004,0.0,0.0,0.0,0.07340017,-0.17400134,-0.026150584,-0.05811,-0.06442672,-0.01057446,-0.030204415,0.35187775,0.12749088,0.033989146,0.30007297,0.17281246,0.016470976,0.028678877,0.0069759428,-0.11781593,0.049606707,-0.026547337,0.0031341196,-0.20889072,-0.07596027,-0.038949013,-0.005762736,-0.07867313,0.026353562,0.064139925,-0.018400313,0.08390509,0.039073374,-1.2858818,1.3955213,-0.35562143,-0.12537554,0.5439157,0.21371308,-0.50443894,0.23735417,0.77811575,0.524247,-0.056013774,0.08275779,1.2759304,1.0515803,0.43685693,-0.09480853,0.09374326,-0.47404262,0.038872603,0.0239617,-0.9989569,0.0,0.0,0.0,0.066224396,-0.16158754,-0.03482318,-0.07128072,-0.075145006,0.013958216,-0.0057098866,0.36453372,0.12550044,0.038016066,0.29519826,0.16680968,0.032360625,0.04786272,0.05044921,-0.2896954,0.014533214,-0.018990068,-0.070062734,-0.0887495,-0.034685936,0.043599647,0.00050550315,-0.20966582,-0.08002957,-0.08797439,0.046101887,0.018408738,0.20815642,-0.2244319,1.2791663,-0.6142222,0.16559818,-0.3487569,-0.20907328,-0.57468563,0.021954808,1.7702326,0.58213305,-0.47186908,-0.45932516,0.18837245,0.86143494,-0.15475099,-0.4420847,0.10013484,0.85114616,0.041858144,0.016592707,-0.9989859,0.0,0.0,0.0,0.056051143,-0.17327467,-0.049782872,-0.07785094,-0.0681206,0.05988002,-0.004347384,0.35054547,0.118644595,0.05155012,0.32238752,0.11314738,-0.015114543,0.015889648,0.06339009,-0.1782741,0.008332376,-0.052125793,-0.070770435,0.04127433,-0.055807542,0.16916662,0.06025597,-0.1441695,-0.006007062,-0.074216284,0.15903129,0.059101738,0.17056203,0.24891263,0.6594607,-0.39119828,0.29495668,-1.0198296,-0.21895409,-0.11549141,-0.121698216,2.0560398,0.78535277,-0.4830074,-0.5573231,-0.043823905,0.76890624,0.0092163,-0.26418555,-0.79255664,1.4231931,0.043411143,0.012350909,-0.998981,0.0,0.0,0.0,0.06349942,-0.17878518,-0.05398488,-0.06934297,-0.052921295,0.031303287,-0.014036179,0.32789797,0.10891366,0.025783941,0.32919997,0.10960877,-0.049606707,0.05038181,-0.0070770434,-0.091849916,-0.02751622,-0.03061664,0.046809588,-0.048444048,0.047281392,0.06665901,0.027903771,-0.074797615,0.044180974,-0.018990068,-0.05772846,0.22284262,-0.001401005,-0.37669626,-0.15953512,-0.59062815,-0.13578099,-1.1426375,1.6484673,-0.11583655,0.26295465,1.1158562,0.51817507,-0.6141488,-0.3084333,0.92206454,0.34844324,0.48032507,0.029778225,-0.6122354,-0.031421926,-0.31054038,-0.079348594,-0.255562,1.3051044,-0.49780956,0.24431169,0.7729529,0.61801773,-0.13620423,-0.12430125,1.2545639,0.6959242,0.48238266
1788699161.6275146,192,0,-0.427171,-0.26738134,0.63702804,0.04099319,0.009926417,-0.99911016,0.0,0.0,0.0,0.057837516,-0.17839158,-0.023559809,-0.040730715,-0.06839311,0.016312003,-0.0439201,0.33295423,0.13363588,0.018123716,0.30488712,0.14377761,0.008332376,-0.025578458,-0.020321226,0.026353562,-0.02538468,0.0040693,0.05550424,-0.22691193,0.048056494,-0.0056195096,0.015468395,0.05328845,-0.03061664,0.0062008384,-0.03386871,0.118203476,0.029778225,-0.6122354,-0.031421926,-0.31054038,-0.079348594,-0.255562,1.3051044,-0.49780956,0.24431169,0.7729529,0.61801773,-0.13620423,-0.12430125,1.2545639,0.6959242,0.48238266,0.5645901,0.15978965,-0.33555827,0.043175846,0.014288965,-0.9989654,0.0,0.0,0.0,0.06670883,-0.17911822,-0.019278884,-0.046543956,-0.061641216,-0.016340375,-0.04422289,0.33825284,0.13207197,0.02726753,0.30270714,0.16385555,-0.045343634,-0.04553741,-0.034677517,0.06704656,0.02499713,0.013370558,0.07552217,-0.21916087,-0.008526153,-0.03701125,0.012536478,0.058132857,-0.012014124,0.037786357,-0.058335062,0.056776423,-0.072075225,-1.2853487,0.3226201,-0.052662805,-0.18569717,0.42772833,1.1290618,-0.36787516,0.31660128,0.4641663,0.40212214,0.1324755,0.22078966,1.7113194,0.8466737,0.6222538,0.64022386,0.060720067,-0.9491505,0.040615354,0.023416558,-0.9989004,0.0,0.0,0.0,0.07340017,-0.17400134,-0.026150584,-0.05811,-0.06442672,-0.01057446,-0.030204415,0.35187775,0.12749088,0.033989146,0.30007297,0.17281246,0.016470976,0.028678877,0.0069759428,-0.11781593,0.049606707,-0.026547337,0.0031341196,-0.20889072,-0.07596027,-0.038949013,-0.005762736,-0.07867313,0.026353562,0.064139925,-0.018400313,0.08390509,0.039073374,-1.2858818,1.3955213,-0.35562143,-0.12537554,0.5439157,0.21371308,-0.50443894,0.23735417,0.77811575,0.524247,-0.056013774,0.08275779,1.2759304,1.0515803,0.43685693,-0.09480853,0.09374326,-0.47404262,0.038872603,0.0239617,-0.9989569,0.0,0.0,0.0,0.066224396,-0.16158754,-0.03482318,-0.07128072,-0.075145006,0.013958216,-0.0057098866,0.36453372,0.12550044,0.038016066,0.29519826,0.16680968,0.032360625,0.04786272,0.05044921,-0.2896954,0.014533214,-0.018990068,-0.070062734,-0.0887495,-0.034685936,0.043599647,0.00050550315,-0.20966582,-0.08002957,-0.08797439,0.046101887,0.018408738,0.20815642,-0.2244319,1.2791663,-0.6142222,0.16559818,-0.3487569,-0.20907328,-0.57468563,0.021954808,1.7702326,0.58213305,-0.47186908,-0.45932516,0.18837245,0.86143494,-0.15475099,-0.4420847,0.10013484,0.85114616,0.041858144,0.016592707,-0.9989859,0.0,0.0,0.0,0.056051143,-0.17327467,-0.049782872,-0.07785094,-0.0681206,0.05988002,-0.004347384,0.35054547,0.118644595,0.05155012,0.32238752,0.11314738,-0.015114543,0.015889648,0.06339009,-0.1782741,0.008332376,-0.052125793,-0.070770435,0.04127433,-0.055807542,0.16916662,0.06025597,-0.1441695,-0.006007062,-0.074216284,0.15903129,0.059101738,0.17056203,0.24891263,0.6594607,-0.39119828,0.29495668,-1.0198296,-0.21895409,-0.11549141,-0.121698216,2.0560398,0.78535277,-0.4830074,-0.5573231,-0.043823905,0.76890624,0.0092163,0.15387055,-0.009446643,0.5680417,-0.37025285,0.18368457,-0.8926698,0.27058282,-0.50233936,-0.05420106,1.5067247,0.8860065,-0.38406065,-0.43424535,0.4725396,0.7715147,0.18581457
1788699161.6475675,193,0,-0.5944175,-0.30253506,0.55926377,0.03670004,0.018154455,-0.99916166,0.0,0.0,0.0,0.06128916,-0.17030746,-0.019894958,-0.043970346,-0.08168495,0.029881597,-0.033201873,0.35081798,0.14497817,0.026480317,0.28729588,0.14403045,0.057357755,-0.002906643,0.049640406,-0.10599557,0.027903771,-0.023834473,0.0020220126,-0.148045,0.011239019,0.086811736,0.05055031,-0.061039504,-0.010463915,-0.06859677,0.025679559,0.044956077,0.15387055,-0.009446643,0.5680417,-0.37025285,0.18368457,-0.8926698,0.27058282,-0.50233936,-0.05420106,1.5067247,0.8860065,-0.38406065,-0.43424535,0.4725396,0.7715147,0.18581457,-0.427171,-0.26738134,0.63702804,0.04099319,0.009926417,-0.99911016,0.0,0.0,0.0,0.057837516,-0.17839158,-0.023559809,-0.040730715,-0.06839311,0.016312003,-0.0439201,0.33295423,0.13363588,0.018123716,0.30488712,0.14377761,0.008332376,-0.025578458,-0.020321226,0.026353562,-0.02538468,0.0040693,0.05550424,-0.22691193,0.048056494,-0.0056195096,0.015468395,0.05328845,-0.03061664,0.0062008384,-0.03386871,0.118203476,0.029778225,-0.6122354,-0.031421926,-0.31054038,-0.079348594,-0.255562,1.3051044,-0.49780956,0.24431169,0.7729529,0.61801773,-0.13620423,-0.12430125,1.2545639,0.6959242,0.48238266,0.5645901,0.15978965,-0.33555827,0.043175846,0.014288965,-0.9989654,0.0,0.0,0.0,0.06670883,-0.17911822,-0.019278884,-0.046543956,-0.061641216,-0.016340375,-0.04422289,0.33825284,0.13207197,0.02726753,0.30270714,0.16385555,-0.045343634,-0.04553741,-0.034677517,0.06704656,0.02499713,0.013370558,0.07552217,-0.21916087,-0.008526153,-0.03701125,0.012536478,0.058132857,-0.012014124,0.037786357,-0.058335062,0.056776423,-0.072075225,-1.2853487,0.3226201,-0.052662805,-0.18569717,0.42772833,1.1290618,-0.36787516,0.31660128,0.4641663,0.40212214,0.1324755,0.22078966,1.7113194,0.8466737,0.6222538,0.64022386,0.060720067,-0.9491505,0.040615354,0.023416558,-0.9989004,0.0,0.0,0.0,0.07340017,-0.17400134,-0.026150584,-0.05811,-0.06442672,-0.01057446,-0.030204415,0.35187775,0.12749088,0.033989146,0.30007297,0.17281246,0.016470976,0.028678877,0.0069759428,-0.11781593,0.049606707,-0.026547337,0.0031341196,-0.20889072,-0.07596027,-0.038949013,-0.005762736,-0.07867313,0.026353562,0.064139925,-0.018400313,0.08390509,0.039073374,-1.2858818,1.3955213,-0.35562143,-0.12537554,0.5439157,0.21371308,-0.50443894,0.23735417,0.77811575,0.524247,-0.056013774,0.08275779,1.2759304,1.0515803,0.43685693,-0.09480853,0.09374326,-0.47404262,0.038872603,0.0239617,-0.9989569,0.0,0.0,0.0,0.066224396,-0.16158754,-0.03482318,-0.07128072,-0.075145006,0.013958216,-0.0057098866,0.36453372,0.12550044,0.038016066,0.29519826,0.16680968,0.032360625,0.04786272,0.05044921,-0.2896954,0.014533214,-0.018990068,-0.070062734,-0.0887495,-0.034685936,0.043599647,0.00050550315,-0.20966582,-0.08002957,-0.08797439,0.046101887,0.018408738,0.20815642,-0.2244319,1.2791663,-0.6142222,0.16559818,-0.3487569,-0.20907328,-0.57468563,0.021954808,1.7702326,0.58213305,-0.47186908,-0.45932516,0.18837245,0.86143494,-0.15475099,0.16002528,-0.14869319,0.82754576,-0.37758726,0.18035756,-0.34837383,-0.0475455,-0.71459186,-0.0566405,1.5278882,0.8578549,-0.30014527,-0.3883902,0.45508063,1.1159774,-0.032657206
1788699161.6683843,194,0,0.029827401,0.36858144,-0.038349517,0.039588746,0.01851958,-0.99904454,0.0,0.0,0.0,0.06507385,-0.16664386,-0.016798735,-0.04527223,-0.07387334,0.029628754,-0.032051325,0.35333115,0.14897478,0.02493617,0.27433705,0.15655744,0.020346502,0.034879714,0.0014154087,-0.19532642,0.0038755238,0.051156916,-0.03346431,-0.11413417,-0.0063946145,0.002906643,0.0142551875,-0.16432221,-0.013564333,-0.05793908,0.04539418,0.0651088,0.16002528,-0.14869319,0.82754576,-0.37758726,0.18035756,-0.34837383,-0.0475455,-0.71459186,-0.0566405,1.5278882,0.8578549,-0.30014527,-0.3883902,0.45508063,1.1159774,-0.032657206,-0.5944175,-0.30253506,0.55926377,0.03670004,0.018154455,-0.99916166,0.0,0.0,0.0,0.06128916,-0.17030746,-0.019894958,-0.043970346,-0.08168495,0.029881597,-0.033201873,0.35081798,0.14497817,0.026480317,0.28729588,0.14403045,0.057357755,-0.002906643,0.049640406,-0.10599557,0.027903771,-0.023834473,0.0020220126,-0.148045,0.011239019,0.086811736,0.05055031,-0.061039504,-0.010463915,-0.06859677,0.025679559,0.044956077,0.15387055,-0.009446643,0.5680417,-0.37025285,0.18368457,-0.8926698,0.27058282,-0.50233936,-0.05420106,1.5067247,0.8860065,-0.38406065,-0.43424535,0.4725396,0.7715147,0.18581457,-0.427171,-0.26738134,0.63702804,0.04099319,0.009926417,-0.99911016,0.0,0.0,0.0,0.057837516,-0.17839158,-0.023559809,-0.040730715,-0.06839311,0.016312003,-0.0439201,0.33295423,0.13363588,0.018123716,0.30488712,0.14377761,0.008332376,-0.025578458,-0.020321226,0.026353562,-0.02538468,0.0040693,0.05550424,-0.22691193,0.048056494,-0.0056195096,0.015468395,0.05328845,-0.03061664,0.0062008384,-0.03386871,0.118203476,0.029778225,-0.6122354,-0.031421926,-0.31054038,-0.079348594,-0.255562,1.3051044,-0.49780956,0.24431169,0.7729529,0.61801773,-0.13620423,-0.12430125,1.2545639,0.6959242,0.48238266,0.5645901,0.15978965,-0.33555827,0.043175846,0.014288965,-0.9989654,0.0,0.0,0.0,0.06670883,-0.17911822,-0.019278884,-0.046543956,-0.061641216,-0.016340375,-0.04422289,0.33825284,0.13207197,0.02726753,0.30270714,0.16385555,-0.045343634,-0.04553741,-0.034677517,0.06704656,0.02499713,0.013370558,0.07552217,-0.21916087,-0.008526153,-0.03701125,0.012536478,0.058132857,-0.012014124,0.037786357,-0.058335062,0.056776423,-0.072075225,-1.2853487,0.3226201,-0.052662805,-0.18569717,0.42772833,1.1290618,-0.36787516,0.31660128,0.4641663,0.40212214,0.1324755,0.22078966,1.7113194,0.8466737,0.6222538,0.64022386,0.060720067,-0.9491505,0.040615354,0.023416558,-0.9989004,0.0,0.0,0.0,0.07340017,-0.17400134,-0.026150584,-0.05811,-0.06442672,-0.01057446,-0.030204415,0.35187775,0.12749088,0.033989146,0.30007297,0.17281246,0.016470976,0.028678877,0.0069759428,-0.11781593,0.049606707,-0.026547337,0.0031341196,-0.20889072,-0.07596027,-0.038949013,-0.005762736,-0.07867313,0.026353562,0.064139925,-0.018400313,0.08390509,0.039073374,-1.2858818,1.3955213,-0.35562143,-0.12537554,0.5439157,0.21371308,-0.50443894,0.23735417,0.77811575,0.524247,-0.056013774,0.08275779,1.2759304,1.0515803,0.43685693,0.10907748,-0.8195489,1.1953348,-0.18577649,-0.039892927,-0.11405137,0.39493495,-0.5627527,0.12804592,1.0882568,0.6606144,-0.23229152,-0.07849451,1.0680503,0.97049445,0.32107762
1788699161.6871932,195,0,0.35047197,0.17150755,-0.5550027,0.044753168,0.015863894,-0.9988721,0.0,0.0,0.0,0.06791994,-0.17369854,-0.0147925615,-0.045484185,-0.059400678,0.0110358,-0.03843987,0.33219737,0.15382445,0.024542555,0.26940185,0.16102791,0.0027128668,0.0071697193,0.01789481,-0.11839725,0.0003875524,0.078866914,0.009402358,-0.18118073,-0.052707125,-0.06336482,-0.0073803454,-0.049412932,0.015502095,0.010270138,-0.026488364,0.037786357,0.10907748,-0.8195489,1.1953348,-0.18577649,-0.039892927,-0.11405137,0.39493495,-0.5627527,0.12804592,1.0882568,0.6606144,-0.23229152,-0.07849451,1.0680503,0.97049445,0.32107762,0.029827401,0.36858144,-0.038349517,0.039588746,0.01851958,-0.99904454,0.0,0.0,0.0,0.06507385,-0.16664386,-0.016798735,-0.04527223,-0.07387334,0.029628754,-0.032051325,0.35333115,0.14897478,0.02493617,0.27433705,0.15655744,0.020346502,0.034879714,0.0014154087,-0.19532642,0.0038755238,0.051156916,-0.03346431,-0.11413417,-0.0063946145,0.002906643,0.0142551875,-0.16432221,-0.013564333,-0.05793908,0.04539418,0.0651088,0.16002528,-0.14869319,0.82754576,-0.37758726,0.18035756,-0.34837383,-0.0475455,-0.71459186,-0.0566405,1.5278882,0.8578549,-0.30014527,-0.3883902,0.45508063,1.1159774,-0.032657206,-0.5944175,-0.30253506,0.55926377,0.03670004,0.018154455,-0.99916166,0.0,0.0,0.0,0.06128916,-0.17030746,-0.019894958,-0.043970346,-0.08168495,0.029881597,-0.033201873,0.35081798,0.14497817,0.026480317,0.28729588,0.14403045,0.057357755,-0.002906643,0.049640406,-0.10599557,0.027903771,-0.023834473,0.0020220126,-0.148045,0.011239019,0.086811736,0.05055031,-0.061039504,-0.010463915,-0.06859677,0.025679559,0.044956077,0.15387055,-0.009446643,0.5680417,-0.37025285,0.18368457,-0.8926698,0.27058282,-0.50233936,-0.05420106,1.5067247,0.8860065,-0.38406065,-0.43424535,0.4725396,0.7715147,0.18581457,-0.427171,-0.26738134,0.63702804,0.04099319,0.009926417,-0.99911016,0.0,0.0,0.0,0.057837516,-0.17839158,-0.023559809,-0.040730715,-0.06839311,0.016312003,-0.0439201,0.33295423,0.13363588,0.018123716,0.30488712,0.14377761,0.008332376,-0.025578458,-0.020321226,0.026353562,-0.02538468,0.0040693,0.05550424,-0.22691193,0.048056494,-0.0056195096,0.015468395,0.05328845,-0.03061664,0.0062008384,-0.03386871,0.118203476,0.029778225,-0.6122354,-0.031421926,-0.31054038,-0.079348594,-0.255562,1.3051044,-0.49780956,0.24431169,0.7729529,0.61801773,-0.13620423,-0.12430125,1.2545639,0.6959242,0.48238266,0.5645901,0.15978965,-0.33555827,0.043175846,0.014288965,-0.9989654,0.0,0.0,0.0,0.06670883,-0.17911822,-0.019278884,-0.046543956,-0.061641216,-0.016340375,-0.04422289,0.33825284,0.13207197,0.02726753,0.30270714,0.16385555,-0.045343634,-0.04553741,-0.034677517,0.06704656,0.02499713,0.013370558,0.07552217,-0.21916087,-0.008526153,-0.03701125,0.012536478,0.058132857,-0.012014124,0.037786357,-0.058335062,0.056776423,-0.072075225,-1.2853487,0.3226201,-0.052662805,-0.18569717,0.42772833,1.1290618,-0.36787516,0.31660128,0.4641663,0.40212214,0.1324755,0.22078966,1.7113194,0.8466737,0.6222538,-0.0005185094,-1.1158363,0.71137637,0.005297944,-0.21915095,0.078778766,0.93941516,-0.12981004,0.2848587,0.55712754,0.64462954,-0.08729428,0.13948748,1.4743756,0.8625367,0.71134925
1788699161.7071939,196,0,0.31425297,0.18535599,-0.30679613,0.047065858,0.013206505,-0.99880457,0.0,0.0,0.0,0.06828327,-0.17978433,-0.011348844,-0.05187273,-0.04904574,0.017891645,-0.042164028,0.31754303,0.15469325,0.024270058,0.2757904,0.15548325,-0.019958949,-0.022284262,-0.014760691,0.043599647,-0.02150916,0.0325544,0.058436163,-0.1245981,0.0069759428,-0.055226214,-0.0014154087,0.02344692,0.02693489,0.048637822,-0.029925784,0.081192225,-0.0005185094,-1.1158363,0.71137637,0.005297944,-0.21915095,0.078778766,0.93941516,-0.12981004,0.2848587,0.55712754,0.64462954,-0.08729428,0.13948748,1.4743756,0.8625367,0.71134925,0.35047197,0.17150755,-0.5550027,0.044753168,0.015863894,-0.9988721,0.0,0.0,0.0,0.06791994,-0.17369854,-0.0147925615,-0.045484185,-0.059400678,0.0110358,-0.03843987,0.33219737,0.15382445,0.024542555,0.26940185,0.16102791,0.0027128668,0.0071697193,0.01789481,-0.11839725,0.0003875524,0.078866914,0.009402358,-0.18118073,-0.052707125,-0.06336482,-0.0073803454,-0.049412932,0.015502095,0.010270138,-0.026488364,0.037786357,0.10907748,-0.8195489,1.1953348,-0.18577649,-0.039892927,-0.11405137,0.39493495,-0.5627527,0.12804592,1.0882568,0.6606144,-0.23229152,-0.07849451,1.0680503,0.97049445,0.32107762,0.029827401,0.36858144,-0.038349517,0.039588746,0.01851958,-0.99904454,0.0,0.0,0.0,0.06507385,-0.16664386,-0.016798735,-0.04527223,-0.07387334,0.029628754,-0.032051325,0.35333115,0.14897478,0.02493617,0.27433705,0.15655744,0.020346502,0.034879714,0.0014154087,-0.19532642,0.0038755238,0.051156916,-0.03346431,-0.11413417,-0.0063946145,0.002906643,0.0142551875,-0.16432221,-0.013564333,-0.05793908,0.04539418,0.0651088,0.16002528,-0.14869319,0.82754576,-0.37758726,0.18035756,-0.34837383,-0.0475455,-0.71459186,-0.0566405,1.5278882,0.8578549,-0.30014527,-0.3883902,0.45508063,1.1159774,-0.032657206,-0.5944175,-0.30253506,0.55926377,0.03670004,0.018154455,-0.99916166,0.0,0.0,0.0,0.06128916,-0.17030746,-0.019894958,-0.043970346,-0.08168495,0.029881597,-0.033201873,0.35081798,0.14497817,0.026480317,0.28729588,0.14403045,0.057357755,-0.002906643,0.049640406,-0.10599557,0.027903771,-0.023834473,0.0020220126,-0.148045,0.011239019,0.086811736,0.05055031,-0.061039504,-0.010463915,-0.06859677,0.025679559,0.044956077,0.15387055,-0.009446643,0.5680417,-0.37025285,0.18368457,-0.8926698,0.27058282,-0.50233936,-0.05420106,1.5067247,0.8860065,-0.38406065,-0.43424535,0.4725396,0.7715147,0.18581457,-0.427171,-0.26738134,0.63702804,0.04099319,0.009926417,-0.99911016,0.0,0.0,0.0,0.057837516,-0.17839158,-0.023559809,-0.040730715,-0.06839311,0.016312003,-0.0439201,0.33295423,0.13363588,0.018123716,0.30488712,0.14377761,0.008332376,-0.025578458,-0.020321226,0.026353562,-0.02538468,0.0040693,0.05550424,-0.22691193,0.048056494,-0.0056195096,0.015468395,0.05328845,-0.03061664,0.0062008384,-0.03386871,0.118203476,0.029778225,-0.6122354,-0.031421926,-0.31054038,-0.079348594,-0.255562,1.3051044,-0.49780956,0.24431169,0.7729529,0.61801773,-0.13620423,-0.12430125,1.2545639,0.6959242,0.48238266,-0.020098658,-0.77322215,0.37854928,-0.15614882,-0.18182328,-0.27483374,1.228743,-0.16561486,0.28544247,0.72411793,0.7369402,-0.2534509,-0.034123026,1.3061997,0.8004689,0.597892
1788699161.7272356,197,0,-0.13635384,-0.13528857,0.3494067,0.046033002,0.011380427,-0.99887526,0.0,0.0,0.0,0.06398386,-0.18571872,-0.009358406,-0.05583918,-0.05167991,0.032061577,-0.04025656,0.31009477,0.15554631,0.024058118,0.27757674,0.14426732,-0.011045244,0.02499713,0.00060660375,0.0740225,-0.012014124,-0.049606707,0.06237909,-0.11142131,0.019377619,-0.0075572715,0.013345282,0.0032941953,-0.03565482,0.0034879714,-0.02092783,0.14513837,-0.020098658,-0.77322215,0.37854928,-0.15614882,-0.18182328,-0.27483374,1.228743,-0.16561486,0.28544247,0.72411793,0.7369402,-0.2534509,-0.034123026,1.3061997,0.8004689,0.597892,0.31425297,0.18535599,-0.30679613,0.047065858,0.013206505,-0.99880457,0.0,0.0,0.0,0.06828327,-0.17978433,-0.011348844,-0.05187273,-0.04904574,0.017891645,-0.042164028,0.31754303,0.15469325,0.024270058,0.2757904,0.15548325,-0.019958949,-0.022284262,-0.014760691,0.043599647,-0.02150916,0.0325544,0.058436163,-0.1245981,0.0069759428,-0.055226214,-0.0014154087,0.02344692,0.02693489,0.048637822,-0.029925784,0.081192225,-0.0005185094,-1.1158363,0.71137637,0.005297944,-0.21915095,0.078778766,0.93941516,-0.12981004,0.2848587,0.55712754,0.64462954,-0.08729428,0.13948748,1.4743756,0.8625367,0.71134925,0.35047197,0.17150755,-0.5550027,0.044753168,0.015863894,-0.9988721,0.0,0.0,0.0,0.06791994,-0.17369854,-0.0147925615,-0.045484185,-0.059400678,0.0110358,-0.03843987,0.33219737,0.15382445,0.024542555,0.26940185,0.16102791,0.0027128668,0.0071697193,0.01789481,-0.11839725,0.0003875524,0.078866914,0.009402358,-0.18118073,-0.052707125,-0.06336482,-0.0073803454,-0.049412932,0.015502095,0.010270138,-0.026488364,0.037786357,0.10907748,-0.8195489,1.1953348,-0.18577649,-0.039892927,-0.11405137,0.39493495,-0.5627527,0.12804592,1.0882568,0.6606144,-0.23229152,-0.07849451,1.0680503,0.97049445,0.32107762,0.029827401,0.36858144,-0.038349517,0.039588746,0.01851958,-0.99904454,0.0,0.0,0.0,0.06507385,-0.16664386,-0.016798735,-0.04527223,-0.07387334,0.029628754,-0.032051325,0.35333115,0.14897478,0.02493617,0.27433705,0.15655744,0.020346502,0.034879714,0.0014154087,-0.19532642,0.0038755238,0.051156916,-0.03346431,-0.11413417,-0.0063946145,0.002906643,0.0142551875,-0.16432221,-0.013564333,-0.05793908,0.04539418,0.0651088,0.16002528,-0.14869319,0.82754576,-0.37758726,0.18035756,-0.34837383,-0.0475455,-0.71459186,-0.0566405,1.5278882,0.8578549,-0.30014527,-0.3883902,0.45508063,1.1159774,-0.032657206,-0.5944175,-0.30253506,0.55926377,0.03670004,0.018154455,-0.99916166,0.0,0.0,0.0,0.06128916,-0.17030746,-0.019894958,-0.043970346,-0.08168495,0.029881597,-0.033201873,0.35081798,0.14497817,0.026480317,0.28729588,0.14403045,0.057357755,-0.002906643,0.049640406,-0.10599557,0.027903771,-0.023834473,0.0020220126,-0.148045,0.011239019,0.086811736,0.05055031,-0.061039504,-0.010463915,-0.06859677,0.025679559,0.044956077,0.15387055,-0.009446643,0.5680417,-0.37025285,0.18368457,-0.8926698,0.27058282,-0.50233936,-0.05420106,1.5067247,0.8860065,-0.38406065,-0.43424535,0.4725396,0.7715147,0.18581457,0.059889007,-0.33925653,0.7033919,-0.28886056,0.085766524,-0.69276404,0.5668756,-0.2994761,0.05467149,1.368757,0.82481575,-0.3778904,-0.33457506,0.64896,0.7754049,0.26594463
1788699161.7490017,198,0,-0.3078614,-0.29720876,0.5166532,0.04192955,0.0152953565,-0.99900347,0.0,0.0,0.0,0.062409423,-0.18175238,-0.0026447773,-0.05193329,-0.06727284,0.04890108,-0.031415522,0.3242041,0.16938448,0.02511783,0.26065165,0.14166081,0.024609575,-0.011045244,0.05520094,-0.056970205,0.025772233,-0.0325544,-0.014356288,-0.018408738,0.015889648,0.07344118,0.044484273,-0.07130964,-0.0062008384,-0.01065769,0.008492453,0.06084572,0.059889007,-0.33925653,0.7033919,-0.28886056,0.085766524,-0.69276404,0.5668756,-0.2994761,0.05467149,1.368757,0.82481575,-0.3778904,-0.33457506,0.64896,0.7754049,0.26594463,-0.13635384,-0.13528857,0.3494067,0.046033002,0.011380427,-0.99887526,0.0,0.0,0.0,0.06398386,-0.18571872,-0.009358406,-0.05583918,-0.05167991,0.032061577,-0.04025656,0.31009477,0.15554631,0.024058118,0.27757674,0.14426732,-0.011045244,0.02499713,0.00060660375,0.0740225,-0.012014124,-0.049606707,0.06237909,-0.11142131,0.019377619,-0.0075572715,0.013345282,0.0032941953,-0.03565482,0.0034879714,-0.02092783,0.14513837,-0.020098658,-0.77322215,0.37854928,-0.15614882,-0.18182328,-0.27483374,1.228743,-0.16561486,0.28544247,0.72411793,0.7369402,-0.2534509,-0.034123026,1.3061997,0.8004689,0.597892,0.31425297,0.18535599,-0.30679613,0.047065858,0.013206505,-0.99880457,0.0,0.0,0.0,0.06828327,-0.17978433,-0.011348844,-0.05187273,-0.04904574,0.017891645,-0.042164028,0.31754303,0.15469325,0.024270058,0.2757904,0.15548325,-0.019958949,-0.022284262,-0.014760691,0.043599647,-0.02150916,0.0325544,0.058436163,-0.1245981,0.0069759428,-0.055226214,-0.0014154087,0.02344692,0.02693489,0.048637822,-0.029925784,0.081192225,-0.0005185094,-1.1158363,0.71137637,0.005297944,-0.21915095,0.078778766,0.93941516,-0.12981004,0.2848587,0.55712754,0.64462954,-0.08729428,0.13948748,1.4743756,0.8625367,0.71134925,0.35047197,0.17150755,-0.5550027,0.044753168,0.015863894,-0.9988721,0.0,0.0,0.0,0.06791994,-0.17369854,-0.0147925615,-0.045484185,-0.059400678,0.0110358,-0.03843987,0.33219737,0.15382445,0.024542555,0.26940185,0.16102791,0.0027128668,0.0071697193,0.01789481,-0.11839725,0.0003875524,0.078866914,0.009402358,-0.18118073,-0.052707125,-0.06336482,-0.0073803454,-0.049412932,0.015502095,0.010270138,-0.026488364,0.037786357,0.10907748,-0.8195489,1.1953348,-0.18577649,-0.039892927,-0.11405137,0.39493495,-0.5627527,0.12804592,1.0882568,0.6606144,-0.23229152,-0.07849451,1.0680503,0.97049445,0.32107762,0.029827401,0.36858144,-0.038349517,0.039588746,0.01851958,-0.99904454,0.0,0.0,0.0,0.06507385,-0.16664386,-0.016798735,-0.04527223,-0.07387334,0.029628754,-0.032051325,0.35333115,0.14897478,0.02493617,0.27433705,0.15655744,0.020346502,0.034879714,0.0014154087,-0.19532642,0.0038755238,0.051156916,-0.03346431,-0.11413417,-0.0063946145,0.002906643,0.0142551875,-0.16432221,-0.013564333,-0.05793908,0.04539418,0.0651088,0.16002528,-0.14869319,0.82754576,-0.37758726,0.18035756,-0.34837383,-0.0475455,-0.71459186,-0.0566405,1.5278882,0.8578549,-0.30014527,-0.3883902,0.45508063,1.1159774,-0.032657206,0.13371976,-0.31193873,0.85347986,-0.28863567,0.15350586,-0.46354252,0.23070493,-0.49450207,-0.04715386,1.4669802,0.84669584,-0.28688332,-0.39706355,0.4613582,0.99853367,0.0013438761
1788699161.769498,199,0,0.02237055,0.009587379,0.06178533,0.03923693,0.01485019,-0.99911964,0.0,0.0,0.0,0.06480135,-0.180511,0.008460522,-0.04926896,-0.06406343,0.048316598,-0.028751075,0.3347407,0.17273343,0.024512276,0.2564128,0.14466226,0.0025190904,0.017052306,0.0159739,-0.1335118,0.0021315382,0.007944824,-0.023960847,-0.02189671,-0.018408738,0.037592582,0.01314308,-0.08196733,-0.012983005,-0.021121604,0.01931022,0.042436987,0.13371976,-0.31193873,0.85347986,-0.28863567,0.15350586,-0.46354252,0.23070493,-0.49450207,-0.04715386,1.4669802,0.84669584,-0.28688332,-0.39706355,0.4613582,0.99853367,0.0013438761,-0.3078614,-0.29720876,0.5166532,0.04192955,0.0152953565,-0.99900347,0.0,0.0,0.0,0.062409423,-0.18175238,-0.0026447773,-0.05193329,-0.06727284,0.04890108,-0.031415522,0.3242041,0.16938448,0.02511783,0.26065165,0.14166081,0.024609575,-0.011045244,0.05520094,-0.056970205,0.025772233,-0.0325544,-0.014356288,-0.018408738,0.015889648,0.07344118,0.044484273,-0.07130964,-0.0062008384,-0.01065769,0.008492453,0.06084572,0.059889007,-0.33925653,0.7033919,-0.28886056,0.085766524,-0.69276404,0.5668756,-0.2994761,0.05467149,1.368757,0.82481575,-0.3778904,-0.33457506,0.64896,0.7754049,0.26594463,-0.13635384,-0.13528857,0.3494067,0.046033002,0.011380427,-0.99887526,0.0,0.0,0.0,0.06398386,-0.18571872,-0.009358406,-0.05583918,-0.05167991,0.032061577,-0.04025656,0.31009477,0.15554631,0.024058118,0.27757674,0.14426732,-0.011045244,0.02499713,0.00060660375,0.0740225,-0.012014124,-0.049606707,0.06237909,-0.11142131,0.019377619,-0.0075572715,0.013345282,0.0032941953,-0.03565482,0.0034879714,-0.02092783,0.14513837,-0.020098658,-0.77322215,0.37854928,-0.15614882,-0.18182328,-0.27483374,1.228743,-0.16561486,0.28544247,0.72411793,0.7369402,-0.2534509,-0.034123026,1.3061997,0.8004689,0.597892,0.31425297,0.18535599,-0.30679613,0.047065858,0.013206505,-0.99880457,0.0,0.0,0.0,0.06828327,-0.17978433,-0.011348844,-0.05187273,-0.04904574,0.017891645,-0.042164028,0.31754303,0.15469325,0.024270058,0.2757904,0.15548325,-0.019958949,-0.022284262,-0.014760691,0.043599647,-0.02150916,0.0325544,0.058436163,-0.1245981,0.0069759428,-0.055226214,-0.0014154087,0.02344692,0.02693489,0.048637822,-0.029925784,0.081192225,-0.0005185094,-1.1158363,0.71137637,0.005297944,-0.21915095,0.078778766,0.93941516,-0.12981004,0.2848587,0.55712754,0.64462954,-0.08729428,0.13948748,1.4743756,0.8625367,0.71134925,0.35047197,0.17150755,-0.5550027,0.044753168,0.015863894,-0.9988721,0.0,0.0,0.0,0.06791994,-0.17369854,-0.0147925615,-0.045484185,-0.059400678,0.0110358,-0.03843987,0.33219737,0.15382445,0.024542555,0.26940185,0.16102791,0.0027128668,0.0071697193,0.01789481,-0.11839725,0.0003875524,0.078866914,0.009402358,-0.18118073,-0.052707125,-0.06336482,-0.0073803454,-0.049412932,0.015502095,0.010270138,-0.026488364,0.037786357,0.10907748,-0.8195489,1.1953348,-0.18577649,-0.039892927,-0.11405137,0.39493495,-0.5627527,0.12804592,1.0882568,0.6606144,-0.23229152,-0.07849451,1.0680503,0.97049445,0.32107762,0.10335747,-0.72510684,0.96511483,-0.22745593,-0.024289023,-0.07526206,0.35358268,-0.51495445,0.06507443,1.0957719,0.76144224,-0.19953483,-0.15629342,0.8433203,0.99500567,0.15530623
1788699161.7888234,200,0,-0.015978964,0.09374326,-0.3813646,0.039700247,0.013465909,-0.9991209,0.0,0.0,0.0,0.0654069,-0.18157071,0.009645343,-0.049541473,-0.056827128,0.043214202,-0.03411019,0.33340842,0.1735233,0.023452565,0.2531125,0.14848518,0.010851467,-0.06743412,0.00636934,-0.11510306,-0.0067821667,0.08661796,-0.00020220123,-0.0740225,-0.013176781,-0.0732474,-0.003437421,-0.052319575,0.012207901,0.018214962,0.012637578,0.019183842,0.10335747,-0.72510684,0.96511483,-0.22745593,-0.024289023,-0.07526206,0.35358268,-0.51495445,0.06507443,1.0957719,0.76144224,-0.19953483,-0.15629342,0.8433203,0.99500567,0.15530623,0.02237055,0.009587379,0.06178533,0.03923693,0.01485019,-0.99911964,0.0,0.0,0.0,0.06480135,-0.180511,0.008460522,-0.04926896,-0.06406343,0.048316598,-0.028751075,0.3347407,0.17273343,0.024512276,0.2564128,0.14466226,0.0025190904,0.017052306,0.0159739,-0.1335118,0.0021315382,0.007944824,-0.023960847,-0.02189671,-0.018408738,0.037592582,0.01314308,-0.08196733,-0.012983005,-0.021121604,0.01931022,0.042436987,0.13371976,-0.31193873,0.85347986,-0.28863567,0.15350586,-0.46354252,0.23070493,-0.49450207,-0.04715386,1.4669802,0.84669584,-0.28688332,-0.39706355,0.4613582,0.99853367,0.0013438761,-0.3078614,-0.29720876,0.5166532,0.04192955,0.0152953565,-0.99900347,0.0,0.0,0.0,0.062409423,-0.18175238,-0.0026447773,-0.05193329,-0.06727284,0.04890108,-0.031415522,0.3242041,0.16938448,0.02511783,0.26065165,0.14166081,0.024609575,-0.011045244,0.05520094,-0.056970205,0.025772233,-0.0325544,-0.014356288,-0.018408738,0.015889648,0.07344118,0.044484273,-0.07130964,-0.0062008384,-0.01065769,0.008492453,0.06084572,0.059889007,-0.33925653,0.7033919,-0.28886056,0.085766524,-0.69276404,0.5668756,-0.2994761,0.05467149,1.368757,0.82481575,-0.3778904,-0.33457506,0.64896,0.7754049,0.26594463,-0.13635384,-0.13528857,0.3494067,0.046033002,0.011380427,-0.99887526,0.0,0.0,0.0,0.06398386,-0.18571872,-0.009358406,-0.05583918,-0.05167991,0.032061577,-0.04025656,0.31009477,0.15554631,0.024058118,0.27757674,0.14426732,-0.011045244,0.02499713,0.00060660375,0.0740225,-0.012014124,-0.049606707,0.06237909,-0.11142131,0.019377619,-0.0075572715,0.013345282,0.0032941953,-0.03565482,0.0034879714,-0.02092783,0.14513837,-0.020098658,-0.77322215,0.37854928,-0.15614882,-0.18182328,-0.27483374,1.228743,-0.16561486,0.28544247,0.72411793,0.7369402,-0.2534509,-0.034123026,1.3061997,0.8004689,0.597892,0.31425297,0.18535599,-0.30679613,0.047065858,0.013206505,-0.99880457,0.0,0.0,0.0,0.06828327,-0.17978433,-0.011348844,-0.05187273,-0.04904574,0.017891645,-0.042164028,0.31754303,0.15469325,0.024270058,0.2757904,0.15548325,-0.019958949,-0.022284262,-0.014760691,0.043599647,-0.02150916,0.0325544,0.058436163,-0.1245981,0.0069759428,-0.055226214,-0.0014154087,0.02344692,0.02693489,0.048637822,-0.029925784,0.081192225,-0.0005185094,-1.1158363,0.71137637,0.005297944,-0.21915095,0.078778766,0.93941516,-0.12981004,0.2848587,0.55712754,0.64462954,-0.08729428,0.13948748,1.4743756,0.8625367,0.71134925,-0.011754813,-0.99263537,0.8124178,-0.1644928,-0.17189302,0.17574024,0.7198939,-0.12928781,0.21818617,0.52014697,0.8273414,-0.09920572,0.09524539,1.3809472,0.8544289,0.58685946
1788699161.8152785,201,0,0.2833603,0.25246763,-0.2087918,0.042394426,0.011160529,-0.9990385,0.0,0.0,0.0,0.06707217,-0.18798953,0.0115094185,-0.053174734,-0.038055003,0.044888616,-0.037198484,0.3078845,0.17545044,0.025693104,0.26492077,0.14579964,-0.013370558,-0.011045244,0.0015165093,0.008332376,-0.009107481,0.012014124,0.010918867,-0.096888095,0.013370558,-0.040693004,0.012334275,0.006007062,0.017052306,0.065883905,-0.031037891,0.063171044,-0.011754813,-0.99263537,0.8124178,-0.1644928,-0.17189302,0.17574024,0.7198939,-0.12928781,0.21818617,0.52014697,0.8273414,-0.09920572,0.09524539,1.3809472,0.8544289,0.58685946,-0.015978964,0.09374326,-0.3813646,0.039700247,0.013465909,-0.9991209,0.0,0.0,0.0,0.0654069,-0.18157071,0.009645343,-0.049541473,-0.056827128,0.043214202,-0.03411019,0.33340842,0.1735233,0.023452565,0.2531125,0.14848518,0.010851467,-0.06743412,0.00636934,-0.11510306,-0.0067821667,0.08661796,-0.00020220123,-0.0740225,-0.013176781,-0.0732474,-0.003437421,-0.052319575,0.012207901,0.018214962,0.012637578,0.019183842,0.10335747,-0.72510684,0.96511483,-0.22745593,-0.024289023,-0.07526206,0.35358268,-0.51495445,0.06507443,1.0957719,0.76144224,-0.19953483,-0.15629342,0.8433203,0.99500567,0.15530623,0.02237055,0.009587379,0.06178533,0.03923693,0.01485019,-0.99911964,0.0,0.0,0.0,0.06480135,-0.180511,0.008460522,-0.04926896,-0.06406343,0.048316598,-0.028751075,0.3347407,0.17273343,0.024512276,0.2564128,0.14466226,0.0025190904,0.017052306,0.0159739,-0.1335118,0.0021315382,0.007944824,-0.023960847,-0.02189671,-0.018408738,0.037592582,0.01314308,-0.08196733,-0.012983005,-0.021121604,0.01931022,0.042436987,0.13371976,-0.31193873,0.85347986,-0.28863567,0.15350586,-0.46354252,0.23070493,-0.49450207,-0.04715386,1.4669802,0.84669584,-0.28688332,-0.39706355,0.4613582,0.99853367,0.0013438761,-0.3078614,-0.29720876,0.5166532,0.04192955,0.0152953565,-0.99900347,0.0,0.0,0.0,0.062409423,-0.18175238,-0.0026447773,-0.05193329,-0.06727284,0.04890108,-0.031415522,0.3242041,0.16938448,0.02511783,0.26065165,0.14166081,0.024609575,-0.011045244,0.05520094,-0.056970205,0.025772233,-0.0325544,-0.014356288,-0.018408738,0.015889648,0.07344118,0.044484273,-0.07130964,-0.0062008384,-0.01065769,0.008492453,0.06084572,0.059889007,-0.33925653,0.7033919,-0.28886056,0.085766524,-0.69276404,0.5668756,-0.2994761,0.05467149,1.368757,0.82481575,-0.3778904,-0.33457506,0.64896,0.7754049,0.26594463,-0.13635384,-0.13528857,0.3494067,0.046033002,0.011380427,-0.99887526,0.0,0.0,0.0,0.06398386,-0.18571872,-0.009358406,-0.05583918,-0.05167991,0.032061577,-0.04025656,0.31009477,0.15554631,0.024058118,0.27757674,0.14426732,-0.011045244,0.02499713,0.00060660375,0.0740225,-0.012014124,-0.049606707,0.06237909,-0.11142131,0.019377619,-0.0075572715,0.013345282,0.0032941953,-0.03565482,0.0034879714,-0.02092783,0.14513837,-0.020098658,-0.77322215,0.37854928,-0.15614882,-0.18182328,-0.27483374,1.228743,-0.16561486,0.28544247,0.72411793,0.7369402,-0.2534509,-0.034123026,1.3061997,0.8004689,0.597892,-0.021319153,-0.9190513,0.70686275,-0.30821133,-0.15058237,-0.3033984,1.1314338,-0.15896809,0.2395571,0.73302317,0.7433895,-0.21357726,-0.047976546,1.230226,0.6854582,0.5702119
1788699161.835528,202,0,0.063915856,-0.05752427,0.3994741,0.043240722,0.006742912,-0.9990419,0.0,0.0,0.0,0.061440542,-0.19380283,0.013405085,-0.059351325,-0.037964165,0.048600912,-0.037985742,0.29889208,0.1848023,0.023513123,0.26634377,0.13107693,-0.012014124,-0.011432796,0.00070770434,0.016470976,-0.012401677,-0.07828558,0.042260062,-0.10967733,0.0011626572,-0.0046506287,0.015771698,-0.008719929,-0.031585522,0.005813286,-0.033059906,0.11529683,-0.021319153,-0.9190513,0.70686275,-0.30821133,-0.15058237,-0.3033984,1.1314338,-0.15896809,0.2395571,0.73302317,0.7433895,-0.21357726,-0.047976546,1.230226,0.6854582,0.5702119,0.2833603,0.25246763,-0.2087918,0.042394426,0.011160529,-0.9990385,0.0,0.0,0.0,0.06707217,-0.18798953,0.0115094185,-0.053174734,-0.038055003,0.044888616,-0.037198484,0.3078845,0.17545044,0.025693104,0.26492077,0.14579964,-0.013370558,-0.011045244,0.0015165093,0.008332376,-0.009107481,0.012014124,0.010918867,-0.096888095,0.013370558,-0.040693004,0.012334275,0.006007062,0.017052306,0.065883905,-0.031037891,0.063171044,-0.011754813,-0.99263537,0.8124178,-0.1644928,-0.17189302,0.17574024,0.7198939,-0.12928781,0.21818617,0.52014697,0.8273414,-0.09920572,0.09524539,1.3809472,0.8544289,0.58685946,-0.015978964,0.09374326,-0.3813646,0.039700247,0.013465909,-0.9991209,0.0,0.0,0.0,0.0654069,-0.18157071,0.009645343,-0.049541473,-0.056827128,0.043214202,-0.03411019,0.33340842,0.1735233,0.023452565,0.2531125,0.14848518,0.010851467,-0.06743412,0.00636934,-0.11510306,-0.0067821667,0.08661796,-0.00020220123,-0.0740225,-0.013176781,-0.0732474,-0.003437421,-0.052319575,0.012207901,0.018214962,0.012637578,0.019183842,0.10335747,-0.72510684,0.96511483,-0.22745593,-0.024289023,-0.07526206,0.35358268,-0.51495445,0.06507443,1.0957719,0.76144224,-0.19953483,-0.15629342,0.8433203,0.99500567,0.15530623,0.02237055,0.009587379,0.06178533,0.03923693,0.01485019,-0.99911964,0.0,0.0,0.0,0.06480135,-0.180511,0.008460522,-0.04926896,-0.06406343,0.048316598,-0.028751075,0.3347407,0.17273343,0.024512276,0.2564128,0.14466226,0.0025190904,0.017052306,0.0159739,-0.1335118,0.0021315382,0.007944824,-0.023960847,-0.02189671,-0.018408738,0.037592582,0.01314308,-0.08196733,-0.012983005,-0.021121604,0.01931022,0.042436987,0.13371976,-0.31193873,0.85347986,-0.28863567,0.15350586,-0.46354252,0.23070493,-0.49450207,-0.04715386,1.4669802,0.84669584,-0.28688332,-0.39706355,0.4613582,0.99853367,0.0013438761,-0.3078614,-0.29720876,0.5166532,0.04192955,0.0152953565,-0.99900347,0.0,0.0,0.0,0.062409423,-0.18175238,-0.0026447773,-0.05193329,-0.06727284,0.04890108,-0.031415522,0.3242041,0.16938448,0.02511783,0.26065165,0.14166081,0.024609575,-0.011045244,0.05520094,-0.056970205,0.025772233,-0.0325544,-0.014356288,-0.018408738,0.015889648,0.07344118,0.044484273,-0.07130964,-0.0062008384,-0.01065769,0.008492453,0.06084572,0.059889007,-0.33925653,0.7033919,-0.28886056,0.085766524,-0.69276404,0.5668756,-0.2994761,0.05467149,1.368757,0.82481575,-0.3778904,-0.33457506,0.64896,0.7754049,0.26594463,0.101988055,-0.36779714,0.8388352,-0.44262037,0.078179404,-0.6464724,0.55231977,-0.34281135,0.026909508,1.4179728,0.88398427,-0.35880393,-0.33648095,0.6245327,0.7635639,0.19537082
1788699161.854854,203,0,-0.106526434,-0.27483818,0.596548,0.04148366,0.0062727584,-0.9991197,0.0,0.0,0.0,0.058049463,-0.18369013,0.0169909,-0.059987187,-0.048591614,0.061807275,-0.031990767,0.30767256,0.18652415,0.021302864,0.25389975,0.12570596,-0.0052319574,0.063752376,0.0320489,-0.03701125,0.0036817477,-0.017439857,-0.020826729,-0.02693489,0.0034879714,0.14223173,0.022646539,-0.04980048,0.0021315382,-0.09572544,-0.00040440247,0.06278349,0.101988055,-0.36779714,0.8388352,-0.44262037,0.078179404,-0.6464724,0.55231977,-0.34281135,0.026909508,1.4179728,0.88398427,-0.35880393,-0.33648095,0.6245327,0.7635639,0.19537082,0.063915856,-0.05752427,0.3994741,0.043240722,0.006742912,-0.9990419,0.0,0.0,0.0,0.061440542,-0.19380283,0.013405085,-0.059351325,-0.037964165,0.048600912,-0.037985742,0.29889208,0.1848023,0.023513123,0.26634377,0.13107693,-0.012014124,-0.011432796,0.00070770434,0.016470976,-0.012401677,-0.07828558,0.042260062,-0.10967733,0.0011626572,-0.0046506287,0.015771698,-0.008719929,-0.031585522,0.005813286,-0.033059906,0.11529683,-0.021319153,-0.9190513,0.70686275,-0.30821133,-0.15058237,-0.3033984,1.1314338,-0.15896809,0.2395571,0.73302317,0.7433895,-0.21357726,-0.047976546,1.230226,0.6854582,0.5702119,0.2833603,0.25246763,-0.2087918,0.042394426,0.011160529,-0.9990385,0.0,0.0,0.0,0.06707217,-0.18798953,0.0115094185,-0.053174734,-0.038055003,0.044888616,-0.037198484,0.3078845,0.17545044,0.025693104,0.26492077,0.14579964,-0.013370558,-0.011045244,0.0015165093,0.008332376,-0.009107481,0.012014124,0.010918867,-0.096888095,0.013370558,-0.040693004,0.012334275,0.006007062,0.017052306,0.065883905,-0.031037891,0.063171044,-0.011754813,-0.99263537,0.8124178,-0.1644928,-0.17189302,0.17574024,0.7198939,-0.12928781,0.21818617,0.52014697,0.8273414,-0.09920572,0.09524539,1.3809472,0.8544289,0.58685946,-0.015978964,0.09374326,-0.3813646,0.039700247,0.013465909,-0.9991209,0.0,0.0,0.0,0.0654069,-0.18157071,0.009645343,-0.049541473,-0.056827128,0.043214202,-0.03411019,0.33340842,0.1735233,0.023452565,0.2531125,0.14848518,0.010851467,-0.06743412,0.00636934,-0.11510306,-0.0067821667,0.08661796,-0.00020220123,-0.0740225,-0.013176781,-0.0732474,-0.003437421,-0.052319575,0.012207901,0.018214962,0.012637578,0.019183842,0.10335747,-0.72510684,0.96511483,-0.22745593,-0.024289023,-0.07526206,0.35358268,-0.51495445,0.06507443,1.0957719,0.76144224,-0.19953483,-0.15629342,0.8433203,0.99500567,0.15530623,0.02237055,0.009587379,0.06178533,0.03923693,0.01485019,-0.99911964,0.0,0.0,0.0,0.06480135,-0.180511,0.008460522,-0.04926896,-0.06406343,0.048316598,-0.028751075,0.3347407,0.17273343,0.024512276,0.2564128,0.14466226,0.0025190904,0.017052306,0.0159739,-0.1335118,0.0021315382,0.007944824,-0.023960847,-0.02189671,-0.018408738,0.037592582,0.01314308,-0.08196733,-0.012983005,-0.021121604,0.01931022,0.042436987,0.13371976,-0.31193873,0.85347986,-0.28863567,0.15350586,-0.46354252,0.23070493,-0.49450207,-0.04715386,1.4669802,0.84669584,-0.28688332,-0.39706355,0.4613582,0.99853367,0.0013438761,0.18773735,-0.38915735,0.8661168,-0.2778062,0.1719727,-0.5790087,0.1518277,-0.48644173,-0.08345696,1.5445036,0.7668219,-0.16435574,-0.43962866,0.26204106,1.0047836,-0.105422206
1788699161.875443,204,0,-0.08202535,-0.18002968,0.13315804,0.03688895,0.007854435,-0.9992888,0.0,0.0,0.0,0.060047783,-0.18011737,0.022267103,-0.055627227,-0.046714365,0.05967462,-0.028902471,0.3249913,0.1888305,0.021272585,0.24953979,0.13035023,0.015695872,0.021702934,0.013850786,-0.11180886,0.021121604,0.008913705,-0.033161003,-0.017439857,-0.023059366,0.05251335,-0.010312264,-0.11859103,-0.017439857,-0.06162083,0.022242136,0.03565482,0.18773735,-0.38915735,0.8661168,-0.2778062,0.1719727,-0.5790087,0.1518277,-0.48644173,-0.08345696,1.5445036,0.7668219,-0.16435574,-0.43962866,0.26204106,1.0047836,-0.105422206,-0.106526434,-0.27483818,0.596548,0.04148366,0.0062727584,-0.9991197,0.0,0.0,0.0,0.058049463,-0.18369013,0.0169909,-0.059987187,-0.048591614,0.061807275,-0.031990767,0.30767256,0.18652415,0.021302864,0.25389975,0.12570596,-0.0052319574,0.063752376,0.0320489,-0.03701125,0.0036817477,-0.017439857,-0.020826729,-0.02693489,0.0034879714,0.14223173,0.022646539,-0.04980048,0.0021315382,-0.09572544,-0.00040440247,0.06278349,0.101988055,-0.36779714,0.8388352,-0.44262037,0.078179404,-0.6464724,0.55231977,-0.34281135,0.026909508,1.4179728,0.88398427,-0.35880393,-0.33648095,0.6245327,0.7635639,0.19537082,0.063915856,-0.05752427,0.3994741,0.043240722,0.006742912,-0.9990419,0.0,0.0,0.0,0.061440542,-0.19380283,0.013405085,-0.059351325,-0.037964165,0.048600912,-0.037985742,0.29889208,0.1848023,0.023513123,0.26634377,0.13107693,-0.012014124,-0.011432796,0.00070770434,0.016470976,-0.012401677,-0.07828558,0.042260062,-0.10967733,0.0011626572,-0.0046506287,0.015771698,-0.008719929,-0.031585522,0.005813286,-0.033059906,0.11529683,-0.021319153,-0.9190513,0.70686275,-0.30821133,-0.15058237,-0.3033984,1.1314338,-0.15896809,0.2395571,0.73302317,0.7433895,-0.21357726,-0.047976546,1.230226,0.6854582,0.5702119,0.2833603,0.25246763,-0.2087918,0.042394426,0.011160529,-0.9990385,0.0,0.0,0.0,0.06707217,-0.18798953,0.0115094185,-0.053174734,-0.038055003,0.044888616,-0.037198484,0.3078845,0.17545044,0.025693104,0.26492077,0.14579964,-0.013370558,-0.011045244,0.0015165093,0.008332376,-0.009107481,0.012014124,0.010918867,-0.096888095,0.013370558,-0.040693004,0.012334275,0.006007062,0.017052306,0.065883905,-0.031037891,0.063171044,-0.011754813,-0.99263537,0.8124178,-0.1644928,-0.17189302,0.17574024,0.7198939,-0.12928781,0.21818617,0.52014697,0.8273414,-0.09920572,0.09524539,1.3809472,0.8544289,0.58685946,-0.015978964,0.09374326,-0.3813646,0.039700247,0.013465909,-0.9991209,0.0,0.0,0.0,0.0654069,-0.18157071,0.009645343,-0.049541473,-0.056827128,0.043214202,-0.03411019,0.33340842,0.1735233,0.023452565,0.2531125,0.14848518,0.010851467,-0.06743412,0.00636934,-0.11510306,-0.0067821667,0.08661796,-0.00020220123,-0.0740225,-0.013176781,-0.0732474,-0.003437421,-0.052319575,0.012207901,0.018214962,0.012637578,0.019183842,0.10335747,-0.72510684,0.96511483,-0.22745593,-0.024289023,-0.07526206,0.35358268,-0.51495445,0.06507443,1.0957719,0.76144224,-0.19953483,-0.15629342,0.8433203,0.99500567,0.15530623,0.14379056,-0.55965286,0.8262149,-0.19575901,-0.017999912,-0.010748185,0.14879292,-0.55249923,0.0071815364,1.1904685,0.8041444,-0.1841638,-0.22821364,0.6901251,1.1319833,0.050285548
1788699161.894819,205,0,-0.13741909,0.20240022,-0.51132685,0.037452552,0.010712981,-0.99924123,0.0,0.0,0.0,0.066466615,-0.17490965,0.022788405,-0.050298333,-0.039811075,0.04837978,-0.03371662,0.3297146,0.18502343,0.021333143,0.2429393,0.14091837,0.02344692,-0.008719929,-0.004044025,-0.10483291,0.0056195096,0.10793334,-0.03073459,-0.056776423,-0.024028247,-0.06743412,-0.0023253143,-0.055613764,0.0062008384,0.012401677,0.03417201,0.011626572,0.14379056,-0.55965286,0.8262149,-0.19575901,-0.017999912,-0.010748185,0.14879292,-0.55249923,0.0071815364,1.1904685,0.8041444,-0.1841638,-0.22821364,0.6901251,1.1319833,0.050285548,-0.08202535,-0.18002968,0.13315804,0.03688895,0.007854435,-0.9992888,0.0,0.0,0.0,0.060047783,-0.18011737,0.022267103,-0.055627227,-0.046714365,0.05967462,-0.028902471,0.3249913,0.1888305,0.021272585,0.24953979,0.13035023,0.015695872,0.021702934,0.013850786,-0.11180886,0.021121604,0.008913705,-0.033161003,-0.017439857,-0.023059366,0.05251335,-0.010312264,-0.11859103,-0.017439857,-0.06162083,0.022242136,0.03565482,0.18773735,-0.38915735,0.8661168,-0.2778062,0.1719727,-0.5790087,0.1518277,-0.48644173,-0.08345696,1.5445036,0.7668219,-0.16435574,-0.43962866,0.26204106,1.0047836,-0.105422206,-0.106526434,-0.27483818,0.596548,0.04148366,0.0062727584,-0.9991197,0.0,0.0,0.0,0.058049463,-0.18369013,0.0169909,-0.059987187,-0.048591614,0.061807275,-0.031990767,0.30767256,0.18652415,0.021302864,0.25389975,0.12570596,-0.0052319574,0.063752376,0.0320489,-0.03701125,0.0036817477,-0.017439857,-0.020826729,-0.02693489,0.0034879714,0.14223173,0.022646539,-0.04980048,0.0021315382,-0.09572544,-0.00040440247,0.06278349,0.101988055,-0.36779714,0.8388352,-0.44262037,0.078179404,-0.6464724,0.55231977,-0.34281135,0.026909508,1.4179728,0.88398427,-0.35880393,-0.33648095,0.6245327,0.7635639,0.19537082,0.063915856,-0.05752427,0.3994741,0.043240722,0.006742912,-0.9990419,0.0,0.0,0.0,0.061440542,-0.19380283,0.013405085,-0.059351325,-0.037964165,0.048600912,-0.037985742,0.29889208,0.1848023,0.023513123,0.26634377,0.13107693,-0.012014124,-0.011432796,0.00070770434,0.016470976,-0.012401677,-0.07828558,0.042260062,-0.10967733,0.0011626572,-0.0046506287,0.015771698,-0.008719929,-0.031585522,0.005813286,-0.033059906,0.11529683,-0.021319153,-0.9190513,0.70686275,-0.30821133,-0.15058237,-0.3033984,1.1314338,-0.15896809,0.2395571,0.73302317,0.7433895,-0.21357726,-0.047976546,1.230226,0.6854582,0.5702119,0.2833603,0.25246763,-0.2087918,0.042394426,0.011160529,-0.9990385,0.0,0.0,0.0,0.06707217,-0.18798953,0.0115094185,-0.053174734,-0.038055003,0.044888616,-0.037198484,0.3078845,0.17545044,0.025693104,0.26492077,0.14579964,-0.013370558,-0.011045244,0.0015165093,0.008332376,-0.009107481,0.012014124,0.010918867,-0.096888095,0.013370558,-0.040693004,0.012334275,0.006007062,0.017052306,0.065883905,-0.031037891,0.063171044,-0.011754813,-0.99263537,0.8124178,-0.1644928,-0.17189302,0.17574024,0.7198939,-0.12928781,0.21818617,0.52014697,0.8273414,-0.09920572,0.09524539,1.3809472,0.8544289,0.58685946,-0.016973155,-1.1602271,0.7989908,-0.13060598,-0.22665736,0.17809683,0.76596373,-0.15014063,0.23379165,0.46627176,0.81245106,-0.037538864,0.097240925,1.4038217,0.89035577,0.4798537
1788699161.915305,206,0,0.19281285,0.19174758,-0.68176913,0.041531775,0.009218774,-0.9990948,0.0,0.0,0.0,0.06940354,-0.18084404,0.022583008,-0.050843358,-0.025550425,0.03717971,-0.042345703,0.31702828,0.18824601,0.017699838,0.23470378,0.14589441,-0.012789229,-0.15308319,-0.0014154087,-0.024028247,-0.031197965,0.039917897,-0.022848742,-0.09533789,0.0001937762,-0.10541425,0.0069759428,0.0,0.04049922,0.06200838,0.012233174,-0.012207901,-0.016973155,-1.1602271,0.7989908,-0.13060598,-0.22665736,0.17809683,0.76596373,-0.15014063,0.23379165,0.46627176,0.81245106,-0.037538864,0.097240925,1.4038217,0.89035577,0.4798537,-0.13741909,0.20240022,-0.51132685,0.037452552,0.010712981,-0.99924123,0.0,0.0,0.0,0.066466615,-0.17490965,0.022788405,-0.050298333,-0.039811075,0.04837978,-0.03371662,0.3297146,0.18502343,0.021333143,0.2429393,0.14091837,0.02344692,-0.008719929,-0.004044025,-0.10483291,0.0056195096,0.10793334,-0.03073459,-0.056776423,-0.024028247,-0.06743412,-0.0023253143,-0.055613764,0.0062008384,0.012401677,0.03417201,0.011626572,0.14379056,-0.55965286,0.8262149,-0.19575901,-0.017999912,-0.010748185,0.14879292,-0.55249923,0.0071815364,1.1904685,0.8041444,-0.1841638,-0.22821364,0.6901251,1.1319833,0.050285548,-0.08202535,-0.18002968,0.13315804,0.03688895,0.007854435,-0.9992888,0.0,0.0,0.0,0.060047783,-0.18011737,0.022267103,-0.055627227,-0.046714365,0.05967462,-0.028902471,0.3249913,0.1888305,0.021272585,0.24953979,0.13035023,0.015695872,0.021702934,0.013850786,-0.11180886,0.021121604,0.008913705,-0.033161003,-0.017439857,-0.023059366,0.05251335,-0.010312264,-0.11859103,-0.017439857,-0.06162083,0.022242136,0.03565482,0.18773735,-0.38915735,0.8661168,-0.2778062,0.1719727,-0.5790087,0.1518277,-0.48644173,-0.08345696,1.5445036,0.7668219,-0.16435574,-0.43962866,0.26204106,1.0047836,-0.105422206,-0.106526434,-0.27483818,0.596548,0.04148366,0.0062727584,-0.9991197,0.0,0.0,0.0,0.058049463,-0.18369013,0.0169909,-0.059987187,-0.048591614,0.061807275,-0.031990767,0.30767256,0.18652415,0.021302864,0.25389975,0.12570596,-0.0052319574,0.063752376,0.0320489,-0.03701125,0.0036817477,-0.017439857,-0.020826729,-0.02693489,0.0034879714,0.14223173,0.022646539,-0.04980048,0.0021315382,-0.09572544,-0.00040440247,0.06278349,0.101988055,-0.36779714,0.8388352,-0.44262037,0.078179404,-0.6464724,0.55231977,-0.34281135,0.026909508,1.4179728,0.88398427,-0.35880393,-0.33648095,0.6245327,0.7635639,0.19537082,0.063915856,-0.05752427,0.3994741,0.043240722,0.006742912,-0.9990419,0.0,0.0,0.0,0.061440542,-0.19380283,0.013405085,-0.059351325,-0.037964165,0.048600912,-0.037985742,0.29889208,0.1848023,0.023513123,0.26634377,0.13107693,-0.012014124,-0.011432796,0.00070770434,0.016470976,-0.012401677,-0.07828558,0.042260062,-0.10967733,0.0011626572,-0.0046506287,0.015771698,-0.008719929,-0.031585522,0.005813286,-0.033059906,0.11529683,-0.021319153,-0.9190513,0.70686275,-0.30821133,-0.15058237,-0.3033984,1.1314338,-0.15896809,0.2395571,0.73302317,0.7433895,-0.21357726,-0.047976546,1.230226,0.6854582,0.5702119,-0.11226237,-0.8517227,0.36780715,-0.22590479,-0.25382516,0.30371824,1.3247288,0.10746482,0.411233,0.11662195,1.1049243,-0.22433296,0.08008948,1.6879797,0.6794119,0.49931982
1788699161.9353719,207,0,0.21837918,0.17044228,0.038349517,0.046237197,0.002758566,-0.99892664,0.0,0.0,0.0,0.065376624,-0.18526456,0.020608425,-0.05992663,-0.017193794,0.04629457,-0.044374287,0.28272384,0.19088411,0.02087897,0.25520164,0.13338327,-0.019183842,0.024415802,-0.03912594,0.06704656,-0.025578458,0.028678877,0.05631305,-0.080804676,0.016083425,-0.084873974,0.033161003,0.016664753,-0.012401677,0.03623615,-0.05034811,0.071503416,-0.11226237,-0.8517227,0.36780715,-0.22590479,-0.25382516,0.30371824,1.3247288,0.10746482,0.411233,0.11662195,1.1049243,-0.22433296,0.08008948,1.6879797,0.6794119,0.49931982,0.19281285,0.19174758,-0.68176913,0.041531775,0.009218774,-0.9990948,0.0,0.0,0.0,0.06940354,-0.18084404,0.022583008,-0.050843358,-0.025550425,0.03717971,-0.042345703,0.31702828,0.18824601,0.017699838,0.23470378,0.14589441,-0.012789229,-0.15308319,-0.0014154087,-0.024028247,-0.031197965,0.039917897,-0.022848742,-0.09533789,0.0001937762,-0.10541425,0.0069759428,0.0,0.04049922,0.06200838,0.012233174,-0.012207901,-0.016973155,-1.1602271,0.7989908,-0.13060598,-0.22665736,0.17809683,0.76596373,-0.15014063,0.23379165,0.46627176,0.81245106,-0.037538864,0.097240925,1.4038217,0.89035577,0.4798537,-0.13741909,0.20240022,-0.51132685,0.037452552,0.010712981,-0.99924123,0.0,0.0,0.0,0.066466615,-0.17490965,0.022788405,-0.050298333,-0.039811075,0.04837978,-0.03371662,0.3297146,0.18502343,0.021333143,0.2429393,0.14091837,0.02344692,-0.008719929,-0.004044025,-0.10483291,0.0056195096,0.10793334,-0.03073459,-0.056776423,-0.024028247,-0.06743412,-0.0023253143,-0.055613764,0.0062008384,0.012401677,0.03417201,0.011626572,0.14379056,-0.55965286,0.8262149,-0.19575901,-0.017999912,-0.010748185,0.14879292,-0.55249923,0.0071815364,1.1904685,0.8041444,-0.1841638,-0.22821364,0.6901251,1.1319833,0.050285548,-0.08202535,-0.18002968,0.13315804,0.03688895,0.007854435,-0.9992888,0.0,0.0,0.0,0.060047783,-0.18011737,0.022267103,-0.055627227,-0.046714365,0.05967462,-0.028902471,0.3249913,0.1888305,0.021272585,0.24953979,0.13035023,0.015695872,0.021702934,0.013850786,-0.11180886,0.021121604,0.008913705,-0.033161003,-0.017439857,-0.023059366,0.05251335,-0.010312264,-0.11859103,-0.017439857,-0.06162083,0.022242136,0.03565482,0.18773735,-0.38915735,0.8661168,-0.2778062,0.1719727,-0.5790087,0.1518277,-0.48644173,-0.08345696,1.5445036,0.7668219,-0.16435574,-0.43962866,0.26204106,1.0047836,-0.105422206,-0.106526434,-0.27483818,0.596548,0.04148366,0.0062727584,-0.9991197,0.0,0.0,0.0,0.058049463,-0.18369013,0.0169909,-0.059987187,-0.048591614,0.061807275,-0.031990767,0.30767256,0.18652415,0.021302864,0.25389975,0.12570596,-0.0052319574,0.063752376,0.0320489,-0.03701125,0.0036817477,-0.017439857,-0.020826729,-0.02693489,0.0034879714,0.14223173,0.022646539,-0.04980048,0.0021315382,-0.09572544,-0.00040440247,0.06278349,0.101988055,-0.36779714,0.8388352,-0.44262037,0.078179404,-0.6464724,0.55231977,-0.34281135,0.026909508,1.4179728,0.88398427,-0.35880393,-0.33648095,0.6245327,0.7635639,0.19537082,-0.04868635,-0.67067915,0.53702307,-0.34165335,-0.10828807,-0.7516806,1.1127414,0.04638981,0.19002728,0.85830265,0.95158166,-0.33226773,-0.20934336,0.94067556,0.50001067,0.42485443
1788699161.9555092,208,0,0.21518339,-0.107591696,0.89375675,0.046589326,-0.0011525351,-0.9989136,0.0,0.0,0.0,0.05629337,-0.18699038,0.0145897865,-0.06825292,-0.024218202,0.05716288,-0.038530707,0.2823,0.223189,0.023634225,0.2620141,0.11854994,-0.012595452,0.03100419,0.015165093,-0.024415802,-0.010463915,-0.24900241,0.015771698,-0.043405868,-0.008719929,0.045731183,0.092507064,-0.0162772,-0.03061664,-0.07305363,-0.03093679,0.12111012,-0.04868635,-0.67067915,0.53702307,-0.34165335,-0.10828807,-0.7516806,1.1127414,0.04638981,0.19002728,0.85830265,0.95158166,-0.33226773,-0.20934336,0.94067556,0.50001067,0.42485443,0.21837918,0.17044228,0.038349517,0.046237197,0.002758566,-0.99892664,0.0,0.0,0.0,0.065376624,-0.18526456,0.020608425,-0.05992663,-0.017193794,0.04629457,-0.044374287,0.28272384,0.19088411,0.02087897,0.25520164,0.13338327,-0.019183842,0.024415802,-0.03912594,0.06704656,-0.025578458,0.028678877,0.05631305,-0.080804676,0.016083425,-0.084873974,0.033161003,0.016664753,-0.012401677,0.03623615,-0.05034811,0.071503416,-0.11226237,-0.8517227,0.36780715,-0.22590479,-0.25382516,0.30371824,1.3247288,0.10746482,0.411233,0.11662195,1.1049243,-0.22433296,0.08008948,1.6879797,0.6794119,0.49931982,0.19281285,0.19174758,-0.68176913,0.041531775,0.009218774,-0.9990948,0.0,0.0,0.0,0.06940354,-0.18084404,0.022583008,-0.050843358,-0.025550425,0.03717971,-0.042345703,0.31702828,0.18824601,0.017699838,0.23470378,0.14589441,-0.012789229,-0.15308319,-0.0014154087,-0.024028247,-0.031197965,0.039917897,-0.022848742,-0.09533789,0.0001937762,-0.10541425,0.0069759428,0.0,0.04049922,0.06200838,0.012233174,-0.012207901,-0.016973155,-1.1602271,0.7989908,-0.13060598,-0.22665736,0.17809683,0.76596373,-0.15014063,0.23379165,0.46627176,0.81245106,-0.037538864,0.097240925,1.4038217,0.89035577,0.4798537,-0.13741909,0.20240022,-0.51132685,0.037452552,0.010712981,-0.99924123,0.0,0.0,0.0,0.066466615,-0.17490965,0.022788405,-0.050298333,-0.039811075,0.04837978,-0.03371662,0.3297146,0.18502343,0.021333143,0.2429393,0.14091837,0.02344692,-0.008719929,-0.004044025,-0.10483291,0.0056195096,0.10793334,-0.03073459,-0.056776423,-0.024028247,-0.06743412,-0.0023253143,-0.055613764,0.0062008384,0.012401677,0.03417201,0.011626572,0.14379056,-0.55965286,0.8262149,-0.19575901,-0.017999912,-0.010748185,0.14879292,-0.55249923,0.0071815364,1.1904685,0.8041444,-0.1841638,-0.22821364,0.6901251,1.1319833,0.050285548,-0.08202535,-0.18002968,0.13315804,0.03688895,0.007854435,-0.9992888,0.0,0.0,0.0,0.060047783,-0.18011737,0.022267103,-0.055627227,-0.046714365,0.05967462,-0.028902471,0.3249913,0.1888305,0.021272585,0.24953979,0.13035023,0.015695872,0.021702934,0.013850786,-0.11180886,0.021121604,0.008913705,-0.033161003,-0.017439857,-0.023059366,0.05251335,-0.010312264,-0.11859103,-0.017439857,-0.06162083,0.022242136,0.03565482,0.18773735,-0.38915735,0.8661168,-0.2778062,0.1719727,-0.5790087,0.1518277,-0.48644173,-0.08345696,1.5445036,0.7668219,-0.16435574,-0.43962866,0.26204106,1.0047836,-0.105422206,0.1366174,-0.048891492,0.938518,-0.30365634,0.2842406,-0.69225794,0.09147731,-0.3343706,-0.13726826,1.8568761,0.9738169,-0.3125829,-0.48690617,0.15102553,0.8797263,-0.21245363
1788699161.9753733,209,0,0.003195793,0.03515372,0.7510113,0.045064054,-0.005288128,-0.99897015,0.0,0.0,0.0,0.050419524,-0.1759088,0.021113873,-0.071371555,-0.036783397,0.06480861,-0.035291016,0.30758172,0.2242316,0.027418926,0.253385,0.12017703,-0.0032941953,0.10851467,0.041552357,-0.06394615,0.024803353,0.0017439857,-0.083104715,0.059683066,-0.051156916,0.1912571,0.00060660375,-0.086811736,-0.041468106,-0.11239018,0.031442296,-0.020540277,0.1366174,-0.048891492,0.938518,-0.30365634,0.2842406,-0.69225794,0.09147731,-0.3343706,-0.13726826,1.8568761,0.9738169,-0.3125829,-0.48690617,0.15102553,0.8797263,-0.21245363,0.21518339,-0.107591696,0.89375675,0.046589326,-0.0011525351,-0.9989136,0.0,0.0,0.0,0.05629337,-0.18699038,0.0145897865,-0.06825292,-0.024218202,0.05716288,-0.038530707,0.2823,0.223189,0.023634225,0.2620141,0.11854994,-0.012595452,0.03100419,0.015165093,-0.024415802,-0.010463915,-0.24900241,0.015771698,-0.043405868,-0.008719929,0.045731183,0.092507064,-0.0162772,-0.03061664,-0.07305363,-0.03093679,0.12111012,-0.04868635,-0.67067915,0.53702307,-0.34165335,-0.10828807,-0.7516806,1.1127414,0.04638981,0.19002728,0.85830265,0.95158166,-0.33226773,-0.20934336,0.94067556,0.50001067,0.42485443,0.21837918,0.17044228,0.038349517,0.046237197,0.002758566,-0.99892664,0.0,0.0,0.0,0.065376624,-0.18526456,0.020608425,-0.05992663,-0.017193794,0.04629457,-0.044374287,0.28272384,0.19088411,0.02087897,0.25520164,0.13338327,-0.019183842,0.024415802,-0.03912594,0.06704656,-0.025578458,0.028678877,0.05631305,-0.080804676,0.016083425,-0.084873974,0.033161003,0.016664753,-0.012401677,0.03623615,-0.05034811,0.071503416,-0.11226237,-0.8517227,0.36780715,-0.22590479,-0.25382516,0.30371824,1.3247288,0.10746482,0.411233,0.11662195,1.1049243,-0.22433296,0.08008948,1.6879797,0.6794119,0.49931982,0.19281285,0.19174758,-0.68176913,0.041531775,0.009218774,-0.9990948,0.0,0.0,0.0,0.06940354,-0.18084404,0.022583008,-0.050843358,-0.025550425,0.03717971,-0.042345703,0.31702828,0.18824601,0.017699838,0.23470378,0.14589441,-0.012789229,-0.15308319,-0.0014154087,-0.024028247,-0.031197965,0.039917897,-0.022848742,-0.09533789,0.0001937762,-0.10541425,0.0069759428,0.0,0.04049922,0.06200838,0.012233174,-0.012207901,-0.016973155,-1.1602271,0.7989908,-0.13060598,-0.22665736,0.17809683,0.76596373,-0.15014063,0.23379165,0.46627176,0.81245106,-0.037538864,0.097240925,1.4038217,0.89035577,0.4798537,-0.13741909,0.20240022,-0.51132685,0.037452552,0.010712981,-0.99924123,0.0,0.0,0.0,0.066466615,-0.17490965,0.022788405,-0.050298333,-0.039811075,0.04837978,-0.03371662,0.3297146,0.18502343,0.021333143,0.2429393,0.14091837,0.02344692,-0.008719929,-0.004044025,-0.10483291,0.0056195096,0.10793334,-0.03073459,-0.056776423,-0.024028247,-0.06743412,-0.0023253143,-0.055613764,0.0062008384,0.012401677,0.03417201,0.011626572,0.14379056,-0.55965286,0.8262149,-0.19575901,-0.017999912,-0.010748185,0.14879292,-0.55249923,0.0071815364,1.1904685,0.8041444,-0.1841638,-0.22821364,0.6901251,1.1319833,0.050285548,0.28932422,-0.46215737,1.204147,0.0016079843,0.20339136,-0.6696252,-0.11581023,-0.5505698,-0.16308485,1.6875166,0.68255115,-0.04498402,-0.5013268,-0.14051288,1.0286832,-0.3166106
1788699161.9952786,210,0,-0.45912892,-0.11398328,-0.30999193,0.0417552,0.003534127,-0.9991216,0.0,0.0,0.0,0.061834157,-0.17266911,0.026216388,-0.060683608,-0.034240067,0.033925533,-0.03698659,0.32656574,0.21568537,0.027903363,0.23873073,0.1399548,0.074216284,-0.019571396,0.021130031,-0.1286674,0.021702934,-0.008913705,-0.09948302,-0.04786272,-0.008719929,0.05541999,-0.028004874,-0.09378768,-0.00096888095,-0.06297726,0.05055031,0.007944824,0.28932422,-0.46215737,1.204147,0.0016079843,0.20339136,-0.6696252,-0.11581023,-0.5505698,-0.16308485,1.6875166,0.68255115,-0.04498402,-0.5013268,-0.14051288,1.0286832,-0.3166106,0.003195793,0.03515372,0.7510113,0.045064054,-0.005288128,-0.99897015,0.0,0.0,0.0,0.050419524,-0.1759088,0.021113873,-0.071371555,-0.036783397,0.06480861,-0.035291016,0.30758172,0.2242316,0.027418926,0.253385,0.12017703,-0.0032941953,0.10851467,0.041552357,-0.06394615,0.024803353,0.0017439857,-0.083104715,0.059683066,-0.051156916,0.1912571,0.00060660375,-0.086811736,-0.041468106,-0.11239018,0.031442296,-0.020540277,0.1366174,-0.048891492,0.938518,-0.30365634,0.2842406,-0.69225794,0.09147731,-0.3343706,-0.13726826,1.8568761,0.9738169,-0.3125829,-0.48690617,0.15102553,0.8797263,-0.21245363,0.21518339,-0.107591696,0.89375675,0.046589326,-0.0011525351,-0.9989136,0.0,0.0,0.0,0.05629337,-0.18699038,0.0145897865,-0.06825292,-0.024218202,0.05716288,-0.038530707,0.2823,0.223189,0.023634225,0.2620141,0.11854994,-0.012595452,0.03100419,0.015165093,-0.024415802,-0.010463915,-0.24900241,0.015771698,-0.043405868,-0.008719929,0.045731183,0.092507064,-0.0162772,-0.03061664,-0.07305363,-0.03093679,0.12111012,-0.04868635,-0.67067915,0.53702307,-0.34165335,-0.10828807,-0.7516806,1.1127414,0.04638981,0.19002728,0.85830265,0.95158166,-0.33226773,-0.20934336,0.94067556,0.50001067,0.42485443,0.21837918,0.17044228,0.038349517,0.046237197,0.002758566,-0.99892664,0.0,0.0,0.0,0.065376624,-0.18526456,0.020608425,-0.05992663,-0.017193794,0.04629457,-0.044374287,0.28272384,0.19088411,0.02087897,0.25520164,0.13338327,-0.019183842,0.024415802,-0.03912594,0.06704656,-0.025578458,0.028678877,0.05631305,-0.080804676,0.016083425,-0.084873974,0.033161003,0.016664753,-0.012401677,0.03623615,-0.05034811,0.071503416,-0.11226237,-0.8517227,0.36780715,-0.22590479,-0.25382516,0.30371824,1.3247288,0.10746482,0.411233,0.11662195,1.1049243,-0.22433296,0.08008948,1.6879797,0.6794119,0.49931982,0.19281285,0.19174758,-0.68176913,0.041531775,0.009218774,-0.9990948,0.0,0.0,0.0,0.06940354,-0.18084404,0.022583008,-0.050843358,-0.025550425,0.03717971,-0.042345703,0.31702828,0.18824601,0.017699838,0.23470378,0.14589441,-0.012789229,-0.15308319,-0.0014154087,-0.024028247,-0.031197965,0.039917897,-0.022848742,-0.09533789,0.0001937762,-0.10541425,0.0069759428,0.0,0.04049922,0.06200838,0.012233174,-0.012207901,-0.016973155,-1.1602271,0.7989908,-0.13060598,-0.22665736,0.17809683,0.76596373,-0.15014063,0.23379165,0.46627176,0.81245106,-0.037538864,0.097240925,1.4038217,0.89035577,0.4798537,0.12108167,-0.91940325,0.94985485,0.036791224,-0.1297336,0.48310456,0.14116675,-0.5024729,0.04337793,0.7467517,0.87388545,0.09722334,-0.0071087386,1.0219355,1.1912445,0.21957485
1788699162.0135002,211,0,0.003195793,0.15339807,-1.2527509,0.047337,0.010199243,-0.99882704,0.0,0.0,0.0,0.077215135,-0.18026876,0.029044032,-0.049541473,-0.02134186,0.015174627,-0.0555467,0.32084328,0.19931972,0.033141375,0.23664153,0.15837407,0.019183842,-0.08642419,-0.013547485,-0.0001937762,0.01685853,0.08778062,0.0047517293,-0.097275645,-0.056001317,-0.13951886,-0.005560534,0.0034879714,0.037980136,0.0019377619,0.033767607,0.03701125,0.12108167,-0.91940325,0.94985485,0.036791224,-0.1297336,0.48310456,0.14116675,-0.5024729,0.04337793,0.7467517,0.87388545,0.09722334,-0.0071087386,1.0219355,1.1912445,0.21957485,-0.45912892,-0.11398328,-0.30999193,0.0417552,0.003534127,-0.9991216,0.0,0.0,0.0,0.061834157,-0.17266911,0.026216388,-0.060683608,-0.034240067,0.033925533,-0.03698659,0.32656574,0.21568537,0.027903363,0.23873073,0.1399548,0.074216284,-0.019571396,0.021130031,-0.1286674,0.021702934,-0.008913705,-0.09948302,-0.04786272,-0.008719929,0.05541999,-0.028004874,-0.09378768,-0.00096888095,-0.06297726,0.05055031,0.007944824,0.28932422,-0.46215737,1.204147,0.0016079843,0.20339136,-0.6696252,-0.11581023,-0.5505698,-0.16308485,1.6875166,0.68255115,-0.04498402,-0.5013268,-0.14051288,1.0286832,-0.3166106,0.003195793,0.03515372,0.7510113,0.045064054,-0.005288128,-0.99897015,0.0,0.0,0.0,0.050419524,-0.1759088,0.021113873,-0.071371555,-0.036783397,0.06480861,-0.035291016,0.30758172,0.2242316,0.027418926,0.253385,0.12017703,-0.0032941953,0.10851467,0.041552357,-0.06394615,0.024803353,0.0017439857,-0.083104715,0.059683066,-0.051156916,0.1912571,0.00060660375,-0.086811736,-0.041468106,-0.11239018,0.031442296,-0.020540277,0.1366174,-0.048891492,0.938518,-0.30365634,0.2842406,-0.69225794,0.09147731,-0.3343706,-0.13726826,1.8568761,0.9738169,-0.3125829,-0.48690617,0.15102553,0.8797263,-0.21245363,0.21518339,-0.107591696,0.89375675,0.046589326,-0.0011525351,-0.9989136,0.0,0.0,0.0,0.05629337,-0.18699038,0.0145897865,-0.06825292,-0.024218202,0.05716288,-0.038530707,0.2823,0.223189,0.023634225,0.2620141,0.11854994,-0.012595452,0.03100419,0.015165093,-0.024415802,-0.010463915,-0.24900241,0.015771698,-0.043405868,-0.008719929,0.045731183,0.092507064,-0.0162772,-0.03061664,-0.07305363,-0.03093679,0.12111012,-0.04868635,-0.67067915,0.53702307,-0.34165335,-0.10828807,-0.7516806,1.1127414,0.04638981,0.19002728,0.85830265,0.95158166,-0.33226773,-0.20934336,0.94067556,0.50001067,0.42485443,0.21837918,0.17044228,0.038349517,0.046237197,0.002758566,-0.99892664,0.0,0.0,0.0,0.065376624,-0.18526456,0.020608425,-0.05992663,-0.017193794,0.04629457,-0.044374287,0.28272384,0.19088411,0.02087897,0.25520164,0.13338327,-0.019183842,0.024415802,-0.03912594,0.06704656,-0.025578458,0.028678877,0.05631305,-0.080804676,0.016083425,-0.084873974,0.033161003,0.016664753,-0.012401677,0.03623615,-0.05034811,0.071503416,-0.11226237,-0.8517227,0.36780715,-0.22590479,-0.25382516,0.30371824,1.3247288,0.10746482,0.411233,0.11662195,1.1049243,-0.22433296,0.08008948,1.6879797,0.6794119,0.49931982,-0.1346615,-1.2896873,0.2219182,0.11017169,-0.3320644,0.6794031,1.2353047,-0.0059033595,0.46779203,-0.2118955,0.93744063,0.075553805,0.26147854,1.900275,0.863857,0.45464146
1788699162.0352955,212,0,-0.07350324,0.053263217,-0.84688514,0.053619847,0.009099195,-0.99851996,0.0,0.0,0.0,0.08060622,-0.18920064,0.023736238,-0.04890561,-0.015619338,0.01318419,-0.07116991,0.2945624,0.22587442,0.029720023,0.24012345,0.1547724,0.029453982,-0.02131538,-0.06551321,0.10560802,-0.04127433,0.0062008384,0.05044921,-0.097275645,0.04689384,-0.16315955,0.09644999,0.035848595,0.06801545,0.085842855,-0.048224997,0.01375811,-0.1346615,-1.2896873,0.2219182,0.11017169,-0.3320644,0.6794031,1.2353047,-0.0059033595,0.46779203,-0.2118955,0.93744063,0.075553805,0.26147854,1.900275,0.863857,0.45464146,0.003195793,0.15339807,-1.2527509,0.047337,0.010199243,-0.99882704,0.0,0.0,0.0,0.077215135,-0.18026876,0.029044032,-0.049541473,-0.02134186,0.015174627,-0.0555467,0.32084328,0.19931972,0.033141375,0.23664153,0.15837407,0.019183842,-0.08642419,-0.013547485,-0.0001937762,0.01685853,0.08778062,0.0047517293,-0.097275645,-0.056001317,-0.13951886,-0.005560534,0.0034879714,0.037980136,0.0019377619,0.033767607,0.03701125,0.12108167,-0.91940325,0.94985485,0.036791224,-0.1297336,0.48310456,0.14116675,-0.5024729,0.04337793,0.7467517,0.87388545,0.09722334,-0.0071087386,1.0219355,1.1912445,0.21957485,-0.45912892,-0.11398328,-0.30999193,0.0417552,0.003534127,-0.9991216,0.0,0.0,0.0,0.061834157,-0.17266911,0.026216388,-0.060683608,-0.034240067,0.033925533,-0.03698659,0.32656574,0.21568537,0.027903363,0.23873073,0.1399548,0.074216284,-0.019571396,0.021130031,-0.1286674,0.021702934,-0.008913705,-0.09948302,-0.04786272,-0.008719929,0.05541999,-0.028004874,-0.09378768,-0.00096888095,-0.06297726,0.05055031,0.007944824,0.28932422,-0.46215737,1.204147,0.0016079843,0.20339136,-0.6696252,-0.11581023,-0.5505698,-0.16308485,1.6875166,0.68255115,-0.04498402,-0.5013268,-0.14051288,1.0286832,-0.3166106,0.003195793,0.03515372,0.7510113,0.045064054,-0.005288128,-0.99897015,0.0,0.0,0.0,0.050419524,-0.1759088,0.021113873,-0.071371555,-0.036783397,0.06480861,-0.035291016,0.30758172,0.2242316,0.027418926,0.253385,0.12017703,-0.0032941953,0.10851467,0.041552357,-0.06394615,0.024803353,0.0017439857,-0.083104715,0.059683066,-0.051156916,0.1912571,0.00060660375,-0.086811736,-0.041468106,-0.11239018,0.031442296,-0.020540277,0.1366174,-0.048891492,0.938518,-0.30365634,0.2842406,-0.69225794,0.09147731,-0.3343706,-0.13726826,1.8568761,0.9738169,-0.3125829,-0.48690617,0.15102553,0.8797263,-0.21245363,0.21518339,-0.107591696,0.89375675,0.046589326,-0.0011525351,-0.9989136,0.0,0.0,0.0,0.05629337,-0.18699038,0.0145897865,-0.06825292,-0.024218202,0.05716288,-0.038530707,0.2823,0.223189,0.023634225,0.2620141,0.11854994,-0.012595452,0.03100419,0.015165093,-0.024415802,-0.010463915,-0.24900241,0.015771698,-0.043405868,-0.008719929,0.045731183,0.092507064,-0.0162772,-0.03061664,-0.07305363,-0.03093679,0.12111012,-0.04868635,-0.67067915,0.53702307,-0.34165335,-0.10828807,-0.7516806,1.1127414,0.04638981,0.19002728,0.85830265,0.95158166,-0.33226773,-0.20934336,0.94067556,0.50001067,0.42485443,-0.2185636,-0.93802917,0.065463424,-0.019793762,-0.26480228,0.16277862,1.5420475,0.28649017,0.5154288,-0.2228917,1.181281,-0.15773956,0.16851206,1.685703,0.41321754,0.56723905
1788699162.0533953,213,0,0.21731392,0.149137,0.5795038,0.054808937,0.004865205,-0.998485,0.0,0.0,0.0,0.0710688,-0.19053286,0.008286834,-0.054930806,-0.012288868,0.029628754,-0.06317657,0.27255064,0.26587236,0.03698662,0.25819916,0.13336742,-0.02538468,-0.008719929,-0.03720503,0.13312425,-0.021121604,0.014920766,0.019916823,-0.07867313,0.02189671,-0.016470976,0.06227798,0.048637822,0.015114543,0.06743412,-0.077341974,0.13622467,-0.2185636,-0.93802917,0.065463424,-0.019793762,-0.26480228,0.16277862,1.5420475,0.28649017,0.5154288,-0.2228917,1.181281,-0.15773956,0.16851206,1.685703,0.41321754,0.56723905,-0.07350324,0.053263217,-0.84688514,0.053619847,0.009099195,-0.99851996,0.0,0.0,0.0,0.08060622,-0.18920064,0.023736238,-0.04890561,-0.015619338,0.01318419,-0.07116991,0.2945624,0.22587442,0.029720023,0.24012345,0.1547724,0.029453982,-0.02131538,-0.06551321,0.10560802,-0.04127433,0.0062008384,0.05044921,-0.097275645,0.04689384,-0.16315955,0.09644999,0.035848595,0.06801545,0.085842855,-0.048224997,0.01375811,-0.1346615,-1.2896873,0.2219182,0.11017169,-0.3320644,0.6794031,1.2353047,-0.0059033595,0.46779203,-0.2118955,0.93744063,0.075553805,0.26147854,1.900275,0.863857,0.45464146,0.003195793,0.15339807,-1.2527509,0.047337,0.010199243,-0.99882704,0.0,0.0,0.0,0.077215135,-0.18026876,0.029044032,-0.049541473,-0.02134186,0.015174627,-0.0555467,0.32084328,0.19931972,0.033141375,0.23664153,0.15837407,0.019183842,-0.08642419,-0.013547485,-0.0001937762,0.01685853,0.08778062,0.0047517293,-0.097275645,-0.056001317,-0.13951886,-0.005560534,0.0034879714,0.037980136,0.0019377619,0.033767607,0.03701125,0.12108167,-0.91940325,0.94985485,0.036791224,-0.1297336,0.48310456,0.14116675,-0.5024729,0.04337793,0.7467517,0.87388545,0.09722334,-0.0071087386,1.0219355,1.1912445,0.21957485,-0.45912892,-0.11398328,-0.30999193,0.0417552,0.003534127,-0.9991216,0.0,0.0,0.0,0.061834157,-0.17266911,0.026216388,-0.060683608,-0.034240067,0.033925533,-0.03698659,0.32656574,0.21568537,0.027903363,0.23873073,0.1399548,0.074216284,-0.019571396,0.021130031,-0.1286674,0.021702934,-0.008913705,-0.09948302,-0.04786272,-0.008719929,0.05541999,-0.028004874,-0.09378768,-0.00096888095,-0.06297726,0.05055031,0.007944824,0.28932422,-0.46215737,1.204147,0.0016079843,0.20339136,-0.6696252,-0.11581023,-0.5505698,-0.16308485,1.6875166,0.68255115,-0.04498402,-0.5013268,-0.14051288,1.0286832,-0.3166106,0.003195793,0.03515372,0.7510113,0.045064054,-0.005288128,-0.99897015,0.0,0.0,0.0,0.050419524,-0.1759088,0.021113873,-0.071371555,-0.036783397,0.06480861,-0.035291016,0.30758172,0.2242316,0.027418926,0.253385,0.12017703,-0.0032941953,0.10851467,0.041552357,-0.06394615,0.024803353,0.0017439857,-0.083104715,0.059683066,-0.051156916,0.1912571,0.00060660375,-0.086811736,-0.041468106,-0.11239018,0.031442296,-0.020540277,0.1366174,-0.048891492,0.938518,-0.30365634,0.2842406,-0.69225794,0.09147731,-0.3343706,-0.13726826,1.8568761,0.9738169,-0.3125829,-0.48690617,0.15102553,0.8797263,-0.21245363,0.08936535,-0.2768696,0.69897985,-0.2428758,0.12185865,-1.3082472,0.7993599,-0.06347402,0.035769843,1.311707,1.0312349,-0.44068637,-0.4276475,0.5014433,0.42142674,0.24954064
1788699162.0745397,214,0,-0.24714132,0.059654802,1.1451591,0.058498107,-0.00031190572,-0.99828756,0.0,0.0,0.0,0.062227763,-0.18944287,0.007797122,-0.06682992,-0.03626865,0.03558421,-0.060572803,0.28826463,0.27392876,0.048522368,0.25647336,0.11313152,-0.021121604,-0.02189671,0.036598425,-0.012789229,-0.04301832,-0.0038755238,0.0016176099,-0.022284262,0.005038181,0.14746368,-0.026791666,-0.07227852,0.031391744,-0.05464489,-0.03407091,0.12149768,0.08936535,-0.2768696,0.69897985,-0.2428758,0.12185865,-1.3082472,0.7993599,-0.06347402,0.035769843,1.311707,1.0312349,-0.44068637,-0.4276475,0.5014433,0.42142674,0.24954064,0.21731392,0.149137,0.5795038,0.054808937,0.004865205,-0.998485,0.0,0.0,0.0,0.0710688,-0.19053286,0.008286834,-0.054930806,-0.012288868,0.029628754,-0.06317657,0.27255064,0.26587236,0.03698662,0.25819916,0.13336742,-0.02538468,-0.008719929,-0.03720503,0.13312425,-0.021121604,0.014920766,0.019916823,-0.07867313,0.02189671,-0.016470976,0.06227798,0.048637822,0.015114543,0.06743412,-0.077341974,0.13622467,-0.2185636,-0.93802917,0.065463424,-0.019793762,-0.26480228,0.16277862,1.5420475,0.28649017,0.5154288,-0.2228917,1.181281,-0.15773956,0.16851206,1.685703,0.41321754,0.56723905,-0.07350324,0.053263217,-0.84688514,0.053619847,0.009099195,-0.99851996,0.0,0.0,0.0,0.08060622,-0.18920064,0.023736238,-0.04890561,-0.015619338,0.01318419,-0.07116991,0.2945624,0.22587442,0.029720023,0.24012345,0.1547724,0.029453982,-0.02131538,-0.06551321,0.10560802,-0.04127433,0.0062008384,0.05044921,-0.097275645,0.04689384,-0.16315955,0.09644999,0.035848595,0.06801545,0.085842855,-0.048224997,0.01375811,-0.1346615,-1.2896873,0.2219182,0.11017169,-0.3320644,0.6794031,1.2353047,-0.0059033595,0.46779203,-0.2118955,0.93744063,0.075553805,0.26147854,1.900275,0.863857,0.45464146,0.003195793,0.15339807,-1.2527509,0.047337,0.010199243,-0.99882704,0.0,0.0,0.0,0.077215135,-0.18026876,0.029044032,-0.049541473,-0.02134186,0.015174627,-0.0555467,0.32084328,0.19931972,0.033141375,0.23664153,0.15837407,0.019183842,-0.08642419,-0.013547485,-0.0001937762,0.01685853,0.08778062,0.0047517293,-0.097275645,-0.056001317,-0.13951886,-0.005560534,0.0034879714,0.037980136,0.0019377619,0.033767607,0.03701125,0.12108167,-0.91940325,0.94985485,0.036791224,-0.1297336,0.48310456,0.14116675,-0.5024729,0.04337793,0.7467517,0.87388545,0.09722334,-0.0071087386,1.0219355,1.1912445,0.21957485,-0.45912892,-0.11398328,-0.30999193,0.0417552,0.003534127,-0.9991216,0.0,0.0,0.0,0.061834157,-0.17266911,0.026216388,-0.060683608,-0.034240067,0.033925533,-0.03698659,0.32656574,0.21568537,0.027903363,0.23873073,0.1399548,0.074216284,-0.019571396,0.021130031,-0.1286674,0.021702934,-0.008913705,-0.09948302,-0.04786272,-0.008719929,0.05541999,-0.028004874,-0.09378768,-0.00096888095,-0.06297726,0.05055031,0.007944824,0.28932422,-0.46215737,1.204147,0.0016079843,0.20339136,-0.6696252,-0.11581023,-0.5505698,-0.16308485,1.6875166,0.68255115,-0.04498402,-0.5013268,-0.14051288,1.0286832,-0.3166106,0.21116003,-0.30000442,1.2616047,-0.22636436,0.30242747,-1.0457501,-0.0965717,-0.26493552,-0.08914543,1.721095,1.046005,-0.38989422,-0.45564964,0.19456069,0.5511774,-0.07931884
1788699162.0948172,215,0,-0.55393744,-0.32384035,0.38029936,0.06063661,-0.0014816447,-0.9981589,0.0,0.0,0.0,0.064044416,-0.19210729,0.012709975,-0.06788957,-0.042414963,0.034952402,-0.057999194,0.3116389,0.2611649,0.059936985,0.25056922,0.11859727,0.024415802,0.020734053,0.039429244,-0.09766321,0.03623615,-0.030810416,-0.109087564,0.11936613,-0.009107481,0.11122753,-0.028207073,-0.15114543,-0.014339439,-0.03216685,0.041451257,-0.0003875524,0.21116003,-0.30000442,1.2616047,-0.22636436,0.30242747,-1.0457501,-0.0965717,-0.26493552,-0.08914543,1.721095,1.046005,-0.38989422,-0.45564964,0.19456069,0.5511774,-0.07931884,-0.24714132,0.059654802,1.1451591,0.058498107,-0.00031190572,-0.99828756,0.0,0.0,0.0,0.062227763,-0.18944287,0.007797122,-0.06682992,-0.03626865,0.03558421,-0.060572803,0.28826463,0.27392876,0.048522368,0.25647336,0.11313152,-0.021121604,-0.02189671,0.036598425,-0.012789229,-0.04301832,-0.0038755238,0.0016176099,-0.022284262,0.005038181,0.14746368,-0.026791666,-0.07227852,0.031391744,-0.05464489,-0.03407091,0.12149768,0.08936535,-0.2768696,0.69897985,-0.2428758,0.12185865,-1.3082472,0.7993599,-0.06347402,0.035769843,1.311707,1.0312349,-0.44068637,-0.4276475,0.5014433,0.42142674,0.24954064,0.21731392,0.149137,0.5795038,0.054808937,0.004865205,-0.998485,0.0,0.0,0.0,0.0710688,-0.19053286,0.008286834,-0.054930806,-0.012288868,0.029628754,-0.06317657,0.27255064,0.26587236,0.03698662,0.25819916,0.13336742,-0.02538468,-0.008719929,-0.03720503,0.13312425,-0.021121604,0.014920766,0.019916823,-0.07867313,0.02189671,-0.016470976,0.06227798,0.048637822,0.015114543,0.06743412,-0.077341974,0.13622467,-0.2185636,-0.93802917,0.065463424,-0.019793762,-0.26480228,0.16277862,1.5420475,0.28649017,0.5154288,-0.2228917,1.181281,-0.15773956,0.16851206,1.685703,0.41321754,0.56723905,-0.07350324,0.053263217,-0.84688514,0.053619847,0.009099195,-0.99851996,0.0,0.0,0.0,0.08060622,-0.18920064,0.023736238,-0.04890561,-0.015619338,0.01318419,-0.07116991,0.2945624,0.22587442,0.029720023,0.24012345,0.1547724,0.029453982,-0.02131538,-0.06551321,0.10560802,-0.04127433,0.0062008384,0.05044921,-0.097275645,0.04689384,-0.16315955,0.09644999,0.035848595,0.06801545,0.085842855,-0.048224997,0.01375811,-0.1346615,-1.2896873,0.2219182,0.11017169,-0.3320644,0.6794031,1.2353047,-0.0059033595,0.46779203,-0.2118955,0.93744063,0.075553805,0.26147854,1.900275,0.863857,0.45464146,0.003195793,0.15339807,-1.2527509,0.047337,0.010199243,-0.99882704,0.0,0.0,0.0,0.077215135,-0.18026876,0.029044032,-0.049541473,-0.02134186,0.015174627,-0.0555467,0.32084328,0.19931972,0.033141375,0.23664153,0.15837407,0.019183842,-0.08642419,-0.013547485,-0.0001937762,0.01685853,0.08778062,0.0047517293,-0.097275645,-0.056001317,-0.13951886,-0.005560534,0.0034879714,0.037980136,0.0019377619,0.033767607,0.03701125,0.12108167,-0.91940325,0.94985485,0.036791224,-0.1297336,0.48310456,0.14116675,-0.5024729,0.04337793,0.7467517,0.87388545,0.09722334,-0.0071087386,1.0219355,1.1912445,0.21957485,0.124380596,-0.6909951,1.3698226,-0.17704496,0.030085377,-0.18363637,-0.30926475,-0.35099164,0.03317545,1.22274,0.86344546,-0.19801469,-0.285187,0.3674397,0.92087495,0.10784277
1788699162.1135063,216,0,-0.05006742,-0.17789914,-0.5326322,0.056492224,0.0052966704,-0.998389,0.0,0.0,0.0,0.07215879,-0.19413587,0.02068746,-0.0588063,-0.032120645,-0.001491189,-0.05742389,0.3258996,0.2504387,0.060724214,0.2486617,0.13477337,0.01530832,-0.006007062,0.00808805,-0.0984383,0.008332376,0.04301832,-0.08694654,0.015114543,-0.02092783,-0.047475167,-0.025275156,-0.1302176,-0.011432796,0.008719929,0.087350935,0.07111587,0.124380596,-0.6909951,1.3698226,-0.17704496,0.030085377,-0.18363637,-0.30926475,-0.35099164,0.03317545,1.22274,0.86344546,-0.19801469,-0.285187,0.3674397,0.92087495,0.10784277,-0.55393744,-0.32384035,0.38029936,0.06063661,-0.0014816447,-0.9981589,0.0,0.0,0.0,0.064044416,-0.19210729,0.012709975,-0.06788957,-0.042414963,0.034952402,-0.057999194,0.3116389,0.2611649,0.059936985,0.25056922,0.11859727,0.024415802,0.020734053,0.039429244,-0.09766321,0.03623615,-0.030810416,-0.109087564,0.11936613,-0.009107481,0.11122753,-0.028207073,-0.15114543,-0.014339439,-0.03216685,0.041451257,-0.0003875524,0.21116003,-0.30000442,1.2616047,-0.22636436,0.30242747,-1.0457501,-0.0965717,-0.26493552,-0.08914543,1.721095,1.046005,-0.38989422,-0.45564964,0.19456069,0.5511774,-0.07931884,-0.24714132,0.059654802,1.1451591,0.058498107,-0.00031190572,-0.99828756,0.0,0.0,0.0,0.062227763,-0.18944287,0.007797122,-0.06682992,-0.03626865,0.03558421,-0.060572803,0.28826463,0.27392876,0.048522368,0.25647336,0.11313152,-0.021121604,-0.02189671,0.036598425,-0.012789229,-0.04301832,-0.0038755238,0.0016176099,-0.022284262,0.005038181,0.14746368,-0.026791666,-0.07227852,0.031391744,-0.05464489,-0.03407091,0.12149768,0.08936535,-0.2768696,0.69897985,-0.2428758,0.12185865,-1.3082472,0.7993599,-0.06347402,0.035769843,1.311707,1.0312349,-0.44068637,-0.4276475,0.5014433,0.42142674,0.24954064,0.21731392,0.149137,0.5795038,0.054808937,0.004865205,-0.998485,0.0,0.0,0.0,0.0710688,-0.19053286,0.008286834,-0.054930806,-0.012288868,0.029628754,-0.06317657,0.27255064,0.26587236,0.03698662,0.25819916,0.13336742,-0.02538468,-0.008719929,-0.03720503,0.13312425,-0.021121604,0.014920766,0.019916823,-0.07867313,0.02189671,-0.016470976,0.06227798,0.048637822,0.015114543,0.06743412,-0.077341974,0.13622467,-0.2185636,-0.93802917,0.065463424,-0.019793762,-0.26480228,0.16277862,1.5420475,0.28649017,0.5154288,-0.2228917,1.181281,-0.15773956,0.16851206,1.685703,0.41321754,0.56723905,-0.07350324,0.053263217,-0.84688514,0.053619847,0.009099195,-0.99851996,0.0,0.0,0.0,0.08060622,-0.18920064,0.023736238,-0.04890561,-0.015619338,0.01318419,-0.07116991,0.2945624,0.22587442,0.029720023,0.24012345,0.1547724,0.029453982,-0.02131538,-0.06551321,0.10560802,-0.04127433,0.0062008384,0.05044921,-0.097275645,0.04689384,-0.16315955,0.09644999,0.035848595,0.06801545,0.085842855,-0.048224997,0.01375811,-0.1346615,-1.2896873,0.2219182,0.11017169,-0.3320644,0.6794031,1.2353047,-0.0059033595,0.46779203,-0.2118955,0.93744063,0.075553805,0.26147854,1.900275,0.863857,0.45464146,-0.05287698,-1.2165263,1.0384432,-0.20650321,-0.15725546,0.51219755,0.38314182,-0.10548585,0.20561737,0.35705817,0.954845,0.118859306,0.11624325,1.3352696,0.8920997,0.57069165
1788699162.1335285,217,0,0.16937703,-0.0447411,-0.8958873,0.056149285,0.0027514072,-0.9984186,0.0,0.0,0.0,0.07333961,-0.20370358,0.027353764,-0.05550611,-0.017466307,-0.018583536,-0.070019305,0.3113361,0.24607873,0.057605624,0.25450528,0.14546788,0.014726991,-0.14106907,-0.003740723,-0.016470976,0.0162772,0.1838936,0.031543396,-0.060070615,-0.012789229,-0.15192054,0.04731509,-0.023253145,0.0139518855,0.16781019,-0.011222169,0.08274243,-0.05287698,-1.2165263,1.0384432,-0.20650321,-0.15725546,0.51219755,0.38314182,-0.10548585,0.20561737,0.35705817,0.954845,0.118859306,0.11624325,1.3352696,0.8920997,0.57069165,-0.05006742,-0.17789914,-0.5326322,0.056492224,0.0052966704,-0.998389,0.0,0.0,0.0,0.07215879,-0.19413587,0.02068746,-0.0588063,-0.032120645,-0.001491189,-0.05742389,0.3258996,0.2504387,0.060724214,0.2486617,0.13477337,0.01530832,-0.006007062,0.00808805,-0.0984383,0.008332376,0.04301832,-0.08694654,0.015114543,-0.02092783,-0.047475167,-0.025275156,-0.1302176,-0.011432796,0.008719929,0.087350935,0.07111587,0.124380596,-0.6909951,1.3698226,-0.17704496,0.030085377,-0.18363637,-0.30926475,-0.35099164,0.03317545,1.22274,0.86344546,-0.19801469,-0.285187,0.3674397,0.92087495,0.10784277,-0.55393744,-0.32384035,0.38029936,0.06063661,-0.0014816447,-0.9981589,0.0,0.0,0.0,0.064044416,-0.19210729,0.012709975,-0.06788957,-0.042414963,0.034952402,-0.057999194,0.3116389,0.2611649,0.059936985,0.25056922,0.11859727,0.024415802,0.020734053,0.039429244,-0.09766321,0.03623615,-0.030810416,-0.109087564,0.11936613,-0.009107481,0.11122753,-0.028207073,-0.15114543,-0.014339439,-0.03216685,0.041451257,-0.0003875524,0.21116003,-0.30000442,1.2616047,-0.22636436,0.30242747,-1.0457501,-0.0965717,-0.26493552,-0.08914543,1.721095,1.046005,-0.38989422,-0.45564964,0.19456069,0.5511774,-0.07931884,-0.24714132,0.059654802,1.1451591,0.058498107,-0.00031190572,-0.99828756,0.0,0.0,0.0,0.062227763,-0.18944287,0.007797122,-0.06682992,-0.03626865,0.03558421,-0.060572803,0.28826463,0.27392876,0.048522368,0.25647336,0.11313152,-0.021121604,-0.02189671,0.036598425,-0.012789229,-0.04301832,-0.0038755238,0.0016176099,-0.022284262,0.005038181,0.14746368,-0.026791666,-0.07227852,0.031391744,-0.05464489,-0.03407091,0.12149768,0.08936535,-0.2768696,0.69897985,-0.2428758,0.12185865,-1.3082472,0.7993599,-0.06347402,0.035769843,1.311707,1.0312349,-0.44068637,-0.4276475,0.5014433,0.42142674,0.24954064,0.21731392,0.149137,0.5795038,0.054808937,0.004865205,-0.998485,0.0,0.0,0.0,0.0710688,-0.19053286,0.008286834,-0.054930806,-0.012288868,0.029628754,-0.06317657,0.27255064,0.26587236,0.03698662,0.25819916,0.13336742,-0.02538468,-0.008719929,-0.03720503,0.13312425,-0.021121604,0.014920766,0.019916823,-0.07867313,0.02189671,-0.016470976,0.06227798,0.048637822,0.015114543,0.06743412,-0.077341974,0.13622467,-0.2185636,-0.93802917,0.065463424,-0.019793762,-0.26480228,0.16277862,1.5420475,0.28649017,0.5154288,-0.2228917,1.181281,-0.15773956,0.16851206,1.685703,0.41321754,0.56723905,-0.19895774,-1.2553753,0.32549128,-0.29258716,-0.32339412,0.19882467,1.4700536,0.28904778,0.40126508,-0.17499997,1.1022881,0.07907145,0.22167896,1.7655772,0.4635565,0.77898717
1788699162.1559825,218,0,0.49108684,-0.025566343,-0.1310275,0.05812199,-0.0040087164,-0.9983014,0.0,0.0,0.0,0.06876771,-0.21360433,0.028538465,-0.05405271,-0.020130694,-0.0066884756,-0.07156354,0.27642614,0.2771356,0.05569814,0.27185434,0.1202718,-0.02189671,-0.02693489,-0.039631445,0.048444048,-0.039530348,-0.01685853,0.13557594,-0.0036817477,0.027903771,-0.15598984,0.08765424,0.11781593,0.0027128668,0.068403,-0.0969555,0.10967733,-0.19895774,-1.2553753,0.32549128,-0.29258716,-0.32339412,0.19882467,1.4700536,0.28904778,0.40126508,-0.17499997,1.1022881,0.07907145,0.22167896,1.7655772,0.4635565,0.77898717,0.16937703,-0.0447411,-0.8958873,0.056149285,0.0027514072,-0.9984186,0.0,0.0,0.0,0.07333961,-0.20370358,0.027353764,-0.05550611,-0.017466307,-0.018583536,-0.070019305,0.3113361,0.24607873,0.057605624,0.25450528,0.14546788,0.014726991,-0.14106907,-0.003740723,-0.016470976,0.0162772,0.1838936,0.031543396,-0.060070615,-0.012789229,-0.15192054,0.04731509,-0.023253145,0.0139518855,0.16781019,-0.011222169,0.08274243,-0.05287698,-1.2165263,1.0384432,-0.20650321,-0.15725546,0.51219755,0.38314182,-0.10548585,0.20561737,0.35705817,0.954845,0.118859306,0.11624325,1.3352696,0.8920997,0.57069165,-0.05006742,-0.17789914,-0.5326322,0.056492224,0.0052966704,-0.998389,0.0,0.0,0.0,0.07215879,-0.19413587,0.02068746,-0.0588063,-0.032120645,-0.001491189,-0.05742389,0.3258996,0.2504387,0.060724214,0.2486617,0.13477337,0.01530832,-0.006007062,0.00808805,-0.0984383,0.008332376,0.04301832,-0.08694654,0.015114543,-0.02092783,-0.047475167,-0.025275156,-0.1302176,-0.011432796,0.008719929,0.087350935,0.07111587,0.124380596,-0.6909951,1.3698226,-0.17704496,0.030085377,-0.18363637,-0.30926475,-0.35099164,0.03317545,1.22274,0.86344546,-0.19801469,-0.285187,0.3674397,0.92087495,0.10784277,-0.55393744,-0.32384035,0.38029936,0.06063661,-0.0014816447,-0.9981589,0.0,0.0,0.0,0.064044416,-0.19210729,0.012709975,-0.06788957,-0.042414963,0.034952402,-0.057999194,0.3116389,0.2611649,0.059936985,0.25056922,0.11859727,0.024415802,0.020734053,0.039429244,-0.09766321,0.03623615,-0.030810416,-0.109087564,0.11936613,-0.009107481,0.11122753,-0.028207073,-0.15114543,-0.014339439,-0.03216685,0.041451257,-0.0003875524,0.21116003,-0.30000442,1.2616047,-0.22636436,0.30242747,-1.0457501,-0.0965717,-0.26493552,-0.08914543,1.721095,1.046005,-0.38989422,-0.45564964,0.19456069,0.5511774,-0.07931884,-0.24714132,0.059654802,1.1451591,0.058498107,-0.00031190572,-0.99828756,0.0,0.0,0.0,0.062227763,-0.18944287,0.007797122,-0.06682992,-0.03626865,0.03558421,-0.060572803,0.28826463,0.27392876,0.048522368,0.25647336,0.11313152,-0.021121604,-0.02189671,0.036598425,-0.012789229,-0.04301832,-0.0038755238,0.0016176099,-0.022284262,0.005038181,0.14746368,-0.026791666,-0.07227852,0.031391744,-0.05464489,-0.03407091,0.12149768,0.08936535,-0.2768696,0.69897985,-0.2428758,0.12185865,-1.3082472,0.7993599,-0.06347402,0.035769843,1.311707,1.0312349,-0.44068637,-0.4276475,0.5014433,0.42142674,0.24954064,-0.12331292,-0.6772611,0.21415469,-0.54786676,-0.17911902,-0.5629433,1.2973816,0.20557761,0.24054003,0.44215992,1.266564,-0.1968602,-0.073177256,1.2297827,0.35093403,0.5101202
1788699162.1753983,219,0,0.22796656,-0.21305287,1.0066748,0.058580272,-0.015741276,-0.9981587,0.0,0.0,0.0,0.051206738,-0.21372545,0.02138257,-0.06946409,-0.040840566,0.02428937,-0.0673247,0.2637701,0.29468608,0.05606146,0.28935474,0.084539056,-0.04224321,0.10018229,-0.0059649367,-0.023059366,-0.008719929,-0.18447493,-0.0053583332,0.046118733,0.016664753,0.01685853,0.009604559,0.04786272,-0.026353562,-0.0052319574,-0.05985157,0.24125135,-0.12331292,-0.6772611,0.21415469,-0.54786676,-0.17911902,-0.5629433,1.2973816,0.20557761,0.24054003,0.44215992,1.266564,-0.1968602,-0.073177256,1.2297827,0.35093403,0.5101202,0.49108684,-0.025566343,-0.1310275,0.05812199,-0.0040087164,-0.9983014,0.0,0.0,0.0,0.06876771,-0.21360433,0.028538465,-0.05405271,-0.020130694,-0.0066884756,-0.07156354,0.27642614,0.2771356,0.05569814,0.27185434,0.1202718,-0.02189671,-0.02693489,-0.039631445,0.048444048,-0.039530348,-0.01685853,0.13557594,-0.0036817477,0.027903771,-0.15598984,0.08765424,0.11781593,0.0027128668,0.068403,-0.0969555,0.10967733,-0.19895774,-1.2553753,0.32549128,-0.29258716,-0.32339412,0.19882467,1.4700536,0.28904778,0.40126508,-0.17499997,1.1022881,0.07907145,0.22167896,1.7655772,0.4635565,0.77898717,0.16937703,-0.0447411,-0.8958873,0.056149285,0.0027514072,-0.9984186,0.0,0.0,0.0,0.07333961,-0.20370358,0.027353764,-0.05550611,-0.017466307,-0.018583536,-0.070019305,0.3113361,0.24607873,0.057605624,0.25450528,0.14546788,0.014726991,-0.14106907,-0.003740723,-0.016470976,0.0162772,0.1838936,0.031543396,-0.060070615,-0.012789229,-0.15192054,0.04731509,-0.023253145,0.0139518855,0.16781019,-0.011222169,0.08274243,-0.05287698,-1.2165263,1.0384432,-0.20650321,-0.15725546,0.51219755,0.38314182,-0.10548585,0.20561737,0.35705817,0.954845,0.118859306,0.11624325,1.3352696,0.8920997,0.57069165,-0.05006742,-0.17789914,-0.5326322,0.056492224,0.0052966704,-0.998389,0.0,0.0,0.0,0.07215879,-0.19413587,0.02068746,-0.0588063,-0.032120645,-0.001491189,-0.05742389,0.3258996,0.2504387,0.060724214,0.2486617,0.13477337,0.01530832,-0.006007062,0.00808805,-0.0984383,0.008332376,0.04301832,-0.08694654,0.015114543,-0.02092783,-0.047475167,-0.025275156,-0.1302176,-0.011432796,0.008719929,0.087350935,0.07111587,0.124380596,-0.6909951,1.3698226,-0.17704496,0.030085377,-0.18363637,-0.30926475,-0.35099164,0.03317545,1.22274,0.86344546,-0.19801469,-0.285187,0.3674397,0.92087495,0.10784277,-0.55393744,-0.32384035,0.38029936,0.06063661,-0.0014816447,-0.9981589,0.0,0.0,0.0,0.064044416,-0.19210729,0.012709975,-0.06788957,-0.042414963,0.034952402,-0.057999194,0.3116389,0.2611649,0.059936985,0.25056922,0.11859727,0.024415802,0.020734053,0.039429244,-0.09766321,0.03623615,-0.030810416,-0.109087564,0.11936613,-0.009107481,0.11122753,-0.028207073,-0.15114543,-0.014339439,-0.03216685,0.041451257,-0.0003875524,0.21116003,-0.30000442,1.2616047,-0.22636436,0.30242747,-1.0457501,-0.0965717,-0.26493552,-0.08914543,1.721095,1.046005,-0.38989422,-0.45564964,0.19456069,0.5511774,-0.07931884,0.09326886,0.012642607,0.74791443,-0.30401936,0.31747448,-1.135199,0.30418512,-0.024673983,-0.2090598,1.7939502,1.0725198,-0.10602674,-0.52448624,0.109208226,0.576868,0.05796603
1788699162.1948977,220,0,0.3249056,-0.18535599,1.132376,0.05726023,-0.020009873,-0.99815863,0.0,0.0,0.0,0.043940134,-0.2028558,0.02135086,-0.074641466,-0.05567652,0.03310418,-0.05887717,0.27857584,0.29794025,0.065023616,0.27848512,0.0788995,-0.017439857,0.12808608,0.036598425,-0.11859103,-0.022671817,-0.06162083,-0.029319182,0.038949013,-0.04553741,0.31740543,0.0025275154,-0.01782741,-0.019183842,-0.25035885,0.026387263,0.086811736,0.09326886,0.012642607,0.74791443,-0.30401936,0.31747448,-1.135199,0.30418512,-0.024673983,-0.2090598,1.7939502,1.0725198,-0.10602674,-0.52448624,0.109208226,0.576868,0.05796603,0.22796656,-0.21305287,1.0066748,0.058580272,-0.015741276,-0.9981587,0.0,0.0,0.0,0.051206738,-0.21372545,0.02138257,-0.06946409,-0.040840566,0.02428937,-0.0673247,0.2637701,0.29468608,0.05606146,0.28935474,0.084539056,-0.04224321,0.10018229,-0.0059649367,-0.023059366,-0.008719929,-0.18447493,-0.0053583332,0.046118733,0.016664753,0.01685853,0.009604559,0.04786272,-0.026353562,-0.0052319574,-0.05985157,0.24125135,-0.12331292,-0.6772611,0.21415469,-0.54786676,-0.17911902,-0.5629433,1.2973816,0.20557761,0.24054003,0.44215992,1.266564,-0.1968602,-0.073177256,1.2297827,0.35093403,0.5101202,0.49108684,-0.025566343,-0.1310275,0.05812199,-0.0040087164,-0.9983014,0.0,0.0,0.0,0.06876771,-0.21360433,0.028538465,-0.05405271,-0.020130694,-0.0066884756,-0.07156354,0.27642614,0.2771356,0.05569814,0.27185434,0.1202718,-0.02189671,-0.02693489,-0.039631445,0.048444048,-0.039530348,-0.01685853,0.13557594,-0.0036817477,0.027903771,-0.15598984,0.08765424,0.11781593,0.0027128668,0.068403,-0.0969555,0.10967733,-0.19895774,-1.2553753,0.32549128,-0.29258716,-0.32339412,0.19882467,1.4700536,0.28904778,0.40126508,-0.17499997,1.1022881,0.07907145,0.22167896,1.7655772,0.4635565,0.77898717,0.16937703,-0.0447411,-0.8958873,0.056149285,0.0027514072,-0.9984186,0.0,0.0,0.0,0.07333961,-0.20370358,0.027353764,-0.05550611,-0.017466307,-0.018583536,-0.070019305,0.3113361,0.24607873,0.057605624,0.25450528,0.14546788,0.014726991,-0.14106907,-0.003740723,-0.016470976,0.0162772,0.1838936,0.031543396,-0.060070615,-0.012789229,-0.15192054,0.04731509,-0.023253145,0.0139518855,0.16781019,-0.011222169,0.08274243,-0.05287698,-1.2165263,1.0384432,-0.20650321,-0.15725546,0.51219755,0.38314182,-0.10548585,0.20561737,0.35705817,0.954845,0.118859306,0.11624325,1.3352696,0.8920997,0.57069165,-0.05006742,-0.17789914,-0.5326322,0.056492224,0.0052966704,-0.998389,0.0,0.0,0.0,0.07215879,-0.19413587,0.02068746,-0.0588063,-0.032120645,-0.001491189,-0.05742389,0.3258996,0.2504387,0.060724214,0.2486617,0.13477337,0.01530832,-0.006007062,0.00808805,-0.0984383,0.008332376,0.04301832,-0.08694654,0.015114543,-0.02092783,-0.047475167,-0.025275156,-0.1302176,-0.011432796,0.008719929,0.087350935,0.07111587,0.124380596,-0.6909951,1.3698226,-0.17704496,0.030085377,-0.18363637,-0.30926475,-0.35099164,0.03317545,1.22274,0.86344546,-0.19801469,-0.285187,0.3674397,0.92087495,0.10784277,0.3279897,-0.18548763,1.0095211,-0.04927742,0.36811924,-0.9077967,-0.14397952,-0.36810234,-0.22738709,1.8403616,0.8223553,0.24611107,-0.57441753,-0.26219457,0.91701233,-0.32790726
1788699162.2154367,221,0,-0.30360034,-0.16724649,0.003195793,0.054229718,-0.013151668,-0.9984419,0.0,0.0,0.0,0.05399227,-0.18932176,0.026326895,-0.06510413,-0.06321567,0.027733207,-0.059089124,0.31130588,0.2729652,0.066295266,0.25408143,0.10662317,0.09204369,0.042824537,0.018905817,-0.18350606,0.023640696,-0.00096888095,-0.02709497,0.10153872,-0.0038755238,0.11200263,-0.103628136,0.009882587,-0.0067821667,-0.06336482,0.13972107,0.09940719,0.3279897,-0.18548763,1.0095211,-0.04927742,0.36811924,-0.9077967,-0.14397952,-0.36810234,-0.22738709,1.8403616,0.8223553,0.24611107,-0.57441753,-0.26219457,0.91701233,-0.32790726,0.3249056,-0.18535599,1.132376,0.05726023,-0.020009873,-0.99815863,0.0,0.0,0.0,0.043940134,-0.2028558,0.02135086,-0.074641466,-0.05567652,0.03310418,-0.05887717,0.27857584,0.29794025,0.065023616,0.27848512,0.0788995,-0.017439857,0.12808608,0.036598425,-0.11859103,-0.022671817,-0.06162083,-0.029319182,0.038949013,-0.04553741,0.31740543,0.0025275154,-0.01782741,-0.019183842,-0.25035885,0.026387263,0.086811736,0.09326886,0.012642607,0.74791443,-0.30401936,0.31747448,-1.135199,0.30418512,-0.024673983,-0.2090598,1.7939502,1.0725198,-0.10602674,-0.52448624,0.109208226,0.576868,0.05796603,0.22796656,-0.21305287,1.0066748,0.058580272,-0.015741276,-0.9981587,0.0,0.0,0.0,0.051206738,-0.21372545,0.02138257,-0.06946409,-0.040840566,0.02428937,-0.0673247,0.2637701,0.29468608,0.05606146,0.28935474,0.084539056,-0.04224321,0.10018229,-0.0059649367,-0.023059366,-0.008719929,-0.18447493,-0.0053583332,0.046118733,0.016664753,0.01685853,0.009604559,0.04786272,-0.026353562,-0.0052319574,-0.05985157,0.24125135,-0.12331292,-0.6772611,0.21415469,-0.54786676,-0.17911902,-0.5629433,1.2973816,0.20557761,0.24054003,0.44215992,1.266564,-0.1968602,-0.073177256,1.2297827,0.35093403,0.5101202,0.49108684,-0.025566343,-0.1310275,0.05812199,-0.0040087164,-0.9983014,0.0,0.0,0.0,0.06876771,-0.21360433,0.028538465,-0.05405271,-0.020130694,-0.0066884756,-0.07156354,0.27642614,0.2771356,0.05569814,0.27185434,0.1202718,-0.02189671,-0.02693489,-0.039631445,0.048444048,-0.039530348,-0.01685853,0.13557594,-0.0036817477,0.027903771,-0.15598984,0.08765424,0.11781593,0.0027128668,0.068403,-0.0969555,0.10967733,-0.19895774,-1.2553753,0.32549128,-0.29258716,-0.32339412,0.19882467,1.4700536,0.28904778,0.40126508,-0.17499997,1.1022881,0.07907145,0.22167896,1.7655772,0.4635565,0.77898717,0.16937703,-0.0447411,-0.8958873,0.056149285,0.0027514072,-0.9984186,0.0,0.0,0.0,0.07333961,-0.20370358,0.027353764,-0.05550611,-0.017466307,-0.018583536,-0.070019305,0.3113361,0.24607873,0.057605624,0.25450528,0.14546788,0.014726991,-0.14106907,-0.003740723,-0.016470976,0.0162772,0.1838936,0.031543396,-0.060070615,-0.012789229,-0.15192054,0.04731509,-0.023253145,0.0139518855,0.16781019,-0.011222169,0.08274243,-0.05287698,-1.2165263,1.0384432,-0.20650321,-0.15725546,0.51219755,0.38314182,-0.10548585,0.20561737,0.35705817,0.954845,0.118859306,0.11624325,1.3352696,0.8920997,0.57069165,0.23491065,-0.9060718,0.87916374,0.10241951,-0.078369096,-0.14672402,0.113359354,-0.40170354,-0.029601254,1.1528549,0.8200554,0.34927648,-0.1694045,0.5576151,1.199139,0.109024115
1788699162.2353427,222,0,-0.84688514,0.42823625,-1.0567422,0.058122944,0.0072566746,-0.9982834,0.0,0.0,0.0,0.08272565,-0.18653622,0.027669668,-0.04969275,-0.07275307,-0.0011752844,-0.06677967,0.33398372,0.23487866,0.071805775,0.23255408,0.13431525,0.07382873,-0.12886117,-0.00970566,-0.0928188,0.010270138,0.091849916,-0.055403143,-0.014145662,-0.037592582,-0.08506774,-0.108986475,0.08506774,0.04049922,-0.0067821667,0.08553112,0.037398808,0.23491065,-0.9060718,0.87916374,0.10241951,-0.078369096,-0.14672402,0.113359354,-0.40170354,-0.029601254,1.1528549,0.8200554,0.34927648,-0.1694045,0.5576151,1.199139,0.109024115,-0.30360034,-0.16724649,0.003195793,0.054229718,-0.013151668,-0.9984419,0.0,0.0,0.0,0.05399227,-0.18932176,0.026326895,-0.06510413,-0.06321567,0.027733207,-0.059089124,0.31130588,0.2729652,0.066295266,0.25408143,0.10662317,0.09204369,0.042824537,0.018905817,-0.18350606,0.023640696,-0.00096888095,-0.02709497,0.10153872,-0.0038755238,0.11200263,-0.103628136,0.009882587,-0.0067821667,-0.06336482,0.13972107,0.09940719,0.3279897,-0.18548763,1.0095211,-0.04927742,0.36811924,-0.9077967,-0.14397952,-0.36810234,-0.22738709,1.8403616,0.8223553,0.24611107,-0.57441753,-0.26219457,0.91701233,-0.32790726,0.3249056,-0.18535599,1.132376,0.05726023,-0.020009873,-0.99815863,0.0,0.0,0.0,0.043940134,-0.2028558,0.02135086,-0.074641466,-0.05567652,0.03310418,-0.05887717,0.27857584,0.29794025,0.065023616,0.27848512,0.0788995,-0.017439857,0.12808608,0.036598425,-0.11859103,-0.022671817,-0.06162083,-0.029319182,0.038949013,-0.04553741,0.31740543,0.0025275154,-0.01782741,-0.019183842,-0.25035885,0.026387263,0.086811736,0.09326886,0.012642607,0.74791443,-0.30401936,0.31747448,-1.135199,0.30418512,-0.024673983,-0.2090598,1.7939502,1.0725198,-0.10602674,-0.52448624,0.109208226,0.576868,0.05796603,0.22796656,-0.21305287,1.0066748,0.058580272,-0.015741276,-0.9981587,0.0,0.0,0.0,0.051206738,-0.21372545,0.02138257,-0.06946409,-0.040840566,0.02428937,-0.0673247,0.2637701,0.29468608,0.05606146,0.28935474,0.084539056,-0.04224321,0.10018229,-0.0059649367,-0.023059366,-0.008719929,-0.18447493,-0.0053583332,0.046118733,0.016664753,0.01685853,0.009604559,0.04786272,-0.026353562,-0.0052319574,-0.05985157,0.24125135,-0.12331292,-0.6772611,0.21415469,-0.54786676,-0.17911902,-0.5629433,1.2973816,0.20557761,0.24054003,0.44215992,1.266564,-0.1968602,-0.073177256,1.2297827,0.35093403,0.5101202,0.49108684,-0.025566343,-0.1310275,0.05812199,-0.0040087164,-0.9983014,0.0,0.0,0.0,0.06876771,-0.21360433,0.028538465,-0.05405271,-0.020130694,-0.0066884756,-0.07156354,0.27642614,0.2771356,0.05569814,0.27185434,0.1202718,-0.02189671,-0.02693489,-0.039631445,0.048444048,-0.039530348,-0.01685853,0.13557594,-0.0036817477,0.027903771,-0.15598984,0.08765424,0.11781593,0.0027128668,0.068403,-0.0969555,0.10967733,-0.19895774,-1.2553753,0.32549128,-0.29258716,-0.32339412,0.19882467,1.4700536,0.28904778,0.40126508,-0.17499997,1.1022881,0.07907145,0.22167896,1.7655772,0.4635565,0.77898717,-0.11456854,-1.5311402,0.9161233,-0.1389045,-0.20666751,0.5835627,0.9226396,0.053716213,0.42009544,0.0036402242,1.0033404,0.37292743,0.2344844,1.7952073,0.8139975,0.5051372
1788699162.2553396,223,0,-0.2663161,0.50067425,-1.0876349,0.0691252,0.012784855,-0.9975261,0.0,0.0,0.0,0.0970772,-0.20237136,0.027322173,-0.042517066,-0.060157597,0.0021104813,-0.08630866,0.31708884,0.21996641,0.07135162,0.22952634,0.14403045,-0.0034879714,-0.062202156,-0.006874842,0.041080553,-0.0001937762,0.029453982,0.045495283,-0.035073493,0.02538468,-0.24202645,0.053684432,0.14455704,0.033910837,0.14358817,0.00010110062,0.042824537,-0.11456854,-1.5311402,0.9161233,-0.1389045,-0.20666751,0.5835627,0.9226396,0.053716213,0.42009544,0.0036402242,1.0033404,0.37292743,0.2344844,1.7952073,0.8139975,0.5051372,-0.84688514,0.42823625,-1.0567422,0.058122944,0.0072566746,-0.9982834,0.0,0.0,0.0,0.08272565,-0.18653622,0.027669668,-0.04969275,-0.07275307,-0.0011752844,-0.06677967,0.33398372,0.23487866,0.071805775,0.23255408,0.13431525,0.07382873,-0.12886117,-0.00970566,-0.0928188,0.010270138,0.091849916,-0.055403143,-0.014145662,-0.037592582,-0.08506774,-0.108986475,0.08506774,0.04049922,-0.0067821667,0.08553112,0.037398808,0.23491065,-0.9060718,0.87916374,0.10241951,-0.078369096,-0.14672402,0.113359354,-0.40170354,-0.029601254,1.1528549,0.8200554,0.34927648,-0.1694045,0.5576151,1.199139,0.109024115,-0.30360034,-0.16724649,0.003195793,0.054229718,-0.013151668,-0.9984419,0.0,0.0,0.0,0.05399227,-0.18932176,0.026326895,-0.06510413,-0.06321567,0.027733207,-0.059089124,0.31130588,0.2729652,0.066295266,0.25408143,0.10662317,0.09204369,0.042824537,0.018905817,-0.18350606,0.023640696,-0.00096888095,-0.02709497,0.10153872,-0.0038755238,0.11200263,-0.103628136,0.009882587,-0.0067821667,-0.06336482,0.13972107,0.09940719,0.3279897,-0.18548763,1.0095211,-0.04927742,0.36811924,-0.9077967,-0.14397952,-0.36810234,-0.22738709,1.8403616,0.8223553,0.24611107,-0.57441753,-0.26219457,0.91701233,-0.32790726,0.3249056,-0.18535599,1.132376,0.05726023,-0.020009873,-0.99815863,0.0,0.0,0.0,0.043940134,-0.2028558,0.02135086,-0.074641466,-0.05567652,0.03310418,-0.05887717,0.27857584,0.29794025,0.065023616,0.27848512,0.0788995,-0.017439857,0.12808608,0.036598425,-0.11859103,-0.022671817,-0.06162083,-0.029319182,0.038949013,-0.04553741,0.31740543,0.0025275154,-0.01782741,-0.019183842,-0.25035885,0.026387263,0.086811736,0.09326886,0.012642607,0.74791443,-0.30401936,0.31747448,-1.135199,0.30418512,-0.024673983,-0.2090598,1.7939502,1.0725198,-0.10602674,-0.52448624,0.109208226,0.576868,0.05796603,0.22796656,-0.21305287,1.0066748,0.058580272,-0.015741276,-0.9981587,0.0,0.0,0.0,0.051206738,-0.21372545,0.02138257,-0.06946409,-0.040840566,0.02428937,-0.0673247,0.2637701,0.29468608,0.05606146,0.28935474,0.084539056,-0.04224321,0.10018229,-0.0059649367,-0.023059366,-0.008719929,-0.18447493,-0.0053583332,0.046118733,0.016664753,0.01685853,0.009604559,0.04786272,-0.026353562,-0.0052319574,-0.05985157,0.24125135,-0.12331292,-0.6772611,0.21415469,-0.54786676,-0.17911902,-0.5629433,1.2973816,0.20557761,0.24054003,0.44215992,1.266564,-0.1968602,-0.073177256,1.2297827,0.35093403,0.5101202,-0.3055839,-1.5678406,0.4793252,-0.338729,-0.2907893,0.11838832,1.7647003,0.33798838,0.5825085,-0.31074652,1.0311886,0.12336631,0.21205428,1.847222,0.33940524,0.6350863
1788699162.273395,224,0,0.66685545,-0.31318772,0.1342233,0.071202256,0.0060971156,-0.9974435,0.0,0.0,0.0,0.089023374,-0.21978095,0.028728008,-0.05181229,-0.061641216,0.017891645,-0.07668036,0.26080292,0.271891,0.07092774,0.2502967,0.11589599,-0.039530348,-0.03216685,-0.019714622,0.099213414,-0.06278349,0.014145662,0.08623883,-0.06801545,0.091849916,-0.18525003,0.18198113,0.14978899,-0.0019377619,0.13854998,-0.12212955,0.1734297,-0.3055839,-1.5678406,0.4793252,-0.338729,-0.2907893,0.11838832,1.7647003,0.33798838,0.5825085,-0.31074652,1.0311886,0.12336631,0.21205428,1.847222,0.33940524,0.6350863,-0.2663161,0.50067425,-1.0876349,0.0691252,0.012784855,-0.9975261,0.0,0.0,0.0,0.0970772,-0.20237136,0.027322173,-0.042517066,-0.060157597,0.0021104813,-0.08630866,0.31708884,0.21996641,0.07135162,0.22952634,0.14403045,-0.0034879714,-0.062202156,-0.006874842,0.041080553,-0.0001937762,0.029453982,0.045495283,-0.035073493,0.02538468,-0.24202645,0.053684432,0.14455704,0.033910837,0.14358817,0.00010110062,0.042824537,-0.11456854,-1.5311402,0.9161233,-0.1389045,-0.20666751,0.5835627,0.9226396,0.053716213,0.42009544,0.0036402242,1.0033404,0.37292743,0.2344844,1.7952073,0.8139975,0.5051372,-0.84688514,0.42823625,-1.0567422,0.058122944,0.0072566746,-0.9982834,0.0,0.0,0.0,0.08272565,-0.18653622,0.027669668,-0.04969275,-0.07275307,-0.0011752844,-0.06677967,0.33398372,0.23487866,0.071805775,0.23255408,0.13431525,0.07382873,-0.12886117,-0.00970566,-0.0928188,0.010270138,0.091849916,-0.055403143,-0.014145662,-0.037592582,-0.08506774,-0.108986475,0.08506774,0.04049922,-0.0067821667,0.08553112,0.037398808,0.23491065,-0.9060718,0.87916374,0.10241951,-0.078369096,-0.14672402,0.113359354,-0.40170354,-0.029601254,1.1528549,0.8200554,0.34927648,-0.1694045,0.5576151,1.199139,0.109024115,-0.30360034,-0.16724649,0.003195793,0.054229718,-0.013151668,-0.9984419,0.0,0.0,0.0,0.05399227,-0.18932176,0.026326895,-0.06510413,-0.06321567,0.027733207,-0.059089124,0.31130588,0.2729652,0.066295266,0.25408143,0.10662317,0.09204369,0.042824537,0.018905817,-0.18350606,0.023640696,-0.00096888095,-0.02709497,0.10153872,-0.0038755238,0.11200263,-0.103628136,0.009882587,-0.0067821667,-0.06336482,0.13972107,0.09940719,0.3279897,-0.18548763,1.0095211,-0.04927742,0.36811924,-0.9077967,-0.14397952,-0.36810234,-0.22738709,1.8403616,0.8223553,0.24611107,-0.57441753,-0.26219457,0.91701233,-0.32790726,0.3249056,-0.18535599,1.132376,0.05726023,-0.020009873,-0.99815863,0.0,0.0,0.0,0.043940134,-0.2028558,0.02135086,-0.074641466,-0.05567652,0.03310418,-0.05887717,0.27857584,0.29794025,0.065023616,0.27848512,0.0788995,-0.017439857,0.12808608,0.036598425,-0.11859103,-0.022671817,-0.06162083,-0.029319182,0.038949013,-0.04553741,0.31740543,0.0025275154,-0.01782741,-0.019183842,-0.25035885,0.026387263,0.086811736,0.09326886,0.012642607,0.74791443,-0.30401936,0.31747448,-1.135199,0.30418512,-0.024673983,-0.2090598,1.7939502,1.0725198,-0.10602674,-0.52448624,0.109208226,0.576868,0.05796603,-0.1441743,-0.7444845,0.3836396,-0.39353454,-0.024383867,-0.78344464,1.1938055,0.17036425,0.19785917,0.45599514,1.2912843,-0.15117905,-0.11953805,1.0971859,0.3038744,0.48991695
1788699162.295346,225,0,0.63063645,-0.51878375,1.0982875,0.06409613,-0.007696836,-0.99791425,0.0,0.0,0.0,0.06776855,-0.21669263,0.030686855,-0.07352126,-0.082139075,0.041776657,-0.064206064,0.24705696,0.30967736,0.07374354,0.27509403,0.07848883,-0.07441006,0.052319575,0.012334275,0.005813286,-0.10367026,-0.13157403,0.030532388,-0.028291324,-0.028291324,0.064527474,0.04033915,0.10308893,0.0027128668,-0.019377619,-0.07501666,0.17323592,-0.1441743,-0.7444845,0.3836396,-0.39353454,-0.024383867,-0.78344464,1.1938055,0.17036425,0.19785917,0.45599514,1.2912843,-0.15117905,-0.11953805,1.0971859,0.3038744,0.48991695,0.66685545,-0.31318772,0.1342233,0.071202256,0.0060971156,-0.9974435,0.0,0.0,0.0,0.089023374,-0.21978095,0.028728008,-0.05181229,-0.061641216,0.017891645,-0.07668036,0.26080292,0.271891,0.07092774,0.2502967,0.11589599,-0.039530348,-0.03216685,-0.019714622,0.099213414,-0.06278349,0.014145662,0.08623883,-0.06801545,0.091849916,-0.18525003,0.18198113,0.14978899,-0.0019377619,0.13854998,-0.12212955,0.1734297,-0.3055839,-1.5678406,0.4793252,-0.338729,-0.2907893,0.11838832,1.7647003,0.33798838,0.5825085,-0.31074652,1.0311886,0.12336631,0.21205428,1.847222,0.33940524,0.6350863,-0.2663161,0.50067425,-1.0876349,0.0691252,0.012784855,-0.9975261,0.0,0.0,0.0,0.0970772,-0.20237136,0.027322173,-0.042517066,-0.060157597,0.0021104813,-0.08630866,0.31708884,0.21996641,0.07135162,0.22952634,0.14403045,-0.0034879714,-0.062202156,-0.006874842,0.041080553,-0.0001937762,0.029453982,0.045495283,-0.035073493,0.02538468,-0.24202645,0.053684432,0.14455704,0.033910837,0.14358817,0.00010110062,0.042824537,-0.11456854,-1.5311402,0.9161233,-0.1389045,-0.20666751,0.5835627,0.9226396,0.053716213,0.42009544,0.0036402242,1.0033404,0.37292743,0.2344844,1.7952073,0.8139975,0.5051372,-0.84688514,0.42823625,-1.0567422,0.058122944,0.0072566746,-0.9982834,0.0,0.0,0.0,0.08272565,-0.18653622,0.027669668,-0.04969275,-0.07275307,-0.0011752844,-0.06677967,0.33398372,0.23487866,0.071805775,0.23255408,0.13431525,0.07382873,-0.12886117,-0.00970566,-0.0928188,0.010270138,0.091849916,-0.055403143,-0.014145662,-0.037592582,-0.08506774,-0.108986475,0.08506774,0.04049922,-0.0067821667,0.08553112,0.037398808,0.23491065,-0.9060718,0.87916374,0.10241951,-0.078369096,-0.14672402,0.113359354,-0.40170354,-0.029601254,1.1528549,0.8200554,0.34927648,-0.1694045,0.5576151,1.199139,0.109024115,-0.30360034,-0.16724649,0.003195793,0.054229718,-0.013151668,-0.9984419,0.0,0.0,0.0,0.05399227,-0.18932176,0.026326895,-0.06510413,-0.06321567,0.027733207,-0.059089124,0.31130588,0.2729652,0.066295266,0.25408143,0.10662317,0.09204369,0.042824537,0.018905817,-0.18350606,0.023640696,-0.00096888095,-0.02709497,0.10153872,-0.0038755238,0.11200263,-0.103628136,0.009882587,-0.0067821667,-0.06336482,0.13972107,0.09940719,0.3279897,-0.18548763,1.0095211,-0.04927742,0.36811924,-0.9077967,-0.14397952,-0.36810234,-0.22738709,1.8403616,0.8223553,0.24611107,-0.57441753,-0.26219457,0.91701233,-0.32790726,0.09205034,-0.0416753,0.6875158,-0.21005414,0.35936654,-1.037536,0.2964996,-0.124956705,-0.23946665,1.5691466,1.1881034,-0.08307631,-0.50399774,0.21713534,0.6642002,-0.030689508
1788699162.3207612,226,0,0.0021305287,-0.11824434,0.781904,0.06158978,-0.021836476,-0.99786276,0.0,0.0,0.0,0.047967046,-0.21484572,0.035189033,-0.08896279,-0.09337205,0.045852304,-0.07353157,0.2798475,0.29373825,0.081494585,0.2604094,0.08006847,0.018214962,0.0048444048,0.023455344,-0.081579775,0.03042286,-0.061814606,-0.057425153,0.11103376,-0.024028247,0.093206346,-0.039732546,-0.026547337,-0.06724034,-0.076154046,0.10231383,-0.016083425,0.09205034,-0.0416753,0.6875158,-0.21005414,0.35936654,-1.037536,0.2964996,-0.124956705,-0.23946665,1.5691466,1.1881034,-0.08307631,-0.50399774,0.21713534,0.6642002,-0.030689508,0.63063645,-0.51878375,1.0982875,0.06409613,-0.007696836,-0.99791425,0.0,0.0,0.0,0.06776855,-0.21669263,0.030686855,-0.07352126,-0.082139075,0.041776657,-0.064206064,0.24705696,0.30967736,0.07374354,0.27509403,0.07848883,-0.07441006,0.052319575,0.012334275,0.005813286,-0.10367026,-0.13157403,0.030532388,-0.028291324,-0.028291324,0.064527474,0.04033915,0.10308893,0.0027128668,-0.019377619,-0.07501666,0.17323592,-0.1441743,-0.7444845,0.3836396,-0.39353454,-0.024383867,-0.78344464,1.1938055,0.17036425,0.19785917,0.45599514,1.2912843,-0.15117905,-0.11953805,1.0971859,0.3038744,0.48991695,0.66685545,-0.31318772,0.1342233,0.071202256,0.0060971156,-0.9974435,0.0,0.0,0.0,0.089023374,-0.21978095,0.028728008,-0.05181229,-0.061641216,0.017891645,-0.07668036,0.26080292,0.271891,0.07092774,0.2502967,0.11589599,-0.039530348,-0.03216685,-0.019714622,0.099213414,-0.06278349,0.014145662,0.08623883,-0.06801545,0.091849916,-0.18525003,0.18198113,0.14978899,-0.0019377619,0.13854998,-0.12212955,0.1734297,-0.3055839,-1.5678406,0.4793252,-0.338729,-0.2907893,0.11838832,1.7647003,0.33798838,0.5825085,-0.31074652,1.0311886,0.12336631,0.21205428,1.847222,0.33940524,0.6350863,-0.2663161,0.50067425,-1.0876349,0.0691252,0.012784855,-0.9975261,0.0,0.0,0.0,0.0970772,-0.20237136,0.027322173,-0.042517066,-0.060157597,0.0021104813,-0.08630866,0.31708884,0.21996641,0.07135162,0.22952634,0.14403045,-0.0034879714,-0.062202156,-0.006874842,0.041080553,-0.0001937762,0.029453982,0.045495283,-0.035073493,0.02538468,-0.24202645,0.053684432,0.14455704,0.033910837,0.14358817,0.00010110062,0.042824537,-0.11456854,-1.5311402,0.9161233,-0.1389045,-0.20666751,0.5835627,0.9226396,0.053716213,0.42009544,0.0036402242,1.0033404,0.37292743,0.2344844,1.7952073,0.8139975,0.5051372,-0.84688514,0.42823625,-1.0567422,0.058122944,0.0072566746,-0.9982834,0.0,0.0,0.0,0.08272565,-0.18653622,0.027669668,-0.04969275,-0.07275307,-0.0011752844,-0.06677967,0.33398372,0.23487866,0.071805775,0.23255408,0.13431525,0.07382873,-0.12886117,-0.00970566,-0.0928188,0.010270138,0.091849916,-0.055403143,-0.014145662,-0.037592582,-0.08506774,-0.108986475,0.08506774,0.04049922,-0.0067821667,0.08553112,0.037398808,0.23491065,-0.9060718,0.87916374,0.10241951,-0.078369096,-0.14672402,0.113359354,-0.40170354,-0.029601254,1.1528549,0.8200554,0.34927648,-0.1694045,0.5576151,1.199139,0.109024115,0.19336677,-0.2510837,0.821253,-0.1317066,0.24010812,-0.7627664,0.12491714,-0.33845645,-0.20350476,1.5150493,1.0218345,0.025816333,-0.47115105,0.083406806,0.8201647,-0.05753651
1788699162.3393946,227,0,-0.5155879,0.14594121,-0.36325514,0.061822645,-0.013143726,-0.99800074,0.0,0.0,0.0,0.057020023,-0.20007026,0.033925295,-0.08242285,-0.100366175,0.0393281,-0.07419759,0.29553127,0.27392876,0.079072386,0.24000233,0.11123586,0.061039504,0.027709994,-0.0032352197,-0.17575501,0.022865592,-0.027128667,-0.013749684,0.029066429,-0.008526153,0.048637822,-0.0329588,-0.018021187,0.012207901,-0.05076936,0.020119024,0.032360625,0.19336677,-0.2510837,0.821253,-0.1317066,0.24010812,-0.7627664,0.12491714,-0.33845645,-0.20350476,1.5150493,1.0218345,0.025816333,-0.47115105,0.083406806,0.8201647,-0.05753651,0.0021305287,-0.11824434,0.781904,0.06158978,-0.021836476,-0.99786276,0.0,0.0,0.0,0.047967046,-0.21484572,0.035189033,-0.08896279,-0.09337205,0.045852304,-0.07353157,0.2798475,0.29373825,0.081494585,0.2604094,0.08006847,0.018214962,0.0048444048,0.023455344,-0.081579775,0.03042286,-0.061814606,-0.057425153,0.11103376,-0.024028247,0.093206346,-0.039732546,-0.026547337,-0.06724034,-0.076154046,0.10231383,-0.016083425,0.09205034,-0.0416753,0.6875158,-0.21005414,0.35936654,-1.037536,0.2964996,-0.124956705,-0.23946665,1.5691466,1.1881034,-0.08307631,-0.50399774,0.21713534,0.6642002,-0.030689508,0.63063645,-0.51878375,1.0982875,0.06409613,-0.007696836,-0.99791425,0.0,0.0,0.0,0.06776855,-0.21669263,0.030686855,-0.07352126,-0.082139075,0.041776657,-0.064206064,0.24705696,0.30967736,0.07374354,0.27509403,0.07848883,-0.07441006,0.052319575,0.012334275,0.005813286,-0.10367026,-0.13157403,0.030532388,-0.028291324,-0.028291324,0.064527474,0.04033915,0.10308893,0.0027128668,-0.019377619,-0.07501666,0.17323592,-0.1441743,-0.7444845,0.3836396,-0.39353454,-0.024383867,-0.78344464,1.1938055,0.17036425,0.19785917,0.45599514,1.2912843,-0.15117905,-0.11953805,1.0971859,0.3038744,0.48991695,0.66685545,-0.31318772,0.1342233,0.071202256,0.0060971156,-0.9974435,0.0,0.0,0.0,0.089023374,-0.21978095,0.028728008,-0.05181229,-0.061641216,0.017891645,-0.07668036,0.26080292,0.271891,0.07092774,0.2502967,0.11589599,-0.039530348,-0.03216685,-0.019714622,0.099213414,-0.06278349,0.014145662,0.08623883,-0.06801545,0.091849916,-0.18525003,0.18198113,0.14978899,-0.0019377619,0.13854998,-0.12212955,0.1734297,-0.3055839,-1.5678406,0.4793252,-0.338729,-0.2907893,0.11838832,1.7647003,0.33798838,0.5825085,-0.31074652,1.0311886,0.12336631,0.21205428,1.847222,0.33940524,0.6350863,-0.2663161,0.50067425,-1.0876349,0.0691252,0.012784855,-0.9975261,0.0,0.0,0.0,0.0970772,-0.20237136,0.027322173,-0.042517066,-0.060157597,0.0021104813,-0.08630866,0.31708884,0.21996641,0.07135162,0.22952634,0.14403045,-0.0034879714,-0.062202156,-0.006874842,0.041080553,-0.0001937762,0.029453982,0.045495283,-0.035073493,0.02538468,-0.24202645,0.053684432,0.14455704,0.033910837,0.14358817,0.00010110062,0.042824537,-0.11456854,-1.5311402,0.9161233,-0.1389045,-0.20666751,0.5835627,0.9226396,0.053716213,0.42009544,0.0036402242,1.0033404,0.37292743,0.2344844,1.7952073,0.8139975,0.5051372,0.058758557,-1.1260523,0.9968566,-0.17811276,-0.14725582,0.15334424,0.5623048,-0.27848646,0.07927866,0.5943593,1.0137535,0.17216952,0.0560233,1.06728,0.87963086,0.35531586
1788699162.3574557,228,0,-0.49215212,0.19281285,-0.95447683,0.06628672,-0.0050234655,-0.9977881,0.0,0.0,0.0,0.07091741,-0.20385498,0.033403993,-0.07627642,-0.09464371,0.035078764,-0.08543056,0.29731762,0.26473498,0.08379568,0.23691404,0.11982942,0.03042286,-0.1805994,0.0009099056,-0.1507579,-0.0056195096,0.2059841,0.019209119,-0.010076362,-0.013370558,-0.20579033,-0.018905817,0.030810416,0.051738244,0.11142131,0.018501414,0.050963134,0.058758557,-1.1260523,0.9968566,-0.17811276,-0.14725582,0.15334424,0.5623048,-0.27848646,0.07927866,0.5943593,1.0137535,0.17216952,0.0560233,1.06728,0.87963086,0.35531586,-0.5155879,0.14594121,-0.36325514,0.061822645,-0.013143726,-0.99800074,0.0,0.0,0.0,0.057020023,-0.20007026,0.033925295,-0.08242285,-0.100366175,0.0393281,-0.07419759,0.29553127,0.27392876,0.079072386,0.24000233,0.11123586,0.061039504,0.027709994,-0.0032352197,-0.17575501,0.022865592,-0.027128667,-0.013749684,0.029066429,-0.008526153,0.048637822,-0.0329588,-0.018021187,0.012207901,-0.05076936,0.020119024,0.032360625,0.19336677,-0.2510837,0.821253,-0.1317066,0.24010812,-0.7627664,0.12491714,-0.33845645,-0.20350476,1.5150493,1.0218345,0.025816333,-0.47115105,0.083406806,0.8201647,-0.05753651,0.0021305287,-0.11824434,0.781904,0.06158978,-0.021836476,-0.99786276,0.0,0.0,0.0,0.047967046,-0.21484572,0.035189033,-0.08896279,-0.09337205,0.045852304,-0.07353157,0.2798475,0.29373825,0.081494585,0.2604094,0.08006847,0.018214962,0.0048444048,0.023455344,-0.081579775,0.03042286,-0.061814606,-0.057425153,0.11103376,-0.024028247,0.093206346,-0.039732546,-0.026547337,-0.06724034,-0.076154046,0.10231383,-0.016083425,0.09205034,-0.0416753,0.6875158,-0.21005414,0.35936654,-1.037536,0.2964996,-0.124956705,-0.23946665,1.5691466,1.1881034,-0.08307631,-0.50399774,0.21713534,0.6642002,-0.030689508,0.63063645,-0.51878375,1.0982875,0.06409613,-0.007696836,-0.99791425,0.0,0.0,0.0,0.06776855,-0.21669263,0.030686855,-0.07352126,-0.082139075,0.041776657,-0.064206064,0.24705696,0.30967736,0.07374354,0.27509403,0.07848883,-0.07441006,0.052319575,0.012334275,0.005813286,-0.10367026,-0.13157403,0.030532388,-0.028291324,-0.028291324,0.064527474,0.04033915,0.10308893,0.0027128668,-0.019377619,-0.07501666,0.17323592,-0.1441743,-0.7444845,0.3836396,-0.39353454,-0.024383867,-0.78344464,1.1938055,0.17036425,0.19785917,0.45599514,1.2912843,-0.15117905,-0.11953805,1.0971859,0.3038744,0.48991695,0.66685545,-0.31318772,0.1342233,0.071202256,0.0060971156,-0.9974435,0.0,0.0,0.0,0.089023374,-0.21978095,0.028728008,-0.05181229,-0.061641216,0.017891645,-0.07668036,0.26080292,0.271891,0.07092774,0.2502967,0.11589599,-0.039530348,-0.03216685,-0.019714622,0.099213414,-0.06278349,0.014145662,0.08623883,-0.06801545,0.091849916,-0.18525003,0.18198113,0.14978899,-0.0019377619,0.13854998,-0.12212955,0.1734297,-0.3055839,-1.5678406,0.4793252,-0.338729,-0.2907893,0.11838832,1.7647003,0.33798838,0.5825085,-0.31074652,1.0311886,0.12336631,0.21205428,1.847222,0.33940524,0.6350863,-0.19258925,-1.4522369,0.6912413,-0.24740323,-0.2846357,0.3753305,1.2424774,0.34862715,0.42315507,-0.30930322,1.2042978,0.119223565,0.29629362,1.8460838,0.50592303,0.8100301
1788699162.3793669,229,0,0.08522114,0.01704423,-0.4058657,0.06840303,8.914834e-05,-0.99765766,0.0,0.0,0.0,0.07718486,-0.21193907,0.032329798,-0.075368166,-0.08737713,0.043071985,-0.08428007,0.2556255,0.28312266,0.087519825,0.2543236,0.10501194,-0.016470976,-0.012789229,-0.012233174,0.042049434,-0.005813286,0.02538468,0.05934606,-0.013564333,0.064915024,-0.06724034,0.14770801,0.018214962,0.045924958,0.05406356,-0.13254292,0.120916344,-0.19258925,-1.4522369,0.6912413,-0.24740323,-0.2846357,0.3753305,1.2424774,0.34862715,0.42315507,-0.30930322,1.2042978,0.119223565,0.29629362,1.8460838,0.50592303,0.8100301,-0.49215212,0.19281285,-0.95447683,0.06628672,-0.0050234655,-0.9977881,0.0,0.0,0.0,0.07091741,-0.20385498,0.033403993,-0.07627642,-0.09464371,0.035078764,-0.08543056,0.29731762,0.26473498,0.08379568,0.23691404,0.11982942,0.03042286,-0.1805994,0.0009099056,-0.1507579,-0.0056195096,0.2059841,0.019209119,-0.010076362,-0.013370558,-0.20579033,-0.018905817,0.030810416,0.051738244,0.11142131,0.018501414,0.050963134,0.058758557,-1.1260523,0.9968566,-0.17811276,-0.14725582,0.15334424,0.5623048,-0.27848646,0.07927866,0.5943593,1.0137535,0.17216952,0.0560233,1.06728,0.87963086,0.35531586,-0.5155879,0.14594121,-0.36325514,0.061822645,-0.013143726,-0.99800074,0.0,0.0,0.0,0.057020023,-0.20007026,0.033925295,-0.08242285,-0.100366175,0.0393281,-0.07419759,0.29553127,0.27392876,0.079072386,0.24000233,0.11123586,0.061039504,0.027709994,-0.0032352197,-0.17575501,0.022865592,-0.027128667,-0.013749684,0.029066429,-0.008526153,0.048637822,-0.0329588,-0.018021187,0.012207901,-0.05076936,0.020119024,0.032360625,0.19336677,-0.2510837,0.821253,-0.1317066,0.24010812,-0.7627664,0.12491714,-0.33845645,-0.20350476,1.5150493,1.0218345,0.025816333,-0.47115105,0.083406806,0.8201647,-0.05753651,0.0021305287,-0.11824434,0.781904,0.06158978,-0.021836476,-0.99786276,0.0,0.0,0.0,0.047967046,-0.21484572,0.035189033,-0.08896279,-0.09337205,0.045852304,-0.07353157,0.2798475,0.29373825,0.081494585,0.2604094,0.08006847,0.018214962,0.0048444048,0.023455344,-0.081579775,0.03042286,-0.061814606,-0.057425153,0.11103376,-0.024028247,0.093206346,-0.039732546,-0.026547337,-0.06724034,-0.076154046,0.10231383,-0.016083425,0.09205034,-0.0416753,0.6875158,-0.21005414,0.35936654,-1.037536,0.2964996,-0.124956705,-0.23946665,1.5691466,1.1881034,-0.08307631,-0.50399774,0.21713534,0.6642002,-0.030689508,0.63063645,-0.51878375,1.0982875,0.06409613,-0.007696836,-0.99791425,0.0,0.0,0.0,0.06776855,-0.21669263,0.030686855,-0.07352126,-0.082139075,0.041776657,-0.064206064,0.24705696,0.30967736,0.07374354,0.27509403,0.07848883,-0.07441006,0.052319575,0.012334275,0.005813286,-0.10367026,-0.13157403,0.030532388,-0.028291324,-0.028291324,0.064527474,0.04033915,0.10308893,0.0027128668,-0.019377619,-0.07501666,0.17323592,-0.1441743,-0.7444845,0.3836396,-0.39353454,-0.024383867,-0.78344464,1.1938055,0.17036425,0.19785917,0.45599514,1.2912843,-0.15117905,-0.11953805,1.0971859,0.3038744,0.48991695,-0.186849,-1.272073,0.5875058,-0.5613246,-0.20096545,-0.41286907,1.4036843,0.20315638,0.38829207,0.0044476176,1.1917088,-0.033477604,0.08290443,1.4408174,0.30203196,0.64110196
1788699162.399328,230,0,0.31425297,-0.14274542,0.68283445,0.06544406,-0.009373296,-0.9978123,0.0,0.0,0.0,0.0629847,-0.21860012,0.03384638,-0.091869354,-0.09004152,0.05746305,-0.08412868,0.24666333,0.3134687,0.08558206,0.2720965,0.07528198,-0.039917897,-0.03313573,-0.0014154087,0.009301257,-0.05503244,-0.10134494,0.04691069,-0.016664753,-0.0162772,0.0077510476,0.025578458,0.05251335,0.0062008384,0.054257333,-0.075926565,0.23136878,-0.186849,-1.272073,0.5875058,-0.5613246,-0.20096545,-0.41286907,1.4036843,0.20315638,0.38829207,0.0044476176,1.1917088,-0.033477604,0.08290443,1.4408174,0.30203196,0.64110196,0.08522114,0.01704423,-0.4058657,0.06840303,8.914834e-05,-0.99765766,0.0,0.0,0.0,0.07718486,-0.21193907,0.032329798,-0.075368166,-0.08737713,0.043071985,-0.08428007,0.2556255,0.28312266,0.087519825,0.2543236,0.10501194,-0.016470976,-0.012789229,-0.012233174,0.042049434,-0.005813286,0.02538468,0.05934606,-0.013564333,0.064915024,-0.06724034,0.14770801,0.018214962,0.045924958,0.05406356,-0.13254292,0.120916344,-0.19258925,-1.4522369,0.6912413,-0.24740323,-0.2846357,0.3753305,1.2424774,0.34862715,0.42315507,-0.30930322,1.2042978,0.119223565,0.29629362,1.8460838,0.50592303,0.8100301,-0.49215212,0.19281285,-0.95447683,0.06628672,-0.0050234655,-0.9977881,0.0,0.0,0.0,0.07091741,-0.20385498,0.033403993,-0.07627642,-0.09464371,0.035078764,-0.08543056,0.29731762,0.26473498,0.08379568,0.23691404,0.11982942,0.03042286,-0.1805994,0.0009099056,-0.1507579,-0.0056195096,0.2059841,0.019209119,-0.010076362,-0.013370558,-0.20579033,-0.018905817,0.030810416,0.051738244,0.11142131,0.018501414,0.050963134,0.058758557,-1.1260523,0.9968566,-0.17811276,-0.14725582,0.15334424,0.5623048,-0.27848646,0.07927866,0.5943593,1.0137535,0.17216952,0.0560233,1.06728,0.87963086,0.35531586,-0.5155879,0.14594121,-0.36325514,0.061822645,-0.013143726,-0.99800074,0.0,0.0,0.0,0.057020023,-0.20007026,0.033925295,-0.08242285,-0.100366175,0.0393281,-0.07419759,0.29553127,0.27392876,0.079072386,0.24000233,0.11123586,0.061039504,0.027709994,-0.0032352197,-0.17575501,0.022865592,-0.027128667,-0.013749684,0.029066429,-0.008526153,0.048637822,-0.0329588,-0.018021187,0.012207901,-0.05076936,0.020119024,0.032360625,0.19336677,-0.2510837,0.821253,-0.1317066,0.24010812,-0.7627664,0.12491714,-0.33845645,-0.20350476,1.5150493,1.0218345,0.025816333,-0.47115105,0.083406806,0.8201647,-0.05753651,0.0021305287,-0.11824434,0.781904,0.06158978,-0.021836476,-0.99786276,0.0,0.0,0.0,0.047967046,-0.21484572,0.035189033,-0.08896279,-0.09337205,0.045852304,-0.07353157,0.2798475,0.29373825,0.081494585,0.2604094,0.08006847,0.018214962,0.0048444048,0.023455344,-0.081579775,0.03042286,-0.061814606,-0.057425153,0.11103376,-0.024028247,0.093206346,-0.039732546,-0.026547337,-0.06724034,-0.076154046,0.10231383,-0.016083425,0.09205034,-0.0416753,0.6875158,-0.21005414,0.35936654,-1.037536,0.2964996,-0.124956705,-0.23946665,1.5691466,1.1881034,-0.08307631,-0.50399774,0.21713534,0.6642002,-0.030689508,0.010525256,-0.26864496,0.94990313,-0.49600053,0.21003029,-1.0716597,0.64000463,-0.16543065,-0.0534951,1.3315479,1.1303636,-0.24477272,-0.37111256,0.5930191,0.47540888,0.18913499
1788699162.4193895,231,0,0.0894822,-0.25459817,1.124919,0.067500114,-0.01812726,-0.9975548,0.0,0.0,0.0,0.050328694,-0.20945632,0.03965962,-0.10391986,-0.114626884,0.07417631,-0.08546084,0.25656408,0.30582285,0.09490754,0.26110578,0.07059026,-0.0366237,0.06297726,0.04013695,-0.07499139,-0.022284262,-0.0699532,-0.036800627,-0.018021187,-0.024222024,0.22749324,-0.014052987,-0.017052306,0.0025190904,-0.13913131,0.03872154,0.13971263,0.010525256,-0.26864496,0.94990313,-0.49600053,0.21003029,-1.0716597,0.64000463,-0.16543065,-0.0534951,1.3315479,1.1303636,-0.24477272,-0.37111256,0.5930191,0.47540888,0.18913499,0.31425297,-0.14274542,0.68283445,0.06544406,-0.009373296,-0.9978123,0.0,0.0,0.0,0.0629847,-0.21860012,0.03384638,-0.091869354,-0.09004152,0.05746305,-0.08412868,0.24666333,0.3134687,0.08558206,0.2720965,0.07528198,-0.039917897,-0.03313573,-0.0014154087,0.009301257,-0.05503244,-0.10134494,0.04691069,-0.016664753,-0.0162772,0.0077510476,0.025578458,0.05251335,0.0062008384,0.054257333,-0.075926565,0.23136878,-0.186849,-1.272073,0.5875058,-0.5613246,-0.20096545,-0.41286907,1.4036843,0.20315638,0.38829207,0.0044476176,1.1917088,-0.033477604,0.08290443,1.4408174,0.30203196,0.64110196,0.08522114,0.01704423,-0.4058657,0.06840303,8.914834e-05,-0.99765766,0.0,0.0,0.0,0.07718486,-0.21193907,0.032329798,-0.075368166,-0.08737713,0.043071985,-0.08428007,0.2556255,0.28312266,0.087519825,0.2543236,0.10501194,-0.016470976,-0.012789229,-0.012233174,0.042049434,-0.005813286,0.02538468,0.05934606,-0.013564333,0.064915024,-0.06724034,0.14770801,0.018214962,0.045924958,0.05406356,-0.13254292,0.120916344,-0.19258925,-1.4522369,0.6912413,-0.24740323,-0.2846357,0.3753305,1.2424774,0.34862715,0.42315507,-0.30930322,1.2042978,0.119223565,0.29629362,1.8460838,0.50592303,0.8100301,-0.49215212,0.19281285,-0.95447683,0.06628672,-0.0050234655,-0.9977881,0.0,0.0,0.0,0.07091741,-0.20385498,0.033403993,-0.07627642,-0.09464371,0.035078764,-0.08543056,0.29731762,0.26473498,0.08379568,0.23691404,0.11982942,0.03042286,-0.1805994,0.0009099056,-0.1507579,-0.0056195096,0.2059841,0.019209119,-0.010076362,-0.013370558,-0.20579033,-0.018905817,0.030810416,0.051738244,0.11142131,0.018501414,0.050963134,0.058758557,-1.1260523,0.9968566,-0.17811276,-0.14725582,0.15334424,0.5623048,-0.27848646,0.07927866,0.5943593,1.0137535,0.17216952,0.0560233,1.06728,0.87963086,0.35531586,-0.5155879,0.14594121,-0.36325514,0.061822645,-0.013143726,-0.99800074,0.0,0.0,0.0,0.057020023,-0.20007026,0.033925295,-0.08242285,-0.100366175,0.0393281,-0.07419759,0.29553127,0.27392876,0.079072386,0.24000233,0.11123586,0.061039504,0.027709994,-0.0032352197,-0.17575501,0.022865592,-0.027128667,-0.013749684,0.029066429,-0.008526153,0.048637822,-0.0329588,-0.018021187,0.012207901,-0.05076936,0.020119024,0.032360625,0.19336677,-0.2510837,0.821253,-0.1317066,0.24010812,-0.7627664,0.12491714,-0.33845645,-0.20350476,1.5150493,1.0218345,0.025816333,-0.47115105,0.083406806,0.8201647,-0.05753651,0.19683358,-0.27481967,1.0404558,-0.2510696,0.40402597,-1.1408719,0.13658595,-0.4187919,-0.24417578,1.6652079,0.9808264,0.111893475,-0.56692594,-0.07404135,0.64502776,-0.22191171
1788699162.4393408,232,0,-0.41651836,-0.22796656,0.2663161,0.062691584,-0.01828966,-0.9978655,0.0,0.0,0.0,0.050510358,-0.20639828,0.043545604,-0.10083151,-0.117200494,0.070732474,-0.083886445,0.2906263,0.28708768,0.094937816,0.24339342,0.09229529,0.022671817,0.038949013,0.014154087,-0.14998278,0.005813286,-0.02693489,-0.04519198,0.014920766,-0.022284262,0.09805076,-0.06763632,-0.03449216,-0.03371706,-0.05832663,0.05520094,0.053094674,0.19683358,-0.27481967,1.0404558,-0.2510696,0.40402597,-1.1408719,0.13658595,-0.4187919,-0.24417578,1.6652079,0.9808264,0.111893475,-0.56692594,-0.07404135,0.64502776,-0.22191171,0.0894822,-0.25459817,1.124919,0.067500114,-0.01812726,-0.9975548,0.0,0.0,0.0,0.050328694,-0.20945632,0.03965962,-0.10391986,-0.114626884,0.07417631,-0.08546084,0.25656408,0.30582285,0.09490754,0.26110578,0.07059026,-0.0366237,0.06297726,0.04013695,-0.07499139,-0.022284262,-0.0699532,-0.036800627,-0.018021187,-0.024222024,0.22749324,-0.014052987,-0.017052306,0.0025190904,-0.13913131,0.03872154,0.13971263,0.010525256,-0.26864496,0.94990313,-0.49600053,0.21003029,-1.0716597,0.64000463,-0.16543065,-0.0534951,1.3315479,1.1303636,-0.24477272,-0.37111256,0.5930191,0.47540888,0.18913499,0.31425297,-0.14274542,0.68283445,0.06544406,-0.009373296,-0.9978123,0.0,0.0,0.0,0.0629847,-0.21860012,0.03384638,-0.091869354,-0.09004152,0.05746305,-0.08412868,0.24666333,0.3134687,0.08558206,0.2720965,0.07528198,-0.039917897,-0.03313573,-0.0014154087,0.009301257,-0.05503244,-0.10134494,0.04691069,-0.016664753,-0.0162772,0.0077510476,0.025578458,0.05251335,0.0062008384,0.054257333,-0.075926565,0.23136878,-0.186849,-1.272073,0.5875058,-0.5613246,-0.20096545,-0.41286907,1.4036843,0.20315638,0.38829207,0.0044476176,1.1917088,-0.033477604,0.08290443,1.4408174,0.30203196,0.64110196,0.08522114,0.01704423,-0.4058657,0.06840303,8.914834e-05,-0.99765766,0.0,0.0,0.0,0.07718486,-0.21193907,0.032329798,-0.075368166,-0.08737713,0.043071985,-0.08428007,0.2556255,0.28312266,0.087519825,0.2543236,0.10501194,-0.016470976,-0.012789229,-0.012233174,0.042049434,-0.005813286,0.02538468,0.05934606,-0.013564333,0.064915024,-0.06724034,0.14770801,0.018214962,0.045924958,0.05406356,-0.13254292,0.120916344,-0.19258925,-1.4522369,0.6912413,-0.24740323,-0.2846357,0.3753305,1.2424774,0.34862715,0.42315507,-0.30930322,1.2042978,0.119223565,0.29629362,1.8460838,0.50592303,0.8100301,-0.49215212,0.19281285,-0.95447683,0.06628672,-0.0050234655,-0.9977881,0.0,0.0,0.0,0.07091741,-0.20385498,0.033403993,-0.07627642,-0.09464371,0.035078764,-0.08543056,0.29731762,0.26473498,0.08379568,0.23691404,0.11982942,0.03042286,-0.1805994,0.0009099056,-0.1507579,-0.0056195096,0.2059841,0.019209119,-0.010076362,-0.013370558,-0.20579033,-0.018905817,0.030810416,0.051738244,0.11142131,0.018501414,0.050963134,0.058758557,-1.1260523,0.9968566,-0.17811276,-0.14725582,0.15334424,0.5623048,-0.27848646,0.07927866,0.5943593,1.0137535,0.17216952,0.0560233,1.06728,0.87963086,0.35531586,0.10705142,-0.7829431,1.1321223,-0.24163261,0.01831699,-0.21791679,-0.023215946,-0.56765026,-0.069440335,1.116778,0.910977,0.034887437,-0.26249307,0.47235626,0.9280266,0.04311365
1788699162.458903,233,0,-0.298274,0.08096009,-0.7371629,0.06157107,-0.0046916846,-0.99809176,0.0,0.0,0.0,0.066254675,-0.20570189,0.04401958,-0.087085605,-0.10960084,0.050433397,-0.08328086,0.3020712,0.26315534,0.10032721,0.23391658,0.10442734,0.027709994,-0.04224321,0.0009099056,-0.15831515,0.02596601,0.1131653,-0.07147814,-0.026547337,-0.0036817477,-0.05832663,-0.061671376,0.0071697193,0.0034879714,-0.022671817,0.03386871,0.05503244,0.10705142,-0.7829431,1.1321223,-0.24163261,0.01831699,-0.21791679,-0.023215946,-0.56765026,-0.069440335,1.116778,0.910977,0.034887437,-0.26249307,0.47235626,0.9280266,0.04311365,-0.41651836,-0.22796656,0.2663161,0.062691584,-0.01828966,-0.9978655,0.0,0.0,0.0,0.050510358,-0.20639828,0.043545604,-0.10083151,-0.117200494,0.070732474,-0.083886445,0.2906263,0.28708768,0.094937816,0.24339342,0.09229529,0.022671817,0.038949013,0.014154087,-0.14998278,0.005813286,-0.02693489,-0.04519198,0.014920766,-0.022284262,0.09805076,-0.06763632,-0.03449216,-0.03371706,-0.05832663,0.05520094,0.053094674,0.19683358,-0.27481967,1.0404558,-0.2510696,0.40402597,-1.1408719,0.13658595,-0.4187919,-0.24417578,1.6652079,0.9808264,0.111893475,-0.56692594,-0.07404135,0.64502776,-0.22191171,0.0894822,-0.25459817,1.124919,0.067500114,-0.01812726,-0.9975548,0.0,0.0,0.0,0.050328694,-0.20945632,0.03965962,-0.10391986,-0.114626884,0.07417631,-0.08546084,0.25656408,0.30582285,0.09490754,0.26110578,0.07059026,-0.0366237,0.06297726,0.04013695,-0.07499139,-0.022284262,-0.0699532,-0.036800627,-0.018021187,-0.024222024,0.22749324,-0.014052987,-0.017052306,0.0025190904,-0.13913131,0.03872154,0.13971263,0.010525256,-0.26864496,0.94990313,-0.49600053,0.21003029,-1.0716597,0.64000463,-0.16543065,-0.0534951,1.3315479,1.1303636,-0.24477272,-0.37111256,0.5930191,0.47540888,0.18913499,0.31425297,-0.14274542,0.68283445,0.06544406,-0.009373296,-0.9978123,0.0,0.0,0.0,0.0629847,-0.21860012,0.03384638,-0.091869354,-0.09004152,0.05746305,-0.08412868,0.24666333,0.3134687,0.08558206,0.2720965,0.07528198,-0.039917897,-0.03313573,-0.0014154087,0.009301257,-0.05503244,-0.10134494,0.04691069,-0.016664753,-0.0162772,0.0077510476,0.025578458,0.05251335,0.0062008384,0.054257333,-0.075926565,0.23136878,-0.186849,-1.272073,0.5875058,-0.5613246,-0.20096545,-0.41286907,1.4036843,0.20315638,0.38829207,0.0044476176,1.1917088,-0.033477604,0.08290443,1.4408174,0.30203196,0.64110196,0.08522114,0.01704423,-0.4058657,0.06840303,8.914834e-05,-0.99765766,0.0,0.0,0.0,0.07718486,-0.21193907,0.032329798,-0.075368166,-0.08737713,0.043071985,-0.08428007,0.2556255,0.28312266,0.087519825,0.2543236,0.10501194,-0.016470976,-0.012789229,-0.012233174,0.042049434,-0.005813286,0.02538468,0.05934606,-0.013564333,0.064915024,-0.06724034,0.14770801,0.018214962,0.045924958,0.05406356,-0.13254292,0.120916344,-0.19258925,-1.4522369,0.6912413,-0.24740323,-0.2846357,0.3753305,1.2424774,0.34862715,0.42315507,-0.30930322,1.2042978,0.119223565,0.29629362,1.8460838,0.50592303,0.8100301,-0.11710547,-1.4554164,0.9315327,-0.2687131,-0.19492576,0.36942682,0.8545635,-0.1819471,0.2111978,0.1469589,1.0819274,0.2544195,0.17916012,1.5843662,0.77228516,0.44768375
1788699162.4788456,234,0,0.08841694,0.24074973,-1.0024137,0.0663664,-0.0044493335,-0.9977854,0.0,0.0,0.0,0.071825735,-0.21757069,0.045599222,-0.08112085,-0.09337205,0.03182459,-0.09690577,0.28066498,0.2530136,0.09778391,0.24333286,0.104300976,0.031973075,-0.019183842,-0.0056616347,-0.045731183,0.028872652,0.08409887,0.06146918,-0.10270138,0.0015502096,-0.17401102,0.070568234,0.050188035,0.0015502096,0.08836195,-0.026690563,0.05619509,-0.11710547,-1.4554164,0.9315327,-0.2687131,-0.19492576,0.36942682,0.8545635,-0.1819471,0.2111978,0.1469589,1.0819274,0.2544195,0.17916012,1.5843662,0.77228516,0.44768375,-0.298274,0.08096009,-0.7371629,0.06157107,-0.0046916846,-0.99809176,0.0,0.0,0.0,0.066254675,-0.20570189,0.04401958,-0.087085605,-0.10960084,0.050433397,-0.08328086,0.3020712,0.26315534,0.10032721,0.23391658,0.10442734,0.027709994,-0.04224321,0.0009099056,-0.15831515,0.02596601,0.1131653,-0.07147814,-0.026547337,-0.0036817477,-0.05832663,-0.061671376,0.0071697193,0.0034879714,-0.022671817,0.03386871,0.05503244,0.10705142,-0.7829431,1.1321223,-0.24163261,0.01831699,-0.21791679,-0.023215946,-0.56765026,-0.069440335,1.116778,0.910977,0.034887437,-0.26249307,0.47235626,0.9280266,0.04311365,-0.41651836,-0.22796656,0.2663161,0.062691584,-0.01828966,-0.9978655,0.0,0.0,0.0,0.050510358,-0.20639828,0.043545604,-0.10083151,-0.117200494,0.070732474,-0.083886445,0.2906263,0.28708768,0.094937816,0.24339342,0.09229529,0.022671817,0.038949013,0.014154087,-0.14998278,0.005813286,-0.02693489,-0.04519198,0.014920766,-0.022284262,0.09805076,-0.06763632,-0.03449216,-0.03371706,-0.05832663,0.05520094,0.053094674,0.19683358,-0.27481967,1.0404558,-0.2510696,0.40402597,-1.1408719,0.13658595,-0.4187919,-0.24417578,1.6652079,0.9808264,0.111893475,-0.56692594,-0.07404135,0.64502776,-0.22191171,0.0894822,-0.25459817,1.124919,0.067500114,-0.01812726,-0.9975548,0.0,0.0,0.0,0.050328694,-0.20945632,0.03965962,-0.10391986,-0.114626884,0.07417631,-0.08546084,0.25656408,0.30582285,0.09490754,0.26110578,0.07059026,-0.0366237,0.06297726,0.04013695,-0.07499139,-0.022284262,-0.0699532,-0.036800627,-0.018021187,-0.024222024,0.22749324,-0.014052987,-0.017052306,0.0025190904,-0.13913131,0.03872154,0.13971263,0.010525256,-0.26864496,0.94990313,-0.49600053,0.21003029,-1.0716597,0.64000463,-0.16543065,-0.0534951,1.3315479,1.1303636,-0.24477272,-0.37111256,0.5930191,0.47540888,0.18913499,0.31425297,-0.14274542,0.68283445,0.06544406,-0.009373296,-0.9978123,0.0,0.0,0.0,0.0629847,-0.21860012,0.03384638,-0.091869354,-0.09004152,0.05746305,-0.08412868,0.24666333,0.3134687,0.08558206,0.2720965,0.07528198,-0.039917897,-0.03313573,-0.0014154087,0.009301257,-0.05503244,-0.10134494,0.04691069,-0.016664753,-0.0162772,0.0077510476,0.025578458,0.05251335,0.0062008384,0.054257333,-0.075926565,0.23136878,-0.186849,-1.272073,0.5875058,-0.5613246,-0.20096545,-0.41286907,1.4036843,0.20315638,0.38829207,0.0044476176,1.1917088,-0.033477604,0.08290443,1.4408174,0.30203196,0.64110196,-0.2421848,-1.5531569,0.40737876,-0.268383,-0.30103457,-0.01095055,1.7042114,0.11327565,0.3939057,-0.19324419,1.069022,0.15136793,0.24242997,1.756159,0.3760899,0.6181584
1788699162.4993255,235,0,0.74142396,-0.17470334,-0.027696872,0.06875389,-0.011689364,-0.9975652,0.0,0.0,0.0,0.065376624,-0.22574562,0.047068357,-0.07900143,-0.08474296,0.04493606,-0.092969716,0.24272722,0.2891413,0.09284866,0.25377864,0.08215368,-0.04185566,-0.029647758,-0.029420285,0.05251335,-0.033329505,0.01685853,0.15205534,-0.16645376,0.023640696,-0.14630102,0.09988742,0.12653585,-0.009107481,0.070534535,-0.088968545,0.076154046,-0.2421848,-1.5531569,0.40737876,-0.268383,-0.30103457,-0.01095055,1.7042114,0.11327565,0.3939057,-0.19324419,1.069022,0.15136793,0.24242997,1.756159,0.3760899,0.6181584,0.08841694,0.24074973,-1.0024137,0.0663664,-0.0044493335,-0.9977854,0.0,0.0,0.0,0.071825735,-0.21757069,0.045599222,-0.08112085,-0.09337205,0.03182459,-0.09690577,0.28066498,0.2530136,0.09778391,0.24333286,0.104300976,0.031973075,-0.019183842,-0.0056616347,-0.045731183,0.028872652,0.08409887,0.06146918,-0.10270138,0.0015502096,-0.17401102,0.070568234,0.050188035,0.0015502096,0.08836195,-0.026690563,0.05619509,-0.11710547,-1.4554164,0.9315327,-0.2687131,-0.19492576,0.36942682,0.8545635,-0.1819471,0.2111978,0.1469589,1.0819274,0.2544195,0.17916012,1.5843662,0.77228516,0.44768375,-0.298274,0.08096009,-0.7371629,0.06157107,-0.0046916846,-0.99809176,0.0,0.0,0.0,0.066254675,-0.20570189,0.04401958,-0.087085605,-0.10960084,0.050433397,-0.08328086,0.3020712,0.26315534,0.10032721,0.23391658,0.10442734,0.027709994,-0.04224321,0.0009099056,-0.15831515,0.02596601,0.1131653,-0.07147814,-0.026547337,-0.0036817477,-0.05832663,-0.061671376,0.0071697193,0.0034879714,-0.022671817,0.03386871,0.05503244,0.10705142,-0.7829431,1.1321223,-0.24163261,0.01831699,-0.21791679,-0.023215946,-0.56765026,-0.069440335,1.116778,0.910977,0.034887437,-0.26249307,0.47235626,0.9280266,0.04311365,-0.41651836,-0.22796656,0.2663161,0.062691584,-0.01828966,-0.9978655,0.0,0.0,0.0,0.050510358,-0.20639828,0.043545604,-0.10083151,-0.117200494,0.070732474,-0.083886445,0.2906263,0.28708768,0.094937816,0.24339342,0.09229529,0.022671817,0.038949013,0.014154087,-0.14998278,0.005813286,-0.02693489,-0.04519198,0.014920766,-0.022284262,0.09805076,-0.06763632,-0.03449216,-0.03371706,-0.05832663,0.05520094,0.053094674,0.19683358,-0.27481967,1.0404558,-0.2510696,0.40402597,-1.1408719,0.13658595,-0.4187919,-0.24417578,1.6652079,0.9808264,0.111893475,-0.56692594,-0.07404135,0.64502776,-0.22191171,0.0894822,-0.25459817,1.124919,0.067500114,-0.01812726,-0.9975548,0.0,0.0,0.0,0.050328694,-0.20945632,0.03965962,-0.10391986,-0.114626884,0.07417631,-0.08546084,0.25656408,0.30582285,0.09490754,0.26110578,0.07059026,-0.0366237,0.06297726,0.04013695,-0.07499139,-0.022284262,-0.0699532,-0.036800627,-0.018021187,-0.024222024,0.22749324,-0.014052987,-0.017052306,0.0025190904,-0.13913131,0.03872154,0.13971263,0.010525256,-0.26864496,0.94990313,-0.49600053,0.21003029,-1.0716597,0.64000463,-0.16543065,-0.0534951,1.3315479,1.1303636,-0.24477272,-0.37111256,0.5930191,0.47540888,0.18913499,-0.09032384,-0.71337545,0.28096065,-0.34941563,-0.06643306,-0.81484795,1.4682,0.023326961,0.10097569,0.45725483,1.3185806,-0.08288622,-0.12223949,1.1601208,0.29538682,0.4039671
1788699162.517432,236,0,0.33768877,0.008522115,1.0002832,0.067927666,-0.02073108,-0.997475,0.0,0.0,0.0,0.05196368,-0.22471619,0.043514013,-0.09713769,-0.08861852,0.064982414,-0.09178895,0.23636895,0.30211067,0.10017583,0.26386106,0.05518818,-0.028291324,0.12614831,-0.0076836473,0.036817476,0.018796291,-0.16761641,0.016984906,-0.059101738,-0.01724608,0.09766321,0.0010110063,0.0935939,-0.03313573,-0.021702934,-0.0485283,0.13564335,-0.09032384,-0.71337545,0.28096065,-0.34941563,-0.06643306,-0.81484795,1.4682,0.023326961,0.10097569,0.45725483,1.3185806,-0.08288622,-0.12223949,1.1601208,0.29538682,0.4039671,0.74142396,-0.17470334,-0.027696872,0.06875389,-0.011689364,-0.9975652,0.0,0.0,0.0,0.065376624,-0.22574562,0.047068357,-0.07900143,-0.08474296,0.04493606,-0.092969716,0.24272722,0.2891413,0.09284866,0.25377864,0.08215368,-0.04185566,-0.029647758,-0.029420285,0.05251335,-0.033329505,0.01685853,0.15205534,-0.16645376,0.023640696,-0.14630102,0.09988742,0.12653585,-0.009107481,0.070534535,-0.088968545,0.076154046,-0.2421848,-1.5531569,0.40737876,-0.268383,-0.30103457,-0.01095055,1.7042114,0.11327565,0.3939057,-0.19324419,1.069022,0.15136793,0.24242997,1.756159,0.3760899,0.6181584,0.08841694,0.24074973,-1.0024137,0.0663664,-0.0044493335,-0.9977854,0.0,0.0,0.0,0.071825735,-0.21757069,0.045599222,-0.08112085,-0.09337205,0.03182459,-0.09690577,0.28066498,0.2530136,0.09778391,0.24333286,0.104300976,0.031973075,-0.019183842,-0.0056616347,-0.045731183,0.028872652,0.08409887,0.06146918,-0.10270138,0.0015502096,-0.17401102,0.070568234,0.050188035,0.0015502096,0.08836195,-0.026690563,0.05619509,-0.11710547,-1.4554164,0.9315327,-0.2687131,-0.19492576,0.36942682,0.8545635,-0.1819471,0.2111978,0.1469589,1.0819274,0.2544195,0.17916012,1.5843662,0.77228516,0.44768375,-0.298274,0.08096009,-0.7371629,0.06157107,-0.0046916846,-0.99809176,0.0,0.0,0.0,0.066254675,-0.20570189,0.04401958,-0.087085605,-0.10960084,0.050433397,-0.08328086,0.3020712,0.26315534,0.10032721,0.23391658,0.10442734,0.027709994,-0.04224321,0.0009099056,-0.15831515,0.02596601,0.1131653,-0.07147814,-0.026547337,-0.0036817477,-0.05832663,-0.061671376,0.0071697193,0.0034879714,-0.022671817,0.03386871,0.05503244,0.10705142,-0.7829431,1.1321223,-0.24163261,0.01831699,-0.21791679,-0.023215946,-0.56765026,-0.069440335,1.116778,0.910977,0.034887437,-0.26249307,0.47235626,0.9280266,0.04311365,-0.41651836,-0.22796656,0.2663161,0.062691584,-0.01828966,-0.9978655,0.0,0.0,0.0,0.050510358,-0.20639828,0.043545604,-0.10083151,-0.117200494,0.070732474,-0.083886445,0.2906263,0.28708768,0.094937816,0.24339342,0.09229529,0.022671817,0.038949013,0.014154087,-0.14998278,0.005813286,-0.02693489,-0.04519198,0.014920766,-0.022284262,0.09805076,-0.06763632,-0.03449216,-0.03371706,-0.05832663,0.05520094,0.053094674,0.19683358,-0.27481967,1.0404558,-0.2510696,0.40402597,-1.1408719,0.13658595,-0.4187919,-0.24417578,1.6652079,0.9808264,0.111893475,-0.56692594,-0.07404135,0.64502776,-0.22191171,0.13849077,-0.16735196,0.89713734,-0.13961902,0.43117425,-1.5027761,0.66348785,-0.32627583,-0.30688995,1.691368,1.0605989,0.04170465,-0.52374923,0.107225284,0.37460175,-0.17647755
1788699162.538815,237,0,-0.35579827,-0.021305285,0.7403587,0.06483575,-0.022974098,-0.99763143,0.0,0.0,0.0,0.047331214,-0.2172679,0.04713154,-0.09523022,-0.11438465,0.07213843,-0.09027499,0.27261114,0.29538107,0.101326376,0.2411226,0.05515659,0.0529009,0.0027128668,0.05671745,-0.09107482,0.056970205,-0.032941952,-0.011424371,0.05987684,-0.032941952,0.119947456,-0.050145913,0.0023253143,-0.055613764,-0.10948354,0.026993869,-0.04166188,0.13849077,-0.16735196,0.89713734,-0.13961902,0.43117425,-1.5027761,0.66348785,-0.32627583,-0.30688995,1.691368,1.0605989,0.04170465,-0.52374923,0.107225284,0.37460175,-0.17647755,0.33768877,0.008522115,1.0002832,0.067927666,-0.02073108,-0.997475,0.0,0.0,0.0,0.05196368,-0.22471619,0.043514013,-0.09713769,-0.08861852,0.064982414,-0.09178895,0.23636895,0.30211067,0.10017583,0.26386106,0.05518818,-0.028291324,0.12614831,-0.0076836473,0.036817476,0.018796291,-0.16761641,0.016984906,-0.059101738,-0.01724608,0.09766321,0.0010110063,0.0935939,-0.03313573,-0.021702934,-0.0485283,0.13564335,-0.09032384,-0.71337545,0.28096065,-0.34941563,-0.06643306,-0.81484795,1.4682,0.023326961,0.10097569,0.45725483,1.3185806,-0.08288622,-0.12223949,1.1601208,0.29538682,0.4039671,0.74142396,-0.17470334,-0.027696872,0.06875389,-0.011689364,-0.9975652,0.0,0.0,0.0,0.065376624,-0.22574562,0.047068357,-0.07900143,-0.08474296,0.04493606,-0.092969716,0.24272722,0.2891413,0.09284866,0.25377864,0.08215368,-0.04185566,-0.029647758,-0.029420285,0.05251335,-0.033329505,0.01685853,0.15205534,-0.16645376,0.023640696,-0.14630102,0.09988742,0.12653585,-0.009107481,0.070534535,-0.088968545,0.076154046,-0.2421848,-1.5531569,0.40737876,-0.268383,-0.30103457,-0.01095055,1.7042114,0.11327565,0.3939057,-0.19324419,1.069022,0.15136793,0.24242997,1.756159,0.3760899,0.6181584,0.08841694,0.24074973,-1.0024137,0.0663664,-0.0044493335,-0.9977854,0.0,0.0,0.0,0.071825735,-0.21757069,0.045599222,-0.08112085,-0.09337205,0.03182459,-0.09690577,0.28066498,0.2530136,0.09778391,0.24333286,0.104300976,0.031973075,-0.019183842,-0.0056616347,-0.045731183,0.028872652,0.08409887,0.06146918,-0.10270138,0.0015502096,-0.17401102,0.070568234,0.050188035,0.0015502096,0.08836195,-0.026690563,0.05619509,-0.11710547,-1.4554164,0.9315327,-0.2687131,-0.19492576,0.36942682,0.8545635,-0.1819471,0.2111978,0.1469589,1.0819274,0.2544195,0.17916012,1.5843662,0.77228516,0.44768375,-0.298274,0.08096009,-0.7371629,0.06157107,-0.0046916846,-0.99809176,0.0,0.0,0.0,0.066254675,-0.20570189,0.04401958,-0.087085605,-0.10960084,0.050433397,-0.08328086,0.3020712,0.26315534,0.10032721,0.23391658,0.10442734,0.027709994,-0.04224321,0.0009099056,-0.15831515,0.02596601,0.1131653,-0.07147814,-0.026547337,-0.0036817477,-0.05832663,-0.061671376,0.0071697193,0.0034879714,-0.022671817,0.03386871,0.05503244,0.10705142,-0.7829431,1.1321223,-0.24163261,0.01831699,-0.21791679,-0.023215946,-0.56765026,-0.069440335,1.116778,0.910977,0.034887437,-0.26249307,0.47235626,0.9280266,0.04311365,0.2284268,-0.32158095,1.0533963,-0.020311167,0.3208396,-0.9111785,0.15839529,-0.44006118,-0.22595213,1.5660254,1.091299,0.15912886,-0.4513359,0.11567231,0.7513155,-0.20335244
1788699162.5574622,238,0,-0.7797735,-0.055393744,-0.27057713,0.062010154,-0.0089120045,-0.9980356,0.0,0.0,0.0,0.06029,-0.21072796,0.053892612,-0.08369446,-0.120803535,0.07692492,-0.08733815,0.29232186,0.2618599,0.1072305,0.2259233,0.07438159,0.069565654,0.018990068,0.016378302,-0.13913131,0.043212093,0.0013564334,-0.03568852,0.041080553,-0.00096888095,0.094562784,-0.07602767,0.020346502,0.011239019,-0.045731183,0.09857311,0.038561463,0.2284268,-0.32158095,1.0533963,-0.020311167,0.3208396,-0.9111785,0.15839529,-0.44006118,-0.22595213,1.5660254,1.091299,0.15912886,-0.4513359,0.11567231,0.7513155,-0.20335244,-0.35579827,-0.021305285,0.7403587,0.06483575,-0.022974098,-0.99763143,0.0,0.0,0.0,0.047331214,-0.2172679,0.04713154,-0.09523022,-0.11438465,0.07213843,-0.09027499,0.27261114,0.29538107,0.101326376,0.2411226,0.05515659,0.0529009,0.0027128668,0.05671745,-0.09107482,0.056970205,-0.032941952,-0.011424371,0.05987684,-0.032941952,0.119947456,-0.050145913,0.0023253143,-0.055613764,-0.10948354,0.026993869,-0.04166188,0.13849077,-0.16735196,0.89713734,-0.13961902,0.43117425,-1.5027761,0.66348785,-0.32627583,-0.30688995,1.691368,1.0605989,0.04170465,-0.52374923,0.107225284,0.37460175,-0.17647755,0.33768877,0.008522115,1.0002832,0.067927666,-0.02073108,-0.997475,0.0,0.0,0.0,0.05196368,-0.22471619,0.043514013,-0.09713769,-0.08861852,0.064982414,-0.09178895,0.23636895,0.30211067,0.10017583,0.26386106,0.05518818,-0.028291324,0.12614831,-0.0076836473,0.036817476,0.018796291,-0.16761641,0.016984906,-0.059101738,-0.01724608,0.09766321,0.0010110063,0.0935939,-0.03313573,-0.021702934,-0.0485283,0.13564335,-0.09032384,-0.71337545,0.28096065,-0.34941563,-0.06643306,-0.81484795,1.4682,0.023326961,0.10097569,0.45725483,1.3185806,-0.08288622,-0.12223949,1.1601208,0.29538682,0.4039671,0.74142396,-0.17470334,-0.027696872,0.06875389,-0.011689364,-0.9975652,0.0,0.0,0.0,0.065376624,-0.22574562,0.047068357,-0.07900143,-0.08474296,0.04493606,-0.092969716,0.24272722,0.2891413,0.09284866,0.25377864,0.08215368,-0.04185566,-0.029647758,-0.029420285,0.05251335,-0.033329505,0.01685853,0.15205534,-0.16645376,0.023640696,-0.14630102,0.09988742,0.12653585,-0.009107481,0.070534535,-0.088968545,0.076154046,-0.2421848,-1.5531569,0.40737876,-0.268383,-0.30103457,-0.01095055,1.7042114,0.11327565,0.3939057,-0.19324419,1.069022,0.15136793,0.24242997,1.756159,0.3760899,0.6181584,0.08841694,0.24074973,-1.0024137,0.0663664,-0.0044493335,-0.9977854,0.0,0.0,0.0,0.071825735,-0.21757069,0.045599222,-0.08112085,-0.09337205,0.03182459,-0.09690577,0.28066498,0.2530136,0.09778391,0.24333286,0.104300976,0.031973075,-0.019183842,-0.0056616347,-0.045731183,0.028872652,0.08409887,0.06146918,-0.10270138,0.0015502096,-0.17401102,0.070568234,0.050188035,0.0015502096,0.08836195,-0.026690563,0.05619509,-0.11710547,-1.4554164,0.9315327,-0.2687131,-0.19492576,0.36942682,0.8545635,-0.1819471,0.2111978,0.1469589,1.0819274,0.2544195,0.17916012,1.5843662,0.77228516,0.44768375,0.09475232,-1.095165,0.98755217,0.018298019,-0.07784684,-0.03351711,0.32745323,-0.33600652,0.03412813,0.7774453,1.0381987,0.3251815,-0.031166019,0.868225,0.862852,0.18053287
1788699162.5788763,239,0,-0.16192017,0.241815,-1.0056095,0.06351351,0.0051014093,-0.997968,0.0,0.0,0.0,0.07903179,-0.22190037,0.05488789,-0.06822264,-0.10775387,0.06100154,-0.09614891,0.28962713,0.24852729,0.11358878,0.2193228,0.0894835,0.020346502,-0.012595452,0.0025275154,-0.0643337,0.011432796,0.01375811,-0.010514465,-0.044762302,-0.026547337,-0.06627146,0.002931918,0.08332376,0.01375811,0.0069759428,-0.0104133645,0.07189097,0.09475232,-1.095165,0.98755217,0.018298019,-0.07784684,-0.03351711,0.32745323,-0.33600652,0.03412813,0.7774453,1.0381987,0.3251815,-0.031166019,0.868225,0.862852,0.18053287,-0.7797735,-0.055393744,-0.27057713,0.062010154,-0.0089120045,-0.9980356,0.0,0.0,0.0,0.06029,-0.21072796,0.053892612,-0.08369446,-0.120803535,0.07692492,-0.08733815,0.29232186,0.2618599,0.1072305,0.2259233,0.07438159,0.069565654,0.018990068,0.016378302,-0.13913131,0.043212093,0.0013564334,-0.03568852,0.041080553,-0.00096888095,0.094562784,-0.07602767,0.020346502,0.011239019,-0.045731183,0.09857311,0.038561463,0.2284268,-0.32158095,1.0533963,-0.020311167,0.3208396,-0.9111785,0.15839529,-0.44006118,-0.22595213,1.5660254,1.091299,0.15912886,-0.4513359,0.11567231,0.7513155,-0.20335244,-0.35579827,-0.021305285,0.7403587,0.06483575,-0.022974098,-0.99763143,0.0,0.0,0.0,0.047331214,-0.2172679,0.04713154,-0.09523022,-0.11438465,0.07213843,-0.09027499,0.27261114,0.29538107,0.101326376,0.2411226,0.05515659,0.0529009,0.0027128668,0.05671745,-0.09107482,0.056970205,-0.032941952,-0.011424371,0.05987684,-0.032941952,0.119947456,-0.050145913,0.0023253143,-0.055613764,-0.10948354,0.026993869,-0.04166188,0.13849077,-0.16735196,0.89713734,-0.13961902,0.43117425,-1.5027761,0.66348785,-0.32627583,-0.30688995,1.691368,1.0605989,0.04170465,-0.52374923,0.107225284,0.37460175,-0.17647755,0.33768877,0.008522115,1.0002832,0.067927666,-0.02073108,-0.997475,0.0,0.0,0.0,0.05196368,-0.22471619,0.043514013,-0.09713769,-0.08861852,0.064982414,-0.09178895,0.23636895,0.30211067,0.10017583,0.26386106,0.05518818,-0.028291324,0.12614831,-0.0076836473,0.036817476,0.018796291,-0.16761641,0.016984906,-0.059101738,-0.01724608,0.09766321,0.0010110063,0.0935939,-0.03313573,-0.021702934,-0.0485283,0.13564335,-0.09032384,-0.71337545,0.28096065,-0.34941563,-0.06643306,-0.81484795,1.4682,0.023326961,0.10097569,0.45725483,1.3185806,-0.08288622,-0.12223949,1.1601208,0.29538682,0.4039671,0.74142396,-0.17470334,-0.027696872,0.06875389,-0.011689364,-0.9975652,0.0,0.0,0.0,0.065376624,-0.22574562,0.047068357,-0.07900143,-0.08474296,0.04493606,-0.092969716,0.24272722,0.2891413,0.09284866,0.25377864,0.08215368,-0.04185566,-0.029647758,-0.029420285,0.05251335,-0.033329505,0.01685853,0.15205534,-0.16645376,0.023640696,-0.14630102,0.09988742,0.12653585,-0.009107481,0.070534535,-0.088968545,0.076154046,-0.2421848,-1.5531569,0.40737876,-0.268383,-0.30103457,-0.01095055,1.7042114,0.11327565,0.3939057,-0.19324419,1.069022,0.15136793,0.24242997,1.756159,0.3760899,0.6181584,-0.16118376,-1.54465,0.8401944,-0.10057284,-0.20968898,0.44871983,1.1159526,0.041746616,0.3917386,-0.031644598,1.0227723,0.38043967,0.32324746,1.7069999,0.5685415,0.4670055
1788699162.5974019,240,0,-0.09906958,-0.0149137005,-0.73609763,0.06765731,0.007268237,-0.9976822,0.0,0.0,0.0,0.08314954,-0.23152864,0.056593895,-0.06277275,-0.10272783,0.049248695,-0.10362738,0.26873565,0.2641821,0.10892603,0.21656758,0.0864346,0.0001937762,-0.08564907,-0.010817767,0.05793908,0.0075572715,0.08196733,0.018501414,-0.0724723,0.054838665,-0.19338863,0.090990566,0.0691781,0.030035308,0.14920767,-0.026993869,0.022671817,-0.16118376,-1.54465,0.8401944,-0.10057284,-0.20968898,0.44871983,1.1159526,0.041746616,0.3917386,-0.031644598,1.0227723,0.38043967,0.32324746,1.7069999,0.5685415,0.4670055,-0.16192017,0.241815,-1.0056095,0.06351351,0.0051014093,-0.997968,0.0,0.0,0.0,0.07903179,-0.22190037,0.05488789,-0.06822264,-0.10775387,0.06100154,-0.09614891,0.28962713,0.24852729,0.11358878,0.2193228,0.0894835,0.020346502,-0.012595452,0.0025275154,-0.0643337,0.011432796,0.01375811,-0.010514465,-0.044762302,-0.026547337,-0.06627146,0.002931918,0.08332376,0.01375811,0.0069759428,-0.0104133645,0.07189097,0.09475232,-1.095165,0.98755217,0.018298019,-0.07784684,-0.03351711,0.32745323,-0.33600652,0.03412813,0.7774453,1.0381987,0.3251815,-0.031166019,0.868225,0.862852,0.18053287,-0.7797735,-0.055393744,-0.27057713,0.062010154,-0.0089120045,-0.9980356,0.0,0.0,0.0,0.06029,-0.21072796,0.053892612,-0.08369446,-0.120803535,0.07692492,-0.08733815,0.29232186,0.2618599,0.1072305,0.2259233,0.07438159,0.069565654,0.018990068,0.016378302,-0.13913131,0.043212093,0.0013564334,-0.03568852,0.041080553,-0.00096888095,0.094562784,-0.07602767,0.020346502,0.011239019,-0.045731183,0.09857311,0.038561463,0.2284268,-0.32158095,1.0533963,-0.020311167,0.3208396,-0.9111785,0.15839529,-0.44006118,-0.22595213,1.5660254,1.091299,0.15912886,-0.4513359,0.11567231,0.7513155,-0.20335244,-0.35579827,-0.021305285,0.7403587,0.06483575,-0.022974098,-0.99763143,0.0,0.0,0.0,0.047331214,-0.2172679,0.04713154,-0.09523022,-0.11438465,0.07213843,-0.09027499,0.27261114,0.29538107,0.101326376,0.2411226,0.05515659,0.0529009,0.0027128668,0.05671745,-0.09107482,0.056970205,-0.032941952,-0.011424371,0.05987684,-0.032941952,0.119947456,-0.050145913,0.0023253143,-0.055613764,-0.10948354,0.026993869,-0.04166188,0.13849077,-0.16735196,0.89713734,-0.13961902,0.43117425,-1.5027761,0.66348785,-0.32627583,-0.30688995,1.691368,1.0605989,0.04170465,-0.52374923,0.107225284,0.37460175,-0.17647755,0.33768877,0.008522115,1.0002832,0.067927666,-0.02073108,-0.997475,0.0,0.0,0.0,0.05196368,-0.22471619,0.043514013,-0.09713769,-0.08861852,0.064982414,-0.09178895,0.23636895,0.30211067,0.10017583,0.26386106,0.05518818,-0.028291324,0.12614831,-0.0076836473,0.036817476,0.018796291,-0.16761641,0.016984906,-0.059101738,-0.01724608,0.09766321,0.0010110063,0.0935939,-0.03313573,-0.021702934,-0.0485283,0.13564335,-0.09032384,-0.71337545,0.28096065,-0.34941563,-0.06643306,-0.81484795,1.4682,0.023326961,0.10097569,0.45725483,1.3185806,-0.08288622,-0.12223949,1.1601208,0.29538682,0.4039671,-0.25294375,-1.235387,0.48414925,-0.291399,-0.21344206,-0.0131038055,1.451695,0.2621479,0.44739938,-0.17289993,1.2758024,0.10535064,0.19445752,1.6158092,0.33475697,0.5862492
1788699162.6174319,241,0,0.5581985,0.031957928,0.34514564,0.06814041,0.0002878237,-0.99767584,0.0,0.0,0.0,0.07476266,-0.23861358,0.055203795,-0.0725826,-0.093039036,0.061712503,-0.09978217,0.24499804,0.27941036,0.10550468,0.23485518,0.05991149,-0.043405868,-0.019183842,-0.025780661,0.08778062,-0.046118733,0.034879714,0.053886633,-0.0724723,-0.0036817477,-0.022865592,0.023354245,0.097275645,-0.031391744,0.04902538,-0.069152825,0.10541425,-0.25294375,-1.235387,0.48414925,-0.291399,-0.21344206,-0.0131038055,1.451695,0.2621479,0.44739938,-0.17289993,1.2758024,0.10535064,0.19445752,1.6158092,0.33475697,0.5862492,-0.09906958,-0.0149137005,-0.73609763,0.06765731,0.007268237,-0.9976822,0.0,0.0,0.0,0.08314954,-0.23152864,0.056593895,-0.06277275,-0.10272783,0.049248695,-0.10362738,0.26873565,0.2641821,0.10892603,0.21656758,0.0864346,0.0001937762,-0.08564907,-0.010817767,0.05793908,0.0075572715,0.08196733,0.018501414,-0.0724723,0.054838665,-0.19338863,0.090990566,0.0691781,0.030035308,0.14920767,-0.026993869,0.022671817,-0.16118376,-1.54465,0.8401944,-0.10057284,-0.20968898,0.44871983,1.1159526,0.041746616,0.3917386,-0.031644598,1.0227723,0.38043967,0.32324746,1.7069999,0.5685415,0.4670055,-0.16192017,0.241815,-1.0056095,0.06351351,0.0051014093,-0.997968,0.0,0.0,0.0,0.07903179,-0.22190037,0.05488789,-0.06822264,-0.10775387,0.06100154,-0.09614891,0.28962713,0.24852729,0.11358878,0.2193228,0.0894835,0.020346502,-0.012595452,0.0025275154,-0.0643337,0.011432796,0.01375811,-0.010514465,-0.044762302,-0.026547337,-0.06627146,0.002931918,0.08332376,0.01375811,0.0069759428,-0.0104133645,0.07189097,0.09475232,-1.095165,0.98755217,0.018298019,-0.07784684,-0.03351711,0.32745323,-0.33600652,0.03412813,0.7774453,1.0381987,0.3251815,-0.031166019,0.868225,0.862852,0.18053287,-0.7797735,-0.055393744,-0.27057713,0.062010154,-0.0089120045,-0.9980356,0.0,0.0,0.0,0.06029,-0.21072796,0.053892612,-0.08369446,-0.120803535,0.07692492,-0.08733815,0.29232186,0.2618599,0.1072305,0.2259233,0.07438159,0.069565654,0.018990068,0.016378302,-0.13913131,0.043212093,0.0013564334,-0.03568852,0.041080553,-0.00096888095,0.094562784,-0.07602767,0.020346502,0.011239019,-0.045731183,0.09857311,0.038561463,0.2284268,-0.32158095,1.0533963,-0.020311167,0.3208396,-0.9111785,0.15839529,-0.44006118,-0.22595213,1.5660254,1.091299,0.15912886,-0.4513359,0.11567231,0.7513155,-0.20335244,-0.35579827,-0.021305285,0.7403587,0.06483575,-0.022974098,-0.99763143,0.0,0.0,0.0,0.047331214,-0.2172679,0.04713154,-0.09523022,-0.11438465,0.07213843,-0.09027499,0.27261114,0.29538107,0.101326376,0.2411226,0.05515659,0.0529009,0.0027128668,0.05671745,-0.09107482,0.056970205,-0.032941952,-0.011424371,0.05987684,-0.032941952,0.119947456,-0.050145913,0.0023253143,-0.055613764,-0.10948354,0.026993869,-0.04166188,0.13849077,-0.16735196,0.89713734,-0.13961902,0.43117425,-1.5027761,0.66348785,-0.32627583,-0.30688995,1.691368,1.0605989,0.04170465,-0.52374923,0.107225284,0.37460175,-0.17647755,-0.04237335,-0.63324285,0.8357332,-0.41804802,0.117608376,-1.0815018,0.8922219,-0.15603589,0.019633109,0.9989473,1.1144158,-0.17525144,-0.23047158,0.7799281,0.35248193,0.16112068
1788699162.6387231,242,0,0.05752427,-0.33768877,1.0056095,0.0673558,-0.009955331,-0.99767935,0.0,0.0,0.0,0.056777805,-0.23600972,0.05588305,-0.09126389,-0.11402136,0.07002163,-0.106110156,0.2580477,0.28440225,0.10931964,0.2326752,0.04798484,-0.02150916,0.032360625,0.03043129,-0.04379342,-0.02150916,-0.07111587,0.00020220123,-0.058132857,-0.008526153,0.027128667,-0.05985157,-0.022090487,0.02150916,-0.09398145,0.016378302,0.065883905,-0.04237335,-0.63324285,0.8357332,-0.41804802,0.117608376,-1.0815018,0.8922219,-0.15603589,0.019633109,0.9989473,1.1144158,-0.17525144,-0.23047158,0.7799281,0.35248193,0.16112068,0.5581985,0.031957928,0.34514564,0.06814041,0.0002878237,-0.99767584,0.0,0.0,0.0,0.07476266,-0.23861358,0.055203795,-0.0725826,-0.093039036,0.061712503,-0.09978217,0.24499804,0.27941036,0.10550468,0.23485518,0.05991149,-0.043405868,-0.019183842,-0.025780661,0.08778062,-0.046118733,0.034879714,0.053886633,-0.0724723,-0.0036817477,-0.022865592,0.023354245,0.097275645,-0.031391744,0.04902538,-0.069152825,0.10541425,-0.25294375,-1.235387,0.48414925,-0.291399,-0.21344206,-0.0131038055,1.451695,0.2621479,0.44739938,-0.17289993,1.2758024,0.10535064,0.19445752,1.6158092,0.33475697,0.5862492,-0.09906958,-0.0149137005,-0.73609763,0.06765731,0.007268237,-0.9976822,0.0,0.0,0.0,0.08314954,-0.23152864,0.056593895,-0.06277275,-0.10272783,0.049248695,-0.10362738,0.26873565,0.2641821,0.10892603,0.21656758,0.0864346,0.0001937762,-0.08564907,-0.010817767,0.05793908,0.0075572715,0.08196733,0.018501414,-0.0724723,0.054838665,-0.19338863,0.090990566,0.0691781,0.030035308,0.14920767,-0.026993869,0.022671817,-0.16118376,-1.54465,0.8401944,-0.10057284,-0.20968898,0.44871983,1.1159526,0.041746616,0.3917386,-0.031644598,1.0227723,0.38043967,0.32324746,1.7069999,0.5685415,0.4670055,-0.16192017,0.241815,-1.0056095,0.06351351,0.0051014093,-0.997968,0.0,0.0,0.0,0.07903179,-0.22190037,0.05488789,-0.06822264,-0.10775387,0.06100154,-0.09614891,0.28962713,0.24852729,0.11358878,0.2193228,0.0894835,0.020346502,-0.012595452,0.0025275154,-0.0643337,0.011432796,0.01375811,-0.010514465,-0.044762302,-0.026547337,-0.06627146,0.002931918,0.08332376,0.01375811,0.0069759428,-0.0104133645,0.07189097,0.09475232,-1.095165,0.98755217,0.018298019,-0.07784684,-0.03351711,0.32745323,-0.33600652,0.03412813,0.7774453,1.0381987,0.3251815,-0.031166019,0.868225,0.862852,0.18053287,-0.7797735,-0.055393744,-0.27057713,0.062010154,-0.0089120045,-0.9980356,0.0,0.0,0.0,0.06029,-0.21072796,0.053892612,-0.08369446,-0.120803535,0.07692492,-0.08733815,0.29232186,0.2618599,0.1072305,0.2259233,0.07438159,0.069565654,0.018990068,0.016378302,-0.13913131,0.043212093,0.0013564334,-0.03568852,0.041080553,-0.00096888095,0.094562784,-0.07602767,0.020346502,0.011239019,-0.045731183,0.09857311,0.038561463,0.2284268,-0.32158095,1.0533963,-0.020311167,0.3208396,-0.9111785,0.15839529,-0.44006118,-0.22595213,1.5660254,1.091299,0.15912886,-0.4513359,0.11567231,0.7513155,-0.20335244,0.10983752,-0.18165064,0.84075326,-0.19705032,0.34576517,-1.084615,0.23917007,-0.31129262,-0.2394772,1.6438462,1.108974,-0.114964545,-0.4641297,0.1948922,0.6643526,-0.1252355
1788699162.657533,243,0,-0.14274542,-0.079894826,0.576308,0.064711206,-0.013042415,-0.9978188,0.0,0.0,0.0,0.053295888,-0.23189196,0.056593895,-0.09271717,-0.11583799,0.07953143,-0.103930175,0.2801503,0.2654301,0.11007658,0.22334969,0.05319786,0.0032941953,0.06123328,-0.0072792447,-0.10638314,0.031391744,-0.020734053,-0.034576412,0.028678877,-0.021702934,0.23698829,-0.029521381,-0.07208475,-0.022284262,-0.0935939,0.028611476,0.002906643,0.10983752,-0.18165064,0.84075326,-0.19705032,0.34576517,-1.084615,0.23917007,-0.31129262,-0.2394772,1.6438462,1.108974,-0.114964545,-0.4641297,0.1948922,0.6643526,-0.1252355,0.05752427,-0.33768877,1.0056095,0.0673558,-0.009955331,-0.99767935,0.0,0.0,0.0,0.056777805,-0.23600972,0.05588305,-0.09126389,-0.11402136,0.07002163,-0.106110156,0.2580477,0.28440225,0.10931964,0.2326752,0.04798484,-0.02150916,0.032360625,0.03043129,-0.04379342,-0.02150916,-0.07111587,0.00020220123,-0.058132857,-0.008526153,0.027128667,-0.05985157,-0.022090487,0.02150916,-0.09398145,0.016378302,0.065883905,-0.04237335,-0.63324285,0.8357332,-0.41804802,0.117608376,-1.0815018,0.8922219,-0.15603589,0.019633109,0.9989473,1.1144158,-0.17525144,-0.23047158,0.7799281,0.35248193,0.16112068,0.5581985,0.031957928,0.34514564,0.06814041,0.0002878237,-0.99767584,0.0,0.0,0.0,0.07476266,-0.23861358,0.055203795,-0.0725826,-0.093039036,0.061712503,-0.09978217,0.24499804,0.27941036,0.10550468,0.23485518,0.05991149,-0.043405868,-0.019183842,-0.025780661,0.08778062,-0.046118733,0.034879714,0.053886633,-0.0724723,-0.0036817477,-0.022865592,0.023354245,0.097275645,-0.031391744,0.04902538,-0.069152825,0.10541425,-0.25294375,-1.235387,0.48414925,-0.291399,-0.21344206,-0.0131038055,1.451695,0.2621479,0.44739938,-0.17289993,1.2758024,0.10535064,0.19445752,1.6158092,0.33475697,0.5862492,-0.09906958,-0.0149137005,-0.73609763,0.06765731,0.007268237,-0.9976822,0.0,0.0,0.0,0.08314954,-0.23152864,0.056593895,-0.06277275,-0.10272783,0.049248695,-0.10362738,0.26873565,0.2641821,0.10892603,0.21656758,0.0864346,0.0001937762,-0.08564907,-0.010817767,0.05793908,0.0075572715,0.08196733,0.018501414,-0.0724723,0.054838665,-0.19338863,0.090990566,0.0691781,0.030035308,0.14920767,-0.026993869,0.022671817,-0.16118376,-1.54465,0.8401944,-0.10057284,-0.20968898,0.44871983,1.1159526,0.041746616,0.3917386,-0.031644598,1.0227723,0.38043967,0.32324746,1.7069999,0.5685415,0.4670055,-0.16192017,0.241815,-1.0056095,0.06351351,0.0051014093,-0.997968,0.0,0.0,0.0,0.07903179,-0.22190037,0.05488789,-0.06822264,-0.10775387,0.06100154,-0.09614891,0.28962713,0.24852729,0.11358878,0.2193228,0.0894835,0.020346502,-0.012595452,0.0025275154,-0.0643337,0.011432796,0.01375811,-0.010514465,-0.044762302,-0.026547337,-0.06627146,0.002931918,0.08332376,0.01375811,0.0069759428,-0.0104133645,0.07189097,0.09475232,-1.095165,0.98755217,0.018298019,-0.07784684,-0.03351711,0.32745323,-0.33600652,0.03412813,0.7774453,1.0381987,0.3251815,-0.031166019,0.868225,0.862852,0.18053287,0.19112669,-0.60310763,1.1920345,-0.1900585,0.2128563,-0.7984828,0.18820128,-0.53515476,-0.14968483,1.3981848,0.880782,0.055907678,-0.4065825,0.15823248,0.74693733,-0.14010094
1788699162.6776357,244,0,-0.48363,-0.027696872,-0.41971415,0.06150515,-0.0029042666,-0.99810255,0.0,0.0,0.0,0.06389303,-0.2240198,0.058236837,-0.081635594,-0.11762434,0.06354487,-0.09902519,0.29825622,0.2539773,0.11277127,0.21123868,0.066435695,0.05755153,0.010463915,0.0162772,-0.1660662,0.03720503,-0.009882587,-0.044585373,-0.036042374,-0.0025190904,0.013176781,-0.038216036,-0.026547337,0.005038181,-0.016470976,0.011525472,0.038949013,0.19112669,-0.60310763,1.1920345,-0.1900585,0.2128563,-0.7984828,0.18820128,-0.53515476,-0.14968483,1.3981848,0.880782,0.055907678,-0.4065825,0.15823248,0.74693733,-0.14010094,-0.14274542,-0.079894826,0.576308,0.064711206,-0.013042415,-0.9978188,0.0,0.0,0.0,0.053295888,-0.23189196,0.056593895,-0.09271717,-0.11583799,0.07953143,-0.103930175,0.2801503,0.2654301,0.11007658,0.22334969,0.05319786,0.0032941953,0.06123328,-0.0072792447,-0.10638314,0.031391744,-0.020734053,-0.034576412,0.028678877,-0.021702934,0.23698829,-0.029521381,-0.07208475,-0.022284262,-0.0935939,0.028611476,0.002906643,0.10983752,-0.18165064,0.84075326,-0.19705032,0.34576517,-1.084615,0.23917007,-0.31129262,-0.2394772,1.6438462,1.108974,-0.114964545,-0.4641297,0.1948922,0.6643526,-0.1252355,0.05752427,-0.33768877,1.0056095,0.0673558,-0.009955331,-0.99767935,0.0,0.0,0.0,0.056777805,-0.23600972,0.05588305,-0.09126389,-0.11402136,0.07002163,-0.106110156,0.2580477,0.28440225,0.10931964,0.2326752,0.04798484,-0.02150916,0.032360625,0.03043129,-0.04379342,-0.02150916,-0.07111587,0.00020220123,-0.058132857,-0.008526153,0.027128667,-0.05985157,-0.022090487,0.02150916,-0.09398145,0.016378302,0.065883905,-0.04237335,-0.63324285,0.8357332,-0.41804802,0.117608376,-1.0815018,0.8922219,-0.15603589,0.019633109,0.9989473,1.1144158,-0.17525144,-0.23047158,0.7799281,0.35248193,0.16112068,0.5581985,0.031957928,0.34514564,0.06814041,0.0002878237,-0.99767584,0.0,0.0,0.0,0.07476266,-0.23861358,0.055203795,-0.0725826,-0.093039036,0.061712503,-0.09978217,0.24499804,0.27941036,0.10550468,0.23485518,0.05991149,-0.043405868,-0.019183842,-0.025780661,0.08778062,-0.046118733,0.034879714,0.053886633,-0.0724723,-0.0036817477,-0.022865592,0.023354245,0.097275645,-0.031391744,0.04902538,-0.069152825,0.10541425,-0.25294375,-1.235387,0.48414925,-0.291399,-0.21344206,-0.0131038055,1.451695,0.2621479,0.44739938,-0.17289993,1.2758024,0.10535064,0.19445752,1.6158092,0.33475697,0.5862492,-0.09906958,-0.0149137005,-0.73609763,0.06765731,0.007268237,-0.9976822,0.0,0.0,0.0,0.08314954,-0.23152864,0.056593895,-0.06277275,-0.10272783,0.049248695,-0.10362738,0.26873565,0.2641821,0.10892603,0.21656758,0.0864346,0.0001937762,-0.08564907,-0.010817767,0.05793908,0.0075572715,0.08196733,0.018501414,-0.0724723,0.054838665,-0.19338863,0.090990566,0.0691781,0.030035308,0.14920767,-0.026993869,0.022671817,-0.16118376,-1.54465,0.8401944,-0.10057284,-0.20968898,0.44871983,1.1159526,0.041746616,0.3917386,-0.031644598,1.0227723,0.38043967,0.32324746,1.7069999,0.5685415,0.4670055,0.006981957,-1.2134103,1.0413873,-0.19991179,-0.13263153,0.18431643,0.5826985,-0.3446183,0.07796974,0.5553233,1.0084531,0.25300527,0.05999213,1.1653922,0.7878572,0.29012135
1788699162.69863,245,0,0.149137,0.38669094,-0.9651295,0.063529626,0.002912896,-0.9979757,0.0,0.0,0.0,0.07470211,-0.23201308,0.059137225,-0.072491765,-0.10203147,0.061380744,-0.10765427,0.27775836,0.2397126,0.116707355,0.22138166,0.067257166,0.01530832,-0.070146985,0.0030330187,-0.08274243,0.015502095,0.0984383,0.07147814,-0.05193202,-0.010270138,-0.13564335,-0.0162772,0.076929145,0.010463915,0.02092783,-0.015063993,0.08235488,0.006981957,-1.2134103,1.0413873,-0.19991179,-0.13263153,0.18431643,0.5826985,-0.3446183,0.07796974,0.5553233,1.0084531,0.25300527,0.05999213,1.1653922,0.7878572,0.29012135,-0.48363,-0.027696872,-0.41971415,0.06150515,-0.0029042666,-0.99810255,0.0,0.0,0.0,0.06389303,-0.2240198,0.058236837,-0.081635594,-0.11762434,0.06354487,-0.09902519,0.29825622,0.2539773,0.11277127,0.21123868,0.066435695,0.05755153,0.010463915,0.0162772,-0.1660662,0.03720503,-0.009882587,-0.044585373,-0.036042374,-0.0025190904,0.013176781,-0.038216036,-0.026547337,0.005038181,-0.016470976,0.011525472,0.038949013,0.19112669,-0.60310763,1.1920345,-0.1900585,0.2128563,-0.7984828,0.18820128,-0.53515476,-0.14968483,1.3981848,0.880782,0.055907678,-0.4065825,0.15823248,0.74693733,-0.14010094,-0.14274542,-0.079894826,0.576308,0.064711206,-0.013042415,-0.9978188,0.0,0.0,0.0,0.053295888,-0.23189196,0.056593895,-0.09271717,-0.11583799,0.07953143,-0.103930175,0.2801503,0.2654301,0.11007658,0.22334969,0.05319786,0.0032941953,0.06123328,-0.0072792447,-0.10638314,0.031391744,-0.020734053,-0.034576412,0.028678877,-0.021702934,0.23698829,-0.029521381,-0.07208475,-0.022284262,-0.0935939,0.028611476,0.002906643,0.10983752,-0.18165064,0.84075326,-0.19705032,0.34576517,-1.084615,0.23917007,-0.31129262,-0.2394772,1.6438462,1.108974,-0.114964545,-0.4641297,0.1948922,0.6643526,-0.1252355,0.05752427,-0.33768877,1.0056095,0.0673558,-0.009955331,-0.99767935,0.0,0.0,0.0,0.056777805,-0.23600972,0.05588305,-0.09126389,-0.11402136,0.07002163,-0.106110156,0.2580477,0.28440225,0.10931964,0.2326752,0.04798484,-0.02150916,0.032360625,0.03043129,-0.04379342,-0.02150916,-0.07111587,0.00020220123,-0.058132857,-0.008526153,0.027128667,-0.05985157,-0.022090487,0.02150916,-0.09398145,0.016378302,0.065883905,-0.04237335,-0.63324285,0.8357332,-0.41804802,0.117608376,-1.0815018,0.8922219,-0.15603589,0.019633109,0.9989473,1.1144158,-0.17525144,-0.23047158,0.7799281,0.35248193,0.16112068,0.5581985,0.031957928,0.34514564,0.06814041,0.0002878237,-0.99767584,0.0,0.0,0.0,0.07476266,-0.23861358,0.055203795,-0.0725826,-0.093039036,0.061712503,-0.09978217,0.24499804,0.27941036,0.10550468,0.23485518,0.05991149,-0.043405868,-0.019183842,-0.025780661,0.08778062,-0.046118733,0.034879714,0.053886633,-0.0724723,-0.0036817477,-0.022865592,0.023354245,0.097275645,-0.031391744,0.04902538,-0.069152825,0.10541425,-0.25294375,-1.235387,0.48414925,-0.291399,-0.21344206,-0.0131038055,1.451695,0.2621479,0.44739938,-0.17289993,1.2758024,0.10535064,0.19445752,1.6158092,0.33475697,0.5862492,-0.16237636,-1.5793648,0.62711716,-0.19733468,-0.26230013,0.026984036,1.6210691,0.045270406,0.33670616,-0.027949512,1.0231137,0.26800585,0.20686895,1.71301,0.42057702,0.5122176
1788699162.7224052,246,0,0.55926377,0.16192017,-0.20453075,0.06613483,-0.0012522624,-0.9978102,0.0,0.0,0.0,0.07158352,-0.24130827,0.057873487,-0.07733619,-0.10100198,0.07090628,-0.10931963,0.25420243,0.24789536,0.1100463,0.22531778,0.05769992,-0.05038181,-0.025772233,-0.01779371,0.04166188,-0.035267267,0.0054257335,0.09463018,-0.13389936,0.0048444048,-0.07111587,0.014154087,0.094369,0.017633634,0.046312507,-0.06884953,0.035267267,-0.16237636,-1.5793648,0.62711716,-0.19733468,-0.26230013,0.026984036,1.6210691,0.045270406,0.33670616,-0.027949512,1.0231137,0.26800585,0.20686895,1.71301,0.42057702,0.5122176,0.149137,0.38669094,-0.9651295,0.063529626,0.002912896,-0.9979757,0.0,0.0,0.0,0.07470211,-0.23201308,0.059137225,-0.072491765,-0.10203147,0.061380744,-0.10765427,0.27775836,0.2397126,0.116707355,0.22138166,0.067257166,0.01530832,-0.070146985,0.0030330187,-0.08274243,0.015502095,0.0984383,0.07147814,-0.05193202,-0.010270138,-0.13564335,-0.0162772,0.076929145,0.010463915,0.02092783,-0.015063993,0.08235488,0.006981957,-1.2134103,1.0413873,-0.19991179,-0.13263153,0.18431643,0.5826985,-0.3446183,0.07796974,0.5553233,1.0084531,0.25300527,0.05999213,1.1653922,0.7878572,0.29012135,-0.48363,-0.027696872,-0.41971415,0.06150515,-0.0029042666,-0.99810255,0.0,0.0,0.0,0.06389303,-0.2240198,0.058236837,-0.081635594,-0.11762434,0.06354487,-0.09902519,0.29825622,0.2539773,0.11277127,0.21123868,0.066435695,0.05755153,0.010463915,0.0162772,-0.1660662,0.03720503,-0.009882587,-0.044585373,-0.036042374,-0.0025190904,0.013176781,-0.038216036,-0.026547337,0.005038181,-0.016470976,0.011525472,0.038949013,0.19112669,-0.60310763,1.1920345,-0.1900585,0.2128563,-0.7984828,0.18820128,-0.53515476,-0.14968483,1.3981848,0.880782,0.055907678,-0.4065825,0.15823248,0.74693733,-0.14010094,-0.14274542,-0.079894826,0.576308,0.064711206,-0.013042415,-0.9978188,0.0,0.0,0.0,0.053295888,-0.23189196,0.056593895,-0.09271717,-0.11583799,0.07953143,-0.103930175,0.2801503,0.2654301,0.11007658,0.22334969,0.05319786,0.0032941953,0.06123328,-0.0072792447,-0.10638314,0.031391744,-0.020734053,-0.034576412,0.028678877,-0.021702934,0.23698829,-0.029521381,-0.07208475,-0.022284262,-0.0935939,0.028611476,0.002906643,0.10983752,-0.18165064,0.84075326,-0.19705032,0.34576517,-1.084615,0.23917007,-0.31129262,-0.2394772,1.6438462,1.108974,-0.114964545,-0.4641297,0.1948922,0.6643526,-0.1252355,0.05752427,-0.33768877,1.0056095,0.0673558,-0.009955331,-0.99767935,0.0,0.0,0.0,0.056777805,-0.23600972,0.05588305,-0.09126389,-0.11402136,0.07002163,-0.106110156,0.2580477,0.28440225,0.10931964,0.2326752,0.04798484,-0.02150916,0.032360625,0.03043129,-0.04379342,-0.02150916,-0.07111587,0.00020220123,-0.058132857,-0.008526153,0.027128667,-0.05985157,-0.022090487,0.02150916,-0.09398145,0.016378302,0.065883905,-0.04237335,-0.63324285,0.8357332,-0.41804802,0.117608376,-1.0815018,0.8922219,-0.15603589,0.019633109,0.9989473,1.1144158,-0.17525144,-0.23047158,0.7799281,0.35248193,0.16112068,-0.084188774,-1.0085331,0.59278256,-0.40847313,-0.09422485,-0.64802986,1.4021121,-0.027691722,0.16440453,0.51526433,1.1405967,-0.038566053,-0.04763961,1.2899967,0.25522006,0.33393
1788699162.7437263,247,0,0.19174758,-0.10333064,0.77231663,0.06532328,-0.0061082435,-0.9978455,0.0,0.0,0.0,0.060895547,-0.25293484,0.060337782,-0.08981049,-0.103272796,0.091252804,-0.107563436,0.2469964,0.25159192,0.11398238,0.23612684,0.039280653,-0.030035308,0.0019377619,0.0142551875,0.051738244,-0.01065769,-0.058907963,0.0164794,-0.068403,0.010270138,0.06975943,0.0018198112,0.10173251,0.010851467,0.02189671,-0.038519338,0.08468019,-0.084188774,-1.0085331,0.59278256,-0.40847313,-0.09422485,-0.64802986,1.4021121,-0.027691722,0.16440453,0.51526433,1.1405967,-0.038566053,-0.04763961,1.2899967,0.25522006,0.33393,0.55926377,0.16192017,-0.20453075,0.06613483,-0.0012522624,-0.9978102,0.0,0.0,0.0,0.07158352,-0.24130827,0.057873487,-0.07733619,-0.10100198,0.07090628,-0.10931963,0.25420243,0.24789536,0.1100463,0.22531778,0.05769992,-0.05038181,-0.025772233,-0.01779371,0.04166188,-0.035267267,0.0054257335,0.09463018,-0.13389936,0.0048444048,-0.07111587,0.014154087,0.094369,0.017633634,0.046312507,-0.06884953,0.035267267,-0.16237636,-1.5793648,0.62711716,-0.19733468,-0.26230013,0.026984036,1.6210691,0.045270406,0.33670616,-0.027949512,1.0231137,0.26800585,0.20686895,1.71301,0.42057702,0.5122176,0.149137,0.38669094,-0.9651295,0.063529626,0.002912896,-0.9979757,0.0,0.0,0.0,0.07470211,-0.23201308,0.059137225,-0.072491765,-0.10203147,0.061380744,-0.10765427,0.27775836,0.2397126,0.116707355,0.22138166,0.067257166,0.01530832,-0.070146985,0.0030330187,-0.08274243,0.015502095,0.0984383,0.07147814,-0.05193202,-0.010270138,-0.13564335,-0.0162772,0.076929145,0.010463915,0.02092783,-0.015063993,0.08235488,0.006981957,-1.2134103,1.0413873,-0.19991179,-0.13263153,0.18431643,0.5826985,-0.3446183,0.07796974,0.5553233,1.0084531,0.25300527,0.05999213,1.1653922,0.7878572,0.29012135,-0.48363,-0.027696872,-0.41971415,0.06150515,-0.0029042666,-0.99810255,0.0,0.0,0.0,0.06389303,-0.2240198,0.058236837,-0.081635594,-0.11762434,0.06354487,-0.09902519,0.29825622,0.2539773,0.11277127,0.21123868,0.066435695,0.05755153,0.010463915,0.0162772,-0.1660662,0.03720503,-0.009882587,-0.044585373,-0.036042374,-0.0025190904,0.013176781,-0.038216036,-0.026547337,0.005038181,-0.016470976,0.011525472,0.038949013,0.19112669,-0.60310763,1.1920345,-0.1900585,0.2128563,-0.7984828,0.18820128,-0.53515476,-0.14968483,1.3981848,0.880782,0.055907678,-0.4065825,0.15823248,0.74693733,-0.14010094,-0.14274542,-0.079894826,0.576308,0.064711206,-0.013042415,-0.9978188,0.0,0.0,0.0,0.053295888,-0.23189196,0.056593895,-0.09271717,-0.11583799,0.07953143,-0.103930175,0.2801503,0.2654301,0.11007658,0.22334969,0.05319786,0.0032941953,0.06123328,-0.0072792447,-0.10638314,0.031391744,-0.020734053,-0.034576412,0.028678877,-0.021702934,0.23698829,-0.029521381,-0.07208475,-0.022284262,-0.0935939,0.028611476,0.002906643,0.10983752,-0.18165064,0.84075326,-0.19705032,0.34576517,-1.084615,0.23917007,-0.31129262,-0.2394772,1.6438462,1.108974,-0.114964545,-0.4641297,0.1948922,0.6643526,-0.1252355,0.09244924,-0.41030502,0.96589804,-0.39768654,0.32556802,-1.3345636,0.72775275,-0.31940058,-0.20381379,1.4350517,1.04031,-0.06868785,-0.42772478,0.4147613,0.37015262,-0.09417397
1788699162.7625294,248,0,0.21305287,-0.33768877,0.8958873,0.06120992,-0.009692315,-0.99807787,0.0,0.0,0.0,0.050540633,-0.25181457,0.063797355,-0.096592665,-0.1176849,0.10883486,-0.09981245,0.24941856,0.25546217,0.12321703,0.24281818,0.0350945,-0.04514985,-0.0023253143,0.0030330187,-0.06123328,-0.035461046,-0.008526153,0.075926565,-0.00096888095,0.027128667,-0.019183842,-0.0104133645,0.0054257335,0.011626572,0.020734053,-0.008896855,0.046312507,0.09244924,-0.41030502,0.96589804,-0.39768654,0.32556802,-1.3345636,0.72775275,-0.31940058,-0.20381379,1.4350517,1.04031,-0.06868785,-0.42772478,0.4147613,0.37015262,-0.09417397,0.19174758,-0.10333064,0.77231663,0.06532328,-0.0061082435,-0.9978455,0.0,0.0,0.0,0.060895547,-0.25293484,0.060337782,-0.08981049,-0.103272796,0.091252804,-0.107563436,0.2469964,0.25159192,0.11398238,0.23612684,0.039280653,-0.030035308,0.0019377619,0.0142551875,0.051738244,-0.01065769,-0.058907963,0.0164794,-0.068403,0.010270138,0.06975943,0.0018198112,0.10173251,0.010851467,0.02189671,-0.038519338,0.08468019,-0.084188774,-1.0085331,0.59278256,-0.40847313,-0.09422485,-0.64802986,1.4021121,-0.027691722,0.16440453,0.51526433,1.1405967,-0.038566053,-0.04763961,1.2899967,0.25522006,0.33393,0.55926377,0.16192017,-0.20453075,0.06613483,-0.0012522624,-0.9978102,0.0,0.0,0.0,0.07158352,-0.24130827,0.057873487,-0.07733619,-0.10100198,0.07090628,-0.10931963,0.25420243,0.24789536,0.1100463,0.22531778,0.05769992,-0.05038181,-0.025772233,-0.01779371,0.04166188,-0.035267267,0.0054257335,0.09463018,-0.13389936,0.0048444048,-0.07111587,0.014154087,0.094369,0.017633634,0.046312507,-0.06884953,0.035267267,-0.16237636,-1.5793648,0.62711716,-0.19733468,-0.26230013,0.026984036,1.6210691,0.045270406,0.33670616,-0.027949512,1.0231137,0.26800585,0.20686895,1.71301,0.42057702,0.5122176,0.149137,0.38669094,-0.9651295,0.063529626,0.002912896,-0.9979757,0.0,0.0,0.0,0.07470211,-0.23201308,0.059137225,-0.072491765,-0.10203147,0.061380744,-0.10765427,0.27775836,0.2397126,0.116707355,0.22138166,0.067257166,0.01530832,-0.070146985,0.0030330187,-0.08274243,0.015502095,0.0984383,0.07147814,-0.05193202,-0.010270138,-0.13564335,-0.0162772,0.076929145,0.010463915,0.02092783,-0.015063993,0.08235488,0.006981957,-1.2134103,1.0413873,-0.19991179,-0.13263153,0.18431643,0.5826985,-0.3446183,0.07796974,0.5553233,1.0084531,0.25300527,0.05999213,1.1653922,0.7878572,0.29012135,-0.48363,-0.027696872,-0.41971415,0.06150515,-0.0029042666,-0.99810255,0.0,0.0,0.0,0.06389303,-0.2240198,0.058236837,-0.081635594,-0.11762434,0.06354487,-0.09902519,0.29825622,0.2539773,0.11277127,0.21123868,0.066435695,0.05755153,0.010463915,0.0162772,-0.1660662,0.03720503,-0.009882587,-0.044585373,-0.036042374,-0.0025190904,0.013176781,-0.038216036,-0.026547337,0.005038181,-0.016470976,0.011525472,0.038949013,0.19112669,-0.60310763,1.1920345,-0.1900585,0.2128563,-0.7984828,0.18820128,-0.53515476,-0.14968483,1.3981848,0.880782,0.055907678,-0.4065825,0.15823248,0.74693733,-0.14010094,0.07860133,-0.4316533,0.794655,-0.30655903,0.22729887,-0.8643575,0.44946107,-0.28433147,-0.20179355,1.3716772,1.1383533,-0.109079376,-0.37056762,0.4357044,0.62876964,-0.055369582
1788699162.7792478,249,0,-0.2716424,-0.43782362,0.23009709,0.055846497,-0.006682905,-0.99841714,0.0,0.0,0.0,0.05181229,-0.23825026,0.07626116,-0.09053719,-0.13342923,0.11529577,-0.10114461,0.2839955,0.242872,0.12149121,0.21971637,0.039928317,-0.0046506287,0.017052306,-0.0023253143,-0.17711143,0.005813286,0.044956077,0.03356541,0.053676005,0.03352328,0.043212093,-0.061974682,-0.06801545,0.031197965,-0.018214962,0.03386871,0.029647758,0.07860133,-0.4316533,0.794655,-0.30655903,0.22729887,-0.8643575,0.44946107,-0.28433147,-0.20179355,1.3716772,1.1383533,-0.109079376,-0.37056762,0.4357044,0.62876964,-0.055369582,0.21305287,-0.33768877,0.8958873,0.06120992,-0.009692315,-0.99807787,0.0,0.0,0.0,0.050540633,-0.25181457,0.063797355,-0.096592665,-0.1176849,0.10883486,-0.09981245,0.24941856,0.25546217,0.12321703,0.24281818,0.0350945,-0.04514985,-0.0023253143,0.0030330187,-0.06123328,-0.035461046,-0.008526153,0.075926565,-0.00096888095,0.027128667,-0.019183842,-0.0104133645,0.0054257335,0.011626572,0.020734053,-0.008896855,0.046312507,0.09244924,-0.41030502,0.96589804,-0.39768654,0.32556802,-1.3345636,0.72775275,-0.31940058,-0.20381379,1.4350517,1.04031,-0.06868785,-0.42772478,0.4147613,0.37015262,-0.09417397,0.19174758,-0.10333064,0.77231663,0.06532328,-0.0061082435,-0.9978455,0.0,0.0,0.0,0.060895547,-0.25293484,0.060337782,-0.08981049,-0.103272796,0.091252804,-0.107563436,0.2469964,0.25159192,0.11398238,0.23612684,0.039280653,-0.030035308,0.0019377619,0.0142551875,0.051738244,-0.01065769,-0.058907963,0.0164794,-0.068403,0.010270138,0.06975943,0.0018198112,0.10173251,0.010851467,0.02189671,-0.038519338,0.08468019,-0.084188774,-1.0085331,0.59278256,-0.40847313,-0.09422485,-0.64802986,1.4021121,-0.027691722,0.16440453,0.51526433,1.1405967,-0.038566053,-0.04763961,1.2899967,0.25522006,0.33393,0.55926377,0.16192017,-0.20453075,0.06613483,-0.0012522624,-0.9978102,0.0,0.0,0.0,0.07158352,-0.24130827,0.057873487,-0.07733619,-0.10100198,0.07090628,-0.10931963,0.25420243,0.24789536,0.1100463,0.22531778,0.05769992,-0.05038181,-0.025772233,-0.01779371,0.04166188,-0.035267267,0.0054257335,0.09463018,-0.13389936,0.0048444048,-0.07111587,0.014154087,0.094369,0.017633634,0.046312507,-0.06884953,0.035267267,-0.16237636,-1.5793648,0.62711716,-0.19733468,-0.26230013,0.026984036,1.6210691,0.045270406,0.33670616,-0.027949512,1.0231137,0.26800585,0.20686895,1.71301,0.42057702,0.5122176,0.149137,0.38669094,-0.9651295,0.063529626,0.002912896,-0.9979757,0.0,0.0,0.0,0.07470211,-0.23201308,0.059137225,-0.072491765,-0.10203147,0.061380744,-0.10765427,0.27775836,0.2397126,0.116707355,0.22138166,0.067257166,0.01530832,-0.070146985,0.0030330187,-0.08274243,0.015502095,0.0984383,0.07147814,-0.05193202,-0.010270138,-0.13564335,-0.0162772,0.076929145,0.010463915,0.02092783,-0.015063993,0.08235488,0.006981957,-1.2134103,1.0413873,-0.19991179,-0.13263153,0.18431643,0.5826985,-0.3446183,0.07796974,0.5553233,1.0084531,0.25300527,0.05999213,1.1653922,0.7878572,0.29012135,0.050132677,-0.81292784,0.7822695,-0.32271025,-0.040498372,-0.42550224,0.48614213,-0.21669604,-0.025385212,0.9511205,1.049917,-0.08170818,-0.1315176,0.80129427,0.7005388,0.20913494
1788699162.7999723,250,0,-0.1225054,-0.025566343,-0.3675162,0.05323747,-0.0031996935,-0.9985768,0.0,0.0,0.0,0.053477556,-0.23040837,0.07408118,-0.09102166,-0.12749487,0.11178887,-0.09790498,0.28790134,0.23802233,0.12457952,0.21744561,0.047479272,0.012595452,-0.034298386,-0.005560534,-0.16567867,-0.013564333,0.07169719,-0.005055031,-0.012401677,0.015114543,-0.10018229,0.015266194,-0.08099844,0.016664753,0.038755238,-0.00050550315,0.044180974,0.050132677,-0.81292784,0.7822695,-0.32271025,-0.040498372,-0.42550224,0.48614213,-0.21669604,-0.025385212,0.9511205,1.049917,-0.08170818,-0.1315176,0.80129427,0.7005388,0.20913494,-0.2716424,-0.43782362,0.23009709,0.055846497,-0.006682905,-0.99841714,0.0,0.0,0.0,0.05181229,-0.23825026,0.07626116,-0.09053719,-0.13342923,0.11529577,-0.10114461,0.2839955,0.242872,0.12149121,0.21971637,0.039928317,-0.0046506287,0.017052306,-0.0023253143,-0.17711143,0.005813286,0.044956077,0.03356541,0.053676005,0.03352328,0.043212093,-0.061974682,-0.06801545,0.031197965,-0.018214962,0.03386871,0.029647758,0.07860133,-0.4316533,0.794655,-0.30655903,0.22729887,-0.8643575,0.44946107,-0.28433147,-0.20179355,1.3716772,1.1383533,-0.109079376,-0.37056762,0.4357044,0.62876964,-0.055369582,0.21305287,-0.33768877,0.8958873,0.06120992,-0.009692315,-0.99807787,0.0,0.0,0.0,0.050540633,-0.25181457,0.063797355,-0.096592665,-0.1176849,0.10883486,-0.09981245,0.24941856,0.25546217,0.12321703,0.24281818,0.0350945,-0.04514985,-0.0023253143,0.0030330187,-0.06123328,-0.035461046,-0.008526153,0.075926565,-0.00096888095,0.027128667,-0.019183842,-0.0104133645,0.0054257335,0.011626572,0.020734053,-0.008896855,0.046312507,0.09244924,-0.41030502,0.96589804,-0.39768654,0.32556802,-1.3345636,0.72775275,-0.31940058,-0.20381379,1.4350517,1.04031,-0.06868785,-0.42772478,0.4147613,0.37015262,-0.09417397,0.19174758,-0.10333064,0.77231663,0.06532328,-0.0061082435,-0.9978455,0.0,0.0,0.0,0.060895547,-0.25293484,0.060337782,-0.08981049,-0.103272796,0.091252804,-0.107563436,0.2469964,0.25159192,0.11398238,0.23612684,0.039280653,-0.030035308,0.0019377619,0.0142551875,0.051738244,-0.01065769,-0.058907963,0.0164794,-0.068403,0.010270138,0.06975943,0.0018198112,0.10173251,0.010851467,0.02189671,-0.038519338,0.08468019,-0.084188774,-1.0085331,0.59278256,-0.40847313,-0.09422485,-0.64802986,1.4021121,-0.027691722,0.16440453,0.51526433,1.1405967,-0.038566053,-0.04763961,1.2899967,0.25522006,0.33393,0.55926377,0.16192017,-0.20453075,0.06613483,-0.0012522624,-0.9978102,0.0,0.0,0.0,0.07158352,-0.24130827,0.057873487,-0.07733619,-0.10100198,0.07090628,-0.10931963,0.25420243,0.24789536,0.1100463,0.22531778,0.05769992,-0.05038181,-0.025772233,-0.01779371,0.04166188,-0.035267267,0.0054257335,0.09463018,-0.13389936,0.0048444048,-0.07111587,0.014154087,0.094369,0.017633634,0.046312507,-0.06884953,0.035267267,-0.16237636,-1.5793648,0.62711716,-0.19733468,-0.26230013,0.026984036,1.6210691,0.045270406,0.33670616,-0.027949512,1.0231137,0.26800585,0.20686895,1.71301,0.42057702,0.5122176,-0.13184965,-1.2127783,0.8751787,-0.4681403,-0.18561338,0.047193877,1.0165081,0.093154915,0.22687611,0.32655635,1.1702718,0.00802809,0.1838579,1.4580116,0.53686136,0.5572419
1788699162.825815,251,0,0.08096009,0.1225054,-0.4804342,0.054114234,-0.0042612706,-0.99852586,0.0,0.0,0.0,0.055566706,-0.22641173,0.073939085,-0.08981049,-0.12086403,0.108597875,-0.10156852,0.27657753,0.24497294,0.11922039,0.21514452,0.046815872,-0.008913705,0.022090487,0.0011121068,-0.094562784,-0.0044568526,-0.008913705,-0.016681602,-0.027903771,-0.023253145,-0.08526152,0.015367295,0.0073634954,-0.0011626572,-0.019765174,-0.0015165093,0.027709994,-0.13184965,-1.2127783,0.8751787,-0.4681403,-0.18561338,0.047193877,1.0165081,0.093154915,0.22687611,0.32655635,1.1702718,0.00802809,0.1838579,1.4580116,0.53686136,0.5572419,-0.1225054,-0.025566343,-0.3675162,0.05323747,-0.0031996935,-0.9985768,0.0,0.0,0.0,0.053477556,-0.23040837,0.07408118,-0.09102166,-0.12749487,0.11178887,-0.09790498,0.28790134,0.23802233,0.12457952,0.21744561,0.047479272,0.012595452,-0.034298386,-0.005560534,-0.16567867,-0.013564333,0.07169719,-0.005055031,-0.012401677,0.015114543,-0.10018229,0.015266194,-0.08099844,0.016664753,0.038755238,-0.00050550315,0.044180974,0.050132677,-0.81292784,0.7822695,-0.32271025,-0.040498372,-0.42550224,0.48614213,-0.21669604,-0.025385212,0.9511205,1.049917,-0.08170818,-0.1315176,0.80129427,0.7005388,0.20913494,-0.2716424,-0.43782362,0.23009709,0.055846497,-0.006682905,-0.99841714,0.0,0.0,0.0,0.05181229,-0.23825026,0.07626116,-0.09053719,-0.13342923,0.11529577,-0.10114461,0.2839955,0.242872,0.12149121,0.21971637,0.039928317,-0.0046506287,0.017052306,-0.0023253143,-0.17711143,0.005813286,0.044956077,0.03356541,0.053676005,0.03352328,0.043212093,-0.061974682,-0.06801545,0.031197965,-0.018214962,0.03386871,0.029647758,0.07860133,-0.4316533,0.794655,-0.30655903,0.22729887,-0.8643575,0.44946107,-0.28433147,-0.20179355,1.3716772,1.1383533,-0.109079376,-0.37056762,0.4357044,0.62876964,-0.055369582,0.21305287,-0.33768877,0.8958873,0.06120992,-0.009692315,-0.99807787,0.0,0.0,0.0,0.050540633,-0.25181457,0.063797355,-0.096592665,-0.1176849,0.10883486,-0.09981245,0.24941856,0.25546217,0.12321703,0.24281818,0.0350945,-0.04514985,-0.0023253143,0.0030330187,-0.06123328,-0.035461046,-0.008526153,0.075926565,-0.00096888095,0.027128667,-0.019183842,-0.0104133645,0.0054257335,0.011626572,0.020734053,-0.008896855,0.046312507,0.09244924,-0.41030502,0.96589804,-0.39768654,0.32556802,-1.3345636,0.72775275,-0.31940058,-0.20381379,1.4350517,1.04031,-0.06868785,-0.42772478,0.4147613,0.37015262,-0.09417397,0.19174758,-0.10333064,0.77231663,0.06532328,-0.0061082435,-0.9978455,0.0,0.0,0.0,0.060895547,-0.25293484,0.060337782,-0.08981049,-0.103272796,0.091252804,-0.107563436,0.2469964,0.25159192,0.11398238,0.23612684,0.039280653,-0.030035308,0.0019377619,0.0142551875,0.051738244,-0.01065769,-0.058907963,0.0164794,-0.068403,0.010270138,0.06975943,0.0018198112,0.10173251,0.010851467,0.02189671,-0.038519338,0.08468019,-0.084188774,-1.0085331,0.59278256,-0.40847313,-0.09422485,-0.64802986,1.4021121,-0.027691722,0.16440453,0.51526433,1.1405967,-0.038566053,-0.04763961,1.2899967,0.25522006,0.33393,-0.12184744,-1.186647,0.74010503,-0.47353616,-0.1401737,-0.13096552,1.2611881,0.1371263,0.19412322,0.39911503,1.1923513,0.021453012,0.08861089,1.3292485,0.43900615,0.46774217
1788699162.8421426,252,0,0.21944445,0.08841694,0.045806367,0.057623565,-0.007838168,-0.9983077,0.0,0.0,0.0,0.051025078,-0.23385999,0.07395482,-0.09750104,-0.11471772,0.113226414,-0.10193187,0.2517802,0.25737357,0.12003788,0.22892076,0.03406763,-0.0048444048,0.0036817477,-0.0032352197,-0.039917897,-0.01065769,0.0096888095,-0.0021231133,-0.03371706,-0.0007751048,-0.035848595,0.0323522,0.021121604,-0.0046506287,0.01065769,-0.026083961,0.07576649,-0.12184744,-1.186647,0.74010503,-0.47353616,-0.1401737,-0.13096552,1.2611881,0.1371263,0.19412322,0.39911503,1.1923513,0.021453012,0.08861089,1.3292485,0.43900615,0.46774217,0.08096009,0.1225054,-0.4804342,0.054114234,-0.0042612706,-0.99852586,0.0,0.0,0.0,0.055566706,-0.22641173,0.073939085,-0.08981049,-0.12086403,0.108597875,-0.10156852,0.27657753,0.24497294,0.11922039,0.21514452,0.046815872,-0.008913705,0.022090487,0.0011121068,-0.094562784,-0.0044568526,-0.008913705,-0.016681602,-0.027903771,-0.023253145,-0.08526152,0.015367295,0.0073634954,-0.0011626572,-0.019765174,-0.0015165093,0.027709994,-0.13184965,-1.2127783,0.8751787,-0.4681403,-0.18561338,0.047193877,1.0165081,0.093154915,0.22687611,0.32655635,1.1702718,0.00802809,0.1838579,1.4580116,0.53686136,0.5572419,-0.1225054,-0.025566343,-0.3675162,0.05323747,-0.0031996935,-0.9985768,0.0,0.0,0.0,0.053477556,-0.23040837,0.07408118,-0.09102166,-0.12749487,0.11178887,-0.09790498,0.28790134,0.23802233,0.12457952,0.21744561,0.047479272,0.012595452,-0.034298386,-0.005560534,-0.16567867,-0.013564333,0.07169719,-0.005055031,-0.012401677,0.015114543,-0.10018229,0.015266194,-0.08099844,0.016664753,0.038755238,-0.00050550315,0.044180974,0.050132677,-0.81292784,0.7822695,-0.32271025,-0.040498372,-0.42550224,0.48614213,-0.21669604,-0.025385212,0.9511205,1.049917,-0.08170818,-0.1315176,0.80129427,0.7005388,0.20913494,-0.2716424,-0.43782362,0.23009709,0.055846497,-0.006682905,-0.99841714,0.0,0.0,0.0,0.05181229,-0.23825026,0.07626116,-0.09053719,-0.13342923,0.11529577,-0.10114461,0.2839955,0.242872,0.12149121,0.21971637,0.039928317,-0.0046506287,0.017052306,-0.0023253143,-0.17711143,0.005813286,0.044956077,0.03356541,0.053676005,0.03352328,0.043212093,-0.061974682,-0.06801545,0.031197965,-0.018214962,0.03386871,0.029647758,0.07860133,-0.4316533,0.794655,-0.30655903,0.22729887,-0.8643575,0.44946107,-0.28433147,-0.20179355,1.3716772,1.1383533,-0.109079376,-0.37056762,0.4357044,0.62876964,-0.055369582,0.21305287,-0.33768877,0.8958873,0.06120992,-0.009692315,-0.99807787,0.0,0.0,0.0,0.050540633,-0.25181457,0.063797355,-0.096592665,-0.1176849,0.10883486,-0.09981245,0.24941856,0.25546217,0.12321703,0.24281818,0.0350945,-0.04514985,-0.0023253143,0.0030330187,-0.06123328,-0.035461046,-0.008526153,0.075926565,-0.00096888095,0.027128667,-0.019183842,-0.0104133645,0.0054257335,0.011626572,0.020734053,-0.008896855,0.046312507,0.09244924,-0.41030502,0.96589804,-0.39768654,0.32556802,-1.3345636,0.72775275,-0.31940058,-0.20381379,1.4350517,1.04031,-0.06868785,-0.42772478,0.4147613,0.37015262,-0.09417397,-0.07318378,-0.844653,0.8050201,-0.44509596,0.0453323,-0.5531787,0.9447722,-0.1268243,0.044827744,0.84203625,1.1688118,-0.03634985,-0.121430345,0.9801602,0.41479093,0.18242502
1788699162.862426,253,0,0.22050971,-0.09374326,0.46445525,0.05737652,-0.01197388,-0.9982808,0.0,0.0,0.0,0.044030964,-0.23501053,0.0734967,-0.10373819,-0.11335522,0.120887876,-0.101780474,0.24781388,0.26018548,0.118887335,0.22934467,0.031319022,-0.017633634,0.024803353,0.0009099056,-0.048831604,0.0011626572,0.00096888095,0.033161003,-0.024609575,-0.002906643,-0.010270138,0.0012132075,0.0031004192,-0.0096888095,-0.027709994,-0.0038418237,0.047475167,-0.07318378,-0.844653,0.8050201,-0.44509596,0.0453323,-0.5531787,0.9447722,-0.1268243,0.044827744,0.84203625,1.1688118,-0.03634985,-0.121430345,0.9801602,0.41479093,0.18242502,0.21944445,0.08841694,0.045806367,0.057623565,-0.007838168,-0.9983077,0.0,0.0,0.0,0.051025078,-0.23385999,0.07395482,-0.09750104,-0.11471772,0.113226414,-0.10193187,0.2517802,0.25737357,0.12003788,0.22892076,0.03406763,-0.0048444048,0.0036817477,-0.0032352197,-0.039917897,-0.01065769,0.0096888095,-0.0021231133,-0.03371706,-0.0007751048,-0.035848595,0.0323522,0.021121604,-0.0046506287,0.01065769,-0.026083961,0.07576649,-0.12184744,-1.186647,0.74010503,-0.47353616,-0.1401737,-0.13096552,1.2611881,0.1371263,0.19412322,0.39911503,1.1923513,0.021453012,0.08861089,1.3292485,0.43900615,0.46774217,0.08096009,0.1225054,-0.4804342,0.054114234,-0.0042612706,-0.99852586,0.0,0.0,0.0,0.055566706,-0.22641173,0.073939085,-0.08981049,-0.12086403,0.108597875,-0.10156852,0.27657753,0.24497294,0.11922039,0.21514452,0.046815872,-0.008913705,0.022090487,0.0011121068,-0.094562784,-0.0044568526,-0.008913705,-0.016681602,-0.027903771,-0.023253145,-0.08526152,0.015367295,0.0073634954,-0.0011626572,-0.019765174,-0.0015165093,0.027709994,-0.13184965,-1.2127783,0.8751787,-0.4681403,-0.18561338,0.047193877,1.0165081,0.093154915,0.22687611,0.32655635,1.1702718,0.00802809,0.1838579,1.4580116,0.53686136,0.5572419,-0.1225054,-0.025566343,-0.3675162,0.05323747,-0.0031996935,-0.9985768,0.0,0.0,0.0,0.053477556,-0.23040837,0.07408118,-0.09102166,-0.12749487,0.11178887,-0.09790498,0.28790134,0.23802233,0.12457952,0.21744561,0.047479272,0.012595452,-0.034298386,-0.005560534,-0.16567867,-0.013564333,0.07169719,-0.005055031,-0.012401677,0.015114543,-0.10018229,0.015266194,-0.08099844,0.016664753,0.038755238,-0.00050550315,0.044180974,0.050132677,-0.81292784,0.7822695,-0.32271025,-0.040498372,-0.42550224,0.48614213,-0.21669604,-0.025385212,0.9511205,1.049917,-0.08170818,-0.1315176,0.80129427,0.7005388,0.20913494,-0.2716424,-0.43782362,0.23009709,0.055846497,-0.006682905,-0.99841714,0.0,0.0,0.0,0.05181229,-0.23825026,0.07626116,-0.09053719,-0.13342923,0.11529577,-0.10114461,0.2839955,0.242872,0.12149121,0.21971637,0.039928317,-0.0046506287,0.017052306,-0.0023253143,-0.17711143,0.005813286,0.044956077,0.03356541,0.053676005,0.03352328,0.043212093,-0.061974682,-0.06801545,0.031197965,-0.018214962,0.03386871,0.029647758,0.07860133,-0.4316533,0.794655,-0.30655903,0.22729887,-0.8643575,0.44946107,-0.28433147,-0.20179355,1.3716772,1.1383533,-0.109079376,-0.37056762,0.4357044,0.62876964,-0.055369582,0.03302142,-0.6661483,0.8137038,-0.3009162,0.16987105,-0.8838044,0.76001847,-0.35413948,-0.15392692,1.150957,1.134585,-0.0368666,-0.29156637,0.57613003,0.51109046,-0.05406298
1788699162.883115,254,0,-0.0042610574,-0.13209277,0.3675162,0.055008855,-0.012909326,-0.9984024,0.0,0.0,0.0,0.040851824,-0.22677505,0.074018,-0.10304177,-0.124103785,0.12275195,-0.099206865,0.25492907,0.25923765,0.118493736,0.22562051,0.031034708,-0.0042630765,0.0077510476,0.0022242137,-0.08836195,-0.002906643,0.012207901,0.016378302,0.008913705,0.019571396,0.0065883906,-0.0014154087,-0.029647758,0.006007062,0.0048444048,-0.0014154087,0.0366237,0.03302142,-0.6661483,0.8137038,-0.3009162,0.16987105,-0.8838044,0.76001847,-0.35413948,-0.15392692,1.150957,1.134585,-0.0368666,-0.29156637,0.57613003,0.51109046,-0.05406298,0.22050971,-0.09374326,0.46445525,0.05737652,-0.01197388,-0.9982808,0.0,0.0,0.0,0.044030964,-0.23501053,0.0734967,-0.10373819,-0.11335522,0.120887876,-0.101780474,0.24781388,0.26018548,0.118887335,0.22934467,0.031319022,-0.017633634,0.024803353,0.0009099056,-0.048831604,0.0011626572,0.00096888095,0.033161003,-0.024609575,-0.002906643,-0.010270138,0.0012132075,0.0031004192,-0.0096888095,-0.027709994,-0.0038418237,0.047475167,-0.07318378,-0.844653,0.8050201,-0.44509596,0.0453323,-0.5531787,0.9447722,-0.1268243,0.044827744,0.84203625,1.1688118,-0.03634985,-0.121430345,0.9801602,0.41479093,0.18242502,0.21944445,0.08841694,0.045806367,0.057623565,-0.007838168,-0.9983077,0.0,0.0,0.0,0.051025078,-0.23385999,0.07395482,-0.09750104,-0.11471772,0.113226414,-0.10193187,0.2517802,0.25737357,0.12003788,0.22892076,0.03406763,-0.0048444048,0.0036817477,-0.0032352197,-0.039917897,-0.01065769,0.0096888095,-0.0021231133,-0.03371706,-0.0007751048,-0.035848595,0.0323522,0.021121604,-0.0046506287,0.01065769,-0.026083961,0.07576649,-0.12184744,-1.186647,0.74010503,-0.47353616,-0.1401737,-0.13096552,1.2611881,0.1371263,0.19412322,0.39911503,1.1923513,0.021453012,0.08861089,1.3292485,0.43900615,0.46774217,0.08096009,0.1225054,-0.4804342,0.054114234,-0.0042612706,-0.99852586,0.0,0.0,0.0,0.055566706,-0.22641173,0.073939085,-0.08981049,-0.12086403,0.108597875,-0.10156852,0.27657753,0.24497294,0.11922039,0.21514452,0.046815872,-0.008913705,0.022090487,0.0011121068,-0.094562784,-0.0044568526,-0.008913705,-0.016681602,-0.027903771,-0.023253145,-0.08526152,0.015367295,0.0073634954,-0.0011626572,-0.019765174,-0.0015165093,0.027709994,-0.13184965,-1.2127783,0.8751787,-0.4681403,-0.18561338,0.047193877,1.0165081,0.093154915,0.22687611,0.32655635,1.1702718,0.00802809,0.1838579,1.4580116,0.53686136,0.5572419,-0.1225054,-0.025566343,-0.3675162,0.05323747,-0.0031996935,-0.9985768,0.0,0.0,0.0,0.053477556,-0.23040837,0.07408118,-0.09102166,-0.12749487,0.11178887,-0.09790498,0.28790134,0.23802233,0.12457952,0.21744561,0.047479272,0.012595452,-0.034298386,-0.005560534,-0.16567867,-0.013564333,0.07169719,-0.005055031,-0.012401677,0.015114543,-0.10018229,0.015266194,-0.08099844,0.016664753,0.038755238,-0.00050550315,0.044180974,0.050132677,-0.81292784,0.7822695,-0.32271025,-0.040498372,-0.42550224,0.48614213,-0.21669604,-0.025385212,0.9511205,1.049917,-0.08170818,-0.1315176,0.80129427,0.7005388,0.20913494,0.02330876,-0.7279932,0.8577635,-0.22385842,0.05160193,-0.61180073,0.6672323,-0.35483155,-0.09874357,1.0401593,1.1458622,-0.06382999,-0.2020996,0.7378027,0.6406436,0.043511886
1788699162.90042,255,0,-0.064981125,-0.025566343,-0.062850595,0.053918917,-0.012022412,-0.9984728,0.0,0.0,0.0,0.043152917,-0.21611738,0.07428658,-0.100619555,-0.1316126,0.12447381,-0.098450005,0.26997703,0.25795805,0.119977325,0.21126896,0.03291452,0.0071697193,0.013176781,0.0020220126,-0.10289516,0.012401677,-0.0034879714,-0.0026286163,-0.0032941953,0.0025190904,0.0003875524,-0.0025275154,-0.04088678,-0.0038755238,0.0042630765,0.0016176099,0.013176781,0.02330876,-0.7279932,0.8577635,-0.22385842,0.05160193,-0.61180073,0.6672323,-0.35483155,-0.09874357,1.0401593,1.1458622,-0.06382999,-0.2020996,0.7378027,0.6406436,0.043511886,-0.0042610574,-0.13209277,0.3675162,0.055008855,-0.012909326,-0.9984024,0.0,0.0,0.0,0.040851824,-0.22677505,0.074018,-0.10304177,-0.124103785,0.12275195,-0.099206865,0.25492907,0.25923765,0.118493736,0.22562051,0.031034708,-0.0042630765,0.0077510476,0.0022242137,-0.08836195,-0.002906643,0.012207901,0.016378302,0.008913705,0.019571396,0.0065883906,-0.0014154087,-0.029647758,0.006007062,0.0048444048,-0.0014154087,0.0366237,0.03302142,-0.6661483,0.8137038,-0.3009162,0.16987105,-0.8838044,0.76001847,-0.35413948,-0.15392692,1.150957,1.134585,-0.0368666,-0.29156637,0.57613003,0.51109046,-0.05406298,0.22050971,-0.09374326,0.46445525,0.05737652,-0.01197388,-0.9982808,0.0,0.0,0.0,0.044030964,-0.23501053,0.0734967,-0.10373819,-0.11335522,0.120887876,-0.101780474,0.24781388,0.26018548,0.118887335,0.22934467,0.031319022,-0.017633634,0.024803353,0.0009099056,-0.048831604,0.0011626572,0.00096888095,0.033161003,-0.024609575,-0.002906643,-0.010270138,0.0012132075,0.0031004192,-0.0096888095,-0.027709994,-0.0038418237,0.047475167,-0.07318378,-0.844653,0.8050201,-0.44509596,0.0453323,-0.5531787,0.9447722,-0.1268243,0.044827744,0.84203625,1.1688118,-0.03634985,-0.121430345,0.9801602,0.41479093,0.18242502,0.21944445,0.08841694,0.045806367,0.057623565,-0.007838168,-0.9983077,0.0,0.0,0.0,0.051025078,-0.23385999,0.07395482,-0.09750104,-0.11471772,0.113226414,-0.10193187,0.2517802,0.25737357,0.12003788,0.22892076,0.03406763,-0.0048444048,0.0036817477,-0.0032352197,-0.039917897,-0.01065769,0.0096888095,-0.0021231133,-0.03371706,-0.0007751048,-0.035848595,0.0323522,0.021121604,-0.0046506287,0.01065769,-0.026083961,0.07576649,-0.12184744,-1.186647,0.74010503,-0.47353616,-0.1401737,-0.13096552,1.2611881,0.1371263,0.19412322,0.39911503,1.1923513,0.021453012,0.08861089,1.3292485,0.43900615,0.46774217,0.08096009,0.1225054,-0.4804342,0.054114234,-0.0042612706,-0.99852586,0.0,0.0,0.0,0.055566706,-0.22641173,0.073939085,-0.08981049,-0.12086403,0.108597875,-0.10156852,0.27657753,0.24497294,0.11922039,0.21514452,0.046815872,-0.008913705,0.022090487,0.0011121068,-0.094562784,-0.0044568526,-0.008913705,-0.016681602,-0.027903771,-0.023253145,-0.08526152,0.015367295,0.0073634954,-0.0011626572,-0.019765174,-0.0015165093,0.027709994,-0.13184965,-1.2127783,0.8751787,-0.4681403,-0.18561338,0.047193877,1.0165081,0.093154915,0.22687611,0.32655635,1.1702718,0.00802809,0.1838579,1.4580116,0.53686136,0.5572419,-0.040555365,-0.9888888,0.9600799,-0.24901026,-0.07250514,-0.32428285,0.9236649,-0.25396156,0.024601668,0.7202272,1.1197363,0.048032355,-0.047112085,1.0429469,0.56800824,0.20397599
1788699162.9196677,256,0,-0.009587379,-0.010652643,-0.36005935,0.054468136,-0.0123804975,-0.99843884,0.0,0.0,0.0,0.04569623,-0.21626875,0.07479203,-0.100256324,-0.12104571,0.11892903,-0.09799582,0.26255906,0.2583846,0.12106733,0.21629506,0.034115076,0.0046506287,-0.048444048,0.005055031,-0.067821674,-0.0044568526,0.08293621,0.007481446,-0.03100419,0.0025190904,-0.08409887,-0.0036396224,0.0071697193,0.0075572715,0.080223344,-0.0025275154,0.01782741,-0.040555365,-0.9888888,0.9600799,-0.24901026,-0.07250514,-0.32428285,0.9236649,-0.25396156,0.024601668,0.7202272,1.1197363,0.048032355,-0.047112085,1.0429469,0.56800824,0.20397599,-0.064981125,-0.025566343,-0.062850595,0.053918917,-0.012022412,-0.9984728,0.0,0.0,0.0,0.043152917,-0.21611738,0.07428658,-0.100619555,-0.1316126,0.12447381,-0.098450005,0.26997703,0.25795805,0.119977325,0.21126896,0.03291452,0.0071697193,0.013176781,0.0020220126,-0.10289516,0.012401677,-0.0034879714,-0.0026286163,-0.0032941953,0.0025190904,0.0003875524,-0.0025275154,-0.04088678,-0.0038755238,0.0042630765,0.0016176099,0.013176781,0.02330876,-0.7279932,0.8577635,-0.22385842,0.05160193,-0.61180073,0.6672323,-0.35483155,-0.09874357,1.0401593,1.1458622,-0.06382999,-0.2020996,0.7378027,0.6406436,0.043511886,-0.0042610574,-0.13209277,0.3675162,0.055008855,-0.012909326,-0.9984024,0.0,0.0,0.0,0.040851824,-0.22677505,0.074018,-0.10304177,-0.124103785,0.12275195,-0.099206865,0.25492907,0.25923765,0.118493736,0.22562051,0.031034708,-0.0042630765,0.0077510476,0.0022242137,-0.08836195,-0.002906643,0.012207901,0.016378302,0.008913705,0.019571396,0.0065883906,-0.0014154087,-0.029647758,0.006007062,0.0048444048,-0.0014154087,0.0366237,0.03302142,-0.6661483,0.8137038,-0.3009162,0.16987105,-0.8838044,0.76001847,-0.35413948,-0.15392692,1.150957,1.134585,-0.0368666,-0.29156637,0.57613003,0.51109046,-0.05406298,0.22050971,-0.09374326,0.46445525,0.05737652,-0.01197388,-0.9982808,0.0,0.0,0.0,0.044030964,-0.23501053,0.0734967,-0.10373819,-0.11335522,0.120887876,-0.101780474,0.24781388,0.26018548,0.118887335,0.22934467,0.031319022,-0.017633634,0.024803353,0.0009099056,-0.048831604,0.0011626572,0.00096888095,0.033161003,-0.024609575,-0.002906643,-0.010270138,0.0012132075,0.0031004192,-0.0096888095,-0.027709994,-0.0038418237,0.047475167,-0.07318378,-0.844653,0.8050201,-0.44509596,0.0453323,-0.5531787,0.9447722,-0.1268243,0.044827744,0.84203625,1.1688118,-0.03634985,-0.121430345,0.9801602,0.41479093,0.18242502,0.21944445,0.08841694,0.045806367,0.057623565,-0.007838168,-0.9983077,0.0,0.0,0.0,0.051025078,-0.23385999,0.07395482,-0.09750104,-0.11471772,0.113226414,-0.10193187,0.2517802,0.25737357,0.12003788,0.22892076,0.03406763,-0.0048444048,0.0036817477,-0.0032352197,-0.039917897,-0.01065769,0.0096888095,-0.0021231133,-0.03371706,-0.0007751048,-0.035848595,0.0323522,0.021121604,-0.0046506287,0.01065769,-0.026083961,0.07576649,-0.12184744,-1.186647,0.74010503,-0.47353616,-0.1401737,-0.13096552,1.2611881,0.1371263,0.19412322,0.39911503,1.1923513,0.021453012,0.08861089,1.3292485,0.43900615,0.46774217,-0.15388814,-1.139473,0.7948949,-0.26450482,-0.16716738,-0.13917461,1.267751,0.055902824,0.16777618,0.28620118,1.2499992,0.07928227,0.09805365,1.3664289,0.39261797,0.4240956
1788699162.9398263,257,0,-0.059654802,-0.08841694,-0.20559601,0.05466056,-0.012795672,-0.99842286,0.0,0.0,0.0,0.046877056,-0.21808541,0.07687724,-0.100589275,-0.11041832,0.12107742,-0.09838945,0.24908555,0.25996435,0.12127927,0.22235054,0.031903505,-0.011626572,-0.023640696,-0.010918867,-0.02092783,-0.0077510476,0.039336566,0.029925784,-0.037592582,0.02150916,-0.068403,0.0069759428,0.015502095,0.019183842,0.056970205,-0.01931022,0.019958949,-0.15388814,-1.139473,0.7948949,-0.26450482,-0.16716738,-0.13917461,1.267751,0.055902824,0.16777618,0.28620118,1.2499992,0.07928227,0.09805365,1.3664289,0.39261797,0.4240956,-0.009587379,-0.010652643,-0.36005935,0.054468136,-0.0123804975,-0.99843884,0.0,0.0,0.0,0.04569623,-0.21626875,0.07479203,-0.100256324,-0.12104571,0.11892903,-0.09799582,0.26255906,0.2583846,0.12106733,0.21629506,0.034115076,0.0046506287,-0.048444048,0.005055031,-0.067821674,-0.0044568526,0.08293621,0.007481446,-0.03100419,0.0025190904,-0.08409887,-0.0036396224,0.0071697193,0.0075572715,0.080223344,-0.0025275154,0.01782741,-0.040555365,-0.9888888,0.9600799,-0.24901026,-0.07250514,-0.32428285,0.9236649,-0.25396156,0.024601668,0.7202272,1.1197363,0.048032355,-0.047112085,1.0429469,0.56800824,0.20397599,-0.064981125,-0.025566343,-0.062850595,0.053918917,-0.012022412,-0.9984728,0.0,0.0,0.0,0.043152917,-0.21611738,0.07428658,-0.100619555,-0.1316126,0.12447381,-0.098450005,0.26997703,0.25795805,0.119977325,0.21126896,0.03291452,0.0071697193,0.013176781,0.0020220126,-0.10289516,0.012401677,-0.0034879714,-0.0026286163,-0.0032941953,0.0025190904,0.0003875524,-0.0025275154,-0.04088678,-0.0038755238,0.0042630765,0.0016176099,0.013176781,0.02330876,-0.7279932,0.8577635,-0.22385842,0.05160193,-0.61180073,0.6672323,-0.35483155,-0.09874357,1.0401593,1.1458622,-0.06382999,-0.2020996,0.7378027,0.6406436,0.043511886,-0.0042610574,-0.13209277,0.3675162,0.055008855,-0.012909326,-0.9984024,0.0,0.0,0.0,0.040851824,-0.22677505,0.074018,-0.10304177,-0.124103785,0.12275195,-0.099206865,0.25492907,0.25923765,0.118493736,0.22562051,0.031034708,-0.0042630765,0.0077510476,0.0022242137,-0.08836195,-0.002906643,0.012207901,0.016378302,0.008913705,0.019571396,0.0065883906,-0.0014154087,-0.029647758,0.006007062,0.0048444048,-0.0014154087,0.0366237,0.03302142,-0.6661483,0.8137038,-0.3009162,0.16987105,-0.8838044,0.76001847,-0.35413948,-0.15392692,1.150957,1.134585,-0.0368666,-0.29156637,0.57613003,0.51109046,-0.05406298,0.22050971,-0.09374326,0.46445525,0.05737652,-0.01197388,-0.9982808,0.0,0.0,0.0,0.044030964,-0.23501053,0.0734967,-0.10373819,-0.11335522,0.120887876,-0.101780474,0.24781388,0.26018548,0.118887335,0.22934467,0.031319022,-0.017633634,0.024803353,0.0009099056,-0.048831604,0.0011626572,0.00096888095,0.033161003,-0.024609575,-0.002906643,-0.010270138,0.0012132075,0.0031004192,-0.0096888095,-0.027709994,-0.0038418237,0.047475167,-0.07318378,-0.844653,0.8050201,-0.44509596,0.0453323,-0.5531787,0.9447722,-0.1268243,0.044827744,0.84203625,1.1688118,-0.03634985,-0.121430345,0.9801602,0.41479093,0.18242502,-0.15894327,-0.97269994,0.7395177,-0.3490196,-0.12525429,-0.3271882,1.241691,0.064339325,0.16642353,0.37387222,1.293387,-0.03934519,0.041556984,1.2563715,0.28761953,0.33379617
1788699162.9624054,258,0,0.23435815,-0.0074568503,0.2801645,0.054795858,-0.015531102,-0.9983767,0.0,0.0,0.0,0.04312264,-0.2191754,0.07709837,-0.10358679,-0.10899526,0.12474239,-0.09563416,0.2407592,0.27252293,0.12321703,0.22879964,0.022220016,-0.020540277,0.025772233,-0.002426415,-0.0062008384,-0.0096888095,-0.023834473,0.0013143081,-0.01375811,0.008332376,-0.014339439,0.0322511,0.013564333,-0.0054257335,-0.0075572715,-0.027398271,0.019377619,-0.15894327,-0.97269994,0.7395177,-0.3490196,-0.12525429,-0.3271882,1.241691,0.064339325,0.16642353,0.37387222,1.293387,-0.03934519,0.041556984,1.2563715,0.28761953,0.33379617,-0.059654802,-0.08841694,-0.20559601,0.05466056,-0.012795672,-0.99842286,0.0,0.0,0.0,0.046877056,-0.21808541,0.07687724,-0.100589275,-0.11041832,0.12107742,-0.09838945,0.24908555,0.25996435,0.12127927,0.22235054,0.031903505,-0.011626572,-0.023640696,-0.010918867,-0.02092783,-0.0077510476,0.039336566,0.029925784,-0.037592582,0.02150916,-0.068403,0.0069759428,0.015502095,0.019183842,0.056970205,-0.01931022,0.019958949,-0.15388814,-1.139473,0.7948949,-0.26450482,-0.16716738,-0.13917461,1.267751,0.055902824,0.16777618,0.28620118,1.2499992,0.07928227,0.09805365,1.3664289,0.39261797,0.4240956,-0.009587379,-0.010652643,-0.36005935,0.054468136,-0.0123804975,-0.99843884,0.0,0.0,0.0,0.04569623,-0.21626875,0.07479203,-0.100256324,-0.12104571,0.11892903,-0.09799582,0.26255906,0.2583846,0.12106733,0.21629506,0.034115076,0.0046506287,-0.048444048,0.005055031,-0.067821674,-0.0044568526,0.08293621,0.007481446,-0.03100419,0.0025190904,-0.08409887,-0.0036396224,0.0071697193,0.0075572715,0.080223344,-0.0025275154,0.01782741,-0.040555365,-0.9888888,0.9600799,-0.24901026,-0.07250514,-0.32428285,0.9236649,-0.25396156,0.024601668,0.7202272,1.1197363,0.048032355,-0.047112085,1.0429469,0.56800824,0.20397599,-0.064981125,-0.025566343,-0.062850595,0.053918917,-0.012022412,-0.9984728,0.0,0.0,0.0,0.043152917,-0.21611738,0.07428658,-0.100619555,-0.1316126,0.12447381,-0.098450005,0.26997703,0.25795805,0.119977325,0.21126896,0.03291452,0.0071697193,0.013176781,0.0020220126,-0.10289516,0.012401677,-0.0034879714,-0.0026286163,-0.0032941953,0.0025190904,0.0003875524,-0.0025275154,-0.04088678,-0.0038755238,0.0042630765,0.0016176099,0.013176781,0.02330876,-0.7279932,0.8577635,-0.22385842,0.05160193,-0.61180073,0.6672323,-0.35483155,-0.09874357,1.0401593,1.1458622,-0.06382999,-0.2020996,0.7378027,0.6406436,0.043511886,-0.0042610574,-0.13209277,0.3675162,0.055008855,-0.012909326,-0.9984024,0.0,0.0,0.0,0.040851824,-0.22677505,0.074018,-0.10304177,-0.124103785,0.12275195,-0.099206865,0.25492907,0.25923765,0.118493736,0.22562051,0.031034708,-0.0042630765,0.0077510476,0.0022242137,-0.08836195,-0.002906643,0.012207901,0.016378302,0.008913705,0.019571396,0.0065883906,-0.0014154087,-0.029647758,0.006007062,0.0048444048,-0.0014154087,0.0366237,0.03302142,-0.6661483,0.8137038,-0.3009162,0.16987105,-0.8838044,0.76001847,-0.35413948,-0.15392692,1.150957,1.134585,-0.0368666,-0.29156637,0.57613003,0.51109046,-0.05406298,-0.049497504,-0.6303536,0.791616,-0.35301912,0.060285535,-0.7698434,0.96237,-0.12649393,-0.045436196,0.9889881,1.1709763,-0.06472671,-0.19738421,0.81586784,0.4344519,0.09684229
1788699162.9812894,259,0,0.121440135,0.0074568503,0.48789105,0.054559004,-0.018863484,-0.9983325,0.0,0.0,0.0,0.037672684,-0.21969011,0.07725644,-0.10767424,-0.10817778,0.12903917,-0.092606366,0.23530924,0.2776569,0.12518507,0.23104018,0.019171119,-0.012983005,-0.0019377619,-0.00070770434,-0.038755238,-0.017052306,0.0027128668,0.023758648,0.011045244,0.016664753,-0.018408738,0.011626572,-0.0073634954,0.012014124,0.008332376,-0.0018198112,0.029841533,-0.049497504,-0.6303536,0.791616,-0.35301912,0.060285535,-0.7698434,0.96237,-0.12649393,-0.045436196,0.9889881,1.1709763,-0.06472671,-0.19738421,0.81586784,0.4344519,0.09684229,0.23435815,-0.0074568503,0.2801645,0.054795858,-0.015531102,-0.9983767,0.0,0.0,0.0,0.04312264,-0.2191754,0.07709837,-0.10358679,-0.10899526,0.12474239,-0.09563416,0.2407592,0.27252293,0.12321703,0.22879964,0.022220016,-0.020540277,0.025772233,-0.002426415,-0.0062008384,-0.0096888095,-0.023834473,0.0013143081,-0.01375811,0.008332376,-0.014339439,0.0322511,0.013564333,-0.0054257335,-0.0075572715,-0.027398271,0.019377619,-0.15894327,-0.97269994,0.7395177,-0.3490196,-0.12525429,-0.3271882,1.241691,0.064339325,0.16642353,0.37387222,1.293387,-0.03934519,0.041556984,1.2563715,0.28761953,0.33379617,-0.059654802,-0.08841694,-0.20559601,0.05466056,-0.012795672,-0.99842286,0.0,0.0,0.0,0.046877056,-0.21808541,0.07687724,-0.100589275,-0.11041832,0.12107742,-0.09838945,0.24908555,0.25996435,0.12127927,0.22235054,0.031903505,-0.011626572,-0.023640696,-0.010918867,-0.02092783,-0.0077510476,0.039336566,0.029925784,-0.037592582,0.02150916,-0.068403,0.0069759428,0.015502095,0.019183842,0.056970205,-0.01931022,0.019958949,-0.15388814,-1.139473,0.7948949,-0.26450482,-0.16716738,-0.13917461,1.267751,0.055902824,0.16777618,0.28620118,1.2499992,0.07928227,0.09805365,1.3664289,0.39261797,0.4240956,-0.009587379,-0.010652643,-0.36005935,0.054468136,-0.0123804975,-0.99843884,0.0,0.0,0.0,0.04569623,-0.21626875,0.07479203,-0.100256324,-0.12104571,0.11892903,-0.09799582,0.26255906,0.2583846,0.12106733,0.21629506,0.034115076,0.0046506287,-0.048444048,0.005055031,-0.067821674,-0.0044568526,0.08293621,0.007481446,-0.03100419,0.0025190904,-0.08409887,-0.0036396224,0.0071697193,0.0075572715,0.080223344,-0.0025275154,0.01782741,-0.040555365,-0.9888888,0.9600799,-0.24901026,-0.07250514,-0.32428285,0.9236649,-0.25396156,0.024601668,0.7202272,1.1197363,0.048032355,-0.047112085,1.0429469,0.56800824,0.20397599,-0.064981125,-0.025566343,-0.062850595,0.053918917,-0.012022412,-0.9984728,0.0,0.0,0.0,0.043152917,-0.21611738,0.07428658,-0.100619555,-0.1316126,0.12447381,-0.098450005,0.26997703,0.25795805,0.119977325,0.21126896,0.03291452,0.0071697193,0.013176781,0.0020220126,-0.10289516,0.012401677,-0.0034879714,-0.0026286163,-0.0032941953,0.0025190904,0.0003875524,-0.0025275154,-0.04088678,-0.0038755238,0.0042630765,0.0016176099,0.013176781,0.02330876,-0.7279932,0.8577635,-0.22385842,0.05160193,-0.61180073,0.6672323,-0.35483155,-0.09874357,1.0401593,1.1458622,-0.06382999,-0.2020996,0.7378027,0.6406436,0.043511886,0.0068177683,-0.6395081,0.81226695,-0.23781039,0.092245385,-0.78635854,0.85940313,-0.19560939,-0.11694804,1.0999923,1.1685959,-0.015554277,-0.23686117,0.6855749,0.48386946,0.05813209
1788699163.0027363,260,0,-0.063915856,-0.16298544,0.24074973,0.05314976,-0.018974157,-0.9984062,0.0,0.0,0.0,0.037279077,-0.20727631,0.07766712,-0.10700822,-0.121499896,0.1305083,-0.0905475,0.24854052,0.27372348,0.12533645,0.21886861,0.023420572,0.012789229,0.019377619,0.0015165093,-0.10173251,0.006007062,0.0069759428,0.01314308,0.0040693,0.011045244,0.022865592,-0.0107166665,-0.050188035,0.0019377619,-0.0075572715,0.0022242137,0.020346502,0.0068177683,-0.6395081,0.81226695,-0.23781039,0.092245385,-0.78635854,0.85940313,-0.19560939,-0.11694804,1.0999923,1.1685959,-0.015554277,-0.23686117,0.6855749,0.48386946,0.05813209,0.121440135,0.0074568503,0.48789105,0.054559004,-0.018863484,-0.9983325,0.0,0.0,0.0,0.037672684,-0.21969011,0.07725644,-0.10767424,-0.10817778,0.12903917,-0.092606366,0.23530924,0.2776569,0.12518507,0.23104018,0.019171119,-0.012983005,-0.0019377619,-0.00070770434,-0.038755238,-0.017052306,0.0027128668,0.023758648,0.011045244,0.016664753,-0.018408738,0.011626572,-0.0073634954,0.012014124,0.008332376,-0.0018198112,0.029841533,-0.049497504,-0.6303536,0.791616,-0.35301912,0.060285535,-0.7698434,0.96237,-0.12649393,-0.045436196,0.9889881,1.1709763,-0.06472671,-0.19738421,0.81586784,0.4344519,0.09684229,0.23435815,-0.0074568503,0.2801645,0.054795858,-0.015531102,-0.9983767,0.0,0.0,0.0,0.04312264,-0.2191754,0.07709837,-0.10358679,-0.10899526,0.12474239,-0.09563416,0.2407592,0.27252293,0.12321703,0.22879964,0.022220016,-0.020540277,0.025772233,-0.002426415,-0.0062008384,-0.0096888095,-0.023834473,0.0013143081,-0.01375811,0.008332376,-0.014339439,0.0322511,0.013564333,-0.0054257335,-0.0075572715,-0.027398271,0.019377619,-0.15894327,-0.97269994,0.7395177,-0.3490196,-0.12525429,-0.3271882,1.241691,0.064339325,0.16642353,0.37387222,1.293387,-0.03934519,0.041556984,1.2563715,0.28761953,0.33379617,-0.059654802,-0.08841694,-0.20559601,0.05466056,-0.012795672,-0.99842286,0.0,0.0,0.0,0.046877056,-0.21808541,0.07687724,-0.100589275,-0.11041832,0.12107742,-0.09838945,0.24908555,0.25996435,0.12127927,0.22235054,0.031903505,-0.011626572,-0.023640696,-0.010918867,-0.02092783,-0.0077510476,0.039336566,0.029925784,-0.037592582,0.02150916,-0.068403,0.0069759428,0.015502095,0.019183842,0.056970205,-0.01931022,0.019958949,-0.15388814,-1.139473,0.7948949,-0.26450482,-0.16716738,-0.13917461,1.267751,0.055902824,0.16777618,0.28620118,1.2499992,0.07928227,0.09805365,1.3664289,0.39261797,0.4240956,-0.009587379,-0.010652643,-0.36005935,0.054468136,-0.0123804975,-0.99843884,0.0,0.0,0.0,0.04569623,-0.21626875,0.07479203,-0.100256324,-0.12104571,0.11892903,-0.09799582,0.26255906,0.2583846,0.12106733,0.21629506,0.034115076,0.0046506287,-0.048444048,0.005055031,-0.067821674,-0.0044568526,0.08293621,0.007481446,-0.03100419,0.0025190904,-0.08409887,-0.0036396224,0.0071697193,0.0075572715,0.080223344,-0.0025275154,0.01782741,-0.040555365,-0.9888888,0.9600799,-0.24901026,-0.07250514,-0.32428285,0.9236649,-0.25396156,0.024601668,0.7202272,1.1197363,0.048032355,-0.047112085,1.0429469,0.56800824,0.20397599,0.011299689,-0.79742754,0.8276526,-0.20274988,-0.007402228,-0.5371742,0.72651666,-0.2247835,-0.05346576,0.9466106,1.16427,0.028731503,-0.14014336,0.76062036,0.6202034,0.10947347
1788699163.0197387,261,0,-0.038349517,-0.063915856,-0.09587379,0.05140358,-0.01863083,-0.9985043,0.0,0.0,0.0,0.038036015,-0.19955555,0.07768285,-0.10670543,-0.11986488,0.13107693,-0.08948785,0.2609846,0.27312315,0.12657782,0.21786946,0.023404717,0.0071697193,0.029260203,0.00020220123,-0.086230405,0.0062008384,0.0005813286,0.0011121068,-0.0031004192,-0.0040693,0.01685853,-0.0010110063,-0.03449216,-0.0065883906,-0.0013564334,-0.0009099056,0.0036817477,0.011299689,-0.79742754,0.8276526,-0.20274988,-0.007402228,-0.5371742,0.72651666,-0.2247835,-0.05346576,0.9466106,1.16427,0.028731503,-0.14014336,0.76062036,0.6202034,0.10947347,-0.063915856,-0.16298544,0.24074973,0.05314976,-0.018974157,-0.9984062,0.0,0.0,0.0,0.037279077,-0.20727631,0.07766712,-0.10700822,-0.121499896,0.1305083,-0.0905475,0.24854052,0.27372348,0.12533645,0.21886861,0.023420572,0.012789229,0.019377619,0.0015165093,-0.10173251,0.006007062,0.0069759428,0.01314308,0.0040693,0.011045244,0.022865592,-0.0107166665,-0.050188035,0.0019377619,-0.0075572715,0.0022242137,0.020346502,0.0068177683,-0.6395081,0.81226695,-0.23781039,0.092245385,-0.78635854,0.85940313,-0.19560939,-0.11694804,1.0999923,1.1685959,-0.015554277,-0.23686117,0.6855749,0.48386946,0.05813209,0.121440135,0.0074568503,0.48789105,0.054559004,-0.018863484,-0.9983325,0.0,0.0,0.0,0.037672684,-0.21969011,0.07725644,-0.10767424,-0.10817778,0.12903917,-0.092606366,0.23530924,0.2776569,0.12518507,0.23104018,0.019171119,-0.012983005,-0.0019377619,-0.00070770434,-0.038755238,-0.017052306,0.0027128668,0.023758648,0.011045244,0.016664753,-0.018408738,0.011626572,-0.0073634954,0.012014124,0.008332376,-0.0018198112,0.029841533,-0.049497504,-0.6303536,0.791616,-0.35301912,0.060285535,-0.7698434,0.96237,-0.12649393,-0.045436196,0.9889881,1.1709763,-0.06472671,-0.19738421,0.81586784,0.4344519,0.09684229,0.23435815,-0.0074568503,0.2801645,0.054795858,-0.015531102,-0.9983767,0.0,0.0,0.0,0.04312264,-0.2191754,0.07709837,-0.10358679,-0.10899526,0.12474239,-0.09563416,0.2407592,0.27252293,0.12321703,0.22879964,0.022220016,-0.020540277,0.025772233,-0.002426415,-0.0062008384,-0.0096888095,-0.023834473,0.0013143081,-0.01375811,0.008332376,-0.014339439,0.0322511,0.013564333,-0.0054257335,-0.0075572715,-0.027398271,0.019377619,-0.15894327,-0.97269994,0.7395177,-0.3490196,-0.12525429,-0.3271882,1.241691,0.064339325,0.16642353,0.37387222,1.293387,-0.03934519,0.041556984,1.2563715,0.28761953,0.33379617,-0.059654802,-0.08841694,-0.20559601,0.05466056,-0.012795672,-0.99842286,0.0,0.0,0.0,0.046877056,-0.21808541,0.07687724,-0.100589275,-0.11041832,0.12107742,-0.09838945,0.24908555,0.25996435,0.12127927,0.22235054,0.031903505,-0.011626572,-0.023640696,-0.010918867,-0.02092783,-0.0077510476,0.039336566,0.029925784,-0.037592582,0.02150916,-0.068403,0.0069759428,0.015502095,0.019183842,0.056970205,-0.01931022,0.019958949,-0.15388814,-1.139473,0.7948949,-0.26450482,-0.16716738,-0.13917461,1.267751,0.055902824,0.16777618,0.28620118,1.2499992,0.07928227,0.09805365,1.3664289,0.39261797,0.4240956,-0.039810944,-1.0205557,0.9314611,-0.2068509,-0.067860335,-0.30989847,0.9341314,-0.12939067,0.039251417,0.6602833,1.1739373,0.15792374,-0.017302787,1.0465025,0.56479657,0.2365616
1788699163.0462718,262,0,-0.11824434,0.0053263213,-0.40693095,0.051045496,-0.017885227,-0.9985363,0.0,0.0,0.0,0.041578487,-0.19925278,0.0780462,-0.10504007,-0.11066055,0.12673283,-0.09133476,0.25665492,0.27321792,0.12606311,0.21941364,0.024636865,0.0065883906,-0.04127433,0.00636934,-0.03914279,0.0054257335,0.045731183,0.0009099056,-0.0081386,-0.0065883906,-0.026353562,-0.00060660375,0.012983005,0.0019377619,0.022865592,0.0,0.01530832,-0.039810944,-1.0205557,0.9314611,-0.2068509,-0.067860335,-0.30989847,0.9341314,-0.12939067,0.039251417,0.6602833,1.1739373,0.15792374,-0.017302787,1.0465025,0.56479657,0.2365616,-0.038349517,-0.063915856,-0.09587379,0.05140358,-0.01863083,-0.9985043,0.0,0.0,0.0,0.038036015,-0.19955555,0.07768285,-0.10670543,-0.11986488,0.13107693,-0.08948785,0.2609846,0.27312315,0.12657782,0.21786946,0.023404717,0.0071697193,0.029260203,0.00020220123,-0.086230405,0.0062008384,0.0005813286,0.0011121068,-0.0031004192,-0.0040693,0.01685853,-0.0010110063,-0.03449216,-0.0065883906,-0.0013564334,-0.0009099056,0.0036817477,0.011299689,-0.79742754,0.8276526,-0.20274988,-0.007402228,-0.5371742,0.72651666,-0.2247835,-0.05346576,0.9466106,1.16427,0.028731503,-0.14014336,0.76062036,0.6202034,0.10947347,-0.063915856,-0.16298544,0.24074973,0.05314976,-0.018974157,-0.9984062,0.0,0.0,0.0,0.037279077,-0.20727631,0.07766712,-0.10700822,-0.121499896,0.1305083,-0.0905475,0.24854052,0.27372348,0.12533645,0.21886861,0.023420572,0.012789229,0.019377619,0.0015165093,-0.10173251,0.006007062,0.0069759428,0.01314308,0.0040693,0.011045244,0.022865592,-0.0107166665,-0.050188035,0.0019377619,-0.0075572715,0.0022242137,0.020346502,0.0068177683,-0.6395081,0.81226695,-0.23781039,0.092245385,-0.78635854,0.85940313,-0.19560939,-0.11694804,1.0999923,1.1685959,-0.015554277,-0.23686117,0.6855749,0.48386946,0.05813209,0.121440135,0.0074568503,0.48789105,0.054559004,-0.018863484,-0.9983325,0.0,0.0,0.0,0.037672684,-0.21969011,0.07725644,-0.10767424,-0.10817778,0.12903917,-0.092606366,0.23530924,0.2776569,0.12518507,0.23104018,0.019171119,-0.012983005,-0.0019377619,-0.00070770434,-0.038755238,-0.017052306,0.0027128668,0.023758648,0.011045244,0.016664753,-0.018408738,0.011626572,-0.0073634954,0.012014124,0.008332376,-0.0018198112,0.029841533,-0.049497504,-0.6303536,0.791616,-0.35301912,0.060285535,-0.7698434,0.96237,-0.12649393,-0.045436196,0.9889881,1.1709763,-0.06472671,-0.19738421,0.81586784,0.4344519,0.09684229,0.23435815,-0.0074568503,0.2801645,0.054795858,-0.015531102,-0.9983767,0.0,0.0,0.0,0.04312264,-0.2191754,0.07709837,-0.10358679,-0.10899526,0.12474239,-0.09563416,0.2407592,0.27252293,0.12321703,0.22879964,0.022220016,-0.020540277,0.025772233,-0.002426415,-0.0062008384,-0.0096888095,-0.023834473,0.0013143081,-0.01375811,0.008332376,-0.014339439,0.0322511,0.013564333,-0.0054257335,-0.0075572715,-0.027398271,0.019377619,-0.15894327,-0.97269994,0.7395177,-0.3490196,-0.12525429,-0.3271882,1.241691,0.064339325,0.16642353,0.37387222,1.293387,-0.03934519,0.041556984,1.2563715,0.28761953,0.33379617,-0.13933104,-1.128293,0.8295549,-0.2090607,-0.12374555,-0.052930743,1.2305739,0.04954523,0.1721515,0.25232035,1.2879032,0.19304226,0.08946427,1.360927,0.4311038,0.32506722
1788699163.0663793,263,0,-0.009587379,0.04687163,-0.24820659,0.051965848,-0.016863743,-0.99850637,0.0,0.0,0.0,0.044878736,-0.19898027,0.0791204,-0.10292065,-0.103999496,0.12655902,-0.09327251,0.25123525,0.27446592,0.12457952,0.22674078,0.024526358,0.012983005,0.0065883906,0.00050550315,0.009301257,0.011239019,-0.0019377619,-0.008795754,-0.014533214,-0.01375811,0.00096888095,-0.0016176099,0.04902538,-0.0046506287,-0.0044568526,0.0015165093,-0.0038755238,-0.13933104,-1.128293,0.8295549,-0.2090607,-0.12374555,-0.052930743,1.2305739,0.04954523,0.1721515,0.25232035,1.2879032,0.19304226,0.08946427,1.360927,0.4311038,0.32506722,-0.11824434,0.0053263213,-0.40693095,0.051045496,-0.017885227,-0.9985363,0.0,0.0,0.0,0.041578487,-0.19925278,0.0780462,-0.10504007,-0.11066055,0.12673283,-0.09133476,0.25665492,0.27321792,0.12606311,0.21941364,0.024636865,0.0065883906,-0.04127433,0.00636934,-0.03914279,0.0054257335,0.045731183,0.0009099056,-0.0081386,-0.0065883906,-0.026353562,-0.00060660375,0.012983005,0.0019377619,0.022865592,0.0,0.01530832,-0.039810944,-1.0205557,0.9314611,-0.2068509,-0.067860335,-0.30989847,0.9341314,-0.12939067,0.039251417,0.6602833,1.1739373,0.15792374,-0.017302787,1.0465025,0.56479657,0.2365616,-0.038349517,-0.063915856,-0.09587379,0.05140358,-0.01863083,-0.9985043,0.0,0.0,0.0,0.038036015,-0.19955555,0.07768285,-0.10670543,-0.11986488,0.13107693,-0.08948785,0.2609846,0.27312315,0.12657782,0.21786946,0.023404717,0.0071697193,0.029260203,0.00020220123,-0.086230405,0.0062008384,0.0005813286,0.0011121068,-0.0031004192,-0.0040693,0.01685853,-0.0010110063,-0.03449216,-0.0065883906,-0.0013564334,-0.0009099056,0.0036817477,0.011299689,-0.79742754,0.8276526,-0.20274988,-0.007402228,-0.5371742,0.72651666,-0.2247835,-0.05346576,0.9466106,1.16427,0.028731503,-0.14014336,0.76062036,0.6202034,0.10947347,-0.063915856,-0.16298544,0.24074973,0.05314976,-0.018974157,-0.9984062,0.0,0.0,0.0,0.037279077,-0.20727631,0.07766712,-0.10700822,-0.121499896,0.1305083,-0.0905475,0.24854052,0.27372348,0.12533645,0.21886861,0.023420572,0.012789229,0.019377619,0.0015165093,-0.10173251,0.006007062,0.0069759428,0.01314308,0.0040693,0.011045244,0.022865592,-0.0107166665,-0.050188035,0.0019377619,-0.0075572715,0.0022242137,0.020346502,0.0068177683,-0.6395081,0.81226695,-0.23781039,0.092245385,-0.78635854,0.85940313,-0.19560939,-0.11694804,1.0999923,1.1685959,-0.015554277,-0.23686117,0.6855749,0.48386946,0.05813209,0.121440135,0.0074568503,0.48789105,0.054559004,-0.018863484,-0.9983325,0.0,0.0,0.0,0.037672684,-0.21969011,0.07725644,-0.10767424,-0.10817778,0.12903917,-0.092606366,0.23530924,0.2776569,0.12518507,0.23104018,0.019171119,-0.012983005,-0.0019377619,-0.00070770434,-0.038755238,-0.017052306,0.0027128668,0.023758648,0.011045244,0.016664753,-0.018408738,0.011626572,-0.0073634954,0.012014124,0.008332376,-0.0018198112,0.029841533,-0.049497504,-0.6303536,0.791616,-0.35301912,0.060285535,-0.7698434,0.96237,-0.12649393,-0.045436196,0.9889881,1.1709763,-0.06472671,-0.19738421,0.81586784,0.4344519,0.09684229,-0.10482237,-0.93683594,0.78756493,-0.20929971,-0.045497674,-0.36473078,1.1196728,-0.04643946,0.10015846,0.54223305,1.2452235,0.15987745,-0.032193154,1.1320585,0.4050912,0.18100704
1788699163.080623,264,0,0.06711165,-0.03408846,0.058589537,0.05208671,-0.016813952,-0.99850124,0.0,0.0,0.0,0.043758467,-0.19994918,0.079231024,-0.10361707,-0.09912479,0.13046086,-0.091486156,0.24139506,0.27811503,0.124882296,0.2330082,0.022820234,-0.012014124,0.0007751048,0.0030330187,0.0025190904,-0.0096888095,0.0021315382,0.003437421,-0.026741115,-0.0048444048,-0.013564333,0.030229086,0.056970205,-0.0034879714,-0.0056195096,-0.0028308174,0.023253145,-0.10482237,-0.93683594,0.78756493,-0.20929971,-0.045497674,-0.36473078,1.1196728,-0.04643946,0.10015846,0.54223305,1.2452235,0.15987745,-0.032193154,1.1320585,0.4050912,0.18100704,-0.009587379,0.04687163,-0.24820659,0.051965848,-0.016863743,-0.99850637,0.0,0.0,0.0,0.044878736,-0.19898027,0.0791204,-0.10292065,-0.103999496,0.12655902,-0.09327251,0.25123525,0.27446592,0.12457952,0.22674078,0.024526358,0.012983005,0.0065883906,0.00050550315,0.009301257,0.011239019,-0.0019377619,-0.008795754,-0.014533214,-0.01375811,0.00096888095,-0.0016176099,0.04902538,-0.0046506287,-0.0044568526,0.0015165093,-0.0038755238,-0.13933104,-1.128293,0.8295549,-0.2090607,-0.12374555,-0.052930743,1.2305739,0.04954523,0.1721515,0.25232035,1.2879032,0.19304226,0.08946427,1.360927,0.4311038,0.32506722,-0.11824434,0.0053263213,-0.40693095,0.051045496,-0.017885227,-0.9985363,0.0,0.0,0.0,0.041578487,-0.19925278,0.0780462,-0.10504007,-0.11066055,0.12673283,-0.09133476,0.25665492,0.27321792,0.12606311,0.21941364,0.024636865,0.0065883906,-0.04127433,0.00636934,-0.03914279,0.0054257335,0.045731183,0.0009099056,-0.0081386,-0.0065883906,-0.026353562,-0.00060660375,0.012983005,0.0019377619,0.022865592,0.0,0.01530832,-0.039810944,-1.0205557,0.9314611,-0.2068509,-0.067860335,-0.30989847,0.9341314,-0.12939067,0.039251417,0.6602833,1.1739373,0.15792374,-0.017302787,1.0465025,0.56479657,0.2365616,-0.038349517,-0.063915856,-0.09587379,0.05140358,-0.01863083,-0.9985043,0.0,0.0,0.0,0.038036015,-0.19955555,0.07768285,-0.10670543,-0.11986488,0.13107693,-0.08948785,0.2609846,0.27312315,0.12657782,0.21786946,0.023404717,0.0071697193,0.029260203,0.00020220123,-0.086230405,0.0062008384,0.0005813286,0.0011121068,-0.0031004192,-0.0040693,0.01685853,-0.0010110063,-0.03449216,-0.0065883906,-0.0013564334,-0.0009099056,0.0036817477,0.011299689,-0.79742754,0.8276526,-0.20274988,-0.007402228,-0.5371742,0.72651666,-0.2247835,-0.05346576,0.9466106,1.16427,0.028731503,-0.14014336,0.76062036,0.6202034,0.10947347,-0.063915856,-0.16298544,0.24074973,0.05314976,-0.018974157,-0.9984062,0.0,0.0,0.0,0.037279077,-0.20727631,0.07766712,-0.10700822,-0.121499896,0.1305083,-0.0905475,0.24854052,0.27372348,0.12533645,0.21886861,0.023420572,0.012789229,0.019377619,0.0015165093,-0.10173251,0.006007062,0.0069759428,0.01314308,0.0040693,0.011045244,0.022865592,-0.0107166665,-0.050188035,0.0019377619,-0.0075572715,0.0022242137,0.020346502,0.0068177683,-0.6395081,0.81226695,-0.23781039,0.092245385,-0.78635854,0.85940313,-0.19560939,-0.11694804,1.0999923,1.1685959,-0.015554277,-0.23686117,0.6855749,0.48386946,0.05813209,-0.079181835,-0.76074183,0.77970177,-0.18468879,0.019568676,-0.46258774,0.93282187,-0.14279146,0.0109783495,0.71102387,1.2528336,0.09297086,-0.11734677,0.9703869,0.45310357,0.107417434
1788699163.100012,265,0,0.12783171,0.04261057,0.30892664,0.052022506,-0.01876028,-0.9984698,0.0,0.0,0.0,0.040851824,-0.19831419,0.08043158,-0.10449517,-0.101425886,0.13079262,-0.09181923,0.23848838,0.28305948,0.12224814,0.23213023,0.02395761,-0.0038755238,-0.002906643,-0.0012132075,-0.0034879714,0.0019377619,0.008913705,0.014659591,-0.0096888095,-0.002906643,-0.012401677,-0.010312264,0.06026439,0.002906643,0.0017439857,0.0069759428,-0.0034879714,-0.079181835,-0.76074183,0.77970177,-0.18468879,0.019568676,-0.46258774,0.93282187,-0.14279146,0.0109783495,0.71102387,1.2528336,0.09297086,-0.11734677,0.9703869,0.45310357,0.107417434,0.06711165,-0.03408846,0.058589537,0.05208671,-0.016813952,-0.99850124,0.0,0.0,0.0,0.043758467,-0.19994918,0.079231024,-0.10361707,-0.09912479,0.13046086,-0.091486156,0.24139506,0.27811503,0.124882296,0.2330082,0.022820234,-0.012014124,0.0007751048,0.0030330187,0.0025190904,-0.0096888095,0.0021315382,0.003437421,-0.026741115,-0.0048444048,-0.013564333,0.030229086,0.056970205,-0.0034879714,-0.0056195096,-0.0028308174,0.023253145,-0.10482237,-0.93683594,0.78756493,-0.20929971,-0.045497674,-0.36473078,1.1196728,-0.04643946,0.10015846,0.54223305,1.2452235,0.15987745,-0.032193154,1.1320585,0.4050912,0.18100704,-0.009587379,0.04687163,-0.24820659,0.051965848,-0.016863743,-0.99850637,0.0,0.0,0.0,0.044878736,-0.19898027,0.0791204,-0.10292065,-0.103999496,0.12655902,-0.09327251,0.25123525,0.27446592,0.12457952,0.22674078,0.024526358,0.012983005,0.0065883906,0.00050550315,0.009301257,0.011239019,-0.0019377619,-0.008795754,-0.014533214,-0.01375811,0.00096888095,-0.0016176099,0.04902538,-0.0046506287,-0.0044568526,0.0015165093,-0.0038755238,-0.13933104,-1.128293,0.8295549,-0.2090607,-0.12374555,-0.052930743,1.2305739,0.04954523,0.1721515,0.25232035,1.2879032,0.19304226,0.08946427,1.360927,0.4311038,0.32506722,-0.11824434,0.0053263213,-0.40693095,0.051045496,-0.017885227,-0.9985363,0.0,0.0,0.0,0.041578487,-0.19925278,0.0780462,-0.10504007,-0.11066055,0.12673283,-0.09133476,0.25665492,0.27321792,0.12606311,0.21941364,0.024636865,0.0065883906,-0.04127433,0.00636934,-0.03914279,0.0054257335,0.045731183,0.0009099056,-0.0081386,-0.0065883906,-0.026353562,-0.00060660375,0.012983005,0.0019377619,0.022865592,0.0,0.01530832,-0.039810944,-1.0205557,0.9314611,-0.2068509,-0.067860335,-0.30989847,0.9341314,-0.12939067,0.039251417,0.6602833,1.1739373,0.15792374,-0.017302787,1.0465025,0.56479657,0.2365616,-0.038349517,-0.063915856,-0.09587379,0.05140358,-0.01863083,-0.9985043,0.0,0.0,0.0,0.038036015,-0.19955555,0.07768285,-0.10670543,-0.11986488,0.13107693,-0.08948785,0.2609846,0.27312315,0.12657782,0.21786946,0.023404717,0.0071697193,0.029260203,0.00020220123,-0.086230405,0.0062008384,0.0005813286,0.0011121068,-0.0031004192,-0.0040693,0.01685853,-0.0010110063,-0.03449216,-0.0065883906,-0.0013564334,-0.0009099056,0.0036817477,0.011299689,-0.79742754,0.8276526,-0.20274988,-0.007402228,-0.5371742,0.72651666,-0.2247835,-0.05346576,0.9466106,1.16427,0.028731503,-0.14014336,0.76062036,0.6202034,0.10947347,-0.005590396,-0.70804614,0.8546941,-0.11257504,0.08216236,-0.7420652,0.8688438,-0.22014023,-0.09317266,0.9847848,1.1984826,0.082987085,-0.2100404,0.7583687,0.4535989,0.046553425
1788699163.121417,266,0,0.020240022,-0.006391586,0.22796656,0.052241214,-0.020503895,-0.99842405,0.0,0.0,0.0,0.037521295,-0.19289452,0.080352545,-0.10655403,-0.105483055,0.13088739,-0.091183364,0.23876089,0.28245914,0.122702315,0.22931439,0.028412342,-0.0067821667,0.0003875524,-0.00040440247,-0.015889648,0.0003875524,-0.019377619,0.0019209118,0.0,0.0096888095,-0.0034879714,0.0030330187,0.019377619,-0.0003875524,0.0032941953,0.0139518855,-0.0011626572,-0.005590396,-0.70804614,0.8546941,-0.11257504,0.08216236,-0.7420652,0.8688438,-0.22014023,-0.09317266,0.9847848,1.1984826,0.082987085,-0.2100404,0.7583687,0.4535989,0.046553425,0.12783171,0.04261057,0.30892664,0.052022506,-0.01876028,-0.9984698,0.0,0.0,0.0,0.040851824,-0.19831419,0.08043158,-0.10449517,-0.101425886,0.13079262,-0.09181923,0.23848838,0.28305948,0.12224814,0.23213023,0.02395761,-0.0038755238,-0.002906643,-0.0012132075,-0.0034879714,0.0019377619,0.008913705,0.014659591,-0.0096888095,-0.002906643,-0.012401677,-0.010312264,0.06026439,0.002906643,0.0017439857,0.0069759428,-0.0034879714,-0.079181835,-0.76074183,0.77970177,-0.18468879,0.019568676,-0.46258774,0.93282187,-0.14279146,0.0109783495,0.71102387,1.2528336,0.09297086,-0.11734677,0.9703869,0.45310357,0.107417434,0.06711165,-0.03408846,0.058589537,0.05208671,-0.016813952,-0.99850124,0.0,0.0,0.0,0.043758467,-0.19994918,0.079231024,-0.10361707,-0.09912479,0.13046086,-0.091486156,0.24139506,0.27811503,0.124882296,0.2330082,0.022820234,-0.012014124,0.0007751048,0.0030330187,0.0025190904,-0.0096888095,0.0021315382,0.003437421,-0.026741115,-0.0048444048,-0.013564333,0.030229086,0.056970205,-0.0034879714,-0.0056195096,-0.0028308174,0.023253145,-0.10482237,-0.93683594,0.78756493,-0.20929971,-0.045497674,-0.36473078,1.1196728,-0.04643946,0.10015846,0.54223305,1.2452235,0.15987745,-0.032193154,1.1320585,0.4050912,0.18100704,-0.009587379,0.04687163,-0.24820659,0.051965848,-0.016863743,-0.99850637,0.0,0.0,0.0,0.044878736,-0.19898027,0.0791204,-0.10292065,-0.103999496,0.12655902,-0.09327251,0.25123525,0.27446592,0.12457952,0.22674078,0.024526358,0.012983005,0.0065883906,0.00050550315,0.009301257,0.011239019,-0.0019377619,-0.008795754,-0.014533214,-0.01375811,0.00096888095,-0.0016176099,0.04902538,-0.0046506287,-0.0044568526,0.0015165093,-0.0038755238,-0.13933104,-1.128293,0.8295549,-0.2090607,-0.12374555,-0.052930743,1.2305739,0.04954523,0.1721515,0.25232035,1.2879032,0.19304226,0.08946427,1.360927,0.4311038,0.32506722,-0.11824434,0.0053263213,-0.40693095,0.051045496,-0.017885227,-0.9985363,0.0,0.0,0.0,0.041578487,-0.19925278,0.0780462,-0.10504007,-0.11066055,0.12673283,-0.09133476,0.25665492,0.27321792,0.12606311,0.21941364,0.024636865,0.0065883906,-0.04127433,0.00636934,-0.03914279,0.0054257335,0.045731183,0.0009099056,-0.0081386,-0.0065883906,-0.026353562,-0.00060660375,0.012983005,0.0019377619,0.022865592,0.0,0.01530832,-0.039810944,-1.0205557,0.9314611,-0.2068509,-0.067860335,-0.30989847,0.9341314,-0.12939067,0.039251417,0.6602833,1.1739373,0.15792374,-0.017302787,1.0465025,0.56479657,0.2365616,-0.013545626,-0.7946863,0.8910244,-0.13934727,-0.0026960066,-0.5190072,0.7896664,-0.22885028,-0.042627,0.8686255,1.1886709,0.071652144,-0.13443825,0.83682036,0.5684062,0.085751645
1788699163.1424994,267,0,0.0,-0.0149137005,0.038349517,0.051749513,-0.020539027,-0.99844897,0.0,0.0,0.0,0.038247958,-0.18947315,0.08058953,-0.10670543,-0.10905582,0.13031864,-0.090820014,0.24648166,0.28181148,0.12373175,0.22189641,0.029992104,0.0034879714,0.012983005,-0.00070770434,-0.008913705,0.0031004192,-0.0038755238,0.0016176099,0.0031004192,0.0042630765,0.012983005,-0.009503459,0.008719929,0.0038755238,0.0038755238,0.006268239,-0.0046506287,-0.013545626,-0.7946863,0.8910244,-0.13934727,-0.0026960066,-0.5190072,0.7896664,-0.22885028,-0.042627,0.8686255,1.1886709,0.071652144,-0.13443825,0.83682036,0.5684062,0.085751645,0.020240022,-0.006391586,0.22796656,0.052241214,-0.020503895,-0.99842405,0.0,0.0,0.0,0.037521295,-0.19289452,0.080352545,-0.10655403,-0.105483055,0.13088739,-0.091183364,0.23876089,0.28245914,0.122702315,0.22931439,0.028412342,-0.0067821667,0.0003875524,-0.00040440247,-0.015889648,0.0003875524,-0.019377619,0.0019209118,0.0,0.0096888095,-0.0034879714,0.0030330187,0.019377619,-0.0003875524,0.0032941953,0.0139518855,-0.0011626572,-0.005590396,-0.70804614,0.8546941,-0.11257504,0.08216236,-0.7420652,0.8688438,-0.22014023,-0.09317266,0.9847848,1.1984826,0.082987085,-0.2100404,0.7583687,0.4535989,0.046553425,0.12783171,0.04261057,0.30892664,0.052022506,-0.01876028,-0.9984698,0.0,0.0,0.0,0.040851824,-0.19831419,0.08043158,-0.10449517,-0.101425886,0.13079262,-0.09181923,0.23848838,0.28305948,0.12224814,0.23213023,0.02395761,-0.0038755238,-0.002906643,-0.0012132075,-0.0034879714,0.0019377619,0.008913705,0.014659591,-0.0096888095,-0.002906643,-0.012401677,-0.010312264,0.06026439,0.002906643,0.0017439857,0.0069759428,-0.0034879714,-0.079181835,-0.76074183,0.77970177,-0.18468879,0.019568676,-0.46258774,0.93282187,-0.14279146,0.0109783495,0.71102387,1.2528336,0.09297086,-0.11734677,0.9703869,0.45310357,0.107417434,0.06711165,-0.03408846,0.058589537,0.05208671,-0.016813952,-0.99850124,0.0,0.0,0.0,0.043758467,-0.19994918,0.079231024,-0.10361707,-0.09912479,0.13046086,-0.091486156,0.24139506,0.27811503,0.124882296,0.2330082,0.022820234,-0.012014124,0.0007751048,0.0030330187,0.0025190904,-0.0096888095,0.0021315382,0.003437421,-0.026741115,-0.0048444048,-0.013564333,0.030229086,0.056970205,-0.0034879714,-0.0056195096,-0.0028308174,0.023253145,-0.10482237,-0.93683594,0.78756493,-0.20929971,-0.045497674,-0.36473078,1.1196728,-0.04643946,0.10015846,0.54223305,1.2452235,0.15987745,-0.032193154,1.1320585,0.4050912,0.18100704,-0.009587379,0.04687163,-0.24820659,0.051965848,-0.016863743,-0.99850637,0.0,0.0,0.0,0.044878736,-0.19898027,0.0791204,-0.10292065,-0.103999496,0.12655902,-0.09327251,0.25123525,0.27446592,0.12457952,0.22674078,0.024526358,0.012983005,0.0065883906,0.00050550315,0.009301257,0.011239019,-0.0019377619,-0.008795754,-0.014533214,-0.01375811,0.00096888095,-0.0016176099,0.04902538,-0.0046506287,-0.0044568526,0.0015165093,-0.0038755238,-0.13933104,-1.128293,0.8295549,-0.2090607,-0.12374555,-0.052930743,1.2305739,0.04954523,0.1721515,0.25232035,1.2879032,0.19304226,0.08946427,1.360927,0.4311038,0.32506722,-0.018524118,-0.9231278,0.9217837,-0.10944851,-0.040632322,-0.45400602,0.97480863,-0.1689912,-0.011579186,0.74178517,1.1692603,0.15506013,-0.081776746,0.9594157,0.53393775,0.16607022
1788699163.1626995,268,0,-0.03408846,-0.025566343,-0.13315804,0.051416606,-0.020523947,-0.99846655,0.0,0.0,0.0,0.03918656,-0.18808037,0.080779076,-0.10661459,-0.10505921,0.13000274,-0.09033555,0.24745053,0.28062677,0.12394369,0.2236222,0.031840324,0.005038181,-0.0062008384,0.003740723,-0.0069759428,0.0032941953,0.046312507,-0.0075825467,0.0017439857,0.002906643,-0.011626572,-0.0038418237,-0.0046506287,0.0077510476,0.019765174,0.015266194,0.0067821667,-0.018524118,-0.9231278,0.9217837,-0.10944851,-0.040632322,-0.45400602,0.97480863,-0.1689912,-0.011579186,0.74178517,1.1692603,0.15506013,-0.081776746,0.9594157,0.53393775,0.16607022,0.0,-0.0149137005,0.038349517,0.051749513,-0.020539027,-0.99844897,0.0,0.0,0.0,0.038247958,-0.18947315,0.08058953,-0.10670543,-0.10905582,0.13031864,-0.090820014,0.24648166,0.28181148,0.12373175,0.22189641,0.029992104,0.0034879714,0.012983005,-0.00070770434,-0.008913705,0.0031004192,-0.0038755238,0.0016176099,0.0031004192,0.0042630765,0.012983005,-0.009503459,0.008719929,0.0038755238,0.0038755238,0.006268239,-0.0046506287,-0.013545626,-0.7946863,0.8910244,-0.13934727,-0.0026960066,-0.5190072,0.7896664,-0.22885028,-0.042627,0.8686255,1.1886709,0.071652144,-0.13443825,0.83682036,0.5684062,0.085751645,0.020240022,-0.006391586,0.22796656,0.052241214,-0.020503895,-0.99842405,0.0,0.0,0.0,0.037521295,-0.19289452,0.080352545,-0.10655403,-0.105483055,0.13088739,-0.091183364,0.23876089,0.28245914,0.122702315,0.22931439,0.028412342,-0.0067821667,0.0003875524,-0.00040440247,-0.015889648,0.0003875524,-0.019377619,0.0019209118,0.0,0.0096888095,-0.0034879714,0.0030330187,0.019377619,-0.0003875524,0.0032941953,0.0139518855,-0.0011626572,-0.005590396,-0.70804614,0.8546941,-0.11257504,0.08216236,-0.7420652,0.8688438,-0.22014023,-0.09317266,0.9847848,1.1984826,0.082987085,-0.2100404,0.7583687,0.4535989,0.046553425,0.12783171,0.04261057,0.30892664,0.052022506,-0.01876028,-0.9984698,0.0,0.0,0.0,0.040851824,-0.19831419,0.08043158,-0.10449517,-0.101425886,0.13079262,-0.09181923,0.23848838,0.28305948,0.12224814,0.23213023,0.02395761,-0.0038755238,-0.002906643,-0.0012132075,-0.0034879714,0.0019377619,0.008913705,0.014659591,-0.0096888095,-0.002906643,-0.012401677,-0.010312264,0.06026439,0.002906643,0.0017439857,0.0069759428,-0.0034879714,-0.079181835,-0.76074183,0.77970177,-0.18468879,0.019568676,-0.46258774,0.93282187,-0.14279146,0.0109783495,0.71102387,1.2528336,0.09297086,-0.11734677,0.9703869,0.45310357,0.107417434,0.06711165,-0.03408846,0.058589537,0.05208671,-0.016813952,-0.99850124,0.0,0.0,0.0,0.043758467,-0.19994918,0.079231024,-0.10361707,-0.09912479,0.13046086,-0.091486156,0.24139506,0.27811503,0.124882296,0.2330082,0.022820234,-0.012014124,0.0007751048,0.0030330187,0.0025190904,-0.0096888095,0.0021315382,0.003437421,-0.026741115,-0.0048444048,-0.013564333,0.030229086,0.056970205,-0.0034879714,-0.0056195096,-0.0028308174,0.023253145,-0.10482237,-0.93683594,0.78756493,-0.20929971,-0.045497674,-0.36473078,1.1196728,-0.04643946,0.10015846,0.54223305,1.2452235,0.15987745,-0.032193154,1.1320585,0.4050912,0.18100704,-0.0803219,-1.0096679,0.8265329,-0.12698336,-0.073081024,-0.3308696,1.0744228,-0.03386716,0.075998604,0.51837134,1.2380128,0.17320542,-0.017891089,1.1155009,0.45972815,0.2527244
1788699163.1846006,269,0,0.026631609,0.043675836,-0.26951188,0.05106109,-0.020152995,-0.9984923,0.0,0.0,0.0,0.042850144,-0.18805009,0.08096874,-0.104222655,-0.09839815,0.12633789,-0.09169811,0.24757165,0.28059518,0.12276286,0.2287088,0.032408953,0.011045244,0.0025190904,0.0015165093,0.0048444048,0.0038755238,0.012014124,0.007885849,-0.01065769,-0.0052319574,-0.0001937762,0.00070770434,0.019958949,-0.009301257,0.03371706,0.00060660375,0.0046506287,-0.0803219,-1.0096679,0.8265329,-0.12698336,-0.073081024,-0.3308696,1.0744228,-0.03386716,0.075998604,0.51837134,1.2380128,0.17320542,-0.017891089,1.1155009,0.45972815,0.2527244,-0.03408846,-0.025566343,-0.13315804,0.051416606,-0.020523947,-0.99846655,0.0,0.0,0.0,0.03918656,-0.18808037,0.080779076,-0.10661459,-0.10505921,0.13000274,-0.09033555,0.24745053,0.28062677,0.12394369,0.2236222,0.031840324,0.005038181,-0.0062008384,0.003740723,-0.0069759428,0.0032941953,0.046312507,-0.0075825467,0.0017439857,0.002906643,-0.011626572,-0.0038418237,-0.0046506287,0.0077510476,0.019765174,0.015266194,0.0067821667,-0.018524118,-0.9231278,0.9217837,-0.10944851,-0.040632322,-0.45400602,0.97480863,-0.1689912,-0.011579186,0.74178517,1.1692603,0.15506013,-0.081776746,0.9594157,0.53393775,0.16607022,0.0,-0.0149137005,0.038349517,0.051749513,-0.020539027,-0.99844897,0.0,0.0,0.0,0.038247958,-0.18947315,0.08058953,-0.10670543,-0.10905582,0.13031864,-0.090820014,0.24648166,0.28181148,0.12373175,0.22189641,0.029992104,0.0034879714,0.012983005,-0.00070770434,-0.008913705,0.0031004192,-0.0038755238,0.0016176099,0.0031004192,0.0042630765,0.012983005,-0.009503459,0.008719929,0.0038755238,0.0038755238,0.006268239,-0.0046506287,-0.013545626,-0.7946863,0.8910244,-0.13934727,-0.0026960066,-0.5190072,0.7896664,-0.22885028,-0.042627,0.8686255,1.1886709,0.071652144,-0.13443825,0.83682036,0.5684062,0.085751645,0.020240022,-0.006391586,0.22796656,0.052241214,-0.020503895,-0.99842405,0.0,0.0,0.0,0.037521295,-0.19289452,0.080352545,-0.10655403,-0.105483055,0.13088739,-0.091183364,0.23876089,0.28245914,0.122702315,0.22931439,0.028412342,-0.0067821667,0.0003875524,-0.00040440247,-0.015889648,0.0003875524,-0.019377619,0.0019209118,0.0,0.0096888095,-0.0034879714,0.0030330187,0.019377619,-0.0003875524,0.0032941953,0.0139518855,-0.0011626572,-0.005590396,-0.70804614,0.8546941,-0.11257504,0.08216236,-0.7420652,0.8688438,-0.22014023,-0.09317266,0.9847848,1.1984826,0.082987085,-0.2100404,0.7583687,0.4535989,0.046553425,0.12783171,0.04261057,0.30892664,0.052022506,-0.01876028,-0.9984698,0.0,0.0,0.0,0.040851824,-0.19831419,0.08043158,-0.10449517,-0.101425886,0.13079262,-0.09181923,0.23848838,0.28305948,0.12224814,0.23213023,0.02395761,-0.0038755238,-0.002906643,-0.0012132075,-0.0034879714,0.0019377619,0.008913705,0.014659591,-0.0096888095,-0.002906643,-0.012401677,-0.010312264,0.06026439,0.002906643,0.0017439857,0.0069759428,-0.0034879714,-0.079181835,-0.76074183,0.77970177,-0.18468879,0.019568676,-0.46258774,0.93282187,-0.14279146,0.0109783495,0.71102387,1.2528336,0.09297086,-0.11734677,0.9703869,0.45310357,0.107417434,-0.12057574,-1.0499743,0.77448034,-0.15550141,-0.09979473,-0.3378181,1.2950486,-0.027270667,0.12474278,0.42866808,1.2446213,0.14551046,0.0068540964,1.1849124,0.3766319,0.18957509
1788699163.200522,270,0,-0.06178533,-0.010652643,-0.20240022,0.05116195,-0.019448966,-0.998501,0.0,0.0,0.0,0.044303462,-0.18708122,0.0812372,-0.103162885,-0.09497678,0.12708032,-0.092243016,0.24539167,0.28097427,0.12206648,0.23476434,0.03218782,0.008913705,0.0019377619,0.00010110062,0.0096888095,0.0065883906,0.034298386,0.006874842,0.0021315382,0.0071697193,-0.027322445,0.0028308174,0.038367685,-0.006007062,0.03817391,-0.00050550315,0.015502095,-0.12057574,-1.0499743,0.77448034,-0.15550141,-0.09979473,-0.3378181,1.2950486,-0.027270667,0.12474278,0.42866808,1.2446213,0.14551046,0.0068540964,1.1849124,0.3766319,0.18957509,0.026631609,0.043675836,-0.26951188,0.05106109,-0.020152995,-0.9984923,0.0,0.0,0.0,0.042850144,-0.18805009,0.08096874,-0.104222655,-0.09839815,0.12633789,-0.09169811,0.24757165,0.28059518,0.12276286,0.2287088,0.032408953,0.011045244,0.0025190904,0.0015165093,0.0048444048,0.0038755238,0.012014124,0.007885849,-0.01065769,-0.0052319574,-0.0001937762,0.00070770434,0.019958949,-0.009301257,0.03371706,0.00060660375,0.0046506287,-0.0803219,-1.0096679,0.8265329,-0.12698336,-0.073081024,-0.3308696,1.0744228,-0.03386716,0.075998604,0.51837134,1.2380128,0.17320542,-0.017891089,1.1155009,0.45972815,0.2527244,-0.03408846,-0.025566343,-0.13315804,0.051416606,-0.020523947,-0.99846655,0.0,0.0,0.0,0.03918656,-0.18808037,0.080779076,-0.10661459,-0.10505921,0.13000274,-0.09033555,0.24745053,0.28062677,0.12394369,0.2236222,0.031840324,0.005038181,-0.0062008384,0.003740723,-0.0069759428,0.0032941953,0.046312507,-0.0075825467,0.0017439857,0.002906643,-0.011626572,-0.0038418237,-0.0046506287,0.0077510476,0.019765174,0.015266194,0.0067821667,-0.018524118,-0.9231278,0.9217837,-0.10944851,-0.040632322,-0.45400602,0.97480863,-0.1689912,-0.011579186,0.74178517,1.1692603,0.15506013,-0.081776746,0.9594157,0.53393775,0.16607022,0.0,-0.0149137005,0.038349517,0.051749513,-0.020539027,-0.99844897,0.0,0.0,0.0,0.038247958,-0.18947315,0.08058953,-0.10670543,-0.10905582,0.13031864,-0.090820014,0.24648166,0.28181148,0.12373175,0.22189641,0.029992104,0.0034879714,0.012983005,-0.00070770434,-0.008913705,0.0031004192,-0.0038755238,0.0016176099,0.0031004192,0.0042630765,0.012983005,-0.009503459,0.008719929,0.0038755238,0.0038755238,0.006268239,-0.0046506287,-0.013545626,-0.7946863,0.8910244,-0.13934727,-0.0026960066,-0.5190072,0.7896664,-0.22885028,-0.042627,0.8686255,1.1886709,0.071652144,-0.13443825,0.83682036,0.5684062,0.085751645,0.020240022,-0.006391586,0.22796656,0.052241214,-0.020503895,-0.99842405,0.0,0.0,0.0,0.037521295,-0.19289452,0.080352545,-0.10655403,-0.105483055,0.13088739,-0.091183364,0.23876089,0.28245914,0.122702315,0.22931439,0.028412342,-0.0067821667,0.0003875524,-0.00040440247,-0.015889648,0.0003875524,-0.019377619,0.0019209118,0.0,0.0096888095,-0.0034879714,0.0030330187,0.019377619,-0.0003875524,0.0032941953,0.0139518855,-0.0011626572,-0.005590396,-0.70804614,0.8546941,-0.11257504,0.08216236,-0.7420652,0.8688438,-0.22014023,-0.09317266,0.9847848,1.1984826,0.082987085,-0.2100404,0.7583687,0.4535989,0.046553425,-0.14398476,-0.91604036,0.7262928,-0.1270833,-0.064733975,-0.40982726,1.2303143,0.06701975,0.10941674,0.48157868,1.3105154,0.13099922,-0.017538687,1.1639264,0.32929388,0.22976322
1788699163.223422,271,0,0.043675836,-0.033023193,0.028762136,0.05135883,-0.019845976,-0.99848306,0.0,0.0,0.0,0.043697916,-0.18699038,0.08158481,-0.10325372,-0.08846712,0.12850201,-0.09215218,0.24127394,0.2840073,0.1205526,0.23655075,0.03201413,-0.009107481,-0.0021315382,-0.0027297167,0.008913705,-0.0052319574,-0.0007751048,0.021534434,0.0005813286,0.009495034,-0.023059366,-0.00030330187,0.051544465,-0.0025190904,0.010851467,-0.0032352197,0.01375811,-0.14398476,-0.91604036,0.7262928,-0.1270833,-0.064733975,-0.40982726,1.2303143,0.06701975,0.10941674,0.48157868,1.3105154,0.13099922,-0.017538687,1.1639264,0.32929388,0.22976322,-0.06178533,-0.010652643,-0.20240022,0.05116195,-0.019448966,-0.998501,0.0,0.0,0.0,0.044303462,-0.18708122,0.0812372,-0.103162885,-0.09497678,0.12708032,-0.092243016,0.24539167,0.28097427,0.12206648,0.23476434,0.03218782,0.008913705,0.0019377619,0.00010110062,0.0096888095,0.0065883906,0.034298386,0.006874842,0.0021315382,0.0071697193,-0.027322445,0.0028308174,0.038367685,-0.006007062,0.03817391,-0.00050550315,0.015502095,-0.12057574,-1.0499743,0.77448034,-0.15550141,-0.09979473,-0.3378181,1.2950486,-0.027270667,0.12474278,0.42866808,1.2446213,0.14551046,0.0068540964,1.1849124,0.3766319,0.18957509,0.026631609,0.043675836,-0.26951188,0.05106109,-0.020152995,-0.9984923,0.0,0.0,0.0,0.042850144,-0.18805009,0.08096874,-0.104222655,-0.09839815,0.12633789,-0.09169811,0.24757165,0.28059518,0.12276286,0.2287088,0.032408953,0.011045244,0.0025190904,0.0015165093,0.0048444048,0.0038755238,0.012014124,0.007885849,-0.01065769,-0.0052319574,-0.0001937762,0.00070770434,0.019958949,-0.009301257,0.03371706,0.00060660375,0.0046506287,-0.0803219,-1.0096679,0.8265329,-0.12698336,-0.073081024,-0.3308696,1.0744228,-0.03386716,0.075998604,0.51837134,1.2380128,0.17320542,-0.017891089,1.1155009,0.45972815,0.2527244,-0.03408846,-0.025566343,-0.13315804,0.051416606,-0.020523947,-0.99846655,0.0,0.0,0.0,0.03918656,-0.18808037,0.080779076,-0.10661459,-0.10505921,0.13000274,-0.09033555,0.24745053,0.28062677,0.12394369,0.2236222,0.031840324,0.005038181,-0.0062008384,0.003740723,-0.0069759428,0.0032941953,0.046312507,-0.0075825467,0.0017439857,0.002906643,-0.011626572,-0.0038418237,-0.0046506287,0.0077510476,0.019765174,0.015266194,0.0067821667,-0.018524118,-0.9231278,0.9217837,-0.10944851,-0.040632322,-0.45400602,0.97480863,-0.1689912,-0.011579186,0.74178517,1.1692603,0.15506013,-0.081776746,0.9594157,0.53393775,0.16607022,0.0,-0.0149137005,0.038349517,0.051749513,-0.020539027,-0.99844897,0.0,0.0,0.0,0.038247958,-0.18947315,0.08058953,-0.10670543,-0.10905582,0.13031864,-0.090820014,0.24648166,0.28181148,0.12373175,0.22189641,0.029992104,0.0034879714,0.012983005,-0.00070770434,-0.008913705,0.0031004192,-0.0038755238,0.0016176099,0.0031004192,0.0042630765,0.012983005,-0.009503459,0.008719929,0.0038755238,0.0038755238,0.006268239,-0.0046506287,-0.013545626,-0.7946863,0.8910244,-0.13934727,-0.0026960066,-0.5190072,0.7896664,-0.22885028,-0.042627,0.8686255,1.1886709,0.071652144,-0.13443825,0.83682036,0.5684062,0.085751645,-0.082761504,-0.7712081,0.7681195,-0.10582389,-0.012192875,-0.5230325,1.0656509,0.008000728,0.026416266,0.6816222,1.2948538,0.09758693,-0.098640405,1.0153401,0.38321605,0.18919146
1788699163.2424603,272,0,0.020240022,-0.038349517,0.27270767,0.0512271,-0.020498725,-0.99847674,0.0,0.0,0.0,0.04103349,-0.1871115,0.081900716,-0.10470712,-0.08843684,0.13499463,-0.09003276,0.23770118,0.28484452,0.12167287,0.23948765,0.03201413,-0.009107481,0.013564333,-0.0022242137,0.0013564334,0.0013564334,-0.0042630765,0.005762736,0.011045244,0.0075572715,-0.0034879714,0.004044025,0.04379342,0.0073634954,0.008526153,-0.0020220126,0.0034879714,-0.082761504,-0.7712081,0.7681195,-0.10582389,-0.012192875,-0.5230325,1.0656509,0.008000728,0.026416266,0.6816222,1.2948538,0.09758693,-0.098640405,1.0153401,0.38321605,0.18919146,0.043675836,-0.033023193,0.028762136,0.05135883,-0.019845976,-0.99848306,0.0,0.0,0.0,0.043697916,-0.18699038,0.08158481,-0.10325372,-0.08846712,0.12850201,-0.09215218,0.24127394,0.2840073,0.1205526,0.23655075,0.03201413,-0.009107481,-0.0021315382,-0.0027297167,0.008913705,-0.0052319574,-0.0007751048,0.021534434,0.0005813286,0.009495034,-0.023059366,-0.00030330187,0.051544465,-0.0025190904,0.010851467,-0.0032352197,0.01375811,-0.14398476,-0.91604036,0.7262928,-0.1270833,-0.064733975,-0.40982726,1.2303143,0.06701975,0.10941674,0.48157868,1.3105154,0.13099922,-0.017538687,1.1639264,0.32929388,0.22976322,-0.06178533,-0.010652643,-0.20240022,0.05116195,-0.019448966,-0.998501,0.0,0.0,0.0,0.044303462,-0.18708122,0.0812372,-0.103162885,-0.09497678,0.12708032,-0.092243016,0.24539167,0.28097427,0.12206648,0.23476434,0.03218782,0.008913705,0.0019377619,0.00010110062,0.0096888095,0.0065883906,0.034298386,0.006874842,0.0021315382,0.0071697193,-0.027322445,0.0028308174,0.038367685,-0.006007062,0.03817391,-0.00050550315,0.015502095,-0.12057574,-1.0499743,0.77448034,-0.15550141,-0.09979473,-0.3378181,1.2950486,-0.027270667,0.12474278,0.42866808,1.2446213,0.14551046,0.0068540964,1.1849124,0.3766319,0.18957509,0.026631609,0.043675836,-0.26951188,0.05106109,-0.020152995,-0.9984923,0.0,0.0,0.0,0.042850144,-0.18805009,0.08096874,-0.104222655,-0.09839815,0.12633789,-0.09169811,0.24757165,0.28059518,0.12276286,0.2287088,0.032408953,0.011045244,0.0025190904,0.0015165093,0.0048444048,0.0038755238,0.012014124,0.007885849,-0.01065769,-0.0052319574,-0.0001937762,0.00070770434,0.019958949,-0.009301257,0.03371706,0.00060660375,0.0046506287,-0.0803219,-1.0096679,0.8265329,-0.12698336,-0.073081024,-0.3308696,1.0744228,-0.03386716,0.075998604,0.51837134,1.2380128,0.17320542,-0.017891089,1.1155009,0.45972815,0.2527244,-0.03408846,-0.025566343,-0.13315804,0.051416606,-0.020523947,-0.99846655,0.0,0.0,0.0,0.03918656,-0.18808037,0.080779076,-0.10661459,-0.10505921,0.13000274,-0.09033555,0.24745053,0.28062677,0.12394369,0.2236222,0.031840324,0.005038181,-0.0062008384,0.003740723,-0.0069759428,0.0032941953,0.046312507,-0.0075825467,0.0017439857,0.002906643,-0.011626572,-0.0038418237,-0.0046506287,0.0077510476,0.019765174,0.015266194,0.0067821667,-0.018524118,-0.9231278,0.9217837,-0.10944851,-0.040632322,-0.45400602,0.97480863,-0.1689912,-0.011579186,0.74178517,1.1692603,0.15506013,-0.081776746,0.9594157,0.53393775,0.16607022,-0.017048813,-0.67585737,0.80609906,-0.084597796,0.025250174,-0.6395798,0.83564836,-0.06338329,-0.047865316,0.9399858,1.2112894,0.07935277,-0.16470619,0.8001349,0.50240725,0.14980863
1788699163.2619174,273,0,0.10333064,-0.027696872,0.3792341,0.05040861,-0.022171872,-0.99848264,0.0,0.0,0.0,0.037218522,-0.18577927,0.08185327,-0.10722005,-0.091979325,0.13643217,-0.08688396,0.2348854,0.28800392,0.12358035,0.24272734,0.03201413,-0.011820348,0.00096888095,-0.0013143081,-0.0034879714,-0.016083425,0.002906643,0.012132075,0.012207901,0.008332376,-0.011626572,0.006672641,0.042049434,0.008913705,0.010463915,0.0020220126,0.010851467,-0.017048813,-0.67585737,0.80609906,-0.084597796,0.025250174,-0.6395798,0.83564836,-0.06338329,-0.047865316,0.9399858,1.2112894,0.07935277,-0.16470619,0.8001349,0.50240725,0.14980863,0.020240022,-0.038349517,0.27270767,0.0512271,-0.020498725,-0.99847674,0.0,0.0,0.0,0.04103349,-0.1871115,0.081900716,-0.10470712,-0.08843684,0.13499463,-0.09003276,0.23770118,0.28484452,0.12167287,0.23948765,0.03201413,-0.009107481,0.013564333,-0.0022242137,0.0013564334,0.0013564334,-0.0042630765,0.005762736,0.011045244,0.0075572715,-0.0034879714,0.004044025,0.04379342,0.0073634954,0.008526153,-0.0020220126,0.0034879714,-0.082761504,-0.7712081,0.7681195,-0.10582389,-0.012192875,-0.5230325,1.0656509,0.008000728,0.026416266,0.6816222,1.2948538,0.09758693,-0.098640405,1.0153401,0.38321605,0.18919146,0.043675836,-0.033023193,0.028762136,0.05135883,-0.019845976,-0.99848306,0.0,0.0,0.0,0.043697916,-0.18699038,0.08158481,-0.10325372,-0.08846712,0.12850201,-0.09215218,0.24127394,0.2840073,0.1205526,0.23655075,0.03201413,-0.009107481,-0.0021315382,-0.0027297167,0.008913705,-0.0052319574,-0.0007751048,0.021534434,0.0005813286,0.009495034,-0.023059366,-0.00030330187,0.051544465,-0.0025190904,0.010851467,-0.0032352197,0.01375811,-0.14398476,-0.91604036,0.7262928,-0.1270833,-0.064733975,-0.40982726,1.2303143,0.06701975,0.10941674,0.48157868,1.3105154,0.13099922,-0.017538687,1.1639264,0.32929388,0.22976322,-0.06178533,-0.010652643,-0.20240022,0.05116195,-0.019448966,-0.998501,0.0,0.0,0.0,0.044303462,-0.18708122,0.0812372,-0.103162885,-0.09497678,0.12708032,-0.092243016,0.24539167,0.28097427,0.12206648,0.23476434,0.03218782,0.008913705,0.0019377619,0.00010110062,0.0096888095,0.0065883906,0.034298386,0.006874842,0.0021315382,0.0071697193,-0.027322445,0.0028308174,0.038367685,-0.006007062,0.03817391,-0.00050550315,0.015502095,-0.12057574,-1.0499743,0.77448034,-0.15550141,-0.09979473,-0.3378181,1.2950486,-0.027270667,0.12474278,0.42866808,1.2446213,0.14551046,0.0068540964,1.1849124,0.3766319,0.18957509,0.026631609,0.043675836,-0.26951188,0.05106109,-0.020152995,-0.9984923,0.0,0.0,0.0,0.042850144,-0.18805009,0.08096874,-0.104222655,-0.09839815,0.12633789,-0.09169811,0.24757165,0.28059518,0.12276286,0.2287088,0.032408953,0.011045244,0.0025190904,0.0015165093,0.0048444048,0.0038755238,0.012014124,0.007885849,-0.01065769,-0.0052319574,-0.0001937762,0.00070770434,0.019958949,-0.009301257,0.03371706,0.00060660375,0.0046506287,-0.0803219,-1.0096679,0.8265329,-0.12698336,-0.073081024,-0.3308696,1.0744228,-0.03386716,0.075998604,0.51837134,1.2380128,0.17320542,-0.017891089,1.1155009,0.45972815,0.2527244,0.01382636,-0.72193515,0.9092896,-0.10359567,0.034776423,-0.63673013,0.7530642,-0.10381628,-0.06386225,0.986329,1.18274,0.09230375,-0.16796698,0.75889736,0.5625104,0.17069532
1788699163.2845411,274,0,0.053263217,0.0149137005,0.2631203,0.05014098,-0.023957096,-0.99845475,0.0,0.0,0.0,0.0345541,-0.18256986,0.08169532,-0.10946059,-0.09225178,0.13782227,-0.085672796,0.23540008,0.2885884,0.124185905,0.24242455,0.032393217,-0.005038181,0.0005813286,-0.0026286163,-0.0069759428,-0.0034879714,0.010076362,0.003437421,0.006007062,0.009495034,-0.0015502096,-0.00020220123,0.013370558,0.0019377619,0.002906643,0.0014154087,0.020346502,0.01382636,-0.72193515,0.9092896,-0.10359567,0.034776423,-0.63673013,0.7530642,-0.10381628,-0.06386225,0.986329,1.18274,0.09230375,-0.16796698,0.75889736,0.5625104,0.17069532,0.10333064,-0.027696872,0.3792341,0.05040861,-0.022171872,-0.99848264,0.0,0.0,0.0,0.037218522,-0.18577927,0.08185327,-0.10722005,-0.091979325,0.13643217,-0.08688396,0.2348854,0.28800392,0.12358035,0.24272734,0.03201413,-0.011820348,0.00096888095,-0.0013143081,-0.0034879714,-0.016083425,0.002906643,0.012132075,0.012207901,0.008332376,-0.011626572,0.006672641,0.042049434,0.008913705,0.010463915,0.0020220126,0.010851467,-0.017048813,-0.67585737,0.80609906,-0.084597796,0.025250174,-0.6395798,0.83564836,-0.06338329,-0.047865316,0.9399858,1.2112894,0.07935277,-0.16470619,0.8001349,0.50240725,0.14980863,0.020240022,-0.038349517,0.27270767,0.0512271,-0.020498725,-0.99847674,0.0,0.0,0.0,0.04103349,-0.1871115,0.081900716,-0.10470712,-0.08843684,0.13499463,-0.09003276,0.23770118,0.28484452,0.12167287,0.23948765,0.03201413,-0.009107481,0.013564333,-0.0022242137,0.0013564334,0.0013564334,-0.0042630765,0.005762736,0.011045244,0.0075572715,-0.0034879714,0.004044025,0.04379342,0.0073634954,0.008526153,-0.0020220126,0.0034879714,-0.082761504,-0.7712081,0.7681195,-0.10582389,-0.012192875,-0.5230325,1.0656509,0.008000728,0.026416266,0.6816222,1.2948538,0.09758693,-0.098640405,1.0153401,0.38321605,0.18919146,0.043675836,-0.033023193,0.028762136,0.05135883,-0.019845976,-0.99848306,0.0,0.0,0.0,0.043697916,-0.18699038,0.08158481,-0.10325372,-0.08846712,0.12850201,-0.09215218,0.24127394,0.2840073,0.1205526,0.23655075,0.03201413,-0.009107481,-0.0021315382,-0.0027297167,0.008913705,-0.0052319574,-0.0007751048,0.021534434,0.0005813286,0.009495034,-0.023059366,-0.00030330187,0.051544465,-0.0025190904,0.010851467,-0.0032352197,0.01375811,-0.14398476,-0.91604036,0.7262928,-0.1270833,-0.064733975,-0.40982726,1.2303143,0.06701975,0.10941674,0.48157868,1.3105154,0.13099922,-0.017538687,1.1639264,0.32929388,0.22976322,-0.06178533,-0.010652643,-0.20240022,0.05116195,-0.019448966,-0.998501,0.0,0.0,0.0,0.044303462,-0.18708122,0.0812372,-0.103162885,-0.09497678,0.12708032,-0.092243016,0.24539167,0.28097427,0.12206648,0.23476434,0.03218782,0.008913705,0.0019377619,0.00010110062,0.0096888095,0.0065883906,0.034298386,0.006874842,0.0021315382,0.0071697193,-0.027322445,0.0028308174,0.038367685,-0.006007062,0.03817391,-0.00050550315,0.015502095,-0.12057574,-1.0499743,0.77448034,-0.15550141,-0.09979473,-0.3378181,1.2950486,-0.027270667,0.12474278,0.42866808,1.2446213,0.14551046,0.0068540964,1.1849124,0.3766319,0.18957509,0.008109067,-0.8428133,0.9541415,-0.10966483,-0.0035109625,-0.55364156,0.799153,-0.088317886,-0.038403794,0.89409333,1.1866281,0.111674264,-0.11837309,0.8638772,0.5804457,0.20904532
1788699163.3144956,275,0,-0.063915856,-0.009587379,0.05006742,0.049744394,-0.024108917,-0.99847096,0.0,0.0,0.0,0.034342155,-0.17793739,0.08160055,-0.11052036,-0.09312987,0.13504195,-0.08540028,0.24251533,0.2873088,0.12409508,0.23476434,0.034904957,0.008526153,0.012401677,-0.0033363204,-0.0013564334,-0.00096888095,0.0065883906,-0.007885849,0.012983005,-0.0031004192,0.0096888095,-0.011929873,0.0034879714,-0.0040693,0.0,0.0142551875,0.02693489,0.008109067,-0.8428133,0.9541415,-0.10966483,-0.0035109625,-0.55364156,0.799153,-0.088317886,-0.038403794,0.89409333,1.1866281,0.111674264,-0.11837309,0.8638772,0.5804457,0.20904532,0.053263217,0.0149137005,0.2631203,0.05014098,-0.023957096,-0.99845475,0.0,0.0,0.0,0.0345541,-0.18256986,0.08169532,-0.10946059,-0.09225178,0.13782227,-0.085672796,0.23540008,0.2885884,0.124185905,0.24242455,0.032393217,-0.005038181,0.0005813286,-0.0026286163,-0.0069759428,-0.0034879714,0.010076362,0.003437421,0.006007062,0.009495034,-0.0015502096,-0.00020220123,0.013370558,0.0019377619,0.002906643,0.0014154087,0.020346502,0.01382636,-0.72193515,0.9092896,-0.10359567,0.034776423,-0.63673013,0.7530642,-0.10381628,-0.06386225,0.986329,1.18274,0.09230375,-0.16796698,0.75889736,0.5625104,0.17069532,0.10333064,-0.027696872,0.3792341,0.05040861,-0.022171872,-0.99848264,0.0,0.0,0.0,0.037218522,-0.18577927,0.08185327,-0.10722005,-0.091979325,0.13643217,-0.08688396,0.2348854,0.28800392,0.12358035,0.24272734,0.03201413,-0.011820348,0.00096888095,-0.0013143081,-0.0034879714,-0.016083425,0.002906643,0.012132075,0.012207901,0.008332376,-0.011626572,0.006672641,0.042049434,0.008913705,0.010463915,0.0020220126,0.010851467,-0.017048813,-0.67585737,0.80609906,-0.084597796,0.025250174,-0.6395798,0.83564836,-0.06338329,-0.047865316,0.9399858,1.2112894,0.07935277,-0.16470619,0.8001349,0.50240725,0.14980863,0.020240022,-0.038349517,0.27270767,0.0512271,-0.020498725,-0.99847674,0.0,0.0,0.0,0.04103349,-0.1871115,0.081900716,-0.10470712,-0.08843684,0.13499463,-0.09003276,0.23770118,0.28484452,0.12167287,0.23948765,0.03201413,-0.009107481,0.013564333,-0.0022242137,0.0013564334,0.0013564334,-0.0042630765,0.005762736,0.011045244,0.0075572715,-0.0034879714,0.004044025,0.04379342,0.0073634954,0.008526153,-0.0020220126,0.0034879714,-0.082761504,-0.7712081,0.7681195,-0.10582389,-0.012192875,-0.5230325,1.0656509,0.008000728,0.026416266,0.6816222,1.2948538,0.09758693,-0.098640405,1.0153401,0.38321605,0.18919146,0.043675836,-0.033023193,0.028762136,0.05135883,-0.019845976,-0.99848306,0.0,0.0,0.0,0.043697916,-0.18699038,0.08158481,-0.10325372,-0.08846712,0.12850201,-0.09215218,0.24127394,0.2840073,0.1205526,0.23655075,0.03201413,-0.009107481,-0.0021315382,-0.0027297167,0.008913705,-0.0052319574,-0.0007751048,0.021534434,0.0005813286,0.009495034,-0.023059366,-0.00030330187,0.051544465,-0.0025190904,0.010851467,-0.0032352197,0.01375811,-0.14398476,-0.91604036,0.7262928,-0.1270833,-0.064733975,-0.40982726,1.2303143,0.06701975,0.10941674,0.48157868,1.3105154,0.13099922,-0.017538687,1.1639264,0.32929388,0.22976322,-0.03561506,-0.9513205,0.95498514,-0.12362957,-0.024853852,-0.412921,0.8736331,-0.05345022,0.021168461,0.73601276,1.1984676,0.17652401,-0.069477156,0.9867946,0.5671494,0.24432012
1788699163.3420594,276,0,-0.11717907,-0.025566343,-0.36964673,0.049479097,-0.021525193,-0.9985434,0.0,0.0,0.0,0.040216,-0.17448577,0.08160055,-0.10625124,-0.09025347,0.13145602,-0.087126195,0.24999386,0.28550804,0.119765386,0.2310099,0.039959908,0.01530832,-0.01530832,0.0012132075,0.00096888095,0.005038181,0.0073634954,-0.0077847475,-0.0019377619,-0.009882587,0.0034879714,-0.0010110063,0.0005813286,-0.011626572,-0.0017439857,0.011626572,0.03352328,-0.03561506,-0.9513205,0.95498514,-0.12362957,-0.024853852,-0.412921,0.8736331,-0.05345022,0.021168461,0.73601276,1.1984676,0.17652401,-0.069477156,0.9867946,0.5671494,0.24432012,-0.063915856,-0.009587379,0.05006742,0.049744394,-0.024108917,-0.99847096,0.0,0.0,0.0,0.034342155,-0.17793739,0.08160055,-0.11052036,-0.09312987,0.13504195,-0.08540028,0.24251533,0.2873088,0.12409508,0.23476434,0.034904957,0.008526153,0.012401677,-0.0033363204,-0.0013564334,-0.00096888095,0.0065883906,-0.007885849,0.012983005,-0.0031004192,0.0096888095,-0.011929873,0.0034879714,-0.0040693,0.0,0.0142551875,0.02693489,0.008109067,-0.8428133,0.9541415,-0.10966483,-0.0035109625,-0.55364156,0.799153,-0.088317886,-0.038403794,0.89409333,1.1866281,0.111674264,-0.11837309,0.8638772,0.5804457,0.20904532,0.053263217,0.0149137005,0.2631203,0.05014098,-0.023957096,-0.99845475,0.0,0.0,0.0,0.0345541,-0.18256986,0.08169532,-0.10946059,-0.09225178,0.13782227,-0.085672796,0.23540008,0.2885884,0.124185905,0.24242455,0.032393217,-0.005038181,0.0005813286,-0.0026286163,-0.0069759428,-0.0034879714,0.010076362,0.003437421,0.006007062,0.009495034,-0.0015502096,-0.00020220123,0.013370558,0.0019377619,0.002906643,0.0014154087,0.020346502,0.01382636,-0.72193515,0.9092896,-0.10359567,0.034776423,-0.63673013,0.7530642,-0.10381628,-0.06386225,0.986329,1.18274,0.09230375,-0.16796698,0.75889736,0.5625104,0.17069532,0.10333064,-0.027696872,0.3792341,0.05040861,-0.022171872,-0.99848264,0.0,0.0,0.0,0.037218522,-0.18577927,0.08185327,-0.10722005,-0.091979325,0.13643217,-0.08688396,0.2348854,0.28800392,0.12358035,0.24272734,0.03201413,-0.011820348,0.00096888095,-0.0013143081,-0.0034879714,-0.016083425,0.002906643,0.012132075,0.012207901,0.008332376,-0.011626572,0.006672641,0.042049434,0.008913705,0.010463915,0.0020220126,0.010851467,-0.017048813,-0.67585737,0.80609906,-0.084597796,0.025250174,-0.6395798,0.83564836,-0.06338329,-0.047865316,0.9399858,1.2112894,0.07935277,-0.16470619,0.8001349,0.50240725,0.14980863,0.020240022,-0.038349517,0.27270767,0.0512271,-0.020498725,-0.99847674,0.0,0.0,0.0,0.04103349,-0.1871115,0.081900716,-0.10470712,-0.08843684,0.13499463,-0.09003276,0.23770118,0.28484452,0.12167287,0.23948765,0.03201413,-0.009107481,0.013564333,-0.0022242137,0.0013564334,0.0013564334,-0.0042630765,0.005762736,0.011045244,0.0075572715,-0.0034879714,0.004044025,0.04379342,0.0073634954,0.008526153,-0.0020220126,0.0034879714,-0.082761504,-0.7712081,0.7681195,-0.10582389,-0.012192875,-0.5230325,1.0656509,0.008000728,0.026416266,0.6816222,1.2948538,0.09758693,-0.098640405,1.0153401,0.38321605,0.18919146,-0.14476891,-1.0453851,0.7900031,-0.10279852,-0.10358758,-0.040352732,1.1604365,0.03638906,0.15943518,0.29497832,1.326078,0.20111588,0.05779692,1.294433,0.51722634,0.22718193
1788699163.361011,277,0,-0.13848436,-0.028762136,-0.41225728,0.049389604,-0.019068839,-0.9985977,0.0,0.0,0.0,0.04545401,-0.17173052,0.08302224,-0.10155821,-0.089102924,0.12954462,-0.08945757,0.25229496,0.28550804,0.113195166,0.2295869,0.04368806,0.024028247,0.010076362,0.0036396224,0.0073634954,0.016470976,-0.0052319574,-0.0059649367,0.0,-0.012595452,0.017633634,0.00070770434,0.010851467,-0.023834473,-0.012014124,0.015165093,0.039336566,-0.14476891,-1.0453851,0.7900031,-0.10279852,-0.10358758,-0.040352732,1.1604365,0.03638906,0.15943518,0.29497832,1.326078,0.20111588,0.05779692,1.294433,0.51722634,0.22718193,-0.11717907,-0.025566343,-0.36964673,0.049479097,-0.021525193,-0.9985434,0.0,0.0,0.0,0.040216,-0.17448577,0.08160055,-0.10625124,-0.09025347,0.13145602,-0.087126195,0.24999386,0.28550804,0.119765386,0.2310099,0.039959908,0.01530832,-0.01530832,0.0012132075,0.00096888095,0.005038181,0.0073634954,-0.0077847475,-0.0019377619,-0.009882587,0.0034879714,-0.0010110063,0.0005813286,-0.011626572,-0.0017439857,0.011626572,0.03352328,-0.03561506,-0.9513205,0.95498514,-0.12362957,-0.024853852,-0.412921,0.8736331,-0.05345022,0.021168461,0.73601276,1.1984676,0.17652401,-0.069477156,0.9867946,0.5671494,0.24432012,-0.063915856,-0.009587379,0.05006742,0.049744394,-0.024108917,-0.99847096,0.0,0.0,0.0,0.034342155,-0.17793739,0.08160055,-0.11052036,-0.09312987,0.13504195,-0.08540028,0.24251533,0.2873088,0.12409508,0.23476434,0.034904957,0.008526153,0.012401677,-0.0033363204,-0.0013564334,-0.00096888095,0.0065883906,-0.007885849,0.012983005,-0.0031004192,0.0096888095,-0.011929873,0.0034879714,-0.0040693,0.0,0.0142551875,0.02693489,0.008109067,-0.8428133,0.9541415,-0.10966483,-0.0035109625,-0.55364156,0.799153,-0.088317886,-0.038403794,0.89409333,1.1866281,0.111674264,-0.11837309,0.8638772,0.5804457,0.20904532,0.053263217,0.0149137005,0.2631203,0.05014098,-0.023957096,-0.99845475,0.0,0.0,0.0,0.0345541,-0.18256986,0.08169532,-0.10946059,-0.09225178,0.13782227,-0.085672796,0.23540008,0.2885884,0.124185905,0.24242455,0.032393217,-0.005038181,0.0005813286,-0.0026286163,-0.0069759428,-0.0034879714,0.010076362,0.003437421,0.006007062,0.009495034,-0.0015502096,-0.00020220123,0.013370558,0.0019377619,0.002906643,0.0014154087,0.020346502,0.01382636,-0.72193515,0.9092896,-0.10359567,0.034776423,-0.63673013,0.7530642,-0.10381628,-0.06386225,0.986329,1.18274,0.09230375,-0.16796698,0.75889736,0.5625104,0.17069532,0.10333064,-0.027696872,0.3792341,0.05040861,-0.022171872,-0.99848264,0.0,0.0,0.0,0.037218522,-0.18577927,0.08185327,-0.10722005,-0.091979325,0.13643217,-0.08688396,0.2348854,0.28800392,0.12358035,0.24272734,0.03201413,-0.011820348,0.00096888095,-0.0013143081,-0.0034879714,-0.016083425,0.002906643,0.012132075,0.012207901,0.008332376,-0.011626572,0.006672641,0.042049434,0.008913705,0.010463915,0.0020220126,0.010851467,-0.017048813,-0.67585737,0.80609906,-0.084597796,0.025250174,-0.6395798,0.83564836,-0.06338329,-0.047865316,0.9399858,1.2112894,0.07935277,-0.16470619,0.8001349,0.50240725,0.14980863,-0.13674076,-0.9497736,0.7438685,-0.06314307,-0.073730096,-0.22843784,1.1611534,0.027911132,0.12878168,0.37641692,1.3054166,0.21380664,0.005946869,1.1871542,0.44847938,0.199387
1788699163.3802993,278,0,-0.038349517,0.0010652643,-0.38882148,0.049270142,-0.017016077,-0.9986404,0.0,0.0,0.0,0.049208425,-0.1700047,0.08494949,-0.09750104,-0.086529374,0.12831247,-0.091879785,0.253173,0.28552377,0.10801771,0.22979885,0.048095345,0.017633634,0.0075572715,0.009806761,-0.0005813286,0.016664753,0.01685853,0.004549528,0.0013564334,-0.0077510476,0.0032941953,0.00070770434,0.018602515,-0.022671817,0.027322445,0.010817767,0.039530348,-0.13674076,-0.9497736,0.7438685,-0.06314307,-0.073730096,-0.22843784,1.1611534,0.027911132,0.12878168,0.37641692,1.3054166,0.21380664,0.005946869,1.1871542,0.44847938,0.199387,-0.13848436,-0.028762136,-0.41225728,0.049389604,-0.019068839,-0.9985977,0.0,0.0,0.0,0.04545401,-0.17173052,0.08302224,-0.10155821,-0.089102924,0.12954462,-0.08945757,0.25229496,0.28550804,0.113195166,0.2295869,0.04368806,0.024028247,0.010076362,0.0036396224,0.0073634954,0.016470976,-0.0052319574,-0.0059649367,0.0,-0.012595452,0.017633634,0.00070770434,0.010851467,-0.023834473,-0.012014124,0.015165093,0.039336566,-0.14476891,-1.0453851,0.7900031,-0.10279852,-0.10358758,-0.040352732,1.1604365,0.03638906,0.15943518,0.29497832,1.326078,0.20111588,0.05779692,1.294433,0.51722634,0.22718193,-0.11717907,-0.025566343,-0.36964673,0.049479097,-0.021525193,-0.9985434,0.0,0.0,0.0,0.040216,-0.17448577,0.08160055,-0.10625124,-0.09025347,0.13145602,-0.087126195,0.24999386,0.28550804,0.119765386,0.2310099,0.039959908,0.01530832,-0.01530832,0.0012132075,0.00096888095,0.005038181,0.0073634954,-0.0077847475,-0.0019377619,-0.009882587,0.0034879714,-0.0010110063,0.0005813286,-0.011626572,-0.0017439857,0.011626572,0.03352328,-0.03561506,-0.9513205,0.95498514,-0.12362957,-0.024853852,-0.412921,0.8736331,-0.05345022,0.021168461,0.73601276,1.1984676,0.17652401,-0.069477156,0.9867946,0.5671494,0.24432012,-0.063915856,-0.009587379,0.05006742,0.049744394,-0.024108917,-0.99847096,0.0,0.0,0.0,0.034342155,-0.17793739,0.08160055,-0.11052036,-0.09312987,0.13504195,-0.08540028,0.24251533,0.2873088,0.12409508,0.23476434,0.034904957,0.008526153,0.012401677,-0.0033363204,-0.0013564334,-0.00096888095,0.0065883906,-0.007885849,0.012983005,-0.0031004192,0.0096888095,-0.011929873,0.0034879714,-0.0040693,0.0,0.0142551875,0.02693489,0.008109067,-0.8428133,0.9541415,-0.10966483,-0.0035109625,-0.55364156,0.799153,-0.088317886,-0.038403794,0.89409333,1.1866281,0.111674264,-0.11837309,0.8638772,0.5804457,0.20904532,0.053263217,0.0149137005,0.2631203,0.05014098,-0.023957096,-0.99845475,0.0,0.0,0.0,0.0345541,-0.18256986,0.08169532,-0.10946059,-0.09225178,0.13782227,-0.085672796,0.23540008,0.2885884,0.124185905,0.24242455,0.032393217,-0.005038181,0.0005813286,-0.0026286163,-0.0069759428,-0.0034879714,0.010076362,0.003437421,0.006007062,0.009495034,-0.0015502096,-0.00020220123,0.013370558,0.0019377619,0.002906643,0.0014154087,0.020346502,0.01382636,-0.72193515,0.9092896,-0.10359567,0.034776423,-0.63673013,0.7530642,-0.10381628,-0.06386225,0.986329,1.18274,0.09230375,-0.16796698,0.75889736,0.5625104,0.17069532,-0.15750872,-0.9804528,0.70753384,-0.012347519,-0.084074475,-0.247244,1.2527484,0.028347796,0.1443606,0.34520411,1.2959433,0.17826147,0.012738962,1.1983474,0.38327354,0.19575815
1788699163.4013624,279,0,-0.0074568503,0.0021305287,-0.25779396,0.049538378,-0.015773209,-0.9986478,0.0,0.0,0.0,0.052145343,-0.16873306,0.08823526,-0.095078826,-0.08565128,0.12777543,-0.09396893,0.2539299,0.2857765,0.103597194,0.22867852,0.04904318,0.009107481,0.0040693,0.011626572,0.0077510476,0.009107481,-0.0005813286,-0.0014154087,0.0027128668,-0.0077510476,0.0027128668,0.00070770434,0.039724123,-0.013370558,-0.0034879714,0.0009099056,0.043212093,-0.15750872,-0.9804528,0.70753384,-0.012347519,-0.084074475,-0.247244,1.2527484,0.028347796,0.1443606,0.34520411,1.2959433,0.17826147,0.012738962,1.1983474,0.38327354,0.19575815,-0.038349517,0.0010652643,-0.38882148,0.049270142,-0.017016077,-0.9986404,0.0,0.0,0.0,0.049208425,-0.1700047,0.08494949,-0.09750104,-0.086529374,0.12831247,-0.091879785,0.253173,0.28552377,0.10801771,0.22979885,0.048095345,0.017633634,0.0075572715,0.009806761,-0.0005813286,0.016664753,0.01685853,0.004549528,0.0013564334,-0.0077510476,0.0032941953,0.00070770434,0.018602515,-0.022671817,0.027322445,0.010817767,0.039530348,-0.13674076,-0.9497736,0.7438685,-0.06314307,-0.073730096,-0.22843784,1.1611534,0.027911132,0.12878168,0.37641692,1.3054166,0.21380664,0.005946869,1.1871542,0.44847938,0.199387,-0.13848436,-0.028762136,-0.41225728,0.049389604,-0.019068839,-0.9985977,0.0,0.0,0.0,0.04545401,-0.17173052,0.08302224,-0.10155821,-0.089102924,0.12954462,-0.08945757,0.25229496,0.28550804,0.113195166,0.2295869,0.04368806,0.024028247,0.010076362,0.0036396224,0.0073634954,0.016470976,-0.0052319574,-0.0059649367,0.0,-0.012595452,0.017633634,0.00070770434,0.010851467,-0.023834473,-0.012014124,0.015165093,0.039336566,-0.14476891,-1.0453851,0.7900031,-0.10279852,-0.10358758,-0.040352732,1.1604365,0.03638906,0.15943518,0.29497832,1.326078,0.20111588,0.05779692,1.294433,0.51722634,0.22718193,-0.11717907,-0.025566343,-0.36964673,0.049479097,-0.021525193,-0.9985434,0.0,0.0,0.0,0.040216,-0.17448577,0.08160055,-0.10625124,-0.09025347,0.13145602,-0.087126195,0.24999386,0.28550804,0.119765386,0.2310099,0.039959908,0.01530832,-0.01530832,0.0012132075,0.00096888095,0.005038181,0.0073634954,-0.0077847475,-0.0019377619,-0.009882587,0.0034879714,-0.0010110063,0.0005813286,-0.011626572,-0.0017439857,0.011626572,0.03352328,-0.03561506,-0.9513205,0.95498514,-0.12362957,-0.024853852,-0.412921,0.8736331,-0.05345022,0.021168461,0.73601276,1.1984676,0.17652401,-0.069477156,0.9867946,0.5671494,0.24432012,-0.063915856,-0.009587379,0.05006742,0.049744394,-0.024108917,-0.99847096,0.0,0.0,0.0,0.034342155,-0.17793739,0.08160055,-0.11052036,-0.09312987,0.13504195,-0.08540028,0.24251533,0.2873088,0.12409508,0.23476434,0.034904957,0.008526153,0.012401677,-0.0033363204,-0.0013564334,-0.00096888095,0.0065883906,-0.007885849,0.012983005,-0.0031004192,0.0096888095,-0.011929873,0.0034879714,-0.0040693,0.0,0.0142551875,0.02693489,0.008109067,-0.8428133,0.9541415,-0.10966483,-0.0035109625,-0.55364156,0.799153,-0.088317886,-0.038403794,0.89409333,1.1866281,0.111674264,-0.11837309,0.8638772,0.5804457,0.20904532,-0.11441041,-0.8480895,0.7487831,0.041910667,-0.06461791,-0.34259954,1.120366,-0.00054826774,0.080514245,0.5285228,1.275865,0.13830218,-0.04293091,1.0737396,0.4328907,0.17214182
1788699163.4281855,280,0,0.13209277,-0.05432848,0.04687163,0.049264047,-0.017253516,-0.9986369,0.0,0.0,0.0,0.050147027,-0.16927803,0.08954644,-0.09680462,-0.07245028,0.13218272,-0.09351474,0.24408972,0.28991532,0.10078138,0.23376518,0.048964262,-0.010076362,0.0,0.0031341196,0.01375811,-0.010076362,-0.015889648,0.0032352197,0.008526153,-0.0046506287,-0.019571396,0.036901727,0.05503244,-0.015502095,-0.00096888095,0.0044484274,0.014145662,-0.11441041,-0.8480895,0.7487831,0.041910667,-0.06461791,-0.34259954,1.120366,-0.00054826774,0.080514245,0.5285228,1.275865,0.13830218,-0.04293091,1.0737396,0.4328907,0.17214182,-0.0074568503,0.0021305287,-0.25779396,0.049538378,-0.015773209,-0.9986478,0.0,0.0,0.0,0.052145343,-0.16873306,0.08823526,-0.095078826,-0.08565128,0.12777543,-0.09396893,0.2539299,0.2857765,0.103597194,0.22867852,0.04904318,0.009107481,0.0040693,0.011626572,0.0077510476,0.009107481,-0.0005813286,-0.0014154087,0.0027128668,-0.0077510476,0.0027128668,0.00070770434,0.039724123,-0.013370558,-0.0034879714,0.0009099056,0.043212093,-0.15750872,-0.9804528,0.70753384,-0.012347519,-0.084074475,-0.247244,1.2527484,0.028347796,0.1443606,0.34520411,1.2959433,0.17826147,0.012738962,1.1983474,0.38327354,0.19575815,-0.038349517,0.0010652643,-0.38882148,0.049270142,-0.017016077,-0.9986404,0.0,0.0,0.0,0.049208425,-0.1700047,0.08494949,-0.09750104,-0.086529374,0.12831247,-0.091879785,0.253173,0.28552377,0.10801771,0.22979885,0.048095345,0.017633634,0.0075572715,0.009806761,-0.0005813286,0.016664753,0.01685853,0.004549528,0.0013564334,-0.0077510476,0.0032941953,0.00070770434,0.018602515,-0.022671817,0.027322445,0.010817767,0.039530348,-0.13674076,-0.9497736,0.7438685,-0.06314307,-0.073730096,-0.22843784,1.1611534,0.027911132,0.12878168,0.37641692,1.3054166,0.21380664,0.005946869,1.1871542,0.44847938,0.199387,-0.13848436,-0.028762136,-0.41225728,0.049389604,-0.019068839,-0.9985977,0.0,0.0,0.0,0.04545401,-0.17173052,0.08302224,-0.10155821,-0.089102924,0.12954462,-0.08945757,0.25229496,0.28550804,0.113195166,0.2295869,0.04368806,0.024028247,0.010076362,0.0036396224,0.0073634954,0.016470976,-0.0052319574,-0.0059649367,0.0,-0.012595452,0.017633634,0.00070770434,0.010851467,-0.023834473,-0.012014124,0.015165093,0.039336566,-0.14476891,-1.0453851,0.7900031,-0.10279852,-0.10358758,-0.040352732,1.1604365,0.03638906,0.15943518,0.29497832,1.326078,0.20111588,0.05779692,1.294433,0.51722634,0.22718193,-0.11717907,-0.025566343,-0.36964673,0.049479097,-0.021525193,-0.9985434,0.0,0.0,0.0,0.040216,-0.17448577,0.08160055,-0.10625124,-0.09025347,0.13145602,-0.087126195,0.24999386,0.28550804,0.119765386,0.2310099,0.039959908,0.01530832,-0.01530832,0.0012132075,0.00096888095,0.005038181,0.0073634954,-0.0077847475,-0.0019377619,-0.009882587,0.0034879714,-0.0010110063,0.0005813286,-0.011626572,-0.0017439857,0.011626572,0.03352328,-0.03561506,-0.9513205,0.95498514,-0.12362957,-0.024853852,-0.412921,0.8736331,-0.05345022,0.021168461,0.73601276,1.1984676,0.17652401,-0.069477156,0.9867946,0.5671494,0.24432012,-0.06369535,-0.6875646,0.82266635,0.03125104,-0.030969867,-0.44430786,0.8217978,-0.054504216,-0.0031455606,0.7486392,1.2242166,0.11183384,-0.12288489,0.86482805,0.56207263,0.17953497
1788699163.449139,281,0,0.16511597,0.07882956,0.34088457,0.049878936,-0.020111457,-0.99855304,0.0,0.0,0.0,0.046271503,-0.17088273,0.08997297,-0.099529624,-0.0723595,0.13335168,-0.09169811,0.23676258,0.29655004,0.1010236,0.23440099,0.049090624,-0.011820348,-0.008719929,-0.0018198112,0.01782741,-0.014145662,0.0052319574,0.010110062,0.0036817477,0.005038181,-0.018021187,-0.0020220126,0.066852786,-0.002906643,-0.0003875524,0.0013143081,0.0062008384,-0.06369535,-0.6875646,0.82266635,0.03125104,-0.030969867,-0.44430786,0.8217978,-0.054504216,-0.0031455606,0.7486392,1.2242166,0.11183384,-0.12288489,0.86482805,0.56207263,0.17953497,0.13209277,-0.05432848,0.04687163,0.049264047,-0.017253516,-0.9986369,0.0,0.0,0.0,0.050147027,-0.16927803,0.08954644,-0.09680462,-0.07245028,0.13218272,-0.09351474,0.24408972,0.28991532,0.10078138,0.23376518,0.048964262,-0.010076362,0.0,0.0031341196,0.01375811,-0.010076362,-0.015889648,0.0032352197,0.008526153,-0.0046506287,-0.019571396,0.036901727,0.05503244,-0.015502095,-0.00096888095,0.0044484274,0.014145662,-0.11441041,-0.8480895,0.7487831,0.041910667,-0.06461791,-0.34259954,1.120366,-0.00054826774,0.080514245,0.5285228,1.275865,0.13830218,-0.04293091,1.0737396,0.4328907,0.17214182,-0.0074568503,0.0021305287,-0.25779396,0.049538378,-0.015773209,-0.9986478,0.0,0.0,0.0,0.052145343,-0.16873306,0.08823526,-0.095078826,-0.08565128,0.12777543,-0.09396893,0.2539299,0.2857765,0.103597194,0.22867852,0.04904318,0.009107481,0.0040693,0.011626572,0.0077510476,0.009107481,-0.0005813286,-0.0014154087,0.0027128668,-0.0077510476,0.0027128668,0.00070770434,0.039724123,-0.013370558,-0.0034879714,0.0009099056,0.043212093,-0.15750872,-0.9804528,0.70753384,-0.012347519,-0.084074475,-0.247244,1.2527484,0.028347796,0.1443606,0.34520411,1.2959433,0.17826147,0.012738962,1.1983474,0.38327354,0.19575815,-0.038349517,0.0010652643,-0.38882148,0.049270142,-0.017016077,-0.9986404,0.0,0.0,0.0,0.049208425,-0.1700047,0.08494949,-0.09750104,-0.086529374,0.12831247,-0.091879785,0.253173,0.28552377,0.10801771,0.22979885,0.048095345,0.017633634,0.0075572715,0.009806761,-0.0005813286,0.016664753,0.01685853,0.004549528,0.0013564334,-0.0077510476,0.0032941953,0.00070770434,0.018602515,-0.022671817,0.027322445,0.010817767,0.039530348,-0.13674076,-0.9497736,0.7438685,-0.06314307,-0.073730096,-0.22843784,1.1611534,0.027911132,0.12878168,0.37641692,1.3054166,0.21380664,0.005946869,1.1871542,0.44847938,0.199387,-0.13848436,-0.028762136,-0.41225728,0.049389604,-0.019068839,-0.9985977,0.0,0.0,0.0,0.04545401,-0.17173052,0.08302224,-0.10155821,-0.089102924,0.12954462,-0.08945757,0.25229496,0.28550804,0.113195166,0.2295869,0.04368806,0.024028247,0.010076362,0.0036396224,0.0073634954,0.016470976,-0.0052319574,-0.0059649367,0.0,-0.012595452,0.017633634,0.00070770434,0.010851467,-0.023834473,-0.012014124,0.015165093,0.039336566,-0.14476891,-1.0453851,0.7900031,-0.10279852,-0.10358758,-0.040352732,1.1604365,0.03638906,0.15943518,0.29497832,1.326078,0.20111588,0.05779692,1.294433,0.51722634,0.22718193,0.017343096,-0.68963134,1.0145235,0.02763747,0.04285828,-0.67579377,0.71467876,-0.1453299,-0.086937204,1.0050211,1.143959,0.10887799,-0.19835103,0.7118798,0.5790935,0.15851952
1788699163.4622629,282,0,0.15978965,0.051132686,0.46978155,0.0508734,-0.022865262,-0.9984434,0.0,0.0,0.0,0.04112432,-0.17418298,0.08978343,-0.104252934,-0.07054281,0.13621092,-0.087852776,0.22780043,0.2982403,0.10368802,0.23645991,0.04890108,-0.012789229,-0.007944824,-0.0013143081,0.031585522,-0.008332376,0.010463915,0.008896855,-0.0038755238,0.019183842,-0.026159788,0.013850786,0.06762789,0.0073634954,0.006007062,0.0010110063,0.014533214,0.017343096,-0.68963134,1.0145235,0.02763747,0.04285828,-0.67579377,0.71467876,-0.1453299,-0.086937204,1.0050211,1.143959,0.10887799,-0.19835103,0.7118798,0.5790935,0.15851952,0.16511597,0.07882956,0.34088457,0.049878936,-0.020111457,-0.99855304,0.0,0.0,0.0,0.046271503,-0.17088273,0.08997297,-0.099529624,-0.0723595,0.13335168,-0.09169811,0.23676258,0.29655004,0.1010236,0.23440099,0.049090624,-0.011820348,-0.008719929,-0.0018198112,0.01782741,-0.014145662,0.0052319574,0.010110062,0.0036817477,0.005038181,-0.018021187,-0.0020220126,0.066852786,-0.002906643,-0.0003875524,0.0013143081,0.0062008384,-0.06369535,-0.6875646,0.82266635,0.03125104,-0.030969867,-0.44430786,0.8217978,-0.054504216,-0.0031455606,0.7486392,1.2242166,0.11183384,-0.12288489,0.86482805,0.56207263,0.17953497,0.13209277,-0.05432848,0.04687163,0.049264047,-0.017253516,-0.9986369,0.0,0.0,0.0,0.050147027,-0.16927803,0.08954644,-0.09680462,-0.07245028,0.13218272,-0.09351474,0.24408972,0.28991532,0.10078138,0.23376518,0.048964262,-0.010076362,0.0,0.0031341196,0.01375811,-0.010076362,-0.015889648,0.0032352197,0.008526153,-0.0046506287,-0.019571396,0.036901727,0.05503244,-0.015502095,-0.00096888095,0.0044484274,0.014145662,-0.11441041,-0.8480895,0.7487831,0.041910667,-0.06461791,-0.34259954,1.120366,-0.00054826774,0.080514245,0.5285228,1.275865,0.13830218,-0.04293091,1.0737396,0.4328907,0.17214182,-0.0074568503,0.0021305287,-0.25779396,0.049538378,-0.015773209,-0.9986478,0.0,0.0,0.0,0.052145343,-0.16873306,0.08823526,-0.095078826,-0.08565128,0.12777543,-0.09396893,0.2539299,0.2857765,0.103597194,0.22867852,0.04904318,0.009107481,0.0040693,0.011626572,0.0077510476,0.009107481,-0.0005813286,-0.0014154087,0.0027128668,-0.0077510476,0.0027128668,0.00070770434,0.039724123,-0.013370558,-0.0034879714,0.0009099056,0.043212093,-0.15750872,-0.9804528,0.70753384,-0.012347519,-0.084074475,-0.247244,1.2527484,0.028347796,0.1443606,0.34520411,1.2959433,0.17826147,0.012738962,1.1983474,0.38327354,0.19575815,-0.038349517,0.0010652643,-0.38882148,0.049270142,-0.017016077,-0.9986404,0.0,0.0,0.0,0.049208425,-0.1700047,0.08494949,-0.09750104,-0.086529374,0.12831247,-0.091879785,0.253173,0.28552377,0.10801771,0.22979885,0.048095345,0.017633634,0.0075572715,0.009806761,-0.0005813286,0.016664753,0.01685853,0.004549528,0.0013564334,-0.0077510476,0.0032941953,0.00070770434,0.018602515,-0.022671817,0.027322445,0.010817767,0.039530348,-0.13674076,-0.9497736,0.7438685,-0.06314307,-0.073730096,-0.22843784,1.1611534,0.027911132,0.12878168,0.37641692,1.3054166,0.21380664,0.005946869,1.1871542,0.44847938,0.199387,0.042709786,-0.7347874,1.0423757,0.007599443,0.051054295,-0.7091496,0.65136033,-0.15322562,-0.097542755,1.0473144,1.1464305,0.09173255,-0.20212089,0.6871877,0.6372963,0.14574942
1788699163.4854612,283,0,0.1821602,0.030892665,0.54115427,0.05135287,-0.025536582,-0.99835396,0.0,0.0,0.0,0.03688547,-0.1760602,0.08968866,-0.10812843,-0.070482254,0.13769591,-0.08397728,0.22292572,0.30200005,0.1072305,0.237459,0.04907477,-0.013564333,-0.0065883906,0.00010110062,0.047087617,-0.011820348,-0.0325544,-0.0039429246,-0.0013564334,0.0011626572,0.0032941953,0.0041451254,0.07596027,0.0063946145,-0.0056195096,0.0028308174,0.020152723,0.042709786,-0.7347874,1.0423757,0.007599443,0.051054295,-0.7091496,0.65136033,-0.15322562,-0.097542755,1.0473144,1.1464305,0.09173255,-0.20212089,0.6871877,0.6372963,0.14574942,0.15978965,0.051132686,0.46978155,0.0508734,-0.022865262,-0.9984434,0.0,0.0,0.0,0.04112432,-0.17418298,0.08978343,-0.104252934,-0.07054281,0.13621092,-0.087852776,0.22780043,0.2982403,0.10368802,0.23645991,0.04890108,-0.012789229,-0.007944824,-0.0013143081,0.031585522,-0.008332376,0.010463915,0.008896855,-0.0038755238,0.019183842,-0.026159788,0.013850786,0.06762789,0.0073634954,0.006007062,0.0010110063,0.014533214,0.017343096,-0.68963134,1.0145235,0.02763747,0.04285828,-0.67579377,0.71467876,-0.1453299,-0.086937204,1.0050211,1.143959,0.10887799,-0.19835103,0.7118798,0.5790935,0.15851952,0.16511597,0.07882956,0.34088457,0.049878936,-0.020111457,-0.99855304,0.0,0.0,0.0,0.046271503,-0.17088273,0.08997297,-0.099529624,-0.0723595,0.13335168,-0.09169811,0.23676258,0.29655004,0.1010236,0.23440099,0.049090624,-0.011820348,-0.008719929,-0.0018198112,0.01782741,-0.014145662,0.0052319574,0.010110062,0.0036817477,0.005038181,-0.018021187,-0.0020220126,0.066852786,-0.002906643,-0.0003875524,0.0013143081,0.0062008384,-0.06369535,-0.6875646,0.82266635,0.03125104,-0.030969867,-0.44430786,0.8217978,-0.054504216,-0.0031455606,0.7486392,1.2242166,0.11183384,-0.12288489,0.86482805,0.56207263,0.17953497,0.13209277,-0.05432848,0.04687163,0.049264047,-0.017253516,-0.9986369,0.0,0.0,0.0,0.050147027,-0.16927803,0.08954644,-0.09680462,-0.07245028,0.13218272,-0.09351474,0.24408972,0.28991532,0.10078138,0.23376518,0.048964262,-0.010076362,0.0,0.0031341196,0.01375811,-0.010076362,-0.015889648,0.0032352197,0.008526153,-0.0046506287,-0.019571396,0.036901727,0.05503244,-0.015502095,-0.00096888095,0.0044484274,0.014145662,-0.11441041,-0.8480895,0.7487831,0.041910667,-0.06461791,-0.34259954,1.120366,-0.00054826774,0.080514245,0.5285228,1.275865,0.13830218,-0.04293091,1.0737396,0.4328907,0.17214182,-0.0074568503,0.0021305287,-0.25779396,0.049538378,-0.015773209,-0.9986478,0.0,0.0,0.0,0.052145343,-0.16873306,0.08823526,-0.095078826,-0.08565128,0.12777543,-0.09396893,0.2539299,0.2857765,0.103597194,0.22867852,0.04904318,0.009107481,0.0040693,0.011626572,0.0077510476,0.009107481,-0.0005813286,-0.0014154087,0.0027128668,-0.0077510476,0.0027128668,0.00070770434,0.039724123,-0.013370558,-0.0034879714,0.0009099056,0.043212093,-0.15750872,-0.9804528,0.70753384,-0.012347519,-0.084074475,-0.247244,1.2527484,0.028347796,0.1443606,0.34520411,1.2959433,0.17826147,0.012738962,1.1983474,0.38327354,0.19575815,0.08915373,-0.7046985,1.0952756,-0.041991718,0.09321824,-0.7528285,0.6153798,-0.18534066,-0.13038962,1.1537137,1.1421832,0.09536672,-0.24127376,0.617332,0.6586877,0.07121797
1788699163.503844,284,0,0.1043959,-0.051132686,0.43143204,0.05073222,-0.027784964,-0.9983257,0.0,0.0,0.0,0.033161335,-0.17772546,0.0893569,-0.111186504,-0.06878668,0.13903868,-0.07937509,0.21995854,0.30200005,0.11037935,0.2406382,0.049185395,-0.011045244,-0.0065883906,0.0013143081,0.032748178,-0.010851467,0.012983005,0.0104133645,0.0,0.012983005,-0.008719929,0.0023253143,0.049412932,0.010463915,0.014339439,0.0,0.037786357,0.08915373,-0.7046985,1.0952756,-0.041991718,0.09321824,-0.7528285,0.6153798,-0.18534066,-0.13038962,1.1537137,1.1421832,0.09536672,-0.24127376,0.617332,0.6586877,0.07121797,0.1821602,0.030892665,0.54115427,0.05135287,-0.025536582,-0.99835396,0.0,0.0,0.0,0.03688547,-0.1760602,0.08968866,-0.10812843,-0.070482254,0.13769591,-0.08397728,0.22292572,0.30200005,0.1072305,0.237459,0.04907477,-0.013564333,-0.0065883906,0.00010110062,0.047087617,-0.011820348,-0.0325544,-0.0039429246,-0.0013564334,0.0011626572,0.0032941953,0.0041451254,0.07596027,0.0063946145,-0.0056195096,0.0028308174,0.020152723,0.042709786,-0.7347874,1.0423757,0.007599443,0.051054295,-0.7091496,0.65136033,-0.15322562,-0.097542755,1.0473144,1.1464305,0.09173255,-0.20212089,0.6871877,0.6372963,0.14574942,0.15978965,0.051132686,0.46978155,0.0508734,-0.022865262,-0.9984434,0.0,0.0,0.0,0.04112432,-0.17418298,0.08978343,-0.104252934,-0.07054281,0.13621092,-0.087852776,0.22780043,0.2982403,0.10368802,0.23645991,0.04890108,-0.012789229,-0.007944824,-0.0013143081,0.031585522,-0.008332376,0.010463915,0.008896855,-0.0038755238,0.019183842,-0.026159788,0.013850786,0.06762789,0.0073634954,0.006007062,0.0010110063,0.014533214,0.017343096,-0.68963134,1.0145235,0.02763747,0.04285828,-0.67579377,0.71467876,-0.1453299,-0.086937204,1.0050211,1.143959,0.10887799,-0.19835103,0.7118798,0.5790935,0.15851952,0.16511597,0.07882956,0.34088457,0.049878936,-0.020111457,-0.99855304,0.0,0.0,0.0,0.046271503,-0.17088273,0.08997297,-0.099529624,-0.0723595,0.13335168,-0.09169811,0.23676258,0.29655004,0.1010236,0.23440099,0.049090624,-0.011820348,-0.008719929,-0.0018198112,0.01782741,-0.014145662,0.0052319574,0.010110062,0.0036817477,0.005038181,-0.018021187,-0.0020220126,0.066852786,-0.002906643,-0.0003875524,0.0013143081,0.0062008384,-0.06369535,-0.6875646,0.82266635,0.03125104,-0.030969867,-0.44430786,0.8217978,-0.054504216,-0.0031455606,0.7486392,1.2242166,0.11183384,-0.12288489,0.86482805,0.56207263,0.17953497,0.13209277,-0.05432848,0.04687163,0.049264047,-0.017253516,-0.9986369,0.0,0.0,0.0,0.050147027,-0.16927803,0.08954644,-0.09680462,-0.07245028,0.13218272,-0.09351474,0.24408972,0.28991532,0.10078138,0.23376518,0.048964262,-0.010076362,0.0,0.0031341196,0.01375811,-0.010076362,-0.015889648,0.0032352197,0.008526153,-0.0046506287,-0.019571396,0.036901727,0.05503244,-0.015502095,-0.00096888095,0.0044484274,0.014145662,-0.11441041,-0.8480895,0.7487831,0.041910667,-0.06461791,-0.34259954,1.120366,-0.00054826774,0.080514245,0.5285228,1.275865,0.13830218,-0.04293091,1.0737396,0.4328907,0.17214182,0.054268975,-0.77764034,0.93803644,-0.032924917,0.048744112,-0.6185259,0.68768483,-0.07943724,-0.08498919,0.9715163,1.1935484,0.15094249,-0.18736103,0.78319794,0.64996433,0.14832783
1788699163.5207145,285,0,-0.0010652643,-0.05432848,0.24820659,0.049806308,-0.028983586,-0.99833846,0.0,0.0,0.0,0.031405237,-0.17384994,0.089499,-0.11270034,-0.06687921,0.13712716,-0.077255666,0.22328907,0.30136812,0.11225656,0.23533958,0.050670266,-0.00096888095,0.008913705,-0.0014154087,0.030035308,0.0031004192,0.0015502096,-0.018905817,-0.0032941953,0.008913705,0.0077510476,-0.006672641,0.039724123,0.0005813286,-0.01375811,0.00808805,0.023059366,0.054268975,-0.77764034,0.93803644,-0.032924917,0.048744112,-0.6185259,0.68768483,-0.07943724,-0.08498919,0.9715163,1.1935484,0.15094249,-0.18736103,0.78319794,0.64996433,0.14832783,0.1043959,-0.051132686,0.43143204,0.05073222,-0.027784964,-0.9983257,0.0,0.0,0.0,0.033161335,-0.17772546,0.0893569,-0.111186504,-0.06878668,0.13903868,-0.07937509,0.21995854,0.30200005,0.11037935,0.2406382,0.049185395,-0.011045244,-0.0065883906,0.0013143081,0.032748178,-0.010851467,0.012983005,0.0104133645,0.0,0.012983005,-0.008719929,0.0023253143,0.049412932,0.010463915,0.014339439,0.0,0.037786357,0.08915373,-0.7046985,1.0952756,-0.041991718,0.09321824,-0.7528285,0.6153798,-0.18534066,-0.13038962,1.1537137,1.1421832,0.09536672,-0.24127376,0.617332,0.6586877,0.07121797,0.1821602,0.030892665,0.54115427,0.05135287,-0.025536582,-0.99835396,0.0,0.0,0.0,0.03688547,-0.1760602,0.08968866,-0.10812843,-0.070482254,0.13769591,-0.08397728,0.22292572,0.30200005,0.1072305,0.237459,0.04907477,-0.013564333,-0.0065883906,0.00010110062,0.047087617,-0.011820348,-0.0325544,-0.0039429246,-0.0013564334,0.0011626572,0.0032941953,0.0041451254,0.07596027,0.0063946145,-0.0056195096,0.0028308174,0.020152723,0.042709786,-0.7347874,1.0423757,0.007599443,0.051054295,-0.7091496,0.65136033,-0.15322562,-0.097542755,1.0473144,1.1464305,0.09173255,-0.20212089,0.6871877,0.6372963,0.14574942,0.15978965,0.051132686,0.46978155,0.0508734,-0.022865262,-0.9984434,0.0,0.0,0.0,0.04112432,-0.17418298,0.08978343,-0.104252934,-0.07054281,0.13621092,-0.087852776,0.22780043,0.2982403,0.10368802,0.23645991,0.04890108,-0.012789229,-0.007944824,-0.0013143081,0.031585522,-0.008332376,0.010463915,0.008896855,-0.0038755238,0.019183842,-0.026159788,0.013850786,0.06762789,0.0073634954,0.006007062,0.0010110063,0.014533214,0.017343096,-0.68963134,1.0145235,0.02763747,0.04285828,-0.67579377,0.71467876,-0.1453299,-0.086937204,1.0050211,1.143959,0.10887799,-0.19835103,0.7118798,0.5790935,0.15851952,0.16511597,0.07882956,0.34088457,0.049878936,-0.020111457,-0.99855304,0.0,0.0,0.0,0.046271503,-0.17088273,0.08997297,-0.099529624,-0.0723595,0.13335168,-0.09169811,0.23676258,0.29655004,0.1010236,0.23440099,0.049090624,-0.011820348,-0.008719929,-0.0018198112,0.01782741,-0.014145662,0.0052319574,0.010110062,0.0036817477,0.005038181,-0.018021187,-0.0020220126,0.066852786,-0.002906643,-0.0003875524,0.0013143081,0.0062008384,-0.06369535,-0.6875646,0.82266635,0.03125104,-0.030969867,-0.44430786,0.8217978,-0.054504216,-0.0031455606,0.7486392,1.2242166,0.11183384,-0.12288489,0.86482805,0.56207263,0.17953497,0.044147193,-0.7996727,0.84102,-0.057916652,0.021027729,-0.51551867,0.7508542,-0.05122916,-0.055417143,0.8581259,1.238156,0.16280241,-0.15926404,0.87135273,0.6485723,0.11865161
1788699163.5479503,286,0,-0.07882956,0.0149137005,-0.027696872,0.049534384,-0.029761326,-0.9983291,0.0,0.0,0.0,0.032798003,-0.17245716,0.091157675,-0.112246156,-0.06578922,0.13379407,-0.07668036,0.2318576,0.30019915,0.11225656,0.23385602,0.05237639,0.0096888095,0.008526153,0.013446382,0.012595452,0.0067821667,0.0003875524,-0.01314308,0.00096888095,-0.0069759428,0.06278349,-0.0107166665,0.02596601,-0.0023253143,-0.014339439,0.009301257,0.027709994,0.044147193,-0.7996727,0.84102,-0.057916652,0.021027729,-0.51551867,0.7508542,-0.05122916,-0.055417143,0.8581259,1.238156,0.16280241,-0.15926404,0.87135273,0.6485723,0.11865161,-0.0010652643,-0.05432848,0.24820659,0.049806308,-0.028983586,-0.99833846,0.0,0.0,0.0,0.031405237,-0.17384994,0.089499,-0.11270034,-0.06687921,0.13712716,-0.077255666,0.22328907,0.30136812,0.11225656,0.23533958,0.050670266,-0.00096888095,0.008913705,-0.0014154087,0.030035308,0.0031004192,0.0015502096,-0.018905817,-0.0032941953,0.008913705,0.0077510476,-0.006672641,0.039724123,0.0005813286,-0.01375811,0.00808805,0.023059366,0.054268975,-0.77764034,0.93803644,-0.032924917,0.048744112,-0.6185259,0.68768483,-0.07943724,-0.08498919,0.9715163,1.1935484,0.15094249,-0.18736103,0.78319794,0.64996433,0.14832783,0.1043959,-0.051132686,0.43143204,0.05073222,-0.027784964,-0.9983257,0.0,0.0,0.0,0.033161335,-0.17772546,0.0893569,-0.111186504,-0.06878668,0.13903868,-0.07937509,0.21995854,0.30200005,0.11037935,0.2406382,0.049185395,-0.011045244,-0.0065883906,0.0013143081,0.032748178,-0.010851467,0.012983005,0.0104133645,0.0,0.012983005,-0.008719929,0.0023253143,0.049412932,0.010463915,0.014339439,0.0,0.037786357,0.08915373,-0.7046985,1.0952756,-0.041991718,0.09321824,-0.7528285,0.6153798,-0.18534066,-0.13038962,1.1537137,1.1421832,0.09536672,-0.24127376,0.617332,0.6586877,0.07121797,0.1821602,0.030892665,0.54115427,0.05135287,-0.025536582,-0.99835396,0.0,0.0,0.0,0.03688547,-0.1760602,0.08968866,-0.10812843,-0.070482254,0.13769591,-0.08397728,0.22292572,0.30200005,0.1072305,0.237459,0.04907477,-0.013564333,-0.0065883906,0.00010110062,0.047087617,-0.011820348,-0.0325544,-0.0039429246,-0.0013564334,0.0011626572,0.0032941953,0.0041451254,0.07596027,0.0063946145,-0.0056195096,0.0028308174,0.020152723,0.042709786,-0.7347874,1.0423757,0.007599443,0.051054295,-0.7091496,0.65136033,-0.15322562,-0.097542755,1.0473144,1.1464305,0.09173255,-0.20212089,0.6871877,0.6372963,0.14574942,0.15978965,0.051132686,0.46978155,0.0508734,-0.022865262,-0.9984434,0.0,0.0,0.0,0.04112432,-0.17418298,0.08978343,-0.104252934,-0.07054281,0.13621092,-0.087852776,0.22780043,0.2982403,0.10368802,0.23645991,0.04890108,-0.012789229,-0.007944824,-0.0013143081,0.031585522,-0.008332376,0.010463915,0.008896855,-0.0038755238,0.019183842,-0.026159788,0.013850786,0.06762789,0.0073634954,0.006007062,0.0010110063,0.014533214,0.017343096,-0.68963134,1.0145235,0.02763747,0.04285828,-0.67579377,0.71467876,-0.1453299,-0.086937204,1.0050211,1.143959,0.10887799,-0.19835103,0.7118798,0.5790935,0.15851952,0.0024619175,-0.8842139,0.77203226,-0.059116334,-0.02799279,-0.3985054,0.9602749,-0.02634078,0.017288048,0.68665797,1.261333,0.21150425,-0.1085803,1.0130029,0.59806126,0.09293458
1788699163.561421,287,0,-0.19494337,-0.013848436,-0.3163835,0.049710587,-0.028192922,-0.99836594,0.0,0.0,0.0,0.037672684,-0.17218468,0.09232676,-0.10867345,-0.06439644,0.13031864,-0.07746762,0.24142534,0.29585505,0.11059129,0.23079795,0.05664158,0.020734053,0.009495034,0.00020220123,0.016470976,0.022671817,0.0011626572,-0.020321226,0.0027128668,-0.0048444048,0.024222024,-0.014154087,0.021702934,-0.0073634954,-0.01375811,0.0164794,0.035073493,0.0024619175,-0.8842139,0.77203226,-0.059116334,-0.02799279,-0.3985054,0.9602749,-0.02634078,0.017288048,0.68665797,1.261333,0.21150425,-0.1085803,1.0130029,0.59806126,0.09293458,-0.07882956,0.0149137005,-0.027696872,0.049534384,-0.029761326,-0.9983291,0.0,0.0,0.0,0.032798003,-0.17245716,0.091157675,-0.112246156,-0.06578922,0.13379407,-0.07668036,0.2318576,0.30019915,0.11225656,0.23385602,0.05237639,0.0096888095,0.008526153,0.013446382,0.012595452,0.0067821667,0.0003875524,-0.01314308,0.00096888095,-0.0069759428,0.06278349,-0.0107166665,0.02596601,-0.0023253143,-0.014339439,0.009301257,0.027709994,0.044147193,-0.7996727,0.84102,-0.057916652,0.021027729,-0.51551867,0.7508542,-0.05122916,-0.055417143,0.8581259,1.238156,0.16280241,-0.15926404,0.87135273,0.6485723,0.11865161,-0.0010652643,-0.05432848,0.24820659,0.049806308,-0.028983586,-0.99833846,0.0,0.0,0.0,0.031405237,-0.17384994,0.089499,-0.11270034,-0.06687921,0.13712716,-0.077255666,0.22328907,0.30136812,0.11225656,0.23533958,0.050670266,-0.00096888095,0.008913705,-0.0014154087,0.030035308,0.0031004192,0.0015502096,-0.018905817,-0.0032941953,0.008913705,0.0077510476,-0.006672641,0.039724123,0.0005813286,-0.01375811,0.00808805,0.023059366,0.054268975,-0.77764034,0.93803644,-0.032924917,0.048744112,-0.6185259,0.68768483,-0.07943724,-0.08498919,0.9715163,1.1935484,0.15094249,-0.18736103,0.78319794,0.64996433,0.14832783,0.1043959,-0.051132686,0.43143204,0.05073222,-0.027784964,-0.9983257,0.0,0.0,0.0,0.033161335,-0.17772546,0.0893569,-0.111186504,-0.06878668,0.13903868,-0.07937509,0.21995854,0.30200005,0.11037935,0.2406382,0.049185395,-0.011045244,-0.0065883906,0.0013143081,0.032748178,-0.010851467,0.012983005,0.0104133645,0.0,0.012983005,-0.008719929,0.0023253143,0.049412932,0.010463915,0.014339439,0.0,0.037786357,0.08915373,-0.7046985,1.0952756,-0.041991718,0.09321824,-0.7528285,0.6153798,-0.18534066,-0.13038962,1.1537137,1.1421832,0.09536672,-0.24127376,0.617332,0.6586877,0.07121797,0.1821602,0.030892665,0.54115427,0.05135287,-0.025536582,-0.99835396,0.0,0.0,0.0,0.03688547,-0.1760602,0.08968866,-0.10812843,-0.070482254,0.13769591,-0.08397728,0.22292572,0.30200005,0.1072305,0.237459,0.04907477,-0.013564333,-0.0065883906,0.00010110062,0.047087617,-0.011820348,-0.0325544,-0.0039429246,-0.0013564334,0.0011626572,0.0032941953,0.0041451254,0.07596027,0.0063946145,-0.0056195096,0.0028308174,0.020152723,0.042709786,-0.7347874,1.0423757,0.007599443,0.051054295,-0.7091496,0.65136033,-0.15322562,-0.097542755,1.0473144,1.1464305,0.09173255,-0.20212089,0.6871877,0.6372963,0.14574942,-0.07572882,-0.9780235,0.67306316,-0.007953674,-0.083324775,-0.21502033,1.1412919,0.077313304,0.10753051,0.4070982,1.3311228,0.25367162,-0.019091325,1.1792026,0.51720524,0.1430996
1788699163.5807765,288,0,-0.26738134,0.0,-0.52304476,0.04986719,-0.024519468,-0.9984549,0.0,0.0,0.0,0.04548429,-0.16731,0.09341669,-0.10064983,-0.06330651,0.12553227,-0.078769505,0.24917638,0.29339063,0.10638273,0.22634715,0.060385466,0.03216685,0.024415802,0.012435378,0.0044568526,0.029260203,-0.0027128668,-0.019108018,0.0025190904,-0.011626572,0.049412932,-0.0039429246,0.022865592,-0.019183842,-0.018602515,0.015266194,0.018990068,-0.07572882,-0.9780235,0.67306316,-0.007953674,-0.083324775,-0.21502033,1.1412919,0.077313304,0.10753051,0.4070982,1.3311228,0.25367162,-0.019091325,1.1792026,0.51720524,0.1430996,-0.19494337,-0.013848436,-0.3163835,0.049710587,-0.028192922,-0.99836594,0.0,0.0,0.0,0.037672684,-0.17218468,0.09232676,-0.10867345,-0.06439644,0.13031864,-0.07746762,0.24142534,0.29585505,0.11059129,0.23079795,0.05664158,0.020734053,0.009495034,0.00020220123,0.016470976,0.022671817,0.0011626572,-0.020321226,0.0027128668,-0.0048444048,0.024222024,-0.014154087,0.021702934,-0.0073634954,-0.01375811,0.0164794,0.035073493,0.0024619175,-0.8842139,0.77203226,-0.059116334,-0.02799279,-0.3985054,0.9602749,-0.02634078,0.017288048,0.68665797,1.261333,0.21150425,-0.1085803,1.0130029,0.59806126,0.09293458,-0.07882956,0.0149137005,-0.027696872,0.049534384,-0.029761326,-0.9983291,0.0,0.0,0.0,0.032798003,-0.17245716,0.091157675,-0.112246156,-0.06578922,0.13379407,-0.07668036,0.2318576,0.30019915,0.11225656,0.23385602,0.05237639,0.0096888095,0.008526153,0.013446382,0.012595452,0.0067821667,0.0003875524,-0.01314308,0.00096888095,-0.0069759428,0.06278349,-0.0107166665,0.02596601,-0.0023253143,-0.014339439,0.009301257,0.027709994,0.044147193,-0.7996727,0.84102,-0.057916652,0.021027729,-0.51551867,0.7508542,-0.05122916,-0.055417143,0.8581259,1.238156,0.16280241,-0.15926404,0.87135273,0.6485723,0.11865161,-0.0010652643,-0.05432848,0.24820659,0.049806308,-0.028983586,-0.99833846,0.0,0.0,0.0,0.031405237,-0.17384994,0.089499,-0.11270034,-0.06687921,0.13712716,-0.077255666,0.22328907,0.30136812,0.11225656,0.23533958,0.050670266,-0.00096888095,0.008913705,-0.0014154087,0.030035308,0.0031004192,0.0015502096,-0.018905817,-0.0032941953,0.008913705,0.0077510476,-0.006672641,0.039724123,0.0005813286,-0.01375811,0.00808805,0.023059366,0.054268975,-0.77764034,0.93803644,-0.032924917,0.048744112,-0.6185259,0.68768483,-0.07943724,-0.08498919,0.9715163,1.1935484,0.15094249,-0.18736103,0.78319794,0.64996433,0.14832783,0.1043959,-0.051132686,0.43143204,0.05073222,-0.027784964,-0.9983257,0.0,0.0,0.0,0.033161335,-0.17772546,0.0893569,-0.111186504,-0.06878668,0.13903868,-0.07937509,0.21995854,0.30200005,0.11037935,0.2406382,0.049185395,-0.011045244,-0.0065883906,0.0013143081,0.032748178,-0.010851467,0.012983005,0.0104133645,0.0,0.012983005,-0.008719929,0.0023253143,0.049412932,0.010463915,0.014339439,0.0,0.037786357,0.08915373,-0.7046985,1.0952756,-0.041991718,0.09321824,-0.7528285,0.6153798,-0.18534066,-0.13038962,1.1537137,1.1421832,0.09536672,-0.24127376,0.617332,0.6586877,0.07121797,-0.12538318,-1.0298982,0.6861013,0.020726725,-0.10331205,-0.16817325,1.2000556,0.10371809,0.17629233,0.2776574,1.338631,0.25003284,0.020411626,1.2227507,0.45525134,0.12314932
1788699163.602914,289,0,-0.23116235,-0.04154531,-0.7467503,0.049788672,-0.020262761,-0.9985542,0.0,0.0,0.0,0.054083105,-0.16276836,0.096149564,-0.09314108,-0.06273121,0.11896062,-0.082433164,0.2563824,0.28964686,0.09902528,0.22141194,0.0660249,0.024028247,0.0042630765,-0.0026286163,0.0027128668,0.02693489,0.0036817477,-0.0142551875,0.011820348,-0.012401677,-0.0077510476,-0.012839779,0.014920766,-0.026547337,0.0077510476,0.024061948,0.016664753,-0.12538318,-1.0298982,0.6861013,0.020726725,-0.10331205,-0.16817325,1.2000556,0.10371809,0.17629233,0.2776574,1.338631,0.25003284,0.020411626,1.2227507,0.45525134,0.12314932,-0.26738134,0.0,-0.52304476,0.04986719,-0.024519468,-0.9984549,0.0,0.0,0.0,0.04548429,-0.16731,0.09341669,-0.10064983,-0.06330651,0.12553227,-0.078769505,0.24917638,0.29339063,0.10638273,0.22634715,0.060385466,0.03216685,0.024415802,0.012435378,0.0044568526,0.029260203,-0.0027128668,-0.019108018,0.0025190904,-0.011626572,0.049412932,-0.0039429246,0.022865592,-0.019183842,-0.018602515,0.015266194,0.018990068,-0.07572882,-0.9780235,0.67306316,-0.007953674,-0.083324775,-0.21502033,1.1412919,0.077313304,0.10753051,0.4070982,1.3311228,0.25367162,-0.019091325,1.1792026,0.51720524,0.1430996,-0.19494337,-0.013848436,-0.3163835,0.049710587,-0.028192922,-0.99836594,0.0,0.0,0.0,0.037672684,-0.17218468,0.09232676,-0.10867345,-0.06439644,0.13031864,-0.07746762,0.24142534,0.29585505,0.11059129,0.23079795,0.05664158,0.020734053,0.009495034,0.00020220123,0.016470976,0.022671817,0.0011626572,-0.020321226,0.0027128668,-0.0048444048,0.024222024,-0.014154087,0.021702934,-0.0073634954,-0.01375811,0.0164794,0.035073493,0.0024619175,-0.8842139,0.77203226,-0.059116334,-0.02799279,-0.3985054,0.9602749,-0.02634078,0.017288048,0.68665797,1.261333,0.21150425,-0.1085803,1.0130029,0.59806126,0.09293458,-0.07882956,0.0149137005,-0.027696872,0.049534384,-0.029761326,-0.9983291,0.0,0.0,0.0,0.032798003,-0.17245716,0.091157675,-0.112246156,-0.06578922,0.13379407,-0.07668036,0.2318576,0.30019915,0.11225656,0.23385602,0.05237639,0.0096888095,0.008526153,0.013446382,0.012595452,0.0067821667,0.0003875524,-0.01314308,0.00096888095,-0.0069759428,0.06278349,-0.0107166665,0.02596601,-0.0023253143,-0.014339439,0.009301257,0.027709994,0.044147193,-0.7996727,0.84102,-0.057916652,0.021027729,-0.51551867,0.7508542,-0.05122916,-0.055417143,0.8581259,1.238156,0.16280241,-0.15926404,0.87135273,0.6485723,0.11865161,-0.0010652643,-0.05432848,0.24820659,0.049806308,-0.028983586,-0.99833846,0.0,0.0,0.0,0.031405237,-0.17384994,0.089499,-0.11270034,-0.06687921,0.13712716,-0.077255666,0.22328907,0.30136812,0.11225656,0.23533958,0.050670266,-0.00096888095,0.008913705,-0.0014154087,0.030035308,0.0031004192,0.0015502096,-0.018905817,-0.0032941953,0.008913705,0.0077510476,-0.006672641,0.039724123,0.0005813286,-0.01375811,0.00808805,0.023059366,0.054268975,-0.77764034,0.93803644,-0.032924917,0.048744112,-0.6185259,0.68768483,-0.07943724,-0.08498919,0.9715163,1.1935484,0.15094249,-0.18736103,0.78319794,0.64996433,0.14832783,-0.21813132,-1.0366518,0.6180263,0.09801352,-0.16150855,0.052244656,1.3547717,0.2078159,0.28045607,0.00046982616,1.4031328,0.18567161,0.12412606,1.4099363,0.39477012,0.16469917
1788699163.6284053,290,0,-0.15446332,-0.015978964,-0.7808387,0.049562737,-0.016999042,-0.9986264,0.0,0.0,0.0,0.062106654,-0.15768176,0.097365975,-0.08581388,-0.06291288,0.11509037,-0.08655089,0.25477773,0.28833568,0.09085035,0.2188384,0.06968987,0.025772233,0.013176781,0.0052572326,0.01065769,0.020346502,0.0011626572,-0.016074998,0.009107481,-0.015502095,0.0023253143,-0.00010110062,0.022671817,-0.023640696,-0.0007751048,0.0049539306,0.016470976,-0.21813132,-1.0366518,0.6180263,0.09801352,-0.16150855,0.052244656,1.3547717,0.2078159,0.28045607,0.00046982616,1.4031328,0.18567161,0.12412606,1.4099363,0.39477012,0.16469917,-0.23116235,-0.04154531,-0.7467503,0.049788672,-0.020262761,-0.9985542,0.0,0.0,0.0,0.054083105,-0.16276836,0.096149564,-0.09314108,-0.06273121,0.11896062,-0.082433164,0.2563824,0.28964686,0.09902528,0.22141194,0.0660249,0.024028247,0.0042630765,-0.0026286163,0.0027128668,0.02693489,0.0036817477,-0.0142551875,0.011820348,-0.012401677,-0.0077510476,-0.012839779,0.014920766,-0.026547337,0.0077510476,0.024061948,0.016664753,-0.12538318,-1.0298982,0.6861013,0.020726725,-0.10331205,-0.16817325,1.2000556,0.10371809,0.17629233,0.2776574,1.338631,0.25003284,0.020411626,1.2227507,0.45525134,0.12314932,-0.26738134,0.0,-0.52304476,0.04986719,-0.024519468,-0.9984549,0.0,0.0,0.0,0.04548429,-0.16731,0.09341669,-0.10064983,-0.06330651,0.12553227,-0.078769505,0.24917638,0.29339063,0.10638273,0.22634715,0.060385466,0.03216685,0.024415802,0.012435378,0.0044568526,0.029260203,-0.0027128668,-0.019108018,0.0025190904,-0.011626572,0.049412932,-0.0039429246,0.022865592,-0.019183842,-0.018602515,0.015266194,0.018990068,-0.07572882,-0.9780235,0.67306316,-0.007953674,-0.083324775,-0.21502033,1.1412919,0.077313304,0.10753051,0.4070982,1.3311228,0.25367162,-0.019091325,1.1792026,0.51720524,0.1430996,-0.19494337,-0.013848436,-0.3163835,0.049710587,-0.028192922,-0.99836594,0.0,0.0,0.0,0.037672684,-0.17218468,0.09232676,-0.10867345,-0.06439644,0.13031864,-0.07746762,0.24142534,0.29585505,0.11059129,0.23079795,0.05664158,0.020734053,0.009495034,0.00020220123,0.016470976,0.022671817,0.0011626572,-0.020321226,0.0027128668,-0.0048444048,0.024222024,-0.014154087,0.021702934,-0.0073634954,-0.01375811,0.0164794,0.035073493,0.0024619175,-0.8842139,0.77203226,-0.059116334,-0.02799279,-0.3985054,0.9602749,-0.02634078,0.017288048,0.68665797,1.261333,0.21150425,-0.1085803,1.0130029,0.59806126,0.09293458,-0.07882956,0.0149137005,-0.027696872,0.049534384,-0.029761326,-0.9983291,0.0,0.0,0.0,0.032798003,-0.17245716,0.091157675,-0.112246156,-0.06578922,0.13379407,-0.07668036,0.2318576,0.30019915,0.11225656,0.23385602,0.05237639,0.0096888095,0.008526153,0.013446382,0.012595452,0.0067821667,0.0003875524,-0.01314308,0.00096888095,-0.0069759428,0.06278349,-0.0107166665,0.02596601,-0.0023253143,-0.014339439,0.009301257,0.027709994,0.044147193,-0.7996727,0.84102,-0.057916652,0.021027729,-0.51551867,0.7508542,-0.05122916,-0.055417143,0.8581259,1.238156,0.16280241,-0.15926404,0.87135273,0.6485723,0.11865161,-0.23954535,-0.97797006,0.6174421,0.15005855,-0.1752352,-0.017470032,1.4031237,0.24820319,0.2850405,0.015346884,1.3617971,0.14411826,0.12547734,1.3750727,0.35076508,0.16741514
1788699163.6408994,291,0,-0.06924218,0.07669903,-0.6412891,0.05046248,-0.014475511,-0.9986213,0.0,0.0,0.0,0.0701302,-0.15277678,0.098692894,-0.07957673,-0.06376064,0.107081294,-0.094816625,0.257321,0.28817773,0.08273597,0.2178089,0.072280526,0.019377619,0.011820348,0.005055031,0.0077510476,0.016664753,-0.0015502096,-0.023354245,0.0031004192,-0.022284262,0.0054257335,-0.0019209118,0.024028247,-0.023640696,-0.013564333,0.012233174,0.0062008384,-0.23954535,-0.97797006,0.6174421,0.15005855,-0.1752352,-0.017470032,1.4031237,0.24820319,0.2850405,0.015346884,1.3617971,0.14411826,0.12547734,1.3750727,0.35076508,0.16741514,-0.15446332,-0.015978964,-0.7808387,0.049562737,-0.016999042,-0.9986264,0.0,0.0,0.0,0.062106654,-0.15768176,0.097365975,-0.08581388,-0.06291288,0.11509037,-0.08655089,0.25477773,0.28833568,0.09085035,0.2188384,0.06968987,0.025772233,0.013176781,0.0052572326,0.01065769,0.020346502,0.0011626572,-0.016074998,0.009107481,-0.015502095,0.0023253143,-0.00010110062,0.022671817,-0.023640696,-0.0007751048,0.0049539306,0.016470976,-0.21813132,-1.0366518,0.6180263,0.09801352,-0.16150855,0.052244656,1.3547717,0.2078159,0.28045607,0.00046982616,1.4031328,0.18567161,0.12412606,1.4099363,0.39477012,0.16469917,-0.23116235,-0.04154531,-0.7467503,0.049788672,-0.020262761,-0.9985542,0.0,0.0,0.0,0.054083105,-0.16276836,0.096149564,-0.09314108,-0.06273121,0.11896062,-0.082433164,0.2563824,0.28964686,0.09902528,0.22141194,0.0660249,0.024028247,0.0042630765,-0.0026286163,0.0027128668,0.02693489,0.0036817477,-0.0142551875,0.011820348,-0.012401677,-0.0077510476,-0.012839779,0.014920766,-0.026547337,0.0077510476,0.024061948,0.016664753,-0.12538318,-1.0298982,0.6861013,0.020726725,-0.10331205,-0.16817325,1.2000556,0.10371809,0.17629233,0.2776574,1.338631,0.25003284,0.020411626,1.2227507,0.45525134,0.12314932,-0.26738134,0.0,-0.52304476,0.04986719,-0.024519468,-0.9984549,0.0,0.0,0.0,0.04548429,-0.16731,0.09341669,-0.10064983,-0.06330651,0.12553227,-0.078769505,0.24917638,0.29339063,0.10638273,0.22634715,0.060385466,0.03216685,0.024415802,0.012435378,0.0044568526,0.029260203,-0.0027128668,-0.019108018,0.0025190904,-0.011626572,0.049412932,-0.0039429246,0.022865592,-0.019183842,-0.018602515,0.015266194,0.018990068,-0.07572882,-0.9780235,0.67306316,-0.007953674,-0.083324775,-0.21502033,1.1412919,0.077313304,0.10753051,0.4070982,1.3311228,0.25367162,-0.019091325,1.1792026,0.51720524,0.1430996,-0.19494337,-0.013848436,-0.3163835,0.049710587,-0.028192922,-0.99836594,0.0,0.0,0.0,0.037672684,-0.17218468,0.09232676,-0.10867345,-0.06439644,0.13031864,-0.07746762,0.24142534,0.29585505,0.11059129,0.23079795,0.05664158,0.020734053,0.009495034,0.00020220123,0.016470976,0.022671817,0.0011626572,-0.020321226,0.0027128668,-0.0048444048,0.024222024,-0.014154087,0.021702934,-0.0073634954,-0.01375811,0.0164794,0.035073493,0.0024619175,-0.8842139,0.77203226,-0.059116334,-0.02799279,-0.3985054,0.9602749,-0.02634078,0.017288048,0.68665797,1.261333,0.21150425,-0.1085803,1.0130029,0.59806126,0.09293458,-0.20673013,-0.88443196,0.67528784,0.17244332,-0.15144426,-0.11981898,1.271095,0.21474889,0.23794274,0.22199138,1.2816763,0.112000406,0.058364667,1.2415255,0.38844103,0.19715321
1788699163.6678855,292,0,0.029827401,0.0745685,-0.46338996,0.05213663,-0.013921397,-0.99854285,0.0,0.0,0.0,0.073733225,-0.15177763,0.09927738,-0.07712424,-0.06227702,0.104269505,-0.09941882,0.2557466,0.28814614,0.07722546,0.21593171,0.074729085,0.0065883906,0.0073634954,0.00030330187,0.012401677,0.0021315382,0.0048444048,0.0021231133,-0.0040693,-0.012789229,-0.0019377619,0.0043473267,0.02751622,-0.015114543,-0.010851467,0.0026286163,-0.0015502096,-0.20673013,-0.88443196,0.67528784,0.17244332,-0.15144426,-0.11981898,1.271095,0.21474889,0.23794274,0.22199138,1.2816763,0.112000406,0.058364667,1.2415255,0.38844103,0.19715321,-0.06924218,0.07669903,-0.6412891,0.05046248,-0.014475511,-0.9986213,0.0,0.0,0.0,0.0701302,-0.15277678,0.098692894,-0.07957673,-0.06376064,0.107081294,-0.094816625,0.257321,0.28817773,0.08273597,0.2178089,0.072280526,0.019377619,0.011820348,0.005055031,0.0077510476,0.016664753,-0.0015502096,-0.023354245,0.0031004192,-0.022284262,0.0054257335,-0.0019209118,0.024028247,-0.023640696,-0.013564333,0.012233174,0.0062008384,-0.23954535,-0.97797006,0.6174421,0.15005855,-0.1752352,-0.017470032,1.4031237,0.24820319,0.2850405,0.015346884,1.3617971,0.14411826,0.12547734,1.3750727,0.35076508,0.16741514,-0.15446332,-0.015978964,-0.7808387,0.049562737,-0.016999042,-0.9986264,0.0,0.0,0.0,0.062106654,-0.15768176,0.097365975,-0.08581388,-0.06291288,0.11509037,-0.08655089,0.25477773,0.28833568,0.09085035,0.2188384,0.06968987,0.025772233,0.013176781,0.0052572326,0.01065769,0.020346502,0.0011626572,-0.016074998,0.009107481,-0.015502095,0.0023253143,-0.00010110062,0.022671817,-0.023640696,-0.0007751048,0.0049539306,0.016470976,-0.21813132,-1.0366518,0.6180263,0.09801352,-0.16150855,0.052244656,1.3547717,0.2078159,0.28045607,0.00046982616,1.4031328,0.18567161,0.12412606,1.4099363,0.39477012,0.16469917,-0.23116235,-0.04154531,-0.7467503,0.049788672,-0.020262761,-0.9985542,0.0,0.0,0.0,0.054083105,-0.16276836,0.096149564,-0.09314108,-0.06273121,0.11896062,-0.082433164,0.2563824,0.28964686,0.09902528,0.22141194,0.0660249,0.024028247,0.0042630765,-0.0026286163,0.0027128668,0.02693489,0.0036817477,-0.0142551875,0.011820348,-0.012401677,-0.0077510476,-0.012839779,0.014920766,-0.026547337,0.0077510476,0.024061948,0.016664753,-0.12538318,-1.0298982,0.6861013,0.020726725,-0.10331205,-0.16817325,1.2000556,0.10371809,0.17629233,0.2776574,1.338631,0.25003284,0.020411626,1.2227507,0.45525134,0.12314932,-0.26738134,0.0,-0.52304476,0.04986719,-0.024519468,-0.9984549,0.0,0.0,0.0,0.04548429,-0.16731,0.09341669,-0.10064983,-0.06330651,0.12553227,-0.078769505,0.24917638,0.29339063,0.10638273,0.22634715,0.060385466,0.03216685,0.024415802,0.012435378,0.0044568526,0.029260203,-0.0027128668,-0.019108018,0.0025190904,-0.011626572,0.049412932,-0.0039429246,0.022865592,-0.019183842,-0.018602515,0.015266194,0.018990068,-0.07572882,-0.9780235,0.67306316,-0.007953674,-0.083324775,-0.21502033,1.1412919,0.077313304,0.10753051,0.4070982,1.3311228,0.25367162,-0.019091325,1.1792026,0.51720524,0.1430996,-0.16066822,-0.8542455,0.74512386,0.21525541,-0.13415442,-0.20260462,1.149995,0.16584527,0.17360868,0.3686606,1.2154713,0.111542344,0.009644572,1.1126555,0.43437597,0.22209309
1788699163.6828377,293,0,0.059654802,-0.019174758,-0.0074568503,0.052660692,-0.013535239,-0.99852073,0.0,0.0,0.0,0.0737635,-0.15283734,0.09883511,-0.07745731,-0.057341814,0.105754375,-0.09838945,0.24908555,0.29054725,0.07522714,0.21895945,0.0741446,-0.0034879714,-0.0054257335,0.0013143081,0.04263076,-0.00096888095,0.0052319574,0.0014154087,0.014920766,0.0023253143,-0.009495034,0.013345282,0.06743412,-0.0065883906,0.002906643,0.0031341196,0.0001937762,-0.16066822,-0.8542455,0.74512386,0.21525541,-0.13415442,-0.20260462,1.149995,0.16584527,0.17360868,0.3686606,1.2154713,0.111542344,0.009644572,1.1126555,0.43437597,0.22209309,0.029827401,0.0745685,-0.46338996,0.05213663,-0.013921397,-0.99854285,0.0,0.0,0.0,0.073733225,-0.15177763,0.09927738,-0.07712424,-0.06227702,0.104269505,-0.09941882,0.2557466,0.28814614,0.07722546,0.21593171,0.074729085,0.0065883906,0.0073634954,0.00030330187,0.012401677,0.0021315382,0.0048444048,0.0021231133,-0.0040693,-0.012789229,-0.0019377619,0.0043473267,0.02751622,-0.015114543,-0.010851467,0.0026286163,-0.0015502096,-0.20673013,-0.88443196,0.67528784,0.17244332,-0.15144426,-0.11981898,1.271095,0.21474889,0.23794274,0.22199138,1.2816763,0.112000406,0.058364667,1.2415255,0.38844103,0.19715321,-0.06924218,0.07669903,-0.6412891,0.05046248,-0.014475511,-0.9986213,0.0,0.0,0.0,0.0701302,-0.15277678,0.098692894,-0.07957673,-0.06376064,0.107081294,-0.094816625,0.257321,0.28817773,0.08273597,0.2178089,0.072280526,0.019377619,0.011820348,0.005055031,0.0077510476,0.016664753,-0.0015502096,-0.023354245,0.0031004192,-0.022284262,0.0054257335,-0.0019209118,0.024028247,-0.023640696,-0.013564333,0.012233174,0.0062008384,-0.23954535,-0.97797006,0.6174421,0.15005855,-0.1752352,-0.017470032,1.4031237,0.24820319,0.2850405,0.015346884,1.3617971,0.14411826,0.12547734,1.3750727,0.35076508,0.16741514,-0.15446332,-0.015978964,-0.7808387,0.049562737,-0.016999042,-0.9986264,0.0,0.0,0.0,0.062106654,-0.15768176,0.097365975,-0.08581388,-0.06291288,0.11509037,-0.08655089,0.25477773,0.28833568,0.09085035,0.2188384,0.06968987,0.025772233,0.013176781,0.0052572326,0.01065769,0.020346502,0.0011626572,-0.016074998,0.009107481,-0.015502095,0.0023253143,-0.00010110062,0.022671817,-0.023640696,-0.0007751048,0.0049539306,0.016470976,-0.21813132,-1.0366518,0.6180263,0.09801352,-0.16150855,0.052244656,1.3547717,0.2078159,0.28045607,0.00046982616,1.4031328,0.18567161,0.12412606,1.4099363,0.39477012,0.16469917,-0.23116235,-0.04154531,-0.7467503,0.049788672,-0.020262761,-0.9985542,0.0,0.0,0.0,0.054083105,-0.16276836,0.096149564,-0.09314108,-0.06273121,0.11896062,-0.082433164,0.2563824,0.28964686,0.09902528,0.22141194,0.0660249,0.024028247,0.0042630765,-0.0026286163,0.0027128668,0.02693489,0.0036817477,-0.0142551875,0.011820348,-0.012401677,-0.0077510476,-0.012839779,0.014920766,-0.026547337,0.0077510476,0.024061948,0.016664753,-0.12538318,-1.0298982,0.6861013,0.020726725,-0.10331205,-0.16817325,1.2000556,0.10371809,0.17629233,0.2776574,1.338631,0.25003284,0.020411626,1.2227507,0.45525134,0.12314932,-0.039020814,-0.6866078,0.9340458,0.19740362,-0.031409405,-0.49436998,0.73575,0.009296609,0.020296793,0.7883833,1.1296844,0.09732635,-0.14101933,0.78357804,0.5482978,0.23054035
1788699163.7054155,294,0,0.2237055,0.0149137005,0.42823625,0.052490335,-0.016043242,-0.99849236,0.0,0.0,0.0,0.06861632,-0.15786338,0.09892988,-0.08145392,-0.05313319,0.107270956,-0.09396893,0.24100143,0.29211116,0.07486381,0.22328913,0.073939204,-0.018408738,-0.02131538,0.0012132075,0.06569013,-0.01685853,0.008526153,0.011727672,0.0036817477,0.0065883906,-0.01724608,0.0011121068,0.076929145,0.0027128668,0.0038755238,0.00010110062,-0.0048444048,-0.039020814,-0.6866078,0.9340458,0.19740362,-0.031409405,-0.49436998,0.73575,0.009296609,0.020296793,0.7883833,1.1296844,0.09732635,-0.14101933,0.78357804,0.5482978,0.23054035,0.059654802,-0.019174758,-0.0074568503,0.052660692,-0.013535239,-0.99852073,0.0,0.0,0.0,0.0737635,-0.15283734,0.09883511,-0.07745731,-0.057341814,0.105754375,-0.09838945,0.24908555,0.29054725,0.07522714,0.21895945,0.0741446,-0.0034879714,-0.0054257335,0.0013143081,0.04263076,-0.00096888095,0.0052319574,0.0014154087,0.014920766,0.0023253143,-0.009495034,0.013345282,0.06743412,-0.0065883906,0.002906643,0.0031341196,0.0001937762,-0.16066822,-0.8542455,0.74512386,0.21525541,-0.13415442,-0.20260462,1.149995,0.16584527,0.17360868,0.3686606,1.2154713,0.111542344,0.009644572,1.1126555,0.43437597,0.22209309,0.029827401,0.0745685,-0.46338996,0.05213663,-0.013921397,-0.99854285,0.0,0.0,0.0,0.073733225,-0.15177763,0.09927738,-0.07712424,-0.06227702,0.104269505,-0.09941882,0.2557466,0.28814614,0.07722546,0.21593171,0.074729085,0.0065883906,0.0073634954,0.00030330187,0.012401677,0.0021315382,0.0048444048,0.0021231133,-0.0040693,-0.012789229,-0.0019377619,0.0043473267,0.02751622,-0.015114543,-0.010851467,0.0026286163,-0.0015502096,-0.20673013,-0.88443196,0.67528784,0.17244332,-0.15144426,-0.11981898,1.271095,0.21474889,0.23794274,0.22199138,1.2816763,0.112000406,0.058364667,1.2415255,0.38844103,0.19715321,-0.06924218,0.07669903,-0.6412891,0.05046248,-0.014475511,-0.9986213,0.0,0.0,0.0,0.0701302,-0.15277678,0.098692894,-0.07957673,-0.06376064,0.107081294,-0.094816625,0.257321,0.28817773,0.08273597,0.2178089,0.072280526,0.019377619,0.011820348,0.005055031,0.0077510476,0.016664753,-0.0015502096,-0.023354245,0.0031004192,-0.022284262,0.0054257335,-0.0019209118,0.024028247,-0.023640696,-0.013564333,0.012233174,0.0062008384,-0.23954535,-0.97797006,0.6174421,0.15005855,-0.1752352,-0.017470032,1.4031237,0.24820319,0.2850405,0.015346884,1.3617971,0.14411826,0.12547734,1.3750727,0.35076508,0.16741514,-0.15446332,-0.015978964,-0.7808387,0.049562737,-0.016999042,-0.9986264,0.0,0.0,0.0,0.062106654,-0.15768176,0.097365975,-0.08581388,-0.06291288,0.11509037,-0.08655089,0.25477773,0.28833568,0.09085035,0.2188384,0.06968987,0.025772233,0.013176781,0.0052572326,0.01065769,0.020346502,0.0011626572,-0.016074998,0.009107481,-0.015502095,0.0023253143,-0.00010110062,0.022671817,-0.023640696,-0.0007751048,0.0049539306,0.016470976,-0.21813132,-1.0366518,0.6180263,0.09801352,-0.16150855,0.052244656,1.3547717,0.2078159,0.28045607,0.00046982616,1.4031328,0.18567161,0.12412606,1.4099363,0.39477012,0.16469917,0.06875284,-0.6471434,1.1596656,0.16608338,0.07654088,-0.73064834,0.50212145,-0.14446455,-0.090377055,1.0844699,1.054389,0.058736015,-0.24534267,0.571593,0.63818365,0.16794106
1788699163.722156,295,0,0.3760383,0.11291802,0.6977481,0.05306676,-0.01970365,-0.9983964,0.0,0.0,0.0,0.05938167,-0.16582638,0.09801364,-0.0895077,-0.0469566,0.113984585,-0.08703536,0.22686183,0.29437006,0.080041274,0.22879964,0.07262814,-0.03410461,-0.029066429,-0.011121068,0.081192225,-0.031391744,0.01782741,0.036699526,0.005038181,0.035073493,-0.064915024,0.0161761,0.07382873,0.01724608,0.02538468,-0.01779371,0.0044568526,0.06875284,-0.6471434,1.1596656,0.16608338,0.07654088,-0.73064834,0.50212145,-0.14446455,-0.090377055,1.0844699,1.054389,0.058736015,-0.24534267,0.571593,0.63818365,0.16794106,0.2237055,0.0149137005,0.42823625,0.052490335,-0.016043242,-0.99849236,0.0,0.0,0.0,0.06861632,-0.15786338,0.09892988,-0.08145392,-0.05313319,0.107270956,-0.09396893,0.24100143,0.29211116,0.07486381,0.22328913,0.073939204,-0.018408738,-0.02131538,0.0012132075,0.06569013,-0.01685853,0.008526153,0.011727672,0.0036817477,0.0065883906,-0.01724608,0.0011121068,0.076929145,0.0027128668,0.0038755238,0.00010110062,-0.0048444048,-0.039020814,-0.6866078,0.9340458,0.19740362,-0.031409405,-0.49436998,0.73575,0.009296609,0.020296793,0.7883833,1.1296844,0.09732635,-0.14101933,0.78357804,0.5482978,0.23054035,0.059654802,-0.019174758,-0.0074568503,0.052660692,-0.013535239,-0.99852073,0.0,0.0,0.0,0.0737635,-0.15283734,0.09883511,-0.07745731,-0.057341814,0.105754375,-0.09838945,0.24908555,0.29054725,0.07522714,0.21895945,0.0741446,-0.0034879714,-0.0054257335,0.0013143081,0.04263076,-0.00096888095,0.0052319574,0.0014154087,0.014920766,0.0023253143,-0.009495034,0.013345282,0.06743412,-0.0065883906,0.002906643,0.0031341196,0.0001937762,-0.16066822,-0.8542455,0.74512386,0.21525541,-0.13415442,-0.20260462,1.149995,0.16584527,0.17360868,0.3686606,1.2154713,0.111542344,0.009644572,1.1126555,0.43437597,0.22209309,0.029827401,0.0745685,-0.46338996,0.05213663,-0.013921397,-0.99854285,0.0,0.0,0.0,0.073733225,-0.15177763,0.09927738,-0.07712424,-0.06227702,0.104269505,-0.09941882,0.2557466,0.28814614,0.07722546,0.21593171,0.074729085,0.0065883906,0.0073634954,0.00030330187,0.012401677,0.0021315382,0.0048444048,0.0021231133,-0.0040693,-0.012789229,-0.0019377619,0.0043473267,0.02751622,-0.015114543,-0.010851467,0.0026286163,-0.0015502096,-0.20673013,-0.88443196,0.67528784,0.17244332,-0.15144426,-0.11981898,1.271095,0.21474889,0.23794274,0.22199138,1.2816763,0.112000406,0.058364667,1.2415255,0.38844103,0.19715321,-0.06924218,0.07669903,-0.6412891,0.05046248,-0.014475511,-0.9986213,0.0,0.0,0.0,0.0701302,-0.15277678,0.098692894,-0.07957673,-0.06376064,0.107081294,-0.094816625,0.257321,0.28817773,0.08273597,0.2178089,0.072280526,0.019377619,0.011820348,0.005055031,0.0077510476,0.016664753,-0.0015502096,-0.023354245,0.0031004192,-0.022284262,0.0054257335,-0.0019209118,0.024028247,-0.023640696,-0.013564333,0.012233174,0.0062008384,-0.23954535,-0.97797006,0.6174421,0.15005855,-0.1752352,-0.017470032,1.4031237,0.24820319,0.2850405,0.015346884,1.3617971,0.14411826,0.12547734,1.3750727,0.35076508,0.16741514,0.09931533,-0.6699223,1.1821823,0.16272672,0.09617047,-0.8609572,0.5210573,-0.11329437,-0.13532531,1.2113197,1.0598297,0.0072996914,-0.2528671,0.5852757,0.66054595,0.16093066
1788699163.7432992,296,0,0.35579827,0.10333064,1.0812433,0.054261696,-0.026320565,-0.9981798,0.0,0.0,0.0,0.045999005,-0.1791485,0.094459295,-0.101346254,-0.04435271,0.12434745,-0.076589525,0.20554644,0.30779755,0.0905173,0.23894262,0.0662303,-0.042049434,-0.029066429,-0.008896855,0.093206346,-0.034685936,0.0044568526,0.03093679,0.0011626572,0.026547337,-0.056388874,0.028308174,0.08138601,0.042824537,0.030035308,-0.016883804,0.008719929,0.09931533,-0.6699223,1.1821823,0.16272672,0.09617047,-0.8609572,0.5210573,-0.11329437,-0.13532531,1.2113197,1.0598297,0.0072996914,-0.2528671,0.5852757,0.66054595,0.16093066,0.3760383,0.11291802,0.6977481,0.05306676,-0.01970365,-0.9983964,0.0,0.0,0.0,0.05938167,-0.16582638,0.09801364,-0.0895077,-0.0469566,0.113984585,-0.08703536,0.22686183,0.29437006,0.080041274,0.22879964,0.07262814,-0.03410461,-0.029066429,-0.011121068,0.081192225,-0.031391744,0.01782741,0.036699526,0.005038181,0.035073493,-0.064915024,0.0161761,0.07382873,0.01724608,0.02538468,-0.01779371,0.0044568526,0.06875284,-0.6471434,1.1596656,0.16608338,0.07654088,-0.73064834,0.50212145,-0.14446455,-0.090377055,1.0844699,1.054389,0.058736015,-0.24534267,0.571593,0.63818365,0.16794106,0.2237055,0.0149137005,0.42823625,0.052490335,-0.016043242,-0.99849236,0.0,0.0,0.0,0.06861632,-0.15786338,0.09892988,-0.08145392,-0.05313319,0.107270956,-0.09396893,0.24100143,0.29211116,0.07486381,0.22328913,0.073939204,-0.018408738,-0.02131538,0.0012132075,0.06569013,-0.01685853,0.008526153,0.011727672,0.0036817477,0.0065883906,-0.01724608,0.0011121068,0.076929145,0.0027128668,0.0038755238,0.00010110062,-0.0048444048,-0.039020814,-0.6866078,0.9340458,0.19740362,-0.031409405,-0.49436998,0.73575,0.009296609,0.020296793,0.7883833,1.1296844,0.09732635,-0.14101933,0.78357804,0.5482978,0.23054035,0.059654802,-0.019174758,-0.0074568503,0.052660692,-0.013535239,-0.99852073,0.0,0.0,0.0,0.0737635,-0.15283734,0.09883511,-0.07745731,-0.057341814,0.105754375,-0.09838945,0.24908555,0.29054725,0.07522714,0.21895945,0.0741446,-0.0034879714,-0.0054257335,0.0013143081,0.04263076,-0.00096888095,0.0052319574,0.0014154087,0.014920766,0.0023253143,-0.009495034,0.013345282,0.06743412,-0.0065883906,0.002906643,0.0031341196,0.0001937762,-0.16066822,-0.8542455,0.74512386,0.21525541,-0.13415442,-0.20260462,1.149995,0.16584527,0.17360868,0.3686606,1.2154713,0.111542344,0.009644572,1.1126555,0.43437597,0.22209309,0.029827401,0.0745685,-0.46338996,0.05213663,-0.013921397,-0.99854285,0.0,0.0,0.0,0.073733225,-0.15177763,0.09927738,-0.07712424,-0.06227702,0.104269505,-0.09941882,0.2557466,0.28814614,0.07722546,0.21593171,0.074729085,0.0065883906,0.0073634954,0.00030330187,0.012401677,0.0021315382,0.0048444048,0.0021231133,-0.0040693,-0.012789229,-0.0019377619,0.0043473267,0.02751622,-0.015114543,-0.010851467,0.0026286163,-0.0015502096,-0.20673013,-0.88443196,0.67528784,0.17244332,-0.15144426,-0.11981898,1.271095,0.21474889,0.23794274,0.22199138,1.2816763,0.112000406,0.058364667,1.2415255,0.38844103,0.19715321,0.16510803,-0.5519506,1.2090514,0.080535576,0.19753648,-1.1700107,0.4062287,-0.07575424,-0.19387943,1.48363,1.0734996,-0.10060759,-0.33594882,0.3698004,0.6097039,0.0660602
1788699163.763122,297,0,0.35899407,0.09374326,1.2847087,0.05508726,-0.032666896,-0.9979473,0.0,0.0,0.0,0.033373274,-0.18786842,0.092310905,-0.11454725,-0.04326278,0.1356107,-0.068929374,0.1930418,0.31348443,0.10347608,0.24729925,0.062928796,-0.038755238,-0.015502095,-0.004044025,0.09708188,-0.038367685,-0.012789229,0.031644497,0.0011626572,0.023834473,-0.01782741,0.012435378,0.07363495,0.037398808,0.018602515,-0.0025275154,0.011432796,0.16510803,-0.5519506,1.2090514,0.080535576,0.19753648,-1.1700107,0.4062287,-0.07575424,-0.19387943,1.48363,1.0734996,-0.10060759,-0.33594882,0.3698004,0.6097039,0.0660602,0.35579827,0.10333064,1.0812433,0.054261696,-0.026320565,-0.9981798,0.0,0.0,0.0,0.045999005,-0.1791485,0.094459295,-0.101346254,-0.04435271,0.12434745,-0.076589525,0.20554644,0.30779755,0.0905173,0.23894262,0.0662303,-0.042049434,-0.029066429,-0.008896855,0.093206346,-0.034685936,0.0044568526,0.03093679,0.0011626572,0.026547337,-0.056388874,0.028308174,0.08138601,0.042824537,0.030035308,-0.016883804,0.008719929,0.09931533,-0.6699223,1.1821823,0.16272672,0.09617047,-0.8609572,0.5210573,-0.11329437,-0.13532531,1.2113197,1.0598297,0.0072996914,-0.2528671,0.5852757,0.66054595,0.16093066,0.3760383,0.11291802,0.6977481,0.05306676,-0.01970365,-0.9983964,0.0,0.0,0.0,0.05938167,-0.16582638,0.09801364,-0.0895077,-0.0469566,0.113984585,-0.08703536,0.22686183,0.29437006,0.080041274,0.22879964,0.07262814,-0.03410461,-0.029066429,-0.011121068,0.081192225,-0.031391744,0.01782741,0.036699526,0.005038181,0.035073493,-0.064915024,0.0161761,0.07382873,0.01724608,0.02538468,-0.01779371,0.0044568526,0.06875284,-0.6471434,1.1596656,0.16608338,0.07654088,-0.73064834,0.50212145,-0.14446455,-0.090377055,1.0844699,1.054389,0.058736015,-0.24534267,0.571593,0.63818365,0.16794106,0.2237055,0.0149137005,0.42823625,0.052490335,-0.016043242,-0.99849236,0.0,0.0,0.0,0.06861632,-0.15786338,0.09892988,-0.08145392,-0.05313319,0.107270956,-0.09396893,0.24100143,0.29211116,0.07486381,0.22328913,0.073939204,-0.018408738,-0.02131538,0.0012132075,0.06569013,-0.01685853,0.008526153,0.011727672,0.0036817477,0.0065883906,-0.01724608,0.0011121068,0.076929145,0.0027128668,0.0038755238,0.00010110062,-0.0048444048,-0.039020814,-0.6866078,0.9340458,0.19740362,-0.031409405,-0.49436998,0.73575,0.009296609,0.020296793,0.7883833,1.1296844,0.09732635,-0.14101933,0.78357804,0.5482978,0.23054035,0.059654802,-0.019174758,-0.0074568503,0.052660692,-0.013535239,-0.99852073,0.0,0.0,0.0,0.0737635,-0.15283734,0.09883511,-0.07745731,-0.057341814,0.105754375,-0.09838945,0.24908555,0.29054725,0.07522714,0.21895945,0.0741446,-0.0034879714,-0.0054257335,0.0013143081,0.04263076,-0.00096888095,0.0052319574,0.0014154087,0.014920766,0.0023253143,-0.009495034,0.013345282,0.06743412,-0.0065883906,0.002906643,0.0031341196,0.0001937762,-0.16066822,-0.8542455,0.74512386,0.21525541,-0.13415442,-0.20260462,1.149995,0.16584527,0.17360868,0.3686606,1.2154713,0.111542344,0.009644572,1.1126555,0.43437597,0.22209309,0.21887837,-0.5077876,1.1284223,0.0040625595,0.25855944,-1.2852124,0.39369687,-0.038068015,-0.22041765,1.6136253,1.0976816,-0.13988926,-0.3672919,0.30156738,0.5682233,-0.047733594
1788699163.7862213,298,0,0.22477077,-0.06817692,1.1984223,0.054017555,-0.037078917,-0.9978515,0.0,0.0,0.0,0.019748386,-0.19677001,0.091126084,-0.124296665,-0.03962946,0.14519942,-0.05772668,0.18192995,0.31452703,0.117767066,0.25656414,0.06267595,-0.03817391,-0.026353562,-0.0061671375,0.081192225,-0.028485103,0.02499713,0.038114935,0.02499713,0.041080553,-0.040305447,-0.0017187105,0.055226214,0.04379342,0.03061664,-0.0020220126,0.014145662,0.21887837,-0.5077876,1.1284223,0.0040625595,0.25855944,-1.2852124,0.39369687,-0.038068015,-0.22041765,1.6136253,1.0976816,-0.13988926,-0.3672919,0.30156738,0.5682233,-0.047733594,0.35899407,0.09374326,1.2847087,0.05508726,-0.032666896,-0.9979473,0.0,0.0,0.0,0.033373274,-0.18786842,0.092310905,-0.11454725,-0.04326278,0.1356107,-0.068929374,0.1930418,0.31348443,0.10347608,0.24729925,0.062928796,-0.038755238,-0.015502095,-0.004044025,0.09708188,-0.038367685,-0.012789229,0.031644497,0.0011626572,0.023834473,-0.01782741,0.012435378,0.07363495,0.037398808,0.018602515,-0.0025275154,0.011432796,0.16510803,-0.5519506,1.2090514,0.080535576,0.19753648,-1.1700107,0.4062287,-0.07575424,-0.19387943,1.48363,1.0734996,-0.10060759,-0.33594882,0.3698004,0.6097039,0.0660602,0.35579827,0.10333064,1.0812433,0.054261696,-0.026320565,-0.9981798,0.0,0.0,0.0,0.045999005,-0.1791485,0.094459295,-0.101346254,-0.04435271,0.12434745,-0.076589525,0.20554644,0.30779755,0.0905173,0.23894262,0.0662303,-0.042049434,-0.029066429,-0.008896855,0.093206346,-0.034685936,0.0044568526,0.03093679,0.0011626572,0.026547337,-0.056388874,0.028308174,0.08138601,0.042824537,0.030035308,-0.016883804,0.008719929,0.09931533,-0.6699223,1.1821823,0.16272672,0.09617047,-0.8609572,0.5210573,-0.11329437,-0.13532531,1.2113197,1.0598297,0.0072996914,-0.2528671,0.5852757,0.66054595,0.16093066,0.3760383,0.11291802,0.6977481,0.05306676,-0.01970365,-0.9983964,0.0,0.0,0.0,0.05938167,-0.16582638,0.09801364,-0.0895077,-0.0469566,0.113984585,-0.08703536,0.22686183,0.29437006,0.080041274,0.22879964,0.07262814,-0.03410461,-0.029066429,-0.011121068,0.081192225,-0.031391744,0.01782741,0.036699526,0.005038181,0.035073493,-0.064915024,0.0161761,0.07382873,0.01724608,0.02538468,-0.01779371,0.0044568526,0.06875284,-0.6471434,1.1596656,0.16608338,0.07654088,-0.73064834,0.50212145,-0.14446455,-0.090377055,1.0844699,1.054389,0.058736015,-0.24534267,0.571593,0.63818365,0.16794106,0.2237055,0.0149137005,0.42823625,0.052490335,-0.016043242,-0.99849236,0.0,0.0,0.0,0.06861632,-0.15786338,0.09892988,-0.08145392,-0.05313319,0.107270956,-0.09396893,0.24100143,0.29211116,0.07486381,0.22328913,0.073939204,-0.018408738,-0.02131538,0.0012132075,0.06569013,-0.01685853,0.008526153,0.011727672,0.0036817477,0.0065883906,-0.01724608,0.0011121068,0.076929145,0.0027128668,0.0038755238,0.00010110062,-0.0048444048,-0.039020814,-0.6866078,0.9340458,0.19740362,-0.031409405,-0.49436998,0.73575,0.009296609,0.020296793,0.7883833,1.1296844,0.09732635,-0.14101933,0.78357804,0.5482978,0.23054035,0.19928174,-0.5391692,0.86198753,-0.06748227,0.20713766,-1.1534221,0.47299597,0.09605154,-0.19895086,1.4746406,1.1733199,-0.14519224,-0.32019314,0.45744938,0.58143485,-0.030367795
1788699163.8016531,299,0,0.107591696,-0.09587379,1.0641991,0.05232346,-0.04038449,-0.9978132,0.0,0.0,0.0,0.011664286,-0.20288607,0.090826035,-0.13123024,-0.038751423,0.15562546,-0.049097598,0.17675251,0.3141005,0.12591173,0.26083332,0.0619967,-0.031779297,-0.014533214,-0.0009099056,0.083129995,-0.02499713,-0.020152723,0.031644497,0.019377619,0.029453982,-0.013176781,-0.0067737424,0.058520406,0.018214962,0.014145662,0.00080880494,0.033910837,0.19928174,-0.5391692,0.86198753,-0.06748227,0.20713766,-1.1534221,0.47299597,0.09605154,-0.19895086,1.4746406,1.1733199,-0.14519224,-0.32019314,0.45744938,0.58143485,-0.030367795,0.22477077,-0.06817692,1.1984223,0.054017555,-0.037078917,-0.9978515,0.0,0.0,0.0,0.019748386,-0.19677001,0.091126084,-0.124296665,-0.03962946,0.14519942,-0.05772668,0.18192995,0.31452703,0.117767066,0.25656414,0.06267595,-0.03817391,-0.026353562,-0.0061671375,0.081192225,-0.028485103,0.02499713,0.038114935,0.02499713,0.041080553,-0.040305447,-0.0017187105,0.055226214,0.04379342,0.03061664,-0.0020220126,0.014145662,0.21887837,-0.5077876,1.1284223,0.0040625595,0.25855944,-1.2852124,0.39369687,-0.038068015,-0.22041765,1.6136253,1.0976816,-0.13988926,-0.3672919,0.30156738,0.5682233,-0.047733594,0.35899407,0.09374326,1.2847087,0.05508726,-0.032666896,-0.9979473,0.0,0.0,0.0,0.033373274,-0.18786842,0.092310905,-0.11454725,-0.04326278,0.1356107,-0.068929374,0.1930418,0.31348443,0.10347608,0.24729925,0.062928796,-0.038755238,-0.015502095,-0.004044025,0.09708188,-0.038367685,-0.012789229,0.031644497,0.0011626572,0.023834473,-0.01782741,0.012435378,0.07363495,0.037398808,0.018602515,-0.0025275154,0.011432796,0.16510803,-0.5519506,1.2090514,0.080535576,0.19753648,-1.1700107,0.4062287,-0.07575424,-0.19387943,1.48363,1.0734996,-0.10060759,-0.33594882,0.3698004,0.6097039,0.0660602,0.35579827,0.10333064,1.0812433,0.054261696,-0.026320565,-0.9981798,0.0,0.0,0.0,0.045999005,-0.1791485,0.094459295,-0.101346254,-0.04435271,0.12434745,-0.076589525,0.20554644,0.30779755,0.0905173,0.23894262,0.0662303,-0.042049434,-0.029066429,-0.008896855,0.093206346,-0.034685936,0.0044568526,0.03093679,0.0011626572,0.026547337,-0.056388874,0.028308174,0.08138601,0.042824537,0.030035308,-0.016883804,0.008719929,0.09931533,-0.6699223,1.1821823,0.16272672,0.09617047,-0.8609572,0.5210573,-0.11329437,-0.13532531,1.2113197,1.0598297,0.0072996914,-0.2528671,0.5852757,0.66054595,0.16093066,0.3760383,0.11291802,0.6977481,0.05306676,-0.01970365,-0.9983964,0.0,0.0,0.0,0.05938167,-0.16582638,0.09801364,-0.0895077,-0.0469566,0.113984585,-0.08703536,0.22686183,0.29437006,0.080041274,0.22879964,0.07262814,-0.03410461,-0.029066429,-0.011121068,0.081192225,-0.031391744,0.01782741,0.036699526,0.005038181,0.035073493,-0.064915024,0.0161761,0.07382873,0.01724608,0.02538468,-0.01779371,0.0044568526,0.06875284,-0.6471434,1.1596656,0.16608338,0.07654088,-0.73064834,0.50212145,-0.14446455,-0.090377055,1.0844699,1.054389,0.058736015,-0.24534267,0.571593,0.63818365,0.16794106,0.17943178,-0.5777397,0.82491916,-0.23839086,0.1874728,-1.0045986,0.4613233,0.11964619,-0.16269796,1.3909816,1.2059659,-0.13214424,-0.29029083,0.5284272,0.57915,-0.07324216
1788699163.8235877,300,0,0.047936894,-0.04261057,0.67644286,0.04981623,-0.04343929,-0.9978134,0.0,0.0,0.0,0.004942676,-0.20373386,0.092342496,-0.1361351,-0.044292152,0.1582793,-0.043647647,0.18489718,0.31173098,0.13096808,0.2556861,0.062834024,-0.008719929,-0.0005813286,0.004549528,0.085842855,0.010463915,-0.010463915,-0.016378302,0.0023253143,0.007944824,0.04224321,-0.015670598,0.045924958,0.0021315382,-0.009107481,0.0073803454,0.06394615,0.17943178,-0.5777397,0.82491916,-0.23839086,0.1874728,-1.0045986,0.4613233,0.11964619,-0.16269796,1.3909816,1.2059659,-0.13214424,-0.29029083,0.5284272,0.57915,-0.07324216,0.107591696,-0.09587379,1.0641991,0.05232346,-0.04038449,-0.9978132,0.0,0.0,0.0,0.011664286,-0.20288607,0.090826035,-0.13123024,-0.038751423,0.15562546,-0.049097598,0.17675251,0.3141005,0.12591173,0.26083332,0.0619967,-0.031779297,-0.014533214,-0.0009099056,0.083129995,-0.02499713,-0.020152723,0.031644497,0.019377619,0.029453982,-0.013176781,-0.0067737424,0.058520406,0.018214962,0.014145662,0.00080880494,0.033910837,0.19928174,-0.5391692,0.86198753,-0.06748227,0.20713766,-1.1534221,0.47299597,0.09605154,-0.19895086,1.4746406,1.1733199,-0.14519224,-0.32019314,0.45744938,0.58143485,-0.030367795,0.22477077,-0.06817692,1.1984223,0.054017555,-0.037078917,-0.9978515,0.0,0.0,0.0,0.019748386,-0.19677001,0.091126084,-0.124296665,-0.03962946,0.14519942,-0.05772668,0.18192995,0.31452703,0.117767066,0.25656414,0.06267595,-0.03817391,-0.026353562,-0.0061671375,0.081192225,-0.028485103,0.02499713,0.038114935,0.02499713,0.041080553,-0.040305447,-0.0017187105,0.055226214,0.04379342,0.03061664,-0.0020220126,0.014145662,0.21887837,-0.5077876,1.1284223,0.0040625595,0.25855944,-1.2852124,0.39369687,-0.038068015,-0.22041765,1.6136253,1.0976816,-0.13988926,-0.3672919,0.30156738,0.5682233,-0.047733594,0.35899407,0.09374326,1.2847087,0.05508726,-0.032666896,-0.9979473,0.0,0.0,0.0,0.033373274,-0.18786842,0.092310905,-0.11454725,-0.04326278,0.1356107,-0.068929374,0.1930418,0.31348443,0.10347608,0.24729925,0.062928796,-0.038755238,-0.015502095,-0.004044025,0.09708188,-0.038367685,-0.012789229,0.031644497,0.0011626572,0.023834473,-0.01782741,0.012435378,0.07363495,0.037398808,0.018602515,-0.0025275154,0.011432796,0.16510803,-0.5519506,1.2090514,0.080535576,0.19753648,-1.1700107,0.4062287,-0.07575424,-0.19387943,1.48363,1.0734996,-0.10060759,-0.33594882,0.3698004,0.6097039,0.0660602,0.35579827,0.10333064,1.0812433,0.054261696,-0.026320565,-0.9981798,0.0,0.0,0.0,0.045999005,-0.1791485,0.094459295,-0.101346254,-0.04435271,0.12434745,-0.076589525,0.20554644,0.30779755,0.0905173,0.23894262,0.0662303,-0.042049434,-0.029066429,-0.008896855,0.093206346,-0.034685936,0.0044568526,0.03093679,0.0011626572,0.026547337,-0.056388874,0.028308174,0.08138601,0.042824537,0.030035308,-0.016883804,0.008719929,0.09931533,-0.6699223,1.1821823,0.16272672,0.09617047,-0.8609572,0.5210573,-0.11329437,-0.13532531,1.2113197,1.0598297,0.0072996914,-0.2528671,0.5852757,0.66054595,0.16093066,0.14113633,-0.7092389,0.74705863,-0.26192203,0.11713616,-0.7945241,0.679333,0.124328926,-0.102912396,1.1434666,1.2075049,0.035434958,-0.23097938,0.7283432,0.63516426,-0.004269761
1788699163.893672,301,0,-0.40160465,-0.11504854,-0.8703209,0.047966342,-0.03786687,-0.9981309,0.0,0.0,0.0,0.018567564,-0.19970694,0.094459295,-0.12559855,-0.044504106,0.13682699,-0.047825873,0.2198677,0.28293312,0.12588145,0.25178033,0.06559849,0.03565482,0.023059366,0.0015165093,0.04514985,0.033329505,-0.009107481,-0.023960847,0.05057559,-0.021702934,0.056001317,-0.031644497,-0.0038755238,-0.028678877,-0.012207901,0.0009099056,0.054838665,0.14113633,-0.7092389,0.74705863,-0.26192203,0.11713616,-0.7945241,0.679333,0.124328926,-0.102912396,1.1434666,1.2075049,0.035434958,-0.23097938,0.7283432,0.63516426,-0.004269761,0.047936894,-0.04261057,0.67644286,0.04981623,-0.04343929,-0.9978134,0.0,0.0,0.0,0.004942676,-0.20373386,0.092342496,-0.1361351,-0.044292152,0.1582793,-0.043647647,0.18489718,0.31173098,0.13096808,0.2556861,0.062834024,-0.008719929,-0.0005813286,0.004549528,0.085842855,0.010463915,-0.010463915,-0.016378302,0.0023253143,0.007944824,0.04224321,-0.015670598,0.045924958,0.0021315382,-0.009107481,0.0073803454,0.06394615,0.17943178,-0.5777397,0.82491916,-0.23839086,0.1874728,-1.0045986,0.4613233,0.11964619,-0.16269796,1.3909816,1.2059659,-0.13214424,-0.29029083,0.5284272,0.57915,-0.07324216,0.107591696,-0.09587379,1.0641991,0.05232346,-0.04038449,-0.9978132,0.0,0.0,0.0,0.011664286,-0.20288607,0.090826035,-0.13123024,-0.038751423,0.15562546,-0.049097598,0.17675251,0.3141005,0.12591173,0.26083332,0.0619967,-0.031779297,-0.014533214,-0.0009099056,0.083129995,-0.02499713,-0.020152723,0.031644497,0.019377619,0.029453982,-0.013176781,-0.0067737424,0.058520406,0.018214962,0.014145662,0.00080880494,0.033910837,0.19928174,-0.5391692,0.86198753,-0.06748227,0.20713766,-1.1534221,0.47299597,0.09605154,-0.19895086,1.4746406,1.1733199,-0.14519224,-0.32019314,0.45744938,0.58143485,-0.030367795,0.22477077,-0.06817692,1.1984223,0.054017555,-0.037078917,-0.9978515,0.0,0.0,0.0,0.019748386,-0.19677001,0.091126084,-0.124296665,-0.03962946,0.14519942,-0.05772668,0.18192995,0.31452703,0.117767066,0.25656414,0.06267595,-0.03817391,-0.026353562,-0.0061671375,0.081192225,-0.028485103,0.02499713,0.038114935,0.02499713,0.041080553,-0.040305447,-0.0017187105,0.055226214,0.04379342,0.03061664,-0.0020220126,0.014145662,0.21887837,-0.5077876,1.1284223,0.0040625595,0.25855944,-1.2852124,0.39369687,-0.038068015,-0.22041765,1.6136253,1.0976816,-0.13988926,-0.3672919,0.30156738,0.5682233,-0.047733594,0.35899407,0.09374326,1.2847087,0.05508726,-0.032666896,-0.9979473,0.0,0.0,0.0,0.033373274,-0.18786842,0.092310905,-0.11454725,-0.04326278,0.1356107,-0.068929374,0.1930418,0.31348443,0.10347608,0.24729925,0.062928796,-0.038755238,-0.015502095,-0.004044025,0.09708188,-0.038367685,-0.012789229,0.031644497,0.0011626572,0.023834473,-0.01782741,0.012435378,0.07363495,0.037398808,0.018602515,-0.0025275154,0.011432796,0.16510803,-0.5519506,1.2090514,0.080535576,0.19753648,-1.1700107,0.4062287,-0.07575424,-0.19387943,1.48363,1.0734996,-0.10060759,-0.33594882,0.3698004,0.6097039,0.0660602,-0.1494964,-1.276067,0.52489966,-0.022556225,-0.19310585,0.3784331,1.4518341,0.37133864,0.3101889,-0.16705899,1.4693722,0.30067122,0.25144956,1.6003852,0.6408234,0.14869294
1788699163.9075212,302,0,-0.7787082,-0.14061488,-1.3635383,0.046749853,-0.029058566,-0.998484,0.0,0.0,0.0,0.035371594,-0.18956399,0.09698677,-0.11018729,-0.051256,0.12771225,-0.057696402,0.2473597,0.2774042,0.115405425,0.24290901,0.06804693,0.07189097,0.025190905,0.0044484274,0.029453982,0.05716398,-0.020540277,-0.034879714,0.075572714,-0.026741115,0.08816817,-0.00808805,-0.017439857,-0.02499713,-0.022090487,0.020119024,0.027903771,-0.1494964,-1.276067,0.52489966,-0.022556225,-0.19310585,0.3784331,1.4518341,0.37133864,0.3101889,-0.16705899,1.4693722,0.30067122,0.25144956,1.6003852,0.6408234,0.14869294,-0.40160465,-0.11504854,-0.8703209,0.047966342,-0.03786687,-0.9981309,0.0,0.0,0.0,0.018567564,-0.19970694,0.094459295,-0.12559855,-0.044504106,0.13682699,-0.047825873,0.2198677,0.28293312,0.12588145,0.25178033,0.06559849,0.03565482,0.023059366,0.0015165093,0.04514985,0.033329505,-0.009107481,-0.023960847,0.05057559,-0.021702934,0.056001317,-0.031644497,-0.0038755238,-0.028678877,-0.012207901,0.0009099056,0.054838665,0.14113633,-0.7092389,0.74705863,-0.26192203,0.11713616,-0.7945241,0.679333,0.124328926,-0.102912396,1.1434666,1.2075049,0.035434958,-0.23097938,0.7283432,0.63516426,-0.004269761,0.047936894,-0.04261057,0.67644286,0.04981623,-0.04343929,-0.9978134,0.0,0.0,0.0,0.004942676,-0.20373386,0.092342496,-0.1361351,-0.044292152,0.1582793,-0.043647647,0.18489718,0.31173098,0.13096808,0.2556861,0.062834024,-0.008719929,-0.0005813286,0.004549528,0.085842855,0.010463915,-0.010463915,-0.016378302,0.0023253143,0.007944824,0.04224321,-0.015670598,0.045924958,0.0021315382,-0.009107481,0.0073803454,0.06394615,0.17943178,-0.5777397,0.82491916,-0.23839086,0.1874728,-1.0045986,0.4613233,0.11964619,-0.16269796,1.3909816,1.2059659,-0.13214424,-0.29029083,0.5284272,0.57915,-0.07324216,0.107591696,-0.09587379,1.0641991,0.05232346,-0.04038449,-0.9978132,0.0,0.0,0.0,0.011664286,-0.20288607,0.090826035,-0.13123024,-0.038751423,0.15562546,-0.049097598,0.17675251,0.3141005,0.12591173,0.26083332,0.0619967,-0.031779297,-0.014533214,-0.0009099056,0.083129995,-0.02499713,-0.020152723,0.031644497,0.019377619,0.029453982,-0.013176781,-0.0067737424,0.058520406,0.018214962,0.014145662,0.00080880494,0.033910837,0.19928174,-0.5391692,0.86198753,-0.06748227,0.20713766,-1.1534221,0.47299597,0.09605154,-0.19895086,1.4746406,1.1733199,-0.14519224,-0.32019314,0.45744938,0.58143485,-0.030367795,0.22477077,-0.06817692,1.1984223,0.054017555,-0.037078917,-0.9978515,0.0,0.0,0.0,0.019748386,-0.19677001,0.091126084,-0.124296665,-0.03962946,0.14519942,-0.05772668,0.18192995,0.31452703,0.117767066,0.25656414,0.06267595,-0.03817391,-0.026353562,-0.0061671375,0.081192225,-0.028485103,0.02499713,0.038114935,0.02499713,0.041080553,-0.040305447,-0.0017187105,0.055226214,0.04379342,0.03061664,-0.0020220126,0.014145662,0.21887837,-0.5077876,1.1284223,0.0040625595,0.25855944,-1.2852124,0.39369687,-0.038068015,-0.22041765,1.6136253,1.0976816,-0.13988926,-0.3672919,0.30156738,0.5682233,-0.047733594,-0.24500434,-1.2009892,0.46516863,0.06703678,-0.20897946,0.27621898,1.6421254,0.46008283,0.40604913,-0.39108846,1.4950804,0.32159314,0.29949185,1.6411654,0.3592665,0.16617227
1788699163.9261746,303,0,-0.89375675,-0.033023193,-1.7864482,0.045967568,-0.0159487,-0.9988157,0.0,0.0,0.0,0.060168892,-0.17739242,0.09855068,-0.08790302,-0.061005414,0.11545372,-0.07056433,0.27191478,0.26746786,0.10008499,0.22789133,0.07431841,0.0928188,0.040693004,0.004549528,-0.0001937762,0.076154046,-0.039724123,-0.038114935,0.107158236,-0.049606707,0.084873974,-0.046809588,-0.065496355,-0.051544465,-0.052125793,0.029824683,0.016470976,-0.24500434,-1.2009892,0.46516863,0.06703678,-0.20897946,0.27621898,1.6421254,0.46008283,0.40604913,-0.39108846,1.4950804,0.32159314,0.29949185,1.6411654,0.3592665,0.16617227,-0.7787082,-0.14061488,-1.3635383,0.046749853,-0.029058566,-0.998484,0.0,0.0,0.0,0.035371594,-0.18956399,0.09698677,-0.11018729,-0.051256,0.12771225,-0.057696402,0.2473597,0.2774042,0.115405425,0.24290901,0.06804693,0.07189097,0.025190905,0.0044484274,0.029453982,0.05716398,-0.020540277,-0.034879714,0.075572714,-0.026741115,0.08816817,-0.00808805,-0.017439857,-0.02499713,-0.022090487,0.020119024,0.027903771,-0.1494964,-1.276067,0.52489966,-0.022556225,-0.19310585,0.3784331,1.4518341,0.37133864,0.3101889,-0.16705899,1.4693722,0.30067122,0.25144956,1.6003852,0.6408234,0.14869294,-0.40160465,-0.11504854,-0.8703209,0.047966342,-0.03786687,-0.9981309,0.0,0.0,0.0,0.018567564,-0.19970694,0.094459295,-0.12559855,-0.044504106,0.13682699,-0.047825873,0.2198677,0.28293312,0.12588145,0.25178033,0.06559849,0.03565482,0.023059366,0.0015165093,0.04514985,0.033329505,-0.009107481,-0.023960847,0.05057559,-0.021702934,0.056001317,-0.031644497,-0.0038755238,-0.028678877,-0.012207901,0.0009099056,0.054838665,0.14113633,-0.7092389,0.74705863,-0.26192203,0.11713616,-0.7945241,0.679333,0.124328926,-0.102912396,1.1434666,1.2075049,0.035434958,-0.23097938,0.7283432,0.63516426,-0.004269761,0.047936894,-0.04261057,0.67644286,0.04981623,-0.04343929,-0.9978134,0.0,0.0,0.0,0.004942676,-0.20373386,0.092342496,-0.1361351,-0.044292152,0.1582793,-0.043647647,0.18489718,0.31173098,0.13096808,0.2556861,0.062834024,-0.008719929,-0.0005813286,0.004549528,0.085842855,0.010463915,-0.010463915,-0.016378302,0.0023253143,0.007944824,0.04224321,-0.015670598,0.045924958,0.0021315382,-0.009107481,0.0073803454,0.06394615,0.17943178,-0.5777397,0.82491916,-0.23839086,0.1874728,-1.0045986,0.4613233,0.11964619,-0.16269796,1.3909816,1.2059659,-0.13214424,-0.29029083,0.5284272,0.57915,-0.07324216,0.107591696,-0.09587379,1.0641991,0.05232346,-0.04038449,-0.9978132,0.0,0.0,0.0,0.011664286,-0.20288607,0.090826035,-0.13123024,-0.038751423,0.15562546,-0.049097598,0.17675251,0.3141005,0.12591173,0.26083332,0.0619967,-0.031779297,-0.014533214,-0.0009099056,0.083129995,-0.02499713,-0.020152723,0.031644497,0.019377619,0.029453982,-0.013176781,-0.0067737424,0.058520406,0.018214962,0.014145662,0.00080880494,0.033910837,0.19928174,-0.5391692,0.86198753,-0.06748227,0.20713766,-1.1534221,0.47299597,0.09605154,-0.19895086,1.4746406,1.1733199,-0.14519224,-0.32019314,0.45744938,0.58143485,-0.030367795,-0.35205805,-1.3364748,0.37911156,0.24152717,-0.21630754,0.45710984,1.7832191,0.42810065,0.5826584,-0.6794812,1.4240118,0.23590097,0.36856392,1.7990792,0.22215313,0.10216384
1788699163.94677,304,0,-0.7829693,0.047936894,-2.079396,0.046040423,-0.0035916148,-0.9989332,0.0,0.0,0.0,0.08266509,-0.16688609,0.10066748,-0.06795013,-0.07220811,0.10603881,-0.0819487,0.29810482,0.25893748,0.08494623,0.21260118,0.08264339,0.08468019,0.04166188,0.0014154087,-0.008332376,0.07847936,-0.052125793,-0.030330187,0.13661222,-0.058132857,0.063171044,-0.03558742,-0.07828558,-0.066852786,-0.046700064,0.0324533,0.008913705,-0.35205805,-1.3364748,0.37911156,0.24152717,-0.21630754,0.45710984,1.7832191,0.42810065,0.5826584,-0.6794812,1.4240118,0.23590097,0.36856392,1.7990792,0.22215313,0.10216384,-0.89375675,-0.033023193,-1.7864482,0.045967568,-0.0159487,-0.9988157,0.0,0.0,0.0,0.060168892,-0.17739242,0.09855068,-0.08790302,-0.061005414,0.11545372,-0.07056433,0.27191478,0.26746786,0.10008499,0.22789133,0.07431841,0.0928188,0.040693004,0.004549528,-0.0001937762,0.076154046,-0.039724123,-0.038114935,0.107158236,-0.049606707,0.084873974,-0.046809588,-0.065496355,-0.051544465,-0.052125793,0.029824683,0.016470976,-0.24500434,-1.2009892,0.46516863,0.06703678,-0.20897946,0.27621898,1.6421254,0.46008283,0.40604913,-0.39108846,1.4950804,0.32159314,0.29949185,1.6411654,0.3592665,0.16617227,-0.7787082,-0.14061488,-1.3635383,0.046749853,-0.029058566,-0.998484,0.0,0.0,0.0,0.035371594,-0.18956399,0.09698677,-0.11018729,-0.051256,0.12771225,-0.057696402,0.2473597,0.2774042,0.115405425,0.24290901,0.06804693,0.07189097,0.025190905,0.0044484274,0.029453982,0.05716398,-0.020540277,-0.034879714,0.075572714,-0.026741115,0.08816817,-0.00808805,-0.017439857,-0.02499713,-0.022090487,0.020119024,0.027903771,-0.1494964,-1.276067,0.52489966,-0.022556225,-0.19310585,0.3784331,1.4518341,0.37133864,0.3101889,-0.16705899,1.4693722,0.30067122,0.25144956,1.6003852,0.6408234,0.14869294,-0.40160465,-0.11504854,-0.8703209,0.047966342,-0.03786687,-0.9981309,0.0,0.0,0.0,0.018567564,-0.19970694,0.094459295,-0.12559855,-0.044504106,0.13682699,-0.047825873,0.2198677,0.28293312,0.12588145,0.25178033,0.06559849,0.03565482,0.023059366,0.0015165093,0.04514985,0.033329505,-0.009107481,-0.023960847,0.05057559,-0.021702934,0.056001317,-0.031644497,-0.0038755238,-0.028678877,-0.012207901,0.0009099056,0.054838665,0.14113633,-0.7092389,0.74705863,-0.26192203,0.11713616,-0.7945241,0.679333,0.124328926,-0.102912396,1.1434666,1.2075049,0.035434958,-0.23097938,0.7283432,0.63516426,-0.004269761,0.047936894,-0.04261057,0.67644286,0.04981623,-0.04343929,-0.9978134,0.0,0.0,0.0,0.004942676,-0.20373386,0.092342496,-0.1361351,-0.044292152,0.1582793,-0.043647647,0.18489718,0.31173098,0.13096808,0.2556861,0.062834024,-0.008719929,-0.0005813286,0.004549528,0.085842855,0.010463915,-0.010463915,-0.016378302,0.0023253143,0.007944824,0.04224321,-0.015670598,0.045924958,0.0021315382,-0.009107481,0.0073803454,0.06394615,0.17943178,-0.5777397,0.82491916,-0.23839086,0.1874728,-1.0045986,0.4613233,0.11964619,-0.16269796,1.3909816,1.2059659,-0.13214424,-0.29029083,0.5284272,0.57915,-0.07324216,-0.4568291,-1.2949529,0.29815933,0.4128069,-0.27035034,0.52533865,1.8781506,0.5099176,0.66573703,-0.85846955,1.3210541,0.018392056,0.46930563,1.8590268,0.16877662,-0.05994339
1788699163.9667118,305,0,-0.62211436,0.027696872,-2.148638,0.046664324,0.007809767,-0.9988801,0.0,0.0,0.0,0.106977955,-0.15380621,0.10022521,-0.04854226,-0.08749825,0.09569168,-0.09947938,0.3154236,0.25506723,0.06099671,0.19177026,0.09117377,0.081579775,0.05076936,0.00030330187,-0.014339439,0.065883905,-0.06297726,-0.06581651,0.1449446,-0.05328845,0.066465236,-0.0032352197,-0.118203476,-0.08099844,-0.07072832,0.029420285,0.006007062,-0.4568291,-1.2949529,0.29815933,0.4128069,-0.27035034,0.52533865,1.8781506,0.5099176,0.66573703,-0.85846955,1.3210541,0.018392056,0.46930563,1.8590268,0.16877662,-0.05994339,-0.7829693,0.047936894,-2.079396,0.046040423,-0.0035916148,-0.9989332,0.0,0.0,0.0,0.08266509,-0.16688609,0.10066748,-0.06795013,-0.07220811,0.10603881,-0.0819487,0.29810482,0.25893748,0.08494623,0.21260118,0.08264339,0.08468019,0.04166188,0.0014154087,-0.008332376,0.07847936,-0.052125793,-0.030330187,0.13661222,-0.058132857,0.063171044,-0.03558742,-0.07828558,-0.066852786,-0.046700064,0.0324533,0.008913705,-0.35205805,-1.3364748,0.37911156,0.24152717,-0.21630754,0.45710984,1.7832191,0.42810065,0.5826584,-0.6794812,1.4240118,0.23590097,0.36856392,1.7990792,0.22215313,0.10216384,-0.89375675,-0.033023193,-1.7864482,0.045967568,-0.0159487,-0.9988157,0.0,0.0,0.0,0.060168892,-0.17739242,0.09855068,-0.08790302,-0.061005414,0.11545372,-0.07056433,0.27191478,0.26746786,0.10008499,0.22789133,0.07431841,0.0928188,0.040693004,0.004549528,-0.0001937762,0.076154046,-0.039724123,-0.038114935,0.107158236,-0.049606707,0.084873974,-0.046809588,-0.065496355,-0.051544465,-0.052125793,0.029824683,0.016470976,-0.24500434,-1.2009892,0.46516863,0.06703678,-0.20897946,0.27621898,1.6421254,0.46008283,0.40604913,-0.39108846,1.4950804,0.32159314,0.29949185,1.6411654,0.3592665,0.16617227,-0.7787082,-0.14061488,-1.3635383,0.046749853,-0.029058566,-0.998484,0.0,0.0,0.0,0.035371594,-0.18956399,0.09698677,-0.11018729,-0.051256,0.12771225,-0.057696402,0.2473597,0.2774042,0.115405425,0.24290901,0.06804693,0.07189097,0.025190905,0.0044484274,0.029453982,0.05716398,-0.020540277,-0.034879714,0.075572714,-0.026741115,0.08816817,-0.00808805,-0.017439857,-0.02499713,-0.022090487,0.020119024,0.027903771,-0.1494964,-1.276067,0.52489966,-0.022556225,-0.19310585,0.3784331,1.4518341,0.37133864,0.3101889,-0.16705899,1.4693722,0.30067122,0.25144956,1.6003852,0.6408234,0.14869294,-0.40160465,-0.11504854,-0.8703209,0.047966342,-0.03786687,-0.9981309,0.0,0.0,0.0,0.018567564,-0.19970694,0.094459295,-0.12559855,-0.044504106,0.13682699,-0.047825873,0.2198677,0.28293312,0.12588145,0.25178033,0.06559849,0.03565482,0.023059366,0.0015165093,0.04514985,0.033329505,-0.009107481,-0.023960847,0.05057559,-0.021702934,0.056001317,-0.031644497,-0.0038755238,-0.028678877,-0.012207901,0.0009099056,0.054838665,0.14113633,-0.7092389,0.74705863,-0.26192203,0.11713616,-0.7945241,0.679333,0.124328926,-0.102912396,1.1434666,1.2075049,0.035434958,-0.23097938,0.7283432,0.63516426,-0.004269761,-0.48950347,-1.1242319,0.27489677,0.4847677,-0.29583222,0.67791593,1.6673803,0.4090838,0.6767221,-0.823332,1.2264227,-0.14339763,0.4796076,1.8211854,0.20979561,-0.17434943
1788699164.0007129,306,0,-0.3813646,0.012783172,-2.050634,0.046493374,0.016071891,-0.99878937,0.0,0.0,0.0,0.12662807,-0.1415438,0.10155213,-0.030557394,-0.10054785,0.07798338,-0.117827594,0.32947236,0.2544669,0.03453414,0.17414874,0.101694465,0.063752376,0.047668945,0.010312264,-0.026547337,0.056001317,-0.042049434,-0.08219481,0.14688236,-0.06898432,0.04689384,-0.0064704395,-0.1294425,-0.08526152,-0.07266607,0.041653458,-0.0071697193,-0.48950347,-1.1242319,0.27489677,0.4847677,-0.29583222,0.67791593,1.6673803,0.4090838,0.6767221,-0.823332,1.2264227,-0.14339763,0.4796076,1.8211854,0.20979561,-0.17434943,-0.62211436,0.027696872,-2.148638,0.046664324,0.007809767,-0.9988801,0.0,0.0,0.0,0.106977955,-0.15380621,0.10022521,-0.04854226,-0.08749825,0.09569168,-0.09947938,0.3154236,0.25506723,0.06099671,0.19177026,0.09117377,0.081579775,0.05076936,0.00030330187,-0.014339439,0.065883905,-0.06297726,-0.06581651,0.1449446,-0.05328845,0.066465236,-0.0032352197,-0.118203476,-0.08099844,-0.07072832,0.029420285,0.006007062,-0.4568291,-1.2949529,0.29815933,0.4128069,-0.27035034,0.52533865,1.8781506,0.5099176,0.66573703,-0.85846955,1.3210541,0.018392056,0.46930563,1.8590268,0.16877662,-0.05994339,-0.7829693,0.047936894,-2.079396,0.046040423,-0.0035916148,-0.9989332,0.0,0.0,0.0,0.08266509,-0.16688609,0.10066748,-0.06795013,-0.07220811,0.10603881,-0.0819487,0.29810482,0.25893748,0.08494623,0.21260118,0.08264339,0.08468019,0.04166188,0.0014154087,-0.008332376,0.07847936,-0.052125793,-0.030330187,0.13661222,-0.058132857,0.063171044,-0.03558742,-0.07828558,-0.066852786,-0.046700064,0.0324533,0.008913705,-0.35205805,-1.3364748,0.37911156,0.24152717,-0.21630754,0.45710984,1.7832191,0.42810065,0.5826584,-0.6794812,1.4240118,0.23590097,0.36856392,1.7990792,0.22215313,0.10216384,-0.89375675,-0.033023193,-1.7864482,0.045967568,-0.0159487,-0.9988157,0.0,0.0,0.0,0.060168892,-0.17739242,0.09855068,-0.08790302,-0.061005414,0.11545372,-0.07056433,0.27191478,0.26746786,0.10008499,0.22789133,0.07431841,0.0928188,0.040693004,0.004549528,-0.0001937762,0.076154046,-0.039724123,-0.038114935,0.107158236,-0.049606707,0.084873974,-0.046809588,-0.065496355,-0.051544465,-0.052125793,0.029824683,0.016470976,-0.24500434,-1.2009892,0.46516863,0.06703678,-0.20897946,0.27621898,1.6421254,0.46008283,0.40604913,-0.39108846,1.4950804,0.32159314,0.29949185,1.6411654,0.3592665,0.16617227,-0.7787082,-0.14061488,-1.3635383,0.046749853,-0.029058566,-0.998484,0.0,0.0,0.0,0.035371594,-0.18956399,0.09698677,-0.11018729,-0.051256,0.12771225,-0.057696402,0.2473597,0.2774042,0.115405425,0.24290901,0.06804693,0.07189097,0.025190905,0.0044484274,0.029453982,0.05716398,-0.020540277,-0.034879714,0.075572714,-0.026741115,0.08816817,-0.00808805,-0.017439857,-0.02499713,-0.022090487,0.020119024,0.027903771,-0.1494964,-1.276067,0.52489966,-0.022556225,-0.19310585,0.3784331,1.4518341,0.37133864,0.3101889,-0.16705899,1.4693722,0.30067122,0.25144956,1.6003852,0.6408234,0.14869294,-0.43963116,-1.0926951,0.38369134,0.5520365,-0.3209536,0.72123677,1.3800049,0.29018062,0.60320896,-0.70669836,1.0269444,-0.23671435,0.4542698,1.7132217,0.251342,-0.14472178
1788699164.0138507,307,0,-0.010652643,0.106526434,-1.5254585,0.04709413,0.021082062,-0.99866813,0.0,0.0,0.0,0.14243294,-0.12925112,0.10343194,-0.016327024,-0.11072111,0.058442473,-0.13693267,0.3360123,0.24438846,0.0071935356,0.15976691,0.114379525,0.023640696,0.03352328,-0.00070770434,-0.020346502,0.023253145,-0.03371706,-0.033161003,0.12033502,-0.068403,0.017052306,-0.04327107,0.0325544,-0.06607769,-0.046312507,0.03124009,0.0034879714,-0.43963116,-1.0926951,0.38369134,0.5520365,-0.3209536,0.72123677,1.3800049,0.29018062,0.60320896,-0.70669836,1.0269444,-0.23671435,0.4542698,1.7132217,0.251342,-0.14472178,-0.3813646,0.012783172,-2.050634,0.046493374,0.016071891,-0.99878937,0.0,0.0,0.0,0.12662807,-0.1415438,0.10155213,-0.030557394,-0.10054785,0.07798338,-0.117827594,0.32947236,0.2544669,0.03453414,0.17414874,0.101694465,0.063752376,0.047668945,0.010312264,-0.026547337,0.056001317,-0.042049434,-0.08219481,0.14688236,-0.06898432,0.04689384,-0.0064704395,-0.1294425,-0.08526152,-0.07266607,0.041653458,-0.0071697193,-0.48950347,-1.1242319,0.27489677,0.4847677,-0.29583222,0.67791593,1.6673803,0.4090838,0.6767221,-0.823332,1.2264227,-0.14339763,0.4796076,1.8211854,0.20979561,-0.17434943,-0.62211436,0.027696872,-2.148638,0.046664324,0.007809767,-0.9988801,0.0,0.0,0.0,0.106977955,-0.15380621,0.10022521,-0.04854226,-0.08749825,0.09569168,-0.09947938,0.3154236,0.25506723,0.06099671,0.19177026,0.09117377,0.081579775,0.05076936,0.00030330187,-0.014339439,0.065883905,-0.06297726,-0.06581651,0.1449446,-0.05328845,0.066465236,-0.0032352197,-0.118203476,-0.08099844,-0.07072832,0.029420285,0.006007062,-0.4568291,-1.2949529,0.29815933,0.4128069,-0.27035034,0.52533865,1.8781506,0.5099176,0.66573703,-0.85846955,1.3210541,0.018392056,0.46930563,1.8590268,0.16877662,-0.05994339,-0.7829693,0.047936894,-2.079396,0.046040423,-0.0035916148,-0.9989332,0.0,0.0,0.0,0.08266509,-0.16688609,0.10066748,-0.06795013,-0.07220811,0.10603881,-0.0819487,0.29810482,0.25893748,0.08494623,0.21260118,0.08264339,0.08468019,0.04166188,0.0014154087,-0.008332376,0.07847936,-0.052125793,-0.030330187,0.13661222,-0.058132857,0.063171044,-0.03558742,-0.07828558,-0.066852786,-0.046700064,0.0324533,0.008913705,-0.35205805,-1.3364748,0.37911156,0.24152717,-0.21630754,0.45710984,1.7832191,0.42810065,0.5826584,-0.6794812,1.4240118,0.23590097,0.36856392,1.7990792,0.22215313,0.10216384,-0.89375675,-0.033023193,-1.7864482,0.045967568,-0.0159487,-0.9988157,0.0,0.0,0.0,0.060168892,-0.17739242,0.09855068,-0.08790302,-0.061005414,0.11545372,-0.07056433,0.27191478,0.26746786,0.10008499,0.22789133,0.07431841,0.0928188,0.040693004,0.004549528,-0.0001937762,0.076154046,-0.039724123,-0.038114935,0.107158236,-0.049606707,0.084873974,-0.046809588,-0.065496355,-0.051544465,-0.052125793,0.029824683,0.016470976,-0.24500434,-1.2009892,0.46516863,0.06703678,-0.20897946,0.27621898,1.6421254,0.46008283,0.40604913,-0.39108846,1.4950804,0.32159314,0.29949185,1.6411654,0.3592665,0.16617227,-0.32631722,-0.9238086,0.5748829,0.49025258,-0.28847995,0.5152755,1.0414218,0.025403386,0.4229455,-0.21200344,0.79043615,-0.24625899,0.25364867,1.3379507,0.3173733,-0.077291444
1788699164.0364513,308,0,-0.043675836,0.18748651,-0.89375675,0.04865174,0.023243494,-0.9985456,0.0,0.0,0.0,0.14812511,-0.12425536,0.10346353,-0.011936784,-0.118260205,0.04886949,-0.15470558,0.34182554,0.23859096,-0.0033733249,0.1469292,0.121346,0.024803353,0.014339439,0.0016176099,-0.020346502,0.017439857,-0.027709994,-0.034677517,0.10308893,-0.058907963,0.022284262,-0.02102893,0.016470976,-0.03720503,-0.033329505,0.022141038,-0.012014124,-0.32631722,-0.9238086,0.5748829,0.49025258,-0.28847995,0.5152755,1.0414218,0.025403386,0.4229455,-0.21200344,0.79043615,-0.24625899,0.25364867,1.3379507,0.3173733,-0.077291444,-0.010652643,0.106526434,-1.5254585,0.04709413,0.021082062,-0.99866813,0.0,0.0,0.0,0.14243294,-0.12925112,0.10343194,-0.016327024,-0.11072111,0.058442473,-0.13693267,0.3360123,0.24438846,0.0071935356,0.15976691,0.114379525,0.023640696,0.03352328,-0.00070770434,-0.020346502,0.023253145,-0.03371706,-0.033161003,0.12033502,-0.068403,0.017052306,-0.04327107,0.0325544,-0.06607769,-0.046312507,0.03124009,0.0034879714,-0.43963116,-1.0926951,0.38369134,0.5520365,-0.3209536,0.72123677,1.3800049,0.29018062,0.60320896,-0.70669836,1.0269444,-0.23671435,0.4542698,1.7132217,0.251342,-0.14472178,-0.3813646,0.012783172,-2.050634,0.046493374,0.016071891,-0.99878937,0.0,0.0,0.0,0.12662807,-0.1415438,0.10155213,-0.030557394,-0.10054785,0.07798338,-0.117827594,0.32947236,0.2544669,0.03453414,0.17414874,0.101694465,0.063752376,0.047668945,0.010312264,-0.026547337,0.056001317,-0.042049434,-0.08219481,0.14688236,-0.06898432,0.04689384,-0.0064704395,-0.1294425,-0.08526152,-0.07266607,0.041653458,-0.0071697193,-0.48950347,-1.1242319,0.27489677,0.4847677,-0.29583222,0.67791593,1.6673803,0.4090838,0.6767221,-0.823332,1.2264227,-0.14339763,0.4796076,1.8211854,0.20979561,-0.17434943,-0.62211436,0.027696872,-2.148638,0.046664324,0.007809767,-0.9988801,0.0,0.0,0.0,0.106977955,-0.15380621,0.10022521,-0.04854226,-0.08749825,0.09569168,-0.09947938,0.3154236,0.25506723,0.06099671,0.19177026,0.09117377,0.081579775,0.05076936,0.00030330187,-0.014339439,0.065883905,-0.06297726,-0.06581651,0.1449446,-0.05328845,0.066465236,-0.0032352197,-0.118203476,-0.08099844,-0.07072832,0.029420285,0.006007062,-0.4568291,-1.2949529,0.29815933,0.4128069,-0.27035034,0.52533865,1.8781506,0.5099176,0.66573703,-0.85846955,1.3210541,0.018392056,0.46930563,1.8590268,0.16877662,-0.05994339,-0.7829693,0.047936894,-2.079396,0.046040423,-0.0035916148,-0.9989332,0.0,0.0,0.0,0.08266509,-0.16688609,0.10066748,-0.06795013,-0.07220811,0.10603881,-0.0819487,0.29810482,0.25893748,0.08494623,0.21260118,0.08264339,0.08468019,0.04166188,0.0014154087,-0.008332376,0.07847936,-0.052125793,-0.030330187,0.13661222,-0.058132857,0.063171044,-0.03558742,-0.07828558,-0.066852786,-0.046700064,0.0324533,0.008913705,-0.35205805,-1.3364748,0.37911156,0.24152717,-0.21630754,0.45710984,1.7832191,0.42810065,0.5826584,-0.6794812,1.4240118,0.23590097,0.36856392,1.7990792,0.22215313,0.10216384,-0.14040218,-0.80569917,1.095564,0.36745825,-0.19859418,0.11564278,0.5234625,-0.3375951,0.2007399,0.40129778,0.52868074,-0.27005813,0.0027806815,0.86556304,0.4345643,-0.014095263
1788699164.0547643,309,0,0.120374866,0.11078749,-0.15552859,0.05058604,0.023469795,-0.99844396,0.0,0.0,0.0,0.15160702,-0.12143952,0.10328984,-0.009302616,-0.124497354,0.03879106,-0.16799742,0.3454892,0.23454702,-0.010367423,0.14057094,0.124884486,-0.0011626572,0.006007062,-0.0017187105,-0.02150916,0.0021315382,-0.018796291,-0.025376258,0.08816817,-0.033329505,0.0048444048,-0.007178144,0.0032941953,-0.012014124,-0.0073634954,0.0073803454,-0.022671817,-0.14040218,-0.80569917,1.095564,0.36745825,-0.19859418,0.11564278,0.5234625,-0.3375951,0.2007399,0.40129778,0.52868074,-0.27005813,0.0027806815,0.86556304,0.4345643,-0.014095263,-0.043675836,0.18748651,-0.89375675,0.04865174,0.023243494,-0.9985456,0.0,0.0,0.0,0.14812511,-0.12425536,0.10346353,-0.011936784,-0.118260205,0.04886949,-0.15470558,0.34182554,0.23859096,-0.0033733249,0.1469292,0.121346,0.024803353,0.014339439,0.0016176099,-0.020346502,0.017439857,-0.027709994,-0.034677517,0.10308893,-0.058907963,0.022284262,-0.02102893,0.016470976,-0.03720503,-0.033329505,0.022141038,-0.012014124,-0.32631722,-0.9238086,0.5748829,0.49025258,-0.28847995,0.5152755,1.0414218,0.025403386,0.4229455,-0.21200344,0.79043615,-0.24625899,0.25364867,1.3379507,0.3173733,-0.077291444,-0.010652643,0.106526434,-1.5254585,0.04709413,0.021082062,-0.99866813,0.0,0.0,0.0,0.14243294,-0.12925112,0.10343194,-0.016327024,-0.11072111,0.058442473,-0.13693267,0.3360123,0.24438846,0.0071935356,0.15976691,0.114379525,0.023640696,0.03352328,-0.00070770434,-0.020346502,0.023253145,-0.03371706,-0.033161003,0.12033502,-0.068403,0.017052306,-0.04327107,0.0325544,-0.06607769,-0.046312507,0.03124009,0.0034879714,-0.43963116,-1.0926951,0.38369134,0.5520365,-0.3209536,0.72123677,1.3800049,0.29018062,0.60320896,-0.70669836,1.0269444,-0.23671435,0.4542698,1.7132217,0.251342,-0.14472178,-0.3813646,0.012783172,-2.050634,0.046493374,0.016071891,-0.99878937,0.0,0.0,0.0,0.12662807,-0.1415438,0.10155213,-0.030557394,-0.10054785,0.07798338,-0.117827594,0.32947236,0.2544669,0.03453414,0.17414874,0.101694465,0.063752376,0.047668945,0.010312264,-0.026547337,0.056001317,-0.042049434,-0.08219481,0.14688236,-0.06898432,0.04689384,-0.0064704395,-0.1294425,-0.08526152,-0.07266607,0.041653458,-0.0071697193,-0.48950347,-1.1242319,0.27489677,0.4847677,-0.29583222,0.67791593,1.6673803,0.4090838,0.6767221,-0.823332,1.2264227,-0.14339763,0.4796076,1.8211854,0.20979561,-0.17434943,-0.62211436,0.027696872,-2.148638,0.046664324,0.007809767,-0.9988801,0.0,0.0,0.0,0.106977955,-0.15380621,0.10022521,-0.04854226,-0.08749825,0.09569168,-0.09947938,0.3154236,0.25506723,0.06099671,0.19177026,0.09117377,0.081579775,0.05076936,0.00030330187,-0.014339439,0.065883905,-0.06297726,-0.06581651,0.1449446,-0.05328845,0.066465236,-0.0032352197,-0.118203476,-0.08099844,-0.07072832,0.029420285,0.006007062,-0.4568291,-1.2949529,0.29815933,0.4128069,-0.27035034,0.52533865,1.8781506,0.5099176,0.66573703,-0.85846955,1.3210541,0.018392056,0.46930563,1.8590268,0.16877662,-0.05994339,0.08227677,-0.71917206,1.6618704,0.38472515,-0.009881575,-0.37221897,0.14276704,-0.7007047,-0.050671816,0.9880119,0.43821308,-0.29595158,-0.25274774,0.346411,0.60565794,-0.07306595
1788699164.0736222,310,0,0.14700648,0.023435814,0.21944445,0.051491417,0.022303011,-0.99842453,0.0,0.0,0.0,0.15057759,-0.12162119,0.1028949,-0.010755897,-0.12807012,0.0363425,-0.16948098,0.34470195,0.23426259,-0.011336327,0.14102513,0.12518466,-0.0062008384,-0.0027128668,-0.0010110063,-0.02344692,-0.011820348,-0.017633634,-0.0031341196,0.08177356,0.009107481,-0.011432796,-0.0010110063,0.0063946145,-0.0017439857,0.0034879714,0.00060660375,-0.03701125,0.08227677,-0.71917206,1.6618704,0.38472515,-0.009881575,-0.37221897,0.14276704,-0.7007047,-0.050671816,0.9880119,0.43821308,-0.29595158,-0.25274774,0.346411,0.60565794,-0.07306595,0.120374866,0.11078749,-0.15552859,0.05058604,0.023469795,-0.99844396,0.0,0.0,0.0,0.15160702,-0.12143952,0.10328984,-0.009302616,-0.124497354,0.03879106,-0.16799742,0.3454892,0.23454702,-0.010367423,0.14057094,0.124884486,-0.0011626572,0.006007062,-0.0017187105,-0.02150916,0.0021315382,-0.018796291,-0.025376258,0.08816817,-0.033329505,0.0048444048,-0.007178144,0.0032941953,-0.012014124,-0.0073634954,0.0073803454,-0.022671817,-0.14040218,-0.80569917,1.095564,0.36745825,-0.19859418,0.11564278,0.5234625,-0.3375951,0.2007399,0.40129778,0.52868074,-0.27005813,0.0027806815,0.86556304,0.4345643,-0.014095263,-0.043675836,0.18748651,-0.89375675,0.04865174,0.023243494,-0.9985456,0.0,0.0,0.0,0.14812511,-0.12425536,0.10346353,-0.011936784,-0.118260205,0.04886949,-0.15470558,0.34182554,0.23859096,-0.0033733249,0.1469292,0.121346,0.024803353,0.014339439,0.0016176099,-0.020346502,0.017439857,-0.027709994,-0.034677517,0.10308893,-0.058907963,0.022284262,-0.02102893,0.016470976,-0.03720503,-0.033329505,0.022141038,-0.012014124,-0.32631722,-0.9238086,0.5748829,0.49025258,-0.28847995,0.5152755,1.0414218,0.025403386,0.4229455,-0.21200344,0.79043615,-0.24625899,0.25364867,1.3379507,0.3173733,-0.077291444,-0.010652643,0.106526434,-1.5254585,0.04709413,0.021082062,-0.99866813,0.0,0.0,0.0,0.14243294,-0.12925112,0.10343194,-0.016327024,-0.11072111,0.058442473,-0.13693267,0.3360123,0.24438846,0.0071935356,0.15976691,0.114379525,0.023640696,0.03352328,-0.00070770434,-0.020346502,0.023253145,-0.03371706,-0.033161003,0.12033502,-0.068403,0.017052306,-0.04327107,0.0325544,-0.06607769,-0.046312507,0.03124009,0.0034879714,-0.43963116,-1.0926951,0.38369134,0.5520365,-0.3209536,0.72123677,1.3800049,0.29018062,0.60320896,-0.70669836,1.0269444,-0.23671435,0.4542698,1.7132217,0.251342,-0.14472178,-0.3813646,0.012783172,-2.050634,0.046493374,0.016071891,-0.99878937,0.0,0.0,0.0,0.12662807,-0.1415438,0.10155213,-0.030557394,-0.10054785,0.07798338,-0.117827594,0.32947236,0.2544669,0.03453414,0.17414874,0.101694465,0.063752376,0.047668945,0.010312264,-0.026547337,0.056001317,-0.042049434,-0.08219481,0.14688236,-0.06898432,0.04689384,-0.0064704395,-0.1294425,-0.08526152,-0.07266607,0.041653458,-0.0071697193,-0.48950347,-1.1242319,0.27489677,0.4847677,-0.29583222,0.67791593,1.6673803,0.4090838,0.6767221,-0.823332,1.2264227,-0.14339763,0.4796076,1.8211854,0.20979561,-0.17434943,0.19969128,-0.7897277,1.8835284,0.4029789,0.091348134,-0.5907063,0.05796729,-0.9332164,-0.17256577,1.2568879,0.43382177,-0.26511455,-0.36168674,0.17801079,0.6842117,-0.22233182
1788699164.0941262,311,0,0.045806367,-0.03728425,0.49641317,0.05156629,0.021096352,-0.9984469,0.0,0.0,0.0,0.14742872,-0.12422508,0.10262632,-0.014116764,-0.13246036,0.036595225,-0.16563576,0.34279448,0.2344048,-0.009065509,0.14326566,0.12474227,-0.008913705,-0.011045244,-0.0018198112,-0.023059366,-0.009107481,-0.010270138,0.0013143081,0.07964202,0.018796291,-0.0040693,-0.00060660375,0.0032941953,0.016664753,0.0096888095,-0.0033363204,-0.0081386,0.19969128,-0.7897277,1.8835284,0.4029789,0.091348134,-0.5907063,0.05796729,-0.9332164,-0.17256577,1.2568879,0.43382177,-0.26511455,-0.36168674,0.17801079,0.6842117,-0.22233182,0.14700648,0.023435814,0.21944445,0.051491417,0.022303011,-0.99842453,0.0,0.0,0.0,0.15057759,-0.12162119,0.1028949,-0.010755897,-0.12807012,0.0363425,-0.16948098,0.34470195,0.23426259,-0.011336327,0.14102513,0.12518466,-0.0062008384,-0.0027128668,-0.0010110063,-0.02344692,-0.011820348,-0.017633634,-0.0031341196,0.08177356,0.009107481,-0.011432796,-0.0010110063,0.0063946145,-0.0017439857,0.0034879714,0.00060660375,-0.03701125,0.08227677,-0.71917206,1.6618704,0.38472515,-0.009881575,-0.37221897,0.14276704,-0.7007047,-0.050671816,0.9880119,0.43821308,-0.29595158,-0.25274774,0.346411,0.60565794,-0.07306595,0.120374866,0.11078749,-0.15552859,0.05058604,0.023469795,-0.99844396,0.0,0.0,0.0,0.15160702,-0.12143952,0.10328984,-0.009302616,-0.124497354,0.03879106,-0.16799742,0.3454892,0.23454702,-0.010367423,0.14057094,0.124884486,-0.0011626572,0.006007062,-0.0017187105,-0.02150916,0.0021315382,-0.018796291,-0.025376258,0.08816817,-0.033329505,0.0048444048,-0.007178144,0.0032941953,-0.012014124,-0.0073634954,0.0073803454,-0.022671817,-0.14040218,-0.80569917,1.095564,0.36745825,-0.19859418,0.11564278,0.5234625,-0.3375951,0.2007399,0.40129778,0.52868074,-0.27005813,0.0027806815,0.86556304,0.4345643,-0.014095263,-0.043675836,0.18748651,-0.89375675,0.04865174,0.023243494,-0.9985456,0.0,0.0,0.0,0.14812511,-0.12425536,0.10346353,-0.011936784,-0.118260205,0.04886949,-0.15470558,0.34182554,0.23859096,-0.0033733249,0.1469292,0.121346,0.024803353,0.014339439,0.0016176099,-0.020346502,0.017439857,-0.027709994,-0.034677517,0.10308893,-0.058907963,0.022284262,-0.02102893,0.016470976,-0.03720503,-0.033329505,0.022141038,-0.012014124,-0.32631722,-0.9238086,0.5748829,0.49025258,-0.28847995,0.5152755,1.0414218,0.025403386,0.4229455,-0.21200344,0.79043615,-0.24625899,0.25364867,1.3379507,0.3173733,-0.077291444,-0.010652643,0.106526434,-1.5254585,0.04709413,0.021082062,-0.99866813,0.0,0.0,0.0,0.14243294,-0.12925112,0.10343194,-0.016327024,-0.11072111,0.058442473,-0.13693267,0.3360123,0.24438846,0.0071935356,0.15976691,0.114379525,0.023640696,0.03352328,-0.00070770434,-0.020346502,0.023253145,-0.03371706,-0.033161003,0.12033502,-0.068403,0.017052306,-0.04327107,0.0325544,-0.06607769,-0.046312507,0.03124009,0.0034879714,-0.43963116,-1.0926951,0.38369134,0.5520365,-0.3209536,0.72123677,1.3800049,0.29018062,0.60320896,-0.70669836,1.0269444,-0.23671435,0.4542698,1.7132217,0.251342,-0.14472178,0.27396882,-0.76788014,1.9039606,0.34171474,0.17081954,-0.819919,-0.001135882,-1.0313944,-0.23983102,1.4974025,0.44875363,-0.29808173,-0.45327047,0.023949934,0.7761309,-0.43483183
1788699164.1250422,312,0,0.28122976,-0.058589537,1.1515508,0.051182695,0.01659408,-0.99855155,0.0,0.0,0.0,0.13298635,-0.13660854,0.09610212,-0.030799627,-0.1082989,0.055330515,-0.1466518,0.3056137,0.25088108,0.014793187,0.16715461,0.112531185,-0.05793908,-0.039530348,-0.009402358,0.060651947,-0.08177356,0.012983005,0.016883804,0.018990068,0.043212093,-0.07770425,0.1288022,0.048056494,0.04166188,0.06394615,-0.07441006,0.010851467,0.27396882,-0.76788014,1.9039606,0.34171474,0.17081954,-0.819919,-0.001135882,-1.0313944,-0.23983102,1.4974025,0.44875363,-0.29808173,-0.45327047,0.023949934,0.7761309,-0.43483183,0.045806367,-0.03728425,0.49641317,0.05156629,0.021096352,-0.9984469,0.0,0.0,0.0,0.14742872,-0.12422508,0.10262632,-0.014116764,-0.13246036,0.036595225,-0.16563576,0.34279448,0.2344048,-0.009065509,0.14326566,0.12474227,-0.008913705,-0.011045244,-0.0018198112,-0.023059366,-0.009107481,-0.010270138,0.0013143081,0.07964202,0.018796291,-0.0040693,-0.00060660375,0.0032941953,0.016664753,0.0096888095,-0.0033363204,-0.0081386,0.19969128,-0.7897277,1.8835284,0.4029789,0.091348134,-0.5907063,0.05796729,-0.9332164,-0.17256577,1.2568879,0.43382177,-0.26511455,-0.36168674,0.17801079,0.6842117,-0.22233182,0.14700648,0.023435814,0.21944445,0.051491417,0.022303011,-0.99842453,0.0,0.0,0.0,0.15057759,-0.12162119,0.1028949,-0.010755897,-0.12807012,0.0363425,-0.16948098,0.34470195,0.23426259,-0.011336327,0.14102513,0.12518466,-0.0062008384,-0.0027128668,-0.0010110063,-0.02344692,-0.011820348,-0.017633634,-0.0031341196,0.08177356,0.009107481,-0.011432796,-0.0010110063,0.0063946145,-0.0017439857,0.0034879714,0.00060660375,-0.03701125,0.08227677,-0.71917206,1.6618704,0.38472515,-0.009881575,-0.37221897,0.14276704,-0.7007047,-0.050671816,0.9880119,0.43821308,-0.29595158,-0.25274774,0.346411,0.60565794,-0.07306595,0.120374866,0.11078749,-0.15552859,0.05058604,0.023469795,-0.99844396,0.0,0.0,0.0,0.15160702,-0.12143952,0.10328984,-0.009302616,-0.124497354,0.03879106,-0.16799742,0.3454892,0.23454702,-0.010367423,0.14057094,0.124884486,-0.0011626572,0.006007062,-0.0017187105,-0.02150916,0.0021315382,-0.018796291,-0.025376258,0.08816817,-0.033329505,0.0048444048,-0.007178144,0.0032941953,-0.012014124,-0.0073634954,0.0073803454,-0.022671817,-0.14040218,-0.80569917,1.095564,0.36745825,-0.19859418,0.11564278,0.5234625,-0.3375951,0.2007399,0.40129778,0.52868074,-0.27005813,0.0027806815,0.86556304,0.4345643,-0.014095263,-0.043675836,0.18748651,-0.89375675,0.04865174,0.023243494,-0.9985456,0.0,0.0,0.0,0.14812511,-0.12425536,0.10346353,-0.011936784,-0.118260205,0.04886949,-0.15470558,0.34182554,0.23859096,-0.0033733249,0.1469292,0.121346,0.024803353,0.014339439,0.0016176099,-0.020346502,0.017439857,-0.027709994,-0.034677517,0.10308893,-0.058907963,0.022284262,-0.02102893,0.016470976,-0.03720503,-0.033329505,0.022141038,-0.012014124,-0.32631722,-0.9238086,0.5748829,0.49025258,-0.28847995,0.5152755,1.0414218,0.025403386,0.4229455,-0.21200344,0.79043615,-0.24625899,0.25364867,1.3379507,0.3173733,-0.077291444,0.3197722,-0.61422765,1.7285604,0.1804453,0.23855574,-1.0641782,-0.19554177,-0.8746026,-0.32834715,1.6921407,0.6122641,-0.42573115,-0.5244681,-0.063627176,0.76547605,-0.53192675
1788699164.143175,313,0,0.8255798,0.35260248,2.1699433,0.05435691,0.0044968775,-0.9985116,0.0,0.0,0.0,0.10967265,-0.1571973,0.09098399,-0.053961992,-0.105816126,0.07310212,-0.123640835,0.26640427,0.281227,0.04207325,0.20509237,0.08712971,-0.06607769,-0.089524604,-0.017389307,0.118203476,-0.09146237,0.015114543,0.06278349,-0.0075572715,0.053676005,-0.09572544,0.054998737,0.08196733,0.09165614,0.10483291,-0.08411572,0.030810416,0.3197722,-0.61422765,1.7285604,0.1804453,0.23855574,-1.0641782,-0.19554177,-0.8746026,-0.32834715,1.6921407,0.6122641,-0.42573115,-0.5244681,-0.063627176,0.76547605,-0.53192675,0.28122976,-0.058589537,1.1515508,0.051182695,0.01659408,-0.99855155,0.0,0.0,0.0,0.13298635,-0.13660854,0.09610212,-0.030799627,-0.1082989,0.055330515,-0.1466518,0.3056137,0.25088108,0.014793187,0.16715461,0.112531185,-0.05793908,-0.039530348,-0.009402358,0.060651947,-0.08177356,0.012983005,0.016883804,0.018990068,0.043212093,-0.07770425,0.1288022,0.048056494,0.04166188,0.06394615,-0.07441006,0.010851467,0.27396882,-0.76788014,1.9039606,0.34171474,0.17081954,-0.819919,-0.001135882,-1.0313944,-0.23983102,1.4974025,0.44875363,-0.29808173,-0.45327047,0.023949934,0.7761309,-0.43483183,0.045806367,-0.03728425,0.49641317,0.05156629,0.021096352,-0.9984469,0.0,0.0,0.0,0.14742872,-0.12422508,0.10262632,-0.014116764,-0.13246036,0.036595225,-0.16563576,0.34279448,0.2344048,-0.009065509,0.14326566,0.12474227,-0.008913705,-0.011045244,-0.0018198112,-0.023059366,-0.009107481,-0.010270138,0.0013143081,0.07964202,0.018796291,-0.0040693,-0.00060660375,0.0032941953,0.016664753,0.0096888095,-0.0033363204,-0.0081386,0.19969128,-0.7897277,1.8835284,0.4029789,0.091348134,-0.5907063,0.05796729,-0.9332164,-0.17256577,1.2568879,0.43382177,-0.26511455,-0.36168674,0.17801079,0.6842117,-0.22233182,0.14700648,0.023435814,0.21944445,0.051491417,0.022303011,-0.99842453,0.0,0.0,0.0,0.15057759,-0.12162119,0.1028949,-0.010755897,-0.12807012,0.0363425,-0.16948098,0.34470195,0.23426259,-0.011336327,0.14102513,0.12518466,-0.0062008384,-0.0027128668,-0.0010110063,-0.02344692,-0.011820348,-0.017633634,-0.0031341196,0.08177356,0.009107481,-0.011432796,-0.0010110063,0.0063946145,-0.0017439857,0.0034879714,0.00060660375,-0.03701125,0.08227677,-0.71917206,1.6618704,0.38472515,-0.009881575,-0.37221897,0.14276704,-0.7007047,-0.050671816,0.9880119,0.43821308,-0.29595158,-0.25274774,0.346411,0.60565794,-0.07306595,0.120374866,0.11078749,-0.15552859,0.05058604,0.023469795,-0.99844396,0.0,0.0,0.0,0.15160702,-0.12143952,0.10328984,-0.009302616,-0.124497354,0.03879106,-0.16799742,0.3454892,0.23454702,-0.010367423,0.14057094,0.124884486,-0.0011626572,0.006007062,-0.0017187105,-0.02150916,0.0021315382,-0.018796291,-0.025376258,0.08816817,-0.033329505,0.0048444048,-0.007178144,0.0032941953,-0.012014124,-0.0073634954,0.0073803454,-0.022671817,-0.14040218,-0.80569917,1.095564,0.36745825,-0.19859418,0.11564278,0.5234625,-0.3375951,0.2007399,0.40129778,0.52868074,-0.27005813,0.0027806815,0.86556304,0.4345643,-0.014095263,0.37866762,-0.19399963,1.479261,0.10977101,0.4671229,-1.8113171,-0.030343661,-0.5645124,-0.4355203,2.3920267,0.84229803,-0.6304197,-0.5697236,-0.1772151,0.5416475,-0.7797182
1788699164.1617045,314,0,0.71798813,0.390952,2.7696872,0.058793146,-0.0060860296,-0.9982516,0.0,0.0,0.0,0.087842554,-0.17811906,0.08447564,-0.07530761,-0.09988171,0.08965731,-0.105383456,0.23709565,0.2926798,0.06826331,0.23434049,0.06550372,-0.1180097,-0.095144115,-0.03831714,0.14998278,-0.09495033,0.010463915,0.06996163,-0.01065769,0.086230405,-0.14901389,0.061671376,0.08506774,0.15269564,0.14882012,-0.08189151,0.02189671,0.37866762,-0.19399963,1.479261,0.10977101,0.4671229,-1.8113171,-0.030343661,-0.5645124,-0.4355203,2.3920267,0.84229803,-0.6304197,-0.5697236,-0.1772151,0.5416475,-0.7797182,0.8255798,0.35260248,2.1699433,0.05435691,0.0044968775,-0.9985116,0.0,0.0,0.0,0.10967265,-0.1571973,0.09098399,-0.053961992,-0.105816126,0.07310212,-0.123640835,0.26640427,0.281227,0.04207325,0.20509237,0.08712971,-0.06607769,-0.089524604,-0.017389307,0.118203476,-0.09146237,0.015114543,0.06278349,-0.0075572715,0.053676005,-0.09572544,0.054998737,0.08196733,0.09165614,0.10483291,-0.08411572,0.030810416,0.3197722,-0.61422765,1.7285604,0.1804453,0.23855574,-1.0641782,-0.19554177,-0.8746026,-0.32834715,1.6921407,0.6122641,-0.42573115,-0.5244681,-0.063627176,0.76547605,-0.53192675,0.28122976,-0.058589537,1.1515508,0.051182695,0.01659408,-0.99855155,0.0,0.0,0.0,0.13298635,-0.13660854,0.09610212,-0.030799627,-0.1082989,0.055330515,-0.1466518,0.3056137,0.25088108,0.014793187,0.16715461,0.112531185,-0.05793908,-0.039530348,-0.009402358,0.060651947,-0.08177356,0.012983005,0.016883804,0.018990068,0.043212093,-0.07770425,0.1288022,0.048056494,0.04166188,0.06394615,-0.07441006,0.010851467,0.27396882,-0.76788014,1.9039606,0.34171474,0.17081954,-0.819919,-0.001135882,-1.0313944,-0.23983102,1.4974025,0.44875363,-0.29808173,-0.45327047,0.023949934,0.7761309,-0.43483183,0.045806367,-0.03728425,0.49641317,0.05156629,0.021096352,-0.9984469,0.0,0.0,0.0,0.14742872,-0.12422508,0.10262632,-0.014116764,-0.13246036,0.036595225,-0.16563576,0.34279448,0.2344048,-0.009065509,0.14326566,0.12474227,-0.008913705,-0.011045244,-0.0018198112,-0.023059366,-0.009107481,-0.010270138,0.0013143081,0.07964202,0.018796291,-0.0040693,-0.00060660375,0.0032941953,0.016664753,0.0096888095,-0.0033363204,-0.0081386,0.19969128,-0.7897277,1.8835284,0.4029789,0.091348134,-0.5907063,0.05796729,-0.9332164,-0.17256577,1.2568879,0.43382177,-0.26511455,-0.36168674,0.17801079,0.6842117,-0.22233182,0.14700648,0.023435814,0.21944445,0.051491417,0.022303011,-0.99842453,0.0,0.0,0.0,0.15057759,-0.12162119,0.1028949,-0.010755897,-0.12807012,0.0363425,-0.16948098,0.34470195,0.23426259,-0.011336327,0.14102513,0.12518466,-0.0062008384,-0.0027128668,-0.0010110063,-0.02344692,-0.011820348,-0.017633634,-0.0031341196,0.08177356,0.009107481,-0.011432796,-0.0010110063,0.0063946145,-0.0017439857,0.0034879714,0.00060660375,-0.03701125,0.08227677,-0.71917206,1.6618704,0.38472515,-0.009881575,-0.37221897,0.14276704,-0.7007047,-0.050671816,0.9880119,0.43821308,-0.29595158,-0.25274774,0.346411,0.60565794,-0.07306595,0.35819685,-0.009021215,1.1653973,-0.11349891,0.48850906,-2.0395167,-0.034093812,-0.2459644,-0.41774255,2.591146,0.97703296,-0.7937681,-0.55156153,-0.1919759,0.36520115,-0.7936383
1788699164.1846762,315,0,0.8394283,0.42610574,3.5483954,0.06617901,-0.021641986,-0.9975731,0.0,0.0,0.0,0.049299255,-0.21442181,0.07025838,-0.10879457,-0.08707434,0.1155169,-0.06868714,0.17850858,0.31789184,0.12848532,0.28490394,0.04477799,-0.13234913,-0.11568439,-0.054392137,0.20714675,-0.1065769,0.037398808,0.10099953,0.010463915,0.13777487,-0.24590199,0.062176883,0.064915024,0.21683557,0.17052305,-0.0493371,-0.011239019,0.35819685,-0.009021215,1.1653973,-0.11349891,0.48850906,-2.0395167,-0.034093812,-0.2459644,-0.41774255,2.591146,0.97703296,-0.7937681,-0.55156153,-0.1919759,0.36520115,-0.7936383,0.71798813,0.390952,2.7696872,0.058793146,-0.0060860296,-0.9982516,0.0,0.0,0.0,0.087842554,-0.17811906,0.08447564,-0.07530761,-0.09988171,0.08965731,-0.105383456,0.23709565,0.2926798,0.06826331,0.23434049,0.06550372,-0.1180097,-0.095144115,-0.03831714,0.14998278,-0.09495033,0.010463915,0.06996163,-0.01065769,0.086230405,-0.14901389,0.061671376,0.08506774,0.15269564,0.14882012,-0.08189151,0.02189671,0.37866762,-0.19399963,1.479261,0.10977101,0.4671229,-1.8113171,-0.030343661,-0.5645124,-0.4355203,2.3920267,0.84229803,-0.6304197,-0.5697236,-0.1772151,0.5416475,-0.7797182,0.8255798,0.35260248,2.1699433,0.05435691,0.0044968775,-0.9985116,0.0,0.0,0.0,0.10967265,-0.1571973,0.09098399,-0.053961992,-0.105816126,0.07310212,-0.123640835,0.26640427,0.281227,0.04207325,0.20509237,0.08712971,-0.06607769,-0.089524604,-0.017389307,0.118203476,-0.09146237,0.015114543,0.06278349,-0.0075572715,0.053676005,-0.09572544,0.054998737,0.08196733,0.09165614,0.10483291,-0.08411572,0.030810416,0.3197722,-0.61422765,1.7285604,0.1804453,0.23855574,-1.0641782,-0.19554177,-0.8746026,-0.32834715,1.6921407,0.6122641,-0.42573115,-0.5244681,-0.063627176,0.76547605,-0.53192675,0.28122976,-0.058589537,1.1515508,0.051182695,0.01659408,-0.99855155,0.0,0.0,0.0,0.13298635,-0.13660854,0.09610212,-0.030799627,-0.1082989,0.055330515,-0.1466518,0.3056137,0.25088108,0.014793187,0.16715461,0.112531185,-0.05793908,-0.039530348,-0.009402358,0.060651947,-0.08177356,0.012983005,0.016883804,0.018990068,0.043212093,-0.07770425,0.1288022,0.048056494,0.04166188,0.06394615,-0.07441006,0.010851467,0.27396882,-0.76788014,1.9039606,0.34171474,0.17081954,-0.819919,-0.001135882,-1.0313944,-0.23983102,1.4974025,0.44875363,-0.29808173,-0.45327047,0.023949934,0.7761309,-0.43483183,0.045806367,-0.03728425,0.49641317,0.05156629,0.021096352,-0.9984469,0.0,0.0,0.0,0.14742872,-0.12422508,0.10262632,-0.014116764,-0.13246036,0.036595225,-0.16563576,0.34279448,0.2344048,-0.009065509,0.14326566,0.12474227,-0.008913705,-0.011045244,-0.0018198112,-0.023059366,-0.009107481,-0.010270138,0.0013143081,0.07964202,0.018796291,-0.0040693,-0.00060660375,0.0032941953,0.016664753,0.0096888095,-0.0033363204,-0.0081386,0.19969128,-0.7897277,1.8835284,0.4029789,0.091348134,-0.5907063,0.05796729,-0.9332164,-0.17256577,1.2568879,0.43382177,-0.26511455,-0.36168674,0.17801079,0.6842117,-0.22233182,0.3788087,0.18372306,0.875644,-0.17637794,0.5492858,-2.3638604,0.07604242,0.13871336,-0.45308757,2.9026527,1.1032387,-0.9940802,-0.5506879,-0.20211013,0.09419504,-0.7031975
1788699164.202487,316,0,0.70307446,0.41012678,4.0160465,0.07121796,-0.03470764,-0.9968568,0.0,0.0,0.0,0.008878754,-0.24388185,0.0581578,-0.14318979,-0.07671946,0.14057088,-0.03810686,0.13206285,0.34198213,0.19594365,0.32032865,0.036658406,-0.14882012,-0.11955991,-0.04691069,0.21702933,-0.107158236,0.051156916,0.12536478,-0.0048444048,0.1278923,-0.19261353,0.11303051,0.081192225,0.22943102,0.11529683,-0.0324533,-0.01724608,0.3788087,0.18372306,0.875644,-0.17637794,0.5492858,-2.3638604,0.07604242,0.13871336,-0.45308757,2.9026527,1.1032387,-0.9940802,-0.5506879,-0.20211013,0.09419504,-0.7031975,0.8394283,0.42610574,3.5483954,0.06617901,-0.021641986,-0.9975731,0.0,0.0,0.0,0.049299255,-0.21442181,0.07025838,-0.10879457,-0.08707434,0.1155169,-0.06868714,0.17850858,0.31789184,0.12848532,0.28490394,0.04477799,-0.13234913,-0.11568439,-0.054392137,0.20714675,-0.1065769,0.037398808,0.10099953,0.010463915,0.13777487,-0.24590199,0.062176883,0.064915024,0.21683557,0.17052305,-0.0493371,-0.011239019,0.35819685,-0.009021215,1.1653973,-0.11349891,0.48850906,-2.0395167,-0.034093812,-0.2459644,-0.41774255,2.591146,0.97703296,-0.7937681,-0.55156153,-0.1919759,0.36520115,-0.7936383,0.71798813,0.390952,2.7696872,0.058793146,-0.0060860296,-0.9982516,0.0,0.0,0.0,0.087842554,-0.17811906,0.08447564,-0.07530761,-0.09988171,0.08965731,-0.105383456,0.23709565,0.2926798,0.06826331,0.23434049,0.06550372,-0.1180097,-0.095144115,-0.03831714,0.14998278,-0.09495033,0.010463915,0.06996163,-0.01065769,0.086230405,-0.14901389,0.061671376,0.08506774,0.15269564,0.14882012,-0.08189151,0.02189671,0.37866762,-0.19399963,1.479261,0.10977101,0.4671229,-1.8113171,-0.030343661,-0.5645124,-0.4355203,2.3920267,0.84229803,-0.6304197,-0.5697236,-0.1772151,0.5416475,-0.7797182,0.8255798,0.35260248,2.1699433,0.05435691,0.0044968775,-0.9985116,0.0,0.0,0.0,0.10967265,-0.1571973,0.09098399,-0.053961992,-0.105816126,0.07310212,-0.123640835,0.26640427,0.281227,0.04207325,0.20509237,0.08712971,-0.06607769,-0.089524604,-0.017389307,0.118203476,-0.09146237,0.015114543,0.06278349,-0.0075572715,0.053676005,-0.09572544,0.054998737,0.08196733,0.09165614,0.10483291,-0.08411572,0.030810416,0.3197722,-0.61422765,1.7285604,0.1804453,0.23855574,-1.0641782,-0.19554177,-0.8746026,-0.32834715,1.6921407,0.6122641,-0.42573115,-0.5244681,-0.063627176,0.76547605,-0.53192675,0.28122976,-0.058589537,1.1515508,0.051182695,0.01659408,-0.99855155,0.0,0.0,0.0,0.13298635,-0.13660854,0.09610212,-0.030799627,-0.1082989,0.055330515,-0.1466518,0.3056137,0.25088108,0.014793187,0.16715461,0.112531185,-0.05793908,-0.039530348,-0.009402358,0.060651947,-0.08177356,0.012983005,0.016883804,0.018990068,0.043212093,-0.07770425,0.1288022,0.048056494,0.04166188,0.06394615,-0.07441006,0.010851467,0.27396882,-0.76788014,1.9039606,0.34171474,0.17081954,-0.819919,-0.001135882,-1.0313944,-0.23983102,1.4974025,0.44875363,-0.29808173,-0.45327047,0.023949934,0.7761309,-0.43483183,0.4229644,0.18655357,0.79444855,-0.31430817,0.5817332,-2.4459581,-0.0054014996,0.35985,-0.41442627,2.8886392,1.113267,-1.0669136,-0.5125594,-0.12157139,-0.14166476,-0.580802
1788699164.22891,317,0,0.7552724,0.14274542,4.259992,0.07352752,-0.048159067,-0.99612975,0.0,0.0,0.0,-0.02427514,-0.26952693,0.046278477,-0.17240763,-0.0570693,0.16456652,-0.00029021502,0.081953585,0.36247087,0.24750629,0.34558004,0.029549718,-0.14920767,-0.108902216,-0.041754555,0.20637165,-0.1058018,0.08564907,0.0816893,0.0069759428,0.14436327,-0.20346501,0.08563223,0.0067821667,0.21838577,0.07770425,-0.0046506287,-0.03371706,0.4229644,0.18655357,0.79444855,-0.31430817,0.5817332,-2.4459581,-0.0054014996,0.35985,-0.41442627,2.8886392,1.113267,-1.0669136,-0.5125594,-0.12157139,-0.14166476,-0.580802,0.70307446,0.41012678,4.0160465,0.07121796,-0.03470764,-0.9968568,0.0,0.0,0.0,0.008878754,-0.24388185,0.0581578,-0.14318979,-0.07671946,0.14057088,-0.03810686,0.13206285,0.34198213,0.19594365,0.32032865,0.036658406,-0.14882012,-0.11955991,-0.04691069,0.21702933,-0.107158236,0.051156916,0.12536478,-0.0048444048,0.1278923,-0.19261353,0.11303051,0.081192225,0.22943102,0.11529683,-0.0324533,-0.01724608,0.3788087,0.18372306,0.875644,-0.17637794,0.5492858,-2.3638604,0.07604242,0.13871336,-0.45308757,2.9026527,1.1032387,-0.9940802,-0.5506879,-0.20211013,0.09419504,-0.7031975,0.8394283,0.42610574,3.5483954,0.06617901,-0.021641986,-0.9975731,0.0,0.0,0.0,0.049299255,-0.21442181,0.07025838,-0.10879457,-0.08707434,0.1155169,-0.06868714,0.17850858,0.31789184,0.12848532,0.28490394,0.04477799,-0.13234913,-0.11568439,-0.054392137,0.20714675,-0.1065769,0.037398808,0.10099953,0.010463915,0.13777487,-0.24590199,0.062176883,0.064915024,0.21683557,0.17052305,-0.0493371,-0.011239019,0.35819685,-0.009021215,1.1653973,-0.11349891,0.48850906,-2.0395167,-0.034093812,-0.2459644,-0.41774255,2.591146,0.97703296,-0.7937681,-0.55156153,-0.1919759,0.36520115,-0.7936383,0.71798813,0.390952,2.7696872,0.058793146,-0.0060860296,-0.9982516,0.0,0.0,0.0,0.087842554,-0.17811906,0.08447564,-0.07530761,-0.09988171,0.08965731,-0.105383456,0.23709565,0.2926798,0.06826331,0.23434049,0.06550372,-0.1180097,-0.095144115,-0.03831714,0.14998278,-0.09495033,0.010463915,0.06996163,-0.01065769,0.086230405,-0.14901389,0.061671376,0.08506774,0.15269564,0.14882012,-0.08189151,0.02189671,0.37866762,-0.19399963,1.479261,0.10977101,0.4671229,-1.8113171,-0.030343661,-0.5645124,-0.4355203,2.3920267,0.84229803,-0.6304197,-0.5697236,-0.1772151,0.5416475,-0.7797182,0.8255798,0.35260248,2.1699433,0.05435691,0.0044968775,-0.9985116,0.0,0.0,0.0,0.10967265,-0.1571973,0.09098399,-0.053961992,-0.105816126,0.07310212,-0.123640835,0.26640427,0.281227,0.04207325,0.20509237,0.08712971,-0.06607769,-0.089524604,-0.017389307,0.118203476,-0.09146237,0.015114543,0.06278349,-0.0075572715,0.053676005,-0.09572544,0.054998737,0.08196733,0.09165614,0.10483291,-0.08411572,0.030810416,0.3197722,-0.61422765,1.7285604,0.1804453,0.23855574,-1.0641782,-0.19554177,-0.8746026,-0.32834715,1.6921407,0.6122641,-0.42573115,-0.5244681,-0.063627176,0.76547605,-0.53192675,0.44860306,0.23972863,0.60126376,-0.2717324,0.56186634,-2.347379,-0.039935436,0.5956843,-0.41155732,2.9078658,1.1482902,-1.0789069,-0.45895174,-0.026362956,-0.13090575,-0.42493707
1788699164.244668,318,0,0.80853564,-0.11291802,4.161988,0.070822716,-0.06349307,-0.9954662,0.0,0.0,0.0,-0.06521036,-0.2943545,0.03523636,-0.20062625,-0.02936536,0.18992066,0.039524734,0.02960372,0.38354397,0.30351973,0.36592656,0.028823137,-0.14145663,-0.08041712,-0.036092922,0.18641269,-0.09708188,0.102507606,0.09634889,0.022090487,0.1399064,-0.1838936,0.061974682,-0.020734053,0.22342396,0.07130964,-0.009604559,-0.023253145,0.44860306,0.23972863,0.60126376,-0.2717324,0.56186634,-2.347379,-0.039935436,0.5956843,-0.41155732,2.9078658,1.1482902,-1.0789069,-0.45895174,-0.026362956,-0.13090575,-0.42493707,0.7552724,0.14274542,4.259992,0.07352752,-0.048159067,-0.99612975,0.0,0.0,0.0,-0.02427514,-0.26952693,0.046278477,-0.17240763,-0.0570693,0.16456652,-0.00029021502,0.081953585,0.36247087,0.24750629,0.34558004,0.029549718,-0.14920767,-0.108902216,-0.041754555,0.20637165,-0.1058018,0.08564907,0.0816893,0.0069759428,0.14436327,-0.20346501,0.08563223,0.0067821667,0.21838577,0.07770425,-0.0046506287,-0.03371706,0.4229644,0.18655357,0.79444855,-0.31430817,0.5817332,-2.4459581,-0.0054014996,0.35985,-0.41442627,2.8886392,1.113267,-1.0669136,-0.5125594,-0.12157139,-0.14166476,-0.580802,0.70307446,0.41012678,4.0160465,0.07121796,-0.03470764,-0.9968568,0.0,0.0,0.0,0.008878754,-0.24388185,0.0581578,-0.14318979,-0.07671946,0.14057088,-0.03810686,0.13206285,0.34198213,0.19594365,0.32032865,0.036658406,-0.14882012,-0.11955991,-0.04691069,0.21702933,-0.107158236,0.051156916,0.12536478,-0.0048444048,0.1278923,-0.19261353,0.11303051,0.081192225,0.22943102,0.11529683,-0.0324533,-0.01724608,0.3788087,0.18372306,0.875644,-0.17637794,0.5492858,-2.3638604,0.07604242,0.13871336,-0.45308757,2.9026527,1.1032387,-0.9940802,-0.5506879,-0.20211013,0.09419504,-0.7031975,0.8394283,0.42610574,3.5483954,0.06617901,-0.021641986,-0.9975731,0.0,0.0,0.0,0.049299255,-0.21442181,0.07025838,-0.10879457,-0.08707434,0.1155169,-0.06868714,0.17850858,0.31789184,0.12848532,0.28490394,0.04477799,-0.13234913,-0.11568439,-0.054392137,0.20714675,-0.1065769,0.037398808,0.10099953,0.010463915,0.13777487,-0.24590199,0.062176883,0.064915024,0.21683557,0.17052305,-0.0493371,-0.011239019,0.35819685,-0.009021215,1.1653973,-0.11349891,0.48850906,-2.0395167,-0.034093812,-0.2459644,-0.41774255,2.591146,0.97703296,-0.7937681,-0.55156153,-0.1919759,0.36520115,-0.7936383,0.71798813,0.390952,2.7696872,0.058793146,-0.0060860296,-0.9982516,0.0,0.0,0.0,0.087842554,-0.17811906,0.08447564,-0.07530761,-0.09988171,0.08965731,-0.105383456,0.23709565,0.2926798,0.06826331,0.23434049,0.06550372,-0.1180097,-0.095144115,-0.03831714,0.14998278,-0.09495033,0.010463915,0.06996163,-0.01065769,0.086230405,-0.14901389,0.061671376,0.08506774,0.15269564,0.14882012,-0.08189151,0.02189671,0.37866762,-0.19399963,1.479261,0.10977101,0.4671229,-1.8113171,-0.030343661,-0.5645124,-0.4355203,2.3920267,0.84229803,-0.6304197,-0.5697236,-0.1772151,0.5416475,-0.7797182,0.41388917,0.18484354,0.42098817,-0.299347,0.4992715,-2.1278925,0.038110785,0.7838712,-0.38348895,2.7016706,1.1567926,-1.0246202,-0.37375906,0.10118146,-0.038020015,-0.24970895
1788699164.2669334,319,0,0.8596683,-0.3281014,3.8786273,0.06452531,-0.07979219,-0.994721,0.0,0.0,0.0,-0.0992423,-0.31324768,0.027653933,-0.2209425,0.003637135,0.207708,0.07037753,-0.013995945,0.38961005,0.356354,0.3774926,0.028096437,-0.15850893,-0.063171044,-0.021534434,0.1848625,-0.081192225,0.15385829,0.046405185,-0.002906643,0.10115118,-0.15870272,-0.016984906,-0.052125793,0.18369983,0.04185566,0.004549528,-0.0069759428,0.41388917,0.18484354,0.42098817,-0.299347,0.4992715,-2.1278925,0.038110785,0.7838712,-0.38348895,2.7016706,1.1567926,-1.0246202,-0.37375906,0.10118146,-0.038020015,-0.24970895,0.80853564,-0.11291802,4.161988,0.070822716,-0.06349307,-0.9954662,0.0,0.0,0.0,-0.06521036,-0.2943545,0.03523636,-0.20062625,-0.02936536,0.18992066,0.039524734,0.02960372,0.38354397,0.30351973,0.36592656,0.028823137,-0.14145663,-0.08041712,-0.036092922,0.18641269,-0.09708188,0.102507606,0.09634889,0.022090487,0.1399064,-0.1838936,0.061974682,-0.020734053,0.22342396,0.07130964,-0.009604559,-0.023253145,0.44860306,0.23972863,0.60126376,-0.2717324,0.56186634,-2.347379,-0.039935436,0.5956843,-0.41155732,2.9078658,1.1482902,-1.0789069,-0.45895174,-0.026362956,-0.13090575,-0.42493707,0.7552724,0.14274542,4.259992,0.07352752,-0.048159067,-0.99612975,0.0,0.0,0.0,-0.02427514,-0.26952693,0.046278477,-0.17240763,-0.0570693,0.16456652,-0.00029021502,0.081953585,0.36247087,0.24750629,0.34558004,0.029549718,-0.14920767,-0.108902216,-0.041754555,0.20637165,-0.1058018,0.08564907,0.0816893,0.0069759428,0.14436327,-0.20346501,0.08563223,0.0067821667,0.21838577,0.07770425,-0.0046506287,-0.03371706,0.4229644,0.18655357,0.79444855,-0.31430817,0.5817332,-2.4459581,-0.0054014996,0.35985,-0.41442627,2.8886392,1.113267,-1.0669136,-0.5125594,-0.12157139,-0.14166476,-0.580802,0.70307446,0.41012678,4.0160465,0.07121796,-0.03470764,-0.9968568,0.0,0.0,0.0,0.008878754,-0.24388185,0.0581578,-0.14318979,-0.07671946,0.14057088,-0.03810686,0.13206285,0.34198213,0.19594365,0.32032865,0.036658406,-0.14882012,-0.11955991,-0.04691069,0.21702933,-0.107158236,0.051156916,0.12536478,-0.0048444048,0.1278923,-0.19261353,0.11303051,0.081192225,0.22943102,0.11529683,-0.0324533,-0.01724608,0.3788087,0.18372306,0.875644,-0.17637794,0.5492858,-2.3638604,0.07604242,0.13871336,-0.45308757,2.9026527,1.1032387,-0.9940802,-0.5506879,-0.20211013,0.09419504,-0.7031975,0.8394283,0.42610574,3.5483954,0.06617901,-0.021641986,-0.9975731,0.0,0.0,0.0,0.049299255,-0.21442181,0.07025838,-0.10879457,-0.08707434,0.1155169,-0.06868714,0.17850858,0.31789184,0.12848532,0.28490394,0.04477799,-0.13234913,-0.11568439,-0.054392137,0.20714675,-0.1065769,0.037398808,0.10099953,0.010463915,0.13777487,-0.24590199,0.062176883,0.064915024,0.21683557,0.17052305,-0.0493371,-0.011239019,0.35819685,-0.009021215,1.1653973,-0.11349891,0.48850906,-2.0395167,-0.034093812,-0.2459644,-0.41774255,2.591146,0.97703296,-0.7937681,-0.55156153,-0.1919759,0.36520115,-0.7936383,0.37896508,0.12368525,0.30152836,-0.34557396,0.42008784,-1.8663623,0.12849241,0.9780079,-0.34638357,2.4430466,1.1477154,-0.92788565,-0.29541615,0.23695876,0.1217861,-0.03614916
1788699164.2869244,320,0,1.0173274,-0.6956176,3.4003236,0.05579402,-0.094447374,-0.99396515,0.0,0.0,0.0,-0.13212371,-0.321574,0.026026726,-0.23853374,0.03588271,0.20969844,0.08754492,-0.028286934,0.37741482,0.3852085,0.37040764,0.029976249,-0.1424255,-0.034685936,0.0026286163,0.16219068,-0.05038181,0.16102803,-0.013345282,-0.018021187,0.04379342,-0.043405868,-0.10746997,-0.08002957,0.0780918,-0.02344692,0.024061948,-0.0019377619,0.37896508,0.12368525,0.30152836,-0.34557396,0.42008784,-1.8663623,0.12849241,0.9780079,-0.34638357,2.4430466,1.1477154,-0.92788565,-0.29541615,0.23695876,0.1217861,-0.03614916,0.8596683,-0.3281014,3.8786273,0.06452531,-0.07979219,-0.994721,0.0,0.0,0.0,-0.0992423,-0.31324768,0.027653933,-0.2209425,0.003637135,0.207708,0.07037753,-0.013995945,0.38961005,0.356354,0.3774926,0.028096437,-0.15850893,-0.063171044,-0.021534434,0.1848625,-0.081192225,0.15385829,0.046405185,-0.002906643,0.10115118,-0.15870272,-0.016984906,-0.052125793,0.18369983,0.04185566,0.004549528,-0.0069759428,0.41388917,0.18484354,0.42098817,-0.299347,0.4992715,-2.1278925,0.038110785,0.7838712,-0.38348895,2.7016706,1.1567926,-1.0246202,-0.37375906,0.10118146,-0.038020015,-0.24970895,0.80853564,-0.11291802,4.161988,0.070822716,-0.06349307,-0.9954662,0.0,0.0,0.0,-0.06521036,-0.2943545,0.03523636,-0.20062625,-0.02936536,0.18992066,0.039524734,0.02960372,0.38354397,0.30351973,0.36592656,0.028823137,-0.14145663,-0.08041712,-0.036092922,0.18641269,-0.09708188,0.102507606,0.09634889,0.022090487,0.1399064,-0.1838936,0.061974682,-0.020734053,0.22342396,0.07130964,-0.009604559,-0.023253145,0.44860306,0.23972863,0.60126376,-0.2717324,0.56186634,-2.347379,-0.039935436,0.5956843,-0.41155732,2.9078658,1.1482902,-1.0789069,-0.45895174,-0.026362956,-0.13090575,-0.42493707,0.7552724,0.14274542,4.259992,0.07352752,-0.048159067,-0.99612975,0.0,0.0,0.0,-0.02427514,-0.26952693,0.046278477,-0.17240763,-0.0570693,0.16456652,-0.00029021502,0.081953585,0.36247087,0.24750629,0.34558004,0.029549718,-0.14920767,-0.108902216,-0.041754555,0.20637165,-0.1058018,0.08564907,0.0816893,0.0069759428,0.14436327,-0.20346501,0.08563223,0.0067821667,0.21838577,0.07770425,-0.0046506287,-0.03371706,0.4229644,0.18655357,0.79444855,-0.31430817,0.5817332,-2.4459581,-0.0054014996,0.35985,-0.41442627,2.8886392,1.113267,-1.0669136,-0.5125594,-0.12157139,-0.14166476,-0.580802,0.70307446,0.41012678,4.0160465,0.07121796,-0.03470764,-0.9968568,0.0,0.0,0.0,0.008878754,-0.24388185,0.0581578,-0.14318979,-0.07671946,0.14057088,-0.03810686,0.13206285,0.34198213,0.19594365,0.32032865,0.036658406,-0.14882012,-0.11955991,-0.04691069,0.21702933,-0.107158236,0.051156916,0.12536478,-0.0048444048,0.1278923,-0.19261353,0.11303051,0.081192225,0.22943102,0.11529683,-0.0324533,-0.01724608,0.3788087,0.18372306,0.875644,-0.17637794,0.5492858,-2.3638604,0.07604242,0.13871336,-0.45308757,2.9026527,1.1032387,-0.9940802,-0.5506879,-0.20211013,0.09419504,-0.7031975,0.35370153,0.03804954,0.21189517,-0.36339718,0.38072667,-1.597811,0.14161137,1.0950177,-0.3328945,2.1833336,1.1629895,-0.7465473,-0.23613289,0.31617045,0.29297566,0.085705005
1788699164.3028185,321,0,1.0556769,-1.00774,2.587527,0.04077861,-0.10989886,-0.9931061,0.0,0.0,0.0,-0.1655501,-0.32584313,0.024368048,-0.25212836,0.075515985,0.2086401,0.097142875,-0.042517364,0.3347156,0.39365593,0.368591,0.041049957,-0.10289516,0.011432796,-0.005762736,0.14300683,-0.048637822,0.09126859,-0.005863836,0.0003875524,-0.008719929,-0.035461046,-0.18683396,-0.08506774,-0.009882587,-0.014339439,0.056110848,0.048444048,0.35370153,0.03804954,0.21189517,-0.36339718,0.38072667,-1.597811,0.14161137,1.0950177,-0.3328945,2.1833336,1.1629895,-0.7465473,-0.23613289,0.31617045,0.29297566,0.085705005,1.0173274,-0.6956176,3.4003236,0.05579402,-0.094447374,-0.99396515,0.0,0.0,0.0,-0.13212371,-0.321574,0.026026726,-0.23853374,0.03588271,0.20969844,0.08754492,-0.028286934,0.37741482,0.3852085,0.37040764,0.029976249,-0.1424255,-0.034685936,0.0026286163,0.16219068,-0.05038181,0.16102803,-0.013345282,-0.018021187,0.04379342,-0.043405868,-0.10746997,-0.08002957,0.0780918,-0.02344692,0.024061948,-0.0019377619,0.37896508,0.12368525,0.30152836,-0.34557396,0.42008784,-1.8663623,0.12849241,0.9780079,-0.34638357,2.4430466,1.1477154,-0.92788565,-0.29541615,0.23695876,0.1217861,-0.03614916,0.8596683,-0.3281014,3.8786273,0.06452531,-0.07979219,-0.994721,0.0,0.0,0.0,-0.0992423,-0.31324768,0.027653933,-0.2209425,0.003637135,0.207708,0.07037753,-0.013995945,0.38961005,0.356354,0.3774926,0.028096437,-0.15850893,-0.063171044,-0.021534434,0.1848625,-0.081192225,0.15385829,0.046405185,-0.002906643,0.10115118,-0.15870272,-0.016984906,-0.052125793,0.18369983,0.04185566,0.004549528,-0.0069759428,0.41388917,0.18484354,0.42098817,-0.299347,0.4992715,-2.1278925,0.038110785,0.7838712,-0.38348895,2.7016706,1.1567926,-1.0246202,-0.37375906,0.10118146,-0.038020015,-0.24970895,0.80853564,-0.11291802,4.161988,0.070822716,-0.06349307,-0.9954662,0.0,0.0,0.0,-0.06521036,-0.2943545,0.03523636,-0.20062625,-0.02936536,0.18992066,0.039524734,0.02960372,0.38354397,0.30351973,0.36592656,0.028823137,-0.14145663,-0.08041712,-0.036092922,0.18641269,-0.09708188,0.102507606,0.09634889,0.022090487,0.1399064,-0.1838936,0.061974682,-0.020734053,0.22342396,0.07130964,-0.009604559,-0.023253145,0.44860306,0.23972863,0.60126376,-0.2717324,0.56186634,-2.347379,-0.039935436,0.5956843,-0.41155732,2.9078658,1.1482902,-1.0789069,-0.45895174,-0.026362956,-0.13090575,-0.42493707,0.7552724,0.14274542,4.259992,0.07352752,-0.048159067,-0.99612975,0.0,0.0,0.0,-0.02427514,-0.26952693,0.046278477,-0.17240763,-0.0570693,0.16456652,-0.00029021502,0.081953585,0.36247087,0.24750629,0.34558004,0.029549718,-0.14920767,-0.108902216,-0.041754555,0.20637165,-0.1058018,0.08564907,0.0816893,0.0069759428,0.14436327,-0.20346501,0.08563223,0.0067821667,0.21838577,0.07770425,-0.0046506287,-0.03371706,0.4229644,0.18655357,0.79444855,-0.31430817,0.5817332,-2.4459581,-0.0054014996,0.35985,-0.41442627,2.8886392,1.113267,-1.0669136,-0.5125594,-0.12157139,-0.14166476,-0.580802,0.23926708,-0.06726,0.02448063,-0.41966993,0.27674416,-1.0188376,0.16942483,1.2896942,-0.26026207,1.7532153,1.1856561,-0.49931762,-0.14324693,0.5058541,0.66527283,0.29084456
1788699164.323417,322,0,0.23222762,-0.6572681,1.9153452,0.025834424,-0.11972431,-0.99247086,0.0,0.0,0.0,-0.17720695,-0.3254798,0.03027618,-0.2569728,0.098496616,0.18499196,0.09341878,-0.023775578,0.270185,0.3961084,0.38133782,0.04044962,-0.022671817,-0.009107481,0.005863836,0.13816242,-0.02344692,0.12324166,-0.118388824,-0.056001317,0.012595452,0.0031004192,-0.28014985,-0.1058018,0.057357755,0.10754579,-0.09402358,0.052707125,0.23926708,-0.06726,0.02448063,-0.41966993,0.27674416,-1.0188376,0.16942483,1.2896942,-0.26026207,1.7532153,1.1856561,-0.49931762,-0.14324693,0.5058541,0.66527283,0.29084456,1.0556769,-1.00774,2.587527,0.04077861,-0.10989886,-0.9931061,0.0,0.0,0.0,-0.1655501,-0.32584313,0.024368048,-0.25212836,0.075515985,0.2086401,0.097142875,-0.042517364,0.3347156,0.39365593,0.368591,0.041049957,-0.10289516,0.011432796,-0.005762736,0.14300683,-0.048637822,0.09126859,-0.005863836,0.0003875524,-0.008719929,-0.035461046,-0.18683396,-0.08506774,-0.009882587,-0.014339439,0.056110848,0.048444048,0.35370153,0.03804954,0.21189517,-0.36339718,0.38072667,-1.597811,0.14161137,1.0950177,-0.3328945,2.1833336,1.1629895,-0.7465473,-0.23613289,0.31617045,0.29297566,0.085705005,1.0173274,-0.6956176,3.4003236,0.05579402,-0.094447374,-0.99396515,0.0,0.0,0.0,-0.13212371,-0.321574,0.026026726,-0.23853374,0.03588271,0.20969844,0.08754492,-0.028286934,0.37741482,0.3852085,0.37040764,0.029976249,-0.1424255,-0.034685936,0.0026286163,0.16219068,-0.05038181,0.16102803,-0.013345282,-0.018021187,0.04379342,-0.043405868,-0.10746997,-0.08002957,0.0780918,-0.02344692,0.024061948,-0.0019377619,0.37896508,0.12368525,0.30152836,-0.34557396,0.42008784,-1.8663623,0.12849241,0.9780079,-0.34638357,2.4430466,1.1477154,-0.92788565,-0.29541615,0.23695876,0.1217861,-0.03614916,0.8596683,-0.3281014,3.8786273,0.06452531,-0.07979219,-0.994721,0.0,0.0,0.0,-0.0992423,-0.31324768,0.027653933,-0.2209425,0.003637135,0.207708,0.07037753,-0.013995945,0.38961005,0.356354,0.3774926,0.028096437,-0.15850893,-0.063171044,-0.021534434,0.1848625,-0.081192225,0.15385829,0.046405185,-0.002906643,0.10115118,-0.15870272,-0.016984906,-0.052125793,0.18369983,0.04185566,0.004549528,-0.0069759428,0.41388917,0.18484354,0.42098817,-0.299347,0.4992715,-2.1278925,0.038110785,0.7838712,-0.38348895,2.7016706,1.1567926,-1.0246202,-0.37375906,0.10118146,-0.038020015,-0.24970895,0.80853564,-0.11291802,4.161988,0.070822716,-0.06349307,-0.9954662,0.0,0.0,0.0,-0.06521036,-0.2943545,0.03523636,-0.20062625,-0.02936536,0.18992066,0.039524734,0.02960372,0.38354397,0.30351973,0.36592656,0.028823137,-0.14145663,-0.08041712,-0.036092922,0.18641269,-0.09708188,0.102507606,0.09634889,0.022090487,0.1399064,-0.1838936,0.061974682,-0.020734053,0.22342396,0.07130964,-0.009604559,-0.023253145,0.44860306,0.23972863,0.60126376,-0.2717324,0.56186634,-2.347379,-0.039935436,0.5956843,-0.41155732,2.9078658,1.1482902,-1.0789069,-0.45895174,-0.026362956,-0.13090575,-0.42493707,0.10762236,-0.25837213,0.13321458,-0.6048454,0.267527,-0.6199409,0.3931139,1.3745099,-0.12972318,1.3064979,1.2732115,-0.3532848,-0.08490731,0.77887315,0.60888934,0.58204836
1788699164.3418968,323,0,0.390952,-0.14487594,1.2687298,0.019604767,-0.12355666,-0.99214387,0.0,0.0,0.0,-0.17953832,-0.3268726,0.032203436,-0.2598189,0.112030685,0.16461396,0.08890742,-0.010816753,0.22795963,0.41148937,0.39302498,0.01639092,0.020734053,-0.0062008384,0.03993475,0.12556697,-0.013370558,0.029647758,-0.14113647,-0.06258971,-0.09204369,0.1505641,-0.2448657,-0.11587816,0.08506774,0.029260203,-0.085935526,-0.02150916,0.10762236,-0.25837213,0.13321458,-0.6048454,0.267527,-0.6199409,0.3931139,1.3745099,-0.12972318,1.3064979,1.2732115,-0.3532848,-0.08490731,0.77887315,0.60888934,0.58204836,0.23222762,-0.6572681,1.9153452,0.025834424,-0.11972431,-0.99247086,0.0,0.0,0.0,-0.17720695,-0.3254798,0.03027618,-0.2569728,0.098496616,0.18499196,0.09341878,-0.023775578,0.270185,0.3961084,0.38133782,0.04044962,-0.022671817,-0.009107481,0.005863836,0.13816242,-0.02344692,0.12324166,-0.118388824,-0.056001317,0.012595452,0.0031004192,-0.28014985,-0.1058018,0.057357755,0.10754579,-0.09402358,0.052707125,0.23926708,-0.06726,0.02448063,-0.41966993,0.27674416,-1.0188376,0.16942483,1.2896942,-0.26026207,1.7532153,1.1856561,-0.49931762,-0.14324693,0.5058541,0.66527283,0.29084456,1.0556769,-1.00774,2.587527,0.04077861,-0.10989886,-0.9931061,0.0,0.0,0.0,-0.1655501,-0.32584313,0.024368048,-0.25212836,0.075515985,0.2086401,0.097142875,-0.042517364,0.3347156,0.39365593,0.368591,0.041049957,-0.10289516,0.011432796,-0.005762736,0.14300683,-0.048637822,0.09126859,-0.005863836,0.0003875524,-0.008719929,-0.035461046,-0.18683396,-0.08506774,-0.009882587,-0.014339439,0.056110848,0.048444048,0.35370153,0.03804954,0.21189517,-0.36339718,0.38072667,-1.597811,0.14161137,1.0950177,-0.3328945,2.1833336,1.1629895,-0.7465473,-0.23613289,0.31617045,0.29297566,0.085705005,1.0173274,-0.6956176,3.4003236,0.05579402,-0.094447374,-0.99396515,0.0,0.0,0.0,-0.13212371,-0.321574,0.026026726,-0.23853374,0.03588271,0.20969844,0.08754492,-0.028286934,0.37741482,0.3852085,0.37040764,0.029976249,-0.1424255,-0.034685936,0.0026286163,0.16219068,-0.05038181,0.16102803,-0.013345282,-0.018021187,0.04379342,-0.043405868,-0.10746997,-0.08002957,0.0780918,-0.02344692,0.024061948,-0.0019377619,0.37896508,0.12368525,0.30152836,-0.34557396,0.42008784,-1.8663623,0.12849241,0.9780079,-0.34638357,2.4430466,1.1477154,-0.92788565,-0.29541615,0.23695876,0.1217861,-0.03614916,0.8596683,-0.3281014,3.8786273,0.06452531,-0.07979219,-0.994721,0.0,0.0,0.0,-0.0992423,-0.31324768,0.027653933,-0.2209425,0.003637135,0.207708,0.07037753,-0.013995945,0.38961005,0.356354,0.3774926,0.028096437,-0.15850893,-0.063171044,-0.021534434,0.1848625,-0.081192225,0.15385829,0.046405185,-0.002906643,0.10115118,-0.15870272,-0.016984906,-0.052125793,0.18369983,0.04185566,0.004549528,-0.0069759428,0.41388917,0.18484354,0.42098817,-0.299347,0.4992715,-2.1278925,0.038110785,0.7838712,-0.38348895,2.7016706,1.1567926,-1.0246202,-0.37375906,0.10118146,-0.038020015,-0.24970895,0.060000222,-0.60258406,0.15133636,-0.7543611,0.31508946,-0.47617048,0.8849895,1.0836885,-0.01429956,0.92718285,1.2752627,-0.19670321,-0.14918968,1.0055395,0.44088528,0.69605595
1788699164.3750365,324,0,-0.031957928,0.36005935,0.029827401,0.019909317,-0.12415584,-0.9920629,0.0,0.0,0.0,-0.16885035,-0.333685,0.035615563,-0.25730586,0.13019723,0.14014447,0.06553316,0.013586938,0.16022217,0.4272337,0.4007458,0.010830283,0.047087617,-0.037786357,0.007178144,0.119947456,0.017052306,0.05348223,-0.07289355,-0.11258397,-0.11471551,0.10192627,-0.27711684,-0.12905495,-0.0054257335,-0.03061664,0.013244182,-0.0038755238,0.060000222,-0.60258406,0.15133636,-0.7543611,0.31508946,-0.47617048,0.8849895,1.0836885,-0.01429956,0.92718285,1.2752627,-0.19670321,-0.14918968,1.0055395,0.44088528,0.69605595,0.390952,-0.14487594,1.2687298,0.019604767,-0.12355666,-0.99214387,0.0,0.0,0.0,-0.17953832,-0.3268726,0.032203436,-0.2598189,0.112030685,0.16461396,0.08890742,-0.010816753,0.22795963,0.41148937,0.39302498,0.01639092,0.020734053,-0.0062008384,0.03993475,0.12556697,-0.013370558,0.029647758,-0.14113647,-0.06258971,-0.09204369,0.1505641,-0.2448657,-0.11587816,0.08506774,0.029260203,-0.085935526,-0.02150916,0.10762236,-0.25837213,0.13321458,-0.6048454,0.267527,-0.6199409,0.3931139,1.3745099,-0.12972318,1.3064979,1.2732115,-0.3532848,-0.08490731,0.77887315,0.60888934,0.58204836,0.23222762,-0.6572681,1.9153452,0.025834424,-0.11972431,-0.99247086,0.0,0.0,0.0,-0.17720695,-0.3254798,0.03027618,-0.2569728,0.098496616,0.18499196,0.09341878,-0.023775578,0.270185,0.3961084,0.38133782,0.04044962,-0.022671817,-0.009107481,0.005863836,0.13816242,-0.02344692,0.12324166,-0.118388824,-0.056001317,0.012595452,0.0031004192,-0.28014985,-0.1058018,0.057357755,0.10754579,-0.09402358,0.052707125,0.23926708,-0.06726,0.02448063,-0.41966993,0.27674416,-1.0188376,0.16942483,1.2896942,-0.26026207,1.7532153,1.1856561,-0.49931762,-0.14324693,0.5058541,0.66527283,0.29084456,1.0556769,-1.00774,2.587527,0.04077861,-0.10989886,-0.9931061,0.0,0.0,0.0,-0.1655501,-0.32584313,0.024368048,-0.25212836,0.075515985,0.2086401,0.097142875,-0.042517364,0.3347156,0.39365593,0.368591,0.041049957,-0.10289516,0.011432796,-0.005762736,0.14300683,-0.048637822,0.09126859,-0.005863836,0.0003875524,-0.008719929,-0.035461046,-0.18683396,-0.08506774,-0.009882587,-0.014339439,0.056110848,0.048444048,0.35370153,0.03804954,0.21189517,-0.36339718,0.38072667,-1.597811,0.14161137,1.0950177,-0.3328945,2.1833336,1.1629895,-0.7465473,-0.23613289,0.31617045,0.29297566,0.085705005,1.0173274,-0.6956176,3.4003236,0.05579402,-0.094447374,-0.99396515,0.0,0.0,0.0,-0.13212371,-0.321574,0.026026726,-0.23853374,0.03588271,0.20969844,0.08754492,-0.028286934,0.37741482,0.3852085,0.37040764,0.029976249,-0.1424255,-0.034685936,0.0026286163,0.16219068,-0.05038181,0.16102803,-0.013345282,-0.018021187,0.04379342,-0.043405868,-0.10746997,-0.08002957,0.0780918,-0.02344692,0.024061948,-0.0019377619,0.37896508,0.12368525,0.30152836,-0.34557396,0.42008784,-1.8663623,0.12849241,0.9780079,-0.34638357,2.4430466,1.1477154,-0.92788565,-0.29541615,0.23695876,0.1217861,-0.03614916,-0.109110706,-1.3978819,0.04059455,-0.65623426,0.2296929,-0.07707309,1.7656368,0.9261606,0.21935517,-0.07979552,1.5395412,0.044674244,-0.024988672,1.6623964,0.06035744,0.9832763
1788699164.3952127,325,0,-0.4388889,0.6625944,-1.1632687,0.03168893,-0.118697755,-0.9924248,0.0,0.0,0.0,-0.13421285,-0.34715852,0.03754282,-0.23913932,0.131378,0.107902765,0.019057155,0.05836737,0.077872634,0.4255987,0.3846684,0.023704886,0.13312425,-0.036817476,0.008189151,0.13215537,0.05793908,0.008332376,-0.08805864,-0.12731096,-0.13370557,0.1335118,-0.21645644,-0.1482388,-0.017633634,-0.06569013,0.067029715,-0.012401677,-0.109110706,-1.3978819,0.04059455,-0.65623426,0.2296929,-0.07707309,1.7656368,0.9261606,0.21935517,-0.07979552,1.5395412,0.044674244,-0.024988672,1.6623964,0.06035744,0.9832763,-0.031957928,0.36005935,0.029827401,0.019909317,-0.12415584,-0.9920629,0.0,0.0,0.0,-0.16885035,-0.333685,0.035615563,-0.25730586,0.13019723,0.14014447,0.06553316,0.013586938,0.16022217,0.4272337,0.4007458,0.010830283,0.047087617,-0.037786357,0.007178144,0.119947456,0.017052306,0.05348223,-0.07289355,-0.11258397,-0.11471551,0.10192627,-0.27711684,-0.12905495,-0.0054257335,-0.03061664,0.013244182,-0.0038755238,0.060000222,-0.60258406,0.15133636,-0.7543611,0.31508946,-0.47617048,0.8849895,1.0836885,-0.01429956,0.92718285,1.2752627,-0.19670321,-0.14918968,1.0055395,0.44088528,0.69605595,0.390952,-0.14487594,1.2687298,0.019604767,-0.12355666,-0.99214387,0.0,0.0,0.0,-0.17953832,-0.3268726,0.032203436,-0.2598189,0.112030685,0.16461396,0.08890742,-0.010816753,0.22795963,0.41148937,0.39302498,0.01639092,0.020734053,-0.0062008384,0.03993475,0.12556697,-0.013370558,0.029647758,-0.14113647,-0.06258971,-0.09204369,0.1505641,-0.2448657,-0.11587816,0.08506774,0.029260203,-0.085935526,-0.02150916,0.10762236,-0.25837213,0.13321458,-0.6048454,0.267527,-0.6199409,0.3931139,1.3745099,-0.12972318,1.3064979,1.2732115,-0.3532848,-0.08490731,0.77887315,0.60888934,0.58204836,0.23222762,-0.6572681,1.9153452,0.025834424,-0.11972431,-0.99247086,0.0,0.0,0.0,-0.17720695,-0.3254798,0.03027618,-0.2569728,0.098496616,0.18499196,0.09341878,-0.023775578,0.270185,0.3961084,0.38133782,0.04044962,-0.022671817,-0.009107481,0.005863836,0.13816242,-0.02344692,0.12324166,-0.118388824,-0.056001317,0.012595452,0.0031004192,-0.28014985,-0.1058018,0.057357755,0.10754579,-0.09402358,0.052707125,0.23926708,-0.06726,0.02448063,-0.41966993,0.27674416,-1.0188376,0.16942483,1.2896942,-0.26026207,1.7532153,1.1856561,-0.49931762,-0.14324693,0.5058541,0.66527283,0.29084456,1.0556769,-1.00774,2.587527,0.04077861,-0.10989886,-0.9931061,0.0,0.0,0.0,-0.1655501,-0.32584313,0.024368048,-0.25212836,0.075515985,0.2086401,0.097142875,-0.042517364,0.3347156,0.39365593,0.368591,0.041049957,-0.10289516,0.011432796,-0.005762736,0.14300683,-0.048637822,0.09126859,-0.005863836,0.0003875524,-0.008719929,-0.035461046,-0.18683396,-0.08506774,-0.009882587,-0.014339439,0.056110848,0.048444048,0.35370153,0.03804954,0.21189517,-0.36339718,0.38072667,-1.597811,0.14161137,1.0950177,-0.3328945,2.1833336,1.1629895,-0.7465473,-0.23613289,0.31617045,0.29297566,0.085705005,-0.3253565,-1.6704278,-0.11230299,-0.38835314,0.16066658,0.17618454,2.4753592,0.83111817,0.37717152,-0.9222225,1.6843047,0.13957737,0.13392968,2.116062,-0.26072806,1.0102415
