time_s,loop,loop_dt_ms,inference_ms,ipc_ms,state_age_ms,action_state_age_ms,state_tick,enabled,warmup,cmd_vx,cmd_vy,cmd_vyaw,q_0,q_1,q_2,q_3,q_4,q_5,q_6,q_7,q_8,q_9,q_10,q_11,q_12,q_13,q_14,q_15,dq_0,dq_1,dq_2,dq_3,dq_4,dq_5,dq_6,dq_7,dq_8,dq_9,dq_10,dq_11,dq_12,dq_13,dq_14,dq_15,tau_0,tau_1,tau_2,tau_3,tau_4,tau_5,tau_6,tau_7,tau_8,tau_9,tau_10,tau_11,tau_12,tau_13,tau_14,tau_15,imu_quat_w,imu_quat_x,imu_quat_y,imu_quat_z,imu_gyro_x,imu_gyro_y,imu_gyro_z,imu_accel_x,imu_accel_y,imu_accel_z,imu_rpy_r,imu_rpy_p,imu_rpy_y,battery_voltage,battery_current,action_0,action_1,action_2,action_3,action_4,action_5,action_6,action_7,action_8,action_9,action_10,action_11,action_12,action_13,action_14,action_15,p_0,p_1,p_2,p_3,p_4,p_5,p_6,p_7,p_8,p_9,p_10,p_11,p_12,p_13,p_14,p_15,v_0,v_1,v_2,v_3,v_4,v_5,v_6,v_7,v_8,v_9,v_10,v_11,v_12,v_13,v_14,v_15,kp_0,kp_1,kp_2,kp_3,kp_4,kp_5,kp_6,kp_7,kp_8,kp_9,kp_10,kp_11,kp_12,kp_13,kp_14,kp_15,kd_0,kd_1,kd_2,kd_3,kd_4,kd_5,kd_6,kd_7,kd_8,kd_9,kd_10,kd_11,kd_12,kd_13,kd_14,kd_15
1788529333.2504,1,10.068173998661223,3.1764359991939273,4.930963001243072,1.14849,6.086141,10904570,0,1,0.0,0.0,0.0,-0.021504402,0.64576733,-1.3910443,0.031072184,0.6402711,-1.3990852,-0.039221913,0.64440787,-1.4043295,0.032863677,0.6544297,-1.4075522,-16.562231,-10.47439,-6.9789705,6.330426,0.0,-0.06200838,0.016176099,-0.015502095,0.06200838,-0.014154087,-0.03100419,-0.05813286,0.016176099,0.019377619,0.09301257,0.032352198,0.0077510476,0.0038755238,-0.10463915,0.054257333,1.0637461,1.2616524,4.599259,-1.6327267,1.4842969,5.2156544,2.1027539,1.3853438,5.3104844,-1.6327267,0.74214846,5.689805,0.049476564,-0.024738282,0.024738282,0.0,0.99965525,0.0022595108,0.007730952,0.024990745,-0.0053263213,-0.0074568503,0.0,-0.039504327,-0.15562311,9.4774475,0.0049044657,0.015344243,0.050025947,30.252243041992188,2.1876325607299805,-0.042265575,0.40660238,0.12821953,-0.040463593,-0.0587438,-0.012975547,0.33733168,0.15193394,-0.11947544,0.2030968,0.862316,-0.2636965,0.14798766,0.27063686,0.7890103,-0.0054912902,-0.01468595,0.66675615,-1.215667,-0.010566394,0.7716506,-1.267945,0.036996916,0.7376592,-1.1027474,-0.02986886,0.72077423,-1.0844209,0.0,0.0,0.0,0.0,0.0,0.0,0.0,0.0,0.0,0.0,0.0,0.0,0.0,0.0,0.0,0.0,1.5193393,-0.40463594,-0.054912902,-2.6369648,50.0,50.0,50.0,50.0,50.0,50.0,50.0,50.0,50.0,50.0,50.0,50.0,0.0,0.0,0.0,0.0,1.0,1.0,1.0,1.0,1.0,1.0,1.0,1.0,1.0,1.0,1.0,1.0,0.5,0.5,0.5,0.5
1788529333.2646646,2,4.5393010004772805,1.9315579993417487,4.099861000213423,0.481938,4.587815,10904586,0,1,0.0,0.0,0.0,-0.021504402,0.64576733,-1.3910284,0.03110246,0.6402711,-1.399101,-0.039191633,0.64440787,-1.4043295,0.032833397,0.6544297,-1.4075522,-16.562262,-10.4743595,-6.9789405,6.330426,0.011626571,-0.07363495,0.036396224,0.046506286,0.038755238,-0.030330187,0.054257333,-0.06200838,0.018198112,-0.0077510476,0.038755238,0.020220125,-0.038755238,0.038755238,-0.038755238,-0.015502095,1.0884844,1.311129,4.646674,-1.6822032,1.4595586,5.3104844,2.1274922,1.3853438,5.4053144,-1.6327267,0.7668867,5.784635,0.024738282,0.0,0.0,-0.049476564,0.99965525,0.0022592668,0.007733711,0.024989445,-0.0021305287,-0.008522115,-0.003195793,-0.15322891,-0.19153613,9.482236,0.0049040955,0.0153497765,0.050023355,30.243389129638672,2.1876325607299805,-0.02732692,0.4526364,0.069642715,-0.084455185,-0.053474147,-0.035725754,0.2503653,0.16655323,-0.0978828,0.24258018,0.8982946,-0.32743177,0.1354838,0.26304254,0.74801254,-0.011638418,-0.013368537,0.66106856,-1.2374086,-0.00683173,0.78315914,-1.2825893,0.03387095,0.7357606,-1.1129968,-0.0244707,0.73064506,-1.0754263,0.0,0.0,0.0,0.0,0.0,0.0,0.0,0.0,0.0,0.0,0.0,0.0,0.0,0.0,0.0,0.0,1.6655324,-0.84455186,-0.11638418,-3.2743177,50.0,50.0,50.0,50.0,50.0,50.0,50.0,50.0,50.0,50.0,50.0,50.0,0.0,0.0,0.0,0.0,1.0,1.0,1.0,1.0,1.0,1.0,1.0,1.0,1.0,1.0,1.0,1.0,0.5,0.5,0.5,0.5
1788529333.2838638,3,3.9583520010637585,1.9469509988994105,3.848907999781659,0.16919,4.024562,10904606,0,1,0.0,0.0,0.0,-0.021474123,0.6457976,-1.3910443,0.031132739,0.6403317,-1.3990852,-0.039221913,0.64440787,-1.4043137,0.032833397,0.6544297,-1.407568,-16.562231,-10.4743595,-6.9789405,6.3304563,0.05813286,0.027128667,0.028308174,0.06200838,0.10076362,-0.020220125,0.038755238,0.038755238,0.0485283,-0.06200838,0.0,-0.0080880495,0.027128667,0.038755238,-0.015502095,0.027128667,1.0884844,1.2863907,4.646674,-1.6327267,1.4595586,5.2630696,2.1027539,1.4595586,5.3104844,-1.6327267,0.7668867,5.689805,-0.024738282,-0.024738282,0.049476564,-0.049476564,0.99965805,0.0022488798,0.007734215,0.024877366,0.0,0.008522115,-0.012783172,-0.18555063,-0.19033903,9.494206,0.00488163,0.015351851,0.04979895,30.243389129638672,2.2218143939971924,-0.020614196,0.36880863,0.010586408,-0.20460597,-0.08079797,-0.11549345,0.2038393,0.11882252,-0.066055395,0.1947819,0.7764632,-0.44861045,0.12655784,0.24354139,0.63232017,-0.09738833,-0.020199493,0.64112663,-1.2490401,-0.005153549,0.76220214,-1.2973534,0.03163946,0.7308854,-1.1419199,-0.016513849,0.7186955,-1.1058842,0.0,0.0,0.0,0.0,0.0,0.0,0.0,0.0,0.0,0.0,0.0,0.0,0.0,0.0,0.0,0.0,1.1882253,-2.0460596,-0.9738833,-4.4861045,50.0,50.0,50.0,50.0,50.0,50.0,50.0,50.0,50.0,50.0,50.0,50.0,0.0,0.0,0.0,0.0,1.0,1.0,1.0,1.0,1.0,1.0,1.0,1.0,1.0,1.0,1.0,1.0,0.5,0.5,0.5,0.5
1788529333.302097,4,2.3231880004459526,1.6690529992047232,2.246930000183056,0.139013,2.392055,10904626,0,1,0.0,0.0,0.0,-0.021443844,0.64573705,-1.3910758,0.031072184,0.6403014,-1.399101,-0.03928247,0.64431703,-1.4043295,0.03277284,0.65445995,-1.407568,-16.562231,-10.4743595,-6.9789705,6.330487,0.054257333,-0.038755238,0.0020220124,-0.07363495,0.011626571,-0.044484273,-0.05813286,-0.034879714,0.010110063,-0.046506286,0.05813286,-0.020220125,0.011626571,0.038755238,-0.027128667,0.038755238,1.0637461,1.311129,4.599259,-1.7069415,1.5585117,5.2156544,2.0780158,1.3853438,5.3104844,-1.6327267,0.74214846,5.689805,0.024738282,-0.024738282,0.024738282,-0.024738282,0.9996595,0.0022346072,0.007736704,0.024823453,-0.006391586,-0.0010652643,-0.0042610574,-0.12569559,-0.17836803,9.555259,0.0048523867,0.015357801,0.049690884,30.243389129638672,2.1876325607299805,0.0015306752,0.30243114,0.011362695,-0.30764547,-0.073838405,-0.1769462,0.123461656,0.073361054,-0.059451245,0.20091662,0.65181464,-0.51428276,0.099499926,0.22670487,0.4692125,-0.13299568,-0.018459601,0.6257635,-1.2691345,0.0003826688,0.7456078,-1.2971593,0.024874981,0.7266762,-1.1826968,-0.014862811,0.72022915,-1.1370463,0.0,0.0,0.0,0.0,0.0,0.0,0.0,0.0,0.0,0.0,0.0,0.0,0.0,0.0,0.0,0.0,0.7336105,-3.0764546,-1.3299568,-5.1428275,50.0,50.0,50.0,50.0,50.0,50.0,50.0,50.0,50.0,50.0,50.0,50.0,0.0,0.0,0.0,0.0,1.0,1.0,1.0,1.0,1.0,1.0,1.0,1.0,1.0,1.0,1.0,1.0,0.5,0.5,0.5,0.5
1788529333.3220208,5,2.247313999760081,1.6052419996412937,2.171726999222301,0.139525,2.316948,10904646,0,1,0.0,0.0,0.0,-0.021474123,0.64573705,-1.3910443,0.031072184,0.6403014,-1.3990852,-0.03925219,0.6443473,-1.4043453,0.03280312,0.6544297,-1.4075838,-16.562231,-10.47439,-6.97891,6.330426,0.019377619,-0.03100419,0.020220125,-0.06200838,0.08526152,-0.018198112,-0.06200838,-0.05813286,-0.010110063,-0.034879714,0.05038181,-0.03437421,0.0038755238,0.0,0.05038181,-0.0038755238,1.0884844,1.311129,4.646674,-1.6327267,1.4842969,5.2630696,2.0780158,1.3606055,5.4053144,-1.6327267,0.7668867,5.689805,0.024738282,-0.024738282,0.024738282,0.0,0.99965715,0.002205785,0.0077404785,0.024916457,0.0,-0.003195793,0.006391586,-0.08020575,-0.16160862,9.527725,0.0047963723,0.015366334,0.04987654,30.243389129638672,2.1534507274627686,0.010476956,0.21676457,-0.050821766,-0.37738422,-0.086200595,-0.27149338,0.085987315,0.044825897,-0.05749321,0.20437479,0.5200887,-0.5747103,0.06151942,0.17095508,0.31282333,-0.20824774,-0.021550149,0.60212666,-1.2785032,0.002619239,0.7241912,-1.3127054,0.015379855,0.7127388,-1.2217941,-0.014373302,0.7210937,-1.1699778,0.0,0.0,0.0,0.0,0.0,0.0,0.0,0.0,0.0,0.0,0.0,0.0,0.0,0.0,0.0,0.0,0.44825897,-3.773842,-2.0824773,-5.747103,50.0,50.0,50.0,50.0,50.0,50.0,50.0,50.0,50.0,50.0,50.0,50.0,0.0,0.0,0.0,0.0,1.0,1.0,1.0,1.0,1.0,1.0,1.0,1.0,1.0,1.0,1.0,1.0,0.5,0.5,0.5,0.5
1788529333.3432248,6,3.4415649988659425,1.7951689987967256,3.3510329994896892,2.147759,5.504616,10904664,0,1,0.0,0.0,0.0,-0.021474123,0.64576733,-1.3910443,0.031072184,0.64024085,-1.3990852,-0.03925219,0.64443815,-1.4043295,0.032863677,0.6543994,-1.4075838,-16.562262,-10.4743595,-6.9789705,6.3303957,0.046506286,0.011626571,0.010110063,-0.015502095,0.015502095,-0.0080880495,-0.015502095,0.0038755238,0.016176099,0.015502095,0.0,-0.020220125,-0.046506286,0.038755238,-0.12014124,-0.0077510476,1.0637461,1.2863907,4.504429,-1.6327267,1.5585117,5.2630696,2.1027539,1.4595586,5.4053144,-1.6079884,0.7668867,5.689805,0.049476564,0.0,0.074214846,0.0,0.9996545,0.0021988775,0.0077273794,0.0250275,-0.0053263213,0.008522115,0.009587379,-0.046686932,-0.21667525,9.569624,0.004783611,0.015339956,0.050098535,30.243389129638672,2.1192691326141357,0.0087344665,0.21959323,-0.055820495,-0.36432722,-0.08515718,-0.27691707,0.09853106,0.0381402,-0.057732582,0.20769678,0.5105723,-0.57574403,0.06251013,0.16907324,0.32066882,-0.20811427,-0.021289295,0.6007708,-1.2753671,0.0021836166,0.72489834,-1.3139551,0.015627533,0.71226835,-1.2198328,-0.0144331455,0.7219242,-1.1723568,0.0,0.0,0.0,0.0,0.0,0.0,0.0,0.0,0.0,0.0,0.0,0.0,0.0,0.0,0.0,0.0,0.38140202,-3.6432722,-2.0811427,-5.7574406,50.0,50.0,50.0,50.0,50.0,50.0,50.0,50.0,50.0,50.0,50.0,50.0,0.0,0.0,0.0,0.0,1.0,1.0,1.0,1.0,1.0,1.0,1.0,1.0,1.0,1.0,1.0,1.0,0.5,0.5,0.5,0.5
1788529333.3620594,7,2.2102240000094753,1.6062340000644326,2.133230000254116,0.145637,2.283539,10904686,0,1,0.0,0.0,0.0,-0.021474123,0.64576733,-1.3910758,0.03110246,0.6402711,-1.3990693,-0.039221913,0.64440787,-1.4043137,0.032833397,0.6544297,-1.4075838,-16.562262,-10.47439,-6.9789705,6.3303957,0.038755238,-0.07363495,-0.022242136,0.0,0.015502095,-0.0080880495,-0.038755238,-0.034879714,0.0485283,-0.023253143,0.05813286,-0.03437421,-0.054257333,-0.011626571,-0.06200838,-0.054257333,1.0390079,1.2863907,4.694089,-1.6822032,1.4595586,5.2630696,2.1274922,1.3853438,5.3104844,-1.6327267,0.8411016,5.689805,0.024738282,-0.024738282,0.024738282,-0.024738282,0.99965566,0.0022120816,0.0077504762,0.02497146,-0.0010652643,0.003195793,-0.008522115,-0.108936176,-0.17836803,9.578004,0.004810309,0.015385744,0.049986742,30.243389129638672,2.1534507274627686,0.0068278294,0.22473085,-0.07140341,-0.36469024,-0.08743173,-0.26518038,0.110271,0.04068082,-0.051652737,0.19720541,0.52171314,-0.57797724,0.06484461,0.18017511,0.32784662,-0.20847954,-0.021857932,0.6037049,-1.2724322,0.0017069574,0.7261827,-1.3178508,0.016211152,0.7150438,-1.2180383,-0.012913184,0.71930134,-1.1695716,0.0,0.0,0.0,0.0,0.0,0.0,0.0,0.0,0.0,0.0,0.0,0.0,0.0,0.0,0.0,0.0,0.4068082,-3.6469026,-2.0847955,-5.7797723,50.0,50.0,50.0,50.0,50.0,50.0,50.0,50.0,50.0,50.0,50.0,50.0,0.0,0.0,0.0,0.0,1.0,1.0,1.0,1.0,1.0,1.0,1.0,1.0,1.0,1.0,1.0,1.0,0.5,0.5,0.5,0.5
1788529333.382611,8,2.587582001069677,1.7015339999488788,2.5144920000457205,0.167974,2.686722,10904706,0,1,0.0,0.0,0.0,-0.021443844,0.64576733,-1.39106,0.031072184,0.6403014,-1.3990852,-0.039221913,0.6443776,-1.4043453,0.03280312,0.6544297,-1.4075522,-16.562262,-10.47439,-6.9789705,6.3304563,0.038755238,0.011626571,0.010110063,-0.09301257,0.054257333,-0.020220125,0.019377619,0.046506286,-0.018198112,-0.038755238,-0.0038755238,0.018198112,-0.0038755238,-0.0077510476,-0.027128667,0.023253143,1.0637461,1.2616524,4.646674,-1.7069415,1.4842969,5.2630696,2.1027539,1.4100821,5.4053144,-1.6327267,0.7668867,5.64239,0.024738282,0.024738282,0.024738282,0.0,0.9996583,0.0022382364,0.007788797,0.024852883,-0.003195793,0.003195793,-0.0010652643,-0.16280572,-0.1328782,9.49301,0.0048626913,0.015461633,0.049750112,30.243389129638672,2.085087299346924,0.0050321165,0.21932566,-0.07673647,-0.37335065,-0.08863007,-0.26842347,0.09727473,0.043768436,-0.0501306,0.19229084,0.5246823,-0.5785656,0.06412183,0.18249123,0.31197673,-0.20949115,-0.022157518,0.6028941,-1.2756813,0.0012580291,0.72483146,-1.3191841,0.016030457,0.71562284,-1.2220057,-0.01253265,0.7180727,-1.1688294,0.0,0.0,0.0,0.0,0.0,0.0,0.0,0.0,0.0,0.0,0.0,0.0,0.0,0.0,0.0,0.0,0.43768436,-3.7335064,-2.0949116,-5.785656,50.0,50.0,50.0,50.0,50.0,50.0,50.0,50.0,50.0,50.0,50.0,50.0,0.0,0.0,0.0,0.0,1.0,1.0,1.0,1.0,1.0,1.0,1.0,1.0,1.0,1.0,1.0,1.0,0.5,0.5,0.5,0.5
1788529333.4026098,9,2.607423000881681,1.670012999966275,2.5320280001324136,0.158598,2.69629,10904726,0,1,0.0,0.0,0.0,-0.021474123,0.6457068,-1.39106,0.031132739,0.6402711,-1.3990852,-0.03925219,0.6443473,-1.4043137,0.03280312,0.65445995,-1.4075522,-16.562262,-10.4743595,-6.9789705,6.3304563,-0.0038755238,-0.081386,-0.0040440247,0.038755238,0.019377619,-0.022242136,0.0,0.0077510476,0.042462263,0.0,0.077510476,0.022242136,-0.054257333,0.05813286,0.019377619,0.027128667,1.0637461,1.311129,4.599259,-1.6822032,1.5090352,5.2156544,2.1274922,1.3853438,5.4527297,-1.6822032,0.74214846,5.64239,0.024738282,0.0,0.0,-0.024738282,0.99965763,0.0022445202,0.007783694,0.024881104,-0.009587379,-0.006391586,0.019174758,-0.09696517,-0.046686932,9.532514,0.0048754388,0.015450981,0.04980664,30.243389129638672,2.1192691326141357,0.009698486,0.24056593,-0.055082105,-0.36501768,-0.083174445,-0.27406904,0.083069175,0.040035613,-0.060593,0.21691324,0.5168668,-0.5788055,0.058887757,0.16117401,0.33337852,-0.20371212,-0.020793611,0.60148275,-1.2792326,0.0024246215,0.7301415,-1.3137705,0.014721939,0.71029353,-1.2166554,-0.01514825,0.7242283,-1.1707833,0.0,0.0,0.0,0.0,0.0,0.0,0.0,0.0,0.0,0.0,0.0,0.0,0.0,0.0,0.0,0.0,0.4003561,-3.6501768,-2.0371213,-5.788055,50.0,50.0,50.0,50.0,50.0,50.0,50.0,50.0,50.0,50.0,50.0,50.0,0.0,0.0,0.0,0.0,1.0,1.0,1.0,1.0,1.0,1.0,1.0,1.0,1.0,1.0,1.0,1.0,0.5,0.5,0.5,0.5
1788529333.4221914,10,2.230416999736917,1.634299000215833,2.149710000594496,0.149222,2.30386,10904746,0,1,0.0,0.0,0.0,-0.021474123,0.6457976,-1.3910443,0.031072184,0.64024085,-1.3990852,-0.039221913,0.64440787,-1.4043295,0.032833397,0.6543994,-1.407568,-16.562262,-10.47439,-6.97891,6.330426,0.038755238,0.0077510476,0.020220125,-0.015502095,0.0,-0.016176099,-0.0077510476,-0.011626571,0.022242136,0.0,-0.011626571,-0.010110063,-0.038755238,-0.0077510476,0.034879714,0.0,1.0637461,1.311129,4.646674,-1.6822032,1.4595586,5.2156544,2.1027539,1.3853438,5.4053144,-1.6327267,0.791625,5.64239,0.024738282,-0.049476564,0.0,-0.024738282,0.9996547,0.0022570004,0.0077600894,0.025002193,0.0074568503,0.0042610574,0.0042610574,-0.073023155,-0.14724341,9.537302,0.004901082,0.0154025685,0.050048973,30.243389129638672,2.1192691326141357,0.004730085,0.24365628,-0.07609543,-0.37171304,-0.085075036,-0.27394766,0.10399085,0.036084406,-0.05511138,0.20647265,0.5148396,-0.5759636,0.065479495,0.17560814,0.33608696,-0.19931076,-0.021268759,0.6015131,-1.2740022,0.0011825212,0.7309141,-1.3190238,0.016369874,0.71390206,-1.2159783,-0.013777845,0.7216182,-1.17129,0.0,0.0,0.0,0.0,0.0,0.0,0.0,0.0,0.0,0.0,0.0,0.0,0.0,0.0,0.0,0.0,0.36084408,-3.7171304,-1.9931077,-5.759636,50.0,50.0,50.0,50.0,50.0,50.0,50.0,50.0,50.0,50.0,50.0,50.0,0.0,0.0,0.0,0.0,1.0,1.0,1.0,1.0,1.0,1.0,1.0,1.0,1.0,1.0,1.0,1.0,0.5,0.5,0.5,0.5
1788529333.4445777,11,4.717707999589038,1.779520000127377,4.63584800127137,2.036106,6.677074,10904764,0,1,0.0,0.0,0.0,-0.021504402,0.6457976,-1.39106,0.03110246,0.6402711,-1.3990852,-0.03925219,0.64440787,-1.4043295,0.03280312,0.6543994,-1.4075838,-16.562231,-10.4743595,-6.9789705,6.330426,0.0,-0.011626571,-0.0020220124,0.06200838,0.038755238,-0.014154087,-0.06975943,-0.054257333,0.010110063,0.038755238,0.0077510476,-0.03437421,0.023253143,0.034879714,-0.10463915,0.023253143,1.0390079,1.2616524,4.694089,-1.6327267,1.5585117,5.2630696,2.1027539,1.311129,5.4527297,-1.6327267,0.7668867,5.689805,0.024738282,-0.074214846,0.049476564,-0.049476564,0.99965423,0.0022625187,0.0077553536,0.025021976,-0.003195793,0.0021305287,0.0010652643,-0.110133275,-0.20350714,9.516952,0.0049121836,0.015392727,0.050088614,30.243389129638672,2.1192691326141357,0.0057333205,0.2239604,-0.06733886,-0.3662042,-0.08538538,-0.27825788,0.10565733,0.039588287,-0.05564329,0.20502026,0.52317953,-0.57432675,0.06609372,0.17342228,0.32480732,-0.2066059,-0.021346346,0.60043555,-1.2735857,0.0014333301,0.7259901,-1.3168347,0.01652343,0.7133556,-1.2187982,-0.013910823,0.72125506,-1.1692051,0.0,0.0,0.0,0.0,0.0,0.0,0.0,0.0,0.0,0.0,0.0,0.0,0.0,0.0,0.0,0.0,0.39588287,-3.6620421,-2.0660589,-5.7432675,50.0,50.0,50.0,50.0,50.0,50.0,50.0,50.0,50.0,50.0,50.0,50.0,0.0,0.0,0.0,0.0,1.0,1.0,1.0,1.0,1.0,1.0,1.0,1.0,1.0,1.0,1.0,1.0,0.5,0.5,0.5,0.5
1788529333.4626172,12,2.6196149992756546,1.716990998829715,2.539676999731455,0.17015,2.715395,10904786,0,1,0.0,0.0,0.0,-0.021474123,0.64576733,-1.39106,0.03110246,0.6403014,-1.3990852,-0.039221913,0.6443776,-1.4043295,0.03280312,0.6544297,-1.4075522,-16.562262,-10.47439,-6.9789705,6.3304563,0.038755238,0.0,-0.0020220124,0.0077510476,0.03100419,-0.014154087,0.034879714,-0.027128667,0.016176099,-0.034879714,0.011626571,0.020220125,-0.038755238,0.0,-0.065883905,0.027128667,1.0637461,1.2863907,4.694089,-1.6822032,1.4595586,5.2630696,2.1274922,1.3853438,5.3104844,-1.6079884,0.74214846,5.64239,0.0,0.0,0.0,-0.024738282,0.9996571,0.0022689777,0.0077698026,0.024903912,0.012783172,-0.008522115,-0.0149137005,-0.19752164,-0.17597382,9.512163,0.0049240016,0.015421875,0.049852576,30.243389129638672,2.1192691326141357,-0.0010520685,0.2337248,-0.10196692,-0.3658851,-0.0879632,-0.26855153,0.1267168,0.038863964,-0.046612598,0.18805026,0.5161768,-0.5729517,0.07351528,0.1883591,0.33849803,-0.20818251,-0.0219908,0.6028621,-1.2683208,-0.00026301714,0.7284312,-1.3254917,0.01837882,0.7170898,-1.2153754,-0.0116531495,0.7170126,-1.1709558,0.0,0.0,0.0,0.0,0.0,0.0,0.0,0.0,0.0,0.0,0.0,0.0,0.0,0.0,0.0,0.0,0.38863963,-3.6588511,-2.0818253,-5.729517,50.0,50.0,50.0,50.0,50.0,50.0,50.0,50.0,50.0,50.0,50.0,50.0,0.0,0.0,0.0,0.0,1.0,1.0,1.0,1.0,1.0,1.0,1.0,1.0,1.0,1.0,1.0,1.0,0.5,0.5,0.5,0.5
1788529333.4826176,13,2.6150070007133763,1.6716449990781257,2.542076999816345,0.16119,2.708035,10904806,0,1,0.0,0.0,0.0,-0.021474123,0.6457068,-1.39106,0.031132739,0.6403317,-1.3990693,-0.03925219,0.64428675,-1.4043453,0.03280312,0.6543994,-1.407568,-16.562262,-10.4743595,-6.9789705,6.3304563,0.0,-0.07363495,0.014154087,0.015502095,0.081386,0.010110063,-0.0038755238,-0.077510476,-0.018198112,-0.0077510476,-0.023253143,-0.0080880495,-0.04263076,0.054257333,-0.034879714,0.019377619,1.0637461,1.2863907,4.646674,-1.6822032,1.4842969,5.2156544,2.1274922,1.3853438,5.3104844,-1.6327267,0.7668867,5.64239,0.024738282,0.0,0.024738282,-0.024738282,0.9996588,0.0022915988,0.0078041996,0.02482225,0.0042610574,-0.008522115,0.003195793,-0.09816227,-0.15322891,9.548077,0.0049696863,0.015489928,0.049689732,30.243389129638672,2.1192691326141357,0.00090383925,0.2357128,-0.083733685,-0.36149293,-0.08536525,-0.26856807,0.10317873,0.03766951,-0.053354464,0.20635514,0.5105306,-0.574589,0.0710202,0.17626747,0.34500584,-0.21310098,-0.021341313,0.602858,-1.2742053,0.00022595981,0.7289282,-1.3209333,0.01775505,0.71406686,-1.2137485,-0.013338616,0.7215888,-1.1723673,0.0,0.0,0.0,0.0,0.0,0.0,0.0,0.0,0.0,0.0,0.0,0.0,0.0,0.0,0.0,0.0,0.3766951,-3.6149292,-2.1310098,-5.74589,50.0,50.0,50.0,50.0,50.0,50.0,50.0,50.0,50.0,50.0,50.0,50.0,0.0,0.0,0.0,0.0,1.0,1.0,1.0,1.0,1.0,1.0,1.0,1.0,1.0,1.0,1.0,1.0,0.5,0.5,0.5,0.5
1788529333.5026076,14,2.6119989997823723,1.6584600016358308,2.539420000175596,0.155462,2.699554,10904826,0,1,0.0,0.0,0.0,-0.021474123,0.6457068,-1.39106,0.031132739,0.6402711,-1.3990852,-0.039221913,0.6443473,-1.4043295,0.032833397,0.6544297,-1.407568,-16.562231,-10.47439,-6.9789705,6.330426,0.015502095,-0.081386,0.026286162,0.06200838,0.038755238,-0.016176099,0.0,-0.027128667,-0.012132075,0.0,0.019377619,-0.0040440247,0.03100419,-0.011626571,-0.046506286,-0.0038755238,1.0637461,1.311129,4.694089,-1.6079884,1.5585117,5.2630696,2.1027539,1.3853438,5.4053144,-1.6327267,0.6926719,5.64239,0.0,0.0,-0.024738282,0.0,0.99965674,0.0022750697,0.0077881548,0.024912428,0.0074568503,-0.013848436,0.012783172,-0.03232172,-0.1400608,9.552865,0.004937231,0.015458223,0.049869817,30.243389129638672,2.1192691326141357,0.00053101964,0.26154396,-0.08129556,-0.36443502,-0.081152886,-0.26890808,0.09467046,0.041524716,-0.05847066,0.22200942,0.51024866,-0.57403755,0.07119462,0.16763411,0.36166453,-0.20626932,-0.020288222,0.602773,-1.2763324,0.00013275491,0.735386,-1.3203238,0.017798655,0.7119085,-1.2095838,-0.014617665,0.7255024,-1.1724378,0.0,0.0,0.0,0.0,0.0,0.0,0.0,0.0,0.0,0.0,0.0,0.0,0.0,0.0,0.0,0.0,0.41524714,-3.64435,-2.062693,-5.7403755,50.0,50.0,50.0,50.0,50.0,50.0,50.0,50.0,50.0,50.0,50.0,50.0,0.0,0.0,0.0,0.0,1.0,1.0,1.0,1.0,1.0,1.0,1.0,1.0,1.0,1.0,1.0,1.0,0.5,0.5,0.5,0.5
1788529333.5221791,15,2.2054879991628695,1.6264590012724511,2.1335170004022075,0.143269,2.282131,10904846,0,1,0.0,0.0,0.0,-0.021504402,0.6457976,-1.3910443,0.03110246,0.64024085,-1.3990852,-0.039221913,0.64440787,-1.4043295,0.03280312,0.6544297,-1.4075522,-16.562231,-10.4743595,-6.9789405,6.3303957,-0.019377619,0.0,0.010110063,0.038755238,0.03100419,-0.020220125,-0.04263076,-0.05038181,0.022242136,-0.081386,0.096888095,0.02426415,-0.038755238,0.06200838,-0.038755238,-0.0077510476,1.0390079,1.2863907,4.646674,-1.7069415,1.4842969,5.2630696,2.1274922,1.4100821,5.2630696,-1.6327267,0.7668867,5.64239,0.049476564,-0.024738282,0.0,-0.024738282,0.99965394,0.0022492295,0.0077640763,0.025033418,-0.015978964,0.003195793,0.015978964,-0.06584055,-0.22505496,9.560047,0.0048862244,0.015410777,0.050111353,30.243389129638672,2.085087299346924,0.009718733,0.23397806,-0.03928571,-0.37017867,-0.08162769,-0.27989903,0.07667091,0.04039257,-0.06396753,0.22004011,0.5179387,-0.5741246,0.060383003,0.16124628,0.32924938,-0.20564109,-0.020406922,0.60002524,-1.2808322,0.0024296832,0.7284945,-1.3098214,0.015095751,0.7103116,-1.2176876,-0.015991883,0.72501004,-1.1705153,0.0,0.0,0.0,0.0,0.0,0.0,0.0,0.0,0.0,0.0,0.0,0.0,0.0,0.0,0.0,0.0,0.40392572,-3.7017868,-2.0564108,-5.7412457,50.0,50.0,50.0,50.0,50.0,50.0,50.0,50.0,50.0,50.0,50.0,50.0,0.0,0.0,0.0,0.0,1.0,1.0,1.0,1.0,1.0,1.0,1.0,1.0,1.0,1.0,1.0,1.0,0.5,0.5,0.5,0.5
1788529333.5426147,16,2.6864659994316753,1.6679969994584098,2.607422999062692,0.169958,2.781797,10904866,0,1,0.0,0.0,0.0,-0.021474123,0.6457976,-1.3910443,0.031132739,0.6402711,-1.3990852,-0.039221913,0.6443776,-1.4043453,0.032833397,0.6544297,-1.4075838,-16.562231,-10.47439,-6.9789405,6.330426,0.038755238,0.0077510476,0.014154087,0.06975943,0.06975943,-0.0040440247,-0.015502095,-0.06200838,-0.014154087,-0.027128667,0.046506286,-0.028308174,0.0,-0.0038755238,0.0,0.015502095,1.0637461,1.2863907,4.646674,-1.6327267,1.4595586,5.2630696,2.1027539,1.3853438,5.4053144,-1.6327267,0.791625,5.64239,0.024738282,0.0,-0.024738282,-0.024738282,0.9996554,0.0022750413,0.007783094,0.024967726,0.0053263213,0.010652643,-0.009587379,-0.11133038,-0.18794483,9.531317,0.004937776,0.015447834,0.049980424,30.243389129638672,2.1192691326141357,0.0045706276,0.216872,-0.06831661,-0.3672135,-0.087196514,-0.28483158,0.12119346,0.034379974,-0.05494421,0.1993199,0.49301404,-0.569303,0.06871189,0.17978078,0.33048448,-0.206586,-0.021799129,0.59879214,-1.2697016,0.0011426569,0.724218,-1.3170791,0.017177973,0.7149452,-1.2173789,-0.013736052,0.71983,-1.1767465,0.0,0.0,0.0,0.0,0.0,0.0,0.0,0.0,0.0,0.0,0.0,0.0,0.0,0.0,0.0,0.0,0.34379974,-3.6721349,-2.06586,-5.69303,50.0,50.0,50.0,50.0,50.0,50.0,50.0,50.0,50.0,50.0,50.0,50.0,0.0,0.0,0.0,0.0,1.0,1.0,1.0,1.0,1.0,1.0,1.0,1.0,1.0,1.0,1.0,1.0,0.5,0.5,0.5,0.5
1788529333.5626085,17,2.6308149990654783,1.666620999458246,2.5617570008762414,0.148869,2.714914,10904886,0,1,0.0,0.0,0.0,-0.021443844,0.64573705,-1.39106,0.031132739,0.6402711,-1.3990852,-0.03925219,0.64431703,-1.4043137,0.03280312,0.6543994,-1.407568,-16.562231,-10.4743595,-6.9789705,6.3304563,0.06975943,-0.038755238,0.012132075,0.027128667,0.0,-0.012132075,-0.038755238,-0.038755238,0.0060660373,-0.015502095,-0.023253143,-0.018198112,0.027128667,0.05813286,-0.034879714,0.03100419,1.0390079,1.311129,4.694089,-1.6822032,1.4595586,5.2630696,2.1027539,1.3853438,5.4053144,-1.6327267,0.6926719,5.689805,0.0,0.0,0.024738282,-0.024738282,0.9996583,0.0022872442,0.0077795023,0.024852026,-0.0010652643,0.0010652643,-0.006391586,-0.15682021,-0.11252748,9.522937,0.0049602096,0.015440617,0.049749106,30.252243041992188,2.085087299346924,0.0014070626,0.22266594,-0.074631125,-0.36582363,-0.08863479,-0.27561662,0.11386312,0.040746562,-0.052484192,0.19979449,0.49708766,-0.5719462,0.069663264,0.18230401,0.3347836,-0.21271569,-0.022158697,0.60109586,-1.2715342,0.00035176566,0.7256665,-1.3186578,0.017415816,0.715576,-1.2163041,-0.013121048,0.71994865,-1.1757281,0.0,0.0,0.0,0.0,0.0,0.0,0.0,0.0,0.0,0.0,0.0,0.0,0.0,0.0,0.0,0.0,0.40746564,-3.6582363,-2.1271567,-5.719462,50.0,50.0,50.0,50.0,50.0,50.0,50.0,50.0,50.0,50.0,50.0,50.0,0.0,0.0,0.0,0.0,1.0,1.0,1.0,1.0,1.0,1.0,1.0,1.0,1.0,1.0,1.0,1.0,0.5,0.5,0.5,0.5
1788529333.5843022,18,4.32665400148835,1.7189099999086466,4.255929999999353,0.144838,4.405569,10904906,0,1,0.0,0.0,0.0,-0.021474123,0.64573705,-1.39106,0.03110246,0.6402711,-1.3990852,-0.03925219,0.64431703,-1.4043295,0.03280312,0.6544297,-1.4075838,-16.562231,-10.4743595,-6.9789705,6.3304563,0.019377619,-0.0077510476,0.0080880495,0.05038181,0.0,-0.022242136,-0.0038755238,-0.038755238,0.010110063,0.0077510476,0.0,-0.02426415,0.027128667,0.054257333,-0.034879714,0.038755238,1.0637461,1.311129,4.599259,-1.6327267,1.4595586,5.2156544,2.1027539,1.3853438,5.2630696,-1.6327267,0.7668867,5.689805,0.0,-0.024738282,0.024738282,-0.024738282,0.9996576,0.002319687,0.007758589,0.024883699,-0.003195793,0.0021305287,0.0149137005,-0.073023155,-0.04070143,9.482236,0.0050245267,0.015397028,0.049812846,30.243389129638672,2.1192691326141357,0.0053564887,0.2356435,-0.060829483,-0.36307773,-0.082953274,-0.2796257,0.09464127,0.040858284,-0.05806128,0.2157593,0.50287753,-0.57310426,0.06567257,0.16123115,0.3399828,-0.20898923,-0.020738319,0.6000936,-1.2763397,0.0013391222,0.7289109,-1.3152074,0.016418142,0.7103078,-1.2150042,-0.01451532,0.72393984,-1.1742805,0.0,0.0,0.0,0.0,0.0,0.0,0.0,0.0,0.0,0.0,0.0,0.0,0.0,0.0,0.0,0.0,0.40858284,-3.6307774,-2.0898924,-5.731043,50.0,50.0,50.0,50.0,50.0,50.0,50.0,50.0,50.0,50.0,50.0,50.0,0.0,0.0,0.0,0.0,1.0,1.0,1.0,1.0,1.0,1.0,1.0,1.0,1.0,1.0,1.0,1.0,0.5,0.5,0.5,0.5
1788529333.60261,19,2.624159000333748,1.6646370004309574,2.5528609985485673,0.16087,2.717859,10904926,0,1,0.0,0.0,0.0,-0.021504402,0.64576733,-1.3910443,0.03110246,0.6402711,-1.3990852,-0.039221913,0.6443776,-1.4043453,0.032833397,0.6543994,-1.407568,-16.562262,-10.47433,-6.9789705,6.3303957,0.0,-0.03100419,0.012132075,0.046506286,0.046506286,-0.020220125,0.011626571,-0.0077510476,-0.012132075,0.0038755238,0.023253143,0.0040440247,-0.011626571,0.09301257,-0.038755238,-0.046506286,1.0637461,1.2863907,4.646674,-1.6822032,1.4842969,5.2156544,2.1027539,1.3853438,5.4527297,-1.6327267,0.791625,5.784635,0.024738282,0.0,0.024738282,-0.024738282,0.999654,0.0022719444,0.0077809966,0.025021642,-0.008522115,0.013848436,0.01704423,-0.039504327,-0.1448492,9.548077,0.004932312,0.015443527,0.050088238,30.243389129638672,2.1192691326141357,0.0072700474,0.23298612,-0.053836804,-0.36455813,-0.08291001,-0.28115615,0.09647809,0.0390008,-0.060436293,0.21778806,0.50149435,-0.57307714,0.0652083,0.16221116,0.33992663,-0.20926452,-0.020727502,0.599711,-1.2758805,0.0018175119,0.72824657,-1.3134592,0.016302075,0.7105528,-1.2150183,-0.015109073,0.724447,-1.1746264,0.0,0.0,0.0,0.0,0.0,0.0,0.0,0.0,0.0,0.0,0.0,0.0,0.0,0.0,0.0,0.0,0.39000803,-3.6455812,-2.0926452,-5.7307715,50.0,50.0,50.0,50.0,50.0,50.0,50.0,50.0,50.0,50.0,50.0,50.0,0.0,0.0,0.0,0.0,1.0,1.0,1.0,1.0,1.0,1.0,1.0,1.0,1.0,1.0,1.0,1.0,0.5,0.5,0.5,0.5
1788529333.622616,20,2.667968999958248,1.6954219991021091,2.5837419998424593,0.152614,2.7417,10904946,0,1,0.0,0.0,0.0,-0.021474123,0.6457976,-1.3910443,0.031072184,0.64024085,-1.3991168,-0.039191633,0.64443815,-1.4043295,0.032863677,0.6543994,-1.407568,-16.562231,-10.4743595,-6.97891,6.3303957,0.06975943,0.0,0.0040440247,0.011626571,0.019377619,-0.054594334,0.054257333,0.011626571,0.018198112,0.038755238,0.019377619,-0.0020220124,0.019377619,0.038755238,0.0038755238,-0.019377619,1.0637461,1.2616524,4.646674,-1.6079884,1.4842969,5.2156544,2.1027539,1.3853438,5.3104844,-1.6079884,0.7668867,5.64239,0.024738282,0.0,0.049476564,0.024738282,0.99965376,0.0022793033,0.007769516,0.025034744,-0.003195793,0.015978964,-0.0053263213,-0.090979666,-0.20470424,9.478644,0.0049466523,0.01542014,0.050114498,30.243389129638672,2.085087299346924,0.0019792337,0.22304907,-0.09158787,-0.3670449,-0.08970946,-0.27816904,0.12851302,0.037644193,-0.049106814,0.19153036,0.49025,-0.57420075,0.073565215,0.18375982,0.33726856,-0.20973791,-0.022427365,0.6004578,-1.2678717,0.0004948084,0.7257623,-1.322897,0.018391304,0.71594,-1.2156829,-0.0122767035,0.71788263,-1.1774374,0.0,0.0,0.0,0.0,0.0,0.0,0.0,0.0,0.0,0.0,0.0,0.0,0.0,0.0,0.0,0.0,0.37644193,-3.670449,-2.0973792,-5.7420073,50.0,50.0,50.0,50.0,50.0,50.0,50.0,50.0,50.0,50.0,50.0,50.0,0.0,0.0,0.0,0.0,1.0,1.0,1.0,1.0,1.0,1.0,1.0,1.0,1.0,1.0,1.0,1.0,0.5,0.5,0.5,0.5
1788529333.6432574,21,3.2961840006464627,1.6834849993756507,3.1966280002961867,0.165318,3.367035,10904966,0,1,0.0,0.0,0.0,-0.021504402,0.64573705,-1.39106,0.03110246,0.6402711,-1.3990852,-0.039221913,0.6443776,-1.4043295,0.03277284,0.6544297,-1.407568,-16.562231,-10.47439,-6.9789705,6.330426,0.0,-0.038755238,0.0060660373,0.015502095,0.019377619,-0.022242136,0.038755238,0.0,0.018198112,-0.06200838,0.038755238,0.0,0.019377619,-0.0077510476,-0.04263076,-0.019377619,1.0884844,1.311129,4.646674,-1.6822032,1.4842969,5.2630696,2.1274922,1.3606055,5.3104844,-1.6822032,0.791625,5.689805,0.024738282,-0.024738282,0.0,-0.024738282,0.99965703,0.0022946335,0.007756816,0.024910545,0.006391586,-0.0010652643,-0.023435814,-0.19871874,-0.18555063,9.548077,0.0049747555,0.015394599,0.049866173,30.243389129638672,2.085087299346924,0.0012818668,0.21578237,-0.101259716,-0.37508473,-0.09550513,-0.2662135,0.13245714,0.037541933,-0.044514716,0.17584464,0.5061612,-0.5842458,0.0766998,0.20170446,0.32021672,-0.21222115,-0.023876283,0.60344666,-1.2668856,0.0003204667,0.7239456,-1.3253149,0.01917495,0.72042614,-1.2199458,-0.011128679,0.7139612,-1.1734596,0.0,0.0,0.0,0.0,0.0,0.0,0.0,0.0,0.0,0.0,0.0,0.0,0.0,0.0,0.0,0.0,0.37541932,-3.7508473,-2.1222115,-5.842458,50.0,50.0,50.0,50.0,50.0,50.0,50.0,50.0,50.0,50.0,50.0,50.0,0.0,0.0,0.0,0.0,1.0,1.0,1.0,1.0,1.0,1.0,1.0,1.0,1.0,1.0,1.0,1.0,0.5,0.5,0.5,0.5
1788529333.6626172,22,2.8124860000389162,1.679868999417522,2.7403230014897417,2.07502,4.819855,10904984,0,1,0.0,0.0,0.0,-0.021443844,0.64573705,-1.39106,0.031132739,0.6402711,-1.3990693,-0.03925219,0.64428675,-1.4043137,0.03277284,0.6544297,-1.407568,-16.562262,-10.474421,-6.9789405,6.330426,0.038755238,-0.046506286,0.0020220124,0.027128667,0.05813286,-0.020220125,-0.03100419,-0.054257333,0.050550308,-0.05813286,0.0,0.0040440247,-0.034879714,-0.054257333,0.023253143,-0.0038755238,1.0637461,1.2863907,4.694089,-1.6822032,1.5585117,5.2630696,2.0780158,1.3853438,5.3104844,-1.6327267,0.7668867,5.689805,-0.024738282,0.024738282,0.024738282,-0.024738282,0.9996592,0.002289251,0.0077471733,0.02482735,0.003195793,0.0,0.003195793,-0.11851298,-0.19393034,9.510966,0.004962232,0.015376,0.04969958,30.243389129638672,2.085087299346924,0.005039038,0.23451933,-0.071148165,-0.36733735,-0.08675257,-0.27479526,0.10184182,0.0348802,-0.055699073,0.20825234,0.50872606,-0.57602686,0.06665291,0.17128496,0.32929978,-0.2103058,-0.021688143,0.6013012,-1.2745395,0.0012597595,0.7286298,-1.317787,0.016663227,0.71282125,-1.217675,-0.013924768,0.7220631,-1.1728184,0.0,0.0,0.0,0.0,0.0,0.0,0.0,0.0,0.0,0.0,0.0,0.0,0.0,0.0,0.0,0.0,0.34880197,-3.6733735,-2.1030579,-5.7602687,50.0,50.0,50.0,50.0,50.0,50.0,50.0,50.0,50.0,50.0,50.0,50.0,0.0,0.0,0.0,0.0,1.0,1.0,1.0,1.0,1.0,1.0,1.0,1.0,1.0,1.0,1.0,1.0,0.5,0.5,0.5,0.5
1788529333.6826088,23,2.627584000947536,1.6800609992060345,2.559964999818476,0.14871,2.713667,10905006,0,1,0.0,0.0,0.0,-0.021474123,0.6457068,-1.39106,0.031072184,0.6402711,-1.3990852,-0.03925219,0.6443776,-1.4043453,0.03280312,0.6543994,-1.4075838,-16.562262,-10.4743595,-6.9789405,6.330426,0.0,-0.096888095,-0.010110063,-0.06975943,0.05813286,-0.020220125,-0.038755238,0.019377619,-0.0040440247,-0.065883905,-0.019377619,-0.020220125,-0.04263076,0.06200838,0.0038755238,0.027128667,1.0637461,1.2863907,4.694089,-1.6822032,1.5585117,5.2630696,2.1027539,1.3853438,5.3104844,-1.6327267,0.7668867,5.689805,0.024738282,-0.024738282,0.0,-0.024738282,0.9996568,0.0022640715,0.0077595515,0.02492207,0.0042610574,0.009587379,0.0053263213,-0.061052144,-0.16639702,9.500193,0.0049139587,0.015401536,0.049888775,30.252243041992188,2.085087299346924,0.008043012,0.22972733,-0.055679984,-0.36887258,-0.08793842,-0.26617032,0.09436658,0.03959222,-0.057759397,0.21221213,0.52067214,-0.5762541,0.06363873,0.17350815,0.31618157,-0.20566583,-0.021984605,0.60345745,-1.2764083,0.002010753,0.72743183,-1.3139199,0.015909683,0.71337706,-1.2209545,-0.014439849,0.72305304,-1.1698319,0.0,0.0,0.0,0.0,0.0,0.0,0.0,0.0,0.0,0.0,0.0,0.0,0.0,0.0,0.0,0.0,0.3959222,-3.688726,-2.0566583,-5.7625413,50.0,50.0,50.0,50.0,50.0,50.0,50.0,50.0,50.0,50.0,50.0,50.0,0.0,0.0,0.0,0.0,1.0,1.0,1.0,1.0,1.0,1.0,1.0,1.0,1.0,1.0,1.0,1.0,0.5,0.5,0.5,0.5
1788529333.7026048,24,2.65820800086658,1.679101000263472,2.563516998634441,0.161478,2.729635,10905026,0,1,0.0,0.0,0.0,-0.021474123,0.6457976,-1.3910443,0.031072184,0.64021057,-1.3990852,-0.039221913,0.64443815,-1.4043453,0.032833397,0.6543994,-1.4075838,-16.562262,-10.4743595,-6.97891,6.330426,0.038755238,-0.011626571,0.018198112,-0.019377619,0.0,-0.018198112,-0.05038181,0.0,-0.0080880495,-0.06200838,0.011626571,-0.02426415,-0.038755238,0.07363495,0.023253143,0.05813286,1.0637461,1.2616524,4.646674,-1.6327267,1.5090352,5.2630696,2.1027539,1.4100821,5.3104844,-1.6079884,0.74214846,5.689805,0.024738282,-0.024738282,0.049476564,0.024738282,0.9996538,0.0022339355,0.007768365,0.025037749,-0.020240022,-0.0021305287,0.012783172,-0.035913024,-0.18555063,9.54209,0.0048559257,0.015420097,0.05011981,30.243389129638672,2.050905704498291,0.010310283,0.22553664,-0.036538642,-0.37080905,-0.0858715,-0.270198,0.081964925,0.04351276,-0.060302883,0.21009053,0.530732,-0.57416207,0.058705468,0.16886005,0.30829448,-0.20036027,-0.021467876,0.6024505,-1.2795087,0.0025775707,0.72638416,-1.3091346,0.014676367,0.712215,-1.2229264,-0.015075721,0.7225227,-1.1673169,0.0,0.0,0.0,0.0,0.0,0.0,0.0,0.0,0.0,0.0,0.0,0.0,0.0,0.0,0.0,0.0,0.43512762,-3.7080905,-2.0036027,-5.7416205,50.0,50.0,50.0,50.0,50.0,50.0,50.0,50.0,50.0,50.0,50.0,50.0,0.0,0.0,0.0,0.0,1.0,1.0,1.0,1.0,1.0,1.0,1.0,1.0,1.0,1.0,1.0,1.0,0.5,0.5,0.5,0.5
1788529333.722609,25,2.769892000287655,1.6943020000326214,2.699010001379065,2.026442,4.73038,10905044,0,1,0.0,0.0,0.0,-0.021474123,0.6457976,-1.39106,0.03110246,0.64024085,-1.3990852,-0.039221913,0.64440787,-1.4043137,0.032863677,0.6543994,-1.4075838,-16.562262,-10.47439,-6.9789405,6.330426,0.05038181,0.0077510476,-0.0080880495,-0.019377619,0.038755238,0.018198112,-0.023253143,-0.0077510476,0.044484273,0.019377619,-0.015502095,-0.030330187,-0.05038181,0.0077510476,-0.011626571,0.04263076,1.0637461,1.311129,4.646674,-1.6822032,1.4595586,5.3104844,2.0780158,1.4100821,5.4053144,-1.6079884,0.6926719,5.689805,0.024738282,-0.024738282,0.0,-0.024738282,0.9996544,0.0022412522,0.007788821,0.025003802,0.003195793,-0.0010652643,-0.018109493,-0.088585466,-0.22026655,9.585187,0.004871058,0.015460795,0.050052114,30.252243041992188,2.085087299346924,0.0039862115,0.20802143,-0.08287304,-0.3701354,-0.09060781,-0.26844355,0.11809575,0.036272414,-0.04703772,0.18185088,0.52538437,-0.5746151,0.06974914,0.19025576,0.31619805,-0.20597433,-0.022651952,0.6028891,-1.270476,0.0009965529,0.72200537,-1.3207182,0.017437285,0.717564,-1.2209505,-0.01175943,0.71546274,-1.1686538,0.0,0.0,0.0,0.0,0.0,0.0,0.0,0.0,0.0,0.0,0.0,0.0,0.0,0.0,0.0,0.0,0.36272413,-3.701354,-2.0597432,-5.746151,50.0,50.0,50.0,50.0,50.0,50.0,50.0,50.0,50.0,50.0,50.0,50.0,0.0,0.0,0.0,0.0,1.0,1.0,1.0,1.0,1.0,1.0,1.0,1.0,1.0,1.0,1.0,1.0,0.5,0.5,0.5,0.5
1788529333.7432761,26,3.43689300098049,1.7214059989782982,3.364762000273913,2.024746,5.394468,10905064,0,1,0.0,0.0,0.0,-0.021474123,0.64576733,-1.39106,0.031132739,0.6402711,-1.3990852,-0.03925219,0.64431703,-1.4043295,0.03280312,0.6544297,-1.407568,-16.562231,-10.4743595,-6.9789705,6.3304563,0.0077510476,0.019377619,0.026286162,0.04263076,0.054257333,-0.020220125,-0.027128667,-0.038755238,-0.012132075,-0.023253143,0.038755238,0.0,0.0,0.05813286,-0.05813286,0.027128667,1.0390079,1.4100821,4.646674,-1.6327267,1.5585117,5.2630696,2.0780158,1.3853438,5.3104844,-1.6327267,0.74214846,5.64239,0.0,-0.024738282,0.024738282,0.0,0.9996573,0.0022512446,0.007806735,0.024886645,0.0010652643,0.011717907,-0.0074568503,-0.17717093,-0.12689269,9.485827,0.004890119,0.015496687,0.049817964,30.252243041992188,2.050905704498291,0.005903883,0.20772657,-0.07764692,-0.3627197,-0.08918275,-0.28340986,0.12408119,0.03266713,-0.051289678,0.19117475,0.50770795,-0.5769405,0.066849776,0.18612644,0.31092027,-0.20974983,-0.022295687,0.59914756,-1.2689797,0.0014759707,0.72193164,-1.3194116,0.016712444,0.71653163,-1.2222699,-0.012822419,0.7177937,-1.1730729,0.0,0.0,0.0,0.0,0.0,0.0,0.0,0.0,0.0,0.0,0.0,0.0,0.0,0.0,0.0,0.0,0.3266713,-3.6271973,-2.0974984,-5.769405,50.0,50.0,50.0,50.0,50.0,50.0,50.0,50.0,50.0,50.0,50.0,50.0,0.0,0.0,0.0,0.0,1.0,1.0,1.0,1.0,1.0,1.0,1.0,1.0,1.0,1.0,1.0,1.0,0.5,0.5,0.5,0.5
1788529333.7626636,27,2.7131550014019012,1.6993259996525012,2.6344960006099427,0.14711,2.786918,10905086,0,1,0.0,0.0,0.0,-0.021443844,0.6457068,-1.3910443,0.031072184,0.64024085,-1.3990693,-0.03925219,0.64428675,-1.4043295,0.03277284,0.6544297,-1.4075522,-16.562231,-10.4743595,-6.9789705,6.330426,0.05813286,-0.07363495,0.02426415,-0.046506286,-0.015502095,0.0080880495,-0.023253143,-0.081386,0.016176099,-0.054257333,0.027128667,0.018198112,0.019377619,0.04263076,-0.038755238,-0.011626571,1.0637461,1.2863907,4.646674,-1.6327267,1.4595586,5.2630696,2.1027539,1.4595586,5.3104844,-1.6327267,0.791625,5.689805,0.049476564,-0.024738282,0.0,-0.024738282,0.99965703,0.0023019605,0.0077963476,0.02489543,-0.011717907,0.013848436,0.011717907,-0.1352724,-0.033518825,9.526528,0.0049911467,0.015473348,0.049836267,30.252243041992188,2.085087299346924,0.009525804,0.23312443,-0.049727924,-0.36214808,-0.08422336,-0.27724266,0.0896343,0.040425427,-0.05830609,0.21250701,0.5095897,-0.5763745,0.058964115,0.16516265,0.32031524,-0.20377965,-0.02105584,0.60068935,-1.2775913,0.002381451,0.72828114,-1.3124319,0.014741029,0.71129066,-1.2199211,-0.014576523,0.72312677,-1.1726025,0.0,0.0,0.0,0.0,0.0,0.0,0.0,0.0,0.0,0.0,0.0,0.0,0.0,0.0,0.0,0.0,0.40425426,-3.6214807,-2.0377965,-5.763745,50.0,50.0,50.0,50.0,50.0,50.0,50.0,50.0,50.0,50.0,50.0,50.0,0.0,0.0,0.0,0.0,1.0,1.0,1.0,1.0,1.0,1.0,1.0,1.0,1.0,1.0,1.0,1.0,0.5,0.5,0.5,0.5
1788529333.7826123,28,2.6390399998490466,1.6151309991982998,2.569788999608136,0.137605,2.711427,10905106,0,1,0.0,0.0,0.0,-0.021504402,0.64573705,-1.3910443,0.031072184,0.64024085,-1.3990852,-0.039221913,0.6443776,-1.4043453,0.032833397,0.65433884,-1.407568,-16.562231,-10.47439,-6.9789405,6.330426,0.0,-0.04263076,0.018198112,-0.0038755238,0.038755238,-0.020220125,0.019377619,-0.034879714,-0.010110063,0.0,-0.05038181,-0.026286162,0.0038755238,0.0,-0.0038755238,0.027128667,1.0637461,1.2616524,4.646674,-1.6327267,1.4842969,5.2630696,2.1027539,1.4100821,5.4053144,-1.6822032,0.7668867,5.64239,0.0,0.0,0.0,-0.024738282,0.99965435,0.0022801026,0.0077610025,0.02501466,-0.0010652643,-0.0010652643,0.0053263213,-0.077811554,-0.1352724,9.554062,0.004947514,0.015403177,0.050074276,30.243389129638672,2.085087299346924,0.0055377204,0.23685753,-0.07301524,-0.37036145,-0.08545308,-0.26986536,0.09551231,0.04280681,-0.055745468,0.20494594,0.51993704,-0.57837164,0.065466836,0.17059533,0.3332122,-0.20566104,-0.02136327,0.6025337,-1.2761219,0.0013844301,0.72921443,-1.3182538,0.016366709,0.71264887,-1.2166969,-0.013936367,0.7212365,-1.1700157,0.0,0.0,0.0,0.0,0.0,0.0,0.0,0.0,0.0,0.0,0.0,0.0,0.0,0.0,0.0,0.0,0.4280681,-3.7036145,-2.0566103,-5.783716,50.0,50.0,50.0,50.0,50.0,50.0,50.0,50.0,50.0,50.0,50.0,50.0,0.0,0.0,0.0,0.0,1.0,1.0,1.0,1.0,1.0,1.0,1.0,1.0,1.0,1.0,1.0,1.0,0.5,0.5,0.5,0.5
1788529333.8026161,29,2.6544009997451212,1.7034860011335695,2.5690849997772602,0.153126,2.727203,10905126,0,1,0.0,0.0,0.0,-0.021534681,0.6457976,-1.39106,0.03110246,0.64024085,-1.3990852,-0.03925219,0.64440787,-1.4043137,0.032833397,0.6543691,-1.407568,-16.562262,-10.4743595,-6.9789405,6.3304563,-0.0077510476,0.019377619,-0.020220125,0.07363495,0.03100419,-0.016176099,-0.05038181,-0.019377619,0.04044025,0.0077510476,0.0038755238,0.010110063,-0.046506286,0.05813286,-0.05813286,0.09301257,1.0637461,1.311129,4.646674,-1.6822032,1.4595586,5.2156544,2.1027539,1.3606055,5.3104844,-1.6327267,0.7668867,5.689805,0.0,-0.024738282,0.0,0.0,0.9996536,0.0022662852,0.007752492,0.025047466,-0.0021305287,0.010652643,-0.0021305287,-0.12330139,-0.20590134,9.454702,0.0049199634,0.01538669,0.050139654,30.243389129638672,2.085087299346924,0.005666433,0.2216905,-0.068169646,-0.36458707,-0.086689696,-0.2727081,0.109072946,0.038018346,-0.054886714,0.19880138,0.5243814,-0.5734516,0.06629443,0.18070346,0.32468003,-0.20423555,-0.021672424,0.601823,-1.2727317,0.0014166082,0.7254226,-1.3170424,0.016573608,0.71517587,-1.21883,-0.013721678,0.71970034,-1.1689045,0.0,0.0,0.0,0.0,0.0,0.0,0.0,0.0,0.0,0.0,0.0,0.0,0.0,0.0,0.0,0.0,0.38018346,-3.6458707,-2.0423555,-5.7345157,50.0,50.0,50.0,50.0,50.0,50.0,50.0,50.0,50.0,50.0,50.0,50.0,0.0,0.0,0.0,0.0,1.0,1.0,1.0,1.0,1.0,1.0,1.0,1.0,1.0,1.0,1.0,1.0,0.5,0.5,0.5,0.5
1788529333.822622,30,2.646176999405725,1.6712599990569288,2.5748770003701793,0.14983,2.729635,10905146,0,1,0.0,0.0,0.0,-0.021504402,0.64576733,-1.39106,0.03110246,0.6403014,-1.3990693,-0.03925219,0.6443473,-1.4043295,0.03277284,0.6543691,-1.4075996,-16.562262,-10.47439,-6.9789405,6.330426,-0.015502095,0.015502095,0.0060660373,0.015502095,0.065883905,0.014154087,-0.03100419,-0.046506286,0.018198112,-0.06975943,-0.034879714,-0.0485283,-0.027128667,0.05038181,-0.023253143,-0.015502095,1.0637461,1.2863907,4.646674,-1.6327267,1.5585117,5.2630696,2.0780158,1.4595586,5.4053144,-1.6079884,0.791625,5.689805,-0.024738282,0.0,0.024738282,-0.049476564,0.99965626,0.0022907136,0.0077754585,0.02493434,0.012783172,-0.006391586,-0.021305285,-0.20590134,-0.16998832,9.488221,0.0049682157,0.01543195,0.049913827,30.243389129638672,2.1192691326141357,0.0017646458,0.21048796,-0.09113936,-0.36645064,-0.09206527,-0.26939657,0.123695664,0.036573,-0.047755823,0.18116833,0.5294873,-0.5786773,0.07200454,0.19369482,0.3207898,-0.21144019,-0.023016317,0.6026509,-1.269076,0.00044116145,0.72262204,-1.3227848,0.018001135,0.7184237,-1.2198025,-0.011938956,0.7152921,-1.1676282,0.0,0.0,0.0,0.0,0.0,0.0,0.0,0.0,0.0,0.0,0.0,0.0,0.0,0.0,0.0,0.0,0.36573,-3.6645064,-2.1144018,-5.7867727,50.0,50.0,50.0,50.0,50.0,50.0,50.0,50.0,50.0,50.0,50.0,50.0,0.0,0.0,0.0,0.0,1.0,1.0,1.0,1.0,1.0,1.0,1.0,1.0,1.0,1.0,1.0,1.0,0.5,0.5,0.5,0.5
1788529333.8433106,31,3.4070039982907474,1.7055019998224452,3.321624999443884,0.17191,3.499679,10905166,0,1,0.0,0.0,0.0,-0.021474123,0.64573705,-1.3910758,0.03110246,0.6403014,-1.3990693,-0.03925219,0.64428675,-1.4043295,0.03280312,0.6544297,-1.407568,-16.562231,-10.4743595,-6.9789405,6.3304563,-0.0038755238,-0.0038755238,-0.010110063,-0.019377619,0.065883905,0.012132075,-0.015502095,-0.06200838,0.0060660373,0.015502095,0.011626571,-0.0080880495,0.019377619,0.038755238,0.015502095,0.038755238,1.0637461,1.2863907,4.599259,-1.6822032,1.4842969,5.2630696,2.1274922,1.3853438,5.3104844,-1.58325,0.7668867,5.689805,0.0,0.0,0.024738282,0.0,0.99965835,0.002289482,0.007793187,0.02484288,0.0,0.0042610574,-0.0021305287,-0.11731588,-0.17477672,9.518148,0.0049652243,0.015467911,0.049730916,30.243389129638672,2.085087299346924,0.0025500003,0.2186892,-0.08096817,-0.36656502,-0.08799416,-0.2784636,0.1148889,0.036997795,-0.05339998,0.19415444,0.51343817,-0.5773489,0.068671584,0.18110639,0.3203759,-0.20903787,-0.02199854,0.6003841,-1.2712778,0.0006375001,0.7246723,-1.320242,0.017167896,0.7152766,-1.219906,-0.013349995,0.71853864,-1.1716404,0.0,0.0,0.0,0.0,0.0,0.0,0.0,0.0,0.0,0.0,0.0,0.0,0.0,0.0,0.0,0.0,0.36997795,-3.6656501,-2.0903788,-5.773489,50.0,50.0,50.0,50.0,50.0,50.0,50.0,50.0,50.0,50.0,50.0,50.0,0.0,0.0,0.0,0.0,1.0,1.0,1.0,1.0,1.0,1.0,1.0,1.0,1.0,1.0,1.0,1.0,0.5,0.5,0.5,0.5
1788529333.8645802,32,4.3650859988701995,1.850594999268651,4.276507999747992,2.240241,6.522477,10905184,0,1,0.0,0.0,0.0,-0.021474123,0.64573705,-1.39106,0.031132739,0.6402711,-1.3990693,-0.03925219,0.64431703,-1.4043295,0.03280312,0.6543994,-1.407568,-16.562231,-10.47439,-6.9789705,6.330426,-0.0038755238,-0.027128667,0.0,0.038755238,0.0038755238,0.010110063,-0.03100419,-0.04263076,0.02426415,-0.05038181,0.019377619,0.0040440247,0.027128667,0.0038755238,-0.038755238,0.0038755238,1.0637461,1.2863907,4.646674,-1.6822032,1.4595586,5.2630696,2.1274922,1.3853438,5.4527297,-1.6327267,0.791625,5.689805,-0.024738282,0.0,0.024738282,0.0,0.9996567,0.0022689686,0.007775527,0.024920119,-0.0021305287,-0.0021305287,0.01704423,-0.059855044,-0.15322891,9.53012,0.004924519,0.015433242,0.04988504,30.243389129638672,2.085087299346924,0.0064242464,0.23754945,-0.053758543,-0.36771277,-0.0829353,-0.2800956,0.08924609,0.03958503,-0.060691364,0.21697347,0.51461875,-0.5787767,0.06262991,0.16265348,0.3354719,-0.20208094,-0.020733826,0.5999761,-1.2776884,0.0016060616,0.7293874,-1.3134396,0.015657477,0.7106634,-1.2161319,-0.015172841,0.7242434,-1.1713452,0.0,0.0,0.0,0.0,0.0,0.0,0.0,0.0,0.0,0.0,0.0,0.0,0.0,0.0,0.0,0.0,0.3958503,-3.6771276,-2.0208094,-5.7877674,50.0,50.0,50.0,50.0,50.0,50.0,50.0,50.0,50.0,50.0,50.0,50.0,0.0,0.0,0.0,0.0,1.0,1.0,1.0,1.0,1.0,1.0,1.0,1.0,1.0,1.0,1.0,1.0,0.5,0.5,0.5,0.5
1788529333.883224,33,3.340666000440251,1.6977249997580657,3.2621020000078715,0.145638,3.412348,10905206,0,1,0.0,0.0,0.0,-0.021474123,0.64576733,-1.3910443,0.031072184,0.64021057,-1.3990693,-0.039221913,0.64440787,-1.4043295,0.032833397,0.6543994,-1.407568,-16.562231,-10.47439,-6.97891,6.3303957,0.05038181,-0.054257333,0.020220125,-0.011626571,0.0,0.012132075,-0.046506286,-0.019377619,0.020220125,-0.05038181,0.03100419,-0.0040440247,0.015502095,0.0077510476,0.0,-0.05038181,1.0637461,1.311129,4.694089,-1.6327267,1.4842969,5.2156544,2.0780158,1.3853438,5.4053144,-1.6822032,0.74214846,5.689805,0.0,-0.049476564,0.024738282,0.0,0.99965394,0.002252739,0.007760407,0.02503266,-0.0042610574,-0.01704423,0.0,-0.039504327,-0.19033903,9.566033,0.0048930463,0.015403268,0.05010987,30.243389129638672,2.085087299346924,0.0058152657,0.23627338,-0.06314833,-0.37340653,-0.08617607,-0.2682988,0.08874779,0.04484351,-0.055942297,0.20387919,0.5297037,-0.5787917,0.06596172,0.17120741,0.33375996,-0.20695874,-0.021544017,0.6029253,-1.277813,0.0014538164,0.72906834,-1.3157871,0.01649043,0.7128019,-1.21656,-0.013985574,0.7209698,-1.167574,0.0,0.0,0.0,0.0,0.0,0.0,0.0,0.0,0.0,0.0,0.0,0.0,0.0,0.0,0.0,0.0,0.4484351,-3.7340653,-2.0695875,-5.7879167,50.0,50.0,50.0,50.0,50.0,50.0,50.0,50.0,50.0,50.0,50.0,50.0,0.0,0.0,0.0,0.0,1.0,1.0,1.0,1.0,1.0,1.0,1.0,1.0,1.0,1.0,1.0,1.0,0.5,0.5,0.5,0.5
1788529333.9026005,34,2.638336000018171,1.7207670007337583,2.552700001615449,0.15639,2.713827,10905226,0,1,0.0,0.0,0.0,-0.021474123,0.6457976,-1.39106,0.03110246,0.64021057,-1.3990693,-0.039221913,0.6443473,-1.4043453,0.032833397,0.6543994,-1.4075838,-16.562231,-10.4743595,-6.9789405,6.330426,0.04263076,0.0038755238,-0.0060660373,0.04263076,-0.011626571,0.012132075,-0.038755238,-0.12014124,-0.014154087,-0.019377619,0.015502095,-0.020220125,0.019377619,0.038755238,-0.015502095,0.03100419,1.0884844,1.2616524,4.646674,-1.6327267,1.4842969,5.2630696,2.1027539,1.3853438,5.3104844,-1.6327267,0.7668867,5.689805,-0.024738282,0.024738282,0.024738282,-0.024738282,0.99965566,0.002277009,0.0077507747,0.024965838,-0.006391586,0.0042610574,-0.010652643,-0.090979666,-0.21068975,9.526528,0.0049400637,0.015383123,0.049976494,30.243389129638672,2.085087299346924,0.003657421,0.22379172,-0.07289903,-0.37147367,-0.08790577,-0.2710732,0.10750427,0.043541394,-0.052905045,0.19513005,0.5219688,-0.5773296,0.06742561,0.18190189,0.32595062,-0.20908096,-0.021976443,0.60223174,-1.2731239,0.0009143553,0.725948,-1.3182247,0.016856402,0.7154755,-1.2185123,-0.013226261,0.71878254,-1.1695077,0.0,0.0,0.0,0.0,0.0,0.0,0.0,0.0,0.0,0.0,0.0,0.0,0.0,0.0,0.0,0.0,0.43541396,-3.7147367,-2.0908096,-5.773296,50.0,50.0,50.0,50.0,50.0,50.0,50.0,50.0,50.0,50.0,50.0,50.0,0.0,0.0,0.0,0.0,1.0,1.0,1.0,1.0,1.0,1.0,1.0,1.0,1.0,1.0,1.0,1.0,0.5,0.5,0.5,0.5
1788529333.9226189,35,2.7312670008541318,1.707838000584161,2.653569001267897,0.146437,2.804454,10905246,0,1,0.0,0.0,0.0,-0.021504402,0.64573705,-1.3910443,0.031132739,0.6402711,-1.3990852,-0.039221913,0.6443473,-1.4043137,0.03280312,0.6543994,-1.4075838,-16.562231,-10.47439,-6.9789705,6.3304563,-0.019377619,-0.027128667,0.042462263,0.038755238,0.0,-0.020220125,0.015502095,0.019377619,0.03437421,-0.038755238,0.0077510476,-0.020220125,0.034879714,0.0,-0.04263076,0.04263076,1.0637461,1.311129,4.599259,-1.6822032,1.4842969,5.2630696,2.1274922,1.4595586,5.4527297,-1.6327267,0.7668867,5.689805,0.024738282,-0.024738282,0.049476564,0.0,0.99965876,0.002321234,0.0077472553,0.024839919,0.0010652643,-0.0074568503,-0.018109493,-0.14963761,-0.110133275,9.563639,0.005026381,0.01537451,0.049725216,30.243389129638672,2.1876325607299805,0.0013069194,0.22501653,-0.087746546,-0.36824405,-0.0917422,-0.26145855,0.12070384,0.0428332,-0.045980148,0.18567142,0.5281441,-0.57778203,0.07461496,0.19620386,0.3242837,-0.20956026,-0.02293555,0.60463536,-1.269824,0.00032672985,0.72625417,-1.3219366,0.01865374,0.719051,-1.218929,-0.011495037,0.71641785,-1.167964,0.0,0.0,0.0,0.0,0.0,0.0,0.0,0.0,0.0,0.0,0.0,0.0,0.0,0.0,0.0,0.0,0.42833203,-3.6824405,-2.0956025,-5.7778206,50.0,50.0,50.0,50.0,50.0,50.0,50.0,50.0,50.0,50.0,50.0,50.0,0.0,0.0,0.0,0.0,1.0,1.0,1.0,1.0,1.0,1.0,1.0,1.0,1.0,1.0,1.0,1.0,0.5,0.5,0.5,0.5
1788529333.9432945,36,3.2339410008717095,1.7123819998232648,3.161266999086365,0.200039,3.367034,10905266,0,1,0.0,0.0,0.0,-0.021474123,0.64573705,-1.39106,0.031163016,0.6402711,-1.3990693,-0.03925219,0.64431703,-1.4043453,0.03280312,0.6544297,-1.4075838,-16.562262,-10.47439,-6.9789705,6.3304563,0.015502095,-0.0077510476,0.014154087,0.10463915,0.0,0.0060660373,0.0038755238,-0.05038181,-0.010110063,-0.0038755238,0.034879714,-0.020220125,0.0,0.0,-0.038755238,0.03100419,1.0637461,1.2863907,4.646674,-1.6327267,1.4842969,5.2630696,2.1027539,1.3853438,5.4527297,-1.6327267,0.74214846,5.689805,-0.024738282,0.0,0.024738282,-0.049476564,0.99965835,0.0023454737,0.0077330302,0.024858164,0.0042610574,-0.0042610574,0.01704423,-0.11611878,-0.073023155,9.568427,0.005074421,0.015344771,0.049762007,30.243389129638672,2.1192691326141357,0.0026065353,0.24881253,-0.073305584,-0.36399996,-0.0810238,-0.28411973,0.10342336,0.034846075,-0.058864146,0.2196694,0.49814606,-0.572906,0.06765424,0.16359273,0.34799352,-0.21019664,-0.02025595,0.59897006,-1.2741442,0.00065163383,0.7322031,-1.3183264,0.01691356,0.7108982,-1.2130016,-0.014716037,0.72491735,-1.1754634,0.0,0.0,0.0,0.0,0.0,0.0,0.0,0.0,0.0,0.0,0.0,0.0,0.0,0.0,0.0,0.0,0.34846073,-3.6399996,-2.1019664,-5.72906,50.0,50.0,50.0,50.0,50.0,50.0,50.0,50.0,50.0,50.0,50.0,50.0,0.0,0.0,0.0,0.0,1.0,1.0,1.0,1.0,1.0,1.0,1.0,1.0,1.0,1.0,1.0,1.0,0.5,0.5,0.5,0.5
1788529333.9626062,37,2.6226230002066586,1.6628760004095966,2.550877001340268,0.158886,2.714371,10905286,0,1,0.0,0.0,0.0,-0.021474123,0.64576733,-1.39106,0.031072184,0.6402711,-1.3990693,-0.03925219,0.6443776,-1.4043137,0.032833397,0.6543691,-1.4075838,-16.562231,-10.4743595,-6.9789405,6.3304563,0.06200838,-0.0038755238,-0.0020220124,0.0,0.077510476,0.010110063,-0.04263076,-0.038755238,0.036396224,0.019377619,-0.034879714,-0.020220125,0.015502095,0.04263076,-0.0077510476,0.038755238,1.0637461,1.3606055,4.646674,-1.6327267,1.4842969,5.2630696,2.1274922,1.3853438,5.3104844,-1.6079884,0.6926719,5.689805,0.0,-0.049476564,0.024738282,0.0,0.9996548,0.0023169392,0.0077233706,0.025004629,0.010652643,0.0010652643,0.008522115,-0.06823475,-0.12808979,9.519346,0.005019129,0.01532614,0.050054558,30.243389129638672,2.085087299346924,0.0021200906,0.23792958,-0.07912784,-0.36986837,-0.080632485,-0.2854271,0.10187766,0.03715697,-0.05709751,0.21160144,0.5034643,-0.5718475,0.06774682,0.16271108,0.35028216,-0.20567204,-0.020158121,0.59864324,-1.2745305,0.00053002266,0.7294824,-1.3197819,0.016936705,0.7106778,-1.2124294,-0.014274377,0.7229004,-1.1741339,0.0,0.0,0.0,0.0,0.0,0.0,0.0,0.0,0.0,0.0,0.0,0.0,0.0,0.0,0.0,0.0,0.3715697,-3.6986837,-2.0567205,-5.718475,50.0,50.0,50.0,50.0,50.0,50.0,50.0,50.0,50.0,50.0,50.0,50.0,0.0,0.0,0.0,0.0,1.0,1.0,1.0,1.0,1.0,1.0,1.0,1.0,1.0,1.0,1.0,1.0,0.5,0.5,0.5,0.5
1788529333.982609,38,2.648031999342493,1.6894689997570822,2.549788998294389,0.162886,2.717731,10905306,0,1,0.0,0.0,0.0,-0.021504402,0.6458279,-1.3910443,0.031072184,0.64024085,-1.3990852,-0.03925219,0.6443776,-1.4043295,0.032863677,0.65433884,-1.407568,-16.562262,-10.47439,-6.9789405,6.330426,0.06975943,0.054257333,0.020220125,-0.0038755238,0.0077510476,-0.012132075,-0.07363495,-0.077510476,0.018198112,0.04263076,-0.054257333,0.010110063,-0.03100419,0.0,-0.038755238,0.038755238,1.0637461,1.2863907,4.646674,-1.6327267,1.4842969,5.2156544,2.0780158,1.4595586,5.3104844,-1.6327267,0.791625,5.689805,0.024738282,0.024738282,0.024738282,-0.024738282,0.999654,0.0023075656,0.007710928,0.025040181,0.003195793,-0.0021305287,-0.003195793,-0.12090719,-0.21308395,9.500193,0.0050003077,0.0153015535,0.050125476,30.243389129638672,2.1534507274627686,0.0019120444,0.217583,-0.08677563,-0.37230965,-0.086019844,-0.28080645,0.10898634,0.044334583,-0.051546052,0.19002973,0.51606154,-0.57424355,0.07141786,0.1751385,0.337499,-0.20937283,-0.021504961,0.5997984,-1.2727534,0.0004780111,0.72439575,-1.3216939,0.017854465,0.71378464,-1.2156252,-0.012886513,0.7175074,-1.1709845,0.0,0.0,0.0,0.0,0.0,0.0,0.0,0.0,0.0,0.0,0.0,0.0,0.0,0.0,0.0,0.0,0.44334584,-3.7230966,-2.0937283,-5.7424355,50.0,50.0,50.0,50.0,50.0,50.0,50.0,50.0,50.0,50.0,50.0,50.0,0.0,0.0,0.0,0.0,1.0,1.0,1.0,1.0,1.0,1.0,1.0,1.0,1.0,1.0,1.0,1.0,0.5,0.5,0.5,0.5
1788529334.0026102,39,2.6176949995715404,1.6987180006253766,2.5462360008532414,0.164454,2.716099,10905326,0,1,0.0,0.0,0.0,-0.021504402,0.6457976,-1.39106,0.03110246,0.6402711,-1.3990852,-0.03925219,0.6443776,-1.4043295,0.03280312,0.6543994,-1.4075996,-16.562231,-10.4743595,-6.9789405,6.330426,-0.0038755238,-0.023253143,0.0,0.0,0.023253143,-0.022242136,-0.03100419,-0.027128667,0.020220125,-0.03100419,0.019377619,-0.050550308,0.038755238,0.06200838,-0.038755238,-0.019377619,1.0637461,1.2616524,4.646674,-1.6822032,1.4100821,5.2630696,2.1274922,1.3853438,5.3104844,-1.6079884,0.791625,5.64239,0.0,-0.049476564,0.024738282,0.0,0.9996562,0.002316047,0.0077324556,0.024946826,0.009587379,-0.009587379,-0.013848436,-0.20231004,-0.16998832,9.527725,0.0050169136,0.015344641,0.049938947,30.252243041992188,2.1534507274627686,0.00047303922,0.21914706,-0.08632701,-0.36547828,-0.08892619,-0.26226413,0.113534726,0.044507004,-0.047813684,0.18618655,0.52596843,-0.57988846,0.075004764,0.1874812,0.33041432,-0.21140268,-0.022231547,0.604434,-1.2716162,0.000118259806,0.72478676,-1.3215817,0.018751191,0.7168703,-1.2173964,-0.011953421,0.71654665,-1.1685078,0.0,0.0,0.0,0.0,0.0,0.0,0.0,0.0,0.0,0.0,0.0,0.0,0.0,0.0,0.0,0.0,0.44507003,-3.6547828,-2.1140268,-5.7988844,50.0,50.0,50.0,50.0,50.0,50.0,50.0,50.0,50.0,50.0,50.0,50.0,0.0,0.0,0.0,0.0,1.0,1.0,1.0,1.0,1.0,1.0,1.0,1.0,1.0,1.0,1.0,1.0,0.5,0.5,0.5,0.5
1788529334.0226135,40,2.639295000335551,1.7239659991901135,2.565405000495957,0.151046,2.722243,10905346,0,1,0.0,0.0,0.0,-0.021474123,0.64573705,-1.39106,0.031132739,0.6402711,-1.3990852,-0.03925219,0.64428675,-1.4043453,0.03280312,0.6543994,-1.4075838,-16.562292,-10.4743595,-6.9789705,6.3304563,0.0,-0.011626571,-0.0040440247,0.023253143,0.0,-0.022242136,-0.034879714,-0.065883905,-0.016176099,-0.06975943,0.0,-0.022242136,-0.10076362,0.04263076,-0.038755238,0.034879714,1.0637461,1.311129,4.599259,-1.6822032,1.4842969,5.2630696,2.1027539,1.4100821,5.2156544,-1.6327267,0.74214846,5.64239,0.049476564,-0.049476564,0.024738282,-0.024738282,0.99965936,0.002336856,0.007738913,0.024819322,0.0074568503,0.0074568503,-0.0074568503,-0.11971009,-0.17238252,9.514558,0.005056886,0.015357159,0.049684197,30.243389129638672,2.1192691326141357,0.0002260413,0.23321047,-0.083585866,-0.3557165,-0.08932979,-0.26401982,0.11232153,0.038306884,-0.05378581,0.20101951,0.5172158,-0.57770026,0.07342625,0.18581812,0.32753286,-0.21131997,-0.022332447,0.6039951,-1.2719196,5.6510326e-05,0.72830266,-1.3208964,0.018356562,0.71645457,-1.2181168,-0.013446452,0.7202549,-1.170696,0.0,0.0,0.0,0.0,0.0,0.0,0.0,0.0,0.0,0.0,0.0,0.0,0.0,0.0,0.0,0.0,0.38306886,-3.557165,-2.1131997,-5.7770023,50.0,50.0,50.0,50.0,50.0,50.0,50.0,50.0,50.0,50.0,50.0,50.0,0.0,0.0,0.0,0.0,1.0,1.0,1.0,1.0,1.0,1.0,1.0,1.0,1.0,1.0,1.0,1.0,0.5,0.5,0.5,0.5
1788529334.0432518,41,3.2315730004484067,1.6893100000743289,3.160211001159041,0.17895,3.344729,10905366,0,1,0.0,0.0,0.0,-0.021474123,0.64573705,-1.3910443,0.03110246,0.6402711,-1.3990852,-0.03925219,0.6443473,-1.4043295,0.032833397,0.6543691,-1.407568,-16.562262,-10.4743595,-6.97891,6.330426,0.015502095,-0.046506286,0.032352198,-0.0077510476,0.05038181,-0.020220125,-0.038755238,-0.0038755238,0.026286162,0.0038755238,-0.015502095,-0.0060660373,-0.065883905,0.05813286,0.04263076,-0.011626571,1.0637461,1.3606055,4.646674,-1.6822032,1.4595586,5.2156544,2.1027539,1.311129,5.4053144,-1.6327267,0.791625,5.689805,0.0,0.0,0.0,-0.024738282,0.99965763,0.0023451408,0.007712049,0.024893714,-0.0042610574,-0.020240022,0.020240022,-0.059855044,-0.12808979,9.528923,0.0050732545,0.015302655,0.049833007,30.243389129638672,2.1534507274627686,0.0037503745,0.25580412,-0.07019002,-0.3605306,-0.081300996,-0.27456385,0.07623522,0.04200916,-0.059351847,0.22089913,0.5322111,-0.57904017,0.06385666,0.15928055,0.34573716,-0.20586975,-0.020325249,0.60135907,-1.2809411,0.00093759364,0.73395103,-1.3175474,0.015964165,0.70982015,-1.2135657,-0.014837962,0.7252248,-1.1669471,0.0,0.0,0.0,0.0,0.0,0.0,0.0,0.0,0.0,0.0,0.0,0.0,0.0,0.0,0.0,0.0,0.4200916,-3.6053061,-2.0586975,-5.7904015,50.0,50.0,50.0,50.0,50.0,50.0,50.0,50.0,50.0,50.0,50.0,50.0,0.0,0.0,0.0,0.0,1.0,1.0,1.0,1.0,1.0,1.0,1.0,1.0,1.0,1.0,1.0,1.0,0.5,0.5,0.5,0.5
1788529334.0626082,42,2.6263359995937208,1.69628599905991,2.5575330000719987,0.147941,2.710018,10905386,0,1,0.0,0.0,0.0,-0.021474123,0.6457976,-1.3910443,0.031072184,0.64024085,-1.3990693,-0.039221913,0.64440787,-1.4043295,0.032863677,0.6543691,-1.4075838,-16.562262,-10.47439,-6.97891,6.330426,0.054257333,0.0,0.028308174,-0.011626571,0.054257333,0.014154087,-0.038755238,-0.0077510476,0.014154087,-0.0038755238,0.0,-0.020220125,-0.06200838,0.0,0.03100419,0.0,1.0884844,1.311129,4.694089,-1.6822032,1.5090352,5.2630696,2.1027539,1.3606055,5.4053144,-1.6079884,0.7668867,5.689805,0.049476564,-0.024738282,0.024738282,0.0,0.9996551,0.0023145177,0.007706729,0.02499688,-0.006391586,-0.0074568503,0.0010652643,-0.031124622,-0.18914193,9.5253315,0.0050133346,0.015293027,0.050038923,30.243389129638672,2.1534507274627686,0.005407216,0.23578924,-0.07719851,-0.37558702,-0.08366157,-0.2752659,0.09589271,0.0438954,-0.05697675,0.20222205,0.5296735,-0.57748014,0.06665479,0.17460822,0.33053577,-0.2025673,-0.020915393,0.60118353,-1.2760267,0.001351804,0.72894734,-1.3192996,0.016663697,0.7136521,-1.217366,-0.014244188,0.72055554,-1.1675816,0.0,0.0,0.0,0.0,0.0,0.0,0.0,0.0,0.0,0.0,0.0,0.0,0.0,0.0,0.0,0.0,0.438954,-3.75587,-2.025673,-5.7748013,50.0,50.0,50.0,50.0,50.0,50.0,50.0,50.0,50.0,50.0,50.0,50.0,0.0,0.0,0.0,0.0,1.0,1.0,1.0,1.0,1.0,1.0,1.0,1.0,1.0,1.0,1.0,1.0,0.5,0.5,0.5,0.5
1788529334.0826159,43,2.630719000080717,1.7159990002255654,2.560093000283814,0.157286,2.721955,10905406,0,1,0.0,0.0,0.0,-0.021474123,0.6457976,-1.3910758,0.03110246,0.64024085,-1.399101,-0.039221913,0.6443776,-1.4043137,0.032833397,0.6543994,-1.4075838,-16.562231,-10.4743595,-6.97891,6.330426,0.054257333,0.0,-0.04044025,0.038755238,0.04263076,-0.03437421,-0.015502095,-0.06975943,0.046506286,-0.027128667,0.034879714,-0.020220125,0.0038755238,0.06200838,0.023253143,0.019377619,1.0390079,1.2616524,4.694089,-1.6822032,1.4842969,5.2630696,2.1274922,1.311129,5.4053144,-1.6327267,0.6926719,5.689805,0.0,0.0,0.0,-0.024738282,0.9996564,0.0023208829,0.007699573,0.024950264,0.0010652643,0.003195793,-0.003195793,-0.094570965,-0.21906945,9.516952,0.0050249905,0.015278636,0.04994571,30.252243041992188,2.1192691326141357,0.0040690843,0.2250534,-0.07817759,-0.3687377,-0.085868195,-0.27731085,0.10811659,0.040429696,-0.05276435,0.20080756,0.50983626,-0.576421,0.06772273,0.17487672,0.33505878,-0.20946562,-0.021467049,0.6006723,-1.2729708,0.0010172711,0.72626334,-1.3195443,0.016930683,0.7137192,-1.2162353,-0.013191087,0.7202019,-1.1725409,0.0,0.0,0.0,0.0,0.0,0.0,0.0,0.0,0.0,0.0,0.0,0.0,0.0,0.0,0.0,0.0,0.40429696,-3.687377,-2.0946562,-5.76421,50.0,50.0,50.0,50.0,50.0,50.0,50.0,50.0,50.0,50.0,50.0,50.0,0.0,0.0,0.0,0.0,1.0,1.0,1.0,1.0,1.0,1.0,1.0,1.0,1.0,1.0,1.0,1.0,0.5,0.5,0.5,0.5
1788529334.1026084,44,2.6474559999769554,1.7166699999506818,2.569309999671532,0.143365,2.718115,10905426,0,1,0.0,0.0,0.0,-0.021504402,0.64576733,-1.3910443,0.03110246,0.6402711,-1.3990852,-0.03925219,0.64431703,-1.4043295,0.032833397,0.6543994,-1.407568,-16.562231,-10.47439,-6.9789705,6.330487,-0.015502095,0.023253143,0.046506286,0.015502095,0.034879714,-0.018198112,-0.011626571,-0.05038181,0.010110063,0.05038181,0.0077510476,-0.0020220124,0.011626571,0.0077510476,-0.038755238,0.081386,1.0637461,1.311129,4.694089,-1.6822032,1.4842969,5.2630696,2.0780158,1.3853438,5.4053144,-1.6327267,0.7668867,5.689805,-0.024738282,-0.024738282,0.024738282,0.0,0.9996598,0.0023310275,0.007718475,0.024808014,-0.012783172,0.0074568503,-0.0074568503,-0.15083471,-0.10414778,9.509769,0.0050440417,0.015316641,0.049661364,30.243389129638672,2.1192691326141357,0.004323138,0.2149829,-0.08215376,-0.3663162,-0.08796054,-0.27566406,0.112003945,0.040293135,-0.04885167,0.18872394,0.5187845,-0.5764148,0.07095225,0.1848898,0.32260692,-0.20776467,-0.021990135,0.601084,-1.271999,0.0010807845,0.72374576,-1.3205384,0.017738063,0.71622247,-1.2193482,-0.012212917,0.717181,-1.1703038,0.0,0.0,0.0,0.0,0.0,0.0,0.0,0.0,0.0,0.0,0.0,0.0,0.0,0.0,0.0,0.0,0.40293133,-3.663162,-2.0776467,-5.764148,50.0,50.0,50.0,50.0,50.0,50.0,50.0,50.0,50.0,50.0,50.0,50.0,0.0,0.0,0.0,0.0,1.0,1.0,1.0,1.0,1.0,1.0,1.0,1.0,1.0,1.0,1.0,1.0,0.5,0.5,0.5,0.5
1788529334.1226106,45,2.635135000673472,1.6815330000099493,2.567389001342235,0.147269,2.718786,10905446,0,1,0.0,0.0,0.0,-0.021474123,0.64573705,-1.39106,0.03110246,0.6402711,-1.3990852,-0.03925219,0.64431703,-1.4043295,0.03280312,0.6544297,-1.407568,-16.562262,-10.47433,-6.97891,6.3304563,0.0038755238,-0.0038755238,-0.0020220124,0.019377619,0.027128667,-0.014154087,0.015502095,-0.011626571,0.04044025,0.0,0.038755238,0.0080880495,-0.046506286,0.11626572,0.034879714,0.0038755238,1.0637461,1.311129,4.646674,-1.6327267,1.4842969,5.2156544,2.0780158,1.4595586,5.3104844,-1.6327267,0.791625,5.689805,0.024738282,-0.024738282,0.024738282,-0.024738282,0.9996598,0.0023290364,0.007715319,0.024810115,0.003195793,-0.006391586,-0.0042610574,-0.130484,-0.1448492,9.487024,0.005039935,0.015310419,0.049665518,30.252243041992188,2.1192691326141357,0.003120048,0.22430056,-0.08610611,-0.363746,-0.087127976,-0.27527744,0.11541175,0.03591761,-0.050260253,0.19190422,0.5151612,-0.58041155,0.07113322,0.18257993,0.32938987,-0.20680912,-0.021781994,0.6011807,-1.271147,0.000780012,0.7260752,-1.3215265,0.017783305,0.715645,-1.2176524,-0.012565063,0.7179761,-1.1712097,0.0,0.0,0.0,0.0,0.0,0.0,0.0,0.0,0.0,0.0,0.0,0.0,0.0,0.0,0.0,0.0,0.3591761,-3.6374598,-2.0680912,-5.8041153,50.0,50.0,50.0,50.0,50.0,50.0,50.0,50.0,50.0,50.0,50.0,50.0,0.0,0.0,0.0,0.0,1.0,1.0,1.0,1.0,1.0,1.0,1.0,1.0,1.0,1.0,1.0,1.0,0.5,0.5,0.5,0.5
1788529334.1432438,46,3.192724001564784,1.5406319998874096,3.1063850001373794,0.20836,3.319417,10905466,0,1,0.0,0.0,0.0,-0.021504402,0.64573705,-1.39106,0.031132739,0.64024085,-1.399101,-0.039221913,0.6443473,-1.4043295,0.03280312,0.6544297,-1.4075838,-16.562231,-10.47439,-6.9789405,6.3303957,-0.034879714,-0.05038181,-0.0080880495,0.015502095,0.0077510476,-0.036396224,0.019377619,-0.09301257,0.018198112,-0.038755238,0.11626572,-0.028308174,0.0038755238,-0.015502095,-0.0038755238,-0.054257333,1.0637461,1.311129,4.646674,-1.58325,1.4100821,5.2630696,2.1027539,1.4595586,5.2630696,-1.6327267,0.791625,5.64239,0.024738282,0.0,0.024738282,-0.024738282,0.9996566,0.002313256,0.007711096,0.02493572,0.008522115,-0.0021305287,0.012783172,-0.06584055,-0.16879122,9.562442,0.0050100945,0.015302128,0.04991656,30.252243041992188,2.1192691326141357,0.005584119,0.2517713,-0.07504566,-0.3713085,-0.08313414,-0.27659568,0.10045849,0.03681303,-0.059649453,0.21530752,0.50372976,-0.58484584,0.06523002,0.16774258,0.3461931,-0.20772663,-0.020783534,0.6008511,-1.2748853,0.0013960297,0.7329428,-1.3187613,0.016307505,0.71193564,-1.2134516,-0.014912363,0.7238269,-1.1740675,0.0,0.0,0.0,0.0,0.0,0.0,0.0,0.0,0.0,0.0,0.0,0.0,0.0,0.0,0.0,0.0,0.36813027,-3.7130852,-2.0772662,-5.8484583,50.0,50.0,50.0,50.0,50.0,50.0,50.0,50.0,50.0,50.0,50.0,50.0,0.0,0.0,0.0,0.0,1.0,1.0,1.0,1.0,1.0,1.0,1.0,1.0,1.0,1.0,1.0,1.0,0.5,0.5,0.5,0.5
1788529334.1632228,47,3.2522780002182117,1.71660699925269,3.181075999236782,0.140773,3.327129,10905486,0,1,0.0,0.0,0.0,-0.021474123,0.64576733,-1.3910443,0.03110246,0.64024085,-1.399101,-0.039221913,0.6443776,-1.4043137,0.032833397,0.6543691,-1.407568,-16.562262,-10.4743595,-6.97891,6.3303957,0.065883905,-0.038755238,0.020220125,0.054257333,0.027128667,-0.036396224,-0.04263076,-0.06200838,0.046506286,-0.038755238,0.015502095,0.0060660373,-0.019377619,0.05813286,0.023253143,-0.038755238,1.0884844,1.2616524,4.646674,-1.6327267,1.4595586,5.2630696,2.1027539,1.3606055,5.2630696,-1.6327267,0.7668867,5.64239,0.0,-0.049476564,0.0,-0.049476564,0.99965507,0.0023013013,0.007717273,0.024997048,0.008522115,-0.0053263213,-0.0053263213,-0.06584055,-0.22266077,9.568427,0.004987439,0.01531477,0.05003912,30.243389129638672,2.1192691326141357,0.001344325,0.24180374,-0.08337767,-0.37181875,-0.0866375,-0.2728082,0.109453045,0.040929228,-0.05405329,0.20609815,0.50844467,-0.5749874,0.071187064,0.17413269,0.3492672,-0.20805745,-0.021659374,0.60179794,-1.2726367,0.00033608126,0.7304509,-1.3208444,0.017796766,0.71353316,-1.2126832,-0.013513323,0.72152454,-1.1728888,0.0,0.0,0.0,0.0,0.0,0.0,0.0,0.0,0.0,0.0,0.0,0.0,0.0,0.0,0.0,0.0,0.40929228,-3.7181876,-2.0805745,-5.749874,50.0,50.0,50.0,50.0,50.0,50.0,50.0,50.0,50.0,50.0,50.0,50.0,0.0,0.0,0.0,0.0,1.0,1.0,1.0,1.0,1.0,1.0,1.0,1.0,1.0,1.0,1.0,1.0,0.5,0.5,0.5,0.5
1788529334.1826138,48,2.6305270002922043,1.6962850004347274,2.5605410010030027,0.150693,2.716066,10905506,0,1,0.0,0.0,0.0,-0.021534681,0.64573705,-1.39106,0.031132739,0.6402711,-1.3990852,-0.03925219,0.6443776,-1.4043295,0.032863677,0.6543994,-1.407568,-16.562262,-10.4743595,-6.9789405,6.330487,-0.06200838,-0.077510476,0.0040440247,0.06200838,0.019377619,-0.0040440247,-0.038755238,-0.0077510476,0.016176099,0.04263076,0.05813286,0.0060660373,-0.019377619,0.04263076,-0.04263076,0.081386,1.0390079,1.2616524,4.646674,-1.6822032,1.5585117,5.3104844,2.1274922,1.3853438,5.3104844,-1.6079884,0.7668867,5.689805,0.024738282,0.0,0.024738282,-0.024738282,0.9996581,0.0023031388,0.0077411258,0.024871148,0.009587379,-0.0021305287,-0.01704423,-0.16879122,-0.19871874,9.507375,0.004990373,0.015362999,0.049787387,30.243389129638672,2.1534507274627686,0.003181873,0.22230497,-0.086791486,-0.37415665,-0.09044439,-0.2683998,0.12860793,0.038069323,-0.048355274,0.18688762,0.5190567,-0.5774908,0.07288364,0.19033104,0.3310103,-0.21064608,-0.022611098,0.6029001,-1.267848,0.0007954682,0.7255763,-1.3216978,0.01822091,0.71758276,-1.2172474,-0.0120888185,0.7167219,-1.1702358,0.0,0.0,0.0,0.0,0.0,0.0,0.0,0.0,0.0,0.0,0.0,0.0,0.0,0.0,0.0,0.0,0.38069323,-3.7415667,-2.1064608,-5.774908,50.0,50.0,50.0,50.0,50.0,50.0,50.0,50.0,50.0,50.0,50.0,50.0,0.0,0.0,0.0,0.0,1.0,1.0,1.0,1.0,1.0,1.0,1.0,1.0,1.0,1.0,1.0,1.0,0.5,0.5,0.5,0.5
1788529334.2026076,49,2.6277440010744613,1.7326390006928705,2.5561570000718348,0.151718,2.712643,10905526,0,1,0.0,0.0,0.0,-0.021474123,0.64573705,-1.3910758,0.031163016,0.6402711,-1.3990852,-0.039221913,0.64428675,-1.4043295,0.032833397,0.6544297,-1.4075838,-16.562262,-10.47439,-6.9789705,6.3304563,0.0,-0.03100419,-0.018198112,0.06200838,-0.019377619,-0.022242136,0.03100419,-0.05038181,0.020220125,0.019377619,0.015502095,-0.032352198,-0.034879714,-0.023253143,-0.038755238,0.038755238,1.0884844,1.311129,4.694089,-1.6822032,1.4595586,5.2156544,2.1027539,1.3853438,5.4053144,-1.6327267,0.7668867,5.689805,0.0,-0.074214846,0.024738282,0.0,0.99966013,0.0023014068,0.0077699265,0.024781058,-0.0021305287,0.009587379,0.0010652643,-0.16998832,-0.11971009,9.503783,0.0049869562,0.0154211195,0.049607273,30.243389129638672,2.1876325607299805,0.00040357746,0.23657098,-0.0768539,-0.36863193,-0.08634798,-0.26939446,0.12532033,0.036308154,-0.05359993,0.20468396,0.50637996,-0.57116455,0.073323905,0.18272525,0.34305474,-0.20968878,-0.021586996,0.6026514,-1.2686698,0.000100894365,0.7291428,-1.3192134,0.018330976,0.7156813,-1.2142363,-0.013399983,0.721171,-1.1734049,0.0,0.0,0.0,0.0,0.0,0.0,0.0,0.0,0.0,0.0,0.0,0.0,0.0,0.0,0.0,0.0,0.36308154,-3.6863194,-2.0968878,-5.7116456,50.0,50.0,50.0,50.0,50.0,50.0,50.0,50.0,50.0,50.0,50.0,50.0,0.0,0.0,0.0,0.0,1.0,1.0,1.0,1.0,1.0,1.0,1.0,1.0,1.0,1.0,1.0,1.0,0.5,0.5,0.5,0.5
1788529334.2221642,50,3.0683670011057984,1.7076779986382462,2.9957570004626177,1.274798,4.275579,10905544,0,1,0.0,0.0,0.0,-0.021474123,0.64573705,-1.39106,0.03110246,0.6402711,-1.3990852,-0.039191633,0.6443473,-1.4043453,0.032863677,0.6543994,-1.407568,-16.562231,-10.47433,-6.9789405,6.3304563,0.0,-0.03100419,0.030330187,-0.019377619,0.03100419,-0.020220125,0.06975943,0.011626571,-0.0080880495,0.054257333,0.019377619,0.0040440247,0.019377619,0.09301257,0.015502095,0.0038755238,1.0637461,1.2863907,4.694089,-1.6822032,1.4842969,5.2630696,2.1027539,1.3853438,5.2156544,-1.6327267,0.6926719,5.64239,0.049476564,0.0,0.024738282,0.0,0.9996593,0.00231011,0.007785987,0.024807645,0.0053263213,-0.003195793,0.006391586,-0.06823475,-0.08259996,9.496601,0.005005568,0.015452667,0.049660694,30.252243041992188,2.1876325607299805,-0.00035462342,0.23146576,-0.093827374,-0.3669144,-0.086846896,-0.2748269,0.11746589,0.03522753,-0.05001258,0.1994416,0.49873048,-0.57665765,0.07543508,0.17873803,0.35094348,-0.20960015,-0.021711724,0.60129327,-1.2706335,-8.8655856e-05,0.7278665,-1.3234568,0.01885877,0.71468455,-1.2122641,-0.012503145,0.71986043,-1.1753173,0.0,0.0,0.0,0.0,0.0,0.0,0.0,0.0,0.0,0.0,0.0,0.0,0.0,0.0,0.0,0.0,0.3522753,-3.669144,-2.0960016,-5.766577,50.0,50.0,50.0,50.0,50.0,50.0,50.0,50.0,50.0,50.0,50.0,50.0,0.0,0.0,0.0,0.0,1.0,1.0,1.0,1.0,1.0,1.0,1.0,1.0,1.0,1.0,1.0,1.0,0.5,0.5,0.5,0.5
1788529334.243214,51,3.3710339994286187,1.6526999988855096,3.300439999293303,2.025578,5.33085,10905564,0,1,0.0,0.0,0.0,-0.021474123,0.64576733,-1.3910443,0.03110246,0.64024085,-1.399101,-0.03925219,0.6443776,-1.4043137,0.032863677,0.6543691,-1.4075838,-16.562262,-10.47439,-6.9789405,6.330426,0.046506286,-0.034879714,0.016176099,0.046506286,0.015502095,-0.030330187,-0.09301257,-0.05038181,0.044484273,0.0038755238,-0.0077510476,-0.020220125,-0.038755238,-0.019377619,-0.038755238,-0.0077510476,1.0637461,1.2616524,4.646674,-1.6327267,1.4100821,5.2630696,2.1027539,1.3853438,5.3104844,-1.6327267,0.7668867,5.64239,0.0,0.024738282,0.024738282,0.024738282,0.99965614,0.002319613,0.0077856476,0.024935193,-0.008522115,0.0010652643,0.008522115,-0.055066638,-0.1376666,9.469068,0.0050265244,0.015450875,0.04991604,30.243389129638672,2.1534507274627686,0.002572069,0.23453608,-0.06686934,-0.3713802,-0.083478436,-0.27764332,0.10221698,0.035144627,-0.05912122,0.20682159,0.51182306,-0.57582676,0.06746745,0.1706335,0.34611276,-0.20492694,-0.020869609,0.60058916,-1.2744457,0.00064301724,0.72863406,-1.3167173,0.016866863,0.7126584,-1.2134718,-0.014780305,0.72170544,-1.1720442,0.0,0.0,0.0,0.0,0.0,0.0,0.0,0.0,0.0,0.0,0.0,0.0,0.0,0.0,0.0,0.0,0.35144627,-3.713802,-2.0492694,-5.7582674,50.0,50.0,50.0,50.0,50.0,50.0,50.0,50.0,50.0,50.0,50.0,50.0,0.0,0.0,0.0,0.0,1.0,1.0,1.0,1.0,1.0,1.0,1.0,1.0,1.0,1.0,1.0,1.0,0.5,0.5,0.5,0.5
1788529334.2626133,52,2.651935999892885,1.6872609994607046,2.565533999586478,0.149925,2.720131,10905586,0,1,0.0,0.0,0.0,-0.021474123,0.64576733,-1.39106,0.03110246,0.64021057,-1.3990852,-0.03925219,0.64443815,-1.4043295,0.032863677,0.6543691,-1.4075522,-16.562262,-10.4743595,-6.97891,6.3303957,0.038755238,-0.046506286,-0.0040440247,0.015502095,-0.019377619,-0.0080880495,-0.05813286,-0.023253143,0.020220125,0.0077510476,-0.0038755238,0.02426415,-0.03100419,0.038755238,0.038755238,-0.019377619,1.0390079,1.2863907,4.694089,-1.6822032,1.4842969,5.2630696,2.1027539,1.3853438,5.594975,-1.6079884,0.74214846,5.64239,0.024738282,0.024738282,0.049476564,-0.024738282,0.9996568,0.002312289,0.007793284,0.024907742,-0.0074568503,0.008522115,-0.01704423,-0.09935937,-0.18674773,9.482236,0.0050118365,0.015466647,0.049861047,30.243389129638672,2.1534507274627686,0.0031928513,0.2123006,-0.07203106,-0.37094378,-0.092606984,-0.26529422,0.11521173,0.039191425,-0.049066313,0.18651047,0.52782923,-0.576374,0.0722775,0.1890168,0.31947932,-0.20642582,-0.023151746,0.60367644,-1.271197,0.00079821283,0.72307515,-1.3180077,0.018069375,0.7172542,-1.2201301,-0.012266578,0.71662766,-1.1680427,0.0,0.0,0.0,0.0,0.0,0.0,0.0,0.0,0.0,0.0,0.0,0.0,0.0,0.0,0.0,0.0,0.39191425,-3.7094378,-2.064258,-5.76374,50.0,50.0,50.0,50.0,50.0,50.0,50.0,50.0,50.0,50.0,50.0,50.0,0.0,0.0,0.0,0.0,1.0,1.0,1.0,1.0,1.0,1.0,1.0,1.0,1.0,1.0,1.0,1.0,0.5,0.5,0.5,0.5
1788529334.2821825,53,2.3307730007218197,1.6767969991633436,2.2594100009882823,1.994376,4.258331,10905604,0,1,0.0,0.0,0.0,-0.021504402,0.64576733,-1.3910443,0.031072184,0.64024085,-1.3990852,-0.03925219,0.6443473,-1.4043295,0.03280312,0.6543994,-1.4075522,-16.562262,-10.47439,-6.9789405,6.330426,-0.019377619,-0.023253143,0.028308174,-0.054257333,-0.034879714,-0.010110063,-0.019377619,-0.04263076,0.0060660373,-0.015502095,-0.011626571,-0.020220125,-0.027128667,0.0,0.019377619,0.027128667,1.0637461,1.311129,4.694089,-1.6327267,1.4595586,5.2630696,2.0780158,1.4595586,5.4053144,-1.6327267,0.791625,5.64239,0.0,-0.024738282,0.024738282,-0.024738282,0.9996591,0.0023258624,0.0078101796,0.024803672,-0.0042610574,0.0010652643,-0.006391586,-0.1340753,-0.1388637,9.595961,0.005038208,0.015500275,0.049653128,30.243389129638672,2.1876325607299805,0.003067894,0.21921903,-0.07224681,-0.36711207,-0.0905204,-0.2634124,0.108983554,0.04313665,-0.051050052,0.18847896,0.534655,-0.5797276,0.07053819,0.18778972,0.3117547,-0.20700133,-0.0226301,0.6041469,-1.2727541,0.0007669735,0.72480476,-1.3180617,0.017634548,0.71694744,-1.2220613,-0.012762513,0.71711975,-1.1663362,0.0,0.0,0.0,0.0,0.0,0.0,0.0,0.0,0.0,0.0,0.0,0.0,0.0,0.0,0.0,0.0,0.4313665,-3.6711206,-2.0700133,-5.797276,50.0,50.0,50.0,50.0,50.0,50.0,50.0,50.0,50.0,50.0,50.0,50.0,0.0,0.0,0.0,0.0,1.0,1.0,1.0,1.0,1.0,1.0,1.0,1.0,1.0,1.0,1.0,1.0,0.5,0.5,0.5,0.5
1788529334.3026037,54,2.621919000375783,1.6844450001372024,2.5555810007062973,0.148806,2.708707,10905626,0,1,0.0,0.0,0.0,-0.021443844,0.64573705,-1.3910443,0.031132739,0.6402711,-1.3990852,-0.03928247,0.6443473,-1.4043453,0.03280312,0.6543994,-1.407568,-16.562262,-10.47439,-6.9789705,6.3304563,0.046506286,0.0,-0.014154087,0.038755238,0.0077510476,-0.030330187,-0.05038181,0.065883905,-0.014154087,-0.011626571,-0.0038755238,0.0080880495,-0.023253143,0.015502095,-0.019377619,0.0077510476,1.0637461,1.2863907,4.599259,-1.6822032,1.5090352,5.0734096,2.1274922,1.4100821,5.3104844,-1.6327267,0.74214846,5.64239,0.0,0.0,0.0,0.0,0.99965996,0.002344018,0.0077943536,0.024773682,-0.0010652643,-0.008522115,0.006391586,-0.17836803,-0.09935937,9.481039,0.0050732605,0.015467883,0.04959331,30.243389129638672,2.1876325607299805,0.0029523466,0.23381165,-0.068967134,-0.36076733,-0.08660823,-0.27017,0.09699127,0.038426988,-0.055254206,0.20572115,0.5278448,-0.5770456,0.06892413,0.17547423,0.32730898,-0.2012943,-0.021652058,0.6024575,-1.2757522,0.00073808664,0.7284529,-1.3172418,0.017231032,0.71386856,-1.2181727,-0.0138135515,0.7214303,-1.1680387,0.0,0.0,0.0,0.0,0.0,0.0,0.0,0.0,0.0,0.0,0.0,0.0,0.0,0.0,0.0,0.0,0.3842699,-3.6076734,-2.012943,-5.7704563,50.0,50.0,50.0,50.0,50.0,50.0,50.0,50.0,50.0,50.0,50.0,50.0,0.0,0.0,0.0,0.0,1.0,1.0,1.0,1.0,1.0,1.0,1.0,1.0,1.0,1.0,1.0,1.0,0.5,0.5,0.5,0.5
1788529334.3232424,55,3.2370780008932343,1.6635799984214827,3.1655870006943587,0.156037,3.326744,10905646,0,1,0.0,0.0,0.0,-0.021474123,0.6457976,-1.3910443,0.031072184,0.64021057,-1.3990852,-0.039221913,0.6443473,-1.4043453,0.032863677,0.6543691,-1.4075838,-16.562292,-10.47439,-6.9789705,6.3304563,0.038755238,0.023253143,0.038418237,0.0077510476,-0.054257333,-0.018198112,0.023253143,-0.07363495,-0.016176099,0.054257333,-0.0038755238,-0.016176099,-0.08913705,-0.0038755238,-0.038755238,0.038755238,1.0637461,1.2863907,4.599259,-1.6327267,1.5585117,5.2156544,2.1027539,1.3853438,5.3104844,-1.6327267,0.7668867,5.784635,0.024738282,0.0,0.024738282,-0.024738282,0.99965715,0.002344353,0.0077484385,0.024902157,0.006391586,-0.010652643,0.010652643,-0.049081136,-0.1400608,9.552865,0.005073625,0.01537541,0.0498501,30.243389129638672,2.1534507274627686,-9.335391e-05,0.26296863,-0.10013408,-0.36535996,-0.08419405,-0.27710927,0.10619751,0.03690684,-0.056974255,0.20939802,0.5132231,-0.5800638,0.069995165,0.17212504,0.35767412,-0.2054567,-0.021048512,0.6007227,-1.2734506,-2.3338478e-05,0.73574215,-1.3250334,0.017498791,0.7130313,-1.2105814,-0.014243564,0.7223495,-1.1716942,0.0,0.0,0.0,0.0,0.0,0.0,0.0,0.0,0.0,0.0,0.0,0.0,0.0,0.0,0.0,0.0,0.36906838,-3.6535997,-2.054567,-5.800638,50.0,50.0,50.0,50.0,50.0,50.0,50.0,50.0,50.0,50.0,50.0,50.0,0.0,0.0,0.0,0.0,1.0,1.0,1.0,1.0,1.0,1.0,1.0,1.0,1.0,1.0,1.0,1.0,0.5,0.5,0.5,0.5
1788529334.3427281,56,2.936234999651788,1.6903650011954596,2.867944000172429,2.071659,4.944563,10905664,0,1,0.0,0.0,0.0,-0.021504402,0.6457976,-1.3910443,0.031072184,0.64021057,-1.3990852,-0.039191633,0.6443776,-1.4043295,0.03280312,0.6543994,-1.4075838,-16.562262,-10.47439,-6.9789405,6.330426,0.027128667,0.015502095,0.0060660373,0.0077510476,-0.011626571,-0.018198112,0.011626571,-0.065883905,0.010110063,-0.10851467,0.06975943,-0.020220125,-0.03100419,-0.011626571,-0.034879714,0.046506286,1.0637461,1.311129,4.646674,-1.6327267,1.4595586,5.2630696,2.1027539,1.3853438,5.4053144,-1.6327267,0.7668867,5.64239,0.0,-0.024738282,0.024738282,0.0,0.99965566,0.0023400935,0.0077665495,0.024958836,0.0149137005,-0.0074568503,-0.008522115,-0.10654198,-0.20829555,9.572019,0.005066886,0.015411548,0.049963545,30.243389129638672,2.1876325607299805,0.00019885041,0.24687275,-0.093852274,-0.37602168,-0.08790109,-0.27001205,0.11407786,0.040346913,-0.051442944,0.19905083,0.5139888,-0.5763557,0.07169527,0.18662216,0.33646846,-0.20490487,-0.021975273,0.602497,-1.2714804,4.9712602e-05,0.7317182,-1.323463,0.017923817,0.71665555,-1.2158828,-0.012860736,0.71976274,-1.1715027,0.0,0.0,0.0,0.0,0.0,0.0,0.0,0.0,0.0,0.0,0.0,0.0,0.0,0.0,0.0,0.0,0.40346915,-3.7602167,-2.0490487,-5.763557,50.0,50.0,50.0,50.0,50.0,50.0,50.0,50.0,50.0,50.0,50.0,50.0,0.0,0.0,0.0,0.0,1.0,1.0,1.0,1.0,1.0,1.0,1.0,1.0,1.0,1.0,1.0,1.0,0.5,0.5,0.5,0.5
1788529334.3632135,57,3.327160999106127,1.7252139987249393,3.25275899922417,0.141061,3.398684,10905686,0,1,0.0,0.0,0.0,-0.021474123,0.64573705,-1.3910443,0.03110246,0.6402711,-1.399101,-0.03928247,0.6443776,-1.4043295,0.032833397,0.6543691,-1.4075838,-16.562292,-10.47439,-6.9789705,6.3304563,0.038755238,-0.05038181,0.020220125,0.034879714,0.04263076,-0.020220125,-0.09301257,0.0,0.010110063,0.015502095,0.0,-0.026286162,0.019377619,0.0,-0.04263076,0.038755238,1.0390079,1.311129,4.646674,-1.6079884,1.4842969,5.2630696,2.1027539,1.3853438,5.3104844,-1.6079884,0.791625,5.689805,0.024738282,0.0,0.024738282,-0.024738282,0.9996578,0.002341332,0.007756574,0.02487364,0.003195793,-0.0074568503,-0.011717907,-0.16639702,-0.18195933,9.404425,0.0050675515,0.015391973,0.04979305,30.243389129638672,2.1876325607299805,0.0010277499,0.23320645,-0.08811744,-0.36823094,-0.08736045,-0.26831245,0.10948887,0.04201463,-0.048865385,0.19526552,0.5249908,-0.57544553,0.07257269,0.18355764,0.32986316,-0.20644179,-0.021840112,0.6029219,-1.2726277,0.00025693746,0.72830164,-1.3220294,0.018143173,0.71588945,-1.2175342,-0.012216346,0.7188164,-1.1687522,0.0,0.0,0.0,0.0,0.0,0.0,0.0,0.0,0.0,0.0,0.0,0.0,0.0,0.0,0.0,0.0,0.4201463,-3.6823094,-2.0644178,-5.7544556,50.0,50.0,50.0,50.0,50.0,50.0,50.0,50.0,50.0,50.0,50.0,50.0,0.0,0.0,0.0,0.0,1.0,1.0,1.0,1.0,1.0,1.0,1.0,1.0,1.0,1.0,1.0,1.0,0.5,0.5,0.5,0.5
1788529334.382616,58,2.562780999141978,1.7390720004186733,2.4914189998526126,0.186311,2.682402,10905706,0,1,0.0,0.0,0.0,-0.021474123,0.64573705,-1.3910758,0.03110246,0.6402711,-1.3990852,-0.03925219,0.64428675,-1.4043295,0.03277284,0.6544297,-1.4075838,-16.562262,-10.47439,-6.9789405,6.3304563,-0.0077510476,-0.0038755238,-0.0060660373,-0.038755238,0.023253143,-0.02426415,-0.015502095,-0.05813286,0.012132075,-0.08526152,0.038755238,-0.022242136,-0.011626571,-0.015502095,0.046506286,0.034879714,1.0390079,1.3606055,4.646674,-1.6822032,1.4595586,5.2630696,2.1027539,1.3853438,5.3104844,-1.6327267,0.74214846,5.689805,0.024738282,-0.024738282,0.024738282,0.024738282,0.9996603,0.0023309193,0.007776341,0.024769893,0.0042610574,-0.0010652643,-0.0010652643,-0.09816227,-0.16879122,9.519346,0.0050461143,0.015432538,0.049585428,30.243389129638672,2.1192691326141357,0.0048408527,0.23516011,-0.07200307,-0.37218836,-0.085237704,-0.27160996,0.09959484,0.046307027,-0.055959046,0.20094676,0.5243928,-0.5805755,0.065652505,0.17683484,0.31862035,-0.20668519,-0.021309426,0.6020975,-1.2751012,0.0012102132,0.72879004,-1.3180007,0.016413126,0.7142087,-1.2203449,-0.0139897615,0.7202367,-1.1689018,0.0,0.0,0.0,0.0,0.0,0.0,0.0,0.0,0.0,0.0,0.0,0.0,0.0,0.0,0.0,0.0,0.46307027,-3.7218835,-2.0668519,-5.805755,50.0,50.0,50.0,50.0,50.0,50.0,50.0,50.0,50.0,50.0,50.0,50.0,0.0,0.0,0.0,0.0,1.0,1.0,1.0,1.0,1.0,1.0,1.0,1.0,1.0,1.0,1.0,1.0,0.5,0.5,0.5,0.5
1788529334.403216,59,3.241110000089975,2.0158169991191244,3.167826998833334,0.143045,3.315608,10905726,0,1,0.0,0.0,0.0,-0.021443844,0.64573705,-1.39106,0.031132739,0.64024085,-1.3990693,-0.03925219,0.64431703,-1.4043295,0.03280312,0.6544297,-1.4075838,-16.562231,-10.4743595,-6.979001,6.3304563,0.05038181,-0.023253143,0.0080880495,0.04263076,0.0038755238,0.0060660373,-0.05038181,-0.038755238,0.020220125,-0.05813286,0.038755238,-0.020220125,0.015502095,0.065883905,-0.06200838,0.05813286,1.0637461,1.2863907,4.788919,-1.6327267,1.5585117,5.2630696,2.1027539,1.3853438,5.3104844,-1.6327267,0.7668867,5.689805,-0.024738282,-0.024738282,0.024738282,0.0,0.9996592,0.002324411,0.0077516567,0.024823455,-0.0042610574,-0.0074568503,0.013848436,-0.02633622,-0.12210429,9.504981,0.0050326996,0.015383236,0.049692355,30.252243041992188,2.1192691326141357,0.008576589,0.23981288,-0.050282907,-0.3672393,-0.082262896,-0.2795096,0.08394865,0.044670105,-0.061365947,0.21982947,0.51648885,-0.57259965,0.06175345,0.16103652,0.33018056,-0.20323256,-0.020565724,0.60012263,-1.2790128,0.0021441472,0.7299532,-1.3125707,0.015438363,0.71025914,-1.2174548,-0.015341487,0.7249574,-1.1708777,0.0,0.0,0.0,0.0,0.0,0.0,0.0,0.0,0.0,0.0,0.0,0.0,0.0,0.0,0.0,0.0,0.44670105,-3.6723928,-2.0323255,-5.7259965,50.0,50.0,50.0,50.0,50.0,50.0,50.0,50.0,50.0,50.0,50.0,50.0,0.0,0.0,0.0,0.0,1.0,1.0,1.0,1.0,1.0,1.0,1.0,1.0,1.0,1.0,1.0,1.0,0.5,0.5,0.5,0.5
1788529334.4226007,60,2.608957998745609,1.6997420007101027,2.540636000048835,0.152006,2.697154,10905746,0,1,0.0,0.0,0.0,-0.021504402,0.6457976,-1.39106,0.031072184,0.64024085,-1.3990852,-0.039221913,0.6443776,-1.4043137,0.032893956,0.65433884,-1.4075838,-16.562231,-10.47433,-6.9789705,6.330426,0.015502095,0.011626571,-0.0060660373,-0.019377619,0.03100419,-0.0040440247,-0.019377619,-0.06975943,0.0485283,0.054257333,-0.019377619,-0.020220125,0.011626571,0.08526152,-0.054257333,0.0,1.0637461,1.2863907,4.646674,-1.6079884,1.4842969,5.3104844,2.0780158,1.3853438,5.4053144,-1.6327267,0.7668867,5.784635,0.024738282,-0.024738282,0.049476564,-0.024738282,0.9996562,0.002305274,0.007742593,0.02494742,-0.011717907,0.0,0.006391586,-0.035913024,-0.14604631,9.497798,0.004995888,0.015365445,0.04994003,30.243389129638672,2.1192691326141357,0.0043218154,0.23212501,-0.07099203,-0.37117493,-0.08123353,-0.27970508,0.09328901,0.04452508,-0.055582374,0.2027591,0.5211268,-0.5776462,0.063997105,0.16662511,0.3370756,-0.20638716,-0.020308383,0.60007375,-1.2766777,0.0010804539,0.7280313,-1.317748,0.015999276,0.7116563,-1.215731,-0.013895594,0.7206898,-1.1697183,0.0,0.0,0.0,0.0,0.0,0.0,0.0,0.0,0.0,0.0,0.0,0.0,0.0,0.0,0.0,0.0,0.4452508,-3.7117493,-2.0638716,-5.776462,50.0,50.0,50.0,50.0,50.0,50.0,50.0,50.0,50.0,50.0,50.0,50.0,0.0,0.0,0.0,0.0,1.0,1.0,1.0,1.0,1.0,1.0,1.0,1.0,1.0,1.0,1.0,1.0,0.5,0.5,0.5,0.5
1788529334.443312,61,3.26955900163739,1.7414069989172276,3.197364998413832,0.198663,3.400732,10905766,0,1,0.0,0.0,0.0,-0.021474123,0.64576733,-1.3910443,0.031072184,0.64021057,-1.3990852,-0.039221913,0.6443776,-1.4043453,0.032833397,0.6543994,-1.4075838,-16.562262,-10.47433,-6.9789405,6.3303957,0.077510476,-0.04263076,0.020220125,-0.019377619,0.0,-0.014154087,-0.0077510476,-0.07363495,-0.0060660373,-0.034879714,0.03100419,-0.018198112,-0.0077510476,0.10851467,0.019377619,-0.019377619,1.0390079,1.2863907,4.694089,-1.6327267,1.4842969,5.3104844,2.1027539,1.4100821,5.4053144,-1.6327267,0.7668867,5.784635,0.024738282,0.024738282,0.0,-0.049476564,0.99965686,0.002289741,0.007741016,0.024922082,0.0042610574,-0.009587379,-0.01704423,-0.10295067,-0.19512744,9.51336,0.0049643605,0.015363193,0.049889088,30.243389129638672,2.1534507274627686,0.002058087,0.22643027,-0.09322937,-0.37012938,-0.08989797,-0.2596228,0.113994725,0.04656741,-0.04795765,0.1875234,0.52684915,-0.5771547,0.0730803,0.19068962,0.33300048,-0.20900515,-0.022474492,0.6050943,-1.2715013,0.00051452173,0.72660756,-1.3233073,0.018270075,0.7176724,-1.2167498,-0.011989413,0.71688086,-1.1682876,0.0,0.0,0.0,0.0,0.0,0.0,0.0,0.0,0.0,0.0,0.0,0.0,0.0,0.0,0.0,0.0,0.4656741,-3.7012937,-2.0900514,-5.771547,50.0,50.0,50.0,50.0,50.0,50.0,50.0,50.0,50.0,50.0,50.0,50.0,0.0,0.0,0.0,0.0,1.0,1.0,1.0,1.0,1.0,1.0,1.0,1.0,1.0,1.0,1.0,1.0,0.5,0.5,0.5,0.5
1788529334.4631345,62,3.0384780002350453,1.7032289997587213,2.949867001007078,0.160549,3.116561,10905786,0,1,0.0,0.0,0.0,-0.021474123,0.64576733,-1.39106,0.03110246,0.6402711,-1.3990852,-0.03925219,0.6443473,-1.4043453,0.032833397,0.6543994,-1.407568,-16.562202,-10.4743595,-6.979001,6.3304563,0.038755238,0.019377619,0.0040440247,-0.0077510476,0.023253143,-0.020220125,-0.0077510476,-0.023253143,-0.016176099,0.03100419,0.023253143,0.010110063,0.06975943,0.054257333,-0.077510476,0.023253143,1.0390079,1.2863907,4.646674,-1.6822032,1.4595586,5.2630696,2.1027539,1.3853438,5.3104844,-1.6327267,0.74214846,5.689805,0.024738282,0.024738282,0.0,-0.024738282,0.99965966,0.0023053847,0.00774879,0.02480449,-0.006391586,0.003195793,-0.0149137005,-0.1388637,-0.12330139,9.579201,0.0049942206,0.015378544,0.049654096,30.243389129638672,2.1192691326141357,0.0026911665,0.21316257,-0.092145786,-0.3686824,-0.09063688,-0.26636222,0.11616976,0.043449014,-0.044312432,0.17799905,0.51951456,-0.58001417,0.07280095,0.1917162,0.32064694,-0.21353254,-0.02265922,0.60340947,-1.2709575,0.0006727916,0.7232907,-1.3230364,0.018200237,0.71792907,-1.2198383,-0.011078108,0.7144998,-1.1701213,0.0,0.0,0.0,0.0,0.0,0.0,0.0,0.0,0.0,0.0,0.0,0.0,0.0,0.0,0.0,0.0,0.43449014,-3.686824,-2.1353254,-5.800142,50.0,50.0,50.0,50.0,50.0,50.0,50.0,50.0,50.0,50.0,50.0,50.0,0.0,0.0,0.0,0.0,1.0,1.0,1.0,1.0,1.0,1.0,1.0,1.0,1.0,1.0,1.0,1.0,0.5,0.5,0.5,0.5
1788529334.4820933,63,2.3593820005771704,1.719710000543273,2.2912839995115064,1.805569,4.102037,10905804,0,1,0.0,0.0,0.0,-0.021474123,0.64573705,-1.39106,0.031132739,0.6402711,-1.3990852,-0.03928247,0.64431703,-1.4043137,0.03280312,0.6544297,-1.407568,-16.562262,-10.4743595,-6.9789705,6.330426,0.0,-0.0038755238,0.020220125,0.038755238,-0.019377619,-0.020220125,-0.05813286,0.0,0.012132075,-0.011626571,0.019377619,0.0060660373,-0.034879714,0.038755238,0.019377619,-0.019377619,1.0637461,1.2863907,4.646674,-1.6822032,1.4595586,5.2630696,2.1027539,1.4595586,5.2630696,-1.6327267,0.791625,5.64239,0.024738282,0.0,-0.049476564,0.0,0.99966055,0.0023060876,0.0077554667,0.024767319,-0.006391586,-0.0042610574,0.0053263213,-0.15203181,-0.18195933,9.537302,0.004995386,0.0153920455,0.049579773,30.243389129638672,2.1192691326141357,0.005623294,0.23070687,-0.06816288,-0.36307174,-0.08563943,-0.27578136,0.09440633,0.039145693,-0.056555934,0.20323963,0.5271395,-0.5813959,0.06722509,0.17341386,0.3224256,-0.20583868,-0.021409858,0.60105467,-1.2763984,0.0014058235,0.72767675,-1.3170407,0.016806273,0.71335346,-1.2193935,-0.014138984,0.72080994,-1.168215,0.0,0.0,0.0,0.0,0.0,0.0,0.0,0.0,0.0,0.0,0.0,0.0,0.0,0.0,0.0,0.0,0.39145693,-3.6307173,-2.0583868,-5.813959,50.0,50.0,50.0,50.0,50.0,50.0,50.0,50.0,50.0,50.0,50.0,50.0,0.0,0.0,0.0,0.0,1.0,1.0,1.0,1.0,1.0,1.0,1.0,1.0,1.0,1.0,1.0,1.0,0.5,0.5,0.5,0.5
1788529334.5021102,64,2.259282000522944,1.6632929982733913,2.196303999880911,0.125541,2.326325,10905826,0,1,0.0,0.0,0.0,-0.021474123,0.64576733,-1.39106,0.03110246,0.64021057,-1.3990852,-0.03925219,0.6443776,-1.4043137,0.032833397,0.65433884,-1.407568,-16.562262,-10.474421,-6.9789705,6.330426,0.019377619,0.0,0.0,0.05038181,-0.019377619,-0.0080880495,-0.038755238,0.0,0.04044025,0.019377619,-0.06975943,0.010110063,-0.03100419,-0.065883905,-0.027128667,0.038755238,1.0637461,1.2616524,4.599259,-1.6327267,1.4842969,5.2630696,2.0780158,1.3853438,5.4527297,-1.6327267,0.7668867,5.689805,0.024738282,-0.024738282,0.024738282,-0.024738282,0.999658,0.0023056443,0.0077380035,0.02487686,0.003195793,-0.0042610574,0.01704423,-0.05626374,-0.15322891,9.537302,0.004995315,0.015356603,0.04979884,30.243389129638672,2.085087299346924,0.004816139,0.24727139,-0.06535708,-0.37026498,-0.081957705,-0.28067383,0.08913798,0.03942602,-0.058060393,0.21421073,0.52707386,-0.5766013,0.064046875,0.16217995,0.3372489,-0.20510365,-0.020489426,0.5998316,-1.2777154,0.0012040348,0.73181784,-1.3163393,0.016011719,0.710545,-1.2156878,-0.014515098,0.7235527,-1.1682315,0.0,0.0,0.0,0.0,0.0,0.0,0.0,0.0,0.0,0.0,0.0,0.0,0.0,0.0,0.0,0.0,0.39426023,-3.7026498,-2.0510366,-5.766013,50.0,50.0,50.0,50.0,50.0,50.0,50.0,50.0,50.0,50.0,50.0,50.0,0.0,0.0,0.0,0.0,1.0,1.0,1.0,1.0,1.0,1.0,1.0,1.0,1.0,1.0,1.0,1.0,0.5,0.5,0.5,0.5
1788529334.5232377,65,3.288695999799529,1.7439029998058686,3.210227998351911,0.141093,3.356282,10905846,0,1,0.0,0.0,0.0,-0.021504402,0.6457976,-1.39106,0.031072184,0.64021057,-1.3990852,-0.03925219,0.64440787,-1.4043137,0.032833397,0.6543994,-1.407568,-16.562292,-10.4743595,-6.9789705,6.330426,0.0,0.0,-0.014154087,-0.0038755238,-0.019377619,0.0,-0.07363495,-0.038755238,0.038418237,-0.034879714,0.05038181,0.010110063,-0.081386,0.046506286,-0.04263076,0.046506286,1.0884844,1.2863907,4.646674,-1.6327267,1.4595586,5.1208243,2.1027539,1.4595586,5.4053144,-1.6079884,0.74214846,5.689805,0.024738282,-0.024738282,0.0,-0.024738282,0.9996561,0.0022809189,0.007754419,0.024949724,0.0021305287,-0.010652643,0.0,-0.090979666,-0.20231004,9.531317,0.0049478156,0.015390295,0.049944334,30.243389129638672,2.085087299346924,0.0031266082,0.2322661,-0.06844155,-0.37256813,-0.08375306,-0.27569985,0.09523192,0.04292073,-0.056287102,0.1990592,0.5361793,-0.57982963,0.065356895,0.17252132,0.3250718,-0.2024644,-0.020938264,0.60107505,-1.276192,0.00078165205,0.72806656,-1.3171103,0.016339224,0.71313035,-1.218732,-0.014071776,0.7197648,-1.1659551,0.0,0.0,0.0,0.0,0.0,0.0,0.0,0.0,0.0,0.0,0.0,0.0,0.0,0.0,0.0,0.0,0.42920732,-3.7256813,-2.024644,-5.7982965,50.0,50.0,50.0,50.0,50.0,50.0,50.0,50.0,50.0,50.0,50.0,50.0,0.0,0.0,0.0,0.0,1.0,1.0,1.0,1.0,1.0,1.0,1.0,1.0,1.0,1.0,1.0,1.0,0.5,0.5,0.5,0.5
1788529334.5426176,66,2.7830130002257647,1.7163829998025903,2.7232979991822504,2.001,4.728684,10905864,0,1,0.0,0.0,0.0,-0.021474123,0.6457976,-1.3910443,0.03110246,0.64024085,-1.3990693,-0.03925219,0.64440787,-1.4043295,0.032833397,0.65433884,-1.407568,-16.562262,-10.4743595,-6.9789705,6.330426,0.04263076,0.019377619,0.036396224,0.011626571,0.015502095,0.014154087,-0.06975943,0.0038755238,0.018198112,-0.034879714,-0.077510476,0.0,-0.027128667,0.03100419,-0.038755238,0.03100419,1.0637461,1.2863907,4.694089,-1.6822032,1.4595586,5.2156544,2.1274922,1.4595586,5.4053144,-1.6327267,0.7668867,5.64239,0.024738282,0.0,0.024738282,0.0,0.9996577,0.0022655518,0.0077610537,0.024883658,0.006391586,-0.006391586,-0.012783172,-0.092176765,-0.19632454,9.569624,0.0049164025,0.015404653,0.04981195,30.243389129638672,2.1192691326141357,0.00043081306,0.22370175,-0.08365323,-0.37035894,-0.088402435,-0.26851732,0.1101779,0.04494191,-0.048854843,0.1856775,0.5398127,-0.5759326,0.07137972,0.18621998,0.32170576,-0.20577012,-0.022100609,0.6028707,-1.2724555,0.000107703265,0.72592545,-1.3209133,0.01784493,0.716555,-1.2195735,-0.012213711,0.7164194,-1.1650468,0.0,0.0,0.0,0.0,0.0,0.0,0.0,0.0,0.0,0.0,0.0,0.0,0.0,0.0,0.0,0.0,0.44941908,-3.7035894,-2.057701,-5.759326,50.0,50.0,50.0,50.0,50.0,50.0,50.0,50.0,50.0,50.0,50.0,50.0,0.0,0.0,0.0,0.0,1.0,1.0,1.0,1.0,1.0,1.0,1.0,1.0,1.0,1.0,1.0,1.0,0.5,0.5,0.5,0.5
1788529334.5632262,67,3.2967909992294153,1.7214390009030467,3.2202450001932448,0.139813,3.36505,10905886,0,1,0.0,0.0,0.0,-0.021443844,0.64576733,-1.39106,0.031132739,0.6402711,-1.3990693,-0.039221913,0.64431703,-1.4043453,0.032833397,0.6544297,-1.4075838,-16.562231,-10.47439,-6.9789705,6.3304563,0.038755238,0.034879714,0.012132075,0.019377619,0.0,0.010110063,-0.08526152,-0.023253143,-0.014154087,0.019377619,0.023253143,-0.020220125,0.015502095,-0.011626571,-0.0077510476,0.023253143,1.0637461,1.2863907,4.694089,-1.6822032,1.4842969,5.2156544,2.1274922,1.3606055,5.3104844,-1.6079884,0.791625,5.689805,0.024738282,0.024738282,0.049476564,0.024738282,0.9996608,0.0022893013,0.00776863,0.024755746,0.0010652643,-0.0149137005,-0.0074568503,-0.11851298,-0.14724341,9.568427,0.0049622958,0.015419254,0.04955644,30.243389129638672,2.085087299346924,0.002081843,0.22783038,-0.08136683,-0.36340156,-0.08683194,-0.27529687,0.10652868,0.04427664,-0.052467056,0.19210753,0.53218216,-0.5795768,0.07087594,0.18056919,0.32278997,-0.20570536,-0.021707986,0.6011758,-1.2733678,0.0005204608,0.7269576,-1.3203417,0.017718986,0.7151423,-1.2193024,-0.013116764,0.7180269,-1.1669544,0.0,0.0,0.0,0.0,0.0,0.0,0.0,0.0,0.0,0.0,0.0,0.0,0.0,0.0,0.0,0.0,0.4427664,-3.6340156,-2.0570536,-5.795768,50.0,50.0,50.0,50.0,50.0,50.0,50.0,50.0,50.0,50.0,50.0,50.0,0.0,0.0,0.0,0.0,1.0,1.0,1.0,1.0,1.0,1.0,1.0,1.0,1.0,1.0,1.0,1.0,0.5,0.5,0.5,0.5
1788529334.5832558,68,3.2659099997545127,1.7363189999741735,3.1895240008452674,0.16647,3.361594,10905906,0,1,0.0,0.0,0.0,-0.021443844,0.64573705,-1.3910758,0.031132739,0.64024085,-1.3990693,-0.03925219,0.64431703,-1.4043295,0.032863677,0.6543994,-1.4075838,-16.562231,-10.4743595,-6.9789705,6.330426,0.05813286,-0.0038755238,-0.0040440247,0.038755238,-0.0038755238,0.010110063,-0.015502095,-0.0077510476,0.020220125,0.038755238,0.0,-0.020220125,-0.04263076,0.05038181,0.0,-0.0038755238,1.0884844,1.311129,4.646674,-1.6822032,1.4842969,5.2630696,2.1027539,1.3853438,5.3104844,-1.6079884,0.7668867,5.689805,0.0,0.0,0.0,-0.024738282,0.9996593,0.0022846372,0.0077865897,0.024808079,-0.013848436,0.0021305287,0.012783172,-0.075417355,-0.11133038,9.514558,0.0049546706,0.015455134,0.04966117,30.243389129638672,2.1192691326141357,0.0048132334,0.24398068,-0.07088678,-0.36086318,-0.0817086,-0.28092185,0.09711252,0.041966088,-0.05799125,0.21444215,0.519265,-0.57358044,0.06722388,0.16539381,0.33614385,-0.20231806,-0.02042715,0.59976953,-1.2757218,0.0012033083,0.7309952,-1.3177216,0.01680597,0.7113485,-1.215964,-0.014497813,0.7236106,-1.1701837,0.0,0.0,0.0,0.0,0.0,0.0,0.0,0.0,0.0,0.0,0.0,0.0,0.0,0.0,0.0,0.0,0.41966087,-3.6086318,-2.0231805,-5.7358046,50.0,50.0,50.0,50.0,50.0,50.0,50.0,50.0,50.0,50.0,50.0,50.0,0.0,0.0,0.0,0.0,1.0,1.0,1.0,1.0,1.0,1.0,1.0,1.0,1.0,1.0,1.0,1.0,0.5,0.5,0.5,0.5
1788529334.601937,69,2.2902270011400105,1.5788420005264925,2.2247529996093363,2.023978,4.252603,10905924,0,1,0.0,0.0,0.0,-0.021474123,0.6457976,-1.3910443,0.03110246,0.64024085,-1.3990693,-0.03928247,0.64440787,-1.4043295,0.03280312,0.6543691,-1.407568,-16.562262,-10.4743595,-6.9789405,6.330426,0.046506286,0.027128667,0.02426415,0.065883905,0.038755238,0.012132075,-0.11626572,-0.023253143,0.016176099,-0.06975943,0.0077510476,0.0,-0.038755238,0.0,0.038755238,-0.0038755238,1.0390079,1.2616524,4.646674,-1.6327267,1.4595586,5.2630696,2.1027539,1.3853438,5.3104844,-1.6327267,0.791625,5.689805,0.024738282,-0.024738282,-0.024738282,0.0,0.9996567,0.002300299,0.0077614486,0.024923114,-0.0042610574,0.0074568503,0.011717907,-0.053869538,-0.11133038,9.475053,0.0049865087,0.015403516,0.049891435,30.243389129638672,2.1192691326141357,0.010050898,0.2239044,-0.04091996,-0.3658962,-0.07911535,-0.2913052,0.081036314,0.04275249,-0.06123048,0.21586905,0.5177017,-0.5721538,0.060225453,0.15780766,0.31783786,-0.20142719,-0.019778838,0.5971737,-1.2797409,0.0025127246,0.7259761,-1.3102299,0.015056363,0.7094519,-1.2205405,-0.01530762,0.72396725,-1.1705745,0.0,0.0,0.0,0.0,0.0,0.0,0.0,0.0,0.0,0.0,0.0,0.0,0.0,0.0,0.0,0.0,0.4275249,-3.658962,-2.014272,-5.721538,50.0,50.0,50.0,50.0,50.0,50.0,50.0,50.0,50.0,50.0,50.0,50.0,0.0,0.0,0.0,0.0,1.0,1.0,1.0,1.0,1.0,1.0,1.0,1.0,1.0,1.0,1.0,1.0,0.5,0.5,0.5,0.5
1788529334.6219876,70,2.273041998705594,1.6197389995795675,2.213488000052166,2.014026,4.231066,10905944,0,1,0.0,0.0,0.0,-0.021534681,0.64573705,-1.39106,0.03110246,0.64024085,-1.3990852,-0.039221913,0.6443776,-1.4043453,0.032833397,0.6543691,-1.4075838,-16.562292,-10.474421,-6.9789705,6.330426,-0.019377619,-0.08913705,-0.0020220124,0.046506286,0.038755238,-0.010110063,0.0,-0.06200838,-0.018198112,-0.019377619,0.0077510476,-0.012132075,-0.06975943,0.05038181,-0.05813286,0.038755238,1.0637461,1.2863907,4.599259,-1.6327267,1.5585117,5.2630696,2.1274922,1.3853438,5.2630696,-1.6079884,0.7668867,5.689805,0.024738282,0.0,0.024738282,0.0,0.99965584,0.0022805587,0.007765796,0.024958363,-0.0053263213,0.0074568503,0.0,-0.130484,-0.20949265,9.43914,0.0049477974,0.015413019,0.04996168,30.243389129638672,2.1192691326141357,0.005490912,0.23400554,-0.063550524,-0.36193675,-0.084172785,-0.2744829,0.10290593,0.042041317,-0.05770377,0.20775752,0.51616216,-0.57582223,0.06496011,0.17279658,0.33277038,-0.20754005,-0.021043196,0.6013793,-1.2742735,0.001372728,0.7285014,-1.3158876,0.016240027,0.71319914,-1.2168074,-0.014425943,0.7219394,-1.1709595,0.0,0.0,0.0,0.0,0.0,0.0,0.0,0.0,0.0,0.0,0.0,0.0,0.0,0.0,0.0,0.0,0.42041317,-3.6193676,-2.0754006,-5.7582226,50.0,50.0,50.0,50.0,50.0,50.0,50.0,50.0,50.0,50.0,50.0,50.0,0.0,0.0,0.0,0.0,1.0,1.0,1.0,1.0,1.0,1.0,1.0,1.0,1.0,1.0,1.0,1.0,0.5,0.5,0.5,0.5
1788529334.6419635,71,2.253938000649214,1.6006980004021898,2.198191999923438,2.003657,4.206105,10905964,0,1,0.0,0.0,0.0,-0.021474123,0.64573705,-1.39106,0.03110246,0.6402711,-1.3990852,-0.03925219,0.6443473,-1.4043453,0.03280312,0.6543994,-1.4075838,-16.562262,-10.4743595,-6.9789705,6.330487,0.038755238,-0.038755238,0.0080880495,0.015502095,0.027128667,-0.020220125,-0.023253143,-0.015502095,-0.010110063,-0.038755238,0.027128667,-0.028308174,-0.015502095,0.05813286,-0.0077510476,0.09301257,1.0390079,1.2863907,4.646674,-1.6822032,1.4842969,5.3104844,2.1027539,1.4595586,5.4053144,-1.6327267,0.6926719,5.64239,0.024738282,0.024738282,0.024738282,-0.024738282,0.9996587,0.002288145,0.0077738324,0.024839165,-0.0074568503,-0.0053263213,-0.01704423,-0.20470424,-0.20829555,9.561244,0.0049615297,0.015429299,0.049723353,30.243389129638672,2.085087299346924,0.0033701826,0.22353768,-0.077151306,-0.36680582,-0.08867741,-0.25948104,0.11049435,0.04587911,-0.05123563,0.19040848,0.5285889,-0.57295215,0.07232693,0.19412719,0.3230436,-0.20691799,-0.022169352,0.6051298,-1.2723764,0.00084254565,0.72588444,-1.3192878,0.018081732,0.7185318,-1.219239,-0.012808908,0.71760213,-1.1678528,0.0,0.0,0.0,0.0,0.0,0.0,0.0,0.0,0.0,0.0,0.0,0.0,0.0,0.0,0.0,0.0,0.4587911,-3.6680582,-2.0691798,-5.7295218,50.0,50.0,50.0,50.0,50.0,50.0,50.0,50.0,50.0,50.0,50.0,50.0,0.0,0.0,0.0,0.0,1.0,1.0,1.0,1.0,1.0,1.0,1.0,1.0,1.0,1.0,1.0,1.0,0.5,0.5,0.5,0.5
1788529334.6619997,72,2.215600001363782,1.623706999453134,2.1555349994741846,0.098147,2.257394,10905986,0,1,0.0,0.0,0.0,-0.021474123,0.6457976,-1.3910758,0.031132739,0.6402711,-1.3990693,-0.03928247,0.64431703,-1.4043295,0.03277284,0.6544297,-1.407568,-16.562262,-10.47439,-6.979001,6.330487,0.0,0.10851467,-0.020220125,0.05038181,0.019377619,0.0040440247,-0.054257333,-0.011626571,0.016176099,-0.05813286,-0.019377619,0.0040440247,-0.034879714,0.0,-0.038755238,0.06200838,1.0884844,1.311129,4.694089,-1.6822032,1.4842969,5.2630696,2.1027539,1.3606055,5.3104844,-1.6327267,0.74214846,5.64239,0.049476564,0.0,0.024738282,0.0,0.99966,0.002292321,0.007776052,0.024784356,-0.0074568503,0.0053263213,0.008522115,-0.12569559,-0.17238252,9.518148,0.004969144,0.015433802,0.04961377,30.243389129638672,2.085087299346924,0.007996859,0.2242094,-0.054590967,-0.3640731,-0.084383525,-0.28433242,0.08743835,0.039862886,-0.05980163,0.2059449,0.5250015,-0.5798181,0.061631653,0.17140497,0.3144961,-0.20313857,-0.021095881,0.5989169,-1.2781403,0.0019992148,0.72605234,-1.3136477,0.015407913,0.7128513,-1.221376,-0.014950408,0.7214862,-1.1687496,0.0,0.0,0.0,0.0,0.0,0.0,0.0,0.0,0.0,0.0,0.0,0.0,0.0,0.0,0.0,0.0,0.39862886,-3.6407309,-2.0313857,-5.7981815,50.0,50.0,50.0,50.0,50.0,50.0,50.0,50.0,50.0,50.0,50.0,50.0,0.0,0.0,0.0,0.0,1.0,1.0,1.0,1.0,1.0,1.0,1.0,1.0,1.0,1.0,1.0,1.0,0.5,0.5,0.5,0.5
1788529334.6820033,73,2.1961439997539856,1.6126979990076507,2.137870000296971,0.098788,2.240882,10906006,0,1,0.0,0.0,0.0,-0.021474123,0.64576733,-1.39106,0.03110246,0.64021057,-1.3990852,-0.03925219,0.6443776,-1.4043295,0.03280312,0.6543691,-1.4075838,-16.562231,-10.47439,-6.979001,6.3303957,0.04263076,-0.027128667,-0.0080880495,0.046506286,0.0,-0.016176099,-0.03100419,-0.04263076,0.02426415,-0.046506286,-0.019377619,-0.02426415,0.027128667,-0.019377619,-0.04263076,-0.019377619,1.0637461,1.2616524,4.694089,-1.6079884,1.4595586,5.2156544,2.1027539,1.3853438,5.4053144,-1.6079884,0.7668867,5.64239,0.0,-0.024738282,0.0,-0.049476564,0.99965763,0.0022944342,0.007740196,0.024893476,0.010652643,-0.0010652643,0.015978964,-0.06823475,-0.142455,9.503783,0.004973264,0.015361464,0.04983192,30.243389129638672,2.050905704498291,0.005610848,0.25280756,-0.061287075,-0.36516556,-0.08322654,-0.28240287,0.09411866,0.04066457,-0.06421393,0.22308266,0.5084173,-0.5765828,0.06225167,0.15979646,0.3478214,-0.20774826,-0.020806635,0.5993993,-1.2764703,0.001402712,0.7332019,-1.3153217,0.015562917,0.70994914,-1.2130446,-0.016053483,0.7257707,-1.1728957,0.0,0.0,0.0,0.0,0.0,0.0,0.0,0.0,0.0,0.0,0.0,0.0,0.0,0.0,0.0,0.0,0.4066457,-3.6516557,-2.0774827,-5.765828,50.0,50.0,50.0,50.0,50.0,50.0,50.0,50.0,50.0,50.0,50.0,50.0,0.0,0.0,0.0,0.0,1.0,1.0,1.0,1.0,1.0,1.0,1.0,1.0,1.0,1.0,1.0,1.0,0.5,0.5,0.5,0.5
1788529334.7020571,74,2.2480169991467847,1.6254990005108994,2.1832789989275625,0.106916,2.294355,10906026,0,1,0.0,0.0,0.0,-0.021474123,0.6457976,-1.39106,0.031072184,0.64021057,-1.399101,-0.03925219,0.64440787,-1.4043295,0.032833397,0.6543691,-1.4075838,-16.562262,-10.4743595,-6.9789405,6.3303957,0.038755238,0.0038755238,-0.018198112,0.05813286,0.023253143,-0.016176099,-0.081386,-0.015502095,0.022242136,-0.054257333,0.0,-0.020220125,-0.046506286,0.046506286,0.011626571,-0.011626571,1.0390079,1.2863907,4.504429,-1.6327267,1.4842969,5.2156544,2.1027539,1.4100821,5.4053144,-1.6327267,0.8411016,5.689805,0.024738282,-0.049476564,0.0,-0.024738282,0.9996555,0.002279497,0.0077385,0.024980526,-0.0042610574,0.0010652643,0.012783172,-0.07062895,-0.20470424,9.606734,0.004944649,0.015358386,0.050005853,30.243389129638672,2.1192691326141357,0.005244976,0.23229605,-0.0462293,-0.37198254,-0.0822036,-0.28412408,0.08550507,0.041891374,-0.05988945,0.2185022,0.51142734,-0.5727775,0.061543476,0.15808474,0.328958,-0.20342539,-0.0205509,0.598969,-1.2786237,0.001311244,0.728074,-1.3115573,0.015385869,0.7095212,-1.2177604,-0.014972363,0.7246256,-1.1721431,0.0,0.0,0.0,0.0,0.0,0.0,0.0,0.0,0.0,0.0,0.0,0.0,0.0,0.0,0.0,0.0,0.41891372,-3.7198255,-2.0342538,-5.727775,50.0,50.0,50.0,50.0,50.0,50.0,50.0,50.0,50.0,50.0,50.0,50.0,0.0,0.0,0.0,0.0,1.0,1.0,1.0,1.0,1.0,1.0,1.0,1.0,1.0,1.0,1.0,1.0,0.5,0.5,0.5,0.5
1788529334.7219672,75,2.255249999507214,1.6155789999174885,2.1957910012133652,2.014634,4.214522,10906044,0,1,0.0,0.0,0.0,-0.021474123,0.6457976,-1.39106,0.031132739,0.64021057,-1.3990852,-0.039221913,0.6443473,-1.4043453,0.032833397,0.6544297,-1.4075838,-16.562262,-10.47439,-6.9789705,6.330426,0.046506286,0.019377619,-0.0020220124,0.07363495,-0.0038755238,0.0,-0.015502095,-0.08526152,-0.010110063,-0.038755238,0.08913705,-0.028308174,-0.038755238,-0.019377619,-0.011626571,0.023253143,1.0637461,1.2616524,4.646674,-1.6079884,1.4842969,5.2156544,2.1274922,1.3853438,5.4053144,-1.6327267,0.74214846,5.64239,0.024738282,-0.024738282,0.0,-0.024738282,0.9996568,0.002269443,0.007779963,0.02491587,0.008522115,-0.0010652643,-0.018109493,-0.108936176,-0.20111294,9.556456,0.004925623,0.015442109,0.049876574,30.243389129638672,2.1192691326141357,0.0032541286,0.2285958,-0.08150044,-0.36826378,-0.08742228,-0.2757732,0.12097653,0.04395002,-0.050521202,0.19360824,0.50771004,-0.5723432,0.07140599,0.18228808,0.3309304,-0.20563792,-0.02185557,0.6010567,-1.2697558,0.00081353216,0.72714895,-1.3203751,0.017851498,0.71557206,-1.2172674,-0.012630301,0.7184021,-1.1730725,0.0,0.0,0.0,0.0,0.0,0.0,0.0,0.0,0.0,0.0,0.0,0.0,0.0,0.0,0.0,0.0,0.4395002,-3.6826377,-2.056379,-5.7234316,50.0,50.0,50.0,50.0,50.0,50.0,50.0,50.0,50.0,50.0,50.0,50.0,0.0,0.0,0.0,0.0,1.0,1.0,1.0,1.0,1.0,1.0,1.0,1.0,1.0,1.0,1.0,1.0,0.5,0.5,0.5,0.5
1788529334.7419689,76,2.262002000861685,1.6138510000018869,2.2070880004321225,2.017417,4.228281,10906064,0,1,0.0,0.0,0.0,-0.021443844,0.6457068,-1.39106,0.031132739,0.6402711,-1.3990693,-0.039221913,0.64431703,-1.4043295,0.03280312,0.6543994,-1.4075838,-16.562262,-10.4743595,-6.9789705,6.330426,0.05813286,-0.081386,0.022242136,0.038755238,0.05813286,0.0040440247,0.019377619,-0.05813286,0.026286162,-0.046506286,0.015502095,-0.020220125,-0.023253143,0.05813286,0.0,0.023253143,1.0637461,1.3606055,4.646674,-1.6822032,1.4842969,5.2630696,2.1274922,1.3853438,5.2630696,-1.6327267,0.6926719,5.689805,0.049476564,-0.024738282,0.024738282,0.0,0.99966,0.002277806,0.007793312,0.024778565,-0.010652643,0.0010652643,-0.013848436,-0.16879122,-0.088585466,9.446322,0.0049408884,0.015469059,0.049602054,30.243389129638672,2.085087299346924,0.0043495875,0.23077801,-0.08355114,-0.36656827,-0.08784155,-0.26823607,0.1153428,0.044701457,-0.05017609,0.19697817,0.5097371,-0.57240784,0.07162968,0.18596245,0.33407372,-0.21481052,-0.021960387,0.602941,-1.2711643,0.0010873969,0.7276945,-1.3208877,0.01790742,0.7164906,-1.2164816,-0.012544023,0.71924454,-1.1725657,0.0,0.0,0.0,0.0,0.0,0.0,0.0,0.0,0.0,0.0,0.0,0.0,0.0,0.0,0.0,0.0,0.44701457,-3.6656828,-2.1481051,-5.724078,50.0,50.0,50.0,50.0,50.0,50.0,50.0,50.0,50.0,50.0,50.0,50.0,0.0,0.0,0.0,0.0,1.0,1.0,1.0,1.0,1.0,1.0,1.0,1.0,1.0,1.0,1.0,1.0,0.5,0.5,0.5,0.5
1788529334.7619555,77,2.2470889998658095,1.6111300010379637,2.187951000450994,2.000937,4.193176,10906084,0,1,0.0,0.0,0.0,-0.021443844,0.6457068,-1.3910758,0.031132739,0.64024085,-1.3990852,-0.03925219,0.64431703,-1.4043295,0.032833397,0.6543994,-1.407568,-16.562231,-10.4743595,-6.979001,6.3304563,0.06200838,-0.046506286,-0.02426415,0.046506286,0.015502095,-0.02426415,-0.0038755238,-0.011626571,0.020220125,-0.034879714,0.0,0.010110063,0.011626571,0.05813286,-0.046506286,0.038755238,1.0637461,1.3853438,4.599259,-1.6822032,1.4595586,5.2630696,2.1027539,1.3853438,5.3104844,-1.6327267,0.791625,5.689805,0.0,-0.049476564,0.024738282,-0.024738282,0.9996593,0.0022603672,0.0077641644,0.024821084,-0.0149137005,-0.0021305287,0.0021305287,-0.076614454,-0.05267244,9.570822,0.0049052257,0.015411438,0.049686693,30.243389129638672,2.1192691326141357,0.005271638,0.23603594,-0.06695444,-0.36361793,-0.08437123,-0.26927137,0.08961547,0.045338422,-0.054164186,0.20749399,0.5146799,-0.57584184,0.06796155,0.17205825,0.3322694,-0.208706,-0.021092808,0.6026822,-1.2775961,0.0013179095,0.72900903,-1.3167386,0.016990388,0.7130146,-1.2169327,-0.0135410465,0.7218735,-1.17133,0.0,0.0,0.0,0.0,0.0,0.0,0.0,0.0,0.0,0.0,0.0,0.0,0.0,0.0,0.0,0.0,0.45338422,-3.6361792,-2.08706,-5.7584186,50.0,50.0,50.0,50.0,50.0,50.0,50.0,50.0,50.0,50.0,50.0,50.0,0.0,0.0,0.0,0.0,1.0,1.0,1.0,1.0,1.0,1.0,1.0,1.0,1.0,1.0,1.0,1.0,0.5,0.5,0.5,0.5
1788529334.7831984,78,3.289879001385998,1.7336630007775966,3.2025479995354544,0.123909,3.330937,10906106,0,1,0.0,0.0,0.0,-0.021534681,0.64573705,-1.3910443,0.031132739,0.64024085,-1.399101,-0.039221913,0.64440787,-1.4043453,0.03280312,0.65433884,-1.407568,-16.562231,-10.47439,-6.9789705,6.3304563,-0.054257333,-0.05813286,0.0040440247,0.10076362,0.054257333,-0.036396224,0.0077510476,-0.0077510476,-0.0040440247,-0.081386,-0.019377619,0.0040440247,0.019377619,0.0,-0.038755238,0.05038181,1.0637461,1.2863907,4.694089,-1.6327267,1.4842969,5.1208243,2.1027539,1.3853438,5.4053144,-1.6327267,0.6926719,5.689805,0.0,0.0,0.024738282,0.0,0.9996563,0.0022408005,0.007766655,0.024944015,-0.003195793,-0.0021305287,0.0053263213,-0.04189853,-0.14844051,9.572019,0.00486812,0.0154167935,0.049932368,30.243389129638672,2.050905704498291,0.006396683,0.23597503,-0.055334248,-0.37058604,-0.08481682,-0.26685995,0.09012132,0.043526836,-0.05727887,0.21041471,0.52423835,-0.5767403,0.066755444,0.17382017,0.33178908,-0.20752262,-0.021204205,0.603285,-1.2774696,0.0015991707,0.7289938,-1.3138335,0.016688861,0.7134551,-1.2170527,-0.014319718,0.7226037,-1.1689403,0.0,0.0,0.0,0.0,0.0,0.0,0.0,0.0,0.0,0.0,0.0,0.0,0.0,0.0,0.0,0.0,0.43526834,-3.7058604,-2.075226,-5.767403,50.0,50.0,50.0,50.0,50.0,50.0,50.0,50.0,50.0,50.0,50.0,50.0,0.0,0.0,0.0,0.0,1.0,1.0,1.0,1.0,1.0,1.0,1.0,1.0,1.0,1.0,1.0,1.0,0.5,0.5,0.5,0.5
1788529334.8019753,79,2.1696139992855024,1.6065540003182832,2.1130690001882613,0.099363,2.21656,10906126,0,1,0.0,0.0,0.0,-0.021504402,0.64576733,-1.3910443,0.03110246,0.64021057,-1.399101,-0.039221913,0.6443776,-1.4043295,0.032833397,0.6543994,-1.4075838,-16.562262,-10.47439,-6.9789705,6.330426,0.023253143,-0.019377619,0.012132075,0.034879714,0.04263076,-0.0485283,-0.023253143,-0.06200838,0.020220125,-0.023253143,0.08526152,-0.020220125,-0.038755238,-0.0077510476,-0.046506286,0.034879714,1.0637461,1.2863907,4.646674,-1.7069415,1.4842969,5.2156544,2.1027539,1.4100821,5.4053144,-1.6327267,0.6926719,5.689805,0.0,-0.049476564,0.024738282,-0.024738282,0.99965614,0.0022493568,0.007758666,0.024948563,-0.0074568503,0.0053263213,-0.010652643,-0.11492168,-0.16759412,9.41041,0.0048849,0.015400369,0.049941547,30.243389129638672,2.1192691326141357,0.004887564,0.21993679,-0.06786737,-0.37144157,-0.087798096,-0.27091652,0.11612063,0.03595773,-0.053659104,0.19445719,0.51331335,-0.5726574,0.07029474,0.18830231,0.32343882,-0.20849712,-0.021949524,0.6022709,-1.2709697,0.001221891,0.7249842,-1.3169668,0.017573684,0.7170756,-1.2191403,-0.013414776,0.71861434,-1.1716716,0.0,0.0,0.0,0.0,0.0,0.0,0.0,0.0,0.0,0.0,0.0,0.0,0.0,0.0,0.0,0.0,0.3595773,-3.7144158,-2.0849712,-5.726574,50.0,50.0,50.0,50.0,50.0,50.0,50.0,50.0,50.0,50.0,50.0,50.0,0.0,0.0,0.0,0.0,1.0,1.0,1.0,1.0,1.0,1.0,1.0,1.0,1.0,1.0,1.0,1.0,0.5,0.5,0.5,0.5
1788529334.8218787,80,2.2478579994640313,1.5727289992355509,2.195918999859714,2.007497,4.206744,10906144,0,1,0.0,0.0,0.0,-0.021504402,0.64576733,-1.3910758,0.03110246,0.64024085,-1.3990852,-0.03925219,0.6443776,-1.4043137,0.032833397,0.6543994,-1.4075838,-16.562231,-10.47433,-6.9789405,6.330426,0.0,0.011626571,-0.028308174,-0.034879714,0.03100419,-0.020220125,-0.019377619,0.03100419,0.044484273,0.03100419,0.04263076,-0.016176099,0.019377619,0.09301257,0.019377619,0.0038755238,1.0637461,1.311129,4.646674,-1.6327267,1.4595586,5.2630696,2.0780158,1.3853438,5.3104844,-1.6327267,0.7668867,5.689805,0.024738282,0.024738282,0.0,-0.049476564,0.99965894,0.002270983,0.00777784,0.024830002,0.01704423,0.0053263213,-0.015978964,-0.20111294,-0.14724341,9.572019,0.004927271,0.01543821,0.04970478,30.252243041992188,2.1192691326141357,0.0024740864,0.20512107,-0.09268898,-0.3736407,-0.09213317,-0.27535605,0.13428544,0.034649782,-0.04630868,0.1772892,0.50728524,-0.5797589,0.07359211,0.19433506,0.31877366,-0.20771445,-0.023033293,0.601161,-1.2664286,0.0006185216,0.7212803,-1.3231722,0.018398028,0.71858376,-1.2203065,-0.01157717,0.7143223,-1.1731787,0.0,0.0,0.0,0.0,0.0,0.0,0.0,0.0,0.0,0.0,0.0,0.0,0.0,0.0,0.0,0.0,0.34649783,-3.7364068,-2.0771446,-5.797589,50.0,50.0,50.0,50.0,50.0,50.0,50.0,50.0,50.0,50.0,50.0,50.0,0.0,0.0,0.0,0.0,1.0,1.0,1.0,1.0,1.0,1.0,1.0,1.0,1.0,1.0,1.0,1.0,0.5,0.5,0.5,0.5
1788529334.8418736,81,2.237456999864662,1.593689999936032,2.1858720010641264,1.930758,4.120022,10906164,0,1,0.0,0.0,0.0,-0.021443844,0.6457068,-1.39106,0.031132739,0.6402711,-1.3990852,-0.03925219,0.64431703,-1.4043295,0.03280312,0.65445995,-1.407568,-16.562262,-10.4743595,-6.9789705,6.3304563,0.05813286,-0.038755238,0.022242136,0.038755238,0.038755238,-0.020220125,-0.0077510476,0.0,0.0060660373,-0.038755238,0.10463915,0.010110063,-0.038755238,0.04263076,0.027128667,0.05038181,1.0884844,1.3606055,4.694089,-1.6822032,1.4595586,5.2630696,2.1027539,1.4100821,5.2630696,-1.6327267,0.7668867,5.64239,0.0,0.0,0.024738282,-0.024738282,0.99966127,0.0022634529,0.0077591664,0.02474237,0.019174758,-0.003195793,-0.009587379,-0.110133275,-0.15322891,9.5385,0.004909934,0.015401679,0.04952922,30.243389129638672,2.1192691326141357,0.0046452824,0.21507832,-0.08972816,-0.3685561,-0.089832075,-0.2796962,0.13600695,0.032617472,-0.05037804,0.18967485,0.48522335,-0.57542175,0.072554804,0.18302009,0.33093455,-0.21198042,-0.022458019,0.60007596,-1.2659982,0.0011613206,0.7237696,-1.322432,0.018138701,0.71575505,-1.2172663,-0.01259451,0.71741873,-1.1786941,0.0,0.0,0.0,0.0,0.0,0.0,0.0,0.0,0.0,0.0,0.0,0.0,0.0,0.0,0.0,0.0,0.32617474,-3.6855612,-2.1198041,-5.7542176,50.0,50.0,50.0,50.0,50.0,50.0,50.0,50.0,50.0,50.0,50.0,50.0,0.0,0.0,0.0,0.0,1.0,1.0,1.0,1.0,1.0,1.0,1.0,1.0,1.0,1.0,1.0,1.0,0.5,0.5,0.5,0.5
1788529334.8619726,82,2.9365219997998793,1.6598679994785925,2.8755600014847005,1.340624,4.220249,10906184,0,1,0.0,0.0,0.0,-0.021443844,0.64573705,-1.3910443,0.03110246,0.64024085,-1.3990852,-0.03925219,0.64431703,-1.4043453,0.032833397,0.6544297,-1.4075996,-16.562231,-10.47439,-6.9789405,6.330426,0.10463915,-0.0038755238,0.028308174,0.027128667,0.05038181,-0.012132075,-0.05813286,-0.07363495,-0.0080880495,0.0,0.06200838,-0.054594334,0.011626571,0.0077510476,0.019377619,0.034879714,1.0884844,1.311129,4.646674,-1.58325,1.4595586,5.2156544,2.1027539,1.4595586,5.3104844,-1.6079884,0.7668867,5.64239,0.024738282,-0.024738282,0.0,0.0,0.999659,0.0022533534,0.0077448967,0.02483782,0.0042610574,-0.013848436,0.0010652643,-0.055066638,-0.15203181,9.540894,0.004890499,0.01537318,0.04971996,30.243389129638672,2.085087299346924,0.0035887342,0.22667181,-0.07790097,-0.3647304,-0.08477923,-0.28449938,0.107405595,0.03384509,-0.05295568,0.207806,0.4856816,-0.5706471,0.06938777,0.1648819,0.34621903,-0.21204467,-0.021194808,0.59887516,-1.2731485,0.00089718355,0.726668,-1.3194752,0.017346943,0.7112205,-1.2134452,-0.01323892,0.72195154,-1.1785796,0.0,0.0,0.0,0.0,0.0,0.0,0.0,0.0,0.0,0.0,0.0,0.0,0.0,0.0,0.0,0.0,0.3384509,-3.6473038,-2.1204467,-5.7064714,50.0,50.0,50.0,50.0,50.0,50.0,50.0,50.0,50.0,50.0,50.0,50.0,0.0,0.0,0.0,0.0,1.0,1.0,1.0,1.0,1.0,1.0,1.0,1.0,1.0,1.0,1.0,1.0,0.5,0.5,0.5,0.5
1788529334.8819654,83,2.2279529985098634,1.6168260008271318,2.164141998946434,2.003721,4.171543,10906204,0,1,0.0,0.0,0.0,-0.021474123,0.64576733,-1.39106,0.03110246,0.64015,-1.3990852,-0.039221913,0.64443815,-1.4043295,0.032833397,0.65433884,-1.4075838,-16.562231,-10.47439,-6.9789405,6.3303957,0.04263076,-0.046506286,-0.016176099,0.046506286,-0.07363495,-0.016176099,-0.04263076,0.023253143,0.022242136,-0.05038181,-0.023253143,-0.012132075,0.015502095,-0.015502095,-0.015502095,0.0,1.0390079,1.2616524,4.646674,-1.6327267,1.4842969,5.2630696,2.1027539,1.3853438,5.4053144,-1.6822032,0.74214846,5.689805,0.024738282,-0.024738282,0.0,0.0,0.9996568,0.0022387349,0.0077372123,0.024931356,-0.0010652643,-0.0021305287,-0.0010652643,-0.062249243,-0.19512744,9.576807,0.0048623234,0.015358088,0.04990684,30.243389129638672,2.1192691326141357,0.0034620073,0.24551544,-0.06937667,-0.37199476,-0.086078666,-0.268911,0.09801912,0.048816822,-0.053409018,0.21040872,0.51963145,-0.5736901,0.06824021,0.17607482,0.32964632,-0.2069014,-0.021519667,0.60277224,-1.2754952,0.0008655018,0.73137885,-1.3173441,0.017060053,0.7140187,-1.2175884,-0.013352254,0.7226022,-1.1700921,0.0,0.0,0.0,0.0,0.0,0.0,0.0,0.0,0.0,0.0,0.0,0.0,0.0,0.0,0.0,0.0,0.48816824,-3.7199476,-2.069014,-5.7369013,50.0,50.0,50.0,50.0,50.0,50.0,50.0,50.0,50.0,50.0,50.0,50.0,0.0,0.0,0.0,0.0,1.0,1.0,1.0,1.0,1.0,1.0,1.0,1.0,1.0,1.0,1.0,1.0,0.5,0.5,0.5,0.5
1788529334.90216,84,2.370646001509158,1.6875180008355528,2.2338729995681206,0.084003,2.321652,10906226,0,1,0.0,0.0,0.0,-0.021504402,0.64576733,-1.3910443,0.031072184,0.6401803,-1.3990852,-0.039221913,0.6443776,-1.4043137,0.032833397,0.6543994,-1.4075838,-16.562231,-10.47439,-6.9789705,6.330426,-0.015502095,-0.04263076,0.026286162,-0.019377619,-0.054257333,-0.016176099,0.0,-0.038755238,0.046506286,0.0,0.04263076,-0.022242136,0.015502095,-0.011626571,-0.038755238,0.015502095,1.0637461,1.2863907,4.694089,-1.6327267,1.5585117,5.2156544,2.1027539,1.3853438,5.4053144,-1.6079884,0.7668867,5.64239,0.024738282,-0.024738282,0.0,-0.049476564,0.99965775,0.0022316885,0.0077757365,0.024881512,-0.0010652643,-0.0021305287,-0.0053263213,-0.090979666,-0.19991584,9.497798,0.004849389,0.015435708,0.049807217,30.243389129638672,2.085087299346924,0.004335312,0.23956054,-0.07299006,-0.37008575,-0.08770095,-0.2587954,0.105597295,0.047725774,-0.048964,0.19447786,0.5337284,-0.58007455,0.069383346,0.18548195,0.3237621,-0.20785564,-0.021925237,0.60530114,-1.2736006,0.001083828,0.72989017,-1.3182474,0.017345836,0.7163705,-1.2190595,-0.012241,0.71861947,-1.1665678,0.0,0.0,0.0,0.0,0.0,0.0,0.0,0.0,0.0,0.0,0.0,0.0,0.0,0.0,0.0,0.0,0.47725773,-3.7008574,-2.0785565,-5.8007455,50.0,50.0,50.0,50.0,50.0,50.0,50.0,50.0,50.0,50.0,50.0,50.0,0.0,0.0,0.0,0.0,1.0,1.0,1.0,1.0,1.0,1.0,1.0,1.0,1.0,1.0,1.0,1.0,0.5,0.5,0.5,0.5
1788529334.923225,85,3.4019479990092805,1.7764160002116114,3.25982999856933,0.088035,3.352153,10906246,0,1,0.0,0.0,0.0,-0.021474123,0.64573705,-1.3910758,0.031132739,0.64021057,-1.3990693,-0.03925219,0.64431703,-1.4043453,0.032833397,0.6544297,-1.4075838,-16.562262,-10.4743595,-6.979001,6.3304563,0.054257333,0.0038755238,0.0,0.015502095,-0.054257333,0.012132075,-0.023253143,-0.03100419,-0.012132075,0.0077510476,0.07363495,-0.020220125,-0.034879714,0.06975943,-0.04263076,0.034879714,1.0637461,1.311129,4.646674,-1.6822032,1.4842969,5.2156544,2.1027539,1.3853438,5.4053144,-1.6079884,0.74214846,5.64239,0.024738282,-0.024738282,-0.024738282,0.0,0.99966043,0.0022505904,0.007815595,0.024760285,-0.0074568503,0.0021305287,-0.010652643,-0.18315643,-0.11611878,9.540894,0.004887291,0.015515054,0.04956519,30.243389129638672,2.1192691326141357,0.001309393,0.23050532,-0.08272134,-0.36590758,-0.088064104,-0.26397732,0.11577884,0.042888798,-0.050862752,0.19115882,0.52533877,-0.5748291,0.072795615,0.1916133,0.3226105,-0.20432507,-0.022016026,0.6040057,-1.2710552,0.00032734824,0.7276263,-1.3206803,0.018198904,0.7179033,-1.2193474,-0.012715688,0.7177897,-1.1686653,0.0,0.0,0.0,0.0,0.0,0.0,0.0,0.0,0.0,0.0,0.0,0.0,0.0,0.0,0.0,0.0,0.42888796,-3.6590757,-2.0432506,-5.748291,50.0,50.0,50.0,50.0,50.0,50.0,50.0,50.0,50.0,50.0,50.0,50.0,0.0,0.0,0.0,0.0,1.0,1.0,1.0,1.0,1.0,1.0,1.0,1.0,1.0,1.0,1.0,1.0,0.5,0.5,0.5,0.5
1788529334.9419196,86,2.2795709992351476,1.5899139998509781,2.226225000413251,2.012041,4.242106,10906264,0,1,0.0,0.0,0.0,-0.021474123,0.6457068,-1.3910443,0.031132739,0.64024085,-1.3990852,-0.03925219,0.64431703,-1.4043295,0.03280312,0.6543691,-1.407568,-16.562292,-10.4743595,-6.9789705,6.330426,0.0077510476,-0.046506286,0.044484273,0.038755238,0.015502095,-0.020220125,-0.03100419,-0.03100419,0.018198112,0.0,-0.046506286,0.012132075,-0.06200838,0.038755238,0.0,-0.019377619,1.0390079,1.311129,4.788919,-1.6822032,1.4842969,5.2630696,2.0780158,1.3853438,5.2630696,-1.6327267,0.791625,5.64239,0.024738282,0.0,0.024738282,0.0,0.99965996,0.0022806998,0.0078070047,0.024778211,-0.011717907,0.0053263213,0.0149137005,-0.092176765,-0.059855044,9.491813,0.004947349,0.015496297,0.04960147,30.23453712463379,2.1534507274627686,0.0062474255,0.23958981,-0.06025451,-0.36655325,-0.081405096,-0.2791833,0.092255905,0.03877876,-0.05994869,0.21121772,0.5242009,-0.5776412,0.061765596,0.16593806,0.33297253,-0.20532967,-0.020351274,0.60020417,-1.2769359,0.0015618564,0.7298975,-1.3150636,0.015441399,0.71148455,-1.2167568,-0.014987173,0.7228044,-1.1689497,0.0,0.0,0.0,0.0,0.0,0.0,0.0,0.0,0.0,0.0,0.0,0.0,0.0,0.0,0.0,0.0,0.38778758,-3.6655326,-2.0532968,-5.776412,50.0,50.0,50.0,50.0,50.0,50.0,50.0,50.0,50.0,50.0,50.0,50.0,0.0,0.0,0.0,0.0,1.0,1.0,1.0,1.0,1.0,1.0,1.0,1.0,1.0,1.0,1.0,1.0,0.5,0.5,0.5,0.5
1788529334.961864,87,2.160334001018782,1.5040229991427623,2.101292000588728,2.097836,4.20284,10906284,0,1,0.0,0.0,0.0,-0.021474123,0.64576733,-1.39106,0.031072184,0.64021057,-1.3990852,-0.03925219,0.6443776,-1.4043453,0.03280312,0.6543691,-1.4075838,-16.562262,-10.474421,-6.9789705,6.330426,0.054257333,0.015502095,-0.010110063,0.0,0.038755238,-0.02426415,-0.065883905,-0.038755238,-0.0060660373,-0.05813286,0.038755238,-0.016176099,-0.03100419,-0.054257333,-0.0077510476,-0.015502095,1.0884844,1.2863907,4.646674,-1.6822032,1.5090352,5.2630696,2.1027539,1.3853438,5.4053144,-1.7069415,0.7668867,5.689805,0.024738282,0.0,0.0,-0.024738282,0.99965656,0.0022901609,0.007792615,0.024918308,-0.0010652643,-0.0074568503,0.01704423,-0.06464344,-0.14844051,9.43076,0.0049677202,0.015466359,0.04988184,30.243389129638672,2.1192691326141357,0.0075952243,0.23681042,-0.045712974,-0.36941728,-0.07924563,-0.28513968,0.07751213,0.040539324,-0.06415547,0.2190521,0.52012444,-0.57455575,0.058911618,0.15356232,0.33190566,-0.2003762,-0.019811407,0.59871507,-1.2806219,0.0018988061,0.7292026,-1.3114282,0.014727904,0.7083906,-1.2170235,-0.016038867,0.72476304,-1.1699688,0.0,0.0,0.0,0.0,0.0,0.0,0.0,0.0,0.0,0.0,0.0,0.0,0.0,0.0,0.0,0.0,0.40539324,-3.6941729,-2.003762,-5.745558,50.0,50.0,50.0,50.0,50.0,50.0,50.0,50.0,50.0,50.0,50.0,50.0,0.0,0.0,0.0,0.0,1.0,1.0,1.0,1.0,1.0,1.0,1.0,1.0,1.0,1.0,1.0,1.0,0.5,0.5,0.5,0.5
1788529334.9819384,88,2.111149000484147,1.5577849990222603,2.0523620005405974,0.100708,2.156655,10906306,0,1,0.0,0.0,0.0,-0.021534681,0.64576733,-1.3910443,0.031041905,0.64021057,-1.399101,-0.03925219,0.6443776,-1.4043453,0.032863677,0.6543691,-1.407568,-16.562262,-10.474421,-6.97891,6.330426,-0.019377619,-0.015502095,0.02426415,-0.038755238,0.038755238,-0.030330187,-0.077510476,-0.07363495,-0.0020220124,0.015502095,0.038755238,0.010110063,-0.027128667,-0.05813286,0.034879714,0.023253143,1.0637461,1.311129,4.694089,-1.6327267,1.4595586,5.0734096,2.1027539,1.3606055,5.2630696,-1.6327267,0.74214846,5.689805,0.049476564,-0.024738282,0.049476564,0.0,0.999656,0.0022699572,0.0077951117,0.024940973,0.0053263213,-0.0010652643,-0.003195793,-0.14844051,-0.14963761,9.545682,0.004927797,0.015472248,0.049926892,30.243389129638672,2.1192691326141357,0.0062645357,0.21984911,-0.06556083,-0.37340376,-0.08570523,-0.27272987,0.09768163,0.04512483,-0.056133762,0.19400066,0.5295892,-0.5775533,0.06497654,0.1766834,0.32600343,-0.19921601,-0.021426307,0.60181755,-1.2755796,0.0015661339,0.7249623,-1.3163902,0.016244136,0.7141709,-1.2184991,-0.0140334405,0.7185002,-1.1676027,0.0,0.0,0.0,0.0,0.0,0.0,0.0,0.0,0.0,0.0,0.0,0.0,0.0,0.0,0.0,0.0,0.4512483,-3.7340376,-1.9921601,-5.7755327,50.0,50.0,50.0,50.0,50.0,50.0,50.0,50.0,50.0,50.0,50.0,50.0,0.0,0.0,0.0,0.0,1.0,1.0,1.0,1.0,1.0,1.0,1.0,1.0,1.0,1.0,1.0,1.0,0.5,0.5,0.5,0.5
1788529335.0021994,89,2.3583900001540314,1.6605079999862937,2.20910499956517,0.099235,2.312468,10906326,0,1,0.0,0.0,0.0,-0.021474123,0.64573705,-1.3910284,0.03110246,0.64021057,-1.3990852,-0.03928247,0.6443473,-1.4043453,0.032863677,0.6543691,-1.4075838,-16.562262,-10.4743595,-6.9789705,6.330426,0.05813286,-0.03100419,0.052572325,0.019377619,-0.03100419,-0.016176099,-0.06975943,-0.015502095,-0.012132075,0.06975943,0.038755238,-0.020220125,-0.03100419,0.04263076,-0.019377619,-0.03100419,1.0637461,1.311129,4.694089,-1.6327267,1.4842969,5.2156544,2.1027539,1.3853438,5.2630696,-1.6327267,0.7668867,5.64239,0.0,-0.024738282,0.024738282,-0.024738282,0.99965894,0.0022853834,0.0077979495,0.024821894,-0.0053263213,0.006391586,-0.0149137005,-0.15442601,-0.14604631,9.531317,0.004956941,0.015477743,0.049688894,30.252243041992188,2.1192691326141357,0.0040462743,0.22032133,-0.08346762,-0.36461356,-0.08932656,-0.26643294,0.12293848,0.043429345,-0.05180034,0.18570758,0.5248803,-0.57627094,0.073050305,0.19409701,0.3238933,-0.20492275,-0.02233164,0.60339177,-1.2692653,0.0010115686,0.7250804,-1.3208668,0.018262576,0.7185243,-1.2190266,-0.012950085,0.7164269,-1.1687799,0.0,0.0,0.0,0.0,0.0,0.0,0.0,0.0,0.0,0.0,0.0,0.0,0.0,0.0,0.0,0.0,0.43429345,-3.6461356,-2.0492275,-5.7627096,50.0,50.0,50.0,50.0,50.0,50.0,50.0,50.0,50.0,50.0,50.0,50.0,0.0,0.0,0.0,0.0,1.0,1.0,1.0,1.0,1.0,1.0,1.0,1.0,1.0,1.0,1.0,1.0,0.5,0.5,0.5,0.5
1788529335.023211,90,3.3043759995052824,1.6905579996091546,3.2137169982888736,0.135461,3.354042,10906346,0,1,0.0,0.0,0.0,-0.021474123,0.64573705,-1.3910758,0.031072184,0.64021057,-1.3990852,-0.03925219,0.64431703,-1.4043137,0.03277284,0.6543994,-1.4075838,-16.562262,-10.4743595,-6.9789705,6.3304563,-0.046506286,-0.011626571,-0.018198112,-0.06200838,-0.04263076,-0.020220125,-0.0038755238,0.0,0.044484273,-0.081386,0.0,-0.020220125,-0.015502095,0.038755238,0.019377619,0.038755238,1.0390079,1.2863907,4.599259,-1.6822032,1.4842969,5.3104844,2.0780158,1.3853438,5.4527297,-1.6327267,0.7668867,5.689805,0.024738282,0.024738282,0.024738282,-0.024738282,0.99966013,0.0022808118,0.007809697,0.024769943,0.0010652643,-0.0042610574,0.0053263213,-0.10295067,-0.15682021,9.54209,0.0049475785,0.015501716,0.049584948,30.243389129638672,2.1192691326141357,0.004646858,0.23289537,-0.06693088,-0.367347,-0.08722208,-0.26616418,0.09067769,0.044027947,-0.055608585,0.19999278,0.5344981,-0.58621365,0.0642223,0.17499536,0.31965625,-0.20617877,-0.02180552,0.603459,-1.2773305,0.0011617146,0.72822386,-1.3167326,0.016055575,0.7137489,-1.2200859,-0.013902146,0.71999824,-1.1663754,0.0,0.0,0.0,0.0,0.0,0.0,0.0,0.0,0.0,0.0,0.0,0.0,0.0,0.0,0.0,0.0,0.44027948,-3.67347,-2.0617876,-5.8621364,50.0,50.0,50.0,50.0,50.0,50.0,50.0,50.0,50.0,50.0,50.0,50.0,0.0,0.0,0.0,0.0,1.0,1.0,1.0,1.0,1.0,1.0,1.0,1.0,1.0,1.0,1.0,1.0,0.5,0.5,0.5,0.5
1788529335.043212,91,3.3263290006289026,1.7271350006922148,3.2676379996701144,0.10154,3.37369,10906366,0,1,0.0,0.0,0.0,-0.021474123,0.6457068,-1.39106,0.03110246,0.64021057,-1.3990852,-0.039221913,0.64431703,-1.4043453,0.03280312,0.6543691,-1.4075838,-16.562262,-10.47439,-6.979001,6.3303957,0.0077510476,-0.08526152,0.010110063,0.027128667,0.0077510476,-0.018198112,0.023253143,-0.046506286,-0.0080880495,-0.038755238,0.015502095,-0.028308174,-0.038755238,0.0038755238,-0.08913705,-0.023253143,1.0884844,1.311129,4.694089,-1.6327267,1.5090352,5.2156544,2.1027539,1.3853438,5.4053144,-1.6822032,0.7668867,5.64239,0.0,-0.049476564,0.024738282,-0.024738282,0.9996571,0.0022865827,0.007815565,0.024891108,0.0,0.0074568503,0.02237055,-0.038307227,-0.16160862,9.537302,0.00496129,0.0155125605,0.049827497,30.243389129638672,2.1192691326141357,0.0052125137,0.25928357,-0.061363697,-0.36324427,-0.082954794,-0.27275586,0.09069918,0.041030288,-0.064577244,0.2289528,0.5116815,-0.57785314,0.061717536,0.15983102,0.34823757,-0.20776139,-0.020738699,0.60181105,-1.2773252,0.0013031284,0.7348209,-1.3153409,0.015429384,0.7099578,-1.2129406,-0.016144311,0.72723824,-1.1720796,0.0,0.0,0.0,0.0,0.0,0.0,0.0,0.0,0.0,0.0,0.0,0.0,0.0,0.0,0.0,0.0,0.41030288,-3.6324427,-2.0776138,-5.7785316,50.0,50.0,50.0,50.0,50.0,50.0,50.0,50.0,50.0,50.0,50.0,50.0,0.0,0.0,0.0,0.0,1.0,1.0,1.0,1.0,1.0,1.0,1.0,1.0,1.0,1.0,1.0,1.0,0.5,0.5,0.5,0.5
1788529335.062199,92,2.374710000367486,1.6817889991216362,2.307860000655637,0.113316,2.427032,10906386,0,1,0.0,0.0,0.0,-0.021474123,0.64576733,-1.3910443,0.031072184,0.64021057,-1.3990852,-0.03925219,0.64440787,-1.4043295,0.032833397,0.6543691,-1.4075838,-16.562231,-10.4743595,-6.9789705,6.330426,0.05813286,-0.027128667,0.016176099,0.019377619,0.0038755238,-0.018198112,-0.096888095,-0.038755238,0.022242136,-0.038755238,0.054257333,-0.022242136,0.0077510476,0.06975943,-0.077510476,0.04263076,1.0637461,1.311129,4.599259,-1.6822032,1.4595586,5.2156544,2.1027539,1.4100821,5.4053144,-1.6079884,0.74214846,5.784635,0.024738282,-0.024738282,0.0,0.0,0.9996548,0.0022708392,0.007805083,0.024984729,-0.010652643,0.011717907,0.015978964,-0.053869538,-0.19512744,9.545682,0.004930738,0.015491924,0.050014507,30.243389129638672,2.1876325607299805,0.008298835,0.24325812,-0.04137431,-0.3717687,-0.08105115,-0.28276622,0.08106293,0.04066299,-0.06500647,0.22453013,0.5139777,-0.5719261,0.056699086,0.15950038,0.33217686,-0.19981802,-0.020262787,0.5993085,-1.2797343,0.0020747087,0.7308146,-1.3103435,0.0141747715,0.7098751,-1.2169558,-0.016251618,0.7261326,-1.1715056,0.0,0.0,0.0,0.0,0.0,0.0,0.0,0.0,0.0,0.0,0.0,0.0,0.0,0.0,0.0,0.0,0.4066299,-3.7176871,-1.9981802,-5.719261,50.0,50.0,50.0,50.0,50.0,50.0,50.0,50.0,50.0,50.0,50.0,50.0,0.0,0.0,0.0,0.0,1.0,1.0,1.0,1.0,1.0,1.0,1.0,1.0,1.0,1.0,1.0,1.0,0.5,0.5,0.5,0.5
1788529335.0821822,93,2.3682779992668657,1.7045419990608934,2.301043999977992,0.111588,2.416696,10906406,0,1,0.0,0.0,0.0,-0.021474123,0.64576733,-1.3910758,0.03110246,0.64021057,-1.3990852,-0.039221913,0.6443776,-1.4043295,0.032833397,0.6543691,-1.4075838,-16.562262,-10.4743595,-6.9789405,6.330426,0.038755238,-0.0077510476,-0.028308174,0.05813286,0.027128667,-0.020220125,-0.011626571,-0.0077510476,0.020220125,-0.038755238,0.019377619,-0.022242136,-0.038755238,0.07363495,0.03100419,0.015502095,1.0637461,1.311129,4.646674,-1.6079884,1.4842969,5.2156544,2.1274922,1.3853438,5.4053144,-1.6327267,0.7668867,5.689805,-0.049476564,-0.024738282,0.024738282,0.0,0.99965686,0.002261731,0.007806604,0.024904981,0.0021305287,0.006391586,-0.006391586,-0.11731588,-0.20350714,9.546879,0.004911365,0.015495813,0.049854815,30.243389129638672,2.1534507274627686,0.007109234,0.22742209,-0.068329714,-0.3720108,-0.08705929,-0.28055143,0.11028912,0.04057063,-0.05614528,0.20312294,0.5126793,-0.57063633,0.064072505,0.1731203,0.32439148,-0.20254771,-0.021764822,0.59986216,-1.2724277,0.0017773085,0.7268555,-1.3170824,0.016018126,0.7132801,-1.2189021,-0.01403632,0.72078073,-1.1718302,0.0,0.0,0.0,0.0,0.0,0.0,0.0,0.0,0.0,0.0,0.0,0.0,0.0,0.0,0.0,0.0,0.40570632,-3.720108,-2.0254772,-5.706363,50.0,50.0,50.0,50.0,50.0,50.0,50.0,50.0,50.0,50.0,50.0,50.0,0.0,0.0,0.0,0.0,1.0,1.0,1.0,1.0,1.0,1.0,1.0,1.0,1.0,1.0,1.0,1.0,0.5,0.5,0.5,0.5
1788529335.102088,94,2.301938999153208,1.6693409997969866,2.2368810004991246,0.108452,2.349525,10906426,0,1,0.0,0.0,0.0,-0.021474123,0.64573705,-1.3910443,0.031132739,0.64024085,-1.3990852,-0.039221913,0.64431703,-1.4043295,0.032833397,0.6543994,-1.4075838,-16.562262,-10.47439,-6.9789705,6.3304563,0.0,0.0077510476,0.044484273,-0.019377619,0.027128667,-0.022242136,0.019377619,-0.03100419,0.020220125,0.019377619,0.04263076,-0.02426415,-0.034879714,0.0,0.015502095,0.011626571,1.0637461,1.311129,4.646674,-1.6822032,1.4595586,5.1208243,2.1027539,1.4595586,5.2630696,-1.6327267,0.7668867,5.689805,0.024738282,-0.049476564,0.024738282,-0.024738282,0.99965936,0.0022421477,0.007806724,0.02480522,-0.0053263213,-0.009587379,0.0021305287,-0.14724341,-0.11611878,9.481039,0.0048706657,0.015497516,0.04965491,30.243389129638672,2.1192691326141357,0.005817352,0.22081345,-0.07008086,-0.37123275,-0.08612832,-0.27992314,0.10517173,0.038005017,-0.05350788,0.19517885,0.5103242,-0.579962,0.06588341,0.17497116,0.32793507,-0.20744473,-0.02153208,0.6000192,-1.273707,0.001454338,0.7252034,-1.3175201,0.016470853,0.7137428,-1.2180161,-0.01337697,0.7187947,-1.172419,0.0,0.0,0.0,0.0,0.0,0.0,0.0,0.0,0.0,0.0,0.0,0.0,0.0,0.0,0.0,0.0,0.38005018,-3.7123275,-2.0744472,-5.79962,50.0,50.0,50.0,50.0,50.0,50.0,50.0,50.0,50.0,50.0,50.0,50.0,0.0,0.0,0.0,0.0,1.0,1.0,1.0,1.0,1.0,1.0,1.0,1.0,1.0,1.0,1.0,1.0,0.5,0.5,0.5,0.5
1788529335.1222067,95,2.333749000172247,1.6497560009156587,2.2657140016235644,0.113988,2.384215,10906446,0,1,0.0,0.0,0.0,-0.021443844,0.64573705,-1.3910443,0.031132739,0.64024085,-1.399101,-0.039221913,0.64431703,-1.4043295,0.03280312,0.6543691,-1.4075838,-16.562231,-10.47439,-6.979001,6.3304563,0.027128667,-0.0077510476,0.04044025,0.038755238,0.06200838,-0.0485283,0.027128667,-0.015502095,0.020220125,0.0,-0.019377619,-0.020220125,0.015502095,-0.019377619,-0.027128667,0.038755238,1.0637461,1.311129,4.646674,-1.6822032,1.4842969,5.2156544,2.1027539,1.3606055,5.4053144,-1.6327267,0.7668867,5.689805,0.049476564,-0.024738282,0.024738282,-0.024738282,0.99965876,0.0022538318,0.007793689,0.024833014,-0.013848436,0.0,0.0074568503,-0.06464344,-0.046686932,9.564836,0.0048938114,0.015470738,0.049710628,30.243389129638672,2.1534507274627686,0.0037706587,0.22984332,-0.07331971,-0.36729312,-0.084365875,-0.2766289,0.10124767,0.0392934,-0.054121748,0.20498279,0.5108906,-0.57673955,0.06857587,0.17315504,0.3346024,-0.20516889,-0.021091469,0.6008428,-1.274688,0.0009426647,0.72746086,-1.3183299,0.017143967,0.7132888,-1.2163494,-0.013530437,0.7212457,-1.1722773,0.0,0.0,0.0,0.0,0.0,0.0,0.0,0.0,0.0,0.0,0.0,0.0,0.0,0.0,0.0,0.0,0.39293402,-3.6729312,-2.051689,-5.7673955,50.0,50.0,50.0,50.0,50.0,50.0,50.0,50.0,50.0,50.0,50.0,50.0,0.0,0.0,0.0,0.0,1.0,1.0,1.0,1.0,1.0,1.0,1.0,1.0,1.0,1.0,1.0,1.0,0.5,0.5,0.5,0.5
1788529335.1420283,96,2.9365869995672256,1.718077999612433,2.86378400051035,1.223693,4.092245,10906464,0,1,0.0,0.0,0.0,-0.021504402,0.6457976,-1.3910443,0.031072184,0.64021057,-1.3990693,-0.03925219,0.6443776,-1.4043453,0.032863677,0.6543691,-1.4075838,-16.562262,-10.4743595,-6.9789705,6.330426,0.015502095,-0.038755238,0.030330187,0.011626571,0.0,0.010110063,-0.038755238,-0.038755238,-0.012132075,0.046506286,0.034879714,-0.026286162,-0.03100419,0.046506286,0.0,0.0,1.0390079,1.2863907,4.646674,-1.6822032,1.4842969,5.3104844,2.1027539,1.3853438,5.3104844,-1.6327267,0.791625,5.64239,0.024738282,-0.024738282,0.049476564,-0.024738282,0.99965596,0.0022582388,0.0077530732,0.024958458,0.003195793,-0.0021305287,0.0074568503,-0.051475335,-0.14844051,9.585187,0.004902533,0.015388695,0.049961455,30.243389129638672,2.1876325607299805,0.0052350443,0.24116316,-0.076243564,-0.36774954,-0.084655255,-0.27624235,0.103585415,0.03852074,-0.056940697,0.2081801,0.51447755,-0.57866925,0.06720418,0.17216992,0.34095633,-0.20582609,-0.021163814,0.60093945,-1.2741036,0.0013087611,0.73029083,-1.3190608,0.016801044,0.7130425,-1.2147609,-0.014235174,0.72204506,-1.1713805,0.0,0.0,0.0,0.0,0.0,0.0,0.0,0.0,0.0,0.0,0.0,0.0,0.0,0.0,0.0,0.0,0.38520738,-3.6774955,-2.058261,-5.7866926,50.0,50.0,50.0,50.0,50.0,50.0,50.0,50.0,50.0,50.0,50.0,50.0,0.0,0.0,0.0,0.0,1.0,1.0,1.0,1.0,1.0,1.0,1.0,1.0,1.0,1.0,1.0,1.0,0.5,0.5,0.5,0.5
1788529335.1626074,97,2.8079420007998124,1.704446000076132,2.6659520008252002,0.087779,2.758212,10906486,0,1,0.0,0.0,0.0,-0.021474123,0.64573705,-1.3910443,0.031072184,0.64021057,-1.3990852,-0.039191633,0.64440787,-1.4043295,0.032833397,0.65433884,-1.4075838,-16.562292,-10.474421,-6.9789705,6.330426,0.09301257,-0.096888095,0.022242136,0.038755238,0.038755238,-0.0040440247,0.054257333,-0.046506286,-0.0080880495,-0.038755238,0.0,-0.022242136,-0.09301257,-0.05813286,-0.038755238,0.027128667,1.0637461,1.311129,4.788919,-1.6822032,1.4842969,5.2156544,2.0780158,1.3853438,5.2630696,-1.6327267,0.7668867,5.689805,0.024738282,-0.049476564,-0.024738282,0.0,0.9996557,0.0022466145,0.007729344,0.02497627,0.0,0.0042610574,-0.013848436,-0.1352724,-0.17477672,9.464279,0.004878375,0.015341744,0.049996782,30.243389129638672,2.1534507274627686,0.00022322126,0.2347866,-0.09865207,-0.37001863,-0.08839889,-0.26320413,0.12857191,0.038673066,-0.048579834,0.1982387,0.5028445,-0.5688669,0.07580285,0.18770854,0.34197527,-0.21474639,-0.022099722,0.604199,-1.267857,5.5805314e-05,0.72869664,-1.3246629,0.018950712,0.7169272,-1.2145061,-0.012144959,0.71955967,-1.1742889,0.0,0.0,0.0,0.0,0.0,0.0,0.0,0.0,0.0,0.0,0.0,0.0,0.0,0.0,0.0,0.0,0.38673067,-3.7001863,-2.1474638,-5.688669,50.0,50.0,50.0,50.0,50.0,50.0,50.0,50.0,50.0,50.0,50.0,50.0,0.0,0.0,0.0,0.0,1.0,1.0,1.0,1.0,1.0,1.0,1.0,1.0,1.0,1.0,1.0,1.0,0.5,0.5,0.5,0.5
1788529335.182586,98,2.749443998254719,1.6695649992470862,2.6024299986602273,0.097507,2.704258,10906506,0,1,0.0,0.0,0.0,-0.021474123,0.64573705,-1.39106,0.03110246,0.64024085,-1.3990693,-0.03925219,0.6443473,-1.4043295,0.03277284,0.6543691,-1.4075838,-16.562262,-10.47439,-6.9789705,6.330487,0.04263076,-0.03100419,0.0,0.03100419,-0.011626571,-0.010110063,-0.027128667,0.019377619,0.02426415,-0.06975943,0.0,-0.026286162,-0.038755238,0.0,-0.0077510476,0.096888095,1.0390079,1.311129,4.646674,-1.6822032,1.4842969,5.2156544,2.1027539,1.311129,5.3104844,-1.6327267,0.7668867,5.64239,0.024738282,-0.024738282,0.024738282,0.024738282,0.99965876,0.0022538023,0.007756691,0.024844496,-0.0021305287,0.003195793,-0.0149137005,-0.19632454,-0.15322891,9.555259,0.004892087,0.015396707,0.04973339,30.243389129638672,2.1876325607299805,0.0023923013,0.2242465,-0.08115964,-0.3692017,-0.09146197,-0.26353648,0.113766275,0.039460972,-0.04876265,0.19532804,0.5134026,-0.5757602,0.07307659,0.19255632,0.31723967,-0.21047159,-0.022865493,0.6041159,-1.2715584,0.00059807533,0.72606164,-1.3202899,0.018269148,0.7181391,-1.22069,-0.012190662,0.718832,-1.1716493,0.0,0.0,0.0,0.0,0.0,0.0,0.0,0.0,0.0,0.0,0.0,0.0,0.0,0.0,0.0,0.0,0.39460972,-3.6920168,-2.1047158,-5.7576017,50.0,50.0,50.0,50.0,50.0,50.0,50.0,50.0,50.0,50.0,50.0,50.0,0.0,0.0,0.0,0.0,1.0,1.0,1.0,1.0,1.0,1.0,1.0,1.0,1.0,1.0,1.0,1.0,0.5,0.5,0.5,0.5
1788529335.2022028,99,2.3759579999023117,1.7105260012613144,2.316660000360571,2.039082,4.359487,10906524,0,1,0.0,0.0,0.0,-0.021443844,0.6457068,-1.3910758,0.031132739,0.6402711,-1.3990693,-0.03925219,0.64428675,-1.4043295,0.03280312,0.6543994,-1.407568,-16.562262,-10.4743595,-6.979001,6.3304563,0.0,-0.0038755238,-0.010110063,0.038755238,0.038755238,0.010110063,-0.019377619,-0.046506286,0.018198112,-0.03100419,0.04263076,0.0060660373,0.023253143,0.05038181,-0.038755238,0.019377619,1.0637461,1.311129,4.599259,-1.6822032,1.4842969,5.2156544,2.1027539,1.3853438,5.3104844,-1.6327267,0.74214846,5.689805,0.024738282,-0.074214846,0.0,0.024738282,0.99966097,0.0022293173,0.007759024,0.024759538,-0.003195793,0.0010652643,-0.0042610574,-0.09696517,-0.14724341,9.496601,0.0048419344,0.0154030025,0.049563047,30.252243041992188,2.2218143939971924,0.005388798,0.22324553,-0.06924996,-0.36248928,-0.087443694,-0.27448976,0.104470134,0.038228653,-0.05231212,0.19781628,0.5178149,-0.5777188,0.06716488,0.17866643,0.3216762,-0.20821916,-0.021860924,0.6013776,-1.2738824,0.0013471995,0.7258114,-1.3173125,0.01679122,0.7146666,-1.2195809,-0.01307803,0.7194541,-1.1705463,0.0,0.0,0.0,0.0,0.0,0.0,0.0,0.0,0.0,0.0,0.0,0.0,0.0,0.0,0.0,0.0,0.38228655,-3.6248927,-2.0821915,-5.777188,50.0,50.0,50.0,50.0,50.0,50.0,50.0,50.0,50.0,50.0,50.0,50.0,0.0,0.0,0.0,0.0,1.0,1.0,1.0,1.0,1.0,1.0,1.0,1.0,1.0,1.0,1.0,1.0,0.5,0.5,0.5,0.5
1788529335.2225904,100,2.7652199987642234,1.6896929992071819,2.7038740008720197,2.021193,4.729099,10906544,0,1,0.0,0.0,0.0,-0.021474123,0.64573705,-1.39106,0.03110246,0.64024085,-1.3990693,-0.03925219,0.64431703,-1.4043453,0.032863677,0.6543691,-1.407568,-16.562292,-10.4743595,-6.9789705,6.330426,0.011626571,0.0,-0.0020220124,0.027128667,0.046506286,-0.0040440247,-0.077510476,-0.034879714,-0.0020220124,0.034879714,0.0038755238,0.010110063,-0.077510476,0.05038181,0.019377619,-0.015502095,1.0884844,1.3606055,4.646674,-1.6327267,1.4842969,5.2630696,2.0780158,1.3853438,5.3104844,-1.6079884,0.74214846,5.689805,0.024738282,0.0,-0.024738282,0.0,0.9996586,0.0022364403,0.007755571,0.024853732,-0.0042610574,-0.0021305287,0.010652643,-0.053869538,-0.130484,9.485827,0.0048574572,0.0153952865,0.0497516,30.243389129638672,2.1534507274627686,0.00773455,0.22687447,-0.054896727,-0.3633041,-0.08306311,-0.2785289,0.091321886,0.036178544,-0.061100923,0.21018201,0.5242003,-0.5737319,0.06413461,0.170156,0.32636935,-0.20088853,-0.020765778,0.6003678,-1.2771695,0.0019336375,0.72671866,-1.3137242,0.016033653,0.712539,-1.2184076,-0.015275231,0.7225455,-1.1689498,0.0,0.0,0.0,0.0,0.0,0.0,0.0,0.0,0.0,0.0,0.0,0.0,0.0,0.0,0.0,0.0,0.36178544,-3.6330411,-2.0088854,-5.737319,50.0,50.0,50.0,50.0,50.0,50.0,50.0,50.0,50.0,50.0,50.0,50.0,0.0,0.0,0.0,0.0,1.0,1.0,1.0,1.0,1.0,1.0,1.0,1.0,1.0,1.0,1.0,1.0,0.5,0.5,0.5,0.5
1788529335.2421837,101,2.3678300003666664,1.711933999104076,2.3108040004444774,2.025258,4.33971,10906564,0,1,0.0,0.0,0.0,-0.021474123,0.64573705,-1.3910443,0.03110246,0.64021057,-1.3990852,-0.03925219,0.64443815,-1.4043137,0.032863677,0.65433884,-1.407568,-16.562262,-10.4743595,-6.9789405,6.330426,0.038755238,-0.065883905,0.020220125,0.065883905,0.023253143,-0.012132075,-0.07363495,0.046506286,0.0485283,0.0,0.0,-0.018198112,-0.015502095,0.05813286,-0.05813286,-0.0038755238,1.0637461,1.2616524,4.646674,-1.6079884,1.4842969,5.4053144,2.1027539,1.311129,5.3104844,-1.6327267,0.7668867,5.784635,0.024738282,0.024738282,0.0,0.0,0.9996558,0.0022145533,0.0077683292,0.024963988,-0.009587379,0.0053263213,0.0074568503,-0.053869538,-0.19033903,9.524135,0.0048160297,0.015421353,0.049971934,30.252243041992188,2.1534507274627686,0.007148428,0.22075263,-0.046490308,-0.3652797,-0.0813163,-0.28097177,0.09824436,0.03868258,-0.057812966,0.2084974,0.51793635,-0.57203835,0.064116836,0.16624899,0.32421374,-0.20243312,-0.020329075,0.5997571,-1.2754389,0.001787107,0.7251882,-1.3116225,0.016029209,0.7115623,-1.2189465,-0.014453242,0.72212434,-1.1705159,0.0,0.0,0.0,0.0,0.0,0.0,0.0,0.0,0.0,0.0,0.0,0.0,0.0,0.0,0.0,0.0,0.3868258,-3.652797,-2.0243313,-5.7203836,50.0,50.0,50.0,50.0,50.0,50.0,50.0,50.0,50.0,50.0,50.0,50.0,0.0,0.0,0.0,0.0,1.0,1.0,1.0,1.0,1.0,1.0,1.0,1.0,1.0,1.0,1.0,1.0,0.5,0.5,0.5,0.5
1788529335.2622,102,2.3753180012136,1.6693409997969866,2.314227998795104,2.033226,4.352094,10906584,0,1,0.0,0.0,0.0,-0.021474123,0.64576733,-1.3910443,0.031072184,0.64021057,-1.3990852,-0.039221913,0.6443776,-1.4043295,0.032833397,0.6543994,-1.407568,-16.562262,-10.47439,-6.9789705,6.3304563,0.06200838,-0.038755238,0.020220125,-0.0077510476,0.019377619,-0.016176099,0.0038755238,-0.019377619,0.014154087,-0.034879714,0.054257333,0.0020220124,-0.019377619,0.0,-0.011626571,0.06200838,1.0637461,1.2616524,4.646674,-1.6822032,1.4842969,5.2630696,2.1274922,1.4595586,5.3104844,-1.6327267,0.7668867,5.689805,0.049476564,-0.024738282,0.024738282,-0.049476564,0.9996572,0.0022146103,0.0077774688,0.024904855,0.0021305287,-0.0042610574,-0.0074568503,-0.10654198,-0.20470424,9.532514,0.004815688,0.01543991,0.04985367,30.243389129638672,2.1876325607299805,0.0033550654,0.22198072,-0.07724492,-0.36853662,-0.08638181,-0.27346483,0.11120223,0.040346675,-0.05162722,0.19380791,0.50957835,-0.57526064,0.06972967,0.17685103,0.32895708,-0.21031971,-0.021595452,0.6016338,-1.2721994,0.00083876634,0.7254952,-1.3193111,0.017432418,0.7142128,-1.2177607,-0.012906805,0.718452,-1.1726054,0.0,0.0,0.0,0.0,0.0,0.0,0.0,0.0,0.0,0.0,0.0,0.0,0.0,0.0,0.0,0.0,0.40346676,-3.6853662,-2.103197,-5.7526064,50.0,50.0,50.0,50.0,50.0,50.0,50.0,50.0,50.0,50.0,50.0,50.0,0.0,0.0,0.0,0.0,1.0,1.0,1.0,1.0,1.0,1.0,1.0,1.0,1.0,1.0,1.0,1.0,0.5,0.5,0.5,0.5
1788529335.2821915,103,2.392214000792592,1.6701090007700259,2.243633000034606,0.090532,2.339445,10906606,0,1,0.0,0.0,0.0,-0.021474123,0.6457068,-1.39106,0.03110246,0.6402711,-1.3990852,-0.03925219,0.64431703,-1.4043453,0.032833397,0.6543691,-1.4075838,-16.562262,-10.47439,-6.979001,6.330426,0.03100419,-0.09301257,0.016176099,-0.019377619,0.038755238,-0.016176099,-0.03100419,0.0,-0.012132075,0.015502095,-0.011626571,-0.020220125,-0.015502095,-0.0038755238,-0.023253143,-0.0038755238,1.0637461,1.3606055,4.646674,-1.7069415,1.5090352,5.2156544,2.1027539,1.311129,5.3104844,-1.6079884,0.7668867,5.689805,0.024738282,-0.074214846,0.0,-0.024738282,0.99966127,0.0022503869,0.0077797067,0.024738612,-0.0021305287,-0.0042610574,-0.0074568503,-0.15322891,-0.094570965,9.563639,0.0048847683,0.0154434135,0.049521618,30.243389129638672,2.1192691326141357,0.002352601,0.22698265,-0.08352242,-0.36582035,-0.08935405,-0.26007605,0.10788534,0.043488577,-0.050789557,0.19477619,0.5207816,-0.5774146,0.07291708,0.18655881,0.33395708,-0.21067426,-0.022338513,0.604981,-1.2730286,0.00058815023,0.72674567,-1.3208805,0.01822927,0.7166397,-1.2165107,-0.012697389,0.7186941,-1.1698046,0.0,0.0,0.0,0.0,0.0,0.0,0.0,0.0,0.0,0.0,0.0,0.0,0.0,0.0,0.0,0.0,0.43488577,-3.6582036,-2.1067426,-5.7741456,50.0,50.0,50.0,50.0,50.0,50.0,50.0,50.0,50.0,50.0,50.0,50.0,0.0,0.0,0.0,0.0,1.0,1.0,1.0,1.0,1.0,1.0,1.0,1.0,1.0,1.0,1.0,1.0,0.5,0.5,0.5,0.5
1788529335.3021019,104,2.2837950000393903,1.6545560010854388,2.2227360004762886,2.029642,4.256571,10906624,0,1,0.0,0.0,0.0,-0.021443844,0.6457068,-1.3910443,0.03110246,0.64024085,-1.3990693,-0.03925219,0.64428675,-1.4043453,0.032833397,0.6544297,-1.4075838,-16.562262,-10.4743595,-6.979001,6.330426,0.054257333,-0.038755238,0.030330187,0.023253143,0.011626571,0.0,0.0038755238,-0.05038181,-0.0080880495,-0.015502095,0.08526152,-0.020220125,-0.034879714,0.04263076,-0.038755238,-0.023253143,1.0637461,1.2863907,4.788919,-1.6822032,1.4842969,5.2156544,2.0780158,1.3853438,5.4053144,-1.6327267,0.8411016,5.689805,0.0,-0.024738282,0.024738282,-0.024738282,0.9996615,0.0022798541,0.007764176,0.024730584,-0.0021305287,-0.012783172,0.0042610574,-0.1364695,-0.073023155,9.503783,0.0049427957,0.015410941,0.049505923,30.243389129638672,2.1534507274627686,0.0052018035,0.2470901,-0.079748996,-0.36150095,-0.08374401,-0.26859665,0.09771651,0.041416086,-0.056774758,0.2102308,0.5130755,-0.5777175,0.068697914,0.17372918,0.34493396,-0.20954293,-0.020936003,0.60285085,-1.2755709,0.0013004509,0.73177254,-1.3199372,0.017174479,0.7134323,-1.2137665,-0.014193689,0.7225577,-1.1717311,0.0,0.0,0.0,0.0,0.0,0.0,0.0,0.0,0.0,0.0,0.0,0.0,0.0,0.0,0.0,0.0,0.41416085,-3.6150095,-2.0954294,-5.777175,50.0,50.0,50.0,50.0,50.0,50.0,50.0,50.0,50.0,50.0,50.0,50.0,0.0,0.0,0.0,0.0,1.0,1.0,1.0,1.0,1.0,1.0,1.0,1.0,1.0,1.0,1.0,1.0,0.5,0.5,0.5,0.5
1788529335.322196,105,2.396182999291341,1.659260000451468,2.254545001051156,0.090083,2.349589,10906646,0,1,0.0,0.0,0.0,-0.021504402,0.6457976,-1.3910443,0.031072184,0.64021057,-1.399101,-0.03925219,0.6443776,-1.4043295,0.032833397,0.65433884,-1.407568,-16.562231,-10.47439,-6.9789705,6.330426,0.027128667,0.054257333,0.016176099,0.0038755238,0.03100419,-0.036396224,-0.034879714,-0.0077510476,0.014154087,0.0,0.0,0.010110063,0.019377619,0.0038755238,0.015502095,0.0,1.0637461,1.311129,4.646674,-1.6327267,1.4842969,5.2630696,2.0780158,1.3606055,5.4053144,-1.6327267,0.7668867,5.64239,0.024738282,-0.024738282,0.024738282,-0.024738282,0.9996586,0.0022746432,0.007763892,0.024848832,-0.003195793,0.0010652643,0.0074568503,-0.05865794,-0.1328782,9.582792,0.004934185,0.015410048,0.049742427,30.243389129638672,2.1534507274627686,0.005607767,0.23392558,-0.06931793,-0.3639791,-0.08393915,-0.27669787,0.09297501,0.038809508,-0.05689632,0.20745577,0.5200882,-0.57450056,0.06596428,0.17144984,0.33203933,-0.20235108,-0.020984787,0.60082555,-1.2767562,0.0014019418,0.7284814,-1.3173294,0.01649107,0.7128625,-1.2169901,-0.01422408,0.721864,-1.1699779,0.0,0.0,0.0,0.0,0.0,0.0,0.0,0.0,0.0,0.0,0.0,0.0,0.0,0.0,0.0,0.0,0.38809508,-3.639791,-2.0235107,-5.7450056,50.0,50.0,50.0,50.0,50.0,50.0,50.0,50.0,50.0,50.0,50.0,50.0,0.0,0.0,0.0,0.0,1.0,1.0,1.0,1.0,1.0,1.0,1.0,1.0,1.0,1.0,1.0,1.0,0.5,0.5,0.5,0.5
1788529335.3426101,106,2.8090619998693,1.6843489993334515,2.6662730015232228,0.088835,2.7593,10906666,0,1,0.0,0.0,0.0,-0.021504402,0.64576733,-1.3910284,0.031072184,0.64021057,-1.3990852,-0.039221913,0.64440787,-1.4043295,0.032863677,0.6543691,-1.4075838,-16.562262,-10.4743595,-6.9789405,6.330426,0.03100419,-0.011626571,0.0485283,0.0,0.019377619,-0.012132075,0.0,-0.03100419,0.016176099,0.023253143,0.034879714,-0.022242136,-0.027128667,0.054257333,0.019377619,0.011626571,1.0637461,1.311129,4.646674,-1.6822032,1.4842969,5.2630696,2.1027539,1.4595586,5.4527297,-1.6822032,0.7668867,5.689805,0.024738282,0.024738282,0.024738282,-0.024738282,0.99965745,0.0022855876,0.007772567,0.024889851,0.012783172,-0.0053263213,0.0021305287,-0.12449849,-0.21068975,9.497798,0.004957135,0.015426645,0.049824715,30.243389129638672,2.1192691326141357,0.0020728726,0.23333624,-0.0894485,-0.36576995,-0.08517806,-0.28176436,0.11524945,0.036960118,-0.053312734,0.20037659,0.5010534,-0.57657987,0.06953703,0.17532752,0.34073934,-0.20748566,-0.021294516,0.59955895,-1.2711875,0.00051821815,0.72833407,-1.3223621,0.017384257,0.7138319,-1.2148151,-0.013328183,0.72009414,-1.1747366,0.0,0.0,0.0,0.0,0.0,0.0,0.0,0.0,0.0,0.0,0.0,0.0,0.0,0.0,0.0,0.0,0.3696012,-3.6576996,-2.0748565,-5.7657986,50.0,50.0,50.0,50.0,50.0,50.0,50.0,50.0,50.0,50.0,50.0,50.0,0.0,0.0,0.0,0.0,1.0,1.0,1.0,1.0,1.0,1.0,1.0,1.0,1.0,1.0,1.0,1.0,0.5,0.5,0.5,0.5
1788529335.3627806,107,3.743432000192115,1.7260780005017295,3.6887739988742396,1.310672,5.003222,10906684,0,1,0.0,0.0,0.0,-0.021474123,0.64573705,-1.3910758,0.03110246,0.6402711,-1.3990852,-0.03928247,0.6443776,-1.4043453,0.032833397,0.6544297,-1.4075838,-16.562262,-10.4743595,-6.979001,6.3304563,0.054257333,-0.023253143,-0.012132075,0.023253143,0.065883905,-0.020220125,-0.10076362,0.046506286,-0.020220125,-0.07363495,0.10851467,-0.020220125,-0.03100419,0.054257333,-0.054257333,0.054257333,1.0637461,1.311129,4.694089,-1.6327267,1.4100821,5.2630696,2.1027539,1.3853438,5.4053144,-1.6327267,0.74214846,5.64239,-0.024738282,-0.049476564,0.0,-0.024738282,0.99966,0.0022931546,0.007772616,0.024785485,-0.0010652643,-0.011717907,-0.0074568503,-0.19991584,-0.16879122,9.520543,0.004970657,0.015426885,0.04961602,30.243389129638672,2.1534507274627686,0.0056323092,0.21536723,-0.0634187,-0.36859837,-0.08604686,-0.27320573,0.10034893,0.03862924,-0.053149506,0.19765918,0.5164019,-0.5726417,0.066450045,0.17969523,0.31528908,-0.20777468,-0.021511715,0.6016986,-1.2749127,0.0014080773,0.72384185,-1.3158547,0.016612511,0.7149238,-1.2211777,-0.013287377,0.71941483,-1.1708995,0.0,0.0,0.0,0.0,0.0,0.0,0.0,0.0,0.0,0.0,0.0,0.0,0.0,0.0,0.0,0.0,0.3862924,-3.6859837,-2.0777469,-5.7264166,50.0,50.0,50.0,50.0,50.0,50.0,50.0,50.0,50.0,50.0,50.0,50.0,0.0,0.0,0.0,0.0,1.0,1.0,1.0,1.0,1.0,1.0,1.0,1.0,1.0,1.0,1.0,1.0,0.5,0.5,0.5,0.5
1788529335.3821068,108,2.4299119995703222,1.6714849989512004,2.268530999572249,0.095523,2.368086,10906706,0,1,0.0,0.0,0.0,-0.021474123,0.6457068,-1.39106,0.031163016,0.64024085,-1.3990693,-0.03928247,0.64428675,-1.4043137,0.03280312,0.6544297,-1.407568,-16.562262,-10.4743595,-6.979001,6.330426,-0.0077510476,-0.04263076,-0.0080880495,0.09301257,-0.019377619,0.0020220124,-0.05813286,-0.034879714,0.0485283,-0.027128667,0.06200838,0.0080880495,-0.038755238,0.046506286,-0.011626571,-0.019377619,1.0637461,1.2863907,4.694089,-1.6822032,1.4842969,5.2630696,2.0780158,1.3853438,5.4053144,-1.6327267,0.7668867,5.689805,0.024738282,-0.024738282,0.049476564,-0.024738282,0.999662,0.0022791773,0.007786091,0.024702858,0.0021305287,0.0053263213,0.0021305287,-0.10295067,-0.1388637,9.556456,0.0049421014,0.015454929,0.04945056,30.243389129638672,2.1876325607299805,0.00714113,0.23212078,-0.05794159,-0.36351442,-0.08344464,-0.2852586,0.10124273,0.040805154,-0.05903215,0.21187659,0.50648534,-0.5757926,0.06409232,0.16596553,0.32276723,-0.2068737,-0.02086116,0.5986854,-1.2746893,0.0017852825,0.7280302,-1.3144853,0.01602308,0.7114914,-1.2193081,-0.014758037,0.7229692,-1.1733786,0.0,0.0,0.0,0.0,0.0,0.0,0.0,0.0,0.0,0.0,0.0,0.0,0.0,0.0,0.0,0.0,0.40805155,-3.6351442,-2.068737,-5.757926,50.0,50.0,50.0,50.0,50.0,50.0,50.0,50.0,50.0,50.0,50.0,50.0,0.0,0.0,0.0,0.0,1.0,1.0,1.0,1.0,1.0,1.0,1.0,1.0,1.0,1.0,1.0,1.0,0.5,0.5,0.5,0.5
1788529335.4020493,109,2.386965999903623,1.6353230003005592,2.226512999186525,0.095523,2.326516,10906726,0,1,0.0,0.0,0.0,-0.021504402,0.6457068,-1.3910443,0.031132739,0.64021057,-1.3990693,-0.03925219,0.6443473,-1.4043453,0.032833397,0.6543691,-1.4075838,-16.562262,-10.47439,-6.979001,6.330426,-0.05038181,-0.06200838,0.020220125,0.081386,-0.019377619,0.0,-0.038755238,0.038755238,-0.0040440247,-0.011626571,0.019377619,-0.022242136,-0.038755238,0.0,-0.038755238,0.03100419,1.0637461,1.3853438,4.694089,-1.6822032,1.4842969,5.2630696,2.1027539,1.3853438,5.3104844,-1.6079884,0.7668867,5.64239,0.049476564,0.0,0.0,-0.024738282,0.9996603,0.0022544302,0.0077636675,0.024781445,-0.008522115,0.0,0.02237055,-0.062249243,-0.17836803,9.498995,0.004892718,0.015410935,0.049607296,30.243389129638672,2.1534507274627686,0.009501053,0.24772453,-0.03072254,-0.36780503,-0.07943491,-0.28181538,0.08504936,0.04050406,-0.064561546,0.22794408,0.5219494,-0.57410496,0.05875726,0.15947881,0.32963747,-0.20264074,-0.019858727,0.5995462,-1.2787377,0.0023752633,0.73193115,-1.3076806,0.014689315,0.70986974,-1.2175906,-0.016140386,0.72698605,-1.1695126,0.0,0.0,0.0,0.0,0.0,0.0,0.0,0.0,0.0,0.0,0.0,0.0,0.0,0.0,0.0,0.0,0.40504062,-3.6780503,-2.0264075,-5.74105,50.0,50.0,50.0,50.0,50.0,50.0,50.0,50.0,50.0,50.0,50.0,50.0,0.0,0.0,0.0,0.0,1.0,1.0,1.0,1.0,1.0,1.0,1.0,1.0,1.0,1.0,1.0,1.0,0.5,0.5,0.5,0.5
1788529335.4219592,110,2.929419000793132,1.6404439993493725,2.86749599945324,1.339569,4.211001,10906744,0,1,0.0,0.0,0.0,-0.021504402,0.64573705,-1.3910443,0.03110246,0.64021057,-1.3990693,-0.03925219,0.6443776,-1.4043453,0.032833397,0.65433884,-1.4075838,-16.562262,-10.4743595,-6.9789705,6.3303957,0.0,-0.08526152,0.010110063,-0.011626571,0.011626571,0.0060660373,-0.05813286,-0.038755238,-0.014154087,-0.046506286,-0.0038755238,-0.020220125,-0.03100419,0.05813286,-0.038755238,-0.019377619,1.0390079,1.2863907,4.694089,-1.6327267,1.4842969,5.2630696,2.1027539,1.3853438,5.2630696,-1.6327267,0.7668867,5.64239,0.024738282,-0.049476564,0.024738282,-0.024738282,0.99965787,0.0022298952,0.007778271,0.024877107,-0.0010652643,-0.0053263213,-0.0074568503,-0.044292733,-0.17357962,9.566033,0.004845862,0.015440887,0.049798395,30.243389129638672,2.1534507274627686,0.0032532047,0.23081633,-0.05841638,-0.36868364,-0.08524379,-0.26166365,0.1034481,0.04657443,-0.056539215,0.19965936,0.53643167,-0.57606804,0.06777459,0.18349524,0.32721785,-0.20107485,-0.021310948,0.6045841,-1.274138,0.0008133012,0.7277041,-1.314604,0.016943647,0.71587384,-1.2181954,-0.014134804,0.71991485,-1.165892,0.0,0.0,0.0,0.0,0.0,0.0,0.0,0.0,0.0,0.0,0.0,0.0,0.0,0.0,0.0,0.0,0.4657443,-3.6868362,-2.0107486,-5.76068,50.0,50.0,50.0,50.0,50.0,50.0,50.0,50.0,50.0,50.0,50.0,50.0,0.0,0.0,0.0,0.0,1.0,1.0,1.0,1.0,1.0,1.0,1.0,1.0,1.0,1.0,1.0,1.0,0.5,0.5,0.5,0.5
1788529335.4420524,111,2.272273999551544,1.6600929993728641,2.210991999163525,0.099748,2.314836,10906766,0,1,0.0,0.0,0.0,-0.021474123,0.64576733,-1.39106,0.03110246,0.64021057,-1.3990852,-0.039221913,0.6443473,-1.4043453,0.032863677,0.65433884,-1.4075838,-16.562262,-10.4743595,-6.9789705,6.330426,0.046506286,-0.034879714,-0.010110063,0.027128667,0.065883905,-0.014154087,-0.015502095,-0.081386,-0.022242136,0.019377619,-0.023253143,-0.016176099,-0.03100419,0.05038181,-0.03100419,0.038755238,1.0637461,1.2863907,4.504429,-1.6327267,1.5090352,5.2630696,2.1027539,1.3606055,5.4053144,-1.6822032,0.7668867,5.64239,0.0,-0.024738282,0.024738282,-0.024738282,0.9996588,0.0022302815,0.0077798846,0.02483642,0.003195793,0.0010652643,-0.015978964,-0.11133038,-0.19393034,9.560047,0.0048460867,0.01544429,0.049716998,30.243389129638672,2.1876325607299805,-0.0005316064,0.2249611,-0.09238604,-0.36554244,-0.08765389,-0.262729,0.12444686,0.04121422,-0.05090207,0.1877112,0.52407604,-0.57282305,0.07271887,0.19178942,0.34214437,-0.21223478,-0.021913473,0.6043178,-1.2688882,-0.0001329016,0.7262403,-1.3230965,0.018179718,0.71794736,-1.2144638,-0.012725517,0.7169278,-1.168981,0.0,0.0,0.0,0.0,0.0,0.0,0.0,0.0,0.0,0.0,0.0,0.0,0.0,0.0,0.0,0.0,0.41214222,-3.6554244,-2.1223478,-5.7282305,50.0,50.0,50.0,50.0,50.0,50.0,50.0,50.0,50.0,50.0,50.0,50.0,0.0,0.0,0.0,0.0,1.0,1.0,1.0,1.0,1.0,1.0,1.0,1.0,1.0,1.0,1.0,1.0,0.5,0.5,0.5,0.5
1788529335.462037,112,2.2485289991891477,1.6330830003425945,2.184590999604552,0.10282,2.291123,10906786,0,1,0.0,0.0,0.0,-0.021474123,0.64576733,-1.39106,0.031132739,0.64024085,-1.3990693,-0.03925219,0.64428675,-1.4043137,0.032833397,0.6543994,-1.4075838,-16.562262,-10.47439,-6.979001,6.3304563,0.034879714,0.046506286,0.020220125,0.038755238,-0.027128667,0.0080880495,-0.019377619,-0.038755238,0.038418237,0.0077510476,0.038755238,-0.02426415,-0.019377619,-0.0038755238,-0.038755238,0.038755238,0.9895313,1.311129,4.599259,-1.7069415,1.4842969,5.2630696,2.0780158,1.3853438,5.3104844,-1.6327267,0.74214846,5.689805,0.024738282,-0.024738282,0.024738282,-0.024738282,0.9996619,0.00226274,0.007783582,0.02470935,-0.0021305287,-0.021305285,-0.009587379,-0.17836803,-0.10654198,9.44752,0.004909209,0.015450694,0.049463283,30.252243041992188,2.1534507274627686,5.2725896e-05,0.2332255,-0.093925886,-0.3635747,-0.08738933,-0.26775658,0.112108715,0.041794553,-0.051208794,0.19129686,0.5241768,-0.5752935,0.075024076,0.18700115,0.34483474,-0.20789525,-0.021847332,0.60306084,-1.2719728,1.3181474e-05,0.7283064,-1.3234814,0.018756019,0.7167503,-1.2137913,-0.0128021985,0.7178242,-1.1689558,0.0,0.0,0.0,0.0,0.0,0.0,0.0,0.0,0.0,0.0,0.0,0.0,0.0,0.0,0.0,0.0,0.41794553,-3.6357472,-2.0789526,-5.752935,50.0,50.0,50.0,50.0,50.0,50.0,50.0,50.0,50.0,50.0,50.0,50.0,0.0,0.0,0.0,0.0,1.0,1.0,1.0,1.0,1.0,1.0,1.0,1.0,1.0,1.0,1.0,1.0,0.5,0.5,0.5,0.5
1788529335.4820304,113,2.3041799995553447,1.6003780001483392,2.151214001059998,0.091171,2.246129,10906806,0,1,0.0,0.0,0.0,-0.021504402,0.6457068,-1.39106,0.03110246,0.64021057,-1.3990852,-0.03925219,0.64431703,-1.4043137,0.032833397,0.6543994,-1.4075838,-16.562231,-10.47439,-6.9789705,6.3304563,-0.038755238,-0.05813286,0.020220125,0.0,-0.034879714,0.012132075,0.0,0.0038755238,0.04044025,0.0077510476,0.04263076,-0.014154087,0.023253143,0.0,0.019377619,0.019377619,1.0637461,1.2863907,4.646674,-1.6822032,1.5585117,5.2630696,2.1027539,1.3853438,5.2630696,-1.6079884,0.7668867,5.64239,0.0,0.0,0.0,0.0,0.99966145,0.0022819554,0.0077853915,0.024724673,0.0,-0.009587379,0.015978964,-0.1352724,-0.055066638,9.56723,0.0049479585,0.015453285,0.04949425,30.243389129638672,2.1192691326141357,0.004385622,0.24721387,-0.068341054,-0.36824644,-0.082854204,-0.27203447,0.09223847,0.03839019,-0.058748387,0.21197629,0.52188236,-0.5817988,0.06745811,0.16853769,0.34237963,-0.20537227,-0.020713551,0.6019914,-1.2769403,0.0010964056,0.7318035,-1.3170853,0.016864527,0.7121344,-1.2144051,-0.014687097,0.7229941,-1.1695293,0.0,0.0,0.0,0.0,0.0,0.0,0.0,0.0,0.0,0.0,0.0,0.0,0.0,0.0,0.0,0.0,0.3839019,-3.6824644,-2.0537229,-5.817988,50.0,50.0,50.0,50.0,50.0,50.0,50.0,50.0,50.0,50.0,50.0,50.0,0.0,0.0,0.0,0.0,1.0,1.0,1.0,1.0,1.0,1.0,1.0,1.0,1.0,1.0,1.0,1.0,0.5,0.5,0.5,0.5
1788529335.5020063,114,2.2952830004214775,1.5995459998521255,2.152461998775834,0.084259,2.240209,10906826,0,1,0.0,0.0,0.0,-0.021504402,0.6457976,-1.3910758,0.031072184,0.64021057,-1.3990852,-0.03925219,0.6443776,-1.4043295,0.032833397,0.6543691,-1.4075838,-16.562231,-10.4743595,-6.9789705,6.330426,0.011626571,0.08526152,-0.036396224,0.019377619,0.019377619,-0.0080880495,-0.046506286,0.023253143,0.0080880495,-0.011626571,0.019377619,-0.02426415,0.019377619,0.05813286,0.0,0.011626571,1.0637461,1.2863907,4.646674,-1.6822032,1.4842969,5.2630696,2.1027539,1.3853438,5.3104844,-1.6822032,0.7668867,5.594975,0.049476564,0.0,0.0,-0.024738282,0.9996584,0.0022747086,0.007752953,0.024858737,-0.006391586,-0.009587379,0.010652643,-0.07062895,-0.1376666,9.504981,0.0049339235,0.015388124,0.049762186,30.243389129638672,2.085087299346924,0.0027799252,0.22782275,-0.061279044,-0.37340918,-0.08343086,-0.27985257,0.08736988,0.04002823,-0.05718022,0.2041107,0.52913666,-0.582391,0.065418616,0.16699807,0.32606566,-0.20168291,-0.020857714,0.60003686,-1.2781575,0.0006949813,0.7269557,-1.3153197,0.016354654,0.71174955,-1.2184836,-0.014295055,0.7210277,-1.1677158,0.0,0.0,0.0,0.0,0.0,0.0,0.0,0.0,0.0,0.0,0.0,0.0,0.0,0.0,0.0,0.0,0.4002823,-3.7340918,-2.016829,-5.82391,50.0,50.0,50.0,50.0,50.0,50.0,50.0,50.0,50.0,50.0,50.0,50.0,0.0,0.0,0.0,0.0,1.0,1.0,1.0,1.0,1.0,1.0,1.0,1.0,1.0,1.0,1.0,1.0,0.5,0.5,0.5,0.5
1788529335.522094,115,2.305812000486185,1.5876410016062437,2.2433459998865146,2.077419,4.324701,10906844,0,1,0.0,0.0,0.0,-0.021534681,0.64573705,-1.3910443,0.03110246,0.64021057,-1.399101,-0.039221913,0.64440787,-1.4043453,0.032833397,0.6543691,-1.4075838,-16.562292,-10.4743595,-6.9789705,6.330426,-0.011626571,-0.05813286,0.020220125,0.06975943,0.015502095,-0.0485283,-0.0077510476,0.015502095,-0.0060660373,-0.046506286,0.054257333,-0.020220125,-0.07363495,0.054257333,-0.034879714,0.046506286,1.0390079,1.2616524,4.646674,-1.6327267,1.4842969,5.2630696,2.1027539,1.4100821,5.2630696,-1.6327267,0.791625,5.689805,-0.024738282,-0.024738282,0.024738282,-0.024738282,0.99965715,0.002252291,0.0077454704,0.0249148,0.009587379,-0.0042610574,-0.003195793,-0.051475335,-0.20231004,9.57561,0.0048895874,0.015374004,0.04987397,30.243389129638672,2.016723871231079,0.0017947424,0.2314241,-0.0785831,-0.37161973,-0.08733615,-0.27634597,0.11835066,0.03602829,-0.05360222,0.20195845,0.5119216,-0.5787638,0.069507495,0.18125689,0.33305866,-0.20713319,-0.021834038,0.6009135,-1.2704123,0.0004486856,0.72785604,-1.3196458,0.017376874,0.71531427,-1.2167352,-0.013400555,0.7204896,-1.1720196,0.0,0.0,0.0,0.0,0.0,0.0,0.0,0.0,0.0,0.0,0.0,0.0,0.0,0.0,0.0,0.0,0.3602829,-3.7161973,-2.071332,-5.7876377,50.0,50.0,50.0,50.0,50.0,50.0,50.0,50.0,50.0,50.0,50.0,50.0,0.0,0.0,0.0,0.0,1.0,1.0,1.0,1.0,1.0,1.0,1.0,1.0,1.0,1.0,1.0,1.0,0.5,0.5,0.5,0.5
1788529335.5419855,116,2.2815539996372536,1.5910969996184576,2.132333000190556,0.088995,2.224848,10906866,0,1,0.0,0.0,0.0,-0.021504402,0.6457068,-1.3910443,0.03110246,0.64024085,-1.399101,-0.039221913,0.6443473,-1.4043453,0.03280312,0.6543994,-1.4075838,-16.562262,-10.47439,-6.9789705,6.3304563,-0.0077510476,-0.12789229,0.03437421,0.015502095,0.0038755238,-0.052572325,0.019377619,-0.011626571,-0.010110063,-0.06200838,0.05038181,-0.020220125,-0.027128667,0.023253143,0.0038755238,0.065883905,1.0884844,1.2863907,4.646674,-1.6327267,1.4842969,5.2630696,2.1027539,1.4100821,5.4053144,-1.6079884,0.7668867,5.689805,0.024738282,-0.024738282,0.0,-0.024738282,0.99965966,0.0022590477,0.0077423397,0.02481509,0.0010652643,0.0074568503,-0.0042610574,-0.19632454,-0.18555063,9.5013895,0.0049014087,0.015367898,0.04967456,30.243389129638672,2.085087299346924,0.0030373204,0.2373735,-0.07214867,-0.37813985,-0.0879872,-0.2697118,0.12362569,0.035855047,-0.054317154,0.20381682,0.5040589,-0.5767081,0.068784475,0.18803558,0.32556456,-0.20979236,-0.0219968,0.6025721,-1.2690935,0.0007593301,0.7293434,-1.3180372,0.017196119,0.7170089,-1.2186089,-0.0135792885,0.72095424,-1.1739852,0.0,0.0,0.0,0.0,0.0,0.0,0.0,0.0,0.0,0.0,0.0,0.0,0.0,0.0,0.0,0.0,0.3585505,-3.7813985,-2.0979235,-5.767081,50.0,50.0,50.0,50.0,50.0,50.0,50.0,50.0,50.0,50.0,50.0,50.0,0.0,0.0,0.0,0.0,1.0,1.0,1.0,1.0,1.0,1.0,1.0,1.0,1.0,1.0,1.0,1.0,0.5,0.5,0.5,0.5
1788529335.5619664,117,2.1830870009580394,1.6032579987950157,2.124397000443423,0.09722,2.225553,10906886,0,1,0.0,0.0,0.0,-0.021443844,0.64573705,-1.3910758,0.031132739,0.6402711,-1.3990852,-0.03925219,0.64431703,-1.4043295,0.03280312,0.6543994,-1.4075838,-16.562262,-10.4743595,-6.979031,6.3304563,0.07363495,0.015502095,-0.010110063,0.038755238,0.065883905,-0.020220125,-0.03100419,0.038755238,0.02426415,-0.019377619,0.05038181,-0.020220125,-0.0077510476,0.038755238,-0.077510476,0.038755238,1.0390079,1.311129,4.694089,-1.6822032,1.4842969,5.1208243,2.1027539,1.3606055,5.3104844,-1.6327267,0.7668867,5.689805,0.0,-0.024738282,0.024738282,-0.024738282,0.99966174,0.0022592943,0.007743117,0.024731888,0.006391586,-0.0042610574,-0.003195793,-0.107739076,-0.18195933,9.514558,0.004900661,0.015369847,0.0495081,30.243389129638672,2.085087299346924,0.0035425518,0.22393483,-0.075706914,-0.37025005,-0.08640699,-0.2820125,0.111800574,0.036993563,-0.052177012,0.20364459,0.5004794,-0.5729085,0.07024402,0.17366093,0.32615224,-0.20685661,-0.021601748,0.5994969,-1.2720498,0.00088563794,0.72598374,-1.3189267,0.017561005,0.71341527,-1.2184619,-0.013044253,0.72091115,-1.1748801,0.0,0.0,0.0,0.0,0.0,0.0,0.0,0.0,0.0,0.0,0.0,0.0,0.0,0.0,0.0,0.0,0.36993563,-3.7025003,-2.068566,-5.729085,50.0,50.0,50.0,50.0,50.0,50.0,50.0,50.0,50.0,50.0,50.0,50.0,0.0,0.0,0.0,0.0,1.0,1.0,1.0,1.0,1.0,1.0,1.0,1.0,1.0,1.0,1.0,1.0,0.5,0.5,0.5,0.5
1788529335.5819855,118,2.965642999697593,1.642747000005329,2.8989849997742567,1.288463,4.191736,10906904,0,1,0.0,0.0,0.0,-0.021474123,0.64573705,-1.3910443,0.031132739,0.64021057,-1.3990693,-0.039221913,0.64428675,-1.4043295,0.032833397,0.6543691,-1.4075838,-16.562292,-10.47439,-6.979001,6.3304563,0.0,0.0,0.03437421,0.05038181,-0.011626571,0.0080880495,0.0077510476,-0.06200838,0.012132075,-0.0077510476,-0.015502095,-0.020220125,-0.065883905,0.0,-0.038755238,0.05038181,1.0637461,1.311129,4.646674,-1.6822032,1.4842969,5.2156544,2.1027539,1.3606055,5.4053144,-1.6327267,0.7668867,5.64239,0.049476564,-0.024738282,0.024738282,0.0,0.99966043,0.0022499487,0.007727946,0.024786685,-0.0149137005,0.0021305287,0.010652643,-0.05626374,-0.092176765,9.500193,0.004882063,0.015339708,0.049617503,30.243389129638672,2.1192691326141357,0.008736281,0.23939508,-0.063730024,-0.3708732,-0.08392722,-0.2825018,0.102523275,0.03897381,-0.060401194,0.21063602,0.51215476,-0.57748204,0.06315325,0.1708778,0.33351713,-0.2061713,-0.020981805,0.5993746,-1.2743691,0.0021840702,0.7298488,-1.3159325,0.015788313,0.71271944,-1.2166207,-0.015100298,0.722659,-1.1719613,0.0,0.0,0.0,0.0,0.0,0.0,0.0,0.0,0.0,0.0,0.0,0.0,0.0,0.0,0.0,0.0,0.38973808,-3.7087321,-2.061713,-5.7748203,50.0,50.0,50.0,50.0,50.0,50.0,50.0,50.0,50.0,50.0,50.0,50.0,0.0,0.0,0.0,0.0,1.0,1.0,1.0,1.0,1.0,1.0,1.0,1.0,1.0,1.0,1.0,1.0,0.5,0.5,0.5,0.5
1788529335.6019044,119,2.8845849992649164,1.5689210013078991,2.8035579998686444,1.338161,4.145687,10906924,0,1,0.0,0.0,0.0,-0.021474123,0.64576733,-1.3910443,0.03110246,0.6401803,-1.3991168,-0.039221913,0.64440787,-1.4043295,0.032863677,0.65433884,-1.4075838,-16.562262,-10.47433,-6.9789705,6.330426,0.065883905,0.0077510476,0.016176099,0.05813286,0.015502095,-0.06672641,-0.027128667,0.023253143,0.014154087,0.0077510476,0.015502095,-0.02426415,0.0,0.038755238,-0.0077510476,0.046506286,1.0637461,1.2616524,4.599259,-1.6822032,1.4842969,5.2630696,2.1274922,1.3853438,5.3104844,-1.6327267,0.791625,5.689805,0.0,-0.024738282,0.0,-0.024738282,0.9996577,0.0022282843,0.007714978,0.02490433,-0.011717907,0.011717907,0.0021305287,-0.034715924,-0.1436521,9.465476,0.004839901,0.015314285,0.04985248,30.243389129638672,2.085087299346924,0.0052141566,0.22116849,-0.0558625,-0.3686635,-0.08592156,-0.27970275,0.11260181,0.035803467,-0.053365245,0.20431493,0.5072774,-0.56897974,0.06780051,0.17791489,0.323366,-0.20356993,-0.02148039,0.60007435,-1.2718495,0.0013035391,0.72529215,-1.3139656,0.016950127,0.71447873,-1.2191584,-0.013341311,0.72107875,-1.1731806,0.0,0.0,0.0,0.0,0.0,0.0,0.0,0.0,0.0,0.0,0.0,0.0,0.0,0.0,0.0,0.0,0.35803467,-3.686635,-2.0356994,-5.6897974,50.0,50.0,50.0,50.0,50.0,50.0,50.0,50.0,50.0,50.0,50.0,50.0,0.0,0.0,0.0,0.0,1.0,1.0,1.0,1.0,1.0,1.0,1.0,1.0,1.0,1.0,1.0,1.0,0.5,0.5,0.5,0.5
1788529335.6219954,120,2.3438290008925833,1.6237710005952977,2.1829279994562967,0.097379,2.284627,10906946,0,1,0.0,0.0,0.0,-0.021474123,0.64576733,-1.3910443,0.031132739,0.64021057,-1.3990852,-0.039221913,0.6443473,-1.4043453,0.032863677,0.6543691,-1.4075838,-16.562262,-10.4743595,-6.979001,6.3303957,0.046506286,-0.019377619,0.022242136,0.09301257,0.038755238,-0.018198112,-0.023253143,-0.06200838,-0.014154087,0.015502095,0.027128667,-0.020220125,-0.046506286,0.046506286,-0.05038181,0.0,1.0390079,1.2616524,4.646674,-1.6822032,1.4595586,5.2156544,2.1027539,1.3853438,5.4053144,-1.6079884,0.7668867,5.689805,0.024738282,0.024738282,0.024738282,0.0,0.9996587,0.0022403689,0.0077174394,0.024862532,-0.0042610574,0.003195793,-0.013848436,-0.088585466,-0.21547815,9.531317,0.004863547,0.015318807,0.04976905,30.243389129638672,2.085087299346924,0.0015388932,0.21827245,-0.08566556,-0.36346632,-0.08806617,-0.27640256,0.12348942,0.036488228,-0.048260197,0.19259956,0.5048419,-0.5727726,0.07421658,0.18400224,0.32843232,-0.20864321,-0.022016542,0.6008994,-1.2691276,0.0003847233,0.7245681,-1.3214164,0.018554145,0.71600056,-1.2178919,-0.012065049,0.7181499,-1.1737895,0.0,0.0,0.0,0.0,0.0,0.0,0.0,0.0,0.0,0.0,0.0,0.0,0.0,0.0,0.0,0.0,0.3648823,-3.634663,-2.0864322,-5.727726,50.0,50.0,50.0,50.0,50.0,50.0,50.0,50.0,50.0,50.0,50.0,50.0,0.0,0.0,0.0,0.0,1.0,1.0,1.0,1.0,1.0,1.0,1.0,1.0,1.0,1.0,1.0,1.0,0.5,0.5,0.5,0.5
1788529335.6420596,121,2.9533559991250513,1.700701999652665,2.891689000534825,1.311055,4.207417,10906964,0,1,0.0,0.0,0.0,-0.021474123,0.64573705,-1.3910443,0.031132739,0.64024085,-1.3990852,-0.03925219,0.64431703,-1.4043295,0.03280312,0.6543691,-1.4075838,-16.562262,-10.4743595,-6.979001,6.330426,0.05038181,-0.015502095,0.05863836,0.05813286,0.015502095,-0.026286162,-0.027128667,0.0,0.02426415,-0.034879714,0.03100419,-0.022242136,-0.03100419,0.06200838,-0.019377619,-0.015502095,1.0637461,1.311129,4.788919,-1.6822032,1.4595586,5.2630696,2.1027539,1.3853438,5.2630696,-1.6079884,0.7668867,5.689805,0.0,0.0,0.049476564,-0.024738282,0.9996619,0.0022323702,0.007712612,0.024734395,-0.0042610574,-0.0053263213,-0.0149137005,-0.14963761,-0.1316811,9.55885,0.004845351,0.015310174,0.049512528,30.243389129638672,2.1192691326141357,0.0035946649,0.22647518,-0.08357754,-0.36242732,-0.08848967,-0.2713781,0.12102095,0.040594473,-0.049141638,0.19025706,0.5170473,-0.5752145,0.073652945,0.18960935,0.32487705,-0.21089503,-0.022122417,0.6021555,-1.2697448,0.0008986662,0.7266188,-1.3208944,0.018413236,0.71740234,-1.2187806,-0.0122854095,0.7175643,-1.1707381,0.0,0.0,0.0,0.0,0.0,0.0,0.0,0.0,0.0,0.0,0.0,0.0,0.0,0.0,0.0,0.0,0.40594473,-3.6242733,-2.1089504,-5.752145,50.0,50.0,50.0,50.0,50.0,50.0,50.0,50.0,50.0,50.0,50.0,50.0,0.0,0.0,0.0,0.0,1.0,1.0,1.0,1.0,1.0,1.0,1.0,1.0,1.0,1.0,1.0,1.0,0.5,0.5,0.5,0.5
1788529335.6631851,122,3.4030999995593447,1.702270001260331,3.1779399996594293,0.169926,3.352538,10906986,0,1,0.0,0.0,0.0,-0.021474123,0.6457068,-1.39106,0.031132739,0.64024085,-1.3990852,-0.03928247,0.64428675,-1.4043295,0.03280312,0.6543994,-1.407568,-16.562231,-10.47439,-6.979001,6.330426,0.019377619,-0.0038755238,0.022242136,0.077510476,0.038755238,-0.016176099,-0.0038755238,-0.05813286,0.014154087,-0.027128667,0.038755238,0.0080880495,0.015502095,0.0,-0.015502095,-0.019377619,0.9895313,1.3606055,4.646674,-1.6327267,1.4595586,5.2156544,2.1027539,1.3606055,5.4053144,-1.6327267,0.74214846,5.64239,0.0,0.0,0.024738282,0.024738282,0.9996619,0.002246287,0.007694322,0.024737986,0.0,0.0053263213,0.008522115,-0.110133275,-0.05865794,9.495404,0.004872326,0.015272899,0.049519822,30.243389129638672,2.1192691326141357,0.0063041244,0.23498943,-0.067125924,-0.36319575,-0.08302947,-0.28631082,0.10228916,0.039001495,-0.057077646,0.21272728,0.50054544,-0.5766112,0.067926355,0.16573782,0.33284265,-0.20892413,-0.020757368,0.5984223,-1.2744277,0.0015760311,0.72874737,-1.3167814,0.016981589,0.7114345,-1.2167892,-0.014269412,0.72318184,-1.1748636,0.0,0.0,0.0,0.0,0.0,0.0,0.0,0.0,0.0,0.0,0.0,0.0,0.0,0.0,0.0,0.0,0.39001495,-3.6319575,-2.0892413,-5.7661123,50.0,50.0,50.0,50.0,50.0,50.0,50.0,50.0,50.0,50.0,50.0,50.0,0.0,0.0,0.0,0.0,1.0,1.0,1.0,1.0,1.0,1.0,1.0,1.0,1.0,1.0,1.0,1.0,0.5,0.5,0.5,0.5
1788529335.6820662,123,2.3045319994707825,1.6606360004516318,2.241234000393888,0.097987,2.343381,10907006,0,1,0.0,0.0,0.0,-0.021504402,0.64573705,-1.39106,0.031072184,0.64021057,-1.3990852,-0.03925219,0.64431703,-1.4043295,0.032833397,0.65433884,-1.4075838,-16.562262,-10.47439,-6.9789705,6.330426,-0.0077510476,-0.034879714,-0.0060660373,-0.0077510476,0.0038755238,-0.020220125,-0.04263076,-0.05813286,0.020220125,-0.019377619,-0.0077510476,-0.018198112,-0.038755238,-0.0038755238,0.019377619,0.019377619,1.0637461,1.2863907,4.694089,-1.6822032,1.4842969,5.2630696,2.1274922,1.3853438,5.2630696,-1.6327267,0.791625,5.689805,0.0,0.024738282,0.0,0.0,0.9996588,0.0022236928,0.0076976796,0.024862384,-0.011717907,0.012783172,0.02237055,-0.06703765,-0.14724341,9.551667,0.0048292154,0.015280128,0.049768392,30.243389129638672,2.085087299346924,0.00885137,0.24801835,-0.041251864,-0.36715424,-0.081050806,-0.276329,0.080178335,0.04414299,-0.06620335,0.22441882,0.5194378,-0.5770539,0.059763707,0.15985584,0.3358841,-0.20142013,-0.020262701,0.60091776,-1.2799554,0.0022128425,0.7320046,-1.3103129,0.014940927,0.709964,-1.2160289,-0.016550837,0.72610474,-1.1701405,0.0,0.0,0.0,0.0,0.0,0.0,0.0,0.0,0.0,0.0,0.0,0.0,0.0,0.0,0.0,0.0,0.4414299,-3.6715424,-2.0142012,-5.7705393,50.0,50.0,50.0,50.0,50.0,50.0,50.0,50.0,50.0,50.0,50.0,50.0,0.0,0.0,0.0,0.0,1.0,1.0,1.0,1.0,1.0,1.0,1.0,1.0,1.0,1.0,1.0,1.0,0.5,0.5,0.5,0.5
1788529335.7020526,124,2.3420050001732307,1.6609880003670696,2.279443000588799,2.045899,4.330174,10907024,0,1,0.0,0.0,0.0,-0.021474123,0.64576733,-1.39106,0.031072184,0.64021057,-1.3990852,-0.039191633,0.64440787,-1.4043295,0.032863677,0.65433884,-1.407568,-16.562262,-10.47439,-6.9789705,6.3303957,0.06200838,-0.011626571,-0.016176099,0.038755238,0.06200838,-0.020220125,0.027128667,0.019377619,0.028308174,0.023253143,0.03100419,0.010110063,-0.04263076,0.0,-0.038755238,-0.019377619,1.0637461,1.2863907,4.694089,-1.6327267,1.4842969,5.4053144,2.1274922,1.4595586,5.4053144,-1.6327267,0.7668867,5.689805,0.049476564,0.0,0.0,0.024738282,0.99965805,0.0022022,0.0077044186,0.02489583,-0.006391586,0.01704423,0.0042610574,-0.093373865,-0.20470424,9.580399,0.004787086,0.015294513,0.049835023,30.243389129638672,2.085087299346924,0.006652409,0.2201092,-0.06466313,-0.37026465,-0.08527953,-0.27910545,0.10905532,0.040906325,-0.05548899,0.2037688,0.50214344,-0.5711748,0.06653446,0.17017375,0.33418494,-0.20840098,-0.021319883,0.60022366,-1.2727361,0.0016631023,0.7250273,-1.3161657,0.016633615,0.7125434,-1.2164537,-0.013872247,0.7209422,-1.1744641,0.0,0.0,0.0,0.0,0.0,0.0,0.0,0.0,0.0,0.0,0.0,0.0,0.0,0.0,0.0,0.0,0.40906325,-3.7026465,-2.08401,-5.711748,50.0,50.0,50.0,50.0,50.0,50.0,50.0,50.0,50.0,50.0,50.0,50.0,0.0,0.0,0.0,0.0,1.0,1.0,1.0,1.0,1.0,1.0,1.0,1.0,1.0,1.0,1.0,1.0,0.5,0.5,0.5,0.5
1788529335.723026,125,4.034739000417176,1.6196429987758165,3.9752490010869224,1.21742,5.196541,10907044,0,1,0.0,0.0,0.0,-0.021474123,0.64576733,-1.3910443,0.03110246,0.64021057,-1.3990693,-0.03925219,0.64431703,-1.4043295,0.03280312,0.6543691,-1.4076154,-16.562231,-10.47439,-6.9789705,6.330426,0.054257333,0.019377619,0.030330187,0.03100419,0.0077510476,0.0080880495,-0.023253143,-0.06200838,0.018198112,-0.06200838,0.027128667,-0.08694653,0.019377619,0.0038755238,0.0077510476,0.0077510476,1.0637461,1.311129,4.694089,-1.6822032,1.4842969,5.2156544,2.1027539,1.3853438,5.3104844,-1.6079884,0.74214846,5.64239,0.024738282,-0.024738282,0.024738282,-0.024738282,0.9996603,0.0022105356,0.007701653,0.024806617,0.006391586,0.0053263213,-0.0053263213,-0.18674773,-0.19273324,9.473856,0.0048022517,0.015288998,0.049656637,30.243389129638672,2.085087299346924,0.00444703,0.22382331,-0.07516242,-0.36863264,-0.08696384,-0.27900428,0.11365948,0.038815953,-0.05564204,0.20104218,0.4970265,-0.5758798,0.06784334,0.17818789,0.33157918,-0.20876528,-0.02174096,0.60024893,-1.2715851,0.0011117575,0.72595584,-1.3187906,0.016960835,0.714547,-1.2171052,-0.01391051,0.72026056,-1.1757433,0.0,0.0,0.0,0.0,0.0,0.0,0.0,0.0,0.0,0.0,0.0,0.0,0.0,0.0,0.0,0.0,0.3881595,-3.6863265,-2.087653,-5.758798,50.0,50.0,50.0,50.0,50.0,50.0,50.0,50.0,50.0,50.0,50.0,50.0,0.0,0.0,0.0,0.0,1.0,1.0,1.0,1.0,1.0,1.0,1.0,1.0,1.0,1.0,1.0,1.0,0.5,0.5,0.5,0.5
1788529335.7418892,126,2.244658000563504,1.6074189989012666,2.1848800006409874,2.015305,4.204057,10907064,0,1,0.0,0.0,0.0,-0.021474123,0.6457068,-1.39106,0.031132739,0.64024085,-1.3990693,-0.03925219,0.64428675,-1.4043295,0.03280312,0.6543994,-1.4075838,-16.562262,-10.47439,-6.9789705,6.3304563,0.011626571,-0.046506286,0.012132075,0.011626571,0.038755238,0.010110063,-0.034879714,-0.011626571,0.012132075,-0.038755238,0.05038181,-0.020220125,-0.038755238,-0.0077510476,0.015502095,0.04263076,1.0884844,1.311129,4.646674,-1.6822032,1.4842969,5.3104844,2.1027539,1.3853438,5.3104844,-1.6327267,0.7668867,5.689805,0.0,0.024738282,0.024738282,-0.024738282,0.99966216,0.0022136045,0.007729871,0.024719771,0.0042610574,-0.0010652643,-0.0053263213,-0.12210429,-0.12330139,9.495404,0.004808458,0.015345682,0.049483076,30.243389129638672,2.085087299346924,0.0061564315,0.22151798,-0.067580216,-0.36544237,-0.088795334,-0.27459314,0.10863853,0.037941247,-0.053657524,0.20007077,0.5093575,-0.5755163,0.06694205,0.17713018,0.3251206,-0.209823,-0.022198834,0.60135174,-1.2728403,0.0015391079,0.7253795,-1.316895,0.016735513,0.7142826,-1.2187198,-0.013414381,0.72001773,-1.1726606,0.0,0.0,0.0,0.0,0.0,0.0,0.0,0.0,0.0,0.0,0.0,0.0,0.0,0.0,0.0,0.0,0.37941247,-3.6544237,-2.09823,-5.7551627,50.0,50.0,50.0,50.0,50.0,50.0,50.0,50.0,50.0,50.0,50.0,50.0,0.0,0.0,0.0,0.0,1.0,1.0,1.0,1.0,1.0,1.0,1.0,1.0,1.0,1.0,1.0,1.0,0.5,0.5,0.5,0.5
1788529335.7618613,127,2.10945200160495,1.5423599998030113,2.0518820001598215,0.097348,2.152878,10907086,0,1,0.0,0.0,0.0,-0.021474123,0.64573705,-1.3910443,0.03110246,0.64021057,-1.3990852,-0.039221913,0.64431703,-1.4043137,0.032833397,0.6544297,-1.4075838,-16.562262,-10.47439,-6.9789705,6.3304563,-0.0038755238,0.019377619,0.030330187,0.0,-0.0077510476,-0.030330187,-0.0077510476,-0.027128667,0.0485283,-0.015502095,0.096888095,-0.020220125,-0.0077510476,0.0038755238,0.0038755238,0.046506286,1.0637461,1.2863907,4.599259,-1.6079884,1.5585117,5.2156544,2.1274922,1.3606055,5.4527297,-1.6822032,0.7668867,5.784635,0.024738282,-0.024738282,0.024738282,-0.074214846,0.9996604,0.0022184572,0.007710651,0.02479744,-0.0042610574,0.006391586,0.0074568503,-0.051475335,-0.12210429,9.479841,0.0048183985,0.015306639,0.049638443,30.243389129638672,2.085087299346924,0.008798176,0.23070705,-0.06032792,-0.367701,-0.08525482,-0.28219962,0.1012323,0.039225303,-0.05867085,0.20728631,0.5090756,-0.5792597,0.063561685,0.16956416,0.32036346,-0.20297143,-0.021313705,0.5994501,-1.2746918,0.002199544,0.72767675,-1.315082,0.015890421,0.7123911,-1.2199091,-0.014667712,0.7218216,-1.172731,0.0,0.0,0.0,0.0,0.0,0.0,0.0,0.0,0.0,0.0,0.0,0.0,0.0,0.0,0.0,0.0,0.39225304,-3.67701,-2.0297143,-5.792597,50.0,50.0,50.0,50.0,50.0,50.0,50.0,50.0,50.0,50.0,50.0,50.0,0.0,0.0,0.0,0.0,1.0,1.0,1.0,1.0,1.0,1.0,1.0,1.0,1.0,1.0,1.0,1.0,0.5,0.5,0.5,0.5
1788529335.7819507,128,2.1878229999856558,1.5670009997847956,2.127564999682363,0.09898,2.230673,10907106,0,1,0.0,0.0,0.0,-0.021504402,0.64576733,-1.39106,0.031132739,0.6401803,-1.3990852,-0.039221913,0.6443776,-1.4043611,0.032833397,0.65433884,-1.407568,-16.562262,-10.474421,-6.9789705,6.330426,-0.0038755238,-0.011626571,-0.012132075,0.09301257,0.0077510476,-0.020220125,-0.023253143,-0.0077510476,-0.0485283,-0.06200838,0.038755238,0.0060660373,-0.03100419,-0.046506286,-0.0077510476,0.019377619,1.0390079,1.2863907,4.646674,-1.6327267,1.4842969,5.2156544,2.1027539,1.3853438,5.3104844,-1.6327267,0.74214846,5.64239,-0.024738282,-0.024738282,0.0,-0.024738282,0.9996578,0.0022087833,0.0076963967,0.024906052,0.011717907,-0.0149137005,-0.0010652643,-0.050278235,-0.16998832,9.51336,0.0048000067,0.015278096,0.049855527,30.243389129638672,2.050905704498291,0.0040079188,0.24105746,-0.06999633,-0.3685178,-0.08678922,-0.27068388,0.10660679,0.039750136,-0.054916985,0.20571628,0.51874363,-0.5771733,0.06822725,0.18005215,0.3360216,-0.20262527,-0.021697305,0.602329,-1.2733482,0.0010019797,0.73026437,-1.317499,0.017056812,0.715013,-1.2159946,-0.013729246,0.7214291,-1.1703141,0.0,0.0,0.0,0.0,0.0,0.0,0.0,0.0,0.0,0.0,0.0,0.0,0.0,0.0,0.0,0.0,0.39750135,-3.6851778,-2.0262527,-5.771733,50.0,50.0,50.0,50.0,50.0,50.0,50.0,50.0,50.0,50.0,50.0,50.0,0.0,0.0,0.0,0.0,1.0,1.0,1.0,1.0,1.0,1.0,1.0,1.0,1.0,1.0,1.0,1.0,0.5,0.5,0.5,0.5
1788529335.8019135,129,2.2104159997979878,1.5303280015359633,2.149966001525172,1.996297,4.150007,10907124,0,1,0.0,0.0,0.0,-0.021504402,0.64576733,-1.3910443,0.031072184,0.64021057,-1.3990852,-0.039221913,0.6443776,-1.4043295,0.032863677,0.65433884,-1.4075838,-16.562231,-10.47439,-6.9789405,6.330426,0.034879714,0.0038755238,0.020220125,0.019377619,0.03100419,-0.02426415,-0.0038755238,-0.038755238,0.016176099,0.0077510476,-0.0038755238,-0.026286162,0.019377619,-0.015502095,0.019377619,0.027128667,1.0637461,1.311129,4.646674,-1.6327267,1.4842969,5.2156544,2.1027539,1.3853438,5.5001445,-1.6822032,0.7668867,5.689805,0.0,-0.024738282,0.0,-0.024738282,0.9996585,0.0022108697,0.007697874,0.02487885,-0.009587379,0.008522115,-0.010652643,-0.11252748,-0.17836803,9.490616,0.0048038363,0.015281078,0.04980114,30.243389129638672,2.1192691326141357,0.0021855328,0.22551683,-0.08148929,-0.37196153,-0.08771295,-0.2745203,0.121352114,0.041138306,-0.051232956,0.19207871,0.5149448,-0.57618976,0.06905283,0.1871897,0.3261103,-0.20683107,-0.021928238,0.6013699,-1.2696619,0.0005463832,0.7263792,-1.3203722,0.017263208,0.7167975,-1.2184724,-0.012808239,0.7180197,-1.1712637,0.0,0.0,0.0,0.0,0.0,0.0,0.0,0.0,0.0,0.0,0.0,0.0,0.0,0.0,0.0,0.0,0.41138306,-3.7196155,-2.0683107,-5.7618976,50.0,50.0,50.0,50.0,50.0,50.0,50.0,50.0,50.0,50.0,50.0,50.0,0.0,0.0,0.0,0.0,1.0,1.0,1.0,1.0,1.0,1.0,1.0,1.0,1.0,1.0,1.0,1.0,0.5,0.5,0.5,0.5
1788529335.8218968,130,2.1200449991738424,1.5297840000130236,2.0702830006484874,0.086723,2.160622,10907146,0,1,0.0,0.0,0.0,-0.021474123,0.6457068,-1.3910758,0.03110246,0.64024085,-1.3990852,-0.03925219,0.64428675,-1.4043611,0.03280312,0.6543691,-1.4075838,-16.562262,-10.4743595,-6.9789705,6.3304563,0.054257333,-0.077510476,-0.0040440247,0.0038755238,0.038755238,-0.020220125,-0.023253143,-0.08526152,-0.04044025,-0.038755238,0.019377619,-0.026286162,-0.04263076,0.04263076,0.015502095,0.03100419,1.0390079,1.2863907,4.646674,-1.6822032,1.4842969,5.2156544,2.1027539,1.4100821,5.3104844,-1.6079884,0.7668867,5.64239,0.024738282,0.0,0.0,-0.024738282,0.999662,0.0022354417,0.0077022174,0.024737025,-0.0021305287,0.008522115,-0.009587379,-0.1436521,-0.1316811,9.564836,0.0048510167,0.0152892275,0.04951778,30.23453712463379,2.085087299346924,0.003679091,0.22337914,-0.075059876,-0.36964437,-0.088603124,-0.26451647,0.114377,0.041843645,-0.051131435,0.19924606,0.5150279,-0.57317317,0.06987091,0.18839929,0.32524565,-0.20985271,-0.022150781,0.60387087,-1.2714057,0.0009197728,0.7258448,-1.3187649,0.017467728,0.71709985,-1.2186885,-0.012782859,0.71981156,-1.171243,0.0,0.0,0.0,0.0,0.0,0.0,0.0,0.0,0.0,0.0,0.0,0.0,0.0,0.0,0.0,0.0,0.41843647,-3.6964438,-2.0985272,-5.7317314,50.0,50.0,50.0,50.0,50.0,50.0,50.0,50.0,50.0,50.0,50.0,50.0,0.0,0.0,0.0,0.0,1.0,1.0,1.0,1.0,1.0,1.0,1.0,1.0,1.0,1.0,1.0,1.0,0.5,0.5,0.5,0.5
1788529335.8419507,131,2.243986000394216,1.4831249991402728,2.192014999309322,1.990185,4.186137,10907164,0,1,0.0,0.0,0.0,-0.021504402,0.6457068,-1.39106,0.031132739,0.64021057,-1.3990852,-0.03928247,0.64431703,-1.4043295,0.03277284,0.6543994,-1.407568,-16.562262,-10.4743595,-6.9789705,6.330426,-0.054257333,0.015502095,0.0060660373,0.027128667,0.0,-0.02426415,-0.05813286,0.03100419,0.026286162,-0.08526152,0.05813286,0.010110063,-0.03100419,-0.0077510476,0.034879714,-0.015502095,1.0884844,1.311129,4.694089,-1.7069415,1.4842969,5.2156544,2.0780158,1.3853438,5.4053144,-1.6327267,0.7668867,5.689805,0.024738282,0.0,0.024738282,-0.024738282,0.9996624,0.0022154164,0.007724159,0.024715075,0.0042610574,-0.0053263213,0.008522115,-0.1352724,-0.130484,9.516952,0.004811726,0.0153341945,0.049473677,30.243389129638672,2.1192691326141357,0.008560887,0.22854668,-0.047139566,-0.37321633,-0.085190155,-0.2739901,0.0872896,0.045972712,-0.058691964,0.20625058,0.52698606,-0.578496,0.062332466,0.17135133,0.31586182,-0.20230138,-0.021297539,0.6015025,-1.2781775,0.0021402217,0.7271367,-1.3117849,0.015583117,0.7128379,-1.2210345,-0.014672991,0.7215627,-1.1682534,0.0,0.0,0.0,0.0,0.0,0.0,0.0,0.0,0.0,0.0,0.0,0.0,0.0,0.0,0.0,0.0,0.4597271,-3.7321634,-2.0230138,-5.78496,50.0,50.0,50.0,50.0,50.0,50.0,50.0,50.0,50.0,50.0,50.0,50.0,0.0,0.0,0.0,0.0,1.0,1.0,1.0,1.0,1.0,1.0,1.0,1.0,1.0,1.0,1.0,1.0,0.5,0.5,0.5,0.5
1788529335.862095,132,2.2945150012674276,1.6663959995639743,2.2316009999485686,2.088364,4.324125,10907184,0,1,0.0,0.0,0.0,-0.021474123,0.64573705,-1.39106,0.031072184,0.64021057,-1.3990693,-0.039221913,0.6443473,-1.4043453,0.032833397,0.6543691,-1.4075996,-16.562262,-10.47433,-6.9789705,6.330426,0.034879714,0.0,-0.0060660373,0.0,0.034879714,0.012132075,0.019377619,0.011626571,-0.0080880495,-0.0038755238,-0.015502095,-0.0485283,-0.027128667,0.10851467,0.0,0.023253143,1.0637461,1.311129,4.694089,-1.6327267,1.4595586,5.2156544,2.1027539,1.3853438,5.4053144,-1.6327267,0.7668867,5.784635,0.024738282,0.0,0.024738282,0.0,0.9996597,0.0022047402,0.0077092024,0.02482595,0.0,-0.003195793,0.009587379,-0.039504327,-0.12569559,9.562442,0.004791335,0.015304285,0.04969527,30.243389129638672,2.1192691326141357,0.005168019,0.230082,-0.06454482,-0.36657518,-0.084904,-0.27829108,0.10071133,0.03731376,-0.05820348,0.20906793,0.51190954,-0.5767194,0.06560063,0.16889091,0.33253455,-0.20838527,-0.021226,0.60042727,-1.2748221,0.0012920047,0.7275205,-1.3161361,0.016400158,0.71222275,-1.2168663,-0.01455087,0.722267,-1.1720226,0.0,0.0,0.0,0.0,0.0,0.0,0.0,0.0,0.0,0.0,0.0,0.0,0.0,0.0,0.0,0.0,0.3731376,-3.665752,-2.0838528,-5.767194,50.0,50.0,50.0,50.0,50.0,50.0,50.0,50.0,50.0,50.0,50.0,50.0,0.0,0.0,0.0,0.0,1.0,1.0,1.0,1.0,1.0,1.0,1.0,1.0,1.0,1.0,1.0,1.0,0.5,0.5,0.5,0.5
1788529335.881917,133,2.16625400025805,1.5510650009673554,2.1035000008851057,0.105508,2.212976,10907206,0,1,0.0,0.0,0.0,-0.021504402,0.6457976,-1.3910443,0.031072184,0.6401803,-1.3991168,-0.03925219,0.6443776,-1.4043453,0.032833397,0.65430856,-1.4075838,-16.562231,-10.47439,-6.9789705,6.330426,0.027128667,0.034879714,0.0080880495,0.038755238,0.0077510476,-0.010110063,-0.06200838,-0.03100419,-0.010110063,-0.05813286,-0.054257333,-0.020220125,0.046506286,-0.023253143,-0.038755238,0.038755238,1.0637461,1.3606055,4.599259,-1.6327267,1.4842969,5.2630696,2.1027539,1.4595586,5.4053144,-1.6327267,0.791625,5.689805,-0.024738282,0.024738282,0.024738282,0.0,0.99965835,0.0021924719,0.007714662,0.024881069,0.0074568503,0.0,-0.011717907,-0.095768064,-0.22026655,9.564836,0.0047679204,0.0153155485,0.049805388,30.243389129638672,2.1192691326141357,0.0015359204,0.22079504,-0.078906395,-0.37531158,-0.09076795,-0.27257723,0.1152508,0.041425504,-0.052227482,0.19122325,0.5248445,-0.5806605,0.069573306,0.19120379,0.31773344,-0.20454107,-0.022691987,0.6018557,-1.2711873,0.0003839801,0.72519875,-1.3197266,0.017393326,0.717801,-1.2205666,-0.013056871,0.7178058,-1.1687888,0.0,0.0,0.0,0.0,0.0,0.0,0.0,0.0,0.0,0.0,0.0,0.0,0.0,0.0,0.0,0.0,0.41425502,-3.753116,-2.0454106,-5.8066053,50.0,50.0,50.0,50.0,50.0,50.0,50.0,50.0,50.0,50.0,50.0,50.0,0.0,0.0,0.0,0.0,1.0,1.0,1.0,1.0,1.0,1.0,1.0,1.0,1.0,1.0,1.0,1.0,0.5,0.5,0.5,0.5
1788529335.9021087,134,2.3102920004021144,1.6823010009829886,2.2448500003520167,2.0891,4.338462,10907224,0,1,0.0,0.0,0.0,-0.021474123,0.64576733,-1.39106,0.031072184,0.64021057,-1.3990693,-0.03925219,0.64431703,-1.4043453,0.032833397,0.65433884,-1.407568,-16.562231,-10.4743595,-6.9789705,6.3304563,0.04263076,0.011626571,0.0080880495,-0.034879714,0.04263076,0.028308174,-0.06200838,-0.07363495,-0.010110063,-0.0077510476,-0.011626571,0.0,0.019377619,0.054257333,0.0077510476,0.06200838,1.0884844,1.311129,4.646674,-1.6327267,1.4595586,5.2156544,2.1274922,1.4595586,5.3104844,-1.6327267,0.791625,5.689805,0.024738282,0.024738282,0.024738282,0.0,0.9996611,0.0021858644,0.007738487,0.024764061,0.009587379,0.009587379,-0.0149137005,-0.15442601,-0.19991584,9.4295635,0.0047540977,0.015364071,0.049571313,30.243389129638672,2.1534507274627686,0.002774803,0.20939398,-0.08174049,-0.36576718,-0.089690164,-0.27587414,0.12165769,0.040264025,-0.047132425,0.18343197,0.5206742,-0.5730794,0.06859396,0.18787517,0.31254596,-0.20839056,-0.022422541,0.6010315,-1.2695855,0.00069370074,0.7223485,-1.320435,0.01714849,0.71696883,-1.2218635,-0.011783106,0.715858,-1.1698314,0.0,0.0,0.0,0.0,0.0,0.0,0.0,0.0,0.0,0.0,0.0,0.0,0.0,0.0,0.0,0.0,0.40264025,-3.657672,-2.0839057,-5.730794,50.0,50.0,50.0,50.0,50.0,50.0,50.0,50.0,50.0,50.0,50.0,50.0,0.0,0.0,0.0,0.0,1.0,1.0,1.0,1.0,1.0,1.0,1.0,1.0,1.0,1.0,1.0,1.0,0.5,0.5,0.5,0.5
1788529335.9219117,135,2.933162000772427,1.626235000003362,2.871400000003632,1.371666,4.24729,10907244,0,1,0.0,0.0,0.0,-0.021474123,0.6457068,-1.3910443,0.031132739,0.64021057,-1.3990693,-0.03925219,0.64428675,-1.4043295,0.03280312,0.65433884,-1.4075838,-16.562262,-10.47439,-6.979001,6.3304563,0.011626571,-0.027128667,0.046506286,0.034879714,0.0,0.0040440247,-0.034879714,-0.054257333,0.0080880495,-0.046506286,-0.05038181,-0.020220125,-0.04263076,0.0,-0.04263076,0.03100419,1.0390079,1.3606055,4.646674,-1.6822032,1.5585117,5.2630696,2.1027539,1.3853438,5.3104844,-1.6327267,0.7668867,5.64239,0.024738282,0.0,0.024738282,0.0,0.9996637,0.0021966053,0.007758902,0.024650658,-0.0053263213,0.0,-0.006391586,-0.1340753,-0.1364695,9.55047,0.004774841,0.015404899,0.049344696,30.243389129638672,2.1534507274627686,0.004734358,0.22189847,-0.07272496,-0.3654675,-0.08824712,-0.26898244,0.10901057,0.042320386,-0.05298879,0.19421142,0.52984035,-0.57691157,0.069282785,0.18332961,0.31556818,-0.20915093,-0.02206178,0.6027544,-1.2727473,0.0011835895,0.72547466,-1.3181812,0.017320696,0.7158324,-1.221108,-0.0132471975,0.7185529,-1.1675398,0.0,0.0,0.0,0.0,0.0,0.0,0.0,0.0,0.0,0.0,0.0,0.0,0.0,0.0,0.0,0.0,0.42320386,-3.654675,-2.0915093,-5.7691154,50.0,50.0,50.0,50.0,50.0,50.0,50.0,50.0,50.0,50.0,50.0,50.0,0.0,0.0,0.0,0.0,1.0,1.0,1.0,1.0,1.0,1.0,1.0,1.0,1.0,1.0,1.0,1.0,0.5,0.5,0.5,0.5
1788529335.9421804,136,2.3749020001559984,1.7337909994239453,2.310899999429239,2.102796,4.417888,10907264,0,1,0.0,0.0,0.0,-0.021474123,0.6457068,-1.39106,0.031132739,0.64021057,-1.3990852,-0.039221913,0.6443473,-1.4043453,0.032833397,0.65433884,-1.4075838,-16.562292,-10.47439,-6.979001,6.330426,0.011626571,-0.0038755238,0.022242136,0.03100419,0.0077510476,-0.020220125,0.011626571,0.05038181,-0.010110063,0.0,-0.011626571,-0.020220125,-0.077510476,0.0,-0.038755238,-0.019377619,1.0390079,1.311129,4.694089,-1.6822032,1.5585117,5.2630696,2.1274922,1.3606055,5.4053144,-1.6327267,0.7668867,5.689805,0.049476564,0.024738282,0.0,-0.024738282,0.99966186,0.0022214972,0.007788963,0.024712851,-0.0042610574,-0.0074568503,0.013848436,-0.055066638,-0.090979666,9.487024,0.004827062,0.015463476,0.049469687,30.243389129638672,2.1192691326141357,0.0041733664,0.24337327,-0.06884572,-0.36130533,-0.083950914,-0.2745309,0.095957704,0.037938155,-0.056080796,0.21168841,0.5220057,-0.5793257,0.06736614,0.17050555,0.3307937,-0.20595445,-0.020987729,0.6013673,-1.2760105,0.0010433416,0.7308433,-1.3172114,0.016841535,0.7126264,-1.2173015,-0.014020199,0.72292215,-1.1694986,0.0,0.0,0.0,0.0,0.0,0.0,0.0,0.0,0.0,0.0,0.0,0.0,0.0,0.0,0.0,0.0,0.37938154,-3.6130533,-2.0595446,-5.7932568,50.0,50.0,50.0,50.0,50.0,50.0,50.0,50.0,50.0,50.0,50.0,50.0,0.0,0.0,0.0,0.0,1.0,1.0,1.0,1.0,1.0,1.0,1.0,1.0,1.0,1.0,1.0,1.0,0.5,0.5,0.5,0.5
1788529335.9621298,137,2.343701000427245,1.6984300000331132,2.2806590004620375,2.101836,4.386527,10907284,0,1,0.0,0.0,0.0,-0.021474123,0.64573705,-1.3910443,0.031072184,0.64015,-1.3990852,-0.03925219,0.6443776,-1.4043453,0.032833397,0.65433884,-1.4075838,-16.562262,-10.4743595,-6.9789705,6.3303957,0.07363495,-0.038755238,0.0080880495,0.023253143,-0.038755238,-0.0040440247,-0.077510476,-0.023253143,-0.010110063,-0.038755238,0.019377619,-0.020220125,-0.046506286,0.046506286,0.0,-0.054257333,1.0390079,1.311129,4.646674,-1.6327267,1.4595586,5.1208243,2.1027539,1.311129,5.4053144,-1.6079884,0.791625,5.689805,0.049476564,0.0,0.0,0.0,0.999659,0.0022202022,0.007761304,0.024837717,-0.008522115,0.0010652643,0.009587379,-0.04070143,-0.14604631,9.43914,0.004825027,0.015407635,0.04971934,30.243389129638672,2.1192691326141357,0.0066157524,0.24464843,-0.059057746,-0.3681597,-0.08417979,-0.2743342,0.08792721,0.04219549,-0.06101974,0.21530657,0.5273755,-0.57904416,0.06373109,0.16911796,0.32932967,-0.20121153,-0.021044947,0.60141647,-1.2780181,0.0016539381,0.73116213,-1.3147644,0.015932772,0.7122795,-1.2176676,-0.015254935,0.72382665,-1.168156,0.0,0.0,0.0,0.0,0.0,0.0,0.0,0.0,0.0,0.0,0.0,0.0,0.0,0.0,0.0,0.0,0.42195493,-3.6815972,-2.0121152,-5.7904415,50.0,50.0,50.0,50.0,50.0,50.0,50.0,50.0,50.0,50.0,50.0,50.0,0.0,0.0,0.0,0.0,1.0,1.0,1.0,1.0,1.0,1.0,1.0,1.0,1.0,1.0,1.0,1.0,0.5,0.5,0.5,0.5
1788529335.9832377,138,3.4243480004079174,1.7230379999091383,3.2729190006648423,0.0929,3.370363,10907306,0,1,0.0,0.0,0.0,-0.021504402,0.64573705,-1.39106,0.031072184,0.64021057,-1.399101,-0.039221913,0.64440787,-1.4043295,0.032863677,0.65433884,-1.4075838,-16.562231,-10.47439,-6.9789705,6.3303957,0.027128667,-0.05038181,0.0020220124,-0.0077510476,0.05813286,-0.030330187,-0.0038755238,0.038755238,0.020220125,0.0,0.023253143,-0.018198112,0.019377619,-0.015502095,-0.0077510476,-0.0038755238,1.0390079,1.2863907,4.599259,-1.6822032,1.4842969,5.2630696,2.1027539,1.4595586,5.4053144,-1.6327267,0.7668867,5.689805,0.024738282,0.024738282,0.0,0.0,0.9996597,0.002196448,0.0077494443,0.024814324,-0.0042610574,0.0010652643,-0.0010652643,-0.110133275,-0.21906945,9.555259,0.004776578,0.015385215,0.049672104,30.243389129638672,2.085087299346924,0.005823193,0.22883558,-0.07176522,-0.37459585,-0.086733826,-0.27310535,0.10132248,0.0427873,-0.054073565,0.19948764,0.5229221,-0.57879764,0.06657183,0.17700516,0.3237933,-0.20714012,-0.021683456,0.6017237,-1.2746693,0.0014557983,0.7272089,-1.3179413,0.016642958,0.7142513,-1.2190516,-0.013518391,0.71987194,-1.1692694,0.0,0.0,0.0,0.0,0.0,0.0,0.0,0.0,0.0,0.0,0.0,0.0,0.0,0.0,0.0,0.0,0.427873,-3.7459586,-2.0714011,-5.7879763,50.0,50.0,50.0,50.0,50.0,50.0,50.0,50.0,50.0,50.0,50.0,50.0,0.0,0.0,0.0,0.0,1.0,1.0,1.0,1.0,1.0,1.0,1.0,1.0,1.0,1.0,1.0,1.0,0.5,0.5,0.5,0.5
1788529336.0021815,139,2.420408000034513,1.6840930002217647,2.2842749986011768,0.084579,2.373238,10907326,0,1,0.0,0.0,0.0,-0.021474123,0.6457068,-1.39106,0.031132739,0.64024085,-1.3990852,-0.03925219,0.64431703,-1.4043295,0.03280312,0.6543994,-1.4075838,-16.562262,-10.4743595,-6.979001,6.3304563,0.038755238,-0.06200838,0.014154087,0.046506286,0.046506286,-0.030330187,-0.023253143,-0.011626571,0.020220125,-0.034879714,-0.015502095,-0.020220125,-0.034879714,0.054257333,-0.034879714,0.038755238,1.0637461,1.311129,4.646674,-1.6822032,1.4842969,5.2630696,2.1027539,1.3606055,5.2630696,-1.6327267,0.74214846,5.689805,0.024738282,-0.024738282,0.024738282,-0.024738282,0.9996628,0.0022389388,0.00777267,0.024677278,-0.0042610574,0.0053263213,-0.0074568503,-0.15083471,-0.11971009,9.502586,0.0048605814,0.015430208,0.049398687,30.243389129638672,2.1534507274627686,0.0040303003,0.22100136,-0.07291696,-0.36506784,-0.08736039,-0.2683429,0.111240946,0.03995339,-0.053416274,0.19876447,0.51702803,-0.5743948,0.06999539,0.18222152,0.3242829,-0.20774503,-0.021840097,0.6029143,-1.2721897,0.0010075751,0.72525036,-1.3182292,0.017498847,0.71555537,-1.2189292,-0.013354069,0.71969116,-1.170743,0.0,0.0,0.0,0.0,0.0,0.0,0.0,0.0,0.0,0.0,0.0,0.0,0.0,0.0,0.0,0.0,0.39953387,-3.6506784,-2.0774503,-5.743948,50.0,50.0,50.0,50.0,50.0,50.0,50.0,50.0,50.0,50.0,50.0,50.0,0.0,0.0,0.0,0.0,1.0,1.0,1.0,1.0,1.0,1.0,1.0,1.0,1.0,1.0,1.0,1.0,0.5,0.5,0.5,0.5
1788529336.0232189,140,3.3970189997489797,1.6922849990805844,3.267766998760635,0.081251,3.353786,10907346,0,1,0.0,0.0,0.0,-0.021443844,0.6457068,-1.39106,0.03110246,0.64024085,-1.3990693,-0.03925219,0.64431703,-1.4043295,0.03280312,0.6543994,-1.4075838,-16.562231,-10.47439,-6.979001,6.3304563,0.046506286,0.0,0.018198112,0.0,0.046506286,0.0020220124,0.0,0.015502095,0.020220125,-0.027128667,0.09301257,-0.020220125,0.019377619,-0.0038755238,-0.034879714,0.023253143,1.0390079,1.2863907,4.646674,-1.6822032,1.4842969,5.2630696,2.1027539,1.3853438,5.3104844,-1.6822032,0.791625,5.689805,0.024738282,0.0,0.024738282,-0.024738282,0.9996636,0.0022600405,0.007760109,0.0246492,-0.0010652643,0.0,0.008522115,-0.1448492,-0.10295067,9.5253315,0.0049017216,0.015404189,0.049342763,30.252243041992188,2.1192691326141357,0.008352583,0.2292257,-0.063095,-0.36282098,-0.08305425,-0.28507283,0.099391855,0.035904005,-0.056748345,0.2090363,0.5021659,-0.5763708,0.06339055,0.16690847,0.32635054,-0.2053035,-0.020763563,0.5987318,-1.275152,0.0020881458,0.7273064,-1.3157737,0.015847638,0.71172714,-1.2184123,-0.014187086,0.7222591,-1.1744585,0.0,0.0,0.0,0.0,0.0,0.0,0.0,0.0,0.0,0.0,0.0,0.0,0.0,0.0,0.0,0.0,0.35904005,-3.6282098,-2.053035,-5.7637076,50.0,50.0,50.0,50.0,50.0,50.0,50.0,50.0,50.0,50.0,50.0,50.0,0.0,0.0,0.0,0.0,1.0,1.0,1.0,1.0,1.0,1.0,1.0,1.0,1.0,1.0,1.0,1.0,0.5,0.5,0.5,0.5
1788529336.042273,141,3.2385820013587363,1.7488000012235716,2.9659640003956156,1.569817,4.540197,10907364,0,1,0.0,0.0,0.0,-0.021504402,0.6457068,-1.39106,0.031072184,0.64021057,-1.3990852,-0.03925219,0.6443473,-1.4043295,0.03280312,0.6543691,-1.4075838,-16.562262,-10.47439,-6.979001,6.3304563,-0.019377619,-0.054257333,0.0,0.0,0.015502095,-0.020220125,-0.0038755238,-0.0038755238,0.020220125,-0.06200838,0.027128667,-0.018198112,-0.038755238,0.0038755238,-0.038755238,0.05813286,1.0637461,1.311129,4.694089,-1.6327267,1.4842969,5.2156544,2.1027539,1.3853438,5.4053144,-1.58325,0.791625,5.689805,0.024738282,0.0,0.024738282,-0.049476564,0.9996617,0.0022511333,0.0077315783,0.024735132,0.006391586,-0.008522115,0.0074568503,-0.035913024,-0.19033903,9.609129,0.00488382,0.015347163,0.049514394,30.225683212280273,2.1876325607299805,0.0062010195,0.24342301,-0.06875877,-0.37055537,-0.0843574,-0.2724947,0.09494972,0.03948749,-0.060099065,0.21191652,0.5144332,-0.5781375,0.065050796,0.17165734,0.33258736,-0.20446573,-0.02108935,0.6018763,-1.2762625,0.0015502549,0.73085576,-1.3171897,0.016262699,0.71291435,-1.2168531,-0.015024766,0.7229791,-1.1713916,0.0,0.0,0.0,0.0,0.0,0.0,0.0,0.0,0.0,0.0,0.0,0.0,0.0,0.0,0.0,0.0,0.39487487,-3.7055538,-2.0446572,-5.781375,50.0,50.0,50.0,50.0,50.0,50.0,50.0,50.0,50.0,50.0,50.0,50.0,0.0,0.0,0.0,0.0,1.0,1.0,1.0,1.0,1.0,1.0,1.0,1.0,1.0,1.0,1.0,1.0,0.5,0.5,0.5,0.5
1788529336.0632076,142,3.38882700089016,1.7074539991881466,3.2545180001761764,0.084419,3.343769,10907386,0,1,0.0,0.0,0.0,-0.021504402,0.64573705,-1.3910443,0.031041905,0.6401803,-1.3990852,-0.039191633,0.64440787,-1.4043295,0.032863677,0.65433884,-1.4075838,-16.562262,-10.47439,-6.9789705,6.3303957,0.04263076,-0.05813286,0.018198112,-0.034879714,0.015502095,-0.020220125,0.03100419,0.015502095,0.026286162,0.019377619,0.04263076,-0.028308174,-0.038755238,-0.0077510476,-0.023253143,-0.0077510476,1.0390079,1.2616524,4.646674,-1.6079884,1.4842969,5.2630696,2.1274922,1.311129,5.4053144,-1.6327267,0.7668867,5.689805,0.0,-0.024738282,-0.024738282,-0.024738282,0.9996594,0.002230039,0.0077459416,0.024823116,-0.0021305287,0.010652643,0.0021305287,-0.092176765,-0.21906945,9.533711,0.0048437067,0.0153765,0.04969019,30.243389129638672,2.1534507274627686,0.005019149,0.23393673,-0.07290656,-0.37192982,-0.08777109,-0.26901042,0.114778794,0.036238298,-0.05354727,0.20282537,0.5048038,-0.57894886,0.06707846,0.18065564,0.3302157,-0.20665158,-0.021942772,0.60274744,-1.2713052,0.0012547872,0.7284842,-1.3182266,0.016769614,0.71516395,-1.2174461,-0.013386818,0.72070634,-1.173799,0.0,0.0,0.0,0.0,0.0,0.0,0.0,0.0,0.0,0.0,0.0,0.0,0.0,0.0,0.0,0.0,0.36238298,-3.7192984,-2.066516,-5.789489,50.0,50.0,50.0,50.0,50.0,50.0,50.0,50.0,50.0,50.0,50.0,50.0,0.0,0.0,0.0,0.0,1.0,1.0,1.0,1.0,1.0,1.0,1.0,1.0,1.0,1.0,1.0,1.0,0.5,0.5,0.5,0.5
1788529336.0831568,143,3.222293000362697,1.595577999978559,3.030765999938012,0.09802,3.133458,10907406,0,1,0.0,0.0,0.0,-0.021474123,0.64576733,-1.3910443,0.03110246,0.64021057,-1.3990852,-0.039221913,0.64431703,-1.4043453,0.032863677,0.6543691,-1.4075838,-16.562292,-10.4743595,-6.979001,6.3304563,0.05038181,0.027128667,0.020220125,0.015502095,0.015502095,-0.028308174,0.015502095,-0.09301257,-0.016176099,0.046506286,0.038755238,-0.020220125,-0.10851467,0.05038181,-0.038755238,0.06200838,1.0637461,1.311129,4.646674,-1.6327267,1.4842969,5.2630696,2.1027539,1.3853438,5.4053144,-1.6327267,0.7668867,5.689805,0.024738282,0.0,0.024738282,-0.024738282,0.99966186,0.0022338373,0.0077527952,0.02472463,0.0,0.0021305287,-0.013848436,-0.19632454,-0.18555063,9.48463,0.004850126,0.015390493,0.049493242,30.252243041992188,2.1534507274627686,0.0014308486,0.22254083,-0.100624025,-0.36708853,-0.09023978,-0.2683064,0.12981671,0.033966824,-0.046668045,0.18663098,0.50766206,-0.5755185,0.073374905,0.1918538,0.33445746,-0.20834123,-0.022559945,0.6029234,-1.2675458,0.00035771215,0.72563523,-1.325156,0.018343726,0.71796346,-1.2163856,-0.011667011,0.71665776,-1.1730845,0.0,0.0,0.0,0.0,0.0,0.0,0.0,0.0,0.0,0.0,0.0,0.0,0.0,0.0,0.0,0.0,0.33966824,-3.6708853,-2.0834122,-5.755185,50.0,50.0,50.0,50.0,50.0,50.0,50.0,50.0,50.0,50.0,50.0,50.0,0.0,0.0,0.0,0.0,1.0,1.0,1.0,1.0,1.0,1.0,1.0,1.0,1.0,1.0,1.0,1.0,0.5,0.5,0.5,0.5
1788529336.102561,144,2.738787999987835,1.6508759999851463,2.55206099973293,0.116164,2.672417,10907426,0,1,0.0,0.0,0.0,-0.021443844,0.6457068,-1.3910758,0.03110246,0.64024085,-1.3990693,-0.03925219,0.64431703,-1.4043295,0.032833397,0.6543994,-1.4075838,-16.562231,-10.4743595,-6.979001,6.3304563,0.05813286,-0.046506286,-0.014154087,-0.019377619,0.027128667,0.0020220124,-0.038755238,0.038755238,0.016176099,0.0,0.06975943,-0.020220125,0.015502095,0.06200838,-0.019377619,-0.011626571,1.0637461,1.2863907,4.599259,-1.6822032,1.4100821,5.2156544,2.1027539,1.3853438,5.4053144,-1.6327267,0.7668867,5.689805,0.024738282,-0.024738282,0.049476564,0.0,0.99966437,0.0022104962,0.00777247,0.024619838,0.0010652643,0.003195793,-0.008522115,-0.11731588,-0.1436521,9.531317,0.0048028114,0.015431491,0.04928333,30.243389129638672,2.1192691326141357,0.0060366634,0.22046468,-0.07970764,-0.36568052,-0.08855254,-0.27056682,0.11845095,0.038664058,-0.05021713,0.19374998,0.5115851,-0.5727183,0.068999276,0.18659914,0.32324293,-0.20795378,-0.022138136,0.60235834,-1.2703872,0.0015091659,0.7251162,-1.3199269,0.017249819,0.7166498,-1.2191892,-0.012554282,0.7184375,-1.1721036,0.0,0.0,0.0,0.0,0.0,0.0,0.0,0.0,0.0,0.0,0.0,0.0,0.0,0.0,0.0,0.0,0.38664058,-3.656805,-2.0795379,-5.7271833,50.0,50.0,50.0,50.0,50.0,50.0,50.0,50.0,50.0,50.0,50.0,50.0,0.0,0.0,0.0,0.0,1.0,1.0,1.0,1.0,1.0,1.0,1.0,1.0,1.0,1.0,1.0,1.0,0.5,0.5,0.5,0.5
1788529336.1219828,145,3.010828999322257,1.587769998877775,2.951402999315178,1.286703,4.242106,10907444,0,1,0.0,0.0,0.0,-0.021474123,0.6457068,-1.39106,0.031132739,0.64024085,-1.399101,-0.03925219,0.64428675,-1.4043295,0.032863677,0.6543691,-1.4075838,-16.562292,-10.4743595,-6.979001,6.3304563,0.0038755238,-0.10076362,0.022242136,0.054257333,0.06200838,-0.046506286,-0.038755238,-0.065883905,0.012132075,0.027128667,0.0,-0.016176099,-0.10076362,0.054257333,-0.04263076,0.046506286,1.0637461,1.311129,4.646674,-1.6327267,1.5585117,5.2156544,2.1027539,1.4595586,5.4053144,-1.6822032,0.7668867,5.689805,0.049476564,-0.024738282,0.024738282,-0.024738282,0.9996625,0.0022117142,0.007774718,0.02469087,-0.003195793,-0.010652643,0.0,-0.079008654,-0.05746084,9.498995,0.004806455,0.015435583,0.04942547,30.243389129638672,2.1192691326141357,0.0044018943,0.22872394,-0.0757848,-0.3610562,-0.08411197,-0.26734915,0.101382576,0.035459258,-0.053403735,0.20392112,0.5204272,-0.57576,0.06916134,0.1727041,0.3379669,-0.21147844,-0.021027993,0.6031627,-1.2746543,0.0011004736,0.727181,-1.3189461,0.017290335,0.713176,-1.2155082,-0.013350934,0.7209803,-1.1698931,0.0,0.0,0.0,0.0,0.0,0.0,0.0,0.0,0.0,0.0,0.0,0.0,0.0,0.0,0.0,0.0,0.35459256,-3.610562,-2.1147845,-5.7576,50.0,50.0,50.0,50.0,50.0,50.0,50.0,50.0,50.0,50.0,50.0,50.0,0.0,0.0,0.0,0.0,1.0,1.0,1.0,1.0,1.0,1.0,1.0,1.0,1.0,1.0,1.0,1.0,0.5,0.5,0.5,0.5
1788529336.1419494,146,2.2304170015559066,1.6207310000027064,2.175502999307355,2.093004,4.272411,10907464,0,1,0.0,0.0,0.0,-0.021474123,0.64576733,-1.3910443,0.03110246,0.6401803,-1.3990852,-0.039221913,0.6443473,-1.4043295,0.032863677,0.65433884,-1.4075838,-16.562262,-10.47439,-6.9789705,6.330426,0.08913705,0.034879714,0.022242136,0.054257333,-0.0038755238,-0.014154087,-0.027128667,-0.08526152,0.022242136,0.011626571,0.023253143,-0.020220125,-0.023253143,0.0038755238,0.0,0.0,1.0390079,1.2863907,4.694089,-1.6822032,1.4842969,5.2156544,2.1027539,1.3853438,5.3104844,-1.6327267,0.74214846,5.64239,0.024738282,0.0,0.024738282,-0.024738282,0.99965936,0.0021951972,0.0077575315,0.024827305,-0.010652643,0.0053263213,0.008522115,-0.077811554,-0.09696517,9.534908,0.0047746794,0.015401386,0.049698107,30.243389129638672,2.1192691326141357,0.004137585,0.2448448,-0.066691756,-0.36047834,-0.08103884,-0.2776308,0.09432009,0.041204147,-0.057923377,0.21684459,0.51371706,-0.569661,0.06686278,0.16690841,0.34087083,-0.20157073,-0.02025971,0.6005923,-1.2764199,0.0010343962,0.7312112,-1.3166729,0.016715694,0.71172714,-1.2147822,-0.014480844,0.72421116,-1.1715707,0.0,0.0,0.0,0.0,0.0,0.0,0.0,0.0,0.0,0.0,0.0,0.0,0.0,0.0,0.0,0.0,0.4120415,-3.6047835,-2.0157073,-5.6966105,50.0,50.0,50.0,50.0,50.0,50.0,50.0,50.0,50.0,50.0,50.0,50.0,0.0,0.0,0.0,0.0,1.0,1.0,1.0,1.0,1.0,1.0,1.0,1.0,1.0,1.0,1.0,1.0,0.5,0.5,0.5,0.5
1788529336.1632183,147,3.381050999450963,1.732447000904358,3.2343570001103217,0.082947,3.33593,10907486,0,1,0.0,0.0,0.0,-0.021474123,0.64576733,-1.3910443,0.03110246,0.64015,-1.3990693,-0.039221913,0.6443776,-1.4043295,0.032833397,0.65433884,-1.407568,-16.562292,-10.4743595,-6.9789405,6.3303957,0.081386,-0.015502095,0.0080880495,0.065883905,-0.046506286,0.012132075,-0.038755238,-0.038755238,0.020220125,-0.038755238,0.015502095,0.010110063,-0.09301257,0.05813286,0.03100419,-0.011626571,1.0637461,1.2863907,4.646674,-1.6822032,1.4842969,5.2630696,2.1027539,1.4595586,5.4527297,-1.6327267,0.6926719,5.689805,0.024738282,-0.024738282,0.024738282,-0.024738282,0.99966,0.002178268,0.007755376,0.024803251,0.0010652643,0.010652643,-0.019174758,-0.110133275,-0.20350714,9.479841,0.004740351,0.01539803,0.049649708,30.243389129638672,2.1876325607299805,0.0032200757,0.22856301,-0.08599537,-0.36274406,-0.08954237,-0.27071807,0.121109776,0.040962666,-0.049117558,0.19286765,0.5136223,-0.57205313,0.072411194,0.19010225,0.32795098,-0.20424949,-0.022385592,0.6023205,-1.2697225,0.00080501894,0.7271408,-1.3214988,0.018102799,0.7175256,-1.2180122,-0.012279389,0.71821696,-1.1715944,0.0,0.0,0.0,0.0,0.0,0.0,0.0,0.0,0.0,0.0,0.0,0.0,0.0,0.0,0.0,0.0,0.40962666,-3.6274407,-2.0424948,-5.7205315,50.0,50.0,50.0,50.0,50.0,50.0,50.0,50.0,50.0,50.0,50.0,50.0,0.0,0.0,0.0,0.0,1.0,1.0,1.0,1.0,1.0,1.0,1.0,1.0,1.0,1.0,1.0,1.0,0.5,0.5,0.5,0.5
1788529336.1822717,148,2.5918379997165175,1.7275179998250678,2.464088998749503,0.082435,2.551101,10907506,0,1,0.0,0.0,0.0,-0.021504402,0.64573705,-1.3910758,0.031132739,0.64024085,-1.3990852,-0.039221913,0.64428675,-1.4043295,0.03280312,0.6543691,-1.4075522,-16.562262,-10.47439,-6.979001,6.3304563,0.0,-0.027128667,0.0040440247,0.06200838,0.027128667,-0.016176099,0.019377619,-0.06975943,0.020220125,-0.038755238,0.038755238,0.032352198,-0.027128667,-0.011626571,-0.038755238,0.034879714,1.0637461,1.2863907,4.694089,-1.6822032,1.4842969,5.2630696,2.1027539,1.311129,5.3104844,-1.6079884,0.74214846,5.64239,0.024738282,-0.024738282,0.024738282,-0.024738282,0.99966264,0.0021755989,0.007794726,0.024686232,-0.003195793,0.009587379,-0.006391586,-0.1388637,-0.11851298,9.598354,0.0047351583,0.015477396,0.04941575,30.243389129638672,2.1876325607299805,0.0031552855,0.22913077,-0.07702528,-0.36374074,-0.087515295,-0.27268186,0.11226683,0.040018104,-0.05160808,0.1958688,0.504882,-0.57426643,0.06925832,0.1817449,0.32816246,-0.21379325,-0.021878824,0.6018295,-1.2719332,0.0007888214,0.7272827,-1.3192563,0.01731458,0.7154362,-1.2179593,-0.01290202,0.7189672,-1.1737795,0.0,0.0,0.0,0.0,0.0,0.0,0.0,0.0,0.0,0.0,0.0,0.0,0.0,0.0,0.0,0.0,0.40018106,-3.6374073,-2.1379325,-5.7426643,50.0,50.0,50.0,50.0,50.0,50.0,50.0,50.0,50.0,50.0,50.0,50.0,0.0,0.0,0.0,0.0,1.0,1.0,1.0,1.0,1.0,1.0,1.0,1.0,1.0,1.0,1.0,1.0,0.5,0.5,0.5,0.5
1788529336.2021391,149,2.3976230004336685,1.701660999970045,2.32706099995994,1.97492,4.315325,10907524,0,1,0.0,0.0,0.0,-0.021474123,0.6457068,-1.39106,0.03110246,0.64024085,-1.3990852,-0.03928247,0.64428675,-1.4043137,0.03280312,0.6543691,-1.4075838,-16.562262,-10.47439,-6.979001,6.330487,0.0038755238,-0.046506286,0.018198112,0.0,0.05038181,-0.022242136,-0.054257333,-0.023253143,0.022242136,-0.03100419,0.054257333,-0.020220125,-0.027128667,0.0,-0.038755238,0.096888095,1.0884844,1.311129,4.694089,-1.6327267,1.4595586,5.2630696,2.1027539,1.3606055,5.3104844,-1.6079884,0.74214846,5.64239,0.024738282,0.0,0.049476564,0.0,0.99966323,0.002187729,0.0077766282,0.024664426,0.008522115,-0.0042610574,-0.0010652643,-0.1448492,-0.1316811,9.5385,0.004758181,0.015440715,0.04937221,30.243389129638672,2.1876325607299805,0.005120015,0.22393197,-0.06425372,-0.363369,-0.08567603,-0.2707611,0.09754299,0.04031857,-0.055471875,0.20330569,0.5145724,-0.573608,0.0688184,0.17539474,0.32880545,-0.20678958,-0.021419007,0.60230976,-1.2756143,0.0012800037,0.725983,-1.3160634,0.0172046,0.7138487,-1.2177986,-0.013867969,0.72082645,-1.1713569,0.0,0.0,0.0,0.0,0.0,0.0,0.0,0.0,0.0,0.0,0.0,0.0,0.0,0.0,0.0,0.0,0.40318573,-3.6336899,-2.067896,-5.7360797,50.0,50.0,50.0,50.0,50.0,50.0,50.0,50.0,50.0,50.0,50.0,50.0,0.0,0.0,0.0,0.0,1.0,1.0,1.0,1.0,1.0,1.0,1.0,1.0,1.0,1.0,1.0,1.0,0.5,0.5,0.5,0.5
1788529336.2220895,150,2.332341000510496,1.6386520001105964,2.1980960009386763,0.084579,2.287379,10907546,0,1,0.0,0.0,0.0,-0.021534681,0.64576733,-1.3910443,0.031072184,0.64021057,-1.3990852,-0.03928247,0.64431703,-1.4043295,0.032833397,0.65433884,-1.4075838,-16.562231,-10.47439,-6.9789705,6.330426,-0.05813286,0.015502095,0.026286162,0.0077510476,0.015502095,-0.010110063,-0.09301257,-0.038755238,0.020220125,-0.0038755238,0.027128667,-0.026286162,0.023253143,-0.0038755238,0.015502095,0.015502095,1.0637461,1.3606055,4.694089,-1.6822032,1.4842969,5.2156544,2.1027539,1.4100821,5.3104844,-1.6822032,0.791625,5.689805,0.0,0.0,0.024738282,0.0,0.99966013,0.0021891708,0.007750142,0.024797026,0.006391586,-0.0010652643,0.0053263213,-0.047884032,-0.15203181,9.564836,0.0047617955,0.015387054,0.049637385,30.243389129638672,2.1192691326141357,0.008609591,0.22441202,-0.056100126,-0.37002295,-0.08404496,-0.27859312,0.096115746,0.042968027,-0.060869075,0.19879599,0.53061926,-0.58211666,0.06334025,0.17286721,0.32205617,-0.20008305,-0.02101124,0.60035175,-1.275971,0.0021523978,0.726103,-1.3140249,0.015835062,0.71321684,-1.2194859,-0.015217269,0.719699,-1.1673452,0.0,0.0,0.0,0.0,0.0,0.0,0.0,0.0,0.0,0.0,0.0,0.0,0.0,0.0,0.0,0.0,0.4296803,-3.7002296,-2.0008304,-5.8211665,50.0,50.0,50.0,50.0,50.0,50.0,50.0,50.0,50.0,50.0,50.0,50.0,0.0,0.0,0.0,0.0,1.0,1.0,1.0,1.0,1.0,1.0,1.0,1.0,1.0,1.0,1.0,1.0,0.5,0.5,0.5,0.5
1788529336.2421644,151,2.422711999315652,1.5966980008670362,2.1257409989630105,0.083012,2.212945,10907566,0,0,0.0,0.0,0.0,-0.021504402,0.64576733,-1.3910443,0.031041905,0.64021057,-1.3991168,-0.039221913,0.6443473,-1.4043453,0.032863677,0.65433884,-1.4075838,-16.562262,-10.47439,-6.9789405,6.330426,0.027128667,0.0,0.028308174,-0.05038181,0.038755238,-0.064704396,-0.015502095,-0.09301257,-0.010110063,0.0038755238,0.05813286,-0.020220125,-0.054257333,-0.011626571,0.023253143,0.038755238,1.0390079,1.311129,4.646674,-1.6822032,1.4842969,5.2630696,2.1027539,1.4100821,5.4053144,-1.6822032,0.7668867,5.689805,0.024738282,0.024738282,0.024738282,-0.024738282,0.999658,0.0021826518,0.007763165,0.024881642,-0.0053263213,0.0010652643,0.0010652643,-0.11731588,-0.19632454,9.569624,0.004750712,0.015413014,0.049806654,30.243389129638672,2.1876325607299805,0.005352402,0.22421128,-0.070051186,-0.3694862,-0.08581963,-0.27257508,0.108222015,0.04000002,-0.057998337,0.19643174,0.5225235,-0.5774903,0.06575386,0.1781829,0.33079818,-0.20480098,-0.021454908,0.60185623,-1.2729445,0.0013381005,0.7260528,-1.3175128,0.016438466,0.7145457,-1.2173004,-0.014499584,0.7191079,-1.1693691,0.0,0.0,0.0,0.0,0.0,0.0,0.0,0.0,0.0,0.0,0.0,0.0,0.0,0.0,0.0,0.0,0.4000002,-3.6948621,-2.0480099,-5.7749033,50.0,50.0,50.0,50.0,50.0,50.0,50.0,50.0,50.0,50.0,50.0,50.0,0.0,0.0,0.0,0.0,1.0,1.0,1.0,1.0,1.0,1.0,1.0,1.0,1.0,1.0,1.0,1.0,0.5,0.5,0.5,0.5
1788529336.263218,152,3.238838000470423,1.6836129998409888,3.0537430011463584,0.12234,3.181427,10907586,0,0,0.0,0.0,0.0,-0.023623824,0.63583624,-1.3901596,0.030951073,0.6452669,-1.399638,-0.038434714,0.64716315,-1.4024497,0.032530665,0.6571244,-1.402197,-16.56205,-10.479477,-6.982604,6.3200107,-0.11626572,-1.1432796,0.08492453,-0.011626571,0.15889648,-0.10918867,-0.034879714,0.019377619,0.05863836,0.011626571,-0.12789229,0.55403143,0.019377619,-0.740225,-0.7363495,-1.8214962,0.14842969,-0.6926719,5.974295,-1.5585117,4.0570784,4.314769,2.9685938,3.587051,9.672668,-2.4243517,3.2654533,11.996005,0.17316797,-1.3853438,-0.56898046,-1.7811563,0.99966055,0.0022188262,0.007750986,0.024778707,0.053263217,-0.06817692,-0.040480044,-0.107739076,0.14963761,10.225636,0.0048208535,0.015387358,0.049601194,30.181415557861328,4.2385382652282715,0.024173459,0.26726598,-0.13111503,-0.55018836,-0.104636885,-0.24366587,0.14506733,0.13091356,-0.04627981,0.13347843,0.5419327,-0.7875229,0.09838228,0.17171869,0.30111974,-0.2629792,-0.026159221,0.60908353,-1.2637331,0.0060433648,0.7368165,-1.3327787,0.02459557,0.71292967,-1.22472,-0.011569953,0.7033696,-1.1645168,0.0,0.0,0.0,0.0,0.0,0.0,0.0,0.0,0.0,0.0,0.0,0.0,0.0,0.0,0.0,0.0,1.3091356,-5.5018835,-2.6297922,-7.875229,50.0,50.0,50.0,50.0,50.0,50.0,50.0,50.0,50.0,50.0,50.0,50.0,0.0,0.0,0.0,0.0,1.0,1.0,1.0,1.0,1.0,1.0,1.0,1.0,1.0,1.0,1.0,1.0,0.5,0.5,0.5,0.5
1788529336.2820246,153,2.304180001374334,1.5957060004438972,2.146926000932581,0.096836,2.248434,10907606,0,0,0.0,0.0,0.0,-0.025682688,0.63395905,-1.3886114,0.030194135,0.65235186,-1.4001436,-0.03897971,0.65076613,-1.4024181,0.031380117,0.6652993,-1.3991008,-16.555359,-10.5126915,-7.00401,6.2650566,-0.054257333,-0.13176781,0.070770435,0.054257333,0.4728139,-0.07885849,0.054257333,0.18602514,0.018198112,-0.13564333,0.5735775,0.07481446,0.5464489,-2.8678875,-1.9958948,-4.4607277,0.024738282,-1.1132227,6.4010305,-1.2863907,3.9086485,3.508713,3.339668,3.0428088,9.008858,-2.1027539,1.311129,12.090836,0.32159767,-1.1874375,-0.22264454,-1.5585117,0.9996627,0.003027272,0.007981723,0.02452689,0.06178533,0.09906958,-0.020240022,0.46567222,0.4285621,10.923545,0.006444886,0.015810221,0.049111433,30.181415557861328,4.033447742462158,0.046076573,0.24032828,-0.051479544,-0.65833896,-0.11579825,-0.39431325,0.24905705,0.17329597,-0.080717415,0.15205845,0.28755346,-0.88504905,0.100061536,0.14192644,0.16743833,-0.26121855,-0.028949562,0.5714217,-1.2377357,0.011519143,0.7300821,-1.3128698,0.025015384,0.70548165,-1.2581403,-0.020179354,0.7080146,-1.2281116,0.0,0.0,0.0,0.0,0.0,0.0,0.0,0.0,0.0,0.0,0.0,0.0,0.0,0.0,0.0,0.0,1.7329597,-6.5833898,-2.6121855,-8.850491,50.0,50.0,50.0,50.0,50.0,50.0,50.0,50.0,50.0,50.0,50.0,50.0,0.0,0.0,0.0,0.0,1.0,1.0,1.0,1.0,1.0,1.0,1.0,1.0,1.0,1.0,1.0,1.0,0.5,0.5,0.5,0.5
1788529336.3019564,154,2.310484000190627,1.598329999978887,2.1671180002158508,2.030634,4.202264,10907624,0,0,0.0,0.0,0.0,-0.02737832,0.62754023,-1.3865421,0.030042747,0.6633426,-1.4008702,-0.03861636,0.6552775,-1.4015492,0.030380964,0.67671394,-1.3953253,-16.544641,-10.574609,-7.034621,6.1878796,-0.19377619,-0.5541999,0.325544,-0.0077510476,0.7906069,0.0,0.1472699,0.38755238,0.070770435,-0.077510476,0.81386006,0.07279245,0.93787676,-4.3018317,-2.1470401,-5.638887,0.024738282,-2.3253984,7.396746,-1.0390079,2.5975196,4.599259,3.240715,2.3006601,7.2545013,-2.4985664,0.64319533,8.629538,0.34633595,-0.96479297,-0.14842969,-1.3606055,0.9996475,0.0033088664,0.008902859,0.02479444,-0.018109493,0.119309604,0.0447411,0.108936176,-0.24779987,10.741586,0.007058039,0.017636273,0.049658444,30.199121475219727,3.6916301250457764,0.073838614,0.25400284,0.14834641,-0.70272183,-0.11051402,-0.3476134,0.22328849,0.21299374,-0.08783631,0.22057316,0.20318447,-0.88307464,0.08107057,0.17797413,0.25288707,-0.21042857,-0.027628506,0.5830967,-1.2441778,0.018459653,0.7335007,-1.2629133,0.020267643,0.7144936,-1.2367781,-0.021959078,0.7251433,-1.2492038,0.0,0.0,0.0,0.0,0.0,0.0,0.0,0.0,0.0,0.0,0.0,0.0,0.0,0.0,0.0,0.0,2.1299374,-7.0272183,-2.1042857,-8.830747,50.0,50.0,50.0,50.0,50.0,50.0,50.0,50.0,50.0,50.0,50.0,50.0,0.0,0.0,0.0,0.0,1.0,1.0,1.0,1.0,1.0,1.0,1.0,1.0,1.0,1.0,1.0,1.0,0.5,0.5,0.5,0.5
1788529336.3219485,155,2.236050000647083,1.5620409994880902,2.110093000737834,0.089699,2.203408,10907646,0,0,0.0,0.0,0.0,-0.029467463,0.6210003,-1.3827509,0.030103303,0.6795714,-1.3993537,-0.03864664,0.66278636,-1.3979475,0.029745102,0.69727236,-1.393335,-16.516603,-10.663019,-7.076767,6.0737333,-0.027128667,-0.28291324,0.101100616,0.065883905,0.8758684,0.13749684,-0.03100419,0.40305448,0.2749937,0.06200838,1.1820347,0.17389306,1.9028822,-5.1660733,-2.1044095,-6.3481083,0.12369141,-1.6079884,7.017426,-0.59371877,1.9295859,7.207086,3.1170235,2.3501368,8.060556,-2.6717343,0.24738282,7.396746,0.049476564,-0.791625,0.024738282,-1.0637461,0.9996156,0.0037972056,0.0098389005,0.02564336,0.020240022,0.010652643,0.08841694,-0.58418524,-0.23702596,8.859743,0.00809772,0.019476723,0.051374063,30.190269470214844,3.520721197128296,0.057372905,0.23111835,0.27717334,-0.7521719,-0.10841085,-0.28139168,0.1396666,0.24451175,-0.058161758,0.23555756,0.075160965,-0.76688725,0.06373569,0.16571689,0.45566258,-0.12099874,-0.027102713,0.5996521,-1.2650833,0.014343226,0.7277796,-1.2307066,0.015933923,0.71142924,-1.1860843,-0.0145404395,0.7288894,-1.2812097,0.0,0.0,0.0,0.0,0.0,0.0,0.0,0.0,0.0,0.0,0.0,0.0,0.0,0.0,0.0,0.0,2.4451175,-7.521719,-1.2099874,-7.6688724,50.0,50.0,50.0,50.0,50.0,50.0,50.0,50.0,50.0,50.0,50.0,50.0,0.0,0.0,0.0,0.0,1.0,1.0,1.0,1.0,1.0,1.0,1.0,1.0,1.0,1.0,1.0,1.0,0.5,0.5,0.5,0.5
1788529336.3419492,156,2.3136199997679796,1.5633530001650797,2.1886230006202823,2.006921,4.199448,10907664,0,0,0.0,0.0,0.0,-0.029800415,0.61661005,-1.3803812,0.029830804,0.6941954,-1.3973792,-0.038707197,0.66869044,-1.3927504,0.03019929,0.71456087,-1.3915657,-16.48563,-10.747978,-7.106288,5.9652185,0.0,-0.30229086,0.12536478,-0.0038755238,0.8836195,0.14962892,-0.06975943,0.24028248,0.3113899,-0.027128667,0.9301258,0.046506286,2.1276627,-5.495493,-1.3990641,-6.851926,0.12369141,-0.56898046,5.879465,-0.89057815,0.6926719,8.582122,2.9438555,2.0038009,10.573554,-2.2264454,-0.17316797,5.689805,0.12369141,-0.791625,0.12369141,-0.32159767,0.99959195,0.0038401159,0.009929425,0.026511239,-0.021305285,-0.008522115,0.08735167,-0.48961425,-0.15801731,8.452729,0.008205254,0.0196484,0.053112317,30.207975387573242,3.3156309127807617,0.011091409,0.1826501,0.38790473,-0.67176837,-0.13108619,-0.08464624,-0.007992201,0.26084822,-0.011393236,0.29411817,-0.02263403,-0.6399291,0.07969031,0.17971401,0.6512915,-0.11206365,-0.032771546,0.64883846,-1.301998,0.0027728523,0.71566254,-1.2030238,0.019922577,0.7149285,-1.1371771,-0.002848309,0.74352956,-1.3056585,0.0,0.0,0.0,0.0,0.0,0.0,0.0,0.0,0.0,0.0,0.0,0.0,0.0,0.0,0.0,0.0,2.6084824,-6.717684,-1.1206365,-6.399291,50.0,50.0,50.0,50.0,50.0,50.0,50.0,50.0,50.0,50.0,50.0,50.0,0.0,0.0,0.0,0.0,1.0,1.0,1.0,1.0,1.0,1.0,1.0,1.0,1.0,1.0,1.0,1.0,0.5,0.5,0.5,0.5
1788529336.3619556,157,2.3238289995788364,1.5309039990825113,2.099532999636722,0.085923,2.18936,10907686,0,0,0.0,0.0,0.0,-0.031314373,0.6188203,-1.3807446,0.029679418,0.71021223,-1.3931139,-0.03858608,0.67129433,-1.3861473,0.031259,0.73536146,-1.3889592,-16.447844,-10.854161,-7.12945,5.8435636,-0.08913705,0.651088,0.014154087,0.12789229,0.85261524,0.1314308,-0.06975943,-0.077510476,0.3862044,-0.034879714,1.0425159,0.119298734,1.9493885,-5.3676004,-0.7363495,-6.1814604,0.049476564,0.9895313,4.030278,-1.4842969,-0.47002736,9.814914,3.1665,2.3996134,12.612401,-1.6822032,-0.64319533,4.2199388,0.34633595,-0.5442422,-0.14842969,-0.074214846,0.9995676,0.003874022,0.010402924,0.027224632,0.0042610574,0.092677996,0.03515372,-0.31244332,-0.044292733,9.647436,0.008312984,0.02058737,0.05454492,30.199121475219727,3.4181759357452393,-0.03866937,0.12526272,0.34742463,-0.5207202,-0.15619004,-0.032192785,0.08532852,0.16959351,0.010436628,0.2798319,-0.16139112,-0.50776917,0.071275815,0.23049437,0.73866075,-0.13184202,-0.03904751,0.66195184,-1.2786678,-0.0096673425,0.7013157,-1.2131438,0.017818954,0.7276236,-1.1153347,0.002609157,0.739958,-1.3403478,0.0,0.0,0.0,0.0,0.0,0.0,0.0,0.0,0.0,0.0,0.0,0.0,0.0,0.0,0.0,0.0,1.6959351,-5.207202,-1.3184202,-5.0776916,50.0,50.0,50.0,50.0,50.0,50.0,50.0,50.0,50.0,50.0,50.0,50.0,0.0,0.0,0.0,0.0,1.0,1.0,1.0,1.0,1.0,1.0,1.0,1.0,1.0,1.0,1.0,1.0,0.5,0.5,0.5,0.5
1788529336.38204,158,2.230001000498305,1.5942979989631567,2.095244000884122,0.097124,2.19672,10907706,0,0,0.0,0.0,0.0,-0.035008192,0.6149751,-1.3802075,0.029467475,0.7223838,-1.3916606,-0.038737476,0.6711732,-1.3807288,0.031501234,0.75068194,-1.3873162,-16.422623,-10.935123,-7.1442256,5.7478256,-0.12014124,-0.13176781,0.07481446,-0.019377619,0.76347816,0.05863836,0.077510476,0.05038181,0.076836474,-0.0038755238,0.82161105,0.10514465,0.80223346,-4.1468105,-1.1665326,-4.6506286,-0.14842969,2.622258,5.2630696,-2.1027539,-1.8801094,9.388178,2.9191172,2.9438555,13.797777,-1.4842969,-1.4595586,2.2759218,0.44528908,-0.37107423,-0.049476564,-0.049476564,0.999551,0.0039259023,0.011179568,0.027521959,-0.038349517,0.06817692,0.03728425,-0.08738836,-0.053869538,9.157822,0.008465821,0.022134807,0.055148438,30.199121475219727,3.452357769012451,-0.045243807,0.20151055,0.32584393,-0.32309654,-0.16733171,0.085116796,0.10812803,0.015361492,0.0016809963,0.35381725,-0.15369543,-0.3739936,0.060621224,0.2574429,0.8119586,-0.15584785,-0.041832928,0.69127923,-1.2729679,-0.011310952,0.7203777,-1.218539,0.015155306,0.73436075,-1.0970103,0.00042024907,0.7584543,-1.3384238,0.0,0.0,0.0,0.0,0.0,0.0,0.0,0.0,0.0,0.0,0.0,0.0,0.0,0.0,0.0,0.0,0.15361491,-3.2309654,-1.5584785,-3.739936,50.0,50.0,50.0,50.0,50.0,50.0,50.0,50.0,50.0,50.0,50.0,50.0,0.0,0.0,0.0,0.0,1.0,1.0,1.0,1.0,1.0,1.0,1.0,1.0,1.0,1.0,1.0,1.0,0.5,0.5,0.5,0.5
1788529336.40204,159,2.316595999218407,1.6338829991582315,2.189744000133942,2.08814,4.282044,10907724,0,0,0.0,0.0,0.0,-0.035916567,0.6157017,-1.3802391,0.028771091,0.73516095,-1.3915026,-0.03897971,0.6738074,-1.3790228,0.031259,0.7623993,-1.3837146,-16.41805,-10.995527,-7.158032,5.683486,-0.04263076,0.096888095,0.010110063,-0.015502095,0.48056495,-0.0020220124,-0.11626572,0.2286559,0.11727672,-0.0077510476,0.65883905,0.21837734,-0.22478038,-2.6702359,-0.9301258,-3.491847,-0.32159767,3.8839102,5.4527297,-2.1027539,-1.311129,9.0562725,2.8696408,2.9685938,14.651247,-1.5090352,-0.791625,2.2285068,0.22264454,-0.22264454,-0.24738282,0.0,0.999535,0.004191892,0.011686187,0.027851699,0.019174758,-0.008522115,0.0447411,-0.1352724,0.20111294,8.841787,0.009033385,0.023130067,0.055819374,30.199121475219727,3.5890848636627197,-0.035755917,0.23158422,0.30833483,-0.17215379,-0.14910232,0.04028073,0.07488061,-0.14811766,-0.027285457,0.3776588,-0.088403724,-0.29436734,0.04216771,0.20757769,0.7692641,-0.16432989,-0.03727558,0.6800702,-1.2812798,-0.008938979,0.7278961,-1.2229162,0.010541927,0.72189444,-1.1076839,-0.006821364,0.7644147,-1.3221009,0.0,0.0,0.0,0.0,0.0,0.0,0.0,0.0,0.0,0.0,0.0,0.0,0.0,0.0,0.0,0.0,-1.4811766,-1.7215378,-1.6432989,-2.9436734,50.0,50.0,50.0,50.0,50.0,50.0,50.0,50.0,50.0,50.0,50.0,50.0,0.0,0.0,0.0,0.0,1.0,1.0,1.0,1.0,1.0,1.0,1.0,1.0,1.0,1.0,1.0,1.0,0.5,0.5,0.5,0.5
1788529336.4220002,160,2.288915000463021,1.641851000385941,2.1655510008713463,2.091308,4.260795,10907744,0,0,0.0,0.0,0.0,-0.036703706,0.6186992,-1.3804444,0.02792332,0.7435781,-1.3915026,-0.03973663,0.6780765,-1.3784225,0.030713975,0.7721487,-1.3802866,-16.428072,-11.031134,-7.179862,5.6311665,0.04263076,0.20152724,0.04044025,0.0,0.3604237,-0.0080880495,0.0,0.24803352,-0.010110063,-0.038755238,0.39530346,0.1273868,-0.8254866,-1.2517942,-1.1161509,-2.5423436,-0.049476564,2.9685938,5.0734096,-1.9295859,-1.2121758,8.866612,2.6717343,2.0038009,14.034852,-1.9295859,-0.89057815,2.8923175,-0.2721211,-0.14842969,-0.22264454,-0.049476564,0.99952096,0.0044316025,0.011677409,0.028316865,-0.015978964,0.0149137005,0.040480044,-0.1400608,0.4141969,9.388862,0.009522978,0.023094704,0.056755688,30.207975387573242,3.3498125076293945,0.0014523361,0.2544512,0.33703303,-0.016178198,-0.13442412,-0.030396469,0.08128386,-0.2815157,-0.050809063,0.4039278,0.015133096,-0.23834775,0.019634398,0.17080928,0.6592981,-0.18622701,-0.03360603,0.6624009,-1.279679,0.00036308402,0.73361284,-1.2157416,0.0049085994,0.71270233,-1.1351755,-0.012702266,0.77098197,-1.2962167,0.0,0.0,0.0,0.0,0.0,0.0,0.0,0.0,0.0,0.0,0.0,0.0,0.0,0.0,0.0,0.0,-2.815157,-0.16178198,-1.8622701,-2.3834774,50.0,50.0,50.0,50.0,50.0,50.0,50.0,50.0,50.0,50.0,50.0,50.0,0.0,0.0,0.0,0.0,1.0,1.0,1.0,1.0,1.0,1.0,1.0,1.0,1.0,1.0,1.0,1.0,0.5,0.5,0.5,0.5
1788529336.4421308,161,2.477464999174117,1.6799010008980986,2.2498420003103092,0.092483,2.346453,10907766,0,0,0.0,0.0,0.0,-0.03691566,0.6224536,-1.3804287,0.027741656,0.74872524,-1.3914869,-0.040554136,0.68201256,-1.3783909,0.029896498,0.7796575,-1.3763374,-16.451204,-11.046938,-7.2026916,5.585205,0.054257333,0.18214962,0.020220125,0.06975943,0.17439857,-0.02426415,-0.077510476,0.09301257,0.012132075,-0.11239019,0.18602514,0.22848742,-1.4261928,-0.13951886,-1.0231383,-1.7788655,0.12369141,1.8801094,5.1208243,-1.4100821,-0.9895313,9.245933,2.4985664,1.4842969,12.564985,-2.1027539,-0.6679336,4.030278,-0.59371877,-0.049476564,-0.37107423,-0.2721211,0.99951184,0.004615318,0.0120603265,0.028449079,0.03408846,0.06604639,-0.012783172,-0.17597382,-0.031124622,10.00896,0.009915321,0.023848535,0.05702882,30.207975387573242,3.1105401515960693,0.018096453,0.31730303,0.30973828,0.12732941,-0.14687456,-0.1012833,0.21320832,-0.33169097,-0.05893667,0.40561128,0.08473243,-0.17215914,0.0054326877,0.20127872,0.5576912,-0.21033363,-0.03671864,0.6446792,-1.2466979,0.004524113,0.74932575,-1.2225654,0.0013581719,0.7203197,-1.1605772,-0.014734168,0.77140284,-1.2788168,0.0,0.0,0.0,0.0,0.0,0.0,0.0,0.0,0.0,0.0,0.0,0.0,0.0,0.0,0.0,0.0,-3.3169098,1.2732941,-2.1033363,-1.7215914,50.0,50.0,50.0,50.0,50.0,50.0,50.0,50.0,50.0,50.0,50.0,50.0,0.0,0.0,0.0,0.0,1.0,1.0,1.0,1.0,1.0,1.0,1.0,1.0,1.0,1.0,1.0,1.0,0.5,0.5,0.5,0.5
1788529336.4626777,162,2.8375749989209,1.8179859998781467,2.594814999611117,0.110404,2.710179,10907786,0,0,0.0,0.0,0.0,-0.03724873,0.6261475,-1.3790386,0.027287493,0.7510566,-1.3915342,-0.04191661,0.6854339,-1.3773957,0.02835232,0.7835936,-1.3721511,-16.4803,-11.04385,-7.2224927,5.5569863,0.0077510476,0.24803352,0.1941132,0.081386,0.11626572,-0.0060660373,-0.09301257,0.2092783,0.09301257,-0.065883905,0.24803352,0.20017922,-1.8602515,0.36817476,-1.2130389,-1.2014123,0.0,0.74214846,6.638106,-1.1874375,-0.24738282,8.819198,2.3996134,1.6822032,11.047705,-2.1274922,-0.89057815,4.694089,-0.6679336,0.44528908,-0.37107423,-0.22264454,0.999514,0.004845307,0.012628079,0.028087687,0.03408846,0.02450108,-0.062850595,-0.29209262,0.5566519,9.93474,0.01039872,0.024974294,0.056317765,30.216827392578125,3.0079948902130127,0.04602366,0.33216512,0.2886672,0.20781788,-0.13352692,-0.2073873,0.2983036,-0.3292156,-0.04753971,0.35970008,0.19125396,-0.11025716,-0.0026608948,0.21211055,0.37817714,-0.19317386,-0.03338173,0.6181532,-1.225424,0.011505915,0.75304127,-1.2278332,-0.0006652237,0.72302765,-1.2054557,-0.011884928,0.759925,-1.2521864,0.0,0.0,0.0,0.0,0.0,0.0,0.0,0.0,0.0,0.0,0.0,0.0,0.0,0.0,0.0,0.0,-3.2921557,2.078179,-1.9317386,-1.1025716,50.0,50.0,50.0,50.0,50.0,50.0,50.0,50.0,50.0,50.0,50.0,50.0,0.0,0.0,0.0,0.0,1.0,1.0,1.0,1.0,1.0,1.0,1.0,1.0,1.0,1.0,1.0,1.0,0.5,0.5,0.5,0.5
1788529336.4826863,163,2.8136700002505677,1.7292470001848415,2.6696969998738496,2.055754,4.729739,10907804,0,0,0.0,0.0,0.0,-0.037188172,0.62905407,-1.3765268,0.026893884,0.7512988,-1.3915342,-0.043612152,0.6884011,-1.3753421,0.026959598,0.7859855,-1.3684072,-16.50846,-11.037128,-7.2429304,5.5365796,0.06975943,-0.29841533,0.2790377,0.038755238,0.13951886,-0.020220125,-0.023253143,0.11239019,0.014154087,0.011626571,0.019377619,0.37811634,-1.8525003,0.6975943,-1.3951886,-0.81386006,0.12369141,-0.17316797,7.491576,-0.86583984,-0.024738282,8.629538,2.3253984,1.6822032,8.819198,-1.9790626,-1.4100821,5.64239,-0.64319533,0.6926719,-0.24738282,-0.12369141,0.99952894,0.004888371,0.012700733,0.027510488,-0.064981125,0.0053263213,-0.07030744,-0.1436521,0.51116204,10.0341,0.010474439,0.02512318,0.05516461,30.207975387573242,2.905449628829956,0.07438281,0.42905006,0.29355258,0.2193377,-0.11403426,-0.21977091,0.32677916,-0.22955659,-0.07402921,0.3703626,0.35631862,-0.05762218,-0.008068519,0.2238985,0.2895109,-0.18633232,-0.028508564,0.6150573,-1.2183051,0.018595703,0.7772625,-1.2266119,-0.0020171297,0.7259746,-1.2276223,-0.018507302,0.76259065,-1.2109203,0.0,0.0,0.0,0.0,0.0,0.0,0.0,0.0,0.0,0.0,0.0,0.0,0.0,0.0,0.0,0.0,-2.2955658,2.193377,-1.8633232,-0.5762218,50.0,50.0,50.0,50.0,50.0,50.0,50.0,50.0,50.0,50.0,50.0,50.0,0.0,0.0,0.0,0.0,1.0,1.0,1.0,1.0,1.0,1.0,1.0,1.0,1.0,1.0,1.0,1.0,0.5,0.5,0.5,0.5
1788529336.5032227,164,3.3896590011863736,1.723645998936263,3.159890999086201,0.084451,3.262294,10907826,0,0,0.0,0.0,0.0,-0.036733985,0.6281761,-1.3704766,0.026954439,0.753388,-1.3914394,-0.043612152,0.69276106,-1.3741416,0.026323736,0.7863791,-1.3608563,-16.544186,-11.02208,-7.269514,5.524378,0.08913705,0.12789229,0.26690564,0.04263076,0.26353562,-0.0485283,0.027128667,0.19377619,0.088968545,-0.0038755238,0.04263076,0.42462263,-1.3293047,0.93400127,-1.2711718,-0.3410461,0.32159767,-0.7668867,7.6338215,-0.47002736,0.89057815,8.676952,2.2017071,1.58325,7.396746,-2.3006601,-1.2863907,7.491576,-0.51950395,0.59371877,-0.22264454,-0.14842969,0.99954164,0.0045152735,0.0129154455,0.027006561,-0.051132686,0.015978964,-0.015978964,-0.3866636,-0.11492168,9.631873,0.009727347,0.025577955,0.054149162,30.207975387573242,3.0079948902130127,0.0732945,0.42436227,0.30071774,0.18505237,-0.09958697,-0.33668408,0.3163281,-0.15861353,-0.079721995,0.41426805,0.3481291,-0.013104288,-0.026020542,0.13797453,0.24415703,-0.16746546,-0.024896743,0.585829,-1.2209179,0.018323625,0.77609056,-1.2248205,-0.0065051354,0.70449364,-1.2389607,-0.019930499,0.773567,-1.2129676,0.0,0.0,0.0,0.0,0.0,0.0,0.0,0.0,0.0,0.0,0.0,0.0,0.0,0.0,0.0,0.0,-1.5861354,1.8505237,-1.6746546,-0.13104288,50.0,50.0,50.0,50.0,50.0,50.0,50.0,50.0,50.0,50.0,50.0,50.0,0.0,0.0,0.0,0.0,1.0,1.0,1.0,1.0,1.0,1.0,1.0,1.0,1.0,1.0,1.0,1.0,0.5,0.5,0.5,0.5
1788529336.5220747,165,2.3423889997502556,1.6430679988843622,2.2057440000935458,2.124685,4.334877,10907844,0,0,0.0,0.0,0.0,-0.036461473,0.6280247,-1.3675225,0.026651664,0.75193465,-1.3911709,-0.043945223,0.69430524,-1.3711243,0.02614206,0.7860158,-1.3554221,-16.559113,-11.008516,-7.291435,5.519927,0.077510476,-0.25190905,0.15367295,-0.06975943,-0.15502095,0.0020220124,-0.05038181,-0.046506286,0.2608396,-0.011626571,-0.019377619,0.20422325,-0.6665901,0.75960267,-1.383562,-0.20540276,0.51950395,-1.9048477,7.396746,-0.44528908,1.3853438,8.676952,2.0780158,0.5442422,6.638106,-2.3253984,-0.6926719,7.301916,-0.44528908,0.5442422,-0.049476564,-0.024738282,0.999539,0.004231148,0.013147245,0.027040062,-0.03408846,0.013848436,0.023435814,-0.16280572,-0.4405331,9.528923,0.009172641,0.026056496,0.054211393,30.190269470214844,2.8370859622955322,0.058090605,0.52446103,0.32832447,0.14412302,-0.10984967,-0.25620693,0.25076213,-0.04549759,-0.0855399,0.4850137,0.33824593,0.042760763,-0.009844208,0.09818229,0.34710714,-0.13877851,-0.027462417,0.60594827,-1.2373095,0.014522651,0.8011153,-1.2179189,-0.002461052,0.69454557,-1.2132232,-0.021384975,0.79125345,-1.2154385,0.0,0.0,0.0,0.0,0.0,0.0,0.0,0.0,0.0,0.0,0.0,0.0,0.0,0.0,0.0,0.0,-0.4549759,1.4412302,-1.3877851,0.42760763,50.0,50.0,50.0,50.0,50.0,50.0,50.0,50.0,50.0,50.0,50.0,50.0,0.0,0.0,0.0,0.0,1.0,1.0,1.0,1.0,1.0,1.0,1.0,1.0,1.0,1.0,1.0,1.0,0.5,0.5,0.5,0.5
1788529336.5421977,166,2.3853990005591186,1.6583319993515033,2.1789909988001455,0.079043,2.262162,10907866,0,0,0.0,0.0,0.0,-0.036310196,0.6276916,-1.3651372,0.026258055,0.7512382,-1.389844,-0.043945223,0.69382083,-1.3642842,0.025657654,0.7870755,-1.352405,-16.561293,-10.997828,-7.315778,5.5177164,0.04263076,-0.096888095,0.050550308,0.038755238,-0.09301257,0.030330187,-0.011626571,-0.054257333,0.41046855,0.023253143,0.07363495,0.10918867,0.18990067,0.28291324,-0.9456278,0.03100419,0.4205508,-1.0390079,6.4958606,-0.64319533,2.5975196,9.008858,2.2017071,0.12369141,7.301916,-2.4243517,0.074214846,7.064841,-0.24738282,0.56898046,-0.22264454,0.22264454,0.9995299,0.0037344734,0.013788037,0.02713337,-0.06604639,0.053263217,-0.021305285,0.12569559,0.10534488,8.854955,0.008216833,0.027363867,0.054391377,30.207975387573242,2.8029043674468994,0.02565453,0.37723154,0.31106415,0.045922026,-0.122591294,-0.20042491,0.26833552,0.016873296,-0.049961723,0.43614623,0.2539404,0.09153582,0.013994395,0.13170457,0.37416708,-0.124101624,-0.030647824,0.6198938,-1.2329161,0.0064136325,0.7643079,-1.2222339,0.0034985987,0.70292616,-1.2064582,-0.012490431,0.7790366,-1.2365148,0.0,0.0,0.0,0.0,0.0,0.0,0.0,0.0,0.0,0.0,0.0,0.0,0.0,0.0,0.0,0.0,0.16873297,0.45922026,-1.2410163,0.9153582,50.0,50.0,50.0,50.0,50.0,50.0,50.0,50.0,50.0,50.0,50.0,50.0,0.0,0.0,0.0,0.0,1.0,1.0,1.0,1.0,1.0,1.0,1.0,1.0,1.0,1.0,1.0,1.0,0.5,0.5,0.5,0.5
1788529336.5621536,167,3.1814280009712093,1.585497999258223,3.0232459994294913,1.361969,4.389407,10907884,0,0,0.0,0.0,0.0,-0.036370635,0.6279036,-1.3636997,0.026258055,0.7482408,-1.3897808,-0.043854386,0.6935786,-1.3578391,0.025687933,0.7855314,-1.352247,-16.559204,-10.998464,-7.3271017,5.5179286,-0.0038755238,-0.015502095,0.15569495,0.08913705,-0.07363495,0.0,-0.05038181,-0.08913705,0.24870755,-0.015502095,-0.03100419,-0.0020220124,0.12014124,-0.03100419,-0.6317104,0.08526152,0.2721211,-0.37107423,6.638106,-1.0884844,0.791625,8.819198,2.5233047,0.56898046,7.6338215,-1.9295859,-0.2721211,6.069125,0.024738282,0.24738282,-0.32159767,0.32159767,0.9995359,0.003186318,0.014109264,0.026808586,-0.06604639,0.036218986,-0.04900216,-0.007182605,0.260968,9.101558,0.0071290405,0.028038265,0.053729158,30.225683212280273,2.597813844680786,-0.01012419,0.2744996,0.27451107,-0.005012147,-0.14598711,-0.15425155,0.29096615,0.008219518,-0.016567674,0.40442678,0.19785894,0.10967855,0.038928933,0.14920941,0.42268708,-0.10766342,-0.036496777,0.6314371,-1.2272584,-0.0025310474,0.73862493,-1.2313722,0.009732233,0.7073024,-1.1943282,-0.0041419184,0.7711067,-1.2505352,0.0,0.0,0.0,0.0,0.0,0.0,0.0,0.0,0.0,0.0,0.0,0.0,0.0,0.0,0.0,0.0,0.08219518,-0.05012147,-1.0766342,1.0967855,50.0,50.0,50.0,50.0,50.0,50.0,50.0,50.0,50.0,50.0,50.0,50.0,0.0,0.0,0.0,0.0,1.0,1.0,1.0,1.0,1.0,1.0,1.0,1.0,1.0,1.0,1.0,1.0,0.5,0.5,0.5,0.5
1788529336.5822458,168,3.2252370001515374,1.6911330003495095,3.0885920004948275,1.329008,4.42192,10907904,0,0,0.0,0.0,0.0,-0.037006497,0.62853944,-1.3624833,0.026076391,0.74687827,-1.3898124,-0.043793827,0.69415385,-1.3543795,0.025718212,0.78501666,-1.352405,-16.557993,-10.998796,-7.339122,5.5220766,-0.06975943,0.1472699,0.0808805,0.054257333,-0.40305448,-0.036396224,-0.05813286,0.0077510476,0.16580501,-0.019377619,-0.04263076,-0.032352198,-0.038755238,-0.015502095,-0.59683067,0.2790377,0.049476564,0.074214846,6.9700108,-1.5090352,-0.074214846,8.297632,2.8696408,0.6679336,8.202802,-1.4100821,-0.6926719,5.4053144,0.049476564,0.0,-0.14842969,0.34633595,0.99954504,0.0027023263,0.0143749155,0.02637934,-0.03728425,0.0149137005,-0.03408846,-0.1316811,-0.11971009,9.17099,0.0061631533,0.028598078,0.05285858,30.216827392578125,2.597813844680786,-0.03657448,0.26293823,0.25778806,-0.025592614,-0.16467503,-0.13811086,0.31832343,0.013560999,-0.0015010163,0.3946702,0.17370297,0.10024023,0.03992392,0.16220337,0.5113197,-0.084153935,-0.041168757,0.6354723,-1.220419,-0.00914362,0.7357346,-1.2355529,0.00998098,0.71055084,-1.17217,-0.00037525408,0.7686676,-1.2565742,0.0,0.0,0.0,0.0,0.0,0.0,0.0,0.0,0.0,0.0,0.0,0.0,0.0,0.0,0.0,0.0,0.13560998,-0.25592613,-0.8415394,1.0024023,50.0,50.0,50.0,50.0,50.0,50.0,50.0,50.0,50.0,50.0,50.0,50.0,0.0,0.0,0.0,0.0,1.0,1.0,1.0,1.0,1.0,1.0,1.0,1.0,1.0,1.0,1.0,1.0,0.5,0.5,0.5,0.5
1788529336.6021037,169,2.428024999971967,1.7048300014721463,2.2797940000600647,1.911685,4.1966,10907924,0,0,0.0,0.0,0.0,-0.038157105,0.6295991,-1.3614565,0.025531396,0.7456672,-1.3897965,-0.04400578,0.6954255,-1.3511727,0.025536537,0.78456247,-1.3524997,-16.558023,-10.998767,-7.3485384,5.530766,-0.15889648,0.13951886,0.10514465,0.038755238,0.065883905,0.020220125,-0.09301257,0.05038181,0.26690564,-0.09301257,0.0038755238,-0.020220125,-0.015502095,0.0,-0.4650629,0.51156914,-0.049476564,0.22264454,7.2545013,-1.9048477,-0.56898046,8.202802,2.8696408,0.74214846,9.0562725,-1.2616524,-0.8411016,5.0734096,0.024738282,-0.074214846,-0.14842969,0.22264454,0.99955004,0.0023667736,0.014501633,0.0261518,-0.030892665,0.030892665,-0.013848436,-0.49559975,-0.33399114,9.475053,0.0054922206,0.028870435,0.05239451,30.225683212280273,2.7003588676452637,-0.020871095,0.13836297,0.3250349,-0.04114292,-0.15626207,-0.18484455,0.293685,-0.012674088,0.0027870387,0.40452197,0.18356743,0.11388683,0.01749587,0.10124274,0.46255645,-0.062202472,-0.039065517,0.6237889,-1.2265787,-0.005217774,0.70459074,-1.2187412,0.0043739676,0.6953107,-1.1843609,0.0006967597,0.7711305,-1.2541081,0.0,0.0,0.0,0.0,0.0,0.0,0.0,0.0,0.0,0.0,0.0,0.0,0.0,0.0,0.0,0.0,-0.12674087,-0.41142917,-0.6220247,1.1388683,50.0,50.0,50.0,50.0,50.0,50.0,50.0,50.0,50.0,50.0,50.0,50.0,0.0,0.0,0.0,0.0,1.0,1.0,1.0,1.0,1.0,1.0,1.0,1.0,1.0,1.0,1.0,1.0,0.5,0.5,0.5,0.5
1788529336.6219552,170,2.2190890013007447,1.5411759995913599,2.0835960003751097,0.100676,2.188816,10907946,0,0,0.0,0.0,0.0,-0.03976178,0.6310221,-1.3596083,0.025743337,0.7435478,-1.3896701,-0.044338822,0.69427496,-1.3474447,0.025536537,0.783745,-1.352405,-16.558084,-10.998767,-7.3561077,5.5406365,0.038755238,-0.17052305,0.038418237,-0.019377619,-0.06975943,0.0040440247,-0.0038755238,-0.08526152,0.13749684,-0.05813286,-0.04263076,-0.032352198,0.0,0.065883905,-0.23253144,0.6239593,0.024738282,-0.12369141,6.7803507,-1.6822032,-2.0038009,9.008858,2.548043,0.22264454,8.250217,-1.1874375,-0.6679336,5.2630696,0.0,-0.24738282,-0.14842969,0.24738282,0.99954706,0.001870634,0.014708431,0.026188407,-0.025566343,0.01704423,0.021305285,-0.40342298,-0.50397944,10.113108,0.004511907,0.029309757,0.05245469,30.225683212280273,2.631995439529419,-0.015450457,0.19988903,0.34904784,8.850545e-05,-0.1475806,-0.1365117,0.26854455,-0.0074507277,-0.0149008185,0.45572072,0.18750516,0.12793684,0.009233568,0.080838345,0.55017316,-0.04780061,-0.03689515,0.63587207,-1.2328638,-0.0038626143,0.71997225,-1.212738,0.002308392,0.6902096,-1.1624566,-0.0037252046,0.7839302,-1.2531236,0.0,0.0,0.0,0.0,0.0,0.0,0.0,0.0,0.0,0.0,0.0,0.0,0.0,0.0,0.0,0.0,-0.07450728,0.00088505447,-0.47800612,1.2793684,50.0,50.0,50.0,50.0,50.0,50.0,50.0,50.0,50.0,50.0,50.0,50.0,0.0,0.0,0.0,0.0,1.0,1.0,1.0,1.0,1.0,1.0,1.0,1.0,1.0,1.0,1.0,1.0,0.5,0.5,0.5,0.5
1788529336.6420627,171,2.9042659989499953,1.6717409998818766,2.7677810012392,1.002244,3.773673,10907964,0,0,0.0,0.0,0.0,-0.03976178,0.6311735,-1.3585498,0.025501117,0.74439555,-1.3889277,-0.044581056,0.69351804,-1.343764,0.025294304,0.78332114,-1.3518363,-16.558144,-10.997889,-7.358984,5.549508,0.04263076,0.24415801,0.06672641,-0.06200838,0.034879714,0.016176099,-0.065883905,-0.12401676,0.325544,-0.06200838,0.08526152,-0.0040440247,0.034879714,-0.0077510476,-0.15114543,0.65496355,0.074214846,0.024738282,6.4010305,-1.58325,-1.3606055,9.245933,2.5233047,-0.074214846,9.103687,-1.4100821,-0.024738282,5.2630696,0.049476564,-0.024738282,-0.14842969,0.24738282,0.99953514,0.0016650972,0.015115177,0.026426991,-0.03728425,0.018109493,0.02237055,-0.7110779,-0.16160862,9.64145,0.0041294293,0.030132854,0.052928478,30.225683212280273,2.7345407009124756,8.13473e-05,0.114871055,0.39510894,-0.0025119781,-0.1319457,-0.1815829,0.23363331,-0.03894849,-0.01276974,0.41657495,0.19767545,0.10059282,-0.0071913283,0.05108093,0.5202564,-0.030253846,-0.032986425,0.6246043,-1.2415916,2.0336825e-05,0.6987178,-1.2012227,-0.0017978321,0.68277025,-1.1699358,-0.003192435,0.77414376,-1.2505811,0.0,0.0,0.0,0.0,0.0,0.0,0.0,0.0,0.0,0.0,0.0,0.0,0.0,0.0,0.0,0.0,-0.3894849,-0.025119781,-0.30253845,1.0059283,50.0,50.0,50.0,50.0,50.0,50.0,50.0,50.0,50.0,50.0,50.0,50.0,0.0,0.0,0.0,0.0,1.0,1.0,1.0,1.0,1.0,1.0,1.0,1.0,1.0,1.0,1.0,1.0,0.5,0.5,0.5,0.5
1788529336.661964,172,2.9837570000381675,1.5820739990886068,2.8505039990704972,1.365777,4.220633,10907984,0,0,0.0,0.0,0.0,-0.0391562,0.63165796,-1.3575388,0.025894726,0.74303305,-1.3881695,-0.04485354,0.6903994,-1.3394356,0.025324583,0.780687,-1.3511887,-16.558357,-10.997889,-7.3605585,5.5599236,0.13176781,-0.24803352,0.026286162,0.011626571,0.038755238,0.0970566,0.0077510476,-0.30616638,0.09301257,0.023253143,-0.17439857,0.054594334,-0.011626571,0.0,-0.06200838,0.5503244,0.074214846,-0.074214846,5.879465,-1.3853438,-2.3996134,9.625254,2.2511837,-0.024738282,8.676952,-1.3853438,-0.14842969,5.2156544,-0.14842969,0.0,-0.14842969,0.22264454,0.99952817,0.0012578357,0.015424051,0.026534222,-0.02450108,0.03408846,-0.0010652643,-0.39384618,-0.18674773,9.178172,0.003334599,0.030771652,0.053132344,30.216827392578125,2.7003588676452637,0.010211041,0.184618,0.34829614,0.061871447,-0.13027409,-0.14388078,0.29447675,-0.06262751,-0.03398979,0.42875507,0.23001654,0.10949689,-0.0013738144,0.06914312,0.5587454,-0.028569281,-0.03256852,0.6340298,-1.2263808,0.0025527603,0.7161545,-1.2129259,-0.0003434536,0.6872858,-1.1603136,-0.008497448,0.7771888,-1.2424958,0.0,0.0,0.0,0.0,0.0,0.0,0.0,0.0,0.0,0.0,0.0,0.0,0.0,0.0,0.0,0.0,-0.62627506,0.61871445,-0.2856928,1.0949689,50.0,50.0,50.0,50.0,50.0,50.0,50.0,50.0,50.0,50.0,50.0,50.0,0.0,0.0,0.0,0.0,1.0,1.0,1.0,1.0,1.0,1.0,1.0,1.0,1.0,1.0,1.0,1.0,0.5,0.5,0.5,0.5
1788529336.6821268,173,2.3965029995451914,1.5866819994698744,2.266961999339401,0.097188,2.368278,10908006,0,0,0.0,0.0,0.0,-0.038066268,0.63211215,-1.3553904,0.025440563,0.74345696,-1.3864477,-0.046004087,0.6884314,-1.3360076,0.023659348,0.77868867,-1.349214,-16.55872,-10.996345,-7.360377,5.5699754,0.0,0.13951886,0.17389306,-0.05038181,0.04263076,-0.022242136,-0.12789229,-0.027128667,0.27701572,-0.14339438,-0.015502095,0.082902506,-0.05038181,0.18990067,-0.10076362,0.37980133,0.24738282,0.0,6.4958606,-1.1874375,-1.4595586,9.103687,2.548043,-0.024738282,8.866612,-1.5585117,-0.049476564,5.5001445,-0.2721211,0.17316797,-0.074214846,0.2721211,0.99953026,0.0015397767,0.01572747,0.026260892,0.015978964,0.01704423,-0.031957928,-0.37948096,-0.06703765,9.619903,0.0039060724,0.031364433,0.052595645,30.225683212280273,2.7003588676452637,0.012106838,0.11448656,0.32145727,0.087399565,-0.12857118,-0.2032406,0.32740662,-0.08741367,-0.034501012,0.367247,0.23577563,0.07800549,-0.0022970624,0.079305306,0.48596856,-0.04140384,-0.032142796,0.61918986,-1.2181484,0.0030267094,0.69862163,-1.2196356,-0.0005742656,0.68982637,-1.1785078,-0.008625253,0.76181173,-1.2410561,0.0,0.0,0.0,0.0,0.0,0.0,0.0,0.0,0.0,0.0,0.0,0.0,0.0,0.0,0.0,0.0,-0.8741367,0.87399566,-0.41403842,0.7800549,50.0,50.0,50.0,50.0,50.0,50.0,50.0,50.0,50.0,50.0,50.0,50.0,0.0,0.0,0.0,0.0,1.0,1.0,1.0,1.0,1.0,1.0,1.0,1.0,1.0,1.0,1.0,1.0,0.5,0.5,0.5,0.5
1788529336.7022324,174,3.1537140002910746,1.757824000378605,3.0140620001475327,1.28875,4.306876,10908024,0,0,0.0,0.0,0.0,-0.037733197,0.63008356,-1.3534948,0.025622228,0.7420642,-1.386258,-0.04660964,0.68803775,-1.3335907,0.023023486,0.77596366,-1.3487085,-16.559053,-10.993044,-7.3604374,5.575244,0.07363495,-0.3759258,0.0808805,0.06200838,0.0,0.018198112,-0.011626571,-0.03100419,0.012132075,-0.027128667,-0.18214962,-0.0080880495,-0.023253143,0.34879714,0.054257333,0.30616638,0.22264454,-0.22264454,6.827766,-1.2616524,-2.2511837,8.676952,2.4243517,0.17316797,8.013142,-1.5585117,-0.56898046,5.64239,-0.37107423,0.22264454,-0.22264454,0.22264454,0.9995442,0.0013093071,0.01579987,0.025694322,-0.027696872,0.008522115,-0.06817692,-0.41299978,0.049081136,9.634268,0.003431065,0.031523272,0.051454846,30.225683212280273,2.631995439529419,0.017046737,0.19537549,0.2506057,0.13478148,-0.13963751,-0.18893453,0.40231454,-0.0933695,-0.048731804,0.3725071,0.30481222,0.07370916,0.007059289,0.0954439,0.46650633,-0.03803413,-0.03490938,0.6227664,-1.1994213,0.004261684,0.7188439,-1.2373486,0.0017648223,0.693861,-1.1833733,-0.012182951,0.7631268,-1.2237968,0.0,0.0,0.0,0.0,0.0,0.0,0.0,0.0,0.0,0.0,0.0,0.0,0.0,0.0,0.0,0.0,-0.93369496,1.3478148,-0.3803413,0.7370916,50.0,50.0,50.0,50.0,50.0,50.0,50.0,50.0,50.0,50.0,50.0,50.0,0.0,0.0,0.0,0.0,1.0,1.0,1.0,1.0,1.0,1.0,1.0,1.0,1.0,1.0,1.0,1.0,0.5,0.5,0.5,0.5
1788529336.7220256,175,2.3147399988374673,1.5842489992792252,2.092204000291531,0.084003,2.180591,10908046,0,0,0.0,0.0,0.0,-0.037824035,0.6255419,-1.3506671,0.025561674,0.74182194,-1.3851364,-0.047094077,0.6874323,-1.3320742,0.021842659,0.7748434,-1.3463547,-16.559507,-10.983658,-7.3617997,5.5810876,0.015502095,-0.065883905,0.13951886,-0.038755238,-0.10076362,0.0020220124,-0.13564333,-0.046506286,0.1314308,-0.05038181,-0.0038755238,0.095034584,-0.038755238,0.6317104,-0.11626572,0.28291324,0.12369141,-0.024738282,7.6812367,-1.1626992,-1.1626992,7.776067,2.6717343,0.37107423,7.4441614,-1.7069415,-0.56898046,6.3062005,-0.37107423,0.34633595,-0.074214846,0.17316797,0.99955714,0.0013438053,0.01596245,0.025080502,0.0,-0.008522115,-0.043675836,-0.49679685,-0.0023942017,9.168595,0.003488889,0.031848736,0.050228268,30.216827392578125,2.631995439529419,0.027387848,0.21052322,0.26659375,0.11463603,-0.122739926,-0.26896277,0.38132706,-0.083161786,-0.067593314,0.36957788,0.338457,0.04985172,-0.008366859,0.077331446,0.42817497,-0.037100278,-0.030684981,0.6027593,-1.2046682,0.006846962,0.7226308,-1.2333515,-0.0020917146,0.6893329,-1.1929562,-0.016898328,0.7623945,-1.2153857,0.0,0.0,0.0,0.0,0.0,0.0,0.0,0.0,0.0,0.0,0.0,0.0,0.0,0.0,0.0,0.0,-0.83161783,1.1463603,-0.3710028,0.4985172,50.0,50.0,50.0,50.0,50.0,50.0,50.0,50.0,50.0,50.0,50.0,50.0,0.0,0.0,0.0,0.0,1.0,1.0,1.0,1.0,1.0,1.0,1.0,1.0,1.0,1.0,1.0,1.0,0.5,0.5,0.5,0.5
1788529336.7450523,176,5.735695998737356,1.9234620012866799,4.520804001003853,0.107204,4.632968,10908066,0,0,0.0,0.0,0.0,-0.037490964,0.6224233,-1.3489611,0.025531396,0.7409742,-1.3848679,-0.047517955,0.6865239,-1.3305261,0.02141881,0.7740259,-1.3451699,-16.559628,-10.972758,-7.3637676,5.5854473,0.0077510476,-0.12014124,0.08492453,0.0,-0.11239019,0.04044025,0.019377619,-0.038755238,0.044484273,-0.03100419,-0.05813286,-0.012132075,-0.09301257,0.5658265,-0.1472699,0.15114543,0.2721211,-0.89057815,7.2545013,-0.9895313,-0.9400547,7.965727,2.4243517,0.22264454,7.017426,-1.8801094,-0.59371877,6.6855206,-0.37107423,0.24738282,-0.074214846,0.14842969,0.99956197,0.0011764164,0.015911521,0.024930183,-0.009587379,0.0053263213,0.008522115,-0.4165911,-0.272939,9.7324295,0.0031467476,0.031755786,0.04992185,30.225683212280273,2.597813844680786,0.032347836,0.27002242,0.29296765,0.11576036,-0.11519217,-0.29928866,0.35685351,-0.084996164,-0.07876247,0.4298911,0.33057132,0.055630077,-0.020815112,0.011703474,0.44474044,-0.01917629,-0.028798042,0.5951778,-1.2107866,0.008086959,0.7375056,-1.226758,-0.005203778,0.6729259,-1.1888149,-0.019690618,0.7774728,-1.2173572,0.0,0.0,0.0,0.0,0.0,0.0,0.0,0.0,0.0,0.0,0.0,0.0,0.0,0.0,0.0,0.0,-0.84996164,1.1576036,-0.1917629,0.55630076,50.0,50.0,50.0,50.0,50.0,50.0,50.0,50.0,50.0,50.0,50.0,50.0,0.0,0.0,0.0,0.0,1.0,1.0,1.0,1.0,1.0,1.0,1.0,1.0,1.0,1.0,1.0,1.0,0.5,0.5,0.5,0.5
1788529336.7632625,177,4.036083000755752,1.7635530002735322,3.8651319991913624,1.048102,4.918514,10908084,0,0,0.0,0.0,0.0,-0.037460685,0.6208792,-1.3471129,0.025319453,0.7401869,-1.3847257,-0.047820747,0.68588805,-1.3297362,0.02108574,0.77369285,-1.3445697,-16.559477,-10.965158,-7.3648276,5.587839,0.023253143,-0.1782741,0.028308174,-0.04263076,0.17052305,0.036396224,-0.10076362,-0.2751622,0.10312264,-0.034879714,0.26741114,-0.0040440247,-0.038755238,0.4224321,0.015502095,0.08526152,0.34633595,-1.0884844,7.017426,-0.89057815,-0.4205508,8.202802,2.3006601,-0.2721211,7.207086,-2.0038009,-0.049476564,6.638106,-0.37107423,0.4205508,-0.024738282,0.14842969,0.999556,0.0011736496,0.015969707,0.025129873,0.008522115,0.0,0.036218986,-0.4297592,-0.18435353,9.423578,0.0031504952,0.03187164,0.050321694,30.225683212280273,2.597813844680786,0.033817075,0.25238863,0.36436808,0.079794146,-0.09668692,-0.2980591,0.3038461,-0.06322409,-0.08008578,0.447754,0.2621433,0.077704474,-0.03177063,-0.017157871,0.5220464,-0.022406533,-0.02417173,0.5954852,-1.2240385,0.008454269,0.7330972,-1.208908,-0.007942658,0.66571057,-1.1694883,-0.020021444,0.7819385,-1.2344642,0.0,0.0,0.0,0.0,0.0,0.0,0.0,0.0,0.0,0.0,0.0,0.0,0.0,0.0,0.0,0.0,-0.6322409,0.79794145,-0.22406533,0.7770448,50.0,50.0,50.0,50.0,50.0,50.0,50.0,50.0,50.0,50.0,50.0,50.0,0.0,0.0,0.0,0.0,1.0,1.0,1.0,1.0,1.0,1.0,1.0,1.0,1.0,1.0,1.0,1.0,0.5,0.5,0.5,0.5
1788529336.783222,178,3.3953559996007243,1.717213999654632,3.1382259985548444,0.105316,3.24831,10908106,0,0,0.0,0.0,0.0,-0.03688538,0.62018275,-1.3460228,0.025016677,0.73930895,-1.3837464,-0.048335463,0.67974174,-1.3268296,0.020843506,0.77511585,-1.344854,-16.559355,-10.959618,-7.3641615,5.588384,0.12401676,-0.1472699,0.0080880495,0.0038755238,-0.15114543,0.11727672,-0.06975943,-0.3100419,0.2729717,-0.0077510476,0.1472699,-0.014154087,-0.011626571,0.096888095,-0.027128667,0.034879714,0.51950395,-1.1626992,6.2587852,-0.89057815,-0.24738282,9.0562725,2.2264454,-0.4205508,7.870897,-2.0780158,0.22264454,5.784635,-0.2721211,0.32159767,-0.074214846,0.34633595,0.99955034,0.001047086,0.01598773,0.025348507,-0.02450108,-0.008522115,0.003195793,-0.41060558,0.017956512,9.4535055,0.0029052433,0.031913415,0.050755326,30.225683212280273,2.631995439529419,0.008497445,0.2309365,0.34257156,0.05624401,-0.107913345,-0.22859946,0.2851062,-0.046699934,-0.05088701,0.42039448,0.24025787,0.09003146,-0.016945869,0.001216827,0.6026402,-0.015766788,-0.026978336,0.6128501,-1.2287234,0.0021243612,0.72773415,-1.214357,-0.004236467,0.67030424,-1.1493399,-0.012721753,0.7750986,-1.2399355,0.0,0.0,0.0,0.0,0.0,0.0,0.0,0.0,0.0,0.0,0.0,0.0,0.0,0.0,0.0,0.0,-0.46699935,0.5624401,-0.15766788,0.90031457,50.0,50.0,50.0,50.0,50.0,50.0,50.0,50.0,50.0,50.0,50.0,50.0,0.0,0.0,0.0,0.0,1.0,1.0,1.0,1.0,1.0,1.0,1.0,1.0,1.0,1.0,1.0,1.0,0.5,0.5,0.5,0.5
1788529336.8019638,179,2.9852280003979104,1.6683809990354348,2.8355910017126007,1.378578,4.218169,10908124,0,0,0.0,0.0,0.0,-0.036643147,0.6201525,-1.3456595,0.024925845,0.73767394,-1.382909,-0.048729062,0.67741036,-1.3227382,0.020570993,0.7754792,-1.3448856,-16.559174,-10.9589815,-7.363707,5.5885963,0.027128667,0.081386,-0.0040440247,-0.10076362,-0.14339438,-0.032352198,-0.054257333,-0.03100419,0.33161002,-0.08526152,-0.10076362,-0.03437421,-0.0038755238,0.09301257,0.06975943,0.06200838,0.44528908,-0.44528908,6.02171,-1.2121758,-0.44528908,8.819198,2.3501368,-0.2721211,8.771783,-1.6327267,0.074214846,5.4527297,-0.22264454,0.22264454,-0.049476564,0.37107423,0.9995557,0.0008700569,0.016152855,0.02503549,-0.018109493,0.027696872,-0.06817692,-0.35553896,-0.07062895,9.518148,0.0025494583,0.032253385,0.050123885,30.216827392578125,2.631995439529419,-0.012016727,0.116660625,0.31046832,0.025280543,-0.13043293,-0.1728094,0.33568782,-0.044080276,-0.013776271,0.323293,0.26257652,0.09206377,0.006309337,0.079869226,0.568381,-0.029679175,-0.032608233,0.6267977,-1.216078,-0.0030041817,0.69916517,-1.2223829,0.0015773342,0.68996733,-1.1579047,-0.0034440677,0.75082326,-1.2343558,0.0,0.0,0.0,0.0,0.0,0.0,0.0,0.0,0.0,0.0,0.0,0.0,0.0,0.0,0.0,0.0,-0.44080275,0.2528054,-0.29679176,0.9206377,50.0,50.0,50.0,50.0,50.0,50.0,50.0,50.0,50.0,50.0,50.0,50.0,0.0,0.0,0.0,0.0,1.0,1.0,1.0,1.0,1.0,1.0,1.0,1.0,1.0,1.0,1.0,1.0,0.5,0.5,0.5,0.5
1788529336.8222256,180,2.593053999589756,1.6535639988433104,2.3651100000279257,0.086883,2.455513,10908146,0,0,0.0,0.0,0.0,-0.03688538,0.62103057,-1.344917,0.02547084,0.73367727,-1.3829248,-0.048910737,0.67789483,-1.3185046,0.020419657,0.7702109,-1.3446013,-16.559204,-10.959103,-7.364101,5.590988,0.038755238,0.1472699,0.1273868,0.096888095,-0.054257333,-0.014154087,0.077510476,-0.13951886,0.0970566,-0.0077510476,-0.43405867,-0.012132075,0.038755238,0.06200838,-0.077510476,0.24803352,0.14842969,0.14842969,6.5906906,-1.5090352,-1.8801094,8.297632,2.6469963,0.7668867,8.250217,-1.1626992,-0.64319533,5.784635,-0.14842969,0.074214846,-0.024738282,0.2721211,0.999574,0.00042063222,0.016565088,0.024026485,-0.036218986,0.0447411,-0.10013484,-0.39145198,-0.08738836,9.215282,0.0016378057,0.033101898,0.048091307,30.216827392578125,2.666177272796631,-0.032673046,0.09570736,0.20526378,0.054909445,-0.15281092,-0.19983411,0.45397905,-0.0758752,0.0009903833,0.2881024,0.28110212,0.09189503,0.016825542,0.11229344,0.55483687,-0.046803024,-0.03820273,0.6200415,-1.1865052,-0.0081682615,0.6939269,-1.248684,0.0042063855,0.6980734,-1.1612908,0.00024759583,0.7420256,-1.2297244,0.0,0.0,0.0,0.0,0.0,0.0,0.0,0.0,0.0,0.0,0.0,0.0,0.0,0.0,0.0,0.0,-0.758752,0.54909444,-0.46803024,0.9189503,50.0,50.0,50.0,50.0,50.0,50.0,50.0,50.0,50.0,50.0,50.0,50.0,0.0,0.0,0.0,0.0,1.0,1.0,1.0,1.0,1.0,1.0,1.0,1.0,1.0,1.0,1.0,1.0,0.5,0.5,0.5,0.5
1788529336.842105,181,2.394838998952764,1.5745849996164907,2.2584819998883177,0.099844,2.362006,10908166,0,0,0.0,0.0,0.0,-0.037824035,0.6208186,-1.3423105,0.02522862,0.732769,-1.3831302,-0.048971295,0.6763507,-1.3170829,0.020177424,0.766729,-1.3435745,-16.559597,-10.957347,-7.3665533,5.5982547,-0.0077510476,-0.096888095,0.22444338,-0.046506286,-0.038755238,0.028308174,0.019377619,-0.081386,0.08694653,-0.023253143,-0.019377619,0.04044025,-0.065883905,0.18602514,-0.14339438,0.4921915,0.0,0.049476564,7.870897,-1.7811563,-2.0285392,6.9700108,2.8201642,1.1874375,7.965727,-0.9895313,-1.2121758,5.879465,-0.2721211,0.14842969,-0.12369141,0.12369141,0.99958163,0.00024415457,0.016880115,0.023487289,-0.027696872,0.0042610574,-0.0149137005,-0.581791,-0.2801216,9.52174,0.001281771,0.03374104,0.047007225,30.216827392578125,2.7003588676452637,-0.005959753,0.16609722,0.28114945,0.059793405,-0.124574825,-0.27452207,0.40054944,-0.074448705,-0.032284304,0.35961443,0.31294703,0.10039128,-0.018517815,0.029414557,0.5425009,-0.035680313,-0.031143706,0.6013695,-1.1998626,-0.0014899382,0.7115243,-1.2297126,-0.0046294536,0.6773537,-1.1643747,-0.008071076,0.7599036,-1.2217631,0.0,0.0,0.0,0.0,0.0,0.0,0.0,0.0,0.0,0.0,0.0,0.0,0.0,0.0,0.0,0.0,-0.74448705,0.59793407,-0.35680312,1.0039128,50.0,50.0,50.0,50.0,50.0,50.0,50.0,50.0,50.0,50.0,50.0,50.0,0.0,0.0,0.0,0.0,1.0,1.0,1.0,1.0,1.0,1.0,1.0,1.0,1.0,1.0,1.0,1.0,0.5,0.5,0.5,0.5
1788529336.8642967,182,5.3786909993505105,1.7310070015810197,3.3479619996796828,0.089251,3.442333,10908186,0,0,0.0,0.0,0.0,-0.03730929,0.614854,-1.3399726,0.025137788,0.7323148,-1.3824825,-0.049455732,0.6747459,-1.3154874,0.01996547,0.7663051,-1.3430848,-16.559689,-10.953017,-7.3690057,5.608125,0.11239019,-0.60070616,0.054594334,-0.04263076,-0.12401676,0.020220125,0.0,0.0077510476,0.12334275,-0.038755238,-0.11626572,-0.018198112,-0.019377619,0.20152724,-0.19765173,0.724723,0.22264454,-0.12369141,7.112256,-1.4100821,-1.0637461,8.013142,2.3996134,0.22264454,7.6338215,-1.4100821,-0.2721211,6.3062005,-0.32159767,0.12369141,-0.049476564,0.12369141,0.9995742,-3.3054985e-06,0.01667851,0.023941059,-0.0010652643,-0.02450108,0.079894826,-0.47524905,-0.46447513,9.5013895,0.00079243496,0.033349156,0.047906566,30.225683212280273,2.597813844680786,0.017575087,0.29696265,0.35763705,0.045717232,-0.09258716,-0.25524318,0.29088873,-0.05927264,-0.07928031,0.47773358,0.3410824,0.11341019,-0.03957831,-0.07733612,0.614489,-0.016833186,-0.02314679,0.60618925,-1.2272778,0.0043937718,0.7442407,-1.2105907,-0.009894578,0.650666,-1.1463777,-0.019820077,0.7894334,-1.2147293,0.0,0.0,0.0,0.0,0.0,0.0,0.0,0.0,0.0,0.0,0.0,0.0,0.0,0.0,0.0,0.0,-0.5927264,0.45717233,-0.16833186,1.1341019,50.0,50.0,50.0,50.0,50.0,50.0,50.0,50.0,50.0,50.0,50.0,50.0,0.0,0.0,0.0,0.0,1.0,1.0,1.0,1.0,1.0,1.0,1.0,1.0,1.0,1.0,1.0,1.0,0.5,0.5,0.5,0.5
1788529336.8820956,183,2.4514819997421,1.6337229990313062,2.3037629998725606,2.031305,4.339709,10908204,0,0,0.0,0.0,0.0,-0.03697622,0.6129465,-1.3385509,0.024350572,0.7326782,-1.3818822,-0.049758494,0.67253566,-1.314113,0.019359946,0.7686062,-1.3428162,-16.559597,-10.950928,-7.369339,5.6153617,0.12014124,0.04263076,-0.016176099,-0.027128667,0.5658265,0.101100616,-0.1472699,-0.7867313,0.18198112,-0.22478038,0.76347816,0.022242136,-0.038755238,-0.0038755238,0.09301257,0.39917895,0.51950395,-0.32159767,5.689805,-1.0637461,0.0,8.771783,2.2264454,-0.32159767,8.487292,-1.8058946,0.32159767,6.6855206,-0.2721211,0.14842969,-0.074214846,0.32159767,0.999559,7.127032e-05,0.016624382,0.024609655,0.031957928,0.0053263213,0.064981125,-0.29568392,-0.3890578,9.08001,0.00096124934,0.033236712,0.049247064,30.216827392578125,2.7003588676452637,0.043187886,0.13682044,0.4507357,0.032669768,-0.06088436,-0.32729664,0.22381414,-0.096761286,-0.08288619,0.45910373,0.19015938,0.11030933,-0.06646925,-0.14462154,0.6108015,-0.026868977,-0.01522109,0.58817583,-1.2440464,0.010796972,0.70420516,-1.1873161,-0.016617313,0.6338446,-1.1472995,-0.020721547,0.784776,-1.2524601,0.0,0.0,0.0,0.0,0.0,0.0,0.0,0.0,0.0,0.0,0.0,0.0,0.0,0.0,0.0,0.0,-0.96761286,0.32669768,-0.26868975,1.1030934,50.0,50.0,50.0,50.0,50.0,50.0,50.0,50.0,50.0,50.0,50.0,50.0,0.0,0.0,0.0,0.0,1.0,1.0,1.0,1.0,1.0,1.0,1.0,1.0,1.0,1.0,1.0,1.0,0.5,0.5,0.5,0.5
1788529336.9023473,184,2.6865939998970134,1.6783009996288456,2.3889829990366707,0.080931,2.478234,10908226,0,0,0.0,0.0,0.0,-0.03618908,0.61013067,-1.3388668,0.02413863,0.7285604,-1.3798919,-0.051877916,0.66178715,-1.310069,0.01778549,0.7685759,-1.3438588,-16.55972,-10.951625,-7.365736,5.619903,-0.038755238,-0.22478038,0.04044025,0.05038181,-0.5464489,0.10312264,-0.08526152,-0.2945398,0.19613521,-0.08913705,0.023253143,0.0060660373,-0.096888095,0.038755238,0.38367686,0.08913705,0.9895313,-0.89057815,4.694089,-0.791625,-0.7668867,10.004574,1.9048477,-1.1132227,8.107972,-1.9048477,0.791625,4.788919,-0.44528908,0.14842969,-0.2721211,0.47002736,0.99955714,0.0003318225,0.016717857,0.02461746,0.0053263213,0.009587379,-0.06817692,-0.039504327,0.4189853,9.631873,0.001487284,0.033410788,0.049271632,30.216827392578125,2.666177272796631,-0.0038747806,0.17614424,0.34062132,0.07138648,-0.13278557,-0.14735611,0.34727234,-0.09313144,-0.041280564,0.35729727,0.24985223,0.08944912,-0.0068342295,0.040289283,0.70445186,-0.010074912,-0.033196393,0.633161,-1.2131819,-0.00096869515,0.7140361,-1.2148446,-0.0017085574,0.6800723,-1.123887,-0.010320141,0.7593243,-1.2375369,0.0,0.0,0.0,0.0,0.0,0.0,0.0,0.0,0.0,0.0,0.0,0.0,0.0,0.0,0.0,0.0,-0.93131435,0.7138648,-0.10074912,0.8944912,50.0,50.0,50.0,50.0,50.0,50.0,50.0,50.0,50.0,50.0,50.0,50.0,0.0,0.0,0.0,0.0,1.0,1.0,1.0,1.0,1.0,1.0,1.0,1.0,1.0,1.0,1.0,1.0,0.5,0.5,0.5,0.5
1788529336.923357,185,3.642499999841675,1.7185579999932088,3.289143000074546,0.139493,3.436605,10908246,0,0,0.0,0.0,0.0,-0.037460685,0.6143695,-1.3381085,0.02413863,0.72771263,-1.3789756,-0.052362353,0.6633616,-1.3059934,0.016756058,0.7642462,-1.3429583,-16.559809,-10.950201,-7.3609824,5.6205997,-0.038755238,0.86036634,0.038418237,0.011626571,-0.0077510476,-0.046506286,-0.13564333,0.651088,0.31745595,-0.054257333,-0.26741114,0.050550308,-0.054257333,0.05038181,0.1472699,0.065883905,0.2721211,0.074214846,6.4010305,-1.3606055,-0.74214846,8.582122,2.7459493,0.24738282,9.198518,-1.2616524,-0.024738282,5.5001445,-0.37107423,0.2721211,-0.074214846,0.4205508,0.99958026,0.0003543021,0.017233064,0.02328083,-0.029827401,0.05219795,-0.16192017,-0.50757074,0.044292733,9.540894,0.0015116042,0.034441974,0.046598814,30.225683212280273,2.7003588676452637,-0.019921672,-0.15161617,0.30988264,0.03956966,-0.15315653,-0.27887303,0.4817411,-0.14723498,0.018658854,0.14705808,0.2919939,0.05632649,0.0028093867,0.11854517,0.42813095,-0.056660634,-0.038289133,0.6002818,-1.1795647,-0.004980418,0.632096,-1.2225293,0.0007023467,0.6996363,-1.1929672,0.0046647135,0.7067645,-1.2270014,0.0,0.0,0.0,0.0,0.0,0.0,0.0,0.0,0.0,0.0,0.0,0.0,0.0,0.0,0.0,0.0,-1.4723498,0.3956966,-0.56660634,0.5632649,50.0,50.0,50.0,50.0,50.0,50.0,50.0,50.0,50.0,50.0,50.0,50.0,0.0,0.0,0.0,0.0,1.0,1.0,1.0,1.0,1.0,1.0,1.0,1.0,1.0,1.0,1.0,1.0,0.5,0.5,0.5,0.5
1788529336.9434216,186,3.689349998239777,1.6797730004327605,3.39253899983305,0.110724,3.509855,10908266,0,0,0.0,0.0,0.0,-0.03764236,0.6105546,-1.3371766,0.024835013,0.72077906,-1.3787861,-0.053089023,0.661878,-1.3045243,0.016544104,0.7559502,-1.3426899,-16.562807,-10.949595,-7.3639493,5.6227794,-0.015502095,-0.51544464,0.28712577,0.13176781,-0.046506286,0.022242136,-0.0038755238,0.034879714,-0.24466349,0.027128667,-0.5813286,0.050550308,-0.32941952,0.2596601,-0.3914279,0.038755238,-0.024738282,0.0,7.8234816,-1.7069415,-4.7002735,8.202802,2.8449025,1.9295859,6.02171,-0.56898046,-2.1274922,6.02171,-0.51950395,0.049476564,-0.049476564,0.22264454,0.99961996,0.00020681211,0.017045185,0.021668334,0.04687163,-0.10013484,-0.15020227,0.039504327,-0.3866636,9.487024,0.0011528179,0.034075044,0.043366008,30.216827392578125,3.0421764850616455,-0.03212285,0.17977425,0.07712972,0.10588836,-0.16896139,-0.23014474,0.61093915,-0.11345743,-0.03990545,0.22977704,0.45364767,0.029208053,0.021700907,0.10987352,0.5794217,-0.08445285,-0.042240348,0.61246383,-1.1472652,-0.008030713,0.7149436,-1.2807175,0.005425227,0.6974684,-1.1551446,-0.009976363,0.7274443,-1.186588,0.0,0.0,0.0,0.0,0.0,0.0,0.0,0.0,0.0,0.0,0.0,0.0,0.0,0.0,0.0,0.0,-1.1345743,1.0588835,-0.84452856,0.29208052,50.0,50.0,50.0,50.0,50.0,50.0,50.0,50.0,50.0,50.0,50.0,50.0,0.0,0.0,0.0,0.0,1.0,1.0,1.0,1.0,1.0,1.0,1.0,1.0,1.0,1.0,1.0,1.0,0.5,0.5,0.5,0.5
1788529336.962341,187,2.6101429994014325,1.7086699990613852,2.392759000940714,2.085323,4.484738,10908284,0,0,0.0,0.0,0.0,-0.03876257,0.60858655,-1.3323269,0.02374502,0.7224443,-1.3767325,-0.053028464,0.6619688,-1.3041294,0.015060484,0.753528,-1.3389301,-16.565079,-10.940149,-7.36946,5.6274724,-0.1782741,0.20540276,0.41046855,-0.2092783,0.92625016,-0.28105974,0.034879714,0.027128667,0.24061948,-0.37980133,-0.023253143,0.42866665,0.0,0.86424184,-0.38367686,0.52319574,-0.049476564,0.024738282,9.198518,-1.4595586,-1.2863907,5.4053144,3.0675468,1.8801094,7.396746,-0.89057815,-1.3853438,7.4441614,-0.51950395,0.049476564,-0.14842969,-0.12369141,0.99962,0.0004790604,0.01737829,0.021394292,0.029827401,0.03941478,0.04154531,-1.0474633,-0.92057055,10.135853,0.0017023763,0.034729853,0.04282789,30.216827392578125,2.939631223678589,0.022682426,0.08356917,0.3031276,0.025996216,-0.07927977,-0.51452607,0.43646014,-0.09382792,-0.07754948,0.34189197,0.34733075,0.06374335,-0.07924716,-0.112885386,0.4346951,-0.09847437,-0.019819943,0.5413685,-1.190885,0.0056706066,0.69089234,-1.224218,-0.01981179,0.64177865,-1.1913261,-0.01938737,0.755473,-1.2131673,0.0,0.0,0.0,0.0,0.0,0.0,0.0,0.0,0.0,0.0,0.0,0.0,0.0,0.0,0.0,0.0,-0.93827915,0.25996214,-0.9847437,0.6374335,50.0,50.0,50.0,50.0,50.0,50.0,50.0,50.0,50.0,50.0,50.0,50.0,0.0,0.0,0.0,0.0,1.0,1.0,1.0,1.0,1.0,1.0,1.0,1.0,1.0,1.0,1.0,1.0,0.5,0.5,0.5,0.5
1788529336.9833994,188,3.576994000468403,1.6957099996943725,3.379129999302677,0.125316,3.510911,10908306,0,0,0.0,0.0,0.0,-0.037551522,0.5948708,-1.3272561,0.02301836,0.7167522,-1.3755792,-0.05469373,0.65721524,-1.3032131,0.014697194,0.7527711,-1.3354864,-16.56523,-10.932671,-7.3845687,5.6303186,0.35267267,-0.8719929,0.0040440247,0.015502095,-0.4185566,0.44888675,-0.023253143,-0.6704656,-0.0060660373,0.011626571,0.325544,-0.06268239,0.046506286,0.019377619,-0.64721245,0.24028248,0.4205508,-1.9790626,7.017426,-0.96479297,-0.96479297,7.5864067,1.8306329,-0.14842969,5.5001445,-1.7069415,-0.17316797,6.4484453,-0.47002736,0.074214846,-0.12369141,0.14842969,0.9995983,0.00058600673,0.01706366,0.02261994,-0.0042610574,-0.092677996,0.16298544,-0.37708676,-0.5710171,9.003395,0.001944632,0.034093708,0.04528349,30.225683212280273,2.5294501781463623,0.050855316,0.48363957,0.42819312,0.04836008,-0.06383857,-0.32847863,0.22633347,-0.030547395,-0.15326057,0.5759976,0.38194853,0.094281524,-0.07222985,-0.24515787,0.6894841,-0.014693525,-0.015959643,0.5878804,-1.2434165,0.012713829,0.7909099,-1.1929517,-0.018057462,0.6087105,-1.1276289,-0.038315143,0.8139994,-1.2045128,0.0,0.0,0.0,0.0,0.0,0.0,0.0,0.0,0.0,0.0,0.0,0.0,0.0,0.0,0.0,0.0,-0.30547395,0.4836008,-0.14693525,0.94281524,50.0,50.0,50.0,50.0,50.0,50.0,50.0,50.0,50.0,50.0,50.0,50.0,0.0,0.0,0.0,0.0,1.0,1.0,1.0,1.0,1.0,1.0,1.0,1.0,1.0,1.0,1.0,1.0,0.5,0.5,0.5,0.5
1788529337.0022557,189,3.2229970001935726,1.7023340005835053,3.0265419991337694,1.256013,4.288731,10908324,0,0,0.0,0.0,0.0,-0.037702918,0.59378076,-1.3245232,0.022624753,0.7187505,-1.3703978,-0.05460289,0.6539453,-1.301349,0.013062179,0.7569191,-1.3340805,-16.561504,-10.932186,-7.392047,5.631318,0.0,0.5735775,-0.0808805,0.0077510476,2.1702933,0.25881758,-0.12401676,-0.69371873,0.59649366,-0.09301257,0.9998852,0.16782704,0.06200838,0.08913705,0.081386,-0.023253143,1.0884844,-0.791625,4.314769,-0.51950395,1.2863907,8.866612,2.0780158,-1.6079884,8.060556,-2.4985664,1.8306329,6.6855206,-0.14842969,0.14842969,-0.12369141,0.44528908,0.9995714,0.0011241968,0.01704083,0.023779592,0.11824434,0.060720067,0.105461165,-0.94570965,-0.51355624,8.433576,0.0030596526,0.03402015,0.04762266,30.207975387573242,3.1447219848632812,0.050397,-0.04678529,0.49144247,-0.04038996,0.0009574606,-0.47822383,0.23095903,-0.10838609,-0.07502203,0.43540817,0.025041511,0.13928582,-0.09956487,-0.28017908,0.6868676,-0.10110478,0.00023936515,0.55044407,-1.2422602,0.01259925,0.6583037,-1.1771393,-0.024891218,0.59995526,-1.128283,-0.018755507,0.77885205,-1.2937396,0.0,0.0,0.0,0.0,0.0,0.0,0.0,0.0,0.0,0.0,0.0,0.0,0.0,0.0,0.0,0.0,-1.0838609,-0.40389958,-1.0110478,1.3928581,50.0,50.0,50.0,50.0,50.0,50.0,50.0,50.0,50.0,50.0,50.0,50.0,0.0,0.0,0.0,0.0,1.0,1.0,1.0,1.0,1.0,1.0,1.0,1.0,1.0,1.0,1.0,1.0,0.5,0.5,0.5,0.5
1788529337.0222187,190,3.1935239985614317,1.7316470002697315,2.9999810012668604,1.355473,4.36147,10908344,0,0,0.0,0.0,0.0,-0.035008192,0.59008694,-1.3245548,0.023835853,0.7151475,-1.3683443,-0.055844277,0.64580065,-1.2911916,0.01448524,0.7574338,-1.337303,-16.562231,-10.940664,-7.391048,5.6275935,0.2751622,-0.46893838,0.06672641,0.3100419,-2.759373,0.23455344,0.0077510476,-0.39917895,0.3417201,0.046506286,0.28678876,-0.59244967,-0.10463915,-0.6317104,0.2790377,-0.08913705,1.5090352,-1.58325,4.1251087,-0.89057815,-0.24738282,9.767498,1.6327267,-1.9790626,8.107972,-1.6822032,0.6679336,2.8449025,-0.44528908,0.12369141,-0.59371877,0.6679336,0.99959207,0.00034702674,0.01650068,0.023309298,-0.18535599,-0.047936894,-0.14487594,0.6799533,0.16759412,9.605537,0.0014638052,0.032977693,0.046653308,30.225683212280273,2.666177272796631,-0.03282084,0.31134245,0.31623924,0.047387563,-0.1634958,0.0057972968,0.40618512,-0.051067494,-0.02562426,0.3252869,0.24537598,0.07015383,0.037020832,0.1139667,0.83950734,-0.0057557113,-0.04087395,0.67144936,-1.1984537,-0.00820521,0.74783564,-1.2209401,0.009255208,0.6984917,-1.0901232,-0.006406065,0.75132173,-1.2386559,0.0,0.0,0.0,0.0,0.0,0.0,0.0,0.0,0.0,0.0,0.0,0.0,0.0,0.0,0.0,0.0,-0.51067495,0.47387564,-0.057557113,0.7015383,50.0,50.0,50.0,50.0,50.0,50.0,50.0,50.0,50.0,50.0,50.0,50.0,0.0,0.0,0.0,0.0,1.0,1.0,1.0,1.0,1.0,1.0,1.0,1.0,1.0,1.0,1.0,1.0,0.5,0.5,0.5,0.5
1788529337.0423188,191,2.577532999566756,1.7127660012192791,2.3766619997331873,2.07118,4.454018,10908364,0,0,0.0,0.0,0.0,-0.034977913,0.5999272,-1.3232595,0.026681941,0.71769077,-1.3640475,-0.053634018,0.6486467,-1.2850466,0.014091611,0.75546575,-1.3388038,-16.561808,-10.94127,-7.3885956,5.6311364,-0.43018317,1.9610151,0.28105974,0.07363495,1.3990641,-0.21433333,-0.12401676,0.8409887,0.6328899,-0.12014124,-0.4573118,0.31341195,-0.054257333,0.37980133,-0.05038181,-0.06200838,0.22264454,1.9790626,6.1165404,-1.9048477,0.12369141,7.5864067,3.4633594,1.9790626,9.625254,-0.9895313,0.24738282,4.978579,-0.14842969,0.0,0.049476564,0.34633595,0.9996385,-0.0005867741,0.017137414,0.020708822,-0.053263217,0.10226537,-0.3611246,-0.33399114,0.017956512,9.336189,-0.0004636052,0.03429346,0.041418746,30.216827392578125,3.1447219848632812,-0.057971142,-0.6639306,0.25539526,-0.068571836,-0.16795924,-0.36417812,0.6276772,-0.20527321,0.14721347,-0.19456565,0.3065457,0.046174545,0.034830358,0.19164477,0.28781775,-0.19818562,-0.04198981,0.5789555,-1.1430807,-0.014492786,0.50401735,-1.2361511,0.0087075895,0.7179112,-1.2280455,0.03680337,0.62135863,-1.2233635,0.0,0.0,0.0,0.0,0.0,0.0,0.0,0.0,0.0,0.0,0.0,0.0,0.0,0.0,0.0,0.0,-2.052732,-0.68571836,-1.9818562,0.46174544,50.0,50.0,50.0,50.0,50.0,50.0,50.0,50.0,50.0,50.0,50.0,50.0,0.0,0.0,0.0,0.0,1.0,1.0,1.0,1.0,1.0,1.0,1.0,1.0,1.0,1.0,1.0,1.0,0.5,0.5,0.5,0.5
1788529337.0623271,192,2.6092469997820444,1.7390709999745013,2.4086639987217495,2.076331,4.491235,10908384,0,0,0.0,0.0,0.0,-0.03733957,0.591298,-1.3206371,0.02828665,0.6989187,-1.3652006,-0.055450678,0.6496459,-1.2865473,0.018330455,0.74214363,-1.3375242,-16.57174,-10.943541,-7.3984356,5.632317,-0.17052305,-0.84873974,0.59042764,0.724723,-0.24415801,0.02426415,-0.10076362,0.26353562,-0.8593553,0.76347816,-0.36429924,0.161761,-1.139404,0.015502095,-1.3370557,0.05038181,-0.074214846,0.32159767,8.4398775,-3.0428088,-10.315864,6.638106,3.4386213,3.2654533,3.8880334,0.22264454,-6.1350937,5.4527297,-0.4205508,-0.34633595,-0.32159767,0.17316797,0.99972,-0.00063190644,0.015578417,0.017802438,0.241815,-0.5581985,-0.30573085,0.15442601,-1.9716251,10.655395,-0.000709136,0.031175658,0.035600033,30.1460018157959,5.263990879058838,-0.09994755,0.34398472,-0.38825527,0.15981221,-0.19707839,-0.21227953,0.92550576,-0.11758371,-0.019857738,0.05874504,0.64652646,-0.009481102,0.11323478,0.18803902,0.83071744,-0.1371634,-0.049269598,0.6169301,-1.0686235,-0.024986887,0.7559962,-1.3970637,0.028308695,0.7170098,-1.0923206,-0.0049644345,0.6846863,-1.1383684,0.0,0.0,0.0,0.0,0.0,0.0,0.0,0.0,0.0,0.0,0.0,0.0,0.0,0.0,0.0,0.0,-1.175837,1.5981221,-1.371634,-0.09481102,50.0,50.0,50.0,50.0,50.0,50.0,50.0,50.0,50.0,50.0,50.0,50.0,0.0,0.0,0.0,0.0,1.0,1.0,1.0,1.0,1.0,1.0,1.0,1.0,1.0,1.0,1.0,1.0,0.5,0.5,0.5,0.5
1788529337.0834188,193,3.5696660015673842,1.705982000203221,3.330456998810405,0.14343,3.481439,10908406,0,0,0.0,0.0,0.0,-0.042093158,0.5914494,-1.3068937,0.0235028,0.7097883,-1.3630364,-0.05469373,0.6541573,-1.2893592,0.014818311,0.7321521,-1.3235598,-16.584394,-10.916624,-7.4270782,5.64791,-0.28678876,-0.21315381,0.4185566,-0.44180974,-0.10463915,-1.4760691,0.077510476,0.14339438,0.9038396,-0.80223346,-0.9146236,0.86946535,-0.39530346,1.7246081,-1.8835046,0.8409887,-0.074214846,1.6079884,11.94859,-2.1274922,2.721211,0.0,4.230246,3.1665,9.388178,-0.14842969,-1.5090352,9.198518,-0.32159767,-0.17316797,0.32159767,-0.37107423,0.99967664,0.0006740432,0.017317967,0.018607073,-0.16724649,0.05432848,0.262055,-0.7218518,0.23702596,11.081563,0.0019933188,0.034606557,0.03725638,30.172561645507812,4.341083526611328,0.009987967,0.42805535,0.42782378,-0.1275248,-0.014497863,-0.45593858,0.24798843,0.025660314,-0.11434133,0.4170292,0.6846203,-0.03632261,-0.1064275,-0.20447151,0.5679499,-0.118833825,-0.0036244658,0.5560154,-1.2380029,0.0024969918,0.77701384,-1.193044,-0.026606875,0.6188821,-1.1580125,-0.028585333,0.7742573,-1.1288449,0.0,0.0,0.0,0.0,0.0,0.0,0.0,0.0,0.0,0.0,0.0,0.0,0.0,0.0,0.0,0.0,0.25660312,-1.2752479,-1.1883383,-0.3632261,50.0,50.0,50.0,50.0,50.0,50.0,50.0,50.0,50.0,50.0,50.0,50.0,0.0,0.0,0.0,0.0,1.0,1.0,1.0,1.0,1.0,1.0,1.0,1.0,1.0,1.0,1.0,1.0,0.5,0.5,0.5,0.5
1788529337.1033516,194,3.5263360005046707,1.7045099993993063,3.2260369989671744,0.124869,3.357466,10908426,0,0,0.0,0.0,0.0,-0.037188172,0.58115506,-1.3041608,0.02032366,0.71572274,-1.386795,-0.050848484,0.6452557,-1.2784119,0.019269109,0.7301235,-1.3158666,-16.59148,-10.900213,-7.4639564,5.654177,1.2517942,-1.1587815,-0.6996163,0.26741114,0.651088,1.0575125,0.10076362,-1.3951886,0.016176099,0.2092783,1.4455703,0.22646539,0.1782741,-0.24415801,-1.8641269,0.023253143,0.51950395,-0.074214846,4.030278,-1.2121758,2.548043,8.819198,1.0884844,-0.024738282,5.879465,-2.7459493,0.89057815,9.767498,0.0,-0.4205508,0.34633595,-0.22264454,0.9995729,-0.0023985195,0.018296044,0.022664111,-0.31744877,0.28762138,0.5326322,1.0175357,0.5363012,8.560468,-0.0039683436,0.036693413,0.045267012,30.207975387573242,3.0763583183288574,0.1709357,0.36794516,0.9067976,-0.031129822,0.054920036,-0.596441,-0.08735321,-0.07635893,-0.26787415,0.85681033,0.22698088,0.16998515,-0.213034,-0.7192086,0.5386098,-0.005458964,0.013730009,0.52088976,-1.3218383,0.042733926,0.7619863,-1.0733006,-0.0532585,0.49019787,-1.1653475,-0.06696854,0.8842026,-1.2432548,0.0,0.0,0.0,0.0,0.0,0.0,0.0,0.0,0.0,0.0,0.0,0.0,0.0,0.0,0.0,0.0,-0.76358926,-0.31129822,-0.05458964,1.6998515,50.0,50.0,50.0,50.0,50.0,50.0,50.0,50.0,50.0,50.0,50.0,50.0,0.0,0.0,0.0,0.0,1.0,1.0,1.0,1.0,1.0,1.0,1.0,1.0,1.0,1.0,1.0,1.0,0.5,0.5,0.5,0.5
1788529337.122731,195,2.8965849996893667,1.6864609988260781,2.704353999433806,2.071275,4.781677,10908444,0,0,0.0,0.0,0.0,-0.035977125,0.57400954,-1.3104796,0.018173955,0.70897084,-1.3659589,-0.05212015,0.6391093,-1.276848,0.017210186,0.7338779,-1.3154716,-16.587362,-10.92274,-7.482123,5.64573,-0.13176781,-0.65883905,-0.52774525,0.7673537,-0.44180974,1.5913239,-0.46118733,-2.3795717,0.18400313,-0.5658265,0.6317104,-0.58031756,0.03100419,-1.9881438,-0.36429924,-0.6239593,2.6717343,-2.1274922,0.04741504,0.34633595,3.240715,14.034852,0.47002736,-5.1208243,5.4053144,-3.686004,7.124625,4.646674,-0.32159767,0.7668867,0.17316797,1.0884844,0.9994694,-0.0016779659,0.019362198,0.026138969,0.20559601,-0.05752427,0.3046656,1.316811,0.19871874,6.730101,-0.0023437017,0.038801305,0.0522483,30.11944007873535,5.639990329742432,0.02718377,0.4610103,0.8400563,-0.07290577,0.049041256,-0.0974531,-0.0969085,0.06465646,-0.13782068,0.6844883,-0.004400026,0.16103913,-0.14611608,-0.3486081,1.3256521,-0.046083912,0.012260314,0.64563674,-1.3242271,0.0067959423,0.7852526,-1.0899858,-0.03652902,0.582848,-0.9685869,-0.03445517,0.8411221,-1.3011,0.0,0.0,0.0,0.0,0.0,0.0,0.0,0.0,0.0,0.0,0.0,0.0,0.0,0.0,0.0,0.0,0.6465646,-0.7290577,-0.46083912,1.6103913,50.0,50.0,50.0,50.0,50.0,50.0,50.0,50.0,50.0,50.0,50.0,50.0,0.0,0.0,0.0,0.0,1.0,1.0,1.0,1.0,1.0,1.0,1.0,1.0,1.0,1.0,1.0,1.0,0.5,0.5,0.5,0.5
1788529337.1427627,196,2.9398509996099165,1.7005740010063164,2.746468000623281,2.047467,4.799791,10908464,0,0,0.0,0.0,0.0,-0.0383085,0.58288085,-1.3206371,0.02659111,0.71084803,-1.3540164,-0.06014368,0.6308738,-1.2631046,0.008248091,0.74577695,-1.3285674,-16.582033,-10.949778,-7.4672866,5.643005,0.26741114,2.8795142,-0.34576413,-0.7130964,0.6084572,0.43068865,-0.26353562,-0.13176781,1.9674182,-0.4379342,0.81773555,-0.97865397,0.3914279,-1.2052878,1.4145663,0.16664752,2.3253984,0.5442422,0.0,-0.32159767,3.2654533,13.608116,1.5585117,-2.2264454,13.181381,-1.7069415,4.0570784,2.323337,0.12369141,0.24738282,-0.96479297,0.6679336,0.9995195,0.0011038574,0.018696085,0.024698297,0.12463593,-0.10013484,-0.5060006,-0.25857377,0.45370123,9.044097,0.003132364,0.037328344,0.049468756,30.1460018157959,5.024718761444092,-0.0874751,-0.71866655,0.21166612,-0.04080339,-0.15857533,-0.1224689,0.43744785,-0.23600146,0.1338,-0.1950362,0.10349343,0.09284577,0.068681255,0.120014265,0.76880556,-0.117669836,-0.03964383,0.6393828,-1.190638,-0.021868775,0.49033338,-1.2470834,0.017170314,0.70000356,-1.1077986,0.03345,0.621241,-1.2741266,0.0,0.0,0.0,0.0,0.0,0.0,0.0,0.0,0.0,0.0,0.0,0.0,0.0,0.0,0.0,0.0,-2.3600147,-0.4080339,-1.1766983,0.9284577,50.0,50.0,50.0,50.0,50.0,50.0,50.0,50.0,50.0,50.0,50.0,50.0,0.0,0.0,0.0,0.0,1.0,1.0,1.0,1.0,1.0,1.0,1.0,1.0,1.0,1.0,1.0,1.0,0.5,0.5,0.5,0.5
1788529337.1633348,197,3.5138879993610317,1.6004419994715136,3.23262900019472,0.183559,3.424476,10908486,0,0,0.0,0.0,0.0,-0.030799627,0.59117687,-1.3231804,0.031374957,0.69483125,-1.3539058,-0.06008315,0.62690747,-1.2490453,0.010912478,0.7472,-1.3402255,-16.585546,-10.97406,-7.4505734,5.6415515,-0.4728139,-0.162772,0.85328925,0.7828558,-0.5503244,-0.7299465,0.39530346,1.3951886,-0.68950623,1.1083997,-1.4068152,-0.12940879,-1.2905494,-0.24803352,0.52319574,-0.3914279,-0.14842969,2.721211,5.974295,-3.5623126,-10.637462,6.2113705,3.6612659,2.548043,7.870897,0.074214846,-5.61559,3.319053,-0.4205508,-0.14842969,-0.7668867,0.6679336,0.99972194,-0.0011631058,0.016786547,0.016520344,-0.059654802,-0.54541534,-0.97471684,1.7238252,0.5602432,15.156494,-0.0017719272,0.033608515,0.03301709,30.137149810791016,5.400717735290527,-0.17520918,-0.28238636,-0.6323654,0.09901973,-0.33634865,0.31140226,1.2554631,-0.09648754,0.17894031,-0.7278317,0.77885896,-0.14774306,0.36116552,0.78764737,0.7279633,-0.31906876,-0.08408716,0.7478506,-0.9861342,-0.043802295,0.59940344,-1.4580913,0.09029138,0.8669119,-1.1180091,0.044735078,0.4880421,-1.1052852,0.0,0.0,0.0,0.0,0.0,0.0,0.0,0.0,0.0,0.0,0.0,0.0,0.0,0.0,0.0,0.0,-0.96487534,0.9901973,-3.1906877,-1.4774306,50.0,50.0,50.0,50.0,50.0,50.0,50.0,50.0,50.0,50.0,50.0,50.0,0.0,0.0,0.0,0.0,1.0,1.0,1.0,1.0,1.0,1.0,1.0,1.0,1.0,1.0,1.0,1.0,0.5,0.5,0.5,0.5
1788529337.1833992,198,3.4717099988483824,1.7213419996551238,3.2343260008929064,0.155942,3.396124,10908506,0,0,0.0,0.0,0.0,-0.03506875,0.591843,-1.313102,0.033494387,0.69710207,-1.3587713,-0.05357346,0.63153994,-1.252331,0.014999926,0.7263085,-1.3178728,-16.613491,-10.947476,-7.460323,5.6486063,-0.24803352,0.015502095,1.4558489,-0.18214962,-0.33717057,-1.9431541,0.2790377,0.5658265,-0.14760691,0.325544,-2.2671814,2.4850533,-1.2983005,2.212924,-2.0850317,0.68596774,-2.3996134,8.312063,15.220228,-3.8839102,-4.7002735,-2.418167,7.2977934,11.750684,7.301916,1.1132227,-10.117957,8.392462,0.17316797,-0.6679336,-0.4205508,-1.0390079,0.9997355,-0.0024654134,0.02004797,0.010999096,0.12570119,0.40799624,-0.23222762,-0.36870706,-0.7290344,11.938686,-0.004492139,0.040150356,0.021912932,29.88039779663086,12.852340698242188,-0.12995012,0.116410166,-0.47747648,0.061223067,-0.20408954,-0.5371036,1.2613511,-0.1579647,0.035032175,-0.15912215,0.49194753,-0.11144322,0.03793227,0.26882815,0.4353661,-0.2933885,-0.051022384,0.5357241,-0.9846622,-0.03248753,0.6991026,-1.4193691,0.009483067,0.73720706,-1.1911584,0.008758044,0.63021946,-1.177013,0.0,0.0,0.0,0.0,0.0,0.0,0.0,0.0,0.0,0.0,0.0,0.0,0.0,0.0,0.0,0.0,-1.5796471,0.61223066,-2.9338849,-1.1144322,50.0,50.0,50.0,50.0,50.0,50.0,50.0,50.0,50.0,50.0,50.0,50.0,0.0,0.0,0.0,0.0,1.0,1.0,1.0,1.0,1.0,1.0,1.0,1.0,1.0,1.0,1.0,1.0,0.5,0.5,0.5,0.5
1788529337.202292,199,2.535613000873127,1.6771490008977707,2.3362129995803116,2.087148,4.429729,10908524,0,0,0.0,0.0,0.0,-0.043667555,0.57440317,-1.2968469,0.025319453,0.6981617,-1.4059253,-0.05103016,0.63638437,-1.2549218,0.01957184,0.70326734,-1.287353,-16.648039,-10.916594,-7.518062,5.664381,-0.44956076,-2.278808,1.156591,-0.4999426,1.065769,-2.432481,-0.13564333,0.18602514,-0.4205786,-0.39530346,-0.2286559,0.7036603,-2.336941,1.2634208,-3.898777,1.4068152,0.0,0.24738282,15.220228,-2.4243517,-0.9895313,1.3276211,3.1912384,5.021871,3.508713,-0.22264454,-3.587051,5.784635,0.44528908,-0.32159767,0.56898046,-1.2863907,0.9996404,-0.0024250625,0.022981767,0.013604519,0.05006742,0.45699838,0.761664,0.47884035,-1.970428,11.131841,-0.004227559,0.046029244,0.027119834,30.172561645507812,3.9992659091949463,0.15414472,0.5266185,0.6944251,0.07300835,-0.003769822,-0.8894117,0.25225645,-0.22840175,-0.23467946,0.91049695,0.4659503,0.11230348,-0.21138456,-0.7708987,0.30935735,-0.09103745,-0.0009424555,0.4476471,-1.2369359,0.03853618,0.80165464,-1.1263937,-0.05284614,0.47727534,-1.2226607,-0.058669865,0.89762425,-1.1835123,0.0,0.0,0.0,0.0,0.0,0.0,0.0,0.0,0.0,0.0,0.0,0.0,0.0,0.0,0.0,0.0,-2.2840176,0.7300835,-0.9103745,1.1230348,50.0,50.0,50.0,50.0,50.0,50.0,50.0,50.0,50.0,50.0,50.0,50.0,0.0,0.0,0.0,0.0,1.0,1.0,1.0,1.0,1.0,1.0,1.0,1.0,1.0,1.0,1.0,1.0,0.5,0.5,0.5,0.5
1788529337.2233565,200,3.4690539996518055,1.7043180014297832,3.281110999523662,0.116996,3.404411,10908546,0,0,0.0,0.0,0.0,-0.04899645,0.5599003,-1.2816818,0.02374502,0.6989187,-1.4093058,-0.041038573,0.6332052,-1.2552693,0.015696347,0.7126836,-1.2881271,-16.678074,-10.904724,-7.5884876,5.676159,-0.28291324,-0.97663206,-0.7582547,0.76347816,-0.14339438,4.254314,0.06200838,-0.38755238,0.056616347,0.34492162,0.15502095,-0.5722295,-0.42630762,0.2945398,-2.6508584,0.51544464,2.6469963,-4.89818,2.9871476,0.0,5.516637,8.487292,-0.59371877,-7.7925587,1.2802061,-4.2055078,9.722145,6.4958606,-0.9895313,0.22264454,0.96479297,0.2721211,0.9993438,-0.0053047067,0.027197924,0.023327759,-0.9086705,0.22796656,0.8799083,0.08499416,2.932897,5.434838,-0.009347602,0.054634824,0.046422265,30.066320419311523,7.4174418449401855,0.26102138,0.09772864,1.7981672,-0.033561643,0.10851612,-0.4641657,-0.5049513,0.08153479,-0.29982865,0.84225166,0.44661367,0.2927773,-0.34294498,-0.79389155,0.52303386,0.09160496,0.02712903,0.5539586,-1.4262378,0.065255344,0.6944322,-0.85045815,-0.085736245,0.47152713,-1.1692414,-0.07495716,0.8805629,-1.1883465,0.0,0.0,0.0,0.0,0.0,0.0,0.0,0.0,0.0,0.0,0.0,0.0,0.0,0.0,0.0,0.0,0.8153479,-0.33561644,0.9160496,2.927773,50.0,50.0,50.0,50.0,50.0,50.0,50.0,50.0,50.0,50.0,50.0,50.0,0.0,0.0,0.0,0.0,1.0,1.0,1.0,1.0,1.0,1.0,1.0,1.0,1.0,1.0,1.0,1.0,0.5,0.5,0.5,0.5
1788529337.254369,201,8.148200000505312,2.0107609998376574,7.927840000775177,0.159494,8.094566,10908570,0,0,0.0,0.0,0.0,-0.051630616,0.56208026,-1.2994692,0.035946865,0.67935944,-1.3526895,-0.048305184,0.6325694,-1.2393302,0.006885588,0.72857934,-1.2931979,-16.667627,-10.923678,-7.6064425,5.673131,-0.3914279,-0.2596601,-2.8914778,0.24803352,-0.12789229,2.2262356,-0.9184992,0.18214962,1.5003332,-1.4843256,1.6664752,-0.09301257,1.0890222,-0.7828558,1.4688236,0.023253143,4.477629,-0.24738282,-3.1293926,1.3606055,0.8411016,25.035141,-0.9400547,-8.63366,2.0862617,-2.6469963,6.308262,5.4053144,-0.17316797,0.2721211,-0.32159767,1.3606055,0.9992842,-0.0049271667,0.026742605,0.0263,0.8032093,-0.45912892,-0.20026968,0.36511576,-3.6643257,7.807492,-0.008452918,0.053731944,0.05239838,29.98663902282715,9.331620216369629,-0.064223014,-0.36961418,0.78981173,-0.08080785,-0.08197904,-0.028313398,0.13665843,-0.16077453,0.009690791,0.16507366,0.30511856,0.14649643,-0.08548445,-0.17286712,1.1004316,0.12205239,-0.02049476,0.66292167,-1.2658353,-0.016055753,0.5775965,-1.102547,-0.021371113,0.62678325,-1.0248921,0.0024226978,0.7112684,-1.2237203,0.0,0.0,0.0,0.0,0.0,0.0,0.0,0.0,0.0,0.0,0.0,0.0,0.0,0.0,0.0,0.0,-1.6077453,-0.8080785,1.2205238,1.4649643,50.0,50.0,50.0,50.0,50.0,50.0,50.0,50.0,50.0,50.0,50.0,50.0,0.0,0.0,0.0,0.0,1.0,1.0,1.0,1.0,1.0,1.0,1.0,1.0,1.0,1.0,1.0,1.0,0.5,0.5,0.5,0.5
1788529337.2728655,202,6.381062999935239,1.9113979997200659,6.142591000752873,0.488946,6.638737,10908592,0,0,0.0,0.0,0.0,-0.05041945,0.5708002,-1.3464494,0.02937664,0.67339474,-1.3203373,-0.07104361,0.62354666,-1.2339433,-0.020969748,0.7587358,-1.2975421,-16.647917,-10.9423895,-7.5592093,5.6655316,0.34879714,1.3370557,-1.9006917,-0.8758684,-1.2169144,0.9988742,-0.7867313,0.4573118,0.21837734,-0.7867313,-0.03100419,-0.40440246,0.28678876,-0.8797439,3.0577884,-0.41468105,1.2121758,2.9438555,-2.1336768,-0.9400547,-3.2654533,11.28478,3.1417618,-0.56898046,9.957158,1.4842969,-1.6327267,4.314769,-0.59371877,0.074214846,-1.1132227,1.0637461,0.9995601,0.0049902666,0.022597669,0.01855085,0.8767125,-0.36325514,-1.1419634,-3.0753522,1.198298,12.243947,0.010825727,0.0450055,0.037357423,30.172561645507812,3.759993553161621,-0.2979491,-0.39793438,-0.48661652,-0.05677804,-0.37448925,0.31607974,1.0430802,-0.076260716,0.1299535,-0.6246972,0.3405839,-0.0037973262,0.29996893,0.70616746,0.8536593,-0.17519759,-0.09362231,0.74902,-1.0392299,-0.07448728,0.5705164,-1.4216541,0.07499223,0.8465419,-1.0865852,0.032488376,0.5138257,-1.214854,0.0,0.0,0.0,0.0,0.0,0.0,0.0,0.0,0.0,0.0,0.0,0.0,0.0,0.0,0.0,0.0,-0.76260716,-0.5677804,-1.7519759,-0.037973262,50.0,50.0,50.0,50.0,50.0,50.0,50.0,50.0,50.0,50.0,50.0,50.0,0.0,0.0,0.0,0.0,1.0,1.0,1.0,1.0,1.0,1.0,1.0,1.0,1.0,1.0,1.0,1.0,0.5,0.5,0.5,0.5
1788529337.2931929,203,4.414335999172181,1.841859000705881,3.377627001100336,1.952839,5.33629,10908614,0,0,0.0,0.0,0.0,-0.030920744,0.59105587,-1.3395461,0.020263106,0.6615865,-1.3084737,-0.077129394,0.62978387,-1.2232015,-0.020243108,0.74502003,-1.2942879,-16.662935,-10.944206,-7.5183043,5.6550555,0.64333695,-0.5076936,1.2758899,-0.29841533,-0.2906643,-1.2172515,0.4728139,1.9997704,-0.19006917,0.24415801,-3.247689,0.43675467,-1.1820347,0.18990067,0.577453,0.15889648,-4.0818167,8.955258,14.366757,-4.725012,-4.5023675,-3.508713,7.4214845,9.35107,7.6812367,2.4985664,-9.054212,3.508713,0.17316797,-0.4205508,-1.0390079,-0.049476564,0.9997421,0.008960947,0.020131344,0.0055003385,-0.18002968,-0.11398328,-1.1771171,-1.1168951,-0.37229836,7.1155677,0.018154366,0.040164527,0.011368045,29.93351936340332,11.24579906463623,-0.26138914,-0.38625038,-0.67124784,0.011967778,-0.30679047,0.08750791,1.630236,0.04061471,0.14376196,-0.8862579,0.76958,-0.10566707,0.2627984,0.80529153,0.084680095,-0.33175513,-0.07669762,0.691877,-0.8924409,-0.065347284,0.57343745,-1.467812,0.0656996,0.8713229,-1.2788299,0.03594049,0.44843554,-1.107605,0.0,0.0,0.0,0.0,0.0,0.0,0.0,0.0,0.0,0.0,0.0,0.0,0.0,0.0,0.0,0.0,0.4061471,0.11967778,-3.3175514,-1.0566707,50.0,50.0,50.0,50.0,50.0,50.0,50.0,50.0,50.0,50.0,50.0,50.0,0.0,0.0,0.0,0.0,1.0,1.0,1.0,1.0,1.0,1.0,1.0,1.0,1.0,1.0,1.0,1.0,0.5,0.5,0.5,0.5
1788529337.3145597,204,6.336550000924035,1.6653080001560738,6.178175999593805,1.959911,8.142504,10908632,0,0,0.0,0.0,0.0,-0.021988869,0.5836984,-1.3135285,0.0154792555,0.6614351,-1.3516626,-0.07249692,0.64056265,-1.2341803,-0.017124534,0.7294574,-1.2744627,-16.695211,-10.931853,-7.53744,5.6725254,-0.30616638,-0.8719929,1.1181729,-0.06200838,0.21702933,-3.0411067,0.39917895,1.3060515,-1.7510629,0.6627146,-1.6238445,2.0038142,-2.3136878,0.5658265,-2.906643,1.9455129,-2.6717343,6.5556445,20.625542,-4.2055078,-4.89818,-2.8923175,6.7782893,10.563247,0.23707521,2.0780158,-13.012337,6.5906906,1.311129,-0.24738282,0.0,-1.5585117,0.999769,0.009652281,0.019177753,0.0010448752,-0.18748651,-0.10120011,-0.0894822,-0.46088383,5.449203,9.200917,0.019355608,0.038335864,0.0024612967,29.853837966918945,13.433431625366211,-0.15583204,0.31527075,-0.30125698,0.013480045,-0.17107528,-0.5470425,0.96098554,-0.15231201,0.008779249,-0.019598538,0.877381,0.06294832,-0.017908491,0.08237008,0.12232183,-0.18569969,-0.04276882,0.53323936,-1.0597535,-0.03895801,0.7488177,-1.3753142,-0.004477123,0.6905925,-1.2694196,0.0021948123,0.6651004,-1.0806547,0.0,0.0,0.0,0.0,0.0,0.0,0.0,0.0,0.0,0.0,0.0,0.0,0.0,0.0,0.0,0.0,-1.5231202,0.13480045,-1.8569969,0.62948316,50.0,50.0,50.0,50.0,50.0,50.0,50.0,50.0,50.0,50.0,50.0,50.0,0.0,0.0,0.0,0.0,1.0,1.0,1.0,1.0,1.0,1.0,1.0,1.0,1.0,1.0,1.0,1.0,0.5,0.5,0.5,0.5
1788529337.332993,205,5.525737000425579,1.7084459996112855,5.3560979995381786,2.003817,7.364715,10908650,0,0,0.0,0.0,0.0,-0.03358519,0.58375895,-1.2932768,0.009605415,0.66067815,-1.3805395,-0.050091565,0.6727779,-1.2674804,-0.0023793578,0.6968485,-1.2498353,-16.718494,-10.926737,-7.591182,5.7006536,-1.0967733,0.054257333,1.625698,-1.1355284,-0.36817476,-1.4416949,1.6199689,3.1352987,-1.9168677,0.7906069,-1.7478611,1.0251603,-0.9921341,0.019377619,-3.2864442,1.8331227,-1.1626992,5.6650667,19.392752,-2.7459493,-4.2055078,-2.7026572,4.3291993,7.0751486,1.2327911,1.1132227,-11.2559185,6.7803507,0.74214846,0.024738282,0.074214846,-1.4842969,0.9997485,0.007519036,0.020195898,0.0062032435,-0.21305287,0.1938781,1.0546117,1.1815386,-0.9588778,6.6079965,0.015297866,0.04029926,0.0127177425,29.942371368408203,10.493800163269043,-0.001714535,0.6645749,0.6144611,-0.20867723,-0.012843201,-0.81598616,0.08252662,-0.2252802,-0.21033667,0.7662349,0.625655,0.13126087,-0.17271513,-0.57650506,0.30106184,0.10131247,-0.0032108002,0.46600348,-1.2793683,-0.00042863376,0.83614373,-1.1463847,-0.043178782,0.5258738,-1.2247345,-0.052584168,0.86155874,-1.1435862,0.0,0.0,0.0,0.0,0.0,0.0,0.0,0.0,0.0,0.0,0.0,0.0,0.0,0.0,0.0,0.0,-2.252802,-2.0867724,1.0131247,1.3126087,50.0,50.0,50.0,50.0,50.0,50.0,50.0,50.0,50.0,50.0,50.0,50.0,0.0,0.0,0.0,0.0,1.0,1.0,1.0,1.0,1.0,1.0,1.0,1.0,1.0,1.0,1.0,1.0,0.5,0.5,0.5,0.5
1788529337.3549554,206,8.498004001012305,1.764799999364186,8.321519000674016,0.145285,8.471316,10908672,0,0,0.0,0.0,0.0,-0.040821433,0.5666522,-1.276137,-0.011891631,0.6628581,-1.3864477,-0.017876267,0.70562905,-1.2895013,0.003676176,0.68903685,-1.2383982,-16.740112,-10.927947,-7.641231,5.732566,0.11626572,-0.75960267,0.28308174,-0.38367686,0.77510476,2.428437,1.5424585,-0.13951886,0.4731509,0.13176781,0.69371873,0.16782704,-0.48444048,-0.17052305,-1.7013549,0.77898026,1.7811563,-4.3291993,0.85347074,0.86583984,8.114157,9.008858,-2.9438555,-8.881043,2.4655821,-3.0180705,7.817297,4.978579,-0.7668867,-0.6926719,1.1132227,0.17316797,0.9994899,0.0043342984,0.02354811,0.021134652,-0.3398193,0.20559601,1.4231931,-1.4377182,1.0235212,5.5042696,0.009670324,0.046906188,0.04251142,30.07517433166504,7.280714511871338,0.18514793,0.4569889,1.3867781,-0.38573557,0.16514736,-0.6802522,-0.4517185,-0.08424844,-0.2816244,0.93015623,0.041861944,0.22098489,-0.30328915,-0.8489058,0.5914873,0.1605954,0.04128684,0.49993697,-1.4129295,0.04628698,0.7842472,-0.9533054,-0.07582229,0.45777357,-1.1521281,-0.0704061,0.9025391,-1.2895344,0.0,0.0,0.0,0.0,0.0,0.0,0.0,0.0,0.0,0.0,0.0,0.0,0.0,0.0,0.0,0.0,-0.84248435,-3.8573556,1.605954,2.2098489,50.0,50.0,50.0,50.0,50.0,50.0,50.0,50.0,50.0,50.0,50.0,50.0,0.0,0.0,0.0,0.0,1.0,1.0,1.0,1.0,1.0,1.0,1.0,1.0,1.0,1.0,1.0,1.0,0.5,0.5,0.5,0.5
1788529337.371093,207,4.534213001534226,1.823843000238412,4.377503000796423,0.124837,4.507204,10908692,0,0,0.0,0.0,0.0,-0.04639256,0.5630188,-1.2902122,-0.026394567,0.65864956,-1.3640317,-0.0037669241,0.7098376,-1.2691865,0.0071278214,0.6990588,-1.2402623,-16.738417,-10.957256,-7.6585803,5.737925,0.44180974,0.59683067,-0.30127984,0.33717057,0.034879714,1.290044,-0.93787676,-0.7169719,0.5034811,-0.2092783,1.3409312,-0.13951886,0.34879714,-2.2400527,-0.015502095,-0.3100419,4.0570784,-3.958125,0.66381055,3.2654533,9.103687,10.289063,-2.6469963,-8.732614,2.4655821,-3.7602189,9.054212,5.4053144,-0.59371877,0.12369141,0.47002736,0.8411016,0.9992076,0.004386948,0.025146417,0.03053911,-0.149137,0.1310275,0.4388889,2.8802247,1.1947067,4.618415,0.010315918,0.050005876,0.06136562,30.013200759887695,9.639256477355957,-0.036387663,-0.26460385,1.1683497,-0.48369747,0.012297535,-0.26470137,-0.15703715,-0.02962057,0.0029663378,0.36614105,-0.15767509,0.31603643,-0.12920329,-0.18686372,0.8551603,0.29836008,0.0030743838,0.6038247,-1.3392593,-0.009096916,0.60384905,-1.0079125,-0.032300822,0.6232841,-1.0862099,0.00074158446,0.7615353,-1.3394188,0.0,0.0,0.0,0.0,0.0,0.0,0.0,0.0,0.0,0.0,0.0,0.0,0.0,0.0,0.0,0.0,-0.2962057,-4.8369746,2.9836009,3.1603644,50.0,50.0,50.0,50.0,50.0,50.0,50.0,50.0,50.0,50.0,50.0,50.0,0.0,0.0,0.0,0.0,1.0,1.0,1.0,1.0,1.0,1.0,1.0,1.0,1.0,1.0,1.0,1.0,0.5,0.5,0.5,0.5
1788529337.3927464,208,6.042938999598846,1.70335699840507,4.999029999453342,1.942822,6.9463,10908710,0,0,0.0,0.0,0.0,-0.0398829,0.5670457,-1.3260713,-0.0048672445,0.66313064,-1.3486139,-0.01157853,0.6997552,-1.2615565,0.0028283596,0.7174372,-1.2663273,-16.730272,-11.013118,-7.6262136,5.7391663,0.22090487,1.3990641,-2.7923992,0.05038181,-0.76347816,0.5944717,0.12014124,0.9572544,0.8977735,0.651088,0.6239593,-2.1453552,0.7208474,-3.5461044,3.410461,0.7673537,1.9790626,0.32159767,1.0905459,-0.24738282,-1.5585117,16.974585,-1.1626992,-4.7992268,7.965727,-0.791625,1.5090352,-1.2327911,-0.51950395,-0.5442422,-0.32159767,1.0390079,0.9992247,0.0033577345,0.025185125,0.030072048,-0.27270767,-0.20240022,-0.5262406,-0.5722142,1.2138603,8.552089,0.008235447,0.050150268,0.06037914,30.163707733154297,4.306901454925537,-0.23056342,-0.72336507,0.34733146,-0.4908673,-0.17931385,0.27965343,0.536696,-0.11942902,0.16011544,-0.36331385,0.24047242,0.2347105,0.17586821,0.4859704,0.7308369,0.08823411,-0.044828463,0.73991334,-1.165826,-0.057640854,0.48915875,-1.2131671,0.043967053,0.79149264,-1.1172907,0.04002886,0.57917154,-1.2398819,0.0,0.0,0.0,0.0,0.0,0.0,0.0,0.0,0.0,0.0,0.0,0.0,0.0,0.0,0.0,0.0,-1.1942902,-4.908673,0.88234115,2.347105,50.0,50.0,50.0,50.0,50.0,50.0,50.0,50.0,50.0,50.0,50.0,50.0,0.0,0.0,0.0,0.0,1.0,1.0,1.0,1.0,1.0,1.0,1.0,1.0,1.0,1.0,1.0,1.0,0.5,0.5,0.5,0.5
1788529337.4150774,209,8.106150000458001,1.740798999890103,7.9011500001797685,0.130148,8.03898,10908730,0,0,0.0,0.0,0.0,-0.0332824,0.58790696,-1.3375715,-0.0045341924,0.6547135,-1.3361026,-0.015302658,0.6898847,-1.2590764,-0.00776875,0.7404784,-1.3078575,-16.725397,-11.077186,-7.5649014,5.768233,0.04263076,2.457082,1.0190943,0.023253143,-0.93400127,-0.30330187,1.2014123,2.2516794,-0.101100616,-0.52707124,-2.1392891,-0.6793962,-0.35267267,-2.84851,3.019033,2.108285,-0.51950395,5.3434687,6.4958606,-2.7706876,-7.693606,7.870897,1.6079884,2.6717343,7.5864067,3.0675468,-5.887711,3.1293926,-0.32159767,-0.96479297,-0.9895313,0.074214846,0.9994228,0.0049245358,0.024496155,0.023019608,0.09374326,-0.13848436,-0.82238406,-1.0402806,-0.7529764,10.431537,0.010984443,0.048756626,0.046325505,30.09288215637207,6.2894439697265625,-0.28223446,-0.58626735,-0.5039202,-0.29320356,-0.26354188,0.0888043,1.4018565,-0.24311674,0.15631416,-0.66997194,0.58127034,0.0018954054,0.25059083,0.8069508,0.22549425,-0.08638714,-0.06588547,0.6922011,-0.94953585,-0.070558615,0.5234332,-1.42598,0.06264771,0.8717377,-1.2436264,0.03907854,0.50250703,-1.1546824,0.0,0.0,0.0,0.0,0.0,0.0,0.0,0.0,0.0,0.0,0.0,0.0,0.0,0.0,0.0,0.0,-2.4311674,-2.9320357,-0.86387146,0.018954054,50.0,50.0,50.0,50.0,50.0,50.0,50.0,50.0,50.0,50.0,50.0,50.0,0.0,0.0,0.0,0.0,1.0,1.0,1.0,1.0,1.0,1.0,1.0,1.0,1.0,1.0,1.0,1.0,0.5,0.5,0.5,0.5
1788529337.4355829,210,9.142188000623719,1.9924890002585016,8.93670799996471,0.160805,9.104202,10908748,0,0,0.0,0.0,0.0,-0.027892947,0.59347796,-1.3226275,-0.0045341924,0.6583468,-1.3432429,-0.0068249702,0.6981505,-1.2660428,-0.015913427,0.7363001,-1.2858366,-16.741838,-11.097532,-7.54295,5.7887006,0.92237467,-0.40693003,0.30532387,0.28291324,0.44180974,0.1314308,0.046506286,0.21315381,-0.054594334,0.15114543,-0.93787676,1.789481,-2.092783,-0.9611299,-0.038755238,0.98050755,-1.7811563,8.015203,7.396746,-3.1170235,-9.252117,6.5906906,2.7459493,4.6260586,7.6812367,2.721211,-7.19884,0.66381055,0.51950395,-2.0038009,0.4205508,0.59371877,0.99953413,0.0049582887,0.024679223,0.01726157,0.07882956,0.038349517,-0.3813646,-1.9847932,-1.2198458,11.382035,0.0107772015,0.049184103,0.03480089,30.084026336669922,6.802170276641846,-0.1725935,-0.10086966,-0.460832,-0.032815162,-0.15245809,-0.645904,1.3958058,-0.34922564,0.040574722,-0.23604833,0.4099536,0.074280396,-0.014489468,0.29649663,0.08998704,-0.031895325,-0.03811452,0.508524,-0.9510485,-0.043148376,0.6447826,-1.415208,-0.003622367,0.7441242,-1.2775033,0.0101436805,0.61098796,-1.1975116,0.0,0.0,0.0,0.0,0.0,0.0,0.0,0.0,0.0,0.0,0.0,0.0,0.0,0.0,0.0,0.0,-3.4922564,-0.3281516,-0.31895325,0.74280393,50.0,50.0,50.0,50.0,50.0,50.0,50.0,50.0,50.0,50.0,50.0,50.0,0.0,0.0,0.0,0.0,1.0,1.0,1.0,1.0,1.0,1.0,1.0,1.0,1.0,1.0,1.0,1.0,0.5,0.5,0.5,0.5
1788529337.4566824,211,9.762818001036067,2.1934560008958215,4.5680690000153845,1.742143,6.316998,10908770,0,0,0.0,0.0,0.0,-0.03839934,0.5932661,-1.2971312,-0.009681372,0.66019374,-1.375437,-0.002525568,0.71640784,-1.2873688,-0.0069512725,0.7022984,-1.2469444,-16.792917,-11.100075,-7.5664153,5.819947,-0.60070616,0.1472699,1.3709245,-0.53094673,0.05038181,-2.4708993,0.41468105,1.48045,-0.91394967,0.5076936,-1.6974795,1.3547484,-2.5500948,-0.14339438,-1.4455703,2.0268989,-0.8411016,4.9476566,16.64268,-2.5975196,-7.174102,-0.28449023,3.1417618,6.48143,3.0819776,1.9295859,-8.63366,3.508713,0.074214846,-1.3606055,0.34633595,-1.0390079,0.99949944,0.006699874,0.025440492,0.017571159,0.1906823,0.006391586,0.51132685,0.25139117,-1.6364368,9.886856,0.014305907,0.050641708,0.03551862,30.030906677246094,8.169441223144531,-0.06910687,0.6306585,0.064018,-0.23611733,0.020417087,-0.79371464,0.6043156,-0.3276461,-0.08026224,0.40535265,0.76109403,0.114730865,-0.15592358,-0.25650808,0.24639614,0.1846776,0.0051042717,0.47157136,-1.148921,-0.017276717,0.8276646,-1.2839955,-0.038980894,0.605873,-1.2384009,-0.02006556,0.77133816,-1.1097264,0.0,0.0,0.0,0.0,0.0,0.0,0.0,0.0,0.0,0.0,0.0,0.0,0.0,0.0,0.0,0.0,-3.2764611,-2.3611734,1.846776,1.1473086,50.0,50.0,50.0,50.0,50.0,50.0,50.0,50.0,50.0,50.0,50.0,50.0,0.0,0.0,0.0,0.0,1.0,1.0,1.0,1.0,1.0,1.0,1.0,1.0,1.0,1.0,1.0,1.0,0.5,0.5,0.5,0.5
1788529337.4727786,212,5.830227999467752,2.0541550002235454,5.049976000009337,1.681725,6.736789,10908788,0,0,0.0,0.0,0.0,-0.04091227,0.5765226,-1.2794228,-0.013375232,0.6616471,-1.4041402,0.0028638542,0.72618747,-1.2981739,-0.0010168552,0.6897938,-1.2440852,-16.83591,-11.094868,-7.583492,5.85734,-0.0038755238,0.19377619,1.8076792,-0.5580754,-0.5464489,-0.49539304,1.0735201,0.8758684,0.20624527,0.5580754,-0.84873974,-0.17187107,-1.9183843,0.33717057,-1.0308893,1.8951312,0.074214846,-3.8096955,15.030568,-0.9895313,-0.37107423,-0.33190528,-1.3853438,0.074214846,0.61639553,0.14842969,-3.240715,2.4655821,-0.791625,-0.2721211,0.4205508,-0.56898046,0.99933994,0.0061308346,0.02604592,0.024572084,0.02237055,0.062850595,0.88310415,-0.7134721,-0.59256494,5.2289367,0.013552156,0.051779296,0.049517665,30.181415557861328,3.828357219696045,0.076845594,0.5657013,0.62905866,-0.4211962,0.098449856,-0.6374904,0.19044068,-0.29396674,-0.19538143,0.6443819,0.4172142,0.17444454,-0.12186756,-0.4163869,0.3615264,0.2693809,0.024612464,0.5106274,-1.2523898,0.019211398,0.8114253,-1.1427352,-0.03046689,0.5659033,-1.2096183,-0.04884536,0.83109546,-1.1956964,0.0,0.0,0.0,0.0,0.0,0.0,0.0,0.0,0.0,0.0,0.0,0.0,0.0,0.0,0.0,0.0,-2.9396675,-4.2119617,2.693809,1.7444454,50.0,50.0,50.0,50.0,50.0,50.0,50.0,50.0,50.0,50.0,50.0,50.0,0.0,0.0,0.0,0.0,1.0,1.0,1.0,1.0,1.0,1.0,1.0,1.0,1.0,1.0,1.0,1.0,0.5,0.5,0.5,0.5
1788529337.4932408,213,6.250370999623556,1.9695439987117425,5.1411780004855245,1.064071,6.209441,10908812,0,0,0.0,0.0,0.0,-0.035522938,0.5779456,-1.2756947,-0.012951346,0.6807219,-1.3750896,0.015701517,0.7151362,-1.2878269,0.0058561563,0.6972118,-1.2397094,-16.849384,-11.11364,-7.588427,5.8855886,0.31391743,0.70146984,-0.325544,0.93400127,0.5580754,2.6892765,0.44180974,-0.77122927,0.75421065,0.08913705,0.40693003,-0.49539304,-0.034879714,-2.0656543,1.3370557,-0.08913705,2.8201642,-4.0076017,1.8491865,0.59371877,6.2587852,10.051989,-2.7706876,-7.0009336,3.1293926,-2.8696408,6.48143,3.0345626,-1.4100821,-0.86583984,0.59371877,0.89057815,0.9990255,0.002045703,0.025838425,0.035723686,-0.29933926,-0.043675836,0.7520766,1.2150574,5.153519,4.882974,0.0059414194,0.0515031,0.071639635,30.101734161376953,6.118535041809082,0.056326658,0.1659478,0.9124423,-0.53242105,0.13786659,-0.6478436,-0.075693235,-0.2185409,-0.13735035,0.5952885,-0.00858879,0.22663833,-0.12826478,-0.49964914,0.61771506,0.25600737,0.034466647,0.5080391,-1.3189232,0.014081664,0.71148694,-1.0718894,-0.032066196,0.54508775,-1.1455712,-0.034337588,0.81882215,-1.3021472,0.0,0.0,0.0,0.0,0.0,0.0,0.0,0.0,0.0,0.0,0.0,0.0,0.0,0.0,0.0,0.0,-2.185409,-5.3242106,2.5600739,2.2663834,50.0,50.0,50.0,50.0,50.0,50.0,50.0,50.0,50.0,50.0,50.0,50.0,0.0,0.0,0.0,0.0,1.0,1.0,1.0,1.0,1.0,1.0,1.0,1.0,1.0,1.0,1.0,1.0,0.5,0.5,0.5,0.5
1788529337.517213,214,10.774823000247125,1.8952999998873565,10.564543999862508,0.143461,10.713541,10908832,0,0,0.0,0.0,0.0,-0.03252542,0.58203316,-1.2839408,-0.0065930653,0.6812972,-1.350146,0.015822634,0.70520514,-1.2811606,0.010397792,0.70714283,-1.257086,-16.849504,-11.186306,-7.539196,5.884983,0.034879714,-0.09301257,-0.3093679,0.51544464,-1.0153872,0.14356288,-0.13564333,-0.7557271,0.15165094,0.04263076,0.70146984,-1.5266194,-0.019377619,-4.7823963,4.0576735,0.11626572,3.2901914,-3.7602189,-1.1379609,0.47002736,2.5975196,14.840908,-2.3253984,-7.545176,6.5906906,-2.3253984,4.997133,-0.14224511,-1.0390079,-0.12369141,-0.6926719,0.9895313,0.99893314,0.0006665338,0.024005558,0.039446644,-0.020240022,-0.27377293,0.06711165,0.91697925,1.3455414,6.989872,0.0032292358,0.047925655,0.07901394,30.137149810791016,5.229809284210205,-0.10751963,0.2512075,0.34186628,-0.4706374,0.022067612,0.0064986423,0.27938414,-0.041173507,-0.018152632,0.2184253,0.15485206,0.32349023,0.10216873,0.17031123,1.1308172,0.26407975,0.005516903,0.67162466,-1.2301539,-0.026879907,0.7328019,-1.2145333,0.025542183,0.7125778,-1.0172956,-0.004538158,0.72460634,-1.261287,0.0,0.0,0.0,0.0,0.0,0.0,0.0,0.0,0.0,0.0,0.0,0.0,0.0,0.0,0.0,0.0,-0.41173506,-4.706374,2.6407976,3.2349024,50.0,50.0,50.0,50.0,50.0,50.0,50.0,50.0,50.0,50.0,50.0,50.0,0.0,0.0,0.0,0.0,1.0,1.0,1.0,1.0,1.0,1.0,1.0,1.0,1.0,1.0,1.0,1.0,0.5,0.5,0.5,0.5
1788529337.5320997,215,5.303489000652917,1.7876810015877709,4.248249999363907,2.001161,6.254627,10908850,0,0,0.0,0.0,0.0,-0.029164672,0.57976234,-1.2961676,-2.2839755e-05,0.68995655,-1.3465918,0.013551816,0.6917317,-1.280418,0.0042514205,0.7257333,-1.2848729,-16.848082,-11.254793,-7.478399,5.8950653,0.48056495,-0.24803352,-0.9928081,0.4573118,0.77122927,0.325544,-0.077510476,-0.96888095,-0.018198112,-0.5503244,1.5269563,-1.3507043,0.11239019,-4.0770507,3.914279,1.1355284,2.721211,-3.4386213,-0.42673537,0.24738282,0.4205508,14.177097,-2.2264454,-6.580383,7.064841,-1.4100821,3.1665,0.14224511,-1.0390079,-0.51950395,-0.791625,0.51950395,0.99906063,2.775495e-05,0.022959888,0.036754075,-0.21518339,-0.07137271,-0.59548277,-0.8702923,1.7130513,9.625888,0.0017450344,0.045890704,0.07358416,30.1460018157959,4.511992454528809,-0.10958752,-0.50639534,0.1404132,-0.5330548,-0.04651314,0.16897827,0.7012184,-0.13844605,0.12856871,-0.25526202,0.3259309,0.32079512,0.16929284,0.52116835,0.61374044,0.05360305,-0.011628285,0.7122446,-1.1246953,-0.02739688,0.5434012,-1.2648966,0.04232321,0.80029213,-1.1465648,0.032142177,0.6061845,-1.2185172,0.0,0.0,0.0,0.0,0.0,0.0,0.0,0.0,0.0,0.0,0.0,0.0,0.0,0.0,0.0,0.0,-1.3844604,-5.3305483,0.5360305,3.207951,50.0,50.0,50.0,50.0,50.0,50.0,50.0,50.0,50.0,50.0,50.0,50.0,0.0,0.0,0.0,0.0,1.0,1.0,1.0,1.0,1.0,1.0,1.0,1.0,1.0,1.0,1.0,1.0,0.5,0.5,0.5,0.5
1788529337.5510864,216,4.614023000613088,1.8679080003494164,4.449570000360836,0.11834,4.572358,10908872,0,0,0.0,0.0,0.0,-0.022382498,0.60110795,-1.2885692,-0.00295976,0.6981617,-1.3549643,0.019758701,0.693185,-1.2757106,-0.0023187995,0.72794354,-1.2933085,-16.848234,-11.326944,-7.419418,5.9258275,0.28291324,0.24415801,0.5297673,0.7363495,-2.360194,-0.7259025,0.1782741,0.06975943,-0.44484273,-0.33717057,-1.1239018,0.45899683,-0.6239593,-3.95691,1.1781592,1.3951886,0.24738282,5.6650667,8.297632,-2.0285392,-5.788758,5.594975,1.1132227,5.5661135,7.301916,2.2264454,-5.368207,3.1293926,-0.34633595,-0.791625,-0.32159767,0.8411016,0.99935865,-0.0018434577,0.022636633,0.027687278,-0.37497303,-0.0745685,-0.88949573,1.8914193,0.8882488,10.992977,-0.002433563,0.04536187,0.055340726,30.137149810791016,5.093081951141357,-0.24376994,-0.33498648,-0.28961748,-0.24982834,-0.2036352,0.26323834,1.180596,-0.16759753,0.23768063,-0.62192357,0.76538616,0.13271168,0.25446385,0.86723864,0.26752388,-0.044138033,-0.0509088,0.7358096,-1.004851,-0.060942486,0.5862534,-1.3724043,0.06361596,0.8868097,-1.233119,0.059420157,0.5145191,-1.1086534,0.0,0.0,0.0,0.0,0.0,0.0,0.0,0.0,0.0,0.0,0.0,0.0,0.0,0.0,0.0,0.0,-1.6759753,-2.4982834,-0.44138032,1.3271167,50.0,50.0,50.0,50.0,50.0,50.0,50.0,50.0,50.0,50.0,50.0,50.0,0.0,0.0,0.0,0.0,1.0,1.0,1.0,1.0,1.0,1.0,1.0,1.0,1.0,1.0,1.0,1.0,0.5,0.5,0.5,0.5
1788529337.5722895,217,5.446822000521934,1.7550399988977006,5.296192999594496,0.108356,5.409029,10908892,0,0,0.0,0.0,0.0,-0.022806406,0.600351,-1.2779222,0.0012185387,0.7078506,-1.3598139,0.021908417,0.69597054,-1.2869738,0.0026770234,0.7143792,-1.2834196,-16.884111,-11.36246,-7.419963,5.956044,-1.139404,0.077510476,0.5702075,-0.43018317,0.6665901,-0.9483238,0.18602514,0.6084572,-0.89575154,0.38367686,-1.6548486,1.126261,-2.4842107,-0.7867313,-1.139404,2.3563185,-0.34633595,7.0009336,14.082267,-2.8449025,-6.9267187,0.33190528,2.0780158,9.375809,3.8406184,2.622258,-8.658399,7.8234816,0.47002736,-0.8411016,0.44528908,-0.5442422,0.9994881,-0.0035550182,0.02265946,0.022304757,0.07243797,0.106526434,-0.30999193,-1.1073183,-1.3682863,11.273099,-0.0061019133,0.045469977,0.044486202,30.013200759887695,8.44289493560791,-0.17191446,-0.2936118,-0.07956264,-0.15356708,-0.11463188,-0.28103873,1.1441922,-0.36942947,0.1725307,-0.34529257,0.8420182,0.11680843,0.031096317,0.48805365,0.19143596,-0.13676804,-0.02865797,0.5997403,-1.0139519,-0.042978615,0.5965971,-1.3198906,0.007774079,0.7920134,-1.252141,0.043132674,0.5836769,-1.0894954,0.0,0.0,0.0,0.0,0.0,0.0,0.0,0.0,0.0,0.0,0.0,0.0,0.0,0.0,0.0,0.0,-3.6942947,-1.5356708,-1.3676804,1.1680843,50.0,50.0,50.0,50.0,50.0,50.0,50.0,50.0,50.0,50.0,50.0,50.0,0.0,0.0,0.0,0.0,1.0,1.0,1.0,1.0,1.0,1.0,1.0,1.0,1.0,1.0,1.0,1.0,0.5,0.5,0.5,0.5
1788529337.593428,218,6.608303998291376,1.8760049988486571,6.4365859998360975,0.122788,6.564814,10908912,0,0,0.0,0.0,0.0,-0.035008192,0.60065377,-1.274194,-0.00934832,0.7086075,-1.375437,0.020818427,0.7102312,-1.2998167,0.0026467443,0.6892488,-1.264242,-16.928076,-11.364882,-7.447122,6.0006733,-0.1472699,-1.5889648,0.028308174,-0.21315381,-0.24415801,-0.42664462,-0.7518516,0.162772,-0.4974151,-0.25578457,-0.3720503,0.76432073,-2.9764023,0.15502095,-1.5889648,2.9260204,0.4205508,1.5585117,13.655532,-1.58325,-5.6403284,2.8923175,0.049476564,4.1560316,2.8449025,2.3996134,-5.1208243,8.582122,-0.14842969,-0.86583984,0.14842969,-1.0390079,0.999426,-0.0010309792,0.023614055,0.024274895,0.3845604,0.11078749,0.63489753,-0.6823475,-0.92895025,8.943541,-0.00091533974,0.047268655,0.0485465,30.154855728149414,4.204356670379639,0.0064504053,0.5321179,0.6025388,-0.05249868,0.039538406,-0.5904586,0.44136176,-0.40859118,-0.2209894,0.6989696,0.61377835,0.28011903,-0.18753356,-0.35004807,0.5372521,0.0927203,0.009884601,0.52238536,-1.1896595,0.0016126013,0.8030295,-1.1493652,-0.04688339,0.582488,-1.165687,-0.05524735,0.8447424,-1.1465554,0.0,0.0,0.0,0.0,0.0,0.0,0.0,0.0,0.0,0.0,0.0,0.0,0.0,0.0,0.0,0.0,-4.0859118,-0.5249868,0.927203,2.8011904,50.0,50.0,50.0,50.0,50.0,50.0,50.0,50.0,50.0,50.0,50.0,50.0,0.0,0.0,0.0,0.0,1.0,1.0,1.0,1.0,1.0,1.0,1.0,1.0,1.0,1.0,1.0,1.0,0.5,0.5,0.5,0.5
1788529337.6109853,219,4.5039069991617,1.7780809994292213,4.354461998445913,0.107684,4.466722,10908932,0,0,0.0,0.0,0.0,-0.04021597,0.5951736,-1.2681912,-0.0157066,0.7033998,-1.3696238,0.01960732,0.71731615,-1.2990901,-0.0028032064,0.6692959,-1.2565174,-16.978456,-11.361522,-7.480215,6.0446362,0.06200838,-1.4029397,-0.10312264,0.24028248,3.0345352,0.44888675,-0.64333695,-3.3600793,0.20422325,-1.6393466,1.050267,0.5782955,-2.0462766,0.34492162,-1.9222598,2.100534,2.4985664,-2.2017071,4.788919,0.59371877,1.58325,10.241649,-2.622258,-3.1417618,6.4010305,-0.86583984,7.3225317,5.4053144,-0.9400547,-0.51950395,1.311129,0.14842969,0.99912596,0.0018535507,0.026177213,0.032540463,0.2450108,0.31318772,1.0460895,-2.3546975,-0.33638534,9.700109,0.005414902,0.052211754,0.065256245,30.11944007873535,5.229809284210205,0.13979252,0.2742652,1.4020258,-0.026109267,0.23039393,-0.51368433,-0.323736,-0.10041165,-0.2643076,0.91694367,-0.14140606,0.4442567,-0.3100432,-0.8126451,0.92260045,-0.014041474,0.057598483,0.54157895,-1.380934,0.03494813,0.73856634,-0.9494935,-0.0775108,0.46683875,-1.0693499,-0.0660769,0.89923596,-1.3353515,0.0,0.0,0.0,0.0,0.0,0.0,0.0,0.0,0.0,0.0,0.0,0.0,0.0,0.0,0.0,0.0,-1.0041165,-0.26109266,-0.14041474,4.442567,50.0,50.0,50.0,50.0,50.0,50.0,50.0,50.0,50.0,50.0,50.0,50.0,0.0,0.0,0.0,0.0,1.0,1.0,1.0,1.0,1.0,1.0,1.0,1.0,1.0,1.0,1.0,1.0,0.5,0.5,0.5,0.5
1788529337.633141,220,6.508779999421677,1.8129299987776903,6.3048689989955164,0.116964,6.427753,10908952,0,0,0.0,0.0,0.0,-0.04236567,0.5999272,-1.2765478,-0.010589698,0.70600367,-1.3541112,0.0117957145,0.7007241,-1.275142,-0.015640914,0.6884919,-1.2636734,-17.000801,-11.373511,-7.497625,6.0733094,0.24415801,0.4650629,-1.0817766,0.4573118,-1.2014123,1.795547,-0.6820922,-2.5345926,1.639852,-0.32166848,1.228541,-1.5063993,-0.18214962,-1.449446,-0.2596601,0.9960096,5.021871,-3.3891447,-3.461298,1.8058946,2.8696408,18.06513,-3.9086485,-9.79636,8.4398775,-2.3253984,9.870575,-1.0431309,-0.37107423,0.5442422,0.049476564,1.58325,0.9988556,0.0038552044,0.026289975,0.039768685,0.08415588,-0.17150755,0.42930153,-0.40462008,0.51355624,7.267599,0.009806152,0.052236896,0.07984265,29.93351936340332,10.972344398498535,-0.021540083,0.29248205,1.0555893,0.04129082,0.10341611,-0.020916872,-0.27000117,-0.012389556,-0.12762652,0.59550893,-0.1953492,0.39266565,-0.12675521,-0.34392864,1.3851987,0.16529426,0.025854027,0.6647708,-1.3675003,-0.0053850207,0.74312055,-1.0361027,-0.031688802,0.5840179,-0.9537003,-0.03190663,0.8188772,-1.3488373,0.0,0.0,0.0,0.0,0.0,0.0,0.0,0.0,0.0,0.0,0.0,0.0,0.0,0.0,0.0,0.0,-0.123895556,0.4129082,1.6529427,3.9266565,50.0,50.0,50.0,50.0,50.0,50.0,50.0,50.0,50.0,50.0,50.0,50.0,0.0,0.0,0.0,0.0,1.0,1.0,1.0,1.0,1.0,1.0,1.0,1.0,1.0,1.0,1.0,1.0,0.5,0.5,0.5,0.5
1788529337.652992,221,6.463435000114259,1.8961009991471656,6.258210998566938,0.601718,6.866201,10908972,0,0,0.0,0.0,0.0,-0.03137493,0.60340905,-1.3167669,0.0022782516,0.6981617,-1.3227068,0.007587135,0.6800748,-1.2473392,-0.022423089,0.717528,-1.3090897,-16.99847,-11.399126,-7.4750075,6.111035,1.0231383,2.2361772,-0.58840567,0.75960267,0.0,1.1727673,0.17439857,0.21702933,1.1747892,-0.21315381,1.4688236,-2.0280786,0.19765173,-0.6317104,2.5927255,2.9492736,1.9790626,0.8411016,-2.5129972,-0.6926719,2.3253984,14.603832,-2.2017071,-5.1950393,13.655532,-0.2721211,3.7602189,-0.09483008,-0.22264454,0.44528908,-0.51950395,0.47002736,0.99896616,0.0011424916,0.024807371,0.03807703,-0.31212243,-0.03515372,-0.6796386,0.91817635,0.7745243,9.726444,0.0041769305,0.049496654,0.07629938,30.11058807373047,5.503263473510742,-0.16364992,-0.8875865,0.3973377,0.17713353,-0.092591844,0.34256828,0.46027547,-0.2884403,0.19238411,-0.3769897,-0.14270276,0.33495075,0.22108641,0.570964,0.7377445,-0.12881891,-0.023147961,0.75564206,-1.184931,-0.04091248,0.4481034,-1.2006655,0.055271603,0.81274104,-1.1155639,0.048096027,0.5757526,-1.3356756,0.0,0.0,0.0,0.0,0.0,0.0,0.0,0.0,0.0,0.0,0.0,0.0,0.0,0.0,0.0,0.0,-2.8844028,1.7713354,-1.2881892,3.3495073,50.0,50.0,50.0,50.0,50.0,50.0,50.0,50.0,50.0,50.0,50.0,50.0,0.0,0.0,0.0,0.0,1.0,1.0,1.0,1.0,1.0,1.0,1.0,1.0,1.0,1.0,1.0,1.0,0.5,0.5,0.5,0.5
1788529337.671367,222,4.608710998581955,1.8247379994136281,4.324924999309587,0.195015,4.529061,10908992,0,0,0.0,0.0,0.0,-0.010029197,0.62166643,-1.3326586,0.00037076883,0.69825256,-1.3200055,0.008465186,0.66224134,-1.2313527,-0.038712382,0.7512269,-1.3385826,-16.999197,-11.40488,-7.442005,6.166261,0.6162083,1.4184418,-0.9038396,0.10076362,-2.4842107,0.0040440247,1.4184418,0.4650629,0.53987736,-0.11239019,-3.7863867,-1.4437169,-0.53094673,-0.05038181,1.4029397,3.1275477,-1.2121758,5.61559,7.301916,-2.3006601,-9.5984535,7.064841,0.8411016,6.753551,6.4484453,4.6260586,-5.1950393,1.1379609,-1.0637461,0.74214846,-1.0390079,0.12369141,0.999315,-0.0010617661,0.024014182,0.028136104,-0.29933926,-0.064981125,-1.2463592,0.90381116,-0.7469909,8.918402,-0.000771638,0.048073728,0.05627735,30.048614501953125,7.485805511474609,-0.35984215,-0.5347702,-0.6663506,0.2674969,-0.27622473,0.49785376,1.3757627,-0.23098335,0.24089055,-0.85716367,0.6330369,-0.08373922,0.41235363,1.0395634,0.24633099,-0.46320647,-0.06905618,0.79446346,-0.9560593,-0.08996054,0.53630745,-1.4665875,0.10308841,0.9298909,-1.2384171,0.060222637,0.4557091,-1.1417407,0.0,0.0,0.0,0.0,0.0,0.0,0.0,0.0,0.0,0.0,0.0,0.0,0.0,0.0,0.0,0.0,-2.3098335,2.6749692,-4.632065,-0.8373922,50.0,50.0,50.0,50.0,50.0,50.0,50.0,50.0,50.0,50.0,50.0,50.0,0.0,0.0,0.0,0.0,1.0,1.0,1.0,1.0,1.0,1.0,1.0,1.0,1.0,1.0,1.0,1.0,0.5,0.5,0.5,0.5
1788529337.6924093,223,4.353885999080376,1.8529310000303667,4.165591000855784,2.082764,6.253123,10909012,0,0,0.0,0.0,0.0,0.0049278736,0.62693465,-1.3200526,0.0062748864,0.67397,-1.3247446,0.026086718,0.6785307,-1.2423948,-0.05006641,0.7393884,-1.3297995,-17.02675,-11.372452,-7.4458804,6.2108297,0.65496355,-0.015502095,1.8582295,-0.046506286,0.7285985,-1.8481194,0.6317104,1.9765172,-1.1222169,0.2751622,-2.317563,4.1087294,-2.1896708,3.6468678,-2.4609575,1.6587242,-4.527106,8.757352,14.840908,-4.9476566,-7.91625,-4.694089,3.5375743,11.330133,1.8017715,5.516637,-12.294926,4.694089,0.0,-0.5442422,-0.7668867,-1.2616524,0.99950916,-0.0038053773,0.024629425,0.018983148,-0.36218986,-0.05645901,-0.61039644,-2.719813,3.6116533,4.879383,-0.0066801296,0.049399238,0.037815347,29.800716400146484,15.074155807495117,-0.18794508,-0.5897421,-0.38411567,0.29140788,-0.19897789,-0.29511768,1.238305,-0.1403302,0.3200041,-0.6677619,0.9364179,-0.05612492,0.07039249,0.5681356,-0.23451903,-0.5055612,-0.049744472,0.5962206,-0.9904237,-0.04698627,0.5225645,-1.3960289,0.017598122,0.8120339,-1.3586297,0.08000103,0.5030595,-1.0658954,0.0,0.0,0.0,0.0,0.0,0.0,0.0,0.0,0.0,0.0,0.0,0.0,0.0,0.0,0.0,0.0,-1.403302,2.9140787,-5.0556116,-0.5612492,50.0,50.0,50.0,50.0,50.0,50.0,50.0,50.0,50.0,50.0,50.0,50.0,0.0,0.0,0.0,0.0,1.0,1.0,1.0,1.0,1.0,1.0,1.0,1.0,1.0,1.0,1.0,1.0,0.5,0.5,0.5,0.5
1788529337.7109506,224,4.367006000393303,1.8258899999636924,4.2015290000563255,0.113732,4.319933,10909032,0,0,0.0,0.0,0.0,-0.004609585,0.6205461,-1.2716349,-0.0042314157,0.6660373,-1.3873479,0.027873084,0.7106854,-1.2752051,-0.039348185,0.7049931,-1.2537055,-17.096054,-11.300876,-7.511038,6.222123,-1.4378194,-2.5810988,0.35183015,-0.6045817,-1.2983005,-2.4628112,-0.887495,1.0425159,-2.3313804,0.43018317,-1.9300109,1.2051194,-3.7166271,3.4685938,-4.3018317,1.2440431,-0.89057815,1.5090352,14.935738,-1.58325,-6.2587852,0.99571586,0.4205508,4.2797227,-1.6121113,5.8629727,-8.683137,9.293348,1.1626992,-0.34633595,-0.2721211,-0.89057815,0.99949443,-0.00045157282,0.024762332,0.019937167,0.65300703,-0.07030744,0.7041397,0.8595184,-5.6227827,13.728353,8.479654e-05,0.04953789,0.039891314,30.05746841430664,6.938897132873535,-0.02934973,1.102593,0.20306583,0.074797116,0.013358068,-0.5727719,0.57127947,-0.32136142,-0.24463546,0.6915685,1.0845162,-0.00027094036,-0.21473637,-0.36649492,0.34440386,-0.037596572,0.003339517,0.52680707,-1.1571801,-0.0073374324,0.94564825,-1.2492335,-0.053684093,0.5783763,-1.213899,-0.061158866,0.84289217,-1.0288709,0.0,0.0,0.0,0.0,0.0,0.0,0.0,0.0,0.0,0.0,0.0,0.0,0.0,0.0,0.0,0.0,-3.2136142,0.7479712,-0.3759657,-0.0027094036,50.0,50.0,50.0,50.0,50.0,50.0,50.0,50.0,50.0,50.0,50.0,50.0,0.0,0.0,0.0,0.0,1.0,1.0,1.0,1.0,1.0,1.0,1.0,1.0,1.0,1.0,1.0,1.0,0.5,0.5,0.5,0.5
1788529337.734705,225,7.846428999982891,1.7796810006984742,6.080124998334213,2.775941,8.860482,10909050,0,0,0.0,0.0,0.0,-0.015660882,0.6169431,-1.2743994,-0.016584648,0.65737796,-1.3893542,0.040377706,0.7307594,-1.308363,-0.038621545,0.6912168,-1.2421895,-17.13369,-11.251644,-7.582735,6.2449527,0.12401676,-0.24803352,-0.812849,-0.35267267,6.220216,1.1080629,1.1432796,-3.1120455,0.26690564,-1.9920192,4.9296665,1.0615566,-1.767239,2.1276627,-3.3639548,1.4184418,0.74214846,-4.2797227,7.301916,0.74214846,8.262587,5.0259943,-5.7640195,-4.2055078,3.319053,0.89057815,2.548043,10.051989,-0.51950395,-0.56898046,1.2616524,-0.74214846,0.99916595,0.0013574124,0.028763039,0.028954122,0.34727618,0.8032093,1.3784521,-3.7936125,-3.3243492,10.751163,0.0043854215,0.057431057,0.05806634,30.048614501953125,7.485805511474609,0.37769726,0.17185399,1.4012294,-0.18079762,0.3630791,-1.2035741,-0.08771511,-0.27493867,-0.43227786,1.1261503,-0.5213169,0.40360776,-0.42270014,-1.2074463,0.22639836,-0.12716933,0.090769775,0.3691065,-1.3219287,0.094424315,0.7129635,-0.9496926,-0.105675034,0.36813843,-1.2434003,-0.108069465,0.9515376,-1.4303292,0.0,0.0,0.0,0.0,0.0,0.0,0.0,0.0,0.0,0.0,0.0,0.0,0.0,0.0,0.0,0.0,-2.7493868,-1.8079762,-1.2716932,4.0360775,50.0,50.0,50.0,50.0,50.0,50.0,50.0,50.0,50.0,50.0,50.0,50.0,0.0,0.0,0.0,0.0,1.0,1.0,1.0,1.0,1.0,1.0,1.0,1.0,1.0,1.0,1.0,1.0,0.5,0.5,0.5,0.5
1788529337.770981,226,8.541142000467516,2.1854240003449377,8.270412999991095,1.177994,9.458263,10909084,0,0,0.0,0.0,0.0,-0.010543942,0.609949,-1.2964046,-0.017159922,0.64977825,-1.3433377,0.042133808,0.7090807,-1.2468969,-0.058059752,0.7165289,-1.2744943,-17.147133,-11.261001,-7.629635,6.2286634,1.2440431,-0.16664752,-1.775327,1.9145088,0.22478038,2.5052733,0.077510476,-0.36429924,1.2152295,-0.12789229,1.88738,-5.190506,0.69371873,-3.9259055,0.7673537,0.80998445,4.0570784,-12.294926,0.04741504,3.9828634,3.0675468,18.918602,-7.817297,-17.489965,-0.7112256,-2.548043,10.315864,-2.8449025,-1.7069415,1.2121758,-1.0390079,1.3853438,0.99863976,0.002802197,0.03172321,0.041285224,-0.70094395,-0.1821602,-0.06178533,-1.7645266,7.644686,9.902418,0.008232684,0.063170746,0.08289598,29.676767349243164,18.047969818115234,0.1314156,-0.069391005,1.0728331,-0.092777446,0.078194804,-0.10909465,-0.0018874109,-0.019138236,-0.1120176,0.5559192,-0.33019686,0.5914444,0.0042861775,-0.09141493,0.6766339,0.29479,0.019548701,0.64272636,-1.3004718,0.0328539,0.65265226,-1.0317917,0.0010715444,0.6471463,-1.1308415,-0.0280044,0.8089798,-1.3825492,0.0,0.0,0.0,0.0,0.0,0.0,0.0,0.0,0.0,0.0,0.0,0.0,0.0,0.0,0.0,0.0,-0.19138235,-0.9277744,2.9479,5.914444,50.0,50.0,50.0,50.0,50.0,50.0,50.0,50.0,50.0,50.0,50.0,50.0,0.0,0.0,0.0,0.0,1.0,1.0,1.0,1.0,1.0,1.0,1.0,1.0,1.0,1.0,1.0,1.0,0.5,0.5,0.5,0.5
1788529337.7922301,227,6.8779779994656565,2.22209699859377,5.613835999611183,0.175814,5.797426,10909106,0,0,0.0,0.0,0.0,0.009711742,0.5961727,-1.3145553,0.012088172,0.65404737,-1.3220592,0.033958867,0.6809831,-1.2408941,-0.07023126,0.7917383,-1.3706189,-17.12721,-11.31223,-7.6021733,6.2738976,1.2014123,-1.1200264,0.2628616,1.0463915,0.7983579,-0.018198112,-1.0618935,-2.3408163,-0.08694653,-1.546334,4.580869,-3.864066,0.68596774,-1.8951312,1.5269563,3.10817,2.9438555,-10.612723,-0.85347074,3.1417618,2.2017071,19.250507,-6.060879,-13.581317,-0.04741504,-0.4205508,3.6365275,0.42673537,-1.6079884,0.12369141,-1.3853438,0.4205508,0.99901396,-0.005456809,0.029349849,0.03286063,-0.57737327,-0.15872438,-1.3859088,-4.832696,1.5885528,11.139024,-0.00898973,0.059034728,0.06549697,29.88039779663086,12.47634220123291,-0.23466784,-1.0587596,0.6298375,-0.09890963,-0.104453966,0.60720617,0.5740314,-0.17241636,0.31565386,-0.4751006,-0.3963667,0.31523773,0.30546004,1.1076984,0.439363,-0.32104686,-0.026113492,0.82180154,-1.1564921,-0.05866696,0.40531012,-1.1425406,0.07636501,0.9469246,-1.1901592,0.078913465,0.5512249,-1.3990916,0.0,0.0,0.0,0.0,0.0,0.0,0.0,0.0,0.0,0.0,0.0,0.0,0.0,0.0,0.0,0.0,-1.7241635,-0.9890963,-3.2104685,3.1523774,50.0,50.0,50.0,50.0,50.0,50.0,50.0,50.0,50.0,50.0,50.0,50.0,0.0,0.0,0.0,0.0,1.0,1.0,1.0,1.0,1.0,1.0,1.0,1.0,1.0,1.0,1.0,1.0,0.5,0.5,0.5,0.5
1788529337.8150134,228,7.234599001094466,2.2882430002937326,5.9634159988490865,0.171783,6.144799,10909126,0,0,0.0,0.0,0.0,0.016524196,0.6066487,-1.3068464,0.022927528,0.6592854,-1.315851,0.02620782,0.66941714,-1.211954,-0.09539193,0.8430889,-1.4176307,-17.110437,-11.336452,-7.543495,6.3445354,0.59683067,-0.40305448,0.32149997,0.5076936,0.44568524,0.91394967,-1.058018,-1.6703508,0.9281037,-2.1896708,3.205058,-1.7874589,0.4921915,-0.7983579,3.247689,4.3483377,-0.5442422,2.3253984,0.0,-0.049476564,-0.791625,13.655532,-0.17316797,0.32159767,3.8406184,5.8629727,-4.997133,3.461298,-0.2721211,-0.024738282,-0.074214846,0.56898046,0.99943674,-0.009704224,0.027138926,0.017195104,-0.35579827,-0.13209277,-1.5180017,-1.0342951,-3.560178,10.896012,-0.018492818,0.054608144,0.03390113,30.199121475219727,2.871267557144165,-0.31250235,-1.2393941,0.30807552,0.1080664,-0.255089,0.14580828,1.1729019,-0.21912864,0.24773848,-0.33004254,-0.29144013,0.35792613,0.31953445,0.7355994,-0.118013784,-0.3926939,-0.06377225,0.7064521,-1.0067744,-0.07812559,0.3601515,-1.2229811,0.07988361,0.85389984,-1.3295034,0.06193462,0.58748937,-1.37286,0.0,0.0,0.0,0.0,0.0,0.0,0.0,0.0,0.0,0.0,0.0,0.0,0.0,0.0,0.0,0.0,-2.1912863,1.080664,-3.926939,3.5792613,50.0,50.0,50.0,50.0,50.0,50.0,50.0,50.0,50.0,50.0,50.0,50.0,0.0,0.0,0.0,0.0,1.0,1.0,1.0,1.0,1.0,1.0,1.0,1.0,1.0,1.0,1.0,1.0,0.5,0.5,0.5,0.5
1788529337.834832,229,4.8368480001954595,1.948869999978342,4.584614000123111,1.276014,5.866869,10909144,0,0,0.0,0.0,0.0,0.024487138,0.61848724,-1.2948091,0.023139471,0.64133084,-1.3072731,0.026631713,0.6738982,-1.2197893,-0.0992977,0.8373665,-1.4185627,-17.122639,-11.333969,-7.529689,6.400428,0.8409887,0.26353562,-0.47517294,0.62783486,-0.36817476,1.2475817,-0.70534533,0.26353562,-1.1060408,-0.54257333,0.162772,2.4163048,-1.3525578,2.0230236,-1.0851467,3.7166271,-3.7107422,10.340602,7.8234816,-4.8487034,-11.973329,6.8751807,3.2901914,13.952391,2.418167,9.771622,-15.065614,-2.0862617,-0.14842969,-1.6327267,-0.89057815,-0.37107423,0.9996205,-0.011841916,0.02408057,0.006238922,-0.149137,-0.49641317,-0.63063645,-1.4401124,-13.357251,8.352173,-0.023403803,0.048309416,0.011916972,29.747596740722656,16.338882446289062,-0.28228927,-0.6565948,0.37081552,0.3365046,-0.09241645,-0.2751662,0.7380262,0.07706568,0.16701414,0.009034917,-0.27017695,0.54719543,0.016184842,0.1453705,0.40451476,-0.46059626,-0.023104113,0.60120845,-1.1154934,-0.07057232,0.5058513,-1.2072961,0.0040462106,0.70634264,-1.1988713,0.041753534,0.67225873,-1.3675442,0.0,0.0,0.0,0.0,0.0,0.0,0.0,0.0,0.0,0.0,0.0,0.0,0.0,0.0,0.0,0.0,0.77065676,3.365046,-4.6059628,5.4719543,50.0,50.0,50.0,50.0,50.0,50.0,50.0,50.0,50.0,50.0,50.0,50.0,0.0,0.0,0.0,0.0,1.0,1.0,1.0,1.0,1.0,1.0,1.0,1.0,1.0,1.0,1.0,1.0,0.5,0.5,0.5,0.5
1788529337.8573782,230,6.810392000261345,1.9233340008213418,6.583630998648005,1.243469,7.833661,10909162,0,0,0.0,0.0,0.0,0.016493917,0.6317791,-1.2663429,0.023714744,0.6358506,-1.2993747,0.029841125,0.713804,-1.2588078,-0.08379561,0.8034254,-1.3559909,-17.15001,-11.289552,-7.572925,6.4477515,-1.1587815,1.2556697,2.9561822,-0.25190905,-0.52319574,0.17389306,0.58520406,3.69725,-3.6355784,1.375811,-2.4067004,3.419223,-3.0074065,3.6042373,-3.8096397,3.0616639,-3.0675468,2.622258,11.6641,-5.021871,-13.927652,3.698373,2.0780158,3.7849572,-0.33190528,5.9866643,-8.831567,-3.698373,0.51950395,-1.311129,0.0,0.049476564,0.99978477,-0.009941838,0.017727263,0.0041740686,0.43995416,-0.8458199,0.10120011,-4.959589,-4.823119,6.0980315,-0.019745152,0.035537373,0.007998993,29.924665451049805,10.938162803649902,-0.20287006,-0.11345719,0.12763526,0.124542154,0.02229082,-0.22049329,0.6261209,-0.26793838,0.006240233,0.14659186,0.6501314,0.3355054,-0.05570993,0.166444,0.4816946,-0.16156192,0.005572705,0.6148767,-1.1434697,-0.050717514,0.6416357,-1.2680911,-0.013927482,0.71161103,-1.1795763,0.0015600582,0.706648,-1.1374671,0.0,0.0,0.0,0.0,0.0,0.0,0.0,0.0,0.0,0.0,0.0,0.0,0.0,0.0,0.0,0.0,-2.6793838,1.2454215,-1.6156192,3.355054,50.0,50.0,50.0,50.0,50.0,50.0,50.0,50.0,50.0,50.0,50.0,50.0,0.0,0.0,0.0,0.0,1.0,1.0,1.0,1.0,1.0,1.0,1.0,1.0,1.0,1.0,1.0,1.0,0.5,0.5,0.5,0.5
1788529337.8764112,231,5.241823000687873,1.7475509994255845,4.431489000126021,1.766592,6.203873,10909180,0,0,0.0,0.0,0.0,-0.0035498142,0.6303561,-1.2447642,0.009393472,0.629129,-1.2917922,0.021181747,0.74801755,-1.3000853,-0.07786125,0.79994345,-1.3495773,-17.199604,-11.220398,-7.635569,6.5447607,-1.1161509,-0.39917895,-0.38013834,-0.65883905,-1.2672963,0.2911698,-0.8991215,1.3525578,-0.46910688,-0.23640695,-0.34492162,-3.2210658,-1.7284837,4.7591434,-4.3250847,6.7201586,-0.049476564,-1.2616524,7.017426,-3.5375743,-5.2197776,4.504429,0.12369141,-3.5375743,5.0259943,6.4566917,-6.308262,2.7026572,1.2121758,-0.6926719,-0.049476564,-0.64319533,0.9998939,-0.0035390994,0.011691621,0.007939917,0.7627292,-0.5166532,0.6593986,-1.9273324,-3.2692823,16.298529,-0.0068937335,0.023439106,0.01580039,30.163707733154297,3.794175148010254,-0.13376202,0.5820782,0.6008169,-0.27460098,0.25809762,-0.34940964,0.38933107,-0.43822986,-0.3807096,0.8475523,0.16765636,0.44468483,-0.14824298,-0.29494497,0.5242187,-0.13225326,0.064524405,0.5826476,-1.2026672,-0.033440504,0.8155196,-1.1497958,-0.037060745,0.59626377,-1.1689453,-0.0951774,0.8818881,-1.2580858,0.0,0.0,0.0,0.0,0.0,0.0,0.0,0.0,0.0,0.0,0.0,0.0,0.0,0.0,0.0,0.0,-4.3822985,-2.7460098,-1.3225327,4.4468484,50.0,50.0,50.0,50.0,50.0,50.0,50.0,50.0,50.0,50.0,50.0,50.0,0.0,0.0,0.0,0.0,1.0,1.0,1.0,1.0,1.0,1.0,1.0,1.0,1.0,1.0,1.0,1.0,0.5,0.5,0.5,0.5
1788529337.9063404,232,14.31399099965347,1.8624989988893503,14.07971099979477,1.997416,16.083816,10909200,0,0,0.0,0.0,0.0,-0.011210084,0.6333535,-1.2458384,0.00242964,0.61662436,-1.2949041,0.020303711,0.75806975,-1.2934347,-0.080616534,0.78686357,-1.3736045,-17.213108,-11.147036,-7.7072062,6.6597548,0.58520406,-0.34879714,-0.095034584,-0.10076362,0.61233276,-0.6308679,-0.06975943,0.011626571,0.31745595,0.58520406,-0.82161105,2.2181478,-1.22079,3.6856232,-2.8446345,5.1311936,0.24738282,-0.5442422,5.5001445,-2.6717343,0.64319533,2.2285068,-1.6822032,-2.3996134,5.83205,3.587051,-3.2654533,9.577838,-0.64319533,-1.2121758,0.51950395,-0.74214846,0.9998191,-0.00074995967,0.011965519,0.014774703,-0.17150755,0.059654802,0.6977481,-1.4041992,-0.029927522,8.3821,-0.0011464029,0.023951158,0.029538881,30.181415557861328,3.3498125076293945,-0.06260798,0.24673304,0.60214996,-0.33008984,0.12863815,-0.6623502,0.16183555,-0.38413075,-0.43649113,0.7943758,-0.15534782,0.41453597,-0.13043174,-0.5683789,0.37352327,-0.10047065,0.032159537,0.5044125,-1.259541,-0.015651995,0.73168325,-1.1494625,-0.032607935,0.5279053,-1.2066191,-0.10912278,0.86859393,-1.3388369,0.0,0.0,0.0,0.0,0.0,0.0,0.0,0.0,0.0,0.0,0.0,0.0,0.0,0.0,0.0,0.0,-3.8413074,-3.3008983,-1.0047065,4.1453595,50.0,50.0,50.0,50.0,50.0,50.0,50.0,50.0,50.0,50.0,50.0,50.0,0.0,0.0,0.0,0.0,1.0,1.0,1.0,1.0,1.0,1.0,1.0,1.0,1.0,1.0,1.0,1.0,0.5,0.5,0.5,0.5
1788529337.9263415,233,15.676601000450319,1.7947209998965263,14.764984000066761,1.930022,16.703391,10909220,0,0,0.0,0.0,0.0,-0.007122636,0.6264503,-1.2490294,0.00027993508,0.6117194,-1.3082526,0.024512276,0.7477754,-1.2922974,-0.074016035,0.7563741,-1.3438904,-17.225431,-11.114063,-7.741238,6.7269406,0.06200838,-0.35267267,-0.812849,-0.1782741,-0.34879714,0.16984905,0.15889648,-1.2827984,0.36598426,-0.92237467,-0.4921915,-0.51763517,-1.0308893,-0.70146984,-1.1936613,3.759258,3.7849572,-1.9048477,3.413883,-1.6079884,11.280657,8.013142,-3.339668,-6.6545978,5.83205,-0.14842969,7.2235785,6.2113705,-1.6327267,-0.8411016,0.024738282,0.34633595,0.99963623,-0.0014242834,0.01596785,0.021689007,-0.04900216,0.62424487,0.67111653,-0.2908955,1.2090719,7.98586,-0.002155982,0.03199132,0.043352503,30.084026336669922,6.528716087341309,0.080708794,0.23514736,1.2435434,-0.30792922,0.15409434,-0.6454847,-0.013436485,-0.15759295,-0.38892123,0.9575958,-0.2954211,0.41939998,-0.22476599,-0.49561438,0.21687095,0.04252521,0.038523585,0.50862885,-1.303359,0.020177199,0.7287868,-0.9891141,-0.056191497,0.54609644,-1.2457823,-0.09723031,0.909399,-1.3738552,0.0,0.0,0.0,0.0,0.0,0.0,0.0,0.0,0.0,0.0,0.0,0.0,0.0,0.0,0.0,0.0,-1.5759295,-3.0792923,0.42525208,4.194,50.0,50.0,50.0,50.0,50.0,50.0,50.0,50.0,50.0,50.0,50.0,50.0,0.0,0.0,0.0,0.0,1.0,1.0,1.0,1.0,1.0,1.0,1.0,1.0,1.0,1.0,1.0,1.0,0.5,0.5,0.5,0.5
1788529337.9348643,234,4.6286160013551125,1.791266000509495,4.407423999509774,1.03175,5.445318,10909238,0,0,0.0,0.0,0.0,-0.005215168,0.62466383,-1.2632784,0.0016424246,0.60851,-1.3085685,0.02620782,0.7326063,-1.2812079,-0.08137339,0.7464733,-1.3615673,-17.242538,-11.159692,-7.747354,6.766816,0.12789229,0.06975943,-0.5560534,0.22478038,0.28678876,-0.06672641,0.05813286,-0.9417523,0.45293078,0.011626571,-0.12014124,-0.6773742,-1.449446,-4.263076,0.2906643,2.2594304,3.4633594,-2.2017071,3.461298,-2.1274922,10.414817,8.4398775,-3.2901914,-6.1350937,5.5001445,-0.6926719,7.124625,5.879465,-1.3853438,0.7668867,-0.7668867,0.96479297,0.9995408,-0.0014359574,0.01781819,0.024470748,-0.04261057,0.1043959,0.13954963,0.6404489,1.9177556,7.69257,-0.0019998222,0.035697874,0.04891851,30.084026336669922,6.2894439697265625,-0.02580078,-0.17208286,1.0255749,-0.3043864,0.0022156658,-0.2068362,0.23583198,-0.24345821,-0.10473891,0.5639647,-0.06791622,0.314351,-0.07197415,-0.099338666,0.6142551,0.16972482,0.00055391644,0.61829096,-1.2410419,-0.006450195,0.6269793,-1.0436063,-0.017993538,0.6451653,-1.1464362,-0.026184728,0.81099117,-1.316979,0.0,0.0,0.0,0.0,0.0,0.0,0.0,0.0,0.0,0.0,0.0,0.0,0.0,0.0,0.0,0.0,-2.4345822,-3.043864,1.6972482,3.1435099,50.0,50.0,50.0,50.0,50.0,50.0,50.0,50.0,50.0,50.0,50.0,50.0,0.0,0.0,0.0,0.0,1.0,1.0,1.0,1.0,1.0,1.0,1.0,1.0,1.0,1.0,1.0,1.0,0.5,0.5,0.5,0.5
1788529337.9568858,235,5.457637998915743,1.8089940003847005,5.2490870002657175,1.164939,6.42033,10909258,0,0,0.0,0.0,0.0,-0.0051243305,0.617579,-1.2711768,0.006638216,0.6144444,-1.3089318,0.025208667,0.7164684,-1.2807025,-0.089699686,0.75128746,-1.3694657,-17.264034,-11.234296,-7.7318816,6.80984,0.18214962,-0.15114543,-0.2911698,0.3410461,0.577453,-0.06268239,-0.15889648,-0.81386006,-0.038418237,-0.4185566,0.53094673,-0.27701572,-0.5076936,-4.2204456,1.2711718,2.0385253,1.7811563,-5.6403284,0.80605567,-1.5585117,5.4176836,8.392462,-2.7459493,-8.955258,3.8880334,-0.51950395,5.46716,1.9914317,-1.6079884,0.44528908,-1.1874375,0.9400547,0.9995963,-0.0012050743,0.017859139,0.02206822,-0.051132686,0.090547465,-0.54754585,-0.2885013,2.9317,7.129933,-0.0016219745,0.03576467,0.04411809,30.11058807373047,5.503263473510742,-0.21898894,-0.80668193,0.38469452,-0.29924396,-0.13088553,0.0201606,0.67800635,-0.20305637,0.0016263807,-0.021012522,-0.08876508,0.3060027,0.19573414,0.47494316,0.44570258,0.010562327,-0.03272138,0.6750402,-1.1304984,-0.054747235,0.46832955,-1.2038263,0.048933536,0.7887358,-1.1885743,0.00040659518,0.6647469,-1.3221912,0.0,0.0,0.0,0.0,0.0,0.0,0.0,0.0,0.0,0.0,0.0,0.0,0.0,0.0,0.0,0.0,-2.0305636,-2.9924395,0.10562327,3.0600271,50.0,50.0,50.0,50.0,50.0,50.0,50.0,50.0,50.0,50.0,50.0,50.0,0.0,0.0,0.0,0.0,1.0,1.0,1.0,1.0,1.0,1.0,1.0,1.0,1.0,1.0,1.0,1.0,0.5,0.5,0.5,0.5
1788529337.9768236,236,5.769425999460509,1.6481559996464057,4.951155000526342,1.775521,6.733141,10909276,0,0,0.0,0.0,0.0,-0.0029443502,0.6182147,-1.2845885,0.014631485,0.6171088,-1.2974,0.01833567,0.7055382,-1.2800074,-0.092999995,0.7639435,-1.3814398,-17.265821,-11.299937,-7.7006354,6.841753,-0.11626572,0.895246,-0.5479654,0.096888095,-1.3099271,0.5338113,-0.23640695,0.1782741,0.54392135,0.07363495,0.05813286,-0.22039935,0.13176781,-4.0731754,2.3911982,1.8369983,0.2721211,-0.8411016,2.323337,-1.2616524,1.7811563,13.039136,-1.58325,-3.1665,6.4958606,3.4880977,2.3501368,3.2716377,-1.2121758,0.51950395,-0.37107423,0.64319533,0.9997285,-0.00030514118,0.017941881,0.014869916,-0.063915856,-0.16724649,-1.1089401,-0.8415619,1.5143325,6.4870896,-7.6577446e-05,0.0358908,0.029744346,30.190269470214844,3.1447219848632812,-0.3218426,-0.70799387,-0.09644421,-0.34648997,-0.26590967,0.22061646,1.2486011,-0.11402442,0.21360555,-0.6648561,0.5180193,0.013452195,0.28836292,0.978825,0.038052272,-0.06571783,-0.06647742,0.72515416,-0.9878497,-0.08046065,0.49300155,-1.324111,0.07209073,0.91470623,-1.2904869,0.05340139,0.50378597,-1.1704952,0.0,0.0,0.0,0.0,0.0,0.0,0.0,0.0,0.0,0.0,0.0,0.0,0.0,0.0,0.0,0.0,-1.1402442,-3.4648995,-0.6571783,0.13452195,50.0,50.0,50.0,50.0,50.0,50.0,50.0,50.0,50.0,50.0,50.0,50.0,0.0,0.0,0.0,0.0,1.0,1.0,1.0,1.0,1.0,1.0,1.0,1.0,1.0,1.0,1.0,1.0,0.5,0.5,0.5,0.5
1788529337.9973872,237,6.121726999481325,1.6527959996892605,5.3641630001948215,1.655644,7.025247,10909296,0,0,0.0,0.0,0.0,-0.0024901628,0.62248385,-1.2884903,0.021988925,0.6152619,-1.292345,0.0128554255,0.6943355,-1.280418,-0.09890407,0.7654877,-1.3824824,-17.276176,-11.343961,-7.669268,6.855317,-0.162772,0.58520406,0.651088,-0.038755238,-2.8291326,-0.6935503,0.740225,1.8641269,-0.22646539,0.077510476,-3.3562036,-0.25881758,-0.6704656,-1.9028822,1.5695871,-0.24803352,-1.4842969,2.2017071,6.7803507,-3.9086485,-4.527106,6.02171,1.0390079,2.4985664,4.978579,5.1950393,-1.6079884,3.508713,-0.64319533,-0.5442422,-0.6679336,1.6079884,0.99985373,-0.0008650311,0.01651874,0.004361337,-0.12996225,-0.22583604,-1.1121359,-1.1312603,1.271321,9.570822,-0.0015865882,0.033046205,0.008697677,30.154855728149414,4.170174598693848,-0.37892628,-0.08645901,-0.50493306,-0.3162758,-0.26035815,0.27863115,1.7003278,0.015976314,0.20045507,-0.69344103,1.2671175,-0.2659446,0.23228815,1.1433665,-0.34488747,-0.110829696,-0.06508954,0.7396578,-0.874918,-0.09473157,0.6483853,-1.4262332,0.058072038,0.95584166,-1.3862218,0.050113767,0.49663976,-0.9832206,0.0,0.0,0.0,0.0,0.0,0.0,0.0,0.0,0.0,0.0,0.0,0.0,0.0,0.0,0.0,0.0,0.15976313,-3.162758,-1.108297,-2.659446,50.0,50.0,50.0,50.0,50.0,50.0,50.0,50.0,50.0,50.0,50.0,50.0,0.0,0.0,0.0,0.0,1.0,1.0,1.0,1.0,1.0,1.0,1.0,1.0,1.0,1.0,1.0,1.0,0.5,0.5,0.5,0.5
1788529338.0153694,238,3.7288079984136857,1.635067999814055,3.5287679984321585,3.564162,7.098946,10909314,0,0,0.0,0.0,0.0,-0.0017331839,0.618245,-1.2811289,0.02265503,0.6104175,-1.2947778,0.018396214,0.70211685,-1.2869264,-0.10053915,0.7491983,-1.3819927,-17.292131,-11.353135,-7.6599126,6.8716974,-0.18214962,0.162772,0.36194023,0.08526152,0.04263076,-0.10312264,0.36817476,1.3951886,-0.35385218,0.6355859,-3.2980707,0.95438987,-1.1510305,0.06975943,-0.6820922,1.9958948,-3.0675468,5.3434687,13.9400215,-5.4176836,-6.234047,-0.09483008,2.3501368,9.79636,0.66381055,7.4956994,-9.425285,9.293348,0.0,-1.7069415,0.049476564,-0.56898046,0.9998719,-0.00032427136,0.015644977,-0.0033750131,-0.06817692,-0.092677996,-0.6295712,-0.2693477,-2.0913353,8.8884735,-0.0007544329,0.031288862,-0.0067626694,29.924665451049805,11.143253326416016,-0.29533416,7.357821e-05,-0.39202997,-0.39984852,-0.16041277,-0.25242123,1.5580596,-0.15203615,0.08084453,-0.31710663,1.176941,-0.20093767,0.04423146,0.69111204,-0.56558317,-0.13094676,-0.040103193,0.60689473,-0.910485,-0.07383354,0.67001843,-1.3980074,0.011057865,0.842778,-1.4413958,0.020211132,0.59072334,-1.0057647,0.0,0.0,0.0,0.0,0.0,0.0,0.0,0.0,0.0,0.0,0.0,0.0,0.0,0.0,0.0,0.0,-1.5203614,-3.998485,-1.3094676,-2.0093768,50.0,50.0,50.0,50.0,50.0,50.0,50.0,50.0,50.0,50.0,50.0,50.0,0.0,0.0,0.0,0.0,1.0,1.0,1.0,1.0,1.0,1.0,1.0,1.0,1.0,1.0,1.0,1.0,0.5,0.5,0.5,0.5
1788529338.0349205,239,4.103188999579288,1.5474809988518246,3.915630000847159,1.102184,5.023926,10909336,0,0,0.0,0.0,0.0,-0.01317811,0.6147026,-1.2643999,0.01308733,0.60972106,-1.312581,0.022604793,0.72506726,-1.3172408,-0.09684521,0.7166803,-1.3544112,-17.3235,-11.353226,-7.6813188,6.9142375,-0.9533789,0.0,1.3183521,-0.8836195,2.2361772,-1.3163301,0.24028248,2.336941,-1.7409526,-0.07363495,-1.6858529,2.115025,-1.5928403,-0.28291324,-0.9921341,2.367945,-1.8801094,6.308262,18.53928,-4.74975,-0.14842969,-3.9828634,1.58325,9.623192,-1.2327911,7.6441293,-9.573715,16.595264,0.9400547,-1.4100821,0.0,-2.44909,0.9998675,0.0016780455,0.015752869,-0.0037685558,0.25353292,0.24714132,0.50387,0.7134721,-1.1587936,8.913613,0.0032385287,0.031519428,-0.0074870335,29.84498405456543,13.501794815063477,-0.15812173,0.1592804,0.31191382,-0.61513555,-0.010016035,-0.92952716,0.81967366,-0.28760645,-0.22137085,0.47790608,0.40648395,0.032779466,-0.10313827,-0.18710592,-0.42877087,0.06580088,-0.0025040088,0.43761823,-1.0950816,-0.039530434,0.7098201,-1.2220215,-0.025784567,0.62322354,-1.4071927,-0.05534271,0.7894765,-1.1983789,0.0,0.0,0.0,0.0,0.0,0.0,0.0,0.0,0.0,0.0,0.0,0.0,0.0,0.0,0.0,0.0,-2.8760645,-6.1513557,0.6580088,0.32779467,50.0,50.0,50.0,50.0,50.0,50.0,50.0,50.0,50.0,50.0,50.0,50.0,0.0,0.0,0.0,0.0,1.0,1.0,1.0,1.0,1.0,1.0,1.0,1.0,1.0,1.0,1.0,1.0,0.5,0.5,0.5,0.5
1788529338.0555856,240,4.290140001103282,1.7087979995267233,4.092595998372417,1.099464,5.197853,10909358,0,0,0.0,0.0,0.0,-0.03658259,0.60613406,-1.2402147,-0.012648569,0.6145352,-1.36479,0.03883356,0.77499485,-1.364379,-0.09457439,0.6785003,-1.3215377,-17.357018,-11.373057,-7.701816,6.93198,-0.45343632,-1.2827984,0.8088049,-1.6587242,0.11239019,-1.8541855,0.68596774,2.2206752,-2.739827,0.054257333,-1.4184418,0.85328925,-1.9028822,-1.9183843,-1.1122752,0.36817476,0.32159767,1.2121758,16.54785,-1.3853438,2.8449025,-0.14224511,-2.2264454,1.1132227,-1.0905459,6.036141,-3.0428088,16.026283,0.24738282,-0.9400547,-0.024738282,-1.0884844,0.9997796,0.0070217294,0.018022127,0.008162652,0.40480044,0.38988674,1.5829828,1.4077905,-0.92655605,12.162544,0.01434433,0.035929408,0.016586263,30.07517433166504,6.357807159423828,-0.0004040338,0.81173724,1.2028483,-0.761127,0.031722628,-0.6032842,-0.115141205,-0.083616406,-0.3719877,1.1553112,-0.24050203,0.06504543,-0.13849732,-0.55795956,0.28126624,0.30017704,0.007930657,0.519179,-1.3287853,-0.00010100845,0.87293434,-0.99928784,-0.03462433,0.5305101,-1.2296834,-0.092996925,0.95882785,-1.3601254,0.0,0.0,0.0,0.0,0.0,0.0,0.0,0.0,0.0,0.0,0.0,0.0,0.0,0.0,0.0,0.0,-0.83616406,-7.61127,3.0017705,0.6504543,50.0,50.0,50.0,50.0,50.0,50.0,50.0,50.0,50.0,50.0,50.0,50.0,0.0,0.0,0.0,0.0,1.0,1.0,1.0,1.0,1.0,1.0,1.0,1.0,1.0,1.0,1.0,1.0,0.5,0.5,0.5,0.5
1788529338.0776021,241,5.531528999199509,1.6705559992260532,5.323521001628251,0.774972,6.105118,10909380,0,0,0.0,0.0,0.0,-0.051267266,0.583002,-1.229457,-0.038899183,0.6218927,-1.3699398,0.07434909,0.79970133,-1.3950251,-0.091909945,0.66844815,-1.3088211,-17.380392,-11.430343,-7.717773,6.9272566,0.06975943,-0.44568524,-0.43271068,-0.48831603,0.40305448,2.424393,0.9495033,0.80998445,0.9422578,-0.09301257,-0.25578457,-0.58031756,0.034879714,-3.8793993,-0.1782741,0.081386,2.3006601,-7.174102,7.064841,0.37107423,4.0570784,4.883749,-6.1845703,-10.043742,-2.2759218,1.9790626,6.6545978,6.638106,-1.58325,-0.86583984,0.37107423,0.074214846,0.9993347,0.008929266,0.022842683,0.026995115,-0.5081311,0.3163835,1.6618123,-0.25019407,0.17836803,10.548853,0.019100588,0.045188256,0.054444693,30.07517433166504,6.494534492492676,0.06752515,0.104112715,1.8810111,-0.7390562,0.17611234,-0.45516637,-0.72652215,0.11521485,-0.29391432,1.0561744,-0.74242693,0.12244181,-0.2496525,-0.6790829,0.4076845,0.30776295,0.044028085,0.55620843,-1.4816304,0.016881287,0.6960282,-0.8297472,-0.062413126,0.5002293,-1.1980789,-0.07347858,0.93404365,-1.4856067,0.0,0.0,0.0,0.0,0.0,0.0,0.0,0.0,0.0,0.0,0.0,0.0,0.0,0.0,0.0,0.0,1.1521485,-7.390562,3.0776296,1.2244182,50.0,50.0,50.0,50.0,50.0,50.0,50.0,50.0,50.0,50.0,50.0,50.0,0.0,0.0,0.0,0.0,1.0,1.0,1.0,1.0,1.0,1.0,1.0,1.0,1.0,1.0,1.0,1.0,0.5,0.5,0.5,0.5
1788529338.1012285,242,3.7835940001968993,1.7087019987229723,3.5942110007454176,0.156358,3.756329,10909408,0,0,0.0,0.0,0.0,-0.056353807,0.58545446,-1.246186,-0.04792189,0.63439727,-1.3364344,0.09378727,0.7901033,-1.3343964,-0.089003384,0.677047,-1.3304313,-17.368584,-11.577521,-7.695852,6.9139647,-0.15502095,0.77122927,-2.8732798,1.1239018,1.065769,-0.038418237,-0.37980133,-1.2595452,4.4565153,-0.18602514,2.375696,-2.2141037,0.577453,-7.8789396,1.7401102,0.23640695,3.5623126,-4.1560316,-1.3276211,1.311129,11.23118,18.53928,-6.2835236,-12.121758,0.90088576,0.024738282,12.09702,0.47415042,-0.6926719,0.2721211,0.64319533,0.17316797,0.998734,0.0074241553,0.024476847,0.04331632,-0.05645901,-0.4687163,0.55926377,-0.8858546,5.257667,-1.816002,0.01697058,0.048267283,0.08709779,29.82727813720703,13.467613220214844,-0.16141593,-0.1528997,0.97281736,-0.6934597,0.12003078,0.02155032,-0.3768421,-0.07623862,-0.11605118,0.5248575,-0.6624833,0.18501219,-0.096559584,-0.21747912,1.1471735,0.18073869,0.030007696,0.6753876,-1.3942105,-0.040353984,0.6317751,-1.0567956,-0.024139896,0.6156302,-1.0132066,-0.029012796,0.8012144,-1.4656208,0.0,0.0,0.0,0.0,0.0,0.0,0.0,0.0,0.0,0.0,0.0,0.0,0.0,0.0,0.0,0.0,-0.7623862,-6.934597,1.8073869,1.850122,50.0,50.0,50.0,50.0,50.0,50.0,50.0,50.0,50.0,50.0,50.0,50.0,0.0,0.0,0.0,0.0,1.0,1.0,1.0,1.0,1.0,1.0,1.0,1.0,1.0,1.0,1.0,1.0,0.5,0.5,0.5,0.5
1788529338.1274252,243,6.331333999696653,1.783616999091464,5.205981000472093,0.154118,5.367171,10909434,0,0,0.0,0.0,0.0,-0.034887075,0.6027732,-1.3095477,-0.025092633,0.653351,-1.305109,0.08125237,0.76497304,-1.2997535,-0.09966105,0.77093756,-1.41068,-17.351143,-11.754705,-7.610984,6.919445,1.6664752,0.39530346,-3.392937,1.6897284,0.740225,2.426415,0.0038755238,-0.92237467,-1.2253395,-0.9495033,4.1313086,-3.532456,0.68596774,-6.9798183,5.483866,0.3914279,2.2511837,-2.6717343,-5.2630696,0.51950395,1.3853438,22.522144,-7.396746,-12.81443,6.2113705,2.44909,4.1560316,-1.2802061,0.22264454,0.049476564,-1.2863907,0.37107423,0.99894327,0.005771366,0.018366665,0.041735027,-0.29081717,-0.11717907,-0.72970605,0.49200845,-1.3227965,12.032061,0.013072546,0.036220696,0.08374657,29.898103713989258,11.724344253540039,-0.23825091,-0.67425406,0.28085965,-0.5191648,-0.026585476,0.455607,0.48253474,-0.4325742,-0.015488412,0.10618806,-0.6715618,0.15036803,0.13892333,0.7179432,0.6058596,-0.04193747,-0.006646369,0.78390175,-1.1793662,-0.059562728,0.5014365,-1.2297851,0.034730833,0.8494858,-1.148535,-0.003872103,0.69654703,-1.4678904,0.0,0.0,0.0,0.0,0.0,0.0,0.0,0.0,0.0,0.0,0.0,0.0,0.0,0.0,0.0,0.0,-4.3257422,-5.191648,-0.4193747,1.5036803,50.0,50.0,50.0,50.0,50.0,50.0,50.0,50.0,50.0,50.0,50.0,50.0,0.0,0.0,0.0,0.0,1.0,1.0,1.0,1.0,1.0,1.0,1.0,1.0,1.0,1.0,1.0,1.0,0.5,0.5,0.5,0.5
1788529338.1557558,244,3.7267280004016357,1.722877999782213,3.514335998261231,0.759931,4.280987,10909464,0,0,0.0,0.0,0.0,0.016251683,0.6167917,-1.379939,-0.019400457,0.66558313,-1.301997,0.07347104,0.72164583,-1.2857733,-0.13257271,0.83231014,-1.4335382,-17.358288,-11.9122095,-7.5188794,6.9418807,2.050152,-0.34492162,-1.8400313,0.3759258,0.3410461,-0.038418237,-0.13176781,-2.2594304,1.1141288,-0.70534533,0.46118733,0.647044,-0.6239593,-5.084687,2.0540276,1.0890222,-3.2901914,3.3891447,0.90088576,-2.44909,-2.1274922,12.802061,-1.9295859,-2.9685938,12.991721,7.396746,-7.4214845,-2.323337,-1.58325,-0.9400547,-0.12369141,0.2721211,0.99946654,0.004207116,0.020844864,0.024788141,0.01704423,0.4452805,-1.2644688,-0.005985504,-0.8367735,9.13388,0.009451421,0.041470803,0.04978859,30.09288215637207,7.109805583953857,-0.31276658,-0.67291564,-0.13565359,-0.0710333,-0.049372107,0.32967648,1.0333843,-0.6213948,0.16243148,-0.17465466,-0.52868974,0.022225626,0.24466422,0.88517034,-0.04733292,-0.27710903,-0.012343027,0.7524191,-1.0416539,-0.078191645,0.5017711,-1.3339133,0.061166056,0.8912926,-1.3118331,0.04060787,0.62633634,-1.4321724,0.0,0.0,0.0,0.0,0.0,0.0,0.0,0.0,0.0,0.0,0.0,0.0,0.0,0.0,0.0,0.0,-6.2139482,-0.710333,-2.7710903,0.22225626,50.0,50.0,50.0,50.0,50.0,50.0,50.0,50.0,50.0,50.0,50.0,50.0,0.0,0.0,0.0,0.0,1.0,1.0,1.0,1.0,1.0,1.0,1.0,1.0,1.0,1.0,1.0,1.0,0.5,0.5,0.5,0.5
1788529338.2055616,245,21.691699999792036,1.718077999612433,21.413160999145475,1.885381,23.306286,10909498,0,0,0.0,0.0,0.0,0.053099394,0.60670924,-1.3426896,-0.018794907,0.6608598,-1.3104799,0.0688083,0.72449195,-1.2964362,-0.12875777,0.8267391,-1.3924819,-17.444883,-11.990901,-7.534927,6.977033,0.046506286,0.13176781,3.9388802,-0.34492162,-0.023253143,-0.6288459,0.13564333,0.62783486,-1.9249558,1.6664752,-1.0928978,1.8622735,-4.4839807,-0.12789229,-2.9260204,0.8448642,-3.4880977,7.4214845,11.996005,-2.7459493,-8.21311,-0.33190528,-0.37107423,7.965727,1.0905459,7.3225317,-9.425285,-3.8880334,-0.64319533,-0.32159767,0.17316797,-0.32159767,0.99960154,0.007644858,0.024658617,0.01142115,0.5368932,0.05752427,-0.25566342,-1.3347675,-2.2409728,2.5246856,0.0158667,0.049142733,0.023240369,29.93351936340332,10.527981758117676,-0.14656839,-0.16218358,-0.20024946,0.35452265,0.08639199,-0.5542799,1.1196365,-0.8660868,0.016833628,0.20457998,-0.5281841,0.092347935,0.07513778,0.37728694,0.028692719,-0.23341157,0.021597998,0.53143,-1.0200908,-0.036642097,0.62945414,-1.3500624,0.018784445,0.76432174,-1.2928268,0.004208407,0.72114503,-1.4320459,0.0,0.0,0.0,0.0,0.0,0.0,0.0,0.0,0.0,0.0,0.0,0.0,0.0,0.0,0.0,0.0,-8.660868,3.5452266,-2.3341157,0.9234793,50.0,50.0,50.0,50.0,50.0,50.0,50.0,50.0,50.0,50.0,50.0,50.0,0.0,0.0,0.0,0.0,1.0,1.0,1.0,1.0,1.0,1.0,1.0,1.0,1.0,1.0,1.0,1.0,0.5,0.5,0.5,0.5
1788529338.2297392,246,3.654181000456447,1.7216300002473872,3.4466850011085626,0.739675,4.192152,10909546,0,0,0.0,0.0,0.0,0.02733326,0.65018785,-1.304935,-0.029331489,0.65937626,-1.3285675,0.08097987,0.8253767,-1.3785489,-0.016973138,0.75761545,-1.3470656,-17.711628,-11.934281,-7.673265,6.9949875,-0.162772,-3.54998,1.4538269,0.065883905,1.805994,-0.115254715,-0.096888095,-0.10076362,-2.26061,1.6005913,-0.36817476,0.06268239,-6.5651374,2.5772233,-3.4530919,1.6703508,-0.12369141,-2.5233047,13.181381,-0.44528908,-3.5375743,-0.90088576,-3.240715,-2.7459493,6.638106,-0.51950395,-1.5585117,-4.1251087,-0.7668867,0.17316797,0.51950395,-0.47002736,0.99959177,0.008159724,0.00876202,0.025945984,-0.11398328,-0.910801,1.0610032,-1.3682863,2.966416,8.204929,0.016770696,0.017094294,0.052044865,30.181415557861328,3.520721197128296,0.12874453,1.1845522,0.7309343,0.25539365,0.5531465,-0.24451175,-0.22820802,-0.8085636,-0.37179634,1.061764,0.28771773,0.29557508,-0.10945969,-0.4230021,0.77516973,-0.28452826,0.13828662,0.60887206,-1.357052,0.032186132,0.96613806,-1.1172664,-0.027364923,0.5642495,-1.1062075,-0.092949085,0.935441,-1.2280705,0.0,0.0,0.0,0.0,0.0,0.0,0.0,0.0,0.0,0.0,0.0,0.0,0.0,0.0,0.0,0.0,-8.085636,2.5539365,-2.8452826,2.955751,50.0,50.0,50.0,50.0,50.0,50.0,50.0,50.0,50.0,50.0,50.0,50.0,0.0,0.0,0.0,0.0,1.0,1.0,1.0,1.0,1.0,1.0,1.0,1.0,1.0,1.0,1.0,1.0,0.5,0.5,0.5,0.5
1788529338.2556088,247,5.477190999954473,1.6885089989955304,5.279936000079033,0.743195,6.028571,10909572,0,0,0.0,0.0,0.0,0.031420708,0.6614511,-1.280418,-0.025849571,0.6846277,-1.3305105,0.08963925,0.8470554,-1.4072678,0.011790514,0.7527105,-1.3692287,-17.825562,-11.865431,-7.719438,7.0481853,2.131538,0.8797439,-2.5012295,1.6587242,0.9107481,1.0999748,-0.64333695,-0.7285985,0.82902515,0.12401676,0.8448642,1.4214748,-3.4608426,2.0268989,-0.84873974,2.3950737,3.4880977,-3.5375743,-0.80605567,1.2616524,14.298727,10.289063,-5.244516,-14.051344,14.224512,-5.5661135,9.004735,5.1208243,-2.2511837,0.12369141,-0.96479297,0.074214846,0.9993081,0.0039717034,0.0017665505,0.036938477,-0.64661545,0.22903183,0.6988134,-1.7812861,3.4691982,13.8959465,0.008068548,0.0032372447,0.07390752,29.783010482788086,15.381792068481445,0.12722327,0.5547015,0.7886943,0.18496093,0.53959846,-0.3543316,-0.4330323,-0.70862895,-0.3064731,0.88953614,0.005495835,0.65448594,-0.057808824,-0.2968434,0.46759215,-0.037080776,0.13489962,0.5814171,-1.4082581,0.031805817,0.8086754,-1.1028264,-0.014452206,0.5957892,-1.1831019,-0.07661828,0.89238405,-1.298626,0.0,0.0,0.0,0.0,0.0,0.0,0.0,0.0,0.0,0.0,0.0,0.0,0.0,0.0,0.0,0.0,-7.0862894,1.8496094,-0.37080777,6.5448594,50.0,50.0,50.0,50.0,50.0,50.0,50.0,50.0,50.0,50.0,50.0,50.0,0.0,0.0,0.0,0.0,1.0,1.0,1.0,1.0,1.0,1.0,1.0,1.0,1.0,1.0,1.0,1.0,0.5,0.5,0.5,0.5
1788529338.2849758,248,13.31261100131087,1.614875000086613,13.101211001412594,2.357174,15.464561,10909594,0,0,0.0,0.0,0.0,0.051918626,0.6771954,-1.3383613,-0.008016108,0.6820541,-1.3304632,0.08452235,0.8245895,-1.3883904,0.0071883798,0.74214363,-1.3658166,-17.90731,-11.861555,-7.7176213,7.0796437,0.895246,0.023253143,-2.6731005,1.058018,-1.2091634,-0.22646539,-0.5890796,-1.1587815,0.28308174,-0.11626572,-0.7518516,-0.36396223,-5.2435837,-0.9184992,1.2479186,1.1626571,3.3891447,-4.823965,-0.80605567,0.8411016,7.7925587,12.090836,-4.576582,-10.612723,11.047705,-4.230246,8.584184,4.504429,-0.8411016,1.4595586,-0.89057815,2.622258,0.9994136,-0.0026550633,0.000812831,0.034131277,-0.4687163,0.2801645,-0.8767125,2.8993783,3.0969,12.521675,-0.005251558,0.001805951,0.06827135,29.98663902282715,8.955620765686035,-0.20046619,-0.0969051,0.120742515,0.16627973,0.090576135,0.7033529,0.31924787,-0.54720074,0.31042442,-0.39802063,0.6549178,0.36211938,0.36332735,1.3900839,0.016894218,-0.06397019,0.022644034,0.84583825,-1.220188,-0.050116546,0.64577377,-1.2698144,0.09083184,1.017521,-1.2957764,0.077606104,0.5704949,-1.1362705,0.0,0.0,0.0,0.0,0.0,0.0,0.0,0.0,0.0,0.0,0.0,0.0,0.0,0.0,0.0,0.0,-5.4720073,1.6627973,-0.63970196,3.621194,50.0,50.0,50.0,50.0,50.0,50.0,50.0,50.0,50.0,50.0,50.0,50.0,0.0,0.0,0.0,0.0,1.0,1.0,1.0,1.0,1.0,1.0,1.0,1.0,1.0,1.0,1.0,1.0,0.5,0.5,0.5,0.5
1788529338.3004458,249,7.547186000010697,1.6362509995815344,3.774474000238115,1.043782,4.823984,10909622,0,0,0.0,0.0,0.0,0.07156873,0.6594528,-1.3797336,0.00512434,0.6843249,-1.3316321,0.05591008,0.7653969,-1.3717246,-0.021151423,0.73866177,-1.3850099,-18.018248,-11.887806,-7.6835895,7.1407437,0.13951886,1.0735201,-0.84924525,0.0,0.24803352,-0.34374213,-0.9301258,-3.10817,1.4275408,-0.64333695,-1.7866164,0.082902506,-3.5461044,-0.76347816,1.3486823,4.1933165,-1.9048477,7.4956994,7.776067,-2.2264454,6.234047,4.599259,2.3006601,-5.442422,2.8449025,5.1455626,-5.7145433,12.233081,-0.7668867,1.1132227,-0.9400547,0.024738282,0.99986327,-0.0013362374,0.007962156,0.014434952,0.29401296,0.48363,-1.9185411,0.92655605,0.8619126,9.425972,-0.0024425562,0.01596139,0.028852357,30.084026336669922,6.870533466339111,-0.3390033,-0.623677,-0.5532451,0.13559347,-0.11416807,0.6165096,1.5233318,-0.2316843,0.5017625,-1.1931181,0.93294793,-0.091111034,0.566976,1.8519356,-0.6185987,-0.3636682,-0.028542018,0.82412744,-0.91916704,-0.08475082,0.51408076,-1.4383112,0.141744,1.1329839,-1.4546497,0.12544063,0.3717205,-1.0667629,0.0,0.0,0.0,0.0,0.0,0.0,0.0,0.0,0.0,0.0,0.0,0.0,0.0,0.0,0.0,0.0,-2.316843,1.3559347,-3.636682,-0.91111034,50.0,50.0,50.0,50.0,50.0,50.0,50.0,50.0,50.0,50.0,50.0,50.0,0.0,0.0,0.0,0.0,1.0,1.0,1.0,1.0,1.0,1.0,1.0,1.0,1.0,1.0,1.0,1.0,0.5,0.5,0.5,0.5
1788529338.3163047,250,2.3750310010655085,1.5626809999957914,2.181935000407975,0.148421,2.336404,10909640,0,0,0.0,0.0,0.0,0.058246613,0.6750457,-1.3614565,-0.0128907915,0.6670667,-1.3578393,0.05805978,0.7773262,-1.3857839,-0.012673736,0.68531275,-1.3490403,-18.078985,-11.886595,-7.677837,7.1619377,-0.10463915,-1.2595452,1.2354497,-0.23253144,-2.1896708,-2.2141037,0.3720503,1.22079,-2.8146412,0.724723,-2.5733478,1.5468395,-3.9607852,0.8991215,-1.8835046,-0.15502095,-4.576582,9.004735,21.384184,-3.4880977,-5.7392817,-1.7069415,3.9828634,17.41575,-0.90088576,6.580383,-13.581317,13.655532,1.1132227,0.22264454,-0.64319533,-0.37107423,0.9999402,0.00131622,0.0108040115,-0.0011438315,0.57204694,0.0745685,-1.209075,0.092176765,-9.239224,4.8757915,0.0026081782,0.021611424,-0.0022596149,29.588233947753906,20.816692352294922,-0.22826076,0.1983349,-1.0250176,0.17771032,-0.21523313,0.16608033,2.0699549,0.13852194,0.3935811,-0.84246683,1.1811477,-0.3723085,0.38539225,1.4804374,-0.57749784,-0.2314634,-0.053808283,0.7115201,-0.78251123,-0.05706519,0.71958375,-1.5562544,0.09634806,1.0401094,-1.4443744,0.09839527,0.4593833,-1.004713,0.0,0.0,0.0,0.0,0.0,0.0,0.0,0.0,0.0,0.0,0.0,0.0,0.0,0.0,0.0,0.0,1.3852193,1.7771032,-2.314634,-3.723085,50.0,50.0,50.0,50.0,50.0,50.0,50.0,50.0,50.0,50.0,50.0,50.0,0.0,0.0,0.0,0.0,1.0,1.0,1.0,1.0,1.0,1.0,1.0,1.0,1.0,1.0,1.0,1.0,0.5,0.5,0.5,0.5
1788529338.3563597,251,8.371024001462501,1.8033289998129476,8.117254999888246,0.201063,8.327854,10909672,0,0,0.0,0.0,0.0,0.030179262,0.65291286,-1.3156452,-0.03129953,0.6710331,-1.4394939,0.08561234,0.8626786,-1.4645476,-0.013582051,0.63514286,-1.3138288,-18.179083,-11.824889,-7.7508054,7.2042656,-0.64721245,-0.86036634,1.2516257,-0.69371873,0.48056495,-2.3152044,2.5152152,3.2089338,-1.8562074,0.38367686,-1.48045,0.95438987,-1.2905494,1.77499,-2.6392317,0.5929552,-3.7107422,3.9828634,26.552423,-0.59371877,1.9790626,-3.461298,-1.9790626,5.887711,2.4655821,5.516637,-7.6441293,14.935738,1.2863907,-0.049476564,0.22264454,-2.1027539,0.9998782,0.0030480293,0.015074721,-0.00264232,-0.3281014,0.34514564,0.7531419,0.12689269,-3.2273839,10.900801,0.0060184267,0.030166453,-0.0051944866,29.906957626342773,11.382526397705078,-0.13502093,1.173043,-0.26310524,-0.24600029,0.057448436,-0.43211302,0.64671695,-0.029464455,-0.040159028,0.35978317,0.7535022,-0.18179892,0.03819582,0.28032568,-0.41276506,0.03699501,0.014362109,0.5619718,-1.1383207,-0.03375523,0.96326077,-1.3657763,0.009548955,0.7400814,-1.4031912,-0.010039757,0.7599458,-1.1116244,0.0,0.0,0.0,0.0,0.0,0.0,0.0,0.0,0.0,0.0,0.0,0.0,0.0,0.0,0.0,0.0,-0.29464456,-2.460003,0.3699501,-1.8179892,50.0,50.0,50.0,50.0,50.0,50.0,50.0,50.0,50.0,50.0,50.0,50.0,0.0,0.0,0.0,0.0,1.0,1.0,1.0,1.0,1.0,1.0,1.0,1.0,1.0,1.0,1.0,1.0,0.5,0.5,0.5,0.5
1788529338.3746228,252,5.968505000055302,1.670525000008638,5.274078999718768,1.516855,6.796086,10909692,0,0,0.0,0.0,0.0,0.010801673,0.6357151,-1.2813184,-0.048618272,0.6749389,-1.5008335,0.13326916,0.924475,-1.4781488,-0.00776875,0.60201925,-1.285726,-18.19083,-11.803543,-7.7951617,7.199149,-0.9301258,-1.0928978,2.264654,-1.3719355,-0.011626571,-2.9723585,2.5384681,3.4182122,0.13951886,0.5464489,-2.0230236,1.8339652,-0.44956076,1.1355284,-2.1392891,-0.6162083,-2.3253984,5.1208243,23.61269,0.96479297,2.3253984,-0.33190528,-4.675535,2.3996134,1.3276211,4.997133,-5.368207,12.754646,0.9400547,0.24738282,0.0,-1.5585117,0.9997978,0.0009976875,0.018156273,0.008587494,-0.10013484,0.2567287,1.4455637,-0.35673606,-2.0398598,11.8261595,0.0023083275,0.03629604,0.017219936,29.95122528076172,10.493800163269043,-0.07973991,1.0805919,0.32295355,-0.8221475,0.094614334,-0.3232978,-0.25615808,-0.27169728,-0.13477267,0.66462326,0.24553661,-0.28118977,0.15728864,-0.04230935,0.0059816614,0.42581218,0.023653584,0.5891756,-1.3640394,-0.019934978,0.940148,-1.2192615,0.03932216,0.6594227,-1.2985046,-0.03369317,0.83615583,-1.2386158,0.0,0.0,0.0,0.0,0.0,0.0,0.0,0.0,0.0,0.0,0.0,0.0,0.0,0.0,0.0,0.0,-2.7169728,-8.221475,4.258122,-2.8118978,50.0,50.0,50.0,50.0,50.0,50.0,50.0,50.0,50.0,50.0,50.0,50.0,0.0,0.0,0.0,0.0,1.0,1.0,1.0,1.0,1.0,1.0,1.0,1.0,1.0,1.0,1.0,1.0,0.5,0.5,0.5,0.5
1788529338.3930764,253,4.15035900005023,1.6322510000463808,3.9899040002637776,0.993348,4.987765,10909714,0,0,0.0,0.0,0.0,0.0045342445,0.6058918,-1.2790121,-0.08410354,0.7111508,-1.4965999,0.16191171,0.92444474,-1.4408047,-0.022937775,0.6103759,-1.2836407,-18.19077,-11.824828,-7.808212,7.177077,-0.984383,0.0,-0.972588,-1.5114542,1.1239018,-1.1646792,-0.1472699,-0.33329505,4.858896,-1.0463915,1.4261928,-0.6975943,-0.08526152,-4.2785783,1.3951886,-2.7787507,1.9790626,-0.791625,-2.4655821,4.9229183,10.810629,15.220228,-6.060879,-13.333934,1.8966017,0.5442422,10.340602,3.7932034,-1.2121758,-1.6079884,1.2616524,0.049476564,0.9995227,0.0018225857,0.020991886,0.022593087,0.70094395,-0.1523328,0.9800432,-2.4253263,-4.935647,4.5382094,0.0045960234,0.04189363,0.045296337,29.889251708984375,11.65597915649414,-0.14158559,0.50476146,0.4443695,-1.3350489,0.105791666,-0.04770156,-0.4288633,-0.22794214,-0.0504999,0.27404675,-0.4879374,-0.37808728,0.20886368,0.102155566,0.47499827,0.4077012,0.026447916,0.6580746,-1.4072158,-0.035396397,0.7961904,-1.1889076,0.05221592,0.6955389,-1.1812503,-0.012624975,0.7385117,-1.4219843,0.0,0.0,0.0,0.0,0.0,0.0,0.0,0.0,0.0,0.0,0.0,0.0,0.0,0.0,0.0,0.0,-2.2794213,-13.350489,4.077012,-3.7808728,50.0,50.0,50.0,50.0,50.0,50.0,50.0,50.0,50.0,50.0,50.0,50.0,0.0,0.0,0.0,0.0,1.0,1.0,1.0,1.0,1.0,1.0,1.0,1.0,1.0,1.0,1.0,1.0,0.5,0.5,0.5,0.5
1788529338.4107447,254,2.6831370014406275,1.5597049987263745,2.5310040000476874,0.228808,2.764004,10909734,0,0,0.0,0.0,0.0,-0.0019148588,0.6076176,-1.3105903,-0.095185116,0.731134,-1.4536637,0.15246512,0.8949847,-1.3311738,-0.029931903,0.63120675,-1.3083788,-18.197279,-11.935463,-7.763371,7.122486,-0.06200838,1.7013549,-0.82295907,0.68984324,-0.36817476,3.874176,-0.7441006,-2.6973646,7.4046097,-0.023253143,0.5735775,-2.897544,-0.60070616,-8.440891,3.4995983,-3.0229084,1.4842969,0.96479297,-4.504429,2.4243517,3.8096955,9.483008,-4.378676,-7.4956994,0.28449023,0.96479297,4.9476566,-2.4655821,-0.791625,-1.8306329,0.34633595,-0.22264454,0.99944556,0.0030040871,0.019295035,0.026966494,0.0074568503,-0.23861921,0.04687163,0.94092125,-0.736217,-0.49200845,0.007050743,0.038416103,0.054085262,30.039758682250977,7.280714511871338,-0.23632176,-0.11177258,0.09142274,-1.151093,0.12670071,0.13645977,0.07110578,-0.3156861,0.015500705,-0.15546241,-0.32835042,-0.439245,0.26182917,0.3736041,0.34389928,0.30309352,0.03167518,0.704115,-1.2822235,-0.05908044,0.6420569,-1.2771443,0.06545729,0.76340103,-1.2140251,0.0038751762,0.6311344,-1.3820876,0.0,0.0,0.0,0.0,0.0,0.0,0.0,0.0,0.0,0.0,0.0,0.0,0.0,0.0,0.0,0.0,-3.156861,-11.51093,3.0309353,-4.39245,50.0,50.0,50.0,50.0,50.0,50.0,50.0,50.0,50.0,50.0,50.0,50.0,0.0,0.0,0.0,0.0,1.0,1.0,1.0,1.0,1.0,1.0,1.0,1.0,1.0,1.0,1.0,1.0,0.5,0.5,0.5,0.5
1788529338.430344,255,2.2844670002086787,1.515606998509611,2.120621000358369,0.17495,2.299923,10909754,0,0,0.0,0.0,0.0,0.0064719915,0.6339288,-1.339088,-0.08062162,0.7327993,-1.3631154,0.13466194,0.8626483,-1.2560592,-0.0314458,0.66045487,-1.3619148,-18.214174,-12.141047,-7.7296414,7.0550885,1.1277775,-0.08526152,-0.98067605,1.464948,1.139404,2.931918,1.6974795,-0.98050755,-2.929896,0.46893838,-0.22090487,-1.5832357,-1.4300683,-12.812482,2.6469827,-4.433599,0.24738282,3.8839102,3.2242227,-0.22264454,-6.407215,4.030278,-5.4176836,-4.1807694,5.5001445,1.311129,-1.4100821,0.04741504,-0.7668867,0.9400547,0.22264454,0.024738282,0.99949116,-0.0016548173,0.019004783,0.025563449,-1.2974919,0.37390777,-0.33875406,4.332308,11.1414175,14.019248,-0.0023379924,0.038084034,0.05109725,30.207975387573242,2.5294501781463623,-0.2812496,-0.8877716,0.36660358,-0.59665793,0.10709255,0.49544418,0.7348332,-0.44508302,0.111856736,-0.22965479,-0.12160859,-0.30616727,0.22093838,0.9850719,-0.16899464,0.060568858,0.026773138,0.79386103,-1.1162916,-0.0703124,0.44805712,-1.2083491,0.055234596,0.916268,-1.3422486,0.027964184,0.6125863,-1.3304021,0.0,0.0,0.0,0.0,0.0,0.0,0.0,0.0,0.0,0.0,0.0,0.0,0.0,0.0,0.0,0.0,-4.4508305,-5.9665794,0.6056886,-3.0616727,50.0,50.0,50.0,50.0,50.0,50.0,50.0,50.0,50.0,50.0,50.0,50.0,0.0,0.0,0.0,0.0,1.0,1.0,1.0,1.0,1.0,1.0,1.0,1.0,1.0,1.0,1.0,1.0,0.5,0.5,0.5,0.5
1788529338.4545805,256,5.071256000519497,2.075883001452894,4.847823998716194,3.700742,8.555894,10909770,0,0,0.0,0.0,0.0,0.017432451,0.64373875,-1.3360233,-0.07423306,0.75465965,-1.3900492,0.13732636,0.87055075,-1.2913338,-0.0373196,0.66881144,-1.365943,-18.242695,-12.27006,-7.69894,6.997137,0.31391743,0.6355859,0.20220123,-1.0231383,1.058018,-2.3455346,-0.7906069,2.375696,-2.8672137,-1.0270138,-0.15114543,0.63895595,-2.9415226,-6.8402996,1.6354711,-3.2709422,0.12369141,7.446223,11.37961,1.311129,-17.292059,11.56927,-3.4880977,0.024738282,0.42673537,4.477629,-2.7706876,0.85347074,-0.56898046,0.34633595,-0.44528908,0.22264454,0.99947214,-0.0023586983,0.023084216,0.022740182,0.45486787,0.4900216,-0.48149946,-1.7142484,-4.0378213,11.447875,-0.003668962,0.04626784,0.04541165,30.013200759887695,8.27198600769043,-0.4047482,-0.75043684,0.0589959,0.0029468685,-0.058846485,0.5479394,1.039383,-0.6716027,0.25499386,-0.22647516,-0.004453717,-0.24071702,0.31596175,1.1950796,-0.23711818,0.19696577,-0.014711621,0.8069849,-1.0401542,-0.10118705,0.48239082,-1.285251,0.07899044,0.9687699,-1.3592795,0.063748464,0.6133812,-1.3011134,0.0,0.0,0.0,0.0,0.0,0.0,0.0,0.0,0.0,0.0,0.0,0.0,0.0,0.0,0.0,0.0,-6.7160273,0.029468685,1.9696577,-2.4071703,50.0,50.0,50.0,50.0,50.0,50.0,50.0,50.0,50.0,50.0,50.0,50.0,0.0,0.0,0.0,0.0,1.0,1.0,1.0,1.0,1.0,1.0,1.0,1.0,1.0,1.0,1.0,1.0,0.5,0.5,0.5,0.5
1788529338.4731116,257,4.357662999609602,1.7173750002257293,4.1835119991446845,0.113252,4.301116,10909794,0,0,0.0,0.0,0.0,0.005594015,0.6451012,-1.3122015,-0.09566955,0.7705554,-1.3994169,0.11955345,0.8956205,-1.3372872,-0.055092514,0.6709309,-1.3418052,-18.324142,-12.351385,-7.6799865,6.9362187,-2.367945,0.6239593,0.53987736,-1.2672963,0.3100419,-0.3578962,-0.4573118,1.3254292,-1.4093426,-0.19377619,0.46893838,1.2010754,-6.1349545,0.06200838,0.93400127,-1.7284837,1.1626992,7.91625,13.987437,1.0390079,-15.337735,6.4958606,-1.6327267,2.5233047,0.09483008,6.407215,-3.5623126,1.0431309,-0.074214846,-0.12369141,0.4205508,-0.22264454,0.9994829,0.0053473837,0.024487115,0.020147549,0.580569,-0.3312972,0.018109493,-4.286818,0.21428105,11.176133,0.011690101,0.048752747,0.040595517,29.98663902282715,9.160711288452148,-0.26678884,-0.16527733,-0.021327488,0.23648801,-0.047772136,0.15180483,0.6986715,-0.982261,0.0895306,-0.21142282,0.26686224,-0.30299857,0.044434566,0.9613291,0.13076293,0.37715524,-0.011943034,0.70795125,-1.1253321,-0.06669721,0.6286807,-1.3053318,0.0111086415,0.9103323,-1.2673092,0.02238265,0.6171443,-1.2332844,0.0,0.0,0.0,0.0,0.0,0.0,0.0,0.0,0.0,0.0,0.0,0.0,0.0,0.0,0.0,0.0,-9.82261,2.36488,3.7715526,-3.0299857,50.0,50.0,50.0,50.0,50.0,50.0,50.0,50.0,50.0,50.0,50.0,50.0,0.0,0.0,0.0,0.0,1.0,1.0,1.0,1.0,1.0,1.0,1.0,1.0,1.0,1.0,1.0,1.0,0.5,0.5,0.5,0.5
1788529338.4952059,258,6.155327999294968,1.708253999822773,4.095700000107172,1.038246,5.138202,10909816,0,0,0.0,0.0,0.0,-0.014479995,0.66169333,-1.3008435,-0.10708418,0.77216005,-1.4013758,0.110137135,0.91136485,-1.356054,-0.05300337,0.67977196,-1.3398938,-18.445705,-12.315264,-7.6562486,6.915055,-0.8758684,0.97663206,1.0474024,-0.3759258,-0.48444048,0.0970566,-0.5619509,-0.20152724,0.56414145,0.23640695,0.64721245,0.08492453,-7.3363667,2.8717632,1.8408737,-0.5813286,0.9895313,1.311129,7.6812367,2.3996134,-6.9761953,5.0734096,-4.6013203,0.17316797,3.413883,3.686004,-3.9828634,5.83205,-0.8411016,-0.47002736,0.9400547,-1.2121758,0.9995243,0.0069504487,0.018799454,0.023439202,0.05432848,-0.7190534,0.4388889,-2.456451,-1.8088194,7.890092,0.014786378,0.03726382,0.047167655,30.128293991088867,4.717082977294922,-0.13682444,0.8402036,0.03905202,0.3166667,0.099374056,-0.02917583,0.3838141,-1.0390488,-0.30888966,0.30008355,0.83215296,-0.22934619,-0.022502083,0.6839441,0.37609375,0.59935594,0.024843514,0.6627061,-1.2040465,-0.03420611,0.8800509,-1.290237,-0.005625521,0.840986,-1.2059765,-0.077222414,0.7450209,-1.0919617,0.0,0.0,0.0,0.0,0.0,0.0,0.0,0.0,0.0,0.0,0.0,0.0,0.0,0.0,0.0,0.0,-10.390488,3.166667,5.9935594,-2.2934618,50.0,50.0,50.0,50.0,50.0,50.0,50.0,50.0,50.0,50.0,50.0,50.0,0.0,0.0,0.0,0.0,1.0,1.0,1.0,1.0,1.0,1.0,1.0,1.0,1.0,1.0,1.0,1.0,0.5,0.5,0.5,0.5
1788529338.511471,259,3.3770819991332246,1.5894339994702023,3.2265489990095375,0.121285,3.352026,10909834,0,0,0.0,0.0,0.0,-0.024895549,0.6745007,-1.2753314,-0.11407829,0.7685873,-1.4012336,0.10271914,0.9083674,-1.3427529,-0.060966313,0.6869174,-1.3430374,-18.579079,-12.263338,-7.627576,6.905245,0.40305448,0.0077510476,0.73803455,-0.22478038,3.530602,0.15569495,-0.48831603,-1.7013549,0.6146918,-1.5812138,2.0268989,0.40238047,-7.9603257,3.2554402,1.5734626,-0.3720503,2.1522305,-0.51950395,3.461298,4.304461,1.8801094,5.594975,-5.1208243,-1.6079884,6.5906906,0.74214846,0.59371877,11.996005,-0.96479297,-0.17316797,2.0038009,-0.89057815,0.99945885,0.008423625,0.015044558,0.028016433,0.047936894,-0.008522115,0.6178533,-0.90141696,-0.59495914,12.508507,0.01768979,0.029605158,0.056310415,30.128293991088867,4.648719310760498,-0.10833107,0.733677,0.37423524,0.4334943,0.19677657,-0.47836533,0.14730291,-1.0142435,-0.35323036,0.67538047,0.041409828,0.044030864,-0.13371211,0.12984398,0.2548547,0.5426289,0.049194142,0.55040866,-1.2631742,-0.027082767,0.8534193,-1.2064412,-0.03342803,0.702461,-1.2362863,-0.08830759,0.83884513,-1.2896475,0.0,0.0,0.0,0.0,0.0,0.0,0.0,0.0,0.0,0.0,0.0,0.0,0.0,0.0,0.0,0.0,-10.142435,4.334943,5.4262886,0.44030863,50.0,50.0,50.0,50.0,50.0,50.0,50.0,50.0,50.0,50.0,50.0,50.0,0.0,0.0,0.0,0.0,1.0,1.0,1.0,1.0,1.0,1.0,1.0,1.0,1.0,1.0,1.0,1.0,0.5,0.5,0.5,0.5
1788529338.5330734,260,4.334589999416494,1.602618000106304,4.19032799982233,1.070343,5.265152,10909854,0,0,0.0,0.0,0.0,-0.023290753,0.6756512,-1.2743046,-0.11586467,0.77016175,-1.4020708,0.10120526,0.87808985,-1.3407468,-0.06793016,0.7013296,-1.3461809,-18.704458,-12.225369,-7.5735607,6.883354,0.0077510476,-0.43405867,-0.24061948,0.2790377,-0.86424184,0.42664462,-0.29841533,-1.6238445,0.15367295,-0.3604237,0.80223346,-1.457871,-7.1658435,1.4300683,3.759258,-1.5967158,3.7849572,-6.1350937,0.7112256,4.230246,5.1455626,9.625254,-6.6545978,-7.446223,4.883749,-0.6679336,6.382477,4.599259,-1.0884844,1.3853438,0.6926719,0.89057815,0.9993418,0.0073301326,0.01469117,0.032350898,-0.40160465,0.08202535,0.2269013,1.8770541,-1.2641385,9.895236,0.015608306,0.028892748,0.06494732,30.048614501953125,7.143988132476807,-0.22811502,0.92051953,0.4988453,0.36511114,0.009010334,0.10824839,0.23177132,-0.47770777,-0.15675439,0.51144874,0.07757272,0.12777345,-0.013112858,0.5561291,0.3993963,0.6672474,0.0022525834,0.69706213,-1.2420571,-0.057028756,0.9001299,-1.1752887,-0.0032782145,0.8090323,-1.2001508,-0.039188597,0.7978622,-1.2806067,0.0,0.0,0.0,0.0,0.0,0.0,0.0,0.0,0.0,0.0,0.0,0.0,0.0,0.0,0.0,0.0,-4.7770777,3.6511114,6.672474,1.2777345,50.0,50.0,50.0,50.0,50.0,50.0,50.0,50.0,50.0,50.0,50.0,50.0,0.0,0.0,0.0,0.0,1.0,1.0,1.0,1.0,1.0,1.0,1.0,1.0,1.0,1.0,1.0,1.0,0.5,0.5,0.5,0.5
1788529338.554056,261,5.543242001294857,1.6490519992657937,3.7790490005136235,0.6638,4.448706,10909874,0,0,0.0,0.0,0.0,-0.017659187,0.68503726,-1.2727723,-0.10175534,0.7627437,-1.3977582,0.10302192,0.8495987,-1.3325166,-0.06581074,0.70898974,-1.3628151,-18.829685,-12.204297,-7.4914784,6.8672466,0.1472699,2.5345926,0.46708488,0.3100419,-0.0077510476,0.056616347,0.19765173,-0.53094673,0.5297673,0.9301258,0.31779295,-0.17591508,-5.1544466,0.7828558,5.6233854,-0.08526152,0.8411016,-2.0038009,0.99571586,2.0038009,7.174102,11.75893,-5.6650667,-1.4842969,6.4010305,0.44528908,4.2055078,4.1251087,0.17316797,1.3853438,0.34633595,0.56898046,0.9993893,0.0029459842,0.016694695,0.030559571,-0.44634575,0.32064456,-0.5081311,1.0031705,1.246182,8.001422,0.0069125975,0.033195037,0.0612522,30.137149810791016,4.409446716308594,-0.4874031,-0.4243113,0.1532276,0.15877923,-0.05197785,0.2501282,0.92902637,-0.4179746,0.22779144,-0.37986964,0.112899594,-0.012752177,0.27006468,1.1685251,-0.18349272,0.42552564,-0.012994463,0.7325321,-1.0677433,-0.12185077,0.56392217,-1.261693,0.06751617,0.96213126,-1.3458731,0.05694786,0.5750326,-1.271775,0.0,0.0,0.0,0.0,0.0,0.0,0.0,0.0,0.0,0.0,0.0,0.0,0.0,0.0,0.0,0.0,-4.1797457,1.5877924,4.255256,-0.12752177,50.0,50.0,50.0,50.0,50.0,50.0,50.0,50.0,50.0,50.0,50.0,50.0,0.0,0.0,0.0,0.0,1.0,1.0,1.0,1.0,1.0,1.0,1.0,1.0,1.0,1.0,1.0,1.0,0.5,0.5,0.5,0.5
1788529338.5751853,262,6.483339999249438,1.56946499919286,6.318052999631618,1.082408,7.404941,10909892,0,0,0.0,0.0,0.0,-0.014540553,0.6983291,-1.2703238,-0.096305385,0.7604426,-1.3984218,0.096088365,0.83064497,-1.3342384,-0.066022694,0.7225238,-1.3594189,-18.891754,-12.201996,-7.4089723,6.864885,0.325544,0.58520406,0.19209118,-0.6162083,-2.743871,-0.45697483,0.12014124,0.38755238,-0.99685216,0.52319574,-0.5541999,-0.11727672,-4.3483377,-0.14339438,4.673882,-1.2866739,-0.049476564,0.96479297,9.103687,-0.6926719,-6.901981,8.013142,-1.6327267,5.887711,0.99571586,5.61559,-6.1845703,4.883749,0.14842969,0.89057815,-0.024738282,0.6926719,0.99955523,0.0015187544,0.016442953,0.02483631,-0.30679613,-0.1640507,-0.73822814,1.0390835,0.16280572,7.702147,0.003855005,0.03280172,0.049747735,30.11058807373047,5.639990329742432,-0.5337841,-0.0009480491,-0.42765677,0.10272782,-0.24278127,0.4830746,1.4267218,-0.21254951,0.1565856,-0.5209947,0.64571816,-0.25710338,0.3893826,1.4067637,-0.14216009,0.22000077,-0.060695317,0.7907687,-0.9433195,-0.13344602,0.669763,-1.4069141,0.09734565,1.021691,-1.3355399,0.0391464,0.53975135,-1.1385704,0.0,0.0,0.0,0.0,0.0,0.0,0.0,0.0,0.0,0.0,0.0,0.0,0.0,0.0,0.0,0.0,-2.125495,1.0272782,2.2000077,-2.571034,50.0,50.0,50.0,50.0,50.0,50.0,50.0,50.0,50.0,50.0,50.0,50.0,0.0,0.0,0.0,0.0,1.0,1.0,1.0,1.0,1.0,1.0,1.0,1.0,1.0,1.0,1.0,1.0,0.5,0.5,0.5,0.5
1788529338.5961773,263,7.315786000617663,1.5846659989620093,7.167013000071165,0.109572,7.280841,10909912,0,0,0.0,0.0,0.0,-0.014873624,0.7068068,-1.2462176,-0.10136173,0.7302257,-1.3956888,0.104687184,0.84545064,-1.3682809,-0.055334747,0.7039334,-1.3580761,-18.978289,-12.182376,-7.3436637,6.8466578,-0.51156914,-0.10851467,0.640978,-0.06200838,-0.46893838,0.30127984,0.18214962,0.29841533,-1.7510629,-0.054257333,-0.5076936,0.0,-3.9762876,2.8446345,3.092668,0.7169719,-1.6327267,1.4842969,8.4398775,-1.5585117,-8.262587,6.8751807,-0.64319533,5.788758,2.5129972,4.997133,-6.1845703,4.409599,0.9895313,-0.89057815,0.56898046,-0.44528908,0.99969006,-0.00041721633,0.014986277,0.019877093,0.23329288,-0.092677996,-0.18109493,-1.5059528,-0.82719666,11.479,-0.000238514,0.029984342,0.039757695,30.101734161376953,5.845080852508545,-0.48903266,0.3662402,-0.46719342,0.017137453,-0.17810084,-0.04592394,1.3857111,-0.105980344,0.034569643,-0.12984039,0.4026117,-0.18751696,0.1743724,0.8885716,-0.038669348,0.17424798,-0.04452521,0.658519,-0.95357215,-0.122258164,0.7615601,-1.4167984,0.0435931,0.8921429,-1.3096673,0.008642411,0.6375399,-1.199347,0.0,0.0,0.0,0.0,0.0,0.0,0.0,0.0,0.0,0.0,0.0,0.0,0.0,0.0,0.0,0.0,-1.0598035,0.17137453,1.7424798,-1.8751695,50.0,50.0,50.0,50.0,50.0,50.0,50.0,50.0,50.0,50.0,50.0,50.0,0.0,0.0,0.0,0.0,1.0,1.0,1.0,1.0,1.0,1.0,1.0,1.0,1.0,1.0,1.0,1.0,0.5,0.5,0.5,0.5
1788529338.6131806,264,4.4960030008951435,1.6781410013209097,4.348190001110197,0.101316,4.454178,10909934,0,0,0.0,0.0,0.0,-0.033403516,0.7111062,-1.2237701,-0.11102026,0.7331323,-1.4173622,0.1095013,0.8629814,-1.3864157,-0.056818306,0.69176185,-1.3426899,-19.0439,-12.138897,-7.3007603,6.8549843,-0.6820922,-1.9145088,1.0696446,-0.7906069,1.36806,-0.74814457,-0.2790377,-0.6704656,0.23859747,-0.4921915,0.8836195,-0.032352198,-3.247689,1.6742264,1.4920766,0.6665901,-0.024738282,-0.64319533,12.991721,-0.024738282,0.024738282,0.80605567,-3.0180705,2.3501368,3.508713,3.9828634,-3.7602189,8.107972,1.0390079,-0.74214846,0.12369141,-1.311129,0.9996802,0.0019509764,0.012804912,0.021718647,0.4058657,-0.21731392,0.576308,1.055843,-1.8231846,9.167398,0.0044583823,0.02551966,0.043501247,30.163707733154297,3.520721197128296,-0.1787823,0.97955495,0.07204793,-0.079448715,0.049329415,-0.33525652,0.60405934,-0.17474073,-0.30885252,0.63168037,0.43695858,0.024630807,-0.013052098,0.12725735,0.15395929,0.41998214,0.012332354,0.5861859,-1.1489851,-0.044695575,0.91488874,-1.281988,-0.0032630246,0.70181435,-1.2615101,-0.07721313,0.8279201,-1.1907603,0.0,0.0,0.0,0.0,0.0,0.0,0.0,0.0,0.0,0.0,0.0,0.0,0.0,0.0,0.0,0.0,-1.7474073,-0.7944871,4.1998215,0.24630807,50.0,50.0,50.0,50.0,50.0,50.0,50.0,50.0,50.0,50.0,50.0,50.0,0.0,0.0,0.0,0.0,1.0,1.0,1.0,1.0,1.0,1.0,1.0,1.0,1.0,1.0,1.0,1.0,0.5,0.5,0.5,0.5
1788529338.634476,265,5.510695998964366,1.5854970006330404,5.358531001547817,1.114792,6.478603,10909950,0,0,0.0,0.0,0.0,-0.041366458,0.70114493,-1.2070727,-0.116651885,0.73597836,-1.4224646,0.10953158,0.8634052,-1.374884,-0.06332797,0.6960007,-1.348045,-19.082201,-12.128966,-7.2890124,6.858012,-0.077510476,-0.8254866,0.9948302,-0.077510476,0.7441006,0.17995912,-0.26741114,-1.1975368,0.8917075,-1.3099271,3.2864442,-0.0080880495,-1.8680025,0.08526152,0.06975943,-0.13564333,2.5233047,-4.997133,3.0819776,3.339668,8.138895,6.1165404,-5.4176836,-6.382477,4.978579,0.6926719,2.9685938,8.013142,0.14842969,-0.24738282,1.9790626,-0.12369141,0.99953294,0.0039542275,0.012571114,0.027575389,0.1821602,0.020240022,0.7989482,-0.15801731,1.2533646,8.147469,0.008600841,0.024914984,0.055269714,30.07517433166504,6.597079277038574,-0.008727431,0.68662775,0.84440315,-0.3430315,0.14781247,-0.291522,0.06860218,0.0029902272,-0.33480433,0.76279664,-0.16683064,0.13481447,-0.06655985,0.01111673,0.36564684,0.4734669,0.036953118,0.5971195,-1.2828494,-0.0021818578,0.8416569,-1.0888991,-0.016639963,0.6727792,-1.2085882,-0.08370108,0.8606992,-1.3417076,0.0,0.0,0.0,0.0,0.0,0.0,0.0,0.0,0.0,0.0,0.0,0.0,0.0,0.0,0.0,0.0,0.029902272,-3.430315,4.734669,1.3481448,50.0,50.0,50.0,50.0,50.0,50.0,50.0,50.0,50.0,50.0,50.0,50.0,0.0,0.0,0.0,0.0,1.0,1.0,1.0,1.0,1.0,1.0,1.0,1.0,1.0,1.0,1.0,1.0,0.5,0.5,0.5,0.5
1788529338.6530707,266,4.557764999844949,1.728287001242279,4.394336001496413,0.118628,4.51818,10909970,0,0,0.0,0.0,0.0,-0.035613775,0.6935452,-1.2141181,-0.109143056,0.7417009,-1.4117069,0.10780576,0.83143216,-1.3562593,-0.06723386,0.7072942,-1.3518205,-19.09213,-12.144166,-7.2725415,6.8452954,0.31391743,-0.046506286,0.16580501,0.47668946,0.12789229,-0.012132075,0.019377619,-1.3990641,0.6349119,0.24028248,0.3914279,-0.1455849,-0.06200838,-1.7711143,2.4454553,-1.5928403,2.0780158,-4.997133,3.0819776,2.8201642,8.831567,6.5906906,-5.788758,-5.269254,4.1251087,-0.96479297,7.545176,8.819198,-0.791625,0.51950395,0.791625,0.89057815,0.99932796,0.00088310585,0.013488566,0.03407595,-0.44954154,0.18429072,0.38669094,2.2996306,1.0977415,9.1350765,0.0026852703,0.026902061,0.06820746,30.084026336669922,6.391988754272461,-0.21545075,0.08689536,0.9358094,-0.37705323,0.041939918,0.07849076,0.094886065,0.036647446,-0.039812002,0.38417095,-0.31329802,0.013588648,0.041476697,0.39095876,0.5131103,0.48857406,0.0104849795,0.6896227,-1.2762785,-0.053862687,0.6917239,-1.0660477,0.010369174,0.7677397,-1.1717224,-0.009953001,0.76604277,-1.3783245,0.0,0.0,0.0,0.0,0.0,0.0,0.0,0.0,0.0,0.0,0.0,0.0,0.0,0.0,0.0,0.0,0.36647445,-3.7705324,4.8857408,0.13588649,50.0,50.0,50.0,50.0,50.0,50.0,50.0,50.0,50.0,50.0,50.0,50.0,0.0,0.0,0.0,0.0,1.0,1.0,1.0,1.0,1.0,1.0,1.0,1.0,1.0,1.0,1.0,1.0,0.5,0.5,0.5,0.5
1788529338.674209,267,5.680430000211345,1.8937650002044393,3.942895000363933,2.715939,6.664146,10909988,0,0,0.0,0.0,0.0,-0.026469946,0.68903387,-1.2358074,-0.09167292,0.7423064,-1.394425,0.105898276,0.80642295,-1.3443959,-0.064145505,0.71725553,-1.373099,-19.085562,-12.203025,-7.216165,6.82837,0.65883905,-0.44956076,-1.9148458,0.7363495,0.21315381,0.7016383,-0.15889648,-1.3138026,0.21837734,0.13176781,1.2479186,-1.3001541,0.5658265,-4.3560886,4.282454,-0.20152724,2.548043,-4.2797227,-0.52156544,3.7849572,4.8487034,15.3624735,-6.1845703,-5.61559,6.827766,-1.1626992,6.1845703,3.0345626,-0.32159767,0.44528908,0.34633595,0.6926719,0.99927145,-0.0032984226,0.014159421,0.03528756,-0.5326322,0.006391586,-0.149137,-0.34476504,4.313154,9.3026705,-0.0055950433,0.02853487,0.070517406,30.05746841430664,6.8363518714904785,-0.39372078,-0.48197126,0.696537,-0.20109746,0.01455768,0.4449913,0.29752997,0.081643686,0.082229875,0.089855604,-0.3948063,0.025128625,0.16951042,0.7546183,0.5394403,0.21078013,0.00363942,0.78124785,-1.2256174,-0.098430194,0.5495072,-1.1258657,0.042377606,0.8586546,-1.1651399,0.020557469,0.69246393,-1.3987015,0.0,0.0,0.0,0.0,0.0,0.0,0.0,0.0,0.0,0.0,0.0,0.0,0.0,0.0,0.0,0.0,0.8164369,-2.0109746,2.1078012,0.25128627,50.0,50.0,50.0,50.0,50.0,50.0,50.0,50.0,50.0,50.0,50.0,50.0,0.0,0.0,0.0,0.0,1.0,1.0,1.0,1.0,1.0,1.0,1.0,1.0,1.0,1.0,1.0,1.0,0.5,0.5,0.5,0.5
1788529338.6996036,268,6.609839998418465,1.9608069997048005,6.413064998923801,2.041706,8.460499,10910012,0,0,0.0,0.0,0.0,-0.019869447,0.6957252,-1.2575598,-0.09118848,0.73537284,-1.3859105,0.09863168,0.790285,-1.3422316,-0.05815059,0.7319099,-1.3910444,-19.071362,-12.282655,-7.1223955,6.825585,0.5193202,0.61233276,-0.43675467,-0.3410461,-0.6355859,0.052572325,-0.12401676,0.22478038,0.010110063,0.18990067,0.18602514,-0.02426415,0.25578457,-2.1857955,3.6817474,-0.5348223,0.6679336,3.3891447,1.2802061,-0.074214846,-8.78209,13.750361,-2.8201642,3.0675468,9.198518,3.9086485,-1.9048477,-0.28449023,0.17316797,-0.074214846,-0.5442422,0.34633595,0.99944186,-0.005250357,0.012527444,0.030522116,-0.18322547,-0.1640507,-0.560329,-0.2681506,-0.7098808,9.928755,-0.009733408,0.025364129,0.060935903,30.11944007873535,5.127264022827148,-0.5062729,-0.583189,-0.07696961,-0.03464064,-0.11132747,0.7731131,0.76304847,0.08167965,0.15310301,-0.34981695,0.16580683,-0.076512754,0.3309786,1.0094492,0.3555126,-0.03114288,-0.027831867,0.86327827,-1.1092378,-0.12656823,0.52420276,-1.3192424,0.08274465,0.9223623,-1.2111218,0.038275752,0.58254576,-1.2585483,0.0,0.0,0.0,0.0,0.0,0.0,0.0,0.0,0.0,0.0,0.0,0.0,0.0,0.0,0.0,0.0,0.8167965,-0.3464064,-0.3114288,-0.76512754,50.0,50.0,50.0,50.0,50.0,50.0,50.0,50.0,50.0,50.0,50.0,50.0,0.0,0.0,0.0,0.0,1.0,1.0,1.0,1.0,1.0,1.0,1.0,1.0,1.0,1.0,1.0,1.0,0.5,0.5,0.5,0.5
1788529338.7218947,269,12.73754999965604,1.7535670012875926,12.568137000926072,2.056042,14.628883,10910030,0,0,0.0,0.0,0.0,-0.010816455,0.7068976,-1.251241,-0.09554844,0.73055875,-1.3791652,0.09729946,0.7934339,-1.3432901,-0.05930108,0.7288821,-1.391313,-19.06806,-12.294796,-7.0867586,6.81741,0.6317104,0.034879714,0.7804968,-0.10851467,0.06200838,0.9038396,-0.3410461,-0.3604237,0.02426415,-0.2790377,0.038755238,-0.020220125,0.11239019,0.33329505,1.4184418,0.10463915,0.074214846,3.8839102,0.47415042,-0.049476564,-9.400547,12.564985,-2.5233047,3.7602189,9.245933,4.4034142,-1.9790626,-0.28449023,0.32159767,-1.1626992,0.34633595,0.024738282,0.9995867,-0.005195269,0.01111537,0.02599929,0.17683388,-0.02237055,-0.427171,0.5410896,-1.6950948,9.871294,-0.009810898,0.022493595,0.05189801,30.11058807373047,5.3665361404418945,-0.4203091,-0.30053505,-0.2713272,0.14726484,-0.071269035,0.2891873,1.0540768,-0.062345613,0.01441619,-0.1735723,0.2006208,-0.05921471,0.24472755,0.8185915,0.11178289,-0.06696996,-0.017817259,0.7422968,-1.0364808,-0.105077274,0.5948663,-1.3678317,0.061181888,0.87464786,-1.2720542,0.0036040475,0.62660694,-1.2498448,0.0,0.0,0.0,0.0,0.0,0.0,0.0,0.0,0.0,0.0,0.0,0.0,0.0,0.0,0.0,0.0,-0.6234561,1.4726484,-0.6696996,-0.5921471,50.0,50.0,50.0,50.0,50.0,50.0,50.0,50.0,50.0,50.0,50.0,50.0,0.0,0.0,0.0,0.0,1.0,1.0,1.0,1.0,1.0,1.0,1.0,1.0,1.0,1.0,1.0,1.0,0.5,0.5,0.5,0.5
1788529338.735398,270,6.583694999790168,1.6686690014466876,5.817043000206468,1.737823,7.559634,10910048,0,0,0.0,0.0,0.0,-0.012027502,0.71952343,-1.2352703,-0.101694785,0.7235949,-1.3846784,0.09620947,0.796613,-1.3477606,-0.057242215,0.71292585,-1.368202,-19.06894,-12.277144,-7.087243,6.820589,0.12789229,0.30229086,0.0020220124,-0.24028248,-0.096888095,-0.39631444,0.011626571,0.15114543,-0.3942924,0.2092783,-0.86811733,2.3596885,-0.24415801,2.0036457,-0.887495,0.6084572,-0.9895313,7.273055,6.827766,-1.1132227,-10.340602,3.650958,-0.7668867,6.3577385,7.2545013,4.74975,-5.8382344,4.030278,0.47002736,-1.2121758,0.32159767,-0.6679336,0.9996838,-0.0036072307,0.00999182,0.022794496,0.07882956,-0.10333064,-0.12889698,0.40342298,-1.5179238,12.485762,-0.006758085,0.020143133,0.045527447,30.05746841430664,6.938897132873535,-0.34032813,0.194651,-0.30335984,0.22889152,-0.13164902,0.06422477,1.0281551,-0.16920316,-0.045878932,-0.060432553,0.61834383,-0.18176551,0.11979362,0.6015116,0.016508188,0.08530082,-0.032912254,0.6860562,-1.0429611,-0.08508203,0.71866274,-1.37584,0.029948406,0.82037795,-1.2958729,-0.011469733,0.65489185,-1.145414,0.0,0.0,0.0,0.0,0.0,0.0,0.0,0.0,0.0,0.0,0.0,0.0,0.0,0.0,0.0,0.0,-1.6920316,2.2889152,0.85300815,-1.8176551,50.0,50.0,50.0,50.0,50.0,50.0,50.0,50.0,50.0,50.0,50.0,50.0,0.0,0.0,0.0,0.0,1.0,1.0,1.0,1.0,1.0,1.0,1.0,1.0,1.0,1.0,1.0,1.0,0.5,0.5,0.5,0.5
1788529338.7553582,271,7.275751999259228,1.7796170013752999,6.918459999724291,1.177067,8.101959,10910068,0,0,0.0,0.0,0.0,-0.012209177,0.7213098,-1.2310683,-0.10602447,0.71451163,-1.3863053,0.09221284,0.7984902,-1.3527682,-0.058786333,0.69330597,-1.3479502,-19.083593,-12.236785,-7.113221,6.8386645,-0.19377619,0.45343632,0.5702075,0.07363495,-0.8254866,-0.14962892,-0.046506286,0.027128667,-0.038418237,-0.12014124,-0.86811733,-0.042462263,-1.4029397,2.499713,-1.2827984,1.4184418,-0.14842969,0.6926719,9.293348,-0.12369141,-5.46716,1.0431309,-1.6079884,3.9086485,3.9828634,3.3891447,-2.5975196,5.4053144,0.44528908,-0.56898046,0.34633595,-0.9400547,0.9996513,-0.00074889953,0.010731565,0.0241174,0.27483818,0.17789914,0.32064456,0.23343466,0.7793127,9.715671,-0.0009798682,0.021493424,0.04823174,30.172561645507812,3.3839941024780273,-0.22522098,0.53906244,0.04424356,0.17878217,-0.029662484,-0.2685129,0.8491159,-0.23621696,-0.26772186,0.37787533,0.45663485,-0.14215456,0.018459372,0.29939342,-0.06603153,0.2295219,-0.007415621,0.6028718,-1.087721,-0.056305245,0.80476564,-1.2889391,0.004614843,0.7448484,-1.3165078,-0.066930465,0.76446885,-1.1858412,0.0,0.0,0.0,0.0,0.0,0.0,0.0,0.0,0.0,0.0,0.0,0.0,0.0,0.0,0.0,0.0,-2.3621697,1.7878217,2.295219,-1.4215456,50.0,50.0,50.0,50.0,50.0,50.0,50.0,50.0,50.0,50.0,50.0,50.0,0.0,0.0,0.0,0.0,1.0,1.0,1.0,1.0,1.0,1.0,1.0,1.0,1.0,1.0,1.0,1.0,0.5,0.5,0.5,0.5
1788529338.7781765,272,9.813700999075081,1.8437790004099952,9.6319330004917,0.116677,9.753539,10910086,0,0,0.0,0.0,0.0,-0.020626426,0.71031904,-1.2153503,-0.106054746,0.71666133,-1.393888,0.09021452,0.79600745,-1.352547,-0.059482753,0.6812253,-1.3349494,-19.116081,-12.194759,-7.1245146,6.8430247,-0.43018317,0.10463915,0.6288459,-0.30229086,-0.32941952,-0.7622987,0.19377619,-0.038755238,0.056616347,0.23253144,-0.8991215,1.1970314,-1.7091061,1.9493885,-0.29841533,-0.577453,-0.14842969,-1.2863907,8.392462,1.4100821,0.37107423,1.8491865,-3.2654533,1.4100821,2.7026572,2.3501368,-0.47002736,8.676952,0.024738282,0.0,0.56898046,-0.56898046,0.9995158,0.0010277306,0.012534709,0.028463619,0.16831176,0.11717907,0.55393744,0.44651863,0.4165911,9.295488,0.0027689007,0.025001377,0.056974046,30.190269470214844,2.871267557144165,-0.1573288,0.60223454,0.2628273,-0.037002962,-0.039222162,-0.24882036,0.5600014,-0.18635145,-0.30845585,0.4313461,0.42891818,-0.24661759,0.02469991,0.14614491,0.039198156,0.2517092,-0.009805541,0.60779494,-1.1599996,-0.0393322,0.82055867,-1.2342931,0.0061749774,0.70653623,-1.2902005,-0.07711396,0.77783656,-1.1927704,0.0,0.0,0.0,0.0,0.0,0.0,0.0,0.0,0.0,0.0,0.0,0.0,0.0,0.0,0.0,0.0,-1.8635144,-0.37002963,2.517092,-2.4661758,50.0,50.0,50.0,50.0,50.0,50.0,50.0,50.0,50.0,50.0,50.0,50.0,0.0,0.0,0.0,0.0,1.0,1.0,1.0,1.0,1.0,1.0,1.0,1.0,1.0,1.0,1.0,1.0,0.5,0.5,0.5,0.5
1788529338.7945745,273,5.5627620004088385,1.8518119995860616,4.3567339998844545,0.095811,4.457889,10910110,0,0,0.0,0.0,0.0,-0.022079706,0.7072307,-1.2133757,-0.10926417,0.7178119,-1.3953729,0.091879785,0.78374505,-1.3524523,-0.062359154,0.68791664,-1.3290097,-19.138123,-12.172869,-7.107953,6.8289456,-0.1472699,0.42630762,0.23859747,-0.35267267,-0.19377619,-0.036396224,0.18214962,0.054257333,-0.028308174,0.023253143,0.13176781,0.0485283,-0.48831603,0.15114543,1.4416949,-1.0076362,0.8411016,-5.7392817,6.1165404,3.0428088,4.74975,5.594975,-4.6260586,-2.0285392,1.8966017,-0.14842969,3.7602189,7.301916,-0.9400547,0.7668867,0.34633595,-0.17316797,0.99926794,0.0022437419,0.013517712,0.035719387,0.03408846,-0.075633764,0.49641317,0.89662856,1.7549498,8.991425,0.0054518804,0.026858572,0.07153392,30.163707733154297,3.794175148010254,-0.18719631,0.44594726,0.32315475,-0.23858115,-0.024867902,-0.23654652,0.42699242,0.04763215,-0.3191967,0.33120102,0.19005996,-0.20906185,0.07340552,0.14257196,0.20428406,0.29736775,-0.0062169754,0.6108634,-1.1932518,-0.04679908,0.7814868,-1.2192112,0.01835138,0.705643,-1.2489289,-0.079799175,0.7528003,-1.2524849,0.0,0.0,0.0,0.0,0.0,0.0,0.0,0.0,0.0,0.0,0.0,0.0,0.0,0.0,0.0,0.0,0.47632152,-2.3858116,2.9736776,-2.0906184,50.0,50.0,50.0,50.0,50.0,50.0,50.0,50.0,50.0,50.0,50.0,50.0,0.0,0.0,0.0,0.0,1.0,1.0,1.0,1.0,1.0,1.0,1.0,1.0,1.0,1.0,1.0,1.0,0.5,0.5,0.5,0.5
1788529338.8164864,274,7.583348000480328,1.7590080005902564,6.770358000721899,1.829283,8.604505,10910126,0,0,0.0,0.0,0.0,-0.023472428,0.71062183,-1.2137548,-0.10838612,0.71971935,-1.3929875,0.09354505,0.77687204,-1.35201,-0.06254083,0.693851,-1.3290255,-19.141636,-12.1798935,-7.075344,6.800273,0.0077510476,0.36817476,-0.20422325,0.13176781,0.17439857,0.16782704,-0.08526152,-0.21315381,-0.0020220124,0.18214962,0.46893838,-0.038418237,0.04263076,-1.0386404,2.6469827,-2.3291898,0.64319533,-5.6650667,2.7974875,3.4633594,5.0466094,8.250217,-4.477629,-3.4633594,3.1293926,-0.89057815,3.8839102,7.2545013,-0.8411016,0.32159767,-0.049476564,-0.049476564,0.9991418,0.0019437924,0.012790822,0.039347455,0.025566343,-0.09800432,0.3249056,0.8631097,1.4425066,9.965864,0.0048924205,0.025409458,0.07878398,30.154855728149414,4.067629337310791,-0.19668813,0.32063326,0.34813574,-0.43104437,-0.014652869,-0.11882705,0.4915196,0.2177813,-0.21335432,0.2369388,0.1934889,-0.17766884,0.08971449,0.27602747,0.40798557,0.315939,-0.0036632172,0.64029324,-1.1771201,-0.049172033,0.7501583,-1.212966,0.022428622,0.7390069,-1.1980035,-0.05333858,0.7292347,-1.2516277,0.0,0.0,0.0,0.0,0.0,0.0,0.0,0.0,0.0,0.0,0.0,0.0,0.0,0.0,0.0,0.0,2.177813,-4.310444,3.15939,-1.7766883,50.0,50.0,50.0,50.0,50.0,50.0,50.0,50.0,50.0,50.0,50.0,50.0,0.0,0.0,0.0,0.0,1.0,1.0,1.0,1.0,1.0,1.0,1.0,1.0,1.0,1.0,1.0,1.0,0.5,0.5,0.5,0.5
1788529338.838528,275,7.918912000604905,1.8004169996856945,7.755993001410388,1.051654,8.812095,10910146,0,0,0.0,0.0,0.0,-0.0238055,0.7134981,-1.2174829,-0.10911278,0.72189933,-1.3915815,0.09430198,0.76927245,-1.3514729,-0.061874688,0.70187455,-1.3342068,-19.133158,-12.211079,-7.024266,6.7571273,-0.05038181,0.011626571,-0.24061948,-0.034879714,0.24803352,-0.042462263,0.04263076,-0.61233276,-0.0020220124,0.08913705,0.47668946,-0.14760691,0.84873974,-1.8176206,3.1352987,-1.9842682,0.9400547,-5.3434687,1.4224513,3.1912384,2.721211,9.0562725,-3.9828634,-2.6717343,5.2630696,-0.89057815,2.1522305,4.409599,-0.17316797,-0.17316797,-0.17316797,0.024738282,0.9990516,0.00208258,0.012745851,0.04158462,-0.021305285,0.120374866,0.13954963,0.4285621,0.60094464,9.516952,0.005222967,0.025297014,0.083266236,30.181415557861328,3.2814488410949707,-0.28990126,0.09275842,0.22854649,-0.39445525,-0.028023563,-0.03370548,0.6726983,0.35497633,-0.14211929,0.19816813,0.055431202,-0.070970416,0.1367406,0.36057487,0.39006317,0.24703918,-0.007005891,0.66157365,-1.1318253,-0.072475314,0.6931896,-1.2428633,0.03418515,0.76014376,-1.2024841,-0.035529822,0.719542,-1.2861421,0.0,0.0,0.0,0.0,0.0,0.0,0.0,0.0,0.0,0.0,0.0,0.0,0.0,0.0,0.0,0.0,3.5497632,-3.9445524,2.4703918,-0.70970416,50.0,50.0,50.0,50.0,50.0,50.0,50.0,50.0,50.0,50.0,50.0,50.0,0.0,0.0,0.0,0.0,1.0,1.0,1.0,1.0,1.0,1.0,1.0,1.0,1.0,1.0,1.0,1.0,0.5,0.5,0.5,0.5
1788529338.8695486,276,5.9352549997129245,2.194032000261359,5.737552000937285,1.252526,6.996862,10910178,0,0,0.0,0.0,0.0,-0.023199916,0.711197,-1.2227749,-0.10799251,0.72910535,-1.3918817,0.09445338,0.7558595,-1.3492455,-0.055031955,0.70850533,-1.3320584,-19.090708,-12.282595,-6.9413357,6.700266,0.0038755238,-0.10851467,0.13749684,-0.21702933,-0.42630762,-0.10312264,0.07363495,-0.096888095,0.042462263,0.31391743,0.19377619,-0.15165094,1.8447493,-2.898892,2.6896136,-1.5773382,0.7668867,-2.548043,4.2673535,2.0780158,-1.311129,8.013142,-3.0428088,0.22264454,7.6338215,0.6926719,0.44528908,2.6552422,0.74214846,-0.4205508,0.024738282,0.32159767,0.99905497,0.0018026491,0.014438291,0.040957462,-0.0042610574,0.026631609,-0.1523328,0.033518825,-0.12330139,9.66659,0.0047865924,0.02870557,0.08201524,30.199121475219727,2.4610867500305176,-0.37505746,-0.03063093,-0.018225295,-0.35590002,-0.07852118,0.22938994,0.9576555,0.40053046,-0.0017093755,-0.08177975,0.20837083,-0.0469213,0.23670945,0.61480045,0.28641084,0.16537125,-0.019630294,0.7273475,-1.0605861,-0.093764365,0.6623423,-1.3045563,0.05917736,0.82370013,-1.2283973,-0.00042734388,0.6495551,-1.2479073,0.0,0.0,0.0,0.0,0.0,0.0,0.0,0.0,0.0,0.0,0.0,0.0,0.0,0.0,0.0,0.0,4.0053043,-3.5590003,1.6537125,-0.469213,50.0,50.0,50.0,50.0,50.0,50.0,50.0,50.0,50.0,50.0,50.0,50.0,0.0,0.0,0.0,0.0,1.0,1.0,1.0,1.0,1.0,1.0,1.0,1.0,1.0,1.0,1.0,1.0,0.5,0.5,0.5,0.5
1788529338.8898475,277,4.959636000421597,2.224624999143998,4.762925000250107,0.134149,4.902994,10910200,0,0,0.0,0.0,0.0,-0.022170544,0.7058985,-1.2213216,-0.10741723,0.7361903,-1.3917396,0.0945442,0.7537401,-1.349214,-0.05300337,0.71359193,-1.3325166,-19.051136,-12.333582,-6.896949,6.682402,0.15889648,-0.32941952,0.018198112,0.13564333,0.64333695,0.014154087,-0.034879714,-0.24028248,0.0060660373,-0.027128667,0.19377619,0.0020220124,2.3485675,-1.9726416,2.0579033,-0.65496355,0.64319533,-1.9790626,4.504429,1.6079884,-2.9438555,7.6812367,-3.0675468,0.5442422,7.5864067,0.96479297,0.049476564,2.4655821,0.51950395,-0.96479297,0.14842969,-0.074214846,0.9991195,0.0012721935,0.014303741,0.039420106,-0.06711165,-0.058589537,-0.14487594,-0.21308395,0.044292733,9.469068,0.0036713546,0.028485846,0.07892108,30.207975387573242,2.631995439529419,-0.3521819,-0.08974706,-0.0706975,-0.2833923,-0.032370362,0.11325594,0.93269,0.30295283,-0.029938865,-0.05828479,0.2963185,-0.008205339,0.19945508,0.5260745,0.22606455,0.027296443,-0.008092591,0.698314,-1.0668274,-0.08804548,0.6475633,-1.3176743,0.04986377,0.8015187,-1.2434838,-0.0074847164,0.6554288,-1.2259203,0.0,0.0,0.0,0.0,0.0,0.0,0.0,0.0,0.0,0.0,0.0,0.0,0.0,0.0,0.0,0.0,3.0295281,-2.833923,0.27296442,-0.08205339,50.0,50.0,50.0,50.0,50.0,50.0,50.0,50.0,50.0,50.0,50.0,50.0,0.0,0.0,0.0,0.0,1.0,1.0,1.0,1.0,1.0,1.0,1.0,1.0,1.0,1.0,1.0,1.0,0.5,0.5,0.5,0.5
1788529338.9122846,278,6.011482999383588,2.020649000769481,4.775117999088252,0.100035,4.880337,10910222,0,0,0.0,0.0,0.0,-0.021867752,0.711954,-1.2139286,-0.10729613,0.7439717,-1.3925927,0.098238066,0.75855416,-1.3504145,-0.047856152,0.70723367,-1.3279829,-19.004025,-12.366039,-6.8706985,6.6761045,0.065883905,-0.44568524,0.49539304,0.05813286,0.37980133,0.026286162,0.21315381,-0.034879714,0.06672641,0.31391743,-0.046506286,0.24061948,1.9338863,-1.0347649,0.7828558,-0.13176781,0.024738282,1.2863907,7.6812367,0.56898046,-4.7002735,4.504429,-2.2511837,3.4386213,6.1165404,2.2264454,-2.9685938,4.2199388,0.89057815,-1.2863907,0.44528908,-0.17316797,0.9991662,-8.2613755e-05,0.013615202,0.03849397,-0.23861921,-0.05006742,0.04687163,-0.44651863,-0.6500258,11.724405,0.0008834437,0.02721742,0.07702614,30.190269470214844,3.1105401515960693,-0.27816325,0.070955634,0.044700224,-0.15667132,-0.008756902,0.022156216,0.8171345,0.22129643,-0.08917812,0.10139814,0.41350514,0.030357607,0.14200205,0.37694275,0.21467935,0.009146368,-0.0021892255,0.6755391,-1.0957164,-0.06954081,0.6877389,-1.2888249,0.03550051,0.76423573,-1.2463301,-0.02229453,0.6953496,-1.1966237,0.0,0.0,0.0,0.0,0.0,0.0,0.0,0.0,0.0,0.0,0.0,0.0,0.0,0.0,0.0,0.0,2.2129643,-1.5667131,0.091463685,0.30357605,50.0,50.0,50.0,50.0,50.0,50.0,50.0,50.0,50.0,50.0,50.0,50.0,0.0,0.0,0.0,0.0,1.0,1.0,1.0,1.0,1.0,1.0,1.0,1.0,1.0,1.0,1.0,1.0,0.5,0.5,0.5,0.5
1788529338.9339285,279,5.932631000177935,1.8066900011035614,4.682890001276974,0.097796,4.78539,10910242,0,0,0.0,0.0,0.0,-0.020202518,0.702901,-1.2102005,-0.106296964,0.746848,-1.3926558,0.09993361,0.7597047,-1.3502091,-0.045888126,0.70469034,-1.3245549,-18.969688,-12.376848,-6.869396,6.6852484,-0.023253143,-0.14339438,0.070770435,0.0038755238,0.11239019,-0.0485283,0.162772,0.22090487,0.044484273,0.09301257,-0.1782741,0.12132075,1.7788655,-0.13951886,-0.08913705,0.4999426,0.56898046,0.0,7.4441614,0.96479297,-5.318731,3.9828634,-2.7459493,1.9790626,5.4527297,1.9048477,-2.4243517,5.1208243,0.64319533,-1.311129,0.17316797,-0.32159767,0.9991038,-0.000980415,0.0135413855,0.040092684,-0.031957928,0.036218986,0.25885922,-0.37708676,-1.2497733,9.709685,-0.0008735735,0.027140446,0.080202416,30.190269470214844,2.905449628829956,-0.24022345,0.1608928,0.28452465,-0.08184486,0.042325515,-0.054525748,0.64442724,0.15131748,-0.12335995,0.295478,0.3057556,0.09598389,0.08715879,0.2251783,0.2784302,0.030582298,0.010581379,0.65636855,-1.1388931,-0.060055863,0.7102232,-1.2288688,0.021789698,0.7262946,-1.2303925,-0.030839987,0.74386954,-1.223561,0.0,0.0,0.0,0.0,0.0,0.0,0.0,0.0,0.0,0.0,0.0,0.0,0.0,0.0,0.0,0.0,1.5131748,-0.8184486,0.30582297,0.9598389,50.0,50.0,50.0,50.0,50.0,50.0,50.0,50.0,50.0,50.0,50.0,50.0,0.0,0.0,0.0,0.0,1.0,1.0,1.0,1.0,1.0,1.0,1.0,1.0,1.0,1.0,1.0,1.0,0.5,0.5,0.5,0.5
1788529338.9580944,280,13.275425999381696,1.9394949995330535,5.027638999308692,2.314644,7.348971,10910260,0,0,0.0,0.0,0.0,-0.022079706,0.69566464,-1.2103585,-0.107386954,0.7493005,-1.3918817,0.1007511,0.75967443,-1.3496088,-0.04507065,0.7044481,-1.3188522,-18.947739,-12.376515,-6.8730903,6.693151,-0.19765173,-0.19377619,0.0040440247,-0.027128667,0.034879714,-0.0485283,0.12401676,0.12401676,0.119298734,0.054257333,-0.23640695,0.29723585,1.3719355,0.038755238,-0.20152724,0.35267267,1.1132227,-0.7668867,5.83205,2.0038009,-3.2901914,5.594975,-3.3644063,0.14842969,5.2156544,1.1132227,-0.22264454,6.1165404,0.34633595,-0.7668867,0.12369141,-0.049476564,0.9989689,-0.0007563452,0.014154736,0.04312991,0.033023193,0.05752427,0.3462109,0.023942016,0.039504327,8.101978,-0.0002902624,0.028349321,0.086291134,30.207975387573242,2.563632011413574,-0.21529688,0.17746012,0.36775663,-0.041508693,0.047070768,-0.0001623556,0.53999764,0.08165002,-0.14774118,0.36746106,0.22738157,0.10053396,0.07847996,0.17759073,0.3721687,0.073412806,0.011767692,0.6699594,-1.1650006,-0.05382422,0.71436507,-1.2080607,0.01961999,0.71439767,-1.2069578,-0.036935296,0.76186526,-1.2431545,0.0,0.0,0.0,0.0,0.0,0.0,0.0,0.0,0.0,0.0,0.0,0.0,0.0,0.0,0.0,0.0,0.8165002,-0.41508693,0.73412806,1.0053396,50.0,50.0,50.0,50.0,50.0,50.0,50.0,50.0,50.0,50.0,50.0,50.0,0.0,0.0,0.0,0.0,1.0,1.0,1.0,1.0,1.0,1.0,1.0,1.0,1.0,1.0,1.0,1.0,0.5,0.5,0.5,0.5
1788529338.9721706,281,7.831675999113941,1.8841009987227153,6.636849000642542,2.216368,8.858369,10910270,0,0,0.0,0.0,0.0,-0.02377522,0.69563437,-1.2095054,-0.10884028,0.74905825,-1.3919134,0.1010236,0.76055247,-1.3486136,-0.044707358,0.7024801,-1.3164984,-18.936142,-12.376515,-6.872999,6.6947556,-0.034879714,-0.0038755238,0.12132075,-0.10463915,0.0077510476,0.06874842,-0.0077510476,0.03100419,0.095034584,0.077510476,-0.06200838,0.15165094,1.3641844,0.06200838,0.08526152,0.11626572,1.8058946,-0.9895313,5.83205,2.5975196,-3.1912384,8.250217,-3.4633594,0.17316797,6.02171,0.74214846,-0.2721211,4.836334,0.4205508,-0.791625,0.12369141,0.24738282,0.9988868,-0.0005118747,0.014452799,0.04490077,0.07137271,0.05645901,0.37710357,-0.33039984,-0.9564836,8.486248,0.00027538912,0.028923422,0.08984513,30.199121475219727,2.7687225341796875,-0.22383384,0.11337407,0.3955514,-0.0012734756,0.055836085,-0.052405287,0.5386138,0.013595875,-0.16925913,0.35376072,0.019629689,0.10241099,0.07556933,0.14814937,0.47305164,0.03104275,0.013959021,0.6568987,-1.1653465,-0.05595846,0.6983435,-1.2011122,0.018892333,0.7070373,-1.1817371,-0.042314783,0.7584402,-1.2950926,0.0,0.0,0.0,0.0,0.0,0.0,0.0,0.0,0.0,0.0,0.0,0.0,0.0,0.0,0.0,0.0,0.13595876,-0.012734756,0.31042752,1.0241098,50.0,50.0,50.0,50.0,50.0,50.0,50.0,50.0,50.0,50.0,50.0,50.0,0.0,0.0,0.0,0.0,1.0,1.0,1.0,1.0,1.0,1.0,1.0,1.0,1.0,1.0,1.0,1.0,0.5,0.5,0.5,0.5
1788529338.988084,282,4.398976001539268,1.8942129991046386,4.2101050003111595,0.833918,5.067064,10910288,0,0,0.0,0.0,0.0,-0.025258899,0.69306076,-1.2114643,-0.11053582,0.7504208,-1.3896385,0.10144748,0.75625306,-1.3462282,-0.044010937,0.70929253,-1.3167828,-18.919247,-12.376061,-6.871667,6.7008414,-0.07363495,0.096888095,0.026286162,-0.046506286,0.0,0.018198112,0.015502095,0.046506286,0.17591508,-0.011626571,0.06200838,0.042462263,0.984383,0.065883905,0.11626572,0.054257333,1.9295859,-1.9295859,3.508713,2.6717343,-2.1274922,8.4398775,-4.1560316,-1.58325,6.02171,0.6926719,1.7069415,4.883749,0.22264454,-0.44528908,0.074214846,0.47002736,0.9987494,-0.00025771704,0.0147439055,0.0477736,0.047936894,0.010652643,0.23968448,-0.17717093,-0.24779987,8.713697,0.00089433807,0.029479826,0.09560717,30.199121475219727,2.7687225341796875,-0.23484237,0.06413245,0.2746436,0.039549507,0.01965479,0.004701957,0.64960605,-0.015464688,-0.15277538,0.24704769,0.0700027,0.072146416,0.1062707,0.21481244,0.45352092,0.013082481,0.0049136975,0.6711755,-1.1375984,-0.058710594,0.6860331,-1.2313391,0.026567675,0.72370315,-1.1866198,-0.038193844,0.73176193,-1.2824993,0.0,0.0,0.0,0.0,0.0,0.0,0.0,0.0,0.0,0.0,0.0,0.0,0.0,0.0,0.0,0.0,-0.15464687,0.39549506,0.1308248,0.72146416,50.0,50.0,50.0,50.0,50.0,50.0,50.0,50.0,50.0,50.0,50.0,50.0,0.0,0.0,0.0,0.0,1.0,1.0,1.0,1.0,1.0,1.0,1.0,1.0,1.0,1.0,1.0,1.0,0.5,0.5,0.5,0.5
1788529339.0172408,283,10.454651001055026,2.00855299954128,10.273587999108713,2.288243,12.566953,10910308,0,0,0.0,0.0,0.0,-0.025440454,0.6941205,-1.2126333,-0.110444985,0.7523283,-1.3887066,0.10217415,0.7561017,-1.3439693,-0.04349625,0.7123809,-1.3174462,-18.902473,-12.375335,-6.865248,6.7006598,0.0,0.027128667,-0.119298734,0.054257333,0.0038755238,0.012132075,0.023253143,-0.034879714,0.0808805,0.05813286,0.11239019,-0.14760691,0.70146984,0.05038181,0.4185566,0.0,1.8801094,-1.8306329,2.4655821,2.8696408,-2.7459493,9.483008,-4.3291993,-2.3996134,7.064841,0.17316797,2.3253984,1.5172813,0.0,-0.074214846,0.14842969,0.44528908,0.9986793,-0.00046107697,0.014672531,0.04923688,-0.0149137005,0.0010652643,0.031957928,-0.110133275,0.39624038,9.929952,0.0005241489,0.029355926,0.09853192,30.190269470214844,3.1447219848632812,-0.26599094,0.018258419,0.09345531,0.11140031,-0.025443234,0.06640705,0.8543659,-0.0075362045,-0.11236583,0.10333051,0.21599017,0.06961051,0.15412587,0.36165035,0.3322701,-0.0083264,-0.0063608084,0.68660176,-1.0864085,-0.066497736,0.6745646,-1.2766361,0.038531467,0.7604126,-1.2169324,-0.028091457,0.69583267,-1.2460024,0.0,0.0,0.0,0.0,0.0,0.0,0.0,0.0,0.0,0.0,0.0,0.0,0.0,0.0,0.0,0.0,-0.07536204,1.1140032,-0.083264,0.69610506,50.0,50.0,50.0,50.0,50.0,50.0,50.0,50.0,50.0,50.0,50.0,50.0,0.0,0.0,0.0,0.0,1.0,1.0,1.0,1.0,1.0,1.0,1.0,1.0,1.0,1.0,1.0,1.0,0.5,0.5,0.5,0.5
1788529339.0295873,284,4.963540000971989,1.9389819990465185,4.807054998309468,0.115588,4.927379,10910326,0,0,0.0,0.0,0.0,-0.024199128,0.69348466,-1.2127438,-0.109143056,0.7526008,-1.3870637,0.10214387,0.7542245,-1.3403202,-0.04422289,0.7160444,-1.3231174,-18.894995,-12.372337,-6.859768,6.70175,0.038755238,0.06200838,0.036396224,0.15889648,-0.0077510476,-0.022242136,-0.05038181,-0.081386,0.161761,-0.038755238,0.06200838,-0.20624527,0.25190905,0.31391743,0.21702933,0.046506286,1.4842969,-1.8801094,3.650958,2.44909,-3.4880977,8.4398775,-4.230246,-1.6327267,7.776067,0.24738282,0.791625,2.323337,-0.024738282,-0.049476564,-0.049476564,0.32159767,0.9987085,-0.00075967656,0.014646279,0.048644565,-0.051132686,0.019174758,-0.13954963,-0.49559975,0.6967127,9.362526,-9.2507e-05,0.029332839,0.097336665,30.199121475219727,2.8029043674468994,-0.2724844,-0.0023169033,-0.041223418,0.14378798,-0.061896753,0.044588953,1.0679361,0.002073232,-0.06849009,-0.009126948,0.4149388,0.05523647,0.16820896,0.4757722,0.12108655,-0.032745056,-0.015474188,0.6811473,-1.033016,-0.0681211,0.6694208,-1.3103058,0.04205224,0.78894305,-1.2697283,-0.017122522,0.6677183,-1.1962652,0.0,0.0,0.0,0.0,0.0,0.0,0.0,0.0,0.0,0.0,0.0,0.0,0.0,0.0,0.0,0.0,0.02073232,1.4378798,-0.32745057,0.5523647,50.0,50.0,50.0,50.0,50.0,50.0,50.0,50.0,50.0,50.0,50.0,50.0,0.0,0.0,0.0,0.0,1.0,1.0,1.0,1.0,1.0,1.0,1.0,1.0,1.0,1.0,1.0,1.0,0.5,0.5,0.5,0.5
1788529339.0567636,285,13.068121999822324,2.100780000546365,12.889075998828048,1.261774,14.156066,10910344,0,0,0.0,0.0,0.0,-0.022957802,0.6947564,-1.2116538,-0.10741723,0.7528733,-1.3872216,0.10202275,0.7541639,-1.3396567,-0.04428345,0.7170436,-1.3226119,-18.895056,-12.36392,-6.855287,6.701901,0.18214962,-0.04263076,-0.036396224,0.162772,0.04263076,0.012132075,-0.065883905,-0.08913705,0.076836474,-0.05813286,0.12789229,0.022242136,-0.019377619,0.5929552,0.18990067,0.11626572,1.2121758,-1.2121758,3.8406184,2.3501368,-3.6365275,8.060556,-3.8096955,-1.4842969,7.776067,0.37107423,0.56898046,2.1336768,-0.024738282,-0.14842969,-0.049476564,0.24738282,0.9988026,-0.0010844616,0.014747007,0.046634886,-0.04154531,0.031957928,-0.2652508,-0.58777654,0.39624038,9.196129,-0.000791222,0.029564152,0.09330213,30.207975387573242,2.7687225341796875,-0.27901793,0.05335026,-0.14929956,0.17227194,-0.091424935,-0.017987035,1.2708471,0.056507006,-0.033773214,-0.096113496,0.5355192,0.055570442,0.17063627,0.54377997,-0.054496482,-0.05026975,-0.022856234,0.66550326,-0.9822882,-0.06975448,0.68333757,-1.3373249,0.042659067,0.80594504,-1.313624,-0.008443303,0.64597166,-1.1661202,0.0,0.0,0.0,0.0,0.0,0.0,0.0,0.0,0.0,0.0,0.0,0.0,0.0,0.0,0.0,0.0,0.56507003,1.7227194,-0.50269747,0.5557044,50.0,50.0,50.0,50.0,50.0,50.0,50.0,50.0,50.0,50.0,50.0,50.0,0.0,0.0,0.0,0.0,1.0,1.0,1.0,1.0,1.0,1.0,1.0,1.0,1.0,1.0,1.0,1.0,0.5,0.5,0.5,0.5
1788529339.072189,286,6.117758000982576,2.0792760005861055,4.896434000329464,0.095267,4.996693,10910368,0,0,0.0,0.0,0.0,-0.02123189,0.6962702,-1.2083049,-0.10469226,0.75299436,-1.3878851,0.10111444,0.7578578,-1.3390249,-0.044374287,0.7120781,-1.3202423,-18.895872,-12.345118,-6.8513813,6.7052317,0.05813286,-0.10463915,0.25275156,0.23253144,0.05038181,-0.056616347,-0.10851467,0.28291324,-0.09907861,0.038755238,-0.19377619,0.24870755,-0.096888095,1.0541425,-0.09301257,0.13951886,0.32159767,-0.5442422,8.771783,1.6822032,-4.1560316,4.2673535,-3.0428088,1.1626992,3.8880334,1.3606055,-2.0285392,6.2113705,0.074214846,0.024738282,-0.074214846,0.22264454,0.99895537,-0.0016299901,0.014746457,0.04322069,-0.06924218,0.019174758,-0.25459817,-0.33997664,0.10175357,10.02572,-0.0019827408,0.02960733,0.08644848,30.199121475219727,2.8029043674468994,-0.2795652,0.09167628,-0.12911029,0.14420918,-0.0935387,-0.05447834,1.3123822,0.12490266,-0.005762616,-0.116476744,0.6425917,0.052224483,0.16712472,0.5713763,-0.17747872,-0.048354834,-0.023384675,0.6563804,-0.9719044,-0.0698913,0.6929191,-1.3322775,0.04178118,0.8128441,-1.3443696,-0.001440654,0.6408808,-1.1393521,0.0,0.0,0.0,0.0,0.0,0.0,0.0,0.0,0.0,0.0,0.0,0.0,0.0,0.0,0.0,0.0,1.2490265,1.4420917,-0.48354834,0.5222448,50.0,50.0,50.0,50.0,50.0,50.0,50.0,50.0,50.0,50.0,50.0,50.0,0.0,0.0,0.0,0.0,1.0,1.0,1.0,1.0,1.0,1.0,1.0,1.0,1.0,1.0,1.0,1.0,0.5,0.5,0.5,0.5
1788529339.0909348,287,6.3339580010506324,2.007305000006454,6.154880000394769,0.171558,6.331206,10910382,0,0,0.0,0.0,0.0,-0.021655798,0.69515,-1.2033762,-0.10411698,0.7517227,-1.3892436,0.10084194,0.7634591,-1.3411733,-0.044041216,0.70895946,-1.3140973,-18.896236,-12.329494,-6.8522897,6.707684,0.054257333,-0.03100419,0.26488364,0.08526152,-0.065883905,-0.018198112,-0.15889648,0.0,0.042462263,-0.05813286,-0.17052305,0.18198112,-0.034879714,1.5812138,-0.07363495,0.41080552,0.24738282,-0.59371877,8.771783,1.7811563,-4.230246,4.1251087,-2.8696408,1.2863907,3.461298,1.5090352,-2.0285392,6.069125,0.0,-0.074214846,-0.074214846,0.0,0.99901813,-0.0015798273,0.014780509,0.041738108,0.043675836,0.012783172,-0.1523328,-0.8295909,-1.2330139,10.220847,-0.0019235784,0.029668225,0.08348118,30.199121475219727,2.8029043674468994,-0.28922668,0.15873438,-0.0664684,0.10155281,-0.06950082,-0.11081317,1.2528745,0.17532697,-0.020061601,-0.039853763,0.57413167,0.075301886,0.16549873,0.49263036,-0.14250794,-0.014012305,-0.017375205,0.64229673,-0.98678136,-0.07230667,0.7096836,-1.316617,0.041374683,0.7931576,-1.335627,-0.0050154002,0.66003656,-1.1564671,0.0,0.0,0.0,0.0,0.0,0.0,0.0,0.0,0.0,0.0,0.0,0.0,0.0,0.0,0.0,0.0,1.7532697,1.0155281,-0.14012305,0.75301886,50.0,50.0,50.0,50.0,50.0,50.0,50.0,50.0,50.0,50.0,50.0,50.0,0.0,0.0,0.0,0.0,1.0,1.0,1.0,1.0,1.0,1.0,1.0,1.0,1.0,1.0,1.0,1.0,0.5,0.5,0.5,0.5
1788529339.1161594,288,9.643326000514207,2.0674669995059958,9.464790999118122,1.14913,10.619457,10910400,0,0,0.0,0.0,0.0,-0.022503614,0.6936058,-1.1996481,-0.10432892,0.74818027,-1.3896701,0.10032721,0.76636577,-1.3422316,-0.043980658,0.7052959,-1.3109221,-18.896448,-12.301064,-6.855862,6.7184324,-0.13176781,-0.06200838,0.57627356,0.027128667,-0.19765173,-0.070770435,0.065883905,0.25190905,-0.22848742,-0.0077510476,-0.25578457,0.33161002,-0.11626572,1.9067578,-0.3100419,0.67434114,0.074214846,-1.4100821,10.620969,1.7811563,-3.1665,2.8449025,-3.0428088,1.8801094,1.7069415,1.8801094,-2.8449025,7.112256,0.2721211,-0.12369141,-0.049476564,-0.074214846,0.9990397,-0.0014420723,0.014858983,0.041191764,0.003195793,0.0021305287,0.01704423,-0.7553706,-0.50996494,9.387665,-0.001657977,0.029812649,0.082391314,30.190269470214844,3.1447219848632812,-0.30247268,0.18619895,0.037072435,0.026065744,-0.054943625,-0.0982002,1.1057132,0.22469386,-0.038816273,0.05330368,0.46219987,0.10161942,0.17421702,0.4104781,-0.04659874,0.033665746,-0.013735906,0.64545,-1.0235716,-0.07561817,0.71654975,-1.2907318,0.043554254,0.77261955,-1.3116497,-0.009704068,0.68332595,-1.18445,0.0,0.0,0.0,0.0,0.0,0.0,0.0,0.0,0.0,0.0,0.0,0.0,0.0,0.0,0.0,0.0,2.2469387,0.26065743,0.33665746,1.0161942,50.0,50.0,50.0,50.0,50.0,50.0,50.0,50.0,50.0,50.0,50.0,50.0,0.0,0.0,0.0,0.0,1.0,1.0,1.0,1.0,1.0,1.0,1.0,1.0,1.0,1.0,1.0,1.0,0.5,0.5,0.5,0.5
1788529339.1311429,289,6.260834999920917,1.8998769992322195,6.09346899909724,2.390327,8.489044,10910414,0,0,0.0,0.0,0.0,-0.024592757,0.69094133,-1.192034,-0.10541891,0.74533415,-1.3900492,0.1010236,0.7703018,-1.3445696,-0.042557657,0.70078456,-1.304003,-18.896357,-12.280657,-6.858466,6.726244,-0.14339438,-0.22090487,0.7036603,-0.04263076,-0.2596601,0.02426415,0.10076362,0.3100419,-0.3073459,0.28678876,-0.4379342,0.58840567,0.11239019,1.7284837,-0.24803352,0.7673537,0.22264454,-1.6079884,10.810629,1.9790626,-2.44909,3.0819776,-3.1665,1.9295859,0.14224511,1.9295859,-2.7459493,8.202802,0.51950395,-0.074214846,-0.12369141,-0.12369141,0.99900496,-0.0013016568,0.014730148,0.042077743,0.010652643,-0.060720067,0.21624866,-0.51116204,-0.39863458,9.509769,-0.0013616951,0.029544823,0.08416943,30.181415557861328,3.3498125076293945,-0.31014583,0.23845515,0.14542672,-0.047912143,-0.013058085,-0.07758734,0.88965577,0.24702427,-0.070617564,0.16013648,0.33554882,0.1419306,0.16505155,0.29221755,0.15827546,0.090669766,-0.0032645212,0.6506032,-1.077586,-0.07753646,0.7296138,-1.2636433,0.041262887,0.7430544,-1.260431,-0.017654391,0.71003413,-1.2161127,0.0,0.0,0.0,0.0,0.0,0.0,0.0,0.0,0.0,0.0,0.0,0.0,0.0,0.0,0.0,0.0,2.4702427,-0.47912145,0.90669763,1.4193059,50.0,50.0,50.0,50.0,50.0,50.0,50.0,50.0,50.0,50.0,50.0,50.0,0.0,0.0,0.0,0.0,1.0,1.0,1.0,1.0,1.0,1.0,1.0,1.0,1.0,1.0,1.0,1.0,0.5,0.5,0.5,0.5
1788529339.1627457,290,17.78090100015106,2.0277849998819875,17.59884700004477,0.158341,17.762948,10910434,0,0,0.0,0.0,0.0,-0.027650714,0.6891247,-1.1815448,-0.10962749,0.7410953,-1.3893385,0.103354976,0.7761757,-1.348977,-0.040407896,0.69681823,-1.3005435,-18.89336,-12.254406,-6.8622813,6.740293,-0.10851467,0.023253143,0.42866665,-0.29841533,-0.054257333,0.095034584,0.16664752,0.12789229,-0.056616347,0.038755238,0.05038181,-0.042462263,0.2286559,1.4029397,-0.10463915,0.9301258,0.64319533,-2.4243517,9.577838,2.1522305,-1.6079884,3.650958,-3.3891447,0.74214846,0.66381055,1.7811563,-2.0038009,7.491576,0.7668867,-0.22264454,0.0,-0.12369141,0.99885845,-0.00078101014,0.014043087,0.045652304,0.0447411,-0.12783171,0.47723842,-0.5434838,-0.21547815,9.498995,-0.00027814857,0.02812913,0.091341496,30.207975387573242,2.7687225341796875,-0.2418931,0.31920338,0.32311815,-0.14261788,0.06482378,-0.11647028,0.55148864,0.22871298,-0.15098804,0.38006815,0.18406743,0.16575518,0.09634589,0.08576319,0.3980432,0.13256904,0.016205944,0.64088243,-1.1621277,-0.060473274,0.74980086,-1.2192204,0.024086472,0.6914408,-1.2004892,-0.03774701,0.76501703,-1.2539831,0.0,0.0,0.0,0.0,0.0,0.0,0.0,0.0,0.0,0.0,0.0,0.0,0.0,0.0,0.0,0.0,2.2871299,-1.4261788,1.3256905,1.6575518,50.0,50.0,50.0,50.0,50.0,50.0,50.0,50.0,50.0,50.0,50.0,50.0,0.0,0.0,0.0,0.0,1.0,1.0,1.0,1.0,1.0,1.0,1.0,1.0,1.0,1.0,1.0,1.0,0.5,0.5,0.5,0.5
1788529339.1789212,291,11.88667099995655,1.9968720007454976,10.679076000087662,2.377942,13.062106,10910454,0,0,0.0,0.0,0.0,-0.030436277,0.6886705,-1.1701077,-0.11365441,0.7367656,-1.388438,0.10822965,0.7820798,-1.3489295,-0.036320448,0.69333625,-1.3005751,-18.88567,-12.233605,-6.8625236,6.752737,-0.13176781,-0.081386,0.70770437,-0.27128667,-0.13176781,0.046506286,0.40693003,0.08526152,0.08492453,0.2906643,-0.05813286,-0.10514465,0.60070616,0.92237467,0.13176781,0.6975943,0.89057815,-2.1274922,7.017426,2.1522305,-1.0390079,5.0259943,-3.7602189,-0.2721211,1.8017715,1.1132227,-0.59371877,6.2587852,0.791625,-0.17316797,0.049476564,0.12369141,0.99860716,-0.0010558361,0.013037973,0.05111361,-0.121440135,-0.120374866,0.6072007,-0.4261679,0.2741361,8.583213,-0.0007761607,0.026150541,0.102270395,30.207975387573242,2.4952683448791504,-0.2014632,0.2832613,0.4290647,-0.17234696,0.08874783,-0.049202003,0.37290323,0.20712656,-0.17620817,0.44552886,0.09799792,0.167242,0.06426264,0.022462111,0.59291464,0.13316877,0.022186957,0.6576995,-1.2067741,-0.0503658,0.74081534,-1.1927338,0.01606566,0.67561555,-1.1517713,-0.044052042,0.7813822,-1.2755004,0.0,0.0,0.0,0.0,0.0,0.0,0.0,0.0,0.0,0.0,0.0,0.0,0.0,0.0,0.0,0.0,2.0712657,-1.7234696,1.3316877,1.67242,50.0,50.0,50.0,50.0,50.0,50.0,50.0,50.0,50.0,50.0,50.0,50.0,0.0,0.0,0.0,0.0,1.0,1.0,1.0,1.0,1.0,1.0,1.0,1.0,1.0,1.0,1.0,1.0,0.5,0.5,0.5,0.5
1788529339.197836,292,8.927619999667513,2.0234650000929832,5.305055999997421,1.129289,6.439626,10910476,0,0,0.0,0.0,0.0,-0.032040954,0.68818617,-1.1655266,-0.11695466,0.7357059,-1.3860685,0.11510265,0.7813834,-1.3477921,-0.030507147,0.6953346,-1.3019495,-18.865898,-12.225037,-6.8577394,6.7657866,-0.023253143,-0.046506286,-0.0808805,-0.12401676,0.08526152,0.088968545,0.20540276,0.011626571,0.28308174,0.19377619,0.58520406,-0.161761,1.3215537,0.023253143,0.37980133,0.7130964,1.4842969,-1.8306329,4.599259,2.1522305,-0.4205508,6.3062005,-4.0076017,-1.9790626,4.1251087,0.47002736,0.22264454,4.646674,0.56898046,-0.24738282,0.17316797,0.32159767,0.99824446,-0.0020615007,0.012136632,0.05793597,-0.1043959,-0.02237055,0.61359227,-0.25258827,-0.11971009,8.900445,-0.0027102826,0.024471963,0.11591251,30.216827392578125,2.392723321914673,-0.16894132,0.11948675,0.58289635,-0.1574872,0.12904316,-0.048141897,0.30247113,0.13913229,-0.1729365,0.47170332,-0.012990046,0.18369028,0.01905481,0.008265,0.6590171,0.12395397,0.03226079,0.6579645,-1.2243822,-0.04223533,0.6998717,-1.1542759,0.0047637024,0.6720663,-1.1352457,-0.043234125,0.78792584,-1.3032475,0.0,0.0,0.0,0.0,0.0,0.0,0.0,0.0,0.0,0.0,0.0,0.0,0.0,0.0,0.0,0.0,1.3913229,-1.574872,1.2395396,1.8369029,50.0,50.0,50.0,50.0,50.0,50.0,50.0,50.0,50.0,50.0,50.0,50.0,0.0,0.0,0.0,0.0,1.0,1.0,1.0,1.0,1.0,1.0,1.0,1.0,1.0,1.0,1.0,1.0,0.5,0.5,0.5,0.5
1788529339.2187817,293,10.217458999250084,2.0118169995839708,8.829761000015424,2.57891,11.415263,10910488,0,0,0.0,0.0,0.0,-0.033524632,0.68733835,-1.1656373,-0.119013526,0.7354031,-1.3860369,0.11797902,0.7816862,-1.3463546,-0.027903318,0.69636405,-1.3024075,-18.848427,-12.2264595,-6.8491406,6.771933,-0.15114543,-0.06975943,0.03437421,-0.13176781,-0.0038755238,-0.014154087,0.065883905,-0.077510476,-0.0040440247,0.08526152,-0.26353562,-0.036396224,1.449446,-0.18990067,0.8758684,0.48831603,1.6079884,-1.8306329,4.409599,2.3253984,-0.34633595,6.4958606,-4.0818167,-2.0038009,4.409599,0.4205508,0.89057815,4.599259,0.47002736,-0.14842969,0.024738282,0.4205508,0.99804246,-0.0023566403,0.012219757,0.06128921,-0.003195793,0.029827401,0.5134574,-0.19033903,-0.1340753,9.498995,-0.0032071583,0.024683053,0.122625224,30.225683212280273,2.358541488647461,-0.18869114,0.019377835,0.4887623,-0.06237636,0.08259299,0.036552086,0.4101316,0.050120078,-0.15739551,0.40312576,0.04640284,0.15471005,0.040939093,0.0986256,0.7014917,0.09295376,0.020648247,0.67913806,-1.1974671,-0.047172785,0.6748445,-1.1778094,0.010234773,0.69465643,-1.124627,-0.039348878,0.77078146,-1.2883992,0.0,0.0,0.0,0.0,0.0,0.0,0.0,0.0,0.0,0.0,0.0,0.0,0.0,0.0,0.0,0.0,0.5012008,-0.6237636,0.92953753,1.5471005,50.0,50.0,50.0,50.0,50.0,50.0,50.0,50.0,50.0,50.0,50.0,50.0,0.0,0.0,0.0,0.0,1.0,1.0,1.0,1.0,1.0,1.0,1.0,1.0,1.0,1.0,1.0,1.0,0.5,0.5,0.5,0.5
1788529339.2330198,294,5.249725998510257,1.9402309990255162,5.0675120000960305,1.26171,6.334886,10910502,0,0,0.0,0.0,0.0,-0.035644054,0.68591535,-1.1662059,-0.12140546,0.73522145,-1.3863844,0.11925067,0.77887034,-1.345786,-0.026480258,0.69466853,-1.3026445,-18.828838,-12.229366,-6.8378167,6.777383,0.05813286,-0.22090487,-0.485283,0.07363495,0.15889648,0.13749684,-0.065883905,-0.887495,0.32149997,-0.22478038,0.60070616,-0.23859747,1.6005913,-0.40305448,0.96888095,0.53094673,2.5975196,-2.0780158,0.99571586,3.0675468,0.32159767,8.487292,-4.725012,-3.5623126,7.064841,-0.24738282,3.0428088,2.8923175,0.32159767,-0.44528908,0.12369141,0.47002736,0.99783355,-0.0022664096,0.012626769,0.06452736,0.033023193,0.07350324,0.4175836,-0.3878607,0.32920274,9.333796,-0.0028943988,0.02549408,0.1291182,30.181415557861328,3.4181759357452393,-0.15513909,-0.011349296,0.49916872,0.0437999,0.104615934,-0.045276448,0.5039552,-0.014033485,-0.19083485,0.39660722,0.04213897,0.14836545,0.008913442,0.09555527,0.66306514,0.039351948,0.026153984,0.6586809,-1.1740111,-0.038784772,0.6671627,-1.1752077,0.0022283604,0.69388884,-1.1342337,-0.047708713,0.7691518,-1.2894652,0.0,0.0,0.0,0.0,0.0,0.0,0.0,0.0,0.0,0.0,0.0,0.0,0.0,0.0,0.0,0.0,-0.14033484,0.437999,0.39351946,1.4836545,50.0,50.0,50.0,50.0,50.0,50.0,50.0,50.0,50.0,50.0,50.0,50.0,0.0,0.0,0.0,0.0,1.0,1.0,1.0,1.0,1.0,1.0,1.0,1.0,1.0,1.0,1.0,1.0,0.5,0.5,0.5,0.5
1788529339.2540212,295,5.265472000246518,1.9979919998149853,5.08117700155708,0.141669,5.228254,10910518,0,0,0.0,0.0,0.0,-0.034130096,0.6846739,-1.1759052,-0.12067879,0.7384006,-1.3859262,0.11922039,0.77127075,-1.3399885,-0.031052172,0.69636405,-1.3077785,-18.807371,-12.238177,-6.82071,6.781107,0.2092783,0.1472699,-0.6733302,0.2751622,-0.023253143,0.06268239,-0.07363495,-0.724723,0.56009746,-0.19765173,0.34879714,-0.31745595,1.6393466,-0.80223346,1.4378194,0.027128667,2.6717343,-1.4842969,-0.66381055,3.339668,0.22264454,10.004574,-5.2197776,-4.2797227,8.961443,-0.47002736,4.0076017,2.1336768,0.24738282,-0.44528908,-0.049476564,0.74214846,0.99769574,-0.002825024,0.013027437,0.06652483,-0.05006742,0.079894826,0.12783171,0.05865794,0.50996494,9.458294,-0.0039051007,0.026373763,0.13310835,30.163707733154297,4.033447742462158,-0.19164233,-0.060021058,0.26400855,0.120973624,0.022616632,0.037624985,0.7370564,-0.06109048,-0.15074527,0.20037659,0.2518954,0.091846615,0.08183542,0.24718133,0.52408826,0.040666215,0.005654158,0.6794063,-1.1157359,-0.047910582,0.6549947,-1.2339978,0.020458855,0.7317954,-1.1689779,-0.03768632,0.72009414,-1.2370261,0.0,0.0,0.0,0.0,0.0,0.0,0.0,0.0,0.0,0.0,0.0,0.0,0.0,0.0,0.0,0.0,-0.6109048,1.2097362,0.40666217,0.91846615,50.0,50.0,50.0,50.0,50.0,50.0,50.0,50.0,50.0,50.0,50.0,50.0,0.0,0.0,0.0,0.0,1.0,1.0,1.0,1.0,1.0,1.0,1.0,1.0,1.0,1.0,1.0,1.0,0.5,0.5,0.5,0.5
1788529339.2753797,296,7.36212299852923,2.062571000351454,7.159299000704777,1.304335,8.469716,10910534,0,0,0.0,0.0,0.0,-0.03219235,0.6832509,-1.1897593,-0.118619926,0.73903644,-1.3856735,0.11797902,0.7623389,-1.3338592,-0.032233,0.69881654,-1.3120437,-18.778547,-12.252771,-6.799092,6.780411,0.30616638,-0.18990067,-0.968544,0.31779295,0.20540276,0.095034584,-0.015502095,-0.65883905,0.31745595,-0.046506286,0.24803352,-0.24870755,1.6936039,-0.9611299,1.7013549,0.05813286,3.0180705,-1.0884844,-0.66381055,3.6365275,-0.049476564,11.85376,-5.1950393,-3.958125,9.957158,-0.4205508,4.304461,0.90088576,-0.049476564,-0.2721211,-0.22264454,0.86583984,0.9977223,-0.0034621947,0.013662901,0.06596605,-0.079894826,0.1043959,-0.22264025,0.029927522,-0.034715924,9.637859,-0.0051080277,0.02772389,0.1319703,30.154855728149414,4.477810382843018,-0.2525293,-0.1438663,0.0040050885,0.1716955,-0.055101402,0.14287978,1.0827975,-0.035390038,-0.069683015,-0.091677144,0.46106914,0.014928918,0.16533417,0.5075197,0.2706847,-0.023977436,-0.0137753505,0.70571995,-1.0293006,-0.06313232,0.63403344,-1.2989987,0.04133354,0.79687995,-1.2323288,-0.017420754,0.6470807,-1.1847327,0.0,0.0,0.0,0.0,0.0,0.0,0.0,0.0,0.0,0.0,0.0,0.0,0.0,0.0,0.0,0.0,-0.35390037,1.716955,-0.23977436,0.14928919,50.0,50.0,50.0,50.0,50.0,50.0,50.0,50.0,50.0,50.0,50.0,50.0,0.0,0.0,0.0,0.0,1.0,1.0,1.0,1.0,1.0,1.0,1.0,1.0,1.0,1.0,1.0,1.0,0.5,0.5,0.5,0.5
1788529339.292893,297,5.532680999749573,2.090283000143245,5.335169000318274,0.140485,5.481703,10910550,0,0,0.0,0.0,0.0,-0.028347135,0.6795268,-1.2056352,-0.11435079,0.7378859,-1.3841412,0.11461821,0.7531042,-1.3304155,-0.03447354,0.703782,-1.3187417,-18.756565,-12.268243,-6.7765956,6.7808647,0.3410461,-0.29841533,-1.0635785,0.37980133,0.15114543,0.060660373,-0.162772,-0.65883905,0.22848742,-0.21702933,0.43405867,-0.4407987,1.1626571,-0.82161105,1.449446,0.07363495,2.7459493,-0.791625,-0.04741504,3.2901914,-2.2017071,11.94859,-5.4176836,-3.4386213,10.004574,-0.22264454,3.9086485,1.2327911,0.0,-0.37107423,-0.074214846,0.7668867,0.99792105,-0.004023153,0.014343407,0.06270491,-0.11717907,0.08415588,-0.5624595,-0.4249708,0.58298814,9.697714,-0.006233459,0.02913584,0.1254153,30.154855728149414,4.272719860076904,-0.30105767,-0.14429417,-0.23168069,0.16390154,-0.1345259,0.20821404,1.4204963,0.02334788,0.009250874,-0.32031578,0.7145673,-0.08572881,0.23287693,0.7360475,-0.031795107,-0.068179816,-0.033631474,0.7220535,-0.94487584,-0.07526442,0.63392645,-1.3579202,0.05821923,0.8540119,-1.3079487,0.0023127184,0.58992106,-1.1213582,0.0,0.0,0.0,0.0,0.0,0.0,0.0,0.0,0.0,0.0,0.0,0.0,0.0,0.0,0.0,0.0,0.23347881,1.6390154,-0.68179816,-0.8572881,50.0,50.0,50.0,50.0,50.0,50.0,50.0,50.0,50.0,50.0,50.0,50.0,0.0,0.0,0.0,0.0,1.0,1.0,1.0,1.0,1.0,1.0,1.0,1.0,1.0,1.0,1.0,1.0,0.5,0.5,0.5,0.5
1788529339.3165722,298,6.86437700096576,2.123725000274135,5.446950000987272,0.112516,5.565162,10910570,0,0,0.0,0.0,0.0,-0.023502707,0.6788001,-1.2142129,-0.10877972,0.7406714,-1.3839042,0.109047145,0.7415987,-1.3263241,-0.03771323,0.71213865,-1.3215219,-18.738096,-12.275025,-6.7518287,6.782409,0.28678876,-0.09301257,0.27701572,0.38367686,0.096888095,0.032352198,-0.44956076,-0.732474,0.2426415,-0.22478038,0.38367686,-0.020220125,0.6045817,0.065883905,0.9533789,0.0077510476,2.2017071,0.074214846,1.4224513,3.1912384,-3.8839102,10.952874,-4.6013203,-1.7069415,9.672668,-0.14842969,2.548043,1.8017715,-0.34633595,0.0,-0.17316797,0.791625,0.9983526,-0.0043599852,0.015030767,0.055201434,0.092677996,0.090547465,-0.8809736,-0.18435353,-0.8559271,9.168595,-0.0070495014,0.030498093,0.110365056,30.172561645507812,3.794175148010254,-0.3534093,-0.18744203,-0.5133784,0.18667847,-0.19271374,0.059848882,1.8214889,0.13666111,0.09716706,-0.5797535,0.73484945,-0.11308162,0.3032756,0.896404,-0.30529156,-0.1575884,-0.048178434,0.6849622,-0.84462774,-0.08835232,0.6231395,-1.4283445,0.0758189,0.894101,-1.3763229,0.024291765,0.5250616,-1.1162876,0.0,0.0,0.0,0.0,0.0,0.0,0.0,0.0,0.0,0.0,0.0,0.0,0.0,0.0,0.0,0.0,1.3666111,1.8667847,-1.5758841,-1.1308162,50.0,50.0,50.0,50.0,50.0,50.0,50.0,50.0,50.0,50.0,50.0,50.0,0.0,0.0,0.0,0.0,1.0,1.0,1.0,1.0,1.0,1.0,1.0,1.0,1.0,1.0,1.0,1.0,0.5,0.5,0.5,0.5
1788529339.3331084,299,4.582086001391872,2.005033000386902,4.378751000331249,5.517,9.901639,10910578,0,0,0.0,0.0,0.0,-0.021383286,0.67559063,-1.2094896,-0.10566115,0.7411256,-1.3833199,0.10417247,0.73614883,-1.3247918,-0.040892363,0.7146214,-1.3219643,-18.735554,-12.271815,-6.744895,6.7818336,0.31779295,-0.6782167,0.6248018,0.30616638,0.13564333,0.12132075,-0.61233276,-0.7169719,0.22242136,-0.5658265,0.37980133,-0.09301257,0.24415801,0.5464489,0.7906069,0.038755238,2.1027539,-0.24738282,1.3276211,3.1170235,-4.0076017,10.810629,-4.6013203,-1.3853438,9.625254,0.24738282,2.3996134,1.8966017,-0.22264454,-0.049476564,-0.17316797,0.6679336,0.9985472,-0.0040682135,0.015364753,0.051487003,0.1043959,0.11185275,-0.9555421,-0.1328782,-0.81881696,8.893262,-0.00654565,0.0311088,0.10293076,30.172561645507812,3.6916301250457764,-0.36217678,-0.086266294,-0.5306953,0.14261499,-0.19460474,-0.009371318,1.9572537,0.24179736,0.13363957,-0.59444475,0.7359171,-0.089075655,0.31049955,0.9348521,-0.4709848,-0.18138272,-0.048651185,0.6676572,-0.8106865,-0.090544194,0.64843345,-1.4326738,0.07762489,0.90371305,-1.4177462,0.033409894,0.5213888,-1.1160207,0.0,0.0,0.0,0.0,0.0,0.0,0.0,0.0,0.0,0.0,0.0,0.0,0.0,0.0,0.0,0.0,2.4179735,1.4261498,-1.8138272,-0.89075655,50.0,50.0,50.0,50.0,50.0,50.0,50.0,50.0,50.0,50.0,50.0,50.0,0.0,0.0,0.0,0.0,1.0,1.0,1.0,1.0,1.0,1.0,1.0,1.0,1.0,1.0,1.0,1.0,0.5,0.5,0.5,0.5
1788529339.3606164,300,11.290169999483624,2.0563940015563276,11.096627000370063,0.150758,11.253337,10910596,0,0,0.0,0.0,0.0,-0.017871141,0.67171514,-1.210785,-0.09939369,0.7412467,-1.3820403,0.09599753,0.72773165,-1.3213797,-0.04797727,0.7183455,-1.3231174,-18.736038,-12.262066,-6.7347217,6.7844677,0.22090487,0.2945398,0.07885849,0.4573118,0.05038181,-0.082902506,-0.32941952,0.15114543,-0.0080880495,-0.3100419,-0.3565482,0.18602514,-0.17052305,0.86811733,0.47668946,-0.011626571,0.9400547,0.24738282,4.694089,2.1522305,-4.527106,7.6812367,-3.587051,0.12369141,7.870897,0.89057815,0.44528908,4.409599,-0.22264454,0.12369141,-0.024738282,0.4205508,0.99898094,-0.0038941177,0.015749218,0.04211949,-0.03728425,0.023435814,-1.0940264,-0.19752164,0.16879122,10.229227,-0.0064569083,0.031799734,0.08417234,30.199121475219727,2.905449628829956,-0.441872,-0.1878208,-0.5440569,0.09157615,-0.20782341,0.078623466,1.9623483,0.37549415,0.23339598,-0.73115456,0.8040435,-0.08661948,0.38582447,1.0370879,-0.6137775,-0.24347106,-0.051955853,0.6896559,-0.80941284,-0.110468,0.6230448,-1.4360142,0.09645612,0.929272,-1.4534444,0.058348995,0.48721138,-1.0989891,0.0,0.0,0.0,0.0,0.0,0.0,0.0,0.0,0.0,0.0,0.0,0.0,0.0,0.0,0.0,0.0,3.7549415,0.91576153,-2.4347105,-0.86619484,50.0,50.0,50.0,50.0,50.0,50.0,50.0,50.0,50.0,50.0,50.0,50.0,0.0,0.0,0.0,0.0,1.0,1.0,1.0,1.0,1.0,1.0,1.0,1.0,1.0,1.0,1.0,1.0,0.5,0.5,0.5,0.5
1788529339.3987043,301,8.105831000648323,2.3743259989714716,6.331558000965742,1.497494,7.83638,10910632,0,0,0.0,0.0,0.0,-0.013087273,0.6713518,-1.207752,-0.08761573,0.73830974,-1.3791652,0.0879437,0.7293061,-1.3207161,-0.05454749,0.7142278,-1.3173357,-18.748875,-12.2161045,-6.7334504,6.7888885,-0.12789229,-0.12014124,0.20826729,0.13176781,-0.22090487,0.026286162,-0.1472699,0.51156914,-0.1273868,0.054257333,-0.5541999,0.2790377,-0.67434114,2.2206752,-0.5929552,0.46118733,-0.791625,2.7459493,13.039136,0.47002736,-5.269254,1.4698663,-2.1522305,5.8629727,1.2802061,2.8696408,-5.8629727,9.672668,0.44528908,-0.24738282,0.074214846,-0.51950395,0.99954075,-0.004722401,0.015061505,0.02587135,0.02450108,-0.063915856,-0.62424487,-0.5722142,-1.6950948,9.635465,-0.008665241,0.030358188,0.051623385,30.137149810791016,4.990536689758301,-0.43724,-0.01956098,-0.34814784,-0.0013181195,-0.14005841,0.018147022,1.645325,0.40468147,0.18239816,-0.451917,0.7197022,-0.013240011,0.325244,0.82226,-0.45422417,-0.19585013,-0.035014603,0.67453676,-0.8886687,-0.10931,0.66510975,-1.3870369,0.081311,0.87556505,-1.413556,0.04559954,0.5570208,-1.1200744,0.0,0.0,0.0,0.0,0.0,0.0,0.0,0.0,0.0,0.0,0.0,0.0,0.0,0.0,0.0,0.0,4.046815,-0.013181195,-1.9585013,-0.13240011,50.0,50.0,50.0,50.0,50.0,50.0,50.0,50.0,50.0,50.0,50.0,50.0,0.0,0.0,0.0,0.0,1.0,1.0,1.0,1.0,1.0,1.0,1.0,1.0,1.0,1.0,1.0,1.0,0.5,0.5,0.5,0.5
1788529339.419853,302,7.616659999257536,2.1986720003042137,6.086908999350271,0.127173,6.219842,10910648,0,0,0.0,0.0,0.0,-0.015903115,0.6704738,-1.1990637,-0.087888226,0.733314,-1.3805711,0.08830704,0.7373296,-1.3304945,-0.054698884,0.7072942,-1.306025,-18.76138,-12.183981,-6.74765,6.7963066,-0.03100419,-0.11626572,0.42462263,-0.023253143,-0.38367686,0.12940879,-0.10851467,0.52319574,-0.37407228,-0.10076362,-0.27128667,0.54392135,-1.0463915,2.4144514,-1.1161509,0.4999426,-0.86583984,2.7706876,12.849476,0.64319533,-4.8487034,1.0431309,-1.4100821,5.6403284,1.2802061,3.1170235,-5.8382344,9.198518,0.56898046,-0.44528908,0.22264454,-0.56898046,0.99962693,-0.00397004,0.014412197,0.02285908,0.22264025,-0.0745685,-0.14168015,-0.04189853,-3.527856,9.989806,-0.0072813444,0.028999208,0.04562167,30.137149810791016,4.887991428375244,-0.41046476,0.18630485,-0.13076414,-0.15129825,-0.06511691,-0.11999437,1.2842002,0.36610278,0.07669881,-0.08248338,0.41851118,0.068406805,0.26269773,0.47518155,-0.18839298,-0.046543784,-0.016279228,0.6400014,-0.9789499,-0.10261619,0.7165762,-1.332691,0.06567443,0.7887954,-1.3470982,0.019174702,0.6493792,-1.1953721,0.0,0.0,0.0,0.0,0.0,0.0,0.0,0.0,0.0,0.0,0.0,0.0,0.0,0.0,0.0,0.0,3.661028,-1.5129826,-0.46543783,0.6840681,50.0,50.0,50.0,50.0,50.0,50.0,50.0,50.0,50.0,50.0,50.0,50.0,0.0,0.0,0.0,0.0,1.0,1.0,1.0,1.0,1.0,1.0,1.0,1.0,1.0,1.0,1.0,1.0,0.5,0.5,0.5,0.5
1788529339.449982,303,6.899418000102742,2.442328001052374,6.619759999011876,2.283699,8.912259,10910668,0,0,0.0,0.0,0.0,-0.022049427,0.66814244,-1.1834878,-0.09282347,0.7216269,-1.3871901,0.09357533,0.7536795,-1.3427372,-0.053154767,0.6964549,-1.2983161,-18.775095,-12.138625,-6.7706614,6.806298,-0.3759258,-0.3100419,1.2657799,-0.31391743,-0.8254866,-1.0959308,0.34879714,1.0386404,-1.1768113,0.2906643,-0.59683067,0.487305,-0.5386978,2.6159785,-1.3641844,0.7130964,-1.0390079,1.2121758,16.26336,0.44528908,-4.304461,-0.99571586,-1.311129,6.2835236,-0.7112256,3.7849572,-8.336801,8.961443,0.86583984,-0.44528908,-0.024738282,-0.8411016,0.99959517,-0.00247395,0.013761829,0.024783853,0.1310275,-0.07350324,0.5368932,-1.1899183,-3.228581,10.07121,-0.004265395,0.02763866,0.049518686,30.066320419311523,6.733806610107422,-0.33409613,0.5405,0.22788984,-0.2732144,0.025912726,-0.14213145,0.71979177,0.33635825,-0.08167569,0.3817898,0.14555159,0.12519278,0.1689671,0.11218051,0.22435643,0.15590355,0.0064781816,0.6344671,-1.120052,-0.08352403,0.805125,-1.2430274,0.042241774,0.69804513,-1.2439108,-0.020418923,0.7654475,-1.263612,0.0,0.0,0.0,0.0,0.0,0.0,0.0,0.0,0.0,0.0,0.0,0.0,0.0,0.0,0.0,0.0,3.3635826,-2.7321439,1.5590355,1.2519277,50.0,50.0,50.0,50.0,50.0,50.0,50.0,50.0,50.0,50.0,50.0,50.0,0.0,0.0,0.0,0.0,1.0,1.0,1.0,1.0,1.0,1.0,1.0,1.0,1.0,1.0,1.0,1.0,0.5,0.5,0.5,0.5
1788529339.4586446,304,5.355170998882386,2.025609999691369,5.155483000635286,1.825026,6.986397,10910676,0,0,0.0,0.0,0.0,-0.025258899,0.6649027,-1.1732514,-0.09576039,0.71735775,-1.3961943,0.09817751,0.76409495,-1.3525945,-0.049884737,0.69106543,-1.2939404,-18.776003,-12.119792,-6.7811675,6.810688,-0.40305448,-0.24028248,1.5751477,-0.39530346,-0.5386978,-1.3911445,0.8293621,1.5424585,-1.7692609,0.4224321,-0.63946146,0.67535216,0.06200838,2.4067004,-1.6160935,0.5580754,-0.8411016,0.44528908,17.164244,0.6679336,-3.1417618,-0.52156544,-1.9295859,5.7145433,-1.8017715,3.9086485,-8.138895,8.629538,1.1626992,-0.59371877,-0.024738282,-0.791625,0.9995275,-0.0021842227,0.01338699,0.027582366,0.045806367,-0.12676646,0.82025355,-0.92895025,0.035913024,10.235212,-0.003629211,0.02688506,0.05512802,30.05746841430664,6.904715538024902,-0.27489504,0.5449531,0.4189991,-0.3917546,0.047637627,-0.013168212,0.39011568,0.2701209,-0.14000021,0.5251819,-0.057768747,0.14275783,0.13600801,0.058041453,0.5943015,0.20913039,0.011909407,0.666708,-1.202471,-0.06872376,0.8062383,-1.1952502,0.034002002,0.68451035,-1.1514245,-0.035000052,0.8012955,-1.3144422,0.0,0.0,0.0,0.0,0.0,0.0,0.0,0.0,0.0,0.0,0.0,0.0,0.0,0.0,0.0,0.0,2.7012088,-3.917546,2.0913038,1.4275783,50.0,50.0,50.0,50.0,50.0,50.0,50.0,50.0,50.0,50.0,50.0,50.0,0.0,0.0,0.0,0.0,1.0,1.0,1.0,1.0,1.0,1.0,1.0,1.0,1.0,1.0,1.0,1.0,0.5,0.5,0.5,0.5
1788529339.4901643,305,15.867680000155815,2.1211650000623195,14.462188999459613,1.315472,15.785501,10910692,0,0,0.0,0.0,0.0,-0.031223536,0.6629952,-1.1536947,-0.101725064,0.7066092,-1.4108539,0.11455765,0.7939183,-1.3738256,-0.041649282,0.6808014,-1.2846044,-18.773098,-12.082703,-6.802392,6.8214064,-0.51156914,0.011626571,1.4012547,-0.63946146,-0.577453,-0.4731509,1.2362921,2.1625423,-0.7804968,0.64333695,-0.6975943,0.5257232,0.33329505,1.9920192,-1.3525578,0.9533789,-0.51950395,0.22264454,16.453018,1.1874375,-2.4243517,-0.85347074,-3.240715,3.4880977,-1.9914317,3.2654533,-7.545176,8.250217,1.0390079,-0.37107423,-0.14842969,-0.9400547,0.9992656,-0.0019596466,0.0120320255,0.036328703,0.04900216,-0.241815,1.3337109,-0.6835446,-1.2916719,8.3390045,-0.003043094,0.02419112,0.072642,30.09288215637207,5.981808185577393,-0.166377,0.6575149,0.66407853,-0.42394197,0.14699058,-0.18141827,-0.026021307,0.09209586,-0.26151967,0.7737094,-0.26694176,0.10166767,0.018185193,-0.2428742,0.8842802,0.11993426,0.036747646,0.6246455,-1.3065053,-0.04159425,0.8343787,-1.1339803,0.004546298,0.6092815,-1.0789299,-0.06537992,0.8634274,-1.3667353,0.0,0.0,0.0,0.0,0.0,0.0,0.0,0.0,0.0,0.0,0.0,0.0,0.0,0.0,0.0,0.0,0.9209586,-4.23942,1.1993426,1.0166767,50.0,50.0,50.0,50.0,50.0,50.0,50.0,50.0,50.0,50.0,50.0,50.0,0.0,0.0,0.0,0.0,1.0,1.0,1.0,1.0,1.0,1.0,1.0,1.0,1.0,1.0,1.0,1.0,0.5,0.5,0.5,0.5
1788529339.500315,306,5.512456000360544,2.2070239992899587,5.294111999319284,1.40626,6.706548,10910708,0,0,0.0,0.0,0.0,-0.03906536,0.6639036,-1.1311208,-0.11223137,0.69368064,-1.4113594,0.13617581,0.8258308,-1.3872056,-0.029386878,0.66539013,-1.2744943,-18.767828,-12.062174,-6.8268867,6.83379,-0.6045817,-0.015502095,1.2718458,-0.65883905,-1.0192627,-0.0020220124,1.8292472,2.302061,-0.970566,0.7130964,-1.2324166,0.9463018,0.39530346,1.1161509,-1.7478611,0.887495,-0.14842969,1.3606055,15.3624735,0.6926719,-2.622258,-1.2802061,-3.686004,3.240715,-2.7026572,3.8096955,-8.114157,8.392462,1.6327267,-0.12369141,-0.24738282,-0.9400547,0.99874777,-0.0016011293,0.010512554,0.048886202,0.09693905,-0.2269013,1.7789915,-1.0785879,-1.0342951,9.533711,-0.0021708985,0.021156903,0.09779397,30.084026336669922,6.391988754272461,-0.06267882,0.8049403,0.8125915,-0.38731924,0.21805733,-0.25144345,-0.28068376,-0.01453419,-0.3694137,0.96507096,-0.31247377,0.043990474,-0.04627747,-0.44014978,1.0851982,0.022158641,0.054514334,0.60713917,-1.3701708,-0.015669705,0.8712351,-1.0968521,-0.011569368,0.5599626,-1.0287004,-0.092353426,0.91126776,-1.3781184,0.0,0.0,0.0,0.0,0.0,0.0,0.0,0.0,0.0,0.0,0.0,0.0,0.0,0.0,0.0,0.0,-0.1453419,-3.8731923,0.2215864,0.43990475,50.0,50.0,50.0,50.0,50.0,50.0,50.0,50.0,50.0,50.0,50.0,50.0,0.0,0.0,0.0,0.0,1.0,1.0,1.0,1.0,1.0,1.0,1.0,1.0,1.0,1.0,1.0,1.0,0.5,0.5,0.5,0.5
1788529339.5213957,307,5.533768000532291,2.1145730006537633,5.349826000383473,0.134117,5.489352,10910726,0,0,0.0,0.0,0.0,-0.048088074,0.6650238,-1.1088787,-0.1284904,0.6745453,-1.4109645,0.16163921,0.860983,-1.3976158,-0.016791463,0.641047,-1.2599769,-18.758987,-12.042494,-6.856407,6.8516235,-0.69371873,0.077510476,1.619632,-0.984383,-1.058018,-0.060660373,1.546334,1.805994,-0.77038676,0.64721245,-1.6393466,0.80273896,0.51544464,1.302176,-1.9765172,0.98050755,0.37107423,1.2863907,14.082267,1.9048477,-1.58325,-1.1379609,-4.89818,1.58325,-2.2285068,3.240715,-6.3577385,7.5864067,1.6079884,-0.22264454,-0.14842969,-0.9895313,0.99771065,0.0003282871,0.009736564,0.06692313,0.2237055,-0.091612734,2.176335,-0.39743748,0.092176765,8.6813755,0.0019586424,0.019385822,0.1339717,30.11058807373047,5.332354545593262,0.038345285,0.8721122,1.0464971,-0.29589906,0.30651367,-0.35328206,-0.4950532,-0.14403158,-0.46272674,1.1273363,-0.29288912,-0.005455315,-0.116894044,-0.5962969,1.1118658,-0.022554394,0.07662842,0.5816795,-1.4237633,0.009586321,0.8880281,-1.0383756,-0.029223511,0.52092576,-1.0220335,-0.115681686,0.9518341,-1.3732222,0.0,0.0,0.0,0.0,0.0,0.0,0.0,0.0,0.0,0.0,0.0,0.0,0.0,0.0,0.0,0.0,-1.4403158,-2.9589906,-0.22554395,-0.05455315,50.0,50.0,50.0,50.0,50.0,50.0,50.0,50.0,50.0,50.0,50.0,50.0,0.0,0.0,0.0,0.0,1.0,1.0,1.0,1.0,1.0,1.0,1.0,1.0,1.0,1.0,1.0,1.0,0.5,0.5,0.5,0.5
1788529339.5414393,308,5.609899999399204,2.224976999059436,5.42960499842593,0.125285,5.560298,10910744,0,0,0.0,0.0,0.0,-0.06495273,0.6663258,-1.0863997,-0.14865524,0.6618893,-1.4105537,0.1846804,0.8812084,-1.4014703,-0.0037721395,0.6198527,-1.2485399,-18.747906,-12.024266,-6.887654,6.8648243,-0.740225,0.15889648,0.5499874,-0.92625016,-0.41080552,0.3882264,1.154906,0.3914279,0.26892763,0.76347816,-1.375811,0.2709497,0.9417523,0.8332376,-1.6742264,1.0735201,2.2017071,0.2721211,9.577838,2.9438555,0.47002736,0.80605567,-6.605121,-0.6679336,-0.99571586,1.8801094,-1.8801094,6.5906906,1.4842969,-0.4205508,-0.024738282,-0.59371877,0.9961094,0.002103214,0.009603916,0.087575346,0.05645901,-0.09587379,2.3489077,-0.40342298,0.3172317,8.020576,0.0058732624,0.018765824,0.17543897,30.190269470214844,3.1105401515960693,0.12420231,0.77618283,1.2175639,-0.19501674,0.38722807,-0.43053144,-0.6966926,-0.20305821,-0.5277249,1.1447729,-0.15486948,-0.004402347,-0.19827634,-0.7311039,1.1123416,-0.04586749,0.09680702,0.56236714,-1.4741731,0.031050578,0.86404574,-0.995609,-0.049569085,0.48722404,-1.0219145,-0.13193123,0.9561932,-1.3387173,0.0,0.0,0.0,0.0,0.0,0.0,0.0,0.0,0.0,0.0,0.0,0.0,0.0,0.0,0.0,0.0,-2.0305822,-1.9501674,-0.4586749,-0.04402347,50.0,50.0,50.0,50.0,50.0,50.0,50.0,50.0,50.0,50.0,50.0,50.0,0.0,0.0,0.0,0.0,1.0,1.0,1.0,1.0,1.0,1.0,1.0,1.0,1.0,1.0,1.0,1.0,0.5,0.5,0.5,0.5
1788529339.5628533,309,6.588334999833023,2.0842039994022343,6.394215999534936,1.376722,7.776314,10910758,0,0,0.0,0.0,0.0,-0.07364237,0.6694443,-1.077648,-0.15937348,0.65356296,-1.4030027,0.19827503,0.89341027,-1.3956728,0.008399427,0.60483503,-1.2462336,-18.727407,-12.01921,-6.908818,6.8737564,-0.4573118,-0.2092783,0.4084465,-0.60070616,0.17439857,0.71781445,0.64333695,-0.12789229,0.7036603,0.40693003,-0.4185566,-0.06268239,1.3370557,0.027128667,-1.472699,0.51544464,3.3891447,-1.0884844,5.2156544,3.5623126,2.9685938,2.6552422,-7.5204377,-5.1455626,0.99571586,0.14842969,2.1274922,3.0819776,1.1132227,-0.64319533,0.34633595,-0.049476564,0.99457735,0.0024777406,0.009347747,0.10354858,-0.027696872,-0.07137271,2.2658172,-0.58657944,0.92535895,4.5034933,0.006865678,0.018081967,0.20754085,30.172561645507812,3.6574482917785645,0.17966802,0.6214516,1.2750939,-0.09496646,0.42115775,-0.4816231,-0.7123157,-0.2329145,-0.5799171,1.079542,-0.07833662,0.0023595951,-0.24116334,-0.70765996,1.1266391,-0.06664163,0.10528944,0.5495942,-1.4780788,0.044917006,0.8253629,-0.98122644,-0.060290836,0.49308503,-1.0183401,-0.14497927,0.9398855,-1.3195841,0.0,0.0,0.0,0.0,0.0,0.0,0.0,0.0,0.0,0.0,0.0,0.0,0.0,0.0,0.0,0.0,-2.329145,-0.9496646,-0.6664163,0.023595951,50.0,50.0,50.0,50.0,50.0,50.0,50.0,50.0,50.0,50.0,50.0,50.0,0.0,0.0,0.0,0.0,1.0,1.0,1.0,1.0,1.0,1.0,1.0,1.0,1.0,1.0,1.0,1.0,0.5,0.5,0.5,0.5
1788529339.5847955,310,9.136684000623063,1.8684839997149538,7.795003000865108,2.406999,10.20933,10910770,0,0,0.0,0.0,0.0,-0.07848668,0.66880846,-1.077506,-0.16291596,0.654441,-1.3916132,0.20681329,0.8933497,-1.3842832,0.0130319,0.6053498,-1.2508936,-18.708454,-12.024902,-6.9212313,6.8801146,-0.32166848,0.2092783,0.15569495,0.046506286,-0.19765173,0.14154087,0.8797439,0.48831603,1.1747892,0.41080552,-0.81773555,-0.4994371,2.0889072,-0.68596774,-0.7983579,0.52707124,3.5375743,-1.8058946,4.978579,2.9685938,3.339668,3.9828634,-8.237848,-5.9371877,0.7112256,0.0,3.0675468,3.413883,0.74214846,-0.34633595,0.17316797,0.074214846,0.9931453,0.0013204751,0.009417113,0.11649966,-0.36325514,0.02237055,2.0101538,0.7745243,3.5302503,8.067263,0.0048178616,0.01839849,0.23358457,30.163707733154297,3.725811719894409,0.1746346,0.42400447,1.247629,-0.028839491,0.38676456,-0.45196602,-0.62825197,-0.2715483,-0.55342686,0.9328089,0.07719555,-0.039810196,-0.2406502,-0.57646406,1.0045383,-0.01558803,0.09669114,0.5570085,-1.457063,0.04365865,0.77600116,-0.98809266,-0.06016255,0.52588403,-1.0488653,-0.13835672,0.90320224,-1.280701,0.0,0.0,0.0,0.0,0.0,0.0,0.0,0.0,0.0,0.0,0.0,0.0,0.0,0.0,0.0,0.0,-2.715483,-0.28839493,-0.1558803,-0.39810196,50.0,50.0,50.0,50.0,50.0,50.0,50.0,50.0,50.0,50.0,50.0,50.0,0.0,0.0,0.0,0.0,1.0,1.0,1.0,1.0,1.0,1.0,1.0,1.0,1.0,1.0,1.0,1.0,0.5,0.5,0.5,0.5
1788529339.602851,311,6.910362999406061,2.0619950009859167,5.344545999832917,0.131429,5.482375,10910786,0,0,0.0,0.0,0.0,-0.08508718,0.67628706,-1.0767319,-0.16615565,0.6521399,-1.3997012,0.21323213,0.9005558,-1.3755158,0.023901522,0.59693265,-1.2582393,-18.677874,-12.040162,-6.923351,6.879085,-0.30229086,0.12401676,0.04044025,-0.4379342,0.37980133,-0.7724088,0.24803352,0.046506286,-0.4185566,0.7983579,-0.5658265,-0.60660374,2.3718207,-0.8254866,0.0038755238,-0.2945398,3.8591719,-1.9790626,5.0259943,3.686004,2.9191172,4.4570136,-7.91625,-5.788758,2.0862617,-1.0390079,3.3644063,0.80605567,0.64319533,-0.37107423,-0.22264454,0.44528908,0.9913024,-0.00017762612,0.009861955,0.13123351,-0.33342773,0.107591696,1.6916398,0.50876784,2.6036944,7.7069354,0.0022367074,0.019600237,0.2632611,30.154855728149414,4.511992454528809,0.13113569,0.23736745,1.0666826,0.025428519,0.30485812,-0.31716338,-0.4236899,-0.3178351,-0.49595314,0.75576043,0.24298297,-0.11999403,-0.21348357,-0.3236191,0.9308142,0.06705962,0.07621453,0.59070915,-1.4059224,0.03278392,0.72934186,-1.0333292,-0.053370893,0.58909523,-1.0672964,-0.123988286,0.8589401,-1.2392542,0.0,0.0,0.0,0.0,0.0,0.0,0.0,0.0,0.0,0.0,0.0,0.0,0.0,0.0,0.0,0.0,-3.178351,0.2542852,0.67059624,-1.1999403,50.0,50.0,50.0,50.0,50.0,50.0,50.0,50.0,50.0,50.0,50.0,50.0,0.0,0.0,0.0,0.0,1.0,1.0,1.0,1.0,1.0,1.0,1.0,1.0,1.0,1.0,1.0,1.0,0.5,0.5,0.5,0.5
1788529339.6271958,312,9.568858999045915,1.9922319988836534,9.349746998850605,1.379538,10.735557,10910798,0,0,0.0,0.0,0.0,-0.08551109,0.6787698,-1.0868104,-0.16933478,0.6624343,-1.4112488,0.21353489,0.8958325,-1.369513,0.027837634,0.6020798,-1.2711296,-18.649292,-12.05406,-6.917477,6.877844,0.22478038,0.51544464,-1.7652168,0.038755238,0.68596774,-0.53785527,-0.21315381,-0.29841533,1.1929873,0.40305448,0.4224321,-1.8723835,2.3795717,-2.0075214,1.1200264,0.038755238,4.74975,-1.1626992,-3.650958,5.2197776,6.679336,11.806345,-9.153164,-10.736414,10.099403,-3.7107422,9.895313,0.09483008,0.12369141,-0.6926719,0.47002736,0.64319533,0.9900697,-0.0020569118,0.010173228,0.14019404,-0.3195793,0.07669903,1.2442287,0.8511387,4.0677485,9.657013,-0.0012207826,0.020722624,0.2813174,29.93351936340332,10.527981758117676,0.090036705,0.11950597,0.79248065,0.0017820746,0.24111073,-0.25027275,-0.13659394,-0.32953948,-0.45028347,0.5870731,0.37445047,-0.16010393,-0.1893673,-0.14418368,0.8715757,0.1465323,0.06027768,0.6074318,-1.3341484,0.022509176,0.6998765,-1.1018798,-0.047341824,0.6339541,-1.082106,-0.11257087,0.8167683,-1.2063873,0.0,0.0,0.0,0.0,0.0,0.0,0.0,0.0,0.0,0.0,0.0,0.0,0.0,0.0,0.0,0.0,-3.295395,0.017820746,1.465323,-1.6010393,50.0,50.0,50.0,50.0,50.0,50.0,50.0,50.0,50.0,50.0,50.0,50.0,0.0,0.0,0.0,0.0,1.0,1.0,1.0,1.0,1.0,1.0,1.0,1.0,1.0,1.0,1.0,1.0,0.5,0.5,0.5,0.5
1788529339.6476805,313,12.113528000554652,1.9978009986516554,11.91857699996035,0.129828,12.054197,10910814,0,0,0.0,0.0,0.0,-0.083845854,0.68721724,-1.1314684,-0.17103033,0.67457557,-1.4216433,0.21398906,0.8895045,-1.3643,0.02874595,0.620216,-1.3046033,-18.615623,-12.104169,-6.8934064,6.8832936,0.30229086,0.24803352,-2.9885345,0.07363495,1.1083997,-0.7036603,0.15889648,-0.31779295,-0.08492453,-0.22478038,1.9493885,-2.1797295,2.6004765,-3.6429925,1.8214962,0.5348223,4.6013203,-1.2121758,-1.1379609,5.1455626,5.7640195,12.612401,-9.4995,-10.340602,11.18995,-3.0675468,7.3225317,1.6121113,0.0,0.0,0.12369141,0.4205508,0.98909277,-0.004863924,0.010203694,0.14685962,-0.39840886,0.07137271,0.49215212,0.9720459,2.0590134,11.218032,-0.006626319,0.021615112,0.29473278,29.96893310546875,9.297438621520996,-0.03145958,-0.036052328,0.28641912,-0.07193968,0.0705804,0.11409304,0.4358498,-0.32817256,-0.30421695,0.21617913,0.564511,-0.27671868,-0.08228004,0.32440314,0.6676213,0.20405225,0.0176451,0.6985233,-1.1910375,-0.007864895,0.66098696,-1.2283952,-0.02057001,0.7511008,-1.1330947,-0.07605424,0.7240448,-1.1588722,0.0,0.0,0.0,0.0,0.0,0.0,0.0,0.0,0.0,0.0,0.0,0.0,0.0,0.0,0.0,0.0,-3.2817256,-0.71939677,2.0405226,-2.7671866,50.0,50.0,50.0,50.0,50.0,50.0,50.0,50.0,50.0,50.0,50.0,50.0,0.0,0.0,0.0,0.0,1.0,1.0,1.0,1.0,1.0,1.0,1.0,1.0,1.0,1.0,1.0,1.0,0.5,0.5,0.5,0.5
1788529339.663635,314,7.095970000591478,2.103435999742942,5.394788000558037,0.121509,5.522985,10910832,0,0,0.0,0.0,0.0,-0.070705414,0.68851924,-1.1643419,-0.16900174,0.69271183,-1.4362555,0.21562405,0.8763338,-1.3629256,0.004311979,0.6567005,-1.3357391,-18.575537,-12.1653595,-6.862221,6.88944,1.3564334,-0.46893838,-3.091657,0.46893838,0.9495033,-0.41046855,-0.4728139,-1.3525578,0.657154,-1.9881438,2.8795142,-1.803635,1.2362921,-4.111931,1.1781592,0.325544,4.1807694,-2.8696408,-4.030278,6.1845703,6.407215,16.16853,-10.4642935,-12.492832,13.845192,-1.6327267,7.91625,0.04741504,-0.12369141,0.12369141,0.0,0.32159767,0.9889723,-0.006987411,0.012480084,0.1474087,-0.2631203,0.42290995,-0.31212243,0.78050977,2.146402,14.116213,-0.010145168,0.026748113,0.29579046,29.818422317504883,13.843612670898438,-0.21570902,-0.16161206,-0.015360894,-0.08857867,-0.14104433,0.32912734,1.1144506,-0.24885538,-0.16830021,-0.095624425,0.49123907,-0.41004154,0.08229613,0.8185699,0.15146187,0.2182588,-0.035261083,0.75228184,-1.0213873,-0.053927254,0.629597,-1.3038402,0.020574033,0.8746425,-1.2621344,-0.042075053,0.6460939,-1.1771902,0.0,0.0,0.0,0.0,0.0,0.0,0.0,0.0,0.0,0.0,0.0,0.0,0.0,0.0,0.0,0.0,-2.4885538,-0.8857867,2.182588,-4.100415,50.0,50.0,50.0,50.0,50.0,50.0,50.0,50.0,50.0,50.0,50.0,50.0,0.0,0.0,0.0,0.0,1.0,1.0,1.0,1.0,1.0,1.0,1.0,1.0,1.0,1.0,1.0,1.0,0.5,0.5,0.5,0.5
1788529339.683486,315,7.1726120004314,2.107756999976118,5.439974000182701,0.146405,5.593419,10910846,0,0,0.0,0.0,0.0,-0.053598642,0.68146455,-1.1976893,-0.16064514,0.70730555,-1.4394464,0.20766106,0.8502042,-1.3497353,-0.023028612,0.6991193,-1.3598454,-18.562063,-12.225703,-6.8456283,6.8902273,1.4223173,-0.46118733,-3.3706946,1.0231383,0.92237467,-0.06268239,-0.7673537,-2.286559,1.6762483,-2.5152152,3.5693576,-1.5832357,0.8836195,-4.6661305,1.3293047,-0.096888095,4.0076017,-3.4633594,-5.594975,6.5061684,7.6441293,17.9703,-10.6622,-12.888645,14.840908,-0.96479297,7.273055,0.42673537,-0.4205508,0.4205508,-0.51950395,0.24738282,0.98964024,-0.009281247,0.015600525,0.14241722,-0.3430151,0.60826594,-1.0556769,1.1540052,1.0019734,12.6222315,-0.013934907,0.033527713,0.28562,29.729888916015625,16.509790420532227,-0.42597166,-0.29602832,-0.23571317,-0.11004868,-0.29767755,0.33191457,1.6254601,-0.06985228,0.064900205,-0.39011958,0.3287265,-0.5129829,0.23261958,1.1097419,-0.39466387,0.103486866,-0.07441939,0.7529787,-0.8936349,-0.106492914,0.5959929,-1.3589282,0.058154896,0.9474355,-1.3986659,0.016225051,0.5724701,-1.2178184,0.0,0.0,0.0,0.0,0.0,0.0,0.0,0.0,0.0,0.0,0.0,0.0,0.0,0.0,0.0,0.0,-0.6985228,-1.1004868,1.0348687,-5.129829,50.0,50.0,50.0,50.0,50.0,50.0,50.0,50.0,50.0,50.0,50.0,50.0,0.0,0.0,0.0,0.0,1.0,1.0,1.0,1.0,1.0,1.0,1.0,1.0,1.0,1.0,1.0,1.0,0.5,0.5,0.5,0.5
1788529339.701807,316,5.904567000470706,2.121868999893195,5.710032000934007,0.164614,5.880854,10910858,0,0,0.0,0.0,0.0,-0.033494353,0.6768018,-1.234828,-0.15092605,0.7164494,-1.4416896,0.19960724,0.8233783,-1.331616,-0.049642622,0.7390554,-1.3756897,-18.554554,-12.277659,-6.8328514,6.8889556,1.9222598,-0.7169719,-3.534478,0.7518516,0.8913705,-0.18804716,-0.86036634,-2.4609575,1.8845156,-2.3640695,3.557731,-1.2920659,0.26353562,-4.894787,1.0308893,-0.0038755238,2.721211,-2.8449025,-3.7932034,6.1845703,7.19884,18.15996,-10.043742,-11.156965,13.655532,0.074214846,5.269254,1.0431309,-0.22264454,0.4205508,-0.4205508,0.17316797,0.9906656,-0.011744344,0.018902421,0.13448618,-0.27270767,0.72331446,-1.547829,0.9947908,-0.015562311,14.738706,-0.018201223,0.040622033,0.26948735,29.800716400146484,14.800702095031738,-0.5698608,-0.4250249,-0.32653674,-0.07407366,-0.2973268,0.38523617,1.8916836,0.12347788,0.24033867,-0.5422385,0.15765628,-0.45141572,0.3948428,1.2997503,-0.6493938,-0.07915826,-0.0743317,0.7663091,-0.82707906,-0.1424652,0.56374377,-1.3816341,0.0987107,0.9949376,-1.4623485,0.060084667,0.5344404,-1.2605859,0.0,0.0,0.0,0.0,0.0,0.0,0.0,0.0,0.0,0.0,0.0,0.0,0.0,0.0,0.0,0.0,1.2347789,-0.7407366,-0.7915826,-4.5141573,50.0,50.0,50.0,50.0,50.0,50.0,50.0,50.0,50.0,50.0,50.0,50.0,0.0,0.0,0.0,0.0,1.0,1.0,1.0,1.0,1.0,1.0,1.0,1.0,1.0,1.0,1.0,1.0,0.5,0.5,0.5,0.5
1788529339.7227662,317,7.152931000746321,2.0658989997173194,6.977725000979262,0.123589,7.106594,10910874,0,0,0.0,0.0,0.0,0.007168412,0.66023993,-1.2943035,-0.13215399,0.7284696,-1.4409788,0.1819857,0.7836845,-1.2972418,-0.103930175,0.7992168,-1.3841254,-18.556885,-12.342574,-6.8204074,6.887502,2.7051156,-1.1432796,-3.5567198,1.2479186,0.7673537,0.02426415,-1.3293047,-3.305822,2.442591,-3.3600793,3.6352413,-0.12536478,-0.16664752,-4.534363,0.8758684,-0.17439857,0.7668867,-2.8201642,-3.8406184,5.961926,7.545176,20.910032,-9.573715,-10.4642935,11.85376,3.0675468,4.304461,0.61639553,-0.59371877,0.89057815,-0.5442422,0.0,0.9924063,-0.01511594,0.023891574,0.119710065,-0.2865561,0.7627292,-2.1262677,0.47764325,-0.6380547,11.496957,-0.02431627,0.05106154,0.23947115,29.82727813720703,13.330886840820312,-0.7208275,-0.7638983,-0.2499507,0.0076017603,-0.2535579,0.5461491,1.780544,0.22984454,0.45558205,-0.7190695,-0.04271519,-0.32605776,0.5771633,1.4184517,-0.76119715,-0.26109755,-0.06338947,0.8065373,-0.85486394,-0.18020688,0.47902542,-1.3624877,0.14429082,1.0246129,-1.4902992,0.11389551,0.49023265,-1.3106787,0.0,0.0,0.0,0.0,0.0,0.0,0.0,0.0,0.0,0.0,0.0,0.0,0.0,0.0,0.0,0.0,2.2984455,0.0760176,-2.6109755,-3.2605777,50.0,50.0,50.0,50.0,50.0,50.0,50.0,50.0,50.0,50.0,50.0,50.0,0.0,0.0,0.0,0.0,1.0,1.0,1.0,1.0,1.0,1.0,1.0,1.0,1.0,1.0,1.0,1.0,0.5,0.5,0.5,0.5
1788529339.7413948,318,5.732785000873264,2.285298998685903,5.50976799968339,0.176007,5.692207,10910890,0,0,0.0,0.0,0.0,0.055884957,0.6353822,-1.3510463,-0.10768973,0.7383703,-1.4357026,0.16633223,0.73169804,-1.2535949,-0.16224474,0.84363395,-1.3757529,-18.56282,-12.408428,-6.8076906,6.8848076,3.003531,-1.8447493,-3.4475312,1.5037032,0.48056495,0.42664462,-0.887495,-3.6856232,3.0532389,-4.0344205,3.100419,0.8977735,-0.48444048,-4.224321,0.80610895,-0.096888095,-1.0390079,-1.7811563,-3.413883,5.7392817,6.060879,22.616974,-10.390079,-9.004735,8.819198,5.5661135,2.9438555,1.0431309,-0.6679336,1.0884844,-0.64319533,0.024738282,0.9942313,-0.019747296,0.029035956,0.10134579,-0.48363,0.86073357,-2.4351943,0.2681506,0.11372458,11.656171,-0.033451464,0.061778814,0.20213217,29.871545791625977,12.373796463012695,-0.8326464,-0.9673343,-0.10804087,0.17304003,-0.202414,0.6833528,1.4913638,0.21408176,0.5834915,-0.76137364,-0.35161102,-0.1524337,0.66017497,1.3734772,-0.69847846,-0.370222,-0.0506035,0.8408382,-0.927159,-0.2081616,0.42816645,-1.3270102,0.16504374,1.0133693,-1.4746196,0.14587288,0.4796566,-1.3879027,0.0,0.0,0.0,0.0,0.0,0.0,0.0,0.0,0.0,0.0,0.0,0.0,0.0,0.0,0.0,0.0,2.1408176,1.7304003,-3.70222,-1.5243369,50.0,50.0,50.0,50.0,50.0,50.0,50.0,50.0,50.0,50.0,50.0,50.0,0.0,0.0,0.0,0.0,1.0,1.0,1.0,1.0,1.0,1.0,1.0,1.0,1.0,1.0,1.0,1.0,0.5,0.5,0.5,0.5
1788529339.7613204,319,5.68814300095255,2.167247001125361,5.495303999850876,0.135141,5.636141,10910906,0,0,0.0,0.0,0.0,0.10457122,0.60586154,-1.3909811,-0.08734323,0.7425486,-1.426398,0.14880154,0.67771316,-1.2159033,-0.21120352,0.87709063,-1.3558803,-18.574295,-12.462807,-6.794641,6.8843837,3.476345,-1.9377619,-3.2008457,1.3060515,0.30616638,0.80476093,-1.3641844,-3.2554402,2.942028,-3.856146,1.9222598,2.3414905,-1.2169144,-3.2205606,0.81386006,0.09301257,-3.5623126,-0.89057815,-1.4224513,5.4176836,3.9828634,22.427315,-9.400547,-6.159832,7.207086,7.545176,1.3606055,-0.33190528,-0.47002736,1.0637461,-0.74214846,-0.024738282,0.9958603,-0.0233364,0.034404293,0.08083424,-0.16724649,0.77764297,-2.6184196,-0.079008654,-2.9496565,10.521319,-0.04103636,0.07235963,0.16049987,29.942371368408203,10.151982307434082,-0.8212927,-1.1207182,-0.061760955,0.33875528,-0.16982841,0.7419008,1.2794137,0.11222031,0.60593057,-0.78635466,-0.51467913,0.0368337,0.6810034,1.2980565,-0.56753004,-0.45620215,-0.042457104,0.8554752,-0.9801465,-0.20532317,0.38982046,-1.3154402,0.17025085,0.9945141,-1.4418825,0.15148264,0.47341135,-1.4286697,0.0,0.0,0.0,0.0,0.0,0.0,0.0,0.0,0.0,0.0,0.0,0.0,0.0,0.0,0.0,0.0,1.1222031,3.3875527,-4.5620213,0.368337,50.0,50.0,50.0,50.0,50.0,50.0,50.0,50.0,50.0,50.0,50.0,50.0,0.0,0.0,0.0,0.0,1.0,1.0,1.0,1.0,1.0,1.0,1.0,1.0,1.0,1.0,1.0,1.0,0.5,0.5,0.5,0.5
1788529339.7831933,320,6.994622001002426,2.257681999253691,6.798518999858061,1.574809,8.3788,10910922,0,0,0.0,0.0,0.0,0.16079652,0.57628036,-1.4270929,-0.06742062,0.7461517,-1.4091952,0.124912575,0.6380799,-1.1747521,-0.2673077,0.90518814,-1.3175726,-18.596851,-12.498261,-6.784256,6.8850193,3.3484528,-1.3331802,-1.6924244,1.1820347,0.2751622,1.1626571,-1.6083423,-3.0810413,2.2990282,-3.29032,0.90687263,2.6710784,-1.7633634,-2.4338288,0.64721245,0.0077510476,-6.308262,0.2721211,-0.99571586,4.7992268,3.9086485,21.052279,-8.039942,-4.7002735,5.974295,10.21691,-0.9400547,-2.5129972,-0.2721211,0.8411016,-0.56898046,-0.024738282,0.9971851,-0.024525657,0.038450774,0.059513856,0.22157498,0.4804342,-2.6567693,-0.5255273,-4.417302,7.559692,-0.044492356,0.07968862,0.117448285,30.00434684753418,8.306167602539062,-0.75393754,-1.0787522,-0.15785965,0.46634886,-0.13418283,0.69067264,1.1575618,-0.02043827,0.547949,-0.7846924,-0.48656955,0.22657661,0.6579727,1.1660819,-0.4477176,-0.5069845,-0.033545706,0.8426682,-1.0106095,-0.18848439,0.40031198,-1.3394649,0.16449317,0.9615205,-1.4119294,0.13698725,0.47382692,-1.4216423,0.0,0.0,0.0,0.0,0.0,0.0,0.0,0.0,0.0,0.0,0.0,0.0,0.0,0.0,0.0,0.0,-0.2043827,4.6634884,-5.0698447,2.2657661,50.0,50.0,50.0,50.0,50.0,50.0,50.0,50.0,50.0,50.0,50.0,50.0,0.0,0.0,0.0,0.0,1.0,1.0,1.0,1.0,1.0,1.0,1.0,1.0,1.0,1.0,1.0,1.0,0.5,0.5,0.5,0.5
1788529339.8033106,321,7.20352499956789,2.232273000117857,6.995069999902626,0.166662,7.16778,10910938,0,0,0.0,0.0,0.0,0.20385122,0.5478498,-1.4434112,-0.054885723,0.74518275,-1.3887066,0.10223471,0.6056829,-1.1514359,-0.31354147,0.9188736,-1.2711928,-18.62404,-12.532172,-6.7744155,6.884596,2.2749324,-1.9106332,-0.42260063,0.5503244,0.17439857,1.6823144,-1.6819774,-1.7711143,1.1141288,-2.9570248,1.2091634,3.0532389,-1.9610151,-1.36806,0.6084572,0.011626571,-8.114157,2.4243517,-0.42673537,4.5023675,1.4100821,19.155676,-6.7040744,-2.4243517,4.2673535,12.195973,-2.0038009,-3.413883,-0.34633595,0.5442422,-0.37107423,-0.22264454,0.9981729,-0.02229924,0.040421665,0.03898551,0.61998385,0.20026968,-2.4032364,-0.81402856,-3.560178,7.1646485,-0.041518465,0.08252796,0.07635964,30.00434684753418,8.066895484924316,-0.66152877,-0.93769044,-0.13758244,0.48702648,-0.08144982,0.55545354,1.0418432,-0.1967203,0.42090115,-0.66580164,-0.44859457,0.47765675,0.5659112,0.96866894,-0.31769878,-0.54517394,-0.020362455,0.8088634,-1.0395391,-0.16538219,0.4355774,-1.3343955,0.1414778,0.91216725,-1.3794247,0.10522529,0.5035496,-1.4121486,0.0,0.0,0.0,0.0,0.0,0.0,0.0,0.0,0.0,0.0,0.0,0.0,0.0,0.0,0.0,0.0,-1.967203,4.870265,-5.4517393,4.7765675,50.0,50.0,50.0,50.0,50.0,50.0,50.0,50.0,50.0,50.0,50.0,50.0,0.0,0.0,0.0,0.0,1.0,1.0,1.0,1.0,1.0,1.0,1.0,1.0,1.0,1.0,1.0,1.0,0.5,0.5,0.5,0.5
1788529339.8235064,322,4.805165999641758,2.2490100000140956,4.603270999723463,1.358354,5.967385,10910954,0,0,0.0,0.0,0.0,0.22816408,0.5304402,-1.4385141,-0.050465204,0.7408531,-1.3647741,0.079314604,0.5957519,-1.1437901,-0.34645325,0.9287138,-1.2188574,-18.65023,-12.546372,-6.759943,6.8815374,0.9572544,-1.0347649,0.986742,0.13564333,0.19377619,1.775327,-1.554085,-0.6317104,-0.016176099,-1.6122179,0.8254866,3.2008457,-1.7556124,-0.7092209,0.9456278,-0.26741114,-8.881043,4.230246,0.61639553,4.1560316,-0.8411016,15.599548,-5.2197776,0.24738282,4.030278,13.136027,-4.5023675,-3.9828634,-0.59371877,0.37107423,-0.12369141,-0.44528908,0.99884325,-0.016488783,0.040054075,0.020876568,0.9640642,-0.11504854,-2.0218716,-0.79128367,-4.1479545,6.3218894,-0.031374507,0.08079181,0.040527202,30.00434684753418,8.27198600769043,-0.6080646,-0.7044302,-0.22439298,0.49541768,-0.022213094,0.30500057,0.9537805,-0.34932828,0.2773375,-0.55661976,-0.32981238,0.75621265,0.45523426,0.7107452,-0.22505166,-0.5816406,-0.0055532735,0.74625015,-1.0615548,-0.15201615,0.49389246,-1.3560982,0.113808565,0.8476863,-1.3562629,0.06933437,0.53084505,-1.3824531,0.0,0.0,0.0,0.0,0.0,0.0,0.0,0.0,0.0,0.0,0.0,0.0,0.0,0.0,0.0,0.0,-3.4932828,4.954177,-5.8164062,7.5621266,50.0,50.0,50.0,50.0,50.0,50.0,50.0,50.0,50.0,50.0,50.0,50.0,0.0,0.0,0.0,0.0,1.0,1.0,1.0,1.0,1.0,1.0,1.0,1.0,1.0,1.0,1.0,1.0,0.5,0.5,0.5,0.5
1788529339.8507123,323,6.010969998897053,2.189327000451158,5.814899001052254,2.844712,8.665787,10910972,0,0,0.0,0.0,0.0,0.23264515,0.52277994,-1.4247707,-0.049132988,0.7415798,-1.3420107,0.05351816,0.5961758,-1.1458753,-0.3531143,0.9362832,-1.1715297,-18.687744,-12.551852,-6.7470145,6.876481,-0.18214962,-0.011626571,0.9463018,0.077510476,-0.046506286,0.8917075,-1.228541,0.7906069,-0.3396981,0.3720503,0.25190905,3.0370626,-2.2361772,-0.2286559,0.9611299,-0.36817476,-8.732614,4.4281526,3.508713,3.6365275,-2.3006601,11.806345,-3.9828634,1.2121758,3.7932034,12.09702,-6.5061684,-4.599259,-0.5442422,0.074214846,0.24738282,-0.59371877,0.9992637,-0.009349501,0.036914833,0.0046774326,0.71159655,-0.3824299,-1.547829,-1.3874398,-1.3108255,5.997475,-0.018391171,0.0739301,0.00868153,29.99549102783203,8.545439720153809,-0.5624597,-0.36769822,-0.23640661,0.4631246,0.05948279,0.13961864,0.7487986,-0.42594254,0.12798366,-0.36980498,-0.008308307,1.0430802,0.32272404,0.5022186,-0.115382805,-0.53259057,0.014870698,0.7049047,-1.1128004,-0.14061493,0.57807547,-1.3591017,0.08068101,0.79555464,-1.3288456,0.031995915,0.57754874,-1.302077,0.0,0.0,0.0,0.0,0.0,0.0,0.0,0.0,0.0,0.0,0.0,0.0,0.0,0.0,0.0,0.0,-4.259425,4.631246,-5.325906,10.430802,50.0,50.0,50.0,50.0,50.0,50.0,50.0,50.0,50.0,50.0,50.0,50.0,0.0,0.0,0.0,0.0,1.0,1.0,1.0,1.0,1.0,1.0,1.0,1.0,1.0,1.0,1.0,1.0,0.5,0.5,0.5,0.5
1788529339.861496,324,5.81691499974113,2.17031899956055,5.628204000458936,1.582746,7.216966,10910982,0,0,0.0,0.0,0.0,0.2304349,0.52435446,-1.4160508,-0.04780078,0.74624246,-1.3330696,0.044162393,0.6009294,-1.151578,-0.34418243,0.93779707,-1.1413733,-18.704216,-12.551459,-6.740202,6.872182,-0.19765173,0.34879714,0.7562327,0.33329505,0.577453,1.0595345,-0.8797439,0.44956076,-0.7804968,1.5385829,-0.03100419,2.7115188,-1.9261353,0.28678876,0.47668946,-0.40693003,-8.732614,3.9086485,3.603543,3.3644063,-3.0180705,11.18995,-3.8839102,1.1874375,4.4570136,10.637462,-6.382477,-5.4527297,-0.56898046,-0.14842969,0.47002736,-0.5442422,0.99937963,-0.0070942044,0.034421586,-0.0022872419,0.40160465,-0.50919634,-1.2484897,-0.82480246,-1.0606314,6.0345855,-0.014371582,0.068822324,-0.0050720624,30.013200759887695,7.895986557006836,-0.5195013,-0.20176528,-0.19350377,0.3830062,0.17361653,-0.01704526,0.5788781,-0.47192517,0.030535962,-0.19970083,0.23590542,1.3025966,0.20944864,0.289036,0.003746003,-0.5580867,0.043404132,0.6657387,-1.1552805,-0.12987533,0.6195587,-1.3483759,0.05236216,0.742259,-1.2990634,0.0076339906,0.6200748,-1.2410235,0.0,0.0,0.0,0.0,0.0,0.0,0.0,0.0,0.0,0.0,0.0,0.0,0.0,0.0,0.0,0.0,-4.7192516,3.830062,-5.580867,13.025966,50.0,50.0,50.0,50.0,50.0,50.0,50.0,50.0,50.0,50.0,50.0,50.0,0.0,0.0,0.0,0.0,1.0,1.0,1.0,1.0,1.0,1.0,1.0,1.0,1.0,1.0,1.0,1.0,0.5,0.5,0.5,0.5
1788529339.8821242,325,5.682766000973061,2.6159030003327643,5.496712001331616,2.788037,8.290349,10910996,0,0,0.0,0.0,0.0,0.22001946,0.5389179,-1.4003171,-0.048012726,0.7503905,-1.3289309,0.038863823,0.6236072,-1.1724774,-0.3119368,0.9255044,-1.1106166,-18.732979,-12.549309,-6.7298474,6.860707,-1.3060515,0.7944824,1.2374716,-0.13176781,0.732474,0.13749684,-0.51544464,1.8137453,-2.4061947,2.840759,-0.4728139,3.0006664,-2.5345926,0.4224321,0.2751622,-1.147155,-9.103687,7.545176,10.051989,2.1522305,-5.46716,4.836334,-2.6717343,4.8487034,4.599259,9.252117,-10.241649,-5.2156544,-0.17316797,-0.59371877,0.86583984,-0.791625,0.9994833,-0.004881872,0.030170534,-0.009959148,0.26951188,-0.71798813,-0.88523465,-1.0582372,-1.6783354,6.295553,-0.010378661,0.060249094,-0.020240687,29.924665451049805,10.596345901489258,-0.52987516,-0.062372275,-0.15270455,0.3411774,0.2215239,0.0049978346,0.39831525,-0.45724192,-0.010247553,-0.116124704,0.51723826,1.4518987,0.17334381,0.21135071,0.1588782,-0.5492798,0.055380974,0.67124945,-1.2004211,-0.13246879,0.65440696,-1.3381761,0.043335952,0.7228377,-1.2602804,-0.0025618882,0.64096886,-1.1706904,0.0,0.0,0.0,0.0,0.0,0.0,0.0,0.0,0.0,0.0,0.0,0.0,0.0,0.0,0.0,0.0,-4.572419,3.4117742,-5.492798,14.518987,50.0,50.0,50.0,50.0,50.0,50.0,50.0,50.0,50.0,50.0,50.0,50.0,0.0,0.0,0.0,0.0,1.0,1.0,1.0,1.0,1.0,1.0,1.0,1.0,1.0,1.0,1.0,1.0,0.5,0.5,0.5,0.5
1788529339.9170473,326,6.620624000788666,3.3715459994709818,6.3742799993633525,1.239341,7.621621,10911024,0,0,0.0,0.0,0.0,0.165429,0.5753418,-1.3699237,-0.064513974,0.7569002,-1.3238758,0.04004465,0.6999974,-1.2550797,-0.28498977,0.92944044,-1.1078521,-18.810793,-12.535291,-6.7193713,6.839997,-3.011282,1.5928403,1.3729464,-1.5114542,-0.31391743,0.17591508,0.96888095,3.4685938,-3.1138992,-0.30229086,0.44568524,-1.7267988,-2.9609,0.7828558,0.5541999,-0.06200838,-9.524239,7.743082,22.427315,-0.59371877,-8.138895,-1.2327911,-0.024738282,9.573715,-3.8406184,15.931454,-19.172169,-4.0776935,1.1626992,-0.9400547,0.32159767,-2.3253984,0.99966085,0.004291207,0.022171436,-0.012973223,0.5379585,-0.3877562,0.5848301,0.81043726,0.51595044,10.224439,0.008012233,0.044453815,-0.025775678,29.446578979492188,25.021047592163086,-0.20719253,0.7546554,0.690903,0.06179928,0.45993143,-0.3492459,-0.15468335,-0.4831206,-0.45716888,0.836192,0.23098476,1.455994,-0.1135513,-0.44012395,0.19233404,-0.36236355,0.11498286,0.58268857,-1.3386707,-0.05179813,0.85866386,-1.1272742,-0.028387824,0.559969,-1.2519164,-0.11429222,0.879048,-1.2422538,0.0,0.0,0.0,0.0,0.0,0.0,0.0,0.0,0.0,0.0,0.0,0.0,0.0,0.0,0.0,0.0,-4.831206,0.6179928,-3.6236355,14.55994,50.0,50.0,50.0,50.0,50.0,50.0,50.0,50.0,50.0,50.0,50.0,50.0,0.0,0.0,0.0,0.0,1.0,1.0,1.0,1.0,1.0,1.0,1.0,1.0,1.0,1.0,1.0,1.0,0.5,0.5,0.5,0.5
1788529339.9434345,327,12.287517998629482,2.491545999873779,5.53696899987699,2.428312,7.972322,10911044,0,0,0.0,0.0,0.0,0.12298,0.6005932,-1.3381401,-0.084618255,0.7520255,-1.3364028,0.07116996,0.7722093,-1.3390881,-0.26191837,0.9380696,-1.1168879,-18.856512,-12.518547,-6.707351,6.8291273,-2.271057,1.4300683,2.1959054,-0.9417523,-0.47668946,-1.0332483,2.7477465,4.406471,-5.1662416,2.4764597,0.19377619,-0.24466349,-2.03465,1.2091634,0.05038181,-0.5929552,-7.7925587,7.124625,24.892897,-1.9790626,-9.474762,-1.0905459,-1.4100821,6.9267187,-1.6595265,14.175035,-21.250185,-7.301916,1.6822032,-0.9895313,-0.37107423,-1.9295859,0.9998031,0.0065753725,0.018692529,-0.00107032,0.28229505,-0.4538026,1.6096144,-0.5602432,0.89782566,10.093954,0.013117691,0.03740049,-0.0018957247,29.39345932006836,26.217409133911133,-0.141723,1.2765007,0.90553796,-0.01281064,0.41082415,-0.24034202,-0.4007682,-0.5035724,-0.58334,1.2877765,-0.09653891,1.3038224,-0.07955907,-0.70370626,0.7430166,-0.2625221,0.10270604,0.60991454,-1.400192,-0.03543075,0.9891252,-1.0736154,-0.019889768,0.49407345,-1.1142458,-0.145835,0.99194413,-1.3241347,0.0,0.0,0.0,0.0,0.0,0.0,0.0,0.0,0.0,0.0,0.0,0.0,0.0,0.0,0.0,0.0,-5.035724,-0.1281064,-2.625221,13.038224,50.0,50.0,50.0,50.0,50.0,50.0,50.0,50.0,50.0,50.0,50.0,50.0,0.0,0.0,0.0,0.0,1.0,1.0,1.0,1.0,1.0,1.0,1.0,1.0,1.0,1.0,1.0,1.0,0.5,0.5,0.5,0.5
1788529339.957376,328,6.106525999712176,2.3305800004891353,5.884116999368416,1.577241,7.468399,10911054,0,0,0.0,0.0,0.0,0.09806156,0.6130979,-1.3210636,-0.092157364,0.74721134,-1.3468761,0.099358335,0.82150114,-1.3765584,-0.2383321,0.9404009,-1.118278,-18.87477,-12.504347,-6.709228,6.8249793,-2.3911982,1.1006488,2.135245,-0.60070616,-0.5735775,-1.2415156,2.9609,4.70101,-3.9550564,2.0540276,0.27128667,-0.39631444,-1.6122179,1.6509732,-0.36429924,-0.25578457,-6.5556445,6.9761953,23.23337,-2.0285392,-9.054212,-0.7112256,-3.0428088,4.0818167,-1.0431309,13.630794,-21.3244,-6.827766,1.4100821,-1.1874375,-0.14842969,-2.0780158,0.9997926,0.007151513,0.017111938,0.008433887,0.22796656,-0.29614347,2.1507688,-1.733402,-4.1335893,11.98298,0.014597702,0.034102757,0.017119817,29.464284896850586,24.098140716552734,-0.097333536,1.2198142,1.2578037,-0.22927088,0.5438132,-0.2781163,-0.7373781,-0.5436864,-0.6370922,1.5401982,-0.46427342,1.0879275,-0.11871975,-0.76706886,0.89371705,-0.27855808,0.1359533,0.60047096,-1.4843445,-0.024333384,0.97495353,-0.98554903,-0.029679937,0.4782328,-1.0765707,-0.15927304,1.0550495,-1.4160683,0.0,0.0,0.0,0.0,0.0,0.0,0.0,0.0,0.0,0.0,0.0,0.0,0.0,0.0,0.0,0.0,-5.436864,-2.2927089,-2.7855806,10.879274,50.0,50.0,50.0,50.0,50.0,50.0,50.0,50.0,50.0,50.0,50.0,50.0,0.0,0.0,0.0,0.0,1.0,1.0,1.0,1.0,1.0,1.0,1.0,1.0,1.0,1.0,1.0,1.0,0.5,0.5,0.5,0.5
1788529339.9769835,329,4.465281999728177,1.5210469991870923,4.2467139992368175,5.835988,10.088718,10911066,0,0,0.0,0.0,0.0,0.06884372,0.6236042,-1.2975893,-0.10375365,0.73752254,-1.3539531,0.13411695,0.86609995,-1.4110433,-0.20796376,0.9377668,-1.1218324,-18.889847,-12.488391,-6.715859,6.8234653,-2.1741688,0.92625016,1.8420533,-0.7906069,-1.1045243,-0.056616347,3.557731,4.263076,-2.8773236,2.8795142,-0.75960267,-0.3760943,-0.86424184,1.848625,-1.0618935,0.20152724,-4.6013203,8.732614,21.384184,-3.240715,-12.468094,-0.52156544,-3.1665,3.7849572,-1.2802061,13.779223,-22.61079,-9.435593,1.58325,-0.8411016,-0.6679336,-1.7316797,0.9995822,0.008367172,0.01582631,0.022698566,0.11717907,-0.13635384,2.583266,-0.521936,1.5514427,11.416751,0.017455233,0.03126464,0.04568121,29.358043670654297,26.866863250732422,0.080414064,1.0674493,1.6320479,-0.1976453,0.63403505,-0.2884314,-0.98226094,-0.5682406,-0.65036994,1.6611227,-0.57589424,0.9078603,-0.20568904,-0.87764883,0.89603204,-0.38306138,0.15850876,0.59789217,-1.5455651,0.020103516,0.93686235,-0.891988,-0.05142226,0.4505878,-1.075992,-0.16259249,1.0852807,-1.4439735,0.0,0.0,0.0,0.0,0.0,0.0,0.0,0.0,0.0,0.0,0.0,0.0,0.0,0.0,0.0,0.0,-5.682406,-1.9764531,-3.8306139,9.078603,50.0,50.0,50.0,50.0,50.0,50.0,50.0,50.0,50.0,50.0,50.0,50.0,0.0,0.0,0.0,0.0,1.0,1.0,1.0,1.0,1.0,1.0,1.0,1.0,1.0,1.0,1.0,1.0,0.5,0.5,0.5,0.5
1788529340.0026016,330,9.116907000134233,2.216625000073691,8.868097998856683,1.473045,10.348215,10911084,0,0,0.0,0.0,0.0,0.030845404,0.64186156,-1.2705449,-0.12243489,0.70830476,-1.3525789,0.20417914,0.921962,-1.4447856,-0.15767282,0.916845,-1.1265082,-18.900867,-12.441249,-6.7431993,6.828249,-2.4222023,0.81386006,1.2617358,-1.383562,-1.3951886,0.2911698,3.7011251,2.8330078,-1.1909653,3.0500374,-1.7246081,-0.51763517,-0.6084572,3.720503,-2.4260778,0.740225,-1.8801094,9.4995,16.784924,-3.1170235,-13.210242,0.99571586,-5.8629727,1.9048477,-0.7112256,12.641262,-21.052279,-13.086551,1.3853438,-1.0884844,-0.56898046,-1.1626992,0.99857885,0.010974799,0.016208492,0.049570493,0.4452805,0.07137271,3.2778182,-1.8567034,-0.89064306,8.693346,0.023539022,0.031287964,0.09956895,29.437725067138672,24.474140167236328,0.22270468,1.3731858,1.6822056,-0.041337825,0.75170994,-0.35843384,-0.9935233,-0.46582127,-0.7868516,1.9151814,-0.5974463,0.7111655,-0.26027542,-1.0720234,1.0306929,-0.43730342,0.18792748,0.5803915,-1.5483807,0.05567617,1.0132965,-0.87944853,-0.065068856,0.40199417,-1.0423267,-0.1967129,1.1487954,-1.4493616,0.0,0.0,0.0,0.0,0.0,0.0,0.0,0.0,0.0,0.0,0.0,0.0,0.0,0.0,0.0,0.0,-4.6582127,-0.41337824,-4.3730345,7.1116548,50.0,50.0,50.0,50.0,50.0,50.0,50.0,50.0,50.0,50.0,50.0,50.0,0.0,0.0,0.0,0.0,1.0,1.0,1.0,1.0,1.0,1.0,1.0,1.0,1.0,1.0,1.0,1.0,0.5,0.5,0.5,0.5
1788529340.0238523,331,9.65990300028352,2.224976999059436,8.109319000141113,0.118948,8.234027,10911102,0,0,0.0,0.0,0.0,-0.01281476,0.66066384,-1.2458858,-0.14711109,0.6814183,-1.3428006,0.25749788,0.957962,-1.4541216,-0.09569472,0.8754556,-1.135165,-18.909134,-12.376727,-6.7920675,6.842631,-1.9610151,1.2672963,1.3082421,-1.848625,-2.0462766,0.58031756,3.530602,1.147155,0.2709497,3.801889,-3.2709422,-0.60862577,-0.5464489,4.5692425,-3.2980707,0.97663206,0.34633595,8.955258,12.612401,-1.0884844,-12.938122,0.99571586,-8.039942,0.791625,0.0,9.35107,-17.613657,-14.461587,0.9400547,-0.791625,-0.51950395,-0.34633595,0.99639916,0.015702108,0.018947668,0.08113624,0.6721818,0.262055,3.6751618,-3.21661,0.36032736,5.9244523,0.034393925,0.035218142,0.16310613,29.59708595275879,20.03050994873047,0.33151692,1.6647029,1.5152395,0.18921092,0.81445116,-0.3422965,-0.88310564,-0.50730544,-0.8886218,2.0317879,-0.5014837,0.6061365,-0.26154438,-1.0669429,1.1308995,-0.38261855,0.20361279,0.58442587,-1.5207764,0.08287923,1.0861757,-0.9211901,-0.065386094,0.40326428,-1.0172751,-0.22215545,1.177947,-1.4253709,0.0,0.0,0.0,0.0,0.0,0.0,0.0,0.0,0.0,0.0,0.0,0.0,0.0,0.0,0.0,0.0,-5.0730543,1.8921092,-3.8261855,6.061365,50.0,50.0,50.0,50.0,50.0,50.0,50.0,50.0,50.0,50.0,50.0,50.0,0.0,0.0,0.0,0.0,1.0,1.0,1.0,1.0,1.0,1.0,1.0,1.0,1.0,1.0,1.0,1.0,0.5,0.5,0.5,0.5
1788529340.042743,332,5.98284199986665,2.1919840000919066,5.784498000139138,2.795206,8.585144,10911116,0,0,0.0,0.0,0.0,-0.04206288,0.68173707,-1.2304364,-0.17638946,0.65023243,-1.3450595,0.30091584,0.9703152,-1.4475816,-0.051459253,0.8199872,-1.1443746,-18.923758,-12.309692,-6.836424,6.8528647,-2.7283688,1.375811,1.2334275,-1.7478611,-2.6082275,-0.6834402,2.344692,0.77122927,0.5338113,3.565482,-4.778521,-0.76634276,-1.2052878,5.5536256,-3.6623702,0.64333695,2.8449025,7.6441293,11.6641,0.14842969,-10.810629,2.2285068,-9.103687,0.4205508,-0.23707521,6.901981,-13.061813,-13.797777,1.1874375,-1.5090352,-0.34633595,-0.14842969,0.9937395,0.021773309,0.022059888,0.10733571,1.0386328,0.29401296,3.7710357,-4.284424,1.3084313,5.7748146,0.048065,0.03917948,0.21613143,29.75644874572754,15.039974212646484,0.29938096,1.7631203,1.3139179,0.2757774,0.82413954,-0.3571865,-0.8195438,-0.6199629,-0.8812138,1.9886271,-0.3360977,0.5148906,-0.20140192,-0.99759483,1.1243223,-0.3337158,0.20603488,0.5807034,-1.5048859,0.07484524,1.1107801,-0.9715205,-0.05035048,0.4206013,-1.0189193,-0.22030345,1.1671568,-1.3840244,0.0,0.0,0.0,0.0,0.0,0.0,0.0,0.0,0.0,0.0,0.0,0.0,0.0,0.0,0.0,0.0,-6.199629,2.7577739,-3.337158,5.148906,50.0,50.0,50.0,50.0,50.0,50.0,50.0,50.0,50.0,50.0,50.0,50.0,0.0,0.0,0.0,0.0,1.0,1.0,1.0,1.0,1.0,1.0,1.0,1.0,1.0,1.0,1.0,1.0,0.5,0.5,0.5,0.5
1788529340.0632331,333,10.014378998675966,2.210160000686301,9.827844000028563,1.559544,11.393085,10911130,0,0,0.0,0.0,0.0,-0.075035095,0.69923747,-1.2165351,-0.20475951,0.6210449,-1.3590715,0.32326066,0.9723741,-1.4361446,-0.008404553,0.7400242,-1.1617513,-18.944044,-12.225945,-6.8875933,6.864552,-2.116036,1.4998277,1.0211163,-2.3718207,-1.9106332,-1.465959,1.4261928,-0.14339438,1.1848993,3.36783,-5.720273,-1.8966476,-2.050152,6.824797,-4.1468105,1.4455703,4.3291993,5.9371877,9.767498,3.240715,-9.821098,2.5129972,-9.623192,-0.32159767,0.09483008,3.9828634,-7.817297,-11.427025,0.89057815,-1.1874375,-0.32159767,0.32159767,0.9903327,0.02896886,0.024392754,0.13344285,0.88310415,0.06178533,3.7220335,-4.2999864,3.333926,4.711789,0.06398401,0.040593658,0.2691768,29.898103713989258,10.733072280883789,0.21174064,1.7933135,1.0543696,0.32775405,0.7653151,-0.42295784,-0.8631449,-0.69249,-0.795026,1.8681272,-0.16372097,0.3536454,-0.13611111,-0.997077,1.1640452,-0.27303675,0.19132878,0.56426054,-1.5157862,0.05293516,1.1183283,-1.0364076,-0.034027778,0.42073077,-1.0089886,-0.1987565,1.1370318,-1.3409302,0.0,0.0,0.0,0.0,0.0,0.0,0.0,0.0,0.0,0.0,0.0,0.0,0.0,0.0,0.0,0.0,-6.9249,3.2775404,-2.7303674,3.5364542,50.0,50.0,50.0,50.0,50.0,50.0,50.0,50.0,50.0,50.0,50.0,50.0,0.0,0.0,0.0,0.0,1.0,1.0,1.0,1.0,1.0,1.0,1.0,1.0,1.0,1.0,1.0,1.0,0.5,0.5,0.5,0.5
1788529340.0845647,334,10.958188999211416,2.23704100062605,10.766950999823166,0.130629,10.90382,10911146,0,0,0.0,0.0,0.0,-0.098772645,0.7222786,-1.2047505,-0.23352315,0.5918271,-1.3796549,0.3362497,0.97164744,-1.4199212,0.0320462,0.6661168,-1.2006909,-18.974686,-12.126484,-6.948784,6.887381,-1.2595452,1.1006488,0.487305,-1.8331227,-1.8098696,-0.88968545,0.53094673,-0.44568524,1.3850785,2.7477465,-5.282339,-2.921808,-2.5810988,6.6000166,-4.321209,2.367945,5.3434687,3.3644063,8.060556,5.368207,-6.2587852,3.1293926,-10.711676,-2.548043,0.47415042,1.0637461,-3.2654533,-7.965727,0.44528908,-0.96479297,-0.44528908,0.8411016,0.98596776,0.03420307,0.024767945,0.16150606,0.23542342,-0.19813916,3.3971279,-3.834314,4.59567,3.833117,0.07557245,0.037801787,0.3261546,30.013200759887695,7.588350296020508,0.13980873,1.7146046,0.8434438,0.26630312,0.62845147,-0.44253978,-0.9931819,-0.648619,-0.66065466,1.6667217,0.073300526,0.1844679,-0.102274,-0.93129635,1.1725578,-0.1472275,0.15711287,0.5593651,-1.5482954,0.034952182,1.0986512,-1.089139,-0.0255685,0.43717593,-1.0068605,-0.16516367,1.0866804,-1.2816749,0.0,0.0,0.0,0.0,0.0,0.0,0.0,0.0,0.0,0.0,0.0,0.0,0.0,0.0,0.0,0.0,-6.48619,2.663031,-1.472275,1.844679,50.0,50.0,50.0,50.0,50.0,50.0,50.0,50.0,50.0,50.0,50.0,50.0,0.0,0.0,0.0,0.0,1.0,1.0,1.0,1.0,1.0,1.0,1.0,1.0,1.0,1.0,1.0,1.0,0.5,0.5,0.5,0.5
1788529340.1106179,335,15.876511999522336,2.3231880004459526,15.681081000366248,5.884054,21.571343,10911158,0,0,0.0,0.0,0.0,-0.110762596,0.73853767,-1.1984949,-0.2517502,0.57142,-1.38828,0.33891416,0.9700427,-1.3997169,0.061264038,0.60538006,-1.2346702,-19.00048,-12.053908,-6.989659,6.922594,-0.7673537,1.4998277,0.7501666,-1.2866739,-1.6936039,-0.7906069,-0.08526152,-0.038755238,1.6701822,2.5772233,-4.856031,-3.9247262,-1.9958948,6.1504564,-4.557616,3.580984,5.516637,2.2264454,7.396746,5.6650667,-5.269254,3.508713,-10.117957,-2.9438555,-0.66381055,0.049476564,-0.074214846,-5.2156544,0.049476564,-0.791625,-0.44528908,0.47002736,0.9827739,0.034937374,0.022621542,0.18006475,-0.18748651,-0.41545308,2.9230852,-2.7988217,4.9464207,4.9895163,0.07693268,0.031887144,0.36364943,30.05746841430664,6.2552618980407715,0.066964544,1.5629287,0.61121964,0.14253491,0.49432355,-0.40798736,-1.0275258,-0.5911994,-0.48045638,1.3626587,0.3853944,0.044232253,-0.073596805,-0.737903,1.1578813,0.010670559,0.12358089,0.5680032,-1.5568814,0.016741136,1.0607321,-1.1471951,-0.018399201,0.48552427,-1.0105296,-0.120114096,1.0106647,-1.2036513,0.0,0.0,0.0,0.0,0.0,0.0,0.0,0.0,0.0,0.0,0.0,0.0,0.0,0.0,0.0,0.0,-5.911994,1.4253491,0.10670558,0.44232252,50.0,50.0,50.0,50.0,50.0,50.0,50.0,50.0,50.0,50.0,50.0,50.0,0.0,0.0,0.0,0.0,1.0,1.0,1.0,1.0,1.0,1.0,1.0,1.0,1.0,1.0,1.0,1.0,0.5,0.5,0.5,0.5
1788529340.1245644,336,8.909602998755872,2.2103840001364006,5.801233999591204,4.506243,10.312694,10911176,0,0,0.0,0.0,0.0,-0.116636395,0.7477118,-1.1884165,-0.26534483,0.55004406,-1.4055619,0.34902686,0.9864531,-1.3872215,0.0844869,0.52423626,-1.2994062,-19.041477,-11.951509,-7.0568447,6.999196,0.11239019,0.63946146,0.6005377,-0.46118733,-1.3796865,-1.3122861,1.6703508,0.9921341,-1.9795501,1.554085,-6.0419416,-3.9591002,-2.7244933,5.7900324,-4.0305448,5.7396507,5.61559,-0.74214846,6.02171,6.2835236,-1.5585117,4.0776935,-13.927652,-8.138895,4.409599,-2.3996134,6.407215,-0.61639553,-0.32159767,-0.59371877,-0.6679336,0.791625,0.978516,0.031029152,0.018203199,0.20300844,-1.0780475,-0.11717907,2.1720738,3.6355953,6.870162,15.606604,0.06818672,0.023027917,0.4099128,30.066320419311523,6.152716636657715,-0.046717703,1.1714457,0.25270602,-0.053858932,0.29035482,0.0142599195,-0.7312851,-0.68993145,-0.22672506,0.9346738,0.7742707,-0.16559312,-0.03750436,-0.14597906,0.9206327,0.19729951,0.072588705,0.673565,-1.4828212,-0.011679426,0.9628614,-1.2368234,-0.00937609,0.6335052,-1.0698417,-0.056681264,0.90366846,-1.1064323,0.0,0.0,0.0,0.0,0.0,0.0,0.0,0.0,0.0,0.0,0.0,0.0,0.0,0.0,0.0,0.0,-6.8993144,-0.5385893,1.972995,-1.6559312,50.0,50.0,50.0,50.0,50.0,50.0,50.0,50.0,50.0,50.0,50.0,50.0,0.0,0.0,0.0,0.0,1.0,1.0,1.0,1.0,1.0,1.0,1.0,1.0,1.0,1.0,1.0,1.0,0.5,0.5,0.5,0.5
1788529340.1428974,337,6.031226999766659,2.0793710009456845,5.834994999531773,0.157414,5.998426,10911190,0,0,0.0,0.0,0.0,-0.113639,0.7544637,-1.1822715,-0.26819092,0.53439057,-1.4256715,0.37119,0.99817055,-1.4075205,0.09653735,0.46461982,-1.3427688,-19.073843,-11.877511,-7.119156,7.077161,0.5076936,-0.23253144,0.10918867,-0.038755238,-0.3565482,-1.314308,1.1704081,0.58520406,-0.5499874,-0.40693003,-4.1700635,-2.28083,-2.457082,5.317219,-3.759258,7.21235,6.234047,-2.3006601,3.8406184,6.679336,2.3253984,4.599259,-16.525173,-11.058012,4.4570136,-2.8449025,9.79636,3.508713,-0.74214846,-0.47002736,-0.56898046,1.2863907,0.9759989,0.024657456,0.01665585,0.21573362,-0.9970874,0.14381069,1.5254585,0.9684546,4.5394063,11.3138,0.05535925,0.02187504,0.4356876,29.924665451049805,10.322891235351562,-0.034906447,0.70090485,0.010819129,-0.2226826,0.18554218,0.10496207,-0.20300922,-0.761486,-0.11069627,0.4424873,0.92192614,-0.4600006,-0.039169066,0.30033997,0.455794,0.28054687,0.046385545,0.69624054,-1.3507522,-0.008726612,0.8452262,-1.2972952,-0.009792266,0.745085,-1.1860515,-0.027674068,0.7806218,-1.0695184,0.0,0.0,0.0,0.0,0.0,0.0,0.0,0.0,0.0,0.0,0.0,0.0,0.0,0.0,0.0,0.0,-7.61486,-2.226826,2.8054688,-4.600006,50.0,50.0,50.0,50.0,50.0,50.0,50.0,50.0,50.0,50.0,50.0,50.0,0.0,0.0,0.0,0.0,1.0,1.0,1.0,1.0,1.0,1.0,1.0,1.0,1.0,1.0,1.0,1.0,0.5,0.5,0.5,0.5
1788529340.1655009,338,9.041256000273279,2.226447999419179,8.830560000205878,1.573465,10.409945,10911204,0,0,0.0,0.0,0.0,-0.10564566,0.7548876,-1.1880057,-0.2679487,0.5297279,-1.4444857,0.38130268,0.9979586,-1.4111065,0.09178376,0.41060472,-1.3682177,-19.10182,-11.823738,-7.16106,7.181951,0.2596601,0.19377619,-0.68950623,-0.046506286,-0.7092209,-1.461915,0.4573118,-0.53094673,0.32958803,-0.6200838,-4.4723544,-2.9925783,-2.3911982,4.0305448,-3.6584945,8.425388,7.545176,-4.89818,2.418167,7.19884,5.442422,6.3062005,-17.613657,-12.616524,5.2630696,-3.686004,15.609856,10.051989,-1.0637461,-0.14842969,-0.9400547,1.8306329,0.97433347,0.017893134,0.016574549,0.22378428,-0.7691208,0.36645094,0.9022789,2.0638018,2.3511062,13.430274,0.042311106,0.02429226,0.4520417,29.738744735717773,15.928699493408203,-0.094433926,0.38140208,-0.4020371,-0.3282712,-0.001200977,0.22324702,0.50891733,-0.67959094,-0.0706839,-0.024335394,1.086114,-0.78435284,0.03383869,0.6695179,-0.00156736,0.30152437,-0.00030024425,0.7258118,-1.1727706,-0.023608482,0.7653505,-1.4005092,0.008459672,0.83737946,-1.3003918,-0.017670974,0.6639162,-1.0284715,0.0,0.0,0.0,0.0,0.0,0.0,0.0,0.0,0.0,0.0,0.0,0.0,0.0,0.0,0.0,0.0,-6.7959094,-3.282712,3.0152438,-7.8435283,50.0,50.0,50.0,50.0,50.0,50.0,50.0,50.0,50.0,50.0,50.0,50.0,0.0,0.0,0.0,0.0,1.0,1.0,1.0,1.0,1.0,1.0,1.0,1.0,1.0,1.0,1.0,1.0,0.5,0.5,0.5,0.5
1788529340.1932359,339,17.173040001580375,2.267985999424127,16.978056000880315,0.134373,17.118989,10911218,0,0,0.0,0.0,0.0,-0.10177016,0.7561289,-1.198021,-0.26852396,0.5170113,-1.4601879,0.38823622,0.98872393,-1.4085947,0.06952977,0.3583154,-1.388738,-19.133612,-11.786649,-7.197938,7.2924037,0.34492162,0.046506286,-0.6793962,0.12401676,-0.85649073,-1.1747892,0.3720503,-0.7479761,0.070770435,-1.6703508,-3.092668,-0.53987736,-2.1121604,2.2478037,-2.8446345,11.115003,7.2235785,-4.725012,2.7026572,7.124625,6.0856175,7.064841,-17.811563,-12.072282,5.5001445,-1.4842969,16.450958,8.202802,-1.1626992,0.791625,-1.311129,0.9895313,0.9735554,0.012680532,0.018333275,0.22736117,-0.7605987,0.48256475,0.2119876,3.6523547,4.819528,10.407595,0.03304777,0.029935267,0.45934486,29.694477081298828,17.12506103515625,-0.22183307,0.0071416013,-0.5748287,-0.40206933,-0.20904535,0.44181287,1.2250259,-0.42020425,-0.029149827,-0.4844937,1.2848788,-1.06926,0.15701526,1.1377885,-0.58906794,0.1954589,-0.052261338,0.7804532,-0.9937435,-0.055458266,0.6717854,-1.4437071,0.039253816,0.95444715,-1.4472669,-0.0072874567,0.5488766,-0.97878027,0.0,0.0,0.0,0.0,0.0,0.0,0.0,0.0,0.0,0.0,0.0,0.0,0.0,0.0,0.0,0.0,-4.2020426,-4.0206933,1.954589,-10.6926,50.0,50.0,50.0,50.0,50.0,50.0,50.0,50.0,50.0,50.0,50.0,50.0,0.0,0.0,0.0,0.0,1.0,1.0,1.0,1.0,1.0,1.0,1.0,1.0,1.0,1.0,1.0,1.0,0.5,0.5,0.5,0.5
1788529340.2115886,340,13.020280999626266,2.297394999914104,7.141506999687408,2.888777,10.03598,10911236,0,0,0.0,0.0,0.0,-0.0959872,0.75503886,-1.2163613,-0.2664651,0.5054756,-1.478765,0.38875097,0.9714052,-1.3999537,0.03461981,0.3276443,-1.3857998,-19.1661,-11.7625475,-7.2404776,7.4751287,0.44180974,-0.1782741,-1.134349,0.25578457,-0.5503244,-0.9928081,-0.14339438,-1.058018,0.61671376,-1.9726416,-1.2750474,0.8553112,-2.0540276,0.6704656,-2.3563185,10.913475,7.3472695,-4.106555,1.8017715,6.7040744,8.262587,8.392462,-17.71261,-11.849637,6.6855206,0.049476564,17.687872,10.194234,-1.1626992,1.311129,-1.5585117,1.4595586,0.97387886,0.0074948254,0.02196889,0.2258785,-0.39308253,0.52411,-0.50919634,3.6990416,1.0474633,11.980585,0.024544228,0.03941444,0.45629826,29.57938003540039,20.440692901611328,-0.3739418,-0.31023353,-0.7587768,-0.35230705,-0.37029937,0.4694988,1.8140156,-0.1957956,0.06733844,-0.8875723,1.18677,-1.256908,0.3240911,1.4591807,-1.0393326,0.10242149,-0.09257484,0.78737473,-0.84649605,-0.09348545,0.5924416,-1.4896941,0.08102278,1.0347952,-1.559833,0.01683461,0.44810694,-1.0033075,0.0,0.0,0.0,0.0,0.0,0.0,0.0,0.0,0.0,0.0,0.0,0.0,0.0,0.0,0.0,0.0,-1.957956,-3.5230706,1.024215,-12.56908,50.0,50.0,50.0,50.0,50.0,50.0,50.0,50.0,50.0,50.0,50.0,50.0,0.0,0.0,0.0,0.0,1.0,1.0,1.0,1.0,1.0,1.0,1.0,1.0,1.0,1.0,1.0,1.0,0.5,0.5,0.5,0.5
1788529340.2273562,341,7.714584000495961,2.1742869994341163,7.51371200021822,1.574841,9.094634,10911246,0,0,0.0,0.0,0.0,-0.09159696,0.75261676,-1.2256815,-0.2617418,0.5008128,-1.4868374,0.38366434,0.96214026,-1.3951356,0.019904912,0.32219434,-1.375895,-19.189444,-11.75737,-7.260158,7.5666275,0.6975943,-0.3720503,-0.96045595,0.8371132,-0.24415801,-0.95438987,-0.34492162,-1.1897858,0.61064774,-1.8680025,0.11626572,1.3507043,-2.5152152,0.44180974,-2.5655968,11.851352,6.8772426,-3.7849572,2.0388467,5.7640195,8.262587,8.819198,-17.316797,-11.2559185,6.4958606,0.8411016,16.450958,9.483008,-0.96479297,1.4100821,-1.3606055,0.96479297,0.9746446,0.0043539265,0.023787793,0.22244808,-0.6455502,0.49321738,-0.8522115,2.5091233,0.6452374,10.943896,0.019090172,0.044446874,0.44920734,29.588233947753906,20.133056640625,-0.5107896,-0.52202785,-0.7037348,-0.36327273,-0.3961556,0.48759645,1.9573858,0.045284674,0.1547765,-1.1330404,0.9867513,-1.3493458,0.4526252,1.6084429,-1.3165246,-0.038373474,-0.0990389,0.79189914,-0.8106535,-0.1276974,0.5394931,-1.4759337,0.1131563,1.0721108,-1.6291311,0.038694125,0.3867399,-1.0533121,0.0,0.0,0.0,0.0,0.0,0.0,0.0,0.0,0.0,0.0,0.0,0.0,0.0,0.0,0.0,0.0,0.45284674,-3.6327271,-0.38373473,-13.493458,50.0,50.0,50.0,50.0,50.0,50.0,50.0,50.0,50.0,50.0,50.0,50.0,0.0,0.0,0.0,0.0,1.0,1.0,1.0,1.0,1.0,1.0,1.0,1.0,1.0,1.0,1.0,1.0,0.5,0.5,0.5,0.5
1788529340.2470856,342,7.266952001373284,1.8967089999932796,7.056672000544495,1.575737,8.63913,10911260,0,0,0.0,0.0,0.0,-0.078335404,0.74298847,-1.2397882,-0.24245502,0.5068683,-1.4904075,0.37494442,0.94515455,-1.3872215,-0.018305302,0.34517497,-1.3566544,-19.220175,-11.755584,-7.284229,7.715048,1.3331802,-0.65883905,-2.3516004,1.9338863,1.8214962,1.1040188,-1.0192627,-2.1664178,0.8553112,-4.3909683,3.1275477,1.2738678,-2.1896708,-0.5348223,-1.5308319,12.161394,8.732614,-7.7183437,-2.6552422,8.015203,16.549911,17.922886,-20.1617,-18.108423,5.83205,-0.59371877,24.565113,5.1208243,-1.2121758,0.6679336,-1.0884844,0.791625,0.9761579,-0.0017957288,0.025577636,0.21554223,-1.0524812,0.5709817,-1.1664644,2.9317,1.685518,10.1382475,0.00753005,0.050731495,0.43483043,28.658620834350586,46.897377014160156,-0.60378826,-0.88042605,-0.17267881,-0.53552073,-0.3299464,0.6374313,1.6302019,0.27039617,0.2125988,-1.1761339,0.7217383,-1.2945086,0.5100439,1.7171483,-1.5418376,-0.06718841,-0.0824866,0.82935786,-0.8924495,-0.15094706,0.4498935,-1.3431697,0.12751098,1.099287,-1.6854594,0.0531497,0.37596655,-1.1195654,0.0,0.0,0.0,0.0,0.0,0.0,0.0,0.0,0.0,0.0,0.0,0.0,0.0,0.0,0.0,0.0,2.7039618,-5.3552074,-0.6718841,-12.945086,50.0,50.0,50.0,50.0,50.0,50.0,50.0,50.0,50.0,50.0,50.0,50.0,0.0,0.0,0.0,0.0,1.0,1.0,1.0,1.0,1.0,1.0,1.0,1.0,1.0,1.0,1.0,1.0,0.5,0.5,0.5,0.5
1788529340.2698426,343,9.212750001097447,2.3000199998932658,8.946405001552193,8.913731,17.866856,10911268,0,0,0.0,0.0,0.0,-0.06761706,0.7404754,-1.256059,-0.22652905,0.51089525,-1.4869637,0.369555,0.935163,-1.3785015,-0.03404963,0.36210012,-1.3512676,-19.233225,-11.767059,-7.290284,7.7941933,1.0696446,-0.37980133,-3.073459,2.4144514,0.6084572,-0.052572325,-0.8332376,-0.67434114,1.2799338,-1.7517368,3.2244358,0.44686472,-1.8447493,-1.9067578,-0.18214962,12.064506,8.534707,-7.817297,-1.2802061,6.679336,17.514704,19.345337,-19.914316,-18.776356,5.83205,-2.2511837,23.60032,5.0259943,-1.3853438,1.311129,-1.7069415,0.86583984,0.977403,-0.0055996357,0.025301248,0.20979065,-0.97045577,0.14381069,-1.6990966,3.8067808,1.6412252,12.421119,-0.00033071532,0.051831737,0.4228573,28.75600814819336,43.75265121459961,-0.8273366,-1.0635213,-0.19786112,-0.52032906,-0.27928823,0.87113404,1.6889133,0.38427153,0.39148355,-1.4156855,0.57056355,-1.2104272,0.7243596,1.9186764,-1.4926428,-0.20375194,-0.06982206,0.8877835,-0.8777716,-0.20683415,0.4041197,-1.3494653,0.1810899,1.1496692,-1.6731607,0.09787089,0.31607863,-1.1573591,0.0,0.0,0.0,0.0,0.0,0.0,0.0,0.0,0.0,0.0,0.0,0.0,0.0,0.0,0.0,0.0,3.8427153,-5.2032905,-2.0375195,-12.104272,50.0,50.0,50.0,50.0,50.0,50.0,50.0,50.0,50.0,50.0,50.0,50.0,0.0,0.0,0.0,0.0,1.0,1.0,1.0,1.0,1.0,1.0,1.0,1.0,1.0,1.0,1.0,1.0,0.5,0.5,0.5,0.5
1788529340.293052,344,9.968840999135864,2.3713500013400335,8.355151001524064,0.122885,8.484884,10911294,0,0,0.0,0.0,0.0,-0.032646537,0.72893965,-1.3012859,-0.17908415,0.54083973,-1.4866161,0.34263828,0.9125154,-1.354885,-0.095179975,0.5075836,-1.3845202,-19.283485,-11.830278,-7.275751,8.015703,1.3951886,-0.8913705,-1.4133867,1.6315955,1.8214962,0.0080880495,-1.5502095,-1.2130389,1.314308,-1.5967158,5.6698914,-6.18938,-2.8136303,-3.3910832,0.77510476,3.8212664,5.61559,-5.1208243,-3.9828634,5.9371877,21.74495,21.621258,-17.193106,-20.804895,11.28478,-0.9400547,23.427153,10.051989,-1.0884844,1.7069415,-1.6327267,4.5023675,0.98268914,-0.01427082,0.023428887,0.18322006,-0.11185275,0.4026699,-2.3084278,5.755661,-7.369353,16.771383,-0.019489141,0.051298525,0.36816227,28.6674747467041,47.64937210083008,-0.88327324,-1.1550902,-0.29132596,-0.5426601,-0.1800819,0.86401236,2.1203928,0.29124853,0.32999244,-1.3080422,0.037719183,-1.2111077,0.89994234,2.0084298,-1.4880037,-0.31873098,-0.045020476,0.88600314,-0.76990175,-0.22081831,0.38122746,-1.3728315,0.22498558,1.1721075,-1.6720009,0.08249811,0.34298947,-1.2905701,0.0,0.0,0.0,0.0,0.0,0.0,0.0,0.0,0.0,0.0,0.0,0.0,0.0,0.0,0.0,0.0,2.9124854,-5.4266014,-3.1873097,-12.111077,50.0,50.0,50.0,50.0,50.0,50.0,50.0,50.0,50.0,50.0,50.0,50.0,0.0,0.0,0.0,0.0,1.0,1.0,1.0,1.0,1.0,1.0,1.0,1.0,1.0,1.0,1.0,1.0,0.5,0.5,0.5,0.5
1788529340.308346,345,4.973397000867408,2.298162999068154,4.786124998645391,5.869973,10.661827,10911304,0,0,0.0,0.0,0.0,-0.0148130655,0.72064364,-1.3191838,-0.16318846,0.557341,-1.4824616,0.3244112,0.8990419,-1.3408889,-0.11446673,0.5682901,-1.4401097,-19.308645,-11.879116,-7.2668796,8.055276,1.9183843,-0.6704656,-2.28083,1.9416375,1.7556124,0.69152826,-1.7478611,-1.6199689,1.8198113,-2.2167995,6.7279096,-5.325981,-2.7554975,-5.1466956,1.131653,5.6117587,5.788758,-5.516637,-6.3062005,5.1950393,20.112223,25.035141,-16.673601,-20.28539,11.806345,-0.074214846,17.71261,5.83205,-1.2616524,1.4842969,-1.8801094,2.2264454,0.9848629,-0.015427129,0.024292363,0.17093012,-0.16937703,0.38882148,-2.6322682,5.5485625,-1.2533646,12.955026,-0.022115648,0.053148236,0.3431031,28.711740493774414,44.98319625854492,-0.8497211,-1.2292709,-0.33429372,-0.4116328,-0.1883305,0.77817863,2.2841983,0.2236065,0.3166285,-1.249709,-0.27574107,-1.11537,0.93993366,1.9314601,-1.5626535,-0.47520563,-0.047082625,0.8645447,-0.7289504,-0.21243027,0.36268228,-1.3835734,0.23498341,1.152865,-1.6906633,0.07915712,0.35757276,-1.3689352,0.0,0.0,0.0,0.0,0.0,0.0,0.0,0.0,0.0,0.0,0.0,0.0,0.0,0.0,0.0,0.0,2.236065,-4.1163282,-4.752056,-11.1537,50.0,50.0,50.0,50.0,50.0,50.0,50.0,50.0,50.0,50.0,50.0,50.0,0.0,0.0,0.0,0.0,1.0,1.0,1.0,1.0,1.0,1.0,1.0,1.0,1.0,1.0,1.0,1.0,0.5,0.5,0.5,0.5
1788529340.335108,346,10.859369998797774,2.25256200064905,10.667362999811303,0.134629,10.808232,10911322,0,0,0.0,0.0,0.0,0.025274396,0.7093804,-1.3650109,-0.12485709,0.5869221,-1.464611,0.28995538,0.8591058,-1.3077469,-0.15679473,0.6954557,-1.5147505,-19.360723,-11.973188,-7.2537394,8.169181,3.1042945,-1.0773956,-3.24533,2.1896708,2.0695298,1.4497828,-2.050152,-2.4764597,2.3091383,-3.4995983,7.487512,-2.596264,-3.6236145,-5.999311,0.162772,6.778291,3.7602189,-4.675535,-6.069125,5.318731,16.178837,29.16025,-15.535641,-18.825832,9.767498,3.3644063,12.121758,5.594975,-0.89057815,2.0780158,-1.9048477,1.0637461,0.9888675,-0.01689535,0.026883963,0.14537117,0.091612734,0.6657902,-3.0615697,4.5765166,-2.0733786,12.770672,-0.025644317,0.058114253,0.29117906,29.00390625,36.4719352722168,-0.8309845,-1.309431,-0.40347475,-0.21527898,-0.13073258,0.57516223,2.3200035,0.14500394,0.3531799,-1.1705213,-0.59756523,-0.86573964,0.9240847,1.9285455,-1.5311929,-0.57870966,-0.032683145,0.81379056,-0.7199991,-0.20774612,0.34264228,-1.4008687,0.23102118,1.1521363,-1.6827981,0.088294975,0.3773697,-1.4493912,0.0,0.0,0.0,0.0,0.0,0.0,0.0,0.0,0.0,0.0,0.0,0.0,0.0,0.0,0.0,0.0,1.4500394,-2.1527898,-5.7870965,-8.657396,50.0,50.0,50.0,50.0,50.0,50.0,50.0,50.0,50.0,50.0,50.0,50.0,0.0,0.0,0.0,0.0,1.0,1.0,1.0,1.0,1.0,1.0,1.0,1.0,1.0,1.0,1.0,1.0,0.5,0.5,0.5,0.5
1788529340.364626,347,8.696635000887909,2.2554739989573136,8.470386999761104,2.903977,11.380413,10911344,0,0,0.0,0.0,0.0,0.09969652,0.68273616,-1.430126,-0.07744248,0.6204091,-1.4346125,0.23669721,0.80542374,-1.2462966,-0.23442632,0.86101323,-1.524039,-19.444199,-12.084731,-7.257524,8.307973,4.173939,-1.7866164,-3.24533,2.1702933,1.9958948,1.7793709,-3.158552,-3.1934316,4.1936536,-4.18169,7.828558,0.96449995,-4.228196,-5.414107,-0.39917895,6.301602,0.24738282,-3.2901914,-3.508713,4.527106,18.528973,26.789497,-12.591785,-17.910517,6.5906906,6.2587852,7.0751486,2.9871476,-0.14842969,2.4985664,-1.9048477,0.22264454,0.9934334,-0.01773564,0.032314375,0.10831201,0.026631609,0.8170577,-3.5473301,1.8351556,-3.0095115,12.612655,-0.028307661,0.06809895,0.21623376,29.189828872680664,31.07122039794922,-0.81202525,-1.5199479,-0.16656983,-0.062700205,-0.118591465,0.5601635,2.0930104,0.078095876,0.4498835,-1.1235684,-0.83667904,-0.648281,0.96665406,1.9485708,-1.496406,-0.58245504,-0.029647866,0.8100409,-0.77674735,-0.20300631,0.29001305,-1.3416424,0.24166352,1.1571428,-1.6741015,0.11247087,0.3891079,-1.5091697,0.0,0.0,0.0,0.0,0.0,0.0,0.0,0.0,0.0,0.0,0.0,0.0,0.0,0.0,0.0,0.0,0.7809588,-0.62700206,-5.8245506,-6.48281,50.0,50.0,50.0,50.0,50.0,50.0,50.0,50.0,50.0,50.0,50.0,50.0,0.0,0.0,0.0,0.0,1.0,1.0,1.0,1.0,1.0,1.0,1.0,1.0,1.0,1.0,1.0,1.0,0.5,0.5,0.5,0.5
1788529340.3757093,348,6.069499999284744,2.031752999755554,5.846259999088943,1.560729,7.414093,10911354,0,0,0.0,0.0,0.0,0.1345762,0.66923237,-1.453616,-0.055097662,0.6375462,-1.4189262,0.21853068,0.7759032,-1.210943,-0.27036577,0.91345394,-1.5115595,-19.472992,-12.13154,-7.261672,8.361261,3.10817,-1.7517368,-2.3455346,2.8601365,2.1044095,1.5084213,-2.4648333,-3.1314232,3.7710533,-3.5189755,7.340242,1.5933458,-3.6739967,-4.925791,-0.6239593,5.7435265,-0.56898046,-2.7706876,-2.8449025,3.1170235,17.663134,26.599838,-12.319664,-15.906715,5.3104844,7.6441293,5.0466094,1.4698663,-0.24738282,2.3006601,-1.7811563,0.5442422,0.9951938,-0.018430607,0.03496711,0.089592926,-0.060720067,0.75740296,-3.8466694,2.7868507,-0.5494693,8.288726,-0.030504324,0.072965324,0.17845367,29.331483840942383,26.866863250732422,-0.83575976,-1.558253,-0.18205354,0.124786414,-0.089240305,0.65572935,2.0431762,0.106271766,0.511955,-1.1439196,-0.88950574,-0.45884836,1.0420551,1.969972,-1.3925947,-0.6564318,-0.022310076,0.83393234,-0.7892059,-0.20893994,0.28043675,-1.3455133,0.26051378,1.162493,-1.6481487,0.12798876,0.38402012,-1.5223764,0.0,0.0,0.0,0.0,0.0,0.0,0.0,0.0,0.0,0.0,0.0,0.0,0.0,0.0,0.0,0.0,1.0627177,1.2478641,-6.5643177,-4.588484,50.0,50.0,50.0,50.0,50.0,50.0,50.0,50.0,50.0,50.0,50.0,50.0,0.0,0.0,0.0,0.0,1.0,1.0,1.0,1.0,1.0,1.0,1.0,1.0,1.0,1.0,1.0,1.0,0.5,0.5,0.5,0.5
1788529340.3985043,349,7.463086998541257,2.314291999937268,5.734927999583306,0.141253,5.882709,10911372,0,0,0.0,0.0,0.0,0.20948291,0.6353822,-1.485052,-0.010801641,0.6700642,-1.3860526,0.17547604,0.7198292,-1.1481817,-0.33543223,1.0269039,-1.4630153,-19.538725,-12.204236,-7.2708764,8.450216,4.4452257,-1.88738,-1.5124654,2.7903771,2.7283688,2.2120817,-2.0036457,-3.4647183,4.1936536,-3.5228512,5.5807543,4.5758142,-3.611988,-3.7398803,-0.7208474,5.6466384,-5.0466094,-0.7668867,-0.66381055,1.9295859,18.875309,22.047995,-10.21691,-13.037075,3.413883,9.722145,2.2017071,-2.7974875,-0.56898046,2.548043,-1.5090352,0.22264454,0.9975295,-0.020626431,0.039783802,0.054099873,-0.17257282,0.7765777,-3.9755664,2.2613235,0.19393034,3.5350387,-0.03697807,0.08169364,0.10685012,29.50855255126953,21.671236038208008,-0.7901,-1.6947387,-0.07957882,0.22071087,-0.043643434,0.5760743,1.8444941,0.06897316,0.5477108,-1.1483365,-0.9933377,-0.12575352,1.0451748,1.8474798,-1.314752,-0.7337231,-0.010910858,0.8140186,-0.8388764,-0.197525,0.24631533,-1.3198947,0.2612937,1.13187,-1.628688,0.1369277,0.38291588,-1.5483344,0.0,0.0,0.0,0.0,0.0,0.0,0.0,0.0,0.0,0.0,0.0,0.0,0.0,0.0,0.0,0.0,0.6897316,2.2071087,-7.337231,-1.2575352,50.0,50.0,50.0,50.0,50.0,50.0,50.0,50.0,50.0,50.0,50.0,50.0,0.0,0.0,0.0,0.0,1.0,1.0,1.0,1.0,1.0,1.0,1.0,1.0,1.0,1.0,1.0,1.0,0.5,0.5,0.5,0.5
1788529340.4179091,350,7.339690000662813,2.3119559991755523,7.136067000828916,1.545432,8.687516,10911384,0,0,0.0,0.0,0.0,0.25641298,0.61630726,-1.4975632,0.015358145,0.70234007,-1.3568599,0.15403956,0.684132,-1.1076624,-0.37424797,1.0778608,-1.4055934,-19.576208,-12.236209,-7.2802925,8.504171,4.111931,-1.8369983,-0.640978,2.3795717,2.8523855,2.4729211,-1.9765172,-2.6896136,3.3161006,-3.7631335,4.6002464,5.4432573,-3.9762876,-2.2361772,-0.77122927,5.119567,-6.679336,0.0,0.04741504,0.56898046,18.405281,17.543566,-8.683137,-10.983797,1.5172813,12.022805,0.024738282,-3.8406184,-1.0884844,2.3996134,-1.2121758,-0.024738282,0.9984008,-0.022215482,0.042481102,0.029963048,-0.04900216,0.7062702,-3.9606528,1.258153,-2.255338,5.5964465,-0.041982573,0.08626457,0.058191884,29.623647689819336,18.526514053344727,-0.74802136,-1.6587794,-0.11682712,0.28994572,-0.022015344,0.3569351,1.6664302,-0.027829636,0.5824501,-1.0610822,-1.0441604,0.21175571,0.9707162,1.626133,-1.2313938,-0.7908681,-0.005503836,0.7592338,-0.8833924,-0.18700534,0.25530517,-1.3292067,0.24267904,1.0765333,-1.6078484,0.14561252,0.40472946,-1.56104,0.0,0.0,0.0,0.0,0.0,0.0,0.0,0.0,0.0,0.0,0.0,0.0,0.0,0.0,0.0,0.0,-0.27829635,2.8994572,-7.908681,2.117557,50.0,50.0,50.0,50.0,50.0,50.0,50.0,50.0,50.0,50.0,50.0,50.0,0.0,0.0,0.0,0.0,1.0,1.0,1.0,1.0,1.0,1.0,1.0,1.0,1.0,1.0,1.0,1.0,0.5,0.5,0.5,0.5
1788529340.4537666,351,8.476756000163732,2.758947999609518,8.186986000509933,1.972359,10.170065,10911406,0,0,0.0,0.0,0.0,0.32738352,0.5898144,-1.5023972,0.0536895,0.7692231,-1.3066413,0.11552654,0.6328418,-1.0577756,-0.43622607,1.1540089,-1.306183,-19.658625,-12.259674,-7.2989435,8.598425,2.5655968,-1.4106907,-0.115254715,1.449446,3.7708848,2.5679557,-1.5385829,-2.116036,2.2970061,-2.123787,3.2244358,4.543462,-4.2940803,-0.2286559,-1.050267,4.592496,-9.524239,0.024738282,-0.66381055,-1.58325,14.471895,11.56927,-6.159832,-8.831567,0.23707521,14.669801,-4.1807694,-6.1165404,-1.1626992,1.6327267,-0.74214846,-0.44528908,0.99847955,-0.025943939,0.047190465,-0.011773784,-0.09800432,0.560329,-3.538808,-0.6679823,-2.7700913,3.5434184,-0.053178746,0.09376384,-0.026077868,29.747596740722656,15.074155807495117,-0.63613033,-1.5919842,0.070396,0.3498445,0.0866934,0.22892827,1.360516,-0.16081262,0.5475523,-0.86688507,-1.056639,0.6323262,0.8062579,1.3354756,-1.0734648,-0.7948202,0.02167335,0.7272321,-0.95987093,-0.15903258,0.27200398,-1.282401,0.20156448,1.0038689,-1.5683662,0.13688807,0.45327875,-1.5641596,0.0,0.0,0.0,0.0,0.0,0.0,0.0,0.0,0.0,0.0,0.0,0.0,0.0,0.0,0.0,0.0,-1.6081262,3.4984448,-7.948202,6.3232617,50.0,50.0,50.0,50.0,50.0,50.0,50.0,50.0,50.0,50.0,50.0,50.0,0.0,0.0,0.0,0.0,1.0,1.0,1.0,1.0,1.0,1.0,1.0,1.0,1.0,1.0,1.0,1.0,0.5,0.5,0.5,0.5
1788529340.4765162,352,10.28334900001937,2.5554530002409592,6.053146998965531,2.652289,8.713533,10911421,0,0,0.0,0.0,0.0,0.3549664,0.5776732,-1.5053984,0.075943485,0.8226024,-1.2667696,0.08803454,0.6023221,-1.030431,-0.4604481,1.1936119,-1.2453173,-19.718634,-12.255859,-7.3149,8.65459,1.0928978,-0.52319574,-0.22848742,1.0618935,3.9452832,2.776223,-1.848625,-1.9765172,1.4315848,-0.81773555,2.100534,3.7124147,-4.3987193,0.5193202,-1.464948,3.7670093,-9.623192,-0.074214846,-0.33190528,-2.3006601,11.453825,9.435593,-4.4281526,-6.4566917,-0.14224511,14.570848,-7.5946527,-5.784635,-1.1132227,0.9895313,-0.5442422,-0.17316797,0.9976406,-0.026832573,0.051801555,-0.03619585,0.121440135,0.82877564,-2.9635653,-1.3383588,-1.9165585,2.087744,-0.05761729,0.10159087,-0.07546114,29.800716400146484,13.433431625366211,-0.44572577,-1.5763899,0.38955635,0.42927608,0.20639865,0.022069179,1.142196,-0.29974407,0.43028468,-0.4532488,-1.1110193,1.0603691,0.5767126,0.9264444,-0.8839204,-0.78132945,0.051599663,0.6755173,-1.0144509,-0.11143144,0.27590254,-1.2026109,0.14417815,0.9016111,-1.52098,0.10757117,0.55668783,-1.5777547,0.0,0.0,0.0,0.0,0.0,0.0,0.0,0.0,0.0,0.0,0.0,0.0,0.0,0.0,0.0,0.0,-2.9974408,4.292761,-7.8132944,10.603691,50.0,50.0,50.0,50.0,50.0,50.0,50.0,50.0,50.0,50.0,50.0,50.0,0.0,0.0,0.0,0.0,1.0,1.0,1.0,1.0,1.0,1.0,1.0,1.0,1.0,1.0,1.0,1.0,0.5,0.5,0.5,0.5
1788529340.4977937,353,11.10530000005383,2.417240000795573,10.850729999219766,0.175783,11.033393,10911436,0,0,0.0,0.0,0.0,0.3569647,0.57116354,-1.5224277,0.07972817,0.8713492,-1.2336435,0.06157197,0.5781909,-1.0171458,-0.45493764,1.2124748,-1.1982107,-19.773165,-12.246413,-7.3314314,8.69492,-0.20152724,-0.41080552,-1.9755062,0.019377619,3.95691,2.3940628,-1.7401102,-1.8990066,0.52774525,1.4223173,1.1936613,3.3484528,-3.507349,0.9533789,-1.2169144,2.131538,-10.340602,-0.14842969,0.52156544,-2.3501368,7.8420353,5.0734096,-2.622258,-5.318731,0.09483008,13.630794,-7.8420353,-7.017426,-1.4100821,0.791625,-0.12369141,-0.24738282,0.9964,-0.02557984,0.057894062,-0.056401588,0.30679613,1.0322411,-2.3116236,-2.5222914,-3.3614593,2.4827871,-0.05790579,0.11272437,-0.11635813,29.853837966918945,11.65597915649414,-0.26174456,-1.3196679,0.6697563,0.6591433,0.4042284,-0.12548268,0.9543354,-0.3655016,0.32340726,-0.00051998347,-1.0337089,1.4171786,0.31147474,0.4920911,-0.5803894,-0.73626614,0.1010571,0.6386293,-1.0614161,-0.06543614,0.34008303,-1.1325608,0.077868685,0.7930228,-1.4450973,0.080851816,0.66987,-1.5584272,0.0,0.0,0.0,0.0,0.0,0.0,0.0,0.0,0.0,0.0,0.0,0.0,0.0,0.0,0.0,0.0,-3.6550162,6.5914335,-7.3626614,14.171786,50.0,50.0,50.0,50.0,50.0,50.0,50.0,50.0,50.0,50.0,50.0,50.0,0.0,0.0,0.0,0.0,1.0,1.0,1.0,1.0,1.0,1.0,1.0,1.0,1.0,1.0,1.0,1.0,0.5,0.5,0.5,0.5
1788529340.5167608,354,9.61490900044737,2.440599999317783,9.38081999993301,0.161541,9.549562,10911452,0,0,0.0,0.0,0.0,0.34782088,0.5709516,-1.5556487,0.07488377,0.92757463,-1.1993957,0.037259117,0.55620944,-1.0088997,-0.4469443,1.2125959,-1.1800758,-19.81634,-12.226944,-7.347539,8.66982,-1.0735201,0.11239019,-2.7337608,-0.7906069,2.9609,2.1453552,-1.4339437,-0.8332376,0.75421065,-0.8293621,-1.0618935,-0.3093679,-2.9841533,1.302176,-0.5503244,-3.123672,-10.711676,-0.14842969,2.6552422,-2.3006601,3.9086485,1.2327911,-1.4100821,-2.7459493,-0.80605567,18.00947,-9.35107,-0.66381055,-1.2616524,0.074214846,0.32159767,1.7069415,0.9947928,-0.023449734,0.06729074,-0.072864875,0.16511597,1.4136057,-1.6138754,-0.4165911,0.33877954,5.876568,-0.056979075,0.13083632,-0.14996523,29.82727813720703,12.681432723999023,-0.05507526,-1.1555327,1.2548817,0.88708746,0.56851214,-0.1850153,0.58130795,-0.34806275,0.19441517,0.5758929,-0.9157763,1.5809515,0.058778085,0.07670477,-0.3710035,-0.6582609,0.14212804,0.6237462,-1.154673,-0.013768815,0.38111684,-0.9862795,0.014694521,0.6891762,-1.3927509,0.04860379,0.81397325,-1.528944,0.0,0.0,0.0,0.0,0.0,0.0,0.0,0.0,0.0,0.0,0.0,0.0,0.0,0.0,0.0,0.0,-3.4806275,8.870874,-6.5826087,15.809515,50.0,50.0,50.0,50.0,50.0,50.0,50.0,50.0,50.0,50.0,50.0,50.0,0.0,0.0,0.0,0.0,1.0,1.0,1.0,1.0,1.0,1.0,1.0,1.0,1.0,1.0,1.0,1.0,0.5,0.5,0.5,0.5
1788529340.5394907,355,11.980851000771509,2.169039000364137,7.846587999665644,1.205324,9.057545,10911472,0,0,0.0,0.0,0.0,0.32505214,0.5852425,-1.6107327,0.06262137,0.96745014,-1.1831564,0.023301184,0.5530303,-1.0115694,-0.45057768,1.170722,-1.1763635,-19.87644,-12.2181635,-7.343482,8.647626,-1.8369983,0.046506286,-2.5740218,-0.48056495,2.2167995,-0.57627356,0.03100419,0.33329505,-1.0251603,1.9300109,-3.817391,1.3648584,-3.8406441,-0.4999426,1.1355284,0.162772,-11.2559185,4.6260586,9.245933,-3.3644063,-2.7706876,-1.8017715,-1.7069415,3.9086485,-1.9914317,18.331066,-9.994266,2.2759218,-1.4100821,-0.024738282,0.37107423,-0.96479297,0.9924963,-0.025728825,0.08619357,-0.08282428,-0.390952,1.8024272,-0.42184466,-1.8567034,-0.61291564,4.784812,-0.06632685,0.16761541,-0.1720889,29.70332908630371,16.0312442779541,0.09423071,-0.9216318,1.8139138,1.2593929,0.6747221,-0.26718873,0.118151166,-0.29839927,0.1264458,1.1314644,-0.85964614,1.7953814,-0.21590585,-0.423193,-0.039061822,-0.50460273,0.16868052,0.6032028,-1.2704622,0.023557678,0.43959206,-0.8465215,-0.05397646,0.5642018,-1.3097655,0.03161145,0.9528661,-1.5149115,0.0,0.0,0.0,0.0,0.0,0.0,0.0,0.0,0.0,0.0,0.0,0.0,0.0,0.0,0.0,0.0,-2.9839926,12.593928,-5.046027,17.953814,50.0,50.0,50.0,50.0,50.0,50.0,50.0,50.0,50.0,50.0,50.0,50.0,0.0,0.0,0.0,0.0,1.0,1.0,1.0,1.0,1.0,1.0,1.0,1.0,1.0,1.0,1.0,1.0,0.5,0.5,0.5,0.5
1788529340.5678442,356,20.53143299963267,2.180430999942473,8.363023998754215,2.741475,11.110291,10911494,0,0,0.0,0.0,0.0,0.28033233,0.60325766,-1.6587397,0.055324487,1.0040859,-1.2102008,0.03353499,0.5883339,-1.0660058,-0.39738005,1.0848248,-1.1196998,-19.96694,-12.26906,-7.3127804,8.667094,-2.3989491,1.065769,-2.1675975,0.0038755238,1.5192053,-0.93416977,0.6200838,2.3873227,-4.7557735,2.7787507,-3.8057644,3.6638865,-5.088563,-4.5614915,1.879629,1.782741,-9.697407,3.8096955,18.15996,-3.3644063,-9.895313,-3.8880334,-2.8449025,5.6403284,-1.6595265,16.673601,-11.849637,-0.42673537,-0.9400547,1.1874375,0.44528908,-3.1912384,0.9905954,-0.030867333,0.10748228,-0.07883872,-0.56778586,1.8492988,1.1036139,-2.5079262,-2.7641058,12.514492,-0.07993438,0.2096073,-0.16725227,29.63250160217285,18.25305938720703,0.20351446,-0.7058882,2.4334764,1.4650351,0.76181704,-0.43342018,-0.53173816,-0.08479647,-0.024845924,1.6737357,-0.8734609,2.0304363,-0.43220755,-0.8793446,0.1806322,-0.30825916,0.19045426,0.561645,-1.4329345,0.050878614,0.49352795,-0.69163084,-0.10805189,0.45016387,-1.2548419,-0.006211481,1.088434,-1.5183651,0.0,0.0,0.0,0.0,0.0,0.0,0.0,0.0,0.0,0.0,0.0,0.0,0.0,0.0,0.0,0.0,-0.84796476,14.650351,-3.0825915,20.304363,50.0,50.0,50.0,50.0,50.0,50.0,50.0,50.0,50.0,50.0,50.0,50.0,0.0,0.0,0.0,0.0,1.0,1.0,1.0,1.0,1.0,1.0,1.0,1.0,1.0,1.0,1.0,1.0,0.5,0.5,0.5,0.5
1788529340.5787525,357,5.975193000267609,2.1937109995633364,5.779986000561621,1.609178,7.394668,10911504,0,0,0.0,0.0,0.0,0.25992525,0.6213939,-1.6764165,0.05508226,1.0170144,-1.2206742,0.044162393,0.6132523,-1.1069989,-0.37297636,1.0410435,-1.0939192,-20.015081,-12.310632,-7.2948866,8.684625,-2.5849745,2.2478037,-1.3345282,-0.09301257,0.8448642,-1.8198113,1.5812138,3.8057644,-4.733531,2.7283688,-5.14282,2.4992073,-5.0188036,-4.7397656,2.2749324,1.88738,-10.909582,3.339668,27.026573,-4.0076017,-9.771622,-6.3062005,-3.3891447,7.5946527,-5.0734096,16.005669,-14.793492,0.52156544,-0.59371877,0.89057815,0.32159767,-4.6260586,0.99000645,-0.032503415,0.117047474,-0.07162775,-0.5912217,1.7342503,1.6948355,-2.1499932,-3.3039982,13.977349,-0.08339805,0.22909802,-0.15405054,29.384605407714844,26.490863800048828,0.21977773,-0.4893869,2.613372,1.6778563,0.78108937,-0.3864665,-0.8172183,-0.08609858,-0.11828905,1.8014985,-0.77426267,2.0565426,-0.45411405,-0.9545214,0.26455203,-0.20712537,0.19527234,0.5733834,-1.5043045,0.054944433,0.5476533,-0.64665693,-0.11352851,0.43136966,-1.2338619,-0.029572263,1.1203747,-1.4935656,0.0,0.0,0.0,0.0,0.0,0.0,0.0,0.0,0.0,0.0,0.0,0.0,0.0,0.0,0.0,0.0,-0.8609858,16.778563,-2.0712538,20.565426,50.0,50.0,50.0,50.0,50.0,50.0,50.0,50.0,50.0,50.0,50.0,50.0,0.0,0.0,0.0,0.0,1.0,1.0,1.0,1.0,1.0,1.0,1.0,1.0,1.0,1.0,1.0,1.0,0.5,0.5,0.5,0.5
1788529340.6018744,358,7.426029000271228,2.2363370007951744,5.883030000404688,0.108036,5.996986,10911524,0,0,0.0,0.0,0.0,0.20591009,0.658605,-1.6948673,0.05305367,1.0225855,-1.2741153,0.07186633,0.6932758,-1.2046558,-0.3189612,0.9753412,-1.0304627,-20.117056,-12.378665,-7.250106,8.695404,-2.7826262,2.2245505,-1.0251603,-0.27128667,0.32166848,-2.1312013,1.5812138,4.607998,-4.23005,3.476345,-3.8600218,3.1887136,-6.4449964,-1.2440431,2.2090485,0.2945398,-8.039942,1.0884844,28.117119,-3.6612659,-13.655532,-4.4570136,-4.8487034,2.9191172,-1.4698663,12.171235,-12.022805,-2.8923175,-0.12369141,-1.0884844,0.2721211,-3.9828634,0.98955834,-0.030474544,0.1318466,-0.049620867,0.09800432,1.0141317,2.801645,-3.8869865,-0.22744916,13.101071,-0.07604078,0.26086405,-0.110184506,29.57938003540039,19.859601974487305,0.25281632,0.16664144,2.5177326,1.7974571,0.8754046,-0.47100317,-1.0085905,-0.07231714,-0.33663774,2.0740225,-0.7482269,1.863566,-0.5222578,-1.2293613,0.4878961,-0.16174462,0.21885115,0.5522492,-1.5521476,0.06320408,0.7116604,-0.6705668,-0.13056445,0.3626597,-1.178026,-0.084159434,1.1885056,-1.4870567,0.0,0.0,0.0,0.0,0.0,0.0,0.0,0.0,0.0,0.0,0.0,0.0,0.0,0.0,0.0,0.0,-0.72317135,17.974571,-1.6174462,18.63566,50.0,50.0,50.0,50.0,50.0,50.0,50.0,50.0,50.0,50.0,50.0,50.0,0.0,0.0,0.0,0.0,1.0,1.0,1.0,1.0,1.0,1.0,1.0,1.0,1.0,1.0,1.0,1.0,0.5,0.5,0.5,0.5
1788529340.6314337,359,12.68785300089803,2.26053000005777,11.101363001216669,0.135717,11.243128,10911542,0,0,0.0,0.0,0.0,0.14807999,0.7015083,-1.699638,0.03491743,1.01435,-1.3063095,0.10541384,0.76681995,-1.2743678,-0.2601623,0.9073984,-0.9794384,-20.217607,-12.395772,-7.220343,8.682415,-3.7941377,3.003531,0.0080880495,-1.3990641,-0.9882586,-1.3325062,1.5812138,4.2940803,-4.747685,3.3717058,-3.7825112,4.167368,-5.708647,-0.68596774,1.6703508,-2.8020036,-6.407215,1.5090352,37.07856,-3.339668,-16.97046,-5.974295,-5.021871,4.9476566,-5.0259943,9.821098,-14.719277,-3.603543,0.9895313,-1.6822032,0.12369141,-3.686004,0.9896027,-0.02316066,0.14022483,-0.022068344,0.8415588,0.5145227,3.5366776,-5.839458,-1.7633295,14.204799,-0.05416612,0.28016216,-0.052232515,29.313777923583984,27.584678649902344,0.27487376,0.7870157,2.2698295,1.7932545,0.9109627,-0.5043401,-1.053973,-0.011588568,-0.5851261,2.1739192,-0.57862335,1.5027148,-0.48252794,-1.3349688,0.55480266,-0.035389893,0.22774068,0.543915,-1.5634933,0.06871844,0.86675394,-0.7325426,-0.120631985,0.33625782,-1.1612992,-0.14628153,1.2134798,-1.4446558,0.0,0.0,0.0,0.0,0.0,0.0,0.0,0.0,0.0,0.0,0.0,0.0,0.0,0.0,0.0,0.0,-0.115885675,17.932545,-0.35389894,15.027147,50.0,50.0,50.0,50.0,50.0,50.0,50.0,50.0,50.0,50.0,50.0,50.0,0.0,0.0,0.0,0.0,1.0,1.0,1.0,1.0,1.0,1.0,1.0,1.0,1.0,1.0,1.0,1.0,0.5,0.5,0.5,0.5
1788529340.6468782,360,10.355512000387534,2.236305001133587,10.15336000091338,1.60105,11.760651,10911552,0,0,0.0,0.0,0.0,0.113654494,0.7305747,-1.6983427,0.019052004,1.0042373,-1.315535,0.12103705,0.8175045,-1.3066884,-0.23409325,0.8691882,-0.9399934,-20.263176,-12.399314,-7.199815,8.6497755,-4.1623125,2.73612,0.58840567,-2.1392891,-1.5695871,-1.2192736,2.3989491,5.5575013,-4.1067076,2.856261,-5.762904,3.3545187,-4.7630186,-0.34492162,1.5230808,-4.817276,-6.2587852,0.22264454,42.958027,-3.5375743,-19.963793,-7.6338215,-4.5023675,5.6403284,-8.961443,10.019004,-16.549911,-6.4484453,1.4100821,-1.5585117,-0.24738282,-3.587051,0.989605,-0.015555719,0.1429057,-0.004223829,1.00774,0.19707389,3.8424084,-3.9815574,-0.09696517,10.31063,-0.033362176,0.28661713,-0.013350865,28.959638595581055,38.4202995300293,0.264167,1.1204433,1.9575559,1.701957,0.8993189,-0.4241714,-1.0663632,-0.014167789,-0.7789651,2.1283867,-0.30480853,1.1899923,-0.44406924,-1.3006917,0.56641847,0.014330642,0.22482972,0.56395715,-1.5665908,0.06604175,0.95011085,-0.810611,-0.11101731,0.3448271,-1.1583953,-0.19474128,1.2020967,-1.3762021,0.0,0.0,0.0,0.0,0.0,0.0,0.0,0.0,0.0,0.0,0.0,0.0,0.0,0.0,0.0,0.0,-0.14167789,17.01957,0.14330642,11.899923,50.0,50.0,50.0,50.0,50.0,50.0,50.0,50.0,50.0,50.0,50.0,50.0,0.0,0.0,0.0,0.0,1.0,1.0,1.0,1.0,1.0,1.0,1.0,1.0,1.0,1.0,1.0,1.0,0.5,0.5,0.5,0.5
1788529340.6632485,361,5.8707730004243786,2.230897000117693,5.690639000022202,0.133765,5.829908,10911568,0,0,0.0,0.0,0.0,0.04377389,0.76327443,-1.6695291,-0.015524933,0.9881599,-1.3350601,0.15531121,0.8873548,-1.3720564,-0.19131118,0.79322183,-0.89135456,-20.329483,-12.399677,-7.184949,8.552706,-4.794023,1.6858529,2.929896,-2.7244933,-1.4261928,-0.7441006,2.7128668,4.987799,-4.478758,3.0539126,-6.2783484,2.424393,-4.123557,0.19765173,1.131653,-9.258626,-2.3501368,-0.17316797,40.72952,-3.1170235,-21.74495,-6.5906906,-5.021871,4.4034142,-8.392462,8.658399,-14.719277,-10.099403,2.2511837,-1.9048477,-0.6679336,-1.7811563,0.98898476,-0.0010123622,0.14551938,0.027058356,1.1813781,-0.15978965,4.2823625,-6.7504516,-0.46327803,5.717354,0.0061322595,0.29202038,0.0556076,28.9862003326416,37.668296813964844,0.25493622,1.4470425,1.7232804,1.6182847,0.84024036,-0.39376763,-1.1293509,-0.008554963,-0.90435314,2.0847793,-0.10005569,0.86320657,-0.4325351,-1.2996465,0.69332236,0.06282566,0.21006009,0.5715581,-1.5823376,0.063734055,1.0317607,-0.86917984,-0.10813378,0.3450884,-1.1266694,-0.22608829,1.1911948,-1.3250139,0.0,0.0,0.0,0.0,0.0,0.0,0.0,0.0,0.0,0.0,0.0,0.0,0.0,0.0,0.0,0.0,-0.08554964,16.182846,0.62825656,8.632066,50.0,50.0,50.0,50.0,50.0,50.0,50.0,50.0,50.0,50.0,50.0,50.0,0.0,0.0,0.0,0.0,1.0,1.0,1.0,1.0,1.0,1.0,1.0,1.0,1.0,1.0,1.0,1.0,0.5,0.5,0.5,0.5
1788529340.6844068,362,6.305860999418655,2.2792510008002864,6.100253000113298,1.535608,7.641429,10911584,0,0,0.0,0.0,0.0,-0.028226018,0.7915839,-1.6208903,-0.053856283,0.9726275,-1.3432745,0.20075779,0.9571142,-1.4568229,-0.13726574,0.71661973,-0.8709923,-20.386404,-12.399587,-7.1792264,8.390691,-3.5151002,1.7556124,4.048069,-2.360194,-0.9417523,-0.29521382,2.9337716,4.499483,-4.747685,3.2593155,-5.499368,0.17793709,-3.0539126,-0.081386,0.12401676,-10.463914,0.74214846,-1.7069415,38.690674,-2.5233047,-21.720211,-6.4484453,-7.743082,1.311129,-4.314769,6.407215,-11.701207,-8.961443,2.7706876,-1.8058946,-0.24738282,-1.0637461,0.9874579,0.012319874,0.14501667,0.06119876,0.9448894,-0.37497303,4.499676,-7.192182,4.2700586,8.780735,0.043913666,0.28888938,0.13018239,29.172122955322266,32.4043083190918,0.26738316,1.6514192,1.5066937,1.5902288,0.82171214,-0.39836153,-0.97799134,-0.017206835,-0.99736965,2.0516946,-0.050668158,0.7135655,-0.3308689,-1.1686348,0.73051286,0.107090324,0.20542803,0.57040966,-1.5444977,0.06684579,1.0828547,-0.9233265,-0.082717225,0.37784132,-1.1173718,-0.24934241,1.1829237,-1.312667,0.0,0.0,0.0,0.0,0.0,0.0,0.0,0.0,0.0,0.0,0.0,0.0,0.0,0.0,0.0,0.0,-0.17206834,15.902288,1.0709033,7.1356554,50.0,50.0,50.0,50.0,50.0,50.0,50.0,50.0,50.0,50.0,50.0,50.0,0.0,0.0,0.0,0.0,1.0,1.0,1.0,1.0,1.0,1.0,1.0,1.0,1.0,1.0,1.0,1.0,0.5,0.5,0.5,0.5
1788529340.703851,363,6.165855000290321,2.5399009991815547,5.981240999972215,0.133221,6.120254,10911598,0,0,0.0,0.0,0.0,-0.074308395,0.816139,-1.5728198,-0.07698832,0.9566108,-1.3341122,0.24033052,1.0123404,-1.5224277,-0.09784442,0.6483136,-0.87906456,-20.412504,-12.408034,-7.1805587,8.25535,-3.580984,1.383562,3.946968,-1.9648906,-1.3176781,0.982698,2.5655968,4.173939,-4.8063235,2.309812,-4.9684215,-0.82902515,-1.6470976,-1.2440431,-0.14339438,-10.715823,3.4386213,-0.59371877,31.957737,-1.7811563,-24.664066,-1.2802061,-8.584184,0.56898046,-4.1251087,5.516637,-8.905782,-11.427025,2.2017071,-1.9790626,-0.24738282,-0.791625,0.9853689,0.023128951,0.14212066,0.091186285,0.87884307,-0.7105313,4.398476,-7.5584946,6.1303535,9.093178,0.074455224,0.27948898,0.1950326,29.198680877685547,31.139583587646484,0.28129274,1.675341,1.3717005,1.5089146,0.7537255,-0.38297445,-0.96220404,-0.021615209,-1.0047178,1.9654461,-0.008602462,0.6257197,-0.25113937,-1.0301471,0.74422824,0.1763486,0.18843138,0.5742564,-1.540551,0.070323184,1.0888352,-0.9570748,-0.06278484,0.41246325,-1.1139429,-0.25117946,1.1613616,-1.3021506,0.0,0.0,0.0,0.0,0.0,0.0,0.0,0.0,0.0,0.0,0.0,0.0,0.0,0.0,0.0,0.0,-0.21615209,15.089146,1.7634859,6.2571974,50.0,50.0,50.0,50.0,50.0,50.0,50.0,50.0,50.0,50.0,50.0,50.0,0.0,0.0,0.0,0.0,1.0,1.0,1.0,1.0,1.0,1.0,1.0,1.0,1.0,1.0,1.0,1.0,0.5,0.5,0.5,0.5
1788529340.7231922,364,6.217760999788879,2.526010999645223,6.0399949998100055,0.125509,6.171104,10911612,0,0,0.0,0.0,0.0,-0.11279118,0.8341541,-1.5067729,-0.10762917,0.9409573,-1.3226436,0.27306053,1.0603908,-1.5715405,-0.0724718,0.57131785,-0.90155935,-20.429035,-12.42829,-7.183162,8.140417,-2.774875,2.286559,5.5605345,-3.0887923,-0.6704656,0.9523679,2.5655968,3.9491587,-4.221962,2.2516794,-6.231842,-2.1231132,-1.1355284,-1.4998277,-0.4573118,-10.661566,5.1208243,0.7668867,27.92746,-2.2264454,-25.77729,-2.1336768,-7.446223,0.6679336,-1.6121113,6.5061684,-7.124625,-11.047705,2.3996134,-1.8306329,-0.6926719,-0.32159767,0.9827586,0.032974653,0.1370541,0.11964401,0.39627832,-1.0673949,4.054396,-6.694188,6.5218053,10.159795,0.10129939,0.2645674,0.2557841,29.189828872680664,31.823219299316406,0.22731027,1.470912,1.1006774,1.4722745,0.6872582,-0.32689855,-0.9354824,-0.08416567,-0.92083913,1.7265017,0.10840253,0.50768584,-0.17052382,-0.7843214,0.6227651,0.19737208,0.17181455,0.5882754,-1.5338706,0.056827568,1.0377281,-1.0248306,-0.042630956,0.47391966,-1.1443087,-0.23020978,1.1016254,-1.2728993,0.0,0.0,0.0,0.0,0.0,0.0,0.0,0.0,0.0,0.0,0.0,0.0,0.0,0.0,0.0,0.0,-0.8416567,14.722746,1.9737208,5.0768585,50.0,50.0,50.0,50.0,50.0,50.0,50.0,50.0,50.0,50.0,50.0,50.0,0.0,0.0,0.0,0.0,1.0,1.0,1.0,1.0,1.0,1.0,1.0,1.0,1.0,1.0,1.0,1.0,0.5,0.5,0.5,0.5
1788529340.7455735,365,7.6331090003805,2.4909059993660776,7.439277998855687,1.527863,8.972998,10911626,0,0,0.0,0.0,0.0,-0.14670205,0.84384286,-1.437819,-0.131609,0.93559813,-1.3121544,0.30215722,1.0932419,-1.6222961,-0.0431329,0.5074322,-0.93182635,-20.445023,-12.446517,-7.193911,7.9866676,-1.8990066,0.3604237,6.537166,-1.2866739,-0.25190905,0.6975943,1.6858529,2.0036457,-2.7742012,2.0075214,-5.592381,-3.259484,-1.0115118,-1.3603089,-1.1820347,-10.483293,5.9371877,1.9790626,23.043709,-2.548043,-25.975197,-2.6552422,-8.06468,1.0390079,-0.28449023,5.368207,-4.5023675,-8.629538,2.3006601,-1.8801094,-0.32159767,-0.5442422,0.9799744,0.037508607,0.1290907,0.14689781,-0.3845604,-1.197357,3.8871496,-6.587646,6.349423,8.074445,0.115108915,0.24441761,0.3117368,29.3403377532959,26.798500061035156,0.24437535,1.3958598,1.112277,1.423571,0.65552056,-0.3268075,-1.0710474,-0.096537635,-0.8594738,1.6597667,0.25836495,0.40399304,-0.1761623,-0.6682365,0.50077903,0.15013903,0.16388014,0.58829814,-1.5677618,0.061093837,1.018965,-1.0219307,-0.044040576,0.5029409,-1.1748052,-0.21486846,1.0849416,-1.2354087,0.0,0.0,0.0,0.0,0.0,0.0,0.0,0.0,0.0,0.0,0.0,0.0,0.0,0.0,0.0,0.0,-0.9653764,14.23571,1.5013903,4.0399303,50.0,50.0,50.0,50.0,50.0,50.0,50.0,50.0,50.0,50.0,50.0,50.0,0.0,0.0,0.0,0.0,1.0,1.0,1.0,1.0,1.0,1.0,1.0,1.0,1.0,1.0,1.0,1.0,0.5,0.5,0.5,0.5
1788529340.7649739,366,6.644528999458998,2.618367001559818,6.403529001545394,2.961771,9.372244,10911640,0,0,0.0,0.0,0.0,-0.16644299,0.842541,-1.3562909,-0.14499165,0.9335998,-1.3048404,0.32843813,1.1209762,-1.6465287,-0.02272582,0.4391867,-0.9782063,-20.457315,-12.463109,-7.212925,7.871583,-0.85649073,-0.58520406,7.141748,-0.49606705,0.015502095,0.5257232,1.6160935,1.5192053,-1.5448176,1.8641269,-4.142935,-4.8427196,-1.3913131,-0.80998445,-1.9571395,-9.816702,7.124625,2.9191172,23.3282,-3.4633594,-25.999935,-4.030278,-6.901981,1.0884844,-0.14224511,3.686004,-0.6679336,-11.37961,2.2264454,-2.2511837,-0.47002736,-0.7668867,0.97721314,0.036246806,0.11795696,0.17270453,-1.3784521,-1.6671387,3.5036542,-6.622362,8.637083,5.6527104,0.11458607,0.21978337,0.3625075,29.313777923583984,27.51631736755371,0.2157832,1.3821844,1.033024,1.325764,0.56767297,-0.3119255,-1.2002909,-0.05010705,-0.7403401,1.5036756,0.478916,0.36722612,-0.16607508,-0.5763078,0.45979962,0.13182776,0.14191824,0.59201866,-1.6000726,0.0539458,1.0155461,-1.041744,-0.04151877,0.5259231,-1.18505,-0.18508503,1.045919,-1.1802709,0.0,0.0,0.0,0.0,0.0,0.0,0.0,0.0,0.0,0.0,0.0,0.0,0.0,0.0,0.0,0.0,-0.5010705,13.257639,1.3182776,3.6722612,50.0,50.0,50.0,50.0,50.0,50.0,50.0,50.0,50.0,50.0,50.0,50.0,0.0,0.0,0.0,0.0,1.0,1.0,1.0,1.0,1.0,1.0,1.0,1.0,1.0,1.0,1.0,1.0,0.5,0.5,0.5,0.5
1788529340.7910686,367,12.304254998525721,2.5079309998545796,9.0921380015061,2.931114,12.029556,10911656,0,0,0.0,0.0,0.0,-0.17086351,0.83079326,-1.2379558,-0.14477971,0.9374753,-1.2928822,0.34536326,1.1387491,-1.6632261,0.00013369322,0.3928318,-1.0806813,-20.482113,-12.466864,-7.2527704,7.7168646,0.33717057,-1.0463915,7.9040465,0.36429924,0.4185566,0.810827,0.7557271,0.77122927,-0.8714874,1.0347649,-2.662485,-6.870798,-1.9648906,0.25578457,-3.7282538,-9.343888,6.0856175,2.7459493,19.013432,-3.9086485,-25.900982,-5.5001445,-6.48143,-0.049476564,-0.7112256,3.0428088,0.86583984,-7.965727,2.1522305,-2.1274922,-0.47002736,-0.4205508,0.9744554,0.028238313,0.100270815,0.19896008,-1.9824569,-2.0985706,2.88154,-7.5189905,7.7811556,6.791153,0.096736915,0.18523985,0.4118072,29.384605407714844,25.567955017089844,0.19462787,1.2617838,0.9482966,1.1750649,0.4523137,-0.2840349,-1.3150499,-0.06957266,-0.60801774,1.2898829,0.6643914,0.3223162,-0.13239098,-0.42233866,0.41953063,0.08737989,0.11307842,0.5989913,-1.6287625,0.048656967,0.985446,-1.0629258,-0.033097744,0.56441534,-1.1951172,-0.15200444,0.99247074,-1.1339021,0.0,0.0,0.0,0.0,0.0,0.0,0.0,0.0,0.0,0.0,0.0,0.0,0.0,0.0,0.0,0.0,-0.6957266,11.750649,0.87379885,3.223162,50.0,50.0,50.0,50.0,50.0,50.0,50.0,50.0,50.0,50.0,50.0,50.0,0.0,0.0,0.0,0.0,1.0,1.0,1.0,1.0,1.0,1.0,1.0,1.0,1.0,1.0,1.0,1.0,0.5,0.5,0.5,0.5
1788529340.8096545,368,10.077036999064148,2.232881000963971,8.504244999130606,0.12058,8.631321,10911672,0,0,0.0,0.0,0.0,-0.16653383,0.81117344,-1.135544,-0.13842143,0.9453778,-1.2825508,0.3469377,1.1563101,-1.6720408,0.008853614,0.34965605,-1.1955885,-20.506304,-12.459839,-7.3056955,7.597268,0.52707124,-2.0734053,8.41966,0.5386978,0.9998852,0.7582547,-0.43405867,1.0270138,-0.42866665,0.0,-2.7903771,-7.6432066,-1.5812138,0.84873974,-4.135184,-9.743067,6.2835236,2.3996134,14.177097,-4.2797227,-26.222578,-5.83205,-5.516637,-1.2121758,-0.66381055,4.1807694,4.2055078,-5.4527297,1.5585117,-1.58325,-0.64319533,-0.47002736,0.9721839,0.017557781,0.07975853,0.21951933,-2.1294634,-2.2253373,2.0911138,-6.987478,6.384139,7.035362,0.0699764,0.1479101,0.44933861,29.526260375976562,21.22687339782715,0.124836236,1.0316311,0.7751433,0.9644147,0.2891051,-0.12308707,-1.2439202,-0.16682655,-0.41315976,0.9434031,0.9872161,0.13548066,-0.11413848,-0.10676998,0.35932547,0.046239927,0.07227627,0.6392282,-1.61098,0.031209059,0.9279078,-1.1062142,-0.02853462,0.6433075,-1.2101686,-0.10328994,0.90585077,-1.053196,0.0,0.0,0.0,0.0,0.0,0.0,0.0,0.0,0.0,0.0,0.0,0.0,0.0,0.0,0.0,0.0,-1.6682655,9.644147,0.46239927,1.3548065,50.0,50.0,50.0,50.0,50.0,50.0,50.0,50.0,50.0,50.0,50.0,50.0,0.0,0.0,0.0,0.0,1.0,1.0,1.0,1.0,1.0,1.0,1.0,1.0,1.0,1.0,1.0,1.0,0.5,0.5,0.5,0.5
1788529340.8285623,369,8.934532999774092,2.260945999296382,7.298536998860072,3.015565,10.320502,10911684,0,0,0.0,0.0,0.0,-0.15717804,0.7899792,-1.0378871,-0.13015567,0.9564594,-1.2774643,0.33809665,1.1652722,-1.6737785,0.007067263,0.31840962,-1.2830563,-20.520443,-12.44573,-7.3517475,7.503529,0.9960096,-1.9261353,8.549068,0.92625016,1.228541,0.0485283,-1.0425159,0.80998445,0.070770435,-0.33717057,-2.7244933,-7.2590246,-1.1083997,1.4610726,-4.4607277,-8.716053,5.442422,3.1665,9.008858,-5.096086,-25.802029,-6.2587852,-4.5023675,-1.4842969,-0.61639553,4.675535,5.887711,-1.5172813,1.2616524,-1.8306329,-0.44528908,0.22264454,0.97090846,0.0073456904,0.06331193,0.23081267,-2.6173544,-2.3627563,1.4860437,-5.2995653,6.4499793,3.9851487,0.043818545,0.11983583,0.4694214,29.570528030395508,20.167238235473633,0.03892611,0.58783543,0.61674714,0.8230671,0.16205671,0.06343923,-0.98335457,-0.15398985,-0.2437703,0.54534817,1.3156229,-0.1002056,-0.11614605,0.19970818,0.23881088,-0.09863332,0.04051418,0.6858598,-1.5458386,0.009731527,0.8169589,-1.1458132,-0.029036513,0.7199271,-1.2402972,-0.060942575,0.80633706,-0.97109425,0.0,0.0,0.0,0.0,0.0,0.0,0.0,0.0,0.0,0.0,0.0,0.0,0.0,0.0,0.0,0.0,-1.5398985,8.230671,-0.9863332,-1.002056,50.0,50.0,50.0,50.0,50.0,50.0,50.0,50.0,50.0,50.0,50.0,50.0,0.0,0.0,0.0,0.0,1.0,1.0,1.0,1.0,1.0,1.0,1.0,1.0,1.0,1.0,1.0,1.0,0.5,0.5,0.5,0.5
1788529340.8453639,370,7.765401998767629,2.2667709999950603,7.571603000542382,0.150181,7.727576,10911696,0,0,0.0,0.0,0.0,-0.14128232,0.76851237,-0.9578912,-0.121466,0.96787405,-1.2857893,0.32368454,1.1746886,-1.6727359,0.0011934042,0.29615566,-1.3535898,-20.530466,-12.387355,-7.4037037,7.431832,1.2983005,-2.2323017,7.4288735,0.03100419,0.32166848,-1.7369087,-1.6548486,0.8991215,0.35587418,0.6045817,-0.887495,-5.036833,-0.41468105,6.9061837,-4.6235,-4.615749,4.230246,4.527106,4.883749,-4.576582,-25.92572,-3.461298,-3.0428088,-1.9295859,-1.0905459,3.8096955,4.9476566,-0.61639553,0.9400547,-4.527106,-0.34633595,-1.7316797,0.96998775,-0.0040689656,0.045658838,0.23879436,-2.4937837,-2.672748,1.0982875,-1.2449849,-0.7254431,4.9667716,0.013970254,0.0906444,0.48339942,29.676767349243164,16.954153060913086,-0.043234453,0.403725,0.30662304,0.733086,0.12674667,0.30075642,-0.5934288,-0.0629042,-0.13469872,0.24157092,1.6177301,-0.39307883,-0.09790419,0.43791056,0.3462273,-0.24785858,0.031686667,0.74518913,-1.4483571,-0.010808613,0.77093124,-1.2233442,-0.024476048,0.77947766,-1.2134432,-0.03367468,0.73039275,-0.8955674,0.0,0.0,0.0,0.0,0.0,0.0,0.0,0.0,0.0,0.0,0.0,0.0,0.0,0.0,0.0,0.0,-0.629042,7.33086,-2.4785857,-3.9307883,50.0,50.0,50.0,50.0,50.0,50.0,50.0,50.0,50.0,50.0,50.0,50.0,0.0,0.0,0.0,0.0,1.0,1.0,1.0,1.0,1.0,1.0,1.0,1.0,1.0,1.0,1.0,1.0,0.5,0.5,0.5,0.5
1788529340.8684003,371,10.716389000663185,2.3234119998960523,10.514204999708454,1.576538,12.096663,10911710,0,0,0.0,0.0,0.0,-0.12859607,0.7481357,-0.86720085,-0.1287629,0.9751406,-1.3120596,0.3007039,1.1943084,-1.6687235,0.030986488,0.29727593,-1.4072046,-20.528982,-12.309511,-7.4670444,7.376,1.0115118,-1.4688236,6.2055564,-0.4728139,0.76347816,-1.4234967,-1.7246081,1.546334,0.15973899,1.9881438,0.18602514,-3.6153584,0.46893838,5.817161,-4.999426,-5.1350694,4.106555,4.6013203,-0.42673537,-3.4633594,-26.123627,-0.47415042,-1.1626992,-3.5375743,-0.47415042,2.3006601,4.5023675,-1.4698663,0.14842969,-3.240715,-0.24738282,-0.37107423,0.9689266,-0.014522557,0.024402518,0.24571292,-1.9877832,-2.6567693,0.5550027,0.23942018,0.5494693,7.050924,-0.016175237,0.054452162,0.49627423,29.738744735717773,14.732337951660156,-0.1487156,0.11958642,-0.14948624,0.60963196,0.08592086,0.5607317,0.052964598,0.007358849,-0.030688323,-0.22157107,1.72556,-0.74654907,0.04637841,0.7786964,0.41548637,-0.3955047,0.021480216,0.8101829,-1.2867588,-0.0371789,0.69989663,-1.3373715,0.011594603,0.8646741,-1.1961284,-0.007672081,0.6146073,-0.86860996,0.0,0.0,0.0,0.0,0.0,0.0,0.0,0.0,0.0,0.0,0.0,0.0,0.0,0.0,0.0,0.0,0.07358849,6.0963197,-3.9550471,-7.465491,50.0,50.0,50.0,50.0,50.0,50.0,50.0,50.0,50.0,50.0,50.0,50.0,0.0,0.0,0.0,0.0,1.0,1.0,1.0,1.0,1.0,1.0,1.0,1.0,1.0,1.0,1.0,1.0,0.5,0.5,0.5,0.5
1788529340.8898826,372,12.03643699955137,2.2705779992975295,6.232387000636663,2.868104,9.107659,10911726,0,0,0.0,0.0,0.0,-0.112670064,0.73926437,-0.809921,-0.12479653,0.98361826,-1.31841,0.26642975,1.2110215,-1.6616306,0.042885542,0.29936507,-1.4645319,-20.519958,-12.220737,-7.54295,7.3095407,1.2944249,0.15889648,3.5263896,0.59683067,0.4999426,-0.13345282,-2.8097546,0.98050755,0.5985157,0.7285985,0.40693003,-3.4717956,0.6200838,7.1813455,-5.4528623,-4.410346,3.240715,4.74975,-1.8966017,-4.9476566,-25.975197,-1.2802061,2.5975196,-3.4386213,0.09483008,3.8096955,4.0570784,0.14224511,0.22264454,-2.622258,-0.37107423,0.049476564,0.96813494,-0.022618419,0.002327609,0.24939498,-1.5318501,-2.4373248,0.23329288,-2.5378537,-3.2022448,5.995081,-0.04265262,0.015789375,0.5039073,29.72103500366211,15.621064186096191,-0.22618423,-0.040606156,-0.24465092,0.6029971,0.07326366,0.61324435,0.40877157,0.036562264,-0.050491475,-0.34313473,1.6606604,-1.0147375,0.09844195,0.9252763,0.36212626,-0.46604812,0.018315915,0.8233111,-1.1978071,-0.05654606,0.65984845,-1.3611627,0.024610488,0.9013191,-1.2094684,-0.012622869,0.58421636,-0.8848349,0.0,0.0,0.0,0.0,0.0,0.0,0.0,0.0,0.0,0.0,0.0,0.0,0.0,0.0,0.0,0.0,0.36562264,6.029971,-4.6604815,-10.147375,50.0,50.0,50.0,50.0,50.0,50.0,50.0,50.0,50.0,50.0,50.0,50.0,0.0,0.0,0.0,0.0,1.0,1.0,1.0,1.0,1.0,1.0,1.0,1.0,1.0,1.0,1.0,1.0,0.5,0.5,0.5,0.5
1788529340.9042633,373,6.266818998483359,2.291059001436224,6.0589080003410345,0.159238,6.22461,10911736,0,0,0.0,0.0,0.0,-0.099862695,0.74347293,-0.784251,-0.12164768,0.98864436,-1.3180467,0.24420604,1.2186213,-1.6565598,0.05278629,0.3020295,-1.4921451,-20.513329,-12.1690235,-7.5885787,7.2742677,1.3215537,0.6975943,1.302176,0.10463915,0.6200838,-0.04044025,-2.042401,0.7673537,0.5338113,1.1200264,0.2906643,-2.8813677,0.7441006,6.3287306,-5.658265,-4.313458,2.5975196,3.958125,-1.1379609,-4.675535,-26.123627,-1.1379609,3.0675468,-3.686004,-0.09483008,2.8696408,3.958125,1.0431309,0.12369141,-2.2017071,-0.34633595,0.0,0.9676291,-0.027089741,-0.01044979,0.25070065,-1.3209277,-2.2594256,0.1310275,-0.8607155,-3.7553053,7.654263,-0.05769847,-0.0066402596,0.507218,29.694477081298828,16.407245635986328,-0.307493,-0.04069443,-0.35092455,0.6079087,0.042959847,0.6505779,0.66745615,0.11164916,-0.0173181,-0.40465322,1.6035079,-1.2305626,0.1602081,0.97348475,0.34297764,-0.4744315,0.010739962,0.83264446,-1.1331359,-0.07687325,0.6598264,-1.3877311,0.040052027,0.9133712,-1.2142556,-0.004329525,0.5688367,-0.89912295,0.0,0.0,0.0,0.0,0.0,0.0,0.0,0.0,0.0,0.0,0.0,0.0,0.0,0.0,0.0,0.0,1.1164917,6.0790873,-4.744315,-12.305626,50.0,50.0,50.0,50.0,50.0,50.0,50.0,50.0,50.0,50.0,50.0,50.0,0.0,0.0,0.0,0.0,1.0,1.0,1.0,1.0,1.0,1.0,1.0,1.0,1.0,1.0,1.0,1.0,0.5,0.5,0.5,0.5
1788529340.9318511,374,8.023971999136847,2.422679999654065,6.306533001406933,0.128837,6.441642,10911802,0,0,0.0,0.0,0.0,-0.005972028,0.79651916,-0.85966563,-0.13357703,1.0230094,-1.341521,0.15991339,1.1650603,-1.5889646,0.101139545,0.32001436,-1.5703084,-20.502035,-11.8200445,-7.976191,7.251983,0.6782167,0.6782167,-2.6164842,-0.19377619,-0.0038755238,-0.7683647,-0.23640695,-1.2983005,1.1707453,0.5541999,0.4921915,-0.18804716,-0.21702933,5.941178,-6.7201586,2.9725268,0.7668867,-4.1807694,-2.8923175,-1.1132227,-25.92572,4.0776935,2.3501368,-7.19884,-0.04741504,1.2863907,6.2835236,0.61639553,-0.6679336,-1.311129,-0.56898046,1.4100821,0.9645979,-0.04015136,-0.06694194,0.25190815,-0.46978155,-1.2250539,-0.12783171,-0.78410107,-0.5602432,12.8448925,-0.1120862,-0.10913169,0.5170252,29.68562126159668,16.407245635986328,-0.37352794,0.0887873,-0.5770606,0.46893474,0.039208844,0.8779111,0.9186203,0.19038305,0.036505997,-0.47007993,1.4366152,-1.4679216,0.26338848,1.156117,0.38287756,-0.44328442,0.009802211,0.8894778,-1.0703449,-0.093381986,0.69219685,-1.4442651,0.06584712,0.95902926,-1.2042806,0.009126499,0.55248004,-0.94084615,0.0,0.0,0.0,0.0,0.0,0.0,0.0,0.0,0.0,0.0,0.0,0.0,0.0,0.0,0.0,0.0,1.9038305,4.6893473,-4.432844,-14.679216,50.0,50.0,50.0,50.0,50.0,50.0,50.0,50.0,50.0,50.0,50.0,50.0,0.0,0.0,0.0,0.0,1.0,1.0,1.0,1.0,1.0,1.0,1.0,1.0,1.0,1.0,1.0,1.0,0.5,0.5,0.5,0.5
1788529340.9422336,375,5.629675999443862,2.196334999098326,5.4074609997769585,1.123177,6.537134,10911808,0,0,0.0,0.0,0.0,-0.0060628653,0.8007883,-0.86827505,-0.13609007,1.0220708,-1.3452017,0.16021617,1.1545237,-1.584257,0.10504532,0.3253129,-1.5709245,-20.502823,-11.784529,-8.015734,7.2735105,-0.10851467,0.8254866,-1.8157672,-0.53094673,-0.25578457,-1.0352703,-0.05038181,-1.8447493,1.124239,0.31391743,1.0735201,-0.046506286,-0.12401676,5.778406,-6.646523,3.8793993,1.5585117,-4.6013203,-3.461298,-0.6679336,-25.92572,4.409599,2.3006601,-5.8382344,-0.23707521,1.3606055,5.5661135,0.33190528,-0.74214846,-1.2121758,-0.32159767,0.9895313,0.9644705,-0.040335443,-0.07004687,0.25152203,-0.2567287,-0.96832526,-0.20133495,-0.2621651,-2.6994624,11.294646,-0.11404103,-0.11507962,0.5167878,29.694477081298828,16.304698944091797,-0.39240643,0.1615174,-0.635509,0.4477779,0.019608049,1.0201639,1.1013826,0.2931513,0.06198616,-0.5254383,1.3793056,-1.7116122,0.36416814,1.3173317,0.37163642,-0.2966001,0.004902012,0.92504096,-1.0246543,-0.09810161,0.71037936,-1.4588772,0.091042034,0.9993329,-1.2070909,0.01549654,0.53864044,-0.95517355,0.0,0.0,0.0,0.0,0.0,0.0,0.0,0.0,0.0,0.0,0.0,0.0,0.0,0.0,0.0,0.0,2.9315128,4.477779,-2.966001,-17.116123,50.0,50.0,50.0,50.0,50.0,50.0,50.0,50.0,50.0,50.0,50.0,50.0,0.0,0.0,0.0,0.0,1.0,1.0,1.0,1.0,1.0,1.0,1.0,1.0,1.0,1.0,1.0,1.0,0.5,0.5,0.5,0.5
1788529340.9831052,376,9.919719999743393,2.9579000001831446,9.667135000199778,1.958951,11.63511,10911834,0,0,0.0,0.0,0.0,-0.00018906593,0.79352164,-0.90388143,-0.13490924,1.0063567,-1.3605406,0.13045335,1.1357213,-1.5588555,0.10543895,0.37620944,-1.5764534,-20.520626,-11.648311,-8.075411,7.422476,0.577453,-1.0231383,-1.298132,0.14339438,-1.302176,-0.6773742,-1.7517368,-0.6045817,-0.5702075,-0.06200838,2.7477465,-0.29925784,-0.8254866,5.638887,-1.7168571,8.340127,2.0780158,-5.021871,-4.504429,1.0390079,-25.48043,8.961443,2.4243517,-11.453825,3.0819776,0.24738282,6.48143,0.90088576,-1.0637461,-0.8411016,-2.8201642,1.0390079,0.9649832,-0.041632164,-0.080799416,0.2460604,-0.8234493,-0.27270767,-0.725445,2.0147207,-0.41060558,17.393875,-0.121527925,-0.13586976,0.5076168,29.51740837097168,22.183961868286133,-0.4160535,0.038462702,-0.46377322,0.46790168,-0.077983074,1.2500104,1.4599489,0.4730222,-0.0013055336,-0.76119566,1.3846092,-1.721658,0.5050902,1.7222314,-0.1520539,-0.11111599,-0.019495768,0.9825026,-0.9350127,-0.104013376,0.6796157,-1.4159433,0.12627254,1.1005578,-1.3380134,-0.0003263834,0.4797011,-0.95384765,0.0,0.0,0.0,0.0,0.0,0.0,0.0,0.0,0.0,0.0,0.0,0.0,0.0,0.0,0.0,0.0,4.7302217,4.6790166,-1.1111599,-17.21658,50.0,50.0,50.0,50.0,50.0,50.0,50.0,50.0,50.0,50.0,50.0,50.0,0.0,0.0,0.0,0.0,1.0,1.0,1.0,1.0,1.0,1.0,1.0,1.0,1.0,1.0,1.0,1.0,0.5,0.5,0.5,0.5
1788529341.0001316,377,6.323430001430097,2.746722999290796,6.1089890004950576,0.170855,6.285701,10911848,0,0,0.0,0.0,0.0,0.014344215,0.7764149,-0.929204,-0.12640126,0.9841027,-1.364316,0.107745215,1.1086835,-1.5559331,0.09956509,0.41847688,-1.5752845,-20.528316,-11.571103,-8.106596,7.5375004,0.7906069,-1.0308893,-1.6742264,0.3759258,-2.6818624,-0.17591508,-1.3254292,-2.8601365,1.2839779,-0.325544,3.3329504,0.15569495,-0.44956076,6.9565654,-2.302061,10.812712,3.7849572,-6.036141,-5.4527297,2.8201642,-26.296793,12.280496,-0.12369141,-13.8287,4.030278,-0.59371877,9.672668,0.7112256,-1.6079884,-0.24738282,-2.4985664,1.8058946,0.96598923,-0.046583816,-0.083496295,0.24025671,-0.7446197,0.05752427,-0.9427589,2.4528596,-3.5541923,17.80089,-0.13177526,-0.13937974,0.49675077,29.260656356811523,27.926496505737305,-0.40415803,0.07946457,-0.51189226,0.43091103,-0.1503108,1.1511735,1.7520932,0.5979251,-0.008780928,-0.86908805,1.3029349,-1.8248197,0.54264593,1.771331,-0.37938812,-0.11469777,-0.0375777,0.95779335,-0.8619766,-0.10103951,0.6898662,-1.427973,0.13566148,1.1128328,-1.394847,-0.002195232,0.452728,-0.97426623,0.0,0.0,0.0,0.0,0.0,0.0,0.0,0.0,0.0,0.0,0.0,0.0,0.0,0.0,0.0,0.0,5.9792514,4.30911,-1.1469777,-18.248198,50.0,50.0,50.0,50.0,50.0,50.0,50.0,50.0,50.0,50.0,50.0,50.0,0.0,0.0,0.0,0.0,1.0,1.0,1.0,1.0,1.0,1.0,1.0,1.0,1.0,1.0,1.0,1.0,0.5,0.5,0.5,0.5
1788529341.0205011,378,6.755796999641461,2.7929010011575883,6.490859999757959,0.249545,6.748821,10911864,0,0,0.0,0.0,0.0,0.032964826,0.7481054,-0.960166,-0.11607661,0.94235003,-1.3603194,0.07858795,1.050914,-1.5199159,0.085062146,0.49205124,-1.5710351,-20.542698,-11.451082,-8.13209,7.717167,1.790492,-1.9842682,-2.6892765,1.3486823,-3.4492161,0.7683647,-2.3330653,-4.201068,3.5830061,-1.2091634,4.7552676,0.23859747,-1.3409312,8.355629,-1.5967158,12.959751,3.8096955,-4.527106,-7.776067,4.0570784,-25.505169,18.918602,-1.0390079,-14.620325,3.1293926,-0.6679336,11.552777,2.1336768,-1.0390079,0.049476564,-2.4985664,1.4100821,0.9678804,-0.051653665,-0.08407168,0.23123905,-0.7691208,0.2897519,-1.3006877,1.1815386,-0.62249243,14.569915,-0.14069253,-0.13930409,0.47886515,29.074735641479492,33.87412643432617,-0.38758397,0.03151234,-0.36221704,0.43124327,-0.21630594,1.094246,1.7539504,0.7988568,-0.006546147,-0.84353435,1.2233895,-1.7830458,0.5727025,1.7856454,-0.48500556,0.015962446,-0.054076485,0.94356155,-0.86151236,-0.09689599,0.6778781,-1.3905542,0.14317563,1.1164113,-1.4212513,-0.0016365368,0.45911643,-0.99415255,0.0,0.0,0.0,0.0,0.0,0.0,0.0,0.0,0.0,0.0,0.0,0.0,0.0,0.0,0.0,0.0,7.988568,4.312433,0.15962446,-17.830458,50.0,50.0,50.0,50.0,50.0,50.0,50.0,50.0,50.0,50.0,50.0,50.0,0.0,0.0,0.0,0.0,1.0,1.0,1.0,1.0,1.0,1.0,1.0,1.0,1.0,1.0,1.0,1.0,0.5,0.5,0.5,0.5
1788529341.0403025,379,6.0956460001762025,2.4661700008437037,5.901365999307018,0.146981,6.054683,10911878,0,0,0.0,0.0,0.0,0.05609691,0.7205528,-0.9943664,-0.10644836,0.90644085,-1.3531792,0.05379066,0.9933867,-1.4760004,0.06949949,0.56838095,-1.568476,-20.562166,-11.351833,-8.147259,7.873702,2.6586094,-2.375696,-3.4677513,1.2169144,-3.7902625,1.0514464,-3.2205606,-6.8480506,3.9186602,-1.5850892,7.7277946,0.22848742,-1.7478611,10.107367,-0.984383,9.851582,3.1170235,-3.5623126,-10.241649,5.6650667,-21.299662,24.75065,-2.2264454,-15.11509,4.788919,-0.34633595,12.591785,2.6552422,-0.5442422,0.86583984,-2.0285392,4.4281526,0.97017103,-0.056017336,-0.0832062,0.22069636,-0.7627292,0.39414778,-1.5286543,1.3982137,-2.9101522,13.109451,-0.14733036,-0.13715243,0.45748848,29.00390625,35.99339294433594,-0.4004534,-0.042772662,-0.04654401,0.4647574,-0.22373597,1.0584208,1.5267447,0.9495938,0.029938657,-0.8078066,0.8498669,-1.7475561,0.5591506,1.6770382,-0.278539,0.14167437,-0.055933993,0.93460524,-0.91831374,-0.10011335,0.6593068,-1.311636,0.13978764,1.0892596,-1.3696347,0.007484664,0.46804836,-1.0875332,0.0,0.0,0.0,0.0,0.0,0.0,0.0,0.0,0.0,0.0,0.0,0.0,0.0,0.0,0.0,0.0,9.495937,4.647574,1.4167438,-17.475561,50.0,50.0,50.0,50.0,50.0,50.0,50.0,50.0,50.0,50.0,50.0,50.0,0.0,0.0,0.0,0.0,1.0,1.0,1.0,1.0,1.0,1.0,1.0,1.0,1.0,1.0,1.0,1.0,0.5,0.5,0.5,0.5
1788529341.0609455,380,6.173791998662637,2.411543000562233,5.985530000543804,2.219536,8.210538,10911892,0,0,0.0,0.0,0.0,0.0892508,0.69481695,-1.0472863,-0.09784953,0.8402542,-1.3319955,0.02272591,0.91057765,-1.4164459,0.05099994,0.62760377,-1.5989168,-20.581938,-11.188516,-8.153011,7.9795523,2.0734053,-1.9571395,-4.1370378,0.20540276,-5.421858,1.6762483,-2.03465,-6.100075,4.9074244,-1.5424585,4.809525,-4.3493485,-1.3293047,11.638198,-0.4224321,9.541539,1.9790626,-2.721211,-7.4441614,6.1845703,-15.312997,23.51786,-1.8058946,-11.503301,0.85347074,0.4205508,12.195973,8.297632,-0.6926719,0.44528908,-2.2017071,3.9086485,0.97287256,-0.058866333,-0.08117989,0.2084795,0.23435815,0.5347627,-1.8993663,1.6627731,-10.8624935,19.966446,-0.15029112,-0.13380948,0.4322892,29.349191665649414,25.875591278076172,-0.5220314,0.005562313,-0.30401602,0.41804904,-0.2809007,1.3038889,1.7605828,1.073299,0.12553486,-0.8474678,0.62731594,-1.7822659,0.6685561,1.7457006,-0.055561583,0.05708427,-0.07022517,0.9959723,-0.8598542,-0.13050786,0.6713906,-1.376004,0.16713902,1.1064252,-1.3138903,0.031383716,0.45813307,-1.143171,0.0,0.0,0.0,0.0,0.0,0.0,0.0,0.0,0.0,0.0,0.0,0.0,0.0,0.0,0.0,0.0,10.73299,4.1804905,0.5708427,-17.822659,50.0,50.0,50.0,50.0,50.0,50.0,50.0,50.0,50.0,50.0,50.0,50.0,0.0,0.0,0.0,0.0,1.0,1.0,1.0,1.0,1.0,1.0,1.0,1.0,1.0,1.0,1.0,1.0,0.5,0.5,0.5,0.5
1788529341.0894742,381,14.710293999087298,2.435577000142075,14.514029999190825,1.676669,16.196812,10911940,0,0,0.0,0.0,0.0,0.23206985,0.62490606,-1.3005434,-0.08292271,0.61798686,-1.1453226,-0.09405452,0.6065912,-1.2176567,-0.060966313,0.8782109,-1.6416949,-20.613487,-10.631652,-8.183713,8.596214,4.080927,-0.97275645,-6.6544433,0.10076362,-5.417982,6.5796285,-2.7283688,-6.010937,3.7508333,-3.0577884,6.0729456,-0.70568234,0.019377619,14.54484,-1.0618935,13.482946,-4.89818,-1.6822032,-4.409599,7.446223,1.6822032,19.440166,1.8058946,-3.587051,-4.2673535,1.9048477,6.5061684,8.487292,-0.32159767,1.1874375,-0.44528908,3.2901914,0.98316324,-0.043884367,-0.08209274,0.1572425,1.1217233,-0.62211436,-2.3307984,0.81761986,-6.4463882,6.364985,-0.11359388,-0.14816163,0.32562402,29.712182998657227,15.826155662536621,-0.47509938,-0.15439953,-0.52734184,0.39106938,-0.29205716,1.0714344,1.3078529,1.1336355,0.0482492,-0.68297887,0.47462732,-1.6795802,0.48856458,1.3822992,0.38794726,-0.053978566,-0.07301429,0.9378586,-0.97303677,-0.118774846,0.6314001,-1.4318354,0.122141145,1.0155748,-1.2030132,0.0120623,0.4992553,-1.1813431,0.0,0.0,0.0,0.0,0.0,0.0,0.0,0.0,0.0,0.0,0.0,0.0,0.0,0.0,0.0,0.0,11.336355,3.910694,-0.5397857,-16.795803,50.0,50.0,50.0,50.0,50.0,50.0,50.0,50.0,50.0,50.0,50.0,50.0,0.0,0.0,0.0,0.0,1.0,1.0,1.0,1.0,1.0,1.0,1.0,1.0,1.0,1.0,1.0,1.0,0.5,0.5,0.5,0.5
1788529341.1010008,382,6.505675999505911,2.512891000151285,6.325828999251826,1.353458,7.684727,10911954,0,0,0.0,0.0,0.0,0.28484356,0.61155367,-1.379007,-0.08289244,0.55909705,-1.0675857,-0.12938839,0.5368621,-1.1734884,-0.09678465,0.954813,-1.6495302,-20.61385,-10.4515,-8.1982765,8.755777,4.092553,-0.85261524,-5.239034,0.12789229,-4.933542,5.5039177,-2.0579033,-4.185566,2.6751225,-3.158552,4.4956074,0.07885849,-0.027128667,13.28142,-1.0735201,11.944365,-7.619391,-2.1274922,-4.0776935,7.4956994,12.987598,15.789208,2.0285392,-4.6260586,-2.4655821,4.0076017,7.619391,8.060556,-0.2721211,2.2511837,-0.17316797,3.339668,0.985312,-0.03387043,-0.08735315,0.14276779,0.9267799,-1.0226537,-2.2562299,4.128801,-0.47644615,3.3734303,-0.093057156,-0.16319239,0.29540464,29.765302658081055,13.775249481201172,-0.34591222,0.10300392,-0.78886503,0.077718355,-0.21470633,0.84183705,0.85017776,1.1634948,-0.15745434,-0.27309906,0.72896576,-1.4567188,0.44026843,1.0273497,0.42957106,-0.04537976,-0.053676583,0.8804593,-1.0874555,-0.086478055,0.695751,-1.4972162,0.11006711,0.92683744,-1.1926072,-0.039363585,0.6017252,-1.1177585,0.0,0.0,0.0,0.0,0.0,0.0,0.0,0.0,0.0,0.0,0.0,0.0,0.0,0.0,0.0,0.0,11.634949,0.77718353,-0.4537976,-14.567188,50.0,50.0,50.0,50.0,50.0,50.0,50.0,50.0,50.0,50.0,50.0,50.0,0.0,0.0,0.0,0.0,1.0,1.0,1.0,1.0,1.0,1.0,1.0,1.0,1.0,1.0,1.0,1.0,0.5,0.5,0.5,0.5
1788529341.1214519,383,6.000121000397485,2.4561850004829466,5.831219999890891,0.134981,5.971001,10911972,0,0,0.0,0.0,0.0,0.3605374,0.5933267,-1.4538372,-0.07314307,0.48876238,-0.97256696,-0.14997712,0.4757923,-1.1472496,-0.15397888,1.0107356,-1.6562755,-20.61506,-10.229869,-8.214869,8.897507,3.654619,-1.3060515,-4.266446,1.1820347,-2.271057,5.663657,-0.39917895,-2.9609,0.76432073,-2.4958372,2.3330653,-1.2698238,0.10076362,13.699976,-0.9184992,7.4177527,-10.983797,-1.1874375,-2.2285068,6.1845703,22.190239,6.9700108,1.9790626,-4.304461,-1.2327911,2.8696408,8.06468,12.754646,-0.024738282,1.6079884,0.14842969,3.7602189,0.9868575,-0.026451943,-0.09752473,0.12610184,0.27696872,-1.0173274,-1.6809871,2.8682537,-1.7992426,0.320823,-0.078245774,-0.18690097,0.2615221,29.641353607177734,17.603607177734375,-0.262216,0.34168798,-0.23637202,-0.3068747,0.04875863,0.417254,0.05022215,1.1177214,-0.29935944,0.2545617,0.7196474,-1.2218038,0.37491435,0.5111939,0.26218048,-0.09216665,0.012189657,0.7743135,-1.2874445,-0.065554,0.755422,-1.359093,0.09372859,0.7977985,-1.2344549,-0.07483986,0.73364043,-1.1200881,0.0,0.0,0.0,0.0,0.0,0.0,0.0,0.0,0.0,0.0,0.0,0.0,0.0,0.0,0.0,0.0,11.177215,-3.068747,-0.9216665,-12.218038,50.0,50.0,50.0,50.0,50.0,50.0,50.0,50.0,50.0,50.0,50.0,50.0,0.0,0.0,0.0,0.0,1.0,1.0,1.0,1.0,1.0,1.0,1.0,1.0,1.0,1.0,1.0,1.0,0.5,0.5,0.5,0.5
1788529341.1408443,384,5.140537999977823,2.400630999545683,4.951316001097439,0.142949,5.099961,10911986,0,0,0.0,0.0,0.0,0.40277457,0.5746151,-1.4928399,-0.056672096,0.4593629,-0.9130597,-0.15506375,0.4478159,-1.1457015,-0.17150968,1.0335648,-1.6767011,-20.615,-10.024223,-8.221318,8.9687195,3.2980707,-1.3254292,-2.8490155,1.0153872,-0.03100419,4.058179,-0.12014124,-1.2401676,-0.19815722,-1.7439858,1.1704081,-0.7521886,-0.034879714,13.998393,-0.1472699,5.840414,-12.393879,0.44528908,-1.1379609,5.096086,25.356739,5.974295,2.44909,-4.1807694,-0.66381055,0.6679336,7.5946527,15.9788685,-0.024738282,0.8411016,0.12369141,2.9685938,0.98731434,-0.022430157,-0.10664362,0.11547502,0.35153723,-1.1984223,-1.4828479,5.73531,-1.5490485,0.7422025,-0.070480466,-0.20687373,0.24017891,29.51740837097168,21.842144012451172,-0.28087282,0.13183352,0.03316377,-0.43754548,0.2065131,0.2356453,-0.5065227,1.0931493,-0.2560997,0.5645995,0.6612458,-0.8448249,0.4142636,0.29557845,0.032160487,-0.011895886,0.051628277,0.72891134,-1.4266306,-0.070218205,0.7029584,-1.2917091,0.1035659,0.74389464,-1.2919599,-0.064024925,0.8111499,-1.1346885,0.0,0.0,0.0,0.0,0.0,0.0,0.0,0.0,0.0,0.0,0.0,0.0,0.0,0.0,0.0,0.0,10.931493,-4.375455,-0.11895886,-8.448249,50.0,50.0,50.0,50.0,50.0,50.0,50.0,50.0,50.0,50.0,50.0,50.0,0.0,0.0,0.0,0.0,1.0,1.0,1.0,1.0,1.0,1.0,1.0,1.0,1.0,1.0,1.0,1.0,0.5,0.5,0.5,0.5
1788529341.1706703,385,12.667050999880303,2.315667999937432,12.448356001186767,1.511863,13.967419,10911998,0,0,0.0,0.0,0.0,0.42917657,0.5636244,-1.5204374,-0.04680162,0.46820393,-0.8890799,-0.15975678,0.43894458,-1.1481026,-0.18849534,1.0411948,-1.6823089,-20.615,-9.855396,-8.221803,9.0210085,1.3215537,-1.5385829,-1.9168677,0.44956076,1.9416375,0.6996163,-0.7363495,-0.48056495,-0.17389306,-1.3525578,0.13951886,-0.38013834,-0.0077510476,15.021531,0.06200838,4.173939,-12.072282,1.58325,-0.80605567,5.4176836,23.17977,4.030278,3.339668,-4.304461,-0.42673537,1.1132227,7.6441293,18.728941,-0.024738282,0.34633595,0.074214846,3.6612659,0.9873605,-0.017175784,-0.11459549,0.108130835,0.9086705,-1.1675297,-1.2367718,7.9583263,-4.510676,3.120842,-0.060246833,-0.2244597,0.22495279,29.552820205688477,20.03050994873047,-0.30784354,0.0158237,0.18091072,-0.5362163,0.3381923,0.06464382,-0.88119835,0.9552905,-0.27167702,0.6468612,0.54453635,-0.67217845,0.46549976,0.21176599,-0.13599572,-0.09067598,0.08454808,0.686161,-1.5202996,-0.076960884,0.6739559,-1.2547723,0.11637494,0.7229415,-1.3339989,-0.067919254,0.83171535,-1.1638658,0.0,0.0,0.0,0.0,0.0,0.0,0.0,0.0,0.0,0.0,0.0,0.0,0.0,0.0,0.0,0.0,9.552905,-5.362163,-0.9067598,-6.7217846,50.0,50.0,50.0,50.0,50.0,50.0,50.0,50.0,50.0,50.0,50.0,50.0,0.0,0.0,0.0,0.0,1.0,1.0,1.0,1.0,1.0,1.0,1.0,1.0,1.0,1.0,1.0,1.0,0.5,0.5,0.5,0.5
1788529341.1826363,386,6.5275649994873675,2.375734000452212,6.316644999969867,0.16711,6.489771,10912012,0,0,0.0,0.0,0.0,0.43420267,0.54700196,-1.545586,-0.046196073,0.50726193,-0.8986529,-0.17271554,0.43637097,-1.1499193,-0.21032542,1.0423756,-1.6845679,-20.61491,-9.690263,-8.220349,9.07363,-0.25578457,-1.5579605,-1.7712829,-0.09301257,4.080927,-1.3102641,-1.2362921,-0.31391743,-0.4974151,-1.7052305,0.10463915,-0.34374213,0.0,14.509962,-0.046506286,3.7786357,-11.453825,2.9438555,-0.33190528,5.788758,22.561314,3.2242227,4.6260586,-4.3291993,1.8491865,0.9400547,7.619391,19.250507,-0.024738282,0.44528908,0.32159767,2.44909,0.9872385,-0.007075352,-0.12196302,0.10215273,1.5563512,-0.86392933,-0.9491505,7.0449386,-2.4480712,6.4487824,-0.0400629,-0.2417145,0.21107881,29.499698638916016,21.60287094116211,-0.25900662,-0.03580396,0.2576464,-0.5437929,0.4325065,-0.15876919,-0.813561,0.62651074,-0.44982636,0.7692138,0.2808893,-0.7177044,0.40532827,0.011012002,-0.102446616,-0.21810193,0.108126625,0.63030773,-1.5033902,-0.064751655,0.661049,-1.2355883,0.10133207,0.67275304,-1.3256116,-0.11245659,0.8623035,-1.2297776,0.0,0.0,0.0,0.0,0.0,0.0,0.0,0.0,0.0,0.0,0.0,0.0,0.0,0.0,0.0,0.0,6.265107,-5.437929,-2.1810193,-7.177044,50.0,50.0,50.0,50.0,50.0,50.0,50.0,50.0,50.0,50.0,50.0,50.0,0.0,0.0,0.0,0.0,1.0,1.0,1.0,1.0,1.0,1.0,1.0,1.0,1.0,1.0,1.0,1.0,0.5,0.5,0.5,0.5
1788529341.2099917,387,12.615592999281944,2.455065001413459,12.40057799986971,0.166022,12.573832,10912026,0,0,0.0,0.0,0.0,0.42284858,0.5262619,-1.5647002,-0.04783106,0.57163197,-0.9254762,-0.18116298,0.434191,-1.154848,-0.23003608,1.0408316,-1.6890385,-20.615122,-9.506508,-8.219834,9.116019,-1.5114542,-1.472699,-0.812849,0.03100419,6.045817,-2.276786,-0.3720503,0.35267267,0.0485283,-1.6858529,-0.39530346,-0.22242136,-0.081386,13.754233,0.15502095,3.8871503,-9.722145,3.7602189,1.4224513,5.788758,20.28539,2.418167,5.541375,-3.1912384,1.6595265,0.89057815,7.743082,19.914316,-0.049476564,0.9400547,0.44528908,1.58325,0.98711497,0.0040264293,-0.12639141,0.09804597,1.2804477,-0.5283711,-0.7137271,6.221333,-0.7398083,7.36217,-0.0173897,-0.25300586,0.20021383,29.561674118041992,19.68869400024414,-0.30176044,-0.08789089,0.3695826,-0.47036684,0.46433327,-0.31063202,-0.7787278,0.32817483,-0.5196228,0.83091486,-0.019221447,-0.763853,0.3747278,-0.14187688,0.0148595385,-0.4034935,0.11608332,0.592342,-1.494682,-0.07544011,0.6480273,-1.2076043,0.09368195,0.6345308,-1.296285,-0.1299057,0.8777287,-1.3048053,0.0,0.0,0.0,0.0,0.0,0.0,0.0,0.0,0.0,0.0,0.0,0.0,0.0,0.0,0.0,0.0,3.2817483,-4.7036686,-4.034935,-7.6385303,50.0,50.0,50.0,50.0,50.0,50.0,50.0,50.0,50.0,50.0,50.0,50.0,0.0,0.0,0.0,0.0,1.0,1.0,1.0,1.0,1.0,1.0,1.0,1.0,1.0,1.0,1.0,1.0,0.5,0.5,0.5,0.5
1788529341.2236257,388,6.514251999760745,2.6371519998065196,6.306500999926357,1.739295,8.052548,10912082,0,0,0.0,0.0,0.0,0.3064921,0.4836917,-1.5625044,0.022382531,0.91579664,-1.0152187,-0.17180723,0.44805807,-1.1815922,-0.23167104,0.9761587,-1.6848364,-20.618029,-8.827625,-8.210266,9.274673,-3.4220877,0.08913705,-0.012132075,1.7633634,5.8559165,-0.7926289,0.86811733,0.3410461,-0.645022,0.8797439,-1.8912556,0.27701572,-0.15502095,12.006372,-0.14339438,2.367945,-3.5375743,5.46716,1.4698663,0.024738282,0.51950395,0.23707521,5.887711,0.9895313,2.7026572,-0.7668867,8.386277,21.241938,-0.32159767,0.7668867,1.0637461,1.2863907,0.9884433,0.007949661,-0.12196789,0.08966924,-0.5145227,0.8809736,0.20559601,4.7680526,-1.316811,5.473145,-0.006347529,-0.24498561,0.18172146,29.98663902282715,7.007260799407959,-0.22940663,0.0012301579,1.1336643,-0.2214343,0.60388726,-0.7034755,-0.8334643,-0.0018739812,-0.74403197,0.9747151,-0.25083706,-0.7195942,0.05467999,-0.3272968,-0.05377399,-0.37226665,0.15097181,0.49413115,-1.508366,-0.057351656,0.6703076,-1.0165839,0.013669997,0.58817583,-1.3134434,-0.18600799,0.91367877,-1.3627092,0.0,0.0,0.0,0.0,0.0,0.0,0.0,0.0,0.0,0.0,0.0,0.0,0.0,0.0,0.0,0.0,-0.018739812,-2.214343,-3.7226665,-7.195942,50.0,50.0,50.0,50.0,50.0,50.0,50.0,50.0,50.0,50.0,50.0,50.0,0.0,0.0,0.0,0.0,1.0,1.0,1.0,1.0,1.0,1.0,1.0,1.0,1.0,1.0,1.0,1.0,0.5,0.5,0.5,0.5
1788529341.2436914,389,6.625551999604795,2.67798499953642,6.414633000531467,1.845955,8.267724,10912096,0,0,0.0,0.0,0.0,0.25559556,0.4879911,-1.5637683,0.04569623,0.97217345,-1.0175567,-0.15872732,0.4539622,-1.1981158,-0.2160781,0.95042276,-1.6783755,-20.619452,-8.678993,-8.213628,9.30047,-3.6313658,0.5619509,-0.16378301,1.6819774,4.239823,0.9665219,1.0541425,0.3410461,-1.467981,1.3254292,-2.1702933,0.65311,-0.12789229,12.483063,-0.28291324,1.2401676,-0.89057815,4.6013203,-0.14224511,-0.8411016,-1.7069415,-1.7069415,4.8487034,2.2264454,2.7026572,-1.2863907,9.252117,22.3799,-0.34633595,0.6679336,0.89057815,1.3606055,0.9891233,0.0029946452,-0.11531694,0.0912587,-0.5528722,1.1739212,0.43249732,3.9839516,-1.4377182,5.3594203,-0.015535445,-0.23071323,0.18580364,30.013200759887695,6.391988754272461,-0.23021822,0.20366532,1.431941,0.21028176,0.52890843,-0.660329,-0.606146,-0.20441219,-0.7752995,1.0563021,-0.23490304,-0.7068879,-0.13438183,-0.3243424,0.23866923,-0.41275746,0.13222711,0.50491774,-1.4515364,-0.057554554,0.72091633,-0.9420147,-0.033595458,0.5889144,-1.2403326,-0.19382487,0.93407553,-1.3587257,0.0,0.0,0.0,0.0,0.0,0.0,0.0,0.0,0.0,0.0,0.0,0.0,0.0,0.0,0.0,0.0,-2.044122,2.1028175,-4.1275744,-7.068879,50.0,50.0,50.0,50.0,50.0,50.0,50.0,50.0,50.0,50.0,50.0,50.0,0.0,0.0,0.0,0.0,1.0,1.0,1.0,1.0,1.0,1.0,1.0,1.0,1.0,1.0,1.0,1.0,0.5,0.5,0.5,0.5
1788529341.2717783,390,14.350569001180702,2.6296630003344035,14.099616000748938,0.174886,14.282118,10912110,0,0,0.0,0.0,0.0,0.20751476,0.49949658,-1.5661694,0.0704027,1.0306393,-0.9953619,-0.14370966,0.4596241,-1.2142287,-0.19234055,0.91620916,-1.6673334,-20.620087,-8.526092,-8.214596,9.311158,-3.8677726,1.050267,-0.48932698,1.7284837,4.2204456,1.8744056,1.0735201,0.569702,-1.2516257,1.3990641,-2.8872652,1.1828773,0.0077510476,11.824223,-0.03100419,0.5735775,0.4205508,3.7849572,-1.1379609,-2.6717343,-5.1950393,-3.7932034,4.2797227,2.8696408,2.6552422,-1.0637461,9.870575,23.99201,-0.22264454,0.24738282,0.64319533,1.4595586,0.9898749,-0.002479997,-0.10603049,0.09433555,-0.39308253,1.6980313,0.6572681,3.6499605,-1.7681179,6.2859764,-0.025482552,-0.21100828,0.19272576,30.013200759887695,6.562897682189941,-0.23592591,0.24203634,1.7081741,0.62548745,0.47977763,-0.75700855,-0.44149312,-0.416829,-0.7695146,1.1272119,-0.46484053,-0.6557409,-0.30696988,-0.4250565,0.4063157,-0.5701998,0.11994441,0.48074788,-1.4103732,-0.05898148,0.7305091,-0.8729564,-0.07674247,0.5637359,-1.198421,-0.19237866,0.95180297,-1.41621,0.0,0.0,0.0,0.0,0.0,0.0,0.0,0.0,0.0,0.0,0.0,0.0,0.0,0.0,0.0,0.0,-4.16829,6.254874,-5.7019978,-6.5574093,50.0,50.0,50.0,50.0,50.0,50.0,50.0,50.0,50.0,50.0,50.0,50.0,0.0,0.0,0.0,0.0,1.0,1.0,1.0,1.0,1.0,1.0,1.0,1.0,1.0,1.0,1.0,1.0,0.5,0.5,0.5,0.5
1788529341.2892733,391,5.896982000194839,2.5766379985725507,5.656204999468173,5.968217,11.630758,10912124,0,0,0.0,0.0,0.0,0.16282523,0.5149381,-1.5753001,0.08814533,1.0777512,-0.9769585,-0.12838924,0.4648621,-1.2298046,-0.17744404,0.86988455,-1.6535426,-20.619936,-8.3758545,-8.21726,9.316396,-4.0499225,1.2130389,-0.77443075,1.4416949,3.4840958,1.5205534,0.9417523,0.19377619,-1.136371,1.147155,-3.2438135,1.144459,0.015502095,11.47155,-0.5038181,0.15502095,3.0428088,2.8449025,-0.52156544,-3.339668,-6.7040744,-4.788919,3.587051,3.0675468,3.2716377,-1.4842969,12.5175705,23.565275,-0.22264454,0.64319533,0.89057815,1.6327267,0.9906891,-0.0061997506,-0.09313741,0.09910639,-0.27377293,2.173139,0.82025355,3.2010477,0.7110779,5.913678,-0.031280134,-0.18435405,0.20230395,29.99549102783203,7.075623989105225,-0.14729916,0.27514654,2.107386,1.2853591,0.43223515,-0.6779655,-0.46282777,-0.43976414,-0.70116794,1.2918841,-0.61508626,-0.46916926,-0.3707423,-0.5435281,0.5498367,-0.5934208,0.10805879,0.50050867,-1.4157069,-0.03682479,0.73878664,-0.7731534,-0.09268557,0.534118,-1.1625408,-0.17529199,0.99297106,-1.4537715,0.0,0.0,0.0,0.0,0.0,0.0,0.0,0.0,0.0,0.0,0.0,0.0,0.0,0.0,0.0,0.0,-4.397641,12.853592,-5.934208,-4.6916924,50.0,50.0,50.0,50.0,50.0,50.0,50.0,50.0,50.0,50.0,50.0,50.0,0.0,0.0,0.0,0.0,1.0,1.0,1.0,1.0,1.0,1.0,1.0,1.0,1.0,1.0,1.0,1.0,0.5,0.5,0.5,0.5
1788529341.3149974,392,9.77437099936651,2.485498000169173,6.970108999666991,5.580363,12.557128,10912138,0,0,0.0,0.0,0.0,0.1077503,0.5317421,-1.5909234,0.10016551,1.1138723,-0.9686967,-0.116126835,0.4668907,-1.2466757,-0.1604281,0.826406,-1.6328486,-20.620329,-8.236547,-8.226707,9.313368,-3.8677726,1.3215537,-1.4113647,-0.7169719,2.286559,-0.5944717,0.8254866,-0.0038755238,-1.2435377,1.3138026,-3.1740541,1.7227546,0.019377619,9.006718,-0.68596774,-0.48056495,4.230246,2.1274922,-0.66381055,-1.8306329,-8.856305,-3.7932034,3.4633594,5.1950393,3.7932034,-0.86583984,11.94859,24.513577,-0.2721211,1.3853438,0.791625,1.7811563,0.9914488,-0.01035981,-0.07739454,0.10455711,-0.090547465,2.442651,0.98323894,3.5182793,-0.89543146,6.969521,-0.037163008,-0.15188234,0.21296911,29.93351936340332,9.05816650390625,-0.099032186,0.4999086,2.2622275,1.9722,0.30891424,-0.31250367,-0.611162,-0.40010086,-0.59177935,1.4327519,-0.6086694,-0.30568272,-0.3386922,-0.5332489,0.7279322,-0.43295568,0.07722856,0.5918741,-1.4527905,-0.024758046,0.7949772,-0.73444307,-0.08467305,0.5366878,-1.118017,-0.14794484,1.028188,-1.4521673,0.0,0.0,0.0,0.0,0.0,0.0,0.0,0.0,0.0,0.0,0.0,0.0,0.0,0.0,0.0,0.0,-4.0010085,19.722,-4.329557,-3.056827,50.0,50.0,50.0,50.0,50.0,50.0,50.0,50.0,50.0,50.0,50.0,50.0,0.0,0.0,0.0,0.0,1.0,1.0,1.0,1.0,1.0,1.0,1.0,1.0,1.0,1.0,1.0,1.0,0.5,0.5,0.5,0.5
1788529341.333468,393,5.54548100080865,2.5595170009182766,5.302592000589357,3.030638,8.339695,10912154,0,0,0.0,0.0,0.0,0.059548497,0.55996084,-1.6013967,0.08196871,1.1268916,-0.9835142,-0.09802088,0.47303706,-1.2649845,-0.13448018,0.7691512,-1.6044298,-20.621117,-8.094122,-8.239454,9.300652,-2.8020036,2.1896708,0.30127984,0.4999426,0.096888095,-1.156591,1.228541,0.13176781,-1.4700031,1.6664752,-2.2594304,2.8429496,-0.21315381,10.312769,-1.1587815,-1.7246081,3.5623126,1.8801094,-0.85347074,-3.1912384,-10.51377,-4.836334,2.4243517,8.856305,4.2199388,-0.12369141,9.276855,25.509293,-0.64319533,-0.64319533,0.86583984,1.4842969,0.99196965,-0.016118845,-0.057950947,0.11125769,-0.20985708,2.8112326,1.0727211,4.437653,-5.9962783,6.171055,-0.045170117,-0.11161608,0.2259071,29.853837966918945,11.348343849182129,-0.037977163,0.37525272,2.36951,2.4198387,0.2486233,-0.27142087,-0.69320536,-0.46664682,-0.48804206,1.4471531,-0.8230505,-0.14225821,-0.26278666,-0.47025755,0.58146,-0.27291813,0.062155824,0.6021448,-1.4733013,-0.009494291,0.7638132,-0.70762247,-0.065696664,0.55243564,-1.154635,-0.122010514,1.0317883,-1.5057626,0.0,0.0,0.0,0.0,0.0,0.0,0.0,0.0,0.0,0.0,0.0,0.0,0.0,0.0,0.0,0.0,-4.666468,24.198387,-2.7291813,-1.4225821,50.0,50.0,50.0,50.0,50.0,50.0,50.0,50.0,50.0,50.0,50.0,50.0,0.0,0.0,0.0,0.0,1.0,1.0,1.0,1.0,1.0,1.0,1.0,1.0,1.0,1.0,1.0,1.0,0.5,0.5,0.5,0.5
1788529341.3506663,394,5.737232000683434,2.6305920000595506,5.523177000213764,3.060943,8.59084,10912164,0,0,0.0,0.0,0.0,0.03499341,0.57888424,-1.6006228,0.08866005,1.1210177,-1.001191,-0.088059574,0.47464174,-1.2762477,-0.12233895,0.7498342,-1.5845257,-20.624659,-8.0124035,-8.250505,9.272554,-2.5927255,2.0695298,-0.07279245,0.43405867,-1.5967158,-2.5052733,0.96888095,0.32941952,-1.2435377,0.9184992,-2.8446345,1.2010754,-0.39917895,9.122983,-1.4688236,-4.2204456,4.527106,1.0390079,-0.42673537,-3.5375743,-8.312063,-2.8449025,2.2264454,8.48523,4.4570136,2.0285392,11.058012,27.311064,-0.5442422,0.049476564,0.9400547,2.9191172,0.99212474,-0.018780407,-0.04407413,0.115729645,0.0745685,2.909237,0.9917611,5.2863975,-2.9999347,8.593987,-0.04764918,-0.08320313,0.2342308,29.84498405456543,12.100342750549316,-0.022938326,0.5696583,2.2931817,2.71195,0.1884044,-0.14305872,-0.653807,-0.46607104,-0.4001323,1.5020883,-0.91413206,-0.111194104,-0.15004888,-0.35481152,0.53063154,-0.1522147,0.0471011,0.6342353,-1.4634517,-0.0057345815,0.8124146,-0.72670454,-0.03751222,0.58129716,-1.1673421,-0.100033075,1.0455221,-1.528533,0.0,0.0,0.0,0.0,0.0,0.0,0.0,0.0,0.0,0.0,0.0,0.0,0.0,0.0,0.0,0.0,-4.6607103,27.119501,-1.522147,-1.1119411,50.0,50.0,50.0,50.0,50.0,50.0,50.0,50.0,50.0,50.0,50.0,50.0,0.0,0.0,0.0,0.0,1.0,1.0,1.0,1.0,1.0,1.0,1.0,1.0,1.0,1.0,1.0,1.0,0.5,0.5,0.5,0.5
1788529341.3703878,395,6.484363000708981,2.3740060005366104,6.24659399909433,0.190023,6.442825,10912176,0,0,0.0,0.0,0.0,0.0074106455,0.6082535,-1.5960573,0.09386778,1.0853508,-1.0255026,-0.078885496,0.48321033,-1.2908125,-0.1074726,0.7039334,-1.5658536,-20.63023,-7.9143343,-8.2738495,9.23283,-2.6314807,2.3834472,1.0150503,0.43018317,-3.0422862,-1.3567703,0.70146984,0.569702,-1.6054779,1.1587815,-3.4298387,2.8308175,-0.6627146,7.8983173,-2.4842107,-3.5151002,4.5023675,1.6822032,1.2327911,-4.7992268,-10.8601055,-5.689805,1.8801094,11.750684,4.2673535,1.2121758,8.881043,28.354195,-0.37107423,0.0,0.791625,1.1874375,0.9920234,-0.019198563,-0.026308965,0.12177358,0.47404262,3.0296118,1.2154666,1.6627731,-6.567295,8.013393,-0.0445634,-0.04754037,0.24534301,29.738744735717773,14.800702095031738,0.012743594,0.62525123,2.202666,2.8127542,0.16185588,-0.2602464,-0.56128484,-0.39003125,-0.3687162,1.5923896,-0.99153465,-0.04598034,-0.15500051,-0.43393376,0.40906718,-0.108595,0.04046397,0.6049384,-1.4403212,0.0031858985,0.82631284,-0.74933344,-0.038750127,0.5615166,-1.1977332,-0.09217905,1.0680974,-1.5478836,0.0,0.0,0.0,0.0,0.0,0.0,0.0,0.0,0.0,0.0,0.0,0.0,0.0,0.0,0.0,0.0,-3.9003124,28.12754,-1.08595,-0.4598034,50.0,50.0,50.0,50.0,50.0,50.0,50.0,50.0,50.0,50.0,50.0,50.0,0.0,0.0,0.0,0.0,1.0,1.0,1.0,1.0,1.0,1.0,1.0,1.0,1.0,1.0,1.0,1.0,0.5,0.5,0.5,0.5
1788529341.3964639,396,12.37065699933737,2.340757000638405,6.419753000955097,2.897322,9.323379,10912244,0,0,0.0,0.0,0.0,-0.104192376,0.7628505,-1.5611776,0.09147586,1.0168933,-1.3053775,-0.02729258,0.55793524,-1.3703502,-0.05669719,0.46413538,-1.3633364,-20.73723,-7.5016212,-8.552645,8.9088,-0.4224321,3.7088764,-2.758025,0.8913705,-0.36429924,-3.1846695,2.7128668,1.3099271,-1.0150503,1.8757535,-2.3059366,3.3241885,-1.77499,6.6310215,-1.2634208,-8.146351,6.407215,0.049476564,23.565275,-9.672668,-18.207375,-1.0905459,0.6926719,17.26732,9.245933,0.791625,7.743082,21.147108,1.3606055,-0.34633595,-1.58325,-1.9295859,0.98232627,-0.006924408,0.07279397,0.17230314,-0.5464806,1.7150755,2.3670173,0.17956513,2.6839,17.901445,0.011604786,0.14591831,0.34812188,29.473140716552734,22.457414627075195,0.14012569,0.96650857,2.2965581,2.8213634,0.345745,-0.21384725,-1.0558741,-0.030482752,-0.41929123,1.7662456,-0.6042083,0.059680548,-0.3480798,-0.90521514,0.7628168,0.118982956,0.08643625,0.6165382,-1.5639684,0.035031423,0.9116272,-0.7258604,-0.08701995,0.44369623,-1.1092957,-0.10482281,1.1115614,-1.4510521,0.0,0.0,0.0,0.0,0.0,0.0,0.0,0.0,0.0,0.0,0.0,0.0,0.0,0.0,0.0,0.0,-0.3048275,28.213634,1.1898296,0.59680545,50.0,50.0,50.0,50.0,50.0,50.0,50.0,50.0,50.0,50.0,50.0,50.0,0.0,0.0,0.0,0.0,1.0,1.0,1.0,1.0,1.0,1.0,1.0,1.0,1.0,1.0,1.0,1.0,0.5,0.5,0.5,0.5
1788529341.411646,397,6.872760999613092,2.2892030010552844,6.665105000138283,0.156997,6.828536,10912256,0,0,0.0,0.0,0.0,-0.11821091,0.79321885,-1.5634681,0.098469965,1.0044795,-1.3365607,0.007466033,0.57298315,-1.3835881,-0.0358966,0.4436375,-1.3322954,-20.759666,-7.441187,-8.572205,8.799165,-1.2014123,1.4843256,1.2071414,0.5386978,-1.6044669,-2.8287954,2.4454553,1.6587242,-0.6227798,1.1859103,-1.0463915,3.1361413,-1.8835046,5.600132,-2.6392317,-10.02598,7.8667736,0.51950395,20.910032,-9.697407,-16.253052,-0.23707521,-0.7668867,16.27779,8.819198,0.47002736,7.619391,19.20309,1.5585117,0.024738282,-0.96479297,-0.89057815,0.9789992,-0.008487421,0.08217785,0.1863747,0.20559601,1.5297196,2.4639564,-2.6551697,-2.5007436,14.443022,0.014206363,0.16481291,0.37741667,29.437725067138672,23.38032341003418,0.16913548,1.1290176,1.9629583,2.5736465,0.39236698,-0.12249245,-0.8726514,0.05239649,-0.49159604,1.6508784,-0.6357873,-0.035332534,-0.3139807,-0.79561615,0.80971986,0.26775834,0.098091744,0.6393769,-1.5181628,0.04228387,0.9522544,-0.80926037,-0.078495175,0.47109598,-1.09757,-0.12289901,1.0827196,-1.4589468,0.0,0.0,0.0,0.0,0.0,0.0,0.0,0.0,0.0,0.0,0.0,0.0,0.0,0.0,0.0,0.0,0.5239649,25.736465,2.6775835,-0.35332534,50.0,50.0,50.0,50.0,50.0,50.0,50.0,50.0,50.0,50.0,50.0,50.0,0.0,0.0,0.0,0.0,1.0,1.0,1.0,1.0,1.0,1.0,1.0,1.0,1.0,1.0,1.0,1.0,0.5,0.5,0.5,0.5
1788529341.4318645,398,7.278376000613207,2.4967950012069196,7.071583999277209,0.168742,7.246631,10912272,0,0,0.0,0.0,0.0,-0.14155483,0.81504893,-1.5382088,0.09553304,0.98007584,-1.360967,0.039802432,0.60329103,-1.3936034,-0.018426418,0.43019426,-1.2796599,-20.791973,-7.3545637,-8.606085,8.637816,-0.52319574,2.4764597,0.6328899,-0.7557271,-1.3409312,-1.3931667,2.5035884,2.6159785,-0.7137704,1.3370557,-0.9107481,3.4475312,-1.9028822,5.9489293,-1.8176206,-11.746713,8.361539,1.2616524,23.944595,-9.07895,-13.729747,-2.7026572,-1.1626992,15.733547,10.289063,0.24738282,7.2235785,14.461587,1.7811563,-0.64319533,-1.1132227,-0.7668867,0.97441375,-0.005796976,0.0914717,0.20522515,0.35579827,0.78829557,2.4564996,-1.4197617,3.8127663,16.039955,0.026689464,0.18163909,0.41759115,29.490846633911133,21.876325607299805,0.15825696,0.9614759,1.6317335,2.3475158,0.3657753,-0.14731419,-0.7662318,0.13735127,-0.49262828,1.3964372,-0.6605245,-0.08446418,-0.286512,-0.7262529,0.70241636,0.18175258,0.09144382,0.63317144,-1.4915578,0.03956424,0.910369,-0.8920666,-0.071628,0.4884368,-1.1243958,-0.12315707,1.0191092,-1.465131,0.0,0.0,0.0,0.0,0.0,0.0,0.0,0.0,0.0,0.0,0.0,0.0,0.0,0.0,0.0,0.0,1.3735127,23.475159,1.8175257,-0.8446418,50.0,50.0,50.0,50.0,50.0,50.0,50.0,50.0,50.0,50.0,50.0,50.0,0.0,0.0,0.0,0.0,1.0,1.0,1.0,1.0,1.0,1.0,1.0,1.0,1.0,1.0,1.0,1.0,0.5,0.5,0.5,0.5
1788529341.45154,399,7.197668999651796,3.034927000044263,6.959005000680918,0.193927,7.160676,10912286,0,0,0.0,0.0,0.0,-0.14979029,0.84859645,-1.5278145,0.09029503,0.95794296,-1.3751211,0.06932302,0.6407443,-1.402197,-0.006254852,0.42795372,-1.2398041,-20.808928,-7.276538,-8.626492,8.482825,-0.48056495,2.03465,1.5144873,-0.5348223,-1.3448068,-0.5702075,2.7554975,2.6276052,-0.70770437,1.058018,0.13951886,3.1907356,-1.0696446,5.4799905,-1.5385829,-14.521588,8.435754,2.1027539,24.323915,-9.301594,-11.453825,-3.698373,-1.7316797,15.956192,10.810629,0.12369141,5.516637,11.75893,2.0285392,-0.6926719,-0.6926719,-0.8411016,0.970476,-0.0019846563,0.09540717,0.22151765,0.30679613,0.29081717,2.4117584,-0.48243165,6.5936313,12.908339,0.039109323,0.1871506,0.452495,29.526260375976562,20.850873947143555,0.20821145,0.9284502,1.2653791,2.1010602,0.35670313,-0.29594988,-0.7343509,0.438221,-0.63640404,1.3045764,-0.6397194,-0.16626753,-0.25408542,-0.79989254,0.5904863,0.12429008,0.08917578,0.59601253,-1.4835877,0.052052863,0.9021126,-0.9836552,-0.063521355,0.47002688,-1.1523783,-0.15910101,0.9961441,-1.4599298,0.0,0.0,0.0,0.0,0.0,0.0,0.0,0.0,0.0,0.0,0.0,0.0,0.0,0.0,0.0,0.0,4.3822103,21.010601,1.2429008,-1.6626753,50.0,50.0,50.0,50.0,50.0,50.0,50.0,50.0,50.0,50.0,50.0,50.0,0.0,0.0,0.0,0.0,1.0,1.0,1.0,1.0,1.0,1.0,1.0,1.0,1.0,1.0,1.0,1.0,0.5,0.5,0.5,0.5
1788529341.4747589,400,9.849764999671606,2.4561530008213595,9.627966001062305,3.201652,12.836114,10912296,0,0,0.0,0.0,0.0,-0.15663302,0.8624636,-1.5084158,0.084693685,0.9448631,-1.3787544,0.09151645,0.66738856,-1.4078048,0.0025559068,0.43373674,-1.2032183,-20.820343,-7.2293053,-8.6419935,8.350361,-0.68596774,1.4843256,2.6346822,-0.5619509,-1.464948,-0.17793709,2.3291898,3.3717058,-0.42866665,0.7285985,1.0425159,3.5971603,-1.2983005,5.4606133,-1.3641844,-16.09505,9.07895,1.8058946,22.237654,-8.955258,-10.6622,-4.1251087,-2.44909,13.754485,10.763214,0.0,4.4281526,9.625254,2.1027539,-0.59371877,-0.74214846,-0.51950395,0.96772873,0.00082353904,0.09608119,0.23295715,0.29294768,-0.091612734,2.3265374,-1.6017209,5.4647655,10.644621,0.047196556,0.1866594,0.4768806,29.588233947753906,18.970876693725586,0.22755653,0.84008586,1.0344831,2.0457246,0.4034378,-0.43963102,-0.44861144,0.58135873,-0.62726676,1.1706254,-0.6509694,-0.13469729,-0.27897394,-0.692616,0.516493,0.0005811583,0.10085945,0.5600923,-1.4121528,0.05688913,0.88002145,-1.0413792,-0.069743484,0.49684602,-1.1708767,-0.15681669,0.9626564,-1.4627423,0.0,0.0,0.0,0.0,0.0,0.0,0.0,0.0,0.0,0.0,0.0,0.0,0.0,0.0,0.0,0.0,5.813587,20.457247,0.0058115833,-1.346973,50.0,50.0,50.0,50.0,50.0,50.0,50.0,50.0,50.0,50.0,50.0,50.0,0.0,0.0,0.0,0.0,1.0,1.0,1.0,1.0,1.0,1.0,1.0,1.0,1.0,1.0,1.0,1.0,0.5,0.5,0.5,0.5
1788529341.5368173,401,11.877584000103525,2.3697819997323677,11.618757000178448,6.026971,17.654625,10912334,0,0,0.0,0.0,0.0,-0.17955315,0.8964956,-1.3935876,0.045211792,0.8971154,-1.3751843,0.16442475,0.7844112,-1.4257503,0.019783795,0.47815388,-1.1005223,-20.846745,-7.0558453,-8.696433,7.8375206,-0.75960267,0.5541999,3.5445876,-1.7401102,-1.2324166,0.32149997,1.2169144,3.8677726,-1.4154087,0.24415801,2.3640695,2.7984653,-0.33717057,4.999426,-1.3796865,-15.09904,9.07895,4.0570784,19.914316,-6.159832,-10.142695,-2.4655821,-3.1665,12.468094,5.594975,-1.2616524,-2.3006601,4.978579,2.4243517,-0.32159767,0.22264454,-0.47002736,0.9589513,0.0128398165,0.088184506,0.2692043,0.7467503,-0.9619337,1.7172061,-3.1723173,2.7353754,5.925649,0.07313783,0.16293623,0.55334115,29.70332908630371,15.65524673461914,0.13700698,0.78489006,0.46121562,1.8760962,0.35347664,-0.34497267,-0.1002463,0.67506903,-0.5117155,0.79029703,-0.4360602,-0.057311162,-0.20428851,-0.5233216,0.46559373,0.053542774,0.08836916,0.58375686,-1.3250616,0.034251746,0.8662225,-1.1846961,-0.051072128,0.5391696,-1.1836015,-0.12792887,0.8675743,-1.4090149,0.0,0.0,0.0,0.0,0.0,0.0,0.0,0.0,0.0,0.0,0.0,0.0,0.0,0.0,0.0,0.0,6.7506905,18.760963,0.53542775,-0.57311165,50.0,50.0,50.0,50.0,50.0,50.0,50.0,50.0,50.0,50.0,50.0,50.0,0.0,0.0,0.0,0.0,1.0,1.0,1.0,1.0,1.0,1.0,1.0,1.0,1.0,1.0,1.0,1.0,0.5,0.5,0.5,0.5
1788529341.553519,402,6.621296999583137,2.859878999515786,6.356230000164942,2.82439,9.187405,10912394,0,0,0.0,0.0,0.0,-0.2259686,0.8933164,-1.1739464,-0.040836945,0.8238438,-1.3467498,0.23578888,0.9754321,-1.4841675,0.01851213,0.60326064,-1.0185834,-20.79603,-6.768118,-8.754657,7.061507,-0.28678876,-0.4379342,2.6508584,-0.46118733,-1.3913131,1.4437169,0.27128667,1.4959522,0.67535216,-0.3100419,2.9647758,0.65513206,3.1701784,5.995435,0.15889648,-13.83562,9.153164,2.721211,11.000289,-2.622258,-7.025672,0.47415042,-5.2197776,4.527106,4.978579,-0.24738282,-10.340602,-4.504429,3.1170235,-0.86583984,0.64319533,-1.7069415,0.9504384,0.03937439,0.06223731,0.30206504,0.14381069,-0.7350324,0.4506068,-4.5418005,5.139154,7.394492,0.1131925,0.09465951,0.6208093,29.93351936340332,8.955620765686035,0.06414096,0.3348929,-0.26607972,1.5783128,0.11885685,-0.18642563,0.8785125,0.8086655,-0.18866971,-0.019635044,-0.035480686,0.002214916,-0.16778138,0.092201225,-0.21452658,-0.024652775,0.029714212,0.6233936,-1.0803719,0.01603524,0.75372326,-1.3665199,-0.041945346,0.6930503,-1.3536316,-0.047167428,0.6650913,-1.3088701,0.0,0.0,0.0,0.0,0.0,0.0,0.0,0.0,0.0,0.0,0.0,0.0,0.0,0.0,0.0,0.0,8.086655,15.783128,-0.24652776,0.02214916,50.0,50.0,50.0,50.0,50.0,50.0,50.0,50.0,50.0,50.0,50.0,50.0,0.0,0.0,0.0,0.0,1.0,1.0,1.0,1.0,1.0,1.0,1.0,1.0,1.0,1.0,1.0,1.0,0.5,0.5,0.5,0.5
1788529341.576417,403,8.147175998601597,2.557211999373976,7.0615690001432085,2.347893,9.416054,10912408,0,0,0.0,0.0,0.0,-0.22929907,0.8862314,-1.1424947,-0.046862178,0.8077059,-1.3355024,0.23772664,0.9897231,-1.4680387,0.02108574,0.6412287,-1.0146025,-20.738321,-6.685521,-8.755565,6.8900456,-0.10463915,-0.7479761,2.3334024,-0.2092783,-1.1704081,-0.13547485,-0.16664752,0.7906069,1.5609936,0.44180974,2.4067004,-0.04044025,4.499483,6.6542745,-0.15889648,-15.4982195,8.312063,6.48143,12.612401,-4.230246,-6.036141,-1.5172813,-3.4386213,5.3434687,6.6855206,0.14842969,-12.072282,-6.7803507,2.8696408,-1.4100821,0.34633595,-1.1132227,0.9500861,0.04095627,0.057424005,0.3039103,-0.2087918,-0.7488808,0.1523328,-3.3614593,4.584896,6.7384806,0.11337212,0.08432133,0.6239698,29.889251708984375,10.151982307434082,0.044953004,0.24652168,-0.5197503,1.390401,0.025722407,-0.2782519,1.3969076,0.98186475,0.11602593,-0.36112344,0.6283938,0.019593295,-0.16958907,0.38695633,-0.5601688,-0.11991848,0.0064306017,0.60043705,-0.95077306,0.011238251,0.73163044,-1.4299375,-0.042397268,0.76673913,-1.4400421,0.029006483,0.5797192,-1.1429015,0.0,0.0,0.0,0.0,0.0,0.0,0.0,0.0,0.0,0.0,0.0,0.0,0.0,0.0,0.0,0.0,9.818647,13.90401,-1.1991848,0.19593295,50.0,50.0,50.0,50.0,50.0,50.0,50.0,50.0,50.0,50.0,50.0,50.0,0.0,0.0,0.0,0.0,1.0,1.0,1.0,1.0,1.0,1.0,1.0,1.0,1.0,1.0,1.0,1.0,0.5,0.5,0.5,0.5
1788529341.5967333,404,6.985277999774553,1.7416640002920758,6.773780998628354,2.4102,9.189934,10912424,0,0,0.0,0.0,0.0,-0.22799718,0.8786621,-1.1125594,-0.047013566,0.800197,-1.3436377,0.23736331,0.996263,-1.4439641,0.022841811,0.666692,-1.0152028,-20.672588,-6.584999,-8.747178,6.6734705,0.054257333,-0.37980133,1.9775282,-0.015502095,0.038755238,-0.23050943,-0.04263076,0.12401676,1.7025344,0.04263076,1.3719355,-0.082902506,5.883045,6.3519835,1.0735201,-15.339322,8.06468,6.5061684,11.47444,-4.4281526,-6.753551,-1.6121113,-3.587051,5.6650667,5.0734096,0.51950395,-12.393879,-6.4958606,2.4243517,-1.1874375,-0.24738282,-1.3853438,0.95030975,0.03975111,0.05123522,0.30447692,-0.47510788,-0.59228694,-0.0074568503,-2.3654714,3.3674448,6.4523735,0.10724401,0.07323752,0.62405974,29.889251708984375,10.186163902282715,0.028840335,0.30793163,-0.48344046,1.166919,0.03766008,-0.2498602,1.6291542,1.197252,0.2211788,-0.4293204,1.1162138,0.07953884,-0.16791454,0.5681424,-0.7239586,-0.120633826,0.00941502,0.60753495,-0.8927114,0.007210084,0.74698293,-1.42086,-0.041978635,0.8120356,-1.4809896,0.0552947,0.56266993,-1.0209465,0.0,0.0,0.0,0.0,0.0,0.0,0.0,0.0,0.0,0.0,0.0,0.0,0.0,0.0,0.0,0.0,11.972521,11.669189,-1.2063383,0.79538834,50.0,50.0,50.0,50.0,50.0,50.0,50.0,50.0,50.0,50.0,50.0,50.0,0.0,0.0,0.0,0.0,1.0,1.0,1.0,1.0,1.0,1.0,1.0,1.0,1.0,1.0,1.0,1.0,0.5,0.5,0.5,0.5
1788529341.6195548,405,8.941284999309573,2.1084599993628217,7.645876999959,1.222573,8.876003,10912444,0,0,0.0,0.0,0.0,-0.22627139,0.86470413,-1.1005222,-0.045408852,0.7983804,-1.3552486,0.22625145,0.9709813,-1.3997484,0.014000773,0.70008814,-1.018915,-20.562105,-6.4799967,-8.733826,6.474093,0.21315381,-0.42630762,-0.5823396,0.24803352,-0.09301257,-1.3951886,-0.82161105,-2.6159785,3.6820846,-1.8253717,1.805994,-0.161761,6.8170466,4.689384,0.019377619,-12.219527,8.78209,1.1874375,1.7069415,-2.3501368,-5.269254,-5.5001445,-5.2197776,0.4205508,7.112256,-0.86583984,-6.827766,-4.788919,2.2017071,-1.8801094,-0.22264454,-1.3853438,0.95085675,0.03759534,0.0474439,0.30365634,-0.48789105,0.0042610574,-0.2663161,-2.5366566,3.6403837,8.53054,0.100707546,0.0674437,0.62162715,29.99549102783203,6.802170276641846,-0.03668263,0.23732355,-0.14830108,0.8316247,-0.003870353,-0.13629213,1.6238164,1.2028469,0.232781,-0.40369347,1.1382124,0.13230643,-0.07694201,0.6786431,-0.7350844,-0.16241021,-0.0009675883,0.63592696,-0.8940458,-0.009170658,0.7293309,-1.3370752,-0.019235503,0.83966076,-1.4837711,0.05819525,0.56907666,-1.0154469,0.0,0.0,0.0,0.0,0.0,0.0,0.0,0.0,0.0,0.0,0.0,0.0,0.0,0.0,0.0,0.0,12.028469,8.316247,-1.6241021,1.3230643,50.0,50.0,50.0,50.0,50.0,50.0,50.0,50.0,50.0,50.0,50.0,50.0,0.0,0.0,0.0,0.0,1.0,1.0,1.0,1.0,1.0,1.0,1.0,1.0,1.0,1.0,1.0,1.0,0.5,0.5,0.5,0.5
1788529341.6402013,406,6.846968000900233,1.8508199991629226,5.401475998951355,1.186475,6.593551,10912462,0,0,0.0,0.0,0.0,-0.21567428,0.8586184,-1.1213583,-0.038656965,0.801832,-1.3893068,0.21359545,0.94218737,-1.3635417,0.0053111315,0.71295613,-1.024918,-20.429792,-6.43128,-8.741304,6.284071,1.3138026,-2.0307744,-2.4102387,0.5619509,0.7092209,-1.6863583,-0.54257333,-3.0539126,0.42664462,-0.6665901,1.7594877,-0.026286162,7.797554,1.8369983,-0.5890796,-9.537664,10.4642935,-2.1522305,-4.836334,-2.0780158,-3.2654533,2.323337,-5.7145433,-3.8096955,6.4484453,-3.6365275,-0.9895313,-4.836334,1.58325,-2.3006601,-0.049476564,-1.0390079,0.95221394,0.031472355,0.05103083,0.2994897,-0.88310415,0.9576726,-0.5880259,-1.1085154,3.3806129,8.2995,0.09090734,0.078413576,0.61301553,29.99549102783203,7.041442394256592,-0.19506831,-0.24015674,0.14655878,0.59105814,-0.07901966,0.2677929,1.6546378,1.2423756,0.32310742,-0.2879905,0.8749343,0.28281376,0.18881762,0.9409597,-0.7259537,-0.1707117,-0.019754915,0.73694825,-0.8863405,-0.04876708,0.60996085,-1.2633603,0.047204405,0.90523994,-1.4814883,0.080776855,0.5980024,-1.0812664,0.0,0.0,0.0,0.0,0.0,0.0,0.0,0.0,0.0,0.0,0.0,0.0,0.0,0.0,0.0,0.0,12.423756,5.9105816,-1.707117,2.8281376,50.0,50.0,50.0,50.0,50.0,50.0,50.0,50.0,50.0,50.0,50.0,50.0,0.0,0.0,0.0,0.0,1.0,1.0,1.0,1.0,1.0,1.0,1.0,1.0,1.0,1.0,1.0,1.0,0.5,0.5,0.5,0.5
1788529341.6590476,407,4.526692000581534,1.845026999944821,4.323229000874562,0.175879,4.505476,10912478,0,0,0.0,0.0,0.0,-0.20047486,0.83869576,-1.1871685,-0.027666224,0.80655533,-1.3928927,0.21087047,0.8979216,-1.3464811,0.00092089176,0.73009324,-1.0393406,-20.326122,-6.4212284,-8.742273,6.1477313,0.68984324,-0.7130964,-5.4715657,0.740225,0.38755238,0.30532387,-0.11626572,-3.1546764,1.7631948,-0.26353562,0.8836195,-1.0251603,8.092094,0.05038181,0.46893838,-10.901849,10.241649,-4.8487034,-0.33190528,-3.0428088,-5.6650667,1.6595265,-5.442422,-4.675535,4.2199388,-3.1665,3.0180705,-4.030278,0.86583984,-2.1274922,-0.6679336,-0.5442422,0.95370305,0.02098968,0.0573056,0.29449305,-1.1856391,1.2783172,-0.83090615,-0.073023155,-0.14844051,3.669114,0.07420531,0.097094916,0.602608,29.96893310546875,8.613802909851074,-0.27576613,-0.67304754,0.35498282,0.531029,-0.11490369,0.51741576,1.3633516,1.21004,0.37145522,-0.27793851,0.57183087,0.2568319,0.33778298,0.9891412,-0.68613714,-0.26013896,-0.028725922,0.79935396,-0.95916206,-0.06894153,0.50173813,-1.2112542,0.084445745,0.9172853,-1.4715343,0.092863806,0.60051537,-1.1570423,0.0,0.0,0.0,0.0,0.0,0.0,0.0,0.0,0.0,0.0,0.0,0.0,0.0,0.0,0.0,0.0,12.1004,5.31029,-2.6013896,2.568319,50.0,50.0,50.0,50.0,50.0,50.0,50.0,50.0,50.0,50.0,50.0,50.0,0.0,0.0,0.0,0.0,1.0,1.0,1.0,1.0,1.0,1.0,1.0,1.0,1.0,1.0,1.0,1.0,0.5,0.5,0.5,0.5
1788529341.6838913,408,10.418842000945006,1.8835880000551697,6.560654001077637,2.469914,9.037032,10912538,0,0,0.0,0.0,0.0,-0.11376011,0.8131112,-1.4862841,0.016478414,0.85808766,-1.4644847,0.18519513,0.7867123,-1.3245707,-0.091849506,0.7957349,-1.1555747,-19.822395,-6.5452757,-8.680689,5.7402563,1.6819774,-1.1742837,-3.3201444,0.6317104,1.0270138,-0.487305,-0.724723,-1.2789229,0.012132075,-2.4144514,1.5928403,-2.1736634,8.611414,-4.0693,0.20540276,-6.2589707,9.870575,-8.312063,1.8491865,-4.997133,-11.37961,12.564985,-3.5623126,-4.6260586,-0.04741504,1.4842969,1.7811563,-1.7069415,-0.8411016,-0.59371877,-1.0884844,-0.4205508,0.9606528,-0.0045088935,0.08276762,0.26509514,-0.106526434,0.64874595,-1.358212,-3.1435869,-3.2932243,11.675324,0.035695173,0.16212171,0.54140437,29.93351936340332,9.05816650390625,-0.20832722,-0.7580381,0.026135202,0.69710654,-0.12875143,0.6712643,1.2790523,0.9805203,0.3702515,-0.33817053,0.23488925,0.2687881,0.40637606,1.1083245,-0.45955744,-0.32788828,-0.032187857,0.8378161,-0.9802369,-0.052081805,0.4804905,-1.2934662,0.101594016,0.94708115,-1.4148893,0.09256288,0.5854574,-1.2412777,0.0,0.0,0.0,0.0,0.0,0.0,0.0,0.0,0.0,0.0,0.0,0.0,0.0,0.0,0.0,0.0,9.805203,6.9710655,-3.2788827,2.687881,50.0,50.0,50.0,50.0,50.0,50.0,50.0,50.0,50.0,50.0,50.0,50.0,0.0,0.0,0.0,0.0,1.0,1.0,1.0,1.0,1.0,1.0,1.0,1.0,1.0,1.0,1.0,1.0,0.5,0.5,0.5,0.5
1788529341.7082016,409,11.863630999869201,2.070794998871861,10.309557999789831,0.109348,10.424858,10912556,0,0,0.0,0.0,0.0,-0.09459436,0.78761756,-1.5253974,0.023654189,0.87543666,-1.466475,0.17141885,0.7635802,-1.3223116,-0.1350252,0.8199569,-1.1957148,-19.712065,-6.6124306,-8.683565,5.6454573,1.0308893,-1.9377619,-2.931918,0.3410461,0.86424184,0.22848742,-0.8409887,-1.1200264,0.5621195,-2.4842107,1.4455703,-2.2383678,6.231842,-3.6081126,-0.59683067,-6.1892114,9.821098,-8.312063,4.504429,-5.6403284,-12.715477,13.371041,-3.2654533,-5.541375,0.61639553,2.7706876,1.58325,-3.698373,-1.58325,-0.4205508,-1.58325,-0.64319533,0.9633835,-0.006477751,0.08770828,0.25329366,0.030892665,0.39734358,-1.2729908,-2.5474305,-6.495469,13.913903,0.032441426,0.1731387,0.5170199,29.889251708984375,10.357072830200195,-0.11010337,-0.5511324,-0.03397257,0.89288974,-0.115071915,0.6079221,1.0354995,0.68359745,0.25286025,-0.056176186,-0.1249245,0.3183061,0.29892904,0.8590205,-0.30868107,-0.32562992,-0.028767979,0.82198054,-1.041125,-0.027525842,0.5322169,-1.3084931,0.07473226,0.88475513,-1.3771702,0.06321506,0.655956,-1.3312311,0.0,0.0,0.0,0.0,0.0,0.0,0.0,0.0,0.0,0.0,0.0,0.0,0.0,0.0,0.0,0.0,6.8359747,8.928898,-3.2562993,3.183061,50.0,50.0,50.0,50.0,50.0,50.0,50.0,50.0,50.0,50.0,50.0,50.0,0.0,0.0,0.0,0.0,1.0,1.0,1.0,1.0,1.0,1.0,1.0,1.0,1.0,1.0,1.0,1.0,0.5,0.5,0.5,0.5
1788529341.7199004,410,5.676749999111053,2.08970799940289,5.493671000294853,0.138149,5.636876,10912568,0,0,0.0,0.0,0.0,-0.08096945,0.76599944,-1.5522839,0.032434672,0.88276386,-1.4518154,0.16094282,0.7496223,-1.3119805,-0.16654414,0.8380023,-1.221922,-19.64627,-6.6438894,-8.690377,5.5700965,0.6045817,-1.464948,-1.6095219,1.0463915,0.3604237,2.2565658,-0.9533789,-1.5114542,0.9099057,-2.654734,1.8757535,-3.0107765,6.282224,-2.6159785,-0.7363495,-6.4527473,11.453825,-12.839169,3.650958,-5.7640195,-11.478563,20.578127,-6.7782893,-6.7782893,-1.0431309,1.58325,2.1027539,-3.9828634,-2.7706876,0.14842969,-1.4842969,-0.24738282,0.9650348,-0.008693113,0.08956938,0.24619037,-0.107591696,0.37071198,-1.2847087,-3.8510735,-3.4967315,12.406754,0.027766626,0.17809545,0.5020445,29.70332908630371,16.167972564697266,-0.029601019,-0.6939958,0.18542466,1.0904886,-0.05710194,0.50355303,0.82770896,0.33788365,0.22682613,0.0348967,-0.30679372,0.4705864,0.2327632,0.7264123,-0.5531654,-0.29440188,-0.014275485,0.7958883,-1.0930727,-0.0074002547,0.4965011,-1.2536438,0.0581908,0.8516031,-1.4382913,0.056706533,0.67872417,-1.3766984,0.0,0.0,0.0,0.0,0.0,0.0,0.0,0.0,0.0,0.0,0.0,0.0,0.0,0.0,0.0,0.0,3.3788366,10.904885,-2.9440188,4.705864,50.0,50.0,50.0,50.0,50.0,50.0,50.0,50.0,50.0,50.0,50.0,50.0,0.0,0.0,0.0,0.0,1.0,1.0,1.0,1.0,1.0,1.0,1.0,1.0,1.0,1.0,1.0,1.0,0.5,0.5,0.5,0.5
1788529341.743926,411,9.35461100016255,2.1078199988551205,9.174253000310273,0.131941,9.311346,10912586,0,0,0.0,0.0,0.0,-0.06640601,0.74259484,-1.5666591,0.047361493,0.8839144,-1.4191631,0.14383602,0.73266685,-1.3011279,-0.20481497,0.8697937,-1.2727883,-19.572243,-6.6921215,-8.703639,5.481656,0.70534533,-1.48045,-0.31341195,0.46118733,0.10463915,2.2990282,-1.6315955,-1.0076362,0.9887641,-2.6663604,2.3059366,-2.9946005,3.0577884,-2.1664178,-0.9533789,-6.460498,9.573715,-10.810629,5.83205,-5.887711,-8.534707,22.522144,-7.545176,-6.407215,1.5172813,3.2901914,1.1874375,-1.5172813,-2.4243517,2.0780158,-1.4595586,-0.4205508,0.9680376,-0.00964083,0.09020949,0.23382157,0.23968448,-0.12570119,-1.4658037,-3.5302503,-2.9041667,13.78701,0.02390958,0.18013342,0.47616407,29.729888916015625,15.039974212646484,-0.004200829,-0.77718776,0.27686098,1.2077913,-0.034260474,0.45448345,0.7792874,0.046483994,0.25032112,-0.0071871746,-0.17911604,0.64797086,0.21106017,0.7650192,-0.58683926,-0.30570567,-0.008565119,0.7836209,-1.1051781,-0.0010502073,0.47570306,-1.2307847,0.05276504,0.8612548,-1.4467098,0.06258028,0.66820323,-1.344779,0.0,0.0,0.0,0.0,0.0,0.0,0.0,0.0,0.0,0.0,0.0,0.0,0.0,0.0,0.0,0.0,0.46483994,12.077913,-3.0570567,6.4797087,50.0,50.0,50.0,50.0,50.0,50.0,50.0,50.0,50.0,50.0,50.0,50.0,0.0,0.0,0.0,0.0,1.0,1.0,1.0,1.0,1.0,1.0,1.0,1.0,1.0,1.0,1.0,1.0,0.5,0.5,0.5,0.5
1788529341.758433,412,4.839983999772812,2.134925998689141,4.648264999559615,5.73384,10.387545,10912598,0,0,0.0,0.0,0.0,-0.056807995,0.72878826,-1.5665013,0.05229673,0.88118947,-1.3879483,0.12569979,0.7240075,-1.2818714,-0.23839265,0.88750607,-1.3002908,-19.541813,-6.711257,-8.716083,5.409959,0.887495,-1.3448068,0.060660373,0.37980133,-0.44956076,3.077503,-1.5153297,-0.7828558,1.7530848,-2.5578458,1.7052305,-2.2120817,1.9997704,-1.2401676,-1.4843256,-6.5728884,8.856305,-10.241649,5.784635,-6.234047,-7.9409885,20.388468,-6.7040744,-6.2587852,0.42673537,4.9476566,0.59371877,-0.99571586,-1.9790626,1.6327267,-1.2121758,-0.44528908,0.9703572,-0.008008585,0.088489085,0.22474976,0.35899407,-0.3675162,-1.5733954,-3.618836,-1.2497733,12.786234,0.024617208,0.17624287,0.4573794,29.774154663085938,13.70688533782959,-0.2300952,-0.6056638,0.024182562,1.198191,0.008732051,0.23371747,0.87911546,-0.08528051,0.2526438,-0.034763258,-0.2310435,0.73330706,0.19216815,0.7023345,-0.5068874,-0.38954666,0.0021830127,0.7284294,-1.080221,-0.0575238,0.5185841,-1.2939543,0.048042037,0.8455837,-1.4267218,0.06316095,0.6613092,-1.3577608,0.0,0.0,0.0,0.0,0.0,0.0,0.0,0.0,0.0,0.0,0.0,0.0,0.0,0.0,0.0,0.0,-0.8528051,11.981911,-3.8954666,7.3330708,50.0,50.0,50.0,50.0,50.0,50.0,50.0,50.0,50.0,50.0,50.0,50.0,0.0,0.0,0.0,0.0,1.0,1.0,1.0,1.0,1.0,1.0,1.0,1.0,1.0,1.0,1.0,1.0,0.5,0.5,0.5,0.5
1788529341.7833083,413,8.361999000044307,2.127789000951452,5.591338998783613,0.592757,6.189696,10912618,0,0,0.0,0.0,0.0,-0.037036777,0.70556545,-1.5610038,0.06389303,0.86559653,-1.3204162,0.09636086,0.71029174,-1.2526628,-0.27953988,0.9155431,-1.3345702,-19.522345,-6.7197647,-8.748662,5.304472,1.1859103,-1.2401676,0.9887641,0.7944824,-1.4339437,3.8964179,-1.5734626,-0.8758684,1.947198,-1.9145088,1.0347649,-1.7571287,0.13951886,0.33329505,-2.6818624,-6.375237,6.8030276,-10.390079,6.7803507,-7.19884,-5.6650667,19.345337,-7.3225317,-6.7782893,0.80605567,6.605121,0.791625,-2.8449025,-2.1274922,2.8201642,-1.4842969,-0.049476564,0.97441417,-0.004749506,0.08328132,0.20870714,0.39627832,-0.74994606,-1.6905744,-3.3746274,-2.6192567,13.02326,0.025861058,0.16503161,0.42413735,29.747596740722656,14.595611572265625,-0.3620652,-0.39856893,-0.08470826,1.2065871,0.02883166,0.11308669,0.95809966,-0.0790595,0.23035017,-0.08038764,-0.13373233,0.7698398,0.19841799,0.6766019,-0.41171455,-0.3924251,0.007207915,0.6982717,-1.060475,-0.0905163,0.5703578,-1.321177,0.049604498,0.8391505,-1.4029286,0.05758754,0.6499031,-1.333433,0.0,0.0,0.0,0.0,0.0,0.0,0.0,0.0,0.0,0.0,0.0,0.0,0.0,0.0,0.0,0.0,-0.79059494,12.06587,-3.9242508,7.698398,50.0,50.0,50.0,50.0,50.0,50.0,50.0,50.0,50.0,50.0,50.0,50.0,0.0,0.0,0.0,0.0,1.0,1.0,1.0,1.0,1.0,1.0,1.0,1.0,1.0,1.0,1.0,1.0,0.5,0.5,0.5,0.5
1788529341.8140404,414,5.954456999461399,2.1649420014000498,4.401824000524357,0.114212,4.522116,10912702,0,0,0.0,0.0,0.0,0.050586343,0.6585747,-1.4712138,0.1164851,0.707245,-0.95511127,-0.0061588585,0.7011177,-1.1880374,-0.26782244,0.99856406,-1.434881,-19.593922,-6.0757313,-8.864504,5.0561357,1.0967733,0.13951886,0.47517294,0.6200838,-2.1121604,3.550654,-0.62783486,0.9107481,-0.645022,2.7322443,1.0928978,-1.472025,-2.3291898,18.567635,0.11626572,-0.81773555,-1.3853438,-1.3853438,-0.09483008,-7.0751486,7.6441293,8.961443,-0.86583984,-7.099887,1.8017715,6.159832,1.311129,-3.413883,-1.0884844,3.240715,-0.8411016,-0.17316797,0.9903581,0.017237207,0.03973926,0.1315843,0.50067425,-1.233576,-1.7779261,0.30765492,-0.4405331,1.7489643,0.04473827,0.07424409,0.26584524,29.95122528076172,8.340349197387695,-0.34661502,-0.3230315,-0.50449485,1.3450933,0.17403337,-0.29635507,1.4260542,-0.16005439,0.112018995,-0.17851375,0.016641209,0.8348126,0.2384361,0.69252515,-0.4745583,-0.3917101,0.043508343,0.59591126,-0.9434864,-0.086653754,0.58924216,-1.4261236,0.059609026,0.8431313,-1.4186395,0.028004749,0.6253716,-1.2958397,0.0,0.0,0.0,0.0,0.0,0.0,0.0,0.0,0.0,0.0,0.0,0.0,0.0,0.0,0.0,0.0,-1.6005439,13.4509325,-3.917101,8.348125,50.0,50.0,50.0,50.0,50.0,50.0,50.0,50.0,50.0,50.0,50.0,50.0,0.0,0.0,0.0,0.0,1.0,1.0,1.0,1.0,1.0,1.0,1.0,1.0,1.0,1.0,1.0,1.0,0.5,0.5,0.5,0.5
1788529341.8296535,415,12.160312999185408,2.0821550006075995,9.470263999901363,4.463842,13.939962,10912706,0,0,0.0,0.0,0.0,0.055218816,0.6594528,-1.4693183,0.11914952,0.69825256,-0.94236314,-0.008944392,0.70499325,-1.1893486,-0.2572556,1.0023488,-1.4402677,-19.602943,-6.0049725,-8.864019,5.0527143,1.065769,0.13176781,0.48932698,0.52707124,-2.050152,3.407091,-0.6084572,1.050267,-0.80273896,2.4609575,1.0425159,-1.4052987,-2.2516794,19.935696,0.046506286,-0.7944824,-1.58325,-1.5090352,-0.23707521,-7.124625,8.114157,8.202802,-0.86583984,-7.4214845,2.0388467,5.61559,1.2121758,-3.0819776,-1.0637461,3.0675468,-0.6926719,-0.12369141,0.99088633,0.018441161,0.037491303,0.12805746,0.58589536,-1.1749865,-1.7598166,0.40940848,-0.23104046,4.3047748,0.046276886,0.06963244,0.258658,29.960079193115234,8.203622817993164,-0.27020705,-0.18155386,-0.66662127,1.2213068,0.26101643,-0.5485101,1.749814,-0.12150307,0.046159975,-0.28766719,0.05872164,0.72597766,0.22798887,0.76159716,-0.5655734,-0.29458365,0.06525411,0.5328725,-0.86254644,-0.06755176,0.62461156,-1.4666553,0.056997217,0.8603993,-1.4413933,0.011539994,0.5980832,-1.2853196,0.0,0.0,0.0,0.0,0.0,0.0,0.0,0.0,0.0,0.0,0.0,0.0,0.0,0.0,0.0,0.0,-1.2150307,12.213068,-2.9458365,7.2597766,50.0,50.0,50.0,50.0,50.0,50.0,50.0,50.0,50.0,50.0,50.0,50.0,0.0,0.0,0.0,0.0,1.0,1.0,1.0,1.0,1.0,1.0,1.0,1.0,1.0,1.0,1.0,1.0,0.5,0.5,0.5,0.5
1788529341.8441772,416,5.8038580009451834,2.178894999815384,5.618859999231063,0.133605,5.757681,10912722,0,0,0.0,0.0,0.0,0.06720877,0.6606941,-1.4593977,0.123115875,0.6728498,-0.9021441,-0.017270714,0.7203742,-1.2104375,-0.21280819,1.017003,-1.4603772,-19.638338,-5.691963,-8.863443,5.0433583,0.63946146,0.09301257,0.7259025,-0.054257333,-1.1704081,2.3172262,-0.6200838,0.9572544,-1.4457389,2.6973646,0.7983579,-1.3729464,-2.0191479,22.330769,0.038755238,-0.36817476,-2.0780158,-3.0428088,0.28449023,-6.2587852,9.276855,5.784635,-0.44528908,-9.202641,2.0388467,3.339668,1.8801094,-3.0819776,-0.96479297,2.3996134,-0.5442422,-0.049476564,0.99271744,0.02414086,0.029543478,0.11426559,0.69987863,-0.95447683,-1.7353156,0.2789245,1.4460979,2.6276364,0.054786477,0.053164754,0.23065613,29.96893310546875,7.759259223937988,-0.21353054,-0.17043446,-0.6461878,1.2587543,0.26159123,-0.8420397,1.9580269,-0.063311435,0.10166925,-0.3851477,-0.050287157,0.54124224,0.25608996,0.7606627,-0.7004679,-0.13785964,0.06539781,0.4594901,-0.81049323,-0.053382635,0.6273914,-1.4615469,0.06402249,0.8601657,-1.475117,0.025417313,0.57371306,-1.3125718,0.0,0.0,0.0,0.0,0.0,0.0,0.0,0.0,0.0,0.0,0.0,0.0,0.0,0.0,0.0,0.0,-0.63311434,12.587543,-1.3785964,5.412422,50.0,50.0,50.0,50.0,50.0,50.0,50.0,50.0,50.0,50.0,50.0,50.0,0.0,0.0,0.0,0.0,1.0,1.0,1.0,1.0,1.0,1.0,1.0,1.0,1.0,1.0,1.0,1.0,0.5,0.5,0.5,0.5
1788529341.8767588,417,13.128605000019888,2.353556999878492,12.862546000178554,3.805547,16.67603,10912736,0,0,0.0,0.0,0.0,0.07393038,0.66453934,-1.4511675,0.11848342,0.6618893,-0.8748468,-0.027383417,0.7296997,-1.2258238,-0.18213707,1.0266314,-1.4758425,-19.656687,-5.387251,-8.859538,5.0395436,0.7092209,0.43405867,-0.10312264,-0.3720503,0.027128667,1.7449968,-1.1587815,0.16664752,-0.59042764,2.9609,1.154906,-0.651088,-1.3138026,25.094017,0.6782167,0.023253143,-0.37107423,-2.8449025,-4.788919,-4.0818167,12.740215,6.3062005,-1.4100821,-14.39768,6.02171,1.2863907,3.1665,1.2327911,0.049476564,0.6926719,0.12369141,0.22264454,0.9939984,0.030230882,0.024898235,0.10214433,0.82238406,-0.54541534,-1.7406418,1.0833763,2.0374656,5.1463366,0.065292954,0.04333535,0.20621875,29.889251708984375,10.562164306640625,-0.116928734,-0.29555416,-0.56888556,1.1244538,0.3218859,-1.0913976,2.081744,-0.017490154,0.16663502,-0.5007243,-0.16935883,0.41252404,0.26511765,0.75676775,-0.9782062,-0.14706686,0.08047148,0.3971506,-0.77956396,-0.029232183,0.5961115,-1.4422214,0.06627941,0.85919195,-1.5445515,0.041658755,0.54481894,-1.3423396,0.0,0.0,0.0,0.0,0.0,0.0,0.0,0.0,0.0,0.0,0.0,0.0,0.0,0.0,0.0,0.0,-0.17490155,11.244537,-1.4706686,4.1252403,50.0,50.0,50.0,50.0,50.0,50.0,50.0,50.0,50.0,50.0,50.0,50.0,0.0,0.0,0.0,0.0,1.0,1.0,1.0,1.0,1.0,1.0,1.0,1.0,1.0,1.0,1.0,1.0,0.5,0.5,0.5,0.5
1788529341.890753,418,9.02768700143497,2.1775829991383944,8.80694300030882,1.493366,10.306934,10912752,0,0,0.0,0.0,0.0,0.09012878,0.6690204,-1.480155,0.11603093,0.6673089,-0.8674855,-0.04918322,0.7225542,-1.2259185,-0.14429015,1.029871,-1.4732993,-19.655807,-5.0693665,-8.846912,5.0395436,1.3990641,0.4379342,-2.9885345,-0.12789229,0.8254866,-0.79869497,-0.65883905,-0.69371873,-0.010110063,1.2866739,-0.53094673,0.39631444,0.75960267,22.354021,1.1859103,-0.15889648,-0.89057815,-1.9790626,0.33190528,-3.686004,14.026606,4.2673535,-0.8411016,-12.319664,6.6855206,-0.24738282,3.240715,0.42673537,-0.12369141,0.96479297,0.59371877,-0.074214846,0.9953248,0.03536902,0.023280932,0.08680965,0.47404262,-0.062850595,-2.135855,1.4161704,3.144784,8.210915,0.07457868,0.04021427,0.17549503,29.906957626342773,9.434165954589844,-0.038609724,-0.5592105,-0.4349613,0.8626049,0.24631764,-0.9438035,2.015145,0.10715338,0.28420138,-0.6526923,-0.0469956,0.23857398,0.36278632,1.0205783,-1.2957858,-0.23272462,0.06157941,0.43404913,-0.7962137,-0.009652431,0.5301974,-1.4087403,0.09069658,0.92514455,-1.6239464,0.071050346,0.50682694,-1.3117489,0.0,0.0,0.0,0.0,0.0,0.0,0.0,0.0,0.0,0.0,0.0,0.0,0.0,0.0,0.0,0.0,1.0715338,8.626049,-2.3272462,2.3857398,50.0,50.0,50.0,50.0,50.0,50.0,50.0,50.0,50.0,50.0,50.0,50.0,0.0,0.0,0.0,0.0,1.0,1.0,1.0,1.0,1.0,1.0,1.0,1.0,1.0,1.0,1.0,1.0,0.5,0.5,0.5,0.5
1788529341.9134176,419,11.001199000020279,2.114220998919336,6.800406999900588,2.673025,9.479576,10912768,0,0,0.0,0.0,0.0,0.10554004,0.66938376,-1.5126492,0.112549014,0.685536,-0.88336146,-0.062414497,0.70281327,-1.227751,-0.119674504,1.0245421,-1.4697449,-19.64076,-4.743308,-8.824022,5.03697,1.1045243,-0.081386,-1.793525,-0.2790377,1.5037032,-0.97865397,-0.85261524,-1.7323592,-0.16580501,1.5502095,-0.92237467,0.0,0.96500546,23.098122,1.5269563,-0.4728139,-1.4595586,-1.4842969,1.2802061,-3.3891447,12.319664,4.836334,0.0,-10.390079,6.8751807,-1.6327267,3.9828634,0.66381055,-0.2721211,0.96479297,0.56898046,0.074214846,0.9965149,0.039827093,0.02611884,0.068482,0.6956176,0.5890912,-2.4810007,3.108871,2.908955,7.1155677,0.083139874,0.04661763,0.13916662,29.942371368408203,8.203622817993164,0.0037737098,-0.9068304,-0.48706248,0.77021444,0.20128149,-0.9897848,2.2614827,0.14589393,0.41632214,-0.77549016,-0.24056736,0.22956045,0.47306928,1.2289762,-1.5865346,-0.41324952,0.050320372,0.42255384,-0.7346293,0.00094342744,0.44329244,-1.4217656,0.11826732,0.9772441,-1.6966336,0.104080535,0.47612748,-1.3601418,0.0,0.0,0.0,0.0,0.0,0.0,0.0,0.0,0.0,0.0,0.0,0.0,0.0,0.0,0.0,0.0,1.4589393,7.7021446,-4.1324954,2.2956045,50.0,50.0,50.0,50.0,50.0,50.0,50.0,50.0,50.0,50.0,50.0,50.0,0.0,0.0,0.0,0.0,1.0,1.0,1.0,1.0,1.0,1.0,1.0,1.0,1.0,1.0,1.0,1.0,0.5,0.5,0.5,0.5
1788529341.9319177,420,6.337893999443622,2.3649499999010004,6.131327001639875,2.699074,8.836225,10912782,0,0,0.0,0.0,0.0,0.11774194,0.6637522,-1.541937,0.1031327,0.7066092,-0.8995849,-0.07470718,0.67423123,-1.2283512,-0.12951475,1.0149139,-1.4782594,-19.623835,-4.460516,-8.802404,5.02168,1.0153872,-0.6239593,-2.5780659,-0.6200838,1.7556124,-1.781393,-0.5890796,-2.286559,0.022242136,-2.8833897,0.0,-0.96045595,1.6315955,20.241861,1.5114542,-0.77898026,-2.548043,-0.96479297,4.883749,-2.6469963,8.856305,2.2285068,0.6926719,-7.273055,5.2156544,3.3644063,0.17316797,1.6121113,-0.12369141,0.9400547,0.12369141,0.0,0.99714273,0.043865345,0.032352395,0.052302964,0.42504045,1.1558118,-2.2349246,0.41060558,0.3866636,11.409568,0.09115406,0.059967272,0.107545465,30.048614501953125,5.332354545593262,0.09681803,-0.9074052,-0.01865903,0.6805789,0.23230453,-0.98803484,2.01877,0.10209695,0.39677736,-0.39114356,-0.6381253,0.31488538,0.31447086,1.0667268,-1.8338006,-0.49910817,0.058076132,0.4229913,-0.79530746,0.024204507,0.44314873,-1.3046647,0.078617714,0.93668175,-1.75845,0.09919434,0.5722141,-1.4595313,0.0,0.0,0.0,0.0,0.0,0.0,0.0,0.0,0.0,0.0,0.0,0.0,0.0,0.0,0.0,0.0,1.0209695,6.805789,-4.9910817,3.1488538,50.0,50.0,50.0,50.0,50.0,50.0,50.0,50.0,50.0,50.0,50.0,50.0,0.0,0.0,0.0,0.0,1.0,1.0,1.0,1.0,1.0,1.0,1.0,1.0,1.0,1.0,1.0,1.0,0.5,0.5,0.5,0.5
1788529341.9666412,421,24.18996599953971,2.112909000061336,23.985894998986623,1.557016,25.549183,10912794,0,0,0.0,0.0,0.0,0.13718009,0.6557286,-1.5703555,0.10337493,0.7301954,-0.93012047,-0.076675236,0.6491009,-1.2256026,-0.16148776,1.0101906,-1.4839622,-19.601278,-4.2543564,-8.789083,5.0174713,1.9067578,-0.70534533,-3.22511,0.13176781,2.4299536,-3.2837484,-0.12401676,-2.1741688,0.21433333,-1.9958948,-1.3874375,-0.056616347,2.708991,18.6839,0.9921341,-0.60070616,-4.477629,-2.4985664,7.2545013,-2.8449025,6.580383,0.28449023,0.86583984,-7.19884,3.413883,2.2264454,0.44528908,1.1379609,0.59371877,1.0637461,0.12369141,-0.47002736,0.9975282,0.043220513,0.0389852,0.039364688,-0.29507822,1.0290453,-2.1614213,-0.06344634,5.4504004,5.895722,0.08966475,0.07444369,0.082224794,30.07517433166504,4.648719310760498,0.15646583,-0.96125174,0.10454905,0.6874508,0.15896569,-0.8736703,1.7047573,0.11504129,0.45009354,-0.30174533,-0.674997,0.38368177,0.2720055,0.96451163,-1.7220346,-0.5423175,0.039741423,0.45158243,-0.87381065,0.039116457,0.42968708,-1.2738627,0.068001375,0.9111279,-1.7305086,0.112523384,0.59456366,-1.4687492,0.0,0.0,0.0,0.0,0.0,0.0,0.0,0.0,0.0,0.0,0.0,0.0,0.0,0.0,0.0,0.0,1.1504129,6.8745084,-5.423175,3.8368177,50.0,50.0,50.0,50.0,50.0,50.0,50.0,50.0,50.0,50.0,50.0,50.0,0.0,0.0,0.0,0.0,1.0,1.0,1.0,1.0,1.0,1.0,1.0,1.0,1.0,1.0,1.0,1.0,0.5,0.5,0.5,0.5
1788529341.980595,422,8.870178000506712,2.2352489995682845,8.65906599938171,1.60185,10.266932,10912866,0,0,0.0,0.0,0.0,0.26791847,0.61155367,-1.6912972,0.09362556,0.88724494,-1.0855627,-0.06513947,0.604169,-1.2408466,-0.19894105,0.93691903,-1.4515625,-19.242973,-3.149711,-8.784268,4.9525867,1.1045243,-0.64721245,-0.48932698,0.0077510476,1.139404,-0.87553144,0.15114543,0.7557271,-1.0150503,-0.18990067,-0.61233276,0.61671376,6.0303154,15.424584,0.077510476,-0.93400127,-9.944789,-1.9790626,14.746078,-1.9790626,-1.6327267,3.1293926,-0.34633595,-6.3577385,4.646674,2.3996134,1.8058946,-1.1379609,-0.37107423,2.3996134,-0.024738282,-0.22264454,0.9980299,0.025756229,0.056388278,-0.009667292,-0.17683388,-0.35047197,-0.7648598,-4.144363,1.091756,11.852495,0.050667085,0.11329457,-0.016498309,30.05746841430664,5.400717735290527,0.3894935,-0.35224497,0.51057,0.6618802,0.5212052,-0.8775237,0.592536,0.09927613,0.2788564,0.32051033,-0.645634,0.7398388,-0.06931558,0.17689794,-1.0282608,-0.29480198,0.1303013,0.4506191,-1.151866,0.097373374,0.58193874,-1.1723574,-0.017328896,0.7142245,-1.5570651,0.0697141,0.7501276,-1.4614085,0.0,0.0,0.0,0.0,0.0,0.0,0.0,0.0,0.0,0.0,0.0,0.0,0.0,0.0,0.0,0.0,0.9927613,6.618802,-2.9480197,7.398388,50.0,50.0,50.0,50.0,50.0,50.0,50.0,50.0,50.0,50.0,50.0,50.0,0.0,0.0,0.0,0.0,1.0,1.0,1.0,1.0,1.0,1.0,1.0,1.0,1.0,1.0,1.0,1.0,0.5,0.5,0.5,0.5
1788529342.0016928,423,9.174445000098785,2.2269279997999547,8.96317399929103,1.469461,10.439451,10912878,0,0,0.0,0.0,0.0,0.2769109,0.602864,-1.6924347,0.092959456,0.89614654,-1.0944247,-0.06317145,0.6182784,-1.2526628,-0.19984943,0.92526215,-1.4450542,-19.17924,-2.9639583,-8.782118,4.944139,0.6355859,-0.3720503,0.41451257,-0.25578457,0.3100419,-1.5104433,0.26741114,1.3293047,-1.2799338,0.11239019,-2.457082,0.75421065,6.797669,13.680599,0.29841533,-0.7208474,-10.4642935,-0.5442422,18.254791,-2.8201642,-1.9048477,-2.5129972,0.2721211,-5.442422,4.883749,3.686004,-0.51950395,0.90088576,-0.14842969,1.8801094,0.074214846,0.0,0.99812686,0.02513375,0.05405059,-0.01377707,-0.027696872,-0.5305016,-0.63489753,-3.2561142,1.4915876,12.5743475,0.048993215,0.10880579,-0.024935566,30.013200759887695,6.733806610107422,0.3939321,0.0013040267,0.42827797,0.7188244,0.5566083,-0.40714014,0.24822316,-0.0693321,0.13090983,0.3997733,-0.48642823,0.9265836,-0.0021596327,0.07418361,-0.5996637,-0.14203082,0.13915208,0.568215,-1.2379441,0.098483026,0.670326,-1.1929305,-0.0005399082,0.68854594,-1.4499159,0.032727458,0.76994336,-1.421607,0.0,0.0,0.0,0.0,0.0,0.0,0.0,0.0,0.0,0.0,0.0,0.0,0.0,0.0,0.0,0.0,-0.693321,7.188244,-1.4203082,9.265836,50.0,50.0,50.0,50.0,50.0,50.0,50.0,50.0,50.0,50.0,50.0,50.0,0.0,0.0,0.0,0.0,1.0,1.0,1.0,1.0,1.0,1.0,1.0,1.0,1.0,1.0,1.0,1.0,0.5,0.5,0.5,0.5
1788529342.026081,424,12.169945001005544,2.30673999976716,11.95985799859045,2.920586,14.886588,10912892,0,0,0.0,0.0,0.0,0.28033233,0.595325,-1.6897966,0.09005281,0.89999175,-1.1251657,-0.06047675,0.6349915,-1.2716508,-0.19918329,0.9018879,-1.4260504,-19.096521,-2.7841399,-8.775851,4.938477,-0.4999426,-0.162772,0.056616347,-0.29841533,-1.0773956,-2.8247514,0.0,2.8368835,-1.7005124,0.63946146,-4.1158066,2.3536227,6.5883904,14.072026,0.325544,-0.325544,-12.492832,1.4100821,18.82377,-3.5375743,-6.382477,-0.42673537,0.89057815,-0.049476564,-0.99571586,7.099887,-7.6441293,3.2242227,0.5442422,0.2721211,-0.17316797,0.12369141,0.9982144,0.026282001,0.050896954,-0.016932722,0.28229505,-0.47297737,-0.28229505,-3.2704794,0.24301147,12.818556,0.05103736,0.102682546,-0.031299572,29.774154663085938,15.347609519958496,0.19148111,0.33893976,0.26877972,0.6533788,0.5864282,-0.40177292,0.07336235,-0.3063633,0.06918841,0.48571566,-0.44028202,0.9922964,0.09333935,-0.11565973,-0.39988005,-0.18358639,0.14660706,0.5695568,-1.2816594,0.04787028,0.75473493,-1.232805,0.023334837,0.6410851,-1.3999699,0.017297102,0.7914289,-1.4100704,0.0,0.0,0.0,0.0,0.0,0.0,0.0,0.0,0.0,0.0,0.0,0.0,0.0,0.0,0.0,0.0,-3.0636332,6.5337877,-1.8358638,9.922964,50.0,50.0,50.0,50.0,50.0,50.0,50.0,50.0,50.0,50.0,50.0,50.0,0.0,0.0,0.0,0.0,1.0,1.0,1.0,1.0,1.0,1.0,1.0,1.0,1.0,1.0,1.0,1.0,0.5,0.5,0.5,0.5
1788529342.050837,425,6.7319560002943035,2.3091719995136373,5.021045999455964,0.138693,5.166139,10912918,0,0,0.0,0.0,0.0,0.25290084,0.57313156,-1.6561333,0.0737635,0.88866794,-1.2301681,-0.057660937,0.6960614,-1.3463705,-0.16390997,0.80484843,-1.3280145,-18.940683,-2.47213,-8.769523,4.941959,-1.131653,-1.147155,1.7490407,-0.5541999,-0.29841533,-4.1774774,0.0038755238,4.0382957,-2.8692355,2.840759,-5.1583223,6.0640154,7.754923,14.281305,-0.22090487,2.271057,-11.775422,2.5233047,35.513866,-2.5975196,-7.91625,-5.974295,0.8411016,-0.17316797,-1.8017715,7.2235785,-6.679336,3.0345626,0.74214846,-0.17316797,-0.44528908,-1.4100821,0.9984301,0.03292764,0.043383528,-0.01308312,0.30999193,-0.90547466,0.8862999,-4.983531,3.8175547,5.09127,0.06491102,0.08760444,-0.023359822,29.59708595275879,19.141786575317383,-0.06740405,1.2075417,0.19636568,0.49060532,0.54417413,-0.43576676,-0.6478947,-0.18022561,-0.064208634,0.9663249,-0.16915086,0.89897,0.12791425,-0.74548626,0.48742053,0.013157471,0.13604353,0.56105834,-1.4619737,-0.016851012,0.97188544,-1.2509085,0.031978562,0.48362845,-1.1781448,-0.016052159,0.9115813,-1.3422877,0.0,0.0,0.0,0.0,0.0,0.0,0.0,0.0,0.0,0.0,0.0,0.0,0.0,0.0,0.0,0.0,-1.8022561,4.906053,0.1315747,8.9897,50.0,50.0,50.0,50.0,50.0,50.0,50.0,50.0,50.0,50.0,50.0,50.0,0.0,0.0,0.0,0.0,1.0,1.0,1.0,1.0,1.0,1.0,1.0,1.0,1.0,1.0,1.0,1.0,0.5,0.5,0.5,0.5
1788529342.09206,426,8.872193999195588,2.330707999135484,8.57202299994242,2.484507,11.064978,10912942,0,0,0.0,0.0,0.0,0.20966446,0.53470933,-1.619974,0.03491743,0.8455528,-1.3099902,-0.052937627,0.7586753,-1.4080418,-0.14501685,0.77184594,-1.2794703,-18.758322,-2.1821017,-8.77906,5.018077,-1.9416375,-2.212924,1.9229338,-1.546334,-2.856261,-3.099745,0.27128667,1.7594877,-2.151421,0.07363495,-1.0463915,0.46910688,9.033846,12.006372,-0.51156914,2.8368835,-8.336801,6.1350937,35.84577,0.049476564,-2.44909,-2.323337,0.37107423,0.96479297,-2.4655821,10.390079,-9.821098,12.754646,1.4100821,-0.4205508,-0.34633595,-1.0637461,0.998386,0.042480458,0.037572343,0.0030258356,0.6966829,-0.13209277,1.7587514,-3.6463692,3.3399115,14.487314,0.08539362,0.07483616,0.009260135,29.63250160217285,17.842878341674805,0.05467771,1.9336177,0.7484186,0.3895695,0.546299,-0.23894823,-1.0467296,-0.19990501,-0.5791134,1.6118644,-0.76315856,0.6004407,0.24431694,-0.99803734,0.94954914,0.0045977933,0.13657475,0.610263,-1.5616823,0.0136694275,1.1534045,-1.1128953,0.061079234,0.42049068,-1.0626127,-0.14477836,1.0729661,-1.4907897,0.0,0.0,0.0,0.0,0.0,0.0,0.0,0.0,0.0,0.0,0.0,0.0,0.0,0.0,0.0,0.0,-1.9990501,3.895695,0.045977935,6.004407,50.0,50.0,50.0,50.0,50.0,50.0,50.0,50.0,50.0,50.0,50.0,50.0,0.0,0.0,0.0,0.0,1.0,1.0,1.0,1.0,1.0,1.0,1.0,1.0,1.0,1.0,1.0,1.0,0.5,0.5,0.5,0.5
1788529342.1183393,427,13.481097999829217,2.802502000122331,10.32127100006619,0.722394,11.051057,10913000,0,0,0.0,0.0,0.0,0.09881842,0.44227207,-1.4495562,-0.057550147,0.6415428,-1.3396885,0.061148092,0.8692488,-1.4544849,-0.061329663,0.69218576,-1.2278143,-18.343822,-1.7229428,-8.818603,5.105458,-1.9842682,-0.08526152,3.9530344,-1.8214962,-5.7318997,1.9613521,3.4802203,3.3755813,-0.6349119,2.03465,-0.47668946,-0.31947798,6.503129,7.712292,-0.9572544,2.2167995,-4.576582,18.776356,21.573843,1.2616524,-1.0884844,4.4570136,-2.1027539,-0.86583984,-0.42673537,5.961926,-4.304461,4.2199388,2.6469963,-1.1626992,-0.74214846,0.074214846,0.9958464,0.044331633,0.02168641,0.07651459,-0.21518339,-1.3507551,3.0253506,0.16160862,0.45848963,9.510966,0.09180331,0.036416683,0.15503909,29.712182998657227,15.689427375793457,0.06720592,1.9559318,1.1880558,-0.05822396,0.5121313,-0.363096,-1.9301046,-0.3826638,-0.5940339,1.6027836,-0.87999165,0.03690393,0.30915326,-1.3435591,1.527002,-0.05028786,0.12803282,0.579226,-1.7825261,0.01680148,1.158983,-1.002986,0.077288315,0.33411023,-0.9182495,-0.14850847,1.0706959,-1.5199978,0.0,0.0,0.0,0.0,0.0,0.0,0.0,0.0,0.0,0.0,0.0,0.0,0.0,0.0,0.0,0.0,-3.8266377,-0.58223957,-0.5028786,0.3690393,50.0,50.0,50.0,50.0,50.0,50.0,50.0,50.0,50.0,50.0,50.0,50.0,0.0,0.0,0.0,0.0,1.0,1.0,1.0,1.0,1.0,1.0,1.0,1.0,1.0,1.0,1.0,1.0,0.5,0.5,0.5,0.5
1788529342.1324098,428,7.514992999858805,2.417559999230434,5.933112001002883,0.132004,6.071516,10913014,0,0,0.0,0.0,0.0,0.065482974,0.44445205,-1.3882798,-0.07250725,0.6013342,-1.30721,0.09003286,0.9136054,-1.4657798,-0.032384396,0.6895819,-1.2287147,-18.253262,-1.634805,-8.83138,5.140822,-2.0579033,0.46893838,4.889226,-0.8991215,-3.2825687,2.588176,1.9842682,3.5151002,-1.2597138,1.9416375,-0.31779295,0.054594334,6.1969624,6.983694,-1.1083997,2.953149,-2.8449025,18.133162,17.164244,1.0390079,-1.9790626,2.323337,-2.3501368,-3.4633594,0.90088576,4.477629,-4.4034142,3.9828634,2.44909,-0.86583984,-0.74214846,-0.22264454,0.9942107,0.043458983,0.010392692,0.097716115,-0.31212243,-1.55209,3.0775485,0.05267244,2.123657,8.447941,0.088568136,0.012172067,0.19648032,29.774154663085938,13.53597640991211,0.0314878,1.5259795,1.3381027,-0.3859929,0.49196902,-0.5516956,-2.0411255,-0.46484548,-0.5217493,1.3072819,-0.82311565,-0.1848697,0.3158337,-1.1504011,1.6003544,0.07325395,0.122992255,0.5320761,-1.8102813,0.00787195,1.0514948,-0.96547425,0.07895842,0.38239974,-0.89991134,-0.13043733,0.99682045,-1.5057789,0.0,0.0,0.0,0.0,0.0,0.0,0.0,0.0,0.0,0.0,0.0,0.0,0.0,0.0,0.0,0.0,-4.6484547,-3.859929,0.73253953,-1.8486971,50.0,50.0,50.0,50.0,50.0,50.0,50.0,50.0,50.0,50.0,50.0,50.0,0.0,0.0,0.0,0.0,1.0,1.0,1.0,1.0,1.0,1.0,1.0,1.0,1.0,1.0,1.0,1.0,0.5,0.5,0.5,0.5
1788529342.1542525,429,10.104495000632596,2.228400999229052,9.912135999911698,0.126212,10.045036,10913026,0,0,0.0,0.0,0.0,0.039504766,0.4547161,-1.3350914,-0.07886553,0.57033,-1.2793915,0.11349794,0.9556003,-1.4778012,-0.010493696,0.68431354,-1.2302786,-18.182291,-1.5597167,-8.844763,5.173037,-2.360194,1.1626571,4.4888678,-0.325544,-2.73612,1.963374,2.29431,4.022794,-0.5702075,2.011397,-0.5658265,-0.5823396,6.014813,6.793793,-1.2827984,2.8872652,-1.4595586,18.974262,14.461587,1.6327267,-1.7069415,-2.1336768,-2.9685938,-4.2055078,3.603543,3.4633594,-4.675535,0.33190528,1.9295859,-0.074214846,-0.86583984,-0.24738282,0.99238497,0.04248345,0.0007293322,0.11561455,-0.4026699,-1.4327805,2.9848707,-0.7625532,0.80564886,8.124723,0.084592335,-0.008375951,0.23160331,29.818422317504883,12.47634220123291,-0.02061364,1.3264464,1.3337603,-0.5555047,0.48652568,-0.7705285,-1.7425404,-0.6774908,-0.496373,1.1794437,-0.709076,-0.37248892,0.20855206,-0.8986424,1.6996496,-0.042425305,0.12163142,0.47736788,-1.735635,-0.00515341,1.0016116,-0.9665599,0.052138016,0.4453394,-0.87508756,-0.12409325,0.9648609,-1.4772689,0.0,0.0,0.0,0.0,0.0,0.0,0.0,0.0,0.0,0.0,0.0,0.0,0.0,0.0,0.0,0.0,-6.7749076,-5.555047,-0.42425305,-3.7248893,50.0,50.0,50.0,50.0,50.0,50.0,50.0,50.0,50.0,50.0,50.0,50.0,0.0,0.0,0.0,0.0,1.0,1.0,1.0,1.0,1.0,1.0,1.0,1.0,1.0,1.0,1.0,1.0,0.5,0.5,0.5,0.5
1788529342.181722,430,15.43486400078109,2.0385699990583817,13.88200800101913,0.121668,14.009276,10913044,0,0,0.0,0.0,0.0,0.011134744,0.48036122,-1.26906,-0.08628352,0.5240054,-1.2684283,0.16369808,1.0015011,-1.489965,0.020994902,0.6755936,-1.2404834,-18.095455,-1.4415737,-8.855178,5.2241154,-1.4416949,1.6238445,3.7043269,-0.2906643,-2.5694723,-0.19006917,2.945398,2.2206752,-0.6672641,1.790492,-0.011626571,-0.30532387,5.8559165,6.4682493,0.0,3.6042373,-0.8411016,17.094152,11.6641,2.0038009,0.074214846,-0.90088576,-6.2835236,-4.997133,4.504429,1.9790626,-1.1132227,0.14224511,1.8058946,0.96479297,-1.58325,-0.44528908,0.989243,0.03835036,-0.011703919,0.1406794,-0.6743123,-1.0450243,2.619485,0.63206923,4.9188876,7.8649526,0.07268849,-0.033952773,0.2812893,29.88039779663086,10.596345901489258,-0.028371712,1.0722393,1.2075948,-0.66680676,0.43536338,-0.7775123,-1.4179263,-0.66712856,-0.4624116,0.9879911,-0.6369706,-0.36399674,0.2633051,-0.6044562,1.5413471,-0.104991004,0.108840846,0.47562194,-1.6544815,-0.007092928,0.9380598,-0.99810123,0.065826274,0.51888597,-0.9146632,-0.1156029,0.9169978,-1.4592426,0.0,0.0,0.0,0.0,0.0,0.0,0.0,0.0,0.0,0.0,0.0,0.0,0.0,0.0,0.0,0.0,-6.6712856,-6.6680675,-1.0499101,-3.6399674,50.0,50.0,50.0,50.0,50.0,50.0,50.0,50.0,50.0,50.0,50.0,50.0,0.0,0.0,0.0,0.0,1.0,1.0,1.0,1.0,1.0,1.0,1.0,1.0,1.0,1.0,1.0,1.0,0.5,0.5,0.5,0.5
1788529342.1929328,431,6.326117998469272,2.1976480002194876,4.781709998496808,0.141189,4.928531,10913060,0,0,0.0,0.0,0.0,-0.00624454,0.5036446,-1.2289357,-0.087857954,0.5023267,-1.265964,0.19545922,1.0176088,-1.4928083,0.041008353,0.67138505,-1.2609563,-18.028088,-1.3499236,-8.849214,5.2717724,-0.6782167,1.871878,1.941132,0.44568524,-2.1470401,0.40238047,1.6432221,0.22090487,-0.16782704,1.0618935,-0.13951886,-2.4183269,3.6429925,7.3673706,0.68984324,3.6817474,0.12369141,13.507102,5.879465,3.686004,1.7811563,0.0,-8.881043,-8.831567,3.2716377,-0.22264454,0.44528908,-3.2716377,-0.12369141,1.4595586,-1.8306329,0.47002736,0.9866375,0.03280518,-0.018372554,0.15853365,-0.8980178,-0.4442152,1.9526294,4.0785227,8.169016,4.4819455,0.059006747,-0.046672493,0.31726027,29.93351936340332,8.784711837768555,0.06045246,0.66233444,1.2258877,-0.68930954,0.4591987,-0.8269975,-0.9735066,-0.7893586,-0.45639244,0.80061495,-0.46321517,-0.40749022,0.20144582,-0.25549096,1.08473,0.021349385,0.11479968,0.46325064,-1.5433766,0.015113115,0.8355836,-0.993528,0.050361454,0.60612726,-1.0288174,-0.11409811,0.8701538,-1.4158038,0.0,0.0,0.0,0.0,0.0,0.0,0.0,0.0,0.0,0.0,0.0,0.0,0.0,0.0,0.0,0.0,-7.893586,-6.8930955,0.21349385,-4.074902,50.0,50.0,50.0,50.0,50.0,50.0,50.0,50.0,50.0,50.0,50.0,50.0,0.0,0.0,0.0,0.0,1.0,1.0,1.0,1.0,1.0,1.0,1.0,1.0,1.0,1.0,1.0,1.0,0.5,0.5,0.5,0.5
1788529342.2171705,432,9.914983000271604,2.133645999492728,9.71263999963412,1.450549,11.169333,10913072,0,0,0.0,0.0,0.0,-0.009998918,0.5331652,-1.2163455,-0.084618255,0.48419046,-1.2616673,0.214201,1.020697,-1.4955571,0.04809332,0.6700529,-1.2828193,-18.002352,-1.2426807,-8.839918,5.3104367,-0.27128667,2.7632484,0.86946535,0.25578457,-0.984383,0.3093679,1.4378194,0.38755238,-0.113232695,0.48831603,-0.3565482,-1.457871,1.7284837,8.626916,0.97275645,3.898777,-0.074214846,10.835367,5.689805,3.7107422,1.6079884,0.23707521,-9.4995,-9.202641,3.0819776,-0.024738282,0.791625,-3.650958,0.791625,0.6679336,-1.9048477,0.24738282,0.98518455,0.027683768,-0.020594586,0.16799058,-0.85540724,-0.043675836,1.3209277,0.40462008,5.7987566,3.867833,0.047705304,-0.049900867,0.33659416,29.95122528076172,8.169441223144531,0.117621526,0.0751186,1.1046534,-0.6557499,0.3977281,-0.7875604,-0.5210379,-0.9976309,-0.31141984,0.4656421,-0.14296255,-0.45909008,0.08732597,-0.008891584,0.4573215,-0.02525457,0.09943202,0.4731099,-1.4302595,0.029405382,0.68877965,-1.0238366,0.021831492,0.6677771,-1.1856695,-0.07785496,0.78641057,-1.3357406,0.0,0.0,0.0,0.0,0.0,0.0,0.0,0.0,0.0,0.0,0.0,0.0,0.0,0.0,0.0,0.0,-9.976309,-6.557499,-0.2525457,-4.590901,50.0,50.0,50.0,50.0,50.0,50.0,50.0,50.0,50.0,50.0,50.0,50.0,0.0,0.0,0.0,0.0,1.0,1.0,1.0,1.0,1.0,1.0,1.0,1.0,1.0,1.0,1.0,1.0,0.5,0.5,0.5,0.5
1788529342.2347593,433,7.325993999984348,2.0748919996549375,7.134306000807555,0.141957,7.282057,10913088,0,0,0.0,0.0,0.0,-0.017447233,0.5729196,-1.2138654,-0.07904719,0.46438897,-1.2583183,0.2276745,1.017972,-1.4972315,0.054027677,0.66593516,-1.311238,-17.987728,-1.106674,-8.828564,5.3679943,-0.651088,2.6896136,-0.2466855,0.5503244,-1.2169144,0.1273868,0.52319574,-0.6084572,0.0485283,-0.081386,-0.32941952,-2.092783,-0.36817476,9.929092,0.3410461,5.0575585,1.0637461,8.21311,5.83205,3.5375743,1.8058946,1.4224513,-9.623192,-7.4956994,2.5129972,0.51950395,0.4205508,0.0,0.47002736,1.0637461,-1.6327267,0.7668867,0.9840533,0.022335611,-0.019657163,0.17536737,-0.49215212,0.46658576,0.6455502,1.9021933,4.1132383,5.747281,0.037113108,-0.046538066,0.35185176,29.99549102783203,6.767988204956055,0.14312835,-0.3701486,0.8677273,-0.62498516,0.2996533,-0.599066,0.28575867,-1.131136,-0.123697564,0.0890691,0.25295055,-0.58745307,-0.000297999,0.44076627,-0.31385723,-0.0032681338,0.07491332,0.5202335,-1.2285603,0.035782088,0.57746285,-1.0830681,-7.449975e-05,0.7801916,-1.3784642,-0.030924391,0.6922673,-1.2367623,0.0,0.0,0.0,0.0,0.0,0.0,0.0,0.0,0.0,0.0,0.0,0.0,0.0,0.0,0.0,0.0,-11.311359,-6.2498517,-0.03268134,-5.874531,50.0,50.0,50.0,50.0,50.0,50.0,50.0,50.0,50.0,50.0,50.0,50.0,0.0,0.0,0.0,0.0,1.0,1.0,1.0,1.0,1.0,1.0,1.0,1.0,1.0,1.0,1.0,1.0,0.5,0.5,0.5,0.5
1788529342.2594032,434,11.411613999371184,2.1111810001457343,11.199701999430545,1.506551,12.71403,10913130,0,0,0.0,0.0,0.0,-0.032737374,0.6292963,-1.2431687,-0.05951818,0.4387136,-1.289075,0.23264003,0.98251706,-1.4923029,0.023144603,0.65064496,-1.3519943,-18.10366,-0.73413926,-8.827141,5.5779386,0.034879714,0.5735775,-0.9301258,0.902997,0.325544,-1.5589716,-0.13176781,-0.8758684,0.20422325,-0.44568524,-0.077510476,-0.4084465,-3.7786357,9.824452,-0.0077510476,5.313343,2.0285392,3.1665,10.383894,-2.5233047,6.407215,0.0,-9.276855,-6.5061684,4.4570136,2.2511837,0.074214846,1.8017715,1.3853438,1.2863907,-1.9048477,1.0390079,0.9840246,0.0068068635,-0.0076087737,0.17774019,-0.7627292,0.73929346,-0.14274542,0.8690952,1.7357962,7.264008,0.010693291,-0.017395025,0.35730502,30.030906677246094,5.9134440422058105,0.049293153,-0.7879849,0.66377753,-0.6473204,0.10675393,-0.14101136,1.0238924,-0.9738492,0.12468112,-0.35412464,0.82036674,-0.7533553,0.020143824,1.0083718,-1.0051504,-0.09357235,0.026688483,0.63474715,-1.0440269,0.012323288,0.4730038,-1.1340556,0.005035956,0.922093,-1.5512875,0.03117028,0.5814689,-1.0949082,0.0,0.0,0.0,0.0,0.0,0.0,0.0,0.0,0.0,0.0,0.0,0.0,0.0,0.0,0.0,0.0,-9.738492,-6.4732037,-0.9357235,-7.533553,50.0,50.0,50.0,50.0,50.0,50.0,50.0,50.0,50.0,50.0,50.0,50.0,0.0,0.0,0.0,0.0,1.0,1.0,1.0,1.0,1.0,1.0,1.0,1.0,1.0,1.0,1.0,1.0,0.5,0.5,0.5,0.5
1788529342.2747996,435,7.645653000508901,2.2785149994888343,7.436686000801274,0.15415,7.596852,10913142,0,0,0.0,0.0,0.0,-0.033766866,0.6335654,-1.25459,-0.05415906,0.44498107,-1.321601,0.22958198,0.9738577,-1.491987,0.02141881,0.6427728,-1.3654691,-18.13754,-0.64790887,-8.82696,5.6384635,-0.15889648,0.4224321,-1.1828773,0.06975943,0.64721245,-3.3201444,-0.41080552,-0.8758684,0.020220125,-0.31779295,-0.8371132,-1.6176099,-2.352443,7.526267,-0.07363495,4.825027,2.2264454,3.0428088,11.37961,-2.0780158,5.8629727,3.2716377,-8.881043,-6.159832,4.504429,2.2264454,1.2863907,3.2242227,0.74214846,1.9790626,-1.8306329,1.2863907,0.9841872,0.0031924362,-0.0038267965,0.17706205,-0.35899407,0.6455502,-0.08415588,-0.9804256,-0.878672,13.405135,0.0049289525,-0.008663195,0.35598418,30.048614501953125,5.400717735290527,-0.020236777,-0.37434417,0.51305443,-0.713858,-0.009443549,-0.094017625,1.1048352,-0.65902597,0.0804166,-0.21602173,1.0912149,-0.9278563,0.07335228,1.0435364,-1.0341836,-0.047766153,-0.0023608874,0.6464956,-1.0237912,-0.0050591943,0.576414,-1.1717364,0.01833807,0.9308841,-1.5585458,0.02010415,0.6159946,-1.0271962,0.0,0.0,0.0,0.0,0.0,0.0,0.0,0.0,0.0,0.0,0.0,0.0,0.0,0.0,0.0,0.0,-6.5902596,-7.1385803,-0.47766152,-9.2785635,50.0,50.0,50.0,50.0,50.0,50.0,50.0,50.0,50.0,50.0,50.0,50.0,0.0,0.0,0.0,0.0,1.0,1.0,1.0,1.0,1.0,1.0,1.0,1.0,1.0,1.0,1.0,1.0,0.5,0.5,0.5,0.5
1788529342.3032868,436,6.154014999992796,2.1843670001544524,5.929782999373856,2.929994,8.866433,10913162,0,0,0.0,0.0,0.0,-0.037067056,0.6250272,-1.2676383,-0.05842819,0.45803067,-1.389765,0.22494952,0.9627761,-1.4922239,0.01851213,0.6232135,-1.3851205,-18.16906,-0.47859693,-8.833197,5.733202,0.13564333,-0.85649073,0.0970566,-0.23253144,0.902997,-3.4738173,-0.065883905,-0.59683067,0.05863836,0.19377619,-1.1277775,-0.6207578,-1.6587242,9.13461,-0.3914279,6.282224,4.0076017,-0.56898046,16.784924,-1.2616524,5.788758,1.3276211,-8.559445,-5.6403284,3.698373,0.34633595,1.2121758,5.1208243,0.049476564,1.7316797,-1.7069415,0.89057815,0.98435557,-0.002888195,0.00081073394,0.17616804,-0.9811084,0.47723842,-0.079894826,0.12928689,5.0517654,12.336124,-0.005400415,0.0026137193,0.35417905,30.00434684753418,6.802170276641846,-0.090632476,-0.22590382,0.37474525,-0.83865756,-0.12132951,0.112638675,1.0424609,-0.40329704,0.0675627,-0.33965775,1.2595103,-1.0717791,0.13680038,1.1379952,-1.0760796,-0.0109896455,-0.030332377,0.6981597,-1.0393847,-0.022658119,0.6135241,-1.2063136,0.034200095,0.9544988,-1.5690198,0.016890675,0.5850856,-0.9851224,0.0,0.0,0.0,0.0,0.0,0.0,0.0,0.0,0.0,0.0,0.0,0.0,0.0,0.0,0.0,0.0,-4.0329704,-8.386576,-0.10989645,-10.717792,50.0,50.0,50.0,50.0,50.0,50.0,50.0,50.0,50.0,50.0,50.0,50.0,0.0,0.0,0.0,0.0,1.0,1.0,1.0,1.0,1.0,1.0,1.0,1.0,1.0,1.0,1.0,1.0,0.5,0.5,0.5,0.5
1788529342.3131232,437,6.16905599963502,2.045545999862952,5.1713230004679644,2.825927,8.002946,10913168,0,0,0.0,0.0,0.0,-0.035977125,0.6201222,-1.267117,-0.0593668,0.46414673,-1.405167,0.2249798,0.9600814,-1.4920659,0.0196324,0.6132825,-1.387964,-18.179415,-0.43033454,-8.8345585,5.777074,0.33329505,-1.457197,0.2729717,0.08913705,1.5269563,-3.259484,-0.08526152,-0.46893838,0.016176099,-0.16664752,-1.8641269,-0.6652421,-1.2401676,10.634438,-0.2596601,6.1543317,4.89818,-2.9191172,20.388468,-0.6679336,6.753551,0.23707521,-8.63366,-4.7002735,2.6078272,-0.12369141,1.0390079,6.069125,0.049476564,0.7668867,-1.311129,0.4205508,0.9843756,-0.0058766543,0.0019192657,0.17597355,-1.0045443,0.55393744,-0.0053263213,0.4441244,5.463568,12.042834,-0.01089459,0.0058468617,0.35376433,29.96893310546875,7.759259223937988,-0.232222,-0.30876315,0.35629544,-0.96653855,-0.19799297,0.17568979,0.9363745,-0.366516,0.008184825,-0.33443508,1.021236,-1.1199886,0.22140959,1.1320976,-1.1188387,0.070228636,-0.04949824,0.71392244,-1.0659063,-0.0580555,0.5928092,-1.210926,0.055352397,0.9530244,-1.5797096,0.0020462063,0.58639127,-1.044691,0.0,0.0,0.0,0.0,0.0,0.0,0.0,0.0,0.0,0.0,0.0,0.0,0.0,0.0,0.0,0.0,-3.66516,-9.665385,0.70228636,-11.199885,50.0,50.0,50.0,50.0,50.0,50.0,50.0,50.0,50.0,50.0,50.0,50.0,0.0,0.0,0.0,0.0,1.0,1.0,1.0,1.0,1.0,1.0,1.0,1.0,1.0,1.0,1.0,1.0,0.5,0.5,0.5,0.5
1788529342.332657,438,4.78135800040036,1.5870650004217168,4.594151001583668,0.131204,4.731051,10913182,0,0,0.0,0.0,0.0,-0.033161283,0.60846543,-1.2620461,-0.059760407,0.48755127,-1.4450386,0.22658451,0.95045316,-1.4908811,0.016998291,0.596539,-1.3989587,-18.184593,-0.28600156,-8.835891,5.8536153,0.19765173,-1.7323592,0.4731509,-0.034879714,1.790492,-2.8874338,0.077510476,-0.8719929,0.23859747,-0.038755238,-1.3719355,-1.136371,0.162772,10.045358,-0.05813286,5.9450536,4.9476566,-5.9371877,20.341053,0.22264454,5.4176836,1.8491865,-8.559445,-3.686004,0.7112256,0.34633595,0.37107423,5.879465,-0.4205508,0.86583984,-1.4100821,-0.24738282,0.9843045,-0.014112307,0.0039303247,0.17586958,-1.2239887,0.46445525,0.062850595,-0.17717093,2.6874914,13.334506,-0.026404362,0.012701466,0.35344875,29.960079193115234,8.203622817993164,-0.35330287,-0.49649718,0.4091049,-1.1520122,-0.24796747,0.29020092,0.67378,-0.2820155,0.011685137,-0.39815164,0.7238712,-1.2258451,0.31179622,1.1402951,-1.1128047,0.07417414,-0.061991867,0.74255025,-1.131555,-0.08832572,0.5458757,-1.1977237,0.077949055,0.95507383,-1.578201,0.0029212842,0.5704621,-1.1190321,0.0,0.0,0.0,0.0,0.0,0.0,0.0,0.0,0.0,0.0,0.0,0.0,0.0,0.0,0.0,0.0,-2.8201551,-11.520123,0.7417414,-12.258451,50.0,50.0,50.0,50.0,50.0,50.0,50.0,50.0,50.0,50.0,50.0,50.0,0.0,0.0,0.0,0.0,1.0,1.0,1.0,1.0,1.0,1.0,1.0,1.0,1.0,1.0,1.0,1.0,0.5,0.5,0.5,0.5
1788529342.3614364,439,13.681456999620423,2.171310999983689,13.426182998955483,3.014445,16.448756,10913194,0,0,0.0,0.0,0.0,-0.030769348,0.5941441,-1.2484765,-0.058095142,0.50617194,-1.4780543,0.22749284,0.9411882,-1.4888908,0.020449936,0.58312607,-1.4145819,-18.181322,-0.18614626,-8.833529,5.915109,0.3100419,-1.3254292,1.6600722,0.13951886,1.8602515,-2.6650124,-0.11239019,-0.9107481,0.09907861,0.25190905,-0.82161105,-1.1788332,0.36429924,10.336021,0.20540276,6.592266,4.7002735,-5.61559,21.241938,0.0,4.378676,3.319053,-8.361539,-3.240715,0.52156544,0.049476564,0.2721211,6.4958606,-0.47002736,1.2863907,-0.74214846,-0.5442422,0.98409617,-0.022013612,0.0047954377,0.176202,-1.3486246,0.32916668,0.07350324,-2.0733786,2.7617116,12.808979,-0.041655295,0.017196877,0.35398617,29.960079193115234,7.895986557006836,-0.42695034,-0.8291914,0.45261887,-1.2301607,-0.27728972,0.31933457,0.5727602,-0.2764436,0.006835142,-0.5095825,0.40512496,-1.24677,0.36074468,1.1082805,-1.0472394,0.097925946,-0.06932243,0.74983364,-1.1568099,-0.106737584,0.46270216,-1.1868452,0.09018617,0.9470701,-1.5618098,0.0017087855,0.5426044,-1.1987187,0.0,0.0,0.0,0.0,0.0,0.0,0.0,0.0,0.0,0.0,0.0,0.0,0.0,0.0,0.0,0.0,-2.764436,-12.301607,0.9792595,-12.4677,50.0,50.0,50.0,50.0,50.0,50.0,50.0,50.0,50.0,50.0,50.0,50.0,0.0,0.0,0.0,0.0,1.0,1.0,1.0,1.0,1.0,1.0,1.0,1.0,1.0,1.0,1.0,1.0,0.5,0.5,0.5,0.5
1788529342.3777654,440,5.324161000316963,2.2260320001805667,5.078615999082103,6.365671,11.450751,10913208,0,0,0.0,0.0,0.0,-0.02671218,0.57500875,-1.226266,-0.060032904,0.5270029,-1.5065362,0.22610007,0.92780554,-1.4879745,0.024840176,0.5747998,-1.4281831,-18.1733,-0.07660216,-8.832712,5.9956474,0.4379342,-1.4029397,2.0139244,-0.12401676,1.5657116,-2.0361667,-0.2286559,-1.050267,0.07279245,0.3565482,-0.6782167,-1.0332483,0.5541999,8.975714,-0.10851467,5.7280245,4.2797227,-4.527106,19.58241,0.47002736,3.5375743,4.1251087,-8.163633,-2.3996134,0.42673537,-0.2721211,0.56898046,6.8751807,-0.5442422,1.7811563,-0.56898046,-0.17316797,0.98367673,-0.032030154,0.004665966,0.17700991,-1.5211974,0.09374326,0.13528857,-1.2258313,2.0853498,12.606669,-0.061414305,0.020520354,0.35545334,29.977785110473633,7.4174418449401855,-0.4488704,-1.0580828,0.596129,-1.2932546,-0.27406108,0.46571743,0.25751403,-0.29410753,0.014354022,-0.5740044,0.34646642,-1.309683,0.3323974,1.104725,-0.9147095,0.048191905,-0.06851527,0.7864294,-1.2356215,-0.1122176,0.4054793,-1.1509677,0.08309935,0.9461813,-1.5286773,0.0035885056,0.5264989,-1.2133833,0.0,0.0,0.0,0.0,0.0,0.0,0.0,0.0,0.0,0.0,0.0,0.0,0.0,0.0,0.0,0.0,-2.9410753,-12.932547,0.48191905,-13.096829,50.0,50.0,50.0,50.0,50.0,50.0,50.0,50.0,50.0,50.0,50.0,50.0,0.0,0.0,0.0,0.0,1.0,1.0,1.0,1.0,1.0,1.0,1.0,1.0,1.0,1.0,1.0,1.0,0.5,0.5,0.5,0.5
1788529342.4038324,441,8.035011998799746,2.2480179995909566,7.813467000232777,2.882153,10.702372,10913224,0,0,0.0,0.0,0.0,-0.021019936,0.55045366,-1.1913073,-0.060032904,0.5430197,-1.5264245,0.22061984,0.9141201,-1.4853364,0.032227874,0.56078124,-1.4475975,-18.166548,0.057527304,-8.833499,6.068253,0.5735775,-2.0191479,3.2898142,0.054257333,0.85261524,-0.60862577,-0.44568524,-0.8409887,0.030330187,0.5386978,-0.52319574,-1.2435377,0.46118733,7.3363667,-0.21702933,4.894787,4.7002735,-6.060879,17.828054,1.4842969,1.8058946,4.788919,-7.446223,-2.0285392,-3.0819776,-0.074214846,-0.32159767,6.827766,-0.32159767,1.7069415,-0.59371877,-0.64319533,0.982989,-0.04357012,0.0020833947,0.17841016,-1.5680691,-0.241815,0.18109493,-3.4344823,1.6603789,10.222044,-0.08503329,0.019643875,0.3582507,29.960079193115234,7.998531818389893,-0.47072616,-1.1049206,0.6021821,-1.2581124,-0.26690245,0.59373003,0.11225573,-0.31364927,-0.021797374,-0.5832262,0.42272544,-1.3791432,0.28134453,1.0679911,-0.6581929,-0.009709202,-0.06672561,0.8184325,-1.271936,-0.11768154,0.39376986,-1.1494545,0.07033613,0.9369978,-1.4645481,-0.0054493435,0.52419347,-1.1943185,0.0,0.0,0.0,0.0,0.0,0.0,0.0,0.0,0.0,0.0,0.0,0.0,0.0,0.0,0.0,0.0,-3.1364927,-12.581124,-0.09709202,-13.791432,50.0,50.0,50.0,50.0,50.0,50.0,50.0,50.0,50.0,50.0,50.0,50.0,0.0,0.0,0.0,0.0,1.0,1.0,1.0,1.0,1.0,1.0,1.0,1.0,1.0,1.0,1.0,1.0,0.5,0.5,0.5,0.5
1788529342.4253163,442,11.895280000317143,2.2193770000740187,6.103038000219385,2.858791,8.968069,10913284,0,0,0.0,0.0,0.0,-0.0055178404,0.44617784,-0.94814456,-0.05300851,0.47180694,-1.4794443,0.18552819,0.92931944,-1.5718248,0.06632036,0.5647476,-1.5285096,-18.122766,0.40241867,-8.942408,6.3382072,0.12789229,-1.0076362,4.0763774,-0.081386,-1.968766,1.8481194,-0.8332376,0.8797439,-3.5607638,0.18602514,0.35267267,-2.3354244,0.569702,6.778291,-3.9607852,4.898662,3.1170235,-0.049476564,3.7932034,4.106555,0.2721211,7.207086,-4.6013203,-0.32159767,-6.1165404,1.5090352,0.0,5.83205,0.22264454,-0.074214846,-0.59371877,-0.9400547,0.9768198,-0.08713462,-0.025189012,0.19389707,-1.4114752,-1.0301106,0.7510113,-2.2709002,-2.9484594,4.6363716,-0.18100598,-0.015420569,0.39330184,30.101734161376953,4.204356670379639,-0.3185209,-0.6458106,0.76438254,-1.3069509,-0.16490975,0.49972272,-0.13456571,-0.2716051,-0.32745606,-0.19406,0.8387752,-1.520117,0.077854276,0.99153244,-0.50699407,-0.023528751,-0.041227438,0.7949307,-1.3336414,-0.079630226,0.50854737,-1.1089044,0.019463569,0.91788316,-1.4267485,-0.081864014,0.621485,-1.0903062,0.0,0.0,0.0,0.0,0.0,0.0,0.0,0.0,0.0,0.0,0.0,0.0,0.0,0.0,0.0,0.0,-2.716051,-13.0695095,-0.23528752,-15.20117,50.0,50.0,50.0,50.0,50.0,50.0,50.0,50.0,50.0,50.0,50.0,50.0,0.0,0.0,0.0,0.0,1.0,1.0,1.0,1.0,1.0,1.0,1.0,1.0,1.0,1.0,1.0,1.0,0.5,0.5,0.5,0.5
1788529342.444593,443,11.171988999194582,2.312595001058071,10.952748998533934,0.152741,11.112563,10913294,0,0,0.0,0.0,0.0,-0.0031864643,0.43757904,-0.90601397,-0.055097662,0.4577279,-1.4621625,0.17832214,0.9391899,-1.6076998,0.06874257,0.5686837,-1.5501356,-18.117588,0.4559493,-8.970747,6.382897,0.1472699,-1.5579605,4.577836,-0.44568524,-1.5967158,1.4477609,-0.8797439,0.80223346,-4.062223,0.34879714,0.4650629,-2.0038142,0.6704656,7.3712463,-3.8871503,4.0731754,3.0180705,0.89057815,1.4698663,4.4281526,0.89057815,7.207086,-4.2797227,-0.9400547,-4.2199388,1.2616524,-0.2721211,6.4958606,0.14842969,-0.32159767,-0.44528908,-0.59371877,0.9752943,-0.093359,-0.03129268,0.19775234,-1.3070793,-1.1302454,0.6902913,-1.1911154,-3.108871,6.2883706,-0.19578639,-0.024117561,0.40246794,30.128293991088867,3.3498125076293945,-0.33348382,-0.36887318,0.39733502,-1.2298087,-0.1168295,0.58211845,0.208539,-0.24710447,-0.5452341,-0.07558924,1.1181295,-1.5842806,0.043598644,1.0606624,-0.48972642,-0.06897332,-0.029207375,0.81552964,-1.2478652,-0.083370954,0.57778174,-1.2006662,0.010899661,0.93516564,-1.4224316,-0.13630852,0.6511027,-1.0204675,0.0,0.0,0.0,0.0,0.0,0.0,0.0,0.0,0.0,0.0,0.0,0.0,0.0,0.0,0.0,0.0,-2.4710445,-12.298087,-0.68973315,-15.842806,50.0,50.0,50.0,50.0,50.0,50.0,50.0,50.0,50.0,50.0,50.0,50.0,0.0,0.0,0.0,0.0,1.0,1.0,1.0,1.0,1.0,1.0,1.0,1.0,1.0,1.0,1.0,1.0,0.5,0.5,0.5,0.5
1788529342.4637394,444,7.916831998954876,2.6526729998295195,6.177184000989655,0.132133,6.315205,10913312,0,0,0.0,0.0,0.0,-0.0011276007,0.41659665,-0.84942925,-0.058791526,0.43317282,-1.4429059,0.15833896,0.94509405,-1.6624678,0.07691753,0.57855415,-1.5797076,-18.10799,0.5700048,-9.031787,6.4538674,0.21702933,-1.0308893,1.9795501,-0.18602514,-1.4068152,1.1667012,-1.5734626,-0.07363495,-2.4769654,0.27128667,0.80610895,-1.9006917,0.31391743,6.9294367,-4.5537405,4.592496,1.8306329,2.9685938,-2.6078272,5.244516,1.2863907,7.5864067,-3.1665,-1.58325,-1.3276211,1.58325,0.0,7.6338215,0.37107423,-0.22264454,-0.47002736,-0.51950395,0.9725761,-0.1036101,-0.04229841,0.20389138,-1.3273194,-1.0024137,0.5699164,-0.7445967,-4.853047,5.2301335,-0.22074993,-0.040037125,0.41773355,30.1460018157959,2.7345407009124756,-0.2821565,-0.29518038,0.28820717,-1.2069219,-0.06776797,0.49852687,0.28474888,-0.23385671,-0.7237649,-0.016562773,1.2562174,-1.6801413,-0.055628136,1.1134712,-0.5908026,-0.1055575,-0.016941993,0.7946317,-1.2288127,-0.070539124,0.59620494,-1.2279482,-0.013907034,0.94836783,-1.4477006,-0.18094122,0.66585934,-0.9859456,0.0,0.0,0.0,0.0,0.0,0.0,0.0,0.0,0.0,0.0,0.0,0.0,0.0,0.0,0.0,0.0,-2.338567,-12.06922,-1.055575,-16.801413,50.0,50.0,50.0,50.0,50.0,50.0,50.0,50.0,50.0,50.0,50.0,50.0,0.0,0.0,0.0,0.0,1.0,1.0,1.0,1.0,1.0,1.0,1.0,1.0,1.0,1.0,1.0,1.0,0.5,0.5,0.5,0.5
1788529342.4814467,445,7.92604699927324,2.289811000082409,7.735769000646542,0.142117,7.883678,10913322,0,0,0.0,0.0,0.0,0.011013627,0.40736198,-0.84600127,-0.056823485,0.42732924,-1.4317217,0.13438943,0.9310755,-1.6794496,0.07628167,0.58975685,-1.5964525,-18.102087,0.6291671,-9.068422,6.4946513,1.5037032,-0.33329505,-2.0442548,0.17052305,1.0037607,2.110981,-2.5190904,-3.8677726,-0.91394967,-0.3604237,3.3096972,-2.2039936,0.6162083,6.2550955,-4.1661882,5.735775,4.823965,2.548043,-12.04342,7.817297,7.124625,11.18995,-5.2197776,-7.3472695,5.83205,0.074214846,4.675535,9.293348,0.14842969,-0.12369141,0.51950395,0.34633595,0.97109354,-0.109448984,-0.04748336,0.20674568,-1.3401026,-0.7222492,0.55606794,-0.830788,-3.5661635,5.3821654,-0.23460706,-0.04698264,0.42507362,29.871545791625977,11.07489013671875,-0.19418113,-0.5483823,0.6619124,-1.2006863,0.059509553,0.16470328,0.06347467,-0.11205102,-0.9244674,0.07654712,0.9293831,-1.6457362,-0.23470202,0.8005016,-0.53795505,-0.06562647,0.014877388,0.71117586,-1.2841313,-0.048545282,0.53290445,-1.1345218,-0.058675505,0.8701254,-1.4344888,-0.23111685,0.6891368,-1.0676541,0.0,0.0,0.0,0.0,0.0,0.0,0.0,0.0,0.0,0.0,0.0,0.0,0.0,0.0,0.0,0.0,-1.1205102,-12.006864,-0.6562647,-16.457363,50.0,50.0,50.0,50.0,50.0,50.0,50.0,50.0,50.0,50.0,50.0,50.0,0.0,0.0,0.0,0.0,1.0,1.0,1.0,1.0,1.0,1.0,1.0,1.0,1.0,1.0,1.0,1.0,0.5,0.5,0.5,0.5
1788529342.5139775,446,12.600936999660917,2.2791549999965355,10.743013999672257,1.558905,12.309183,10913342,0,0,0.0,0.0,0.0,0.046135545,0.42746627,-0.9188254,-0.044924416,0.41052523,-1.4143608,0.084370956,0.8725188,-1.646197,0.07249701,0.60525894,-1.6437328,-18.081377,0.7296884,-9.125193,6.5964746,2.55397,3.7941377,-6.5472765,0.32166848,-0.027128667,0.022242136,-2.759373,-4.7242637,2.9764023,-0.75960267,0.39917895,-2.2262356,0.65883905,4.8366537,-2.3408163,5.708647,2.2017071,2.9685938,-9.198518,7.0751486,13.630794,11.75893,-1.6079884,-4.527106,6.827766,-1.2121758,8.21311,13.797777,-0.56898046,0.9895313,0.37107423,1.4842969,0.96917003,-0.12176888,-0.056343623,0.20665753,-1.4242584,-0.45699838,-0.31744877,-0.16998832,-5.354632,6.5385647,-0.2627818,-0.058918275,0.4279587,29.783010482788086,13.467613220214844,-0.44292536,-0.9542102,0.5832905,-1.1639636,-0.13699394,0.53503335,-0.040270437,0.20056424,-0.7200564,-0.26367018,1.0291625,-1.859243,-0.17805079,1.0139744,-0.34014264,-0.04464466,-0.034248486,0.8037584,-1.3100675,-0.11073134,0.43144745,-1.1541773,-0.044512697,0.9234936,-1.3850356,-0.1800141,0.60408247,-1.0427094,0.0,0.0,0.0,0.0,0.0,0.0,0.0,0.0,0.0,0.0,0.0,0.0,0.0,0.0,0.0,0.0,2.0056424,-11.639635,-0.4464466,-18.59243,50.0,50.0,50.0,50.0,50.0,50.0,50.0,50.0,50.0,50.0,50.0,50.0,0.0,0.0,0.0,0.0,1.0,1.0,1.0,1.0,1.0,1.0,1.0,1.0,1.0,1.0,1.0,1.0,0.5,0.5,0.5,0.5
1788529342.528653,447,6.403592000424396,2.433400000882102,6.198625000251923,0.146629,6.351238,10913356,0,0,0.0,0.0,0.0,0.07595897,0.47830224,-1.0144445,-0.038929462,0.4078911,-1.4172674,0.052307054,0.81084347,-1.6011914,0.07155836,0.60659117,-1.6671913,-18.080923,0.7839458,-9.150384,6.6649623,2.44158,4.0344205,-7.950553,0.68596774,-0.019377619,0.0080880495,-2.7477465,-4.8134007,3.8499117,-0.1782741,0.20540276,-1.973484,-0.081386,3.4414654,-1.7943674,6.5457597,0.791625,0.64319533,-3.7932034,6.407215,13.68027,11.427025,0.12369141,-1.6079884,3.698373,-1.7316797,8.163633,14.840908,-0.32159767,1.8801094,0.17316797,1.2121758,0.9687445,-0.12881245,-0.06259348,0.20254289,-1.0141317,-0.5795038,-0.80853564,1.5035586,-5.0757074,6.4068837,-0.2792003,-0.069149196,0.4219377,29.889251708984375,10.186163902282715,-0.5927529,-1.3328935,0.5781656,-1.079711,-0.2786357,0.8770686,-0.22904213,0.4397887,-0.4455368,-0.5416837,1.1416371,-2.074343,-0.14509538,1.1800448,-0.19644143,-0.1804512,-0.06965893,0.88926715,-1.3572605,-0.14818822,0.33677664,-1.1554586,-0.036273845,0.96501124,-1.3491104,-0.1113842,0.5345791,-1.0145907,0.0,0.0,0.0,0.0,0.0,0.0,0.0,0.0,0.0,0.0,0.0,0.0,0.0,0.0,0.0,0.0,4.397887,-10.79711,-1.804512,-20.74343,50.0,50.0,50.0,50.0,50.0,50.0,50.0,50.0,50.0,50.0,50.0,50.0,0.0,0.0,0.0,0.0,1.0,1.0,1.0,1.0,1.0,1.0,1.0,1.0,1.0,1.0,1.0,1.0,0.5,0.5,0.5,0.5
1788529342.5491004,448,6.8275760004326,2.3706140000285814,5.242653998720925,3.053551,8.302797,10913370,0,0,0.0,0.0,0.0,0.11589503,0.52135694,-1.1205527,-0.03251063,0.41022244,-1.4174571,0.015792355,0.7477451,-1.5426794,0.06819755,0.6139183,-1.696463,-18.086039,0.82130826,-9.167975,6.737023,2.8911407,2.6159785,-7.851475,0.53094673,0.3720503,-0.15165094,-2.774875,-5.1156917,4.7699275,-0.3604237,0.44568524,-2.5174055,-1.154906,2.5888498,-1.22079,7.0263247,-1.4842969,-0.14842969,-1.0905459,3.5623126,17.465227,9.672668,3.3891447,-0.56898046,3.0345626,-2.2264454,8.683137,17.543566,-0.8411016,1.8801094,-0.17316797,1.2121758,0.96876854,-0.13425192,-0.06954787,0.1965382,-0.7371629,-0.82877564,-1.0258496,-0.2621651,-4.7680526,7.6829934,-0.29258308,-0.082072414,0.4124151,29.862689971923828,11.143253326416016,-0.5610358,-1.1381294,0.2178734,-1.0094395,-0.30746794,1.0936326,-0.22161853,0.54656357,-0.45994535,-0.5367521,1.4607195,-2.1702065,-0.14207274,1.1426084,-0.097270764,-0.2878859,-0.076866984,0.94340813,-1.3554046,-0.14025895,0.38546768,-1.2455316,-0.035518184,0.9556521,-1.3243177,-0.11498634,0.535812,-0.93482006,0.0,0.0,0.0,0.0,0.0,0.0,0.0,0.0,0.0,0.0,0.0,0.0,0.0,0.0,0.0,0.0,5.465636,-10.094395,-2.878859,-21.702065,50.0,50.0,50.0,50.0,50.0,50.0,50.0,50.0,50.0,50.0,50.0,50.0,0.0,0.0,0.0,0.0,1.0,1.0,1.0,1.0,1.0,1.0,1.0,1.0,1.0,1.0,1.0,1.0,0.5,0.5,0.5,0.5
1788529342.5714822,449,8.139334999214043,2.4096879988064757,7.93872000031115,3.024141,10.968814,10913382,0,0,0.0,0.0,0.0,0.14886725,0.5564486,-1.1911967,-0.0264854,0.41860932,-1.4183575,-0.020661801,0.7019049,-1.4979266,0.0619604,0.6183994,-1.7197161,-18.104568,0.8483764,-9.182236,6.828794,3.2438135,3.1973073,-6.757566,0.41468105,0.8758684,-0.08694653,-2.7128668,-3.1624277,4.21994,-0.6355859,0.2790377,-1.7975692,-2.0036457,2.0036457,-1.6703508,7.700666,-3.4386213,-2.4985664,0.85347074,3.3891447,16.747816,9.814914,5.021871,0.049476564,1.2327911,-1.6822032,8.757352,17.733225,-0.47002736,2.1027539,-0.049476564,0.89057815,0.9690333,-0.13720252,-0.07593337,0.19074625,-0.53582793,-0.80107874,-1.075917,0.6488287,-5.559336,8.579621,-0.3007224,-0.09496486,0.4031122,29.898103713989258,10.049437522888184,-0.36819348,-0.82804066,-0.26620695,-0.9701141,-0.33102587,0.99726534,-0.117786884,0.5396336,-0.5788791,-0.4758027,1.9177942,-2.2243516,-0.16167021,1.1157874,-0.35942316,-0.40509257,-0.08275647,0.91931635,-1.3294467,-0.09204837,0.46298987,-1.3665516,-0.040417552,0.94894683,-1.3898557,-0.14471978,0.55104935,-0.8205514,0.0,0.0,0.0,0.0,0.0,0.0,0.0,0.0,0.0,0.0,0.0,0.0,0.0,0.0,0.0,0.0,5.3963356,-9.701141,-4.0509257,-22.243517,50.0,50.0,50.0,50.0,50.0,50.0,50.0,50.0,50.0,50.0,50.0,50.0,0.0,0.0,0.0,0.0,1.0,1.0,1.0,1.0,1.0,1.0,1.0,1.0,1.0,1.0,1.0,1.0,0.5,0.5,0.5,0.5
1788529342.6031587,450,19.085332000031485,2.3272210000868654,6.997245998718427,2.901801,9.905799,10913446,0,0,0.0,0.0,0.0,0.25420272,0.62451243,-1.4379139,-0.049284376,0.5808363,-1.439162,-0.13662472,0.5110051,-1.1703922,-0.053820908,0.6443775,-1.8147665,-18.187105,0.868299,-9.203461,7.2184052,0.6665901,0.33717057,-1.8824936,-0.6239593,4.91804,-0.026286162,-0.46893838,-2.4648333,5.661635,-2.9919045,1.7439858,-2.1473773,-1.139404,-1.4533215,0.0,4.673882,-6.901981,-0.96479297,-4.836334,3.9086485,25.010403,16.974585,10.810629,-2.1522305,0.33190528,-1.4100821,20.43382,18.918602,-0.37107423,2.6717343,0.024738282,0.6679336,0.9760618,-0.11235453,-0.10155746,0.15609637,1.161138,-1.0492853,-1.51161,4.607641,-4.8985367,7.2508397,-0.25727457,-0.16390942,0.33841246,29.119001388549805,32.50685501098633,-0.19810438,-0.18150032,-1.4671848,-0.93543106,-0.26164332,0.67467207,0.41922975,0.4213209,-0.81781614,-0.2978113,2.0485377,-2.4415407,-0.048229665,0.99895394,-0.47259748,-0.5197585,-0.06541083,0.83866805,-1.1951926,-0.049526095,0.62462497,-1.6667962,-0.012057416,0.91973853,-1.4181494,-0.20445403,0.5955472,-0.7878655,0.0,0.0,0.0,0.0,0.0,0.0,0.0,0.0,0.0,0.0,0.0,0.0,0.0,0.0,0.0,0.0,4.2132087,-9.354311,-5.197585,-24.415407,50.0,50.0,50.0,50.0,50.0,50.0,50.0,50.0,50.0,50.0,50.0,50.0,0.0,0.0,0.0,0.0,1.0,1.0,1.0,1.0,1.0,1.0,1.0,1.0,1.0,1.0,1.0,1.0,0.5,0.5,0.5,0.5
1788529342.661529,451,16.762111999923945,2.753156000835588,8.50626099963847,2.86884,11.383037,10913484,0,0,0.0,0.0,0.0,0.29740882,0.63241494,-1.5534371,-0.043894976,0.71236193,-1.4151824,-0.18755153,0.4500867,-1.0728617,-0.11655587,0.7354523,-1.8928194,-18.254684,0.7209079,-9.142209,7.268212,1.5657116,-0.17439857,-4.5191975,0.724723,2.5694723,0.81891507,-2.2671814,-2.4260778,1.9835943,-0.8254866,2.5190904,-1.6014338,-2.8291326,-8.0610895,2.0772808,-0.2092783,-10.736414,-5.021871,-9.625254,1.9048477,15.016137,23.23337,16.352005,-0.9895313,6.7803507,0.074214846,11.058012,21.526428,-0.791625,2.1027539,-0.59371877,-0.74214846,0.979724,-0.093317956,-0.12511171,0.12561755,0.025566343,-0.64448494,-2.0389159,2.6384103,-9.929952,9.076419,-0.22156122,-0.22356279,0.28001407,29.45543098449707,22.799232482910156,-0.19492716,0.41153672,-1.7214649,-0.8980562,-0.2559732,0.6777277,0.682961,0.56097436,-0.9986923,-0.08638778,2.2420242,-2.5491412,0.14950907,1.3041236,-0.7787014,-0.36135033,-0.0639933,0.83943194,-1.1292597,-0.04873179,0.7728842,-1.7303662,0.037377268,0.9960309,-1.4946753,-0.24967307,0.64840305,-0.7394939,0.0,0.0,0.0,0.0,0.0,0.0,0.0,0.0,0.0,0.0,0.0,0.0,0.0,0.0,0.0,0.0,5.6097436,-8.980562,-3.6135032,-25.491411,50.0,50.0,50.0,50.0,50.0,50.0,50.0,50.0,50.0,50.0,50.0,50.0,0.0,0.0,0.0,0.0,1.0,1.0,1.0,1.0,1.0,1.0,1.0,1.0,1.0,1.0,1.0,1.0,0.5,0.5,0.5,0.5
1788529342.6770372,452,10.306805999789503,2.3667409986956045,8.618711999588413,0.142309,8.767102,10913496,0,0,0.0,0.0,0.0,0.30846012,0.6244216,-1.592424,-0.04262332,0.7366748,-1.4078524,-0.20923024,0.42762077,-1.0480288,-0.1319974,0.75758517,-1.9037193,-18.292925,0.63337564,-9.13037,7.2590985,0.4921915,-0.902997,-3.4697735,-0.019377619,1.7168571,1.0918868,-1.1122752,-1.375811,3.3828268,-1.5075788,1.4300683,-0.84924525,-3.9491587,-6.948814,0.51156914,-1.4378194,-10.192172,-6.753551,-4.2673535,1.9295859,11.874375,21.810919,14.694539,2.3501368,5.4053144,2.0285392,9.202641,22.996294,-1.3606055,0.86583984,-0.4205508,-0.9895313,0.9807948,-0.08996412,-0.12978089,0.1144774,0.30253506,-0.5645901,-1.9249326,3.0789435,-4.947618,14.519636,-0.21369615,-0.23616841,0.25783423,29.54396629333496,20.098875045776367,-0.25055283,0.8576309,-1.683512,-0.93777114,-0.08594056,0.40915284,0.43004316,0.6925213,-0.9450056,0.09533548,2.397937,-2.537172,0.2356244,1.1326482,-0.9635313,-0.33041668,-0.02148514,0.7722882,-1.1924891,-0.06263821,0.88440776,-1.7208779,0.0589061,0.9531621,-1.5408828,-0.2362514,0.6938339,-0.7005157,0.0,0.0,0.0,0.0,0.0,0.0,0.0,0.0,0.0,0.0,0.0,0.0,0.0,0.0,0.0,0.0,6.925213,-9.377711,-3.3041668,-25.371721,50.0,50.0,50.0,50.0,50.0,50.0,50.0,50.0,50.0,50.0,50.0,50.0,0.0,0.0,0.0,0.0,1.0,1.0,1.0,1.0,1.0,1.0,1.0,1.0,1.0,1.0,1.0,1.0,0.5,0.5,0.5,0.5
1788529342.7005343,453,11.694823999278015,2.280114998939098,11.45292700130085,5.760081,17.220432,10913508,0,0,0.0,0.0,0.0,0.309762,0.60901034,-1.6246339,-0.042956375,0.75163186,-1.3935721,-0.21555826,0.39504212,-1.0153607,-0.14456266,0.77475256,-1.9102277,-18.339584,0.5639795,-9.131339,7.249803,-0.17052305,-1.9455129,-2.8247514,0.065883905,1.0773956,1.5812138,-0.162772,-2.336941,3.0168426,-1.1006488,1.302176,-0.29521382,-5.2784634,-6.375237,-0.28291324,-0.70534533,-9.697407,-4.8487034,-3.319053,1.8058946,11.849637,20.578127,14.100821,5.096086,4.2673535,2.3501368,8.584184,22.711803,-0.6679336,0.51950395,-0.024738282,-1.4842969,0.9816601,-0.08601454,-0.13366891,0.105250366,0.48789105,-0.5368932,-1.5712649,2.859874,-5.8693852,13.88637,-0.20459336,-0.24682742,0.23908351,29.57938003540039,19.03923988342285,-0.2832311,1.132071,-1.6949807,-0.9571005,0.14987497,0.21433952,0.2641621,0.6548013,-0.97508425,0.30213553,2.1948485,-2.4313748,0.25125712,0.8732641,-0.80285656,-0.25077337,0.037468743,0.7235849,-1.2339594,-0.07080778,0.9530178,-1.7237451,0.06281428,0.88831604,-1.5007141,-0.24377106,0.7455339,-0.7512878,0.0,0.0,0.0,0.0,0.0,0.0,0.0,0.0,0.0,0.0,0.0,0.0,0.0,0.0,0.0,0.0,6.548013,-9.571005,-2.5077338,-24.313747,50.0,50.0,50.0,50.0,50.0,50.0,50.0,50.0,50.0,50.0,50.0,50.0,0.0,0.0,0.0,0.0,1.0,1.0,1.0,1.0,1.0,1.0,1.0,1.0,1.0,1.0,1.0,1.0,0.5,0.5,0.5,0.5
1788529342.7262175,454,10.647970000718487,2.311411999471602,10.427225999592338,2.907338,13.340676,10913528,0,0,0.0,0.0,0.0,0.29238272,0.5594461,-1.6494986,-0.04235082,0.7656807,-1.3593874,-0.21740517,0.3704568,-0.9837352,-0.16642302,0.7893766,-1.9106858,-18.440832,0.44510996,-9.1261015,7.238419,-1.3486823,-2.937647,-0.038418237,-0.015502095,0.8371132,1.7126446,-0.48831603,-0.6975943,-0.21635534,-0.51156914,0.80223346,-0.030330187,-6.1969624,-7.1425905,0.1472699,-0.10463915,-8.237848,-1.2121758,-0.47415042,1.7811563,8.163633,16.92717,15.288259,8.534707,4.0776935,3.1417618,5.7392817,23.61269,-0.14842969,0.14842969,-0.47002736,-1.7811563,0.9824377,-0.08110338,-0.13986397,0.093148254,-0.08415588,-0.5347627,-1.0620685,1.7908629,-3.5913026,11.807006,-0.19320193,-0.26271772,0.2146657,29.66791534423828,16.2021541595459,-0.3822436,1.3365631,-1.2684076,-1.0416609,0.3833384,0.14007431,-0.17033811,0.7162573,-0.906314,0.4232893,2.081142,-2.2758303,0.20075285,0.7727046,-0.5074147,-0.026397195,0.0958346,0.7050186,-1.3425845,-0.0955609,1.0041409,-1.6171019,0.050188214,0.86317617,-1.4268537,-0.2265785,0.77582234,-0.77971447,0.0,0.0,0.0,0.0,0.0,0.0,0.0,0.0,0.0,0.0,0.0,0.0,0.0,0.0,0.0,0.0,7.162573,-10.416609,-0.26397195,-22.758303,50.0,50.0,50.0,50.0,50.0,50.0,50.0,50.0,50.0,50.0,50.0,50.0,0.0,0.0,0.0,0.0,1.0,1.0,1.0,1.0,1.0,1.0,1.0,1.0,1.0,1.0,1.0,1.0,0.5,0.5,0.5,0.5
1788529342.7548566,455,12.255675999767845,1.8347220011492027,12.041076999594225,2.775172,14.822777,10913586,0,0,0.0,0.0,0.0,0.16200769,0.40769506,-1.4564911,-0.004140584,0.7213241,-1.2360762,-0.12517983,0.53907233,-1.1961887,-0.12760717,0.7588266,-1.8524897,-18.838678,0.21603018,-9.141755,7.2509537,-4.015043,-2.499713,5.873946,0.19377619,-1.5579605,3.071437,3.1469252,5.867543,-9.214311,1.2246655,-1.383562,2.5275156,-10.126743,-1.9648906,0.027128667,0.92625016,-0.59371877,8.534707,7.112256,1.8058946,-5.887711,4.599259,3.2654533,6.4566917,-1.2327911,3.8096955,-1.9295859,29.586985,-0.17316797,-2.2511837,-0.024738282,-3.4633594,0.9784436,-0.09433137,-0.15985878,0.09052485,-0.18109493,-0.66472495,1.00774,-0.22505496,-9.91439,13.490129,-0.22544275,-0.30023736,0.2187547,29.712182998657227,15.005792617797852,-0.3446087,1.7598181,-0.4807493,-1.0986797,0.57563996,-0.116441146,-0.73346376,0.6399392,-1.0764738,0.7903776,1.816554,-2.047304,0.16065952,0.5563334,-0.45091116,0.04656982,0.14390999,0.6408897,-1.4833659,-0.08615217,1.1099546,-1.4201872,0.04016488,0.80908334,-1.4127277,-0.26911846,0.8675944,-0.84586143,0.0,0.0,0.0,0.0,0.0,0.0,0.0,0.0,0.0,0.0,0.0,0.0,0.0,0.0,0.0,0.0,6.399392,-10.986796,0.4656982,-20.47304,50.0,50.0,50.0,50.0,50.0,50.0,50.0,50.0,50.0,50.0,50.0,50.0,0.0,0.0,0.0,0.0,1.0,1.0,1.0,1.0,1.0,1.0,1.0,1.0,1.0,1.0,1.0,1.0,0.5,0.5,0.5,0.5
1788529342.7702584,456,10.139088000869378,1.9088049994024914,8.595031998993363,2.925866,11.527298,10913600,0,0,0.0,0.0,0.0,0.116591334,0.38719726,-1.3626728,-0.004897522,0.69207597,-1.1928873,-0.08136824,0.6282699,-1.2962625,-0.11077291,0.7232808,-1.8126655,-18.967873,0.19226229,-9.14224,7.262641,-3.8057644,-0.096888095,7.2307167,-0.6317104,-3.670121,2.1655753,3.4840958,7.9021926,-7.43494,1.7478611,-4.941293,3.92877,-9.944594,-1.871878,-0.162772,0.30616638,-0.56898046,13.136027,9.0562725,1.4100821,-8.138895,1.2802061,0.791625,7.2235785,-5.784635,5.6403284,-2.0285392,32.716377,0.22264454,-2.3006601,-0.24738282,-3.8096955,0.977124,-0.095683575,-0.16189218,0.09932001,0.24714132,-0.3760383,1.3496898,2.27928,-8.986636,10.222044,-0.23159598,-0.30193776,0.2379812,29.375749588012695,25.328685760498047,-0.48697352,1.5520866,-0.33715257,-1.1726868,0.45327622,-0.06342572,-0.53224605,0.46065688,-0.9456862,0.5458566,1.4645886,-2.0830467,0.21325904,0.6840365,-0.25091916,0.22472142,0.113319054,0.6541436,-1.4330615,-0.12174338,1.0580217,-1.3842881,0.05331476,0.84100914,-1.3627298,-0.23642156,0.8064642,-0.9338528,0.0,0.0,0.0,0.0,0.0,0.0,0.0,0.0,0.0,0.0,0.0,0.0,0.0,0.0,0.0,0.0,4.606569,-11.726868,2.247214,-20.830467,50.0,50.0,50.0,50.0,50.0,50.0,50.0,50.0,50.0,50.0,50.0,50.0,0.0,0.0,0.0,0.0,1.0,1.0,1.0,1.0,1.0,1.0,1.0,1.0,1.0,1.0,1.0,1.0,0.5,0.5,0.5,0.5
1788529342.7845683,457,4.354462000264903,1.7717760001687566,4.113172999495873,0.203752,4.323549,10913614,0,0,0.0,0.0,0.0,0.057429075,0.37932503,-1.2883955,-0.011346636,0.6599212,-1.1699185,-0.03280309,0.72349274,-1.4043453,-0.08882171,0.67368615,-1.750852,-19.096975,0.17330855,-9.149203,7.264942,-3.7670093,-0.26741114,6.1974683,-0.68984324,-1.1704081,2.1231132,3.6584945,7.5417695,-8.4297695,1.2324166,-4.10418,5.0550313,-8.36338,-1.4223173,-0.7983579,0.5076936,2.2264454,14.076082,6.4010305,1.0884844,-3.2654533,0.14224511,-1.1626992,3.0675468,-0.33190528,4.477629,0.47002736,32.147396,1.0390079,-2.721211,0.12369141,-3.9086485,0.97580826,-0.094561316,-0.16207716,0.112193495,0.48789105,-0.25246763,2.0410464,2.1296425,-6.3242836,13.218388,-0.23332298,-0.29955405,0.2643116,29.614795684814453,18.150514602661133,-0.47055143,1.3474525,-0.01449074,-1.1172405,0.46276063,-0.40245315,-0.5500061,0.17550099,-1.031203,0.73408043,1.160148,-2.0366056,0.09699099,0.5993836,-0.15893237,0.21681356,0.11569016,0.5693867,-1.4375014,-0.11763786,1.0068631,-1.3036226,0.024247747,0.8198459,-1.339733,-0.25780076,0.85352015,-1.0099629,0.0,0.0,0.0,0.0,0.0,0.0,0.0,0.0,0.0,0.0,0.0,0.0,0.0,0.0,0.0,0.0,1.7550099,-11.172405,2.1681356,-20.366056,50.0,50.0,50.0,50.0,50.0,50.0,50.0,50.0,50.0,50.0,50.0,50.0,0.0,0.0,0.0,0.0,1.0,1.0,1.0,1.0,1.0,1.0,1.0,1.0,1.0,1.0,1.0,1.0,0.5,0.5,0.5,0.5
1788529342.8163056,458,15.56005300153629,2.0250010002200725,15.332876000684337,1.456757,16.796321,10913628,0,0,0.0,0.0,0.0,-0.003519535,0.38398778,-1.1975945,-0.026636789,0.6342459,-1.154469,0.01945594,0.8037282,-1.4977212,-0.076165736,0.62763405,-1.691092,-19.19995,0.14642215,-9.157771,7.262974,-4.4413505,0.8797439,6.029641,-0.9998852,-2.604352,0.38418236,4.2592006,6.6348968,-5.653547,0.9495033,-4.914164,5.1197352,-6.8480506,-3.1934316,-0.77510476,-0.3410461,4.477629,12.641262,3.8406184,2.1274922,-0.4205508,-0.90088576,-4.675535,0.14842969,1.6121113,4.0570784,4.3291993,29.018005,0.2721211,-1.7811563,0.14842969,-4.4281526,0.97456324,-0.091688,-0.15924072,0.12830515,1.1004181,0.22903183,2.2817962,2.5007436,-5.819107,6.7983356,-0.23126268,-0.29093933,0.29583192,29.729888916015625,14.32215690612793,-0.39769113,1.353974,0.35785308,-0.9741626,0.38490126,-0.39739513,-0.43128687,0.2014355,-1.012236,0.66429853,1.0867668,-1.9367751,0.062006373,0.61644816,-0.09569369,0.2795564,0.096225314,0.57065123,-1.4078217,-0.09942278,1.0084935,-1.2105367,0.015501593,0.82411206,-1.3239233,-0.253059,0.83607465,-1.0283083,0.0,0.0,0.0,0.0,0.0,0.0,0.0,0.0,0.0,0.0,0.0,0.0,0.0,0.0,0.0,0.0,2.0143552,-9.741626,2.795564,-19.36775,50.0,50.0,50.0,50.0,50.0,50.0,50.0,50.0,50.0,50.0,50.0,50.0,0.0,0.0,0.0,0.0,1.0,1.0,1.0,1.0,1.0,1.0,1.0,1.0,1.0,1.0,1.0,1.0,0.5,0.5,0.5,0.5
1788529342.8273947,459,6.213312999534537,2.060810998955276,5.209532999288058,2.307955,7.524177,10913642,0,0,0.0,0.0,0.0,-0.051025033,0.40472794,-1.1281984,-0.040897503,0.60248476,-1.1528262,0.08288735,0.87427485,-1.5508622,-0.06868714,0.56535316,-1.6186314,-19.267347,0.091468394,-9.16519,7.2547383,-3.1469252,2.5035884,4.3149743,-1.4106907,-1.9726416,0.23657545,4.51111,4.817276,-2.7317388,0.18214962,-4.9606705,5.84766,-5.1893263,-5.2552104,-0.48831603,-1.5308319,4.4034142,12.690739,0.66381055,2.3996134,2.4243517,-2.9871476,-7.2235785,-0.9895313,1.0905459,4.2055078,5.961926,27.311064,0.47002736,-1.6079884,0.12369141,-4.3291993,0.973458,-0.08739617,-0.1537319,0.14528592,1.1536813,0.6295712,2.3126888,4.4364557,-4.1419687,7.428011,-0.22526592,-0.27745432,0.32789093,29.747596740722656,14.117067337036133,-0.36802807,1.0998329,0.57134557,-0.8674471,0.2903613,-0.45229393,-0.2963202,0.06490274,-0.96115136,0.5304574,0.89275223,-1.9932328,-0.028271034,0.5440916,-0.08529826,0.3949121,0.07259032,0.55692655,-1.37408,-0.09200702,0.9449582,-1.1571636,-0.0070677586,0.8060229,-1.3213245,-0.24028784,0.80261433,-1.0768119,0.0,0.0,0.0,0.0,0.0,0.0,0.0,0.0,0.0,0.0,0.0,0.0,0.0,0.0,0.0,0.0,0.64902735,-8.674471,3.949121,-19.93233,50.0,50.0,50.0,50.0,50.0,50.0,50.0,50.0,50.0,50.0,50.0,50.0,0.0,0.0,0.0,0.0,1.0,1.0,1.0,1.0,1.0,1.0,1.0,1.0,1.0,1.0,1.0,1.0,0.5,0.5,0.5,0.5
1788529342.860725,460,18.596226000227034,2.054345999567886,17.09674799894856,2.729379,19.833168,10913656,0,0,0.0,0.0,0.0,-0.0836339,0.4443612,-1.0853728,-0.06039623,0.57853526,-1.1535686,0.13644831,0.92120504,-1.575079,-0.065659344,0.5008317,-1.5507834,-19.324966,0.016259044,-9.171245,7.2186174,-2.29431,3.7670093,1.8157672,-1.2556697,-1.8369983,-0.65513206,3.2128093,2.1044095,-1.8460974,0.0,-4.2940803,5.538292,-3.507349,-6.921685,-0.36429924,-3.4957223,4.304461,10.241649,-0.42673537,1.2616524,2.3996134,-2.0388467,-7.2235785,-0.64319533,1.2327911,3.587051,8.757352,21.763504,0.049476564,-1.1626992,0.5442422,-3.6365275,0.97263855,-0.08251264,-0.1451273,0.16156788,1.4178668,1.0375675,2.2583604,4.313154,-4.0773253,4.9224787,-0.21621557,-0.25852,0.35743272,29.82727813720703,11.621798515319824,-0.29989144,0.9986815,0.7637792,-0.7179522,0.20723647,-0.30526736,-0.38815016,0.13187751,-0.93944573,0.5298017,0.99377024,-1.93986,-0.124618195,0.538187,-0.081587076,0.5686725,0.051809117,0.5936832,-1.3970375,-0.07497286,0.9196704,-1.1090552,-0.031154549,0.8045468,-1.3203967,-0.23486143,0.8024504,-1.0515574,0.0,0.0,0.0,0.0,0.0,0.0,0.0,0.0,0.0,0.0,0.0,0.0,0.0,0.0,0.0,0.0,1.3187752,-7.179522,5.6867247,-19.3986,50.0,50.0,50.0,50.0,50.0,50.0,50.0,50.0,50.0,50.0,50.0,50.0,0.0,0.0,0.0,0.0,1.0,1.0,1.0,1.0,1.0,1.0,1.0,1.0,1.0,1.0,1.0,1.0,0.5,0.5,0.5,0.5
1788529342.8746786,461,8.605081000496284,2.270610000778106,8.36667200019292,1.493622,9.867526,10913672,0,0,0.0,0.0,0.0,-0.114486694,0.51218283,-1.0732092,-0.08322549,0.55510044,-1.1681492,0.17054081,0.9448821,-1.5901651,-0.06826323,0.43948948,-1.483125,-19.371714,-0.092861176,-9.173001,7.1474953,-1.6664752,5.468364,0.22444338,-1.7052305,-2.0617785,-1.3466604,1.6742264,0.8293621,-0.13749684,-0.09301257,-3.6778722,3.8964179,-2.7632484,-7.882816,0.10851467,-6.2783484,4.4034142,6.382477,-2.418167,1.4842969,1.6079884,-0.23707521,-6.5556445,-0.32159767,0.33190528,3.8096955,10.51377,15.599548,0.0,-1.3606055,0.2721211,-2.8449025,0.9719695,-0.07425695,-0.13305272,0.17904826,1.5733954,1.1856391,1.9941748,3.0705638,-1.8662802,3.50152,-0.19868948,-0.23419005,0.3877877,29.915813446044922,8.750530242919922,-0.3244723,0.7992664,0.8489425,-0.5688078,0.06660207,-0.0037496388,-0.43883163,0.22404316,-0.851788,0.44909665,1.1347476,-1.8738707,-0.16993847,0.5222187,-0.02520436,0.68678254,0.016650518,0.6690626,-1.4097079,-0.08111808,0.8698166,-1.0877643,-0.04248462,0.8005547,-1.306301,-0.212947,0.7822742,-1.0163131,0.0,0.0,0.0,0.0,0.0,0.0,0.0,0.0,0.0,0.0,0.0,0.0,0.0,0.0,0.0,0.0,2.2404315,-5.688078,6.8678255,-18.738707,50.0,50.0,50.0,50.0,50.0,50.0,50.0,50.0,50.0,50.0,50.0,50.0,0.0,0.0,0.0,0.0,1.0,1.0,1.0,1.0,1.0,1.0,1.0,1.0,1.0,1.0,1.0,1.0,0.5,0.5,0.5,0.5
1788529342.893591,462,5.863925000085146,2.1231810005701846,5.6516289987484924,0.163558,5.821011,10913744,0,0,0.0,0.0,0.0,-0.07352126,0.8359102,-1.1244704,-0.14608164,0.49336454,-1.2189049,0.14768127,0.9315297,-1.5694237,-0.095725,0.35331962,-1.406794,-19.509113,-0.65605354,-9.170125,6.521901,1.9803926,4.4297237,-0.19006917,-2.0889072,0.12014124,-2.5376256,-1.9300109,-0.63946146,0.10514465,-0.9611299,0.0038755238,0.0080880495,-1.8912556,-5.2784634,-0.44568524,-12.033502,-1.6822032,-5.3434687,-7.5864067,3.587051,-5.4176836,6.069125,-2.2017071,0.96479297,4.978579,5.7640195,8.881043,11.000289,-0.5442422,-3.5623126,0.24738282,-0.6679336,0.9691007,-0.037189446,-0.0780745,0.23100886,1.8599515,1.0514159,0.82451457,-0.45968673,-1.3251907,9.629479,-0.109356664,-0.1345475,0.47539008,30.048614501953125,5.3665361404418945,-0.40105206,0.29880393,0.6281657,-0.28492996,-0.20824908,0.6184031,-0.24200691,0.37198192,-0.58419603,0.2287445,1.166214,-1.8011844,-0.031959753,0.7754817,-0.045541015,0.70881134,-0.05206227,0.8246008,-1.3605016,-0.100263014,0.744701,-1.1429585,-0.007989938,0.86387044,-1.3113852,-0.14604901,0.72718614,-1.0084465,0.0,0.0,0.0,0.0,0.0,0.0,0.0,0.0,0.0,0.0,0.0,0.0,0.0,0.0,0.0,0.0,3.719819,-2.8492997,7.0881133,-18.011845,50.0,50.0,50.0,50.0,50.0,50.0,50.0,50.0,50.0,50.0,50.0,50.0,0.0,0.0,0.0,0.0,1.0,1.0,1.0,1.0,1.0,1.0,1.0,1.0,1.0,1.0,1.0,1.0,0.5,0.5,0.5,0.5
1788529342.919144,463,7.285159999810276,2.233168999737245,7.084320999638294,2.748516,9.838501,10913762,0,0,0.0,0.0,0.0,-0.041911483,0.89371,-1.1284827,-0.17744917,0.4968162,-1.2628362,0.1163743,0.9172387,-1.5692025,-0.11292261,0.35465184,-1.4064938,-19.544447,-0.72956735,-9.182811,6.3457766,1.968766,2.3795717,-0.19815722,-1.4765745,-0.06200838,-2.3960848,-1.36806,-1.3060515,-0.06874842,-0.8332376,1.0851467,0.0,-1.9145088,-5.10794,-1.0928978,-11.572314,-3.3891447,-6.2587852,-7.396746,4.5023675,-5.4176836,8.107972,-0.9895313,2.4243517,5.4527297,6.580383,12.641262,11.095119,-0.56898046,-3.587051,0.51950395,-0.6926719,0.9688988,-0.023654971,-0.063732676,0.23793651,1.8972358,1.1483549,0.5464806,0.6751649,-2.292448,12.26789,-0.07672685,-0.1124813,0.48593956,29.95122528076172,9.023984909057617,-0.45894775,0.29405475,0.4102775,-0.099485815,-0.30293882,0.8146386,-0.040998094,0.64565957,-0.49550873,0.071110904,0.9355219,-1.8610747,0.09016716,0.9706334,-0.06797251,0.6091392,-0.075734705,0.8736597,-1.3102494,-0.11473694,0.7435137,-1.1974306,0.02254179,0.91265833,-1.3169931,-0.12387718,0.68777776,-1.0661194,0.0,0.0,0.0,0.0,0.0,0.0,0.0,0.0,0.0,0.0,0.0,0.0,0.0,0.0,0.0,0.0,6.4565954,-0.99485815,6.091392,-18.610746,50.0,50.0,50.0,50.0,50.0,50.0,50.0,50.0,50.0,50.0,50.0,50.0,0.0,0.0,0.0,0.0,1.0,1.0,1.0,1.0,1.0,1.0,1.0,1.0,1.0,1.0,1.0,1.0,0.5,0.5,0.5,0.5
1788529342.9472203,464,15.40100700003677,2.2502580013679108,13.573387999713304,1.534552,15.114404,10913780,0,0,0.0,0.0,0.0,-0.006789565,0.9229884,-1.1399672,-0.19731122,0.5032956,-1.2912076,0.08591512,0.8860831,-1.5690919,-0.1364482,0.35898152,-1.3990692,-19.571455,-0.83399457,-9.203794,6.1407375,1.9261353,1.5037032,-0.5520094,-1.3409312,-0.26353562,-1.5165094,-1.6781018,-1.6664752,-0.08694653,-1.5734626,0.5348223,0.36396223,-1.6160935,-6.9061837,-1.0076362,-13.959637,-3.9086485,-8.06468,-9.483008,7.446223,0.51950395,11.000289,-1.7811563,3.3891447,7.4441614,4.477629,13.111289,15.931454,-0.47002736,-2.9191172,0.44528908,-0.37107423,0.96919256,-0.008139523,-0.048118416,0.24142167,2.3190804,1.1696602,0.064981125,0.08619126,-2.3008277,12.73835,-0.03917783,-0.08946119,0.49000868,29.898103713989258,9.775982856750488,-0.54763097,0.49581096,-0.13807234,-0.03265287,-0.3583636,1.0107375,0.52488434,1.0689652,-0.41235116,-0.17312193,0.8751069,-1.8738841,0.27772117,1.2770339,-0.07864468,0.561541,-0.0895909,0.92268443,-1.1687789,-0.13690774,0.79395276,-1.3345181,0.06943029,0.9892585,-1.3196611,-0.10308779,0.62671953,-1.0812232,0.0,0.0,0.0,0.0,0.0,0.0,0.0,0.0,0.0,0.0,0.0,0.0,0.0,0.0,0.0,0.0,10.6896515,-0.3265287,5.6154103,-18.73884,50.0,50.0,50.0,50.0,50.0,50.0,50.0,50.0,50.0,50.0,50.0,50.0,0.0,0.0,0.0,0.0,1.0,1.0,1.0,1.0,1.0,1.0,1.0,1.0,1.0,1.0,1.0,1.0,0.5,0.5,0.5,0.5
1788529342.963113,465,9.706079999887152,2.2801150007580873,8.18295300086902,0.109732,8.298317,10913798,0,0,0.0,0.0,0.0,0.0163728,0.9489968,-1.1555746,-0.22380407,0.50980526,-1.3242707,0.062419742,0.85450363,-1.5736414,-0.15885359,0.3684281,-1.3885801,-19.611057,-0.9420551,-9.206185,5.883863,-0.90687263,2.1199114,-2.113003,-0.80998445,0.48831603,-1.9269778,-0.8758684,-2.336941,-0.35991824,-1.0967733,0.7363495,0.60660374,-3.232187,-7.6192794,1.6160935,-14.913015,-1.4842969,-9.177902,-2.2759218,8.138895,2.9685938,8.250217,-1.7316797,6.7040744,8.060556,2.3253984,13.8287,18.728941,0.44528908,-2.0038009,-1.1132227,-0.024738282,0.96988684,0.008259452,-0.034112234,0.24101408,1.7118797,0.9534116,-0.2450108,1.009156,5.043386,12.854469,-0.0004226307,-0.07020897,0.48714224,29.871545791625977,10.425436973571777,-0.53924423,0.6360981,-0.5411664,-0.11826429,-0.34572798,1.1321267,0.76198435,1.3461819,-0.4416224,-0.44407752,1.2509713,-1.8531101,0.31646553,1.5540694,-0.19206426,0.47417745,-0.086431995,0.95303166,-1.1095039,-0.13481106,0.82902455,-1.4352915,0.07911638,1.0585173,-1.348016,-0.1104056,0.55898064,-0.9872571,0.0,0.0,0.0,0.0,0.0,0.0,0.0,0.0,0.0,0.0,0.0,0.0,0.0,0.0,0.0,0.0,13.461819,-1.1826429,4.7417746,-18.531101,50.0,50.0,50.0,50.0,50.0,50.0,50.0,50.0,50.0,50.0,50.0,50.0,0.0,0.0,0.0,0.0,1.0,1.0,1.0,1.0,1.0,1.0,1.0,1.0,1.0,1.0,1.0,1.0,0.5,0.5,0.5,0.5
1788529342.9928317,466,19.738348999453592,2.2308329989755293,19.534500999725424,5.735888,25.276629,10913808,0,0,0.0,0.0,0.0,0.007531762,0.9647411,-1.1845778,-0.22704376,0.5165269,-1.3409996,0.05506231,0.8333397,-1.5753634,-0.16769463,0.38050884,-1.3848835,-19.637339,-1.0213519,-9.192985,5.7674456,-1.0425159,0.58520406,-4.369569,-0.06200838,0.51156914,-1.7449968,-0.30616638,-2.286559,-0.1273868,-0.6782167,1.4843256,-0.07279245,-2.6353562,-8.406011,1.6160935,-15.370327,-0.22264454,-9.400547,1.8491865,8.163633,3.587051,7.396746,-3.2654533,8.237848,6.7803507,0.049476564,13.333934,21.052279,0.24738282,-1.2863907,-1.2616524,-0.17316797,0.97032547,0.013357654,-0.028857533,0.2397024,0.7872303,0.6008091,-0.36325514,0.30765492,5.5365915,14.095862,0.012112008,-0.062446702,0.48399016,29.836132049560547,11.553435325622559,-0.4771059,0.8872045,-0.5162683,-0.3346372,-0.2742494,1.3311054,0.66674507,1.5832875,-0.46893707,-0.4284613,1.7432455,-1.6975087,0.2643478,1.750623,-0.1626803,0.25820932,-0.06856235,1.0027764,-1.1333137,-0.11927647,0.8918011,-1.429067,0.06608695,1.1076558,-1.34067,-0.11723427,0.5628847,-0.86418855,0.0,0.0,0.0,0.0,0.0,0.0,0.0,0.0,0.0,0.0,0.0,0.0,0.0,0.0,0.0,0.0,15.832874,-3.346372,2.5820932,-16.975086,50.0,50.0,50.0,50.0,50.0,50.0,50.0,50.0,50.0,50.0,50.0,50.0,0.0,0.0,0.0,0.0,1.0,1.0,1.0,1.0,1.0,1.0,1.0,1.0,1.0,1.0,1.0,1.0,0.5,0.5,0.5,0.5
1788529343.0068066,467,7.545906000814284,2.3035719987092307,7.349609999437234,1.471222,8.826785,10913828,0,0,0.0,0.0,0.0,0.002112031,0.95638454,-1.2397566,-0.21605302,0.52285486,-1.3451543,0.04933986,0.794978,-1.5737836,-0.17589992,0.41432884,-1.3892751,-19.669191,-1.1754645,-9.1675205,5.507846,0.36429924,-0.68596774,-1.6984905,0.6045817,-0.06975943,0.91597164,-0.34492162,-2.0734053,0.3073459,-0.4379342,1.9571395,-0.44888675,-0.40693003,-10.196503,1.9765172,-15.002152,0.24738282,-12.072282,-1.2802061,8.163633,0.59371877,9.957158,-5.2197776,5.9866643,6.827766,-2.3253984,12.542309,17.164244,-0.37107423,-0.7668867,-1.2616524,-0.5442422,0.9714224,0.019779157,-0.023302693,0.23538134,1.0269148,0.2684466,-0.64448494,0.92655605,-2.2385786,12.628217,0.027502256,-0.054611947,0.47469702,29.783010482788086,12.852340698242188,-0.52635163,0.81277966,-0.7404649,-0.5487605,-0.25179586,1.1045148,0.9227383,1.6191626,-0.40769193,-0.5604613,1.3879305,-1.6131088,0.36478257,1.663478,-0.17154156,0.15374647,-0.062948965,0.9461287,-1.0693154,-0.13158791,0.87319493,-1.4851162,0.09119564,1.0858696,-1.3428854,-0.10192298,0.5298847,-0.95301735,0.0,0.0,0.0,0.0,0.0,0.0,0.0,0.0,0.0,0.0,0.0,0.0,0.0,0.0,0.0,0.0,16.191626,-5.4876046,1.5374647,-16.131088,50.0,50.0,50.0,50.0,50.0,50.0,50.0,50.0,50.0,50.0,50.0,50.0,0.0,0.0,0.0,0.0,1.0,1.0,1.0,1.0,1.0,1.0,1.0,1.0,1.0,1.0,1.0,1.0,0.5,0.5,0.5,0.5
1788529343.0267804,468,5.884821001018281,2.243601000373019,5.694223000318743,2.746371,8.446578,10913898,0,0,0.0,0.0,0.0,-0.038429618,0.94472766,-1.3422474,-0.20709087,0.47683302,-1.2178307,0.0041960627,0.6956072,-1.5554118,-0.19352144,0.51200414,-1.3267665,-19.535545,-1.714889,-9.095944,4.5643983,-0.5464489,-0.3410461,-1.5286415,-0.15889648,-1.4765745,0.65513206,-0.14339438,-1.2827984,0.119298734,-0.26741114,0.4224321,2.5679557,3.9220302,-6.797669,-0.038755238,-16.513607,-1.5585117,0.14842969,0.52156544,3.6365275,-3.240715,-1.5172813,-1.8801094,14.9666605,11.75893,4.304461,0.7668867,18.207375,0.64319533,-1.4595586,-1.311129,-2.1274922,0.9740458,0.069316454,-0.0103233075,0.21522917,1.712945,0.30573085,-0.12783171,3.2740707,-2.4708161,10.131064,0.1311297,-0.049969386,0.4316579,29.84498405456543,11.006526947021484,-0.5236161,0.90267944,-0.61274016,-0.7312116,-0.10916213,0.54583657,0.7612101,1.7143629,-0.42945817,-0.45762354,0.66781604,-1.4969453,0.307685,1.0979133,0.03162499,-0.00832033,-0.027290532,0.8064592,-1.1096975,-0.13090402,0.8956699,-1.453185,0.07692125,0.94447833,-1.2920938,-0.10736454,0.55559415,-1.1330459,0.0,0.0,0.0,0.0,0.0,0.0,0.0,0.0,0.0,0.0,0.0,0.0,0.0,0.0,0.0,0.0,17.14363,-7.312116,-0.0832033,-14.969453,50.0,50.0,50.0,50.0,50.0,50.0,50.0,50.0,50.0,50.0,50.0,50.0,0.0,0.0,0.0,0.0,1.0,1.0,1.0,1.0,1.0,1.0,1.0,1.0,1.0,1.0,1.0,1.0,0.5,0.5,0.5,0.5
1788529343.05739,469,17.028713999025058,2.297876000739052,9.92890400084434,2.864552,12.799696,10913918,0,0,0.0,0.0,0.0,-0.049117565,0.9345846,-1.3565278,-0.20690921,0.45645624,-1.2298996,0.006951317,0.67401934,-1.5536267,-0.196428,0.5174844,-1.2779696,-19.456188,-1.8396627,-9.100729,4.290447,-0.2945398,-0.732474,-0.0080880495,-0.2596601,-1.1626571,-1.2657799,0.4224321,-1.1355284,0.08492453,0.24415801,-0.19377619,3.415179,3.9762876,-7.491388,-0.6239593,-17.908796,-1.4100821,-0.024738282,1.3276211,6.234047,1.4595586,-6.638106,-2.8696408,15.41195,8.392462,2.44909,1.8801094,20.957447,0.59371877,-1.0884844,-1.7069415,-1.8306329,0.97276014,0.0835203,-0.0024097501,0.21623197,1.4892395,0.76379454,0.21411812,3.8235402,-0.56982,7.337031,0.16229442,-0.04081907,0.4341413,29.783010482788086,12.749796867370605,-0.50358886,0.7537721,-0.35329747,-0.8513046,0.024506027,0.28342286,0.7161643,1.7718166,-0.39858484,-0.39643523,-0.031007092,-1.2200599,0.37687516,0.7040007,0.28257978,-0.070118174,0.0061265067,0.74085575,-1.1209589,-0.12589721,0.858443,-1.3883243,0.09421879,0.8460002,-1.229355,-0.09964621,0.5708912,-1.3077518,0.0,0.0,0.0,0.0,0.0,0.0,0.0,0.0,0.0,0.0,0.0,0.0,0.0,0.0,0.0,0.0,17.718166,-8.513046,-0.70118177,-12.200599,50.0,50.0,50.0,50.0,50.0,50.0,50.0,50.0,50.0,50.0,50.0,50.0,0.0,0.0,0.0,0.0,1.0,1.0,1.0,1.0,1.0,1.0,1.0,1.0,1.0,1.0,1.0,1.0,0.5,0.5,0.5,0.5
1788529343.0712607,470,8.702908000486786,2.3589339998579817,8.497044000250753,1.571321,10.074926,10913930,0,0,0.0,0.0,0.0,-0.053174734,0.926985,-1.3658638,-0.20312451,0.44912907,-1.2369925,0.01654929,0.65978885,-1.5534371,-0.19246167,0.5147897,-1.245886,-19.416948,-1.916598,-9.106028,4.1158366,-0.04263076,-1.0618935,-1.472025,0.6665901,0.08913705,-1.2920659,1.1510305,-1.139404,0.0970566,0.29841533,-0.081386,2.5719998,3.2011826,-7.7704253,-0.40693003,-18.97069,-1.5090352,0.6926719,3.319053,5.1208243,0.59371877,-4.694089,-4.106555,16.27779,8.487292,2.3253984,1.9295859,20.009148,0.89057815,-0.7668867,-1.8801094,-2.0780158,0.97178787,0.08948207,0.0036392377,0.21819262,1.1579423,0.97471684,0.36858144,5.6682725,1.7621324,5.935226,0.17650817,-0.03198097,0.43889832,29.7918643951416,12.373796463012695,-0.43024695,0.7535224,-0.11387818,-0.9215461,0.1555944,0.25907955,0.5050675,1.6037978,-0.39544863,-0.24644944,-0.541624,-0.8718216,0.40925193,0.4999115,0.49664435,-0.26615927,0.0388986,0.7347699,-1.1737331,-0.10756174,0.8583806,-1.3284695,0.10231298,0.7949779,-1.1758388,-0.098862156,0.60838765,-1.435406,0.0,0.0,0.0,0.0,0.0,0.0,0.0,0.0,0.0,0.0,0.0,0.0,0.0,0.0,0.0,0.0,16.037977,-9.215461,-2.6615927,-8.718216,50.0,50.0,50.0,50.0,50.0,50.0,50.0,50.0,50.0,50.0,50.0,50.0,0.0,0.0,0.0,0.0,1.0,1.0,1.0,1.0,1.0,1.0,1.0,1.0,1.0,1.0,1.0,1.0,0.5,0.5,0.5,0.5
1788529343.0948088,471,11.634374001005199,2.3636059995624237,9.263919999284553,3.718598,12.988919,10913944,0,0,0.0,0.0,0.0,-0.055718064,0.91045344,-1.3867948,-0.19579735,0.458394,-1.2717774,0.032021105,0.6460428,-1.5537057,-0.1955803,0.5178477,-1.2131547,-19.374046,-2.0300174,-9.108298,3.9053473,0.10851467,-1.5114542,-0.99685216,0.36817476,3.5383532,-4.604122,1.6354711,-0.93787676,-0.06268239,-0.51156914,0.44568524,2.6326602,3.4337142,-7.441006,-0.2906643,-18.26922,-0.6679336,-2.2511837,10.431309,7.2977934,4.725012,-15.030568,-3.7849572,15.288259,7.112256,0.14842969,3.6612659,19.772072,0.37107423,-0.8411016,-2.3253984,-2.4985664,0.97007775,0.09662141,0.011145812,0.22246179,1.1227885,1.0503507,0.6775081,4.373009,0.039504327,7.4962454,0.19367197,-0.021366159,0.4487763,29.650209426879883,17.22760581970215,-0.23432854,0.8939536,-0.10935033,-0.85541636,0.320233,0.25858203,0.21133535,1.3640968,-0.47342864,0.15028279,-0.91238415,-0.451312,0.39174414,0.2120692,0.8711259,-0.49245372,0.08005825,0.73464555,-1.2471662,-0.058582135,0.8934884,-1.3273375,0.097936034,0.72301733,-1.0822185,-0.11835716,0.70757073,-1.528096,0.0,0.0,0.0,0.0,0.0,0.0,0.0,0.0,0.0,0.0,0.0,0.0,0.0,0.0,0.0,0.0,13.640967,-8.554164,-4.924537,-4.51312,50.0,50.0,50.0,50.0,50.0,50.0,50.0,50.0,50.0,50.0,50.0,50.0,0.0,0.0,0.0,0.0,1.0,1.0,1.0,1.0,1.0,1.0,1.0,1.0,1.0,1.0,1.0,1.0,0.5,0.5,0.5,0.5
1788529343.113007,472,8.911970999179175,2.416119999907096,8.71302000086871,0.144102,8.863394,10913960,0,0,0.0,0.0,0.0,-0.053931713,0.9036107,-1.3968891,-0.18462494,0.499087,-1.3575392,0.06126921,0.63641465,-1.5536267,-0.18746585,0.5262346,-1.1727145,-19.33859,-2.1313868,-9.119803,3.6495628,0.2092783,-0.2286559,-0.4650629,1.058018,3.8716483,-7.1296163,1.9300109,-0.2596601,-0.020220125,1.0425159,0.8913705,2.5174055,2.5229661,-7.491388,-0.8991215,-19.38537,-0.791625,-3.1417618,10.952874,5.9866643,2.8696408,-8.4398775,-5.6650667,15.090352,7.064841,-1.8058946,2.7459493,17.543566,0.89057815,-0.6926719,-2.0038009,-2.0038009,0.96809155,0.09973801,0.017543262,0.22922353,0.580569,0.85860306,0.9534116,4.6112323,2.7138276,7.1263413,0.20254974,-0.011757901,0.4637991,29.72103500366211,14.732337951660156,-0.041820053,1.1462973,-0.11161309,-0.80436677,0.4217984,0.30089292,-0.15816693,1.143032,-0.52551633,0.37371278,-1.0296832,-0.24040313,0.5310955,0.053969357,1.1722934,-0.5368673,0.1054496,0.7452232,-1.3395417,-0.010455013,0.9565743,-1.3279033,0.13277388,0.68349236,-1.0069265,-0.13137908,0.7634282,-1.5574207,0.0,0.0,0.0,0.0,0.0,0.0,0.0,0.0,0.0,0.0,0.0,0.0,0.0,0.0,0.0,0.0,11.43032,-8.043668,-5.3686733,-2.4040313,50.0,50.0,50.0,50.0,50.0,50.0,50.0,50.0,50.0,50.0,50.0,50.0,0.0,0.0,0.0,0.0,1.0,1.0,1.0,1.0,1.0,1.0,1.0,1.0,1.0,1.0,1.0,1.0,0.5,0.5,0.5,0.5
1788529343.1440506,473,20.407043999512098,2.420504000838264,20.159386998784612,0.131076,20.297344,10913974,0,0,0.0,0.0,0.0,-0.05259943,0.90297496,-1.4064937,-0.17357364,0.55019546,-1.4632999,0.08543067,0.63662654,-1.55369,-0.17435569,0.53937507,-1.1395881,-19.31016,-2.2310605,-9.133489,3.3887215,0.038755238,0.10076362,-0.9220377,0.5193202,4.0693,-8.11838,1.5192053,0.1472699,0.0040440247,0.7557271,1.0308893,2.594242,2.1199114,-7.723919,-0.8991215,-21.633173,-0.6926719,-3.4633594,12.04342,5.9371877,-0.17316797,-3.461298,-6.5556445,14.694539,7.017426,-2.2264454,1.8058946,15.599548,1.0637461,-0.64319533,-2.0285392,-1.4595586,0.96578676,0.103234634,0.021825833,0.23690176,0.85860306,0.50067425,1.1962918,3.3674448,1.8028339,10.7116585,0.21132046,-0.006754781,0.48037308,29.8095703125,11.89525318145752,0.035763532,1.5763768,-0.25729102,-0.79108936,0.43621174,0.49115855,-0.54463106,0.9871555,-0.5095919,0.6306586,-1.0010073,-0.13338792,0.63006634,-0.052893855,1.7667689,-0.5688319,0.109052934,0.79278964,-1.4361577,0.008940883,1.0640942,-1.3643227,0.15751658,0.65677655,-0.8583077,-0.12739797,0.8276647,-1.5502517,0.0,0.0,0.0,0.0,0.0,0.0,0.0,0.0,0.0,0.0,0.0,0.0,0.0,0.0,0.0,0.0,9.871555,-7.9108934,-5.688319,-1.3338792,50.0,50.0,50.0,50.0,50.0,50.0,50.0,50.0,50.0,50.0,50.0,50.0,0.0,0.0,0.0,0.0,1.0,1.0,1.0,1.0,1.0,1.0,1.0,1.0,1.0,1.0,1.0,1.0,0.5,0.5,0.5,0.5
1788529343.1557894,474,6.3339580010506324,2.527803999328171,6.122110000433167,1.604666,7.73308,10913992,0,0,0.0,0.0,0.0,-0.056807995,0.90884876,-1.4204739,-0.16633731,0.61274886,-1.5808926,0.10362747,0.6419554,-1.5540375,-0.1660294,0.5563607,-1.0912652,-19.27731,-2.353775,-9.148204,3.0694451,-0.43018317,0.3410461,-0.33363205,0.44568524,3.5693576,-5.9224744,0.7363495,0.3720503,0.020220125,0.24028248,1.0153872,3.1927578,1.871878,-8.909829,-1.2866739,-20.365877,-0.049476564,-3.8096955,11.806345,5.61559,-3.0180705,0.0,-6.7040744,14.100821,6.9700108,-2.1522305,0.96479297,12.280496,1.1874375,-0.44528908,-1.8801094,-1.1626992,0.96172845,0.11258045,0.026381627,0.24841121,1.4402374,0.30040455,1.3837783,1.9476831,1.6675615,11.407174,0.23172185,-0.005188593,0.5049399,29.862689971923828,10.322891235351562,0.042178847,1.8326586,-0.5028356,-0.7556567,0.39977902,0.5718002,-0.7558169,0.82601863,-0.48103195,0.8874252,-1.1282914,0.013253503,0.7069603,-0.22479366,2.2026472,-0.7315513,0.099944755,0.8129501,-1.4889542,0.010544712,1.1281646,-1.4257089,0.17674008,0.6138016,-0.74933815,-0.12025799,0.8918563,-1.5820727,0.0,0.0,0.0,0.0,0.0,0.0,0.0,0.0,0.0,0.0,0.0,0.0,0.0,0.0,0.0,0.0,8.260186,-7.556567,-7.3155127,0.13253503,50.0,50.0,50.0,50.0,50.0,50.0,50.0,50.0,50.0,50.0,50.0,50.0,0.0,0.0,0.0,0.0,1.0,1.0,1.0,1.0,1.0,1.0,1.0,1.0,1.0,1.0,1.0,1.0,0.5,0.5,0.5,0.5
1788529343.1788447,475,7.820955999704893,2.2396650001610396,7.593972000904614,1.560664,9.161068,10914052,0,0,0.0,0.0,0.0,-0.09641099,0.91778064,-1.395499,-0.10986971,0.8331995,-1.7182156,0.14695461,0.7401757,-1.5951728,-0.1604281,0.66520846,-0.89326596,-19.063126,-2.7822628,-9.1872015,1.8380579,-0.34492162,0.08913705,1.0898647,1.6781018,4.003416,-0.5237012,0.6975943,2.1431646,-0.30532387,0.31391743,2.6469827,2.8874338,6.9371877,-8.6928005,-0.6317104,-23.3074,7.3225317,-10.117957,7.017426,0.22264454,1.9790626,0.14224511,-5.1208243,5.7392817,5.2630696,-4.7002735,1.3853438,4.504429,-0.14842969,-0.47002736,-0.86583984,0.22264454,0.9435414,0.16056445,0.022272643,0.2888818,1.0972222,-0.80853564,1.3070793,1.4628572,5.6060233,6.3422403,0.32179937,-0.050759774,0.5859708,29.96893310546875,7.1781697273254395,-0.013546295,2.0602965,-0.70153004,-0.6861595,0.21337074,0.7702473,-1.1627104,0.9545244,-0.2900549,0.91391325,-1.2071047,0.1549987,0.951893,-0.25543687,2.804825,-0.8471159,0.053342685,0.8625618,-1.5906775,-0.0033865739,1.1850741,-1.4753824,0.23797324,0.6061408,-0.5987937,-0.07251372,0.8984783,-1.6017761,0.0,0.0,0.0,0.0,0.0,0.0,0.0,0.0,0.0,0.0,0.0,0.0,0.0,0.0,0.0,0.0,9.545244,-6.861595,-8.471159,1.5499871,50.0,50.0,50.0,50.0,50.0,50.0,50.0,50.0,50.0,50.0,50.0,50.0,0.0,0.0,0.0,0.0,1.0,1.0,1.0,1.0,1.0,1.0,1.0,1.0,1.0,1.0,1.0,1.0,0.5,0.5,0.5,0.5
1788529343.2094321,476,5.289631999403355,2.715363001698279,5.064823999418877,4.298492,9.370388,10914072,0,0,0.0,0.0,0.0,-0.09825802,0.9119674,-1.3844095,-0.08234744,0.91546357,-1.7120706,0.15025486,0.7762968,-1.6032608,-0.14174682,0.6711428,-0.874594,-18.94371,-2.943763,-9.193075,1.6242381,0.27128667,-0.38755238,-0.42260063,2.0811563,3.7863867,1.5832357,-0.11239019,1.1626571,0.20017922,1.2827984,-1.6277201,0.04044025,7.251105,-8.0765915,-0.034879714,-10.863093,9.870575,-10.291125,2.7026572,-3.0428088,0.56898046,3.413883,-5.021871,3.3644063,8.961443,-5.6650667,6.9761953,4.646674,-0.17316797,-0.791625,-0.024738282,-5.1208243,0.9389123,0.1723694,0.017611083,0.29735926,0.7872303,-0.5645901,0.7584682,2.336741,4.320337,7.892486,0.34156454,-0.06949669,0.60143423,29.88039779663086,9.946891784667969,-0.0333503,2.1439002,-1.1384832,-0.50009423,0.09296198,1.2533702,-1.0014608,0.9194189,-0.26834208,0.8918551,-1.0171586,0.39747784,1.206525,0.12586501,3.0716918,-0.9935154,0.023240495,0.9833425,-1.5503652,-0.008337575,1.205975,-1.5846207,0.30163124,0.70146626,-0.532077,-0.06708552,0.89296377,-1.5542896,0.0,0.0,0.0,0.0,0.0,0.0,0.0,0.0,0.0,0.0,0.0,0.0,0.0,0.0,0.0,0.0,9.194189,-5.000942,-9.935154,3.9747784,50.0,50.0,50.0,50.0,50.0,50.0,50.0,50.0,50.0,50.0,50.0,50.0,0.0,0.0,0.0,0.0,1.0,1.0,1.0,1.0,1.0,1.0,1.0,1.0,1.0,1.0,1.0,1.0,0.5,0.5,0.5,0.5
1788529343.2411935,477,15.557492000880302,2.6494720004848205,15.345261001129984,1.687069,17.038762,10914090,0,0,0.0,0.0,0.0,-0.09486687,0.9096966,-1.3863051,-0.045227192,0.9597596,-1.6855948,0.15343401,0.7968855,-1.6047615,-0.12848526,0.65875936,-0.8612139,-18.813185,-3.0705957,-9.194861,1.3553131,0.24803352,-0.5503244,0.022242136,1.457197,2.6198542,1.8804715,-0.10851467,1.3951886,-0.21837734,0.21702933,-0.65496355,0.6005377,7.4526324,-8.599788,-0.054257333,-19.31561,9.672668,-10.117957,2.1336768,-4.106555,-0.32159767,1.6121113,-5.318731,2.0780158,9.388178,-5.2197776,6.8030276,3.8406184,-0.24738282,-0.5442422,-0.074214846,-1.6822032,0.9361833,0.18188374,0.013737003,0.30048397,0.910801,-0.62850595,0.21944445,1.2425907,7.369353,8.368932,0.35760674,-0.08368323,0.60602695,29.924665451049805,8.647984504699707,-0.09227986,1.9669607,-1.4070367,-0.35882273,-0.07640298,1.5477189,-0.89179873,0.8963391,-0.09578308,0.6927165,-0.8933659,0.28522366,1.4680767,0.47619987,3.1129022,-1.1834421,-0.019100744,1.0569297,-1.5229497,-0.023069965,1.1617402,-1.6517591,0.36701918,0.78905,-0.5217744,-0.02394577,0.8431791,-1.5233414,0.0,0.0,0.0,0.0,0.0,0.0,0.0,0.0,0.0,0.0,0.0,0.0,0.0,0.0,0.0,0.0,8.963391,-3.5882273,-11.834421,2.8522367,50.0,50.0,50.0,50.0,50.0,50.0,50.0,50.0,50.0,50.0,50.0,50.0,0.0,0.0,0.0,0.0,1.0,1.0,1.0,1.0,1.0,1.0,1.0,1.0,1.0,1.0,1.0,1.0,0.5,0.5,0.5,0.5
1788529343.2616103,478,15.166309998676297,1.9916890014428645,14.960190999772749,1.579225,16.545528,10914106,0,0,0.0,0.0,0.0,-0.08445144,0.89047027,-1.4029236,-0.019794067,1.0131994,-1.629879,0.15373677,0.80424297,-1.6055988,-0.13496464,0.66505706,-0.8655739,-18.707092,-3.2209237,-9.18923,1.1041609,0.4921915,-1.0541425,-2.2383678,1.7129815,1.7207327,4.990327,0.04263076,0.8719929,0.070770435,-0.3914279,0.30229086,-1.3365502,7.863438,-9.708187,0.7208474,-19.590773,9.944789,-11.23118,-1.5172813,-7.025672,0.59371877,8.060556,-5.269254,0.96479297,12.375325,-4.8487034,7.025672,-1.4698663,-1.6822032,-0.7668867,-0.17316797,-0.4205508,0.9350838,0.18896721,0.011238763,0.29963905,0.74781555,-0.632767,-0.33236247,-0.12449849,8.084022,4.2760444,0.37006587,-0.09235678,0.602907,29.836132049560547,11.279980659484863,-0.0751554,1.9581571,-1.5082365,-0.1338215,-0.029297013,1.8018467,-0.80567795,0.81266254,-0.05833058,0.56466246,-0.9389038,0.29450992,1.557047,0.62156165,3.0753005,-1.3266366,-0.007324253,1.1204617,-1.5014194,-0.01878885,1.1595392,-1.677059,0.38926175,0.82539046,-0.53117484,-0.014582645,0.81116563,-1.5347259,0.0,0.0,0.0,0.0,0.0,0.0,0.0,0.0,0.0,0.0,0.0,0.0,0.0,0.0,0.0,0.0,8.126625,-1.338215,-13.266365,2.945099,50.0,50.0,50.0,50.0,50.0,50.0,50.0,50.0,50.0,50.0,50.0,50.0,0.0,0.0,0.0,0.0,1.0,1.0,1.0,1.0,1.0,1.0,1.0,1.0,1.0,1.0,1.0,1.0,0.5,0.5,0.5,0.5
1788529343.2731931,479,6.311557001026813,2.2216489996935707,5.176188000405091,2.626431,7.808955,10914122,0,0,0.0,0.0,0.0,-0.0725826,0.8719708,-1.422733,-0.012012741,1.0332129,-1.553469,0.15161735,0.8168384,-1.6050617,-0.15915638,0.68488884,-0.8887955,-18.603846,-3.367376,-9.167914,0.82893825,1.0735201,-1.5502095,-0.43675467,0.3759258,1.0308893,5.8820343,-0.10076362,0.038755238,0.026286162,-1.7284837,2.0307744,-1.9168677,6.313228,-11.122753,1.5967158,-19.048199,8.361539,-9.5984535,-0.23707521,-6.159832,0.24738282,2.9871476,-4.9476566,1.2121758,12.564985,-2.1274922,6.4566917,-0.52156544,-0.86583984,-0.5442422,0.22264454,-0.56898046,0.9350502,0.1971602,0.010343626,0.2944521,0.73929346,-0.43143204,-0.7989482,-0.031124622,3.0358477,7.979874,0.38608864,-0.0969165,0.5911897,29.898103713989258,9.946891784667969,0.035278216,1.7533573,-1.5293199,0.083663635,0.02499137,1.8725135,-0.4517158,0.59434754,-0.0015488137,0.35732824,-0.9497933,0.29546583,1.3774723,0.7323326,2.8464696,-1.4307742,0.0062478427,1.1381284,-1.4129289,0.008819554,1.1083393,-1.6823299,0.34436807,0.85308313,-0.58838254,-0.0003872034,0.75933206,-1.5374483,0.0,0.0,0.0,0.0,0.0,0.0,0.0,0.0,0.0,0.0,0.0,0.0,0.0,0.0,0.0,0.0,5.9434752,0.83663636,-14.307742,2.9546583,50.0,50.0,50.0,50.0,50.0,50.0,50.0,50.0,50.0,50.0,50.0,50.0,0.0,0.0,0.0,0.0,1.0,1.0,1.0,1.0,1.0,1.0,1.0,1.0,1.0,1.0,1.0,1.0,0.5,0.5,0.5,0.5
1788529343.295108,480,6.523244001073181,2.3418450000463054,4.809006000868976,0.154918,4.97122,10914136,0,0,0.0,0.0,0.0,-0.05326557,0.8415115,-1.4292729,-0.0075922217,1.0351809,-1.4591768,0.14583434,0.81365925,-1.6021708,-0.19067532,0.71216893,-0.9244808,-18.53999,-3.478979,-9.145297,0.59519565,1.3486823,-2.8368835,-0.40440246,-0.3100419,0.6200838,7.5886126,-0.5386978,-0.33717057,0.24466349,-2.309812,2.309812,-3.3221664,4.6622553,-9.76632,1.767239,-19.745792,7.19884,-10.983797,-0.09483008,-5.3434687,-2.1274922,1.2327911,-5.788758,0.64319533,13.418456,-0.89057815,4.9476566,-1.1379609,-1.4100821,-0.37107423,0.24738282,-0.24738282,0.93601733,0.20231023,0.011019985,0.28778598,0.63702804,-0.2833603,-1.0865695,-0.60932434,3.5314474,5.5701103,0.3972179,-0.09596151,0.577242,29.889251708984375,9.741801261901855,0.12413876,1.6091788,-1.5508162,0.34890482,0.18291347,1.809139,-0.2366958,0.2811535,-0.013329508,0.20566477,-0.8932672,0.29645637,1.1304315,0.7650902,2.3588035,-1.5352713,0.045728367,1.1222848,-1.3591739,0.03103469,1.0722947,-1.687704,0.28260788,0.8612726,-0.7102991,-0.003332377,0.72141623,-1.5233167,0.0,0.0,0.0,0.0,0.0,0.0,0.0,0.0,0.0,0.0,0.0,0.0,0.0,0.0,0.0,0.0,2.811535,3.4890482,-15.352713,2.9645636,50.0,50.0,50.0,50.0,50.0,50.0,50.0,50.0,50.0,50.0,50.0,50.0,0.0,0.0,0.0,0.0,1.0,1.0,1.0,1.0,1.0,1.0,1.0,1.0,1.0,1.0,1.0,1.0,0.5,0.5,0.5,0.5
1788529343.322328,481,7.784794999679434,2.226192000307492,6.077531999835628,0.135908,6.219393,10914204,0,0,0.0,0.0,0.0,0.064756274,0.68364453,-1.4770904,-0.07638277,0.9904913,-1.0871898,0.14701517,0.736391,-1.5613673,-0.29737335,0.7773564,-1.0719455,-18.235216,-3.9739864,-9.023491,-0.40232784,1.7168571,-0.53094673,-1.8380094,-0.9533789,-0.65883905,3.562786,0.24415801,-1.554085,0.491349,-0.51544464,-0.2790377,-0.11727672,6.5961413,-6.045817,2.3795717,-17.66076,-2.44909,-4.106555,5.974295,1.0390079,-3.0428088,-4.2199388,-9.4995,5.096086,12.04342,3.8591719,1.6079884,0.90088576,-2.4985664,-0.47002736,1.4842969,-0.22264454,0.9473344,0.20580237,0.028849363,0.24366087,-0.08735167,0.38029936,-1.3283846,-0.45609543,0.50637364,4.9919105,0.4163309,-0.04564783,0.49385637,30.07517433166504,4.375265121459961,0.2520191,1.104667,-1.5602208,0.78025377,0.5281309,1.4441488,0.4471977,-0.21139562,-0.17984778,-0.3673783,-0.6062622,0.15203603,0.66233736,0.78230095,1.2209333,-1.4951847,0.13203272,1.0310372,-1.1882005,0.06300478,0.94616675,-1.6900551,0.16558434,0.86557525,-0.9947666,-0.044961944,0.57815546,-1.4515655,0.0,0.0,0.0,0.0,0.0,0.0,0.0,0.0,0.0,0.0,0.0,0.0,0.0,0.0,0.0,0.0,-2.1139562,7.802538,-14.951847,1.5203602,50.0,50.0,50.0,50.0,50.0,50.0,50.0,50.0,50.0,50.0,50.0,50.0,0.0,0.0,0.0,0.0,1.0,1.0,1.0,1.0,1.0,1.0,1.0,1.0,1.0,1.0,1.0,1.0,0.5,0.5,0.5,0.5
1788529343.3369381,482,9.430006000911817,2.2491380004794337,9.221262000210118,0.167975,9.395797,10914210,0,0,0.0,0.0,0.0,0.0739001,0.68043506,-1.4873582,-0.08546603,0.9867369,-1.0756421,0.14940709,0.7284583,-1.559835,-0.30097634,0.7752067,-1.0707923,-18.205484,-4.0062323,-9.010017,-0.49758095,1.6083423,-0.7169719,-1.785437,-1.6664752,-0.67434114,3.081547,0.4650629,-1.2479186,0.3882264,-0.60070616,-0.2286559,0.31947798,4.832778,-5.716398,2.3795717,-17.598753,-2.7459493,-3.7849572,6.4484453,2.3006601,-2.8201642,-4.4570136,-9.821098,5.318731,12.185665,4.1560316,1.6327267,2.1336768,-1.8058946,-0.64319533,1.4595586,-0.24738282,0.94833684,0.2050852,0.030658089,0.24011968,-0.107591696,0.28549084,-1.2942961,-0.92176765,2.6120741,5.1762643,0.41592014,-0.040352542,0.48746198,30.066320419311523,4.717082977294922,0.2893999,0.8541489,-1.4805754,0.97109365,0.7576261,0.94779515,0.845156,-0.48864952,-0.20942092,-0.63986075,-0.305615,0.11520499,0.37851962,0.7444097,0.45005026,-1.2890848,0.18940653,0.9069488,-1.0887109,0.07234997,0.88353723,-1.6701438,0.094629906,0.85610247,-1.1874874,-0.05235523,0.5100348,-1.3764037,0.0,0.0,0.0,0.0,0.0,0.0,0.0,0.0,0.0,0.0,0.0,0.0,0.0,0.0,0.0,0.0,-4.886495,9.710937,-12.890848,1.1520499,50.0,50.0,50.0,50.0,50.0,50.0,50.0,50.0,50.0,50.0,50.0,50.0,0.0,0.0,0.0,0.0,1.0,1.0,1.0,1.0,1.0,1.0,1.0,1.0,1.0,1.0,1.0,1.0,0.5,0.5,0.5,0.5
1788529343.35318,483,5.045878999226261,2.250194000225747,4.819469999347348,1.736895,6.563055,10914224,0,0,0.0,0.0,0.0,0.090249896,0.68146455,-1.5097426,-0.114441626,0.9759581,-1.0402727,0.15494788,0.714137,-1.5584763,-0.30527574,0.76736486,-1.0632098,-18.152893,-4.067029,-8.975228,-0.6926893,1.3719355,-0.36429924,-2.0482986,-2.3330653,-0.96500546,2.1797295,0.5038181,-1.2169144,0.016176099,-0.2790377,-0.9301258,0.26690564,3.7902625,-4.794023,3.4569674,-18.544382,-5.1950393,-0.2721211,7.064841,4.106555,-4.6260586,-4.409599,-10.8601055,5.7640195,12.991721,5.1950393,1.6079884,2.5129972,-0.8411016,-0.51950395,1.6079884,-0.32159767,0.95017445,0.20473059,0.034584284,0.23250338,0.21518339,0.3078614,-1.0823085,-0.52073884,1.2964603,9.433155,0.41732624,-0.02948317,0.47371656,30.030906677246094,5.708353519439697,0.25239584,1.0221661,-1.3923124,1.0227916,0.94647956,0.53456634,1.095711,-0.58705443,-0.16895346,-0.7048253,-0.08015695,0.12975687,0.18324307,0.60223365,0.051970508,-1.0378598,0.23661989,0.8036416,-1.0260723,0.06309896,0.9255415,-1.6480781,0.045810767,0.8205584,-1.2870073,-0.042238366,0.4937937,-1.3200392,0.0,0.0,0.0,0.0,0.0,0.0,0.0,0.0,0.0,0.0,0.0,0.0,0.0,0.0,0.0,0.0,-5.8705444,10.227917,-10.378598,1.2975687,50.0,50.0,50.0,50.0,50.0,50.0,50.0,50.0,50.0,50.0,50.0,50.0,0.0,0.0,0.0,0.0,1.0,1.0,1.0,1.0,1.0,1.0,1.0,1.0,1.0,1.0,1.0,1.0,0.5,0.5,0.5,0.5
1788529343.3842597,484,15.523475000009057,2.3368849997496,13.835029998517712,0.128389,13.970395,10914240,0,0,0.0,0.0,0.0,0.108174205,0.69548297,-1.5346385,-0.14998744,0.9540372,-1.0204949,0.16400087,0.70184433,-1.5595032,-0.30094606,0.74241614,-1.054553,-18.103146,-4.1239815,-8.924029,-0.94692975,1.0115118,-0.10076362,-1.136371,-2.317563,-1.3254292,0.5135912,0.40305448,-0.6239593,-0.25275156,0.45343632,-1.7284837,1.1100848,3.1973073,-2.6198542,2.8291326,-17.036802,-9.276855,6.9267187,10.194234,4.997133,-9.573715,-6.8751807,-9.301594,9.153164,13.086551,7.5946527,0.8411016,1.2802061,0.24738282,0.0,1.9790626,0.024738282,0.95160264,0.20497994,0.038559884,0.22571844,0.08309062,0.19494337,-0.7201187,-1.9213469,0.50637364,6.757634,0.41982532,-0.019149298,0.4617083,29.853837966918945,11.040708541870117,0.13996488,1.2533056,-1.3390771,0.91183287,1.0381916,0.2194789,1.0750741,-0.51302433,-0.109140664,-0.57662594,0.15846832,0.23389755,0.13461637,0.40530774,-0.05603385,-0.80915385,0.2595479,0.7248697,-1.0312314,0.03499122,0.98332644,-1.6347692,0.033654094,0.77132696,-1.3140085,-0.027285166,0.5258435,-1.2603829,0.0,0.0,0.0,0.0,0.0,0.0,0.0,0.0,0.0,0.0,0.0,0.0,0.0,0.0,0.0,0.0,-5.1302433,9.118329,-8.091538,2.3389754,50.0,50.0,50.0,50.0,50.0,50.0,50.0,50.0,50.0,50.0,50.0,50.0,0.0,0.0,0.0,0.0,1.0,1.0,1.0,1.0,1.0,1.0,1.0,1.0,1.0,1.0,1.0,1.0,0.5,0.5,0.5,0.5
1788529343.39942,485,9.96375300019281,2.403000000413158,9.664733999670716,1.545785,11.219831,10914252,0,0,0.0,0.0,0.0,0.121284366,0.6980566,-1.5477029,-0.1751178,0.9401398,-1.015977,0.1733869,0.6944869,-1.5616041,-0.28822953,0.7250974,-1.0426896,-18.079712,-4.1442976,-8.897839,-1.1379204,1.4998277,0.046506286,-1.4255188,-1.4145663,-1.4610726,0.10312264,0.5735775,-0.4999426,-0.24466349,1.22079,-1.6936039,1.1525471,1.3990641,-1.6083423,2.5927255,-17.34297,-10.612723,6.5556445,11.18995,5.318731,-8.63366,-6.4010305,-10.093219,9.425285,13.371041,6.1350937,1.7069415,0.7112256,1.0637461,-0.64319533,2.0038009,-0.37107423,0.95234793,0.20413505,0.04008283,0.22306019,-0.05752427,0.09480853,-0.35366777,-0.80325466,4.286818,6.873753,0.41888374,-0.014723734,0.45701817,29.84498405456543,11.348343849182129,0.013342114,1.6923299,-1.2267343,0.7504298,1.1013601,0.057168208,0.9029092,-0.4073698,-0.17017385,-0.26794136,0.2200555,0.38130337,0.17458096,0.19249722,0.06861816,-0.63438815,0.27534002,0.6842921,-1.0742726,0.0033355285,1.0930824,-1.6066835,0.04364524,0.71812433,-1.2828454,-0.042543463,0.6030147,-1.244986,0.0,0.0,0.0,0.0,0.0,0.0,0.0,0.0,0.0,0.0,0.0,0.0,0.0,0.0,0.0,0.0,-4.073698,7.504298,-6.3438816,3.8130336,50.0,50.0,50.0,50.0,50.0,50.0,50.0,50.0,50.0,50.0,50.0,50.0,0.0,0.0,0.0,0.0,1.0,1.0,1.0,1.0,1.0,1.0,1.0,1.0,1.0,1.0,1.0,1.0,0.5,0.5,0.5,0.5
1788529343.418861,486,8.921059999920544,2.342196999961743,8.696603999851504,0.159814,8.863202,10914264,0,0,0.0,0.0,0.0,0.13575709,0.7064434,-1.5619518,-0.19379903,0.9150094,-1.0203054,0.18540707,0.6937603,-1.568776,-0.27136487,0.7047812,-1.028962,-18.060274,-4.1603446,-8.866623,-1.3096848,1.0153872,0.732474,-0.7724088,-1.8757535,-1.9028822,-0.810827,1.065769,0.24415801,-1.0554905,1.9455129,-1.4106907,1.1424371,1.6703508,-0.7363495,2.7051156,-17.935923,-12.09702,8.015203,13.655532,5.8629727,-6.901981,-8.392462,-9.425285,11.181704,14.082267,5.788758,0.51950395,-2.9871476,2.2511837,-0.12369141,1.6822032,-0.9400547,0.95267165,0.20385972,0.04034587,0.22187896,0.0,-0.0745685,-0.036218986,-2.0231004,2.7736826,6.9826894,0.4184712,-0.013592047,0.45475915,29.765302658081055,13.672703742980957,-0.053178724,1.9983926,-1.2645429,0.5911832,1.025769,0.12071475,0.62433076,-0.22614065,-0.2021532,-0.041406617,0.11779498,0.4663689,0.3590379,0.11143462,0.45822623,-0.4529405,0.25644225,0.7001787,-1.1439173,-0.013294681,1.1695981,-1.6161357,0.08975948,0.6978587,-1.1854434,-0.0505383,0.65964836,-1.2705512,0.0,0.0,0.0,0.0,0.0,0.0,0.0,0.0,0.0,0.0,0.0,0.0,0.0,0.0,0.0,0.0,-2.2614064,5.911832,-4.529405,4.663689,50.0,50.0,50.0,50.0,50.0,50.0,50.0,50.0,50.0,50.0,50.0,50.0,0.0,0.0,0.0,0.0,1.0,1.0,1.0,1.0,1.0,1.0,1.0,1.0,1.0,1.0,1.0,1.0,0.5,0.5,0.5,0.5
1788529343.4520388,487,21.19104000121297,2.430295999147347,13.010583999857772,3.83918,16.856804,10914284,0,0,0.0,0.0,0.0,0.15089583,0.71558726,-1.5722038,-0.2214727,0.8750431,-1.0375241,0.20890243,0.7093229,-1.5921872,-0.23709077,0.69248855,-1.0177145,-18.023577,-4.1636143,-8.819299,-1.5955048,0.6665901,0.9882586,-0.34576413,-1.7323592,-2.0656543,-1.2394936,1.375811,1.8021187,-1.5165094,1.8563759,-0.77510476,-0.06874842,2.9492736,-0.06200838,2.360194,-17.12594,-12.492832,9.771622,13.845192,6.2587852,-2.2511837,-7.112256,-8.856305,12.690739,15.741794,4.9229183,-2.2264454,-2.9871476,3.6365275,-0.24738282,1.4842969,-0.44528908,0.9522389,0.20467007,0.037496656,0.22348432,0.16298544,-0.44634575,0.4090615,-1.8327614,4.0773253,9.685743,0.41876376,-0.020070901,0.45677793,29.712182998657227,16.441425323486328,-0.05614724,2.2516084,-0.99875546,0.39660946,0.8859736,0.41103756,-0.058049418,-0.048559573,-0.22218387,0.28747433,-0.21619847,0.54554015,0.70944256,0.01616462,1.0425797,-0.3385692,0.2214934,0.77275944,-1.3145123,-0.01403681,1.232902,-1.5496888,0.17736064,0.67404115,-1.039355,-0.055545967,0.7418686,-1.3540496,0.0,0.0,0.0,0.0,0.0,0.0,0.0,0.0,0.0,0.0,0.0,0.0,0.0,0.0,0.0,0.0,-0.48559573,3.9660945,-3.385692,5.4554014,50.0,50.0,50.0,50.0,50.0,50.0,50.0,50.0,50.0,50.0,50.0,50.0,0.0,0.0,0.0,0.0,1.0,1.0,1.0,1.0,1.0,1.0,1.0,1.0,1.0,1.0,1.0,1.0,0.5,0.5,0.5,0.5
1788529343.4676912,488,10.669090999726905,2.447224998832098,9.659934999945108,2.311412,11.978355,10914298,0,0,0.0,0.0,0.0,0.15922213,0.72318697,-1.569945,-0.24399917,0.85251665,-1.0744258,0.22655424,0.7308805,-1.6131971,-0.20572323,0.68025637,-1.019547,-17.975496,-4.161434,-8.79647,-1.8042077,0.5929552,0.15889648,-0.101100616,-1.2672963,-1.6509732,-3.1543393,1.3874375,1.4688236,-1.472025,2.2090485,0.023253143,-0.1314308,3.9917896,0.30616638,1.6160935,-17.273209,-13.556579,10.340602,20.815203,6.827766,-1.58325,-10.241649,-9.524239,12.09702,16.54785,3.1170235,-2.8696408,-2.9871476,3.0675468,-0.34633595,2.0038009,-0.6926719,0.95135385,0.2059537,0.033001054,0.22675966,0.07137271,-0.66046387,0.80427456,0.19512744,4.0940847,6.896498,0.41919693,-0.030617405,0.46146393,29.623647689819336,17.740333557128906,0.047084093,2.4711595,-0.5978529,0.18075785,0.606384,0.89805466,-0.98879045,0.05798681,-0.21517505,0.6658244,-0.61535007,0.5432143,1.137334,-0.05770652,1.8684074,-0.2762683,0.151596,0.89451367,-1.5471976,0.011771023,1.2877898,-1.4494631,0.2843335,0.65557337,-0.83289814,-0.053793762,0.8364561,-1.4538375,0.0,0.0,0.0,0.0,0.0,0.0,0.0,0.0,0.0,0.0,0.0,0.0,0.0,0.0,0.0,0.0,0.5798681,1.8075786,-2.762683,5.432143,50.0,50.0,50.0,50.0,50.0,50.0,50.0,50.0,50.0,50.0,50.0,50.0,0.0,0.0,0.0,0.0,1.0,1.0,1.0,1.0,1.0,1.0,1.0,1.0,1.0,1.0,1.0,1.0,0.5,0.5,0.5,0.5
