time_s,loop,loop_dt_ms,inference_ms,state_tick,enabled,cmd_vx,cmd_vy,cmd_vyaw,q_0,q_1,q_2,q_3,q_4,q_5,q_6,q_7,q_8,q_9,q_10,q_11,q_12,q_13,q_14,q_15,dq_0,dq_1,dq_2,dq_3,dq_4,dq_5,dq_6,dq_7,dq_8,dq_9,dq_10,dq_11,dq_12,dq_13,dq_14,dq_15,p_0,p_1,p_2,p_3,p_4,p_5,p_6,p_7,p_8,p_9,p_10,p_11,p_12,p_13,p_14,p_15,v_0,v_1,v_2,v_3,v_4,v_5,v_6,v_7,v_8,v_9,v_10,v_11,v_12,v_13,v_14,v_15,kp_0,kp_1,kp_2,kp_3,kp_4,kp_5,kp_6,kp_7,kp_8,kp_9,kp_10,kp_11,kp_12,kp_13,kp_14,kp_15,kd_0,kd_1,kd_2,kd_3,kd_4,kd_5,kd_6,kd_7,kd_8,kd_9,kd_10,kd_11,kd_12,kd_13,kd_14,kd_15
1788446248.0195062,1,32.057624999652035,9.904567999910796,10678418,1,0.0,0.0,0.0,-0.018113375,0.66796076,-1.3897647,0.03809657,0.6670365,-1.3914869,-0.040644974,0.6619688,-1.382198,0.034831762,0.65875936,-1.3901597,27.250172,32.07989,-43.874866,-5.48862,0.0,-0.05813286,0.016176099,0.03100419,-0.03100419,-0.044484273,0.011626571,-0.077510476,-0.028308174,-0.03100419,-0.011626571,-0.07279245,0.015502095,0.046506286,-0.05813286,0.054257333,-0.013271134,0.66082644,-1.2107297,-0.009528087,0.7691147,-1.2619011,0.035037182,0.7340659,-1.0964131,-0.028041054,0.72115463,-1.0982586,0.0,0.0,0.0,0.0,0.0,0.0,0.0,0.0,0.0,0.0,0.0,0.0,0.0,0.0,0.0,0.0,1.7312813,-0.06264232,0.14081882,-2.2522268,50.0,50.0,50.0,50.0,50.0,50.0,50.0,50.0,50.0,50.0,50.0,50.0,0.0,0.0,0.0,0.0,1.0,1.0,1.0,1.0,1.0,1.0,1.0,1.0,1.0,1.0,1.0,1.0,0.5,0.5,0.5,0.5
1788446248.0354762,2,14.743511001142906,4.203554000923759,10678450,1,0.0,0.0,0.0,-0.018083096,0.6654477,-1.3897489,0.03797546,0.66431147,-1.3915342,-0.040856898,0.6593952,-1.3834776,0.034680367,0.6566702,-1.391692,27.250141,32.07989,-43.874805,-5.4886503,0.06200838,-0.13951886,-0.030330187,-0.06975943,-0.13951886,-0.020220125,0.011626571,-0.08526152,-0.012132075,-0.11626572,-0.05813286,-0.056616347,0.0038755238,0.054257333,0.015502095,0.0,-0.007545638,0.6348236,-1.2359878,0.0009757313,0.7588887,-1.2890545,0.027232854,0.7246594,-1.143338,-0.014759207,0.7034433,-1.1034977,0.0,0.0,0.0,0.0,0.0,0.0,0.0,0.0,0.0,0.0,0.0,0.0,0.0,0.0,0.0,0.0,2.4505594,-1.4231386,0.29038006,-3.6504765,50.0,50.0,50.0,50.0,50.0,50.0,50.0,50.0,50.0,50.0,50.0,50.0,0.0,0.0,0.0,0.0,1.0,1.0,1.0,1.0,1.0,1.0,1.0,1.0,1.0,1.0,1.0,1.0,0.5,0.5,0.5,0.5
1788446248.0515947,3,10.479605000000447,4.015331000118749,10678472,1,0.0,0.0,0.0,-0.01902163,0.66136026,-1.3835249,0.037551574,0.6710028,-1.391155,-0.04003942,0.659698,-1.3745048,0.03452897,0.656216,-1.382356,27.251442,32.07977,-43.877922,-5.4984903,-0.0077510476,-0.40693003,0.36194023,-0.011626571,0.015502095,-0.028308174,-0.027128667,-0.14339438,0.3942924,0.011626571,-0.27128667,0.5661635,0.065883905,0.0038755238,-0.902997,-1.1859103,-0.013795244,0.60912406,-1.2423276,0.0051533976,0.75061584,-1.3061291,0.026036924,0.7093845,-1.1850739,-0.0069598593,0.6791972,-1.1390575,0.0,0.0,0.0,0.0,0.0,0.0,0.0,0.0,0.0,0.0,0.0,0.0,0.0,0.0,0.0,0.0,2.794225,-2.5464911,-0.6680287,-5.240956,50.0,50.0,50.0,50.0,50.0,50.0,50.0,50.0,50.0,50.0,50.0,50.0,0.0,0.0,0.0,0.0,1.0,1.0,1.0,1.0,1.0,1.0,1.0,1.0,1.0,1.0,1.0,1.0,0.5,0.5,0.5,0.5
1788446248.075474,4,14.267833001213148,5.9698770000977674,10678491,1,0.0,0.0,0.0,-0.0179317,0.6470995,-1.3811238,0.03749102,0.6713056,-1.3910129,-0.03925219,0.65748775,-1.372625,0.035497844,0.6560646,-1.3765585,27.266611,32.05991,-43.887432,-5.529434,0.023253143,-0.70534533,0.1941132,0.054257333,0.04263076,-0.0020220124,-0.027128667,-0.3720503,0.06268239,0.046506286,-0.15114543,0.2547736,1.1200264,-1.3796865,-0.5890796,-2.5733478,-0.0075425766,0.61172026,-1.2540016,0.014264973,0.7687442,-1.2785143,0.021869117,0.7166233,-1.1825262,-0.013479656,0.7057971,-1.1754608,0.0,0.0,0.0,0.0,0.0,0.0,0.0,0.0,0.0,0.0,0.0,0.0,0.0,0.0,0.0,0.0,2.7155173,-4.1831665,-0.03963245,-6.437047,50.0,50.0,50.0,50.0,50.0,50.0,50.0,50.0,50.0,50.0,50.0,50.0,0.0,0.0,0.0,0.0,1.0,1.0,1.0,1.0,1.0,1.0,1.0,1.0,1.0,1.0,1.0,1.0,0.5,0.5,0.5,0.5
1788446248.0947342,5,13.456287000735756,5.9152530011488125,10678511,1,0.0,0.0,0.0,-0.01905191,0.6350188,-1.375042,0.03688547,0.6731828,-1.3911077,-0.03788972,0.65364254,-1.3670329,0.035861194,0.6559738,-1.3686442,27.292862,32.028088,-43.903206,-5.5789075,-0.023253143,-0.5890796,0.22848742,0.06200838,0.2906643,-0.028308174,0.07363495,-0.15502095,0.44888675,0.05038181,0.06975943,0.64299995,1.848625,-1.9765172,-1.0851467,-3.3755813,-0.022526784,0.59927076,-1.2677805,0.017079163,0.7197462,-1.2466614,0.01594908,0.68052274,-1.185734,-0.003368455,0.7183781,-1.2557626,0.0,0.0,0.0,0.0,0.0,0.0,0.0,0.0,0.0,0.0,0.0,0.0,0.0,0.0,0.0,0.0,2.5781603,-5.2475376,-0.3595233,-5.7991247,50.0,50.0,50.0,50.0,50.0,50.0,50.0,50.0,50.0,50.0,50.0,50.0,0.0,0.0,0.0,0.0,1.0,1.0,1.0,1.0,1.0,1.0,1.0,1.0,1.0,1.0,1.0,1.0,0.5,0.5,0.5,0.5
1788446248.1187,6,17.344163001325796,5.994773000566056,10678532,1,0.0,0.0,0.0,-0.020172238,0.6257236,-1.3745996,0.036915746,0.680843,-1.3909181,-0.03713277,0.65318835,-1.3614565,0.0363456,0.6629679,-1.3626415,27.335402,31.973223,-43.92128,-5.6567206,-0.019377619,-0.43405867,0.0080880495,0.0038755238,0.5503244,-0.06268239,-0.019377619,0.05813286,0.13547485,-0.054257333,0.7479761,0.0060660373,1.7943674,-3.557731,-0.8409887,-4.321209,-0.021344567,0.63342935,-1.3107892,0.014887914,0.7060634,-1.2056259,0.02309573,0.6761685,-1.1129133,-0.007215984,0.73695266,-1.3092276,0.0,0.0,0.0,0.0,0.0,0.0,0.0,0.0,0.0,0.0,0.0,0.0,0.0,0.0,0.0,0.0,3.1241753,-4.9384003,-0.6620091,-4.6134043,50.0,50.0,50.0,50.0,50.0,50.0,50.0,50.0,50.0,50.0,50.0,50.0,0.0,0.0,0.0,0.0,1.0,1.0,1.0,1.0,1.0,1.0,1.0,1.0,1.0,1.0,1.0,1.0,0.5,0.5,0.5,0.5
1788446248.1355133,7,14.127323000138858,4.1128350003418745,10678552,1,0.0,0.0,0.0,-0.024229407,0.6179422,-1.3740941,0.03682491,0.6874435,-1.389449,-0.03673917,0.6532489,-1.3587552,0.037344754,0.67898476,-1.3652005,27.36901,31.903524,-43.934452,-5.733353,-0.11626572,-0.28291324,0.076836474,0.046506286,0.6162083,0.038418237,-0.10076362,0.034879714,0.06874842,-0.027128667,0.8448642,0.036396224,2.255555,-4.18169,-0.36817476,-4.305707,-0.029224813,0.6580497,-1.2929003,0.0027726316,0.6972394,-1.218158,0.027061567,0.6976653,-1.0599785,-0.0012873388,0.7321951,-1.3444115,0.0,0.0,0.0,0.0,0.0,0.0,0.0,0.0,0.0,0.0,0.0,0.0,0.0,0.0,0.0,0.0,2.0886004,-4.7939024,-0.99835604,-4.506911,50.0,50.0,50.0,50.0,50.0,50.0,50.0,50.0,50.0,50.0,50.0,50.0,0.0,0.0,0.0,0.0,1.0,1.0,1.0,1.0,1.0,1.0,1.0,1.0,1.0,1.0,1.0,1.0,0.5,0.5,0.5,0.5
1788446248.1575735,8,16.110860000480898,4.297346000385005,10678571,1,0.0,0.0,0.0,-0.025289059,0.6198801,-1.3764637,0.03673408,0.6977379,-1.387743,-0.03673917,0.65330946,-1.3542057,0.036890626,0.69606125,-1.3673964,27.408855,31.83676,-43.940567,-5.8170404,0.07363495,-0.4185566,-0.14962892,0.10463915,0.51156914,0.14962892,0.027128667,-0.1472699,0.325544,-0.05038181,1.050267,-0.16984905,2.1509159,-3.476345,-0.4185566,-4.371591,-0.035097387,0.6712989,-1.2725111,-0.0004938338,0.6842501,-1.2307755,0.029690834,0.7048021,-1.0655382,0.0024041235,0.7264008,-1.3583543,0.0,0.0,0.0,0.0,0.0,0.0,0.0,0.0,0.0,0.0,0.0,0.0,0.0,0.0,0.0,0.0,0.65606385,-3.6817827,-1.3899504,-4.157177,50.0,50.0,50.0,50.0,50.0,50.0,50.0,50.0,50.0,50.0,50.0,50.0,0.0,0.0,0.0,0.0,1.0,1.0,1.0,1.0,1.0,1.0,1.0,1.0,1.0,1.0,1.0,1.0,0.5,0.5,0.5,0.5
1788446248.1808376,9,18.962424001074396,6.140914998468361,10678592,1,0.0,0.0,0.0,-0.026772738,0.61576223,-1.3763216,0.037218522,0.7083653,-1.3874428,-0.03637582,0.6540059,-1.3494667,0.037344754,0.7107156,-1.3720406,27.439768,31.77572,-43.946896,-5.8931885,-0.04263076,-0.20152724,-0.012132075,0.03100419,0.58520406,0.010110063,-0.027128667,0.07363495,0.046506286,0.054257333,0.8409887,-0.17389306,1.228541,-2.856261,-0.38755238,-3.987914,-0.03736987,0.6801017,-1.2619237,0.0016807686,0.6818674,-1.2533175,0.03165324,0.7202243,-1.0778573,0.005197091,0.71058977,-1.3225162,0.0,0.0,0.0,0.0,0.0,0.0,0.0,0.0,0.0,0.0,0.0,0.0,0.0,0.0,0.0,0.0,-0.67718685,-2.3660386,-1.666424,-4.1002555,50.0,50.0,50.0,50.0,50.0,50.0,50.0,50.0,50.0,50.0,50.0,50.0,0.0,0.0,0.0,0.0,1.0,1.0,1.0,1.0,1.0,1.0,1.0,1.0,1.0,1.0,1.0,1.0,0.5,0.5,0.5,0.5
1788446248.2035239,10,20.933673000399722,11.238320001211832,10678611,1,0.0,0.0,0.0,-0.029043555,0.61458147,-1.375279,0.037884627,0.7174788,-1.3874586,-0.036527216,0.65664,-1.3490086,0.03710258,0.72291744,-1.3740942,27.451971,31.735636,-43.96073,-5.962978,0.0077510476,0.019377619,0.03437421,0.011626571,0.59683067,0.022242136,-0.096888095,0.13564333,0.036396224,-0.03100419,0.651088,-0.06672641,0.054257333,-2.2516794,-0.84873974,-3.801889,-0.032414563,0.65286267,-1.2389334,0.007596508,0.6982654,-1.2613988,0.02289993,0.7187922,-1.1122512,0.002364607,0.71401566,-1.2766871,0.0,0.0,0.0,0.0,0.0,0.0,0.0,0.0,0.0,0.0,0.0,0.0,0.0,0.0,0.0,0.0,-1.9401834,-1.3715185,-2.0052967,-4.077113,50.0,50.0,50.0,50.0,50.0,50.0,50.0,50.0,50.0,50.0,50.0,50.0,0.0,0.0,0.0,0.0,1.0,1.0,1.0,1.0,1.0,1.0,1.0,1.0,1.0,1.0,1.0,1.0,0.5,0.5,0.5,0.5
1788446248.2215993,11,16.894086998945568,5.978356999548851,10678634,1,0.0,0.0,0.0,-0.029013276,0.6164284,-1.3750736,0.0384599,0.72707677,-1.387664,-0.03710249,0.6624533,-1.3486768,0.036466718,0.73517984,-1.3718827,27.446823,31.699575,-43.98226,-6.02432,0.015502095,0.054257333,-0.028308174,-0.019377619,0.2906643,-0.028308174,-0.019377619,0.15114543,0.046506286,-0.096888095,0.48056495,0.10918867,-0.40305448,-1.2324166,-1.472699,-3.011282,-0.026898509,0.6224002,-1.2272782,0.016272891,0.72805196,-1.2473578,0.008305189,0.70767313,-1.1484019,-0.0028415155,0.7309145,-1.251421,0.0,0.0,0.0,0.0,0.0,0.0,0.0,0.0,0.0,0.0,0.0,0.0,0.0,0.0,0.0,0.0,-2.611276,-0.1951879,-2.020758,-3.5870934,50.0,50.0,50.0,50.0,50.0,50.0,50.0,50.0,50.0,50.0,50.0,50.0,0.0,0.0,0.0,0.0,1.0,1.0,1.0,1.0,1.0,1.0,1.0,1.0,1.0,1.0,1.0,1.0,0.5,0.5,0.5,0.5
1788446248.2394261,12,14.211354000508436,4.171810000116238,10678655,1,0.0,0.0,0.0,-0.029164672,0.6173973,-1.3736519,0.03861129,0.7315881,-1.3880272,-0.038041085,0.6674491,-1.3479501,0.035891473,0.7438089,-1.3669224,27.4345,31.688612,-44.01514,-6.0719466,-0.011626571,0.046506286,0.17793709,-0.03100419,0.09301257,-0.07279245,-0.096888095,0.18990067,0.052572325,0.0077510476,0.10463915,0.39227042,-0.7363495,-0.05813286,-1.8214962,-2.5810988,-0.020534942,0.6042522,-1.2300161,0.021048687,0.7538781,-1.2311723,0.0015205592,0.6967568,-1.1645813,-0.0070291916,0.74459887,-1.2339873,0.0,0.0,0.0,0.0,0.0,0.0,0.0,0.0,0.0,0.0,0.0,0.0,0.0,0.0,0.0,0.0,-2.4882243,0.86249375,-1.8274392,-2.743057,50.0,50.0,50.0,50.0,50.0,50.0,50.0,50.0,50.0,50.0,50.0,50.0,0.0,0.0,0.0,0.0,1.0,1.0,1.0,1.0,1.0,1.0,1.0,1.0,1.0,1.0,1.0,1.0,0.5,0.5,0.5,0.5
1788446248.2614546,13,16.16836399989552,5.489433000548161,10678676,1,0.0,0.0,0.0,-0.029346347,0.61776054,-1.3712349,0.03761213,0.73367727,-1.3880115,-0.03937331,0.67208153,-1.3468759,0.034801483,0.74931943,-1.3583604,27.416153,31.691885,-44.041965,-6.118332,0.07363495,0.03100419,0.22242136,-0.06975943,-0.08526152,-0.02426415,-0.12401676,0.2596601,0.09907861,-0.18602514,0.2906643,0.2729717,-1.0153872,0.1782741,-1.6587242,-2.5500948,-0.016486833,0.5975701,-1.2363911,0.02404182,0.7769875,-1.2161356,-0.004093865,0.68741345,-1.1696076,-0.013577757,0.7599614,-1.2346812,0.0,0.0,0.0,0.0,0.0,0.0,0.0,0.0,0.0,0.0,0.0,0.0,0.0,0.0,0.0,0.0,-2.2289548,1.1496066,-1.4448832,-1.9927536,50.0,50.0,50.0,50.0,50.0,50.0,50.0,50.0,50.0,50.0,50.0,50.0,0.0,0.0,0.0,0.0,1.0,1.0,1.0,1.0,1.0,1.0,1.0,1.0,1.0,1.0,1.0,1.0,0.5,0.5,0.5,0.5
1788446248.2814262,14,16.06990000072983,6.059987999833538,10678696,1,0.0,0.0,0.0,-0.028680205,0.61400616,-1.3677753,0.03588631,0.73685646,-1.3875849,-0.040130258,0.6750184,-1.3438903,0.03413534,0.75361884,-1.3502092,27.397865,31.697031,-44.06961,-6.1591763,0.06200838,-0.077510476,0.18198112,-0.0038755238,-0.0077510476,-0.020220125,-0.0038755238,0.11239019,0.2628616,-0.011626571,0.16664752,0.33363205,-0.9301258,0.38755238,-1.5579605,-2.278808,-0.018558998,0.60349005,-1.2416924,0.019865315,0.7856014,-1.2225622,-0.0005389843,0.6825501,-1.1549448,-0.013506489,0.7623023,-1.2402747,0.0,0.0,0.0,0.0,0.0,0.0,0.0,0.0,0.0,0.0,0.0,0.0,0.0,0.0,0.0,0.0,-1.7444777,1.0648482,-1.3935829,-1.3042855,50.0,50.0,50.0,50.0,50.0,50.0,50.0,50.0,50.0,50.0,50.0,50.0,0.0,0.0,0.0,0.0,1.0,1.0,1.0,1.0,1.0,1.0,1.0,1.0,1.0,1.0,1.0,1.0,0.5,0.5,0.5,0.5
1788446248.3035605,15,18.131453000023612,7.266732000061893,10678715,1,0.0,0.0,0.0,-0.028377414,0.61491454,-1.3652952,0.035825755,0.7387639,-1.3868582,-0.040190786,0.6762296,-1.3392934,0.033923388,0.75928074,-1.3467813,27.384724,31.698969,-44.092106,-6.190786,0.0038755238,0.12789229,0.1455849,0.065883905,0.096888095,-0.0020220124,-0.038755238,0.05813286,0.27701572,-0.0038755238,0.18214962,0.115254715,-0.6200838,0.015502095,-1.0192627,-1.6742264,-0.019988308,0.6069156,-1.2399026,0.015911268,0.76450706,-1.2255375,0.00459681,0.6897876,-1.1575465,-0.009110214,0.7563753,-1.2446243,0.0,0.0,0.0,0.0,0.0,0.0,0.0,0.0,0.0,0.0,0.0,0.0,0.0,0.0,0.0,0.0,-1.2319577,0.7062646,-0.9986025,-0.48468247,50.0,50.0,50.0,50.0,50.0,50.0,50.0,50.0,50.0,50.0,50.0,50.0,0.0,0.0,0.0,0.0,1.0,1.0,1.0,1.0,1.0,1.0,1.0,1.0,1.0,1.0,1.0,1.0,0.5,0.5,0.5,0.5
1788446248.321534,16,16.076204001365113,6.08072499926493,10678735,1,0.0,0.0,0.0,-0.028195739,0.616065,-1.364063,0.03588631,0.74061084,-1.3868109,-0.040160537,0.67632043,-1.3339698,0.03386283,0.7640948,-1.344933,27.378002,31.698694,-44.10552,-6.2159166,0.05813286,-0.038755238,-0.012132075,0.046506286,0.15889648,0.0,-0.09301257,-0.015502095,0.22444338,-0.06975943,0.21315381,-0.0020220124,-0.23640695,-0.023253143,-0.7557271,-1.3564334,-0.028075702,0.6220795,-1.2186449,0.011422876,0.74440736,-1.2425478,0.009729,0.7061996,-1.1530169,0.0005629484,0.7445318,-1.2449253,0.0,0.0,0.0,0.0,0.0,0.0,0.0,0.0,0.0,0.0,0.0,0.0,0.0,0.0,0.0,0.0,-0.9468473,0.5288177,-0.9151958,0.18496968,50.0,50.0,50.0,50.0,50.0,50.0,50.0,50.0,50.0,50.0,50.0,50.0,0.0,0.0,0.0,0.0,1.0,1.0,1.0,1.0,1.0,1.0,1.0,1.0,1.0,1.0,1.0,1.0,0.5,0.5,0.5,0.5
1788446248.342345,17,15.827054001420038,6.0581649995583575,10678756,1,0.0,0.0,0.0,-0.027680993,0.616277,-1.3640473,0.036612973,0.7403383,-1.3868582,-0.040523857,0.67613876,-1.3306682,0.033317864,0.7679401,-1.3448067,27.376944,31.698576,-44.115543,-6.231691,0.06200838,-0.038755238,0.0,0.04263076,0.06200838,0.0060660373,-0.077510476,-0.07363495,0.1455849,-0.10076362,0.22090487,-0.026286162,-0.011626571,0.011626571,-0.5619509,-0.4999426,-0.030806618,0.6215428,-1.2041445,0.008486057,0.7297109,-1.2526169,0.010369826,0.71087253,-1.1564076,0.006353884,0.74069655,-1.2484804,0.0,0.0,0.0,0.0,0.0,0.0,0.0,0.0,0.0,0.0,0.0,0.0,0.0,0.0,0.0,0.0,-0.8304913,0.38498297,-0.93659866,0.7022737,50.0,50.0,50.0,50.0,50.0,50.0,50.0,50.0,50.0,50.0,50.0,50.0,0.0,0.0,0.0,0.0,1.0,1.0,1.0,1.0,1.0,1.0,1.0,1.0,1.0,1.0,1.0,1.0,0.5,0.5,0.5,0.5
1788446248.361458,18,14.400440999452258,5.965460999505012,10678777,1,0.0,0.0,0.0,-0.02889216,0.6184267,-1.3627361,0.03712769,0.7395512,-1.3871742,-0.04112941,0.67713785,-1.3278406,0.032833397,0.7696054,-1.344854,27.377003,31.698786,-44.12632,-6.2336287,0.0,0.034879714,0.06672641,-0.0077510476,0.07363495,0.018198112,-0.04263076,0.03100419,0.1455849,0.0077510476,0.081386,0.0,0.011626571,0.034879714,-0.6239593,0.1472699,-0.029568326,0.6180183,-1.2122144,0.011351734,0.72039235,-1.2382778,0.007159148,0.70019245,-1.1604278,0.008538704,0.7454807,-1.2378218,0.0,0.0,0.0,0.0,0.0,0.0,0.0,0.0,0.0,0.0,0.0,0.0,0.0,0.0,0.0,0.0,-0.75785035,0.34945494,-0.812318,1.0006404,50.0,50.0,50.0,50.0,50.0,50.0,50.0,50.0,50.0,50.0,50.0,50.0,0.0,0.0,0.0,0.0,1.0,1.0,1.0,1.0,1.0,1.0,1.0,1.0,1.0,1.0,1.0,1.0,0.5,0.5,0.5,0.5
1788446248.3834648,19,16.22554799905629,6.005621000440442,10678797,1,0.0,0.0,0.0,-0.02995181,0.61948645,-1.3597031,0.037400186,0.73815835,-1.3872533,-0.041250527,0.6792573,-1.3254237,0.032833397,0.76939344,-1.344933,27.377033,31.698938,-44.137524,-6.2284513,-0.04263076,-0.0077510476,0.20624527,-0.0077510476,0.04263076,-0.030330187,-0.05813286,0.09301257,0.14154087,-0.015502095,0.023253143,0.0,-0.034879714,0.038755238,-0.64333695,0.58520406,-0.025817493,0.6156324,-1.2260339,0.0118323695,0.725133,-1.2212706,0.0028738668,0.68466526,-1.1499017,0.00486671,0.7602853,-1.2342799,0.0,0.0,0.0,0.0,0.0,0.0,0.0,0.0,0.0,0.0,0.0,0.0,0.0,0.0,0.0,0.0,-0.7827008,0.3278996,-0.6578639,1.1479175,50.0,50.0,50.0,50.0,50.0,50.0,50.0,50.0,50.0,50.0,50.0,50.0,0.0,0.0,0.0,0.0,1.0,1.0,1.0,1.0,1.0,1.0,1.0,1.0,1.0,1.0,1.0,1.0,0.5,0.5,0.5,0.5
1788446248.405524,20,18.21442999971623,7.915176000096835,10678817,1,0.0,0.0,0.0,-0.029860973,0.61918366,-1.3565279,0.037521295,0.7370684,-1.3869689,-0.041068852,0.6801051,-1.3224223,0.03313619,0.7687576,-1.3446803,27.377155,31.698938,-44.14915,-6.215432,0.0,-0.034879714,0.17793709,0.038755238,0.0,0.012132075,-0.019377619,0.027128667,0.2102893,-0.038755238,-0.054257333,-0.014154087,-0.05813286,0.054257333,-0.7130964,0.77122927,-0.022853393,0.61637974,-1.2385069,0.010264298,0.7301645,-1.2082832,-0.0007841657,0.6685794,-1.1355706,0.001697001,0.77555853,-1.2458782,0.0,0.0,0.0,0.0,0.0,0.0,0.0,0.0,0.0,0.0,0.0,0.0,0.0,0.0,0.0,0.0,-0.94862217,0.28069252,-0.59702736,1.1973352,50.0,50.0,50.0,50.0,50.0,50.0,50.0,50.0,50.0,50.0,50.0,50.0,0.0,0.0,0.0,0.0,1.0,1.0,1.0,1.0,1.0,1.0,1.0,1.0,1.0,1.0,1.0,1.0,0.5,0.5,0.5,0.5
1788446248.4255445,21,18.159518000175012,4.14201900093758,10678838,1,0.0,0.0,0.0,-0.029467463,0.618245,-1.354885,0.037188243,0.73700786,-1.3861316,-0.040917456,0.67974174,-1.3192945,0.033378422,0.7679098,-1.3443485,27.377245,31.699846,-44.15669,-6.204562,-0.038755238,-0.019377619,0.08492453,-0.065883905,-0.04263076,0.042462263,0.011626571,-0.07363495,0.14962892,0.015502095,-0.023253143,0.038418237,-0.04263076,0.06975943,-0.24028248,0.5658265,-0.021721542,0.6192053,-1.2390468,0.008409707,0.7280494,-1.2119848,0.0005507916,0.6653925,-1.1267087,-0.0009618858,0.776765,-1.2599406,0.0,0.0,0.0,0.0,0.0,0.0,0.0,0.0,0.0,0.0,0.0,0.0,0.0,0.0,0.0,0.0,-1.0796981,0.27842557,-0.43718043,1.1816208,50.0,50.0,50.0,50.0,50.0,50.0,50.0,50.0,50.0,50.0,50.0,50.0,0.0,0.0,0.0,0.0,1.0,1.0,1.0,1.0,1.0,1.0,1.0,1.0,1.0,1.0,1.0,1.0,0.5,0.5,0.5,0.5
1788446248.445429,22,17.970687000342878,5.362584999602404,10678858,1,0.0,0.0,0.0,-0.028771043,0.6177001,-1.353953,0.03624964,0.73752254,-1.3856261,-0.04152301,0.67647177,-1.3158349,0.03316647,0.7690301,-1.3441906,27.377155,31.699755,-44.15772,-6.19448,0.08526152,0.0,-0.0080880495,-0.11626572,0.0,0.020220125,-0.12014124,-0.2906643,0.21231131,-0.04263076,0.22478038,-0.0040440247,-0.015502095,0.046506286,-0.038755238,0.43018317,-0.021968665,0.62107074,-1.2261541,0.009388939,0.71599543,-1.22573,0.0029056675,0.6740905,-1.1248076,-0.0016296934,0.7652267,-1.2678324,0.0,0.0,0.0,0.0,0.0,0.0,0.0,0.0,0.0,0.0,0.0,0.0,0.0,0.0,0.0,0.0,-1.2896357,0.33141792,-0.39550382,1.0947764,50.0,50.0,50.0,50.0,50.0,50.0,50.0,50.0,50.0,50.0,50.0,50.0,0.0,0.0,0.0,0.0,1.0,1.0,1.0,1.0,1.0,1.0,1.0,1.0,1.0,1.0,1.0,1.0,0.5,0.5,0.5,0.5
1788446248.4643378,23,16.042572999140248,5.018972000470967,10678880,1,0.0,0.0,0.0,-0.02852881,0.6180028,-1.3534317,0.035946865,0.73764366,-1.3856261,-0.042370796,0.6727476,-1.311696,0.03237927,0.77018064,-1.3444906,27.376972,31.699724,-44.156628,-6.1859417,0.06200838,-0.0077510476,0.050550308,-0.05813286,0.06200838,0.010110063,-0.0038755238,-0.18602514,0.24061948,-0.038755238,0.10463915,-0.030330187,0.0,-0.019377619,-0.023253143,0.44956076,-0.02642971,0.61677605,-1.2047622,0.009534946,0.7013816,-1.2458867,0.005794734,0.6832535,-1.1352913,0.0012475085,0.75054437,-1.2642331,0.0,0.0,0.0,0.0,0.0,0.0,0.0,0.0,0.0,0.0,0.0,0.0,0.0,0.0,0.0,0.0,-1.5724368,0.48039764,-0.56558913,0.89349914,50.0,50.0,50.0,50.0,50.0,50.0,50.0,50.0,50.0,50.0,50.0,50.0,0.0,0.0,0.0,0.0,1.0,1.0,1.0,1.0,1.0,1.0,1.0,1.0,1.0,1.0,1.0,1.0,0.5,0.5,0.5,0.5
1788446248.4854617,24,16.839239000546513,5.941685998550383,10678900,1,0.0,0.0,0.0,-0.028256297,0.6186689,-1.3520257,0.036552414,0.73715925,-1.3857051,-0.04297632,0.672021,-1.307889,0.031077325,0.76800066,-1.3446013,27.37673,31.699907,-44.15569,-6.1801586,0.038755238,-0.034879714,0.056616347,0.12789229,-0.0038755238,0.028308174,-0.096888095,-0.10851467,0.22242136,-0.17439857,-0.054257333,-0.014154087,-0.065883905,0.09301257,0.0,0.2596601,-0.030921187,0.612204,-1.1868213,0.011417156,0.68935746,-1.2475885,0.0071663028,0.695276,-1.1620502,0.0059724846,0.73619014,-1.2407335,0.0,0.0,0.0,0.0,0.0,0.0,0.0,0.0,0.0,0.0,0.0,0.0,0.0,0.0,0.0,0.0,-1.5658724,0.8713136,-0.56327826,0.7967175,50.0,50.0,50.0,50.0,50.0,50.0,50.0,50.0,50.0,50.0,50.0,50.0,0.0,0.0,0.0,0.0,1.0,1.0,1.0,1.0,1.0,1.0,1.0,1.0,1.0,1.0,1.0,1.0,0.5,0.5,0.5,0.5
1788446248.507445,25,18.174300999817206,7.319595999433659,10678919,1,0.0,0.0,0.0,-0.028710485,0.6172459,-1.3500037,0.037279077,0.73673534,-1.3858947,-0.043551594,0.67038596,-1.3054563,0.030108452,0.7643068,-1.3445697,27.375732,31.701998,-44.156536,-6.176071,0.06200838,-0.10851467,0.0970566,0.06975943,-0.019377619,-0.0040440247,-0.065883905,-0.11239019,0.1455849,-0.065883905,0.027128667,-0.032352198,-0.08526152,0.24415801,-0.10851467,0.2751622,-0.02813809,0.5996125,-1.1849062,0.015102455,0.70424026,-1.2441374,0.0021975692,0.68932164,-1.1720546,0.0052472986,0.74125385,-1.2155082,0.0,0.0,0.0,0.0,0.0,0.0,0.0,0.0,0.0,0.0,0.0,0.0,0.0,0.0,0.0,0.0,-1.4501358,1.1132522,-0.4675144,0.7177646,50.0,50.0,50.0,50.0,50.0,50.0,50.0,50.0,50.0,50.0,50.0,50.0,0.0,0.0,0.0,0.0,1.0,1.0,1.0,1.0,1.0,1.0,1.0,1.0,1.0,1.0,1.0,1.0,0.5,0.5,0.5,0.5
1788446248.5554197,26,34.14644299846259,14.360857001520344,10678949,1,0.0,0.0,0.0,-0.029316068,0.6152173,-1.3456753,0.03806629,0.73455536,-1.3857367,-0.04364243,0.67056763,-1.3042873,0.029926777,0.7623993,-1.3437482,27.372158,31.71538,-44.16032,-6.1656256,0.04263076,-0.24803352,0.1941132,-0.0038755238,0.038755238,-0.020220125,-0.011626571,-0.038755238,-0.018198112,-0.019377619,0.054257333,0.09907861,-0.1782741,0.77122927,-0.22090487,0.60070616,-0.016432447,0.58266896,-1.214915,0.019730814,0.7393563,-1.220716,-0.0076025566,0.6540227,-1.1545539,-0.008663833,0.77917665,-1.2181973,0.0,0.0,0.0,0.0,0.0,0.0,0.0,0.0,0.0,0.0,0.0,0.0,0.0,0.0,0.0,0.0,-1.1804997,1.0209557,-0.34231877,0.89730453,50.0,50.0,50.0,50.0,50.0,50.0,50.0,50.0,50.0,50.0,50.0,50.0,0.0,0.0,0.0,0.0,1.0,1.0,1.0,1.0,1.0,1.0,1.0,1.0,1.0,1.0,1.0,1.0,0.5,0.5,0.5,0.5
1788446248.5733957,27,16.717447999326396,5.387768998843967,10678985,1,0.0,0.0,0.0,-0.029437184,0.6094948,-1.3391829,0.035946865,0.72983205,-1.3856419,-0.04333967,0.6740799,-1.3042241,0.030865371,0.75876606,-1.3425161,27.369738,31.740843,-44.16235,-6.1535144,0.0,-0.0077510476,0.21837734,-0.034879714,-0.12014124,-0.010110063,-0.023253143,0.06975943,-0.020220125,0.0038755238,-0.081386,0.060660373,-0.05813286,0.68596774,0.04263076,0.22478038,-0.0113357995,0.5842933,-1.2446663,0.018545428,0.751481,-1.1975034,-0.009784871,0.6326642,-1.1333904,-0.015527617,0.79526657,-1.235404,0.0,0.0,0.0,0.0,0.0,0.0,0.0,0.0,0.0,0.0,0.0,0.0,0.0,0.0,0.0,0.0,-1.0356452,0.7187983,0.08539328,0.87212193,50.0,50.0,50.0,50.0,50.0,50.0,50.0,50.0,50.0,50.0,50.0,50.0,0.0,0.0,0.0,0.0,1.0,1.0,1.0,1.0,1.0,1.0,1.0,1.0,1.0,1.0,1.0,1.0,0.5,0.5,0.5,0.5
1788446248.5919836,28,14.826612999968347,5.379289999837056,10679007,1,0.0,0.0,0.0,-0.028982997,0.6074662,-1.3375083,0.0342816,0.7306193,-1.3847257,-0.04336995,0.66853905,-1.3035449,0.030986488,0.76385266,-1.3417894,27.369978,31.753801,-44.1622,-6.149548,-0.0077510476,-0.06975943,0.076836474,-0.06975943,-0.18602514,-0.020220125,-0.023253143,-0.4379342,-0.0080880495,0.05813286,0.32941952,-0.0080880495,0.046506286,0.46118733,-0.0077510476,0.10851467,-0.011898749,0.60025865,-1.242795,0.01279729,0.7464708,-1.2054292,-0.0064547285,0.639441,-1.0997313,-0.013368644,0.78997564,-1.2666852,0.0,0.0,0.0,0.0,0.0,0.0,0.0,0.0,0.0,0.0,0.0,0.0,0.0,0.0,0.0,0.0,-1.2155789,0.37263185,-0.012012459,0.8377123,50.0,50.0,50.0,50.0,50.0,50.0,50.0,50.0,50.0,50.0,50.0,50.0,0.0,0.0,0.0,0.0,1.0,1.0,1.0,1.0,1.0,1.0,1.0,1.0,1.0,1.0,1.0,1.0,0.5,0.5,0.5,0.5
1788446248.6134305,29,16.199051999137737,5.865909999556607,10679028,1,0.0,0.0,0.0,-0.02925551,0.6069515,-1.3374926,0.033464108,0.7309826,-1.3835094,-0.04400578,0.663513,-1.3001801,0.030411243,0.76421595,-1.3421054,27.370039,31.755587,-44.15581,-6.149942,0.023253143,-0.05813286,0.036396224,-0.054257333,0.07363495,0.03437421,-0.034879714,-0.34492162,0.29723585,-0.077510476,0.034879714,0.016176099,0.0,-0.17052305,0.41080552,-0.0077510476,-0.022980765,0.62057304,-1.2105341,0.0048606615,0.69802356,-1.2414049,0.0050778743,0.6744516,-1.1094761,1.9975472e-05,0.74862796,-1.2645481,0.0,0.0,0.0,0.0,0.0,0.0,0.0,0.0,0.0,0.0,0.0,0.0,0.0,0.0,0.0,0.0,-1.4186788,-0.034877583,-0.2834688,0.89137137,50.0,50.0,50.0,50.0,50.0,50.0,50.0,50.0,50.0,50.0,50.0,50.0,0.0,0.0,0.0,0.0,1.0,1.0,1.0,1.0,1.0,1.0,1.0,1.0,1.0,1.0,1.0,1.0,0.5,0.5,0.5,0.5
1788446248.6315343,30,14.234394000595785,5.992917000185116,10679048,1,0.0,0.0,0.0,-0.02816546,0.6067698,-1.3375242,0.034251325,0.73071015,-1.3835883,-0.04479298,0.65673083,-1.2937349,0.029654264,0.76436734,-1.3433375,27.369738,31.753954,-44.14833,-6.1501236,0.1782741,-0.10463915,-0.014154087,0.11626572,-0.011626571,-0.028308174,-0.05038181,-0.3100419,0.31947798,-0.08526152,0.06200838,-0.036396224,-0.015502095,-0.05813286,0.2286559,0.038755238,-0.031779476,0.6149828,-1.1674676,0.0023430022,0.67680776,-1.2729137,0.010711832,0.69799143,-1.1325104,0.009797839,0.71875477,-1.2548109,0.0,0.0,0.0,0.0,0.0,0.0,0.0,0.0,0.0,0.0,0.0,0.0,0.0,0.0,0.0,0.0,-1.6137409,0.31101495,-0.76281893,0.77356803,50.0,50.0,50.0,50.0,50.0,50.0,50.0,50.0,50.0,50.0,50.0,50.0,0.0,0.0,0.0,0.0,1.0,1.0,1.0,1.0,1.0,1.0,1.0,1.0,1.0,1.0,1.0,1.0,0.5,0.5,0.5,0.5
1788446248.6555161,31,18.14566099892545,5.99746099942422,10679067,1,0.0,0.0,0.0,-0.027862668,0.60985816,-1.3368607,0.03525048,0.7247757,-1.3840148,-0.04512605,0.6578814,-1.290307,0.028503716,0.75746405,-1.3431796,27.369162,31.752771,-44.146545,-6.1494875,0.06975943,-0.3100419,0.0,0.08913705,0.0,0.056616347,-0.06975943,-0.28678876,0.15569495,-0.11239019,-0.0077510476,0.03437421,-0.10076362,-0.019377619,-0.27128667,0.10076362,-0.033252228,0.60589015,-1.1492122,0.007445283,0.6885969,-1.2792888,0.00875905,0.6990159,-1.1493671,0.010515804,0.71780884,-1.2193208,0.0,0.0,0.0,0.0,0.0,0.0,0.0,0.0,0.0,0.0,0.0,0.0,0.0,0.0,0.0,0.0,-1.3979921,0.46749228,-0.8368212,0.60172987,50.0,50.0,50.0,50.0,50.0,50.0,50.0,50.0,50.0,50.0,50.0,50.0,0.0,0.0,0.0,0.0,1.0,1.0,1.0,1.0,1.0,1.0,1.0,1.0,1.0,1.0,1.0,1.0,0.5,0.5,0.5,0.5
1788446248.6754963,32,18.056125998555217,6.015412998749525,10679088,1,0.0,0.0,0.0,-0.029921532,0.6073451,-1.3337171,0.03652214,0.7227168,-1.3843466,-0.045640767,0.6578208,-1.2883166,0.028261483,0.754618,-1.3428794,27.365408,31.75683,-44.154934,-6.1455517,0.06200838,-0.15502095,0.11727672,0.096888095,0.023253143,0.0080880495,-0.011626571,0.07363495,0.12334275,0.0077510476,0.0038755238,-0.014154087,-0.24415801,0.32941952,-0.51544464,0.36817476,-0.023491029,0.5805076,-1.1745747,0.015569411,0.70536524,-1.2446942,-0.0015754346,0.6678834,-1.1661344,0.0023893472,0.7443277,-1.1975857,0.0,0.0,0.0,0.0,0.0,0.0,0.0,0.0,0.0,0.0,0.0,0.0,0.0,0.0,0.0,0.0,-1.2495174,0.67232764,-0.5123983,0.72817576,50.0,50.0,50.0,50.0,50.0,50.0,50.0,50.0,50.0,50.0,50.0,50.0,0.0,0.0,0.0,0.0,1.0,1.0,1.0,1.0,1.0,1.0,1.0,1.0,1.0,1.0,1.0,1.0,0.5,0.5,0.5,0.5
1788446248.6934488,33,15.243570000166073,4.018498999357689,10679107,1,0.0,0.0,0.0,-0.029739857,0.60586154,-1.3309526,0.037218522,0.7225654,-1.384473,-0.04554993,0.6598191,-1.2876058,0.028533995,0.752105,-1.341742,27.362743,31.761278,-44.169525,-6.1375885,-0.046506286,-0.096888095,0.26488364,0.0,0.019377619,-0.0485283,-0.14339438,0.12401676,-0.014154087,0.03100419,-0.18990067,0.030330187,-0.10076362,0.2790377,-0.7983579,0.5503244,-0.013599621,0.5794795,-1.2195469,0.01909468,0.7256758,-1.1978316,-0.010999115,0.6387112,-1.1480232,-0.008903889,0.77323115,-1.1942184,0.0,0.0,0.0,0.0,0.0,0.0,0.0,0.0,0.0,0.0,0.0,0.0,0.0,0.0,0.0,0.0,-1.1813309,0.567446,-0.09045314,0.74250233,50.0,50.0,50.0,50.0,50.0,50.0,50.0,50.0,50.0,50.0,50.0,50.0,0.0,0.0,0.0,0.0,1.0,1.0,1.0,1.0,1.0,1.0,1.0,1.0,1.0,1.0,1.0,1.0,0.5,0.5,0.5,0.5
1788446248.7173371,34,18.76543400067021,5.916725000133738,10679130,1,0.0,0.0,0.0,-0.029013276,0.59668744,-1.3274615,0.036461584,0.7215966,-1.3834462,-0.04512605,0.66163576,-1.2877005,0.02904874,0.7509544,-1.340652,27.363136,31.765154,-44.183453,-6.1285357,0.05038181,-0.17052305,0.16580501,-0.096888095,-0.06975943,0.0040440247,0.0077510476,0.18990067,0.0,-0.019377619,-0.21702933,0.08492453,0.0,0.17052305,-0.3565482,0.35267267,-0.010711747,0.58856833,-1.2427084,0.01183475,0.746509,-1.188791,-0.013512081,0.6212047,-1.1054021,-0.016165974,0.79239976,-1.2280774,0.0,0.0,0.0,0.0,0.0,0.0,0.0,0.0,0.0,0.0,0.0,0.0,0.0,0.0,0.0,0.0,-1.269089,0.21286778,0.042098537,0.6552461,50.0,50.0,50.0,50.0,50.0,50.0,50.0,50.0,50.0,50.0,50.0,50.0,0.0,0.0,0.0,0.0,1.0,1.0,1.0,1.0,1.0,1.0,1.0,1.0,1.0,1.0,1.0,1.0,0.5,0.5,0.5,0.5
1788446248.7374794,35,18.297627999345423,5.930133998845122,10679150,1,0.0,0.0,0.0,-0.028226018,0.5964755,-1.326877,0.034463268,0.72214156,-1.3798128,-0.04594353,0.65633726,-1.2869422,0.028594553,0.75482994,-1.3393093,27.363379,31.76552,-44.18388,-6.126507,-0.023253143,-0.03100419,0.032352198,0.015502095,-0.06200838,0.10918867,-0.054257333,-0.034879714,0.0485283,0.011626571,-0.13951886,0.0040440247,-0.081386,0.011626571,0.1472699,-0.081386,-0.014138096,0.604548,-1.2293836,0.0040795603,0.72938335,-1.2143959,-0.004918595,0.63767725,-1.0846579,-0.010168056,0.7768418,-1.262939,0.0,0.0,0.0,0.0,0.0,0.0,0.0,0.0,0.0,0.0,0.0,0.0,0.0,0.0,0.0,0.0,-1.4357843,-0.16838178,0.067534104,0.7170391,50.0,50.0,50.0,50.0,50.0,50.0,50.0,50.0,50.0,50.0,50.0,50.0,0.0,0.0,0.0,0.0,1.0,1.0,1.0,1.0,1.0,1.0,1.0,1.0,1.0,1.0,1.0,1.0,0.5,0.5,0.5,0.5
1788446248.7535226,36,14.25791399924492,5.993300999762141,10679170,1,0.0,0.0,0.0,-0.029013276,0.59635437,-1.3262451,0.03246495,0.7237766,-1.379102,-0.04730603,0.6519773,-1.2830088,0.027474284,0.75588965,-1.339562,27.363287,31.764944,-44.17634,-6.127567,0.06975943,-0.10076362,0.0485283,-0.0038755238,0.0038755238,0.060660373,-0.162772,-0.31391743,0.28105974,-0.06200838,0.015502095,-0.0040440247,0.019377619,-0.05038181,0.37980133,-0.06975943,-0.02218029,0.61567867,-1.1963607,-0.0007981956,0.6978567,-1.2517761,0.005266233,0.66980344,-1.09139,-0.0027750148,0.7397612,-1.260607,0.0,0.0,0.0,0.0,0.0,0.0,0.0,0.0,0.0,0.0,0.0,0.0,0.0,0.0,0.0,0.0,-1.6711721,-0.07869348,-0.21463755,0.7330403,50.0,50.0,50.0,50.0,50.0,50.0,50.0,50.0,50.0,50.0,50.0,50.0,0.0,0.0,0.0,0.0,1.0,1.0,1.0,1.0,1.0,1.0,1.0,1.0,1.0,1.0,1.0,1.0,0.5,0.5,0.5,0.5
1788446248.7734776,37,14.140154999040533,5.8450779997656355,10679190,1,0.0,0.0,0.0,-0.02849853,0.59865546,-1.3258344,0.032888837,0.7219599,-1.3791809,-0.04772991,0.6487981,-1.2803233,0.026596248,0.75558686,-1.3409522,27.363014,31.76349,-44.168102,-6.128505,0.096888095,0.16664752,-0.028308174,0.0038755238,-0.019377619,0.0020220124,-0.0038755238,-0.26353562,0.10918867,-0.0077510476,0.054257333,-0.02426415,0.054257333,-0.03100419,0.2092783,0.13951886,-0.03077544,0.60256076,-1.1553985,-6.579608e-05,0.67234683,-1.2799615,0.009028321,0.6910314,-1.1276792,0.005199574,0.7143205,-1.2456052,0.0,0.0,0.0,0.0,0.0,0.0,0.0,0.0,0.0,0.0,0.0,0.0,0.0,0.0,0.0,0.0,-1.9384062,0.09603791,-0.5240215,0.57070357,50.0,50.0,50.0,50.0,50.0,50.0,50.0,50.0,50.0,50.0,50.0,50.0,0.0,0.0,0.0,0.0,1.0,1.0,1.0,1.0,1.0,1.0,1.0,1.0,1.0,1.0,1.0,1.0,0.5,0.5,0.5,0.5
1788446248.8114505,38,32.03957799996715,18.381211999439984,10679210,1,0.0,0.0,0.0,-0.028377414,0.6001693,-1.3249813,0.034039382,0.71753937,-1.3800657,-0.047972113,0.64982754,-1.2786489,0.025566816,0.7488047,-1.3409364,27.361591,31.763247,-44.16541,-6.127143,-0.0038755238,-0.06200838,0.044484273,0.15502095,0.027128667,0.018198112,-0.065883905,-0.08526152,0.10716666,-0.15502095,0.05038181,-0.020220125,-0.17052305,0.065883905,-0.13176781,0.17052305,-0.030193534,0.5835948,-1.1539878,0.008139975,0.68453705,-1.2613726,0.0019299355,0.6798125,-1.1507596,0.0038128314,0.7205654,-1.211977,0.0,0.0,0.0,0.0,0.0,0.0,0.0,0.0,0.0,0.0,0.0,0.0,0.0,0.0,0.0,0.0,-1.923207,0.56510514,-0.50915235,0.27993578,50.0,50.0,50.0,50.0,50.0,50.0,50.0,50.0,50.0,50.0,50.0,50.0,0.0,0.0,0.0,0.0,1.0,1.0,1.0,1.0,1.0,1.0,1.0,1.0,1.0,1.0,1.0,1.0,0.5,0.5,0.5,0.5
1788446248.8294036,39,16.718440001568524,5.900948999624234,10679241,1,0.0,0.0,0.0,-0.03037572,0.59726274,-1.3218219,0.03467521,0.7144208,-1.3806343,-0.047881305,0.651947,-1.278712,0.025657654,0.74468696,-1.340731,27.356264,31.767485,-44.17746,-6.122571,0.027128667,-0.10076362,0.032352198,-0.054257333,-0.011626571,0.0,-0.015502095,0.10851467,-0.026286162,0.019377619,-0.09301257,0.02426415,-0.19377619,0.15502095,-0.7363495,0.44568524,-0.0142798675,0.5633879,-1.2110034,0.018738184,0.7271182,-1.20196,-0.017027792,0.62875813,-1.1407276,-0.013027294,0.77458787,-1.1974994,0.0,0.0,0.0,0.0,0.0,0.0,0.0,0.0,0.0,0.0,0.0,0.0,0.0,0.0,0.0,0.0,-1.6150715,0.6466835,-0.35269582,0.24902645,50.0,50.0,50.0,50.0,50.0,50.0,50.0,50.0,50.0,50.0,50.0,50.0,0.0,0.0,0.0,0.0,1.0,1.0,1.0,1.0,1.0,1.0,1.0,1.0,1.0,1.0,1.0,1.0,0.5,0.5,0.5,0.5
1788446248.851544,40,18.428252000376233,7.864294999308186,10679264,1,0.0,0.0,0.0,-0.031223536,0.5930239,-1.3176515,0.033766884,0.7129675,-1.3804605,-0.04733631,0.65491414,-1.2789174,0.026475132,0.7417198,-1.3389617,27.351994,31.771029,-44.18842,-6.1180596,0.04263076,-0.44568524,0.2709497,-0.06975943,-0.08913705,-0.070770435,0.07363495,0.1782741,0.016176099,-0.0077510476,-0.2092783,0.0808805,-0.22090487,0.23253144,-0.40693003,0.046506286,-0.009691553,0.58338886,-1.2359554,0.017109655,0.7479666,-1.1833708,-0.01728715,0.61041176,-1.1057286,-0.01984788,0.7952634,-1.2129008,0.0,0.0,0.0,0.0,0.0,0.0,0.0,0.0,0.0,0.0,0.0,0.0,0.0,0.0,0.0,0.0,-1.357502,0.18457524,-0.09241935,0.33487213,50.0,50.0,50.0,50.0,50.0,50.0,50.0,50.0,50.0,50.0,50.0,50.0,0.0,0.0,0.0,0.0,1.0,1.0,1.0,1.0,1.0,1.0,1.0,1.0,1.0,1.0,1.0,1.0,0.5,0.5,0.5,0.5
1788446248.8714943,41,17.988830000831513,4.168801999185234,10679283,1,0.0,0.0,0.0,-0.030103207,0.58848226,-1.3168617,0.03267689,0.71572274,-1.377459,-0.048153788,0.6485559,-1.2788384,0.026232898,0.7484414,-1.3379823,27.351177,31.774027,-44.19078,-6.1178474,-0.046506286,-0.046506286,0.042462263,-0.046506286,-0.08526152,0.026286162,-0.12014124,0.065883905,0.014154087,0.019377619,-0.12789229,-0.0060660373,-0.019377619,0.11626572,0.027128667,0.0,-0.011008712,0.5983947,-1.2340004,0.008050917,0.71958387,-1.1930628,-0.01039198,0.6302279,-1.0924011,-0.013241215,0.7677836,-1.235259,0.0,0.0,0.0,0.0,0.0,0.0,0.0,0.0,0.0,0.0,0.0,0.0,0.0,0.0,0.0,0.0,-1.6481656,-0.32136264,0.03453917,0.38823563,50.0,50.0,50.0,50.0,50.0,50.0,50.0,50.0,50.0,50.0,50.0,50.0,0.0,0.0,0.0,0.0,1.0,1.0,1.0,1.0,1.0,1.0,1.0,1.0,1.0,1.0,1.0,1.0,0.5,0.5,0.5,0.5
1788446248.8915288,42,16.98407000003499,4.7423020005226135,10679304,1,0.0,0.0,0.0,-0.030739069,0.58948135,-1.3163404,0.031041905,0.71723664,-1.3762586,-0.04848683,0.64513457,-1.2772588,0.025899887,0.7506214,-1.3381245,27.351147,31.773542,-44.182335,-6.1238427,0.0077510476,-0.0077510476,0.038418237,-0.019377619,-0.0077510476,0.050550308,0.0,-0.20540276,0.16984905,-0.015502095,0.05038181,-0.014154087,-0.015502095,-0.08913705,0.6162083,-0.3759258,-0.020936683,0.6080833,-1.189462,-0.00077710394,0.69516957,-1.2482922,0.0013275493,0.66569376,-1.0915754,-0.0057728337,0.73012805,-1.2368654,0.0,0.0,0.0,0.0,0.0,0.0,0.0,0.0,0.0,0.0,0.0,0.0,0.0,0.0,0.0,0.0,-1.9250184,-0.3482887,-0.14428043,0.24462777,50.0,50.0,50.0,50.0,50.0,50.0,50.0,50.0,50.0,50.0,50.0,50.0,0.0,0.0,0.0,0.0,1.0,1.0,1.0,1.0,1.0,1.0,1.0,1.0,1.0,1.0,1.0,1.0,0.5,0.5,0.5,0.5
1788446248.911446,43,16.36029899964342,6.639600000198698,10679325,1,0.0,0.0,0.0,-0.030163765,0.59293306,-1.3164352,0.031132739,0.7140877,-1.3756267,-0.049697936,0.6420462,-1.274668,0.024749339,0.7507727,-1.3387564,27.350178,31.772451,-44.172676,-6.13011,0.12401676,0.27128667,-0.016176099,0.09301257,0.015502095,0.028308174,-0.14339438,-0.2790377,0.23859747,-0.10851467,0.038755238,-0.02426415,-0.10851467,0.038755238,0.25190905,-0.13176781,-0.029968644,0.58498657,-1.1398108,-0.0018732948,0.6780326,-1.2814949,0.0050249216,0.6867392,-1.1247625,-2.1824613e-05,0.70863307,-1.2399915,0.0,0.0,0.0,0.0,0.0,0.0,0.0,0.0,0.0,0.0,0.0,0.0,0.0,0.0,0.0,0.0,-2.116431,-0.09993762,-0.52735883,0.26076764,50.0,50.0,50.0,50.0,50.0,50.0,50.0,50.0,50.0,50.0,50.0,50.0,0.0,0.0,0.0,0.0,1.0,1.0,1.0,1.0,1.0,1.0,1.0,1.0,1.0,1.0,1.0,1.0,0.5,0.5,0.5,0.5
1788446248.9314008,44,16.242346999206347,7.870534998801304,10679346,1,0.0,0.0,0.0,-0.02998209,0.59296334,-1.3150293,0.031829122,0.7103636,-1.3770957,-0.050576,0.6423793,-1.270466,0.02290237,0.74341536,-1.3387249,27.345968,31.77239,-44.17116,-6.1305943,0.046506286,-0.05813286,-0.042462263,0.10076362,0.0038755238,0.052572325,-0.034879714,-0.35267267,0.17187107,-0.03100419,0.0077510476,0.010110063,-0.325544,-0.023253143,-0.18602514,0.09301257,-0.029907776,0.57287693,-1.1351409,0.0054317783,0.69015545,-1.2726959,-0.0006259773,0.6728058,-1.1448125,0.00070177834,0.7189034,-1.2130547,0.0,0.0,0.0,0.0,0.0,0.0,0.0,0.0,0.0,0.0,0.0,0.0,0.0,0.0,0.0,0.0,-1.8102491,0.272359,-0.56750995,0.21072832,50.0,50.0,50.0,50.0,50.0,50.0,50.0,50.0,50.0,50.0,50.0,50.0,0.0,0.0,0.0,0.0,1.0,1.0,1.0,1.0,1.0,1.0,1.0,1.0,1.0,1.0,1.0,1.0,0.5,0.5,0.5,0.5
1788446248.9493868,45,14.15554600134783,4.66617399979441,10679365,1,0.0,0.0,0.0,-0.030799627,0.58975387,-1.311317,0.03255578,0.7083956,-1.3776329,-0.050515443,0.64271235,-1.2697394,0.022448242,0.74135643,-1.3386774,27.335009,31.773088,-44.177185,-6.1298676,0.0,-0.10076362,0.2709497,0.05813286,-0.027128667,0.012132075,0.03100419,0.07363495,0.054594334,-0.038755238,0.0,-0.010110063,-0.6200838,0.19377619,-0.6162083,0.10463915,-0.021095777,0.568447,-1.1718605,0.012693988,0.7094282,-1.2331995,-0.0075688967,0.6494246,-1.1467377,-0.0064402577,0.74398494,-1.1868747,0.0,0.0,0.0,0.0,0.0,0.0,0.0,0.0,0.0,0.0,0.0,0.0,0.0,0.0,0.0,0.0,-1.5014751,0.09292863,-0.45046565,0.12381248,50.0,50.0,50.0,50.0,50.0,50.0,50.0,50.0,50.0,50.0,50.0,50.0,0.0,0.0,0.0,0.0,1.0,1.0,1.0,1.0,1.0,1.0,1.0,1.0,1.0,1.0,1.0,1.0,0.5,0.5,0.5,0.5
1788446248.973377,46,18.0743339988112,6.6277280002395855,10679385,1,0.0,0.0,0.0,-0.03137493,0.58487916,-1.3082998,0.032888837,0.7082442,-1.3772379,-0.05027321,0.64474094,-1.2698342,0.022932649,0.74096286,-1.3381877,27.325985,31.774782,-44.19048,-6.12578,0.0,-0.24803352,0.19613521,-0.015502095,-0.023253143,-0.03437421,-0.0038755238,0.17052305,0.018198112,0.0,-0.027128667,-0.014154087,-0.48444048,-0.019377619,-0.51156914,0.015502095,-0.013586155,0.5749838,-1.2076848,0.013023742,0.7289116,-1.2014468,-0.013828745,0.6242251,-1.1227244,-0.013711106,0.7681982,-1.1937459,0.0,0.0,0.0,0.0,0.0,0.0,0.0,0.0,0.0,0.0,0.0,0.0,0.0,0.0,0.0,0.0,-1.5018799,-0.36234066,-0.27287877,-0.019768346,50.0,50.0,50.0,50.0,50.0,50.0,50.0,50.0,50.0,50.0,50.0,50.0,0.0,0.0,0.0,0.0,1.0,1.0,1.0,1.0,1.0,1.0,1.0,1.0,1.0,1.0,1.0,1.0,0.5,0.5,0.5,0.5
1788446248.991376,47,16.004076998797245,5.975541000225348,10679406,1,0.0,0.0,0.0,-0.030769348,0.58490944,-1.3075256,0.031889677,0.7096672,-1.3751843,-0.050576,0.64443815,-1.2698342,0.02290237,0.7427795,-1.3371294,27.32323,31.774721,-44.195747,-6.126174,-0.11626572,0.015502095,0.04044025,-0.11626572,-0.023253143,-0.05863836,-0.054257333,0.019377619,-0.012132075,-0.038755238,0.023253143,0.0040440247,-0.04263076,0.09301257,-0.24803352,-0.011626571,-0.011918741,0.5797099,-1.221768,0.007899446,0.72480416,-1.1905113,-0.015426783,0.61946726,-1.0997595,-0.016060801,0.77361584,-1.2249358,0.0,0.0,0.0,0.0,0.0,0.0,0.0,0.0,0.0,0.0,0.0,0.0,0.0,0.0,0.0,0.0,-1.3640512,-0.7955679,-0.112847984,0.08222114,50.0,50.0,50.0,50.0,50.0,50.0,50.0,50.0,50.0,50.0,50.0,50.0,0.0,0.0,0.0,0.0,1.0,1.0,1.0,1.0,1.0,1.0,1.0,1.0,1.0,1.0,1.0,1.0,0.5,0.5,0.5,0.5
1788446249.0147574,48,19.308470000396483,5.9443099999043625,10679426,1,0.0,0.0,0.0,-0.031677723,0.58497,-1.3074151,0.030224413,0.7106967,-1.3746157,-0.051272362,0.63877624,-1.2689337,0.02253908,0.7468972,-1.3371135,27.323109,31.77339,-44.196472,-6.1286564,0.015502095,-0.0077510476,0.0485283,-0.027128667,0.0077510476,-0.0485283,0.03100419,-0.34879714,0.06268239,-0.011626571,-0.1472699,-0.064704396,-0.08913705,-0.06975943,0.077510476,-0.20540276,-0.014313839,0.5980811,-1.2095534,-0.00045034615,0.7189323,-1.2157383,-0.009623188,0.6348068,-1.0705079,-0.011784432,0.76266736,-1.2428398,0.0,0.0,0.0,0.0,0.0,0.0,0.0,0.0,0.0,0.0,0.0,0.0,0.0,0.0,0.0,0.0,-1.4061775,-0.7748033,-0.14675257,0.3379364,50.0,50.0,50.0,50.0,50.0,50.0,50.0,50.0,50.0,50.0,50.0,50.0,0.0,0.0,0.0,0.0,1.0,1.0,1.0,1.0,1.0,1.0,1.0,1.0,1.0,1.0,1.0,1.0,0.5,0.5,0.5,0.5
1788446249.037438,49,21.20781700068619,6.0483090001071105,10679445,1,0.0,0.0,0.0,-0.03216207,0.5851214,-1.3075889,0.029316086,0.7105453,-1.3744103,-0.051877916,0.6372018,-1.2674172,0.022115171,0.7478359,-1.3378402,27.322716,31.770544,-44.1939,-6.133713,0.0077510476,-0.05038181,0.0020220124,0.0,0.054257333,-0.018198112,-0.011626571,-0.15114543,0.0485283,-0.096888095,0.08913705,-0.036396224,-0.038755238,-0.25190905,0.16664752,-0.26741114,-0.021665063,0.6023533,-1.1780813,-0.004598848,0.6921314,-1.2443968,-0.0028042244,0.6591832,-1.0835916,-0.0049727885,0.7389393,-1.2500561,0.0,0.0,0.0,0.0,0.0,0.0,0.0,0.0,0.0,0.0,0.0,0.0,0.0,0.0,0.0,0.0,-1.7789114,-0.81108236,-0.38182998,0.40194255,50.0,50.0,50.0,50.0,50.0,50.0,50.0,50.0,50.0,50.0,50.0,50.0,0.0,0.0,0.0,0.0,1.0,1.0,1.0,1.0,1.0,1.0,1.0,1.0,1.0,1.0,1.0,1.0,0.5,0.5,0.5,0.5
1788446249.0555525,50,16.922151999096968,6.022740999469534,10679469,1,0.0,0.0,0.0,-0.031859398,0.58990526,-1.3076047,0.029225254,0.7103636,-1.3746157,-0.052967906,0.6364752,-1.2627097,0.020843506,0.7479872,-1.3385352,27.322594,31.766214,-44.18878,-6.136226,0.096888095,-0.027128667,-0.010110063,0.10076362,0.046506286,-0.022242136,-0.038755238,-0.09301257,0.36396223,-0.081386,-0.015502095,0.012132075,-0.054257333,-0.015502095,0.038755238,0.06975943,-0.029805515,0.59010595,-1.1427124,-0.00335796,0.6659879,-1.2628655,0.00070368685,0.67026955,-1.1180689,0.0029760129,0.71625584,-1.2408946,0.0,0.0,0.0,0.0,0.0,0.0,0.0,0.0,0.0,0.0,0.0,0.0,0.0,0.0,0.0,0.0,-2.0532682,-0.38411912,-0.7291137,0.42472038,50.0,50.0,50.0,50.0,50.0,50.0,50.0,50.0,50.0,50.0,50.0,50.0,0.0,0.0,0.0,0.0,1.0,1.0,1.0,1.0,1.0,1.0,1.0,1.0,1.0,1.0,1.0,1.0,0.5,0.5,0.5,0.5
1788446249.1074543,51,39.09738599941193,14.011163999384735,10679496,1,0.0,0.0,0.0,-0.030890465,0.58817947,-1.3070202,0.030587744,0.7064578,-1.3749948,-0.053452373,0.6339016,-1.2593133,0.019874632,0.74344563,-1.3385984,27.31772,31.763914,-44.188633,-6.134773,0.054257333,-0.027128667,0.07885849,0.015502095,-0.27128667,-0.06874842,0.019377619,0.05038181,-0.032352198,-0.05813286,-0.27128667,-0.022242136,-0.36817476,0.08526152,-0.162772,0.1472699,-0.030529384,0.58244216,-1.1446192,0.0018144674,0.6926107,-1.2605376,-0.0012501692,0.6668459,-1.1283576,-0.00074042054,0.723554,-1.2039918,0.0,0.0,0.0,0.0,0.0,0.0,0.0,0.0,0.0,0.0,0.0,0.0,0.0,0.0,0.0,0.0,-1.9337997,-0.07910624,-0.7234056,-0.022520032,50.0,50.0,50.0,50.0,50.0,50.0,50.0,50.0,50.0,50.0,50.0,50.0,0.0,0.0,0.0,0.0,1.0,1.0,1.0,1.0,1.0,1.0,1.0,1.0,1.0,1.0,1.0,1.0,0.5,0.5,0.5,0.5
1788446249.1253679,52,16.671848999976646,6.020853001245996,10679537,1,0.0,0.0,0.0,-0.03252542,0.5885428,-1.3003223,0.030466633,0.70300615,-1.3750105,-0.05239263,0.6384735,-1.2595029,0.020843506,0.7377231,-1.3383772,27.29698,31.766214,-44.207283,-6.129474,-0.05813286,0.06975943,0.19613521,0.0077510476,-0.046506286,0.014154087,0.034879714,0.16664752,-0.0060660373,0.019377619,-0.05813286,0.0080880495,-0.44956076,0.0,-0.6355859,0.12014124,-0.010875598,0.5430479,-1.2069173,0.015322987,0.727444,-1.1901612,-0.023714792,0.6019586,-1.1266949,-0.023220776,0.7836936,-1.2044581,0.0,0.0,0.0,0.0,0.0,0.0,0.0,0.0,0.0,0.0,0.0,0.0,0.0,0.0,0.0,0.0,-1.9554871,-0.13380326,-0.4840476,-0.17712203,50.0,50.0,50.0,50.0,50.0,50.0,50.0,50.0,50.0,50.0,50.0,50.0,0.0,0.0,0.0,0.0,1.0,1.0,1.0,1.0,1.0,1.0,1.0,1.0,1.0,1.0,1.0,1.0,0.5,0.5,0.5,0.5
1788446249.1445167,53,15.338962999521755,6.8644950006273575,10679559,1,0.0,0.0,0.0,-0.033766866,0.5880281,-1.2956147,0.02940692,0.7036723,-1.3751843,-0.050757647,0.64286375,-1.2596135,0.022750974,0.7349679,-1.3365449,27.28614,31.766214,-44.217697,-6.128959,-0.019377619,-0.0077510476,0.22646539,-0.05038181,-0.05038181,-0.060660373,0.11626572,0.2286559,0.014154087,0.04263076,-0.10851467,0.054594334,-0.6084572,0.038755238,-0.4224321,-0.019377619,-0.009176105,0.56557804,-1.2229584,0.013862435,0.7335198,-1.177938,-0.021145165,0.5954377,-1.0991781,-0.025953153,0.78790337,-1.2156533,0.0,0.0,0.0,0.0,0.0,0.0,0.0,0.0,0.0,0.0,0.0,0.0,0.0,0.0,0.0,0.0,-1.7516365,-0.17474301,-0.04089458,0.14681306,50.0,50.0,50.0,50.0,50.0,50.0,50.0,50.0,50.0,50.0,50.0,50.0,0.0,0.0,0.0,0.0,1.0,1.0,1.0,1.0,1.0,1.0,1.0,1.0,1.0,1.0,1.0,1.0,0.5,0.5,0.5,0.5
1788446249.165424,54,16.179885000383365,5.4058490004536,10679580,1,0.0,0.0,0.0,-0.03355491,0.58133674,-1.294825,0.028468316,0.70654863,-1.3713772,-0.051575154,0.63556683,-1.2593449,0.02214545,0.74311256,-1.3362288,27.277935,31.76552,-44.223118,-6.130746,0.038755238,-0.16664752,0.08694653,0.046506286,-0.11626572,0.0485283,-0.12401676,0.0077510476,0.056616347,-0.17439857,-0.10851467,-0.06874842,-0.23640695,-0.06975943,-0.1782741,-0.08913705,-0.012131425,0.59071726,-1.2116969,0.005504168,0.7086327,-1.1861641,-0.015245765,0.6262378,-1.0844492,-0.017386016,0.7641997,-1.229683,0.0,0.0,0.0,0.0,0.0,0.0,0.0,0.0,0.0,0.0,0.0,0.0,0.0,0.0,0.0,0.0,-1.7672539,-0.5720738,-0.08968506,0.21536347,50.0,50.0,50.0,50.0,50.0,50.0,50.0,50.0,50.0,50.0,50.0,50.0,0.0,0.0,0.0,0.0,1.0,1.0,1.0,1.0,1.0,1.0,1.0,1.0,1.0,1.0,1.0,1.0,0.5,0.5,0.5,0.5
1788446249.1854293,55,16.11274999959278,6.569872999534709,10679600,1,0.0,0.0,0.0,-0.03434205,0.5823964,-1.2943668,0.026651664,0.7067303,-1.3707296,-0.052574307,0.63135827,-1.256154,0.021116018,0.7453834,-1.3364027,27.276482,31.764883,-44.2147,-6.1387997,0.011626571,-0.07363495,0.0020220124,-0.0038755238,0.034879714,0.028308174,-0.10076362,-0.38755238,0.1941132,-0.14339438,0.16664752,-0.038418237,-0.065883905,-0.015502095,0.45343632,-0.39530346,-0.023085106,0.6014676,-1.1630132,-0.00024691783,0.67477053,-1.2428802,-0.0035282858,0.66371065,-1.1044116,-0.0073320977,0.7170698,-1.2138121,0.0,0.0,0.0,0.0,0.0,0.0,0.0,0.0,0.0,0.0,0.0,0.0,0.0,0.0,0.0,0.0,-1.8513789,-0.5210891,-0.20874158,0.02552446,50.0,50.0,50.0,50.0,50.0,50.0,50.0,50.0,50.0,50.0,50.0,50.0,0.0,0.0,0.0,0.0,1.0,1.0,1.0,1.0,1.0,1.0,1.0,1.0,1.0,1.0,1.0,1.0,0.5,0.5,0.5,0.5
1788446249.2062888,56,16.900775999602047,5.9002139987569535,10679620,1,0.0,0.0,0.0,-0.03364575,0.5864537,-1.2940825,0.026954439,0.70488334,-1.3703821,-0.054421246,0.6304499,-1.2528366,0.019087434,0.7459586,-1.3368765,27.274574,31.763155,-44.20483,-6.143765,0.05813286,0.15889648,-0.010110063,0.023253143,-0.04263076,0.0040440247,-0.12014124,-0.13564333,0.17389306,-0.16664752,0.05813286,-0.0020220124,-0.19377619,-0.15502095,0.31779295,-0.027128667,-0.032603115,0.5789288,-1.102967,-0.0010075159,0.66581696,-1.2821825,0.0022674592,0.6875167,-1.1353896,-0.004654196,0.6929193,-1.212994,0.0,0.0,0.0,0.0,0.0,0.0,0.0,0.0,0.0,0.0,0.0,0.0,0.0,0.0,0.0,0.0,-1.7752037,-0.1455937,-0.52842313,0.15861925,50.0,50.0,50.0,50.0,50.0,50.0,50.0,50.0,50.0,50.0,50.0,50.0,0.0,0.0,0.0,0.0,1.0,1.0,1.0,1.0,1.0,1.0,1.0,1.0,1.0,1.0,1.0,1.0,0.5,0.5,0.5,0.5
1788446249.225536,57,16.079725999588845,5.389816999013419,10679640,1,0.0,0.0,0.0,-0.033736587,0.5875133,-1.2927555,0.027438879,0.70058393,-1.3712509,-0.05611679,0.62966275,-1.2513359,0.016392708,0.73781395,-1.3366238,27.270548,31.762583,-44.2038,-6.1435533,0.0077510476,-0.14339438,-0.056616347,-0.011626571,0.19377619,0.044484273,-0.04263076,-0.13564333,-0.02426415,-0.06975943,0.15502095,0.0,-0.3565482,0.065883905,-0.1782741,0.11626572,-0.030834882,0.55806226,-1.0960748,0.007652366,0.6818356,-1.2780716,-0.0065236613,0.6700092,-1.1540976,-0.0057985308,0.709149,-1.192747,0.0,0.0,0.0,0.0,0.0,0.0,0.0,0.0,0.0,0.0,0.0,0.0,0.0,0.0,0.0,0.0,-1.5501462,0.103283,-0.64967126,-0.03199611,50.0,50.0,50.0,50.0,50.0,50.0,50.0,50.0,50.0,50.0,50.0,50.0,0.0,0.0,0.0,0.0,1.0,1.0,1.0,1.0,1.0,1.0,1.0,1.0,1.0,1.0,1.0,1.0,0.5,0.5,0.5,0.5
1788446249.2475293,58,17.037927000274067,7.902407000074163,10679660,1,0.0,0.0,0.0,-0.034947634,0.5845461,-1.2879374,0.02780221,0.7000087,-1.3720092,-0.05651039,0.63193357,-1.2516518,0.015514672,0.7355734,-1.3365765,27.261707,31.764399,-44.21355,-6.139859,-0.015502095,-0.065883905,0.34980816,0.05813286,-0.0038755238,0.018198112,-0.05813286,0.06975943,0.026286162,0.034879714,-0.05813286,0.0040440247,-0.45343632,0.19377619,-0.9456278,0.5038181,-0.019597447,0.543081,-1.1517433,0.011442268,0.71116596,-1.2268838,-0.015642593,0.6281524,-1.1488154,-0.017602498,0.7500772,-1.1798629,0.0,0.0,0.0,0.0,0.0,0.0,0.0,0.0,0.0,0.0,0.0,0.0,0.0,0.0,0.0,0.0,-1.3125391,-0.048733205,-0.44938493,0.03408339,50.0,50.0,50.0,50.0,50.0,50.0,50.0,50.0,50.0,50.0,50.0,50.0,0.0,0.0,0.0,0.0,1.0,1.0,1.0,1.0,1.0,1.0,1.0,1.0,1.0,1.0,1.0,1.0,0.5,0.5,0.5,0.5
1788446249.267511,59,16.875015999175957,5.2636740001617,10679681,1,0.0,0.0,0.0,-0.03506875,0.5771282,-1.2832458,0.028195817,0.6996151,-1.3718354,-0.055299282,0.63553655,-1.2518888,0.017210186,0.73408985,-1.3359603,27.25571,31.765638,-44.229023,-6.133622,0.05038181,0.027128667,0.29723585,-0.019377619,-0.06200838,-0.0080880495,0.054257333,0.13951886,0.026286162,0.096888095,-0.10851467,0.020220125,-0.13176781,-0.0077510476,-0.740225,0.027128667,-0.009116325,0.5526096,-1.2093883,0.0106553305,0.7331033,-1.1809446,-0.022849426,0.59152156,-1.1103797,-0.02486324,0.78489006,-1.1975278,0.0,0.0,0.0,0.0,0.0,0.0,0.0,0.0,0.0,0.0,0.0,0.0,0.0,0.0,0.0,0.0,-1.0651158,-0.70739186,-0.22270802,-0.03362717,50.0,50.0,50.0,50.0,50.0,50.0,50.0,50.0,50.0,50.0,50.0,50.0,0.0,0.0,0.0,0.0,1.0,1.0,1.0,1.0,1.0,1.0,1.0,1.0,1.0,1.0,1.0,1.0,0.5,0.5,0.5,0.5
1788446249.2854738,60,14.37916199938627,5.90078999994148,10679702,1,0.0,0.0,0.0,-0.03503847,0.57512987,-1.2804339,0.027014995,0.70146203,-1.3689445,-0.05433041,0.6340833,-1.2518414,0.018330455,0.739237,-1.33427,27.25553,31.765036,-44.23965,-6.1339855,-0.096888095,-0.027128667,0.050550308,-0.12014124,-0.054257333,0.052572325,0.023253143,-0.0077510476,0.0080880495,-0.03100419,-0.023253143,0.1273868,0.11239019,-0.015502095,-0.24415801,-0.06200838,-0.009191189,0.57879037,-1.2213119,-0.00071234256,0.73212993,-1.1886344,-0.019140959,0.5940457,-1.0640953,-0.020734835,0.78536737,-1.2387705,0.0,0.0,0.0,0.0,0.0,0.0,0.0,0.0,0.0,0.0,0.0,0.0,0.0,0.0,0.0,0.0,-0.913962,-1.2443526,-0.15128905,0.062334016,50.0,50.0,50.0,50.0,50.0,50.0,50.0,50.0,50.0,50.0,50.0,50.0,0.0,0.0,0.0,0.0,1.0,1.0,1.0,1.0,1.0,1.0,1.0,1.0,1.0,1.0,1.0,1.0,0.5,0.5,0.5,0.5
1788446249.3112686,61,20.10155399875657,7.887527999628219,10679722,1,0.0,0.0,0.0,-0.036400914,0.5753418,-1.2809868,0.024592793,0.70206755,-1.3664329,-0.055178165,0.62893605,-1.2498194,0.018058002,0.7412354,-1.3335118,27.25544,31.761976,-44.23962,-6.139193,-0.05813286,0.015502095,0.050550308,-0.06200838,0.0077510476,0.026286162,0.03100419,-0.21702933,0.15367295,-0.065883905,0.034879714,0.012132075,-0.027128667,-0.3410461,0.4185566,-0.41080552,-0.016152916,0.6031297,-1.1820577,-0.010820918,0.6977982,-1.2319528,-0.007251015,0.6335132,-1.0509555,-0.006713026,0.7493299,-1.2611263,0.0,0.0,0.0,0.0,0.0,0.0,0.0,0.0,0.0,0.0,0.0,0.0,0.0,0.0,0.0,0.0,-1.1558368,-1.3914436,-0.25034744,0.329856,50.0,50.0,50.0,50.0,50.0,50.0,50.0,50.0,50.0,50.0,50.0,50.0,0.0,0.0,0.0,0.0,1.0,1.0,1.0,1.0,1.0,1.0,1.0,1.0,1.0,1.0,1.0,1.0,0.5,0.5,0.5,0.5
1788446249.3274217,62,16.00305400097568,5.9014300004491815,10679741,1,0.0,0.0,0.0,-0.036703706,0.57773376,-1.281287,0.02301836,0.70258224,-1.3664329,-0.056268156,0.62321365,-1.2435006,0.01739186,0.7427795,-1.3350126,27.255106,31.753378,-44.229595,-6.146248,0.027128667,-0.05813286,0.0,0.05038181,0.12014124,0.014154087,-0.03100419,-0.46118733,0.31745595,-0.09301257,0.11626572,-0.044484273,-0.06200838,-0.7092209,0.39530346,-0.4728139,-0.023924801,0.6020607,-1.1437669,-0.011108134,0.6612491,-1.2605042,-0.00021531526,0.6626819,-1.0800818,-0.0011406913,0.7147593,-1.2441931,0.0,0.0,0.0,0.0,0.0,0.0,0.0,0.0,0.0,0.0,0.0,0.0,0.0,0.0,0.0,0.0,-1.6053367,-1.2434052,-0.5982886,0.30242518,50.0,50.0,50.0,50.0,50.0,50.0,50.0,50.0,50.0,50.0,50.0,50.0,0.0,0.0,0.0,0.0,1.0,1.0,1.0,1.0,1.0,1.0,1.0,1.0,1.0,1.0,1.0,1.0,0.5,0.5,0.5,0.5
1788446249.3503938,63,18.20278299965139,5.928725999183371,10679762,1,0.0,0.0,0.0,-0.035583496,0.5817909,-1.2805918,0.023987241,0.70100784,-1.3676965,-0.057055384,0.6224264,-1.2385246,0.016211033,0.74162894,-1.3360077,27.254803,31.740599,-44.22239,-6.152273,0.13176781,-0.29841533,-0.022242136,0.17052305,0.015502095,0.032352198,-0.065883905,-0.46118733,0.23657545,-0.11626572,0.065883905,-0.046506286,-0.096888095,-0.37980133,0.019377619,-0.077510476,-0.031759128,0.5867936,-1.10042,-0.005447182,0.6541187,-1.2729174,-0.00069727236,0.6735498,-1.1139059,0.0019431494,0.7051287,-1.2201306,0.0,0.0,0.0,0.0,0.0,0.0,0.0,0.0,0.0,0.0,0.0,0.0,0.0,0.0,0.0,0.0,-1.8012784,-0.48419654,-0.8665621,0.35341275,50.0,50.0,50.0,50.0,50.0,50.0,50.0,50.0,50.0,50.0,50.0,50.0,0.0,0.0,0.0,0.0,1.0,1.0,1.0,1.0,1.0,1.0,1.0,1.0,1.0,1.0,1.0,1.0,0.5,0.5,0.5,0.5
1788446249.3707094,64,18.008256000030087,5.955478000032599,10679781,1,0.0,0.0,0.0,-0.034887075,0.5799743,-1.279802,0.02559195,0.69885814,-1.3682494,-0.057782054,0.62091255,-1.2372608,0.015181601,0.7346954,-1.3358655,27.248203,31.7363,-44.225266,-6.1515765,0.07363495,-0.077510476,-0.0060660373,0.05038181,0.054257333,0.020220125,-0.13176781,-0.12014124,-0.0040440247,-0.08913705,0.10851467,0.0,-0.46893838,0.05813286,-0.31391743,0.13564333,-0.02571223,0.5629756,-1.1242728,0.005754757,0.67171293,-1.2425233,-0.010538805,0.64750534,-1.1323326,-0.0052818023,0.7223672,-1.1846576,0.0,0.0,0.0,0.0,0.0,0.0,0.0,0.0,0.0,0.0,0.0,0.0,0.0,0.0,0.0,0.0,-1.8861697,0.24036944,-0.78076184,0.08118447,50.0,50.0,50.0,50.0,50.0,50.0,50.0,50.0,50.0,50.0,50.0,50.0,0.0,0.0,0.0,0.0,1.0,1.0,1.0,1.0,1.0,1.0,1.0,1.0,1.0,1.0,1.0,1.0,0.5,0.5,0.5,0.5
1788446249.3874426,65,14.267322001614957,5.934357001024182,10679803,1,0.0,0.0,0.0,-0.036007404,0.5793687,-1.2756633,0.025834171,0.69788927,-1.3683916,-0.05832705,0.6241522,-1.2375451,0.014606357,0.7329393,-1.3353285,27.235092,31.74048,-44.239136,-6.14649,-0.054257333,-0.046506286,0.31543395,0.0,-0.065883905,-0.0080880495,0.027128667,0.19377619,-0.0020220124,0.034879714,-0.054257333,-0.03437421,-0.61233276,0.28291324,-1.0735201,0.38755238,-0.016216269,0.5559916,-1.1605772,0.013172466,0.70652175,-1.2051661,-0.020282526,0.6187824,-1.1245381,-0.021799233,0.75366324,-1.1720936,0.0,0.0,0.0,0.0,0.0,0.0,0.0,0.0,0.0,0.0,0.0,0.0,0.0,0.0,0.0,0.0,-1.7541772,0.44997036,-0.5234077,-0.11522055,50.0,50.0,50.0,50.0,50.0,50.0,50.0,50.0,50.0,50.0,50.0,50.0,0.0,0.0,0.0,0.0,1.0,1.0,1.0,1.0,1.0,1.0,1.0,1.0,1.0,1.0,1.0,1.0,0.5,0.5,0.5,0.5
1788446249.4087954,66,15.477745999305625,4.731389999506064,10679824,1,0.0,0.0,0.0,-0.035916567,0.57473624,-1.2739097,0.026167223,0.69682956,-1.3675228,-0.057842612,0.62633216,-1.2377347,0.015060484,0.73206127,-1.3336066,27.226524,31.74602,-44.255,-6.143069,-0.015502095,-0.35267267,0.036396224,0.027128667,-0.15114543,-0.07481446,-0.03100419,0.2092783,0.0,-0.03100419,-0.1782741,0.14356288,-0.3100419,0.17439857,-0.7867313,0.06200838,-0.010936605,0.565003,-1.1881138,0.009138504,0.7321669,-1.1821295,-0.023683477,0.5997399,-1.0932317,-0.030868083,0.77734166,-1.1944255,0.0,0.0,0.0,0.0,0.0,0.0,0.0,0.0,0.0,0.0,0.0,0.0,0.0,0.0,0.0,0.0,-1.6911433,-0.09233959,-0.34208107,-0.14140612,50.0,50.0,50.0,50.0,50.0,50.0,50.0,50.0,50.0,50.0,50.0,50.0,0.0,0.0,0.0,0.0,1.0,1.0,1.0,1.0,1.0,1.0,1.0,1.0,1.0,1.0,1.0,1.0,0.5,0.5,0.5,0.5
1788446249.42747,67,14.079900000069756,4.204322000077809,10679843,1,0.0,0.0,0.0,-0.03688538,0.57270765,-1.2736886,0.024683625,0.6983737,-1.3660064,-0.05826649,0.6236375,-1.237624,0.014212728,0.73578537,-1.3304945,27.22398,31.750109,-44.26457,-6.143432,-0.096888095,0.0,0.042462263,-0.077510476,-0.04263076,-0.044484273,0.0077510476,0.0077510476,0.028308174,-0.05038181,-0.19377619,0.17995912,-0.0038755238,0.10851467,-0.3759258,-0.015502095,-0.0125076445,0.569747,-1.1896442,4.8237853e-06,0.71012026,-1.1970313,-0.020133281,0.6038343,-1.084471,-0.024088496,0.7632324,-1.2234745,0.0,0.0,0.0,0.0,0.0,0.0,0.0,0.0,0.0,0.0,0.0,0.0,0.0,0.0,0.0,0.0,-1.5954092,-0.54004467,-0.19982703,0.027441941,50.0,50.0,50.0,50.0,50.0,50.0,50.0,50.0,50.0,50.0,50.0,50.0,0.0,0.0,0.0,0.0,1.0,1.0,1.0,1.0,1.0,1.0,1.0,1.0,1.0,1.0,1.0,1.0,0.5,0.5,0.5,0.5
1788446249.4474423,68,13.978973000121186,4.042178999952739,10679863,1,0.0,0.0,0.0,-0.037763476,0.5732224,-1.2738781,0.022806417,0.70022064,-1.3650901,-0.05896288,0.62003446,-1.2359496,0.013698041,0.73702675,-1.3297364,27.22392,31.748835,-44.264084,-6.1494875,0.015502095,0.054257333,0.044484273,0.046506286,0.06200838,-0.016176099,-0.015502095,-0.06975943,0.11727672,-0.13951886,0.1472699,0.010110063,-0.05038181,0.0,0.1782741,-0.51156914,-0.018006837,0.5773767,-1.1624258,-0.004191967,0.6956113,-1.2284414,-0.012233945,0.6288268,-1.0764093,-0.01883679,0.7405562,-1.2310601,0.0,0.0,0.0,0.0,0.0,0.0,0.0,0.0,0.0,0.0,0.0,0.0,0.0,0.0,0.0,0.0,-1.604485,-0.6350503,-0.2532114,0.1223851,50.0,50.0,50.0,50.0,50.0,50.0,50.0,50.0,50.0,50.0,50.0,50.0,0.0,0.0,0.0,0.0,1.0,1.0,1.0,1.0,1.0,1.0,1.0,1.0,1.0,1.0,1.0,1.0,0.5,0.5,0.5,0.5
1788446249.469463,69,15.010102000815095,5.929748998823925,10679884,1,0.0,0.0,0.0,-0.0375818,0.57331324,-1.2739255,0.022321977,0.6984645,-1.3651848,-0.05908397,0.61849034,-1.2347016,0.0137586,0.73808646,-1.3304629,27.22392,31.744265,-44.259933,-6.1578746,0.0038755238,-0.034879714,0.0040440247,0.027128667,0.0,-0.020220125,-0.038755238,-0.17439857,0.014154087,-0.023253143,0.034879714,0.0,-0.0038755238,-0.19765173,0.10851467,-0.34879714,-0.02732507,0.57874453,-1.1252875,-0.0077644624,0.68370473,-1.2642336,-0.005547547,0.6529051,-1.0867052,-0.010722925,0.72054017,-1.2253876,0.0,0.0,0.0,0.0,0.0,0.0,0.0,0.0,0.0,0.0,0.0,0.0,0.0,0.0,0.0,0.0,-1.7024848,-0.7116934,-0.52492493,0.023563989,50.0,50.0,50.0,50.0,50.0,50.0,50.0,50.0,50.0,50.0,50.0,50.0,0.0,0.0,0.0,0.0,1.0,1.0,1.0,1.0,1.0,1.0,1.0,1.0,1.0,1.0,1.0,1.0,0.5,0.5,0.5,0.5
1788446249.4894753,70,14.373177999004838,5.992757000058191,10679905,1,0.0,0.0,0.0,-0.036764264,0.5740398,-1.2737517,0.023230303,0.6971626,-1.3657377,-0.059205085,0.62091255,-1.2328218,0.013183296,0.736724,-1.3304945,27.22383,31.744051,-44.26036,-6.160054,0.05038181,0.027128667,0.020220125,-0.03100419,0.054257333,-0.056616347,-0.05813286,-0.18214962,0.14154087,-0.07363495,0.07363495,0.010110063,-0.038755238,-0.019377619,-0.162772,0.038755238,-0.027848944,0.56214714,-1.1201541,-0.0021838555,0.670698,-1.2545308,-0.0077221524,0.6456374,-1.1166848,-0.007975026,0.7189152,-1.2110553,0.0,0.0,0.0,0.0,0.0,0.0,0.0,0.0,0.0,0.0,0.0,0.0,0.0,0.0,0.0,0.0,-1.6280327,-0.46271926,-0.6435211,0.13512743,50.0,50.0,50.0,50.0,50.0,50.0,50.0,50.0,50.0,50.0,50.0,50.0,0.0,0.0,0.0,0.0,1.0,1.0,1.0,1.0,1.0,1.0,1.0,1.0,1.0,1.0,1.0,1.0,0.5,0.5,0.5,0.5
1788446249.5113707,71,16.195404999962193,6.700912999804132,10679925,1,0.0,0.0,0.0,-0.03661287,0.57485735,-1.2728198,0.023987241,0.69528544,-1.3668435,-0.05899316,0.6216997,-1.2318424,0.013213575,0.7313043,-1.3303998,27.223618,31.744234,-44.2639,-6.1597214,0.038755238,0.027128667,0.0020220124,0.023253143,0.04263076,0.012132075,-0.011626571,-0.027128667,0.038418237,-0.09301257,0.019377619,0.0020220124,-0.0077510476,0.015502095,-0.2596601,0.038755238,-0.022614252,0.5565792,-1.1349292,0.004332242,0.68677735,-1.2365034,-0.013722779,0.631053,-1.117177,-0.011636546,0.7328364,-1.1924824,0.0,0.0,0.0,0.0,0.0,0.0,0.0,0.0,0.0,0.0,0.0,0.0,0.0,0.0,0.0,0.0,-1.4578574,-0.25058013,-0.5389919,0.11452757,50.0,50.0,50.0,50.0,50.0,50.0,50.0,50.0,50.0,50.0,50.0,50.0,0.0,0.0,0.0,0.0,1.0,1.0,1.0,1.0,1.0,1.0,1.0,1.0,1.0,1.0,1.0,1.0,0.5,0.5,0.5,0.5
1788446249.5315332,72,16.285228999549872,5.959414000244578,10679946,1,0.0,0.0,0.0,-0.03661287,0.5700735,-1.2724723,0.024441404,0.6932871,-1.3666698,-0.05905369,0.62236583,-1.2320162,0.013274133,0.73024464,-1.3300997,27.223526,31.745264,-44.270985,-6.1591463,0.04263076,-0.38755238,0.020220125,-0.019377619,-0.019377619,0.020220125,0.011626571,0.027128667,0.014154087,-0.034879714,-0.05038181,-0.0060660373,0.077510476,0.06975943,-0.41468105,0.015502095,-0.01490766,0.5609439,-1.1646298,0.006722599,0.709273,-1.2016886,-0.021576015,0.609005,-1.1000106,-0.01960573,0.7606009,-1.1952616,0.0,0.0,0.0,0.0,0.0,0.0,0.0,0.0,0.0,0.0,0.0,0.0,0.0,0.0,0.0,0.0,-1.3942811,-0.4205314,-0.51551086,0.06486904,50.0,50.0,50.0,50.0,50.0,50.0,50.0,50.0,50.0,50.0,50.0,50.0,0.0,0.0,0.0,0.0,1.0,1.0,1.0,1.0,1.0,1.0,1.0,1.0,1.0,1.0,1.0,1.0,0.5,0.5,0.5,0.5
1788446249.5546823,73,19.362869999895338,6.702609000058146,10679965,1,0.0,0.0,0.0,-0.036824822,0.5686202,-1.2722669,0.024350572,0.69383204,-1.3665593,-0.05899316,0.6224264,-1.2320004,0.013576925,0.73054737,-1.3294678,27.223799,31.745443,-44.275166,-6.1588435,-0.07363495,0.019377619,0.028308174,0.06200838,-0.046506286,0.010110063,0.0,0.0,0.03437421,-0.04263076,0.038755238,-0.0060660373,-0.015502095,0.0,-0.054257333,0.0,-0.012002103,0.5650315,-1.1806254,0.003744,0.7008681,-1.1915851,-0.020928638,0.60178334,-1.0904045,-0.019230684,0.76138365,-1.2096785,0.0,0.0,0.0,0.0,0.0,0.0,0.0,0.0,0.0,0.0,0.0,0.0,0.0,0.0,0.0,0.0,-1.4532298,-0.691707,-0.17548734,0.22006057,50.0,50.0,50.0,50.0,50.0,50.0,50.0,50.0,50.0,50.0,50.0,50.0,0.0,0.0,0.0,0.0,1.0,1.0,1.0,1.0,1.0,1.0,1.0,1.0,1.0,1.0,1.0,1.0,0.5,0.5,0.5,0.5
1788446249.5742757,74,18.821050000042305,5.986420999761322,10679986,1,0.0,0.0,0.0,-0.037006497,0.5688019,-1.2723774,0.023623912,0.6958606,-1.3655167,-0.059235364,0.6180059,-1.2318267,0.0135163665,0.7352101,-1.3294046,27.223738,31.744898,-44.276134,-6.1589947,0.015502095,0.019377619,0.012132075,0.06200838,0.0077510476,0.0020220124,-0.06200838,-0.23640695,0.010110063,-0.019377619,0.0077510476,0.044484273,-0.054257333,-0.077510476,-0.034879714,-0.019377619,-0.013307297,0.57675236,-1.171981,-0.0021749572,0.69483054,-1.2096101,-0.016290003,0.6179968,-1.0693535,-0.01760541,0.7478189,-1.2212423,0.0,0.0,0.0,0.0,0.0,0.0,0.0,0.0,0.0,0.0,0.0,0.0,0.0,0.0,0.0,0.0,-1.5834835,-0.67433345,-0.2375596,0.3728394,50.0,50.0,50.0,50.0,50.0,50.0,50.0,50.0,50.0,50.0,50.0,50.0,0.0,0.0,0.0,0.0,1.0,1.0,1.0,1.0,1.0,1.0,1.0,1.0,1.0,1.0,1.0,1.0,0.5,0.5,0.5,0.5
1788446249.5895617,75,13.097218999973848,5.886901999474503,10680005,1,0.0,0.0,0.0,-0.03697622,0.56886244,-1.2724091,0.023321135,0.69495237,-1.3650743,-0.0593262,0.61558366,-1.231479,0.013576925,0.73626983,-1.3297048,27.223768,31.744566,-44.271744,-6.162295,-0.019377619,-0.034879714,-0.028308174,0.07363495,-0.027128667,0.038418237,-0.054257333,-0.12014124,0.06268239,-0.046506286,0.096888095,-0.044484273,-0.038755238,-0.015502095,0.19377619,-0.04263076,-0.019867927,0.57924944,-1.1462386,-0.006107379,0.67924124,-1.2369407,-0.011262972,0.63681513,-1.0774848,-0.012674695,0.730506,-1.2210839,0.0,0.0,0.0,0.0,0.0,0.0,0.0,0.0,0.0,0.0,0.0,0.0,0.0,0.0,0.0,0.0,-1.8006188,-0.71798563,-0.41251227,0.24184525,50.0,50.0,50.0,50.0,50.0,50.0,50.0,50.0,50.0,50.0,50.0,50.0,0.0,0.0,0.0,0.0,1.0,1.0,1.0,1.0,1.0,1.0,1.0,1.0,1.0,1.0,1.0,1.0,0.5,0.5,0.5,0.5
1788446249.6413262,76,36.2706870000693,6.749840000338736,10680035,1,0.0,0.0,0.0,-0.03618908,0.57113326,-1.2720773,0.02389641,0.69207597,-1.3656588,-0.059538156,0.61646175,-1.2264873,0.013183296,0.7331512,-1.3298943,27.223375,31.744596,-44.268593,-6.1615076,0.019377619,0.1472699,-0.014154087,0.10851467,-0.37980133,-0.06268239,-0.077510476,-0.05038181,0.16782704,-0.03100419,-0.2906643,0.0060660373,-0.077510476,0.038755238,-0.038755238,0.046506286,-0.027032917,0.5781274,-1.1262219,-0.0070930035,0.67082024,-1.2487892,-0.0061287265,0.64984846,-1.1046532,-0.00797583,0.7112415,-1.2003527,0.0,0.0,0.0,0.0,0.0,0.0,0.0,0.0,0.0,0.0,0.0,0.0,0.0,0.0,0.0,0.0,-1.8059466,-0.48619017,-0.47421604,0.1185514,50.0,50.0,50.0,50.0,50.0,50.0,50.0,50.0,50.0,50.0,50.0,50.0,0.0,0.0,0.0,0.0,1.0,1.0,1.0,1.0,1.0,1.0,1.0,1.0,1.0,1.0,1.0,1.0,0.5,0.5,0.5,0.5
1788446249.656791,77,14.545305000865483,4.394433000925346,10680073,1,0.0,0.0,0.0,-0.03509903,0.5714662,-1.2720773,0.02462307,0.69104654,-1.3654692,-0.05981064,0.61546254,-1.2248918,0.012517214,0.7307593,-1.3298469,27.220015,31.744719,-44.273922,-6.161296,0.011626571,-0.0077510476,-0.0040440247,0.011626571,-0.015502095,-0.02426415,-0.038755238,-0.0038755238,0.022242136,0.0,0.019377619,0.020220125,-0.162772,-0.0077510476,-0.13951886,0.019377619,-0.018430317,0.5485917,-1.1479542,0.0030708327,0.68911445,-1.2265824,-0.019256236,0.6158315,-1.1069673,-0.019983891,0.7419926,-1.1947341,0.0,0.0,0.0,0.0,0.0,0.0,0.0,0.0,0.0,0.0,0.0,0.0,0.0,0.0,0.0,0.0,-1.9174764,-0.41587687,-0.5667216,-0.14398442,50.0,50.0,50.0,50.0,50.0,50.0,50.0,50.0,50.0,50.0,50.0,50.0,0.0,0.0,0.0,0.0,1.0,1.0,1.0,1.0,1.0,1.0,1.0,1.0,1.0,1.0,1.0,1.0,0.5,0.5,0.5,0.5
1788446249.6774135,78,14.86098200075503,5.406010001024697,10680094,1,0.0,0.0,0.0,-0.035916567,0.57152677,-1.2712084,0.024532236,0.68980515,-1.365722,-0.059507877,0.6163709,-1.2251287,0.012789667,0.7265204,-1.3294835,27.217684,31.74505,-44.276043,-6.1613564,-0.019377619,-0.023253143,0.09301257,-0.023253143,-0.027128667,0.046506286,0.046506286,-0.0077510476,0.030330187,0.019377619,-0.023253143,0.02426415,-0.12401676,0.05038181,-0.19765173,0.08526152,-0.016762523,0.5462491,-1.1556778,0.006465306,0.7006596,-1.2148489,-0.021756424,0.6024146,-1.0999633,-0.024245042,0.7554355,-1.2032403,0.0,0.0,0.0,0.0,0.0,0.0,0.0,0.0,0.0,0.0,0.0,0.0,0.0,0.0,0.0,0.0,-1.7665818,-0.50192297,-0.36132202,-0.04771458,50.0,50.0,50.0,50.0,50.0,50.0,50.0,50.0,50.0,50.0,50.0,50.0,0.0,0.0,0.0,0.0,1.0,1.0,1.0,1.0,1.0,1.0,1.0,1.0,1.0,1.0,1.0,1.0,0.5,0.5,0.5,0.5
1788446249.6994443,79,16.283659999317024,5.978037001113989,10680114,1,0.0,0.0,0.0,-0.03609824,0.5643208,-1.27124,0.024562515,0.69065297,-1.365564,-0.06014368,0.6142212,-1.2251129,0.012244701,0.7314254,-1.3290728,27.216017,31.74508,-44.28028,-6.1615076,0.03100419,-0.015502095,0.0040440247,0.05038181,-0.077510476,0.0040440247,-0.011626571,-0.04263076,0.012132075,0.027128667,0.05813286,-0.0080880495,-0.08526152,0.015502095,-0.24415801,-0.054257333,-0.014398663,0.55920684,-1.1703254,0.004969545,0.6949559,-1.1990131,-0.020105947,0.60590315,-1.0861282,-0.021225266,0.7504676,-1.206972,0.0,0.0,0.0,0.0,0.0,0.0,0.0,0.0,0.0,0.0,0.0,0.0,0.0,0.0,0.0,0.0,-1.7223501,-0.6425721,-0.21499798,-0.034286864,50.0,50.0,50.0,50.0,50.0,50.0,50.0,50.0,50.0,50.0,50.0,50.0,0.0,0.0,0.0,0.0,1.0,1.0,1.0,1.0,1.0,1.0,1.0,1.0,1.0,1.0,1.0,1.0,0.5,0.5,0.5,0.5
1788446249.7194693,80,16.234349001024384,5.4284100006043445,10680133,1,0.0,0.0,0.0,-0.036431193,0.56383634,-1.2710347,0.024199184,0.69165206,-1.3653111,-0.0601134,0.611042,-1.2249707,0.012093306,0.7326365,-1.3291044,27.216139,31.744959,-44.280373,-6.1627793,-0.054257333,0.054257333,0.050550308,0.0,0.038755238,0.0020220124,0.04263076,-0.077510476,0.022242136,-0.011626571,0.10463915,-0.016176099,-0.0077510476,0.011626571,0.10851467,-0.11239019,-0.015809055,0.5695893,-1.1614748,0.0012385729,0.6877777,-1.2234627,-0.015154745,0.61905605,-1.0790207,-0.018701093,0.7382053,-1.2076329,0.0,0.0,0.0,0.0,0.0,0.0,0.0,0.0,0.0,0.0,0.0,0.0,0.0,0.0,0.0,0.0,-1.7373908,-0.90057725,-0.21817632,-0.083611175,50.0,50.0,50.0,50.0,50.0,50.0,50.0,50.0,50.0,50.0,50.0,50.0,0.0,0.0,0.0,0.0,1.0,1.0,1.0,1.0,1.0,1.0,1.0,1.0,1.0,1.0,1.0,1.0,0.5,0.5,0.5,0.5
1788446249.7407439,81,17.431877000490203,5.9338449991628295,10680154,1,0.0,0.0,0.0,-0.03621936,0.5641997,-1.2709715,0.024199184,0.6911071,-1.3647583,-0.060385913,0.6107695,-1.2243073,0.01194191,0.7325457,-1.3291992,27.216017,31.74478,-44.28013,-6.1631126,0.011626571,-0.011626571,0.022242136,0.07363495,-0.034879714,0.03437421,-0.09301257,-0.05038181,0.052572325,-0.046506286,0.03100419,-0.016176099,-0.07363495,0.015502095,0.019377619,0.09301257,-0.021631118,0.5680151,-1.1348248,-0.0026622573,0.67614114,-1.2387489,-0.011223398,0.63469255,-1.0896504,-0.014513342,0.7239657,-1.2146966,0.0,0.0,0.0,0.0,0.0,0.0,0.0,0.0,0.0,0.0,0.0,0.0,0.0,0.0,0.0,0.0,-1.8248024,-0.7846466,-0.48240545,0.08612655,50.0,50.0,50.0,50.0,50.0,50.0,50.0,50.0,50.0,50.0,50.0,50.0,0.0,0.0,0.0,0.0,1.0,1.0,1.0,1.0,1.0,1.0,1.0,1.0,1.0,1.0,1.0,1.0,0.5,0.5,0.5,0.5
1788446249.7634602,82,19.314998999107047,6.865839000965934,10680174,1,0.0,0.0,0.0,-0.03579545,0.5651382,-1.2709557,0.024441404,0.6903502,-1.3650743,-0.060628146,0.6113751,-1.2230909,0.011366665,0.73133457,-1.3292308,27.215805,31.744444,-44.280403,-6.163052,0.05038181,0.015502095,0.018198112,0.034879714,0.038755238,0.0,-0.077510476,-0.11239019,0.07481446,-0.096888095,-0.054257333,0.0080880495,-0.038755238,0.0077510476,-0.019377619,0.09301257,-0.021714766,0.55925024,-1.1303025,-0.0015113153,0.6748051,-1.2432007,-0.013193596,0.63077736,-1.1023142,-0.011912337,0.7235854,-1.2048558,0.0,0.0,0.0,0.0,0.0,0.0,0.0,0.0,0.0,0.0,0.0,0.0,0.0,0.0,0.0,0.0,-1.7969495,-0.6525849,-0.5867919,0.11885557,50.0,50.0,50.0,50.0,50.0,50.0,50.0,50.0,50.0,50.0,50.0,50.0,0.0,0.0,0.0,0.0,1.0,1.0,1.0,1.0,1.0,1.0,1.0,1.0,1.0,1.0,1.0,1.0,0.5,0.5,0.5,0.5
1788446249.7833874,83,18.66345199960051,4.071362998729455,10680193,1,0.0,0.0,0.0,-0.035613775,0.5651988,-1.2704028,0.024713902,0.6887757,-1.3652006,-0.060779512,0.61155677,-1.2227907,0.011003315,0.72860956,-1.3293256,27.21529,31.744535,-44.281643,-6.1627493,0.05813286,-0.065883905,0.0060660373,0.06975943,0.023253143,-0.0040440247,-0.09301257,-0.09301257,-0.012132075,0.0,-0.2092783,-0.02426415,-0.046506286,0.027128667,-0.15502095,0.015502095,-0.0192563,0.5585828,-1.1402208,0.0005026371,0.68741125,-1.236042,-0.014527135,0.6222506,-1.100219,-0.015951587,0.73425925,-1.1916339,0.0,0.0,0.0,0.0,0.0,0.0,0.0,0.0,0.0,0.0,0.0,0.0,0.0,0.0,0.0,0.0,-1.6806295,-0.5480583,-0.58860683,0.12716942,50.0,50.0,50.0,50.0,50.0,50.0,50.0,50.0,50.0,50.0,50.0,50.0,0.0,0.0,0.0,0.0,1.0,1.0,1.0,1.0,1.0,1.0,1.0,1.0,1.0,1.0,1.0,1.0,0.5,0.5,0.5,0.5
1788446249.8015733,84,16.32951600004162,4.179874998953892,10680216,1,0.0,0.0,0.0,-0.035613775,0.563473,-1.2701501,0.024683625,0.68823075,-1.3652006,-0.060961187,0.6118293,-1.2228698,0.011094153,0.7267021,-1.3292466,27.214565,31.744719,-44.287277,-6.1621437,-0.0038755238,-0.162772,0.016176099,-0.019377619,0.0,0.0060660373,-0.03100419,0.0,0.016176099,0.023253143,-0.0077510476,-0.032352198,-0.096888095,0.06975943,-0.4728139,0.038755238,-0.014706327,0.5559826,-1.1578084,0.0030497801,0.6957156,-1.2160811,-0.020199953,0.6069302,-1.093193,-0.02011221,0.7497841,-1.1992136,0.0,0.0,0.0,0.0,0.0,0.0,0.0,0.0,0.0,0.0,0.0,0.0,0.0,0.0,0.0,0.0,-1.7820424,-0.659848,-0.60712445,0.012489185,50.0,50.0,50.0,50.0,50.0,50.0,50.0,50.0,50.0,50.0,50.0,50.0,0.0,0.0,0.0,0.0,1.0,1.0,1.0,1.0,1.0,1.0,1.0,1.0,1.0,1.0,1.0,1.0,0.5,0.5,0.5,0.5
1788446249.8234143,85,18.097983000188833,4.128579001189792,10680235,1,0.0,0.0,0.0,-0.035734892,0.5620197,-1.2701026,0.024653347,0.688473,-1.3652165,-0.060749233,0.6119807,-1.2228698,0.01121527,0.72812515,-1.3289149,27.213928,31.744688,-44.292606,-6.1621737,0.019377619,-0.081386,0.012132075,0.081386,-0.081386,0.018198112,-0.06200838,-0.054257333,0.010110063,-0.046506286,0.10076362,-0.038418237,-0.019377619,0.0,-0.1782741,0.05038181,-0.01291154,0.5593301,-1.170443,0.0021331036,0.69763356,-1.2036253,-0.020354092,0.60045075,-1.0836809,-0.021629376,0.7568054,-1.2140341,0.0,0.0,0.0,0.0,0.0,0.0,0.0,0.0,0.0,0.0,0.0,0.0,0.0,0.0,0.0,0.0,-1.8221653,-0.71910894,-0.40277913,0.13764068,50.0,50.0,50.0,50.0,50.0,50.0,50.0,50.0,50.0,50.0,50.0,50.0,0.0,0.0,0.0,0.0,1.0,1.0,1.0,1.0,1.0,1.0,1.0,1.0,1.0,1.0,1.0,1.0,0.5,0.5,0.5,0.5
1788446249.8413293,86,15.944527000101516,4.622366999683436,10680256,1,0.0,0.0,0.0,-0.035886288,0.56180775,-1.2702132,0.02438085,0.68889683,-1.365027,-0.060718954,0.61101174,-1.2228382,0.011457503,0.72994184,-1.3289465,27.213474,31.744596,-44.2946,-6.1625676,0.0,-0.05813286,0.030330187,0.011626571,-0.034879714,-0.0040440247,0.015502095,-0.038755238,0.0080880495,0.04263076,0.0038755238,-0.028308174,-0.06975943,-0.019377619,-0.046506286,-0.038755238,-0.014441483,0.57004327,-1.1664886,-0.002494452,0.69183177,-1.2186735,-0.016912665,0.6128364,-1.0689745,-0.017168293,0.7430699,-1.2181673,0.0,0.0,0.0,0.0,0.0,0.0,0.0,0.0,0.0,0.0,0.0,0.0,0.0,0.0,0.0,0.0,-1.9113469,-0.78272164,-0.43446988,0.04222896,50.0,50.0,50.0,50.0,50.0,50.0,50.0,50.0,50.0,50.0,50.0,50.0,0.0,0.0,0.0,0.0,1.0,1.0,1.0,1.0,1.0,1.0,1.0,1.0,1.0,1.0,1.0,1.0,0.5,0.5,0.5,0.5
1788446249.865471,87,19.31166999929701,6.878286998471594,10680276,1,0.0,0.0,0.0,-0.03582573,0.5618683,-1.2702923,0.024290016,0.68904823,-1.3647109,-0.06080979,0.6093768,-1.222775,0.011336386,0.7306685,-1.329294,27.212687,31.744505,-44.294117,-6.162931,0.015502095,-0.038755238,0.020220125,0.08526152,0.09301257,-0.018198112,-0.05813286,-0.15889648,-0.010110063,-0.038755238,0.011626571,0.0020220124,-0.09301257,0.038755238,0.08526152,0.06200838,-0.01740505,0.5716709,-1.1497254,-0.0037551713,0.6761126,-1.2347641,-0.013699999,0.6254795,-1.0739717,-0.014032299,0.73015827,-1.2175143,0.0,0.0,0.0,0.0,0.0,0.0,0.0,0.0,0.0,0.0,0.0,0.0,0.0,0.0,0.0,0.0,-2.090086,-0.78476816,-0.5579765,0.096093975,50.0,50.0,50.0,50.0,50.0,50.0,50.0,50.0,50.0,50.0,50.0,50.0,0.0,0.0,0.0,0.0,1.0,1.0,1.0,1.0,1.0,1.0,1.0,1.0,1.0,1.0,1.0,1.0,0.5,0.5,0.5,0.5
1788446249.8866513,88,19.897490999937872,4.847805999816046,10680296,1,0.0,0.0,0.0,-0.035583496,0.56353354,-1.2702923,0.024259739,0.6885638,-1.3648216,-0.061052024,0.6094676,-1.2218113,0.011154711,0.72994184,-1.3293571,27.210567,31.744444,-44.293877,-6.1628704,0.06975943,0.12014124,0.014154087,0.0077510476,0.015502095,-0.0060660373,-0.13951886,-0.081386,0.14962892,-0.054257333,0.038755238,0.0040440247,-0.2596601,-0.023253143,-0.05813286,0.03100419,-0.02032825,0.5634681,-1.13672,-0.0025688703,0.6680046,-1.2394824,-0.013056466,0.630697,-1.092264,-0.011046332,0.7210341,-1.2108309,0.0,0.0,0.0,0.0,0.0,0.0,0.0,0.0,0.0,0.0,0.0,0.0,0.0,0.0,0.0,0.0,-2.1183753,-0.5773013,-0.62014025,0.14092699,50.0,50.0,50.0,50.0,50.0,50.0,50.0,50.0,50.0,50.0,50.0,50.0,0.0,0.0,0.0,0.0,1.0,1.0,1.0,1.0,1.0,1.0,1.0,1.0,1.0,1.0,1.0,1.0,0.5,0.5,0.5,0.5
1788446249.903376,89,16.025357999751577,5.910742000196478,10680317,1,0.0,0.0,0.0,-0.035159588,0.56565297,-1.2701817,0.024774456,0.68623245,-1.3649952,-0.06123367,0.6091043,-1.2206107,0.01085192,0.7283371,-1.3293571,27.205027,31.744596,-44.2946,-6.1627793,0.034879714,0.0038755238,0.014154087,0.038755238,0.12014124,0.036396224,-0.08526152,-0.0077510476,0.030330187,-0.054257333,-0.023253143,-0.014154087,-0.46118733,0.03100419,-0.077510476,0.06975943,-0.019269772,0.5541219,-1.1385558,0.0016292506,0.67440784,-1.2320466,-0.01666119,0.62126005,-1.1001704,-0.01501991,0.7293238,-1.2016748,0.0,0.0,0.0,0.0,0.0,0.0,0.0,0.0,0.0,0.0,0.0,0.0,0.0,0.0,0.0,0.0,-2.0989532,-0.42340225,-0.71670544,0.10828767,50.0,50.0,50.0,50.0,50.0,50.0,50.0,50.0,50.0,50.0,50.0,50.0,0.0,0.0,0.0,0.0,1.0,1.0,1.0,1.0,1.0,1.0,1.0,1.0,1.0,1.0,1.0,1.0,0.5,0.5,0.5,0.5
1788446249.9234152,90,15.993582999726641,4.767230000652489,10680338,1,0.0,0.0,0.0,-0.035159588,0.5648657,-1.2700237,0.024835013,0.6851424,-1.3650427,-0.06126395,0.60943735,-1.2206266,0.010791361,0.72582406,-1.3292782,27.196428,31.744719,-44.2973,-6.1623254,0.034879714,-0.07363495,0.018198112,0.0,0.011626571,0.010110063,-0.015502095,-0.038755238,0.032352198,-0.06200838,-0.21315381,0.0,-0.5890796,0.019377619,-0.16664752,-0.019377619,-0.0160442,0.5584892,-1.1565325,0.0038167615,0.6955466,-1.2194428,-0.020091577,0.6106511,-1.0933604,-0.020697948,0.74419326,-1.1902084,0.0,0.0,0.0,0.0,0.0,0.0,0.0,0.0,0.0,0.0,0.0,0.0,0.0,0.0,0.0,0.0,-1.9555694,-0.43008807,-0.5908654,-0.051420443,50.0,50.0,50.0,50.0,50.0,50.0,50.0,50.0,50.0,50.0,50.0,50.0,0.0,0.0,0.0,0.0,1.0,1.0,1.0,1.0,1.0,1.0,1.0,1.0,1.0,1.0,1.0,1.0,0.5,0.5,0.5,0.5
1788446249.9434109,91,15.272884000296472,5.817174000185332,10680357,1,0.0,0.0,0.0,-0.03540182,0.5631702,-1.2699605,0.0249864,0.68520296,-1.3650111,-0.06126395,0.6093768,-1.2207055,0.01085192,0.7263993,-1.3291519,27.18695,31.745111,-44.30075,-6.162295,0.0,-0.023253143,0.020220125,0.0038755238,-0.023253143,-0.016176099,-0.06200838,0.0,-0.032352198,0.0038755238,0.10851467,-0.0080880495,-0.3410461,0.065883905,-0.19377619,0.0038755238,-0.013558775,0.5550473,-1.1642294,0.0048093204,0.6931916,-1.2079465,-0.021804923,0.60498196,-1.0923412,-0.022460291,0.749318,-1.2014982,0.0,0.0,0.0,0.0,0.0,0.0,0.0,0.0,0.0,0.0,0.0,0.0,0.0,0.0,0.0,0.0,-1.9992247,-0.5589872,-0.45426464,-0.009745024,50.0,50.0,50.0,50.0,50.0,50.0,50.0,50.0,50.0,50.0,50.0,50.0,0.0,0.0,0.0,0.0,1.0,1.0,1.0,1.0,1.0,1.0,1.0,1.0,1.0,1.0,1.0,1.0,0.5,0.5,0.5,0.5
1788446249.9635198,92,15.004884999143542,5.712504000257468,10680380,1,0.0,0.0,0.0,-0.035644054,0.56426024,-1.2700394,0.024804734,0.6870196,-1.3649479,-0.061324507,0.6084684,-1.2206423,0.010761082,0.72761047,-1.3288833,27.18147,31.744837,-44.30202,-6.16284,-0.019377619,-0.054257333,0.010110063,0.027128667,0.011626571,-0.0080880495,-0.038755238,-0.04263076,0.032352198,0.019377619,0.0038755238,-0.020220125,-0.18990067,0.0077510476,-0.06200838,-0.06200838,-0.014011346,0.5635153,-1.1626195,0.001798159,0.6969816,-1.2199273,-0.018358765,0.6110747,-1.0805227,-0.02265696,0.74261266,-1.2024242,0.0,0.0,0.0,0.0,0.0,0.0,0.0,0.0,0.0,0.0,0.0,0.0,0.0,0.0,0.0,0.0,-1.9221392,-0.7117897,-0.42525947,-0.022083707,50.0,50.0,50.0,50.0,50.0,50.0,50.0,50.0,50.0,50.0,50.0,50.0,0.0,0.0,0.0,0.0,1.0,1.0,1.0,1.0,1.0,1.0,1.0,1.0,1.0,1.0,1.0,1.0,0.5,0.5,0.5,0.5
1788446249.9834461,93,14.43304900021758,5.2704589998029405,10680400,1,0.0,0.0,0.0,-0.035583496,0.56438136,-1.2700553,0.024683625,0.6866563,-1.3646951,-0.061475903,0.6078326,-1.2206582,0.010670245,0.7279738,-1.3290571,27.178625,31.74478,-44.301414,-6.162961,-0.011626571,-0.046506286,0.036396224,0.046506286,0.054257333,0.0020220124,-0.034879714,-0.04263076,0.0040440247,-0.03100419,0.0077510476,-0.036396224,-0.20152724,0.027128667,0.03100419,0.03100419,-0.016364368,0.56254965,-1.1503613,-0.0004059961,0.68405676,-1.230545,-0.016294269,0.62067574,-1.0847017,-0.019255446,0.7333504,-1.2087096,0.0,0.0,0.0,0.0,0.0,0.0,0.0,0.0,0.0,0.0,0.0,0.0,0.0,0.0,0.0,0.0,-1.9724089,-0.8006101,-0.51601076,-0.053381864,50.0,50.0,50.0,50.0,50.0,50.0,50.0,50.0,50.0,50.0,50.0,50.0,0.0,0.0,0.0,0.0,1.0,1.0,1.0,1.0,1.0,1.0,1.0,1.0,1.0,1.0,1.0,1.0,0.5,0.5,0.5,0.5
1788446250.0054686,94,16.382316000090213,8.739490000152728,10680419,1,0.0,0.0,0.0,-0.03549266,0.5649868,-1.270071,0.024562515,0.6867774,-1.3648057,-0.06153646,0.6076813,-1.2205318,0.01045835,0.72748935,-1.3290412,27.175869,31.744566,-44.30099,-6.162931,0.023253143,-0.034879714,0.0,0.0,-0.0038755238,0.038418237,-0.065883905,-0.027128667,0.026286162,-0.05813286,0.06200838,0.038418237,-0.27128667,0.011626571,-0.054257333,0.011626571,-0.018758273,0.5594958,-1.1448694,-9.989459e-05,0.67997116,-1.2322251,-0.016422061,0.62185544,-1.092642,-0.016802715,0.72890836,-1.205209,0.0,0.0,0.0,0.0,0.0,0.0,0.0,0.0,0.0,0.0,0.0,0.0,0.0,0.0,0.0,0.0,-1.9520631,-0.78991526,-0.54718244,-0.060528815,50.0,50.0,50.0,50.0,50.0,50.0,50.0,50.0,50.0,50.0,50.0,50.0,0.0,0.0,0.0,0.0,1.0,1.0,1.0,1.0,1.0,1.0,1.0,1.0,1.0,1.0,1.0,1.0,0.5,0.5,0.5,0.5
1788446250.0244532,95,15.283765000276617,6.055220999769517,10680440,1,0.0,0.0,0.0,-0.0354321,0.56495655,-1.2699921,0.024592793,0.68538463,-1.3649795,-0.061687857,0.60789317,-1.2205634,0.010397792,0.7267021,-1.3292308,27.172873,31.744505,-44.301598,-6.1628704,0.038755238,-0.038755238,0.012132075,-0.023253143,0.019377619,-0.036396224,-0.09301257,-0.027128667,-0.0040440247,0.054257333,0.019377619,-0.042462263,-0.21702933,0.023253143,-0.05038181,0.023253143,-0.018954337,0.5598452,-1.1437782,-0.00030417508,0.6834316,-1.2344544,-0.015689112,0.62085074,-1.090709,-0.016919807,0.7321317,-1.2018887,0.0,0.0,0.0,0.0,0.0,0.0,0.0,0.0,0.0,0.0,0.0,0.0,0.0,0.0,0.0,0.0,-1.7872119,-0.74011934,-0.59058976,-0.007880405,50.0,50.0,50.0,50.0,50.0,50.0,50.0,50.0,50.0,50.0,50.0,50.0,0.0,0.0,0.0,0.0,1.0,1.0,1.0,1.0,1.0,1.0,1.0,1.0,1.0,1.0,1.0,1.0,0.5,0.5,0.5,0.5
1788446250.045412,96,16.17559799888113,5.422202000772813,10680460,1,0.0,0.0,0.0,-0.0354321,0.56480515,-1.2699921,0.024804734,0.68456715,-1.3649321,-0.061839223,0.60777205,-1.220595,0.010337234,0.72624797,-1.329215,27.170843,31.744535,-44.302414,-6.1628704,0.06200838,-0.023253143,-0.012132075,0.034879714,-0.081386,0.0060660373,-0.038755238,-0.065883905,-0.0040440247,0.0,0.027128667,0.0,-0.12401676,0.03100419,-0.03100419,0.0,-0.017390799,0.5563378,-1.1486906,0.0014465707,0.687055,-1.2266624,-0.01788162,0.6148713,-1.0911728,-0.017749377,0.7387425,-1.203271,0.0,0.0,0.0,0.0,0.0,0.0,0.0,0.0,0.0,0.0,0.0,0.0,0.0,0.0,0.0,0.0,-1.7731073,-0.81227034,-0.54341924,-0.039809626,50.0,50.0,50.0,50.0,50.0,50.0,50.0,50.0,50.0,50.0,50.0,50.0,0.0,0.0,0.0,0.0,1.0,1.0,1.0,1.0,1.0,1.0,1.0,1.0,1.0,1.0,1.0,1.0,0.5,0.5,0.5,0.5
1788446250.0660062,97,16.697514000043157,4.04208399959316,10680479,1,0.0,0.0,0.0,-0.03549266,0.56480515,-1.2699763,0.024774456,0.6845066,-1.3649638,-0.061687857,0.60777205,-1.220595,0.010428071,0.7261571,-1.3291835,27.170238,31.744505,-44.30429,-6.16284,0.019377619,-0.034879714,-0.0080880495,0.0038755238,0.015502095,-0.010110063,-0.019377619,-0.038755238,0.0,0.046506286,0.027128667,0.026286162,0.03100419,-0.015502095,-0.15502095,0.038755238,-0.01430669,0.5574689,-1.161411,0.001807203,0.688324,-1.2169205,-0.01956867,0.6064911,-1.0853369,-0.018699693,0.74282086,-1.2062072,0.0,0.0,0.0,0.0,0.0,0.0,0.0,0.0,0.0,0.0,0.0,0.0,0.0,0.0,0.0,0.0,-1.7207956,-0.7891495,-0.533166,0.014731474,50.0,50.0,50.0,50.0,50.0,50.0,50.0,50.0,50.0,50.0,50.0,50.0,0.0,0.0,0.0,0.0,1.0,1.0,1.0,1.0,1.0,1.0,1.0,1.0,1.0,1.0,1.0,1.0,0.5,0.5,0.5,0.5
1788446250.0873218,98,17.939810000825673,6.0885330003657145,10680500,1,0.0,0.0,0.0,-0.035583496,0.56468403,-1.2699921,0.024592793,0.6845369,-1.3649006,-0.0616273,0.60771155,-1.2205791,0.010549128,0.7261874,-1.3291519,27.170057,31.744505,-44.30638,-6.1629004,0.011626571,0.034879714,-0.018198112,-0.077510476,0.015502095,0.0080880495,-0.027128667,0.0038755238,0.032352198,0.0,0.038755238,0.0020220124,-0.023253143,0.05813286,-0.14339438,0.011626571,-0.013155358,0.5613139,-1.1689849,0.0012536994,0.68629503,-1.2129399,-0.020098133,0.60603327,-1.0821673,-0.019787434,0.74280715,-1.2073215,0.0,0.0,0.0,0.0,0.0,0.0,0.0,0.0,0.0,0.0,0.0,0.0,0.0,0.0,0.0,0.0,-1.697138,-0.8639606,-0.4849561,-0.040243044,50.0,50.0,50.0,50.0,50.0,50.0,50.0,50.0,50.0,50.0,50.0,50.0,0.0,0.0,0.0,0.0,1.0,1.0,1.0,1.0,1.0,1.0,1.0,1.0,1.0,1.0,1.0,1.0,0.5,0.5,0.5,0.5
1788446250.1074195,99,17.29344599880278,5.988662000163458,10680519,1,0.0,0.0,0.0,-0.035583496,0.56468403,-1.2700394,0.024562515,0.68444604,-1.3648057,-0.0616273,0.60740876,-1.2205634,0.0106399655,0.7261571,-1.3291676,27.170057,31.744474,-44.30829,-6.1629004,0.038755238,-0.015502095,0.0080880495,0.0,0.0,0.0060660373,-0.09301257,-0.04263076,0.020220125,-0.023253143,0.081386,0.018198112,-0.027128667,0.027128667,-0.09301257,0.06200838,-0.016494125,0.5670059,-1.1591803,6.2657986e-05,0.67857224,-1.2199715,-0.018030714,0.61430246,-1.0816795,-0.017274557,0.7346648,-1.2085003,0.0,0.0,0.0,0.0,0.0,0.0,0.0,0.0,0.0,0.0,0.0,0.0,0.0,0.0,0.0,0.0,-1.7746851,-0.8455524,-0.52343744,-0.009541232,50.0,50.0,50.0,50.0,50.0,50.0,50.0,50.0,50.0,50.0,50.0,50.0,0.0,0.0,0.0,0.0,1.0,1.0,1.0,1.0,1.0,1.0,1.0,1.0,1.0,1.0,1.0,1.0,0.5,0.5,0.5,0.5
1788446250.1255488,100,14.924246999726165,5.9884060010517715,10680542,1,0.0,0.0,0.0,-0.035522938,0.56468403,-1.2701026,0.024562515,0.6841433,-1.3647741,-0.061748415,0.6071968,-1.2205318,0.010488629,0.7261571,-1.329215,27.169996,31.744444,-44.309227,-6.162931,0.011626571,-0.03100419,0.020220125,0.0077510476,0.03100419,-0.03437421,-0.06975943,-0.04263076,0.020220125,-0.06200838,0.077510476,-0.038418237,-0.06200838,0.0038755238,-0.06200838,0.04263076,-0.018469796,0.5657922,-1.1478318,-0.0008115759,0.6757459,-1.2308481,-0.015661292,0.6215614,-1.0876595,-0.016713472,0.7284196,-1.2058871,0.0,0.0,0.0,0.0,0.0,0.0,0.0,0.0,0.0,0.0,0.0,0.0,0.0,0.0,0.0,0.0,-1.8488982,-0.7920817,-0.6008425,-0.02083635,50.0,50.0,50.0,50.0,50.0,50.0,50.0,50.0,50.0,50.0,50.0,50.0,0.0,0.0,0.0,0.0,1.0,1.0,1.0,1.0,1.0,1.0,1.0,1.0,1.0,1.0,1.0,1.0,0.5,0.5,0.5,0.5
1788446250.1642468,101,26.888771000812994,3.756613999939873,10680567,1,0.0,0.0,0.0,-0.03546238,0.56480515,-1.2700237,0.024713902,0.6828716,-1.3648689,-0.061869502,0.607651,-1.2205318,0.010276675,0.72536993,-1.3291835,27.16933,31.744505,-44.311226,-6.1628704,0.0077510476,0.03100419,0.020220125,0.027128667,-0.054257333,-0.050550308,-0.027128667,0.06975943,0.010110063,-0.077510476,-0.11626572,0.016176099,-0.10076362,-0.0077510476,-0.18990067,0.05813286,-0.019407213,0.560679,-1.1450362,0.0006119306,0.6821574,-1.233984,-0.0163803,0.6211415,-1.0955064,-0.018767359,0.72887516,-1.1971564,0.0,0.0,0.0,0.0,0.0,0.0,0.0,0.0,0.0,0.0,0.0,0.0,0.0,0.0,0.0,0.0,-1.8450639,-0.75297445,-0.64320177,-0.15791997,50.0,50.0,50.0,50.0,50.0,50.0,50.0,50.0,50.0,50.0,50.0,50.0,0.0,0.0,0.0,0.0,1.0,1.0,1.0,1.0,1.0,1.0,1.0,1.0,1.0,1.0,1.0,1.0,0.5,0.5,0.5,0.5
1788446250.185397,102,20.162737999271485,6.107477000114159,10680596,1,0.0,0.0,0.0,-0.03549266,0.5647749,-1.2700078,0.024713902,0.682478,-1.3649163,-0.061778665,0.60858953,-1.220516,0.010306954,0.7246735,-1.3291835,27.167664,31.744505,-44.3184,-6.16284,0.034879714,-0.054257333,0.0,0.06200838,-0.04263076,-0.042462263,0.011626571,0.10076362,0.03437421,0.0038755238,0.023253143,-0.020220125,-0.10076362,0.027128667,-0.19765173,0.05038181,-0.015356021,0.5463548,-1.153035,0.0044120518,0.69591165,-1.2218949,-0.022188814,0.6049207,-1.0952314,-0.024070626,0.7467606,-1.2037357,0.0,0.0,0.0,0.0,0.0,0.0,0.0,0.0,0.0,0.0,0.0,0.0,0.0,0.0,0.0,0.0,-1.9205171,-0.8147823,-0.5884839,-0.2164174,50.0,50.0,50.0,50.0,50.0,50.0,50.0,50.0,50.0,50.0,50.0,50.0,0.0,0.0,0.0,0.0,1.0,1.0,1.0,1.0,1.0,1.0,1.0,1.0,1.0,1.0,1.0,1.0,0.5,0.5,0.5,0.5
1788446250.2013657,103,14.801272000113386,4.887069999313098,10680616,1,0.0,0.0,0.0,-0.03582573,0.5647446,-1.2699763,0.024592793,0.68262935,-1.3649795,-0.061657578,0.60928595,-1.220595,0.010397792,0.72394687,-1.3290412,27.166393,31.744474,-44.321007,-6.1628704,-0.081386,-0.04263076,0.020220125,0.0077510476,0.05813286,-0.0040440247,0.019377619,-0.03100419,-0.012132075,-0.034879714,-0.03100419,-0.016176099,-0.06975943,0.0,-0.09301257,0.038755238,-0.015774526,0.5524661,-1.156903,0.0034051253,0.6907976,-1.2206892,-0.019983677,0.6057985,-1.0915954,-0.022722034,0.7436297,-1.2044502,0.0,0.0,0.0,0.0,0.0,0.0,0.0,0.0,0.0,0.0,0.0,0.0,0.0,0.0,0.0,0.0,-1.847176,-1.0041316,-0.5184843,-0.20136164,50.0,50.0,50.0,50.0,50.0,50.0,50.0,50.0,50.0,50.0,50.0,50.0,0.0,0.0,0.0,0.0,1.0,1.0,1.0,1.0,1.0,1.0,1.0,1.0,1.0,1.0,1.0,1.0,0.5,0.5,0.5,0.5
1788446250.2213871,104,14.37186700059101,5.930197999987286,10680638,1,0.0,0.0,0.0,-0.03585601,0.5636244,-1.2699763,0.024592793,0.6838708,-1.3649006,-0.061808944,0.6080143,-1.2205476,0.010337234,0.72506714,-1.3290887,27.165697,31.744383,-44.321518,-6.1631126,-0.0038755238,-0.038755238,0.03437421,0.06200838,0.011626571,0.0,-0.03100419,-0.019377619,0.054594334,0.03100419,-0.054257333,-0.016176099,-0.034879714,-0.015502095,0.034879714,-0.019377619,-0.017097574,0.5593362,-1.1485951,0.0005854354,0.68031806,-1.2259505,-0.015905602,0.6178776,-1.0890503,-0.01802584,0.7323945,-1.2039969,0.0,0.0,0.0,0.0,0.0,0.0,0.0,0.0,0.0,0.0,0.0,0.0,0.0,0.0,0.0,0.0,-1.8279204,-1.0848964,-0.46811646,-0.14254047,50.0,50.0,50.0,50.0,50.0,50.0,50.0,50.0,50.0,50.0,50.0,50.0,0.0,0.0,0.0,0.0,1.0,1.0,1.0,1.0,1.0,1.0,1.0,1.0,1.0,1.0,1.0,1.0,0.5,0.5,0.5,0.5
1788446250.240839,105,13.750367001193808,5.913494998821989,10680658,1,0.0,0.0,0.0,-0.03582573,0.5637455,-1.2700237,0.024592793,0.683568,-1.3648847,-0.061839223,0.6078326,-1.2205476,0.010246396,0.725158,-1.3291044,27.165606,31.74396,-44.321217,-6.164081,-0.046506286,-0.065883905,-0.0020220124,0.038755238,0.0077510476,-0.04044025,-0.046506286,-0.011626571,0.018198112,-0.038755238,0.04263076,-0.020220125,-0.03100419,0.0,-0.0077510476,-0.015502095,-0.018712373,0.56161654,-1.1410027,-0.00032830844,0.6773956,-1.2338108,-0.013997326,0.6249175,-1.0928446,-0.015669644,0.72538114,-1.2007253,0.0,0.0,0.0,0.0,0.0,0.0,0.0,0.0,0.0,0.0,0.0,0.0,0.0,0.0,0.0,0.0,-1.8235236,-1.1776782,-0.5071295,-0.23429471,50.0,50.0,50.0,50.0,50.0,50.0,50.0,50.0,50.0,50.0,50.0,50.0,0.0,0.0,0.0,0.0,1.0,1.0,1.0,1.0,1.0,1.0,1.0,1.0,1.0,1.0,1.0,1.0,0.5,0.5,0.5,0.5
1788446250.261478,106,14.319290999992518,4.785533999893232,10680677,1,0.0,0.0,0.0,-0.035704613,0.5637455,-1.2699921,0.024562515,0.6823872,-1.3649006,-0.06193006,0.608317,-1.2205476,0.010185838,0.7242799,-1.3291044,27.165455,31.74372,-44.32149,-6.1644444,0.0038755238,-0.038755238,-0.0020220124,-0.05813286,0.05038181,0.0020220124,-0.09301257,0.019377619,0.0020220124,0.0,-0.04263076,0.0040440247,-0.038755238,0.0077510476,0.0,0.019377619,-0.018725308,0.5574441,-1.1431957,-0.00014839601,0.6772609,-1.2315534,-0.015358953,0.6205054,-1.0973779,-0.017031638,0.7267839,-1.1986669,0.0,0.0,0.0,0.0,0.0,0.0,0.0,0.0,0.0,0.0,0.0,0.0,0.0,0.0,0.0,0.0,-1.695415,-1.0667791,-0.5198561,-0.1568924,50.0,50.0,50.0,50.0,50.0,50.0,50.0,50.0,50.0,50.0,50.0,50.0,0.0,0.0,0.0,0.0,1.0,1.0,1.0,1.0,1.0,1.0,1.0,1.0,1.0,1.0,1.0,1.0,0.5,0.5,0.5,0.5
1788446250.282695,107,15.461556000445853,5.905942000026698,10680697,1,0.0,0.0,0.0,-0.035704613,0.56368494,-1.2699289,0.02462307,0.6820844,-1.3649952,-0.061869502,0.60858953,-1.2205634,0.010246396,0.72318995,-1.3290887,27.165213,31.743444,-44.322033,-6.164626,0.0,0.0,0.020220125,0.03100419,0.011626571,-0.022242136,-0.04263076,-0.015502095,-0.0080880495,0.03100419,0.027128667,-0.0020220124,-0.027128667,-0.019377619,-0.06975943,-0.04263076,-0.015925912,0.5537574,-1.1506132,0.0013067,0.68253124,-1.2245866,-0.018665647,0.6124054,-1.0933815,-0.018329918,0.7358718,-1.1998501,0.0,0.0,0.0,0.0,0.0,0.0,0.0,0.0,0.0,0.0,0.0,0.0,0.0,0.0,0.0,0.0,-1.6786605,-1.0412023,-0.43398058,-0.1568529,50.0,50.0,50.0,50.0,50.0,50.0,50.0,50.0,50.0,50.0,50.0,50.0,0.0,0.0,0.0,0.0,1.0,1.0,1.0,1.0,1.0,1.0,1.0,1.0,1.0,1.0,1.0,1.0,0.5,0.5,0.5,0.5
1788446250.3087606,108,21.46026599984907,4.7724460000608815,10680718,1,0.0,0.0,0.0,-0.035734892,0.56335187,-1.2699289,0.024592793,0.68163025,-1.3649638,-0.061839223,0.6084684,-1.2205791,0.010246396,0.722978,-1.3290728,27.165182,31.743414,-44.323368,-6.164596,0.04263076,-0.038755238,0.026286162,0.038755238,-0.03100419,0.0020220124,-0.027128667,-0.038755238,0.0020220124,-0.0077510476,-0.011626571,-0.0040440247,-0.038755238,-0.034879714,-0.05038181,0.027128667,-0.015283695,0.55915594,-1.157093,0.0001338725,0.69001126,-1.2213626,-0.018663533,0.6099019,-1.083945,-0.018972334,0.7416049,-1.2036514,0.0,0.0,0.0,0.0,0.0,0.0,0.0,0.0,0.0,0.0,0.0,0.0,0.0,0.0,0.0,0.0,-1.7133107,-1.0509337,-0.3931526,-0.09522136,50.0,50.0,50.0,50.0,50.0,50.0,50.0,50.0,50.0,50.0,50.0,50.0,0.0,0.0,0.0,0.0,1.0,1.0,1.0,1.0,1.0,1.0,1.0,1.0,1.0,1.0,1.0,1.0,0.5,0.5,0.5,0.5
1788446250.3287153,109,19.253848000516882,5.392441998992581,10680739,1,0.0,0.0,0.0,-0.03576517,0.5628371,-1.2699605,0.024592793,0.68166053,-1.3649006,-0.061808944,0.607984,-1.2205634,0.010367513,0.7232505,-1.3290571,27.165243,31.743387,-44.323425,-6.1647778,0.0038755238,-0.054257333,0.020220125,0.05813286,0.0077510476,-0.010110063,-0.034879714,0.038755238,0.0080880495,0.0,0.054257333,0.018198112,-0.015502095,-0.011626571,0.077510476,-0.081386,-0.01533235,0.558866,-1.157125,-0.0002856925,0.68106085,-1.2195252,-0.018148795,0.6108444,-1.0862083,-0.017370172,0.7391849,-1.2122643,0.0,0.0,0.0,0.0,0.0,0.0,0.0,0.0,0.0,0.0,0.0,0.0,0.0,0.0,0.0,0.0,-1.8129379,-1.1419194,-0.4059184,-0.10091974,50.0,50.0,50.0,50.0,50.0,50.0,50.0,50.0,50.0,50.0,50.0,50.0,0.0,0.0,0.0,0.0,1.0,1.0,1.0,1.0,1.0,1.0,1.0,1.0,1.0,1.0,1.0,1.0,0.5,0.5,0.5,0.5
1788446250.3475158,110,17.164230999696883,5.919253999309149,10680761,1,0.0,0.0,0.0,-0.03576517,0.5630188,-1.2700237,0.024441404,0.6820238,-1.3648847,-0.061778665,0.6076813,-1.2205318,0.010428071,0.72349274,-1.3291044,27.165182,31.743235,-44.323425,-6.165323,-0.015502095,0.019377619,-0.038418237,-0.05038181,-0.054257333,-0.026286162,-0.03100419,-0.05813286,0.0,-0.04263076,0.0,-0.036396224,-0.03100419,0.0,-0.027128667,-0.065883905,-0.017532947,0.56605446,-1.1530567,-0.0015191194,0.67936516,-1.2261041,-0.016060378,0.6194944,-1.0861533,-0.016227266,0.7305943,-1.2083718,0.0,0.0,0.0,0.0,0.0,0.0,0.0,0.0,0.0,0.0,0.0,0.0,0.0,0.0,0.0,0.0,-1.8012455,-1.1195422,-0.47195262,-0.21032435,50.0,50.0,50.0,50.0,50.0,50.0,50.0,50.0,50.0,50.0,50.0,50.0,0.0,0.0,0.0,0.0,1.0,1.0,1.0,1.0,1.0,1.0,1.0,1.0,1.0,1.0,1.0,1.0,0.5,0.5,0.5,0.5
1788446250.3654406,111,14.85317600054259,4.972316999555915,10680782,1,0.0,0.0,0.0,-0.035644054,0.5628371,-1.2699921,0.024471682,0.68135774,-1.3648531,-0.061808944,0.6074693,-1.2205476,0.01045835,0.7234019,-1.3292308,27.16509,31.742659,-44.323456,-6.165565,0.04263076,-0.023253143,0.020220125,-0.0038755238,0.046506286,-0.0080880495,-0.054257333,-0.06200838,-0.010110063,-0.04263076,0.0,-0.0080880495,-0.011626571,-0.011626571,-0.077510476,0.038755238,-0.0184846,0.56278926,-1.147199,-0.00085356506,0.67353266,-1.2310206,-0.015831972,0.62214106,-1.0897621,-0.01629971,0.72701,-1.2037017,0.0,0.0,0.0,0.0,0.0,0.0,0.0,0.0,0.0,0.0,0.0,0.0,0.0,0.0,0.0,0.0,-1.849884,-1.0604182,-0.55323607,-0.2153366,50.0,50.0,50.0,50.0,50.0,50.0,50.0,50.0,50.0,50.0,50.0,50.0,0.0,0.0,0.0,0.0,1.0,1.0,1.0,1.0,1.0,1.0,1.0,1.0,1.0,1.0,1.0,1.0,0.5,0.5,0.5,0.5
1788446250.3854413,112,14.347387001180323,6.005205999827012,10680801,1,0.0,0.0,0.0,-0.035674334,0.5630491,-1.2699921,0.024501959,0.68105495,-1.3649006,-0.061778665,0.607651,-1.2205476,0.010397792,0.72276604,-1.329215,27.16491,31.742296,-44.32361,-6.165716,-0.015502095,-0.06200838,0.0060660373,-0.05038181,-0.011626571,-0.02426415,0.019377619,-0.054257333,-0.0080880495,-0.038755238,0.019377619,-0.020220125,0.03100419,0.0,-0.038755238,0.04263076,-0.018518887,0.559731,-1.1423477,0.00018320559,0.6816846,-1.2369491,-0.01660628,0.6210709,-1.0924947,-0.01735822,0.72782874,-1.2008727,0.0,0.0,0.0,0.0,0.0,0.0,0.0,0.0,0.0,0.0,0.0,0.0,0.0,0.0,0.0,0.0,-1.8759918,-1.0017017,-0.555428,-0.26446155,50.0,50.0,50.0,50.0,50.0,50.0,50.0,50.0,50.0,50.0,50.0,50.0,0.0,0.0,0.0,0.0,1.0,1.0,1.0,1.0,1.0,1.0,1.0,1.0,1.0,1.0,1.0,1.0,0.5,0.5,0.5,0.5
1788446250.4087794,113,17.614980000871583,7.885289000114426,10680821,1,0.0,0.0,0.0,-0.035674334,0.5628674,-1.2699605,0.024592793,0.6799044,-1.3649163,-0.061869502,0.60771155,-1.2205318,0.010306954,0.722433,-1.3291676,27.164606,31.742357,-44.324425,-6.1657467,0.011626571,0.019377619,0.030330187,0.046506286,-0.027128667,0.020220125,-0.046506286,-0.011626571,0.036396224,-0.027128667,0.046506286,0.028308174,0.0038755238,-0.0038755238,-0.06200838,0.0038755238,-0.016789285,0.5519312,-1.1489673,0.0024482538,0.6830741,-1.2256949,-0.018760573,0.6132928,-1.096663,-0.019559478,0.73351353,-1.2012502,0.0,0.0,0.0,0.0,0.0,0.0,0.0,0.0,0.0,0.0,0.0,0.0,0.0,0.0,0.0,0.0,-1.8725178,-1.0128932,-0.48396063,-0.26733294,50.0,50.0,50.0,50.0,50.0,50.0,50.0,50.0,50.0,50.0,50.0,50.0,0.0,0.0,0.0,0.0,1.0,1.0,1.0,1.0,1.0,1.0,1.0,1.0,1.0,1.0,1.0,1.0,0.5,0.5,0.5,0.5
1788446250.4287007,114,17.4647730000288,7.860392001020955,10680841,1,0.0,0.0,0.0,-0.035734892,0.5624435,-1.2699447,0.024562515,0.6805099,-1.3650111,-0.061869502,0.60771155,-1.2205634,0.010306954,0.722221,-1.3291519,27.164333,31.742327,-44.325638,-6.1658373,-0.015502095,-0.0038755238,0.016176099,-0.0038755238,0.11239019,-0.016176099,-0.04263076,-0.05038181,0.0080880495,-0.0077510476,0.038755238,-0.026286162,-0.046506286,0.05038181,-0.08913705,-0.054257333,-0.014895784,0.5518213,-1.1559868,0.0034025288,0.68455976,-1.2217028,-0.020053742,0.608154,-1.0932276,-0.020948429,0.7370411,-1.2000369,0.0,0.0,0.0,0.0,0.0,0.0,0.0,0.0,0.0,0.0,0.0,0.0,0.0,0.0,0.0,0.0,-1.8618145,-1.0799685,-0.46752083,-0.3207497,50.0,50.0,50.0,50.0,50.0,50.0,50.0,50.0,50.0,50.0,50.0,50.0,0.0,0.0,0.0,0.0,1.0,1.0,1.0,1.0,1.0,1.0,1.0,1.0,1.0,1.0,1.0,1.0,0.5,0.5,0.5,0.5
1788446250.4474905,115,16.187149998586392,6.0582610003621085,10680862,1,0.0,0.0,0.0,-0.03579545,0.56180775,-1.2699447,0.024532236,0.68044937,-1.3649479,-0.061839223,0.60743904,-1.2205634,0.010337234,0.722221,-1.329136,27.164303,31.742327,-44.3263,-6.165898,0.0077510476,0.015502095,0.042462263,-0.019377619,0.034879714,-0.03437421,-0.027128667,-0.10463915,0.050550308,-0.019377619,0.0,-0.014154087,0.011626571,0.08526152,-0.023253143,-0.019377619,-0.015507078,0.55545557,-1.1562594,0.0014503445,0.68215317,-1.219592,-0.019189838,0.61025006,-1.0882936,-0.0195715,0.7372801,-1.2068583,0.0,0.0,0.0,0.0,0.0,0.0,0.0,0.0,0.0,0.0,0.0,0.0,0.0,0.0,0.0,0.0,-1.7868378,-1.1719185,-0.4962356,-0.26234147,50.0,50.0,50.0,50.0,50.0,50.0,50.0,50.0,50.0,50.0,50.0,50.0,0.0,0.0,0.0,0.0,1.0,1.0,1.0,1.0,1.0,1.0,1.0,1.0,1.0,1.0,1.0,1.0,0.5,0.5,0.5,0.5
1788446250.4682713,116,16.897448998861364,4.830269999729353,10680882,1,0.0,0.0,0.0,-0.03579545,0.5617472,-1.2699921,0.024532236,0.6804191,-1.3648847,-0.061839223,0.6070757,-1.2205634,0.010306954,0.72234213,-1.3291203,27.164244,31.742205,-44.326183,-6.166413,0.019377619,-0.019377619,0.0020220124,0.096888095,0.03100419,-0.0080880495,-0.034879714,-0.046506286,0.022242136,-0.081386,0.015502095,-0.0040440247,-0.04263076,-0.015502095,-0.0038755238,-0.0077510476,-0.0172832,0.560995,-1.1524756,-0.00038020732,0.67713076,-1.2229135,-0.016805356,0.616178,-1.0881574,-0.016497856,0.7313702,-1.2064649,0.0,0.0,0.0,0.0,0.0,0.0,0.0,0.0,0.0,0.0,0.0,0.0,0.0,0.0,0.0,0.0,-1.7809174,-1.1952527,-0.50444263,-0.20896837,50.0,50.0,50.0,50.0,50.0,50.0,50.0,50.0,50.0,50.0,50.0,50.0,0.0,0.0,0.0,0.0,1.0,1.0,1.0,1.0,1.0,1.0,1.0,1.0,1.0,1.0,1.0,1.0,0.5,0.5,0.5,0.5
1788446250.487397,117,14.830103000349482,5.3536579998763045,10680903,1,0.0,0.0,0.0,-0.035704613,0.56168664,-1.2699921,0.024562515,0.6802375,-1.3648689,-0.06193006,0.6069243,-1.2205476,0.010276675,0.7224935,-1.3291676,27.164274,31.742052,-44.326244,-6.167109,0.06200838,-0.046506286,0.010110063,0.046506286,-0.0038755238,-0.0080880495,-0.09301257,-0.0077510476,0.03437421,-0.015502095,0.04263076,-0.0060660373,-0.03100419,0.0077510476,-0.04263076,0.03100419,-0.018413028,0.5627074,-1.1438049,-0.0019182768,0.67754644,-1.2353297,-0.014250847,0.6224794,-1.087513,-0.015519591,0.72542137,-1.2055424,0.0,0.0,0.0,0.0,0.0,0.0,0.0,0.0,0.0,0.0,0.0,0.0,0.0,0.0,0.0,0.0,-1.7814863,-1.1467384,-0.6031708,-0.14894424,50.0,50.0,50.0,50.0,50.0,50.0,50.0,50.0,50.0,50.0,50.0,50.0,0.0,0.0,0.0,0.0,1.0,1.0,1.0,1.0,1.0,1.0,1.0,1.0,1.0,1.0,1.0,1.0,0.5,0.5,0.5,0.5
1788446250.509352,118,16.33588500044425,7.875016999605577,10680924,1,0.0,0.0,0.0,-0.035644054,0.5617775,-1.2699921,0.02462307,0.6797228,-1.3648531,-0.06196034,0.606894,-1.2205476,0.010246396,0.7222513,-1.3291519,27.164244,31.742022,-44.326393,-6.16723,0.015502095,-0.015502095,-0.0040440247,0.05038181,-0.0077510476,-0.018198112,-0.04263076,-0.07363495,0.018198112,-0.038755238,-0.015502095,0.02426415,-0.011626571,0.081386,-0.03100419,-0.038755238,-0.017003914,0.55592954,-1.1473453,0.0002321587,0.67934597,-1.2317642,-0.016932903,0.61661375,-1.093036,-0.017365439,0.729848,-1.2026023,0.0,0.0,0.0,0.0,0.0,0.0,0.0,0.0,0.0,0.0,0.0,0.0,0.0,0.0,0.0,0.0,-1.807473,-1.1751252,-0.6308203,-0.27919713,50.0,50.0,50.0,50.0,50.0,50.0,50.0,50.0,50.0,50.0,50.0,50.0,0.0,0.0,0.0,0.0,1.0,1.0,1.0,1.0,1.0,1.0,1.0,1.0,1.0,1.0,1.0,1.0,0.5,0.5,0.5,0.5
1788446250.5313165,119,18.228511999041075,8.605730999988737,10680944,1,0.0,0.0,0.0,-0.035613775,0.5617775,-1.2699447,0.024592793,0.6796622,-1.3649638,-0.061839223,0.60728765,-1.2205476,0.010306954,0.7217366,-1.3291519,27.164183,31.741991,-44.327484,-6.1671696,0.046506286,-0.038755238,0.016176099,0.011626571,-0.054257333,0.038418237,-0.0038755238,-0.011626571,0.0,0.03100419,-0.023253143,0.012132075,-0.023253143,0.011626571,-0.10851467,0.015502095,-0.015231032,0.5533992,-1.1564835,0.0019031786,0.6877911,-1.2216583,-0.0195952,0.60706675,-1.0895118,-0.020412233,0.7395022,-1.2037318,0.0,0.0,0.0,0.0,0.0,0.0,0.0,0.0,0.0,0.0,0.0,0.0,0.0,0.0,0.0,0.0,-1.806576,-1.1135925,-0.549505,-0.26739526,50.0,50.0,50.0,50.0,50.0,50.0,50.0,50.0,50.0,50.0,50.0,50.0,0.0,0.0,0.0,0.0,1.0,1.0,1.0,1.0,1.0,1.0,1.0,1.0,1.0,1.0,1.0,1.0,0.5,0.5,0.5,0.5
1788446250.5495358,120,16.352877000826993,5.929302000367898,10680964,1,0.0,0.0,0.0,-0.035674334,0.56150496,-1.2699605,0.024562515,0.67960167,-1.3649795,-0.061869502,0.6071968,-1.2205634,0.010337234,0.7217366,-1.329136,27.164183,31.741934,-44.328453,-6.167503,0.027128667,0.019377619,0.016176099,0.023253143,0.027128667,-0.012132075,-0.09301257,-0.05813286,0.026286162,-0.019377619,0.03100419,-0.0040440247,-0.034879714,0.038755238,-0.12401676,-0.06200838,-0.013467661,0.55484825,-1.165174,0.0018768865,0.6831888,-1.213751,-0.020396601,0.60345274,-1.085171,-0.020723853,0.7413601,-1.2061788,0.0,0.0,0.0,0.0,0.0,0.0,0.0,0.0,0.0,0.0,0.0,0.0,0.0,0.0,0.0,0.0,-1.8494135,-1.1318878,-0.5238624,-0.27014828,50.0,50.0,50.0,50.0,50.0,50.0,50.0,50.0,50.0,50.0,50.0,50.0,0.0,0.0,0.0,0.0,1.0,1.0,1.0,1.0,1.0,1.0,1.0,1.0,1.0,1.0,1.0,1.0,0.5,0.5,0.5,0.5
1788446250.5733483,121,20.096659000046202,6.030069998814724,10680984,1,0.0,0.0,0.0,-0.035734892,0.5614444,-1.2699763,0.024532236,0.68014663,-1.3648847,-0.061808944,0.60656095,-1.2205634,0.010397792,0.722221,-1.329136,27.164183,31.741873,-44.32815,-6.1687136,0.0,0.054257333,0.030330187,0.038755238,0.0077510476,0.0,0.023253143,-0.08913705,0.0080880495,0.027128667,0.023253143,0.0060660373,0.011626571,-0.027128667,0.011626571,-0.10076362,-0.016115984,0.56100017,-1.1553407,-0.00029793475,0.6810612,-1.2270632,-0.016999051,0.6132801,-1.0802945,-0.017963465,0.73306775,-1.2089853,0.0,0.0,0.0,0.0,0.0,0.0,0.0,0.0,0.0,0.0,0.0,0.0,0.0,0.0,0.0,0.0,-1.9024086,-1.1161058,-0.5442899,-0.28067714,50.0,50.0,50.0,50.0,50.0,50.0,50.0,50.0,50.0,50.0,50.0,50.0,0.0,0.0,0.0,0.0,1.0,1.0,1.0,1.0,1.0,1.0,1.0,1.0,1.0,1.0,1.0,1.0,0.5,0.5,0.5,0.5
1788446250.591462,122,16.835562000778737,4.261089999999967,10681005,1,0.0,0.0,0.0,-0.035644054,0.56135356,-1.270071,0.024562515,0.6798741,-1.36479,-0.06193006,0.6055315,-1.2205476,0.010306954,0.7228266,-1.3291519,27.164152,31.741812,-44.327816,-6.17156,0.0038755238,-0.05038181,0.012132075,0.038755238,0.10076362,-0.030330187,-0.034879714,-0.10851467,-0.018198112,0.0077510476,0.06200838,-0.012132075,-0.034879714,-0.04263076,0.011626571,-0.096888095,-0.017609222,0.5626293,-1.1428859,-0.0006173197,0.6738214,-1.2353961,-0.014185777,0.62353164,-1.0844532,-0.015542585,0.7243132,-1.2092401,0.0,0.0,0.0,0.0,0.0,0.0,0.0,0.0,0.0,0.0,0.0,0.0,0.0,0.0,0.0,0.0,-1.9353557,-1.1267343,-0.62927663,-0.24296045,50.0,50.0,50.0,50.0,50.0,50.0,50.0,50.0,50.0,50.0,50.0,50.0,0.0,0.0,0.0,0.0,1.0,1.0,1.0,1.0,1.0,1.0,1.0,1.0,1.0,1.0,1.0,1.0,0.5,0.5,0.5,0.5
1788446250.6153543,123,20.21835400046257,7.853225000872044,10681026,1,0.0,0.0,0.0,-0.035583496,0.56138384,-1.2700237,0.02462307,0.6797228,-1.3649163,-0.06199062,0.60562235,-1.2204212,0.010185838,0.72276604,-1.3291676,27.164001,31.741781,-44.327908,-6.174285,-0.019377619,0.0038755238,0.022242136,0.027128667,-0.011626571,-0.038418237,-0.07363495,0.011626571,0.026286162,-0.054257333,0.08526152,0.0,-0.04263076,-0.054257333,-0.038755238,-0.15889648,-0.017667985,0.5553915,-1.1444577,0.0010343124,0.6801948,-1.2351551,-0.015952053,0.6193123,-1.0929934,-0.017927969,0.72698796,-1.2029006,0.0,0.0,0.0,0.0,0.0,0.0,0.0,0.0,0.0,0.0,0.0,0.0,0.0,0.0,0.0,0.0,-1.9152558,-1.08915,-0.5826577,-0.35665447,50.0,50.0,50.0,50.0,50.0,50.0,50.0,50.0,50.0,50.0,50.0,50.0,0.0,0.0,0.0,0.0,1.0,1.0,1.0,1.0,1.0,1.0,1.0,1.0,1.0,1.0,1.0,1.0,0.5,0.5,0.5,0.5
1788446250.6333847,124,16.813001999253174,5.968213999949512,10681045,1,0.0,0.0,0.0,-0.035553217,0.5614141,-1.2699447,0.024683625,0.6788447,-1.3649952,-0.06196034,0.6065912,-1.2204369,0.010216117,0.72216046,-1.3291676,27.163486,31.741873,-44.328423,-6.1761622,0.0,-0.06200838,0.018198112,-0.019377619,-0.027128667,-0.014154087,-0.11626572,-0.019377619,0.0020220124,-0.03100419,0.027128667,0.0040440247,-0.08913705,0.03100419,-0.015502095,-0.12789229,-0.016009824,0.5536478,-1.1547292,0.0033498653,0.68530864,-1.2226005,-0.01933625,0.6104767,-1.0944924,-0.021464048,0.73438394,-1.1957777,0.0,0.0,0.0,0.0,0.0,0.0,0.0,0.0,0.0,0.0,0.0,0.0,0.0,0.0,0.0,0.0,-1.8271961,-1.1129963,-0.5760545,-0.38925755,50.0,50.0,50.0,50.0,50.0,50.0,50.0,50.0,50.0,50.0,50.0,50.0,0.0,0.0,0.0,0.0,1.0,1.0,1.0,1.0,1.0,1.0,1.0,1.0,1.0,1.0,1.0,1.0,0.5,0.5,0.5,0.5
1788446250.6533124,125,16.288942000755924,7.210285000837757,10681068,1,0.0,0.0,0.0,-0.035583496,0.5610508,-1.2699447,0.024683625,0.67902637,-1.365027,-0.061869502,0.6066518,-1.2204844,0.010246396,0.72231185,-1.329136,27.162306,31.741842,-44.328968,-6.178433,0.065883905,0.023253143,-0.0020220124,0.04263076,-0.046506286,-0.018198112,0.0,0.0077510476,0.014154087,0.019377619,0.14339438,-0.032352198,-0.20540276,0.03100419,-0.09301257,-0.046506286,-0.01514093,0.550172,-1.1542162,0.0027563428,0.6890855,-1.2218373,-0.020349631,0.6061927,-1.0889027,-0.021116363,0.74181384,-1.2061424,0.0,0.0,0.0,0.0,0.0,0.0,0.0,0.0,0.0,0.0,0.0,0.0,0.0,0.0,0.0,0.0,-1.9226384,-1.156715,-0.55502546,-0.31433913,50.0,50.0,50.0,50.0,50.0,50.0,50.0,50.0,50.0,50.0,50.0,50.0,0.0,0.0,0.0,0.0,1.0,1.0,1.0,1.0,1.0,1.0,1.0,1.0,1.0,1.0,1.0,1.0,0.5,0.5,0.5,0.5
1788446250.6828954,126,20.720845999676385,8.070215999396169,10681089,1,0.0,0.0,0.0,-0.035734892,0.5610205,-1.2699921,0.024653347,0.6792686,-1.3649006,-0.061869502,0.605804,-1.2205002,0.010185838,0.7228569,-1.3289939,27.16161,31.74175,-44.328606,-6.1818843,-0.019377619,-0.0077510476,0.018198112,-0.015502095,0.0077510476,-0.03437421,0.03100419,-0.03100419,-0.010110063,-0.038755238,0.0038755238,-0.0080880495,-0.0038755238,-0.081386,0.015502095,-0.23640695,-0.016163934,0.558947,-1.1548533,0.0009821611,0.6839482,-1.2225162,-0.01750946,0.6133694,-1.0871071,-0.017664224,0.7350072,-1.2075088,0.0,0.0,0.0,0.0,0.0,0.0,0.0,0.0,0.0,0.0,0.0,0.0,0.0,0.0,0.0,0.0,-1.8098283,-1.2798964,-0.5411056,-0.29333553,50.0,50.0,50.0,50.0,50.0,50.0,50.0,50.0,50.0,50.0,50.0,50.0,0.0,0.0,0.0,0.0,1.0,1.0,1.0,1.0,1.0,1.0,1.0,1.0,1.0,1.0,1.0,1.0,0.5,0.5,0.5,0.5
1788446250.7047167,127,21.27386599931924,4.262210999513627,10681113,1,0.0,0.0,0.0,-0.035704613,0.5605966,-1.2700237,0.024592793,0.67948055,-1.3648847,-0.06199062,0.6048957,-1.2204686,0.010216117,0.7242799,-1.3290571,27.161184,31.741629,-44.328392,-6.186456,-0.038755238,-0.015502095,-0.052572325,-0.034879714,0.015502095,-0.0020220124,-0.038755238,-0.06200838,0.012132075,0.0,0.065883905,-0.07279245,-0.05813286,-0.027128667,-0.038755238,-0.16664752,-0.016966958,0.5627228,-1.1503717,-0.0005138684,0.67765397,-1.227982,-0.016374504,0.62068194,-1.0882856,-0.016762584,0.72625273,-1.2021054,0.0,0.0,0.0,0.0,0.0,0.0,0.0,0.0,0.0,0.0,0.0,0.0,0.0,0.0,0.0,0.0,-1.8067029,-1.3157855,-0.55723,-0.3292976,50.0,50.0,50.0,50.0,50.0,50.0,50.0,50.0,50.0,50.0,50.0,50.0,0.0,0.0,0.0,0.0,1.0,1.0,1.0,1.0,1.0,1.0,1.0,1.0,1.0,1.0,1.0,1.0,0.5,0.5,0.5,0.5
1788446250.7194734,128,13.375361999351298,5.891287000849843,10681136,1,0.0,0.0,0.0,-0.035553217,0.5607177,-1.2699921,0.024653347,0.6791172,-1.3649006,-0.06196034,0.60495627,-1.2204528,0.010246396,0.7245221,-1.3290887,27.160973,31.741419,-44.328453,-6.1902413,0.09301257,0.019377619,0.0080880495,-0.0038755238,-0.065883905,-0.030330187,0.0,-0.0077510476,0.02426415,-0.015502095,0.034879714,-0.012132075,-0.0038755238,0.0077510476,0.0,-0.054257333,-0.01754328,0.55959445,-1.14541,-0.0009093159,0.681552,-1.2359326,-0.01596835,0.61983895,-1.0884327,-0.016926834,0.7280236,-1.2033386,0.0,0.0,0.0,0.0,0.0,0.0,0.0,0.0,0.0,0.0,0.0,0.0,0.0,0.0,0.0,0.0,-1.8282077,-1.3584318,-0.5865795,-0.26720685,50.0,50.0,50.0,50.0,50.0,50.0,50.0,50.0,50.0,50.0,50.0,50.0,0.0,0.0,0.0,0.0,1.0,1.0,1.0,1.0,1.0,1.0,1.0,1.0,1.0,1.0,1.0,1.0,0.5,0.5,0.5,0.5
1788446250.743415,129,16.883113001313177,7.8311449997272575,10681158,1,0.0,0.0,0.0,-0.035583496,0.56092966,-1.2699763,0.024683625,0.67845106,-1.3649163,-0.062020898,0.6052288,-1.2204369,0.010216117,0.7236441,-1.3290571,27.160246,31.741297,-44.328754,-6.1916337,-0.019377619,-0.038755238,0.0060660373,-0.011626571,-0.04263076,0.020220125,-0.023253143,-0.019377619,-0.02426415,0.04263076,0.034879714,0.0060660373,-0.10076362,0.038755238,-0.06200838,-0.038755238,-0.017415976,0.55507076,-1.1474075,7.4771233e-06,0.6849441,-1.2339228,-0.017317927,0.61434376,-1.090421,-0.018294798,0.732342,-1.2034606,0.0,0.0,0.0,0.0,0.0,0.0,0.0,0.0,0.0,0.0,0.0,0.0,0.0,0.0,0.0,0.0,-1.8397939,-1.2928247,-0.61081076,-0.29197627,50.0,50.0,50.0,50.0,50.0,50.0,50.0,50.0,50.0,50.0,50.0,50.0,0.0,0.0,0.0,0.0,1.0,1.0,1.0,1.0,1.0,1.0,1.0,1.0,1.0,1.0,1.0,1.0,0.5,0.5,0.5,0.5
1788446250.7614572,130,14.381498000147985,5.915126999752829,10681178,1,0.0,0.0,0.0,-0.035583496,0.5608388,-1.2699605,0.024683625,0.67860246,-1.365027,-0.06196034,0.6051682,-1.2204686,0.010185838,0.7236441,-1.3290728,27.158703,31.741114,-44.32906,-6.192118,0.0,0.019377619,0.014154087,0.0,0.027128667,-0.0040440247,0.019377619,-0.027128667,0.0,0.0,0.0038755238,-0.018198112,-0.18990067,-0.015502095,-0.09301257,-0.10076362,-0.015537091,0.5543925,-1.1518196,0.0011198432,0.68389124,-1.2257628,-0.018438946,0.6109304,-1.0909233,-0.018531384,0.7358511,-1.2034186,0.0,0.0,0.0,0.0,0.0,0.0,0.0,0.0,0.0,0.0,0.0,0.0,0.0,0.0,0.0,0.0,-1.8746984,-1.3051925,-0.539511,-0.22836335,50.0,50.0,50.0,50.0,50.0,50.0,50.0,50.0,50.0,50.0,50.0,50.0,0.0,0.0,0.0,0.0,1.0,1.0,1.0,1.0,1.0,1.0,1.0,1.0,1.0,1.0,1.0,1.0,0.5,0.5,0.5,0.5
1788446250.7807207,131,13.572576999649755,4.599936000886373,10681197,1,0.0,0.0,0.0,-0.035613775,0.56050575,-1.2699605,0.024683625,0.678663,-1.365027,-0.06196034,0.6047746,-1.2204844,0.010246396,0.7238863,-1.3290412,27.156069,31.741053,-44.32927,-6.1931176,0.0077510476,-0.015502095,0.020220125,0.038755238,0.011626571,-0.020220125,-0.0038755238,-0.04263076,-0.010110063,0.015502095,0.04263076,0.03437421,-0.15889648,0.0,-0.06200838,-0.038755238,-0.0153127825,0.5564491,-1.1556802,0.00080112973,0.6846685,-1.2249866,-0.018138034,0.61044794,-1.0848796,-0.018560942,0.7371443,-1.2061008,0.0,0.0,0.0,0.0,0.0,0.0,0.0,0.0,0.0,0.0,0.0,0.0,0.0,0.0,0.0,0.0,-1.9031074,-1.3224349,-0.56167835,-0.24824509,50.0,50.0,50.0,50.0,50.0,50.0,50.0,50.0,50.0,50.0,50.0,50.0,0.0,0.0,0.0,0.0,1.0,1.0,1.0,1.0,1.0,1.0,1.0,1.0,1.0,1.0,1.0,1.0,0.5,0.5,0.5,0.5
1788446250.801343,132,14.122045000476646,5.804118998639751,10681218,1,0.0,0.0,0.0,-0.035644054,0.560748,-1.2699921,0.02462307,0.67845106,-1.3649163,-0.06193006,0.6044718,-1.2204844,0.010276675,0.7241588,-1.3290571,27.15289,31.740965,-44.32909,-6.1939654,-0.011626571,-0.05813286,-0.02426415,0.027128667,0.027128667,0.014154087,-0.0038755238,-0.06200838,-0.0020220124,-0.06200838,0.03100419,0.010110063,-0.22090487,0.034879714,-0.03100419,-0.054257333,-0.015162467,0.5573106,-1.1564556,0.00024005352,0.68493646,-1.2228018,-0.018744854,0.6105907,-1.0835537,-0.018854257,0.738654,-1.2111019,0.0,0.0,0.0,0.0,0.0,0.0,0.0,0.0,0.0,0.0,0.0,0.0,0.0,0.0,0.0,0.0,-1.9097716,-1.377021,-0.5909516,-0.2205208,50.0,50.0,50.0,50.0,50.0,50.0,50.0,50.0,50.0,50.0,50.0,50.0,0.0,0.0,0.0,0.0,1.0,1.0,1.0,1.0,1.0,1.0,1.0,1.0,1.0,1.0,1.0,1.0,0.5,0.5,0.5,0.5
1788446250.8246822,133,17.38426200063259,6.106644999817945,10681237,1,0.0,0.0,0.0,-0.035644054,0.5611719,-1.2699763,0.024592793,0.6784208,-1.3649479,-0.061869502,0.6042901,-1.2204528,0.010337234,0.7241588,-1.3291044,27.149286,31.740812,-44.32909,-6.194329,0.0,-0.023253143,0.04044025,0.054257333,0.04263076,-0.026286162,-0.019377619,-0.08913705,0.0080880495,0.023253143,0.0,-0.054594334,-0.24415801,0.0077510476,-0.019377619,0.027128667,-0.016669033,0.5619788,-1.1499939,-0.00050392747,0.6783396,-1.2286805,-0.0154744405,0.6172346,-1.0845945,-0.01662142,0.7315061,-1.2086849,0.0,0.0,0.0,0.0,0.0,0.0,0.0,0.0,0.0,0.0,0.0,0.0,0.0,0.0,0.0,0.0,-1.9203284,-1.2748415,-0.6153227,-0.13721055,50.0,50.0,50.0,50.0,50.0,50.0,50.0,50.0,50.0,50.0,50.0,50.0,0.0,0.0,0.0,0.0,1.0,1.0,1.0,1.0,1.0,1.0,1.0,1.0,1.0,1.0,1.0,1.0,0.5,0.5,0.5,0.5
1788446250.843418,134,15.331892000176595,5.9849179997399915,10681257,1,0.0,0.0,0.0,-0.035613775,0.56165636,-1.2700078,0.024592793,0.67845106,-1.3649006,-0.062020898,0.60410845,-1.2204528,0.010246396,0.72446156,-1.3291835,27.145046,31.740538,-44.32912,-6.1947827,0.015502095,0.0,-0.022242136,0.023253143,0.065883905,-0.018198112,-0.077510476,-0.07363495,-0.020220125,-0.038755238,0.04263076,0.02426415,-0.17439857,0.034879714,0.0038755238,0.0,-0.016286422,0.55996907,-1.1490841,1.7970335e-05,0.6742979,-1.2286513,-0.016097048,0.619421,-1.0899131,-0.016546719,0.72814125,-1.2033515,0.0,0.0,0.0,0.0,0.0,0.0,0.0,0.0,0.0,0.0,0.0,0.0,0.0,0.0,0.0,0.0,-1.9085175,-1.2234838,-0.6335464,-0.14257982,50.0,50.0,50.0,50.0,50.0,50.0,50.0,50.0,50.0,50.0,50.0,50.0,0.0,0.0,0.0,0.0,1.0,1.0,1.0,1.0,1.0,1.0,1.0,1.0,1.0,1.0,1.0,1.0,0.5,0.5,0.5,0.5
1788446250.8647017,135,16.204911000386346,5.970934000288253,10681280,1,0.0,0.0,0.0,-0.035522938,0.5622014,-1.2699763,0.024713902,0.67784554,-1.3649321,-0.06199062,0.60410845,-1.2204369,0.010125279,0.7240377,-1.3291676,27.141142,31.74048,-44.32936,-6.195146,0.065883905,-0.09301257,-0.014154087,0.038755238,-0.015502095,0.022242136,-0.038755238,-0.038755238,0.020220125,-0.09301257,0.038755238,-0.020220125,-0.18602514,0.038755238,-0.08526152,0.0,-0.016685084,0.55729365,-1.149662,0.0014661779,0.6818848,-1.2271291,-0.018070005,0.61436737,-1.090739,-0.018783838,0.7336044,-1.2030483,0.0,0.0,0.0,0.0,0.0,0.0,0.0,0.0,0.0,0.0,0.0,0.0,0.0,0.0,0.0,0.0,-1.898554,-1.1598213,-0.6889364,-0.19496682,50.0,50.0,50.0,50.0,50.0,50.0,50.0,50.0,50.0,50.0,50.0,50.0,0.0,0.0,0.0,0.0,1.0,1.0,1.0,1.0,1.0,1.0,1.0,1.0,1.0,1.0,1.0,1.0,0.5,0.5,0.5,0.5
1788446250.8854501,136,16.369805000067572,5.881461998797022,10681299,1,0.0,0.0,0.0,-0.035522938,0.56235266,-1.2699605,0.024774456,0.67720973,-1.3649479,-0.062020898,0.60413873,-1.2204528,0.010125279,0.7236138,-1.329136,27.138628,31.74048,-44.33042,-6.1951156,0.0,0.015502095,0.032352198,-0.019377619,0.096888095,-0.0485283,0.0,-0.04263076,0.030330187,-0.08526152,0.027128667,-0.014154087,-0.13951886,-0.015502095,-0.14339438,0.05813286,-0.015099321,0.55343574,-1.1560576,0.00228015,0.68131006,-1.2209148,-0.019695787,0.60841185,-1.0929923,-0.019484837,0.7365379,-1.2054223,0.0,0.0,0.0,0.0,0.0,0.0,0.0,0.0,0.0,0.0,0.0,0.0,0.0,0.0,0.0,0.0,-1.888969,-1.179,-0.7253808,-0.23714326,50.0,50.0,50.0,50.0,50.0,50.0,50.0,50.0,50.0,50.0,50.0,50.0,0.0,0.0,0.0,0.0,1.0,1.0,1.0,1.0,1.0,1.0,1.0,1.0,1.0,1.0,1.0,1.0,0.5,0.5,0.5,0.5
1788446250.905434,137,16.28231700124161,4.992956999558373,10681320,1,0.0,0.0,0.0,-0.035644054,0.5624132,-1.2699605,0.02474418,0.6774217,-1.3649321,-0.06199062,0.6040782,-1.2204686,0.010125279,0.72367436,-1.329136,27.137144,31.74048,-44.33239,-6.1955094,-0.054257333,0.027128667,0.028308174,0.015502095,0.011626571,0.0040440247,0.019377619,-0.065883905,0.026286162,-0.038755238,-0.015502095,0.0040440247,-0.011626571,0.04263076,-0.12789229,-0.096888095,-0.01506264,0.5548876,-1.1594245,0.002380855,0.68568134,-1.218473,-0.020310387,0.60685503,-1.0881704,-0.021293618,0.74068856,-1.2059269,0.0,0.0,0.0,0.0,0.0,0.0,0.0,0.0,0.0,0.0,0.0,0.0,0.0,0.0,0.0,0.0,-1.8318695,-1.185493,-0.6268053,-0.29499954,50.0,50.0,50.0,50.0,50.0,50.0,50.0,50.0,50.0,50.0,50.0,50.0,0.0,0.0,0.0,0.0,1.0,1.0,1.0,1.0,1.0,1.0,1.0,1.0,1.0,1.0,1.0,1.0,0.5,0.5,0.5,0.5
1788446250.924253,138,15.031957998871803,4.156162998697255,10681340,1,0.0,0.0,0.0,-0.035613775,0.56223166,-1.2699763,0.024683625,0.67720973,-1.3648847,-0.06199062,0.6040176,-1.2204686,0.010246396,0.7237955,-1.329136,27.137114,31.74042,-44.335236,-6.197114,0.05813286,-0.011626571,0.032352198,-0.0077510476,0.019377619,-0.0080880495,-0.038755238,-0.011626571,0.030330187,0.0038755238,-0.019377619,-0.020220125,-0.05038181,0.07363495,-0.18990067,-0.05813286,-0.015783707,0.55828977,-1.155442,0.00080185896,0.68092114,-1.2221193,-0.018363524,0.6109969,-1.0853059,-0.019237751,0.73577225,-1.2076724,0.0,0.0,0.0,0.0,0.0,0.0,0.0,0.0,0.0,0.0,0.0,0.0,0.0,0.0,0.0,0.0,-1.8533347,-1.2692401,-0.67655176,-0.2280882,50.0,50.0,50.0,50.0,50.0,50.0,50.0,50.0,50.0,50.0,50.0,50.0,0.0,0.0,0.0,0.0,1.0,1.0,1.0,1.0,1.0,1.0,1.0,1.0,1.0,1.0,1.0,1.0,0.5,0.5,0.5,0.5
1788446250.9454346,139,16.14353500008292,5.992501000946504,10681359,1,0.0,0.0,0.0,-0.035583496,0.5621408,-1.2700237,0.024774456,0.6773914,-1.3648847,-0.062020898,0.6040479,-1.2204369,0.010155559,0.7242496,-1.329136,27.137144,31.74042,-44.338566,-6.199143,0.09301257,-0.04263076,-0.0080880495,0.05038181,0.023253143,-0.020220125,-0.038755238,0.015502095,0.046506286,-0.023253143,-0.011626571,-0.026286162,0.023253143,-0.011626571,-0.20540276,-0.11239019,-0.018193189,0.5592766,-1.1435697,-0.0009003831,0.6769338,-1.2369355,-0.01431784,0.61726964,-1.0878356,-0.016537568,0.72827756,-1.2089502,0.0,0.0,0.0,0.0,0.0,0.0,0.0,0.0,0.0,0.0,0.0,0.0,0.0,0.0,0.0,0.0,-1.8437845,-1.2865386,-0.7632154,-0.19886613,50.0,50.0,50.0,50.0,50.0,50.0,50.0,50.0,50.0,50.0,50.0,50.0,0.0,0.0,0.0,0.0,1.0,1.0,1.0,1.0,1.0,1.0,1.0,1.0,1.0,1.0,1.0,1.0,0.5,0.5,0.5,0.5
1788446250.9673269,140,17.965794000701862,7.265389000167488,10681380,1,0.0,0.0,0.0,-0.035522938,0.5620197,-1.2700078,0.024835013,0.6771189,-1.3648531,-0.062111735,0.60422957,-1.2204369,0.010064721,0.7242799,-1.3291519,27.137054,31.74042,-44.342625,-6.201383,0.011626571,-0.046506286,-0.0060660373,0.04263076,0.06200838,0.038418237,-0.04263076,0.0,0.010110063,0.015502095,0.038755238,-0.018198112,0.03100419,0.05813286,-0.2286559,-0.07363495,-0.01755612,0.5562966,-1.1421379,0.00096022105,0.6752517,-1.2351638,-0.01488572,0.6186688,-1.09459,-0.016422693,0.7258726,-1.2036495,0.0,0.0,0.0,0.0,0.0,0.0,0.0,0.0,0.0,0.0,0.0,0.0,0.0,0.0,0.0,0.0,-1.7793041,-1.2270083,-0.79559267,-0.22151923,50.0,50.0,50.0,50.0,50.0,50.0,50.0,50.0,50.0,50.0,50.0,50.0,0.0,0.0,0.0,0.0,1.0,1.0,1.0,1.0,1.0,1.0,1.0,1.0,1.0,1.0,1.0,1.0,0.5,0.5,0.5,0.5
1788446250.9852667,141,15.17765300013707,4.163747000347939,10681400,1,0.0,0.0,0.0,-0.035522938,0.5617775,-1.2699447,0.02486529,0.67648304,-1.3650427,-0.062081456,0.6048049,-1.2204369,0.010064721,0.7237349,-1.329136,27.136871,31.74042,-44.34659,-6.2021704,0.019377619,0.015502095,0.030330187,0.06200838,0.0,0.0,-0.10463915,-0.05813286,0.030330187,-0.023253143,0.05813286,0.018198112,-0.038755238,0.034879714,-0.2092783,0.0077510476,-0.015932744,0.54985857,-1.1488878,0.0032797367,0.6797396,-1.2246133,-0.018025786,0.6109386,-1.0974276,-0.019461995,0.73373824,-1.200407,0.0,0.0,0.0,0.0,0.0,0.0,0.0,0.0,0.0,0.0,0.0,0.0,0.0,0.0,0.0,0.0,-1.8098905,-1.125448,-0.6425643,-0.20250794,50.0,50.0,50.0,50.0,50.0,50.0,50.0,50.0,50.0,50.0,50.0,50.0,0.0,0.0,0.0,0.0,1.0,1.0,1.0,1.0,1.0,1.0,1.0,1.0,1.0,1.0,1.0,1.0,0.5,0.5,0.5,0.5
1788446251.0072653,142,16.763370000262512,5.100059999676887,10681421,1,0.0,0.0,0.0,-0.035522938,0.56138384,-1.2699289,0.024895567,0.675605,-1.3650743,-0.06199062,0.6051682,-1.2204528,0.010064721,0.7230991,-1.3291203,27.136782,31.74045,-44.3498,-6.2022915,0.0077510476,-0.038755238,0.020220125,0.03100419,-0.038755238,-0.032352198,0.0,0.011626571,0.056616347,-0.08913705,0.03100419,-0.014154087,-0.023253143,0.0,-0.18602514,0.011626571,-0.015285814,0.55377614,-1.1570468,0.0032028328,0.6899583,-1.2212394,-0.019378038,0.6063107,-1.0903339,-0.020944823,0.739787,-1.200717,0.0,0.0,0.0,0.0,0.0,0.0,0.0,0.0,0.0,0.0,0.0,0.0,0.0,0.0,0.0,0.0,-1.7531115,-1.2069999,-0.6011282,-0.26771742,50.0,50.0,50.0,50.0,50.0,50.0,50.0,50.0,50.0,50.0,50.0,50.0,0.0,0.0,0.0,0.0,1.0,1.0,1.0,1.0,1.0,1.0,1.0,1.0,1.0,1.0,1.0,1.0,0.5,0.5,0.5,0.5
1788446251.0253544,143,14.313597001091694,6.018230000336189,10681442,1,0.0,0.0,0.0,-0.035583496,0.5607177,-1.2699605,0.024956122,0.67554444,-1.3649163,-0.062020898,0.60498655,-1.2204844,0.010095,0.72334135,-1.3290887,27.136812,31.74048,-44.3518,-6.2025943,0.04263076,-0.08526152,0.0020220124,0.05038181,-0.054257333,0.016176099,0.06200838,0.034879714,0.022242136,0.019377619,0.054257333,0.0,-0.0038755238,0.019377619,-0.034879714,-0.054257333,-0.016280787,0.5580497,-1.1494966,0.0013645715,0.68558997,-1.2283423,-0.017070921,0.61218095,-1.0875245,-0.018150724,0.7357186,-1.2089665,0.0,0.0,0.0,0.0,0.0,0.0,0.0,0.0,0.0,0.0,0.0,0.0,0.0,0.0,0.0,0.0,-1.7879093,-1.3587716,-0.61017823,-0.24066651,50.0,50.0,50.0,50.0,50.0,50.0,50.0,50.0,50.0,50.0,50.0,50.0,0.0,0.0,0.0,0.0,1.0,1.0,1.0,1.0,1.0,1.0,1.0,1.0,1.0,1.0,1.0,1.0,0.5,0.5,0.5,0.5
1788446251.0512483,144,20.136499999352964,7.96032899961574,10681461,1,0.0,0.0,0.0,-0.035522938,0.560748,-1.2699921,0.0249864,0.6763619,-1.3649006,-0.062111735,0.6045021,-1.2204528,0.010095,0.72370464,-1.3290728,27.136782,31.740358,-44.351856,-6.204744,0.038755238,0.0,0.020220125,0.015502095,0.077510476,-0.014154087,-0.038755238,0.0,0.020220125,0.04263076,-0.011626571,-0.020220125,-0.05813286,0.034879714,0.0038755238,-0.12401676,-0.01563723,0.5573775,-1.148169,0.0004455275,0.6767577,-1.2325835,-0.01494769,0.6160512,-1.0891396,-0.01605152,0.72924936,-1.2083446,0.0,0.0,0.0,0.0,0.0,0.0,0.0,0.0,0.0,0.0,0.0,0.0,0.0,0.0,0.0,0.0,-1.8191328,-1.4611584,-0.6347209,-0.22234128,50.0,50.0,50.0,50.0,50.0,50.0,50.0,50.0,50.0,50.0,50.0,50.0,0.0,0.0,0.0,0.0,1.0,1.0,1.0,1.0,1.0,1.0,1.0,1.0,1.0,1.0,1.0,1.0,0.5,0.5,0.5,0.5
1788446251.0675006,145,16.105967999465065,6.605394000871456,10681482,1,0.0,0.0,0.0,-0.03549266,0.560748,-1.2699763,0.024925845,0.6759683,-1.3649952,-0.062111735,0.60456264,-1.2204528,0.010125279,0.72382575,-1.3291676,27.13669,31.740114,-44.35198,-6.2074995,0.05813286,0.0,-0.0080880495,0.019377619,0.015502095,-0.050550308,-0.05038181,-0.06200838,0.014154087,0.0,-0.015502095,-0.020220125,-0.038755238,0.0038755238,-0.065883905,-0.10076362,-0.016392263,0.55538005,-1.1471087,0.0004301858,0.6788399,-1.2329478,-0.015531536,0.6154299,-1.0890652,-0.017097149,0.7310922,-1.2067709,0.0,0.0,0.0,0.0,0.0,0.0,0.0,0.0,0.0,0.0,0.0,0.0,0.0,0.0,0.0,0.0,-1.7580312,-1.4643822,-0.6482004,-0.20857407,50.0,50.0,50.0,50.0,50.0,50.0,50.0,50.0,50.0,50.0,50.0,50.0,0.0,0.0,0.0,0.0,1.0,1.0,1.0,1.0,1.0,1.0,1.0,1.0,1.0,1.0,1.0,1.0,0.5,0.5,0.5,0.5
1788446251.0912597,146,19.12341899878811,6.999760000326205,10681501,1,0.0,0.0,0.0,-0.035371542,0.5605663,-1.2699763,0.024956122,0.6748481,-1.3649795,-0.062051177,0.6046232,-1.2204844,0.010125279,0.72346246,-1.329136,27.13654,31.739538,-44.352222,-6.209528,0.054257333,-0.05038181,-0.014154087,0.0,0.0038755238,-0.0020220124,-0.054257333,0.04263076,-0.012132075,-0.038755238,0.065883905,0.012132075,-0.05038181,0.011626571,-0.038755238,-0.046506286,-0.016852645,0.5545328,-1.1483546,0.0009179185,0.6769321,-1.2275151,-0.016654024,0.61285394,-1.0916706,-0.016209302,0.73266774,-1.208067,0.0,0.0,0.0,0.0,0.0,0.0,0.0,0.0,0.0,0.0,0.0,0.0,0.0,0.0,0.0,0.0,-1.7959764,-1.43329,-0.6351581,-0.17988591,50.0,50.0,50.0,50.0,50.0,50.0,50.0,50.0,50.0,50.0,50.0,50.0,0.0,0.0,0.0,0.0,1.0,1.0,1.0,1.0,1.0,1.0,1.0,1.0,1.0,1.0,1.0,1.0,0.5,0.5,0.5,0.5
1788446251.111286,147,19.127194998873165,6.8713439995917724,10681522,1,0.0,0.0,0.0,-0.03540182,0.5601727,-1.2699447,0.024956122,0.6748481,-1.3649952,-0.06199062,0.60453236,-1.2204528,0.010095,0.7234019,-1.3291676,27.136509,31.738813,-44.352886,-6.2098308,0.038755238,-0.015502095,0.04044025,0.0,0.034879714,0.0,0.05038181,-0.054257333,0.014154087,-0.09301257,-0.03100419,-0.03437421,0.019377619,0.03100419,-0.077510476,0.05813286,-0.015833162,0.5570955,-1.1540145,0.0010117372,0.6805802,-1.2264282,-0.017345222,0.61096144,-1.0903229,-0.016876416,0.73539007,-1.2082226,0.0,0.0,0.0,0.0,0.0,0.0,0.0,0.0,0.0,0.0,0.0,0.0,0.0,0.0,0.0,0.0,-1.7708772,-1.3432413,-0.6476511,-0.18134329,50.0,50.0,50.0,50.0,50.0,50.0,50.0,50.0,50.0,50.0,50.0,50.0,0.0,0.0,0.0,0.0,1.0,1.0,1.0,1.0,1.0,1.0,1.0,1.0,1.0,1.0,1.0,1.0,0.5,0.5,0.5,0.5
1788446251.1284554,148,15.884913000263623,6.1140050001995405,10681544,1,0.0,0.0,0.0,-0.0354321,0.55993056,-1.2699605,0.024956122,0.67472696,-1.3649479,-0.06199062,0.6044718,-1.2204844,0.010246396,0.7234019,-1.3291519,27.136417,31.737268,-44.353825,-6.209952,0.046506286,-0.015502095,0.020220125,0.03100419,0.05038181,0.0,0.046506286,-0.0038755238,-0.014154087,0.06975943,0.038755238,-0.014154087,-0.06200838,-0.0038755238,-0.096888095,0.0,-0.015534969,0.5581896,-1.1514585,0.001096658,0.68191224,-1.2304022,-0.01657398,0.61401653,-1.085648,-0.01697545,0.73431444,-1.2080518,0.0,0.0,0.0,0.0,0.0,0.0,0.0,0.0,0.0,0.0,0.0,0.0,0.0,0.0,0.0,0.0,-1.8553317,-1.3504523,-0.6337296,-0.2256641,50.0,50.0,50.0,50.0,50.0,50.0,50.0,50.0,50.0,50.0,50.0,50.0,0.0,0.0,0.0,0.0,1.0,1.0,1.0,1.0,1.0,1.0,1.0,1.0,1.0,1.0,1.0,1.0,0.5,0.5,0.5,0.5
1788446251.149464,149,16.39147000059893,7.332077000683057,10681563,1,0.0,0.0,0.0,-0.03540182,0.5598397,-1.2699763,0.024925845,0.6748481,-1.3649479,-0.062051177,0.6043204,-1.2204686,0.010185838,0.72346246,-1.3291519,27.136448,31.736391,-44.354794,-6.2101636,0.054257333,-0.05813286,0.022242136,-0.015502095,0.015502095,0.0040440247,-0.011626571,-0.038755238,0.0,-0.038755238,-0.015502095,-0.0080880495,-0.04263076,0.027128667,-0.09301257,-0.027128667,-0.015569004,0.5581733,-1.1493605,0.001215749,0.679889,-1.2323579,-0.016312959,0.61573803,-1.0890834,-0.016774774,0.7306646,-1.2066416,0.0,0.0,0.0,0.0,0.0,0.0,0.0,0.0,0.0,0.0,0.0,0.0,0.0,0.0,0.0,0.0,-1.8862703,-1.469021,-0.64581543,-0.2400703,50.0,50.0,50.0,50.0,50.0,50.0,50.0,50.0,50.0,50.0,50.0,50.0,0.0,0.0,0.0,0.0,1.0,1.0,1.0,1.0,1.0,1.0,1.0,1.0,1.0,1.0,1.0,1.0,0.5,0.5,0.5,0.5
1788446251.1692846,150,16.141648000484565,7.752425999569823,10681584,1,0.0,0.0,0.0,-0.03540182,0.55987,-1.2699763,0.024956122,0.6749389,-1.3649952,-0.06199062,0.60438097,-1.2204369,0.010185838,0.7233716,-1.3291519,27.136206,31.735785,-44.35537,-6.2111025,0.04263076,-0.015502095,0.0080880495,0.07363495,0.04263076,-0.020220125,0.011626571,-0.05038181,0.020220125,-0.015502095,0.0,-0.0040440247,-0.0077510476,0.05813286,-0.046506286,-0.077510476,-0.015068923,0.5541213,-1.1516446,0.0015189149,0.6809221,-1.2300122,-0.017008966,0.61120707,-1.0901468,-0.017991014,0.7338067,-1.2071912,0.0,0.0,0.0,0.0,0.0,0.0,0.0,0.0,0.0,0.0,0.0,0.0,0.0,0.0,0.0,0.0,-1.8989136,-1.4246335,-0.6709397,-0.2826744,50.0,50.0,50.0,50.0,50.0,50.0,50.0,50.0,50.0,50.0,50.0,50.0,0.0,0.0,0.0,0.0,1.0,1.0,1.0,1.0,1.0,1.0,1.0,1.0,1.0,1.0,1.0,1.0,0.5,0.5,0.5,0.5
1788446251.208211,151,29.97118300118018,6.755856999006937,10681606,1,0.0,0.0,0.0,-0.03540182,0.55987,-1.2699605,0.024956122,0.6749692,-1.3650111,-0.062020898,0.6044718,-1.2204686,0.010185838,0.72318995,-1.3291203,27.135843,31.733908,-44.355522,-6.213161,0.05038181,-0.03100419,0.020220125,0.046506286,0.09301257,-0.028308174,-0.019377619,0.0,-0.0020220124,-0.046506286,0.011626571,0.030330187,-0.038755238,-0.08913705,0.011626571,-0.054257333,-0.015544019,0.55306315,-1.1503085,0.0015791324,0.6775587,-1.2272437,-0.016977925,0.6118331,-1.0917325,-0.017580599,0.73372334,-1.2084582,0.0,0.0,0.0,0.0,0.0,0.0,0.0,0.0,0.0,0.0,0.0,0.0,0.0,0.0,0.0,0.0,-1.9181406,-1.4324027,-0.64782906,-0.23938772,50.0,50.0,50.0,50.0,50.0,50.0,50.0,50.0,50.0,50.0,50.0,50.0,0.0,0.0,0.0,0.0,1.0,1.0,1.0,1.0,1.0,1.0,1.0,1.0,1.0,1.0,1.0,1.0,0.5,0.5,0.5,0.5
1788446251.2273684,152,18.585982999866246,4.100194999409723,10681640,1,0.0,0.0,0.0,-0.03540182,0.55935526,-1.2699763,0.0249864,0.6752417,-1.3649795,-0.062051177,0.604169,-1.2204528,0.010095,0.723523,-1.3291676,27.135267,31.732061,-44.355854,-6.213918,0.038755238,-0.034879714,0.0,-0.038755238,0.06200838,-0.010110063,-0.019377619,0.023253143,0.028308174,-0.046506286,0.05813286,-0.05863836,-0.023253143,0.0077510476,0.019377619,-0.03100419,-0.017166166,0.5570458,-1.1475444,0.0016314513,0.6749489,-1.2287163,-0.016233994,0.61654806,-1.0938642,-0.015850298,0.7293239,-1.2065859,0.0,0.0,0.0,0.0,0.0,0.0,0.0,0.0,0.0,0.0,0.0,0.0,0.0,0.0,0.0,0.0,-1.871923,-1.4259002,-0.653749,-0.25549996,50.0,50.0,50.0,50.0,50.0,50.0,50.0,50.0,50.0,50.0,50.0,50.0,0.0,0.0,0.0,0.0,1.0,1.0,1.0,1.0,1.0,1.0,1.0,1.0,1.0,1.0,1.0,1.0,0.5,0.5,0.5,0.5
1788446251.2473805,153,18.128482000975055,7.83962500099733,10681660,1,0.0,0.0,0.0,-0.035371542,0.55923414,-1.2699763,0.025046956,0.6749995,-1.3649638,-0.062081456,0.604169,-1.2204844,0.010155559,0.7235533,-1.329136,27.134874,31.731638,-44.356007,-6.2138877,-0.0077510476,-0.011626571,0.0,0.0,-0.054257333,-0.038418237,-0.03100419,-0.03100419,-0.014154087,0.054257333,0.08913705,0.012132075,-0.065883905,-0.065883905,-0.065883905,0.038755238,-0.015191934,0.5550608,-1.1533732,0.001974505,0.6805667,-1.2230632,-0.018137662,0.6123096,-1.0911206,-0.018388316,0.73453146,-1.2055594,0.0,0.0,0.0,0.0,0.0,0.0,0.0,0.0,0.0,0.0,0.0,0.0,0.0,0.0,0.0,0.0,-1.8921087,-1.4716849,-0.60578394,-0.3158024,50.0,50.0,50.0,50.0,50.0,50.0,50.0,50.0,50.0,50.0,50.0,50.0,0.0,0.0,0.0,0.0,1.0,1.0,1.0,1.0,1.0,1.0,1.0,1.0,1.0,1.0,1.0,1.0,0.5,0.5,0.5,0.5
1788446251.2648408,154,15.52139600062219,5.928567001319607,10681680,1,0.0,0.0,0.0,-0.0354321,0.559325,-1.2699605,0.025046956,0.6747875,-1.3649795,-0.062020898,0.6043204,-1.2205002,0.010216117,0.7231597,-1.3291676,27.13454,31.731,-44.356037,-6.2139482,0.0,-0.05038181,0.0080880495,0.05038181,0.0038755238,0.0040440247,-0.03100419,-0.038755238,-0.016176099,-0.015502095,0.054257333,-0.056616347,-0.054257333,-0.027128667,-0.038755238,0.04263076,-0.015359686,0.5546926,-1.1510676,0.001668083,0.6800872,-1.2224456,-0.018044502,0.6108459,-1.0891871,-0.019310739,0.7364472,-1.2079062,0.0,0.0,0.0,0.0,0.0,0.0,0.0,0.0,0.0,0.0,0.0,0.0,0.0,0.0,0.0,0.0,-1.9059799,-1.4459481,-0.5814714,-0.2367546,50.0,50.0,50.0,50.0,50.0,50.0,50.0,50.0,50.0,50.0,50.0,50.0,0.0,0.0,0.0,0.0,1.0,1.0,1.0,1.0,1.0,1.0,1.0,1.0,1.0,1.0,1.0,1.0,0.5,0.5,0.5,0.5
1788446251.2847695,155,14.278716000262648,5.3908749996480765,10681702,1,0.0,0.0,0.0,-0.0354321,0.559325,-1.2700078,0.025016677,0.6752114,-1.3649321,-0.062111735,0.60422957,-1.2204528,0.010185838,0.7233716,-1.329136,27.134237,31.729277,-44.356007,-6.2143116,-0.04263076,-0.06200838,-0.036396224,0.038755238,0.077510476,-0.030330187,-0.08913705,0.0,0.038418237,0.015502095,0.038755238,-0.014154087,-0.05813286,-0.13176781,0.05038181,-0.027128667,-0.015634816,0.5569017,-1.1498593,6.84713e-05,0.67603844,-1.2257677,-0.017222956,0.6129339,-1.0886679,-0.017522065,0.7313372,-1.2054493,0.0,0.0,0.0,0.0,0.0,0.0,0.0,0.0,0.0,0.0,0.0,0.0,0.0,0.0,0.0,0.0,-1.9473245,-1.4265858,-0.5966108,-0.23502967,50.0,50.0,50.0,50.0,50.0,50.0,50.0,50.0,50.0,50.0,50.0,50.0,0.0,0.0,0.0,0.0,1.0,1.0,1.0,1.0,1.0,1.0,1.0,1.0,1.0,1.0,1.0,1.0,0.5,0.5,0.5,0.5
1788446251.3065782,156,15.548692001175368,5.857367001226521,10681722,1,0.0,0.0,0.0,-0.035371542,0.559325,-1.2699763,0.0249864,0.6754233,-1.3649163,-0.062081456,0.6040782,-1.2204528,0.010064721,0.7236441,-1.329136,27.134117,31.726461,-44.356037,-6.215432,0.05038181,-0.0077510476,0.0060660373,-0.019377619,0.09301257,-0.032352198,0.0077510476,-0.0038755238,0.022242136,-0.038755238,0.038755238,0.0040440247,0.0077510476,-0.2286559,-0.023253143,-0.06975943,-0.016293049,0.5572115,-1.1446283,4.19938e-05,0.6749934,-1.2331717,-0.016363563,0.6175377,-1.0907882,-0.016341856,0.7278603,-1.2062695,0.0,0.0,0.0,0.0,0.0,0.0,0.0,0.0,0.0,0.0,0.0,0.0,0.0,0.0,0.0,0.0,-1.9001272,-1.4779742,-0.6489278,-0.27096516,50.0,50.0,50.0,50.0,50.0,50.0,50.0,50.0,50.0,50.0,50.0,50.0,0.0,0.0,0.0,0.0,1.0,1.0,1.0,1.0,1.0,1.0,1.0,1.0,1.0,1.0,1.0,1.0,0.5,0.5,0.5,0.5
1788446251.327363,157,16.26695899904007,6.0435420000430895,10681741,1,0.0,0.0,0.0,-0.035371542,0.55935526,-1.2699763,0.025016677,0.67551416,-1.3649479,-0.062051177,0.6040479,-1.2204686,0.010125279,0.7234019,-1.3291203,27.133753,31.723131,-44.356068,-6.216613,0.0038755238,0.0038755238,-0.0020220124,0.019377619,0.054257333,-0.044484273,0.03100419,-0.046506286,-0.018198112,0.038755238,-0.0077510476,-0.020220125,-0.09301257,-0.19377619,-0.0077510476,0.0,-0.016687268,0.555168,-1.1457034,0.0003003818,0.68301654,-1.2344728,-0.016426474,0.61571425,-1.088417,-0.01761367,0.73225665,-1.2075425,0.0,0.0,0.0,0.0,0.0,0.0,0.0,0.0,0.0,0.0,0.0,0.0,0.0,0.0,0.0,0.0,-1.9066298,-1.5001752,-0.64168364,-0.3158355,50.0,50.0,50.0,50.0,50.0,50.0,50.0,50.0,50.0,50.0,50.0,50.0,0.0,0.0,0.0,0.0,1.0,1.0,1.0,1.0,1.0,1.0,1.0,1.0,1.0,1.0,1.0,1.0,0.5,0.5,0.5,0.5
1788446251.3473675,158,16.206319000048097,5.869143000381882,10681762,1,0.0,0.0,0.0,-0.035371542,0.559325,-1.2699447,0.025016677,0.67569584,-1.3649952,-0.062051177,0.6041993,-1.2204686,0.010155559,0.7231294,-1.329136,27.13339,31.720255,-44.35637,-6.216825,0.027128667,-0.0077510476,0.018198112,0.05038181,0.04263076,-0.0020220124,-0.011626571,-0.0077510476,0.010110063,-0.038755238,0.0,-0.042462263,-0.034879714,-0.096888095,-0.10076362,0.034879714,-0.014742405,0.551933,-1.1539909,0.0011488949,0.6842175,-1.2251438,-0.018398752,0.60887337,-1.0890132,-0.018894035,0.7395478,-1.2096428,0.0,0.0,0.0,0.0,0.0,0.0,0.0,0.0,0.0,0.0,0.0,0.0,0.0,0.0,0.0,0.0,-1.9030287,-1.4871898,-0.60655093,-0.22241682,50.0,50.0,50.0,50.0,50.0,50.0,50.0,50.0,50.0,50.0,50.0,50.0,0.0,0.0,0.0,0.0,1.0,1.0,1.0,1.0,1.0,1.0,1.0,1.0,1.0,1.0,1.0,1.0,0.5,0.5,0.5,0.5
1788446251.3686838,159,17.45037399996363,5.943190999460057,10681781,1,0.0,0.0,0.0,-0.0354321,0.5592947,-1.2699447,0.0249864,0.6774217,-1.3650584,-0.06199062,0.60422957,-1.2204844,0.010185838,0.72331107,-1.329136,27.13324,31.716528,-44.356853,-6.2170067,-0.0077510476,0.011626571,0.020220125,0.0038755238,0.08526152,0.014154087,-0.0038755238,0.0038755238,-0.020220125,0.019377619,0.038755238,-0.022242136,-0.038755238,-0.21702933,-0.027128667,0.015502095,-0.015129773,0.5568156,-1.1562603,0.0010945811,0.67693126,-1.221944,-0.017841272,0.6105761,-1.0902942,-0.017264372,0.73517317,-1.2071695,0.0,0.0,0.0,0.0,0.0,0.0,0.0,0.0,0.0,0.0,0.0,0.0,0.0,0.0,0.0,0.0,-1.9191267,-1.4864343,-0.6106638,-0.1894523,50.0,50.0,50.0,50.0,50.0,50.0,50.0,50.0,50.0,50.0,50.0,50.0,0.0,0.0,0.0,0.0,1.0,1.0,1.0,1.0,1.0,1.0,1.0,1.0,1.0,1.0,1.0,1.0,0.5,0.5,0.5,0.5
1788446251.388282,160,16.98218599995016,4.1240669997932855,10681801,1,0.0,0.0,0.0,-0.035371542,0.5589919,-1.2699763,0.0249864,0.67829967,-1.3649321,-0.062081456,0.6038965,-1.2204528,0.010125279,0.72385603,-1.329136,27.133148,31.710745,-44.357098,-6.2173395,0.05813286,-0.034879714,0.0,0.034879714,0.019377619,0.028308174,-0.08526152,-0.038755238,0.036396224,-0.07363495,-0.027128667,0.014154087,-0.038755238,-0.36429924,-0.019377619,-0.019377619,-0.016004998,0.5616397,-1.1536903,-0.0006397343,0.6770879,-1.2241004,-0.01690111,0.6156459,-1.0867574,-0.01620774,0.7318919,-1.2048634,0.0,0.0,0.0,0.0,0.0,0.0,0.0,0.0,0.0,0.0,0.0,0.0,0.0,0.0,0.0,0.0,-1.90065,-1.5098792,-0.6198987,-0.20696673,50.0,50.0,50.0,50.0,50.0,50.0,50.0,50.0,50.0,50.0,50.0,50.0,0.0,0.0,0.0,0.0,1.0,1.0,1.0,1.0,1.0,1.0,1.0,1.0,1.0,1.0,1.0,1.0,0.5,0.5,0.5,0.5
1788446251.41135,161,19.979605000116862,7.979719999639201,10681822,1,0.0,0.0,0.0,-0.035371542,0.55905247,-1.2700078,0.025046956,0.6785116,-1.3649006,-0.062142015,0.6038057,-1.2204844,0.010064721,0.72367436,-1.3291203,27.133118,31.704813,-44.357277,-6.2173395,0.0038755238,0.03100419,-0.028308174,0.038755238,0.10851467,-0.028308174,-0.04263076,-0.0038755238,-0.022242136,-0.06200838,0.077510476,0.020220125,0.015502095,-0.31391743,0.015502095,0.10463915,-0.016928399,0.5572183,-1.1466619,-0.0001576799,0.6720866,-1.22848,-0.016973002,0.6172229,-1.0917418,-0.015134564,0.7286257,-1.2084936,0.0,0.0,0.0,0.0,0.0,0.0,0.0,0.0,0.0,0.0,0.0,0.0,0.0,0.0,0.0,0.0,-1.9498497,-1.433493,-0.6497228,-0.1975581,50.0,50.0,50.0,50.0,50.0,50.0,50.0,50.0,50.0,50.0,50.0,50.0,0.0,0.0,0.0,0.0,1.0,1.0,1.0,1.0,1.0,1.0,1.0,1.0,1.0,1.0,1.0,1.0,0.5,0.5,0.5,0.5
1788446251.4315143,162,19.232250000641216,7.793417998982477,10681841,1,0.0,0.0,0.0,-0.035341263,0.55935526,-1.2699763,0.025077233,0.67902637,-1.3649163,-0.062202573,0.6038965,-1.2204528,0.010064721,0.7234322,-1.3291203,27.132875,31.699938,-44.358276,-6.2174,-0.04263076,0.019377619,0.018198112,0.038755238,0.019377619,-0.05863836,-0.038755238,0.019377619,0.0,0.038755238,0.046506286,-0.020220125,0.0077510476,-0.2286559,-0.12789229,0.0,-0.01608947,0.5564124,-1.1491914,-6.985525e-05,0.68367296,-1.2289774,-0.01714604,0.6138878,-1.0862808,-0.018669976,0.7337068,-1.2061539,0.0,0.0,0.0,0.0,0.0,0.0,0.0,0.0,0.0,0.0,0.0,0.0,0.0,0.0,0.0,0.0,-1.9080877,-1.2565281,-0.63669217,-0.22760838,50.0,50.0,50.0,50.0,50.0,50.0,50.0,50.0,50.0,50.0,50.0,50.0,0.0,0.0,0.0,0.0,1.0,1.0,1.0,1.0,1.0,1.0,1.0,1.0,1.0,1.0,1.0,1.0,0.5,0.5,0.5,0.5
1788446251.4494123,163,16.68289199915307,4.773727001520456,10681864,1,0.0,0.0,0.0,-0.03540182,0.5590222,-1.2699605,0.025046956,0.6791172,-1.3649479,-0.062202573,0.604169,-1.2204844,0.010125279,0.7230083,-1.329136,27.13236,31.696154,-44.36067,-6.2174,-0.06200838,-0.046506286,0.0,-0.027128667,0.0,-0.044484273,-0.081386,0.027128667,0.0020220124,0.0,0.027128667,-0.0060660373,-0.05038181,-0.08913705,-0.19765173,0.0,-0.01465339,0.5574554,-1.156256,0.0013284297,0.6840397,-1.2206888,-0.019474396,0.6102555,-1.0881536,-0.020563355,0.7377446,-1.2026156,0.0,0.0,0.0,0.0,0.0,0.0,0.0,0.0,0.0,0.0,0.0,0.0,0.0,0.0,0.0,0.0,-1.9272993,-1.2935549,-0.59343684,-0.29544577,50.0,50.0,50.0,50.0,50.0,50.0,50.0,50.0,50.0,50.0,50.0,50.0,0.0,0.0,0.0,0.0,1.0,1.0,1.0,1.0,1.0,1.0,1.0,1.0,1.0,1.0,1.0,1.0,0.5,0.5,0.5,0.5
1788446251.470196,164,17.09434500116913,6.042678000085289,10681884,1,0.0,0.0,0.0,-0.03540182,0.55896163,-1.2699605,0.025046956,0.67999524,-1.3649795,-0.062081456,0.6041993,-1.2204686,0.010095,0.72303855,-1.3291044,27.131634,31.69567,-44.363907,-6.2174606,-0.015502095,-0.05038181,0.014154087,0.0,0.023253143,-0.032352198,-0.046506286,-0.046506286,-0.020220125,0.019377619,-0.015502095,0.016176099,-0.06200838,-0.019377619,-0.20540276,-0.019377619,-0.015781745,0.55841774,-1.1536841,-3.5281293e-05,0.6821648,-1.2233891,-0.018621499,0.60996455,-1.0866286,-0.019648671,0.7365337,-1.2048864,0.0,0.0,0.0,0.0,0.0,0.0,0.0,0.0,0.0,0.0,0.0,0.0,0.0,0.0,0.0,0.0,-2.0259943,-1.2255557,-0.64358044,-0.26288903,50.0,50.0,50.0,50.0,50.0,50.0,50.0,50.0,50.0,50.0,50.0,50.0,0.0,0.0,0.0,0.0,1.0,1.0,1.0,1.0,1.0,1.0,1.0,1.0,1.0,1.0,1.0,1.0,0.5,0.5,0.5,0.5
1788446251.4893339,165,16.160399998625508,4.617920001692255,10681903,1,0.0,0.0,0.0,-0.035371542,0.5590222,-1.2699921,0.02510751,0.6800255,-1.3648689,-0.062202573,0.6042901,-1.2204686,0.010034442,0.7232505,-1.3291044,27.130695,31.695303,-44.367935,-6.217733,-0.015502095,0.019377619,0.014154087,0.08913705,0.065883905,0.010110063,-0.077510476,-0.015502095,-0.0040440247,-0.054257333,0.04263076,-0.020220125,-0.06200838,-0.03100419,-0.2286559,0.034879714,-0.016634092,0.5579724,-1.1473808,-0.0011728122,0.6784785,-1.2292781,-0.016567217,0.6161459,-1.0866121,-0.017451297,0.7311983,-1.2077852,0.0,0.0,0.0,0.0,0.0,0.0,0.0,0.0,0.0,0.0,0.0,0.0,0.0,0.0,0.0,0.0,-2.0408883,-1.1581736,-0.69838417,-0.20857152,50.0,50.0,50.0,50.0,50.0,50.0,50.0,50.0,50.0,50.0,50.0,50.0,0.0,0.0,0.0,0.0,1.0,1.0,1.0,1.0,1.0,1.0,1.0,1.0,1.0,1.0,1.0,1.0,0.5,0.5,0.5,0.5
1788446251.511389,166,18.147905000660103,7.959880000271369,10681924,1,0.0,0.0,0.0,-0.035341263,0.5590222,-1.2699763,0.025077233,0.67981356,-1.3648847,-0.06226313,0.6043204,-1.2204369,0.0099436045,0.72318995,-1.329136,27.129122,31.695093,-44.371418,-6.217975,0.011626571,0.0077510476,0.028308174,-0.015502095,-0.023253143,-0.016176099,-0.03100419,-0.015502095,0.030330187,-0.023253143,0.0038755238,-0.052572325,-0.162772,-0.0077510476,-0.162772,0.011626571,-0.01769973,0.5576055,-1.1432796,-0.00020888215,0.6823453,-1.2335626,-0.016394697,0.61954314,-1.0903263,-0.016940406,0.72871995,-1.2042395,0.0,0.0,0.0,0.0,0.0,0.0,0.0,0.0,0.0,0.0,0.0,0.0,0.0,0.0,0.0,0.0,-2.0332863,-1.1165206,-0.69226235,-0.25476426,50.0,50.0,50.0,50.0,50.0,50.0,50.0,50.0,50.0,50.0,50.0,50.0,0.0,0.0,0.0,0.0,1.0,1.0,1.0,1.0,1.0,1.0,1.0,1.0,1.0,1.0,1.0,1.0,0.5,0.5,0.5,0.5
1788446251.5314376,167,18.124801999874762,4.79235099919606,10681944,1,0.0,0.0,0.0,-0.035310984,0.5589919,-1.2699605,0.02510751,0.67948055,-1.3649479,-0.06232366,0.6048049,-1.2204528,0.009913325,0.7228266,-1.3291203,27.12685,31.695124,-44.37387,-6.217975,0.023253143,-0.05038181,0.020220125,0.06200838,0.015502095,-0.016176099,-0.06975943,-0.027128667,-0.010110063,0.011626571,0.03100419,0.022242136,-0.17439857,0.038755238,-0.16664752,0.0,-0.01603386,0.5534098,-1.1503057,0.0017138389,0.6831289,-1.2250366,-0.018239,0.61277115,-1.0927601,-0.018994072,0.7345233,-1.2035812,0.0,0.0,0.0,0.0,0.0,0.0,0.0,0.0,0.0,0.0,0.0,0.0,0.0,0.0,0.0,0.0,-1.9968504,-1.1419028,-0.66140044,-0.23741335,50.0,50.0,50.0,50.0,50.0,50.0,50.0,50.0,50.0,50.0,50.0,50.0,0.0,0.0,0.0,0.0,1.0,1.0,1.0,1.0,1.0,1.0,1.0,1.0,1.0,1.0,1.0,1.0,0.5,0.5,0.5,0.5
1788446251.5533195,168,19.937814000513754,7.170830000177375,10681963,1,0.0,0.0,0.0,-0.035371542,0.55908275,-1.2699447,0.02510751,0.67960167,-1.3649795,-0.06235394,0.6052288,-1.2204528,0.009883046,0.7224935,-1.3291519,27.12367,31.695093,-44.375595,-6.2180057,0.046506286,0.0,-0.0040440247,0.011626571,0.027128667,0.0040440247,-0.05038181,-0.038755238,0.0080880495,-0.027128667,0.011626571,-0.054594334,-0.24028248,-0.019377619,-0.038755238,-0.0038755238,-0.015212361,0.5538855,-1.1543796,0.0016224361,0.6854668,-1.2217642,-0.01930964,0.60831,-1.0891542,-0.019284097,0.7391672,-1.2064946,0.0,0.0,0.0,0.0,0.0,0.0,0.0,0.0,0.0,0.0,0.0,0.0,0.0,0.0,0.0,0.0,-1.9753498,-1.1244354,-0.60138756,-0.17861512,50.0,50.0,50.0,50.0,50.0,50.0,50.0,50.0,50.0,50.0,50.0,50.0,0.0,0.0,0.0,0.0,1.0,1.0,1.0,1.0,1.0,1.0,1.0,1.0,1.0,1.0,1.0,1.0,0.5,0.5,0.5,0.5
1788446251.5713522,169,17.112616998929298,5.844471999807865,10681984,1,0.0,0.0,0.0,-0.035371542,0.55923414,-1.2699605,0.025168065,0.6795714,-1.3649163,-0.06235394,0.60495627,-1.2204686,0.0097619295,0.72258437,-1.3291203,27.119675,31.695093,-44.3762,-6.2180963,-0.03100419,0.011626571,0.014154087,0.05038181,0.05038181,-0.028308174,0.0077510476,-0.011626571,0.016176099,-0.12014124,-0.034879714,0.0040440247,-0.22090487,0.0,-0.038755238,0.0077510476,-0.016668638,0.5589792,-1.1534938,0.00040170318,0.67941767,-1.223385,-0.017722443,0.613576,-1.0887641,-0.016997613,0.73338586,-1.2054363,0.0,0.0,0.0,0.0,0.0,0.0,0.0,0.0,0.0,0.0,0.0,0.0,0.0,0.0,0.0,0.0,-1.9648006,-1.1713353,-0.66422284,-0.20275873,50.0,50.0,50.0,50.0,50.0,50.0,50.0,50.0,50.0,50.0,50.0,50.0,0.0,0.0,0.0,0.0,1.0,1.0,1.0,1.0,1.0,1.0,1.0,1.0,1.0,1.0,1.0,1.0,0.5,0.5,0.5,0.5
1788446251.591287,170,16.810858998724143,6.8613919993367745,10682005,1,0.0,0.0,0.0,-0.035310984,0.5595672,-1.2699605,0.025168065,0.67960167,-1.3648847,-0.062384218,0.6045021,-1.2204528,0.009852767,0.7227963,-1.3291519,27.116041,31.695124,-44.37611,-6.2185507,0.06200838,0.0,0.046506286,-0.019377619,0.038755238,-0.02426415,-0.038755238,-0.038755238,0.010110063,0.019377619,0.06200838,-0.0040440247,-0.18214962,0.096888095,-0.0038755238,-0.077510476,-0.016879652,0.5612731,-1.1492124,-0.0005081007,0.6803157,-1.232313,-0.016056417,0.61935943,-1.087101,-0.015920455,0.72741604,-1.2030127,0.0,0.0,0.0,0.0,0.0,0.0,0.0,0.0,0.0,0.0,0.0,0.0,0.0,0.0,0.0,0.0,-1.9718027,-1.1359459,-0.6275408,-0.2558628,50.0,50.0,50.0,50.0,50.0,50.0,50.0,50.0,50.0,50.0,50.0,50.0,0.0,0.0,0.0,0.0,1.0,1.0,1.0,1.0,1.0,1.0,1.0,1.0,1.0,1.0,1.0,1.0,0.5,0.5,0.5,0.5
1788446251.6107945,171,15.76811499944597,5.953015001068707,10682025,1,0.0,0.0,0.0,-0.035371542,0.5602635,-1.2699763,0.025168065,0.67890525,-1.3648689,-0.062414497,0.6046232,-1.2204369,0.009913325,0.722433,-1.3291519,27.113014,31.695093,-44.376232,-6.219368,0.0,0.04263076,0.012132075,0.015502095,0.0038755238,0.012132075,-0.04263076,0.09301257,0.046506286,0.015502095,-0.0038755238,0.04044025,-0.23640695,0.08913705,-0.038755238,-0.054257333,-0.016264452,0.5536272,-1.1509691,0.0005637319,0.6795391,-1.2284478,-0.017622542,0.61414796,-1.0930029,-0.018069891,0.73111784,-1.2045668,0.0,0.0,0.0,0.0,0.0,0.0,0.0,0.0,0.0,0.0,0.0,0.0,0.0,0.0,0.0,0.0,-1.9815257,-1.2535971,-0.6254682,-0.29244414,50.0,50.0,50.0,50.0,50.0,50.0,50.0,50.0,50.0,50.0,50.0,50.0,0.0,0.0,0.0,0.0,1.0,1.0,1.0,1.0,1.0,1.0,1.0,1.0,1.0,1.0,1.0,1.0,0.5,0.5,0.5,0.5
1788446251.6307607,172,15.662418998545036,5.988182001601672,10682045,1,0.0,0.0,0.0,-0.035371542,0.5608691,-1.2699605,0.025137788,0.6788447,-1.3649795,-0.06229341,0.60486543,-1.2204528,0.010004163,0.721888,-1.329136,27.108927,31.695063,-44.376503,-6.2208214,0.034879714,0.0,0.012132075,0.038755238,0.015502095,0.0060660373,-0.027128667,-0.023253143,0.0080880495,0.03100419,0.0,0.036396224,-0.26741114,-0.027128667,0.019377619,-0.05038181,-0.015837094,0.55304027,-1.1516417,0.001271307,0.68491405,-1.2260072,-0.0187331,0.6090403,-1.0887924,-0.019206263,0.735768,-1.2048483,0.0,0.0,0.0,0.0,0.0,0.0,0.0,0.0,0.0,0.0,0.0,0.0,0.0,0.0,0.0,0.0,-1.9273696,-1.1463273,-0.5932783,-0.23469058,50.0,50.0,50.0,50.0,50.0,50.0,50.0,50.0,50.0,50.0,50.0,50.0,0.0,0.0,0.0,0.0,1.0,1.0,1.0,1.0,1.0,1.0,1.0,1.0,1.0,1.0,1.0,1.0,0.5,0.5,0.5,0.5
1788446251.6513362,173,16.164656000910327,4.0776999994704966,10682065,1,0.0,0.0,0.0,-0.035371542,0.56077826,-1.2699605,0.025137788,0.67860246,-1.3649638,-0.06232366,0.6045929,-1.2204844,0.009973884,0.7220696,-1.329136,27.106413,31.694818,-44.376896,-6.222093,0.06200838,-0.038755238,0.016176099,0.034879714,-0.019377619,-0.03437421,-0.10076362,-0.10076362,-0.0020220124,0.04263076,0.027128667,-0.028308174,-0.14339438,-0.027128667,-0.038755238,-0.07363495,-0.015389365,0.55721784,-1.1535668,0.0005038488,0.6833725,-1.2245643,-0.017261548,0.6118567,-1.0854434,-0.018102223,0.736254,-1.2045921,0.0,0.0,0.0,0.0,0.0,0.0,0.0,0.0,0.0,0.0,0.0,0.0,0.0,0.0,0.0,0.0,-1.8840712,-1.1682322,-0.5558426,-0.2027424,50.0,50.0,50.0,50.0,50.0,50.0,50.0,50.0,50.0,50.0,50.0,50.0,0.0,0.0,0.0,0.0,1.0,1.0,1.0,1.0,1.0,1.0,1.0,1.0,1.0,1.0,1.0,1.0,0.5,0.5,0.5,0.5
1788446251.6714795,174,16.241135001109797,5.079229000330088,10682086,1,0.0,0.0,0.0,-0.035371542,0.56077826,-1.2699763,0.025137788,0.6788447,-1.3649321,-0.06229341,0.604169,-1.2204528,0.009913325,0.7224027,-1.3291203,27.105566,31.694761,-44.377018,-6.2245154,0.038755238,-0.019377619,-0.0060660373,-0.019377619,0.05813286,-0.030330187,-0.03100419,-0.027128667,0.022242136,-0.05038181,0.011626571,0.0020220124,-0.027128667,0.0077510476,-0.011626571,-0.13951886,-0.016128354,0.5592493,-1.151587,0.0010624067,0.67905986,-1.2279302,-0.016826924,0.61515874,-1.0899029,-0.017095402,0.73103905,-1.2040994,0.0,0.0,0.0,0.0,0.0,0.0,0.0,0.0,0.0,0.0,0.0,0.0,0.0,0.0,0.0,0.0,-1.8604803,-1.1796215,-0.625197,-0.24761803,50.0,50.0,50.0,50.0,50.0,50.0,50.0,50.0,50.0,50.0,50.0,50.0,0.0,0.0,0.0,0.0,1.0,1.0,1.0,1.0,1.0,1.0,1.0,1.0,1.0,1.0,1.0,1.0,0.5,0.5,0.5,0.5
1788446251.6927066,175,17.39616700069746,6.003094000334386,10682106,1,0.0,0.0,0.0,-0.035310984,0.560748,-1.2699921,0.025168065,0.6786933,-1.3649321,-0.06235394,0.6040782,-1.2204369,0.009913325,0.7226752,-1.329136,27.105413,31.6947,-44.37705,-6.226695,0.038755238,-0.05813286,-0.010110063,0.034879714,-0.046506286,-0.0485283,-0.10463915,-0.04263076,0.016176099,-0.015502095,-0.0038755238,-0.020220125,-0.038755238,-0.054257333,-0.038755238,-0.10463915,-0.016865075,0.56041396,-1.1513039,0.000931961,0.6844161,-1.2287061,-0.016320398,0.61600715,-1.0877117,-0.018716043,0.73192585,-1.2030715,0.0,0.0,0.0,0.0,0.0,0.0,0.0,0.0,0.0,0.0,0.0,0.0,0.0,0.0,0.0,0.0,-1.8373007,-1.0949757,-0.61537766,-0.3027421,50.0,50.0,50.0,50.0,50.0,50.0,50.0,50.0,50.0,50.0,50.0,50.0,0.0,0.0,0.0,0.0,1.0,1.0,1.0,1.0,1.0,1.0,1.0,1.0,1.0,1.0,1.0,1.0,0.5,0.5,0.5,0.5
1788446251.7269847,176,25.45054300026095,8.204998999644886,10682131,1,0.0,0.0,0.0,-0.035371542,0.5607177,-1.2699763,0.025198342,0.6782391,-1.3649479,-0.06229341,0.60410845,-1.2204528,0.0099436045,0.7225238,-1.3291203,27.10502,31.69473,-44.377686,-6.22942,0.0,-0.09301257,0.0,0.03100419,0.027128667,-0.020220125,-0.0038755238,-0.06200838,0.020220125,0.0,-0.0077510476,0.010110063,-0.038755238,0.05038181,-0.054257333,-0.065883905,-0.015060476,0.55454594,-1.1556323,0.0017059003,0.68626434,-1.22425,-0.019209074,0.6088139,-1.0876188,-0.020010775,0.7385383,-1.2059994,0.0,0.0,0.0,0.0,0.0,0.0,0.0,0.0,0.0,0.0,0.0,0.0,0.0,0.0,0.0,0.0,-1.8812835,-1.1452589,-0.6516801,-0.31532747,50.0,50.0,50.0,50.0,50.0,50.0,50.0,50.0,50.0,50.0,50.0,50.0,0.0,0.0,0.0,0.0,1.0,1.0,1.0,1.0,1.0,1.0,1.0,1.0,1.0,1.0,1.0,1.0,0.5,0.5,0.5,0.5
1788446251.7474356,177,20.265778999601025,4.919773999063182,10682156,1,0.0,0.0,0.0,-0.0354321,0.56077826,-1.2699605,0.025137788,0.6783905,-1.3649638,-0.06226313,0.60422957,-1.2204528,0.0099436045,0.72258437,-1.3291044,27.104263,31.6947,-44.3792,-6.232781,0.027128667,-0.019377619,0.026286162,0.038755238,0.0,-0.0080880495,-0.05038181,-0.027128667,0.0,0.0077510476,-0.0077510476,0.0,-0.011626571,0.0,-0.10076362,-0.04263076,-0.016045077,0.5575326,-1.1552062,0.0012241225,0.6825555,-1.2255055,-0.017290693,0.61087674,-1.0873747,-0.019287353,0.73513913,-1.2043182,0.0,0.0,0.0,0.0,0.0,0.0,0.0,0.0,0.0,0.0,0.0,0.0,0.0,0.0,0.0,0.0,-1.848864,-1.1364524,-0.6099053,-0.20937951,50.0,50.0,50.0,50.0,50.0,50.0,50.0,50.0,50.0,50.0,50.0,50.0,0.0,0.0,0.0,0.0,1.0,1.0,1.0,1.0,1.0,1.0,1.0,1.0,1.0,1.0,1.0,1.0,0.5,0.5,0.5,0.5
1788446251.7632735,178,14.64280999971379,4.071138999279356,10682178,1,0.0,0.0,0.0,-0.03540182,0.5605966,-1.2699921,0.025168065,0.67845106,-1.3649163,-0.06232366,0.6039268,-1.2204528,0.009883046,0.72349274,-1.329136,27.103144,31.69464,-44.379593,-6.2352033,0.023253143,-0.038755238,0.0060660373,-0.04263076,0.054257333,0.04044025,-0.0077510476,-0.023253143,0.0080880495,-0.023253143,0.077510476,-0.016176099,-0.077510476,-0.03100419,-0.03100419,-0.08913705,-0.016141502,0.55809015,-1.1516215,0.0007598731,0.67849886,-1.2285409,-0.017465672,0.6146883,-1.0869299,-0.017188063,0.7303905,-1.2067546,0.0,0.0,0.0,0.0,0.0,0.0,0.0,0.0,0.0,0.0,0.0,0.0,0.0,0.0,0.0,0.0,-1.9061742,-1.2154121,-0.6643467,-0.27166155,50.0,50.0,50.0,50.0,50.0,50.0,50.0,50.0,50.0,50.0,50.0,50.0,0.0,0.0,0.0,0.0,1.0,1.0,1.0,1.0,1.0,1.0,1.0,1.0,1.0,1.0,1.0,1.0,0.5,0.5,0.5,0.5
1788446251.7814755,179,12.520713000412798,6.03131800016854,10682200,1,0.0,0.0,0.0,-0.035371542,0.5607177,-1.2699763,0.025198342,0.6782391,-1.3649163,-0.06229341,0.6038663,-1.2204528,0.009852767,0.72367436,-1.3291044,27.10175,31.694609,-44.379623,-6.237686,0.038755238,0.019377619,0.026286162,-0.019377619,0.011626571,0.010110063,-0.0077510476,-0.03100419,0.0060660373,-0.046506286,0.054257333,0.010110063,-0.10076362,-0.0077510476,-0.05038181,-0.065883905,-0.017270219,0.55653137,-1.1504021,0.00092095276,0.67901075,-1.2296147,-0.017262096,0.61463267,-1.0894369,-0.017711725,0.73092437,-1.2074262,0.0,0.0,0.0,0.0,0.0,0.0,0.0,0.0,0.0,0.0,0.0,0.0,0.0,0.0,0.0,0.0,-1.9108965,-1.2465281,-0.6847125,-0.30274042,50.0,50.0,50.0,50.0,50.0,50.0,50.0,50.0,50.0,50.0,50.0,50.0,0.0,0.0,0.0,0.0,1.0,1.0,1.0,1.0,1.0,1.0,1.0,1.0,1.0,1.0,1.0,1.0,0.5,0.5,0.5,0.5
1788446251.8074598,180,18.433887998980936,6.902864000949194,10682220,1,0.0,0.0,0.0,-0.03540182,0.5607177,-1.2699763,0.025168065,0.677785,-1.3649638,-0.06232366,0.60395706,-1.2204528,0.009913325,0.72331107,-1.3291203,27.100872,31.694609,-44.379925,-6.2388062,0.0,-0.023253143,0.0,0.034879714,0.038755238,-0.020220125,-0.027128667,-0.019377619,0.0,-0.0077510476,-0.015502095,-0.020220125,-0.13951886,0.06975943,-0.077510476,-0.08526152,-0.016920498,0.55641437,-1.1516932,0.0005858517,0.68204236,-1.227441,-0.017502192,0.61277384,-1.0876057,-0.018172858,0.7337955,-1.2062246,0.0,0.0,0.0,0.0,0.0,0.0,0.0,0.0,0.0,0.0,0.0,0.0,0.0,0.0,0.0,0.0,-1.8650415,-1.1681161,-0.67272854,-0.2754833,50.0,50.0,50.0,50.0,50.0,50.0,50.0,50.0,50.0,50.0,50.0,50.0,0.0,0.0,0.0,0.0,1.0,1.0,1.0,1.0,1.0,1.0,1.0,1.0,1.0,1.0,1.0,1.0,0.5,0.5,0.5,0.5
1788446251.8214462,181,12.173003000498284,4.065507999257534,10682240,1,0.0,0.0,0.0,-0.0354321,0.5607177,-1.2699605,0.025198342,0.6777244,-1.3649638,-0.06229341,0.60395706,-1.2204528,0.009913325,0.7233716,-1.3291203,27.099873,31.694487,-44.3805,-6.2404714,0.0,-0.015502095,0.026286162,0.03100419,0.011626571,0.0,0.019377619,-0.038755238,0.02426415,-0.04263076,-0.015502095,-0.010110063,-0.027128667,-0.038755238,-0.03100419,-0.08913705,-0.015925819,0.5553911,-1.1531878,0.0012142085,0.68342507,-1.2253556,-0.018485593,0.61072624,-1.0891519,-0.018978309,0.73673266,-1.2055048,0.0,0.0,0.0,0.0,0.0,0.0,0.0,0.0,0.0,0.0,0.0,0.0,0.0,0.0,0.0,0.0,-1.8680832,-1.2630714,-0.6506716,-0.2453705,50.0,50.0,50.0,50.0,50.0,50.0,50.0,50.0,50.0,50.0,50.0,50.0,0.0,0.0,0.0,0.0,1.0,1.0,1.0,1.0,1.0,1.0,1.0,1.0,1.0,1.0,1.0,1.0,0.5,0.5,0.5,0.5
1788446251.8426554,182,13.309923000633717,4.053923999890685,10682259,1,0.0,0.0,0.0,-0.03546238,0.56077826,-1.2699605,0.025137788,0.6777244,-1.3649795,-0.06232366,0.60395706,-1.2204686,0.009913325,0.7236441,-1.3291203,27.098753,31.694487,-44.38138,-6.2414403,0.034879714,0.0,0.020220125,-0.019377619,-0.03100419,0.0080880495,-0.06975943,0.0038755238,-0.022242136,0.0038755238,0.034879714,-0.020220125,-0.10463915,0.06200838,-0.06200838,-0.04263076,-0.016299613,0.5578247,-1.1528685,0.0008509145,0.68013334,-1.225246,-0.017322259,0.6134819,-1.0908647,-0.017941294,0.73302287,-1.2036079,0.0,0.0,0.0,0.0,0.0,0.0,0.0,0.0,0.0,0.0,0.0,0.0,0.0,0.0,0.0,0.0,-1.8728721,-1.2371879,-0.6243931,-0.22159648,50.0,50.0,50.0,50.0,50.0,50.0,50.0,50.0,50.0,50.0,50.0,50.0,0.0,0.0,0.0,0.0,1.0,1.0,1.0,1.0,1.0,1.0,1.0,1.0,1.0,1.0,1.0,1.0,0.5,0.5,0.5,0.5
1788446251.8633924,183,12.971301999641582,4.752894999910495,10682282,1,0.0,0.0,0.0,-0.0354321,0.56077826,-1.2699605,0.025137788,0.67781526,-1.3649321,-0.06232366,0.6038965,-1.2204528,0.009852767,0.7238863,-1.3291044,27.097511,31.694246,-44.382317,-6.241501,0.011626571,0.0,0.038418237,-0.027128667,0.011626571,-0.012132075,0.019377619,0.011626571,0.02426415,-0.038755238,-0.034879714,0.020220125,-0.09301257,-0.015502095,-0.015502095,0.03100419,-0.016415838,0.5554628,-1.1499283,0.00096454984,0.6789702,-1.2283857,-0.017592326,0.61421114,-1.0928175,-0.018062104,0.7303868,-1.2038667,0.0,0.0,0.0,0.0,0.0,0.0,0.0,0.0,0.0,0.0,0.0,0.0,0.0,0.0,0.0,0.0,-1.904878,-1.333576,-0.6520082,-0.27510488,50.0,50.0,50.0,50.0,50.0,50.0,50.0,50.0,50.0,50.0,50.0,50.0,0.0,0.0,0.0,0.0,1.0,1.0,1.0,1.0,1.0,1.0,1.0,1.0,1.0,1.0,1.0,1.0,0.5,0.5,0.5,0.5
1788446251.887372,184,16.87917799972638,6.128597999122576,10682302,1,0.0,0.0,0.0,-0.0354321,0.5608691,-1.2699605,0.025168065,0.6775428,-1.3649163,-0.06232366,0.6038965,-1.2204528,0.009883046,0.7236138,-1.3291044,27.096785,31.694246,-44.382618,-6.2415314,0.0038755238,0.0038755238,0.030330187,0.027128667,-0.0077510476,-0.0060660373,0.0077510476,-0.038755238,0.020220125,-0.015502095,-0.027128667,0.0,-0.07363495,0.05038181,-0.023253143,0.027128667,-0.016910374,0.554529,-1.1496859,0.0011114893,0.681689,-1.2287339,-0.01764467,0.6129892,-1.0912843,-0.018662594,0.7325756,-1.2037865,0.0,0.0,0.0,0.0,0.0,0.0,0.0,0.0,0.0,0.0,0.0,0.0,0.0,0.0,0.0,0.0,-1.8844616,-1.2734646,-0.65494925,-0.3037579,50.0,50.0,50.0,50.0,50.0,50.0,50.0,50.0,50.0,50.0,50.0,50.0,0.0,0.0,0.0,0.0,1.0,1.0,1.0,1.0,1.0,1.0,1.0,1.0,1.0,1.0,1.0,1.0,0.5,0.5,0.5,0.5
1788446251.905406,185,14.467740000327467,5.940470999121317,10682321,1,0.0,0.0,0.0,-0.0354321,0.5608691,-1.2699763,0.025137788,0.6772703,-1.3649321,-0.06235394,0.6038965,-1.2204686,0.009883046,0.72334135,-1.3291044,27.095392,31.694063,-44.382954,-6.241713,0.046506286,0.054257333,-0.038418237,-0.0077510476,0.0038755238,0.020220125,-0.038755238,-0.05813286,0.020220125,-0.04263076,-0.011626571,-0.020220125,-0.18990067,0.011626571,-0.046506286,0.03100419,-0.015811576,0.5532019,-1.1532533,0.0014443672,0.6814905,-1.2247539,-0.018797142,0.6105015,-1.0926036,-0.019084478,0.73530424,-1.2037659,0.0,0.0,0.0,0.0,0.0,0.0,0.0,0.0,0.0,0.0,0.0,0.0,0.0,0.0,0.0,0.0,-1.8513352,-1.293572,-0.6045207,-0.22743076,50.0,50.0,50.0,50.0,50.0,50.0,50.0,50.0,50.0,50.0,50.0,50.0,0.0,0.0,0.0,0.0,1.0,1.0,1.0,1.0,1.0,1.0,1.0,1.0,1.0,1.0,1.0,1.0,0.5,0.5,0.5,0.5
1788446251.9253426,186,14.305308999610133,5.7978149998234585,10682342,1,0.0,0.0,0.0,-0.03546238,0.5608994,-1.2699605,0.025198342,0.6773006,-1.3649479,-0.06232366,0.6038663,-1.2204528,0.009913325,0.7234019,-1.3291044,27.093636,31.694063,-44.383255,-6.242046,0.027128667,0.011626571,0.0080880495,-0.038755238,-0.038755238,0.010110063,-0.011626571,-0.05813286,0.028308174,0.023253143,-0.0038755238,0.010110063,-0.046506286,0.05813286,-0.10076362,-0.046506286,-0.016729657,0.55711985,-1.1522071,0.0014358195,0.6811182,-1.2281797,-0.01759325,0.61266875,-1.0914118,-0.018481351,0.7324609,-1.2017326,0.0,0.0,0.0,0.0,0.0,0.0,0.0,0.0,0.0,0.0,0.0,0.0,0.0,0.0,0.0,0.0,-1.7802014,-1.3158673,-0.6227625,-0.2620358,50.0,50.0,50.0,50.0,50.0,50.0,50.0,50.0,50.0,50.0,50.0,50.0,0.0,0.0,0.0,0.0,1.0,1.0,1.0,1.0,1.0,1.0,1.0,1.0,1.0,1.0,1.0,1.0,0.5,0.5,0.5,0.5
1788446251.9453936,187,14.285276000009617,4.536320999250165,10682362,1,0.0,0.0,0.0,-0.03540182,0.5608691,-1.2699605,0.025198342,0.6773006,-1.3649163,-0.062384218,0.6036543,-1.2204844,0.009822488,0.7236138,-1.3291203,27.092577,31.694002,-44.383194,-6.2427425,0.023253143,-0.027128667,0.03437421,-0.019377619,0.027128667,-0.0040440247,-0.027128667,0.019377619,-0.016176099,-0.046506286,-0.0038755238,-0.026286162,-0.08913705,0.034879714,0.0,-0.077510476,-0.017038962,0.55807585,-1.1490492,0.00069462834,0.67665887,-1.2285488,-0.016464232,0.61563665,-1.0939484,-0.017541407,0.72993785,-1.202829,0.0,0.0,0.0,0.0,0.0,0.0,0.0,0.0,0.0,0.0,0.0,0.0,0.0,0.0,0.0,0.0,-1.8297269,-1.3633801,-0.6192295,-0.29367453,50.0,50.0,50.0,50.0,50.0,50.0,50.0,50.0,50.0,50.0,50.0,50.0,0.0,0.0,0.0,0.0,1.0,1.0,1.0,1.0,1.0,1.0,1.0,1.0,1.0,1.0,1.0,1.0,0.5,0.5,0.5,0.5
1788446251.966652,188,15.471380000235513,4.807741999684367,10682381,1,0.0,0.0,0.0,-0.0354321,0.5609902,-1.2699763,0.025258897,0.6772703,-1.3649479,-0.062384218,0.60359377,-1.2204686,0.009822488,0.723523,-1.3291203,27.092394,31.693941,-44.383286,-6.2437415,-0.019377619,0.023253143,0.0040440247,-0.0077510476,0.023253143,0.010110063,-0.054257333,-0.0077510476,-0.0060660373,-0.038755238,0.0,-0.0485283,-0.065883905,0.0,-0.03100419,-0.011626571,-0.016825963,0.5536138,-1.1506633,0.0013734368,0.67760944,-1.2254355,-0.018258957,0.6119523,-1.0954452,-0.01876486,0.732676,-1.2042434,0.0,0.0,0.0,0.0,0.0,0.0,0.0,0.0,0.0,0.0,0.0,0.0,0.0,0.0,0.0,0.0,-1.8678957,-1.3212135,-0.620546,-0.32384458,50.0,50.0,50.0,50.0,50.0,50.0,50.0,50.0,50.0,50.0,50.0,50.0,0.0,0.0,0.0,0.0,1.0,1.0,1.0,1.0,1.0,1.0,1.0,1.0,1.0,1.0,1.0,1.0,0.5,0.5,0.5,0.5
1788446251.9913037,189,20.05144500071765,7.345645000896184,10682402,1,0.0,0.0,0.0,-0.0354321,0.5609902,-1.2699605,0.02522862,0.67645276,-1.3649479,-0.06229341,0.6036543,-1.2204844,0.009883046,0.72334135,-1.3291044,27.092031,31.69385,-44.383377,-6.244468,0.0,0.0,0.020220125,0.0038755238,-0.011626571,-0.032352198,0.019377619,0.03100419,0.028308174,-0.0038755238,0.027128667,0.0,-0.065883905,-0.034879714,-0.0038755238,0.03100419,-0.016473297,0.55276215,-1.1503166,0.0011696997,0.6848864,-1.2281976,-0.018490514,0.6102858,-1.0899643,-0.019624317,0.73637533,-1.2058429,0.0,0.0,0.0,0.0,0.0,0.0,0.0,0.0,0.0,0.0,0.0,0.0,0.0,0.0,0.0,0.0,-1.8050399,-1.3304124,-0.5980794,-0.286855,50.0,50.0,50.0,50.0,50.0,50.0,50.0,50.0,50.0,50.0,50.0,50.0,0.0,0.0,0.0,0.0,1.0,1.0,1.0,1.0,1.0,1.0,1.0,1.0,1.0,1.0,1.0,1.0,0.5,0.5,0.5,0.5
1788446252.0113335,190,19.191579000107595,7.912842000223463,10682422,1,0.0,0.0,0.0,-0.03549266,0.5608994,-1.2699763,0.02522862,0.6762711,-1.3649479,-0.06232366,0.6035332,-1.2204844,0.009913325,0.7233716,-1.3291203,27.091152,31.69388,-44.383408,-6.2447405,0.015502095,-0.0077510476,-0.0080880495,0.065883905,-0.0038755238,-0.020220125,-0.023253143,-0.06975943,0.02426415,-0.0038755238,0.0,-0.026286162,-0.011626571,0.046506286,-0.038755238,-0.046506286,-0.015553034,0.55359226,-1.1532946,0.0012686583,0.68462956,-1.2266349,-0.01827504,0.6093915,-1.0877655,-0.019443633,0.73789656,-1.207533,0.0,0.0,0.0,0.0,0.0,0.0,0.0,0.0,0.0,0.0,0.0,0.0,0.0,0.0,0.0,0.0,-1.807692,-1.4166675,-0.57950985,-0.287181,50.0,50.0,50.0,50.0,50.0,50.0,50.0,50.0,50.0,50.0,50.0,50.0,0.0,0.0,0.0,0.0,1.0,1.0,1.0,1.0,1.0,1.0,1.0,1.0,1.0,1.0,1.0,1.0,0.5,0.5,0.5,0.5
1788446252.0293665,191,16.75866900041001,5.927959000473493,10682444,1,0.0,0.0,0.0,-0.03549266,0.5608691,-1.2699763,0.025198342,0.67675555,-1.3649638,-0.06232366,0.6033818,-1.2204528,0.009883046,0.7236138,-1.3291203,27.090578,31.693823,-44.383377,-6.2450433,0.038755238,-0.038755238,-0.010110063,0.023253143,0.0038755238,-0.0040440247,-0.038755238,-0.05038181,0.032352198,-0.038755238,0.04263076,-0.022242136,0.023253143,-0.0038755238,0.0,-0.023253143,-0.01658085,0.55805904,-1.1498178,0.0002592844,0.67840225,-1.2294769,-0.01609126,0.6141951,-1.0898563,-0.017052742,0.7312336,-1.2061611,0.0,0.0,0.0,0.0,0.0,0.0,0.0,0.0,0.0,0.0,0.0,0.0,0.0,0.0,0.0,0.0,-1.777803,-1.4274132,-0.5962863,-0.24232763,50.0,50.0,50.0,50.0,50.0,50.0,50.0,50.0,50.0,50.0,50.0,50.0,0.0,0.0,0.0,0.0,1.0,1.0,1.0,1.0,1.0,1.0,1.0,1.0,1.0,1.0,1.0,1.0,0.5,0.5,0.5,0.5
1788446252.0493846,192,16.340623998985393,6.096406001233845,10682464,1,0.0,0.0,0.0,-0.035371542,0.56080854,-1.2699605,0.02522862,0.6768464,-1.3649638,-0.062384218,0.6030488,-1.2204528,0.009852767,0.7237349,-1.329136,27.090487,31.693548,-44.383377,-6.245104,0.13564333,-0.054257333,0.044484273,0.011626571,0.011626571,-0.026286162,-0.015502095,-0.046506286,0.020220125,0.015502095,0.0,0.0060660373,-0.038755238,0.023253143,-0.0038755238,0.03100419,-0.016443562,0.55772674,-1.147675,9.265775e-05,0.68011785,-1.2349919,-0.0153432395,0.6147851,-1.0871148,-0.016312024,0.7304106,-1.2073753,0.0,0.0,0.0,0.0,0.0,0.0,0.0,0.0,0.0,0.0,0.0,0.0,0.0,0.0,0.0,0.0,-1.7815644,-1.404228,-0.72031736,-0.22399798,50.0,50.0,50.0,50.0,50.0,50.0,50.0,50.0,50.0,50.0,50.0,50.0,0.0,0.0,0.0,0.0,1.0,1.0,1.0,1.0,1.0,1.0,1.0,1.0,1.0,1.0,1.0,1.0,0.5,0.5,0.5,0.5
1788446252.0713944,193,18.280289999893284,6.016150000505149,10682483,1,0.0,0.0,0.0,-0.03540182,0.5608388,-1.2699605,0.025258897,0.6763922,-1.3649638,-0.06235394,0.6030488,-1.2204686,0.009883046,0.7233716,-1.329136,27.090366,31.693186,-44.38344,-6.2450433,-0.015502095,-0.03100419,0.020220125,0.05813286,0.011626571,-0.020220125,-0.015502095,-0.06200838,0.0060660373,0.0,0.08526152,-0.016176099,-0.023253143,0.05813286,-0.019377619,0.11626572,-0.015579266,0.55408365,-1.1499484,0.001738044,0.68018854,-1.2293077,-0.016871208,0.611563,-1.0909722,-0.017394952,0.7337629,-1.2081983,0.0,0.0,0.0,0.0,0.0,0.0,0.0,0.0,0.0,0.0,0.0,0.0,0.0,0.0,0.0,0.0,-1.7935135,-1.3943518,-0.6800748,-0.25118852,50.0,50.0,50.0,50.0,50.0,50.0,50.0,50.0,50.0,50.0,50.0,50.0,0.0,0.0,0.0,0.0,1.0,1.0,1.0,1.0,1.0,1.0,1.0,1.0,1.0,1.0,1.0,1.0,0.5,0.5,0.5,0.5
1788446252.0934653,194,20.14430900089792,6.035734999386477,10682504,1,0.0,0.0,0.0,-0.03540182,0.56080854,-1.2699605,0.02522862,0.6764225,-1.3650427,-0.06229341,0.6030488,-1.2204528,0.009913325,0.72318995,-1.3291519,27.090244,31.692972,-44.38386,-6.245104,-0.011626571,-0.09301257,0.0020220124,0.019377619,0.046506286,-0.032352198,-0.027128667,-0.038755238,0.010110063,-0.011626571,-0.027128667,-0.030330187,-0.0038755238,0.0,0.0,0.038755238,-0.014387028,0.5557677,-1.1573863,0.0023096292,0.68156505,-1.2197775,-0.018369257,0.60697734,-1.0877364,-0.019212374,0.73892474,-1.206144,0.0,0.0,0.0,0.0,0.0,0.0,0.0,0.0,0.0,0.0,0.0,0.0,0.0,0.0,0.0,0.0,-1.7837131,-1.3380561,-0.6542332,-0.18455727,50.0,50.0,50.0,50.0,50.0,50.0,50.0,50.0,50.0,50.0,50.0,50.0,0.0,0.0,0.0,0.0,1.0,1.0,1.0,1.0,1.0,1.0,1.0,1.0,1.0,1.0,1.0,1.0,0.5,0.5,0.5,0.5
1788446252.1146564,195,19.942933999118395,6.145078001281945,10682524,1,0.0,0.0,0.0,-0.035371542,0.56077826,-1.2699605,0.025258897,0.6763922,-1.3649795,-0.06226313,0.60310936,-1.2204528,0.009973884,0.72331107,-1.329136,27.090155,31.692823,-44.384438,-6.2451344,0.04263076,-0.011626571,0.020220125,-0.03100419,0.011626571,0.010110063,0.015502095,0.038755238,0.042462263,0.0,0.05813286,0.010110063,-0.034879714,0.054257333,-0.038755238,0.0,-0.015560058,0.55802476,-1.1536614,0.0011939635,0.67395556,-1.22558,-0.017337115,0.61146975,-1.0888288,-0.016624432,0.7320527,-1.208192,0.0,0.0,0.0,0.0,0.0,0.0,0.0,0.0,0.0,0.0,0.0,0.0,0.0,0.0,0.0,0.0,-1.8330183,-1.3684628,-0.6893602,-0.22923586,50.0,50.0,50.0,50.0,50.0,50.0,50.0,50.0,50.0,50.0,50.0,50.0,0.0,0.0,0.0,0.0,1.0,1.0,1.0,1.0,1.0,1.0,1.0,1.0,1.0,1.0,1.0,1.0,0.5,0.5,0.5,0.5
1788446252.1322908,196,16.949738999755937,4.223554999043699,10682546,1,0.0,0.0,0.0,-0.035371542,0.56077826,-1.2699763,0.025319453,0.67645276,-1.3648689,-0.06232366,0.6027763,-1.2204369,0.009913325,0.7236138,-1.3291203,27.090094,31.69264,-44.384556,-6.2451644,-0.046506286,-0.038755238,0.038418237,0.027128667,0.08526152,-0.0020220124,-0.038755238,-0.027128667,0.04044025,0.011626571,0.0,0.010110063,-0.065883905,0.023253143,-0.015502095,-0.015502095,-0.016352234,0.5573416,-1.1481501,0.0006122482,0.67396986,-1.2290413,-0.01669521,0.61453915,-1.0881621,-0.016645933,0.729176,-1.20735,0.0,0.0,0.0,0.0,0.0,0.0,0.0,0.0,0.0,0.0,0.0,0.0,0.0,0.0,0.0,0.0,-1.9334698,-1.3472292,-0.7161838,-0.2792454,50.0,50.0,50.0,50.0,50.0,50.0,50.0,50.0,50.0,50.0,50.0,50.0,0.0,0.0,0.0,0.0,1.0,1.0,1.0,1.0,1.0,1.0,1.0,1.0,1.0,1.0,1.0,1.0,0.5,0.5,0.5,0.5
1788446252.1522226,197,15.72590800060425,5.477497999891057,10682567,1,0.0,0.0,0.0,-0.035341263,0.56080854,-1.2699605,0.025410285,0.675605,-1.3649006,-0.06232366,0.60280657,-1.2204528,0.0099436045,0.7232808,-1.329136,27.089972,31.692518,-44.384647,-6.2451644,-0.027128667,-0.038755238,0.0485283,0.12014124,0.015502095,-0.020220125,-0.034879714,-0.03100419,0.0485283,-0.03100419,0.038755238,-0.0060660373,-0.034879714,-0.011626571,-0.03100419,0.034879714,-0.016060293,0.5525056,-1.1465794,0.0010599107,0.67868274,-1.2272967,-0.017017351,0.61254364,-1.0900565,-0.01881423,0.73387295,-1.2078772,0.0,0.0,0.0,0.0,0.0,0.0,0.0,0.0,0.0,0.0,0.0,0.0,0.0,0.0,0.0,0.0,-1.9052684,-1.3118052,-0.6769988,-0.2363312,50.0,50.0,50.0,50.0,50.0,50.0,50.0,50.0,50.0,50.0,50.0,50.0,0.0,0.0,0.0,0.0,1.0,1.0,1.0,1.0,1.0,1.0,1.0,1.0,1.0,1.0,1.0,1.0,0.5,0.5,0.5,0.5
1788446252.1714866,198,14.415581001230748,6.068214001061278,10682588,1,0.0,0.0,0.0,-0.035341263,0.56077826,-1.2699447,0.025319453,0.6754536,-1.3649638,-0.06226313,0.60295796,-1.2204528,0.0099436045,0.7229477,-1.3291203,27.089428,31.692518,-44.385345,-6.245225,0.038755238,-0.09301257,0.032352198,-0.019377619,0.019377619,-0.036396224,0.023253143,-0.0077510476,0.022242136,-0.023253143,0.0038755238,0.020220125,-0.034879714,0.027128667,-0.13176781,0.0038755238,-0.015574298,0.5529731,-1.150846,0.0018249457,0.6841438,-1.2261283,-0.018179296,0.6082135,-1.0891869,-0.019406708,0.73729175,-1.2086015,0.0,0.0,0.0,0.0,0.0,0.0,0.0,0.0,0.0,0.0,0.0,0.0,0.0,0.0,0.0,0.0,-1.8724511,-1.3085896,-0.7227206,-0.2372064,50.0,50.0,50.0,50.0,50.0,50.0,50.0,50.0,50.0,50.0,50.0,50.0,0.0,0.0,0.0,0.0,1.0,1.0,1.0,1.0,1.0,1.0,1.0,1.0,1.0,1.0,1.0,1.0,0.5,0.5,0.5,0.5
1788446252.1932912,199,16.15188899995701,5.888055000468739,10682608,1,0.0,0.0,0.0,-0.035341263,0.5606874,-1.2699605,0.025319453,0.6757261,-1.3649321,-0.06229341,0.6030185,-1.2204528,0.009913325,0.72318995,-1.3291519,27.089125,31.692518,-44.386494,-6.245225,0.038755238,0.0077510476,-0.0040440247,-0.0077510476,0.023253143,-0.0020220124,-0.046506286,-0.0077510476,0.02426415,0.027128667,-0.019377619,0.030330187,-0.038755238,0.06975943,-0.096888095,0.05813286,-0.01598589,0.55535555,-1.1503606,0.0017380915,0.67711616,-1.2285924,-0.016666131,0.6121036,-1.0921168,-0.017817276,0.7317955,-1.2053692,0.0,0.0,0.0,0.0,0.0,0.0,0.0,0.0,0.0,0.0,0.0,0.0,0.0,0.0,0.0,0.0,-1.8418765,-1.3447107,-0.6765305,-0.23492229,50.0,50.0,50.0,50.0,50.0,50.0,50.0,50.0,50.0,50.0,50.0,50.0,0.0,0.0,0.0,0.0,1.0,1.0,1.0,1.0,1.0,1.0,1.0,1.0,1.0,1.0,1.0,1.0,0.5,0.5,0.5,0.5
1788446252.2133114,200,16.105009000966675,5.919895000261022,10682627,1,0.0,0.0,0.0,-0.035341263,0.56065714,-1.2699605,0.025380008,0.67630136,-1.3649321,-0.06235394,0.6028974,-1.2204686,0.009822488,0.7234019,-1.3291519,27.089094,31.69237,-44.387554,-6.245316,-0.023253143,0.023253143,0.02426415,0.03100419,0.015502095,-0.016176099,-0.05813286,-0.038755238,-0.014154087,-0.077510476,0.019377619,-0.018198112,-0.027128667,-0.065883905,-0.10851467,0.023253143,-0.0159078,0.55532116,-1.151879,0.0021820213,0.6753778,-1.2223815,-0.017510224,0.6136506,-1.0952399,-0.018252434,0.7312351,-1.2022104,0.0,0.0,0.0,0.0,0.0,0.0,0.0,0.0,0.0,0.0,0.0,0.0,0.0,0.0,0.0,0.0,-1.879256,-1.3714354,-0.66708475,-0.28955734,50.0,50.0,50.0,50.0,50.0,50.0,50.0,50.0,50.0,50.0,50.0,50.0,0.0,0.0,0.0,0.0,1.0,1.0,1.0,1.0,1.0,1.0,1.0,1.0,1.0,1.0,1.0,1.0,0.5,0.5,0.5,0.5
1788446252.2553039,201,33.79928699905577,15.809171000000788,10682651,1,0.0,0.0,0.0,-0.035280704,0.56065714,-1.2699763,0.025410285,0.6757867,-1.3649479,-0.062384218,0.6030185,-1.2204528,0.009852767,0.7230991,-1.329136,27.089094,31.692247,-44.389282,-6.245346,0.03100419,0.034879714,-0.012132075,0.011626571,0.0,-0.028308174,-0.09301257,0.0,0.04044025,-0.0077510476,0.08526152,-0.010110063,0.011626571,0.011626571,-0.15889648,0.034879714,-0.01707834,0.55338734,-1.1484243,0.0014557778,0.6751336,-1.2250717,-0.017316103,0.61266035,-1.0949835,-0.018020311,0.7307586,-1.2038801,0.0,0.0,0.0,0.0,0.0,0.0,0.0,0.0,0.0,0.0,0.0,0.0,0.0,0.0,0.0,0.0,-1.8621343,-1.2960148,-0.6943205,-0.24441987,50.0,50.0,50.0,50.0,50.0,50.0,50.0,50.0,50.0,50.0,50.0,50.0,0.0,0.0,0.0,0.0,1.0,1.0,1.0,1.0,1.0,1.0,1.0,1.0,1.0,1.0,1.0,1.0,0.5,0.5,0.5,0.5
1788446252.2705922,202,14.399932999367593,4.673536001064349,10682686,1,0.0,0.0,0.0,-0.035310984,0.5605966,-1.2699605,0.02547084,0.67539304,-1.3649006,-0.06235394,0.60359377,-1.2204844,0.009822488,0.7229477,-1.3291044,27.088882,31.692034,-44.394974,-6.245649,0.0038755238,0.038755238,0.022242136,0.06200838,0.03100419,-0.046506286,-0.038755238,-0.027128667,0.0020220124,-0.038755238,0.015502095,0.0080880495,0.0,-0.081386,-0.24028248,0.0,-0.015693286,0.55114806,-1.1520584,0.0019842465,0.68170357,-1.2240118,-0.018826988,0.6087742,-1.0923506,-0.01938259,0.7352064,-1.2050036,0.0,0.0,0.0,0.0,0.0,0.0,0.0,0.0,0.0,0.0,0.0,0.0,0.0,0.0,0.0,0.0,-1.7867365,-1.3259354,-0.67340183,-0.26568002,50.0,50.0,50.0,50.0,50.0,50.0,50.0,50.0,50.0,50.0,50.0,50.0,0.0,0.0,0.0,0.0,1.0,1.0,1.0,1.0,1.0,1.0,1.0,1.0,1.0,1.0,1.0,1.0,0.5,0.5,0.5,0.5
1788446252.2915082,203,15.049561001433176,5.990423000184819,10682707,1,0.0,0.0,0.0,-0.035371542,0.56038463,-1.2699605,0.025440563,0.6752114,-1.3649006,-0.06232366,0.6040479,-1.2204844,0.009913325,0.72276604,-1.3291044,27.08879,31.692034,-44.399452,-6.2459517,-0.0077510476,-0.0077510476,0.020220125,0.0,-0.011626571,-0.0020220124,-0.046506286,0.015502095,0.0080880495,0.027128667,0.019377619,0.014154087,-0.0038755238,0.096888095,-0.21702933,-0.011626571,-0.016784174,0.5567588,-1.1493948,0.0017310246,0.6798551,-1.226616,-0.017344372,0.61283666,-1.0912437,-0.018588575,0.7319089,-1.2026794,0.0,0.0,0.0,0.0,0.0,0.0,0.0,0.0,0.0,0.0,0.0,0.0,0.0,0.0,0.0,0.0,-1.7192471,-1.3198445,-0.6267966,-0.24641202,50.0,50.0,50.0,50.0,50.0,50.0,50.0,50.0,50.0,50.0,50.0,50.0,0.0,0.0,0.0,0.0,1.0,1.0,1.0,1.0,1.0,1.0,1.0,1.0,1.0,1.0,1.0,1.0,0.5,0.5,0.5,0.5
1788446252.312166,204,15.20901500043692,6.046358999810764,10682728,1,0.0,0.0,0.0,-0.035250425,0.55996084,-1.2699763,0.025531396,0.6756353,-1.3649006,-0.062414497,0.60395706,-1.2204844,0.009822488,0.722978,-1.3291203,27.08879,31.691793,-44.40218,-6.2463455,0.096888095,-0.05038181,0.016176099,0.038755238,0.038755238,-0.030330187,-0.046506286,-0.08526152,-0.018198112,-0.015502095,0.015502095,-0.0060660373,-0.034879714,-0.0077510476,-0.11239019,-0.065883905,-0.016512355,0.55798644,-1.1465923,0.00022600079,0.6786054,-1.233046,-0.015635146,0.615017,-1.089035,-0.0173187,0.72914,-1.2037882,0.0,0.0,0.0,0.0,0.0,0.0,0.0,0.0,0.0,0.0,0.0,0.0,0.0,0.0,0.0,0.0,-1.7674551,-1.3881505,-0.6847578,-0.21515456,50.0,50.0,50.0,50.0,50.0,50.0,50.0,50.0,50.0,50.0,50.0,50.0,0.0,0.0,0.0,0.0,1.0,1.0,1.0,1.0,1.0,1.0,1.0,1.0,1.0,1.0,1.0,1.0,0.5,0.5,0.5,0.5
1788446252.3312397,205,14.210014000127558,5.821207998451428,10682747,1,0.0,0.0,0.0,-0.035220146,0.5599911,-1.2699605,0.02559195,0.67551416,-1.3649321,-0.062414497,0.60410845,-1.2204686,0.009792209,0.72288716,-1.3291203,27.08876,31.691519,-44.402573,-6.247254,0.06975943,-0.081386,0.018198112,0.046506286,0.0,-0.032352198,-0.0038755238,-0.038755238,-0.0060660373,-0.03100419,0.05813286,-0.014154087,-0.06200838,-0.034879714,0.0077510476,-0.06975943,-0.016176533,0.5567356,-1.1505975,0.0012041754,0.68569326,-1.2327349,-0.016583813,0.6122091,-1.0888108,-0.018805444,0.73486376,-1.2060168,0.0,0.0,0.0,0.0,0.0,0.0,0.0,0.0,0.0,0.0,0.0,0.0,0.0,0.0,0.0,0.0,-1.7589009,-1.4376652,-0.70147216,-0.26354793,50.0,50.0,50.0,50.0,50.0,50.0,50.0,50.0,50.0,50.0,50.0,50.0,0.0,0.0,0.0,0.0,1.0,1.0,1.0,1.0,1.0,1.0,1.0,1.0,1.0,1.0,1.0,1.0,0.5,0.5,0.5,0.5
1788446252.354328,206,17.231272999197245,4.969596999217174,10682768,1,0.0,0.0,0.0,-0.035189867,0.5600214,-1.2699447,0.025531396,0.67539304,-1.3649952,-0.06232366,0.60413873,-1.2204528,0.009822488,0.7227055,-1.3291044,27.088732,31.691095,-44.402756,-6.2481017,0.015502095,0.0,0.032352198,0.0,0.0,0.0040440247,0.0077510476,-0.046506286,0.0060660373,-0.038755238,0.015502095,0.020220125,-0.015502095,-0.023253143,-0.034879714,0.034879714,-0.014748432,0.55299973,-1.1575632,0.002056723,0.68357575,-1.2242191,-0.018892983,0.60675126,-1.0901346,-0.019002488,0.7369486,-1.2082089,0.0,0.0,0.0,0.0,0.0,0.0,0.0,0.0,0.0,0.0,0.0,0.0,0.0,0.0,0.0,0.0,-1.7708793,-1.4641006,-0.68234277,-0.2624024,50.0,50.0,50.0,50.0,50.0,50.0,50.0,50.0,50.0,50.0,50.0,50.0,0.0,0.0,0.0,0.0,1.0,1.0,1.0,1.0,1.0,1.0,1.0,1.0,1.0,1.0,1.0,1.0,0.5,0.5,0.5,0.5
1788446252.3732765,207,16.11272099944472,4.567583999232738,10682787,1,0.0,0.0,0.0,-0.035220146,0.5599003,-1.2699605,0.025561674,0.6759078,-1.3650111,-0.06235394,0.60410845,-1.2204528,0.009822488,0.722978,-1.3291203,27.088701,31.690248,-44.403057,-6.2487674,0.0077510476,-0.023253143,0.020220125,0.06200838,0.09301257,-0.010110063,0.0,-0.0038755238,0.0080880495,-0.046506286,0.06975943,0.03437421,-0.065883905,-0.08526152,-0.054257333,0.019377619,-0.015651638,0.55669963,-1.1545923,0.0012612925,0.6765726,-1.2251456,-0.017489677,0.61074716,-1.0882214,-0.017243654,0.73417634,-1.2098615,0.0,0.0,0.0,0.0,0.0,0.0,0.0,0.0,0.0,0.0,0.0,0.0,0.0,0.0,0.0,0.0,-1.8576747,-1.4626158,-0.6412394,-0.21181601,50.0,50.0,50.0,50.0,50.0,50.0,50.0,50.0,50.0,50.0,50.0,50.0,0.0,0.0,0.0,0.0,1.0,1.0,1.0,1.0,1.0,1.0,1.0,1.0,1.0,1.0,1.0,1.0,0.5,0.5,0.5,0.5
1788446252.3932884,208,16.053618001024006,6.046295000487589,10682808,1,0.0,0.0,0.0,-0.035189867,0.55950665,-1.2699921,0.025561674,0.6757867,-1.3649163,-0.062444776,0.6037149,-1.2204528,0.009822488,0.72303855,-1.3291519,27.088732,31.689493,-44.402996,-6.249464,0.011626571,-0.019377619,0.028308174,0.038755238,-0.038755238,-0.0020220124,-0.05813286,-0.081386,0.026286162,-0.019377619,-0.019377619,0.016176099,-0.05038181,-0.0038755238,0.054257333,0.011626571,-0.016551279,0.55792177,-1.1514728,-0.00036216062,0.6748796,-1.2247921,-0.017145054,0.61464727,-1.0870647,-0.015558094,0.7319332,-1.210535,0.0,0.0,0.0,0.0,0.0,0.0,0.0,0.0,0.0,0.0,0.0,0.0,0.0,0.0,0.0,0.0,-1.8943205,-1.4659333,-0.65315175,-0.20910032,50.0,50.0,50.0,50.0,50.0,50.0,50.0,50.0,50.0,50.0,50.0,50.0,0.0,0.0,0.0,0.0,1.0,1.0,1.0,1.0,1.0,1.0,1.0,1.0,1.0,1.0,1.0,1.0,0.5,0.5,0.5,0.5
1788446252.4173267,209,20.022838001750642,5.532826000489877,10682828,1,0.0,0.0,0.0,-0.03512931,0.5594764,-1.2699921,0.02559195,0.6751206,-1.3649163,-0.062414497,0.60377544,-1.2204528,0.009822488,0.722978,-1.3291519,27.088549,31.689188,-44.403088,-6.25013,0.054257333,-0.0077510476,-0.010110063,0.011626571,0.04263076,-0.030330187,-0.05038181,-0.011626571,0.026286162,-0.046506286,0.06975943,0.0080880495,-0.038755238,-0.015502095,0.0038755238,-0.027128667,-0.016351117,0.5554586,-1.1509039,0.00053808047,0.67267317,-1.2247541,-0.017288182,0.6121405,-1.0897391,-0.016059298,0.7308244,-1.2095007,0.0,0.0,0.0,0.0,0.0,0.0,0.0,0.0,0.0,0.0,0.0,0.0,0.0,0.0,0.0,0.0,-1.872502,-1.4239244,-0.68814874,-0.19153175,50.0,50.0,50.0,50.0,50.0,50.0,50.0,50.0,50.0,50.0,50.0,50.0,0.0,0.0,0.0,0.0,1.0,1.0,1.0,1.0,1.0,1.0,1.0,1.0,1.0,1.0,1.0,1.0,0.5,0.5,0.5,0.5
1788446252.4353826,210,17.176297998958034,5.951030998403439,10682847,1,0.0,0.0,0.0,-0.035159588,0.5594461,-1.2699921,0.025561674,0.6748178,-1.3649163,-0.062414497,0.6039268,-1.2204528,0.009852767,0.7228266,-1.3291676,27.088186,31.689219,-44.40321,-6.251008,0.03100419,-0.09301257,-0.022242136,0.027128667,-0.023253143,-0.028308174,0.0,0.0,0.0060660373,-0.07363495,0.019377619,0.0020220124,-0.046506286,0.023253143,-0.081386,-0.065883905,-0.015263969,0.5571374,-1.1552458,0.0011906461,0.68480897,-1.2243986,-0.018351706,0.6085402,-1.0844307,-0.019753762,0.73781395,-1.2092496,0.0,0.0,0.0,0.0,0.0,0.0,0.0,0.0,0.0,0.0,0.0,0.0,0.0,0.0,0.0,0.0,-1.8165007,-1.3715137,-0.70633817,-0.23919775,50.0,50.0,50.0,50.0,50.0,50.0,50.0,50.0,50.0,50.0,50.0,50.0,0.0,0.0,0.0,0.0,1.0,1.0,1.0,1.0,1.0,1.0,1.0,1.0,1.0,1.0,1.0,1.0,0.5,0.5,0.5,0.5
1788446252.455402,211,16.92045899835648,6.50882000081765,10682870,1,0.0,0.0,0.0,-0.035189867,0.5594764,-1.2699763,0.025531396,0.6743939,-1.3649163,-0.06235394,0.6038663,-1.2204528,0.0099436045,0.72276604,-1.3291676,27.087307,31.689188,-44.40342,-6.2524314,-0.0038755238,0.019377619,0.0040440247,-0.0038755238,-0.04263076,-0.016176099,0.038755238,-0.034879714,0.020220125,0.027128667,0.034879714,0.012132075,-0.10463915,0.04263076,-0.0077510476,0.027128667,-0.01490573,0.5552201,-1.155022,0.0011771112,0.6808302,-1.2232718,-0.018922914,0.60833955,-1.0870918,-0.018542435,0.73665607,-1.2104198,0.0,0.0,0.0,0.0,0.0,0.0,0.0,0.0,0.0,0.0,0.0,0.0,0.0,0.0,0.0,0.0,-1.9407076,-1.3825732,-0.65811455,-0.26444706,50.0,50.0,50.0,50.0,50.0,50.0,50.0,50.0,50.0,50.0,50.0,50.0,0.0,0.0,0.0,0.0,1.0,1.0,1.0,1.0,1.0,1.0,1.0,1.0,1.0,1.0,1.0,1.0,0.5,0.5,0.5,0.5
1788446252.4733999,212,14.38796500042372,4.800575001354446,10682890,1,0.0,0.0,0.0,-0.035189867,0.55953693,-1.2699763,0.02559195,0.67533255,-1.3649321,-0.062384218,0.6037149,-1.2204369,0.009852767,0.7231597,-1.3291676,27.086823,31.689066,-44.403633,-6.2531576,0.0077510476,-0.034879714,0.036396224,0.11239019,0.065883905,-0.012132075,-0.034879714,0.019377619,-0.0020220124,0.0,0.038755238,-0.0080880495,-0.038755238,-0.065883905,-0.038755238,-0.03100419,-0.015875278,0.55534124,-1.1499414,0.0010788129,0.6763479,-1.2277664,-0.016213853,0.61322874,-1.0893781,-0.018303966,0.73147655,-1.2070854,0.0,0.0,0.0,0.0,0.0,0.0,0.0,0.0,0.0,0.0,0.0,0.0,0.0,0.0,0.0,0.0,-2.0489788,-1.3833541,-0.6244559,-0.22765213,50.0,50.0,50.0,50.0,50.0,50.0,50.0,50.0,50.0,50.0,50.0,50.0,0.0,0.0,0.0,0.0,1.0,1.0,1.0,1.0,1.0,1.0,1.0,1.0,1.0,1.0,1.0,1.0,0.5,0.5,0.5,0.5
1788446252.4933255,213,14.24108600076579,4.67942400064203,10682910,1,0.0,0.0,0.0,-0.03512931,0.55950665,-1.2699763,0.02559195,0.6750903,-1.3649163,-0.062444776,0.6036846,-1.2204528,0.009852767,0.7231597,-1.3291519,27.086248,31.689096,-44.403664,-6.2535515,0.038755238,0.019377619,0.030330187,0.081386,0.0,-0.014154087,-0.023253143,-0.038755238,0.010110063,-0.023253143,0.0,0.020220125,-0.08913705,0.05038181,-0.0038755238,-0.015502095,-0.016369125,0.5525817,-1.1447334,0.0010588975,0.677271,-1.2322012,-0.016500397,0.616542,-1.0922906,-0.017576104,0.7284017,-1.2065207,0.0,0.0,0.0,0.0,0.0,0.0,0.0,0.0,0.0,0.0,0.0,0.0,0.0,0.0,0.0,0.0,-2.0381656,-1.3761145,-0.69637704,-0.29053178,50.0,50.0,50.0,50.0,50.0,50.0,50.0,50.0,50.0,50.0,50.0,50.0,0.0,0.0,0.0,0.0,1.0,1.0,1.0,1.0,1.0,1.0,1.0,1.0,1.0,1.0,1.0,1.0,0.5,0.5,0.5,0.5
1788446252.5172777,214,18.127074999938486,5.991190999338869,10682930,1,0.0,0.0,0.0,-0.03512931,0.55950665,-1.2699763,0.02559195,0.6746361,-1.3649638,-0.062384218,0.6036846,-1.2204686,0.009822488,0.7228569,-1.3291519,27.085218,31.689066,-44.403755,-6.253612,0.034879714,0.03100419,0.0,0.0,-0.019377619,-0.044484273,-0.07363495,-0.077510476,-0.010110063,0.019377619,0.027128667,-0.0060660373,-0.09301257,-0.011626571,-0.05813286,-0.011626571,-0.016162166,0.55079657,-1.1497211,0.0026157047,0.6787512,-1.2264172,-0.017399078,0.6121603,-1.0954255,-0.018504726,0.7305955,-1.2008984,0.0,0.0,0.0,0.0,0.0,0.0,0.0,0.0,0.0,0.0,0.0,0.0,0.0,0.0,0.0,0.0,-1.9430468,-1.3739386,-0.65363705,-0.3304149,50.0,50.0,50.0,50.0,50.0,50.0,50.0,50.0,50.0,50.0,50.0,50.0,0.0,0.0,0.0,0.0,1.0,1.0,1.0,1.0,1.0,1.0,1.0,1.0,1.0,1.0,1.0,1.0,0.5,0.5,0.5,0.5
1788446252.5374146,215,18.200289998276276,5.3366350002761465,10682949,1,0.0,0.0,0.0,-0.035159588,0.5594158,-1.2699605,0.025531396,0.6746967,-1.3649795,-0.062384218,0.6038965,-1.2204686,0.009822488,0.72261465,-1.3291519,27.083946,31.689066,-44.404297,-6.253733,0.015502095,-0.0077510476,0.022242136,-0.08913705,0.07363495,0.012132075,-0.0038755238,-0.023253143,0.0060660373,-0.04263076,0.038755238,-0.010110063,-0.10076362,-0.011626571,-0.081386,0.05813286,-0.014579233,0.5522123,-1.1550723,0.003944838,0.6790677,-1.2208259,-0.019397445,0.6086626,-1.0953742,-0.020125542,0.73493254,-1.2022245,0.0,0.0,0.0,0.0,0.0,0.0,0.0,0.0,0.0,0.0,0.0,0.0,0.0,0.0,0.0,0.0,-1.7947898,-1.4233953,-0.6415076,-0.25450417,50.0,50.0,50.0,50.0,50.0,50.0,50.0,50.0,50.0,50.0,50.0,50.0,0.0,0.0,0.0,0.0,1.0,1.0,1.0,1.0,1.0,1.0,1.0,1.0,1.0,1.0,1.0,1.0,0.5,0.5,0.5,0.5
1788446252.5553415,216,16.02664199890569,5.9153519996471005,10682970,1,0.0,0.0,0.0,-0.035220146,0.55938554,-1.2699605,0.02559195,0.6746967,-1.3649479,-0.06235394,0.603836,-1.2204844,0.009822488,0.72261465,-1.3291203,27.08316,31.689096,-44.40548,-6.254187,0.0,-0.038755238,0.020220125,-0.015502095,0.038755238,-0.0020220124,-0.0077510476,-0.07363495,0.020220125,-0.08526152,-0.015502095,-0.032352198,-0.05813286,0.05813286,-0.09301257,0.015502095,-0.016206142,0.5591547,-1.1535665,0.0016325596,0.67863387,-1.22506,-0.018080361,0.6117254,-1.0896362,-0.018706838,0.73239475,-1.2028455,0.0,0.0,0.0,0.0,0.0,0.0,0.0,0.0,0.0,0.0,0.0,0.0,0.0,0.0,0.0,0.0,-1.8117712,-1.3980653,-0.6862524,-0.29518202,50.0,50.0,50.0,50.0,50.0,50.0,50.0,50.0,50.0,50.0,50.0,50.0,0.0,0.0,0.0,0.0,1.0,1.0,1.0,1.0,1.0,1.0,1.0,1.0,1.0,1.0,1.0,1.0,0.5,0.5,0.5,0.5
1788446252.5794528,217,18.979676999151707,6.734802000210038,10682992,1,0.0,0.0,0.0,-0.03509903,0.55938554,-1.2699921,0.025743337,0.6746967,-1.3649006,-0.062444776,0.6037149,-1.2204844,0.009792209,0.7229477,-1.3291203,27.08313,31.689009,-44.40663,-6.2557316,0.096888095,-0.038755238,-0.0040440247,0.038755238,0.06975943,-0.038418237,-0.07363495,-0.038755238,0.012132075,-0.046506286,0.038755238,-0.030330187,-0.019377619,0.0,-0.023253143,-0.06975943,-0.01599533,0.5567937,-1.1518041,0.0003688936,0.67743677,-1.2275873,-0.01739023,0.6130633,-1.0896357,-0.017254956,0.73227185,-1.2067802,0.0,0.0,0.0,0.0,0.0,0.0,0.0,0.0,0.0,0.0,0.0,0.0,0.0,0.0,0.0,0.0,-1.8709292,-1.4381447,-0.66739845,-0.23805287,50.0,50.0,50.0,50.0,50.0,50.0,50.0,50.0,50.0,50.0,50.0,50.0,0.0,0.0,0.0,0.0,1.0,1.0,1.0,1.0,1.0,1.0,1.0,1.0,1.0,1.0,1.0,1.0,0.5,0.5,0.5,0.5
1788446252.6013312,218,20.648050000090734,5.972598999505863,10683010,1,0.0,0.0,0.0,-0.035159588,0.5597489,-1.2699605,0.025743337,0.6746664,-1.3649163,-0.062475055,0.60374516,-1.2204528,0.009792209,0.722978,-1.3291203,27.082949,31.688978,-44.407143,-6.2567306,-0.015502095,0.019377619,0.0485283,0.038755238,0.0038755238,-0.020220125,-0.12014124,-0.054257333,0.018198112,-0.038755238,0.038755238,-0.018198112,-0.0038755238,-0.019377619,-0.015502095,0.05813286,-0.016438518,0.55365294,-1.1497557,0.0009802221,0.67668045,-1.2285335,-0.017527523,0.6129223,-1.0931704,-0.017857812,0.7307904,-1.2071155,0.0,0.0,0.0,0.0,0.0,0.0,0.0,0.0,0.0,0.0,0.0,0.0,0.0,0.0,0.0,0.0,-1.8542697,-1.4779906,-0.65161616,-0.22760007,50.0,50.0,50.0,50.0,50.0,50.0,50.0,50.0,50.0,50.0,50.0,50.0,0.0,0.0,0.0,0.0,1.0,1.0,1.0,1.0,1.0,1.0,1.0,1.0,1.0,1.0,1.0,1.0,0.5,0.5,0.5,0.5
1788446252.6193824,219,17.14141800039215,5.994966999423923,10683032,1,0.0,0.0,0.0,-0.03509903,0.5596278,-1.2699763,0.02571306,0.674515,-1.3649321,-0.062414497,0.603836,-1.2204528,0.009852767,0.72291744,-1.3291519,27.082796,31.688948,-44.40787,-6.2569427,0.023253143,0.0077510476,0.018198112,-0.011626571,0.023253143,-0.020220125,-0.05813286,0.023253143,0.022242136,-0.019377619,0.011626571,-0.036396224,-0.015502095,0.027128667,-0.10076362,-0.05038181,-0.014910868,0.5505916,-1.1559511,0.0014055329,0.67933875,-1.2192144,-0.019865198,0.60575557,-1.0913455,-0.01947774,0.73856485,-1.2100835,0.0,0.0,0.0,0.0,0.0,0.0,0.0,0.0,0.0,0.0,0.0,0.0,0.0,0.0,0.0,0.0,-1.8595684,-1.4178108,-0.66750634,-0.24652559,50.0,50.0,50.0,50.0,50.0,50.0,50.0,50.0,50.0,50.0,50.0,50.0,0.0,0.0,0.0,0.0,1.0,1.0,1.0,1.0,1.0,1.0,1.0,1.0,1.0,1.0,1.0,1.0,0.5,0.5,0.5,0.5
1788446252.6373556,220,14.858169999570237,5.843799999638577,10683054,1,0.0,0.0,0.0,-0.035159588,0.5594158,-1.2699605,0.025652505,0.67433333,-1.3649479,-0.06235394,0.6038663,-1.2204528,0.009852767,0.72276604,-1.3291203,27.082735,31.688856,-44.408417,-6.2569427,0.0,0.0,0.030330187,-0.06200838,0.015502095,-0.0060660373,0.011626571,-0.0077510476,0.038418237,-0.046506286,0.0,0.022242136,0.0,0.05813286,-0.05813286,0.038755238,-0.016652856,0.5562475,-1.1530821,0.0002573575,0.6743529,-1.2268399,-0.017907472,0.6095427,-1.0883805,-0.016884798,0.7318212,-1.2096341,0.0,0.0,0.0,0.0,0.0,0.0,0.0,0.0,0.0,0.0,0.0,0.0,0.0,0.0,0.0,0.0,-1.8494314,-1.4152771,-0.68354934,-0.2948003,50.0,50.0,50.0,50.0,50.0,50.0,50.0,50.0,50.0,50.0,50.0,50.0,0.0,0.0,0.0,0.0,1.0,1.0,1.0,1.0,1.0,1.0,1.0,1.0,1.0,1.0,1.0,1.0,0.5,0.5,0.5,0.5
1788446252.6612577,221,18.225955000161775,7.294286000615102,10683074,1,0.0,0.0,0.0,-0.03512931,0.55905247,-1.2699921,0.02571306,0.6743939,-1.3648531,-0.062414497,0.60359377,-1.2204369,0.009792209,0.7232202,-1.3291676,27.082766,31.688643,-44.40872,-6.257094,-0.05038181,-0.03100419,-0.0040440247,0.038755238,0.038755238,-0.0040440247,0.05813286,0.0038755238,0.050550308,-0.034879714,0.038755238,0.0,0.034879714,-0.0077510476,-0.034879714,-0.027128667,-0.017165415,0.5577448,-1.1468935,-8.772453e-05,0.6750752,-1.2303387,-0.016850227,0.61574244,-1.0888032,-0.016201502,0.72857094,-1.2085037,0.0,0.0,0.0,0.0,0.0,0.0,0.0,0.0,0.0,0.0,0.0,0.0,0.0,0.0,0.0,0.0,-1.8920269,-1.4580947,-0.70799816,-0.2947831,50.0,50.0,50.0,50.0,50.0,50.0,50.0,50.0,50.0,50.0,50.0,50.0,0.0,0.0,0.0,0.0,1.0,1.0,1.0,1.0,1.0,1.0,1.0,1.0,1.0,1.0,1.0,1.0,0.5,0.5,0.5,0.5
1788446252.681481,222,18.384449000222958,6.012151001414168,10683093,1,0.0,0.0,0.0,-0.03512931,0.5591736,-1.2699921,0.02571306,0.67397,-1.3649321,-0.062414497,0.60359377,-1.2204528,0.009883046,0.72288716,-1.3291519,27.082676,31.688581,-44.40914,-6.2576995,0.0,-0.015502095,-0.0080880495,0.0,-0.0077510476,0.0040440247,0.0,-0.05038181,0.018198112,0.019377619,0.034879714,0.0,-0.0038755238,-0.054257333,-0.03100419,0.04263076,-0.016483456,0.55626214,-1.147532,0.00071793003,0.6782935,-1.2331285,-0.016624957,0.61539984,-1.0910624,-0.017597372,0.7286494,-1.2026654,0.0,0.0,0.0,0.0,0.0,0.0,0.0,0.0,0.0,0.0,0.0,0.0,0.0,0.0,0.0,0.0,-1.9134682,-1.5240684,-0.6690873,-0.3252587,50.0,50.0,50.0,50.0,50.0,50.0,50.0,50.0,50.0,50.0,50.0,50.0,0.0,0.0,0.0,0.0,1.0,1.0,1.0,1.0,1.0,1.0,1.0,1.0,1.0,1.0,1.0,1.0,0.5,0.5,0.5,0.5
1788446252.6993747,223,15.962801999194198,4.8560630002612015,10683114,1,0.0,0.0,0.0,-0.03506875,0.5591433,-1.2699763,0.02571306,0.6739397,-1.3649795,-0.062414497,0.6039268,-1.2204528,0.009883046,0.7226449,-1.3291676,27.082554,31.688581,-44.41017,-6.2582746,-0.0077510476,-0.038755238,-0.010110063,0.0038755238,0.038755238,-0.016176099,0.0,0.0077510476,0.012132075,0.019377619,0.03100419,-0.026286162,-0.04263076,-0.015502095,-0.1472699,-0.046506286,-0.014849331,0.5507659,-1.1510087,0.0021421728,0.6834463,-1.2292552,-0.018601775,0.60857266,-1.0914376,-0.02020088,0.7349869,-1.2032925,0.0,0.0,0.0,0.0,0.0,0.0,0.0,0.0,0.0,0.0,0.0,0.0,0.0,0.0,0.0,0.0,-1.9142824,-1.55323,-0.65759945,-0.33986583,50.0,50.0,50.0,50.0,50.0,50.0,50.0,50.0,50.0,50.0,50.0,50.0,0.0,0.0,0.0,0.0,1.0,1.0,1.0,1.0,1.0,1.0,1.0,1.0,1.0,1.0,1.0,1.0,0.5,0.5,0.5,0.5
1788446252.7222278,224,18.03725200079498,5.984662999253487,10683134,1,0.0,0.0,0.0,-0.035159588,0.559113,-1.2699447,0.025682783,0.6740608,-1.3649952,-0.062384218,0.6040176,-1.2204686,0.009822488,0.7226752,-1.3291044,27.082403,31.68831,-44.41117,-6.260122,0.0,-0.027128667,0.042462263,0.054257333,0.07363495,-0.020220125,0.0,-0.038755238,-0.0040440247,-0.023253143,0.06200838,0.0,-0.038755238,-0.07363495,-0.08526152,-0.08913705,-0.014317819,0.5507038,-1.153811,0.0026994995,0.6804564,-1.222848,-0.019074062,0.6066691,-1.0913872,-0.019789081,0.73708564,-1.2064728,0.0,0.0,0.0,0.0,0.0,0.0,0.0,0.0,0.0,0.0,0.0,0.0,0.0,0.0,0.0,0.0,-1.93787,-1.5764463,-0.6048629,-0.3125538,50.0,50.0,50.0,50.0,50.0,50.0,50.0,50.0,50.0,50.0,50.0,50.0,0.0,0.0,0.0,0.0,1.0,1.0,1.0,1.0,1.0,1.0,1.0,1.0,1.0,1.0,1.0,1.0,0.5,0.5,0.5,0.5
1788446252.7472768,225,22.72592299959797,9.974938999221195,10683155,1,0.0,0.0,0.0,-0.035159588,0.5587194,-1.2699605,0.025682783,0.67445445,-1.3649952,-0.062414497,0.6037149,-1.2204686,0.009792209,0.7230991,-1.3291044,27.082434,31.68722,-44.41111,-6.261696,0.046506286,0.019377619,0.028308174,-0.023253143,0.0,-0.020220125,-0.054257333,-0.015502095,-0.0080880495,-0.034879714,0.0038755238,0.010110063,0.027128667,-0.065883905,-0.027128667,-0.077510476,-0.016270386,0.55557626,-1.1518955,0.00060167117,0.6749742,-1.2231897,-0.017152926,0.6130202,-1.0907507,-0.01647795,0.73134303,-1.2078512,0.0,0.0,0.0,0.0,0.0,0.0,0.0,0.0,0.0,0.0,0.0,0.0,0.0,0.0,0.0,0.0,-1.8970015,-1.5479076,-0.5949632,-0.26001006,50.0,50.0,50.0,50.0,50.0,50.0,50.0,50.0,50.0,50.0,50.0,50.0,0.0,0.0,0.0,0.0,1.0,1.0,1.0,1.0,1.0,1.0,1.0,1.0,1.0,1.0,1.0,1.0,0.5,0.5,0.5,0.5
1788446252.791426,226,32.70847900057561,9.045153999977629,10683189,1,0.0,0.0,0.0,-0.03503847,0.55850744,-1.2699763,0.025773615,0.6743636,-1.3649006,-0.062444776,0.60359377,-1.2204528,0.009792209,0.7235533,-1.3291203,27.082403,31.685041,-44.41111,-6.2651176,0.0,0.05813286,0.0020220124,0.05813286,-0.05813286,-0.012132075,-0.023253143,0.034879714,0.02426415,-0.10463915,-0.10076362,0.02426415,0.054257333,-0.0077510476,0.0038755238,0.027128667,-0.017090796,0.5558652,-1.1515957,-9.0905e-05,0.6752533,-1.2249874,-0.017111277,0.6147712,-1.0925245,-0.016568994,0.730219,-1.2059664,0.0,0.0,0.0,0.0,0.0,0.0,0.0,0.0,0.0,0.0,0.0,0.0,0.0,0.0,0.0,0.0,-1.8613853,-1.595073,-0.6249355,-0.28771603,50.0,50.0,50.0,50.0,50.0,50.0,50.0,50.0,50.0,50.0,50.0,50.0,0.0,0.0,0.0,0.0,1.0,1.0,1.0,1.0,1.0,1.0,1.0,1.0,1.0,1.0,1.0,1.0,0.5,0.5,0.5,0.5
1788446252.8072617,227,14.65276300041296,4.167650999079342,10683221,1,0.0,0.0,0.0,-0.035008192,0.5584469,-1.2699763,0.025743337,0.6740608,-1.3648847,-0.062444776,0.6036543,-1.2204686,0.009822488,0.7232808,-1.3291519,27.082312,31.684404,-44.411232,-6.2655716,0.0038755238,-0.034879714,0.018198112,-0.027128667,0.015502095,0.014154087,-0.038755238,0.027128667,0.0,-0.05813286,0.027128667,-0.028308174,-0.04263076,-0.0038755238,-0.07363495,0.0038755238,-0.016130127,0.5546296,-1.1533895,0.0008128169,0.677437,-1.222412,-0.018590381,0.6106489,-1.0925657,-0.018640392,0.7338149,-1.2068826,0.0,0.0,0.0,0.0,0.0,0.0,0.0,0.0,0.0,0.0,0.0,0.0,0.0,0.0,0.0,0.0,-1.8913782,-1.5101819,-0.6764263,-0.26239637,50.0,50.0,50.0,50.0,50.0,50.0,50.0,50.0,50.0,50.0,50.0,50.0,0.0,0.0,0.0,0.0,1.0,1.0,1.0,1.0,1.0,1.0,1.0,1.0,1.0,1.0,1.0,1.0,0.5,0.5,0.5,0.5
1788446252.8253443,228,12.362090999886277,4.1058590013562934,10683243,1,0.0,0.0,0.0,-0.03512931,0.55847716,-1.2699605,0.02571306,0.67403054,-1.3649006,-0.062384218,0.6036543,-1.2204686,0.009913325,0.72306883,-1.3291203,27.082312,31.683073,-44.411232,-6.266086,-0.0077510476,0.023253143,0.026286162,0.015502095,0.07363495,0.0,0.0,-0.05038181,0.020220125,0.019377619,-0.011626571,-0.0040440247,-0.027128667,-0.14339438,-0.07363495,-0.06975943,-0.015396065,0.55329037,-1.1527804,0.00048739417,0.6762496,-1.2256033,-0.018306006,0.60919434,-1.0904399,-0.018682474,0.7332868,-1.2065322,0.0,0.0,0.0,0.0,0.0,0.0,0.0,0.0,0.0,0.0,0.0,0.0,0.0,0.0,0.0,0.0,-1.9001815,-1.5421543,-0.6598741,-0.2362448,50.0,50.0,50.0,50.0,50.0,50.0,50.0,50.0,50.0,50.0,50.0,50.0,0.0,0.0,0.0,0.0,1.0,1.0,1.0,1.0,1.0,1.0,1.0,1.0,1.0,1.0,1.0,1.0,0.5,0.5,0.5,0.5
1788446252.8461325,229,13.079716998618096,4.1435870007262565,10683264,1,0.0,0.0,0.0,-0.03506875,0.55832577,-1.2699763,0.025743337,0.6742425,-1.3649006,-0.062414497,0.6035029,-1.2204528,0.009822488,0.7232808,-1.329136,27.082281,31.681196,-44.411263,-6.2675395,0.11239019,-0.05038181,0.022242136,0.05813286,0.05813286,-0.018198112,0.0,-0.04263076,0.0485283,-0.05813286,0.06200838,-0.020220125,-0.027128667,-0.13176781,-0.046506286,-0.027128667,-0.015066205,0.55439687,-1.1495227,0.0009716484,0.6820281,-1.2302486,-0.017809276,0.6107166,-1.0853586,-0.018164854,0.7351964,-1.210321,0.0,0.0,0.0,0.0,0.0,0.0,0.0,0.0,0.0,0.0,0.0,0.0,0.0,0.0,0.0,0.0,-1.9268193,-1.5255635,-0.64172775,-0.19293708,50.0,50.0,50.0,50.0,50.0,50.0,50.0,50.0,50.0,50.0,50.0,50.0,0.0,0.0,0.0,0.0,1.0,1.0,1.0,1.0,1.0,1.0,1.0,1.0,1.0,1.0,1.0,1.0,0.5,0.5,0.5,0.5
1788446252.8672163,230,14.098399000431527,5.885144000785658,10683284,1,0.0,0.0,0.0,-0.03509903,0.5581744,-1.2699763,0.02571306,0.67430305,-1.3649163,-0.062414497,0.6033818,-1.2204528,0.009792209,0.72334135,-1.3291203,27.082312,31.678865,-44.411263,-6.268539,-0.0038755238,0.023253143,0.0060660373,0.0,0.07363495,-0.022242136,0.019377619,0.038755238,0.032352198,-0.06975943,0.03100419,0.0060660373,0.0,-0.12014124,-0.0077510476,-0.05038181,-0.016288681,0.5523954,-1.1490035,0.0012870426,0.67403895,-1.2290359,-0.017487148,0.6118971,-1.0933565,-0.016389191,0.7310972,-1.2122189,0.0,0.0,0.0,0.0,0.0,0.0,0.0,0.0,0.0,0.0,0.0,0.0,0.0,0.0,0.0,0.0,-1.9948012,-1.5891223,-0.67404044,-0.2788604,50.0,50.0,50.0,50.0,50.0,50.0,50.0,50.0,50.0,50.0,50.0,50.0,0.0,0.0,0.0,0.0,1.0,1.0,1.0,1.0,1.0,1.0,1.0,1.0,1.0,1.0,1.0,1.0,0.5,0.5,0.5,0.5
1788446252.887228,231,14.043102999494295,4.036387999803992,10683303,1,0.0,0.0,0.0,-0.03503847,0.5581441,-1.2699763,0.025773615,0.6750903,-1.3649479,-0.062414497,0.60332125,-1.2204212,0.009852767,0.7234019,-1.3291519,27.08216,31.676653,-44.411354,-6.268569,0.038755238,0.054257333,-0.010110063,0.05813286,0.038755238,0.022242136,0.0,-0.03100419,0.044484273,0.019377619,-0.011626571,-0.0080880495,-0.05038181,-0.12401676,-0.10463915,-0.027128667,-0.015969185,0.55233413,-1.1493059,0.0009481185,0.6771971,-1.2271405,-0.017423922,0.6111251,-1.090538,-0.0168763,0.7335993,-1.2116647,0.0,0.0,0.0,0.0,0.0,0.0,0.0,0.0,0.0,0.0,0.0,0.0,0.0,0.0,0.0,0.0,-1.9763491,-1.4603505,-0.69767505,-0.2322063,50.0,50.0,50.0,50.0,50.0,50.0,50.0,50.0,50.0,50.0,50.0,50.0,0.0,0.0,0.0,0.0,1.0,1.0,1.0,1.0,1.0,1.0,1.0,1.0,1.0,1.0,1.0,1.0,0.5,0.5,0.5,0.5
1788446252.9093943,232,16.142640999532887,5.981846999929985,10683324,1,0.0,0.0,0.0,-0.03509903,0.5578414,-1.2699763,0.02571306,0.6746361,-1.3649795,-0.062444776,0.60332125,-1.2204844,0.009883046,0.7231597,-1.3291676,27.082039,31.673506,-44.411385,-6.2687206,0.038755238,-0.06200838,-0.0080880495,-0.019377619,-0.054257333,-0.032352198,-0.077510476,-0.05813286,-0.02426415,-0.03100419,0.027128667,-0.02426415,0.06975943,-0.17439857,-0.0077510476,0.0,-0.015859777,0.55818224,-1.1540174,0.0012621828,0.67964727,-1.2229288,-0.017478595,0.6126517,-1.0889019,-0.017196765,0.73497975,-1.2045912,0.0,0.0,0.0,0.0,0.0,0.0,0.0,0.0,0.0,0.0,0.0,0.0,0.0,0.0,0.0,0.0,-1.8781489,-1.5214512,-0.62871844,-0.23945346,50.0,50.0,50.0,50.0,50.0,50.0,50.0,50.0,50.0,50.0,50.0,50.0,0.0,0.0,0.0,0.0,1.0,1.0,1.0,1.0,1.0,1.0,1.0,1.0,1.0,1.0,1.0,1.0,0.5,0.5,0.5,0.5
1788446252.9302132,233,16.8892270012293,5.127261001689476,10683343,1,0.0,0.0,0.0,-0.03509903,0.55778086,-1.2699605,0.025803894,0.67533255,-1.3649638,-0.062414497,0.6032305,-1.2204686,0.009852767,0.7232808,-1.3291676,27.081888,31.668932,-44.411594,-6.268781,-0.015502095,0.019377619,0.022242136,0.054257333,0.065883905,-0.050550308,-0.038755238,-0.06200838,0.0080880495,-0.05038181,-0.011626571,-0.0080880495,-0.023253143,-0.2092783,-0.0038755238,0.011626571,-0.015867246,0.5556943,-1.1492525,0.00023332098,0.6749466,-1.2278204,-0.01702829,0.6124316,-1.091047,-0.016441654,0.7309134,-1.2057748,0.0,0.0,0.0,0.0,0.0,0.0,0.0,0.0,0.0,0.0,0.0,0.0,0.0,0.0,0.0,0.0,-1.9708252,-1.4874568,-0.6860721,-0.18398671,50.0,50.0,50.0,50.0,50.0,50.0,50.0,50.0,50.0,50.0,50.0,50.0,0.0,0.0,0.0,0.0,1.0,1.0,1.0,1.0,1.0,1.0,1.0,1.0,1.0,1.0,1.0,1.0,0.5,0.5,0.5,0.5
1788446252.9493628,234,15.339511001002393,5.944951000856236,10683363,1,0.0,0.0,0.0,-0.03503847,0.55793214,-1.2699763,0.025834171,0.67648304,-1.3648689,-0.062444776,0.6032305,-1.2204528,0.009822488,0.72334135,-1.329136,27.081858,31.663664,-44.411747,-6.2688417,0.027128667,-0.038755238,0.022242136,0.06200838,0.054257333,-0.0020220124,-0.05038181,-0.06200838,0.020220125,-0.06200838,0.0077510476,-0.032352198,-0.038755238,-0.325544,0.0038755238,0.0,-0.014655561,0.55502725,-1.1505693,0.0012526815,0.6806788,-1.225381,-0.018034033,0.6115513,-1.0884206,-0.01821852,0.7346277,-1.207591,0.0,0.0,0.0,0.0,0.0,0.0,0.0,0.0,0.0,0.0,0.0,0.0,0.0,0.0,0.0,0.0,-1.9817426,-1.4238566,-0.6538696,-0.16718212,50.0,50.0,50.0,50.0,50.0,50.0,50.0,50.0,50.0,50.0,50.0,50.0,0.0,0.0,0.0,0.0,1.0,1.0,1.0,1.0,1.0,1.0,1.0,1.0,1.0,1.0,1.0,1.0,0.5,0.5,0.5,0.5
1788446252.9692845,235,14.830841000730288,5.921175999901607,10683386,1,0.0,0.0,0.0,-0.03506875,0.5578717,-1.2699605,0.025773615,0.6769372,-1.3649006,-0.062384218,0.6032305,-1.2204686,0.009883046,0.72306883,-1.3291203,27.081707,31.65758,-44.411957,-6.268811,-0.0038755238,0.019377619,0.020220125,0.0,-0.04263076,0.022242136,0.023253143,-0.04263076,0.016176099,-0.054257333,0.038755238,0.0,-0.07363495,-0.19377619,-0.07363495,0.09301257,-0.015399502,0.55266225,-1.1509941,0.0008755275,0.68509007,-1.2281905,-0.019058699,0.6101161,-1.0872911,-0.01817034,0.7365356,-1.2108124,0.0,0.0,0.0,0.0,0.0,0.0,0.0,0.0,0.0,0.0,0.0,0.0,0.0,0.0,0.0,0.0,-1.9674206,-1.4512625,-0.67759454,-0.23926571,50.0,50.0,50.0,50.0,50.0,50.0,50.0,50.0,50.0,50.0,50.0,50.0,0.0,0.0,0.0,0.0,1.0,1.0,1.0,1.0,1.0,1.0,1.0,1.0,1.0,1.0,1.0,1.0,0.5,0.5,0.5,0.5
1788446252.9892702,236,14.299678001407301,5.882776000362355,10683405,1,0.0,0.0,0.0,-0.03503847,0.5578414,-1.2699763,0.025773615,0.6782391,-1.3649321,-0.06235394,0.60326076,-1.2204686,0.009883046,0.7231294,-1.329136,27.081585,31.65325,-44.4122,-6.2689023,0.019377619,0.015502095,0.020220125,-0.019377619,0.027128667,-0.0485283,0.03100419,0.015502095,0.0,0.0077510476,0.027128667,-0.014154087,0.0,-0.18214962,-0.015502095,0.0038755238,-0.015067021,0.5552901,-1.1545014,0.0009889011,0.6817943,-1.2264447,-0.01772548,0.6100757,-1.0874676,-0.017965429,0.7355951,-1.2102408,0.0,0.0,0.0,0.0,0.0,0.0,0.0,0.0,0.0,0.0,0.0,0.0,0.0,0.0,0.0,0.0,-1.969198,-1.511084,-0.63845426,-0.21636575,50.0,50.0,50.0,50.0,50.0,50.0,50.0,50.0,50.0,50.0,50.0,50.0,0.0,0.0,0.0,0.0,1.0,1.0,1.0,1.0,1.0,1.0,1.0,1.0,1.0,1.0,1.0,1.0,0.5,0.5,0.5,0.5
1788446253.0151632,237,20.125270000789897,11.570384998776717,10683426,1,0.0,0.0,0.0,-0.03512931,0.55769,-1.2699921,0.025773615,0.6792686,-1.3649479,-0.062414497,0.6032305,-1.2204528,0.009883046,0.72318995,-1.3291676,27.081495,31.649527,-44.412292,-6.269084,-0.034879714,-0.038755238,-0.032352198,0.04263076,0.054257333,-0.010110063,0.015502095,0.011626571,0.020220125,-0.015502095,-0.046506286,-0.032352198,-0.08913705,-0.22090487,-0.05813286,0.0,-0.016881762,0.558943,-1.147815,-0.0008294401,0.677011,-1.2309473,-0.016215231,0.61559397,-1.0860083,-0.015825354,0.73212653,-1.2106782,0.0,0.0,0.0,0.0,0.0,0.0,0.0,0.0,0.0,0.0,0.0,0.0,0.0,0.0,0.0,0.0,-2.0336893,-1.5138445,-0.7234159,-0.23984991,50.0,50.0,50.0,50.0,50.0,50.0,50.0,50.0,50.0,50.0,50.0,50.0,0.0,0.0,0.0,0.0,1.0,1.0,1.0,1.0,1.0,1.0,1.0,1.0,1.0,1.0,1.0,1.0,0.5,0.5,0.5,0.5
1788446253.0313632,238,15.2901359997486,4.13408399981563,10683446,1,0.0,0.0,0.0,-0.03506875,0.5577203,-1.2699921,0.025834171,0.6792989,-1.3649006,-0.062414497,0.6030791,-1.2204686,0.009852767,0.7232202,-1.3291519,27.081495,31.647161,-44.412323,-6.269235,-0.038755238,-0.023253143,-0.0060660373,0.04263076,0.034879714,0.016176099,-0.0038755238,-0.019377619,-0.010110063,0.0038755238,0.034879714,-0.0080880495,0.0038755238,-0.1782741,-0.0038755238,-0.015502095,-0.016894989,0.55732185,-1.1462711,-0.0008988031,0.67572784,-1.2297478,-0.016341167,0.616306,-1.0890585,-0.014898349,0.72963566,-1.2071471,0.0,0.0,0.0,0.0,0.0,0.0,0.0,0.0,0.0,0.0,0.0,0.0,0.0,0.0,0.0,0.0,-2.0430124,-1.4375758,-0.71610975,-0.22428177,50.0,50.0,50.0,50.0,50.0,50.0,50.0,50.0,50.0,50.0,50.0,50.0,0.0,0.0,0.0,0.0,1.0,1.0,1.0,1.0,1.0,1.0,1.0,1.0,1.0,1.0,1.0,1.0,0.5,0.5,0.5,0.5
1788446253.0533352,239,16.815820999909192,5.152925001311814,10683467,1,0.0,0.0,0.0,-0.03506875,0.55793214,-1.2699605,0.025803894,0.67932916,-1.3649479,-0.062414497,0.6031699,-1.2204528,0.009822488,0.72306883,-1.3291519,27.081253,31.644197,-44.412807,-6.269235,-0.0077510476,0.011626571,0.022242136,-0.03100419,0.0,-0.012132075,-0.038755238,-0.0038755238,0.0,-0.03100419,-0.011626571,0.0020220124,-0.019377619,-0.19377619,-0.08913705,0.038755238,-0.015466976,0.5549359,-1.1510857,0.00029211165,0.68002015,-1.2261194,-0.017777493,0.61307794,-1.0909157,-0.017061902,0.7330496,-1.2039223,0.0,0.0,0.0,0.0,0.0,0.0,0.0,0.0,0.0,0.0,0.0,0.0,0.0,0.0,0.0,0.0,-1.9924599,-1.3898289,-0.63642335,-0.21130937,50.0,50.0,50.0,50.0,50.0,50.0,50.0,50.0,50.0,50.0,50.0,50.0,0.0,0.0,0.0,0.0,1.0,1.0,1.0,1.0,1.0,1.0,1.0,1.0,1.0,1.0,1.0,1.0,0.5,0.5,0.5,0.5
1788446253.0753431,240,18.309122999198735,8.020969000426703,10683487,1,0.0,0.0,0.0,-0.03509903,0.557902,-1.2699447,0.025834171,0.67942,-1.3649321,-0.062384218,0.60332125,-1.2204369,0.009913325,0.7227963,-1.3291519,27.0811,31.641623,-44.41429,-6.2692657,0.0,-0.054257333,0.028308174,0.015502095,0.0077510476,0.0080880495,-0.038755238,-0.038755238,0.044484273,-0.019377619,0.0,-0.04044025,-0.027128667,-0.06975943,-0.11626572,0.015502095,-0.014598343,0.55411863,-1.1545211,0.0013962206,0.6844848,-1.2204568,-0.019839816,0.6076498,-1.0870601,-0.019016681,0.7391081,-1.2070272,0.0,0.0,0.0,0.0,0.0,0.0,0.0,0.0,0.0,0.0,0.0,0.0,0.0,0.0,0.0,0.0,-2.0104537,-1.302626,-0.63059795,-0.22011769,50.0,50.0,50.0,50.0,50.0,50.0,50.0,50.0,50.0,50.0,50.0,50.0,0.0,0.0,0.0,0.0,1.0,1.0,1.0,1.0,1.0,1.0,1.0,1.0,1.0,1.0,1.0,1.0,0.5,0.5,0.5,0.5
1788446253.095196,241,17.97955799884221,7.1802709990151925,10683508,1,0.0,0.0,0.0,-0.03509903,0.5577506,-1.2699605,0.025834171,0.67984384,-1.3649006,-0.062384218,0.60335153,-1.2204528,0.009913325,0.7228266,-1.3291203,27.08107,31.639956,-44.415863,-6.2693563,0.06975943,-0.038755238,0.020220125,0.096888095,0.038755238,0.012132075,0.011626571,-0.05038181,0.0485283,0.0,-0.0038755238,0.0,0.0,-0.077510476,-0.05038181,0.0,-0.01481697,0.5558615,-1.1523536,-0.0001411303,0.68305266,-1.2246802,-0.01807942,0.60826373,-1.0822012,-0.016986929,0.7387659,-1.2135044,0.0,0.0,0.0,0.0,0.0,0.0,0.0,0.0,0.0,0.0,0.0,0.0,0.0,0.0,0.0,0.0,-2.0567398,-1.2041912,-0.65838605,-0.11191122,50.0,50.0,50.0,50.0,50.0,50.0,50.0,50.0,50.0,50.0,50.0,50.0,0.0,0.0,0.0,0.0,1.0,1.0,1.0,1.0,1.0,1.0,1.0,1.0,1.0,1.0,1.0,1.0,0.5,0.5,0.5,0.5
1788446253.115158,242,17.875302000902593,6.106711000029463,10683528,1,0.0,0.0,0.0,-0.03506875,0.5577203,-1.2699763,0.025803894,0.6806613,-1.3648531,-0.062444776,0.60326076,-1.2204686,0.009883046,0.7231294,-1.3291203,27.08107,31.638624,-44.41653,-6.2695985,0.096888095,0.0,0.0080880495,0.03100419,0.023253143,0.022242136,-0.05813286,-0.0077510476,-0.010110063,-0.0038755238,-0.0077510476,0.016176099,0.019377619,-0.05813286,-0.015502095,0.081386,-0.01520418,0.5576191,-1.1517235,1.9010622e-05,0.67746997,-1.2266027,-0.016381547,0.61327547,-1.0850264,-0.015299195,0.73328495,-1.2143353,0.0,0.0,0.0,0.0,0.0,0.0,0.0,0.0,0.0,0.0,0.0,0.0,0.0,0.0,0.0,0.0,-2.0407352,-1.1621752,-0.69799113,-0.040779468,50.0,50.0,50.0,50.0,50.0,50.0,50.0,50.0,50.0,50.0,50.0,50.0,0.0,0.0,0.0,0.0,1.0,1.0,1.0,1.0,1.0,1.0,1.0,1.0,1.0,1.0,1.0,1.0,0.5,0.5,0.5,0.5
1788446253.1372352,243,19.19868599907204,6.101846000092337,10683547,1,0.0,0.0,0.0,-0.03503847,0.55769,-1.2699921,0.025803894,0.68078244,-1.3649006,-0.062414497,0.6032305,-1.2204212,0.009913325,0.7232808,-1.3291835,27.08092,31.63811,-44.41762,-6.270083,0.046506286,-0.03100419,-0.028308174,-0.015502095,0.05813286,-0.016176099,-0.027128667,-0.03100419,0.022242136,-0.019377619,0.05038181,0.014154087,-0.038755238,-0.015502095,-0.05038181,-0.05038181,-0.015910938,0.5596063,-1.1504385,0.00031094486,0.6781872,-1.2317653,-0.015954621,0.6150383,-1.085295,-0.015313771,0.729709,-1.2097385,0.0,0.0,0.0,0.0,0.0,0.0,0.0,0.0,0.0,0.0,0.0,0.0,0.0,0.0,0.0,0.0,-2.0400124,-1.1266415,-0.76767236,-0.1720728,50.0,50.0,50.0,50.0,50.0,50.0,50.0,50.0,50.0,50.0,50.0,50.0,0.0,0.0,0.0,0.0,1.0,1.0,1.0,1.0,1.0,1.0,1.0,1.0,1.0,1.0,1.0,1.0,0.5,0.5,0.5,0.5
1788446253.1533566,244,15.26971999919624,4.027332000987371,10683568,1,0.0,0.0,0.0,-0.034947634,0.5577506,-1.2699763,0.025925003,0.68026775,-1.3649006,-0.062384218,0.6033818,-1.2204528,0.009852767,0.7230083,-1.3291992,27.0808,31.638079,-44.419647,-6.270053,0.034879714,-0.046506286,0.0060660373,-0.054257333,0.05813286,-0.014154087,0.0,-0.054257333,-0.02426415,-0.09301257,0.0,-0.036396224,0.0,-0.0077510476,-0.19765173,0.019377619,-0.015151552,0.5585187,-1.1567764,0.0019176477,0.67942214,-1.2227437,-0.018442756,0.611145,-1.089652,-0.01779201,0.7356195,-1.2082517,0.0,0.0,0.0,0.0,0.0,0.0,0.0,0.0,0.0,0.0,0.0,0.0,0.0,0.0,0.0,0.0,-2.038658,-1.0756214,-0.80984443,-0.20811185,50.0,50.0,50.0,50.0,50.0,50.0,50.0,50.0,50.0,50.0,50.0,50.0,0.0,0.0,0.0,0.0,1.0,1.0,1.0,1.0,1.0,1.0,1.0,1.0,1.0,1.0,1.0,1.0,0.5,0.5,0.5,0.5
1788446253.175362,245,16.9449410004745,6.576338999366271,10683589,1,0.0,0.0,0.0,-0.034977913,0.55793214,-1.2699763,0.02595528,0.6802072,-1.3649795,-0.062384218,0.60374516,-1.2204212,0.009852767,0.72273576,-1.3291519,27.080677,31.638079,-44.42313,-6.2702346,-0.019377619,-0.0038755238,0.0020220124,0.034879714,-0.0038755238,-0.07279245,-0.027128667,-0.06975943,0.030330187,-0.09301257,0.07363495,0.026286162,0.04263076,0.023253143,-0.30616638,-0.0038755238,-0.015895791,0.5574706,-1.1569872,0.0016869879,0.6832292,-1.2217714,-0.019594684,0.6090107,-1.0878738,-0.018203873,0.73666227,-1.2065086,0.0,0.0,0.0,0.0,0.0,0.0,0.0,0.0,0.0,0.0,0.0,0.0,0.0,0.0,0.0,0.0,-2.0602396,-0.9469917,-0.7665707,-0.23835899,50.0,50.0,50.0,50.0,50.0,50.0,50.0,50.0,50.0,50.0,50.0,50.0,0.0,0.0,0.0,0.0,1.0,1.0,1.0,1.0,1.0,1.0,1.0,1.0,1.0,1.0,1.0,1.0,0.5,0.5,0.5,0.5
1788446253.1952941,246,16.367601001547882,6.084630000259494,10683610,1,0.0,0.0,0.0,-0.034977913,0.5579624,-1.2700078,0.025985558,0.68014663,-1.3648689,-0.062475055,0.60395706,-1.2204528,0.009822488,0.7229477,-1.3291676,27.080435,31.638079,-44.428097,-6.2708097,0.038755238,0.054257333,0.0,0.0038755238,-0.011626571,-0.018198112,-0.038755238,0.015502095,0.020220125,0.015502095,0.027128667,-0.016176099,0.0,-0.0038755238,-0.26741114,-0.081386,-0.015302148,0.5570846,-1.1575671,0.001552436,0.6835374,-1.222463,-0.01923815,0.6108254,-1.0879987,-0.018761104,0.7343167,-1.2025654,0.0,0.0,0.0,0.0,0.0,0.0,0.0,0.0,0.0,0.0,0.0,0.0,0.0,0.0,0.0,0.0,-2.1047864,-1.0130498,-0.69946885,-0.239912,50.0,50.0,50.0,50.0,50.0,50.0,50.0,50.0,50.0,50.0,50.0,50.0,0.0,0.0,0.0,0.0,1.0,1.0,1.0,1.0,1.0,1.0,1.0,1.0,1.0,1.0,1.0,1.0,0.5,0.5,0.5,0.5
1788446253.2145312,247,15.534005999143119,5.901016000279924,10683629,1,0.0,0.0,0.0,-0.034977913,0.557902,-1.2700078,0.026015837,0.6803283,-1.3648689,-0.062505335,0.6040176,-1.2204369,0.009792209,0.7230083,-1.3291519,27.080254,31.63811,-44.43058,-6.272021,0.05813286,-0.054257333,0.0,0.023253143,0.027128667,0.0040440247,0.019377619,-0.038755238,0.02426415,-0.03100419,-0.0077510476,-0.0060660373,-0.011626571,0.019377619,-0.065883905,0.011626571,-0.016375408,0.5566813,-1.147701,0.0011715437,0.68166846,-1.2310437,-0.018120747,0.6138427,-1.0881394,-0.017673045,0.73132706,-1.2066199,0.0,0.0,0.0,0.0,0.0,0.0,0.0,0.0,0.0,0.0,0.0,0.0,0.0,0.0,0.0,0.0,-2.0990918,-1.121289,-0.7572372,-0.22721958,50.0,50.0,50.0,50.0,50.0,50.0,50.0,50.0,50.0,50.0,50.0,50.0,0.0,0.0,0.0,0.0,1.0,1.0,1.0,1.0,1.0,1.0,1.0,1.0,1.0,1.0,1.0,1.0,0.5,0.5,0.5,0.5
1788446253.2372522,248,18.18784399983997,7.829002999642398,10683650,1,0.0,0.0,0.0,-0.034977913,0.5578414,-1.2700078,0.026076391,0.6803283,-1.3648689,-0.06256589,0.60398734,-1.2204528,0.0097619295,0.7229477,-1.3291203,27.079708,31.63811,-44.43079,-6.272293,0.03100419,-0.05813286,0.0,0.081386,0.081386,-0.030330187,0.015502095,-0.08526152,-0.0040440247,0.04263076,0.05038181,-0.0080880495,-0.04263076,0.05813286,-0.054257333,0.0,-0.015580424,0.55252594,-1.1480664,0.00087901717,0.6842444,-1.230781,-0.017825883,0.61067194,-1.085458,-0.017650409,0.734802,-1.2115164,0.0,0.0,0.0,0.0,0.0,0.0,0.0,0.0,0.0,0.0,0.0,0.0,0.0,0.0,0.0,0.0,-2.0822809,-1.1117692,-0.77538383,-0.18075421,50.0,50.0,50.0,50.0,50.0,50.0,50.0,50.0,50.0,50.0,50.0,50.0,0.0,0.0,0.0,0.0,1.0,1.0,1.0,1.0,1.0,1.0,1.0,1.0,1.0,1.0,1.0,1.0,0.5,0.5,0.5,0.5
1788446253.2573187,249,18.137795999791706,4.197186999590485,10683670,1,0.0,0.0,0.0,-0.035008192,0.5578414,-1.2699605,0.026015837,0.68014663,-1.3649952,-0.06259617,0.60410845,-1.2204686,0.00973165,0.7226449,-1.3291519,27.078619,31.638018,-44.430943,-6.272263,-0.023253143,-0.038755238,0.020220125,-0.023253143,0.077510476,-0.06874842,-0.054257333,-0.011626571,-0.04044025,-0.034879714,0.03100419,-0.016176099,-0.05813286,-0.023253143,-0.015502095,0.05813286,-0.015684186,0.5554086,-1.153526,0.001628892,0.6802382,-1.2244962,-0.017538875,0.6112918,-1.0894938,-0.017985864,0.7340494,-1.2065263,0.0,0.0,0.0,0.0,0.0,0.0,0.0,0.0,0.0,0.0,0.0,0.0,0.0,0.0,0.0,0.0,-2.0043395,-1.1721787,-0.7010862,-0.1578676,50.0,50.0,50.0,50.0,50.0,50.0,50.0,50.0,50.0,50.0,50.0,50.0,0.0,0.0,0.0,0.0,1.0,1.0,1.0,1.0,1.0,1.0,1.0,1.0,1.0,1.0,1.0,1.0,0.5,0.5,0.5,0.5
1788446253.2751946,250,15.950099999827216,5.908151000767248,10683690,1,0.0,0.0,0.0,-0.034977913,0.5573267,-1.2699605,0.025985558,0.68011636,-1.3649795,-0.06256589,0.60398734,-1.2204369,0.0097619295,0.7226752,-1.329215,27.077135,31.63796,-44.431335,-6.2723536,-0.0077510476,-0.08526152,0.014154087,-0.06200838,0.015502095,-0.018198112,-0.046506286,-0.06975943,-0.010110063,0.0038755238,-0.054257333,-0.028308174,-0.13951886,0.0,-0.05813286,-0.054257333,-0.015778942,0.5597283,-1.1576672,0.0014435365,0.6822112,-1.2208655,-0.01888908,0.61081594,-1.0865552,-0.018653138,0.7355983,-1.20296,0.0,0.0,0.0,0.0,0.0,0.0,0.0,0.0,0.0,0.0,0.0,0.0,0.0,0.0,0.0,0.0,-2.013379,-1.1895204,-0.724095,-0.24656789,50.0,50.0,50.0,50.0,50.0,50.0,50.0,50.0,50.0,50.0,50.0,50.0,0.0,0.0,0.0,0.0,1.0,1.0,1.0,1.0,1.0,1.0,1.0,1.0,1.0,1.0,1.0,1.0,0.5,0.5,0.5,0.5
1788446253.311495,251,28.30809499937459,10.091643998748623,10683713,1,0.0,0.0,0.0,-0.034917355,0.5573267,-1.2699763,0.026046114,0.67960167,-1.3649006,-0.06256589,0.60398734,-1.2204528,0.0097619295,0.72258437,-1.3291676,27.074894,31.637716,-44.431488,-6.272384,0.09301257,-0.03100419,0.020220125,0.0,0.0,-0.018198112,-0.05813286,-0.015502095,0.018198112,-0.03100419,-0.054257333,0.016176099,-0.14339438,-0.05038181,0.019377619,-0.019377619,-0.016356215,0.55943596,-1.1541216,-0.00078786025,0.67804027,-1.22588,-0.017588506,0.61231154,-1.0858442,-0.016279778,0.7337195,-1.2076292,0.0,0.0,0.0,0.0,0.0,0.0,0.0,0.0,0.0,0.0,0.0,0.0,0.0,0.0,0.0,0.0,-2.0908566,-1.1673229,-0.7097237,-0.19953278,50.0,50.0,50.0,50.0,50.0,50.0,50.0,50.0,50.0,50.0,50.0,50.0,0.0,0.0,0.0,0.0,1.0,1.0,1.0,1.0,1.0,1.0,1.0,1.0,1.0,1.0,1.0,1.0,0.5,0.5,0.5,0.5
1788446253.3274658,252,14.644251999925473,4.718336000223644,10683742,1,0.0,0.0,0.0,-0.034917355,0.5578717,-1.2699921,0.026046114,0.6796622,-1.3648689,-0.06262645,0.6038965,-1.2204528,0.009701371,0.72261465,-1.3291676,27.070929,31.63717,-44.43182,-6.272596,0.077510476,-0.04263076,0.020220125,-0.05813286,-0.0077510476,-0.038418237,-0.08526152,-0.038755238,-0.014154087,-0.034879714,0.03100419,-0.028308174,-0.21315381,-0.054257333,-0.06200838,-0.0077510476,-0.015896013,0.55931157,-1.1560056,0.00010788208,0.6803026,-1.224394,-0.018359192,0.6124048,-1.0868642,-0.01677351,0.7331567,-1.2072831,0.0,0.0,0.0,0.0,0.0,0.0,0.0,0.0,0.0,0.0,0.0,0.0,0.0,0.0,0.0,0.0,-2.057315,-1.0849391,-0.7259968,-0.16519286,50.0,50.0,50.0,50.0,50.0,50.0,50.0,50.0,50.0,50.0,50.0,50.0,0.0,0.0,0.0,0.0,1.0,1.0,1.0,1.0,1.0,1.0,1.0,1.0,1.0,1.0,1.0,1.0,0.5,0.5,0.5,0.5
1788446253.3474138,253,14.415965000807773,6.09253400034504,10683763,1,0.0,0.0,0.0,-0.035008192,0.5582955,-1.2699763,0.026015837,0.6792989,-1.3648847,-0.062535614,0.60395706,-1.2204528,0.009792209,0.722433,-1.3291676,27.065357,31.636171,-44.432426,-6.272596,0.0,0.027128667,0.030330187,0.05813286,0.05813286,0.0020220124,-0.054257333,0.054257333,0.028308174,-0.08526152,-0.0038755238,0.028308174,-0.31779295,-0.09301257,-0.05038181,0.07363495,-0.015006354,0.5545672,-1.1578157,0.0010816962,0.67923397,-1.2206448,-0.020114545,0.60898346,-1.0898471,-0.018860634,0.7356376,-1.2071269,0.0,0.0,0.0,0.0,0.0,0.0,0.0,0.0,0.0,0.0,0.0,0.0,0.0,0.0,0.0,0.0,-2.132617,-1.1060879,-0.6799489,-0.15104932,50.0,50.0,50.0,50.0,50.0,50.0,50.0,50.0,50.0,50.0,50.0,50.0,0.0,0.0,0.0,0.0,1.0,1.0,1.0,1.0,1.0,1.0,1.0,1.0,1.0,1.0,1.0,1.0,0.5,0.5,0.5,0.5
1788446253.3661933,254,13.122886000928702,4.143939999266877,10683784,1,0.0,0.0,0.0,-0.035008192,0.55920386,-1.2699921,0.026046114,0.67935944,-1.3648689,-0.062505335,0.6039268,-1.2204369,0.009852767,0.72219074,-1.3291676,27.059906,31.635569,-44.43318,-6.2726264,0.054257333,0.03100419,0.018198112,0.08526152,-0.011626571,0.020220125,-0.019377619,-0.054257333,0.020220125,0.0,0.05038181,0.0040440247,-0.2596601,0.027128667,-0.03100419,0.034879714,-0.01613756,0.5535561,-1.1516685,0.00048396504,0.6833257,-1.226537,-0.01900909,0.6108408,-1.085835,-0.018096402,0.7358231,-1.2119408,0.0,0.0,0.0,0.0,0.0,0.0,0.0,0.0,0.0,0.0,0.0,0.0,0.0,0.0,0.0,0.0,-2.1852746,-0.97095126,-0.640087,-0.16027763,50.0,50.0,50.0,50.0,50.0,50.0,50.0,50.0,50.0,50.0,50.0,50.0,0.0,0.0,0.0,0.0,1.0,1.0,1.0,1.0,1.0,1.0,1.0,1.0,1.0,1.0,1.0,1.0,0.5,0.5,0.5,0.5
1788446253.3871634,255,14.026913000634522,4.054339999129297,10683804,1,0.0,0.0,0.0,-0.03503847,0.5595975,-1.2699763,0.025985558,0.67932916,-1.3648689,-0.06262645,0.6038663,-1.2204528,0.00973165,0.722221,-1.3291835,27.055819,31.635294,-44.43388,-6.2726264,-0.04263076,0.0077510476,0.0485283,-0.046506286,0.0,-0.020220125,-0.09301257,-0.05038181,0.0060660373,-0.05813286,-0.019377619,-0.012132075,-0.25190905,0.019377619,-0.038755238,0.046506286,-0.016671762,0.5575014,-1.1552043,0.0012357761,0.6767534,-1.2214303,-0.01835298,0.615075,-1.0935303,-0.01802887,0.7309232,-1.201904,0.0,0.0,0.0,0.0,0.0,0.0,0.0,0.0,0.0,0.0,0.0,0.0,0.0,0.0,0.0,0.0,-2.0905056,-1.0654111,-0.6168778,-0.24213947,50.0,50.0,50.0,50.0,50.0,50.0,50.0,50.0,50.0,50.0,50.0,50.0,0.0,0.0,0.0,0.0,1.0,1.0,1.0,1.0,1.0,1.0,1.0,1.0,1.0,1.0,1.0,1.0,0.5,0.5,0.5,0.5
1788446253.4092076,256,16.005970999685815,4.655200998968212,10683823,1,0.0,0.0,0.0,-0.035008192,0.55987,-1.2699605,0.026015837,0.6795714,-1.3648847,-0.06259617,0.603836,-1.2204369,0.00973165,0.7222513,-1.329215,27.05258,31.635294,-44.43391,-6.2726264,0.038755238,0.015502095,0.028308174,0.0038755238,0.0038755238,0.010110063,-0.038755238,-0.077510476,0.012132075,-0.0038755238,0.06200838,-0.0020220124,-0.14339438,0.011626571,-0.03100419,0.03100419,-0.016807312,0.55550474,-1.1481559,0.002242845,0.67752975,-1.2258395,-0.018492805,0.6154692,-1.0954355,-0.018711584,0.72872514,-1.2003365,0.0,0.0,0.0,0.0,0.0,0.0,0.0,0.0,0.0,0.0,0.0,0.0,0.0,0.0,0.0,0.0,-2.0229652,-1.0300267,-0.65134335,-0.23425274,50.0,50.0,50.0,50.0,50.0,50.0,50.0,50.0,50.0,50.0,50.0,50.0,0.0,0.0,0.0,0.0,1.0,1.0,1.0,1.0,1.0,1.0,1.0,1.0,1.0,1.0,1.0,1.0,0.5,0.5,0.5,0.5
1788446253.4332635,257,19.990614999187528,6.027063000146882,10683843,1,0.0,0.0,0.0,-0.03503847,0.56023324,-1.2699763,0.026076391,0.6789658,-1.3648374,-0.06262645,0.60395706,-1.2204528,0.00973165,0.72182745,-1.3291519,27.050945,31.635294,-44.434032,-6.2726564,0.027128667,-0.096888095,0.026286162,0.06975943,-0.019377619,-0.076836474,-0.04263076,0.05038181,0.036396224,0.06200838,0.03100419,0.018198112,-0.12014124,0.0038755238,0.046506286,0.046506286,-0.015955444,0.5531428,-1.1495842,0.0017788433,0.6864633,-1.227537,-0.01825829,0.61075187,-1.0884478,-0.020113904,0.73517734,-1.202845,0.0,0.0,0.0,0.0,0.0,0.0,0.0,0.0,0.0,0.0,0.0,0.0,0.0,0.0,0.0,0.0,-2.0003798,-1.0840071,-0.66120297,-0.279311,50.0,50.0,50.0,50.0,50.0,50.0,50.0,50.0,50.0,50.0,50.0,50.0,0.0,0.0,0.0,0.0,1.0,1.0,1.0,1.0,1.0,1.0,1.0,1.0,1.0,1.0,1.0,1.0,0.5,0.5,0.5,0.5
1788446253.4513564,258,17.237865999049973,5.896631999348756,10683864,1,0.0,0.0,0.0,-0.03512931,0.5602635,-1.2699605,0.026015837,0.6788447,-1.3649006,-0.06259617,0.6039268,-1.2204686,0.009671092,0.7212522,-1.3291676,27.049765,31.635263,-44.434425,-6.272687,-0.054257333,-0.08526152,0.010110063,0.027128667,-0.0077510476,-0.030330187,0.0,-0.011626571,0.04044025,-0.05813286,-0.08526152,-0.0485283,-0.06975943,0.015502095,0.0,0.03100419,-0.01529422,0.5525183,-1.1542777,0.0022917376,0.68752646,-1.2230805,-0.019544054,0.60695195,-1.090835,-0.02079899,0.7390646,-1.2042822,0.0,0.0,0.0,0.0,0.0,0.0,0.0,0.0,0.0,0.0,0.0,0.0,0.0,0.0,0.0,0.0,-1.8936536,-1.208382,-0.6495026,-0.29602307,50.0,50.0,50.0,50.0,50.0,50.0,50.0,50.0,50.0,50.0,50.0,50.0,0.0,0.0,0.0,0.0,1.0,1.0,1.0,1.0,1.0,1.0,1.0,1.0,1.0,1.0,1.0,1.0,0.5,0.5,0.5,0.5
1788446253.4695404,259,15.09644100042351,5.992567999783205,10683886,1,0.0,0.0,0.0,-0.03512931,0.5601727,-1.2699605,0.025985558,0.6792989,-1.3649321,-0.062535614,0.6036846,-1.2204528,0.00973165,0.72131276,-1.3291519,27.04937,31.635172,-44.434757,-6.272717,0.05038181,-0.023253143,0.018198112,-0.023253143,0.04263076,-0.036396224,-0.038755238,-0.077510476,0.0040440247,0.0077510476,0.019377619,0.0040440247,-0.015502095,0.038755238,-0.011626571,0.07363495,-0.016296178,0.55848485,-1.1512723,0.00077208644,0.68015116,-1.229872,-0.016536778,0.6138534,-1.0885513,-0.017564988,0.7300158,-1.2031121,0.0,0.0,0.0,0.0,0.0,0.0,0.0,0.0,0.0,0.0,0.0,0.0,0.0,0.0,0.0,0.0,-1.8633821,-1.2406315,-0.632341,-0.23161896,50.0,50.0,50.0,50.0,50.0,50.0,50.0,50.0,50.0,50.0,50.0,50.0,0.0,0.0,0.0,0.0,1.0,1.0,1.0,1.0,1.0,1.0,1.0,1.0,1.0,1.0,1.0,1.0,0.5,0.5,0.5,0.5
1788446253.4893582,260,14.410750000024564,5.886167000426212,10683906,1,0.0,0.0,0.0,-0.03512931,0.56008196,-1.2699763,0.025985558,0.6793897,-1.3648847,-0.06259617,0.6034121,-1.2204528,0.009671092,0.7215852,-1.3291835,27.0494,31.63463,-44.434696,-6.2731714,-0.038755238,-0.038755238,0.030330187,-0.019377619,0.0038755238,-0.020220125,-0.034879714,0.011626571,-0.0060660373,-0.05038181,0.04263076,-0.020220125,0.03100419,-0.034879714,0.015502095,-0.077510476,-0.017229969,0.55735976,-1.1484909,-0.00024447544,0.6789561,-1.2325761,-0.016177712,0.61768323,-1.0911291,-0.017014535,0.7289515,-1.2051499,0.0,0.0,0.0,0.0,0.0,0.0,0.0,0.0,0.0,0.0,0.0,0.0,0.0,0.0,0.0,0.0,-1.9017098,-1.3821318,-0.6489997,-0.35161015,50.0,50.0,50.0,50.0,50.0,50.0,50.0,50.0,50.0,50.0,50.0,50.0,0.0,0.0,0.0,0.0,1.0,1.0,1.0,1.0,1.0,1.0,1.0,1.0,1.0,1.0,1.0,1.0,0.5,0.5,0.5,0.5
1788446253.511184,261,16.168305999599397,7.31002999964403,10683925,1,0.0,0.0,0.0,-0.03506875,0.5601727,-1.2699921,0.026046114,0.67887497,-1.3649163,-0.062475055,0.6035029,-1.2204686,0.009792209,0.7208283,-1.3291519,27.04928,31.633688,-44.43485,-6.2732015,-0.015502095,-0.054257333,-0.026286162,0.054257333,0.0038755238,0.014154087,0.027128667,0.011626571,-0.026286162,0.0,-0.06975943,0.0060660373,0.034879714,-0.046506286,0.0,0.038755238,-0.018168759,0.55547225,-1.145599,-3.9231032e-05,0.67915,-1.2291534,-0.016741404,0.61527205,-1.093081,-0.016487947,0.7309052,-1.2069117,0.0,0.0,0.0,0.0,0.0,0.0,0.0,0.0,0.0,0.0,0.0,0.0,0.0,0.0,0.0,0.0,-1.8828017,-1.3382468,-0.6682983,-0.28924662,50.0,50.0,50.0,50.0,50.0,50.0,50.0,50.0,50.0,50.0,50.0,50.0,0.0,0.0,0.0,0.0,1.0,1.0,1.0,1.0,1.0,1.0,1.0,1.0,1.0,1.0,1.0,1.0,0.5,0.5,0.5,0.5
1788446253.5301952,262,15.107864999663434,4.9327980013913475,10683946,1,0.0,0.0,0.0,-0.03509903,0.56011224,-1.2699605,0.025985558,0.6788447,-1.3649321,-0.062475055,0.6036846,-1.2204686,0.009792209,0.72058606,-1.3291835,27.049007,31.631662,-44.43524,-6.2734437,-0.011626571,0.015502095,0.020220125,0.0,0.015502095,0.036396224,0.0,0.0,-0.0060660373,0.0038755238,-0.054257333,-0.028308174,-0.09301257,-0.14339438,-0.077510476,-0.015502095,-0.016297374,0.5532054,-1.1505196,-0.00010551978,0.6804244,-1.2276456,-0.017603936,0.6113374,-1.0894635,-0.01673608,0.7341175,-1.2068785,0.0,0.0,0.0,0.0,0.0,0.0,0.0,0.0,0.0,0.0,0.0,0.0,0.0,0.0,0.0,0.0,-1.8663889,-1.321856,-0.62811327,-0.27050358,50.0,50.0,50.0,50.0,50.0,50.0,50.0,50.0,50.0,50.0,50.0,50.0,0.0,0.0,0.0,0.0,1.0,1.0,1.0,1.0,1.0,1.0,1.0,1.0,1.0,1.0,1.0,1.0,0.5,0.5,0.5,0.5
1788446253.5506842,263,15.525749999142135,5.942007999692578,10683965,1,0.0,0.0,0.0,-0.035189867,0.5600517,-1.2699289,0.02595528,0.6789658,-1.3649321,-0.062444776,0.6036846,-1.2204844,0.009852767,0.72058606,-1.3291835,27.048855,31.62951,-44.435604,-6.273535,0.04263076,-0.038755238,0.0485283,-0.034879714,0.065883905,0.0,0.019377619,-0.015502095,-0.010110063,0.011626571,-0.019377619,-0.020220125,-0.05813286,-0.08913705,-0.065883905,-0.0038755238,-0.015662158,0.55682015,-1.1508557,0.0004771729,0.6807334,-1.2289783,-0.017519776,0.612517,-1.0862044,-0.016270855,0.73448133,-1.2078394,0.0,0.0,0.0,0.0,0.0,0.0,0.0,0.0,0.0,0.0,0.0,0.0,0.0,0.0,0.0,0.0,-1.8492639,-1.3623071,-0.6437974,-0.21621206,50.0,50.0,50.0,50.0,50.0,50.0,50.0,50.0,50.0,50.0,50.0,50.0,0.0,0.0,0.0,0.0,1.0,1.0,1.0,1.0,1.0,1.0,1.0,1.0,1.0,1.0,1.0,1.0,0.5,0.5,0.5,0.5
1788446253.5706491,264,15.419446999658248,5.920887000684161,10683986,1,0.0,0.0,0.0,-0.03512931,0.55987,-1.2699763,0.025985558,0.6791172,-1.3649163,-0.062444776,0.60347265,-1.2204528,0.009852767,0.72061634,-1.3291835,27.048885,31.627726,-44.435604,-6.2736254,0.08913705,0.0,0.0,0.03100419,0.065883905,0.0020220124,-0.027128667,-0.034879714,0.018198112,-0.038755238,-0.019377619,-0.018198112,0.0038755238,-0.096888095,-0.038755238,0.011626571,-0.016528653,0.55835706,-1.1487259,-0.0003929371,0.6762943,-1.2305613,-0.015778266,0.61539024,-1.0872253,-0.014651848,0.7301691,-1.2102364,0.0,0.0,0.0,0.0,0.0,0.0,0.0,0.0,0.0,0.0,0.0,0.0,0.0,0.0,0.0,0.0,-1.8745115,-1.3311443,-0.6475009,-0.19064415,50.0,50.0,50.0,50.0,50.0,50.0,50.0,50.0,50.0,50.0,50.0,50.0,0.0,0.0,0.0,0.0,1.0,1.0,1.0,1.0,1.0,1.0,1.0,1.0,1.0,1.0,1.0,1.0,0.5,0.5,0.5,0.5
1788446253.5914228,265,16.122258000905276,5.935287999818684,10684006,1,0.0,0.0,0.0,-0.03509903,0.5599003,-1.2699763,0.025985558,0.67932916,-1.3649321,-0.062475055,0.60347265,-1.2204528,0.009883046,0.7206769,-1.3291835,27.048824,31.625757,-44.435665,-6.273686,0.06200838,-0.038755238,-0.0080880495,0.027128667,0.011626571,0.0080880495,-0.05038181,-0.038755238,0.0,-0.038755238,0.015502095,-0.012132075,-0.019377619,-0.12401676,-0.038755238,0.038755238,-0.016367117,0.5591885,-1.1518302,0.00037209922,0.678869,-1.2274351,-0.016447326,0.6144582,-1.0883176,-0.015268255,0.73178047,-1.2085644,0.0,0.0,0.0,0.0,0.0,0.0,0.0,0.0,0.0,0.0,0.0,0.0,0.0,0.0,0.0,0.0,-1.8772438,-1.188356,-0.6378639,-0.20129086,50.0,50.0,50.0,50.0,50.0,50.0,50.0,50.0,50.0,50.0,50.0,50.0,0.0,0.0,0.0,0.0,1.0,1.0,1.0,1.0,1.0,1.0,1.0,1.0,1.0,1.0,1.0,1.0,0.5,0.5,0.5,0.5
1788446253.6163836,266,20.315734000178054,5.251099999441067,10684026,1,0.0,0.0,0.0,-0.035159588,0.55987,-1.2699605,0.025985558,0.67932916,-1.3649479,-0.062414497,0.6035635,-1.2204369,0.009913325,0.720253,-1.3291992,27.048735,31.623274,-44.43585,-6.273656,0.04263076,-0.08913705,0.016176099,0.038755238,0.054257333,-0.018198112,-0.06200838,0.011626571,0.036396224,-0.038755238,0.015502095,-0.0080880495,-0.038755238,-0.05813286,-0.034879714,0.038755238,-0.015253166,0.5581867,-1.1548352,0.0016735657,0.679631,-1.2228686,-0.017747464,0.61104876,-1.0896807,-0.017225832,0.7354449,-1.2061942,0.0,0.0,0.0,0.0,0.0,0.0,0.0,0.0,0.0,0.0,0.0,0.0,0.0,0.0,0.0,0.0,-1.884484,-1.1206564,-0.6438461,-0.19216642,50.0,50.0,50.0,50.0,50.0,50.0,50.0,50.0,50.0,50.0,50.0,50.0,0.0,0.0,0.0,0.0,1.0,1.0,1.0,1.0,1.0,1.0,1.0,1.0,1.0,1.0,1.0,1.0,0.5,0.5,0.5,0.5
1788446253.6352537,267,18.374179000602453,6.032950999724562,10684048,1,0.0,0.0,0.0,-0.035159588,0.55993056,-1.2699605,0.02595528,0.67951083,-1.3649006,-0.062414497,0.6035332,-1.2204528,0.009973884,0.72016215,-1.3291835,27.048492,31.622305,-44.43612,-6.273686,0.038755238,-0.046506286,0.022242136,-0.015502095,0.03100419,0.0,-0.038755238,-0.09301257,0.0040440247,0.027128667,-0.019377619,-0.0060660373,-0.011626571,0.038755238,0.015502095,0.05038181,-0.014683652,0.55802345,-1.1558901,0.0015168837,0.6812382,-1.224964,-0.018357597,0.60936385,-1.0856565,-0.017500438,0.7354724,-1.2074388,0.0,0.0,0.0,0.0,0.0,0.0,0.0,0.0,0.0,0.0,0.0,0.0,0.0,0.0,0.0,0.0,-1.9258263,-1.0283321,-0.64839065,-0.22501506,50.0,50.0,50.0,50.0,50.0,50.0,50.0,50.0,50.0,50.0,50.0,50.0,0.0,0.0,0.0,0.0,1.0,1.0,1.0,1.0,1.0,1.0,1.0,1.0,1.0,1.0,1.0,1.0,0.5,0.5,0.5,0.5
1788446253.6514401,268,14.341981999677955,5.842905000463361,10684068,1,0.0,0.0,0.0,-0.035159588,0.55993056,-1.2699921,0.025985558,0.6795411,-1.3648689,-0.062414497,0.6034424,-1.2204686,0.009913325,0.7203438,-1.3291835,27.048128,31.622274,-44.43624,-6.2737164,0.023253143,-0.05813286,-0.010110063,0.0,0.06200838,-0.04044025,-0.0038755238,-0.023253143,-0.014154087,-0.038755238,0.011626571,0.010110063,-0.08526152,0.015502095,0.0077510476,0.011626571,-0.015792757,0.5620133,-1.1524485,0.0008936911,0.6791624,-1.2305702,-0.016478356,0.61501217,-1.0844018,-0.016936816,0.7300476,-1.2046399,0.0,0.0,0.0,0.0,0.0,0.0,0.0,0.0,0.0,0.0,0.0,0.0,0.0,0.0,0.0,0.0,-1.9414315,-1.0429187,-0.6731521,-0.25965208,50.0,50.0,50.0,50.0,50.0,50.0,50.0,50.0,50.0,50.0,50.0,50.0,0.0,0.0,0.0,0.0,1.0,1.0,1.0,1.0,1.0,1.0,1.0,1.0,1.0,1.0,1.0,1.0,0.5,0.5,0.5,0.5
1788446253.673305,269,16.1343220006529,5.967607999991742,10684088,1,0.0,0.0,0.0,-0.03509903,0.55996084,-1.2699763,0.026015837,0.67960167,-1.3648689,-0.062475055,0.60326076,-1.2204528,0.009883046,0.7204044,-1.3291835,27.047705,31.622335,-44.436424,-6.2738376,0.046506286,0.015502095,0.02426415,0.0,-0.0038755238,0.0080880495,-0.05038181,0.0,-0.010110063,0.0077510476,0.054257333,-0.02426415,-0.07363495,0.038755238,-0.0038755238,-0.019377619,-0.015621949,0.5544386,-1.1496551,0.001575368,0.6798695,-1.2297817,-0.017772406,0.6139132,-1.0892905,-0.017623853,0.73181313,-1.2097828,0.0,0.0,0.0,0.0,0.0,0.0,0.0,0.0,0.0,0.0,0.0,0.0,0.0,0.0,0.0,0.0,-2.0458963,-1.0319889,-0.6836157,-0.28101897,50.0,50.0,50.0,50.0,50.0,50.0,50.0,50.0,50.0,50.0,50.0,50.0,0.0,0.0,0.0,0.0,1.0,1.0,1.0,1.0,1.0,1.0,1.0,1.0,1.0,1.0,1.0,1.0,0.5,0.5,0.5,0.5
1788446253.6932185,270,15.979731000697939,5.348220000087167,10684107,1,0.0,0.0,0.0,-0.03509903,0.56023324,-1.2699763,0.026015837,0.6795714,-1.3649321,-0.062414497,0.6033818,-1.2204369,0.009913325,0.72004104,-1.3291676,27.046675,31.622305,-44.436848,-6.273898,0.0038755238,0.0038755238,0.020220125,0.0,0.06200838,-0.0020220124,-0.038755238,-0.054257333,-0.0040440247,0.038755238,0.03100419,-0.016176099,-0.07363495,-0.011626571,-0.12014124,0.0077510476,-0.016251842,0.55378956,-1.1505502,0.0017470843,0.67924446,-1.2291797,-0.017520381,0.61219,-1.0900918,-0.017822426,0.7309126,-1.2064376,0.0,0.0,0.0,0.0,0.0,0.0,0.0,0.0,0.0,0.0,0.0,0.0,0.0,0.0,0.0,0.0,-2.0007744,-1.0170107,-0.7211034,-0.31785932,50.0,50.0,50.0,50.0,50.0,50.0,50.0,50.0,50.0,50.0,50.0,50.0,0.0,0.0,0.0,0.0,1.0,1.0,1.0,1.0,1.0,1.0,1.0,1.0,1.0,1.0,1.0,1.0,0.5,0.5,0.5,0.5
1788446253.712234,271,14.246111000829842,4.12294799934898,10684128,1,0.0,0.0,0.0,-0.03512931,0.5600517,-1.2699447,0.025985558,0.67951083,-1.3649321,-0.062475055,0.6034121,-1.2204528,0.009852767,0.72004104,-1.3291992,27.045404,31.622305,-44.437603,-6.27408,-0.015502095,0.038755238,0.020220125,-0.03100419,0.0,-0.012132075,-0.081386,-0.03100419,0.018198112,-0.038755238,-0.046506286,-0.022242136,-0.046506286,-0.015502095,-0.08913705,-0.015502095,-0.015610463,0.55503035,-1.1573913,0.0020472496,0.6811808,-1.2229289,-0.018778266,0.61061245,-1.0905169,-0.019379538,0.7333262,-1.1997895,0.0,0.0,0.0,0.0,0.0,0.0,0.0,0.0,0.0,0.0,0.0,0.0,0.0,0.0,0.0,0.0,-1.8974354,-1.0567571,-0.6397486,-0.35915348,50.0,50.0,50.0,50.0,50.0,50.0,50.0,50.0,50.0,50.0,50.0,50.0,0.0,0.0,0.0,0.0,1.0,1.0,1.0,1.0,1.0,1.0,1.0,1.0,1.0,1.0,1.0,1.0,0.5,0.5,0.5,0.5
1788446253.7313268,272,12.969256000360474,4.064389000632218,10684150,1,0.0,0.0,0.0,-0.035189867,0.5600517,-1.2699763,0.026046114,0.6794503,-1.3649479,-0.062414497,0.6034424,-1.2204528,0.009822488,0.7199805,-1.3291519,27.044586,31.622305,-44.437935,-6.274776,-0.019377619,0.0077510476,0.0,0.065883905,0.046506286,-0.038418237,-0.038755238,0.03100419,0.020220125,-0.06975943,0.019377619,0.010110063,-0.038755238,0.019377619,0.0,-0.065883905,-0.016278427,0.5534874,-1.1531004,0.0021673334,0.6775591,-1.2204766,-0.019395733,0.61010545,-1.0932027,-0.018274916,0.73392135,-1.2040988,0.0,0.0,0.0,0.0,0.0,0.0,0.0,0.0,0.0,0.0,0.0,0.0,0.0,0.0,0.0,0.0,-1.9484848,-1.0786749,-0.6279713,-0.32971394,50.0,50.0,50.0,50.0,50.0,50.0,50.0,50.0,50.0,50.0,50.0,50.0,0.0,0.0,0.0,0.0,1.0,1.0,1.0,1.0,1.0,1.0,1.0,1.0,1.0,1.0,1.0,1.0,0.5,0.5,0.5,0.5
1788446253.7532516,273,14.305310000054305,6.010774999595014,10684170,1,0.0,0.0,0.0,-0.035159588,0.5600517,-1.2699921,0.026015837,0.67951083,-1.3648847,-0.062475055,0.60329103,-1.2204844,0.009792209,0.72028327,-1.3291203,27.044252,31.622305,-44.43791,-6.276411,0.019377619,-0.05038181,0.012132075,0.0,0.05038181,-0.020220125,-0.04263076,-0.038755238,-0.038418237,-0.046506286,0.10463915,-0.020220125,0.0077510476,0.05813286,-0.038755238,-0.077510476,-0.017738262,0.5571497,-1.1485915,0.0008268184,0.68082935,-1.2284732,-0.017159885,0.6151988,-1.0895405,-0.017784446,0.7297202,-1.2056541,0.0,0.0,0.0,0.0,0.0,0.0,0.0,0.0,0.0,0.0,0.0,0.0,0.0,0.0,0.0,0.0,-1.8774059,-1.0657232,-0.6771122,-0.3157152,50.0,50.0,50.0,50.0,50.0,50.0,50.0,50.0,50.0,50.0,50.0,50.0,0.0,0.0,0.0,0.0,1.0,1.0,1.0,1.0,1.0,1.0,1.0,1.0,1.0,1.0,1.0,1.0,0.5,0.5,0.5,0.5
1788446253.7762246,274,17.208523000590503,7.975338001415366,10684190,1,0.0,0.0,0.0,-0.03512931,0.5599911,-1.2699763,0.026076391,0.6792686,-1.3648531,-0.06256589,0.60326076,-1.2204686,0.009792209,0.7204044,-1.329136,27.043678,31.622244,-44.437965,-6.2774405,0.04263076,-0.05813286,0.03437421,0.054257333,-0.011626571,-0.032352198,-0.08526152,0.03100419,0.012132075,0.015502095,0.038755238,0.0060660373,-0.05038181,-0.0038755238,-0.05813286,-0.015502095,-0.016179223,0.554267,-1.1504312,0.0018355199,0.6816898,-1.2263782,-0.017899023,0.61332846,-1.0908297,-0.018684076,0.73250425,-1.2045234,0.0,0.0,0.0,0.0,0.0,0.0,0.0,0.0,0.0,0.0,0.0,0.0,0.0,0.0,0.0,0.0,-1.8389192,-1.1957384,-0.6445272,-0.28853044,50.0,50.0,50.0,50.0,50.0,50.0,50.0,50.0,50.0,50.0,50.0,50.0,0.0,0.0,0.0,0.0,1.0,1.0,1.0,1.0,1.0,1.0,1.0,1.0,1.0,1.0,1.0,1.0,0.5,0.5,0.5,0.5
1788446253.7953033,275,16.14392200099246,5.96978300018236,10684210,1,0.0,0.0,0.0,-0.035220146,0.56011224,-1.2699763,0.025985558,0.67935944,-1.3649163,-0.062444776,0.60335153,-1.2204369,0.009822488,0.7201319,-1.3291519,27.042982,31.622274,-44.438087,-6.2781672,0.0038755238,-0.05813286,-0.0060660373,-0.011626571,0.0038755238,0.0,-0.0077510476,0.0,0.042462263,0.0,-0.019377619,-0.0080880495,-0.081386,0.038755238,-0.015502095,-0.05038181,-0.015516251,0.55474234,-1.1543576,0.0021645376,0.6827692,-1.2241623,-0.018796898,0.60883033,-1.0905589,-0.019468566,0.73382825,-1.2024217,0.0,0.0,0.0,0.0,0.0,0.0,0.0,0.0,0.0,0.0,0.0,0.0,0.0,0.0,0.0,0.0,-1.8408511,-1.227458,-0.6555332,-0.33988047,50.0,50.0,50.0,50.0,50.0,50.0,50.0,50.0,50.0,50.0,50.0,50.0,0.0,0.0,0.0,0.0,1.0,1.0,1.0,1.0,1.0,1.0,1.0,1.0,1.0,1.0,1.0,1.0,0.5,0.5,0.5,0.5
1788446253.839366,276,33.29004500119481,8.38381500034302,10684234,1,0.0,0.0,0.0,-0.035220146,0.56008196,-1.2699763,0.025985558,0.67932916,-1.3648847,-0.062475055,0.60332125,-1.2204528,0.009822488,0.72028327,-1.329136,27.042648,31.621973,-44.438118,-6.2801957,0.034879714,-0.015502095,-0.0020220124,-0.011626571,0.011626571,0.0060660373,-0.12789229,0.0038755238,0.020220125,-0.06200838,-0.03100419,0.0,0.0038755238,0.054257333,-0.034879714,-0.065883905,-0.015769899,0.55653715,-1.1594602,0.000771794,0.6783705,-1.21892,-0.018937567,0.6073792,-1.0890021,-0.019178852,0.7353936,-1.203526,0.0,0.0,0.0,0.0,0.0,0.0,0.0,0.0,0.0,0.0,0.0,0.0,0.0,0.0,0.0,0.0,-1.8176228,-1.1490644,-0.6532493,-0.30042264,50.0,50.0,50.0,50.0,50.0,50.0,50.0,50.0,50.0,50.0,50.0,50.0,0.0,0.0,0.0,0.0,1.0,1.0,1.0,1.0,1.0,1.0,1.0,1.0,1.0,1.0,1.0,1.0,0.5,0.5,0.5,0.5
1788446253.8553996,277,14.84681100009766,4.218371001115884,10684270,1,0.0,0.0,0.0,-0.035220146,0.55996084,-1.2699921,0.026015837,0.6795714,-1.3648847,-0.062475055,0.60283685,-1.2204686,0.0097619295,0.7205255,-1.3291203,27.042437,31.618128,-44.43815,-6.282769,-0.023253143,-0.011626571,0.0040440247,0.0,0.011626571,-0.010110063,-0.023253143,0.05038181,0.0020220124,-0.046506286,0.027128667,-0.012132075,-0.038755238,-0.19377619,-0.038755238,-0.13176781,-0.017718973,0.5610906,-1.151115,-0.0005922923,0.6768168,-1.2281591,-0.017008267,0.61532766,-1.0892155,-0.016769258,0.7281847,-1.2022458,0.0,0.0,0.0,0.0,0.0,0.0,0.0,0.0,0.0,0.0,0.0,0.0,0.0,0.0,0.0,0.0,-1.8639579,-1.186974,-0.6668842,-0.3373535,50.0,50.0,50.0,50.0,50.0,50.0,50.0,50.0,50.0,50.0,50.0,50.0,0.0,0.0,0.0,0.0,1.0,1.0,1.0,1.0,1.0,1.0,1.0,1.0,1.0,1.0,1.0,1.0,0.5,0.5,0.5,0.5
1788446253.8753245,278,14.34367799993197,4.641888001060579,10684292,1,0.0,0.0,0.0,-0.035189867,0.55987,-1.2700237,0.025985558,0.67975307,-1.36479,-0.062505335,0.6023524,-1.2204369,0.00973165,0.72104025,-1.329136,27.042255,31.613314,-44.43815,-6.284616,-0.0077510476,-0.015502095,-0.012132075,-0.027128667,-0.038755238,0.030330187,0.04263076,-0.023253143,0.046506286,-0.034879714,0.05038181,0.0040440247,-0.081386,-0.22090487,-0.065883905,-0.08913705,-0.016064819,0.5562704,-1.1525381,0.00023369445,0.6861435,-1.2279624,-0.019050173,0.61192834,-1.0865963,-0.01935737,0.7346173,-1.2078362,0.0,0.0,0.0,0.0,0.0,0.0,0.0,0.0,0.0,0.0,0.0,0.0,0.0,0.0,0.0,0.0,-1.9274702,-1.2582375,-0.6858696,-0.35753632,50.0,50.0,50.0,50.0,50.0,50.0,50.0,50.0,50.0,50.0,50.0,50.0,0.0,0.0,0.0,0.0,1.0,1.0,1.0,1.0,1.0,1.0,1.0,1.0,1.0,1.0,1.0,1.0,0.5,0.5,0.5,0.5
1788446253.8971891,279,16.128690000186907,5.896983999264194,10684312,1,0.0,0.0,0.0,-0.035250425,0.5600214,-1.2699605,0.025985558,0.67999524,-1.3649163,-0.062414497,0.6026249,-1.2204528,0.009822488,0.7204952,-1.3291044,27.04174,31.6098,-44.43824,-6.2871594,0.0,0.019377619,0.028308174,0.038755238,0.03100419,-0.026286162,0.011626571,-0.054257333,0.014154087,-0.05813286,0.023253143,0.0080880495,-0.05813286,-0.12401676,0.019377619,-0.18214962,-0.015621634,0.55324,-1.1553581,0.0011260179,0.685051,-1.2275289,-0.019250672,0.6085,-1.0867794,-0.01963263,0.73650885,-1.208229,0.0,0.0,0.0,0.0,0.0,0.0,0.0,0.0,0.0,0.0,0.0,0.0,0.0,0.0,0.0,0.0,-1.9230804,-1.2579387,-0.5847397,-0.3749703,50.0,50.0,50.0,50.0,50.0,50.0,50.0,50.0,50.0,50.0,50.0,50.0,0.0,0.0,0.0,0.0,1.0,1.0,1.0,1.0,1.0,1.0,1.0,1.0,1.0,1.0,1.0,1.0,0.5,0.5,0.5,0.5
1788446253.9194326,280,18.299236000530072,5.895767999390955,10684331,1,0.0,0.0,0.0,-0.035310984,0.5599003,-1.2699763,0.025985558,0.6816,-1.3649321,-0.062475055,0.60253406,-1.2204369,0.009792209,0.72104025,-1.329136,27.040892,31.60674,-44.438362,-6.289612,0.015502095,0.0077510476,0.020220125,0.10463915,0.065883905,-0.0080880495,0.015502095,-0.034879714,0.028308174,-0.04263076,0.038755238,0.014154087,-0.04263076,-0.1782741,0.019377619,-0.03100419,-0.015487129,0.55196744,-1.1532459,0.00069758995,0.68333936,-1.2254431,-0.019264909,0.60850185,-1.0847296,-0.01862644,0.73724234,-1.2132643,0.0,0.0,0.0,0.0,0.0,0.0,0.0,0.0,0.0,0.0,0.0,0.0,0.0,0.0,0.0,0.0,-1.97644,-1.2611837,-0.6430769,-0.22731207,50.0,50.0,50.0,50.0,50.0,50.0,50.0,50.0,50.0,50.0,50.0,50.0,0.0,0.0,0.0,0.0,1.0,1.0,1.0,1.0,1.0,1.0,1.0,1.0,1.0,1.0,1.0,1.0,0.5,0.5,0.5,0.5
1788446253.9372556,281,15.97502699951292,7.745738999801688,10684352,1,0.0,0.0,0.0,-0.035310984,0.5597489,-1.2699763,0.026015837,0.68190277,-1.3649006,-0.062505335,0.60223126,-1.2204369,0.009822488,0.72170633,-1.329136,27.03956,31.6032,-44.43824,-6.2930937,0.015502095,-0.04263076,0.026286162,0.09301257,0.027128667,0.0080880495,-0.077510476,-0.038755238,0.020220125,0.019377619,0.06200838,0.0040440247,-0.077510476,-0.10851467,0.0,-0.12014124,-0.016960042,0.5576358,-1.1505009,0.00041282782,0.67631817,-1.2235727,-0.016979832,0.6134249,-1.0865076,-0.015730591,0.7332987,-1.2094197,0.0,0.0,0.0,0.0,0.0,0.0,0.0,0.0,0.0,0.0,0.0,0.0,0.0,0.0,0.0,0.0,-1.9587857,-1.2104005,-0.6708734,-0.18391065,50.0,50.0,50.0,50.0,50.0,50.0,50.0,50.0,50.0,50.0,50.0,50.0,0.0,0.0,0.0,0.0,1.0,1.0,1.0,1.0,1.0,1.0,1.0,1.0,1.0,1.0,1.0,1.0,0.5,0.5,0.5,0.5
1788446253.9594002,282,17.312457999651087,4.83545499992033,10684372,1,0.0,0.0,0.0,-0.035250425,0.5595975,-1.2699763,0.026015837,0.68193305,-1.3649006,-0.062505335,0.60168624,-1.2204369,0.009792209,0.72219074,-1.3291676,27.038137,31.60187,-44.4383,-6.296061,0.06975943,0.0,0.016176099,0.065883905,0.0077510476,0.020220125,-0.027128667,-0.05813286,0.014154087,-0.038755238,0.038755238,0.028308174,-0.096888095,-0.07363495,-0.05038181,-0.08913705,-0.016232206,0.5556036,-1.1497333,0.00013151346,0.6787005,-1.2261441,-0.016648853,0.6128203,-1.0856969,-0.015748411,0.7328721,-1.2114778,0.0,0.0,0.0,0.0,0.0,0.0,0.0,0.0,0.0,0.0,0.0,0.0,0.0,0.0,0.0,0.0,-1.9182926,-1.1137543,-0.7572086,-0.14895491,50.0,50.0,50.0,50.0,50.0,50.0,50.0,50.0,50.0,50.0,50.0,50.0,0.0,0.0,0.0,0.0,1.0,1.0,1.0,1.0,1.0,1.0,1.0,1.0,1.0,1.0,1.0,1.0,0.5,0.5,0.5,0.5
1788446253.9773698,283,14.914522000253783,6.007383000905975,10684394,1,0.0,0.0,0.0,-0.035280704,0.5597489,-1.2699605,0.025985558,0.6812972,-1.3648847,-0.062444776,0.60162574,-1.2204212,0.009852767,0.72216046,-1.3291519,27.036987,31.601171,-44.43833,-6.296909,0.054257333,0.015502095,0.020220125,0.038755238,0.04263076,-0.0485283,-0.05038181,-0.08526152,0.038418237,0.0,0.03100419,0.026286162,-0.10851467,-0.0077510476,-0.07363495,0.04263076,-0.014907531,0.5567749,-1.1547112,0.0016010231,0.6798939,-1.2238238,-0.017703759,0.6096359,-1.0834124,-0.016893238,0.7341692,-1.2083467,0.0,0.0,0.0,0.0,0.0,0.0,0.0,0.0,0.0,0.0,0.0,0.0,0.0,0.0,0.0,0.0,-1.8669162,-0.9893441,-0.77435255,-0.11932528,50.0,50.0,50.0,50.0,50.0,50.0,50.0,50.0,50.0,50.0,50.0,50.0,0.0,0.0,0.0,0.0,1.0,1.0,1.0,1.0,1.0,1.0,1.0,1.0,1.0,1.0,1.0,1.0,0.5,0.5,0.5,0.5
1788446253.9973516,284,14.826843000264489,4.827038999792421,10684414,1,0.0,0.0,0.0,-0.035280704,0.5597186,-1.2699605,0.02595528,0.6812972,-1.3649006,-0.062444776,0.60159546,-1.2204369,0.009852767,0.72200906,-1.3291835,27.035807,31.60105,-44.438633,-6.296939,0.027128667,0.0,0.020220125,-0.04263076,0.034879714,-0.02426415,0.0,-0.03100419,0.016176099,-0.038755238,0.027128667,0.014154087,-0.05813286,0.0,-0.054257333,0.0,-0.015188575,0.5598514,-1.1556852,0.0011388226,0.68051964,-1.2252982,-0.017819323,0.61082697,-1.0841612,-0.01698768,0.7326843,-1.2058852,0.0,0.0,0.0,0.0,0.0,0.0,0.0,0.0,0.0,0.0,0.0,0.0,0.0,0.0,0.0,0.0,-1.8777273,-0.9214261,-0.774004,-0.13826567,50.0,50.0,50.0,50.0,50.0,50.0,50.0,50.0,50.0,50.0,50.0,50.0,0.0,0.0,0.0,0.0,1.0,1.0,1.0,1.0,1.0,1.0,1.0,1.0,1.0,1.0,1.0,1.0,0.5,0.5,0.5,0.5
1788446254.0213773,285,18.293987999641104,5.992856000375468,10684433,1,0.0,0.0,0.0,-0.035220146,0.5597186,-1.2699763,0.026046114,0.68120635,-1.3648531,-0.062444776,0.6011413,-1.2204369,0.009883046,0.7219485,-1.3291835,27.03508,31.60108,-44.438904,-6.296909,-0.023253143,0.0077510476,0.022242136,0.081386,-0.015502095,0.030330187,0.04263076,-0.015502095,0.0,0.023253143,0.0038755238,-0.020220125,-0.07363495,0.0,-0.08526152,0.05813286,-0.016094951,0.5607281,-1.1498767,0.00089611625,0.6824243,-1.2308353,-0.016933497,0.613917,-1.0852513,-0.017150477,0.73182654,-1.2053355,0.0,0.0,0.0,0.0,0.0,0.0,0.0,0.0,0.0,0.0,0.0,0.0,0.0,0.0,0.0,0.0,-1.9767926,-0.9302578,-0.7900857,-0.16581886,50.0,50.0,50.0,50.0,50.0,50.0,50.0,50.0,50.0,50.0,50.0,50.0,0.0,0.0,0.0,0.0,1.0,1.0,1.0,1.0,1.0,1.0,1.0,1.0,1.0,1.0,1.0,1.0,0.5,0.5,0.5,0.5
1788446254.0406075,286,17.42596300027799,7.344366000324953,10684454,1,0.0,0.0,0.0,-0.035159588,0.55980945,-1.2699763,0.026046114,0.6811155,-1.3648689,-0.062505335,0.6009294,-1.2204369,0.009852767,0.72170633,-1.3291676,27.034958,31.60105,-44.438965,-6.2969995,0.077510476,0.0038755238,0.038418237,0.038755238,-0.019377619,0.012132075,-0.038755238,-0.05038181,-0.0060660373,-0.0038755238,0.0,-0.016176099,-0.034879714,-0.04263076,-0.038755238,-0.019377619,-0.01571261,0.5549339,-1.1498592,0.0013110922,0.68445724,-1.2314395,-0.016976884,0.6125379,-1.0888591,-0.018146995,0.73327774,-1.2048638,0.0,0.0,0.0,0.0,0.0,0.0,0.0,0.0,0.0,0.0,0.0,0.0,0.0,0.0,0.0,0.0,-2.0143268,-0.9632827,-0.7656789,-0.196262,50.0,50.0,50.0,50.0,50.0,50.0,50.0,50.0,50.0,50.0,50.0,50.0,0.0,0.0,0.0,0.0,1.0,1.0,1.0,1.0,1.0,1.0,1.0,1.0,1.0,1.0,1.0,1.0,0.5,0.5,0.5,0.5
1788446254.061314,287,18.065829999613925,5.989399000100093,10684474,1,0.0,0.0,0.0,-0.035189867,0.55980945,-1.2699763,0.026046114,0.6811458,-1.3649321,-0.062475055,0.60095966,-1.2204528,0.009852767,0.72155493,-1.3291519,27.034473,31.60108,-44.43918,-6.2970905,0.023253143,0.015502095,0.0,0.0,0.0077510476,-0.038418237,-0.08913705,0.0,-0.02426415,-0.054257333,0.0,0.012132075,-0.06200838,0.05813286,-0.054257333,-0.054257333,-0.0149624925,0.54999125,-1.1576467,0.0034702937,0.68382496,-1.222523,-0.019664675,0.60589314,-1.0935473,-0.020370139,0.73736477,-1.2035775,0.0,0.0,0.0,0.0,0.0,0.0,0.0,0.0,0.0,0.0,0.0,0.0,0.0,0.0,0.0,0.0,-1.9519994,-1.0516669,-0.7636939,-0.27084154,50.0,50.0,50.0,50.0,50.0,50.0,50.0,50.0,50.0,50.0,50.0,50.0,0.0,0.0,0.0,0.0,1.0,1.0,1.0,1.0,1.0,1.0,1.0,1.0,1.0,1.0,1.0,1.0,0.5,0.5,0.5,0.5
1788446254.0841517,288,19.68207499885466,7.807882999259164,10684496,1,0.0,0.0,0.0,-0.035189867,0.5594764,-1.2699605,0.026046114,0.6812366,-1.3649479,-0.062414497,0.60095966,-1.2204528,0.009883046,0.7214944,-1.3291676,27.033808,31.601019,-44.4396,-6.2973933,0.034879714,-0.03100419,0.020220125,0.05038181,0.023253143,0.0080880495,-0.0038755238,0.019377619,0.0040440247,0.019377619,0.038755238,-0.020220125,-0.046506286,0.015502095,-0.015502095,-0.05813286,-0.01597638,0.5534151,-1.1529503,0.00256181,0.6831075,-1.2234235,-0.018514857,0.60741174,-1.088241,-0.019051744,0.7363528,-1.2073824,0.0,0.0,0.0,0.0,0.0,0.0,0.0,0.0,0.0,0.0,0.0,0.0,0.0,0.0,0.0,0.0,-1.9107479,-1.035554,-0.76206553,-0.23335896,50.0,50.0,50.0,50.0,50.0,50.0,50.0,50.0,50.0,50.0,50.0,50.0,0.0,0.0,0.0,0.0,1.0,1.0,1.0,1.0,1.0,1.0,1.0,1.0,1.0,1.0,1.0,1.0,0.5,0.5,0.5,0.5
1788446254.1044226,289,19.716155000423896,5.168764999325504,10684516,1,0.0,0.0,0.0,-0.035220146,0.5589011,-1.2700078,0.026106669,0.68120635,-1.3648531,-0.06256589,0.6003238,-1.2204528,0.00973165,0.72179717,-1.3291519,27.033897,31.60084,-44.440025,-6.298574,-0.015502095,-0.06200838,-0.014154087,-0.015502095,0.027128667,-0.020220125,-0.05813286,-0.03100419,0.0485283,-0.05038181,0.09301257,-0.0060660373,0.0077510476,0.023253143,0.019377619,-0.12789229,-0.016790742,0.5583413,-1.1526561,0.0015341588,0.67586154,-1.2235119,-0.016916154,0.61301553,-1.0900071,-0.016941346,0.7312016,-1.2062421,0.0,0.0,0.0,0.0,0.0,0.0,0.0,0.0,0.0,0.0,0.0,0.0,0.0,0.0,0.0,0.0,-1.8760943,-1.0946791,-0.7611793,-0.27659035,50.0,50.0,50.0,50.0,50.0,50.0,50.0,50.0,50.0,50.0,50.0,50.0,0.0,0.0,0.0,0.0,1.0,1.0,1.0,1.0,1.0,1.0,1.0,1.0,1.0,1.0,1.0,1.0,0.5,0.5,0.5,0.5
1788446254.126531,290,21.58676699946227,5.88600799892447,10684535,1,0.0,0.0,0.0,-0.035159588,0.5588708,-1.2700078,0.026167223,0.68117607,-1.3648689,-0.06256589,0.60023296,-1.2204528,0.009701371,0.7219788,-1.3291519,27.033869,31.600595,-44.44042,-6.3002396,0.08526152,-0.038755238,-0.038418237,0.027128667,0.0,-0.018198112,-0.03100419,-0.08913705,-0.0060660373,0.0,-0.038755238,0.010110063,0.011626571,-0.05038181,-0.08526152,-0.038755238,-0.017113542,0.56083494,-1.1501179,0.0002845698,0.68160444,-1.2323989,-0.016073018,0.6151488,-1.0855097,-0.01698661,0.729323,-1.2021902,0.0,0.0,0.0,0.0,0.0,0.0,0.0,0.0,0.0,0.0,0.0,0.0,0.0,0.0,0.0,0.0,-1.8015361,-1.0576994,-0.80515593,-0.22346647,50.0,50.0,50.0,50.0,50.0,50.0,50.0,50.0,50.0,50.0,50.0,50.0,0.0,0.0,0.0,0.0,1.0,1.0,1.0,1.0,1.0,1.0,1.0,1.0,1.0,1.0,1.0,1.0,0.5,0.5,0.5,0.5
1788446254.145318,291,18.06554200084065,6.613715999264969,10684557,1,0.0,0.0,0.0,-0.035159588,0.5589919,-1.2699763,0.0261975,0.6801769,-1.3648689,-0.06256589,0.6004752,-1.2204528,0.00973165,0.72182745,-1.329136,27.033808,31.600504,-44.44157,-6.3003907,0.038755238,-0.05038181,0.020220125,-0.0077510476,-0.07363495,-0.02426415,-0.038755238,0.05038181,0.014154087,0.0038755238,0.027128667,0.04044025,-0.046506286,-0.011626571,-0.06975943,0.07363495,-0.015240698,0.55516636,-1.1543272,0.0013224757,0.6868798,-1.2281761,-0.018524822,0.6086994,-1.0866532,-0.019129027,0.7355699,-1.2055044,0.0,0.0,0.0,0.0,0.0,0.0,0.0,0.0,0.0,0.0,0.0,0.0,0.0,0.0,0.0,0.0,-1.8590552,-1.1348606,-0.7812531,-0.2399168,50.0,50.0,50.0,50.0,50.0,50.0,50.0,50.0,50.0,50.0,50.0,50.0,0.0,0.0,0.0,0.0,1.0,1.0,1.0,1.0,1.0,1.0,1.0,1.0,1.0,1.0,1.0,1.0,0.5,0.5,0.5,0.5
1788446254.1654053,292,17.349835999993957,4.209251999782282,10684578,1,0.0,0.0,0.0,-0.035189867,0.55908275,-1.2699763,0.026167223,0.68044937,-1.3649479,-0.062475055,0.60068715,-1.2204369,0.009792209,0.72152466,-1.3291203,27.033777,31.600534,-44.443295,-6.3004513,0.027128667,-0.038755238,-0.0080880495,0.0038755238,-0.054257333,-0.010110063,-0.038755238,-0.027128667,0.0,0.015502095,0.038755238,0.016176099,-0.08913705,0.08913705,-0.14339438,0.03100419,-0.01496977,0.55543745,-1.1581506,0.0012442986,0.6870434,-1.2247922,-0.019165317,0.6039293,-1.0850967,-0.019279907,0.7385845,-1.2077163,0.0,0.0,0.0,0.0,0.0,0.0,0.0,0.0,0.0,0.0,0.0,0.0,0.0,0.0,0.0,0.0,-1.9211,-1.0635524,-0.7687609,-0.21606913,50.0,50.0,50.0,50.0,50.0,50.0,50.0,50.0,50.0,50.0,50.0,50.0,0.0,0.0,0.0,0.0,1.0,1.0,1.0,1.0,1.0,1.0,1.0,1.0,1.0,1.0,1.0,1.0,0.5,0.5,0.5,0.5
1788446254.1852005,293,16.673871999955736,5.519514999832609,10684600,1,0.0,0.0,0.0,-0.035220146,0.55893135,-1.2699763,0.026106669,0.6809944,-1.3649321,-0.062505335,0.6007174,-1.2204369,0.0097619295,0.72170633,-1.3291519,27.033838,31.600233,-44.446293,-6.300512,0.0,0.011626571,0.028308174,-0.0077510476,-0.023253143,0.03437421,-0.0038755238,0.0,0.0080880495,-0.05813286,0.0038755238,-0.014154087,-0.023253143,0.019377619,-0.15114543,0.05038181,-0.016110396,0.5587592,-1.155268,0.00023264298,0.6791256,-1.2265062,-0.017321737,0.6110462,-1.0872694,-0.017424313,0.7323095,-1.2073561,0.0,0.0,0.0,0.0,0.0,0.0,0.0,0.0,0.0,0.0,0.0,0.0,0.0,0.0,0.0,0.0,-1.9357705,-1.1373665,-0.7731526,-0.22407031,50.0,50.0,50.0,50.0,50.0,50.0,50.0,50.0,50.0,50.0,50.0,50.0,0.0,0.0,0.0,0.0,1.0,1.0,1.0,1.0,1.0,1.0,1.0,1.0,1.0,1.0,1.0,1.0,0.5,0.5,0.5,0.5
1788446254.2052648,294,16.176723000171478,6.135286001153872,10684619,1,0.0,0.0,0.0,-0.035189867,0.55893135,-1.2699921,0.026106669,0.6811155,-1.3649163,-0.062535614,0.60065687,-1.2204369,0.00973165,0.7218577,-1.3291676,27.033808,31.59981,-44.449047,-6.300724,0.07363495,-0.03100419,0.026286162,-0.027128667,0.03100419,-0.030330187,-0.038755238,-0.03100419,-0.0040440247,-0.06975943,0.027128667,-0.0060660373,0.023253143,-0.0077510476,-0.19765173,0.019377619,-0.018129906,0.55839276,-1.1459719,0.00027177623,0.6754226,-1.2319467,-0.016449248,0.61703825,-1.0906765,-0.015119491,0.72764236,-1.2083914,0.0,0.0,0.0,0.0,0.0,0.0,0.0,0.0,0.0,0.0,0.0,0.0,0.0,0.0,0.0,0.0,-1.9951236,-1.089152,-0.8532083,-0.22807878,50.0,50.0,50.0,50.0,50.0,50.0,50.0,50.0,50.0,50.0,50.0,50.0,0.0,0.0,0.0,0.0,1.0,1.0,1.0,1.0,1.0,1.0,1.0,1.0,1.0,1.0,1.0,1.0,0.5,0.5,0.5,0.5
1788446254.2352545,295,26.099088001501514,8.513062000929494,10684640,1,0.0,0.0,0.0,-0.035159588,0.5589011,-1.2699921,0.026167223,0.68026775,-1.3649006,-0.062505335,0.6011413,-1.2204528,0.00973165,0.7215852,-1.3291519,27.033716,31.599749,-44.45244,-6.300724,0.0038755238,-0.038755238,0.0060660373,-0.019377619,0.03100419,-0.020220125,0.0,-0.04263076,-0.010110063,-0.09301257,0.06200838,0.012132075,-0.038755238,0.015502095,-0.23640695,-0.0077510476,-0.01753013,0.55607694,-1.1501775,0.0015130867,0.6798367,-1.2294824,-0.017640168,0.6140653,-1.093454,-0.017274823,0.7291411,-1.2041185,0.0,0.0,0.0,0.0,0.0,0.0,0.0,0.0,0.0,0.0,0.0,0.0,0.0,0.0,0.0,0.0,-1.9092634,-1.0989922,-0.8479047,-0.2984032,50.0,50.0,50.0,50.0,50.0,50.0,50.0,50.0,50.0,50.0,50.0,50.0,0.0,0.0,0.0,0.0,1.0,1.0,1.0,1.0,1.0,1.0,1.0,1.0,1.0,1.0,1.0,1.0,0.5,0.5,0.5,0.5
1788446254.2546906,296,18.534818998887204,4.313635001381044,10684665,1,0.0,0.0,0.0,-0.035189867,0.55893135,-1.2699763,0.026288334,0.6796925,-1.3649638,-0.062505335,0.602746,-1.2204369,0.009792209,0.7211008,-1.3291676,27.033443,31.59978,-44.45886,-6.300724,-0.06200838,0.05038181,-0.028308174,0.10076362,-0.0077510476,-0.030330187,0.054257333,-0.019377619,0.04044025,0.0038755238,0.034879714,-0.020220125,-0.054257333,0.05813286,-0.2286559,0.0077510476,-0.015636254,0.55108654,-1.1515855,0.0024336525,0.6867168,-1.224994,-0.019797267,0.6076821,-1.0901104,-0.019678578,0.7375015,-1.2056409,0.0,0.0,0.0,0.0,0.0,0.0,0.0,0.0,0.0,0.0,0.0,0.0,0.0,0.0,0.0,0.0,-1.9138358,-1.0833764,-0.7621908,-0.25827768,50.0,50.0,50.0,50.0,50.0,50.0,50.0,50.0,50.0,50.0,50.0,50.0,0.0,0.0,0.0,0.0,1.0,1.0,1.0,1.0,1.0,1.0,1.0,1.0,1.0,1.0,1.0,1.0,0.5,0.5,0.5,0.5
1788446254.272596,297,16.020084000047063,4.836190999412793,10684688,1,0.0,0.0,0.0,-0.035189867,0.5585983,-1.2699605,0.026227778,0.67981356,-1.3649479,-0.062535614,0.60332125,-1.2204686,0.0097619295,0.7209494,-1.3291519,27.033262,31.599749,-44.462948,-6.3007846,0.038755238,-0.038755238,0.020220125,0.011626571,0.0077510476,-0.028308174,-0.05038181,0.023253143,0.010110063,-0.05813286,0.05038181,-0.044484273,-0.065883905,0.038755238,-0.18602514,0.0077510476,-0.01568526,0.5551883,-1.1541638,0.0021179966,0.6819881,-1.2208377,-0.018662129,0.6092441,-1.0908192,-0.018590923,0.73648375,-1.2044728,0.0,0.0,0.0,0.0,0.0,0.0,0.0,0.0,0.0,0.0,0.0,0.0,0.0,0.0,0.0,0.0,-1.9331524,-1.16223,-0.69166034,-0.1972541,50.0,50.0,50.0,50.0,50.0,50.0,50.0,50.0,50.0,50.0,50.0,50.0,0.0,0.0,0.0,0.0,1.0,1.0,1.0,1.0,1.0,1.0,1.0,1.0,1.0,1.0,1.0,1.0,0.5,0.5,0.5,0.5
1788446254.291314,298,14.355455999975675,5.839033001393545,10684708,1,0.0,0.0,0.0,-0.035220146,0.55808353,-1.2699447,0.0261975,0.6804191,-1.3649006,-0.06259617,0.6032305,-1.2204528,0.009701371,0.7212219,-1.3291676,27.033293,31.599718,-44.46428,-6.3008146,-0.0038755238,-0.06200838,0.0485283,0.05038181,0.038755238,0.014154087,-0.015502095,-0.038755238,0.020220125,-0.05813286,-0.019377619,-0.020220125,-0.027128667,0.015502095,-0.046506286,0.05813286,-0.016277343,0.5554247,-1.1513,0.00051715365,0.67903644,-1.2240292,-0.01862374,0.6104054,-1.0901918,-0.017138364,0.73344576,-1.2081987,0.0,0.0,0.0,0.0,0.0,0.0,0.0,0.0,0.0,0.0,0.0,0.0,0.0,0.0,0.0,0.0,-1.9605213,-1.247621,-0.747948,-0.20351377,50.0,50.0,50.0,50.0,50.0,50.0,50.0,50.0,50.0,50.0,50.0,50.0,0.0,0.0,0.0,0.0,1.0,1.0,1.0,1.0,1.0,1.0,1.0,1.0,1.0,1.0,1.0,1.0,0.5,0.5,0.5,0.5
1788446254.3151934,299,18.165573999795015,7.922187000076519,10684728,1,0.0,0.0,0.0,-0.035189867,0.5581138,-1.2699763,0.026227778,0.67999524,-1.3648689,-0.06259617,0.6031699,-1.2204369,0.0097619295,0.7212219,-1.3291676,27.033173,31.599596,-44.464157,-6.301148,-0.0038755238,-0.011626571,0.022242136,0.077510476,0.0,-0.016176099,-0.027128667,-0.096888095,0.046506286,0.019377619,-0.019377619,-0.022242136,-0.081386,0.038755238,-0.038755238,-0.019377619,-0.016998464,0.55777097,-1.146107,-0.0007815338,0.6787665,-1.2293912,-0.015962759,0.6152283,-1.0864862,-0.015881084,0.7295506,-1.206872,0.0,0.0,0.0,0.0,0.0,0.0,0.0,0.0,0.0,0.0,0.0,0.0,0.0,0.0,0.0,0.0,-1.9576242,-1.2036436,-0.7337339,-0.21725786,50.0,50.0,50.0,50.0,50.0,50.0,50.0,50.0,50.0,50.0,50.0,50.0,0.0,0.0,0.0,0.0,1.0,1.0,1.0,1.0,1.0,1.0,1.0,1.0,1.0,1.0,1.0,1.0,0.5,0.5,0.5,0.5
1788446254.3332465,300,16.107442999782506,4.150404000029084,10684747,1,0.0,0.0,0.0,-0.035189867,0.55808353,-1.2699605,0.0261975,0.6795714,-1.3648847,-0.06262645,0.6031699,-1.2204369,0.00973165,0.72104025,-1.3291835,27.033081,31.599386,-44.464428,-6.3011174,-0.034879714,0.034879714,0.036396224,0.054257333,-0.03100419,-0.03437421,0.027128667,-0.038755238,0.0485283,0.019377619,0.0,-0.014154087,-0.0077510476,-0.054257333,-0.077510476,0.038755238,-0.016383842,0.5534876,-1.1466291,-0.00031204335,0.68172294,-1.2317317,-0.016530233,0.6132041,-1.0861845,-0.016656868,0.7318071,-1.2078228,0.0,0.0,0.0,0.0,0.0,0.0,0.0,0.0,0.0,0.0,0.0,0.0,0.0,0.0,0.0,0.0,-1.9590101,-1.2048607,-0.7158458,-0.24094196,50.0,50.0,50.0,50.0,50.0,50.0,50.0,50.0,50.0,50.0,50.0,50.0,0.0,0.0,0.0,0.0,1.0,1.0,1.0,1.0,1.0,1.0,1.0,1.0,1.0,1.0,1.0,1.0,0.5,0.5,0.5,0.5
1788446254.364861,301,22.50973599984718,10.195995000685798,10684772,1,0.0,0.0,0.0,-0.035189867,0.55808353,-1.2699763,0.026167223,0.67948055,-1.3649479,-0.06256589,0.60326076,-1.2204369,0.0097619295,0.7205558,-1.3291676,27.032717,31.599295,-44.464825,-6.3011174,-0.054257333,0.0,-0.010110063,0.015502095,0.06200838,-0.036396224,-0.0038755238,-0.08526152,0.016176099,-0.015502095,-0.03100419,0.0040440247,-0.081386,0.027128667,-0.015502095,0.054257333,-0.015382477,0.5558902,-1.1514583,0.00035501132,0.6822867,-1.2304085,-0.017291907,0.6111278,-1.0858886,-0.017791802,0.7324847,-1.2043452,0.0,0.0,0.0,0.0,0.0,0.0,0.0,0.0,0.0,0.0,0.0,0.0,0.0,0.0,0.0,0.0,-1.9472444,-1.2259649,-0.68668556,-0.25070333,50.0,50.0,50.0,50.0,50.0,50.0,50.0,50.0,50.0,50.0,50.0,50.0,0.0,0.0,0.0,0.0,1.0,1.0,1.0,1.0,1.0,1.0,1.0,1.0,1.0,1.0,1.0,1.0,0.5,0.5,0.5,0.5
1788446254.3831553,302,16.527888999917195,4.083108000486391,10684796,1,0.0,0.0,0.0,-0.03512931,0.5578414,-1.2699605,0.0261975,0.6795714,-1.3649638,-0.062535614,0.60326076,-1.2204369,0.009822488,0.72061634,-1.3291992,27.032354,31.599234,-44.46488,-6.3012385,0.065883905,-0.054257333,0.0080880495,0.03100419,0.05813286,-0.026286162,0.0038755238,0.0038755238,0.020220125,0.019377619,0.07363495,-0.032352198,-0.081386,0.0,0.0038755238,0.034879714,-0.015738469,0.55547833,-1.1490717,-9.65544e-05,0.6801758,-1.232032,-0.01658593,0.6121375,-1.0847254,-0.016268777,0.7322505,-1.209637,0.0,0.0,0.0,0.0,0.0,0.0,0.0,0.0,0.0,0.0,0.0,0.0,0.0,0.0,0.0,0.0,-2.0302267,-1.2436225,-0.69063395,-0.2365111,50.0,50.0,50.0,50.0,50.0,50.0,50.0,50.0,50.0,50.0,50.0,50.0,0.0,0.0,0.0,0.0,1.0,1.0,1.0,1.0,1.0,1.0,1.0,1.0,1.0,1.0,1.0,1.0,0.5,0.5,0.5,0.5
1788446254.3994215,303,12.521579999884125,4.9391669999749865,10684818,1,0.0,0.0,0.0,-0.03512931,0.55793214,-1.2699605,0.0261975,0.6795714,-1.3649479,-0.06256589,0.60310936,-1.2204528,0.009792209,0.7205255,-1.3291676,27.032082,31.599112,-44.46488,-6.301329,0.019377619,0.038755238,0.03437421,0.0077510476,0.034879714,0.012132075,-0.046506286,-0.03100419,-0.010110063,0.0,-0.038755238,-0.028308174,-0.038755238,0.038755238,-0.0038755238,-0.019377619,-0.015588336,0.5551349,-1.1540374,0.0012665135,0.6749088,-1.2232178,-0.017428605,0.6118552,-1.0912652,-0.015619852,0.7318897,-1.2071351,0.0,0.0,0.0,0.0,0.0,0.0,0.0,0.0,0.0,0.0,0.0,0.0,0.0,0.0,0.0,0.0,-1.9921511,-1.3057452,-0.6827596,-0.26694015,50.0,50.0,50.0,50.0,50.0,50.0,50.0,50.0,50.0,50.0,50.0,50.0,0.0,0.0,0.0,0.0,1.0,1.0,1.0,1.0,1.0,1.0,1.0,1.0,1.0,1.0,1.0,1.0,0.5,0.5,0.5,0.5
1788446254.4212008,304,14.19443200029491,5.860985000254004,10684837,1,0.0,0.0,0.0,-0.03512931,0.55793214,-1.2699605,0.026167223,0.6793897,-1.3649638,-0.062535614,0.60313964,-1.2204369,0.009852767,0.7204044,-1.3291992,27.031506,31.598932,-44.46488,-6.30142,0.03100419,0.015502095,0.02426415,0.034879714,-0.0077510476,-0.012132075,-0.038755238,0.0,0.012132075,-0.011626571,-0.046506286,-0.032352198,-0.06975943,0.046506286,-0.038755238,-0.08526152,-0.016443035,0.55603796,-1.1521331,0.0005415366,0.6792638,-1.2245346,-0.017175836,0.61188143,-1.0870094,-0.016259175,0.7332459,-1.2063771,0.0,0.0,0.0,0.0,0.0,0.0,0.0,0.0,0.0,0.0,0.0,0.0,0.0,0.0,0.0,0.0,-1.974076,-1.14262,-0.66269696,-0.2713623,50.0,50.0,50.0,50.0,50.0,50.0,50.0,50.0,50.0,50.0,50.0,50.0,0.0,0.0,0.0,0.0,1.0,1.0,1.0,1.0,1.0,1.0,1.0,1.0,1.0,1.0,1.0,1.0,0.5,0.5,0.5,0.5
1788446254.4394066,305,12.33220500034804,5.687353999746847,10684858,1,0.0,0.0,0.0,-0.035159588,0.557902,-1.2699921,0.0261975,0.67878413,-1.3648689,-0.062505335,0.60310936,-1.2204528,0.009883046,0.72031355,-1.3291835,27.030901,31.59875,-44.46488,-6.3014503,0.05813286,-0.081386,-0.022242136,0.06975943,0.046506286,0.014154087,0.0077510476,-0.054257333,0.022242136,-0.0077510476,-0.011626571,-0.056616347,-0.04263076,-0.0038755238,-0.0038755238,0.04263076,-0.015052751,0.55727386,-1.1528149,0.000557899,0.6824664,-1.227198,-0.017432844,0.61070335,-1.0824102,-0.016805604,0.73544306,-1.2087907,0.0,0.0,0.0,0.0,0.0,0.0,0.0,0.0,0.0,0.0,0.0,0.0,0.0,0.0,0.0,0.0,-1.9822648,-1.1710882,-0.72716606,-0.21878362,50.0,50.0,50.0,50.0,50.0,50.0,50.0,50.0,50.0,50.0,50.0,50.0,0.0,0.0,0.0,0.0,1.0,1.0,1.0,1.0,1.0,1.0,1.0,1.0,1.0,1.0,1.0,1.0,0.5,0.5,0.5,0.5
1788446254.4646692,306,17.518313999971724,6.033143999957247,10684878,1,0.0,0.0,0.0,-0.035189867,0.5579624,-1.2699605,0.026167223,0.67902637,-1.3648847,-0.062505335,0.60313964,-1.2204528,0.009852767,0.7203741,-1.3291835,27.030567,31.59875,-44.46488,-6.301844,0.027128667,-0.04263076,0.030330187,0.023253143,0.038755238,0.0040440247,0.011626571,0.019377619,-0.0040440247,-0.015502095,0.034879714,-0.026286162,-0.06975943,-0.019377619,-0.038755238,0.05813286,-0.015527892,0.55663157,-1.1489006,0.0007152804,0.6802214,-1.2309928,-0.01659968,0.6138074,-1.087123,-0.016548056,0.732629,-1.2112714,0.0,0.0,0.0,0.0,0.0,0.0,0.0,0.0,0.0,0.0,0.0,0.0,0.0,0.0,0.0,0.0,-2.0304046,-1.1344403,-0.72086585,-0.191845,50.0,50.0,50.0,50.0,50.0,50.0,50.0,50.0,50.0,50.0,50.0,50.0,0.0,0.0,0.0,0.0,1.0,1.0,1.0,1.0,1.0,1.0,1.0,1.0,1.0,1.0,1.0,1.0,0.5,0.5,0.5,0.5
1788446254.4833949,307,16.171731000213185,5.883705000087502,10684897,1,0.0,0.0,0.0,-0.03509903,0.55805326,-1.2699763,0.0261975,0.67935944,-1.3649163,-0.06256589,0.6030185,-1.2204369,0.009822488,0.7206466,-1.3291992,27.030416,31.598719,-44.465004,-6.3023586,0.03100419,0.0077510476,0.018198112,0.0,0.054257333,-0.038418237,-0.038755238,-0.046506286,-0.0080880495,-0.07363495,0.0038755238,-0.020220125,0.015502095,0.019377619,-0.03100419,0.019377619,-0.015513702,0.55468696,-1.150824,0.0019417373,0.6782975,-1.2278997,-0.017334638,0.6140329,-1.0913652,-0.016933518,0.73030597,-1.2082483,0.0,0.0,0.0,0.0,0.0,0.0,0.0,0.0,0.0,0.0,0.0,0.0,0.0,0.0,0.0,0.0,-2.0592818,-1.140119,-0.69784117,-0.28242928,50.0,50.0,50.0,50.0,50.0,50.0,50.0,50.0,50.0,50.0,50.0,50.0,0.0,0.0,0.0,0.0,1.0,1.0,1.0,1.0,1.0,1.0,1.0,1.0,1.0,1.0,1.0,1.0,0.5,0.5,0.5,0.5
1788446254.5022068,308,13.865347000319161,6.020950999300112,10684920,1,0.0,0.0,0.0,-0.03506875,0.558023,-1.2699605,0.0261975,0.6792383,-1.3649638,-0.06256589,0.6030488,-1.2204369,0.009792209,0.72058606,-1.3291992,27.030024,31.598719,-44.465096,-6.3026614,0.038755238,0.0,0.030330187,-0.038755238,0.0,-0.04044025,-0.05813286,-0.023253143,0.020220125,-0.038755238,0.038755238,0.0040440247,-0.027128667,0.0038755238,0.0,0.054257333,-0.016168399,0.5521183,-1.1525242,0.0022284803,0.68007576,-1.2257339,-0.018888533,0.610412,-1.0910254,-0.017776212,0.7333238,-1.2077144,0.0,0.0,0.0,0.0,0.0,0.0,0.0,0.0,0.0,0.0,0.0,0.0,0.0,0.0,0.0,0.0,-2.0848932,-1.1311458,-0.6771897,-0.35565224,50.0,50.0,50.0,50.0,50.0,50.0,50.0,50.0,50.0,50.0,50.0,50.0,0.0,0.0,0.0,0.0,1.0,1.0,1.0,1.0,1.0,1.0,1.0,1.0,1.0,1.0,1.0,1.0,0.5,0.5,0.5,0.5
1788446254.5233505,309,14.507838001009077,5.932856000072206,10684940,1,0.0,0.0,0.0,-0.03506875,0.55805326,-1.2699763,0.026227778,0.6789961,-1.3649321,-0.062505335,0.60310936,-1.2204528,0.009852767,0.7203438,-1.3291992,27.029598,31.598719,-44.465126,-6.303025,0.05813286,0.07363495,0.0,-0.011626571,-0.0077510476,-0.044484273,0.0077510476,0.04263076,0.020220125,0.019377619,0.027128667,-0.042462263,-0.0077510476,0.0038755238,-0.038755238,-0.054257333,-0.015727375,0.5507113,-1.1531465,0.0020693415,0.6808589,-1.2234882,-0.018958854,0.6075633,-1.089421,-0.017299153,0.7365775,-1.2118039,0.0,0.0,0.0,0.0,0.0,0.0,0.0,0.0,0.0,0.0,0.0,0.0,0.0,0.0,0.0,0.0,-2.019149,-1.1424686,-0.7004559,-0.30720174,50.0,50.0,50.0,50.0,50.0,50.0,50.0,50.0,50.0,50.0,50.0,50.0,0.0,0.0,0.0,0.0,1.0,1.0,1.0,1.0,1.0,1.0,1.0,1.0,1.0,1.0,1.0,1.0,0.5,0.5,0.5,0.5
1788446254.5453103,310,16.36862499981362,7.91290699999081,10684959,1,0.0,0.0,0.0,-0.035189867,0.5579927,-1.2699921,0.0261975,0.67902637,-1.3649006,-0.06256589,0.60298824,-1.2204528,0.009852767,0.7204952,-1.3291676,27.029024,31.598688,-44.465065,-6.3037515,0.038755238,0.019377619,-0.026286162,-0.0038755238,0.0,0.0040440247,-0.06200838,-0.05038181,-0.010110063,0.0077510476,0.027128667,0.028308174,-0.12014124,-0.019377619,-0.054257333,-0.019377619,-0.01555227,0.5548774,-1.1553737,0.00213212,0.67753613,-1.2194966,-0.018849151,0.6093029,-1.0894464,-0.016804246,0.7346447,-1.2091109,0.0,0.0,0.0,0.0,0.0,0.0,0.0,0.0,0.0,0.0,0.0,0.0,0.0,0.0,0.0,0.0,-1.9487154,-1.1235547,-0.65977544,-0.22294655,50.0,50.0,50.0,50.0,50.0,50.0,50.0,50.0,50.0,50.0,50.0,50.0,0.0,0.0,0.0,0.0,1.0,1.0,1.0,1.0,1.0,1.0,1.0,1.0,1.0,1.0,1.0,1.0,0.5,0.5,0.5,0.5
1788446254.5665424,311,17.534569999043015,6.108567000410403,10684980,1,0.0,0.0,0.0,-0.035159588,0.55793214,-1.2699921,0.026227778,0.67902637,-1.3649006,-0.062535614,0.6027763,-1.2204686,0.009822488,0.720798,-1.3291992,27.02866,31.598719,-44.465065,-6.304115,0.03100419,-0.038755238,-0.0060660373,0.023253143,-0.04263076,-0.036396224,0.0038755238,0.011626571,-0.022242136,-0.06975943,0.038755238,0.0020220124,-0.05038181,0.027128667,0.0,-0.054257333,-0.016825067,0.55851,-1.1503556,0.00076600676,0.6783681,-1.2258254,-0.017438395,0.6145577,-1.0887218,-0.01587317,0.73040384,-1.2064552,0.0,0.0,0.0,0.0,0.0,0.0,0.0,0.0,0.0,0.0,0.0,0.0,0.0,0.0,0.0,0.0,-1.9412768,-1.1585535,-0.66530406,-0.22384019,50.0,50.0,50.0,50.0,50.0,50.0,50.0,50.0,50.0,50.0,50.0,50.0,0.0,0.0,0.0,0.0,1.0,1.0,1.0,1.0,1.0,1.0,1.0,1.0,1.0,1.0,1.0,1.0,0.5,0.5,0.5,0.5
1788446254.5853007,312,16.22069100085355,5.987063999782549,10684999,1,0.0,0.0,0.0,-0.03509903,0.5579624,-1.2699921,0.026258055,0.67890525,-1.3648216,-0.06262645,0.60268545,-1.2204369,0.009822488,0.72076774,-1.3291992,27.02851,31.59875,-44.465065,-6.3040543,0.046506286,-0.08913705,0.0060660373,0.038755238,0.0038755238,0.026286162,-0.05813286,-0.046506286,0.032352198,0.0,0.046506286,-0.020220125,-0.0038755238,0.065883905,0.015502095,0.0,-0.01623277,0.5568901,-1.1500479,0.0010056575,0.6794116,-1.2288594,-0.017272426,0.61351764,-1.0898658,-0.017164288,0.7297909,-1.2046742,0.0,0.0,0.0,0.0,0.0,0.0,0.0,0.0,0.0,0.0,0.0,0.0,0.0,0.0,0.0,0.0,-1.9853413,-1.1473273,-0.70795727,-0.25892726,50.0,50.0,50.0,50.0,50.0,50.0,50.0,50.0,50.0,50.0,50.0,50.0,0.0,0.0,0.0,0.0,1.0,1.0,1.0,1.0,1.0,1.0,1.0,1.0,1.0,1.0,1.0,1.0,0.5,0.5,0.5,0.5
1788446254.6063242,313,17.17662000010023,6.7867699999624165,10685019,1,0.0,0.0,0.0,-0.03509903,0.55808353,-1.2699605,0.026288334,0.6789658,-1.3648847,-0.06259617,0.60283685,-1.2204528,0.009792209,0.72043467,-1.3291835,27.028206,31.598688,-44.465187,-6.3040543,0.046506286,-0.05813286,0.032352198,0.05038181,0.06200838,-0.030330187,-0.027128667,-0.019377619,0.0,-0.04263076,0.0077510476,-0.012132075,-0.04263076,-0.0077510476,-0.11239019,-0.019377619,-0.014724808,0.55145574,-1.1536485,0.002632909,0.6854605,-1.2261882,-0.019321544,0.6073844,-1.0898015,-0.02035768,0.73750186,-1.2061083,0.0,0.0,0.0,0.0,0.0,0.0,0.0,0.0,0.0,0.0,0.0,0.0,0.0,0.0,0.0,0.0,-1.9934354,-1.1020046,-0.71955353,-0.26971167,50.0,50.0,50.0,50.0,50.0,50.0,50.0,50.0,50.0,50.0,50.0,50.0,0.0,0.0,0.0,0.0,1.0,1.0,1.0,1.0,1.0,1.0,1.0,1.0,1.0,1.0,1.0,1.0,0.5,0.5,0.5,0.5
1788446254.6271348,314,17.855144000350265,5.851992998941569,10685040,1,0.0,0.0,0.0,-0.03512931,0.5581138,-1.2699763,0.026258055,0.67887497,-1.3649163,-0.06259617,0.60283685,-1.2204369,0.009792209,0.72028327,-1.3291676,27.02766,31.598688,-44.465187,-6.3040543,0.0,-0.034879714,-0.0040440247,0.06975943,-0.05038181,-0.026286162,-0.05813286,0.019377619,0.044484273,-0.054257333,-0.015502095,-0.0080880495,-0.04263076,0.0,0.019377619,0.038755238,-0.015083842,0.55354124,-1.1577762,0.002558068,0.6857705,-1.220319,-0.019379351,0.60624915,-1.0896055,-0.020371366,0.7383751,-1.205315,0.0,0.0,0.0,0.0,0.0,0.0,0.0,0.0,0.0,0.0,0.0,0.0,0.0,0.0,0.0,0.0,-1.9590423,-1.1545758,-0.6329311,-0.25944245,50.0,50.0,50.0,50.0,50.0,50.0,50.0,50.0,50.0,50.0,50.0,50.0,0.0,0.0,0.0,0.0,1.0,1.0,1.0,1.0,1.0,1.0,1.0,1.0,1.0,1.0,1.0,1.0,0.5,0.5,0.5,0.5
1788446254.6493585,315,19.37091000036162,7.200144000307773,10685060,1,0.0,0.0,0.0,-0.035159588,0.5579624,-1.2699921,0.026227778,0.6792686,-1.3648847,-0.06259617,0.6025946,-1.2204528,0.0097619295,0.7206466,-1.3291676,27.027359,31.598658,-44.465157,-6.3041453,-0.023253143,-0.038755238,-0.0020220124,-0.019377619,0.023253143,0.032352198,-0.027128667,0.019377619,0.012132075,0.0077510476,0.0038755238,0.010110063,-0.04263076,0.0077510476,0.03100419,0.0,-0.015869075,0.5555301,-1.1534021,0.000666033,0.6763235,-1.2244807,-0.018168839,0.6107623,-1.0888417,-0.017274251,0.7312976,-1.2073212,0.0,0.0,0.0,0.0,0.0,0.0,0.0,0.0,0.0,0.0,0.0,0.0,0.0,0.0,0.0,0.0,-2.0609245,-1.2250235,-0.680403,-0.29294953,50.0,50.0,50.0,50.0,50.0,50.0,50.0,50.0,50.0,50.0,50.0,50.0,0.0,0.0,0.0,0.0,1.0,1.0,1.0,1.0,1.0,1.0,1.0,1.0,1.0,1.0,1.0,1.0,0.5,0.5,0.5,0.5
1788446254.667212,316,16.667472000335692,4.0496360015822574,10685079,1,0.0,0.0,0.0,-0.03512931,0.5579624,-1.2699921,0.026227778,0.6792989,-1.3648374,-0.06259617,0.60238266,-1.2204369,0.009701371,0.72076774,-1.3291835,27.027298,31.59854,-44.465126,-6.3041453,-0.023253143,-0.03100419,0.0080880495,-0.027128667,-0.023253143,-0.0020220124,0.019377619,-0.05813286,0.036396224,-0.027128667,0.04263076,-0.02426415,-0.03100419,-0.023253143,-0.05038181,0.07363495,-0.01718727,0.5592961,-1.1474655,-0.0001570019,0.6761242,-1.2312098,-0.016269062,0.6173577,-1.0887468,-0.016666427,0.7272265,-1.2062773,0.0,0.0,0.0,0.0,0.0,0.0,0.0,0.0,0.0,0.0,0.0,0.0,0.0,0.0,0.0,0.0,-2.010821,-1.265669,-0.736428,-0.32361653,50.0,50.0,50.0,50.0,50.0,50.0,50.0,50.0,50.0,50.0,50.0,50.0,0.0,0.0,0.0,0.0,1.0,1.0,1.0,1.0,1.0,1.0,1.0,1.0,1.0,1.0,1.0,1.0,0.5,0.5,0.5,0.5
1788446254.6873121,317,16.371890000300482,6.677458999547525,10685102,1,0.0,0.0,0.0,-0.03509903,0.5579624,-1.2699921,0.026258055,0.6787236,-1.3648847,-0.06262645,0.6023524,-1.2204528,0.00973165,0.7204044,-1.3291835,27.027086,31.598417,-44.465157,-6.3041754,0.0,-0.077510476,0.0060660373,-0.019377619,0.081386,-0.036396224,-0.0077510476,-0.04263076,0.0,0.0,-0.019377619,-0.018198112,0.019377619,0.065883905,0.0,0.0038755238,-0.016642397,0.55556715,-1.1481742,0.00031647505,0.67747074,-1.229878,-0.017609706,0.6141517,-1.0891551,-0.016739544,0.729367,-1.2050223,0.0,0.0,0.0,0.0,0.0,0.0,0.0,0.0,0.0,0.0,0.0,0.0,0.0,0.0,0.0,0.0,-1.9933376,-1.2259393,-0.73608696,-0.31737956,50.0,50.0,50.0,50.0,50.0,50.0,50.0,50.0,50.0,50.0,50.0,50.0,0.0,0.0,0.0,0.0,1.0,1.0,1.0,1.0,1.0,1.0,1.0,1.0,1.0,1.0,1.0,1.0,0.5,0.5,0.5,0.5
1788446254.7061718,318,15.159386000959785,6.007639000017662,10685121,1,0.0,0.0,0.0,-0.03509903,0.5581744,-1.2699605,0.026258055,0.67860246,-1.3649479,-0.06256589,0.60280657,-1.2204528,0.0097619295,0.7199805,-1.3291676,27.026752,31.598204,-44.465427,-6.304206,0.08913705,0.0,0.012132075,0.038755238,-0.054257333,-0.038418237,-0.06200838,0.019377619,-0.0020220124,-0.027128667,0.0,-0.0020220124,0.015502095,-0.034879714,-0.09301257,-0.011626571,-0.015134609,0.5518446,-1.1562552,0.0011560316,0.68469775,-1.2242509,-0.019267743,0.60663533,-1.0881767,-0.01922556,0.7367873,-1.2058948,0.0,0.0,0.0,0.0,0.0,0.0,0.0,0.0,0.0,0.0,0.0,0.0,0.0,0.0,0.0,0.0,-1.9559243,-1.225165,-0.65838516,-0.28091168,50.0,50.0,50.0,50.0,50.0,50.0,50.0,50.0,50.0,50.0,50.0,50.0,0.0,0.0,0.0,0.0,1.0,1.0,1.0,1.0,1.0,1.0,1.0,1.0,1.0,1.0,1.0,1.0,0.5,0.5,0.5,0.5
1788446254.7272263,319,16.14417900054832,4.804318999958923,10685142,1,0.0,0.0,0.0,-0.035159588,0.5581138,-1.2699447,0.026227778,0.6786933,-1.3649479,-0.062535614,0.60280657,-1.2204528,0.009852767,0.7199805,-1.3291676,27.026663,31.597994,-44.465733,-6.304236,0.06200838,-0.054257333,0.04044025,0.04263076,0.046506286,-0.026286162,-0.04263076,-0.05038181,0.0,0.034879714,0.015502095,-0.014154087,-0.015502095,-0.03100419,-0.015502095,-0.0038755238,-0.015141003,0.5549278,-1.1547201,0.0010920684,0.6809703,-1.2232851,-0.018590264,0.6074672,-1.0856823,-0.017305063,0.7367223,-1.2102786,0.0,0.0,0.0,0.0,0.0,0.0,0.0,0.0,0.0,0.0,0.0,0.0,0.0,0.0,0.0,0.0,-1.9836259,-1.2141966,-0.6730357,-0.20451285,50.0,50.0,50.0,50.0,50.0,50.0,50.0,50.0,50.0,50.0,50.0,50.0,0.0,0.0,0.0,0.0,1.0,1.0,1.0,1.0,1.0,1.0,1.0,1.0,1.0,1.0,1.0,1.0,0.5,0.5,0.5,0.5
1788446254.745312,320,14.15888100018492,4.074724000020069,10685162,1,0.0,0.0,0.0,-0.035189867,0.5579927,-1.2700078,0.0261975,0.6791475,-1.3649163,-0.06256589,0.6023524,-1.2204369,0.009792209,0.7203438,-1.3291676,27.026663,31.597479,-44.465427,-6.304327,-0.011626571,0.0,-0.014154087,0.038755238,-0.0077510476,-0.032352198,-0.011626571,-0.05038181,0.030330187,0.0077510476,-0.04263076,-0.0080880495,-0.038755238,-0.023253143,-0.046506286,-0.0038755238,-0.016590413,0.5603936,-1.1503978,-0.0011321572,0.67886007,-1.2327961,-0.015150588,0.61533874,-1.0841235,-0.015383508,0.72887576,-1.2067634,0.0,0.0,0.0,0.0,0.0,0.0,0.0,0.0,0.0,0.0,0.0,0.0,0.0,0.0,0.0,0.0,-2.0085073,-1.2298977,-0.70405006,-0.27969715,50.0,50.0,50.0,50.0,50.0,50.0,50.0,50.0,50.0,50.0,50.0,50.0,0.0,0.0,0.0,0.0,1.0,1.0,1.0,1.0,1.0,1.0,1.0,1.0,1.0,1.0,1.0,1.0,0.5,0.5,0.5,0.5
1788446254.7692852,321,18.060997999782558,4.811647999304114,10685181,1,0.0,0.0,0.0,-0.035159588,0.55805326,-1.2699921,0.0261975,0.6790869,-1.3648689,-0.06256589,0.6023221,-1.2204369,0.009792209,0.72043467,-1.3291992,27.026602,31.59654,-44.46549,-6.3042665,-0.023253143,0.0038755238,-0.0020220124,0.081386,0.027128667,0.0060660373,-0.0038755238,-0.09301257,0.016176099,-0.05813286,0.023253143,-0.012132075,-0.065883905,0.0077510476,0.0038755238,0.023253143,-0.01596707,0.5579615,-1.1496462,0.00020112982,0.67835313,-1.2317804,-0.016252225,0.6163334,-1.087738,-0.016294383,0.727631,-1.2049903,0.0,0.0,0.0,0.0,0.0,0.0,0.0,0.0,0.0,0.0,0.0,0.0,0.0,0.0,0.0,0.0,-2.006607,-1.189086,-0.7109606,-0.3145765,50.0,50.0,50.0,50.0,50.0,50.0,50.0,50.0,50.0,50.0,50.0,50.0,0.0,0.0,0.0,0.0,1.0,1.0,1.0,1.0,1.0,1.0,1.0,1.0,1.0,1.0,1.0,1.0,0.5,0.5,0.5,0.5
1788446254.7872303,322,14.806523999141064,5.936504001510912,10685204,1,0.0,0.0,0.0,-0.035159588,0.5582955,-1.2699763,0.0261975,0.67905664,-1.3649638,-0.062414497,0.60271573,-1.2204369,0.009852767,0.7199805,-1.3291676,27.02639,31.596087,-44.46564,-6.304236,-0.011626571,0.0077510476,-0.0020220124,0.0,0.04263076,-0.0020220124,0.011626571,0.015502095,-0.0080880495,0.0077510476,0.081386,0.014154087,-0.034879714,-0.015502095,0.0077510476,0.03100419,-0.015742231,0.55141795,-1.150315,0.0015691635,0.6815766,-1.2303891,-0.018063018,0.6118423,-1.0908067,-0.018446533,0.7311322,-1.2055993,0.0,0.0,0.0,0.0,0.0,0.0,0.0,0.0,0.0,0.0,0.0,0.0,0.0,0.0,0.0,0.0,-2.0460558,-1.209385,-0.697294,-0.34382477,50.0,50.0,50.0,50.0,50.0,50.0,50.0,50.0,50.0,50.0,50.0,50.0,0.0,0.0,0.0,0.0,1.0,1.0,1.0,1.0,1.0,1.0,1.0,1.0,1.0,1.0,1.0,1.0,0.5,0.5,0.5,0.5
1788446254.811522,323,18.629827000040677,7.928682000056142,10685223,1,0.0,0.0,0.0,-0.035189867,0.5582652,-1.2699605,0.026227778,0.6789658,-1.3649638,-0.062475055,0.6027763,-1.2204369,0.009822488,0.7198291,-1.3291835,27.026299,31.596087,-44.465733,-6.3042965,-0.05038181,0.0,0.032352198,0.034879714,0.0077510476,-0.0020220124,-0.04263076,-0.019377619,0.022242136,-0.054257333,0.054257333,-0.0485283,-0.03100419,0.05813286,-0.054257333,-0.011626571,-0.015734501,0.55121815,-1.1528559,0.0022856998,0.68023854,-1.2218578,-0.019303352,0.6092331,-1.0921435,-0.018675672,0.73464733,-1.2068298,0.0,0.0,0.0,0.0,0.0,0.0,0.0,0.0,0.0,0.0,0.0,0.0,0.0,0.0,0.0,0.0,-1.9829729,-1.253835,-0.6651716,-0.34878746,50.0,50.0,50.0,50.0,50.0,50.0,50.0,50.0,50.0,50.0,50.0,50.0,0.0,0.0,0.0,0.0,1.0,1.0,1.0,1.0,1.0,1.0,1.0,1.0,1.0,1.0,1.0,1.0,0.5,0.5,0.5,0.5
1788446254.8325047,324,18.972320000102627,4.201060000923462,10685244,1,0.0,0.0,0.0,-0.035159588,0.55793214,-1.2699763,0.026227778,0.6791172,-1.3649638,-0.062535614,0.6026552,-1.2204844,0.00973165,0.7199199,-1.3291835,27.026299,31.595964,-44.46567,-6.304327,0.0038755238,-0.027128667,0.0,0.038755238,0.077510476,0.0,-0.05813286,-0.0038755238,-0.052572325,-0.096888095,0.0077510476,-0.04044025,-0.011626571,0.05038181,-0.05813286,0.011626571,-0.0160392,0.55211145,-1.1544051,0.0028267768,0.6727839,-1.2111326,-0.020314006,0.6089539,-1.0954248,-0.017973844,0.7365521,-1.2080883,0.0,0.0,0.0,0.0,0.0,0.0,0.0,0.0,0.0,0.0,0.0,0.0,0.0,0.0,0.0,0.0,-2.0202894,-1.2586641,-0.6560907,-0.26253933,50.0,50.0,50.0,50.0,50.0,50.0,50.0,50.0,50.0,50.0,50.0,50.0,0.0,0.0,0.0,0.0,1.0,1.0,1.0,1.0,1.0,1.0,1.0,1.0,1.0,1.0,1.0,1.0,0.5,0.5,0.5,0.5
1788446254.8492367,325,14.93388299968501,5.874136000784347,10685264,1,0.0,0.0,0.0,-0.035189867,0.557902,-1.2699605,0.026227778,0.67905664,-1.3648689,-0.06259617,0.6025038,-1.2204528,0.009792209,0.72016215,-1.3291835,27.026299,31.595812,-44.46564,-6.304357,-0.03100419,-0.038755238,0.036396224,0.0038755238,0.038755238,0.0080880495,-0.038755238,-0.019377619,0.028308174,0.046506286,0.03100419,-0.022242136,-0.038755238,0.0,-0.065883905,-0.038755238,-0.017759154,0.5565388,-1.1468956,-0.00011214381,0.6713637,-1.222389,-0.017331097,0.6141787,-1.0887104,-0.015556529,0.72906446,-1.2088852,0.0,0.0,0.0,0.0,0.0,0.0,0.0,0.0,0.0,0.0,0.0,0.0,0.0,0.0,0.0,0.0,-1.9844544,-1.1781244,-0.7378161,-0.2528089,50.0,50.0,50.0,50.0,50.0,50.0,50.0,50.0,50.0,50.0,50.0,50.0,0.0,0.0,0.0,0.0,1.0,1.0,1.0,1.0,1.0,1.0,1.0,1.0,1.0,1.0,1.0,1.0,0.5,0.5,0.5,0.5
1788446254.8848097,326,26.53419000125723,11.601938000239898,10685287,1,0.0,0.0,0.0,-0.03512931,0.5578717,-1.2699763,0.026288334,0.67845106,-1.3646793,-0.06268701,0.60238266,-1.2204686,0.00973165,0.7203438,-1.3291835,27.026237,31.59575,-44.46561,-6.304357,0.08526152,-0.038755238,0.030330187,0.038755238,-0.0077510476,-0.02426415,-0.015502095,-0.054257333,0.030330187,-0.027128667,0.054257333,-0.02426415,-0.046506286,0.0,-0.05813286,-0.011626571,-0.016173793,0.55611587,-1.1462189,4.403619e-05,0.6805372,-1.2282634,-0.017257027,0.6143747,-1.0843097,-0.01673277,0.7319743,-1.2106128,0.0,0.0,0.0,0.0,0.0,0.0,0.0,0.0,0.0,0.0,0.0,0.0,0.0,0.0,0.0,0.0,-1.9513708,-1.1804876,-0.7458034,-0.22689052,50.0,50.0,50.0,50.0,50.0,50.0,50.0,50.0,50.0,50.0,50.0,50.0,0.0,0.0,0.0,0.0,1.0,1.0,1.0,1.0,1.0,1.0,1.0,1.0,1.0,1.0,1.0,1.0,0.5,0.5,0.5,0.5
1788446254.9031825,327,17.648136999923736,5.849847999343183,10685316,1,0.0,0.0,0.0,-0.035250425,0.5579927,-1.2699605,0.0261975,0.6782391,-1.3647741,-0.06259617,0.6025038,-1.2204528,0.009792209,0.71973825,-1.3291835,27.026178,31.59572,-44.46588,-6.304357,-0.019377619,0.03100419,-0.0020220124,0.038755238,0.04263076,-0.0020220124,-0.038755238,-0.12401676,0.0020220124,-0.05813286,0.038755238,-0.0060660373,0.0,-0.05813286,-0.05813286,-0.054257333,-0.015183641,0.5530781,-1.1529826,0.0013360423,0.68072325,-1.2258465,-0.01872645,0.6085792,-1.0883865,-0.018546304,0.7341085,-1.2089772,0.0,0.0,0.0,0.0,0.0,0.0,0.0,0.0,0.0,0.0,0.0,0.0,0.0,0.0,0.0,0.0,-1.9428871,-1.1543946,-0.7238728,-0.2803885,50.0,50.0,50.0,50.0,50.0,50.0,50.0,50.0,50.0,50.0,50.0,50.0,0.0,0.0,0.0,0.0,1.0,1.0,1.0,1.0,1.0,1.0,1.0,1.0,1.0,1.0,1.0,1.0,0.5,0.5,0.5,0.5
1788446254.921303,328,15.258490000633174,5.902200000491575,10685338,1,0.0,0.0,0.0,-0.035220146,0.5579624,-1.2699447,0.0261975,0.67875385,-1.3648689,-0.06256589,0.60256433,-1.2204212,0.009822488,0.7197685,-1.3291992,27.026148,31.59572,-44.46588,-6.304327,-0.015502095,-0.046506286,0.028308174,0.0038755238,0.03100419,-0.02426415,-0.06975943,-0.04263076,0.026286162,-0.06200838,-0.065883905,-0.032352198,-0.027128667,0.0077510476,-0.038755238,0.0077510476,-0.015848758,0.5586553,-1.1537526,0.000117795076,0.68247056,-1.2274244,-0.017593361,0.6106213,-1.0864869,-0.018670952,0.7327165,-1.2032944,0.0,0.0,0.0,0.0,0.0,0.0,0.0,0.0,0.0,0.0,0.0,0.0,0.0,0.0,0.0,0.0,-1.960875,-1.0735427,-0.70474875,-0.26324907,50.0,50.0,50.0,50.0,50.0,50.0,50.0,50.0,50.0,50.0,50.0,50.0,0.0,0.0,0.0,0.0,1.0,1.0,1.0,1.0,1.0,1.0,1.0,1.0,1.0,1.0,1.0,1.0,0.5,0.5,0.5,0.5
1788446254.94131,329,14.950459999454324,5.898072000491084,10685358,1,0.0,0.0,0.0,-0.035189867,0.557902,-1.2699921,0.026167223,0.6788144,-1.3648531,-0.06259617,0.6022918,-1.2204369,0.009701371,0.7199199,-1.3291992,27.026148,31.59569,-44.465794,-6.304357,-0.0077510476,0.019377619,-0.014154087,-0.077510476,0.046506286,-0.0485283,0.015502095,0.011626571,0.02426415,-0.13951886,0.03100419,-0.016176099,-0.08526152,-0.015502095,0.027128667,0.011626571,-0.015461457,0.5564509,-1.1582186,0.001841892,0.6777179,-1.2216344,-0.02011412,0.60935515,-1.094544,-0.018508757,0.7340426,-1.2038579,0.0,0.0,0.0,0.0,0.0,0.0,0.0,0.0,0.0,0.0,0.0,0.0,0.0,0.0,0.0,0.0,-2.0516791,-1.2528358,-0.7265374,-0.3959428,50.0,50.0,50.0,50.0,50.0,50.0,50.0,50.0,50.0,50.0,50.0,50.0,0.0,0.0,0.0,0.0,1.0,1.0,1.0,1.0,1.0,1.0,1.0,1.0,1.0,1.0,1.0,1.0,0.5,0.5,0.5,0.5
1788446254.9612398,330,14.329535000797478,5.8848240005318075,10685378,1,0.0,0.0,0.0,-0.035159588,0.558023,-1.2699763,0.026227778,0.6788144,-1.3648531,-0.06256589,0.60226154,-1.2204369,0.0097619295,0.71985936,-1.3291519,27.026056,31.59572,-44.46585,-6.304327,0.034879714,-0.05038181,0.016176099,0.054257333,0.034879714,-0.020220125,-0.0077510476,-0.08526152,0.016176099,-0.04263076,0.05038181,0.0,-0.05038181,0.038755238,0.027128667,0.05038181,-0.017118832,0.55417943,-1.1504728,0.0013298052,0.68059474,-1.2273314,-0.018832665,0.610597,-1.0893574,-0.01805667,0.73349965,-1.209415,0.0,0.0,0.0,0.0,0.0,0.0,0.0,0.0,0.0,0.0,0.0,0.0,0.0,0.0,0.0,0.0,-2.057812,-1.1953363,-0.7301427,-0.31529668,50.0,50.0,50.0,50.0,50.0,50.0,50.0,50.0,50.0,50.0,50.0,50.0,0.0,0.0,0.0,0.0,1.0,1.0,1.0,1.0,1.0,1.0,1.0,1.0,1.0,1.0,1.0,1.0,0.5,0.5,0.5,0.5
1788446254.9813473,331,14.367615000082878,4.709375998572796,10685398,1,0.0,0.0,0.0,-0.035189867,0.558023,-1.2699921,0.026227778,0.6785419,-1.3647741,-0.06268701,0.60226154,-1.2204844,0.0097619295,0.71988964,-1.3291992,27.025845,31.595633,-44.465824,-6.3045087,0.0,0.054257333,0.030330187,0.038755238,-0.023253143,-0.0060660373,0.0077510476,-0.0038755238,0.0060660373,0.011626571,0.0,-0.082902506,-0.046506286,0.05038181,0.015502095,-0.0077510476,-0.015665594,0.54949456,-1.1499524,0.0010772576,0.6814162,-1.2260474,-0.018873567,0.61053586,-1.0877318,-0.017369581,0.7352451,-1.2129979,0.0,0.0,0.0,0.0,0.0,0.0,0.0,0.0,0.0,0.0,0.0,0.0,0.0,0.0,0.0,0.0,-2.0380094,-1.2859375,-0.7065165,-0.29577655,50.0,50.0,50.0,50.0,50.0,50.0,50.0,50.0,50.0,50.0,50.0,50.0,0.0,0.0,0.0,0.0,1.0,1.0,1.0,1.0,1.0,1.0,1.0,1.0,1.0,1.0,1.0,1.0,0.5,0.5,0.5,0.5
1788446255.0030022,332,15.955348999341368,4.616608999640448,10685418,1,0.0,0.0,0.0,-0.035220146,0.557902,-1.2699605,0.026227778,0.6787236,-1.3648374,-0.06268701,0.60226154,-1.2204528,0.0097619295,0.7199199,-1.3291992,27.025602,31.595602,-44.46591,-6.3045692,0.023253143,-0.05813286,0.016176099,0.046506286,0.0077510476,0.010110063,-0.09301257,-0.06200838,0.018198112,-0.027128667,0.09301257,-0.020220125,-0.038755238,-0.023253143,-0.077510476,-0.015502095,-0.016198935,0.55235654,-1.1486893,0.0018894975,0.6774095,-1.2242554,-0.018071618,0.6097014,-1.0888915,-0.017129552,0.7336501,-1.210957,0.0,0.0,0.0,0.0,0.0,0.0,0.0,0.0,0.0,0.0,0.0,0.0,0.0,0.0,0.0,0.0,-2.003627,-1.229892,-0.7139626,-0.22758907,50.0,50.0,50.0,50.0,50.0,50.0,50.0,50.0,50.0,50.0,50.0,50.0,0.0,0.0,0.0,0.0,1.0,1.0,1.0,1.0,1.0,1.0,1.0,1.0,1.0,1.0,1.0,1.0,0.5,0.5,0.5,0.5
1788446255.023305,333,16.190836000532727,4.621889000191004,10685438,1,0.0,0.0,0.0,-0.035159588,0.5575992,-1.2699605,0.026227778,0.6788144,-1.3648216,-0.06265673,0.60223126,-1.2204528,0.009792209,0.7200713,-1.3292308,27.025541,31.59551,-44.46588,-6.3045387,0.0,0.019377619,0.020220125,-0.0077510476,0.09301257,0.022242136,-0.027128667,-0.08913705,-0.0020220124,0.023253143,0.08526152,-0.020220125,-0.0077510476,-0.019377619,-0.038755238,0.038755238,-0.015416491,0.5520883,-1.1483215,0.0011394699,0.6730399,-1.2256235,-0.017721262,0.6112062,-1.088945,-0.016085945,0.7300378,-1.2117239,0.0,0.0,0.0,0.0,0.0,0.0,0.0,0.0,0.0,0.0,0.0,0.0,0.0,0.0,0.0,0.0,-1.9727132,-1.2046515,-0.757383,-0.21192756,50.0,50.0,50.0,50.0,50.0,50.0,50.0,50.0,50.0,50.0,50.0,50.0,0.0,0.0,0.0,0.0,1.0,1.0,1.0,1.0,1.0,1.0,1.0,1.0,1.0,1.0,1.0,1.0,0.5,0.5,0.5,0.5
1788446255.0445209,334,17.334828999082674,6.085111001084442,10685458,1,0.0,0.0,0.0,-0.03512931,0.55765975,-1.2699605,0.026258055,0.678663,-1.3648216,-0.06262645,0.602201,-1.2204369,0.009701371,0.7199805,-1.329215,27.02551,31.595572,-44.46588,-6.3045087,0.06975943,0.019377619,0.02426415,-0.0038755238,0.08526152,-0.020220125,0.011626571,-0.038755238,0.03437421,-0.04263076,-0.0038755238,-0.016176099,0.0038755238,0.09301257,-0.038755238,-0.019377619,-0.015415961,0.55480486,-1.1526823,0.0011327057,0.6773245,-1.2266259,-0.017656704,0.60946745,-1.0853972,-0.016474057,0.7328219,-1.2097433,0.0,0.0,0.0,0.0,0.0,0.0,0.0,0.0,0.0,0.0,0.0,0.0,0.0,0.0,0.0,0.0,-1.9281838,-1.0933627,-0.79679894,-0.26011467,50.0,50.0,50.0,50.0,50.0,50.0,50.0,50.0,50.0,50.0,50.0,50.0,0.0,0.0,0.0,0.0,1.0,1.0,1.0,1.0,1.0,1.0,1.0,1.0,1.0,1.0,1.0,1.0,0.5,0.5,0.5,0.5
1788446255.0652578,335,17.278508999879705,5.971767999653821,10685478,1,0.0,0.0,0.0,-0.03512931,0.55765975,-1.2699763,0.026288334,0.67832994,-1.3648374,-0.062535614,0.60226154,-1.2204528,0.009822488,0.71973825,-1.329215,27.02551,31.595541,-44.466003,-6.304478,-0.0077510476,0.0,-0.0080880495,0.05038181,0.05813286,0.0,0.038755238,-0.015502095,0.016176099,-0.034879714,0.0,-0.0060660373,0.03100419,0.019377619,-0.05813286,0.05813286,-0.013558008,0.552689,-1.159708,0.0026368,0.68330634,-1.219162,-0.020631108,0.60385484,-1.0849991,-0.018536596,0.7401114,-1.2115631,0.0,0.0,0.0,0.0,0.0,0.0,0.0,0.0,0.0,0.0,0.0,0.0,0.0,0.0,0.0,0.0,-1.9313123,-1.0980039,-0.75555754,-0.2452874,50.0,50.0,50.0,50.0,50.0,50.0,50.0,50.0,50.0,50.0,50.0,50.0,0.0,0.0,0.0,0.0,1.0,1.0,1.0,1.0,1.0,1.0,1.0,1.0,1.0,1.0,1.0,1.0,0.5,0.5,0.5,0.5
1788446255.0852637,336,16.917454999202164,5.971544000203721,10685500,1,0.0,0.0,0.0,-0.035159588,0.557902,-1.2699763,0.026227778,0.6784208,-1.3648374,-0.062384218,0.6023221,-1.2204369,0.010095,0.71967775,-1.3291992,27.02551,31.595541,-44.465942,-6.3045387,0.05038181,-0.038755238,0.0020220124,0.027128667,0.027128667,0.0080880495,0.0077510476,-0.03100419,0.010110063,-0.015502095,-0.07363495,0.0040440247,0.011626571,-0.015502095,0.0038755238,0.05813286,-0.013804438,0.5577568,-1.1614704,0.0014185035,0.6838224,-1.2206947,-0.019271765,0.6042626,-1.0813677,-0.018529486,0.74024236,-1.2109705,0.0,0.0,0.0,0.0,0.0,0.0,0.0,0.0,0.0,0.0,0.0,0.0,0.0,0.0,0.0,0.0,-1.9671676,-1.1294543,-0.7493487,-0.16072378,50.0,50.0,50.0,50.0,50.0,50.0,50.0,50.0,50.0,50.0,50.0,50.0,0.0,0.0,0.0,0.0,1.0,1.0,1.0,1.0,1.0,1.0,1.0,1.0,1.0,1.0,1.0,1.0,0.5,0.5,0.5,0.5
1788446255.1044774,337,16.0604049997346,4.825343999982579,10685520,1,0.0,0.0,0.0,-0.03512931,0.557902,-1.2700078,0.026258055,0.678663,-1.3647741,-0.06232366,0.60198903,-1.2204369,0.010306954,0.71988964,-1.3291992,27.02551,31.59551,-44.46585,-6.30466,-0.034879714,-0.027128667,0.012132075,0.0,0.046506286,-0.020220125,-0.03100419,-0.019377619,0.020220125,-0.027128667,0.034879714,0.010110063,-0.054257333,-0.04263076,0.027128667,0.0077510476,-0.01348356,0.5580987,-1.1642652,0.0017508785,0.6772536,-1.2195022,-0.01940019,0.60623854,-1.0849231,-0.018748594,0.7352402,-1.2069093,0.0,0.0,0.0,0.0,0.0,0.0,0.0,0.0,0.0,0.0,0.0,0.0,0.0,0.0,0.0,0.0,-2.0619595,-1.2280303,-0.7513869,-0.28792608,50.0,50.0,50.0,50.0,50.0,50.0,50.0,50.0,50.0,50.0,50.0,50.0,0.0,0.0,0.0,0.0,1.0,1.0,1.0,1.0,1.0,1.0,1.0,1.0,1.0,1.0,1.0,1.0,0.5,0.5,0.5,0.5
1788446255.13125,338,22.199212000487023,7.410062000417383,10685540,1,0.0,0.0,0.0,-0.034523726,0.5587497,-1.2700078,0.026742496,0.6785722,-1.3647741,-0.060930908,0.60238266,-1.2204844,0.012244701,0.71967775,-1.3292466,27.025452,31.595541,-44.465824,-6.3045993,0.023253143,-0.015502095,0.016176099,0.03100419,-0.03100419,0.010110063,0.13176781,0.096888095,0.032352198,0.20540276,-0.027128667,-0.0080880495,-0.03100419,0.065883905,-0.038755238,0.027128667,-0.006013319,0.54808605,-1.193184,0.004304414,0.7023042,-1.2019395,-0.026690716,0.58034104,-1.0673169,-0.029004224,0.76054853,-1.2104033,0.0,0.0,0.0,0.0,0.0,0.0,0.0,0.0,0.0,0.0,0.0,0.0,0.0,0.0,0.0,0.0,-2.123516,-1.1915381,-0.75891525,-0.4721247,50.0,50.0,50.0,50.0,50.0,50.0,50.0,50.0,50.0,50.0,50.0,50.0,0.0,0.0,0.0,0.0,1.0,1.0,1.0,1.0,1.0,1.0,1.0,1.0,1.0,1.0,1.0,1.0,0.5,0.5,0.5,0.5
1788446255.1512046,339,19.089535999228247,7.845963000363554,10685562,1,0.0,0.0,0.0,-0.03367603,0.5604452,-1.2700078,0.028074708,0.67599857,-1.3648531,-0.057782054,0.60347265,-1.2213848,0.016816616,0.71686196,-1.3290412,27.02533,31.59548,-44.46534,-6.3050838,0.0038755238,0.0038755238,0.030330187,0.05038181,-0.162772,-0.050550308,0.15114543,-0.0077510476,-0.06268239,0.21315381,-0.21702933,0.05863836,-0.08913705,0.06200838,0.011626571,-0.05038181,-0.0034482428,0.55136865,-1.2070241,0.004895408,0.7073841,-1.1865623,-0.028049977,0.5714113,-1.0539824,-0.031564094,0.7755636,-1.2252096,0.0,0.0,0.0,0.0,0.0,0.0,0.0,0.0,0.0,0.0,0.0,0.0,0.0,0.0,0.0,0.0,-2.0901537,-1.1838635,-0.6024884,-0.3957462,50.0,50.0,50.0,50.0,50.0,50.0,50.0,50.0,50.0,50.0,50.0,50.0,0.0,0.0,0.0,0.0,1.0,1.0,1.0,1.0,1.0,1.0,1.0,1.0,1.0,1.0,1.0,1.0,0.5,0.5,0.5,0.5
1788446255.167249,340,14.774236999073764,4.9357749994669575,10685584,1,0.0,0.0,0.0,-0.031586885,0.56047547,-1.2705923,0.030375801,0.6749995,-1.3646319,-0.053634018,0.60080826,-1.2219851,0.022084892,0.714682,-1.3283304,27.025269,31.595026,-44.46534,-6.3085656,0.13564333,-0.05813286,0.012132075,0.18214962,-0.077510476,0.016176099,0.17052305,0.046506286,0.026286162,0.2092783,-0.038755238,0.012132075,-0.03100419,-0.1472699,0.054257333,-0.44180974,-0.0051287008,0.56494945,-1.2037024,0.0027692239,0.6916625,-1.196858,-0.021686284,0.5839171,-1.0425382,-0.023834342,0.7585288,-1.2278426,0.0,0.0,0.0,0.0,0.0,0.0,0.0,0.0,0.0,0.0,0.0,0.0,0.0,0.0,0.0,0.0,-2.3171678,-1.0989665,-0.60124016,-0.3584792,50.0,50.0,50.0,50.0,50.0,50.0,50.0,50.0,50.0,50.0,50.0,50.0,0.0,0.0,0.0,0.0,1.0,1.0,1.0,1.0,1.0,1.0,1.0,1.0,1.0,1.0,1.0,1.0,0.5,0.5,0.5,0.5
1788446255.1872346,341,14.296192999609048,4.689889001383563,10685604,1,0.0,0.0,0.0,-0.028044343,0.56120217,-1.271082,0.03367605,0.6742122,-1.3637474,-0.048698783,0.6005055,-1.2221115,0.028019309,0.7152875,-1.3280934,27.0253,31.59012,-44.462097,-6.3192534,0.23253144,0.027128667,0.0080880495,0.2596601,0.019377619,0.0485283,0.27128667,-0.015502095,0.014154087,0.3410461,0.12401676,0.0040440247,-0.06200838,-0.3759258,0.23253144,-0.80610895,-0.0028188583,0.5676391,-1.1976266,0.0052082413,0.68286353,-1.2150009,-0.016449515,0.59761155,-1.0413159,-0.020426432,0.7450286,-1.2261337,0.0,0.0,0.0,0.0,0.0,0.0,0.0,0.0,0.0,0.0,0.0,0.0,0.0,0.0,0.0,0.0,-2.5202153,-1.0778617,-0.7056366,-0.4995276,50.0,50.0,50.0,50.0,50.0,50.0,50.0,50.0,50.0,50.0,50.0,50.0,0.0,0.0,0.0,0.0,1.0,1.0,1.0,1.0,1.0,1.0,1.0,1.0,1.0,1.0,1.0,1.0,0.5,0.5,0.5,0.5
1788446255.2081304,342,15.123003000553581,4.789792001247406,10685623,1,0.0,0.0,0.0,-0.022897243,0.5631702,-1.2713349,0.038914062,0.6717597,-1.363542,-0.042068005,0.6010808,-1.2231699,0.035921752,0.7148939,-1.3278881,27.024483,31.582308,-44.458828,-6.3334537,0.38367686,-0.0077510476,-0.018198112,0.3720503,-0.034879714,0.028308174,0.32941952,0.034879714,-0.10312264,0.4573118,-0.0038755238,0.016176099,-0.13564333,-0.36817476,0.10463915,-0.70146984,-0.0019658618,0.5618012,-1.1982105,0.01283394,0.6866321,-1.2100966,-0.014618097,0.59969914,-1.0483773,-0.021256413,0.74618137,-1.2191724,0.0,0.0,0.0,0.0,0.0,0.0,0.0,0.0,0.0,0.0,0.0,0.0,0.0,0.0,0.0,0.0,-2.5912735,-0.7533817,-0.6494057,-0.5927558,50.0,50.0,50.0,50.0,50.0,50.0,50.0,50.0,50.0,50.0,50.0,50.0,0.0,0.0,0.0,0.0,1.0,1.0,1.0,1.0,1.0,1.0,1.0,1.0,1.0,1.0,1.0,1.0,0.5,0.5,0.5,0.5
1788446255.229375,343,16.2971709996782,5.9378800015110755,10685644,1,0.0,0.0,0.0,-0.016357303,0.564018,-1.2717772,0.045030124,0.6688834,-1.3637156,-0.034438074,0.60268545,-1.2253972,0.043975532,0.7121084,-1.3255817,27.020304,31.575708,-44.458496,-6.3488045,0.28291324,-0.034879714,-0.052572325,0.32941952,-0.17439857,-0.016176099,0.28678876,-0.0077510476,-0.15569495,0.36817476,-0.20152724,0.21837734,-0.3759258,-0.2945398,-0.0038755238,-0.7557271,7.778441e-05,0.5647117,-1.208588,0.018171187,0.6920343,-1.2021744,-0.0141175985,0.5968239,-1.0494752,-0.018581238,0.7484113,-1.2086073,0.0,0.0,0.0,0.0,0.0,0.0,0.0,0.0,0.0,0.0,0.0,0.0,0.0,0.0,0.0,0.0,-2.6122904,-0.41865692,-0.43709633,-0.5900112,50.0,50.0,50.0,50.0,50.0,50.0,50.0,50.0,50.0,50.0,50.0,50.0,0.0,0.0,0.0,0.0,1.0,1.0,1.0,1.0,1.0,1.0,1.0,1.0,1.0,1.0,1.0,1.0,0.5,0.5,0.5,0.5
1788446255.251125,344,17.97655200061854,7.971851000547758,10685664,1,0.0,0.0,0.0,-0.012966156,0.5645025,-1.2723932,0.049268976,0.6656134,-1.3630364,-0.028049499,0.6036543,-1.2287936,0.049758554,0.7082631,-1.3207794,27.011583,31.571318,-44.45901,-6.360764,0.13176781,0.03100419,-0.0080880495,0.14339438,-0.17439857,0.10716666,0.32166848,0.015502095,-0.15367295,0.2286559,-0.23253144,0.23657545,-0.5580754,-0.24415801,-0.06975943,-0.6239593,0.003806347,0.5678588,-1.2173715,0.022556366,0.6902265,-1.1955884,-0.014582552,0.595646,-1.0499861,-0.017454835,0.7471316,-1.2055875,0.0,0.0,0.0,0.0,0.0,0.0,0.0,0.0,0.0,0.0,0.0,0.0,0.0,0.0,0.0,0.0,-2.8102148,-0.24830875,-0.3597829,-0.55810046,50.0,50.0,50.0,50.0,50.0,50.0,50.0,50.0,50.0,50.0,50.0,50.0,0.0,0.0,0.0,0.0,1.0,1.0,1.0,1.0,1.0,1.0,1.0,1.0,1.0,1.0,1.0,1.0,0.5,0.5,0.5,0.5
1788446255.2712688,345,18.042119998426642,5.886585000553168,10685683,1,0.0,0.0,0.0,-0.010392547,0.56583464,-1.2738308,0.051570073,0.66140485,-1.3602405,-0.023144543,0.60362405,-1.2303733,0.053422153,0.70469034,-1.3152821,26.999018,31.566656,-44.458706,-6.3767505,0.1782741,0.08913705,-0.12334275,0.13951886,-0.2790377,0.18804716,0.28678876,0.0077510476,-0.0080880495,0.10463915,-0.19377619,0.28308174,-0.6355859,-0.15502095,-0.0038755238,-0.90687263,0.0028448794,0.56909794,-1.2132616,0.024793867,0.6870439,-1.1988826,-0.011570493,0.60244745,-1.0527686,-0.01576274,0.737985,-1.2079742,0.0,0.0,0.0,0.0,0.0,0.0,0.0,0.0,0.0,0.0,0.0,0.0,0.0,0.0,0.0,0.0,-2.8878016,-0.21232563,-0.21311921,-0.6072022,50.0,50.0,50.0,50.0,50.0,50.0,50.0,50.0,50.0,50.0,50.0,50.0,0.0,0.0,0.0,0.0,1.0,1.0,1.0,1.0,1.0,1.0,1.0,1.0,1.0,1.0,1.0,1.0,0.5,0.5,0.5,0.5
1788446255.2913375,346,17.357549000735162,7.846923001125106,10685704,1,0.0,0.0,0.0,-0.009211779,0.5667732,-1.2762477,0.053326167,0.65531904,-1.3561015,-0.01999569,0.6029277,-1.2309577,0.05396712,0.70157176,-1.3095005,26.9873,31.563627,-44.458282,-6.3939786,0.0038755238,0.0,-0.15165094,0.12401676,-0.325544,0.23657545,0.07363495,-0.14339438,0.0080880495,-0.07363495,-0.20540276,0.31341195,-0.67434114,-0.15889648,-0.011626571,-0.8758684,-0.002357821,0.5679773,-1.1952546,0.025622811,0.6740882,-1.2087941,-0.0074564237,0.61766243,-1.0652211,-0.010779079,0.7167622,-1.2035205,0.0,0.0,0.0,0.0,0.0,0.0,0.0,0.0,0.0,0.0,0.0,0.0,0.0,0.0,0.0,0.0,-2.8807325,-0.25016665,-0.0342522,-0.6375641,50.0,50.0,50.0,50.0,50.0,50.0,50.0,50.0,50.0,50.0,50.0,50.0,0.0,0.0,0.0,0.0,1.0,1.0,1.0,1.0,1.0,1.0,1.0,1.0,1.0,1.0,1.0,1.0,0.5,0.5,0.5,0.5
1788446255.311382,347,17.000271000142675,5.979032001050655,10685725,1,0.0,0.0,0.0,-0.009211779,0.56737876,-1.2784909,0.053417,0.6489002,-1.3533213,-0.01854238,0.60120183,-1.2309736,0.052301884,0.6983321,-1.3031026,26.97074,31.56048,-44.458282,-6.414749,-0.019377619,0.0077510476,-0.101100616,-0.03100419,-0.3100419,0.12940879,0.023253143,-0.325544,-0.0040440247,-0.027128667,-0.12014124,0.23050943,-0.8797439,-0.162772,-0.054257333,-1.1200264,-0.008094346,0.56779605,-1.1721013,0.026344761,0.6593206,-1.2207105,-0.0024694018,0.6340214,-1.0855983,-0.004722325,0.69384617,-1.1857436,0.0,0.0,0.0,0.0,0.0,0.0,0.0,0.0,0.0,0.0,0.0,0.0,0.0,0.0,0.0,0.0,-2.662099,-0.2689427,0.11870997,-0.6154823,50.0,50.0,50.0,50.0,50.0,50.0,50.0,50.0,50.0,50.0,50.0,50.0,0.0,0.0,0.0,0.0,1.0,1.0,1.0,1.0,1.0,1.0,1.0,1.0,1.0,1.0,1.0,1.0,0.5,0.5,0.5,0.5
1788446255.3311787,348,16.096596998977475,5.906488000618992,10685746,1,0.0,0.0,0.0,-0.009484291,0.5673182,-1.2792017,0.053598665,0.6429355,-1.3512045,-0.017906547,0.5983255,-1.2311,0.051090777,0.6953346,-1.2983636,26.953814,31.559206,-44.458466,-6.4345503,-0.0077510476,-0.08526152,0.0040440247,0.011626571,-0.12789229,0.16378301,-0.027128667,-0.23640695,-0.016176099,-0.077510476,-0.038755238,0.27701572,-1.0153872,0.0,-0.019377619,-1.0541425,-0.011440194,0.5624276,-1.1529049,0.026803248,0.64557946,-1.2364504,0.0018786644,0.64591616,-1.1035274,0.00067531015,0.6713723,-1.1650485,0.0,0.0,0.0,0.0,0.0,0.0,0.0,0.0,0.0,0.0,0.0,0.0,0.0,0.0,0.0,0.0,-2.2938993,-0.34942794,0.17387964,-0.51436114,50.0,50.0,50.0,50.0,50.0,50.0,50.0,50.0,50.0,50.0,50.0,50.0,0.0,0.0,0.0,0.0,1.0,1.0,1.0,1.0,1.0,1.0,1.0,1.0,1.0,1.0,1.0,1.0,0.5,0.5,0.5,0.5
1788446255.3513272,349,16.164021000804496,4.0926120000222,10685765,1,0.0,0.0,0.0,-0.010210872,0.5671668,-1.2790754,0.053356446,0.6382728,-1.3498619,-0.018421263,0.59623635,-1.231716,0.0502733,0.690793,-1.292961,26.937737,31.559206,-44.458252,-6.4495983,-0.05813286,-0.09301257,0.0,-0.03100419,-0.10463915,0.070770435,-0.06975943,-0.10851467,0.030330187,-0.12014124,-0.034879714,0.28105974,-0.7673537,0.015502095,-0.03100419,-0.5658265,-0.011880196,0.5545363,-1.1445878,0.027139466,0.64672506,-1.2412694,0.0012706253,0.6493831,-1.1182833,0.0033259245,0.6605212,-1.1482552,0.0,0.0,0.0,0.0,0.0,0.0,0.0,0.0,0.0,0.0,0.0,0.0,0.0,0.0,0.0,0.0,-1.7737305,-0.6223295,0.21893966,-0.33442852,50.0,50.0,50.0,50.0,50.0,50.0,50.0,50.0,50.0,50.0,50.0,50.0,0.0,0.0,0.0,0.0,1.0,1.0,1.0,1.0,1.0,1.0,1.0,1.0,1.0,1.0,1.0,1.0,0.5,0.5,0.5,0.5
1788446255.3752408,350,20.00584999950661,6.025208000210114,10685785,1,0.0,0.0,0.0,-0.011543155,0.5654713,-1.2786014,0.052478395,0.633822,-1.3488824,-0.019662648,0.59460133,-1.2321899,0.04803276,0.68213356,-1.2888854,26.92402,31.559057,-44.46231,-6.457925,-0.046506286,-0.11626572,0.04044025,-0.08913705,-0.046506286,0.026286162,-0.07363495,-0.09301257,0.020220125,-0.11239019,-0.26741114,0.12940879,-0.80223346,0.023253143,-0.20540276,-0.3720503,-0.013657793,0.55757785,-1.1391578,0.023560442,0.64508885,-1.2442687,0.0039195195,0.6526496,-1.128252,0.006721321,0.65624326,-1.137745,0.0,0.0,0.0,0.0,0.0,0.0,0.0,0.0,0.0,0.0,0.0,0.0,0.0,0.0,0.0,0.0,-1.2945712,-1.0723304,0.17166407,-0.15949316,50.0,50.0,50.0,50.0,50.0,50.0,50.0,50.0,50.0,50.0,50.0,50.0,0.0,0.0,0.0,0.0,1.0,1.0,1.0,1.0,1.0,1.0,1.0,1.0,1.0,1.0,1.0,1.0,0.5,0.5,0.5,0.5
1788446255.421289,351,37.8881310007273,7.026961999144987,10685814,1,0.0,0.0,0.0,-0.015176415,0.5622014,-1.2780012,0.048966203,0.6312484,-1.3489139,-0.02365926,0.59148276,-1.2323953,0.04330945,0.6756239,-1.2852678,26.911697,31.55836,-44.467762,-6.4612856,-0.19377619,-0.096888095,0.02426415,-0.11626572,0.023253143,-0.020220125,-0.17052305,-0.08913705,0.0,-0.15889648,-0.19377619,0.036396224,-0.2790377,-0.015502095,-0.21702933,-0.011626571,-0.008167001,0.54777277,-1.1662381,0.022470938,0.65940833,-1.2234124,-0.004352253,0.627764,-1.1218626,-0.0015510684,0.67981744,-1.1435817,0.0,0.0,0.0,0.0,0.0,0.0,0.0,0.0,0.0,0.0,0.0,0.0,0.0,0.0,0.0,0.0,-0.9426302,-1.6873585,0.22178638,-0.04427839,50.0,50.0,50.0,50.0,50.0,50.0,50.0,50.0,50.0,50.0,50.0,50.0,0.0,0.0,0.0,0.0,1.0,1.0,1.0,1.0,1.0,1.0,1.0,1.0,1.0,1.0,1.0,1.0,0.5,0.5,0.5,0.5
1788446255.4372602,352,15.126779000638635,4.740383999887854,10685851,1,0.0,0.0,0.0,-0.024017453,0.56065714,-1.2740203,0.04082155,0.6289473,-1.3500671,-0.029260606,0.5916039,-1.2325059,0.038071454,0.67153645,-1.2848097,26.910366,31.555544,-44.476448,-6.4609523,-0.23640695,-0.0038755238,0.2466855,-0.14339438,-0.038755238,-0.050550308,-0.077510476,0.054257333,0.020220125,-0.081386,-0.03100419,-0.0060660373,-0.038755238,0.0,-0.32166848,0.054257333,-0.006590969,0.5461504,-1.1914389,0.01789368,0.6691074,-1.208157,-0.008359427,0.6031359,-1.0999169,-0.011492126,0.7000617,-1.1630379,0.0,0.0,0.0,0.0,0.0,0.0,0.0,0.0,0.0,0.0,0.0,0.0,0.0,0.0,0.0,0.0,-0.687147,-2.2845602,0.27720207,-0.07513134,50.0,50.0,50.0,50.0,50.0,50.0,50.0,50.0,50.0,50.0,50.0,50.0,0.0,0.0,0.0,0.0,1.0,1.0,1.0,1.0,1.0,1.0,1.0,1.0,1.0,1.0,1.0,1.0,0.5,0.5,0.5,0.5
1788446255.4572742,353,14.887196999552543,4.106245000002673,10685874,1,0.0,0.0,0.0,-0.026621342,0.5567514,-1.2712716,0.037672684,0.62876564,-1.3500514,-0.031137824,0.5918158,-1.2324269,0.036648393,0.674322,-1.2848887,26.910942,31.553244,-44.481567,-6.4610734,-0.16664752,-0.3100419,0.060660373,-0.162772,0.05038181,-0.044484273,-0.023253143,0.03100419,0.052572325,-0.17052305,0.23640695,-0.012132075,0.0,-0.32941952,-0.10463915,-0.011626571,-0.009412701,0.5624979,-1.1876024,0.011306273,0.66033846,-1.2108831,-0.0054567857,0.60688835,-1.0771228,-0.010913738,0.6966274,-1.1903139,0.0,0.0,0.0,0.0,0.0,0.0,0.0,0.0,0.0,0.0,0.0,0.0,0.0,0.0,0.0,0.0,-0.6934986,-3.0396845,0.111065924,-0.16012758,50.0,50.0,50.0,50.0,50.0,50.0,50.0,50.0,50.0,50.0,50.0,50.0,0.0,0.0,0.0,0.0,1.0,1.0,1.0,1.0,1.0,1.0,1.0,1.0,1.0,1.0,1.0,1.0,0.5,0.5,0.5,0.5
1788446255.4772468,354,14.316609000161407,3.557672000169987,10685894,1,0.0,0.0,0.0,-0.030436277,0.55547976,-1.271082,0.033736605,0.63024926,-1.3498144,-0.034014195,0.58933306,-1.2320478,0.033196747,0.67686534,-1.2852521,26.911154,31.541769,-44.48072,-6.4615884,-0.26353562,-0.038755238,-0.022242136,-0.19377619,0.13564333,-0.050550308,-0.2945398,-0.15889648,0.0020220124,-0.21315381,0.023253143,-0.0060660373,-0.038755238,-0.9146236,0.08526152,-0.04263076,-0.0155495545,0.5722387,-1.1704156,0.002756056,0.63434803,-1.2306663,-0.0009434265,0.6233295,-1.0730431,-0.0038274303,0.6791405,-1.1993309,0.0,0.0,0.0,0.0,0.0,0.0,0.0,0.0,0.0,0.0,0.0,0.0,0.0,0.0,0.0,0.0,-0.7962209,-3.5278223,-0.19039747,-0.3152193,50.0,50.0,50.0,50.0,50.0,50.0,50.0,50.0,50.0,50.0,50.0,50.0,0.0,0.0,0.0,0.0,1.0,1.0,1.0,1.0,1.0,1.0,1.0,1.0,1.0,1.0,1.0,1.0,0.5,0.5,0.5,0.5
1788446255.499157,355,16.15611700071895,4.988223001419101,10685914,1,0.0,0.0,0.0,-0.03391826,0.55820465,-1.2710505,0.03049691,0.6326412,-1.3498144,-0.037314445,0.58791,-1.2313054,0.02947259,0.6772286,-1.2860419,26.911032,31.518576,-44.47966,-6.465252,-0.08526152,0.023253143,0.030330187,-0.05038181,0.24028248,-0.018198112,-0.08526152,-0.046506286,0.02426415,-0.1782741,0.06975943,-0.0020220124,-0.05038181,-1.6509732,0.15114543,-0.13951886,-0.021047747,0.56740254,-1.1370921,-0.00067193713,0.6212836,-1.2538898,0.003447981,0.63835365,-1.0809535,0.00022843061,0.6631233,-1.2026733,0.0,0.0,0.0,0.0,0.0,0.0,0.0,0.0,0.0,0.0,0.0,0.0,0.0,0.0,0.0,0.0,-0.89457846,-3.5133693,-0.67843807,-0.21980014,50.0,50.0,50.0,50.0,50.0,50.0,50.0,50.0,50.0,50.0,50.0,50.0,0.0,0.0,0.0,0.0,1.0,1.0,1.0,1.0,1.0,1.0,1.0,1.0,1.0,1.0,1.0,1.0,0.5,0.5,0.5,0.5
1788446255.5192223,356,16.15141199908976,5.926903999352362,10685933,1,0.0,0.0,0.0,-0.035220146,0.56038463,-1.2708609,0.02937664,0.6344578,-1.3500829,-0.03891915,0.58797055,-1.2311947,0.027807355,0.6760175,-1.2864527,26.910942,31.486479,-44.48163,-6.466796,-0.07363495,-0.046506286,0.028308174,0.0,0.33717057,-0.038418237,-0.027128667,0.011626571,0.0040440247,-0.10076362,0.054257333,0.0,-0.07363495,-1.6470976,-0.14339438,0.023253143,-0.020604825,0.5590656,-1.1265154,0.0015631686,0.62392706,-1.2563511,0.00094081415,0.6406368,-1.0928243,0.0006416901,0.66231346,-1.1921817,0.0,0.0,0.0,0.0,0.0,0.0,0.0,0.0,0.0,0.0,0.0,0.0,0.0,0.0,0.0,0.0,-0.997349,-3.386848,-1.036624,-0.23925537,50.0,50.0,50.0,50.0,50.0,50.0,50.0,50.0,50.0,50.0,50.0,50.0,0.0,0.0,0.0,0.0,1.0,1.0,1.0,1.0,1.0,1.0,1.0,1.0,1.0,1.0,1.0,1.0,0.5,0.5,0.5,0.5
1788446255.5392244,357,16.08309199946234,6.488659999376978,10685954,1,0.0,0.0,0.0,-0.035704613,0.559113,-1.2692497,0.029285809,0.6380306,-1.350383,-0.03934303,0.58903027,-1.2311789,0.026929319,0.67153645,-1.2866106,26.9107,31.459414,-44.48659,-6.466372,-0.04263076,-0.10463915,0.06874842,0.096888095,0.2751622,-0.02426415,0.0077510476,0.05813286,0.0,0.015502095,-0.21702933,-0.030330187,0.019377619,-1.472699,-0.52707124,0.07363495,-0.015875747,0.55794126,-1.140477,0.0033941162,0.6416294,-1.2450428,-0.0017891303,0.6297478,-1.0958807,-0.0015070904,0.67539775,-1.170803,0.0,0.0,0.0,0.0,0.0,0.0,0.0,0.0,0.0,0.0,0.0,0.0,0.0,0.0,0.0,0.0,-0.8891232,-3.0289648,-1.026645,-0.26330766,50.0,50.0,50.0,50.0,50.0,50.0,50.0,50.0,50.0,50.0,50.0,50.0,0.0,0.0,0.0,0.0,1.0,1.0,1.0,1.0,1.0,1.0,1.0,1.0,1.0,1.0,1.0,1.0,0.5,0.5,0.5,0.5
1788446255.5606806,358,17.465835000621155,6.855089999589836,10685974,1,0.0,0.0,0.0,-0.035553217,0.557902,-1.2677963,0.02952803,0.6429658,-1.3503989,-0.03925219,0.5908772,-1.2312263,0.027110994,0.6705676,-1.2863895,26.910608,31.433344,-44.496525,-6.4656453,0.027128667,-0.05813286,0.13345282,0.038755238,0.27128667,-0.014154087,-0.019377619,0.10463915,0.0060660373,0.06975943,-0.06975943,-0.016176099,0.046506286,-1.3409312,-0.68984324,-0.0077510476,-0.009134171,0.5570114,-1.1582894,0.0078674,0.65302587,-1.2248065,-0.0067330822,0.617409,-1.096182,-0.0062340507,0.68985707,-1.1656928,0.0,0.0,0.0,0.0,0.0,0.0,0.0,0.0,0.0,0.0,0.0,0.0,0.0,0.0,0.0,0.0,-0.90724516,-2.8459823,-0.92875254,-0.22538331,50.0,50.0,50.0,50.0,50.0,50.0,50.0,50.0,50.0,50.0,50.0,50.0,0.0,0.0,0.0,0.0,1.0,1.0,1.0,1.0,1.0,1.0,1.0,1.0,1.0,1.0,1.0,1.0,0.5,0.5,0.5,0.5
1788446255.5812716,359,16.870703000677167,5.441626999527216,10685996,1,0.0,0.0,0.0,-0.035341263,0.5577203,-1.2674172,0.029558307,0.64883965,-1.3502567,-0.038828313,0.593148,-1.2312738,0.027807355,0.67256594,-1.2856628,26.910759,31.407457,-44.51251,-6.46613,0.034879714,0.054257333,0.032352198,-0.054257333,0.18214962,0.0020220124,-0.011626571,0.11626572,-0.0080880495,0.10076362,0.046506286,-0.036396224,-0.015502095,-1.2324166,-0.81386006,-0.027128667,-0.0075463415,0.5630118,-1.1641057,0.0075300974,0.66020316,-1.2212044,-0.0071779294,0.61447525,-1.087643,-0.008002339,0.6935818,-1.174498,0.0,0.0,0.0,0.0,0.0,0.0,0.0,0.0,0.0,0.0,0.0,0.0,0.0,0.0,0.0,0.0,-0.9876908,-2.600356,-0.88065505,-0.17416435,50.0,50.0,50.0,50.0,50.0,50.0,50.0,50.0,50.0,50.0,50.0,50.0,0.0,0.0,0.0,0.0,1.0,1.0,1.0,1.0,1.0,1.0,1.0,1.0,1.0,1.0,1.0,1.0,0.5,0.5,0.5,0.5
1788446255.6013086,360,16.45323399861809,5.946840999968117,10686015,1,0.0,0.0,0.0,-0.035220146,0.5575992,-1.2675278,0.029709695,0.65371436,-1.3499724,-0.03864664,0.59423804,-1.2312738,0.028170705,0.67471564,-1.2854258,26.91079,31.383142,-44.52262,-6.46613,0.0038755238,-0.081386,-0.0060660373,-0.015502095,0.17052305,-0.020220125,-0.0038755238,-0.019377619,0.0,0.08526152,-0.05813286,0.0060660373,-0.03100419,-1.2479186,-0.43018317,-0.0038755238,-0.008786313,0.5746335,-1.1605917,0.0051993583,0.65972453,-1.2269927,-0.0045222957,0.6230653,-1.0765867,-0.006489521,0.68847966,-1.1809351,0.0,0.0,0.0,0.0,0.0,0.0,0.0,0.0,0.0,0.0,0.0,0.0,0.0,0.0,0.0,0.0,-1.0130321,-2.4290576,-0.82461417,-0.10698868,50.0,50.0,50.0,50.0,50.0,50.0,50.0,50.0,50.0,50.0,50.0,50.0,0.0,0.0,0.0,0.0,1.0,1.0,1.0,1.0,1.0,1.0,1.0,1.0,1.0,1.0,1.0,1.0,0.5,0.5,0.5,0.5
1788446255.6212618,361,16.306002999044722,5.959288000667584,10686036,1,0.0,0.0,0.0,-0.035250425,0.5577506,-1.2675436,0.029739972,0.6587707,-1.3499092,-0.03864664,0.59457105,-1.2312263,0.028231263,0.6752606,-1.2855206,26.91067,31.360403,-44.528255,-6.466917,-0.046506286,-0.096888095,0.022242136,0.023253143,0.23640695,0.026286162,0.0077510476,0.0077510476,0.02426415,-0.054257333,0.081386,0.026286162,-0.081386,-1.36806,-0.25578457,-0.1472699,-0.013497852,0.57999015,-1.1449388,0.0022839033,0.6503558,-1.2461336,-0.00033962354,0.6364162,-1.0766588,-0.002032029,0.6748037,-1.183838,0.0,0.0,0.0,0.0,0.0,0.0,0.0,0.0,0.0,0.0,0.0,0.0,0.0,0.0,0.0,0.0,-1.2155606,-2.2061563,-0.9072565,-0.12254724,50.0,50.0,50.0,50.0,50.0,50.0,50.0,50.0,50.0,50.0,50.0,50.0,0.0,0.0,0.0,0.0,1.0,1.0,1.0,1.0,1.0,1.0,1.0,1.0,1.0,1.0,1.0,1.0,0.5,0.5,0.5,0.5
1788446255.6444926,362,19.467742000415456,6.585684001038317,10686056,1,0.0,0.0,0.0,-0.03503847,0.5578717,-1.2675594,0.029800527,0.66270673,-1.3499565,-0.03894943,0.5952674,-1.2311631,0.027867913,0.6754422,-1.285726,26.910427,31.339724,-44.532978,-6.4683404,0.0038755238,-0.05038181,-0.018198112,-0.011626571,0.25190905,-0.022242136,-0.12789229,0.0038755238,-0.0020220124,-0.10851467,0.10851467,-0.020220125,-0.015502095,-1.1510305,-0.39917895,0.015502095,-0.015948942,0.57788885,-1.1394111,0.002682879,0.64753747,-1.2484401,-0.0006026444,0.6414093,-1.087441,-0.0011968575,0.6713342,-1.1794279,0.0,0.0,0.0,0.0,0.0,0.0,0.0,0.0,0.0,0.0,0.0,0.0,0.0,0.0,0.0,0.0,-1.2670738,-1.8778658,-1.0236447,-0.070863515,50.0,50.0,50.0,50.0,50.0,50.0,50.0,50.0,50.0,50.0,50.0,50.0,0.0,0.0,0.0,0.0,1.0,1.0,1.0,1.0,1.0,1.0,1.0,1.0,1.0,1.0,1.0,1.0,0.5,0.5,0.5,0.5
1788446255.6634238,363,18.240549999973155,5.983479999486008,10686076,1,0.0,0.0,0.0,-0.034917355,0.55769,-1.2674488,0.03001247,0.66555285,-1.3501778,-0.039100796,0.5965694,-1.2311631,0.027565122,0.6741706,-1.2857891,26.909548,31.319895,-44.541637,-6.468401,0.0038755238,-0.019377619,0.0,0.011626571,0.2945398,-0.020220125,-0.046506286,0.0038755238,-0.014154087,-0.046506286,0.0,0.014154087,-0.10851467,-0.85261524,-0.577453,0.015502095,-0.01566453,0.5671837,-1.1389781,0.0044407393,0.6558651,-1.246568,-0.004185293,0.63379145,-1.0886252,-0.002056118,0.6807871,-1.1788473,0.0,0.0,0.0,0.0,0.0,0.0,0.0,0.0,0.0,0.0,0.0,0.0,0.0,0.0,0.0,0.0,-1.3534008,-1.538356,-1.0870868,-0.11115162,50.0,50.0,50.0,50.0,50.0,50.0,50.0,50.0,50.0,50.0,50.0,50.0,0.0,0.0,0.0,0.0,1.0,1.0,1.0,1.0,1.0,1.0,1.0,1.0,1.0,1.0,1.0,1.0,0.5,0.5,0.5,0.5
1788446255.6851623,364,19.13827200041851,4.928158999973675,10686095,1,0.0,0.0,0.0,-0.034887075,0.55762947,-1.2674172,0.030133579,0.6676723,-1.3501778,-0.03925219,0.5982044,-1.2311947,0.027353168,0.6731109,-1.2857575,26.907671,31.306845,-44.550903,-6.4681587,0.06200838,0.0,-0.0040440247,0.038755238,0.16664752,-0.030330187,-0.038755238,0.06975943,0.0020220124,0.015502095,-0.08526152,-0.030330187,-0.081386,-0.5658265,-0.6045817,0.04263076,-0.013470656,0.5665636,-1.1488562,0.0054801353,0.6649212,-1.2332786,-0.0056644287,0.62601656,-1.0845945,-0.002728099,0.6907812,-1.1801617,0.0,0.0,0.0,0.0,0.0,0.0,0.0,0.0,0.0,0.0,0.0,0.0,0.0,0.0,0.0,0.0,-1.3607428,-1.256062,-0.95579076,-0.0048622116,50.0,50.0,50.0,50.0,50.0,50.0,50.0,50.0,50.0,50.0,50.0,50.0,0.0,0.0,0.0,0.0,1.0,1.0,1.0,1.0,1.0,1.0,1.0,1.0,1.0,1.0,1.0,1.0,0.5,0.5,0.5,0.5
1788446255.701296,365,14.823261000856292,4.821343998628436,10686118,1,0.0,0.0,0.0,-0.03509903,0.5574478,-1.2673856,0.030073024,0.66985226,-1.350241,-0.03928247,0.60011184,-1.2311947,0.027474284,0.67398894,-1.285726,26.90543,31.299246,-44.564102,-6.4682193,0.034879714,0.054257333,0.014154087,-0.027128667,0.05813286,-0.016176099,-0.023253143,0.03100419,0.0060660373,0.019377619,-0.027128667,-0.012132075,-0.11239019,-0.23640695,-0.6162083,0.0,-0.011031076,0.5689981,-1.1608491,0.005956044,0.66693723,-1.2212353,-0.007514255,0.6208388,-1.079902,-0.003043273,0.6951921,-1.1837771,0.0,0.0,0.0,0.0,0.0,0.0,0.0,0.0,0.0,0.0,0.0,0.0,0.0,0.0,0.0,0.0,-1.3923627,-1.0690346,-0.8766209,-0.007605981,50.0,50.0,50.0,50.0,50.0,50.0,50.0,50.0,50.0,50.0,50.0,50.0,0.0,0.0,0.0,0.0,1.0,1.0,1.0,1.0,1.0,1.0,1.0,1.0,1.0,1.0,1.0,1.0,0.5,0.5,0.5,0.5
1788446255.7252724,366,18.314117998670554,7.273232000443386,10686137,1,0.0,0.0,0.0,-0.035280704,0.5577203,-1.2674013,0.030073024,0.6710028,-1.3501146,-0.039131075,0.6017468,-1.2311947,0.027807355,0.67489725,-1.285726,26.904583,31.295973,-44.57379,-6.46831,-0.03100419,-0.0077510476,0.016176099,0.05813286,0.03100419,0.030330187,0.019377619,0.077510476,-0.014154087,0.023253143,0.065883905,-0.016176099,0.019377619,-0.1472699,-0.45343632,0.019377619,-0.013072431,0.5744823,-1.153826,0.005080082,0.6624546,-1.2239289,-0.0048479857,0.6280589,-1.0798956,-0.0020719822,0.687808,-1.1863396,0.0,0.0,0.0,0.0,0.0,0.0,0.0,0.0,0.0,0.0,0.0,0.0,0.0,0.0,0.0,0.0,-1.4621854,-0.9603524,-0.8481158,0.038700327,50.0,50.0,50.0,50.0,50.0,50.0,50.0,50.0,50.0,50.0,50.0,50.0,0.0,0.0,0.0,0.0,1.0,1.0,1.0,1.0,1.0,1.0,1.0,1.0,1.0,1.0,1.0,1.0,0.5,0.5,0.5,0.5
1788446255.742538,367,15.42210499974317,5.8388409997860435,10686158,1,0.0,0.0,0.0,-0.035159588,0.557902,-1.2674804,0.030103303,0.67136616,-1.3499408,-0.03925219,0.60223126,-1.2311631,0.027746797,0.67553306,-1.2857891,26.90422,31.29537,-44.57806,-6.4690366,-0.019377619,-0.06200838,0.032352198,-0.0038755238,0.038755238,-0.016176099,-0.0077510476,0.0077510476,0.016176099,-0.04263076,0.054257333,-0.06268239,0.0,0.08913705,-0.19377619,0.038755238,-0.015465975,0.5764229,-1.1426247,0.00363645,0.6599429,-1.2373158,-0.001965696,0.63729465,-1.0819627,2.8973445e-06,0.6771417,-1.1827824,0.0,0.0,0.0,0.0,0.0,0.0,0.0,0.0,0.0,0.0,0.0,0.0,0.0,0.0,0.0,0.0,-1.5376306,-0.788914,-0.8673363,-0.045699645,50.0,50.0,50.0,50.0,50.0,50.0,50.0,50.0,50.0,50.0,50.0,50.0,0.0,0.0,0.0,0.0,1.0,1.0,1.0,1.0,1.0,1.0,1.0,1.0,1.0,1.0,1.0,1.0,0.5,0.5,0.5,0.5
1788446255.7612886,368,14.101474000199232,5.150302000402007,10686177,1,0.0,0.0,0.0,-0.035008192,0.5581441,-1.2674645,0.030163858,0.67136616,-1.349925,-0.039403588,0.6028671,-1.2311631,0.027504563,0.67553306,-1.285805,26.903402,31.29537,-44.579906,-6.4688854,0.096888095,-0.038755238,0.020220125,-0.019377619,0.06200838,-0.010110063,-0.03100419,-0.054257333,-0.026286162,-0.08526152,0.019377619,0.0,-0.12014124,0.038755238,-0.17052305,0.0077510476,-0.015625881,0.5686459,-1.1383435,0.0062494515,0.6600478,-1.2416269,-0.0033883369,0.637175,-1.0924258,-0.0014668242,0.6760668,-1.1761416,0.0,0.0,0.0,0.0,0.0,0.0,0.0,0.0,0.0,0.0,0.0,0.0,0.0,0.0,0.0,0.0,-1.534962,-0.7285943,-0.86452913,-0.09744802,50.0,50.0,50.0,50.0,50.0,50.0,50.0,50.0,50.0,50.0,50.0,50.0,0.0,0.0,0.0,0.0,1.0,1.0,1.0,1.0,1.0,1.0,1.0,1.0,1.0,1.0,1.0,1.0,0.5,0.5,0.5,0.5
1788446255.7872245,369,19.262079000327503,6.142230999103049,10686197,1,0.0,0.0,0.0,-0.034977913,0.558568,-1.2673697,0.03025469,0.6714267,-1.3500671,-0.03937331,0.6040176,-1.2311473,0.027444005,0.6747459,-1.2857891,26.900103,31.29561,-44.584267,-6.468825,0.034879714,0.023253143,0.044484273,0.038755238,0.06200838,-0.038418237,-0.034879714,0.054257333,-0.0080880495,-0.038755238,0.038755238,-0.0020220124,-0.22478038,0.038755238,-0.39917895,0.023253143,-0.014015127,0.55763173,-1.1428925,0.009389766,0.6663394,-1.2314111,-0.007615218,0.62793106,-1.097916,-0.0048978236,0.6857967,-1.1748085,0.0,0.0,0.0,0.0,0.0,0.0,0.0,0.0,0.0,0.0,0.0,0.0,0.0,0.0,0.0,0.0,-1.5340972,-0.675829,-0.82492113,-0.12794134,50.0,50.0,50.0,50.0,50.0,50.0,50.0,50.0,50.0,50.0,50.0,50.0,0.0,0.0,0.0,0.0,1.0,1.0,1.0,1.0,1.0,1.0,1.0,1.0,1.0,1.0,1.0,1.0,0.5,0.5,0.5,0.5
1788446255.8067002,370,18.59750699986762,6.216597999809892,10686218,1,0.0,0.0,0.0,-0.035008192,0.5589011,-1.2673382,0.030406076,0.6714873,-1.3501146,-0.03937331,0.60562235,-1.2311789,0.027383447,0.6745037,-1.285726,26.89665,31.295732,-44.59435,-6.468855,0.034879714,-0.05813286,0.030330187,-0.04263076,0.038755238,0.0080880495,-0.027128667,0.15889648,0.014154087,-0.054257333,-0.015502095,-0.022242136,-0.15889648,0.03100419,-0.54257333,-0.0038755238,-0.014090757,0.56013024,-1.1488215,0.009969186,0.6647466,-1.2199159,-0.008603625,0.6244072,-1.0990051,-0.0050417455,0.690446,-1.1751212,0.0,0.0,0.0,0.0,0.0,0.0,0.0,0.0,0.0,0.0,0.0,0.0,0.0,0.0,0.0,0.0,-1.4758055,-0.69305205,-0.7660639,-0.092143975,50.0,50.0,50.0,50.0,50.0,50.0,50.0,50.0,50.0,50.0,50.0,50.0,0.0,0.0,0.0,0.0,1.0,1.0,1.0,1.0,1.0,1.0,1.0,1.0,1.0,1.0,1.0,1.0,0.5,0.5,0.5,0.5
1788446255.8233185,371,14.725373999681324,4.189731998849311,10686239,1,0.0,0.0,0.0,-0.03503847,0.5585983,-1.267354,0.030527188,0.67203224,-1.3500355,-0.039464146,0.6073785,-1.2312105,0.027353168,0.6752909,-1.2856628,26.895742,31.295763,-44.603737,-6.4688854,0.019377619,-0.027128667,0.0040440247,0.038755238,0.0,-0.030330187,-0.06975943,0.03100419,0.0020220124,-0.09301257,0.05813286,-0.0080880495,0.034879714,0.04263076,-0.40693003,0.065883905,-0.0144482935,0.56443024,-1.150813,0.008374071,0.6610797,-1.2182622,-0.0077779405,0.62738395,-1.0955987,-0.003643035,0.687219,-1.1762496,0.0,0.0,0.0,0.0,0.0,0.0,0.0,0.0,0.0,0.0,0.0,0.0,0.0,0.0,0.0,0.0,-1.4054674,-0.74524295,-0.66939104,-0.08191973,50.0,50.0,50.0,50.0,50.0,50.0,50.0,50.0,50.0,50.0,50.0,50.0,0.0,0.0,0.0,0.0,1.0,1.0,1.0,1.0,1.0,1.0,1.0,1.0,1.0,1.0,1.0,1.0,0.5,0.5,0.5,0.5
1788446255.8444593,372,15.546680999250384,6.876690000353847,10686260,1,0.0,0.0,0.0,-0.03509903,0.55862856,-1.2673697,0.030527188,0.6720928,-1.3498933,-0.039494425,0.6078326,-1.2312105,0.027353168,0.6758661,-1.2856628,26.895742,31.295763,-44.608067,-6.468976,-0.0038755238,0.0,0.020220125,0.0077510476,0.054257333,-0.014154087,0.06200838,-0.065883905,0.016176099,-0.0077510476,0.05813286,-0.0020220124,-0.011626571,0.05813286,-0.19377619,0.019377619,-0.016025558,0.569136,-1.1384363,0.0054182033,0.662293,-1.2360659,-0.0037962059,0.63694155,-1.0885438,-0.0012119422,0.67861086,-1.1790513,0.0,0.0,0.0,0.0,0.0,0.0,0.0,0.0,0.0,0.0,0.0,0.0,0.0,0.0,0.0,0.0,-1.365571,-0.7711965,-0.64043474,-0.027341116,50.0,50.0,50.0,50.0,50.0,50.0,50.0,50.0,50.0,50.0,50.0,50.0,0.0,0.0,0.0,0.0,1.0,1.0,1.0,1.0,1.0,1.0,1.0,1.0,1.0,1.0,1.0,1.0,0.5,0.5,0.5,0.5
1788446255.865318,373,16.338034998625517,7.859403998736525,10686280,1,0.0,0.0,0.0,-0.03503847,0.5591736,-1.2673856,0.030557465,0.6719414,-1.349846,-0.03964579,0.60822624,-1.2311947,0.02723205,0.6758661,-1.2856786,26.895742,31.295732,-44.610035,-6.4689155,0.038755238,-0.0038755238,0.022242136,0.05038181,-0.0038755238,0.0040440247,-0.054257333,0.0,0.026286162,-0.08913705,0.05813286,-0.032352198,-0.027128667,0.0,-0.17439857,0.06200838,-0.01489159,0.56425494,-1.1401628,0.006024922,0.6658857,-1.2349448,-0.004894684,0.6343484,-1.0910522,-0.0031377138,0.6823639,-1.1800618,0.0,0.0,0.0,0.0,0.0,0.0,0.0,0.0,0.0,0.0,0.0,0.0,0.0,0.0,0.0,0.0,-1.3299384,-0.84444356,-0.5989127,0.0005180761,50.0,50.0,50.0,50.0,50.0,50.0,50.0,50.0,50.0,50.0,50.0,50.0,0.0,0.0,0.0,0.0,1.0,1.0,1.0,1.0,1.0,1.0,1.0,1.0,1.0,1.0,1.0,1.0,0.5,0.5,0.5,0.5
1788446255.888146,374,19.099295999694732,5.941143999734777,10686299,1,0.0,0.0,0.0,-0.03503847,0.5594461,-1.2673066,0.030466633,0.67215335,-1.3500671,-0.039554983,0.6095282,-1.2311473,0.02723205,0.67520005,-1.2856786,26.895742,31.295702,-44.61315,-6.468855,0.05813286,0.0,0.0020220124,0.046506286,0.03100419,-0.028308174,-0.0077510476,-0.027128667,-0.0020220124,-0.07363495,0.034879714,0.012132075,0.019377619,-0.023253143,-0.22478038,0.038755238,-0.013418418,0.5632882,-1.1503904,0.006558006,0.67062134,-1.2309966,-0.006908252,0.6259447,-1.0902115,-0.004318461,0.6884741,-1.177649,0.0,0.0,0.0,0.0,0.0,0.0,0.0,0.0,0.0,0.0,0.0,0.0,0.0,0.0,0.0,0.0,-1.2353168,-0.86898553,-0.5460842,-0.026244149,50.0,50.0,50.0,50.0,50.0,50.0,50.0,50.0,50.0,50.0,50.0,50.0,0.0,0.0,0.0,0.0,1.0,1.0,1.0,1.0,1.0,1.0,1.0,1.0,1.0,1.0,1.0,1.0,0.5,0.5,0.5,0.5
1788446255.9072614,375,18.011496000326588,4.137635998631595,10686320,1,0.0,0.0,0.0,-0.03506875,0.559325,-1.2673224,0.030406076,0.67257726,-1.3500671,-0.039585263,0.6107695,-1.2311316,0.02726233,0.6753817,-1.285726,26.895773,31.295702,-44.61924,-6.4687943,-0.019377619,-0.038755238,-0.012132075,0.05038181,0.09301257,-0.020220125,-0.05038181,0.11626572,0.038418237,-0.03100419,0.03100419,-0.010110063,-0.023253143,0.038755238,-0.39530346,0.0,-0.014381882,0.56406426,-1.1493711,0.006268118,0.6596059,-1.2239635,-0.006486698,0.62727904,-1.0926275,-0.0033976375,0.6889335,-1.181627,0.0,0.0,0.0,0.0,0.0,0.0,0.0,0.0,0.0,0.0,0.0,0.0,0.0,0.0,0.0,0.0,-1.3499935,-0.9426426,-0.5787767,-0.0031843223,50.0,50.0,50.0,50.0,50.0,50.0,50.0,50.0,50.0,50.0,50.0,50.0,0.0,0.0,0.0,0.0,1.0,1.0,1.0,1.0,1.0,1.0,1.0,1.0,1.0,1.0,1.0,1.0,0.5,0.5,0.5,0.5
1788446255.9392498,376,23.99251200040453,7.212911999886273,10686344,1,0.0,0.0,0.0,-0.03503847,0.5592947,-1.2673382,0.030466633,0.67291033,-1.3500355,-0.03961554,0.6111026,-1.2311316,0.02729261,0.67580557,-1.2857102,26.895803,31.29561,-44.62511,-6.468855,-0.038755238,-0.054257333,-0.012132075,0.03100419,0.06200838,0.0,-0.09301257,-0.0077510476,0.014154087,-0.0038755238,0.08526152,0.0,-0.054257333,0.034879714,-0.13176781,0.05813286,-0.014716146,0.5690119,-1.1503433,0.0063572214,0.65510565,-1.2201997,-0.0063959323,0.63015884,-1.0899956,-0.0013987683,0.6848634,-1.178587,0.0,0.0,0.0,0.0,0.0,0.0,0.0,0.0,0.0,0.0,0.0,0.0,0.0,0.0,0.0,0.0,-1.390799,-0.8654566,-0.49395365,0.0047228113,50.0,50.0,50.0,50.0,50.0,50.0,50.0,50.0,50.0,50.0,50.0,50.0,0.0,0.0,0.0,0.0,1.0,1.0,1.0,1.0,1.0,1.0,1.0,1.0,1.0,1.0,1.0,1.0,0.5,0.5,0.5,0.5
1788446255.955315,377,14.708509999763919,4.207460000543506,10686371,1,0.0,0.0,0.0,-0.03503847,0.5591433,-1.267354,0.030466633,0.6716689,-1.3499408,-0.039524704,0.6111934,-1.2311631,0.027353168,0.67571473,-1.285726,26.895742,31.29555,-44.62687,-6.4689155,0.038755238,-0.054257333,0.018198112,0.03100419,0.07363495,0.0,0.027128667,-0.038755238,-0.020220125,0.0,-0.019377619,0.0,-0.038755238,-0.027128667,-0.054257333,-0.019377619,-0.014904789,0.57080984,-1.1439458,0.0044353786,0.66174614,-1.2329055,-0.003853512,0.63450307,-1.0804528,-0.0021271748,0.68347704,-1.1816404,0.0,0.0,0.0,0.0,0.0,0.0,0.0,0.0,0.0,0.0,0.0,0.0,0.0,0.0,0.0,0.0,-1.3670021,-0.8419405,-0.5094219,0.028994828,50.0,50.0,50.0,50.0,50.0,50.0,50.0,50.0,50.0,50.0,50.0,50.0,0.0,0.0,0.0,0.0,1.0,1.0,1.0,1.0,1.0,1.0,1.0,1.0,1.0,1.0,1.0,1.0,0.5,0.5,0.5,0.5
1788446255.9750717,378,14.273921000494738,5.404092000389937,10686392,1,0.0,0.0,0.0,-0.035008192,0.5591736,-1.267354,0.030466633,0.670912,-1.3498619,-0.039524704,0.61131454,-1.2311473,0.027504563,0.6753817,-1.285726,26.895712,31.29561,-44.627293,-6.4688854,0.03100419,0.03100419,0.014154087,0.0077510476,0.019377619,0.02426415,-0.015502095,-0.015502095,0.0,0.038755238,-0.038755238,-0.020220125,0.04263076,0.0038755238,-0.06975943,0.034879714,-0.01364183,0.56784165,-1.1483352,0.0054243007,0.6625768,-1.2321732,-0.0046977475,0.6326201,-1.0836985,-0.0030898242,0.6827723,-1.1792303,0.0,0.0,0.0,0.0,0.0,0.0,0.0,0.0,0.0,0.0,0.0,0.0,0.0,0.0,0.0,0.0,-1.3735602,-0.8127776,-0.47257954,-0.025664885,50.0,50.0,50.0,50.0,50.0,50.0,50.0,50.0,50.0,50.0,50.0,50.0,0.0,0.0,0.0,0.0,1.0,1.0,1.0,1.0,1.0,1.0,1.0,1.0,1.0,1.0,1.0,1.0,0.5,0.5,0.5,0.5
1788446255.9952168,379,14.350560000821133,4.212963998725172,10686411,1,0.0,0.0,0.0,-0.034947634,0.5591736,-1.2673382,0.030466633,0.67124504,-1.350004,-0.03931275,0.61155677,-1.2311,0.027807355,0.67520005,-1.285805,26.89565,31.29561,-44.627533,-6.4688854,-0.015502095,-0.019377619,-0.010110063,0.0,0.08526152,-0.0040440247,-0.015502095,-0.054257333,0.016176099,0.046506286,0.0,0.0,-0.019377619,0.038755238,-0.054257333,0.0038755238,-0.0130911525,0.5695744,-1.1507589,0.005668403,0.66381407,-1.2327541,-0.004981038,0.63076085,-1.084169,-0.003866952,0.68367124,-1.1742791,0.0,0.0,0.0,0.0,0.0,0.0,0.0,0.0,0.0,0.0,0.0,0.0,0.0,0.0,0.0,0.0,-1.4080186,-0.725755,-0.42036223,-0.03914591,50.0,50.0,50.0,50.0,50.0,50.0,50.0,50.0,50.0,50.0,50.0,50.0,0.0,0.0,0.0,0.0,1.0,1.0,1.0,1.0,1.0,1.0,1.0,1.0,1.0,1.0,1.0,1.0,0.5,0.5,0.5,0.5
1788446256.017296,380,16.3583240009757,6.579733000762644,10686431,1,0.0,0.0,0.0,-0.034796238,0.5591433,-1.267354,0.03061802,0.670912,-1.3499882,-0.039040267,0.61155677,-1.2311316,0.02835232,0.67489725,-1.285805,26.89565,31.29561,-44.627686,-6.468976,0.0,0.0,-0.014154087,0.0038755238,-0.06200838,0.038418237,0.0,0.015502095,-0.014154087,0.015502095,0.034879714,0.012132075,-0.03100419,0.027128667,-0.019377619,-0.019377619,-0.011661085,0.5649747,-1.1597135,0.00658738,0.67060816,-1.2243153,-0.007800215,0.62474144,-1.0836152,-0.0071027186,0.6930232,-1.1778351,0.0,0.0,0.0,0.0,0.0,0.0,0.0,0.0,0.0,0.0,0.0,0.0,0.0,0.0,0.0,0.0,-1.517836,-0.8374516,-0.37848625,-0.16793258,50.0,50.0,50.0,50.0,50.0,50.0,50.0,50.0,50.0,50.0,50.0,50.0,0.0,0.0,0.0,0.0,1.0,1.0,1.0,1.0,1.0,1.0,1.0,1.0,1.0,1.0,1.0,1.0,0.5,0.5,0.5,0.5
1788446256.0361671,381,15.09718000124849,4.094084999451297,10686452,1,0.0,0.0,0.0,-0.034523726,0.5592947,-1.2673382,0.030860242,0.6704881,-1.350004,-0.038313597,0.61155677,-1.2311631,0.029684544,0.67429173,-1.2857575,26.89562,31.29561,-44.627594,-6.4691577,0.0077510476,0.0,0.03437421,0.07363495,0.0077510476,-0.014154087,0.077510476,-0.023253143,-0.04044025,0.06200838,-0.054257333,0.012132075,-0.046506286,0.0,0.019377619,0.03100419,-0.010390246,0.56189513,-1.1671844,0.0071827597,0.67485493,-1.2177943,-0.009385269,0.61670417,-1.0769738,-0.008444547,0.70123726,-1.1856046,0.0,0.0,0.0,0.0,0.0,0.0,0.0,0.0,0.0,0.0,0.0,0.0,0.0,0.0,0.0,0.0,-1.5826638,-0.8674893,-0.33512935,-0.1980584,50.0,50.0,50.0,50.0,50.0,50.0,50.0,50.0,50.0,50.0,50.0,50.0,0.0,0.0,0.0,0.0,1.0,1.0,1.0,1.0,1.0,1.0,1.0,1.0,1.0,1.0,1.0,1.0,0.5,0.5,0.5,0.5
1788446256.0584795,382,17.33834900005604,4.162819999692147,10686471,1,0.0,0.0,0.0,-0.033887982,0.5594461,-1.2674172,0.031435512,0.6703973,-1.3499565,-0.036890537,0.61143565,-1.2311631,0.03128928,0.6740192,-1.2857891,26.89559,31.29555,-44.627354,-6.470187,0.1472699,-0.0038755238,-0.0080880495,0.081386,0.015502095,-0.028308174,0.11239019,-0.08526152,0.020220125,0.038755238,0.015502095,-0.056616347,-0.038755238,0.046506286,0.0,-0.12401676,-0.0083235875,0.56446874,-1.1747419,0.0076223384,0.6802066,-1.2167428,-0.008460154,0.615151,-1.0642258,-0.009542016,0.7063514,-1.1944417,0.0,0.0,0.0,0.0,0.0,0.0,0.0,0.0,0.0,0.0,0.0,0.0,0.0,0.0,0.0,0.0,-1.5511405,-0.92438924,-0.3419981,-0.17159806,50.0,50.0,50.0,50.0,50.0,50.0,50.0,50.0,50.0,50.0,50.0,50.0,0.0,0.0,0.0,0.0,1.0,1.0,1.0,1.0,1.0,1.0,1.0,1.0,1.0,1.0,1.0,1.0,0.5,0.5,0.5,0.5
1788446256.0790348,383,17.82077899952128,6.1621040003956296,10686492,1,0.0,0.0,0.0,-0.03282821,0.5594461,-1.2674645,0.03270717,0.6701853,-1.3498776,-0.03528583,0.6111026,-1.2311789,0.033923388,0.67414033,-1.2858207,26.89559,31.29537,-44.62696,-6.473942,0.023253143,-0.03100419,0.012132075,0.077510476,0.027128667,0.0080880495,0.06200838,-0.027128667,0.0080880495,0.13951886,0.027128667,0.010110063,0.03100419,0.019377619,0.023253143,-0.32941952,-0.010962432,0.57528794,-1.1718202,0.007679885,0.6610585,-1.220277,-0.0041286834,0.62705976,-1.0683426,-0.0041546347,0.6891096,-1.1870155,0.0,0.0,0.0,0.0,0.0,0.0,0.0,0.0,0.0,0.0,0.0,0.0,0.0,0.0,0.0,0.0,-1.5449483,-0.9859913,-0.3612715,-0.25499466,50.0,50.0,50.0,50.0,50.0,50.0,50.0,50.0,50.0,50.0,50.0,50.0,0.0,0.0,0.0,0.0,1.0,1.0,1.0,1.0,1.0,1.0,1.0,1.0,1.0,1.0,1.0,1.0,0.5,0.5,0.5,0.5
1788446256.1006038,384,18.582116999823484,6.012855999870226,10686512,1,0.0,0.0,0.0,-0.03067851,0.5597186,-1.2676226,0.03494771,0.67003393,-1.3498619,-0.03307557,0.61098146,-1.2311473,0.036618114,0.6747762,-1.2859945,26.89559,31.294764,-44.62684,-6.4810266,0.1782741,0.034879714,0.0040440247,0.15114543,0.054257333,0.0,0.12401676,-0.0077510476,0.02426415,0.162772,0.05813286,0.02426415,-0.0077510476,-0.05038181,-0.011626571,-0.43018317,-0.0125623485,0.57462144,-1.1540701,0.007696495,0.65158236,-1.2323037,0.0005164696,0.6388033,-1.0752009,-0.00022966973,0.6764031,-1.1845548,0.0,0.0,0.0,0.0,0.0,0.0,0.0,0.0,0.0,0.0,0.0,0.0,0.0,0.0,0.0,0.0,-1.699184,-0.8281599,-0.44638896,-0.23316719,50.0,50.0,50.0,50.0,50.0,50.0,50.0,50.0,50.0,50.0,50.0,50.0,0.0,0.0,0.0,0.0,1.0,1.0,1.0,1.0,1.0,1.0,1.0,1.0,1.0,1.0,1.0,1.0,0.5,0.5,0.5,0.5
1788446256.1192565,385,16.78561700100545,6.0222640004212735,10686533,1,0.0,0.0,0.0,-0.028286576,0.5603241,-1.267749,0.03761213,0.6667337,-1.3498302,-0.030138671,0.61113286,-1.2312105,0.03891921,0.67471564,-1.2858682,26.895166,31.293066,-44.62711,-6.489383,0.10851467,-0.019377619,-0.0040440247,0.10851467,0.0,-0.010110063,0.065883905,-0.05813286,-0.022242136,0.054257333,0.04263076,-0.022242136,-0.13951886,-0.0038755238,-0.054257333,-0.38367686,-0.013024939,0.57032937,-1.1488804,0.010966321,0.65540135,-1.233758,-0.00017997157,0.64029723,-1.0831724,0.00058452855,0.676761,-1.1784368,0.0,0.0,0.0,0.0,0.0,0.0,0.0,0.0,0.0,0.0,0.0,0.0,0.0,0.0,0.0,0.0,-1.7628306,-0.6633239,-0.45129046,-0.36854368,50.0,50.0,50.0,50.0,50.0,50.0,50.0,50.0,50.0,50.0,50.0,50.0,0.0,0.0,0.0,0.0,1.0,1.0,1.0,1.0,1.0,1.0,1.0,1.0,1.0,1.0,1.0,1.0,0.5,0.5,0.5,0.5
1788446256.1390293,386,16.10703000005742,4.77984100143658,10686554,1,0.0,0.0,0.0,-0.026803017,0.5599003,-1.2676542,0.038914062,0.66464454,-1.349846,-0.028170615,0.61143565,-1.2312738,0.040675282,0.67356503,-1.2856786,26.893078,31.293188,-44.62787,-6.4935613,0.12014124,-0.05813286,-0.0020220124,0.11239019,-0.10076362,-0.0040440247,0.06200838,0.011626571,0.020220125,0.03100419,0.038755238,0.0485283,-0.22478038,0.06200838,-0.046506286,-0.09301257,-0.010652112,0.5651081,-1.153566,0.014078604,0.6638189,-1.2266774,-0.0031761266,0.6336111,-1.0884353,-0.00082975905,0.6804994,-1.1702144,0.0,0.0,0.0,0.0,0.0,0.0,0.0,0.0,0.0,0.0,0.0,0.0,0.0,0.0,0.0,0.0,-1.710721,-0.5581681,-0.30724627,-0.30299294,50.0,50.0,50.0,50.0,50.0,50.0,50.0,50.0,50.0,50.0,50.0,50.0,0.0,0.0,0.0,0.0,1.0,1.0,1.0,1.0,1.0,1.0,1.0,1.0,1.0,1.0,1.0,1.0,0.5,0.5,0.5,0.5
1788446256.1566777,387,13.68861300034041,4.0200690000347095,10686573,1,0.0,0.0,0.0,-0.025834084,0.5596883,-1.2676067,0.039852668,0.6642207,-1.3498619,-0.027232021,0.6116173,-1.2313527,0.041734993,0.6726568,-1.2855364,26.889807,31.29325,-44.62847,-6.494137,0.12401676,-0.0038755238,-0.0080880495,0.0,-0.034879714,-0.0020220124,-0.015502095,-0.027128667,0.0060660373,0.011626571,-0.05038181,0.010110063,-0.25578457,0.038755238,-0.034879714,0.046506286,-0.0079477485,0.56743884,-1.1623775,0.01607506,0.66175026,-1.2193885,-0.0044822106,0.63104105,-1.0907807,-0.001471919,0.68307364,-1.1663043,0.0,0.0,0.0,0.0,0.0,0.0,0.0,0.0,0.0,0.0,0.0,0.0,0.0,0.0,0.0,0.0,-1.7135322,-0.6623253,-0.157469,-0.26147386,50.0,50.0,50.0,50.0,50.0,50.0,50.0,50.0,50.0,50.0,50.0,50.0,0.0,0.0,0.0,0.0,1.0,1.0,1.0,1.0,1.0,1.0,1.0,1.0,1.0,1.0,1.0,1.0,0.5,0.5,0.5,0.5
1788446256.1793194,388,16.257972998573678,6.015224000293529,10686594,1,0.0,0.0,0.0,-0.025864363,0.559113,-1.267591,0.03982239,0.66449314,-1.3498619,-0.027201742,0.6113751,-1.2314475,0.041734993,0.67199063,-1.2852678,26.887295,31.293219,-44.63053,-6.494137,0.03100419,-0.10851467,0.020220125,0.0,0.038755238,-0.032352198,0.0,-0.054257333,-0.02426415,-0.054257333,-0.077510476,-0.020220125,-0.12401676,-0.03100419,-0.04263076,0.03100419,-0.011250235,0.5730747,-1.1526749,0.013310358,0.6588117,-1.2301214,-0.0010410603,0.63851845,-1.0882022,0.0006121511,0.67616934,-1.1682864,0.0,0.0,0.0,0.0,0.0,0.0,0.0,0.0,0.0,0.0,0.0,0.0,0.0,0.0,0.0,0.0,-1.6944486,-0.72794175,-0.17356801,-0.32675818,50.0,50.0,50.0,50.0,50.0,50.0,50.0,50.0,50.0,50.0,50.0,50.0,0.0,0.0,0.0,0.0,1.0,1.0,1.0,1.0,1.0,1.0,1.0,1.0,1.0,1.0,1.0,1.0,0.5,0.5,0.5,0.5
1788446256.1993277,389,16.19541299987759,6.026295999618014,10686614,1,0.0,0.0,0.0,-0.025894642,0.5582652,-1.2676226,0.039671004,0.66397846,-1.3497987,-0.027716458,0.6104668,-1.2314317,0.04112947,0.6717484,-1.2852046,26.886145,31.293219,-44.630592,-6.494167,0.011626571,-0.08526152,0.020220125,0.0,-0.015502095,0.0,-0.038755238,-0.06975943,0.020220125,-0.046506286,0.077510476,-0.0040440247,-0.081386,0.0,0.0038755238,0.04263076,-0.01416598,0.5745737,-1.139235,0.011754246,0.64911854,-1.2411513,0.0031300443,0.6503062,-1.09601,0.004730845,0.6607903,-1.1680753,0.0,0.0,0.0,0.0,0.0,0.0,0.0,0.0,0.0,0.0,0.0,0.0,0.0,0.0,0.0,0.0,-1.6141465,-0.85198665,-0.14858234,-0.31609738,50.0,50.0,50.0,50.0,50.0,50.0,50.0,50.0,50.0,50.0,50.0,50.0,0.0,0.0,0.0,0.0,1.0,1.0,1.0,1.0,1.0,1.0,1.0,1.0,1.0,1.0,1.0,1.0,0.5,0.5,0.5,0.5
1788446256.2212114,390,18.011785999988206,5.95663300009619,10686634,1,0.0,0.0,0.0,-0.02665162,0.55765975,-1.2675436,0.038883787,0.663494,-1.3499092,-0.028776169,0.6098007,-1.2314001,0.039494455,0.67111254,-1.2852362,26.883873,31.293188,-44.630924,-6.494137,-0.046506286,-0.08526152,-0.02426415,-0.0077510476,0.011626571,-0.020220125,-0.12789229,-0.06975943,0.0080880495,-0.21315381,0.034879714,-0.020220125,-0.2596601,-0.019377619,-0.096888095,0.077510476,-0.01660601,0.57072705,-1.1281121,0.010626754,0.6464865,-1.2489412,0.0036989045,0.6560032,-1.1062856,0.0053598806,0.6555054,-1.1642942,0.0,0.0,0.0,0.0,0.0,0.0,0.0,0.0,0.0,0.0,0.0,0.0,0.0,0.0,0.0,0.0,-1.5782444,-0.9807658,-0.19319661,-0.36215764,50.0,50.0,50.0,50.0,50.0,50.0,50.0,50.0,50.0,50.0,50.0,50.0,0.0,0.0,0.0,0.0,1.0,1.0,1.0,1.0,1.0,1.0,1.0,1.0,1.0,1.0,1.0,1.0,0.5,0.5,0.5,0.5
1788446256.2420702,391,18.113513000571402,5.893080999157974,10686654,1,0.0,0.0,0.0,-0.02849853,0.5568725,-1.267275,0.037279077,0.66270673,-1.3500514,-0.03125894,0.6088923,-1.2313843,0.03667867,0.66678286,-1.2852994,26.878786,31.293219,-44.632317,-6.4940763,-0.10851467,-0.023253143,0.0020220124,-0.077510476,-0.0077510476,-0.04044025,-0.17052305,-0.096888095,0.044484273,-0.22478038,-0.18990067,-0.028308174,-0.3759258,0.019377619,-0.15502095,0.034879714,-0.021449042,0.5714889,-1.1114147,0.0070723635,0.64341724,-1.2621977,0.005998816,0.6648862,-1.1157982,0.008711455,0.64463806,-1.154712,0.0,0.0,0.0,0.0,0.0,0.0,0.0,0.0,0.0,0.0,0.0,0.0,0.0,0.0,0.0,0.0,-1.4312897,-1.0852636,-0.2733405,-0.46110582,50.0,50.0,50.0,50.0,50.0,50.0,50.0,50.0,50.0,50.0,50.0,50.0,0.0,0.0,0.0,0.0,1.0,1.0,1.0,1.0,1.0,1.0,1.0,1.0,1.0,1.0,1.0,1.0,0.5,0.5,0.5,0.5
1788446256.2592895,392,14.889116999256657,6.038040000930778,10686675,1,0.0,0.0,0.0,-0.03179884,0.55551004,-1.266501,0.034039382,0.6629187,-1.3501778,-0.03634554,0.60713625,-1.2313211,0.030713975,0.66505706,-1.2853785,26.86831,31.293219,-44.63695,-6.4937735,-0.19377619,-0.10851467,0.056616347,-0.15889648,0.011626571,0.032352198,-0.28678876,-0.10851467,0.026286162,-0.39530346,0.027128667,-0.030330187,-0.53094673,0.09301257,-0.44568524,0.07363495,-0.024762776,0.5677151,-1.0941505,0.0053233183,0.635731,-1.2649761,0.0048731025,0.6714935,-1.1318583,0.010749703,0.6360849,-1.1512175,0.0,0.0,0.0,0.0,0.0,0.0,0.0,0.0,0.0,0.0,0.0,0.0,0.0,0.0,0.0,0.0,-1.3813,-1.1907742,-0.39667207,-0.4942964,50.0,50.0,50.0,50.0,50.0,50.0,50.0,50.0,50.0,50.0,50.0,50.0,0.0,0.0,0.0,0.0,1.0,1.0,1.0,1.0,1.0,1.0,1.0,1.0,1.0,1.0,1.0,1.0,0.5,0.5,0.5,0.5
1788446256.2792525,393,14.371842000400648,4.721568000604748,10686695,1,0.0,0.0,0.0,-0.03585601,0.5537236,-1.2644948,0.030163858,0.6633426,-1.3505411,-0.0418258,0.60640955,-1.2308946,0.025475979,0.664179,-1.2853785,26.858986,31.293188,-44.648273,-6.493168,-0.13951886,-0.08526152,0.11121068,-0.18214962,0.05813286,0.0060660373,-0.36817476,-0.08913705,0.032352198,-0.32166848,0.04263076,-0.046506286,-0.42630762,0.038755238,-0.85649073,0.07363495,-0.024554204,0.5601756,-1.0936407,0.004671983,0.6417764,-1.2570634,0.001222156,0.66549814,-1.139523,0.0070978273,0.6419821,-1.1475124,0.0,0.0,0.0,0.0,0.0,0.0,0.0,0.0,0.0,0.0,0.0,0.0,0.0,0.0,0.0,0.0,-1.1848888,-1.2477987,-0.46968275,-0.46698576,50.0,50.0,50.0,50.0,50.0,50.0,50.0,50.0,50.0,50.0,50.0,50.0,0.0,0.0,0.0,0.0,1.0,1.0,1.0,1.0,1.0,1.0,1.0,1.0,1.0,1.0,1.0,1.0,0.5,0.5,0.5,0.5
1788446256.3052373,394,20.284185999116744,6.046040000001085,10686716,1,0.0,0.0,0.0,-0.04021597,0.5506959,-1.2592343,0.0261975,0.6632215,-1.3506675,-0.04694268,0.6067426,-1.2292833,0.02066183,0.6640579,-1.2853626,26.850597,31.29325,-44.664745,-6.4930162,-0.19377619,-0.23253144,0.35385218,-0.162772,0.0077510476,-0.028308174,-0.34879714,-0.03100419,0.19006917,-0.25578457,0.07363495,-0.0060660373,-0.4185566,-0.011626571,-0.96500546,0.05038181,-0.024198558,0.5531423,-1.0953274,0.0018914961,0.6521451,-1.25072,-0.002357258,0.65359753,-1.1327846,0.0030294633,0.6520683,-1.1533537,0.0,0.0,0.0,0.0,0.0,0.0,0.0,0.0,0.0,0.0,0.0,0.0,0.0,0.0,0.0,0.0,-1.0173316,-1.3529122,-0.44847935,-0.5172426,50.0,50.0,50.0,50.0,50.0,50.0,50.0,50.0,50.0,50.0,50.0,50.0,0.0,0.0,0.0,0.0,1.0,1.0,1.0,1.0,1.0,1.0,1.0,1.0,1.0,1.0,1.0,1.0,0.5,0.5,0.5,0.5
1788446256.3244972,395,18.39069499874313,4.16922000113118,10686736,1,0.0,0.0,0.0,-0.044394255,0.5462148,-1.2525048,0.021292541,0.66367567,-1.3505569,-0.05175683,0.6064701,-1.2232015,0.015030205,0.66448176,-1.2853469,26.84436,31.293097,-44.683456,-6.4930468,-0.21702933,-0.30229086,0.40440246,-0.2092783,-0.015502095,0.022242136,-0.20152724,-0.046506286,0.36800626,-0.3100419,0.046506286,0.014154087,-0.2751622,0.0038755238,-0.97275645,0.0077510476,-0.023851123,0.5560688,-1.1006819,-0.0015658597,0.65527177,-1.2413133,-0.006578723,0.6438792,-1.1243095,0.0017871461,0.65961426,-1.1620861,0.0,0.0,0.0,0.0,0.0,0.0,0.0,0.0,0.0,0.0,0.0,0.0,0.0,0.0,0.0,0.0,-0.8780974,-1.6247573,-0.4595394,-0.49401236,50.0,50.0,50.0,50.0,50.0,50.0,50.0,50.0,50.0,50.0,50.0,50.0,0.0,0.0,0.0,0.0,1.0,1.0,1.0,1.0,1.0,1.0,1.0,1.0,1.0,1.0,1.0,1.0,0.5,0.5,0.5,0.5
1788446256.3430889,396,16.671761999532464,5.801369001346757,10686758,1,0.0,0.0,0.0,-0.047785282,0.53885734,-1.2438955,0.016932577,0.664917,-1.3505411,-0.054512084,0.6055618,-1.2148132,0.009489417,0.66508734,-1.2854258,26.840153,31.292734,-44.700714,-6.493168,-0.162772,-0.4185566,0.53987736,-0.12401676,0.038755238,-0.022242136,-0.08526152,-0.13564333,0.5520094,-0.2906643,-0.0038755238,0.0060660373,-0.13176781,-0.038755238,-1.0115118,0.0,-0.028087234,0.5677574,-1.0836902,-0.01020814,0.63969654,-1.2514892,-0.0021687183,0.6532289,-1.1213826,0.0069198078,0.6492706,-1.1710895,0.0,0.0,0.0,0.0,0.0,0.0,0.0,0.0,0.0,0.0,0.0,0.0,0.0,0.0,0.0,0.0,-0.8147159,-1.7846334,-0.66230464,-0.3163011,50.0,50.0,50.0,50.0,50.0,50.0,50.0,50.0,50.0,50.0,50.0,50.0,0.0,0.0,0.0,0.0,1.0,1.0,1.0,1.0,1.0,1.0,1.0,1.0,1.0,1.0,1.0,1.0,0.5,0.5,0.5,0.5
1788446256.3613052,397,14.519551999910618,5.868633999853046,10686777,1,0.0,0.0,0.0,-0.050328612,0.5303494,-1.2348439,0.013450661,0.66585565,-1.3504621,-0.05614707,0.6028974,-1.203708,0.0045844913,0.66641957,-1.2856628,26.839092,31.291433,-44.715977,-6.4935007,-0.10463915,-0.42630762,0.40440246,-0.14339438,0.162772,-0.018198112,-0.06200838,-0.17439857,0.647044,-0.2596601,0.096888095,-0.02426415,0.0077510476,-0.13564333,-0.7285985,0.019377619,-0.031898916,0.5695064,-1.0573928,-0.017429987,0.6193738,-1.2658222,0.00030932156,0.6655119,-1.1281986,0.014091788,0.63343424,-1.1761646,0.0,0.0,0.0,0.0,0.0,0.0,0.0,0.0,0.0,0.0,0.0,0.0,0.0,0.0,0.0,0.0,-1.0033356,-1.976733,-0.9498693,-0.07466072,50.0,50.0,50.0,50.0,50.0,50.0,50.0,50.0,50.0,50.0,50.0,50.0,0.0,0.0,0.0,0.0,1.0,1.0,1.0,1.0,1.0,1.0,1.0,1.0,1.0,1.0,1.0,1.0,0.5,0.5,0.5,0.5
1788446256.383262,398,16.375060000427766,5.988024000544101,10686798,1,0.0,0.0,0.0,-0.052841663,0.52220476,-1.2243073,0.010120133,0.6663704,-1.3505884,-0.057025105,0.60053575,-1.191876,-0.0017434955,0.66681314,-1.2860577,26.835762,31.287466,-44.732357,-6.493319,-0.06200838,-0.51156914,0.657154,-0.10076362,0.12401676,-0.028308174,0.027128667,-0.13176781,0.5237012,-0.40693003,0.015502095,-0.0485283,-0.41080552,-0.19765173,-1.0890222,0.0038755238,-0.03622004,0.5658439,-1.0324422,-0.021989457,0.61505866,-1.2764387,0.00023530517,0.6695888,-1.13307,0.016284091,0.63150454,-1.1799357,0.0,0.0,0.0,0.0,0.0,0.0,0.0,0.0,0.0,0.0,0.0,0.0,0.0,0.0,0.0,0.0,-1.3398474,-1.9602336,-1.2643089,0.08340541,50.0,50.0,50.0,50.0,50.0,50.0,50.0,50.0,50.0,50.0,50.0,50.0,0.0,0.0,0.0,0.0,1.0,1.0,1.0,1.0,1.0,1.0,1.0,1.0,1.0,1.0,1.0,1.0,0.5,0.5,0.5,0.5
1788446256.4032695,399,16.314611999405315,6.076472000131616,10686818,1,0.0,0.0,0.0,-0.05589974,0.51402974,-1.210706,0.0066079386,0.6673392,-1.3512361,-0.0554204,0.6033818,-1.1843567,-0.0071329474,0.66681314,-1.2865,26.827103,31.282804,-44.74816,-6.491351,-0.12789229,-0.48056495,0.7400566,-0.077510476,0.15114543,-0.012132075,0.23640695,0.21702933,0.33565408,-0.38755238,0.03100419,-0.038418237,-0.65883905,-0.16664752,-0.9882586,0.18602514,-0.034779925,0.5515461,-1.0306071,-0.023443393,0.6197913,-1.2591555,-0.0077018803,0.65637106,-1.1383927,0.014033352,0.6492231,-1.1874526,0.0,0.0,0.0,0.0,0.0,0.0,0.0,0.0,0.0,0.0,0.0,0.0,0.0,0.0,0.0,0.0,-1.8421912,-1.9823028,-1.1511827,0.20644623,50.0,50.0,50.0,50.0,50.0,50.0,50.0,50.0,50.0,50.0,50.0,50.0,0.0,0.0,0.0,0.0,1.0,1.0,1.0,1.0,1.0,1.0,1.0,1.0,1.0,1.0,1.0,1.0,0.5,0.5,0.5,0.5
1788446256.424264,400,17.238254000403685,5.118621998917661,10686837,1,0.0,0.0,0.0,-0.05877602,0.50643015,-1.1973892,0.0030049141,0.668732,-1.3524368,-0.049031854,0.61146593,-1.1798072,-0.013491213,0.6667526,-1.2867686,26.812933,31.279867,-44.770596,-6.487657,-0.13176781,-0.41468105,0.84722316,-0.21315381,0.05038181,-0.060660373,0.35267267,0.51544464,0.12940879,-0.2906643,-0.019377619,0.016176099,-1.0386404,-0.034879714,-1.1897858,0.18990067,-0.034021348,0.54359853,-1.0333618,-0.027556157,0.6265438,-1.2419246,-0.013805866,0.6455562,-1.1328676,0.012500944,0.67193323,-1.2059968,0.0,0.0,0.0,0.0,0.0,0.0,0.0,0.0,0.0,0.0,0.0,0.0,0.0,0.0,0.0,0.0,-2.440562,-2.0462232,-0.85820615,0.3618643,50.0,50.0,50.0,50.0,50.0,50.0,50.0,50.0,50.0,50.0,50.0,50.0,0.0,0.0,0.0,0.0,1.0,1.0,1.0,1.0,1.0,1.0,1.0,1.0,1.0,1.0,1.0,1.0,0.5,0.5,0.5,0.5
1788446256.4602792,401,26.271857999745407,6.48549300058221,10686861,1,0.0,0.0,0.0,-0.06271219,0.4998902,-1.1791121,-0.0015064385,0.67012477,-1.3525789,-0.039131075,0.6239705,-1.1783696,-0.019395292,0.66753983,-1.2874162,26.787317,31.277687,-44.795334,-6.483085,-0.15889648,-0.32941952,0.82902515,-0.15114543,0.10851467,0.018198112,0.48444048,0.5580754,0.11121068,-0.27128667,0.077510476,0.0,-1.2169144,-0.12789229,-1.2750474,0.12789229,-0.031110099,0.5420809,-1.0414782,-0.033336177,0.626945,-1.2254046,-0.017954333,0.6396496,-1.1205883,0.012483014,0.68576294,-1.2249244,0.0,0.0,0.0,0.0,0.0,0.0,0.0,0.0,0.0,0.0,0.0,0.0,0.0,0.0,0.0,0.0,-2.9584737,-2.2645998,-0.56590235,0.5505469,50.0,50.0,50.0,50.0,50.0,50.0,50.0,50.0,50.0,50.0,50.0,50.0,0.0,0.0,0.0,0.0,1.0,1.0,1.0,1.0,1.0,1.0,1.0,1.0,1.0,1.0,1.0,1.0,0.5,0.5,0.5,0.5
1788446256.4852026,402,24.29657600077917,5.89628099987749,10686891,1,0.0,0.0,0.0,-0.066981316,0.496166,-1.1578652,-0.007198615,0.6731223,-1.3524051,-0.0317131,0.6357485,-1.173757,-0.025723338,0.67453396,-1.2935612,26.745262,31.273842,-44.82652,-6.4804816,-0.019377619,-0.081386,0.7137704,-0.13176781,0.2596601,-0.014154087,0.06975943,0.3565482,0.23253144,-0.22478038,0.33717057,-0.26690564,-1.6122179,0.011626571,-0.9611299,0.027128667,-0.02590494,0.554979,-1.0573883,-0.041502416,0.6108506,-1.2093158,-0.016217059,0.64221215,-1.1091354,0.01176855,0.6856327,-1.2235233,0.0,0.0,0.0,0.0,0.0,0.0,0.0,0.0,0.0,0.0,0.0,0.0,0.0,0.0,0.0,0.0,-3.34123,-2.1328948,-0.106874816,0.8865111,50.0,50.0,50.0,50.0,50.0,50.0,50.0,50.0,50.0,50.0,50.0,50.0,0.0,0.0,0.0,0.0,1.0,1.0,1.0,1.0,1.0,1.0,1.0,1.0,1.0,1.0,1.0,1.0,0.5,0.5,0.5,0.5
1788446256.5012245,403,14.739902999281185,4.115301000638283,10686918,1,0.0,0.0,0.0,-0.06819236,0.49743772,-1.1402042,-0.009711647,0.67766386,-1.3522155,-0.03234893,0.6389579,-1.1666799,-0.028751075,0.68661463,-1.3072098,26.700695,31.271935,-44.847923,-6.478483,0.10463915,0.21315381,0.6733302,-0.023253143,0.20152724,-0.036396224,-0.13564333,0.054257333,0.33161002,-0.1472699,0.6627146,-0.68748426,-1.9300109,-0.0077510476,-0.5038181,0.15502095,-0.017443517,0.5623428,-1.0788053,-0.04568688,0.61286473,-1.1901,-0.02028214,0.63659877,-1.0898438,0.0033828225,0.70264834,-1.2232864,0.0,0.0,0.0,0.0,0.0,0.0,0.0,0.0,0.0,0.0,0.0,0.0,0.0,0.0,0.0,0.0,-3.587901,-1.6864234,0.29652262,1.2018805,50.0,50.0,50.0,50.0,50.0,50.0,50.0,50.0,50.0,50.0,50.0,50.0,0.0,0.0,0.0,0.0,1.0,1.0,1.0,1.0,1.0,1.0,1.0,1.0,1.0,1.0,1.0,1.0,0.5,0.5,0.5,0.5
1788446256.5224955,404,15.549882000414073,4.841439998926944,10686938,1,0.0,0.0,0.0,-0.068101525,0.50243354,-1.1325269,-0.010650253,0.67984384,-1.3521049,-0.03313613,0.6405324,-1.1638206,-0.02893275,0.6953951,-1.3179202,26.662182,31.271904,-44.85065,-6.473094,-0.027128667,0.34492162,0.23859747,-0.065883905,0.081386,0.038418237,-0.038755238,0.11626572,0.0040440247,-0.05038181,0.41468105,-0.60660374,-2.1121604,0.15114543,0.015502095,0.44956076,-0.014150347,0.5776415,-1.0863681,-0.05112115,0.63559854,-1.1914815,-0.024792247,0.6333829,-1.0616069,-0.0056612194,0.72858495,-1.2316874,0.0,0.0,0.0,0.0,0.0,0.0,0.0,0.0,0.0,0.0,0.0,0.0,0.0,0.0,0.0,0.0,-3.751513,-0.97712815,0.6119041,1.4333402,50.0,50.0,50.0,50.0,50.0,50.0,50.0,50.0,50.0,50.0,50.0,50.0,0.0,0.0,0.0,0.0,1.0,1.0,1.0,1.0,1.0,1.0,1.0,1.0,1.0,1.0,1.0,1.0,0.5,0.5,0.5,0.5
1788446256.542661,405,15.643001001080847,6.83979499990528,10686957,1,0.0,0.0,0.0,-0.06834376,0.5117589,-1.131579,-0.01252746,0.6819633,-1.3518996,-0.035528064,0.6405021,-1.1628255,-0.03111273,0.70281315,-1.3281724,26.614948,31.27263,-44.847015,-6.4614067,0.0,0.5038181,0.026286162,-0.038755238,0.081386,0.028308174,-0.096888095,-0.065883905,0.0060660373,-0.11626572,0.1472699,-0.33161002,-2.6818624,0.038755238,0.23640695,0.7285985,-0.0133348005,0.5833282,-1.0872995,-0.05427115,0.63428324,-1.1965775,-0.025538314,0.6371492,-1.0486611,-0.008819311,0.73690504,-1.2449163,0.0,0.0,0.0,0.0,0.0,0.0,0.0,0.0,0.0,0.0,0.0,0.0,0.0,0.0,0.0,0.0,-4.089893,-0.1344654,0.78841865,1.61572,50.0,50.0,50.0,50.0,50.0,50.0,50.0,50.0,50.0,50.0,50.0,50.0,0.0,0.0,0.0,0.0,1.0,1.0,1.0,1.0,1.0,1.0,1.0,1.0,1.0,1.0,1.0,1.0,0.5,0.5,0.5,0.5
1788446256.5651023,406,18.01248899937491,6.56024499949126,10686978,1,0.0,0.0,0.0,-0.06834376,0.52235615,-1.1317844,-0.014041336,0.6838405,-1.3522155,-0.036890537,0.6396543,-1.1612931,-0.032505512,0.71141195,-1.3337171,26.564203,31.273146,-44.841053,-6.4499617,0.0038755238,0.59683067,-0.014154087,-0.09301257,0.038755238,0.010110063,-0.08526152,-0.09301257,-0.0040440247,-0.13951886,0.07363495,-0.2911698,-2.759373,-0.019377619,0.4379342,0.740225,-0.014744646,0.5798706,-1.0857353,-0.052096106,0.63815296,-1.2051101,-0.026770854,0.64105046,-1.0453507,-0.014605029,0.7419058,-1.2500178,0.0,0.0,0.0,0.0,0.0,0.0,0.0,0.0,0.0,0.0,0.0,0.0,0.0,0.0,0.0,0.0,-4.4426723,0.28425074,0.73133063,1.3693081,50.0,50.0,50.0,50.0,50.0,50.0,50.0,50.0,50.0,50.0,50.0,50.0,0.0,0.0,0.0,0.0,1.0,1.0,1.0,1.0,1.0,1.0,1.0,1.0,1.0,1.0,1.0,1.0,0.5,0.5,0.5,0.5
1788446256.585373,407,18.2180560004781,6.192759001351078,10686998,1,0.0,0.0,0.0,-0.06779873,0.5341946,-1.1319108,-0.013466062,0.6832955,-1.3522155,-0.036678612,0.6399268,-1.1612616,-0.031748533,0.71313775,-1.3400834,26.512732,31.275204,-44.835663,-6.438305,0.12789229,0.6820922,0.0040440247,0.09301257,0.019377619,0.028308174,0.08526152,-0.054257333,0.030330187,0.10463915,0.06975943,-0.3093679,-3.0151577,0.2092783,0.26353562,0.7285985,-0.018564131,0.5660182,-1.0808101,-0.047049608,0.6497382,-1.2136269,-0.026143486,0.6371984,-1.0484854,-0.023657773,0.7486669,-1.2499511,0.0,0.0,0.0,0.0,0.0,0.0,0.0,0.0,0.0,0.0,0.0,0.0,0.0,0.0,0.0,0.0,-4.56996,0.60741967,0.53719646,0.8678186,50.0,50.0,50.0,50.0,50.0,50.0,50.0,50.0,50.0,50.0,50.0,50.0,0.0,0.0,0.0,0.0,1.0,1.0,1.0,1.0,1.0,1.0,1.0,1.0,1.0,1.0,1.0,1.0,0.5,0.5,0.5,0.5
1788446256.6071327,408,19.906171999537037,6.6454600000724895,10687017,1,0.0,0.0,0.0,-0.06458938,0.5449431,-1.1320529,-0.010831917,0.68193305,-1.3521998,-0.035043627,0.6409865,-1.1617354,-0.028872192,0.71325886,-1.3425003,26.456446,31.280502,-44.830696,-6.426981,0.17052305,0.5890796,0.0080880495,0.19765173,-0.10851467,-0.038418237,0.17439857,0.08526152,-0.050550308,0.23640695,0.0077510476,-0.054594334,-3.3213239,0.2906643,0.2286559,0.5658265,-0.024785165,0.5572113,-1.0699458,-0.040228315,0.65937376,-1.2184509,-0.021110086,0.6399179,-1.0605141,-0.027366117,0.7501337,-1.2444115,0.0,0.0,0.0,0.0,0.0,0.0,0.0,0.0,0.0,0.0,0.0,0.0,0.0,0.0,0.0,0.0,-4.497103,0.9586021,0.7646343,0.4471736,50.0,50.0,50.0,50.0,50.0,50.0,50.0,50.0,50.0,50.0,50.0,50.0,0.0,0.0,0.0,0.0,1.0,1.0,1.0,1.0,1.0,1.0,1.0,1.0,1.0,1.0,1.0,1.0,0.5,0.5,0.5,0.5
1788446256.625171,409,17.07934300065972,5.971415999738383,10687038,1,0.0,0.0,0.0,-0.061258793,0.5554495,-1.1323531,-0.0068958383,0.67975307,-1.3521366,-0.030835032,0.6410168,-1.1633941,-0.026207745,0.7116239,-1.3426583,26.391682,31.28671,-44.82555,-6.4232874,0.30229086,0.47668946,-0.010110063,0.23640695,-0.096888095,0.0080880495,0.25578457,0.019377619,-0.12334275,0.05038181,-0.10463915,0.0060660373,-3.2709422,0.32166848,0.14339438,0.019377619,-0.027349995,0.5517703,-1.0691733,-0.031638786,0.6629759,-1.2065835,-0.017784756,0.6417755,-1.0801606,-0.029165205,0.75148904,-1.2344061,0.0,0.0,0.0,0.0,0.0,0.0,0.0,0.0,0.0,0.0,0.0,0.0,0.0,0.0,0.0,0.0,-3.9760373,1.022801,0.9098517,0.10669932,50.0,50.0,50.0,50.0,50.0,50.0,50.0,50.0,50.0,50.0,50.0,50.0,0.0,0.0,0.0,0.0,1.0,1.0,1.0,1.0,1.0,1.0,1.0,1.0,1.0,1.0,1.0,1.0,0.5,0.5,0.5,0.5
1788446256.645156,410,16.85000100042089,5.903768998905434,10687059,1,0.0,0.0,0.0,-0.056838274,0.56050575,-1.1330798,-0.0009008888,0.67745197,-1.3520734,-0.0251126,0.6414104,-1.1676435,-0.024239719,0.71029174,-1.3422633,26.331612,31.296488,-44.81986,-6.425346,0.2790377,0.5038181,-0.04044025,0.30616638,-0.10851467,0.0040440247,0.3410461,-0.027128667,-0.2709497,0.2945398,0.027128667,0.022242136,-3.14305,0.6665901,0.34879714,-0.15502095,-0.027844526,0.55128056,-1.0695379,-0.024433479,0.6653145,-1.2036161,-0.01353815,0.6447823,-1.091236,-0.030922066,0.7472362,-1.2211229,0.0,0.0,0.0,0.0,0.0,0.0,0.0,0.0,0.0,0.0,0.0,0.0,0.0,0.0,0.0,0.0,-3.4515424,1.1005617,1.1387366,-0.16897899,50.0,50.0,50.0,50.0,50.0,50.0,50.0,50.0,50.0,50.0,50.0,50.0,0.0,0.0,0.0,0.0,1.0,1.0,1.0,1.0,1.0,1.0,1.0,1.0,1.0,1.0,1.0,1.0,0.5,0.5,0.5,0.5
1788446256.6640556,411,15.153628000916797,6.047064000085811,10687080,1,0.0,0.0,0.0,-0.05296278,0.56886244,-1.1344224,0.0039132386,0.6748481,-1.351015,-0.019208461,0.64337844,-1.1756526,-0.019334793,0.71032196,-1.3419316,26.28347,31.306177,-44.812077,-6.430433,0.2092783,0.49606705,-0.113232695,0.19377619,-0.13951886,0.050550308,0.19765173,0.06975943,-0.4064245,0.19765173,0.015502095,-0.0040440247,-2.4377046,0.58520406,0.5038181,-0.34879714,-0.026171803,0.55410445,-1.0672013,-0.017995885,0.67137885,-1.2088424,-0.009740768,0.6528203,-1.0955245,-0.034254815,0.7408581,-1.2079337,0.0,0.0,0.0,0.0,0.0,0.0,0.0,0.0,0.0,0.0,0.0,0.0,0.0,0.0,0.0,0.0,-2.8106883,0.8442282,1.3680763,-0.3607461,50.0,50.0,50.0,50.0,50.0,50.0,50.0,50.0,50.0,50.0,50.0,50.0,0.0,0.0,0.0,0.0,1.0,1.0,1.0,1.0,1.0,1.0,1.0,1.0,1.0,1.0,1.0,1.0,0.5,0.5,0.5,0.5
1788446256.687059,412,18.085641000652686,6.040153000867576,10687099,1,0.0,0.0,0.0,-0.051025033,0.57718873,-1.1364129,0.006850159,0.67157805,-1.3498619,-0.015181571,0.6469512,-1.1836458,-0.0161556,0.7104431,-1.341505,26.245562,31.31708,-44.8036,-6.4377904,0.09301257,0.37980133,-0.12536478,0.10076362,-0.2092783,0.064704396,0.08913705,0.21702933,-0.43271068,0.08913705,0.10076362,-0.012132075,-1.8447493,0.64721245,0.5038181,-0.49606705,-0.025783699,0.55242574,-1.0659374,-0.012001229,0.67595255,-1.2094835,-0.008837349,0.6532278,-1.1078788,-0.037437603,0.7404871,-1.2044591,0.0,0.0,0.0,0.0,0.0,0.0,0.0,0.0,0.0,0.0,0.0,0.0,0.0,0.0,0.0,0.0,-2.190739,0.5856014,1.5747553,-0.5729645,50.0,50.0,50.0,50.0,50.0,50.0,50.0,50.0,50.0,50.0,50.0,50.0,0.0,0.0,0.0,0.0,1.0,1.0,1.0,1.0,1.0,1.0,1.0,1.0,1.0,1.0,1.0,1.0,0.5,0.5,0.5,0.5
1788446256.7061481,413,17.102862999308854,5.924056998992455,10687119,1,0.0,0.0,0.0,-0.04969275,0.5836984,-1.1377399,0.008606257,0.66942835,-1.3492773,-0.011972129,0.65119004,-1.1908334,-0.014278412,0.7099284,-1.3407942,26.216465,31.32607,-44.79291,-6.44648,0.065883905,0.24028248,-0.13749684,0.13176781,-0.12789229,-0.016176099,0.081386,0.0,-0.33363205,0.06975943,0.06200838,0.02426415,-1.3525578,0.4224321,0.6975943,-0.43018317,-0.026737254,0.55529946,-1.0552855,-0.011750745,0.67080677,-1.2139206,-0.0048700944,0.6581167,-1.115611,-0.033653088,0.73179173,-1.2057754,0.0,0.0,0.0,0.0,0.0,0.0,0.0,0.0,0.0,0.0,0.0,0.0,0.0,0.0,0.0,0.0,-1.5486968,0.25504038,1.6974845,-0.5616571,50.0,50.0,50.0,50.0,50.0,50.0,50.0,50.0,50.0,50.0,50.0,50.0,0.0,0.0,0.0,0.0,1.0,1.0,1.0,1.0,1.0,1.0,1.0,1.0,1.0,1.0,1.0,1.0,0.5,0.5,0.5,0.5
1788446256.727281,414,18.12333700036106,6.060952000552788,10687140,1,0.0,0.0,0.0,-0.048845053,0.58651423,-1.1387508,0.010301798,0.6673392,-1.3485191,-0.010972977,0.6510992,-1.1969153,-0.013037026,0.70998895,-1.3406204,26.199026,31.329218,-44.77947,-6.4561386,0.023253143,0.11239019,-0.02426415,0.07363495,-0.034879714,0.08492453,-0.015502095,-0.04263076,-0.24061948,-0.0077510476,0.019377619,-0.018198112,-0.81773555,-0.0077510476,0.7479761,-0.47668946,-0.027083345,0.55880016,-1.051386,-0.012217345,0.6586806,-1.2143054,-0.0017259051,0.6647899,-1.123298,-0.028717346,0.7235552,-1.2016228,0.0,0.0,0.0,0.0,0.0,0.0,0.0,0.0,0.0,0.0,0.0,0.0,0.0,0.0,0.0,0.0,-0.935318,-0.25403622,1.673242,-0.5764703,50.0,50.0,50.0,50.0,50.0,50.0,50.0,50.0,50.0,50.0,50.0,50.0,0.0,0.0,0.0,0.0,1.0,1.0,1.0,1.0,1.0,1.0,1.0,1.0,1.0,1.0,1.0,1.0,0.5,0.5,0.5,0.5
1788446256.7473738,415,17.450028999519418,6.17243900160247,10687159,1,0.0,0.0,0.0,-0.048663378,0.5874225,-1.1388141,0.010634851,0.6656437,-1.3481083,-0.009459108,0.65037256,-1.1988109,-0.012673736,0.71032196,-1.3405888,26.192122,31.328554,-44.764874,-6.4666142,0.06200838,-0.08526152,-0.010110063,-0.077510476,-0.06975943,0.0080880495,0.096888095,-0.17439857,-0.095034584,-0.023253143,0.034879714,-0.014154087,-0.25190905,-0.06200838,0.7944824,-0.51156914,-0.027124377,0.56838197,-1.0458598,-0.013939971,0.65474373,-1.2216393,0.00046425452,0.6673614,-1.1242771,-0.022425147,0.71720433,-1.2013234,0.0,0.0,0.0,0.0,0.0,0.0,0.0,0.0,0.0,0.0,0.0,0.0,0.0,0.0,0.0,0.0,-0.34599856,-0.66373736,1.5292953,-0.633881,50.0,50.0,50.0,50.0,50.0,50.0,50.0,50.0,50.0,50.0,50.0,50.0,0.0,0.0,0.0,0.0,1.0,1.0,1.0,1.0,1.0,1.0,1.0,1.0,1.0,1.0,1.0,1.0,0.5,0.5,0.5,0.5
1788446256.767229,416,16.80251300058444,5.931064999458613,10687182,1,0.0,0.0,0.0,-0.048330307,0.585727,-1.1387508,0.010967904,0.6621315,-1.3477608,-0.009065509,0.64719343,-1.1999642,-0.012401223,0.71001923,-1.3404467,26.192062,31.327341,-44.75016,-6.4778776,0.023253143,-0.16664752,0.022242136,0.023253143,-0.03100419,0.042462263,0.0,-0.20152724,-0.0020220124,-0.038755238,-0.038755238,-0.016176099,0.046506286,0.0,0.6704656,-0.46118733,-0.025195848,0.5712476,-1.0586141,-0.016286058,0.6483437,-1.2130591,0.00039257715,0.657225,-1.1162392,-0.020331189,0.72401166,-1.2076182,0.0,0.0,0.0,0.0,0.0,0.0,0.0,0.0,0.0,0.0,0.0,0.0,0.0,0.0,0.0,0.0,-0.065139905,-0.98605186,1.4515798,-0.5745048,50.0,50.0,50.0,50.0,50.0,50.0,50.0,50.0,50.0,50.0,50.0,50.0,0.0,0.0,0.0,0.0,1.0,1.0,1.0,1.0,1.0,1.0,1.0,1.0,1.0,1.0,1.0,1.0,0.5,0.5,0.5,0.5
1788446256.78718,417,16.263988998616696,4.127205000258982,10687202,1,0.0,0.0,0.0,-0.0486331,0.5849397,-1.1383717,0.010453185,0.6597396,-1.3478398,-0.008974671,0.6449832,-1.200201,-0.011856198,0.7090806,-1.3404309,26.19282,31.325373,-44.741016,-6.486749,-0.034879714,-0.05813286,0.038418237,-0.05038181,-0.06975943,-0.0060660373,0.0,-0.096888095,0.012132075,-0.038755238,-0.0038755238,0.010110063,0.0038755238,-0.10463915,0.46893838,-0.42630762,-0.0222101,0.5753821,-1.0758495,-0.019425152,0.6421309,-1.1998274,-0.002865701,0.6456926,-1.1046249,-0.018433755,0.73299736,-1.2172127,0.0,0.0,0.0,0.0,0.0,0.0,0.0,0.0,0.0,0.0,0.0,0.0,0.0,0.0,0.0,0.0,-0.0018528849,-1.1783277,1.4455248,-0.40490603,50.0,50.0,50.0,50.0,50.0,50.0,50.0,50.0,50.0,50.0,50.0,50.0,0.0,0.0,0.0,0.0,1.0,1.0,1.0,1.0,1.0,1.0,1.0,1.0,1.0,1.0,1.0,1.0,0.5,0.5,0.5,0.5
1788446256.8105087,418,19.523200000548968,5.933369000558741,10687222,1,0.0,0.0,0.0,-0.049390078,0.584092,-1.1383401,0.009332918,0.6580743,-1.3478713,-0.009095788,0.641804,-1.2002169,-0.011644244,0.7091714,-1.3405572,26.193274,31.32274,-44.73169,-6.4931073,-0.027128667,-0.10076362,0.0,-0.06975943,0.05038181,-0.04044025,-0.046506286,-0.15889648,0.030330187,0.0,0.054257333,-0.0040440247,-0.046506286,-0.12014124,0.5038181,-0.39530346,-0.021501523,0.58396226,-1.0828418,-0.023678616,0.6270119,-1.192664,-0.0031058425,0.64292324,-1.090379,-0.014999554,0.7345144,-1.2302327,0.0,0.0,0.0,0.0,0.0,0.0,0.0,0.0,0.0,0.0,0.0,0.0,0.0,0.0,0.0,0.0,-0.16843656,-1.2650189,1.3896253,-0.2004737,50.0,50.0,50.0,50.0,50.0,50.0,50.0,50.0,50.0,50.0,50.0,50.0,0.0,0.0,0.0,0.0,1.0,1.0,1.0,1.0,1.0,1.0,1.0,1.0,1.0,1.0,1.0,1.0,0.5,0.5,0.5,0.5
1788446256.831213,419,19.253184998888173,6.141368001408409,10687241,1,0.0,0.0,0.0,-0.050540566,0.58363783,-1.1385771,0.0075768195,0.6556521,-1.3478081,-0.010004103,0.63874596,-1.2001537,-0.011765361,0.7093228,-1.34081,26.193455,31.32059,-44.724724,-6.4991326,-0.034879714,-0.06200838,0.0040440247,-0.046506286,-0.096888095,-0.032352198,-0.05813286,-0.05038181,-0.010110063,-0.046506286,-0.038755238,0.030330187,-0.011626571,-0.09301257,0.39917895,-0.32941952,-0.02374168,0.59152037,-1.0803832,-0.028787019,0.6215903,-1.1994,-0.0016363538,0.64828956,-1.0805703,-0.01248116,0.7306124,-1.2380524,0.0,0.0,0.0,0.0,0.0,0.0,0.0,0.0,0.0,0.0,0.0,0.0,0.0,0.0,0.0,0.0,-0.36816046,-1.1980408,1.3253629,-0.2266987,50.0,50.0,50.0,50.0,50.0,50.0,50.0,50.0,50.0,50.0,50.0,50.0,0.0,0.0,0.0,0.0,1.0,1.0,1.0,1.0,1.0,1.0,1.0,1.0,1.0,1.0,1.0,1.0,0.5,0.5,0.5,0.5
1788446256.854491,420,22.393131999706384,7.9072120006458135,10687261,1,0.0,0.0,0.0,-0.051691175,0.58433425,-1.1386403,0.0063051637,0.6526849,-1.3477292,-0.010761052,0.63629353,-1.2000115,-0.012068152,0.7093531,-1.3411417,26.193333,31.319773,-44.717064,-6.5051575,-0.015502095,0.046506286,0.020220125,0.019377619,-0.15889648,0.0020220124,-0.12014124,-0.13564333,-0.0020220124,-0.038755238,0.05038181,0.036396224,-0.011626571,0.015502095,0.46118733,-0.28291324,-0.024747366,0.588236,-1.0745225,-0.027707824,0.61620355,-1.2043769,-0.0011694045,0.6498603,-1.084158,-0.015341757,0.72463673,-1.2364771,0.0,0.0,0.0,0.0,0.0,0.0,0.0,0.0,0.0,0.0,0.0,0.0,0.0,0.0,0.0,0.0,-0.5726589,-0.92817956,1.2136297,-0.2759308,50.0,50.0,50.0,50.0,50.0,50.0,50.0,50.0,50.0,50.0,50.0,50.0,0.0,0.0,0.0,0.0,1.0,1.0,1.0,1.0,1.0,1.0,1.0,1.0,1.0,1.0,1.0,1.0,0.5,0.5,0.5,0.5
1788446256.8744752,421,19.298881001304835,5.946905001110281,10687285,1,0.0,0.0,0.0,-0.05223608,0.58702886,-1.1386403,0.005336283,0.6504444,-1.3477292,-0.010912418,0.63353825,-1.1998851,-0.011916757,0.70880806,-1.3411891,26.193151,31.320044,-44.705166,-6.512364,0.023253143,0.21702933,0.020220125,0.03100419,-0.06200838,-0.016176099,-0.06975943,-0.20152724,0.0,-0.0077510476,-0.0077510476,-0.010110063,0.019377619,0.065883905,0.4650629,-0.39917895,-0.02416581,0.5771249,-1.0690482,-0.022327188,0.62221855,-1.2140311,-0.002135849,0.6475669,-1.093117,-0.022677433,0.7230182,-1.2243274,0.0,0.0,0.0,0.0,0.0,0.0,0.0,0.0,0.0,0.0,0.0,0.0,0.0,0.0,0.0,0.0,-0.75242466,-0.6782998,1.088543,-0.48638314,50.0,50.0,50.0,50.0,50.0,50.0,50.0,50.0,50.0,50.0,50.0,50.0,0.0,0.0,0.0,0.0,1.0,1.0,1.0,1.0,1.0,1.0,1.0,1.0,1.0,1.0,1.0,1.0,0.5,0.5,0.5,0.5
1788446256.895173,422,18.76480400096625,6.812435000028927,10687307,1,0.0,0.0,0.0,-0.0522058,0.5866959,-1.1386403,0.005487671,0.6481736,-1.3477292,-0.010579377,0.6312674,-1.199901,-0.0118864775,0.7080209,-1.3410785,26.19279,31.32038,-44.69805,-6.518873,-0.023253143,-0.12789229,0.0040440247,0.03100419,-0.12401676,0.0020220124,-0.046506286,-0.06975943,0.0020220124,-0.05813286,0.046506286,0.0,0.0077510476,0.027128667,0.17052305,-0.18602514,-0.024609149,0.57360893,-1.064164,-0.014436575,0.63398916,-1.2117673,-0.0040745502,0.6453965,-1.1056715,-0.03140375,0.72646886,-1.2112333,0.0,0.0,0.0,0.0,0.0,0.0,0.0,0.0,0.0,0.0,0.0,0.0,0.0,0.0,0.0,0.0,-0.7559225,-0.66531956,0.8946805,-0.7441187,50.0,50.0,50.0,50.0,50.0,50.0,50.0,50.0,50.0,50.0,50.0,50.0,0.0,0.0,0.0,0.0,1.0,1.0,1.0,1.0,1.0,1.0,1.0,1.0,1.0,1.0,1.0,1.0,0.5,0.5,0.5,0.5
1788446256.9114168,423,14.356928999404772,4.262627999196411,10687327,1,0.0,0.0,0.0,-0.05184245,0.58421314,-1.1386087,0.0063051637,0.6471744,-1.3478081,-0.009913266,0.62981415,-1.1999799,-0.011856198,0.7070823,-1.3406678,26.192486,31.320711,-44.6959,-6.523445,0.06200838,-0.09301257,0.022242136,0.065883905,-0.10076362,0.0,0.0,-0.12014124,0.014154087,-0.0038755238,-0.10076362,-0.032352198,-0.06200838,0.0,0.054257333,-0.25190905,-0.025007999,0.5659706,-1.0584859,-0.009873153,0.6392843,-1.2135473,-0.0031247707,0.64223385,-1.1187743,-0.03491168,0.7262248,-1.2030753,0.0,0.0,0.0,0.0,0.0,0.0,0.0,0.0,0.0,0.0,0.0,0.0,0.0,0.0,0.0,0.0,-0.7806435,-0.82175565,0.7487606,-0.9826236,50.0,50.0,50.0,50.0,50.0,50.0,50.0,50.0,50.0,50.0,50.0,50.0,0.0,0.0,0.0,0.0,1.0,1.0,1.0,1.0,1.0,1.0,1.0,1.0,1.0,1.0,1.0,1.0,0.5,0.5,0.5,0.5
1788446256.937098,424,19.964443999924697,6.644565000897273,10687348,1,0.0,0.0,0.0,-0.051691175,0.5828506,-1.1386244,0.00697127,0.6469019,-1.3478081,-0.009489387,0.6282094,-1.2001379,-0.012219548,0.70653725,-1.3396726,26.192547,31.32065,-44.695446,-6.529955,-0.10851467,-0.1782741,0.0020220124,-0.023253143,-0.077510476,-0.018198112,0.0,-0.10851467,0.012132075,-0.0038755238,-0.046506286,0.08492453,0.0038755238,-0.038755238,0.0077510476,-0.4185566,-0.027043253,0.5657025,-1.0525471,-0.0072574774,0.6387211,-1.2204969,8.09622e-05,0.648216,-1.1282347,-0.036897667,0.716194,-1.192946,0.0,0.0,0.0,0.0,0.0,0.0,0.0,0.0,0.0,0.0,0.0,0.0,0.0,0.0,0.0,0.0,-0.6130354,-1.1082456,0.61027485,-1.2791369,50.0,50.0,50.0,50.0,50.0,50.0,50.0,50.0,50.0,50.0,50.0,50.0,0.0,0.0,0.0,0.0,1.0,1.0,1.0,1.0,1.0,1.0,1.0,1.0,1.0,1.0,1.0,1.0,0.5,0.5,0.5,0.5
1788446256.9592025,425,21.245875999738928,5.447867999464506,10687368,1,0.0,0.0,0.0,-0.051751733,0.57703733,-1.1385771,0.0072437674,0.6466294,-1.3477767,-0.009549946,0.6267561,-1.2004855,-0.012794793,0.70632535,-1.3380929,26.192486,31.32038,-44.69566,-6.54028,0.0077510476,-0.22478038,0.014154087,0.06975943,0.0,-0.020220125,-0.038755238,-0.10851467,0.022242136,-0.07363495,0.019377619,0.020220125,-0.027128667,-0.04263076,-0.054257333,-0.6782167,-0.028218038,0.5607825,-1.0424167,-0.007345124,0.63887095,-1.2246332,0.0010837568,0.6507425,-1.1308665,-0.035766747,0.71347475,-1.19455,0.0,0.0,0.0,0.0,0.0,0.0,0.0,0.0,0.0,0.0,0.0,0.0,0.0,0.0,0.0,0.0,-0.46399325,-1.4412787,0.4921979,-1.2979169,50.0,50.0,50.0,50.0,50.0,50.0,50.0,50.0,50.0,50.0,50.0,50.0,0.0,0.0,0.0,0.0,1.0,1.0,1.0,1.0,1.0,1.0,1.0,1.0,1.0,1.0,1.0,1.0,0.5,0.5,0.5,0.5
1788446256.9912188,426,20.437465000213706,6.036407999999938,10687399,1,0.0,0.0,0.0,-0.052114964,0.5743729,-1.1384349,0.00721349,0.64593303,-1.3478398,-0.01012522,0.6249697,-1.2006434,-0.01433897,0.70699143,-1.33645,26.192667,31.319834,-44.696568,-6.5621705,-0.034879714,-0.13951886,0.0485283,-0.011626571,0.038755238,0.010110063,-0.038755238,-0.046506286,0.03437421,-0.10463915,0.034879714,-0.03437421,0.0,-0.034879714,-0.09301257,-0.732474,-0.031400356,0.56394494,-1.0328684,-0.013226684,0.6272852,-1.2326044,0.0059559457,0.6581737,-1.1389726,-0.02775922,0.70024604,-1.1981089,0.0,0.0,0.0,0.0,0.0,0.0,0.0,0.0,0.0,0.0,0.0,0.0,0.0,0.0,0.0,0.0,-0.25461924,-1.7246094,0.4040021,-1.2530129,50.0,50.0,50.0,50.0,50.0,50.0,50.0,50.0,50.0,50.0,50.0,50.0,0.0,0.0,0.0,0.0,1.0,1.0,1.0,1.0,1.0,1.0,1.0,1.0,1.0,1.0,1.0,1.0,0.5,0.5,0.5,0.5
1788446257.011291,427,19.214306001231307,4.1939570000977255,10687422,1,0.0,0.0,0.0,-0.05296278,0.571769,-1.1381663,0.006880438,0.64602387,-1.3479503,-0.011790484,0.62339526,-1.2006276,-0.016670346,0.70880806,-1.3365765,26.19291,31.318651,-44.698322,-6.579156,-0.0038755238,-0.081386,-0.0020220124,0.0077510476,0.015502095,-0.026286162,-0.12789229,-0.11239019,0.018198112,-0.23640695,0.14339438,-0.038418237,-0.04263076,-0.05813286,-0.162772,-0.68984324,-0.03409587,0.5664214,-1.0196495,-0.019421259,0.623428,-1.2385577,0.008087205,0.6666759,-1.1406158,-0.020412436,0.6947501,-1.2052412,0.0,0.0,0.0,0.0,0.0,0.0,0.0,0.0,0.0,0.0,0.0,0.0,0.0,0.0,0.0,0.0,-0.022026151,-1.9050791,0.35610244,-1.0156579,50.0,50.0,50.0,50.0,50.0,50.0,50.0,50.0,50.0,50.0,50.0,50.0,0.0,0.0,0.0,0.0,1.0,1.0,1.0,1.0,1.0,1.0,1.0,1.0,1.0,1.0,1.0,1.0,0.5,0.5,0.5,0.5
1788446257.0333488,428,21.176309999646037,5.982968999887817,10687441,1,0.0,0.0,0.0,-0.05438578,0.5694982,-1.1377556,0.005336283,0.64517605,-1.3481241,-0.014000744,0.62191164,-1.2006434,-0.018547535,0.7084448,-1.3368133,26.193121,31.316683,-44.70029,-6.59269,-0.077510476,-0.16664752,0.03437421,-0.019377619,0.05813286,-0.0080880495,-0.19377619,-0.16664752,-0.012132075,-0.15502095,-0.11626572,-0.0060660373,-0.05813286,-0.12014124,-0.19377619,-0.7557271,-0.035927955,0.5771653,-1.0180331,-0.026622329,0.619375,-1.2412858,0.011123338,0.6714452,-1.1382514,-0.014129629,0.6901915,-1.2015457,0.0,0.0,0.0,0.0,0.0,0.0,0.0,0.0,0.0,0.0,0.0,0.0,0.0,0.0,0.0,0.0,0.1401677,-2.1057775,0.27317756,-0.901973,50.0,50.0,50.0,50.0,50.0,50.0,50.0,50.0,50.0,50.0,50.0,50.0,0.0,0.0,0.0,0.0,1.0,1.0,1.0,1.0,1.0,1.0,1.0,1.0,1.0,1.0,1.0,1.0,0.5,0.5,0.5,0.5
1788446257.0526702,429,18.446632000632235,5.863258000317728,10687463,1,0.0,0.0,0.0,-0.057564974,0.56810546,-1.136713,0.002217697,0.64575136,-1.3482664,-0.018663466,0.61988306,-1.2005328,-0.019910038,0.70986784,-1.3371294,26.193304,31.312506,-44.70441,-6.605013,-0.15889648,-0.03100419,0.052572325,-0.11626572,0.05813286,0.010110063,-0.35267267,-0.19765173,0.022242136,-0.17052305,0.07363495,-0.03437421,-0.05038181,-0.18990067,-0.25190905,-0.45343632,-0.03665174,0.57307506,-1.001728,-0.033428047,0.61051494,-1.2486161,0.012269115,0.6741636,-1.1406629,-0.009303972,0.68524307,-1.2141614,0.0,0.0,0.0,0.0,0.0,0.0,0.0,0.0,0.0,0.0,0.0,0.0,0.0,0.0,0.0,0.0,0.16252927,-2.0889611,0.19957216,-0.57552266,50.0,50.0,50.0,50.0,50.0,50.0,50.0,50.0,50.0,50.0,50.0,50.0,0.0,0.0,0.0,0.0,1.0,1.0,1.0,1.0,1.0,1.0,1.0,1.0,1.0,1.0,1.0,1.0,0.5,0.5,0.5,0.5
1788446257.0740185,430,19.3980490003014,5.40998100041179,10687486,1,0.0,0.0,0.0,-0.061440468,0.5678935,-1.1360179,-0.0023542102,0.64672023,-1.3484085,-0.024416208,0.6169159,-1.1994586,-0.025238872,0.71077615,-1.337161,26.19397,31.307177,-44.708588,-6.612734,-0.1472699,-0.12789229,0.06672641,-0.14339438,0.1472699,-0.0060660373,-0.3410461,-0.27128667,0.10312264,-0.4224321,0.065883905,-0.03437421,-0.04263076,-0.22478038,-0.24028248,-0.1782741,-0.037645124,0.5807543,-1.0068719,-0.035246156,0.60564345,-1.238194,0.010902286,0.6746525,-1.1466682,-0.008587837,0.6840259,-1.2088025,0.0,0.0,0.0,0.0,0.0,0.0,0.0,0.0,0.0,0.0,0.0,0.0,0.0,0.0,0.0,0.0,0.3535819,-2.09751,0.1040642,-0.38086775,50.0,50.0,50.0,50.0,50.0,50.0,50.0,50.0,50.0,50.0,50.0,50.0,0.0,0.0,0.0,0.0,1.0,1.0,1.0,1.0,1.0,1.0,1.0,1.0,1.0,1.0,1.0,1.0,0.5,0.5,0.5,0.5
1788446257.0932713,431,18.084937999446993,5.592251000052784,10687506,1,0.0,0.0,0.0,-0.06534624,0.5628977,-1.1332693,-0.0061691795,0.6474469,-1.3489456,-0.02907896,0.6144634,-1.1961728,-0.032505512,0.71126056,-1.3378718,26.19397,31.302301,-44.70989,-6.615186,-0.18214962,-0.44180974,0.2790377,-0.20152724,0.038755238,-0.028308174,-0.08526152,-0.081386,0.19006917,-0.44568524,0.06200838,-0.050550308,0.023253143,-0.15502095,-0.015502095,-0.04263076,-0.043511532,0.58551306,-0.9892568,-0.041440696,0.61016506,-1.2474291,0.011313684,0.68141246,-1.1530513,-0.007688431,0.6818188,-1.216655,0.0,0.0,0.0,0.0,0.0,0.0,0.0,0.0,0.0,0.0,0.0,0.0,0.0,0.0,0.0,0.0,0.40631318,-2.1791542,-0.11688087,-0.41427672,50.0,50.0,50.0,50.0,50.0,50.0,50.0,50.0,50.0,50.0,50.0,50.0,0.0,0.0,0.0,0.0,1.0,1.0,1.0,1.0,1.0,1.0,1.0,1.0,1.0,1.0,1.0,1.0,0.5,0.5,0.5,0.5
1788446257.112114,432,16.166358998816577,5.984440998872742,10687525,1,0.0,0.0,0.0,-0.06840432,0.55650914,-1.1294622,-0.009318041,0.6478708,-1.3490245,-0.029623955,0.6145845,-1.194293,-0.039772093,0.71113944,-1.3380297,26.194605,31.300093,-44.709858,-6.614641,-0.10851467,-0.28678876,0.19006917,-0.18602514,0.027128667,-0.010110063,0.027128667,0.08913705,0.056616347,-0.41468105,0.0,0.0,0.06200838,-0.023253143,-0.03100419,0.023253143,-0.04790508,0.5832611,-0.9753345,-0.04591807,0.604136,-1.2525123,0.012262329,0.68760246,-1.1691315,-0.004298484,0.67634267,-1.222765,0.0,0.0,0.0,0.0,0.0,0.0,0.0,0.0,0.0,0.0,0.0,0.0,0.0,0.0,0.0,0.0,0.30693948,-2.4658706,-0.31656864,-0.46252683,50.0,50.0,50.0,50.0,50.0,50.0,50.0,50.0,50.0,50.0,50.0,50.0,0.0,0.0,0.0,0.0,1.0,1.0,1.0,1.0,1.0,1.0,1.0,1.0,1.0,1.0,1.0,1.0,0.5,0.5,0.5,0.5
1788446257.1352139,433,18.927301000076113,6.0039929994673,10687547,1,0.0,0.0,0.0,-0.07279456,0.5483645,-1.1214373,-0.013678005,0.64862776,-1.3493404,-0.027413696,0.6196711,-1.1939771,-0.04861313,0.7110183,-1.3381877,26.195028,31.29967,-44.71031,-6.614641,-0.22090487,-0.49606705,0.4650629,-0.11626572,0.13176781,-0.0060660373,0.17439857,0.2906643,0.018198112,-0.48444048,-0.019377619,0.016176099,-0.08526152,0.019377619,-0.096888095,0.04263076,-0.054684702,0.57435286,-0.9431938,-0.051097617,0.6050182,-1.2711722,0.01567503,0.69562185,-1.1861129,-0.0047941655,0.6724121,-1.2342025,0.0,0.0,0.0,0.0,0.0,0.0,0.0,0.0,0.0,0.0,0.0,0.0,0.0,0.0,0.0,0.0,0.18184331,-2.6973665,-0.5718984,-0.43966097,50.0,50.0,50.0,50.0,50.0,50.0,50.0,50.0,50.0,50.0,50.0,50.0,0.0,0.0,0.0,0.0,1.0,1.0,1.0,1.0,1.0,1.0,1.0,1.0,1.0,1.0,1.0,1.0,0.5,0.5,0.5,0.5
1788446257.1552548,434,18.665957999473903,6.0206649995961925,10687567,1,0.0,0.0,0.0,-0.076912284,0.53882706,-1.1117854,-0.017704917,0.6492333,-1.3496249,-0.022629827,0.6270286,-1.1942298,-0.05703026,0.71113944,-1.338551,26.194847,31.298578,-44.712948,-6.6144595,-0.14339438,-0.5386978,0.5621195,-0.20540276,0.08913705,-0.026286162,0.26741114,0.4728139,0.0060660373,-0.42630762,0.03100419,-0.018198112,-0.07363495,-0.034879714,-0.28291324,0.06200838,-0.056810044,0.56466484,-0.9224069,-0.05843464,0.5960107,-1.2680368,0.016721215,0.7014122,-1.2096462,9.384658e-05,0.66719884,-1.2462374,0.0,0.0,0.0,0.0,0.0,0.0,0.0,0.0,0.0,0.0,0.0,0.0,0.0,0.0,0.0,0.0,-0.045543723,-3.2516365,-0.780841,-0.37092403,50.0,50.0,50.0,50.0,50.0,50.0,50.0,50.0,50.0,50.0,50.0,50.0,0.0,0.0,0.0,0.0,1.0,1.0,1.0,1.0,1.0,1.0,1.0,1.0,1.0,1.0,1.0,1.0,0.5,0.5,0.5,0.5
1788446257.176961,435,19.852189998346148,5.9586489987850655,10687587,1,0.0,0.0,0.0,-0.08021259,0.5272913,-1.0990531,-0.021338219,0.65098935,-1.351331,-0.015666008,0.6364449,-1.1947985,-0.06556851,0.71153307,-1.3396726,26.193697,31.296003,-44.719093,-6.614248,-0.13951886,-0.64333695,0.92001563,-0.15114543,0.20540276,-0.119298734,0.36429924,0.4573118,0.010110063,-0.4921915,0.06975943,-0.082902506,-0.17052305,-0.12789229,-0.4728139,0.06975943,-0.06063945,0.56433505,-0.9083404,-0.07038535,0.5814442,-1.260606,0.02162105,0.70713145,-1.2274288,0.007871378,0.663589,-1.2599396,0.0,0.0,0.0,0.0,0.0,0.0,0.0,0.0,0.0,0.0,0.0,0.0,0.0,0.0,0.0,0.0,-0.29039675,-3.5722394,-0.82949936,-0.28639707,50.0,50.0,50.0,50.0,50.0,50.0,50.0,50.0,50.0,50.0,50.0,50.0,0.0,0.0,0.0,0.0,1.0,1.0,1.0,1.0,1.0,1.0,1.0,1.0,1.0,1.0,1.0,1.0,0.5,0.5,0.5,0.5
1788446257.1951866,436,17.331950999505352,5.944984999587177,10687607,1,0.0,0.0,0.0,-0.083088875,0.51315176,-1.0834298,-0.024850415,0.653018,-1.3525314,-0.0069763362,0.64743567,-1.1969153,-0.07359213,0.7123506,-1.3416789,26.192001,31.289736,-44.73181,-6.613521,-0.12401676,-0.7944824,0.812849,-0.13951886,0.13951886,-0.014154087,0.3914279,0.59683067,-0.20017922,-0.4379342,0.10076362,-0.12334275,-0.10851467,-0.43018317,-0.8758684,0.15889648,-0.06038857,0.57740355,-0.90917534,-0.08469245,0.5802765,-1.2444482,0.022668673,0.715539,-1.2257863,0.014824832,0.66976804,-1.272476,0.0,0.0,0.0,0.0,0.0,0.0,0.0,0.0,0.0,0.0,0.0,0.0,0.0,0.0,0.0,0.0,-0.47976944,-3.856823,-0.75691414,0.020854399,50.0,50.0,50.0,50.0,50.0,50.0,50.0,50.0,50.0,50.0,50.0,50.0,0.0,0.0,0.0,0.0,1.0,1.0,1.0,1.0,1.0,1.0,1.0,1.0,1.0,1.0,1.0,1.0,0.5,0.5,0.5,0.5
1788446257.2151208,437,16.794225999547052,7.876171999669168,10687630,1,0.0,0.0,0.0,-0.08766079,0.4987396,-1.0664322,-0.03017926,0.65559155,-1.3529265,0.0043777227,0.66103023,-1.1995218,-0.084552586,0.71313775,-1.3445538,26.187672,31.277353,-44.74483,-6.610493,-0.2286559,-0.7557271,1.0312264,-0.2790377,0.162772,-0.012132075,0.5348223,0.5813286,-0.2547736,-0.5658265,0.10463915,-0.1941132,-0.3914279,-0.6820922,-0.62783486,0.25578457,-0.059007928,0.58962655,-0.90486354,-0.10288391,0.5722676,-1.2459402,0.024081066,0.72271633,-1.2216645,0.022079743,0.67237407,-1.2971203,0.0,0.0,0.0,0.0,0.0,0.0,0.0,0.0,0.0,0.0,0.0,0.0,0.0,0.0,0.0,0.0,-1.0574902,-4.047251,-0.5987319,0.34875882,50.0,50.0,50.0,50.0,50.0,50.0,50.0,50.0,50.0,50.0,50.0,50.0,0.0,0.0,0.0,0.0,1.0,1.0,1.0,1.0,1.0,1.0,1.0,1.0,1.0,1.0,1.0,1.0,0.5,0.5,0.5,0.5
1788446257.235101,438,16.25285400041321,6.082007999793859,10687649,1,0.0,0.0,0.0,-0.09159696,0.48623502,-1.0504458,-0.036295317,0.6595882,-1.3528948,0.0135820955,0.6762599,-1.2034236,-0.09415048,0.7154994,-1.3489454,26.178104,31.263577,-44.75776,-6.6050735,-0.13951886,-0.60070616,0.94023573,-0.2751622,0.27128667,0.038418237,0.4185566,0.75960267,-0.19209118,-0.5038181,0.09301257,-0.26892763,-0.7208474,-0.6162083,-0.84873974,0.3410461,-0.05576063,0.60496235,-0.91538,-0.1188546,0.55929714,-1.2383806,0.025818162,0.7324174,-1.2164083,0.026677767,0.6731736,-1.3147943,0.0,0.0,0.0,0.0,0.0,0.0,0.0,0.0,0.0,0.0,0.0,0.0,0.0,0.0,0.0,0.0,-1.8132367,-3.9515815,-0.3480779,0.72345376,50.0,50.0,50.0,50.0,50.0,50.0,50.0,50.0,50.0,50.0,50.0,50.0,0.0,0.0,0.0,0.0,1.0,1.0,1.0,1.0,1.0,1.0,1.0,1.0,1.0,1.0,1.0,1.0,0.5,0.5,0.5,0.5
1788446257.2552269,439,16.30827799999679,6.032344999766792,10687669,1,0.0,0.0,0.0,-0.0952605,0.47854447,-1.0324688,-0.042926095,0.6639482,-1.3534002,0.02051565,0.6917014,-1.2064251,-0.103203475,0.7194355,-1.35637,26.161572,31.25074,-44.772324,-6.5956573,-0.16664752,-0.28291324,0.89575154,-0.34492162,0.30229086,-0.04044025,0.31391743,0.7208474,-0.10312264,-0.4224321,0.29841533,-0.44484273,-1.1704081,-0.6665901,-0.6627146,0.7208474,-0.048963163,0.61476344,-0.9421005,-0.13086572,0.5533548,-1.2253537,0.021321418,0.73116726,-1.2006382,0.02539495,0.6848299,-1.3275795,0.0,0.0,0.0,0.0,0.0,0.0,0.0,0.0,0.0,0.0,0.0,0.0,0.0,0.0,0.0,0.0,-2.6486192,-3.74421,0.054334942,1.0221897,50.0,50.0,50.0,50.0,50.0,50.0,50.0,50.0,50.0,50.0,50.0,50.0,0.0,0.0,0.0,0.0,1.0,1.0,1.0,1.0,1.0,1.0,1.0,1.0,1.0,1.0,1.0,1.0,0.5,0.5,0.5,0.5
1788446257.2744403,440,15.455003000170109,5.975448999379296,10687690,1,0.0,0.0,0.0,-0.097289085,0.47915006,-1.0176988,-0.04901188,0.6683687,-1.354206,0.027903363,0.7069613,-1.2071991,-0.11059123,0.7240074,-1.3671751,26.13505,31.239052,-44.784344,-6.5804577,0.0077510476,0.25190905,0.5479654,-0.25190905,0.25190905,0.0,0.24028248,0.724723,0.020220125,-0.3100419,0.30616638,-0.75421065,-1.5347074,-0.5464489,-0.80610895,1.1277775,-0.04280362,0.6172939,-0.97018576,-0.13776791,0.5589425,-1.2091348,0.01598805,0.7265097,-1.1810597,0.020934137,0.7106723,-1.3467882,0.0,0.0,0.0,0.0,0.0,0.0,0.0,0.0,0.0,0.0,0.0,0.0,0.0,0.0,0.0,0.0,-3.4803772,-3.2128124,0.599101,1.4356458,50.0,50.0,50.0,50.0,50.0,50.0,50.0,50.0,50.0,50.0,50.0,50.0,0.0,0.0,0.0,0.0,1.0,1.0,1.0,1.0,1.0,1.0,1.0,1.0,1.0,1.0,1.0,1.0,0.5,0.5,0.5,0.5
1788446257.2971745,441,18.12359399991692,4.275332001270726,10687710,1,0.0,0.0,0.0,-0.0966835,0.49074638,-1.0115063,-0.05540044,0.6720625,-1.3546641,0.03126417,0.7178309,-1.2068832,-0.11440617,0.7277316,-1.3791492,26.09914,31.230818,-44.793972,-6.5579314,0.1472699,0.8758684,0.082902506,-0.41080552,0.21315381,-0.014154087,0.13564333,0.43018317,0.044484273,-0.15502095,0.14339438,-0.5722295,-2.0811563,-0.2751622,-0.41468105,1.2517942,-0.03676391,0.62622917,-1.0060852,-0.14425385,0.56319773,-1.2006269,0.0127772,0.72358054,-1.1567763,0.019687397,0.72699475,-1.3615315,0.0,0.0,0.0,0.0,0.0,0.0,0.0,0.0,0.0,0.0,0.0,0.0,0.0,0.0,0.0,0.0,-4.044166,-2.3363147,1.1484888,1.5393105,50.0,50.0,50.0,50.0,50.0,50.0,50.0,50.0,50.0,50.0,50.0,50.0,0.0,0.0,0.0,0.0,1.0,1.0,1.0,1.0,1.0,1.0,1.0,1.0,1.0,1.0,1.0,1.0,0.5,0.5,0.5,0.5
1788446257.3170676,442,17.948394999621087,6.151448000309756,10687729,1,0.0,0.0,0.0,-0.093262196,0.5146959,-1.0121381,-0.062243164,0.67502975,-1.3548062,0.027206987,0.72234225,-1.2061092,-0.115617335,0.7319099,-1.3906178,26.055147,31.228304,-44.800266,-6.5331645,0.30229086,1.3293047,0.032352198,-0.45343632,0.04263076,-0.050550308,-0.41468105,-0.015502095,-0.04044025,0.077510476,0.19765173,-0.7137704,-2.7399952,0.0038755238,-0.26353562,1.4843256,-0.02967635,0.64356536,-1.0556622,-0.14122126,0.57104963,-1.1796876,0.010089766,0.72260636,-1.1277964,0.010068873,0.7432965,-1.3500481,0.0,0.0,0.0,0.0,0.0,0.0,0.0,0.0,0.0,0.0,0.0,0.0,0.0,0.0,0.0,0.0,-4.135999,-1.3210633,1.721559,1.5632005,50.0,50.0,50.0,50.0,50.0,50.0,50.0,50.0,50.0,50.0,50.0,50.0,0.0,0.0,0.0,0.0,1.0,1.0,1.0,1.0,1.0,1.0,1.0,1.0,1.0,1.0,1.0,1.0,0.5,0.5,0.5,0.5
1788446257.3364968,443,16.62478700018255,4.880512000454473,10687750,1,0.0,0.0,0.0,-0.087055326,0.5407648,-1.0150607,-0.06829867,0.676695,-1.3546166,0.021423966,0.72249365,-1.2054931,-0.110894024,0.7363001,-1.4023392,25.993713,31.230303,-44.79406,-6.5048246,0.33717057,1.4184418,-0.21837734,-0.17439857,0.06975943,0.010110063,-0.1782741,-0.04263076,-0.030330187,0.3914279,0.15114543,-0.6773742,-3.4995983,0.17439857,0.5541999,1.464948,-0.02249207,0.65090406,-1.0978669,-0.1317788,0.61210907,-1.1770638,-0.0010323799,0.7015118,-1.0850377,-0.011810398,0.77862906,-1.3355446,0.0,0.0,0.0,0.0,0.0,0.0,0.0,0.0,0.0,0.0,0.0,0.0,0.0,0.0,0.0,0.0,-4.1065164,-0.56293756,2.066994,1.3943094,50.0,50.0,50.0,50.0,50.0,50.0,50.0,50.0,50.0,50.0,50.0,50.0,0.0,0.0,0.0,0.0,1.0,1.0,1.0,1.0,1.0,1.0,1.0,1.0,1.0,1.0,1.0,1.0,0.5,0.5,0.5,0.5
1788446257.3581104,444,17.7064440013055,4.696193998825038,10687772,1,0.0,0.0,0.0,-0.07621586,0.57301044,-1.0258498,-0.07241641,0.6771492,-1.354206,0.01869899,0.7241589,-1.205888,-0.100993216,0.7394187,-1.4122123,25.926437,31.23445,-44.780224,-6.4774537,0.7130964,1.7788655,-0.9260817,-0.13564333,-0.054257333,0.028308174,-0.077510476,0.05038181,-0.042462263,0.3604237,0.0077510476,-0.33161002,-3.336826,0.3720503,0.6782167,1.3099271,-0.023177836,0.65072453,-1.1142207,-0.11968198,0.6271974,-1.1817552,-0.003668665,0.69888014,-1.0819886,-0.026110994,0.7898824,-1.3285453,0.0,0.0,0.0,0.0,0.0,0.0,0.0,0.0,0.0,0.0,0.0,0.0,0.0,0.0,0.0,0.0,-3.6960015,0.13177201,2.234901,0.9307678,50.0,50.0,50.0,50.0,50.0,50.0,50.0,50.0,50.0,50.0,50.0,50.0,0.0,0.0,0.0,0.0,1.0,1.0,1.0,1.0,1.0,1.0,1.0,1.0,1.0,1.0,1.0,1.0,0.5,0.5,0.5,0.5
1788446257.3760798,445,15.132636999624083,4.784544000358437,10687792,1,0.0,0.0,0.0,-0.06392324,0.60567987,-1.0509355,-0.07562583,0.67539304,-1.3543165,0.015065685,0.71919334,-1.20573,-0.09823805,0.74144727,-1.4159088,25.867548,31.242958,-44.76342,-6.4561687,0.64333695,1.6897284,-1.8056571,-0.16664752,-0.23640695,0.0060660373,-0.12789229,-0.23253144,0.0060660373,-0.023253143,-0.16664752,-0.15569495,-3.232187,0.3759258,1.050267,0.8758684,-0.035544354,0.6601949,-1.102919,-0.10872047,0.64350533,-1.201959,-0.0009560101,0.7167183,-1.0966526,-0.035182457,0.781008,-1.304805,0.0,0.0,0.0,0.0,0.0,0.0,0.0,0.0,0.0,0.0,0.0,0.0,0.0,0.0,0.0,0.0,-2.9156473,0.45994133,2.298334,-0.24013339,50.0,50.0,50.0,50.0,50.0,50.0,50.0,50.0,50.0,50.0,50.0,50.0,0.0,0.0,0.0,0.0,1.0,1.0,1.0,1.0,1.0,1.0,1.0,1.0,1.0,1.0,1.0,1.0,0.5,0.5,0.5,0.5
1788446257.3965554,446,15.541626000413089,5.928345000938862,10687812,1,0.0,0.0,0.0,-0.05011666,0.63026524,-1.0819764,-0.079259135,0.6711542,-1.3543955,0.010978222,0.71195704,-1.2056984,-0.10181075,0.73960036,-1.4178677,25.811806,31.251225,-44.74241,-6.4521112,0.6665901,0.9533789,-1.3810345,-0.065883905,-0.33329505,-0.018198112,-0.2092783,-0.36817476,0.014154087,-0.325544,-0.08526152,-0.070770435,-2.937647,0.49606705,1.2052878,-0.096888095,-0.053344883,0.6650099,-1.07251,-0.09015561,0.66385126,-1.2236809,0.008580729,0.7434188,-1.1386065,-0.05641603,0.76616794,-1.2630737,0.0,0.0,0.0,0.0,0.0,0.0,0.0,0.0,0.0,0.0,0.0,0.0,0.0,0.0,0.0,0.0,-1.9100521,0.19182019,1.9490732,-1.8460922,50.0,50.0,50.0,50.0,50.0,50.0,50.0,50.0,50.0,50.0,50.0,50.0,0.0,0.0,0.0,0.0,1.0,1.0,1.0,1.0,1.0,1.0,1.0,1.0,1.0,1.0,1.0,1.0,0.5,0.5,0.5,0.5
1788446257.417253,447,16.16891799858422,5.940952998571447,10687832,1,0.0,0.0,0.0,-0.042305112,0.6541239,-1.0976629,-0.08053079,0.6665217,-1.3547115,0.007647693,0.7073852,-1.2057774,-0.106534064,0.7368754,-1.4178202,25.765936,31.262548,-44.71652,-6.459681,0.33717057,0.9611299,-0.4407987,-0.11626572,-0.29841533,0.010110063,-0.25190905,-0.51156914,-0.0020220124,-0.24415801,0.011626571,-0.0060660373,-2.5190904,0.5464489,1.2634208,-0.6084572,-0.07192366,0.63530463,-1.0208323,-0.068779066,0.6793407,-1.2581533,0.018898776,0.7582765,-1.2080226,-0.0813051,0.7388641,-1.2280935,0.0,0.0,0.0,0.0,0.0,0.0,0.0,0.0,0.0,0.0,0.0,0.0,0.0,0.0,0.0,0.0,-0.9314395,-0.1809031,1.631311,-3.5262413,50.0,50.0,50.0,50.0,50.0,50.0,50.0,50.0,50.0,50.0,50.0,50.0,0.0,0.0,0.0,0.0,1.0,1.0,1.0,1.0,1.0,1.0,1.0,1.0,1.0,1.0,1.0,1.0,0.5,0.5,0.5,0.5
1788446257.437199,448,16.044470999986515,4.119076998904347,10687852,1,0.0,0.0,0.0,-0.03794515,0.66995907,-1.094851,-0.08225661,0.6648867,-1.3551381,0.005528271,0.70208657,-1.2091738,-0.113740146,0.73514956,-1.415735,25.73021,31.271086,-44.698112,-6.4781504,0.10851467,0.6200838,0.47719494,-0.2092783,-0.09301257,0.02426415,-0.3914279,-0.24803352,-0.28510374,-0.41080552,0.12789229,0.018198112,-1.8137453,0.30616638,0.70534533,-1.3719355,-0.08463272,0.5967915,-0.9658916,-0.046591528,0.7239297,-1.3022442,0.025121247,0.7612515,-1.2540586,-0.11029969,0.7292044,-1.2016565,0.0,0.0,0.0,0.0,0.0,0.0,0.0,0.0,0.0,0.0,0.0,0.0,0.0,0.0,0.0,0.0,0.53224033,-0.759928,1.4425116,-4.487929,50.0,50.0,50.0,50.0,50.0,50.0,50.0,50.0,50.0,50.0,50.0,50.0,0.0,0.0,0.0,0.0,1.0,1.0,1.0,1.0,1.0,1.0,1.0,1.0,1.0,1.0,1.0,1.0,0.5,0.5,0.5,0.5
1788446257.4592128,449,17.98797899937199,6.59342899962212,10687872,1,0.0,0.0,0.0,-0.04457593,0.6700196,-1.0895274,-0.079440795,0.6639179,-1.3574128,0.0014710873,0.7021471,-1.2226802,-0.12194532,0.7343018,-1.4142501,25.69984,31.272993,-44.688362,-6.5091243,-0.569702,-0.12789229,0.2547736,-0.15502095,0.0038755238,-0.07885849,-0.31779295,0.22090487,-0.91597164,-0.39530346,0.13564333,0.12536478,-1.154906,0.015502095,0.7092209,-1.9532641,-0.08377311,0.592652,-0.960811,-0.03299527,0.77118266,-1.3012689,0.024464943,0.7563884,-1.2892956,-0.13350412,0.74141705,-1.1650909,0.0,0.0,0.0,0.0,0.0,0.0,0.0,0.0,0.0,0.0,0.0,0.0,0.0,0.0,0.0,0.0,2.2541678,-2.220968,1.3580313,-4.8402147,50.0,50.0,50.0,50.0,50.0,50.0,50.0,50.0,50.0,50.0,50.0,50.0,0.0,0.0,0.0,0.0,1.0,1.0,1.0,1.0,1.0,1.0,1.0,1.0,1.0,1.0,1.0,1.0,0.5,0.5,0.5,0.5
1788446257.4791844,450,17.27348699932918,7.875981000324828,10687892,1,0.0,0.0,0.0,-0.05114615,0.6636008,-1.0808866,-0.08019774,0.668187,-1.3629575,-0.000103354454,0.70687044,-1.2403728,-0.1270017,0.73536146,-1.4143765,25.69442,31.269905,-44.68037,-6.5542374,-0.2945398,-0.4224321,0.65917605,-0.06200838,0.2751622,-0.51763517,0.054257333,0.2790377,-0.98472005,-0.08526152,0.28291324,-0.022242136,0.21702933,-0.32166848,0.43018317,-2.6392317,-0.067502365,0.5840884,-0.9881445,-0.03226663,0.7826717,-1.277559,0.024368662,0.73457766,-1.2908237,-0.13422942,0.7573594,-1.169911,0.0,0.0,0.0,0.0,0.0,0.0,0.0,0.0,0.0,0.0,0.0,0.0,0.0,0.0,0.0,0.0,3.53507,-4.088559,1.1596739,-4.627564,50.0,50.0,50.0,50.0,50.0,50.0,50.0,50.0,50.0,50.0,50.0,50.0,0.0,0.0,0.0,0.0,1.0,1.0,1.0,1.0,1.0,1.0,1.0,1.0,1.0,1.0,1.0,1.0,0.5,0.5,0.5,0.5
1788446257.5173182,451,28.508805999081233,10.018877999755205,10687918,1,0.0,0.0,0.0,-0.05375004,0.6582719,-1.0785012,-0.08189328,0.6757564,-1.3698924,0.0048621595,0.71562064,-1.2604982,-0.12900001,0.7448989,-1.4138552,25.712223,31.243896,-44.66829,-6.6157618,-0.14339438,-0.23253144,0.04044025,-0.13176781,0.22478038,-0.12132075,0.13176781,0.39917895,-0.7461226,-0.077510476,0.3720503,-0.0080880495,1.0851467,-2.1819198,0.31391743,-2.9919045,-0.0412945,0.55896443,-1.0669678,-0.040674344,0.77666765,-1.2055875,0.008256001,0.6777915,-1.2540104,-0.120154716,0.8044435,-1.2354289,0.0,0.0,0.0,0.0,0.0,0.0,0.0,0.0,0.0,0.0,0.0,0.0,0.0,0.0,0.0,0.0,4.4176836,-6.6688232,1.2192788,-4.1702013,50.0,50.0,50.0,50.0,50.0,50.0,50.0,50.0,50.0,50.0,50.0,50.0,0.0,0.0,0.0,0.0,1.0,1.0,1.0,1.0,1.0,1.0,1.0,1.0,1.0,1.0,1.0,1.0,0.5,0.5,0.5,0.5
1788446257.5313318,452,13.169449999622884,3.5459929986245697,10687948,1,0.0,0.0,0.0,-0.056141973,0.6492795,-1.079607,-0.08446687,0.6869288,-1.370698,0.013824314,0.72237253,-1.2753315,-0.12869722,0.75573826,-1.4136498,25.768692,31.161087,-44.65557,-6.703809,-0.096888095,-0.47668946,0.026286162,-0.065883905,0.6239593,-0.10514465,0.22090487,0.08526152,-0.1941132,0.13564333,0.2751622,-0.0080880495,2.29431,-3.5112247,0.5503244,-3.0771658,-0.026333494,0.583191,-1.1199049,-0.082201816,0.72800183,-1.1560872,-0.008631625,0.64616174,-1.1607163,-0.06958218,0.820976,-1.3295741,0.0,0.0,0.0,0.0,0.0,0.0,0.0,0.0,0.0,0.0,0.0,0.0,0.0,0.0,0.0,0.0,5.7637043,-7.8737497,1.3959823,-3.0496874,50.0,50.0,50.0,50.0,50.0,50.0,50.0,50.0,50.0,50.0,50.0,50.0,0.0,0.0,0.0,0.0,1.0,1.0,1.0,1.0,1.0,1.0,1.0,1.0,1.0,1.0,1.0,1.0,0.5,0.5,0.5,0.5
1788446257.5511062,453,12.33271999990393,4.096196998943924,10687970,1,0.0,0.0,0.0,-0.05217552,0.6406201,-1.0863206,-0.08749462,0.69779843,-1.3682969,0.0139454305,0.71410674,-1.2741467,-0.12394363,0.77211845,-1.4153401,25.826975,31.073708,-44.642006,-6.7655144,0.32941952,-0.31391743,-0.4994371,-0.10076362,0.52707124,0.076836474,-0.15502095,-0.23640695,0.3073459,0.43018317,0.28678876,-0.046506286,3.801889,-4.720388,0.7285985,-3.1352987,-0.014616959,0.63813466,-1.1860272,-0.12852448,0.65202624,-1.1277969,-0.019910177,0.6422696,-1.0595565,-0.019995105,0.82450175,-1.4185467,0.0,0.0,0.0,0.0,0.0,0.0,0.0,0.0,0.0,0.0,0.0,0.0,0.0,0.0,0.0,0.0,6.584615,-7.6339107,1.2544097,-1.3133634,50.0,50.0,50.0,50.0,50.0,50.0,50.0,50.0,50.0,50.0,50.0,50.0,0.0,0.0,0.0,0.0,1.0,1.0,1.0,1.0,1.0,1.0,1.0,1.0,1.0,1.0,1.0,1.0,0.5,0.5,0.5,0.5
1788446257.571233,454,12.34952000049816,4.664258000047994,10687990,1,0.0,0.0,0.0,-0.04890561,0.63441324,-1.1040606,-0.090976536,0.7049136,-1.3655481,0.010281846,0.70166266,-1.2602928,-0.11225647,0.78153473,-1.4224961,25.90161,30.980331,-44.622326,-6.8182273,0.18990067,-0.2596601,-1.0979527,0.015502095,0.7363495,-0.07885849,0.12789229,-0.7208474,0.45495284,0.38367686,0.42630762,-0.2709497,4.371591,-5.47224,1.5385829,-3.0345352,-0.0109501975,0.7099068,-1.2028929,-0.14332771,0.5905014,-1.1379689,-0.017509384,0.6680368,-1.0167974,-0.00054747006,0.8173692,-1.4570814,0.0,0.0,0.0,0.0,0.0,0.0,0.0,0.0,0.0,0.0,0.0,0.0,0.0,0.0,0.0,0.0,5.962841,-5.67821,0.36904693,0.14452156,50.0,50.0,50.0,50.0,50.0,50.0,50.0,50.0,50.0,50.0,50.0,50.0,0.0,0.0,0.0,0.0,1.0,1.0,1.0,1.0,1.0,1.0,1.0,1.0,1.0,1.0,1.0,1.0,0.5,0.5,0.5,0.5
1788446257.5970976,455,18.148426001062035,6.115735999628669,10688010,1,0.0,0.0,0.0,-0.0427593,0.63253605,-1.1396829,-0.09451901,0.70975804,-1.3646319,0.012037933,0.68431365,-1.2470233,-0.103597105,0.78743887,-1.4307737,25.984934,30.881384,-44.593685,-6.8578,0.33329505,-0.64721245,-2.2848742,0.4379342,0.82161105,-0.044484273,0.25578457,-0.81386006,0.42462263,0.577453,0.12401676,-0.161761,5.54975,-5.3676004,1.1626571,-1.7168571,-0.01310548,0.7733794,-1.2010477,-0.13869537,0.56850386,-1.1716828,-0.0076962737,0.69682914,-0.99196905,-0.0038139494,0.8053907,-1.4290468,0.0,0.0,0.0,0.0,0.0,0.0,0.0,0.0,0.0,0.0,0.0,0.0,0.0,0.0,0.0,0.0,4.199806,-2.7362072,-0.4127149,1.1229758,50.0,50.0,50.0,50.0,50.0,50.0,50.0,50.0,50.0,50.0,50.0,50.0,0.0,0.0,0.0,0.0,1.0,1.0,1.0,1.0,1.0,1.0,1.0,1.0,1.0,1.0,1.0,1.0,0.5,0.5,0.5,0.5
1788446257.6181107,456,19.097923999652267,6.055800999092753,10688030,1,0.0,0.0,0.0,-0.03509903,0.63526106,-1.1667905,-0.09288402,0.71436024,-1.3649163,0.0121590495,0.67774343,-1.2431372,-0.09654242,0.7871058,-1.4363658,26.07858,30.81665,-44.57688,-6.874695,0.51156914,0.162772,-1.603456,0.011626571,0.33717057,-0.018198112,-0.16664752,-0.43405867,-0.06268239,0.40693003,-0.13951886,-0.39833644,4.549865,-2.7709997,0.5076936,-0.23640695,-0.023344444,0.77658266,-1.1473551,-0.1248843,0.580019,-1.2551947,0.00726443,0.7238854,-1.0111253,-0.011360515,0.7847273,-1.3810804,0.0,0.0,0.0,0.0,0.0,0.0,0.0,0.0,0.0,0.0,0.0,0.0,0.0,0.0,0.0,0.0,0.93163615,0.75261974,-0.88575435,0.98588914,50.0,50.0,50.0,50.0,50.0,50.0,50.0,50.0,50.0,50.0,50.0,50.0,0.0,0.0,0.0,0.0,1.0,1.0,1.0,1.0,1.0,1.0,1.0,1.0,1.0,1.0,1.0,1.0,0.5,0.5,0.5,0.5
1788446257.6373947,457,18.11127400105761,7.863148000978981,10688050,1,0.0,0.0,0.0,-0.025924921,0.6479776,-1.19126,-0.09361068,0.71635854,-1.3655167,0.00867714,0.67371655,-1.2428213,-0.0892759,0.7867727,-1.4349757,26.151339,30.783255,-44.573246,-6.8725758,0.5735775,0.7130964,-1.4497828,0.11626572,0.027128667,0.026286162,-0.30229086,-0.162772,0.044484273,0.48831603,0.162772,0.5944717,3.476345,-0.49606705,-0.13176781,0.48056495,-0.034380477,0.7119358,-1.0945394,-0.08911407,0.599504,-1.2877669,0.014504224,0.7234229,-1.1023494,-0.034189593,0.743877,-1.3023392,0.0,0.0,0.0,0.0,0.0,0.0,0.0,0.0,0.0,0.0,0.0,0.0,0.0,0.0,0.0,0.0,-1.9257969,3.4756308,-0.7065557,0.04395999,50.0,50.0,50.0,50.0,50.0,50.0,50.0,50.0,50.0,50.0,50.0,50.0,0.0,0.0,0.0,0.0,1.0,1.0,1.0,1.0,1.0,1.0,1.0,1.0,1.0,1.0,1.0,1.0,0.5,0.5,0.5,0.5
1788446257.6552827,458,15.323996000006446,5.581916000664933,10688070,1,0.0,0.0,0.0,-0.011422038,0.66023993,-1.2141182,-0.09306569,0.71378493,-1.3686602,0.007920191,0.67295957,-1.2434058,-0.077679574,0.78444135,-1.4203004,26.19394,30.791641,-44.582603,-6.8630986,0.90687263,0.7363495,-0.14356288,0.011626571,-0.14339438,-0.1455849,-0.06975943,-0.14339438,0.0080880495,0.65496355,-0.18214962,1.30622,0.90687263,1.4068152,-1.0812712,0.45343632,-0.046232764,0.6274243,-1.0214778,-0.05246771,0.6649084,-1.3401506,0.01726244,0.7254689,-1.1849055,-0.058538727,0.7182537,-1.2449311,0.0,0.0,0.0,0.0,0.0,0.0,0.0,0.0,0.0,0.0,0.0,0.0,0.0,0.0,0.0,0.0,-2.93336,4.9922733,-0.3306884,-1.3256726,50.0,50.0,50.0,50.0,50.0,50.0,50.0,50.0,50.0,50.0,50.0,50.0,0.0,0.0,0.0,0.0,1.0,1.0,1.0,1.0,1.0,1.0,1.0,1.0,1.0,1.0,1.0,1.0,0.5,0.5,0.5,0.5
1788446257.674591,459,14.278946999183972,6.078743999751168,10688092,1,0.0,0.0,0.0,-0.0014001131,0.6661744,-1.2110536,-0.089886546,0.7044595,-1.3701767,0.0064971447,0.67256594,-1.2488873,-0.06511444,0.7703926,-1.3806815,26.17223,30.840298,-44.604404,-6.8617663,-0.24028248,0.077510476,-0.17389306,0.038755238,-0.52707124,-0.16580501,-0.11626572,0.10851467,-0.29521382,0.8293621,-0.4224321,2.0482986,-2.7322443,3.1469252,-1.1161509,-0.2092783,-0.057069723,0.5979463,-1.0082946,-0.025399925,0.71470296,-1.3170769,0.013625537,0.7278658,-1.2799429,-0.07629816,0.70676786,-1.1438557,0.0,0.0,0.0,0.0,0.0,0.0,0.0,0.0,0.0,0.0,0.0,0.0,0.0,0.0,0.0,0.0,-2.1242962,4.469002,-0.25090712,-2.3293276,50.0,50.0,50.0,50.0,50.0,50.0,50.0,50.0,50.0,50.0,50.0,50.0,0.0,0.0,0.0,0.0,1.0,1.0,1.0,1.0,1.0,1.0,1.0,1.0,1.0,1.0,1.0,1.0,0.5,0.5,0.5,0.5
1788446257.6951118,460,14.313857998786261,5.88722499924188,10688111,1,0.0,0.0,0.0,-0.009484291,0.6527009,-1.2025864,-0.0806519,0.6947707,-1.3796706,0.007617414,0.67398906,-1.2583023,-0.061359942,0.7531949,-1.3591819,26.126844,30.902548,-44.623173,-6.873302,-0.25578457,-0.44180974,1.0575125,0.12401676,-0.4921915,-0.6187358,0.054257333,-0.027128667,-0.20422325,0.12014124,-0.5193202,0.28914776,-2.3640695,4.263076,-0.82161105,-0.2906643,-0.046609048,0.5802273,-1.0155798,-0.013037277,0.79834974,-1.3098831,0.013860742,0.7125088,-1.3140812,-0.09766669,0.7413966,-1.0930723,0.0,0.0,0.0,0.0,0.0,0.0,0.0,0.0,0.0,0.0,0.0,0.0,0.0,0.0,0.0,0.0,-0.23429699,2.9535916,-0.3004284,-1.9702592,50.0,50.0,50.0,50.0,50.0,50.0,50.0,50.0,50.0,50.0,50.0,50.0,0.0,0.0,0.0,0.0,1.0,1.0,1.0,1.0,1.0,1.0,1.0,1.0,1.0,1.0,1.0,1.0,0.5,0.5,0.5,0.5
1788446257.717147,461,16.281812999295653,7.892396000897861,10688132,1,0.0,0.0,0.0,-0.013935089,0.6435571,-1.1884323,-0.077109426,0.6857177,-1.3826089,0.009736851,0.6760782,-1.2718719,-0.0657199,0.7443236,-1.3483768,26.096294,30.971762,-44.640614,-6.8856254,-0.41468105,-0.1782741,0.49539304,-0.15889648,-0.8448642,0.032352198,0.10463915,0.38367686,-0.649066,0.16664752,-0.39917895,0.47517294,-1.2595452,3.14305,-0.6704656,-1.2556697,-0.03688917,0.56623405,-1.0722563,-0.005711267,0.83166313,-1.2884351,0.015226145,0.6901379,-1.3266652,-0.10907862,0.7568233,-1.0877322,0.0,0.0,0.0,0.0,0.0,0.0,0.0,0.0,0.0,0.0,0.0,0.0,0.0,0.0,0.0,0.0,1.230125,-0.14511652,-0.58899784,-1.831855,50.0,50.0,50.0,50.0,50.0,50.0,50.0,50.0,50.0,50.0,50.0,50.0,0.0,0.0,0.0,0.0,1.0,1.0,1.0,1.0,1.0,1.0,1.0,1.0,1.0,1.0,1.0,1.0,0.5,0.5,0.5,0.5
1788446257.735061,462,14.12902700030827,5.881146000319859,10688152,1,0.0,0.0,0.0,-0.017659187,0.6403779,-1.1832668,-0.079319686,0.6815697,-1.3827038,0.012370989,0.6834356,-1.2865473,-0.06765765,0.7452017,-1.3422949,26.089603,31.009155,-44.649426,-6.9086056,-0.1782741,-0.15114543,0.2749937,-0.20152724,-0.23640695,-0.04044025,0.096888095,0.3720503,-0.80476093,-0.10076362,0.03100419,0.0080880495,0.05038181,1.5385829,-0.577453,-1.5812138,-0.020591889,0.55036294,-1.1152556,-0.007864353,0.83693653,-1.2631202,0.0105043575,0.66068137,-1.2900225,-0.107878275,0.77105767,-1.1333399,0.0,0.0,0.0,0.0,0.0,0.0,0.0,0.0,0.0,0.0,0.0,0.0,0.0,0.0,0.0,0.0,2.2236874,-3.229041,-0.18197477,-1.2738023,50.0,50.0,50.0,50.0,50.0,50.0,50.0,50.0,50.0,50.0,50.0,50.0,0.0,0.0,0.0,0.0,1.0,1.0,1.0,1.0,1.0,1.0,1.0,1.0,1.0,1.0,1.0,1.0,0.5,0.5,0.5,0.5
1788446257.7571623,463,16.160213999683037,5.960632999631343,10688171,1,0.0,0.0,0.0,-0.020263076,0.637774,-1.1833615,-0.07907747,0.68396163,-1.3807449,0.015186802,0.68746257,-1.3007488,-0.0678696,0.7512269,-1.3422791,26.101078,31.014181,-44.660053,-6.9353104,-0.29841533,-0.038755238,-0.101100616,-0.046506286,0.3759258,-0.028308174,0.06975943,0.11626572,-0.7259025,-0.10076362,0.20152724,-0.0020220124,0.9417523,-0.4379342,-0.29841533,-1.7207327,-0.008696959,0.55930436,-1.1450032,-0.027562689,0.7824623,-1.221534,0.01322919,0.65698993,-1.2327203,-0.0812968,0.77502394,-1.2086997,0.0,0.0,0.0,0.0,0.0,0.0,0.0,0.0,0.0,0.0,0.0,0.0,0.0,0.0,0.0,0.0,3.2856688,-6.4147654,0.37579685,-0.7342613,50.0,50.0,50.0,50.0,50.0,50.0,50.0,50.0,50.0,50.0,50.0,50.0,0.0,0.0,0.0,0.0,1.0,1.0,1.0,1.0,1.0,1.0,1.0,1.0,1.0,1.0,1.0,1.0,0.5,0.5,0.5,0.5
1788446257.779147,464,18.064394000248285,5.848218001119676,10688191,1,0.0,0.0,0.0,-0.02044475,0.6342921,-1.1876899,-0.074838616,0.69613314,-1.3785175,0.01452069,0.68691754,-1.3013806,-0.067809045,0.757676,-1.343685,26.126663,30.982117,-44.66063,-6.9610767,0.0077510476,-0.20540276,-0.35991824,0.31391743,0.81773555,0.042462263,0.0,-0.05038181,0.36598426,-0.07363495,-0.015502095,0.036396224,1.9222598,-2.9996555,0.10851467,-1.4610726,0.0003988885,0.56219107,-1.1617407,-0.06408994,0.6983837,-1.1778585,-0.0037139766,0.619022,-1.1422257,-0.037095666,0.798894,-1.3277754,0.0,0.0,0.0,0.0,0.0,0.0,0.0,0.0,0.0,0.0,0.0,0.0,0.0,0.0,0.0,0.0,4.175641,-7.84039,-0.025858954,0.8355242,50.0,50.0,50.0,50.0,50.0,50.0,50.0,50.0,50.0,50.0,50.0,50.0,0.0,0.0,0.0,0.0,1.0,1.0,1.0,1.0,1.0,1.0,1.0,1.0,1.0,1.0,1.0,1.0,0.5,0.5,0.5,0.5
1788446257.7971177,465,15.964374999384745,5.897401000765967,10688212,1,0.0,0.0,0.0,-0.02050531,0.63099194,-1.199269,-0.06941894,0.7098186,-1.3750263,0.014762923,0.6846467,-1.2876374,-0.066598,0.75846326,-1.3481398,26.173986,30.90512,-44.650726,-6.9842997,-0.077510476,-0.16664752,-0.6349119,0.44180974,0.85261524,0.26892763,-0.0077510476,-0.28678876,0.5135912,0.023253143,0.18602514,-0.16580501,2.5849745,-5.8055344,0.64333695,-0.93787676,0.000738887,0.6255095,-1.195454,-0.08350371,0.6373257,-1.1484962,-0.0048580198,0.63073707,-1.0773251,-0.0067596706,0.8027375,-1.3862522,0.0,0.0,0.0,0.0,0.0,0.0,0.0,0.0,0.0,0.0,0.0,0.0,0.0,0.0,0.0,0.0,4.9307995,-7.2598214,-0.44023967,2.3890789,50.0,50.0,50.0,50.0,50.0,50.0,50.0,50.0,50.0,50.0,50.0,50.0,0.0,0.0,0.0,0.0,1.0,1.0,1.0,1.0,1.0,1.0,1.0,1.0,1.0,1.0,1.0,1.0,0.5,0.5,0.5,0.5
1788446257.8212426,466,19.344098000146914,7.82849299866939,10688231,1,0.0,0.0,0.0,-0.019596934,0.6235436,-1.210406,-0.06826839,0.7150264,-1.3733361,0.010554343,0.6702952,-1.276927,-0.055819213,0.7621571,-1.3591344,26.229515,30.789158,-44.641552,-6.9955025,0.22478038,-0.44956076,-0.5196572,0.20540276,0.9611299,0.076836474,-0.18602514,-0.5735775,0.5661635,0.13564333,0.40693003,-0.968544,3.2980707,-5.9644313,0.4185566,0.019377619,0.0045490763,0.6966137,-1.2213285,-0.08155863,0.5789632,-1.1288497,-0.002409941,0.66062164,-1.045944,-0.0014532907,0.7935334,-1.3866788,0.0,0.0,0.0,0.0,0.0,0.0,0.0,0.0,0.0,0.0,0.0,0.0,0.0,0.0,0.0,0.0,4.0961733,-4.878729,-1.1595445,3.2985158,50.0,50.0,50.0,50.0,50.0,50.0,50.0,50.0,50.0,50.0,50.0,50.0,0.0,0.0,0.0,0.0,1.0,1.0,1.0,1.0,1.0,1.0,1.0,1.0,1.0,1.0,1.0,1.0,0.5,0.5,0.5,0.5
1788446257.8372138,467,15.10671799951524,4.853408001508797,10688252,1,0.0,0.0,0.0,-0.013662577,0.6229683,-1.2181306,-0.06996393,0.7278943,-1.3728148,0.013097659,0.6611816,-1.264558,-0.049854457,0.767274,-1.3785015,26.292492,30.699265,-44.635315,-6.986086,0.4650629,-0.162772,-0.4731509,0.51156914,0.54257333,-0.026286162,0.2596601,-0.43405867,0.36800626,0.24028248,0.20540276,-1.0514464,3.759258,-4.635126,0.23253144,1.050267,-0.0039776694,0.7457835,-1.1845467,-0.081721276,0.57265884,-1.2064162,0.0140411835,0.69544566,-1.0228914,0.0006581368,0.7632399,-1.3572966,0.0,0.0,0.0,0.0,0.0,0.0,0.0,0.0,0.0,0.0,0.0,0.0,0.0,0.0,0.0,0.0,1.5608817,-1.9891727,-1.8300366,3.197548,50.0,50.0,50.0,50.0,50.0,50.0,50.0,50.0,50.0,50.0,50.0,50.0,0.0,0.0,0.0,0.0,1.0,1.0,1.0,1.0,1.0,1.0,1.0,1.0,1.0,1.0,1.0,1.0,0.5,0.5,0.5,0.5
1788446257.8573203,468,15.03567799954908,6.094584001402836,10688273,1,0.0,0.0,0.0,-0.008697033,0.6174276,-1.2256815,-0.06584619,0.73685646,-1.3697028,0.013824314,0.66078806,-1.2620146,-0.048370898,0.76851535,-1.3854207,26.359074,30.629597,-44.632168,-6.958685,0.1472699,-0.3914279,-0.33363205,0.19377619,0.081386,0.3882264,-0.13951886,0.0,0.03437421,-0.10463915,0.1782741,-0.0040440247,3.0577884,-2.3563185,-0.27128667,1.9571395,-0.014180777,0.74748516,-1.1356312,-0.07589899,0.5942998,-1.2669175,0.020259326,0.7177242,-1.0513453,-0.0064523323,0.72450304,-1.2990658,0.0,0.0,0.0,0.0,0.0,0.0,0.0,0.0,0.0,0.0,0.0,0.0,0.0,0.0,0.0,0.0,-1.4045188,1.2054749,-2.383783,2.2808316,50.0,50.0,50.0,50.0,50.0,50.0,50.0,50.0,50.0,50.0,50.0,50.0,0.0,0.0,0.0,0.0,1.0,1.0,1.0,1.0,1.0,1.0,1.0,1.0,1.0,1.0,1.0,1.0,0.5,0.5,0.5,0.5
1788446257.8771102,469,14.244002999475924,4.971487000148045,10688294,1,0.0,0.0,0.0,-0.007818937,0.6174276,-1.2289832,-0.065180086,0.7387942,-1.3673017,0.014217928,0.6641791,-1.2610195,-0.04897648,0.76494265,-1.3807921,26.391531,30.616304,-44.64352,-6.9248347,0.034879714,-0.015502095,-0.042462263,0.12789229,0.027128667,-0.010110063,-0.10076362,0.12789229,0.026286162,0.11239019,0.038755238,0.15771697,0.64333695,0.40693003,-1.1781592,2.03465,-0.012268014,0.6904951,-1.0889815,-0.05184996,0.6467286,-1.3126094,0.012427871,0.7123461,-1.1363345,-0.029796794,0.70863205,-1.1991389,0.0,0.0,0.0,0.0,0.0,0.0,0.0,0.0,0.0,0.0,0.0,0.0,0.0,0.0,0.0,0.0,-3.7764442,3.2094457,-2.2908087,0.87851536,50.0,50.0,50.0,50.0,50.0,50.0,50.0,50.0,50.0,50.0,50.0,50.0,0.0,0.0,0.0,0.0,1.0,1.0,1.0,1.0,1.0,1.0,1.0,1.0,1.0,1.0,1.0,1.0,0.5,0.5,0.5,0.5
1788446257.8972795,470,14.341027001137263,4.909216000669403,10688313,1,0.0,0.0,0.0,-0.007183194,0.6213939,-1.2259501,-0.06269732,0.7357059,-1.3691182,0.014248192,0.6679335,-1.2613195,-0.048582852,0.7498039,-1.3775221,26.375452,30.640495,-44.671227,-6.89053,0.11239019,0.096888095,0.050550308,0.12014124,-0.53094673,-0.038418237,0.038755238,0.15114543,0.0485283,-0.16664752,-0.4650629,0.113232695,-1.8641269,2.0540276,-1.9765172,1.9842682,-0.015368575,0.6198858,-1.0566733,-0.029915525,0.72506744,-1.307883,-0.0018198136,0.7026936,-1.2238536,-0.061028667,0.73520905,-1.1440932,0.0,0.0,0.0,0.0,0.0,0.0,0.0,0.0,0.0,0.0,0.0,0.0,0.0,0.0,0.0,0.0,-4.573421,3.3153796,-1.915473,-0.4152201,50.0,50.0,50.0,50.0,50.0,50.0,50.0,50.0,50.0,50.0,50.0,50.0,0.0,0.0,0.0,0.0,1.0,1.0,1.0,1.0,1.0,1.0,1.0,1.0,1.0,1.0,1.0,1.0,0.5,0.5,0.5,0.5
1788446257.9191244,471,16.1152230011794,5.928728998696897,10688333,1,0.0,0.0,0.0,-0.007940054,0.6221508,-1.2200578,-0.057156533,0.72780347,-1.3746631,0.013854593,0.6704768,-1.2639103,-0.05006641,0.7348165,-1.363842,26.318924,30.686125,-44.70768,-6.862917,-0.17052305,0.13951886,0.3396981,0.22090487,-0.651088,-0.43068865,-0.06200838,-0.054257333,0.0808805,-0.096888095,-1.0037607,0.7501666,-3.3988345,3.1352987,-2.4338288,0.86811733,-0.032578155,0.5609926,-1.0392069,-0.023945676,0.76157707,-1.2921172,-0.003650275,0.6847509,-1.2644978,-0.07248548,0.7516057,-1.142844,0.0,0.0,0.0,0.0,0.0,0.0,0.0,0.0,0.0,0.0,0.0,0.0,0.0,0.0,0.0,0.0,-4.1848907,3.027482,-1.5673815,-1.3291305,50.0,50.0,50.0,50.0,50.0,50.0,50.0,50.0,50.0,50.0,50.0,50.0,0.0,0.0,0.0,0.0,1.0,1.0,1.0,1.0,1.0,1.0,1.0,1.0,1.0,1.0,1.0,1.0,0.5,0.5,0.5,0.5
1788446257.9391983,472,16.12322300024971,4.730112999823177,10688354,1,0.0,0.0,0.0,-0.010210872,0.61918366,-1.2156347,-0.054794893,0.72326183,-1.378328,0.009676293,0.671476,-1.2683966,-0.05557698,0.7259149,-1.3495773,26.2584,30.743107,-44.74477,-6.8562255,-0.05813286,0.06975943,0.24870755,-0.054257333,-0.4921915,-0.14154087,-0.07363495,0.10463915,0.08492453,-0.18990067,-0.70534533,0.4650629,-3.1740541,2.5268416,-1.8137453,-0.11626572,-0.029407574,0.53256625,-1.0750151,-0.01959607,0.7823498,-1.2520303,-0.0005199569,0.65780896,-1.2667803,-0.08003293,0.7687597,-1.1703899,0.0,0.0,0.0,0.0,0.0,0.0,0.0,0.0,0.0,0.0,0.0,0.0,0.0,0.0,0.0,0.0,-2.9105077,1.7767086,-1.0296868,-1.1866246,50.0,50.0,50.0,50.0,50.0,50.0,50.0,50.0,50.0,50.0,50.0,50.0,0.0,0.0,0.0,0.0,1.0,1.0,1.0,1.0,1.0,1.0,1.0,1.0,1.0,1.0,1.0,1.0,0.5,0.5,0.5,0.5
1788446257.9591858,473,14.924414999768487,4.112070000701351,10688375,1,0.0,0.0,0.0,-0.015781999,0.6169734,-1.2102005,-0.056732655,0.71608603,-1.3784543,0.008495465,0.6749579,-1.2701501,-0.060058057,0.72231185,-1.3447435,26.200691,30.78171,-44.779892,-6.869366,-0.08913705,0.26741114,0.56414145,-0.096888095,-0.24803352,-0.02426415,0.05038181,0.3759258,-0.044484273,-0.12789229,0.15114543,0.13749684,-2.5578458,1.5037032,-1.383562,-1.0347649,-0.024276612,0.5504915,-1.1170312,-0.017665077,0.7749232,-1.232606,0.0061492156,0.65793175,-1.2422419,-0.07878922,0.7496523,-1.1724343,0.0,0.0,0.0,0.0,0.0,0.0,0.0,0.0,0.0,0.0,0.0,0.0,0.0,0.0,0.0,0.0,-1.2228806,-0.27350372,-0.69531786,-1.4898807,50.0,50.0,50.0,50.0,50.0,50.0,50.0,50.0,50.0,50.0,50.0,50.0,0.0,0.0,0.0,0.0,1.0,1.0,1.0,1.0,1.0,1.0,1.0,1.0,1.0,1.0,1.0,1.0,0.5,0.5,0.5,0.5
1788446257.9791768,474,14.849055000013323,4.717697000160115,10688396,1,0.0,0.0,0.0,-0.016296744,0.6189414,-1.2067094,-0.056732655,0.7128161,-1.3743944,0.009888232,0.675079,-1.2718087,-0.06002778,0.7279738,-1.3451226,26.172625,30.797,-44.796787,-6.891499,-0.034879714,0.13951886,0.2426415,0.0,-0.162772,0.10918867,0.015502095,0.31391743,-0.14962892,0.0,0.2790377,0.032352198,-0.895246,0.46893838,-0.68984324,-1.3913131,-0.01737434,0.57920927,-1.1362083,-0.033283457,0.76244706,-1.2295438,0.011243653,0.66612494,-1.1977322,-0.06496902,0.7409005,-1.1910409,0.0,0.0,0.0,0.0,0.0,0.0,0.0,0.0,0.0,0.0,0.0,0.0,0.0,0.0,0.0,0.0,0.39469853,-2.2786875,-0.017097602,-1.268671,50.0,50.0,50.0,50.0,50.0,50.0,50.0,50.0,50.0,50.0,50.0,50.0,0.0,0.0,0.0,0.0,1.0,1.0,1.0,1.0,1.0,1.0,1.0,1.0,1.0,1.0,1.0,1.0,0.5,0.5,0.5,0.5
1788446258.0011024,475,16.19544599998335,5.864377999387216,10688416,1,0.0,0.0,0.0,-0.016266465,0.61975896,-1.2067094,-0.056823485,0.7113022,-1.3716931,0.011280999,0.67601764,-1.2720773,-0.059755266,0.73057765,-1.3450278,26.17008,30.792034,-44.800663,-6.9204445,0.0077510476,-0.08526152,0.0020220124,0.11239019,0.0,0.05863836,-0.019377619,-0.10463915,0.026286162,0.0,0.1472699,0.026286162,0.20152724,-0.69371873,0.162772,-1.3719355,-0.01615518,0.6065393,-1.1263182,-0.055767033,0.7217403,-1.2237482,0.011580875,0.6733353,-1.1617782,-0.033622533,0.74271226,-1.2325774,0.0,0.0,0.0,0.0,0.0,0.0,0.0,0.0,0.0,0.0,0.0,0.0,0.0,0.0,0.0,0.0,1.7355123,-3.414876,0.40813103,-0.20287253,50.0,50.0,50.0,50.0,50.0,50.0,50.0,50.0,50.0,50.0,50.0,50.0,0.0,0.0,0.0,0.0,1.0,1.0,1.0,1.0,1.0,1.0,1.0,1.0,1.0,1.0,1.0,1.0,0.5,0.5,0.5,0.5
1788446258.0384097,476,28.96826100004546,15.486397000131547,10688440,1,0.0,0.0,0.0,-0.015842557,0.6189414,-1.209932,-0.05821625,0.7123014,-1.3716931,0.0117957145,0.6736257,-1.2698183,-0.058665216,0.7313043,-1.3452173,26.17977,30.761667,-44.79645,-6.9457564,-0.0038755238,-0.09301257,-0.101100616,0.0,0.30616638,-0.028308174,0.03100419,-0.10851467,0.054594334,-0.0038755238,0.10463915,0.030330187,0.5464489,-1.790492,0.25190905,-1.1122752,-0.010880591,0.63182396,-1.1236725,-0.07287526,0.68674046,-1.2275544,0.008824964,0.67703897,-1.1263254,-0.013195436,0.7436381,-1.2657531,0.0,0.0,0.0,0.0,0.0,0.0,0.0,0.0,0.0,0.0,0.0,0.0,0.0,0.0,0.0,0.0,2.1601427,-3.3818755,0.11797062,1.1115652,50.0,50.0,50.0,50.0,50.0,50.0,50.0,50.0,50.0,50.0,50.0,50.0,0.0,0.0,0.0,0.0,1.0,1.0,1.0,1.0,1.0,1.0,1.0,1.0,1.0,1.0,1.0,1.0,0.5,0.5,0.5,0.5
1788446258.0564702,477,17.312848000074155,7.745549999526702,10688469,1,0.0,0.0,0.0,-0.01538837,0.6182147,-1.2101531,-0.060184292,0.7151778,-1.3715036,0.011856273,0.6735954,-1.2676383,-0.05009669,0.73269707,-1.347113,26.205414,30.704594,-44.786945,-6.960653,0.05813286,-0.13951886,0.010110063,0.06975943,0.33717057,0.02426415,0.0,-0.077510476,0.014154087,0.13564333,0.0,-0.044484273,1.0115118,-2.1935465,0.38755238,-0.22090487,0.0033137733,0.64297056,-1.1694834,-0.0677263,0.6733164,-1.1976678,-0.0056819916,0.6565241,-1.0867873,-0.018048787,0.7668292,-1.2734039,0.0,0.0,0.0,0.0,0.0,0.0,0.0,0.0,0.0,0.0,0.0,0.0,0.0,0.0,0.0,0.0,1.7278212,-3.159454,-0.11443395,1.6869845,50.0,50.0,50.0,50.0,50.0,50.0,50.0,50.0,50.0,50.0,50.0,50.0,0.0,0.0,0.0,0.0,1.0,1.0,1.0,1.0,1.0,1.0,1.0,1.0,1.0,1.0,1.0,1.0,0.5,0.5,0.5,0.5
1788446258.0741138,478,14.189572999384836,4.581506998874829,10688490,1,0.0,0.0,0.0,-0.0136322975,0.6208489,-1.209774,-0.06266705,0.7158438,-1.3715194,0.0142784715,0.67341375,-1.2666116,-0.044767916,0.7317282,-1.348898,26.223309,30.662628,-44.78301,-6.9602895,0.18214962,0.4728139,-0.010110063,-0.36817476,0.24028248,0.0040440247,0.19377619,-0.07363495,0.04044025,0.26741114,-0.10076362,-0.161761,1.0773956,-1.9610151,-0.023253143,0.24803352,0.005613709,0.6520971,-1.2054715,-0.06403631,0.6509377,-1.1807895,-0.011593087,0.6455284,-1.068792,-0.020023169,0.77115256,-1.2806513,0.0,0.0,0.0,0.0,0.0,0.0,0.0,0.0,0.0,0.0,0.0,0.0,0.0,0.0,0.0,0.0,0.5713155,-2.1339455,-0.29944387,1.5568335,50.0,50.0,50.0,50.0,50.0,50.0,50.0,50.0,50.0,50.0,50.0,50.0,0.0,0.0,0.0,0.0,1.0,1.0,1.0,1.0,1.0,1.0,1.0,1.0,1.0,1.0,1.0,1.0,0.5,0.5,0.5,0.5
1788446258.097121,479,16.80485100041551,4.793889000211493,10688511,1,0.0,0.0,0.0,-0.0068804026,0.6206975,-1.2132493,-0.06405982,0.7174788,-1.3691342,0.01636763,0.6682968,-1.2642262,-0.040801525,0.72951794,-1.3494194,26.245047,30.630474,-44.784554,-6.951933,0.2596601,-0.07363495,-0.22242136,-0.077510476,-0.054257333,0.161761,0.054257333,-0.10851467,0.02426415,0.027128667,-0.19377619,-0.014154087,0.9146236,-1.464948,-0.10076362,0.40693003,0.005449318,0.67070365,-1.2130696,-0.057330478,0.6793562,-1.1839044,-0.014614489,0.6390609,-1.0317297,-0.029224701,0.7902047,-1.2849131,0.0,0.0,0.0,0.0,0.0,0.0,0.0,0.0,0.0,0.0,0.0,0.0,0.0,0.0,0.0,0.0,-0.7267177,-0.41098282,-0.5583532,1.4322333,50.0,50.0,50.0,50.0,50.0,50.0,50.0,50.0,50.0,50.0,50.0,50.0,0.0,0.0,0.0,0.0,1.0,1.0,1.0,1.0,1.0,1.0,1.0,1.0,1.0,1.0,1.0,1.0,0.5,0.5,0.5,0.5
1788446258.1151187,480,14.21744400067837,4.255555999407079,10688532,1,0.0,0.0,0.0,-0.006789565,0.6228472,-1.2212584,-0.06369648,0.7153594,-1.3659115,0.017033726,0.6673583,-1.2639103,-0.039045453,0.72536993,-1.3491666,26.253405,30.61249,-44.783916,-6.946907,0.015502095,0.19765173,-0.5135912,0.023253143,-0.18602514,0.052572325,-0.077510476,-0.05813286,-0.0080880495,0.0,-0.17052305,0.06672641,0.3100419,-0.5929552,0.023253143,0.24415801,0.0073137963,0.66378486,-1.1915472,-0.049983032,0.687971,-1.203914,-0.012730299,0.6449041,-1.0527904,-0.038297877,0.78394645,-1.2720712,0.0,0.0,0.0,0.0,0.0,0.0,0.0,0.0,0.0,0.0,0.0,0.0,0.0,0.0,0.0,0.0,-2.093254,0.9328774,-0.7029207,1.0711334,50.0,50.0,50.0,50.0,50.0,50.0,50.0,50.0,50.0,50.0,50.0,50.0,0.0,0.0,0.0,0.0,1.0,1.0,1.0,1.0,1.0,1.0,1.0,1.0,1.0,1.0,1.0,1.0,0.5,0.5,0.5,0.5
1788446258.1351721,481,14.200644998709322,4.641249999622232,10688551,1,0.0,0.0,0.0,-0.006577611,0.62881184,-1.2289516,-0.061789,0.71490526,-1.365864,0.018002614,0.66638935,-1.263152,-0.038288474,0.72276604,-1.3488822,26.250982,30.611368,-44.784492,-6.945181,0.12401676,0.24028248,-0.3760943,0.15889648,-0.13564333,0.0,0.13951886,-0.054257333,-0.020220125,0.09301257,-0.08913705,0.0,-0.43405867,0.13951886,-0.096888095,-0.06975943,0.006069465,0.6343052,-1.157551,-0.03352816,0.69289064,-1.2273484,-0.0071845707,0.6529051,-1.099617,-0.053873643,0.7652443,-1.2420075,0.0,0.0,0.0,0.0,0.0,0.0,0.0,0.0,0.0,0.0,0.0,0.0,0.0,0.0,0.0,0.0,-3.282695,1.9219726,-0.7783565,0.55325395,50.0,50.0,50.0,50.0,50.0,50.0,50.0,50.0,50.0,50.0,50.0,50.0,0.0,0.0,0.0,0.0,1.0,1.0,1.0,1.0,1.0,1.0,1.0,1.0,1.0,1.0,1.0,1.0,0.5,0.5,0.5,0.5
1788446258.1560137,482,14.972895000028075,4.068582000400056,10688572,1,0.0,0.0,0.0,-0.00370121,0.63338375,-1.2337065,-0.055884883,0.7129978,-1.3666066,0.02163592,0.66666186,-1.2637523,-0.037864625,0.72058606,-1.3464338,26.235207,30.619392,-44.78513,-6.946665,0.25190905,0.25190905,-0.14962892,0.28291324,-0.1782741,0.032352198,0.23253144,-0.04263076,-0.012132075,0.06975943,-0.038755238,0.17793709,-0.85261524,0.5890796,-0.15502095,-0.077510476,0.0028593093,0.59705096,-1.141589,-0.015572723,0.7088935,-1.2336997,-0.008742514,0.6604923,-1.1486855,-0.063248426,0.74769974,-1.1993791,0.0,0.0,0.0,0.0,0.0,0.0,0.0,0.0,0.0,0.0,0.0,0.0,0.0,0.0,0.0,0.0,-3.506205,2.0771403,-0.6037188,-0.2869722,50.0,50.0,50.0,50.0,50.0,50.0,50.0,50.0,50.0,50.0,50.0,50.0,0.0,0.0,0.0,0.0,1.0,1.0,1.0,1.0,1.0,1.0,1.0,1.0,1.0,1.0,1.0,1.0,0.5,0.5,0.5,0.5
1788446258.1771724,483,16.057816999818897,5.908954000915401,10688592,1,0.0,0.0,0.0,-0.0011578798,0.63456464,-1.2342751,-0.045893297,0.70930386,-1.36697,0.029598907,0.66802436,-1.2667221,-0.034140468,0.71471226,-1.3386774,26.21162,30.63541,-44.78613,-6.9510245,0.10076362,0.0038755238,0.0040440247,0.30229086,-0.2790377,0.036396224,0.4185566,-0.015502095,-0.10716666,0.39917895,-0.3759258,0.5257232,-1.5734626,1.2866739,-0.13951886,-0.3604237,-0.002287834,0.5715588,-1.1283457,-0.009683847,0.73885584,-1.2427042,-0.0059811696,0.6535015,-1.1672164,-0.06332113,0.7459146,-1.1774728,0.0,0.0,0.0,0.0,0.0,0.0,0.0,0.0,0.0,0.0,0.0,0.0,0.0,0.0,0.0,0.0,-3.2387319,2.2235289,-0.53588027,-0.78752166,50.0,50.0,50.0,50.0,50.0,50.0,50.0,50.0,50.0,50.0,50.0,50.0,0.0,0.0,0.0,0.0,1.0,1.0,1.0,1.0,1.0,1.0,1.0,1.0,1.0,1.0,1.0,1.0,0.5,0.5,0.5,0.5
1788446258.1970742,484,15.884569000263582,4.098598001291975,10688612,1,0.0,0.0,0.0,0.0017184019,0.6348977,-1.2345911,-0.038747795,0.7050953,-1.3661801,0.03792523,0.6712035,-1.2729777,-0.026298583,0.70450866,-1.3219168,26.177681,30.656633,-44.787067,-6.961561,0.23640695,0.23640695,-0.012132075,0.20152724,-0.3720503,0.082902506,0.4379342,0.19765173,-0.30330187,0.3604237,-0.5193202,0.89575154,-1.5695871,1.2324166,-0.05038181,-0.8448642,0.0046182917,0.55502725,-1.1392386,-0.003152316,0.75756747,-1.235965,-0.0050770333,0.6404388,-1.1653383,-0.05876702,0.7510095,-1.1837656,0.0,0.0,0.0,0.0,0.0,0.0,0.0,0.0,0.0,0.0,0.0,0.0,0.0,0.0,0.0,0.0,-2.3321342,1.5186936,-0.34506816,-0.50840443,50.0,50.0,50.0,50.0,50.0,50.0,50.0,50.0,50.0,50.0,50.0,50.0,0.0,0.0,0.0,0.0,1.0,1.0,1.0,1.0,1.0,1.0,1.0,1.0,1.0,1.0,1.0,1.0,0.5,0.5,0.5,0.5
1788446258.2171664,485,15.292830001271795,5.411420999735128,10688631,1,0.0,0.0,0.0,0.0027478933,0.63943934,-1.2348596,-0.036355875,0.6987976,-1.3619306,0.04534322,0.67401934,-1.2778748,-0.01833558,0.6940932,-1.3052669,26.156395,30.67592,-44.78752,-6.9773965,0.046506286,0.28291324,0.010110063,0.10076362,-0.44568524,0.30127984,0.3720503,0.20152724,-0.28914776,0.39917895,-0.4921915,0.9907861,-1.154906,0.85649073,0.081386,-1.228541,0.013930516,0.5520946,-1.1711558,0.00014498318,0.75999165,-1.2190975,-0.0047153765,0.62053466,-1.1431837,-0.05357182,0.75428283,-1.2036098,0.0,0.0,0.0,0.0,0.0,0.0,0.0,0.0,0.0,0.0,0.0,0.0,0.0,0.0,0.0,0.0,-1.4074538,0.46742618,-0.06294793,-0.10599443,50.0,50.0,50.0,50.0,50.0,50.0,50.0,50.0,50.0,50.0,50.0,50.0,0.0,0.0,0.0,0.0,1.0,1.0,1.0,1.0,1.0,1.0,1.0,1.0,1.0,1.0,1.0,1.0,0.5,0.5,0.5,0.5
1788446258.2390544,486,16.78117099982046,6.1095279997971375,10688654,1,0.0,0.0,0.0,0.0047159195,0.64546454,-1.2364393,-0.03447867,0.6905016,-1.3517416,0.053215384,0.6791362,-1.2831193,-0.010857046,0.6861908,-1.2892803,26.14401,30.68228,-44.785854,-7.0029507,0.13564333,0.30616638,-0.044484273,0.09301257,-0.3565482,0.46708488,0.40305448,0.23640695,-0.1455849,0.38755238,-0.18602514,0.7562327,-0.11626572,-0.019377619,0.04263076,-1.1781592,0.02291574,0.5687783,-1.1963872,-0.0045229667,0.7533236,-1.2145919,0.00314296,0.61744606,-1.1027157,-0.042513352,0.7442626,-1.2224656,0.0,0.0,0.0,0.0,0.0,0.0,0.0,0.0,0.0,0.0,0.0,0.0,0.0,0.0,0.0,0.0,-0.44758663,-0.7052558,0.11002697,0.53241926,50.0,50.0,50.0,50.0,50.0,50.0,50.0,50.0,50.0,50.0,50.0,50.0,0.0,0.0,0.0,0.0,1.0,1.0,1.0,1.0,1.0,1.0,1.0,1.0,1.0,1.0,1.0,1.0,0.5,0.5,0.5,0.5
1788446258.2572563,487,14.401538999663899,5.990392999592586,10688673,1,0.0,0.0,0.0,0.010044813,0.6496428,-1.2400885,-0.029422322,0.68471855,-1.3422792,0.062207803,0.6811345,-1.2836249,-0.0038931966,0.6835264,-1.2781277,26.14837,30.67692,-44.782433,-7.0196333,0.39530346,0.25190905,-0.09301257,0.3759258,-0.20152724,0.39227042,0.46893838,0.03100419,0.0,0.23253144,0.027128667,0.48326096,0.31391743,-0.3914279,0.2596601,-0.7130964,0.026560117,0.5963514,-1.2073902,-0.0044635446,0.71944404,-1.2024132,0.013409619,0.6344338,-1.0976497,-0.028480306,0.73099345,-1.2379035,0.0,0.0,0.0,0.0,0.0,0.0,0.0,0.0,0.0,0.0,0.0,0.0,0.0,0.0,0.0,0.0,0.2551847,-1.132648,0.18546328,1.2438016,50.0,50.0,50.0,50.0,50.0,50.0,50.0,50.0,50.0,50.0,50.0,50.0,0.0,0.0,0.0,0.0,1.0,1.0,1.0,1.0,1.0,1.0,1.0,1.0,1.0,1.0,1.0,1.0,0.5,0.5,0.5,0.5
1788446258.2791212,488,16.195512000194867,5.351100999178016,10688694,1,0.0,0.0,0.0,0.01821971,0.6532458,-1.2458385,-0.022730986,0.68075216,-1.3371294,0.07516658,0.68074095,-1.2831509,0.00025480986,0.6840411,-1.2712244,26.156487,30.662144,-44.776016,-7.0260525,0.4224321,0.24415801,-0.5681855,0.36429924,-0.13176781,0.18602514,0.5076936,-0.05038181,0.016176099,-0.0038755238,0.19377619,0.31341195,0.5813286,-0.86811733,0.52319574,0.06975943,0.031384837,0.61485124,-1.2098148,0.0023613707,0.6920105,-1.1820843,0.013409861,0.6482086,-1.1112989,-0.01848186,0.72614163,-1.2491833,0.0,0.0,0.0,0.0,0.0,0.0,0.0,0.0,0.0,0.0,0.0,0.0,0.0,0.0,0.0,0.0,0.43999588,-0.95363796,0.02907929,1.9116955,50.0,50.0,50.0,50.0,50.0,50.0,50.0,50.0,50.0,50.0,50.0,50.0,0.0,0.0,0.0,0.0,1.0,1.0,1.0,1.0,1.0,1.0,1.0,1.0,1.0,1.0,1.0,1.0,0.5,0.5,0.5,0.5
1788446258.3012223,489,18.221321999590145,6.117975999586633,10688714,1,0.0,0.0,0.0,0.025668025,0.65924084,-1.2584445,-0.015767155,0.6757261,-1.3325799,0.085672885,0.67931783,-1.2831352,-0.0021068454,0.68528247,-1.2665168,26.167627,30.642464,-44.76769,-7.0217834,0.31779295,0.26741114,-0.7198365,0.43018317,-0.20152724,0.16378301,0.47668946,-0.15114543,0.02426415,-0.22090487,0.07363495,0.23050943,0.5541999,-1.139404,0.38755238,0.33717057,0.040851552,0.6115748,-1.2167293,0.015613867,0.68285555,-1.1556094,0.0051722573,0.6370938,-1.1153437,-0.019923165,0.74572825,-1.2708613,0.0,0.0,0.0,0.0,0.0,0.0,0.0,0.0,0.0,0.0,0.0,0.0,0.0,0.0,0.0,0.0,0.07479902,-0.45279527,-0.2900675,2.398565,50.0,50.0,50.0,50.0,50.0,50.0,50.0,50.0,50.0,50.0,50.0,50.0,0.0,0.0,0.0,0.0,1.0,1.0,1.0,1.0,1.0,1.0,1.0,1.0,1.0,1.0,1.0,1.0,0.5,0.5,0.5,0.5
1788446258.321134,490,18.00349999939499,5.9911939988523955,10688733,1,0.0,0.0,0.0,0.031450987,0.6653569,-1.271319,-0.00943915,0.6697917,-1.3310161,0.09557365,0.6779554,-1.2832774,-0.005437374,0.68588805,-1.2643527,26.180344,30.62463,-44.76221,-7.0104594,0.26353562,0.16664752,-0.6975943,0.36429924,-0.12401676,0.082902506,0.51156914,-0.08526152,-0.0060660373,-0.3720503,0.11626572,0.050550308,0.7092209,-1.0347649,0.13176781,0.93787676,0.05448296,0.6140007,-1.2315236,0.031155825,0.66787946,-1.1225652,-0.0024791444,0.62644243,-1.1283436,-0.023768539,0.75500906,-1.2805055,0.0,0.0,0.0,0.0,0.0,0.0,0.0,0.0,0.0,0.0,0.0,0.0,0.0,0.0,0.0,0.0,-0.63438034,0.31864136,-0.6738751,2.768297,50.0,50.0,50.0,50.0,50.0,50.0,50.0,50.0,50.0,50.0,50.0,50.0,0.0,0.0,0.0,0.0,1.0,1.0,1.0,1.0,1.0,1.0,1.0,1.0,1.0,1.0,1.0,1.0,0.5,0.5,0.5,0.5
1788446258.3411865,491,17.262543999095215,5.985722000332316,10688754,1,0.0,0.0,0.0,0.03723395,0.6697774,-1.2848886,-0.0029294826,0.6646748,-1.3284726,0.104656905,0.6757754,-1.2833406,-0.011008441,0.6891277,-1.264558,26.192759,30.611671,-44.762238,-6.989386,0.3410461,0.18602514,-0.6308679,0.28291324,-0.23253144,0.17389306,0.42630762,-0.10851467,-0.0080880495,-0.26741114,0.28678876,-0.09907861,0.6162083,-0.60070616,-0.011626571,1.4106907,0.06140602,0.618678,-1.2012495,0.032097694,0.6547769,-1.1501002,0.004710463,0.6421327,-1.137019,-0.01877253,0.7339803,-1.289495,0.0,0.0,0.0,0.0,0.0,0.0,0.0,0.0,0.0,0.0,0.0,0.0,0.0,0.0,0.0,0.0,-1.5839658,1.0508654,-1.1338912,2.9914358,50.0,50.0,50.0,50.0,50.0,50.0,50.0,50.0,50.0,50.0,50.0,50.0,0.0,0.0,0.0,0.0,1.0,1.0,1.0,1.0,1.0,1.0,1.0,1.0,1.0,1.0,1.0,1.0,0.5,0.5,0.5,0.5
1788446258.3612015,492,16.904882999369875,5.892890001632622,10688775,1,0.0,0.0,0.0,0.044954777,0.6743796,-1.2978106,0.0044582356,0.6558035,-1.3211904,0.112529054,0.67250544,-1.2833563,-0.023240566,0.6983018,-1.2657586,26.200964,30.606676,-44.762604,-6.958927,0.45343632,0.20152724,-0.58840567,0.23640695,-0.39530346,0.5297673,0.26353562,-0.14339438,0.038418237,-0.86424184,0.59683067,-0.12334275,0.24803352,0.0038755238,0.054257333,1.9300109,0.06688301,0.6082384,-1.1577516,0.030256826,0.62918097,-1.1819483,0.008364955,0.66978407,-1.1977814,-0.0097089745,0.6981969,-1.2928886,0.0,0.0,0.0,0.0,0.0,0.0,0.0,0.0,0.0,0.0,0.0,0.0,0.0,0.0,0.0,0.0,-2.1545353,1.4118767,-1.7016453,3.0389926,50.0,50.0,50.0,50.0,50.0,50.0,50.0,50.0,50.0,50.0,50.0,50.0,0.0,0.0,0.0,0.0,1.0,1.0,1.0,1.0,1.0,1.0,1.0,1.0,1.0,1.0,1.0,1.0,0.5,0.5,0.5,0.5
1788446258.3811731,493,16.279767000014544,5.996249999952852,10688796,1,0.0,0.0,0.0,0.051313043,0.67746794,-1.3031657,0.009514581,0.6465991,-1.3129127,0.11767624,0.67114294,-1.283309,-0.03959042,0.70756674,-1.2691708,26.199268,30.612036,-44.764633,-6.9262877,0.30229086,0.10076362,-0.052572325,0.31391743,-0.2790377,0.34374213,0.28678876,-0.11239019,0.0040440247,-0.902997,0.5890796,-0.26892763,-0.31391743,0.53094673,-0.22478038,1.8525003,0.06185982,0.5934247,-1.1134642,0.022797324,0.6160529,-1.2179121,0.011862912,0.69505477,-1.2685494,0.004147862,0.66236365,-1.265145,0.0,0.0,0.0,0.0,0.0,0.0,0.0,0.0,0.0,0.0,0.0,0.0,0.0,0.0,0.0,0.0,-1.9131885,1.8262655,-2.2548847,2.9663136,50.0,50.0,50.0,50.0,50.0,50.0,50.0,50.0,50.0,50.0,50.0,50.0,0.0,0.0,0.0,0.0,1.0,1.0,1.0,1.0,1.0,1.0,1.0,1.0,1.0,1.0,1.0,1.0,0.5,0.5,0.5,0.5
1788446258.401144,494,16.179447000467917,5.3804449999006465,10688816,1,0.0,0.0,0.0,0.05864024,0.67755866,-1.3031815,0.017538127,0.6377581,-1.3031343,0.12391341,0.67447346,-1.2850466,-0.048037827,0.70902,-1.2758528,26.19624,30.620241,-44.772293,-6.892892,0.4650629,-0.05813286,-0.028308174,0.45343632,-0.25578457,0.73803455,0.35267267,0.077510476,0.018198112,-0.2286559,0.44180974,-0.4205786,-0.18602514,0.5929552,-0.64333695,1.7129815,0.06692209,0.5766448,-1.0946472,0.017468639,0.632213,-1.2412999,0.008830587,0.7027867,-1.3104494,0.014561115,0.6557157,-1.2152791,0.0,0.0,0.0,0.0,0.0,0.0,0.0,0.0,0.0,0.0,0.0,0.0,0.0,0.0,0.0,0.0,-0.92992175,1.4314606,-2.5641143,3.3126104,50.0,50.0,50.0,50.0,50.0,50.0,50.0,50.0,50.0,50.0,50.0,50.0,0.0,0.0,0.0,0.0,1.0,1.0,1.0,1.0,1.0,1.0,1.0,1.0,1.0,1.0,1.0,1.0,0.5,0.5,0.5,0.5
1788446258.4250865,495,20.047775000421098,6.5631580000626855,10688835,1,0.0,0.0,0.0,0.06521046,0.67643845,-1.2997694,0.020414494,0.6300676,-1.2943196,0.12881836,0.6849495,-1.2930241,-0.046251476,0.7073245,-1.2752367,26.195665,30.635138,-44.788307,-6.8668227,0.2790377,0.015502095,0.20220123,-0.06975943,-0.11239019,0.43473268,0.07363495,0.48831603,-0.69557226,0.2286559,-0.2790377,0.2426415,0.06975943,1.1122752,-1.0386404,1.6897284,0.067813024,0.5771108,-1.0926055,0.0047379923,0.6475373,-1.2818421,0.01287479,0.714617,-1.3193543,0.028932141,0.64425987,-1.1564853,0.0,0.0,0.0,0.0,0.0,0.0,0.0,0.0,0.0,0.0,0.0,0.0,0.0,0.0,0.0,0.0,0.2961228,0.49576586,-2.5562181,3.5884304,50.0,50.0,50.0,50.0,50.0,50.0,50.0,50.0,50.0,50.0,50.0,50.0,0.0,0.0,0.0,0.0,1.0,1.0,1.0,1.0,1.0,1.0,1.0,1.0,1.0,1.0,1.0,1.0,0.5,0.5,0.5,0.5
1788446258.4432433,496,17.24462499987567,5.873338001038064,10688856,1,0.0,0.0,0.0,0.06748128,0.6761962,-1.2983634,0.01923367,0.62870514,-1.2872741,0.12748617,0.6981808,-1.3091844,-0.043072343,0.7036307,-1.2627888,26.19848,30.654242,-44.813255,-6.825706,0.09301257,0.10463915,0.020220125,0.03100419,-0.12789229,0.3700283,-0.22478038,0.8836195,-0.810827,-0.06200838,-0.0038755238,1.3628364,0.2092783,1.1781592,-1.4959522,2.906643,0.07230117,0.5712228,-1.1120744,-0.0057291016,0.6485654,-1.2904379,0.015205321,0.71340126,-1.3224372,0.03257088,0.6279428,-1.14116,0.0,0.0,0.0,0.0,0.0,0.0,0.0,0.0,0.0,0.0,0.0,0.0,0.0,0.0,0.0,0.0,1.3335392,-0.78440356,-2.3758748,4.3799267,50.0,50.0,50.0,50.0,50.0,50.0,50.0,50.0,50.0,50.0,50.0,50.0,0.0,0.0,0.0,0.0,1.0,1.0,1.0,1.0,1.0,1.0,1.0,1.0,1.0,1.0,1.0,1.0,0.5,0.5,0.5,0.5
1788446258.4611852,497,14.92582399987441,5.944473001363804,10688877,1,0.0,0.0,0.0,0.067602396,0.6782248,-1.2983319,0.017719792,0.62828124,-1.2834039,0.11925067,0.713047,-1.3196894,-0.041588724,0.69636405,-1.2565647,26.206686,30.671984,-44.841232,-6.7643332,-0.019377619,0.081386,-0.0060660373,0.027128667,-0.019377619,-0.09907861,-0.43405867,0.4921915,-0.31341195,0.11239019,-0.4185566,-0.12536478,0.52319574,0.65496355,-1.5657116,3.29032,0.08143598,0.5691519,-1.1343501,-0.009079488,0.68603534,-1.2765981,0.016767047,0.68781114,-1.3015752,0.011964412,0.6668984,-1.1650883,0.0,0.0,0.0,0.0,0.0,0.0,0.0,0.0,0.0,0.0,0.0,0.0,0.0,0.0,0.0,0.0,1.705178,-2.163762,-1.8777205,4.665223,50.0,50.0,50.0,50.0,50.0,50.0,50.0,50.0,50.0,50.0,50.0,50.0,0.0,0.0,0.0,0.0,1.0,1.0,1.0,1.0,1.0,1.0,1.0,1.0,1.0,1.0,1.0,1.0,0.5,0.5,0.5,0.5
1788446258.485039,498,18.234570999993593,5.944410000665812,10688898,1,0.0,0.0,0.0,0.06860149,0.6756209,-1.2991533,0.01529759,0.62767565,-1.2858999,0.11370988,0.71816397,-1.3239387,-0.040468454,0.68373835,-1.2575442,26.22673,30.672863,-44.869755,-6.6998725,0.07363495,-0.2906643,-0.018198112,-0.07363495,-0.054257333,-0.20017922,-0.28291324,0.046506286,-0.028308174,0.065883905,-0.80610895,-0.036396224,1.3331802,-0.18602514,-1.4959522,3.1856806,0.08732385,0.57517123,-1.1795607,-0.004648717,0.7079684,-1.2533789,0.016860608,0.65204036,-1.2760518,-0.010746084,0.7183145,-1.2083702,0.0,0.0,0.0,0.0,0.0,0.0,0.0,0.0,0.0,0.0,0.0,0.0,0.0,0.0,0.0,0.0,2.555749,-3.2448235,-1.4046226,4.8911896,50.0,50.0,50.0,50.0,50.0,50.0,50.0,50.0,50.0,50.0,50.0,50.0,0.0,0.0,0.0,0.0,1.0,1.0,1.0,1.0,1.0,1.0,1.0,1.0,1.0,1.0,1.0,1.0,0.5,0.5,0.5,0.5
1788446258.503203,499,16.17592799993872,5.862361998879351,10688918,1,0.0,0.0,0.0,0.06963098,0.6687479,-1.3004171,0.012512058,0.6312787,-1.2890118,0.10786632,0.716317,-1.3214428,-0.040710688,0.674322,-1.2601823,26.25722,30.656906,-44.893524,-6.63632,-0.17052305,-0.36429924,0.0,-0.15502095,0.15114543,-0.20422325,-0.30229086,-0.03100419,0.13547485,0.0077510476,-0.40305448,-0.24466349,1.8990066,-1.3719355,-1.1355284,3.4337142,0.088477135,0.6044164,-1.2474338,0.014847379,0.6992305,-1.2054442,0.010977216,0.6274003,-1.2340988,-0.020091021,0.7399248,-1.2307343,0.0,0.0,0.0,0.0,0.0,0.0,0.0,0.0,0.0,0.0,0.0,0.0,0.0,0.0,0.0,0.0,3.127901,-3.6860583,-0.4533528,5.3358417,50.0,50.0,50.0,50.0,50.0,50.0,50.0,50.0,50.0,50.0,50.0,50.0,0.0,0.0,0.0,0.0,1.0,1.0,1.0,1.0,1.0,1.0,1.0,1.0,1.0,1.0,1.0,1.0,0.5,0.5,0.5,0.5
1788446258.5252676,500,18.170826999266865,6.045176998668467,10688938,1,0.0,0.0,0.0,0.06854093,0.66220796,-1.3027077,0.01015041,0.6367589,-1.2907811,0.100266665,0.7126534,-1.3160087,-0.040498734,0.66996205,-1.270087,26.293764,30.622541,-44.907177,-6.5781264,-0.06200838,-0.34492162,-0.16782704,0.08526152,0.39530346,-0.042462263,-0.3100419,-0.05813286,0.487305,-0.023253143,-0.18602514,-0.9503459,2.1896708,-2.4648333,-0.38367686,3.476345,0.079012245,0.64144546,-1.3021157,0.02612982,0.6830641,-1.1792895,0.022610186,0.62294537,-1.1531636,-0.019875849,0.74331737,-1.2482319,0.0,0.0,0.0,0.0,0.0,0.0,0.0,0.0,0.0,0.0,0.0,0.0,0.0,0.0,0.0,0.0,2.706049,-4.0102854,-0.18306755,5.3831186,50.0,50.0,50.0,50.0,50.0,50.0,50.0,50.0,50.0,50.0,50.0,50.0,0.0,0.0,0.0,0.0,1.0,1.0,1.0,1.0,1.0,1.0,1.0,1.0,1.0,1.0,1.0,1.0,0.5,0.5,0.5,0.5
1788446258.5725996,501,37.52222199909738,17.25182500013034,10688966,1,0.0,0.0,0.0,0.06869233,0.655668,-1.3126755,0.013147886,0.6501719,-1.2907811,0.09160729,0.70596206,-1.3096899,-0.040498734,0.67071897,-1.2967049,26.360525,30.549784,-44.894855,-6.4991627,0.03100419,0.18602514,-0.3700283,0.13176781,0.5503244,-0.032352198,-0.10076362,-0.30229086,0.12940879,-0.077510476,-0.0077510476,-0.85328925,2.767124,-3.3174484,1.0618935,3.166303,0.050755378,0.68127555,-1.2786325,0.014215857,0.6168355,-1.2162994,0.048222534,0.67815053,-1.1222694,0.0017495768,0.6904428,-1.260828,0.0,0.0,0.0,0.0,0.0,0.0,0.0,0.0,0.0,0.0,0.0,0.0,0.0,0.0,0.0,0.0,1.6911051,-3.8931146,-0.3930578,4.7030845,50.0,50.0,50.0,50.0,50.0,50.0,50.0,50.0,50.0,50.0,50.0,50.0,0.0,0.0,0.0,0.0,1.0,1.0,1.0,1.0,1.0,1.0,1.0,1.0,1.0,1.0,1.0,1.0,0.5,0.5,0.5,0.5
1788446258.5930986,502,19.772672001636238,7.799662000252283,10689003,1,0.0,0.0,0.0,0.06972182,0.6467664,-1.3339856,0.021837536,0.6706395,-1.297874,0.083099306,0.689582,-1.307494,-0.047795594,0.6649965,-1.3210953,26.441034,30.445387,-44.859734,-6.399186,0.10851467,-0.2092783,-0.42462263,0.17439857,0.7944824,-0.34778613,-0.41080552,-0.65496355,0.030330187,-0.38367686,-0.22090487,-0.4994371,1.88738,-2.9996555,0.7673537,2.8175058,0.015839567,0.7422257,-1.1660681,-0.015363693,0.51123786,-1.2890176,0.089890495,0.79861975,-1.1867361,0.041527066,0.57847947,-1.2440827,0.0,0.0,0.0,0.0,0.0,0.0,0.0,0.0,0.0,0.0,0.0,0.0,0.0,0.0,0.0,0.0,-0.3087829,-2.281486,-1.8763123,3.627083,50.0,50.0,50.0,50.0,50.0,50.0,50.0,50.0,50.0,50.0,50.0,50.0,0.0,0.0,0.0,0.0,1.0,1.0,1.0,1.0,1.0,1.0,1.0,1.0,1.0,1.0,1.0,1.0,0.5,0.5,0.5,0.5
1788446258.6111717,503,16.788980001365417,6.057847998818033,10689026,1,0.0,0.0,0.0,0.06702709,0.6421037,-1.3408573,0.020414494,0.67887497,-1.3040822,0.078224614,0.6848587,-1.3060724,-0.052942812,0.65806293,-1.329215,26.473642,30.391403,-44.847744,-6.3456254,0.44568524,-0.5890796,-0.20017922,0.20152724,0.6162083,-0.17187107,-0.30616638,-0.3759258,0.19613521,-0.1782741,-0.09301257,-0.25072956,0.9572544,-2.3291898,0.13951886,3.205058,0.010513724,0.71926445,-1.1118151,-0.022788875,0.48912108,-1.3094692,0.08153227,0.8277608,-1.2653229,0.060643904,0.535399,-1.1953337,0.0,0.0,0.0,0.0,0.0,0.0,0.0,0.0,0.0,0.0,0.0,0.0,0.0,0.0,0.0,0.0,-1.7793176,-0.9760424,-3.3072212,2.4721699,50.0,50.0,50.0,50.0,50.0,50.0,50.0,50.0,50.0,50.0,50.0,50.0,0.0,0.0,0.0,0.0,1.0,1.0,1.0,1.0,1.0,1.0,1.0,1.0,1.0,1.0,1.0,1.0,0.5,0.5,0.5,0.5
1788446258.631308,504,16.49554200048442,5.81001099999412,10689046,1,0.0,0.0,0.0,0.06778395,0.6389549,-1.3383298,0.020686992,0.6820844,-1.3117279,0.08173682,0.68949115,-1.3081418,-0.05409342,0.63695955,-1.3319637,26.473038,30.367725,-44.853436,-6.297908,0.07363495,-0.15114543,-0.016176099,-0.019377619,0.17439857,-0.39227042,0.30229086,-0.1472699,-0.14356288,-0.06975943,-0.18214962,0.076836474,-0.8332376,-0.06975943,-0.98050755,3.1856806,0.022609858,0.6441052,-1.1001693,-0.014485723,0.6018561,-1.3286611,0.04731638,0.76877475,-1.2629316,0.038153842,0.58866847,-1.1787839,0.0,0.0,0.0,0.0,0.0,0.0,0.0,0.0,0.0,0.0,0.0,0.0,0.0,0.0,0.0,0.0,-2.9711337,-0.11869267,-3.226797,1.267338,50.0,50.0,50.0,50.0,50.0,50.0,50.0,50.0,50.0,50.0,50.0,50.0,0.0,0.0,0.0,0.0,1.0,1.0,1.0,1.0,1.0,1.0,1.0,1.0,1.0,1.0,1.0,1.0,0.5,0.5,0.5,0.5
1788446258.6471727,505,12.289520000194898,5.799354999908246,10689066,1,0.0,0.0,0.0,0.06611872,0.6373805,-1.3364816,0.019445613,0.67978334,-1.3161511,0.079980716,0.7007241,-1.3172092,-0.05230695,0.6187022,-1.3268455,26.446938,30.381653,-44.897884,-6.2391396,-0.1782741,0.13176781,0.076836474,-0.21702933,-0.42630762,-0.032352198,-0.054257333,0.9417523,-0.51763517,0.13951886,-1.058018,0.25881758,-1.6819774,1.449446,-3.2748175,3.3717058,0.05411632,0.5931624,-1.187751,-0.0023089903,0.70014215,-1.2434978,0.011836353,0.68533176,-1.2566962,-0.0018780776,0.676416,-1.1734333,0.0,0.0,0.0,0.0,0.0,0.0,0.0,0.0,0.0,0.0,0.0,0.0,0.0,0.0,0.0,0.0,-4.313394,0.3872528,-2.1726444,0.30331853,50.0,50.0,50.0,50.0,50.0,50.0,50.0,50.0,50.0,50.0,50.0,50.0,0.0,0.0,0.0,0.0,1.0,1.0,1.0,1.0,1.0,1.0,1.0,1.0,1.0,1.0,1.0,1.0,0.5,0.5,0.5,0.5
1788446258.6672466,506,12.293616999158985,5.2901740000379505,10689085,1,0.0,0.0,0.0,0.062455177,0.63768315,-1.3323112,0.014994815,0.6784208,-1.3220592,0.07280494,0.71407646,-1.3219483,-0.048461735,0.6049259,-1.323386,26.41336,30.411203,-44.964706,-6.187153,-0.3604237,0.23253144,0.70568234,-0.28291324,-0.077510476,-0.7946509,0.10076362,0.80610895,0.036396224,0.22090487,-0.6975943,0.064704396,-1.798243,1.3564334,-3.743756,2.212924,0.07535382,0.59098744,-1.2761055,-0.0031877751,0.751249,-1.1819677,-0.0012158318,0.62428474,-1.2174824,-0.027309638,0.72413003,-1.1986176,0.0,0.0,0.0,0.0,0.0,0.0,0.0,0.0,0.0,0.0,0.0,0.0,0.0,0.0,0.0,0.0,-4.9551344,0.093490705,-1.2479718,-0.5683908,50.0,50.0,50.0,50.0,50.0,50.0,50.0,50.0,50.0,50.0,50.0,50.0,0.0,0.0,0.0,0.0,1.0,1.0,1.0,1.0,1.0,1.0,1.0,1.0,1.0,1.0,1.0,1.0,0.5,0.5,0.5,0.5
1788446258.6891115,507,14.093349000177113,4.066916999363457,10689106,1,0.0,0.0,0.0,0.06048715,0.6352308,-1.3315687,0.011210124,0.68429464,-1.3227068,0.07023135,0.71407646,-1.3220905,-0.04758376,0.607015,-1.323228,26.376936,30.424072,-45.016693,-6.1665034,-0.10851467,0.4999426,0.13345282,-0.18602514,-0.10076362,-0.060660373,0.015502095,-0.12014124,-0.036396224,-0.11239019,-0.17439857,0.014154087,-1.9106332,-0.019377619,-1.9028822,0.46118733,0.07066326,0.6109465,-1.3145483,-0.0057207965,0.7681377,-1.1631875,0.00460158,0.6306261,-1.1662827,-0.04080932,0.72581553,-1.2531233,0.0,0.0,0.0,0.0,0.0,0.0,0.0,0.0,0.0,0.0,0.0,0.0,0.0,0.0,0.0,0.0,-4.6615324,-0.7848687,-0.33834207,-0.9015231,50.0,50.0,50.0,50.0,50.0,50.0,50.0,50.0,50.0,50.0,50.0,50.0,0.0,0.0,0.0,0.0,1.0,1.0,1.0,1.0,1.0,1.0,1.0,1.0,1.0,1.0,1.0,1.0,0.5,0.5,0.5,0.5
1788446258.7110922,508,16.004473000066355,5.973400999209844,10689126,1,0.0,0.0,0.0,0.061849594,0.6418313,-1.3367817,0.006426275,0.6866563,-1.3201635,0.06796053,0.7115332,-1.3197999,-0.051095903,0.6103759,-1.3269876,26.34454,30.419046,-45.03062,-6.180219,-0.13176781,0.24415801,-0.020220125,-0.2790377,-0.0077510476,0.010110063,-0.11239019,-0.10851467,0.0020220124,-0.17439857,0.28291324,-0.07885849,-1.9571395,-0.5929552,0.019377619,-1.5928403,0.051072657,0.6441417,-1.27147,-0.010509522,0.7341645,-1.2075696,0.020375915,0.6853044,-1.1443075,-0.024838474,0.68178684,-1.2826815,0.0,0.0,0.0,0.0,0.0,0.0,0.0,0.0,0.0,0.0,0.0,0.0,0.0,0.0,0.0,0.0,-4.0298414,-0.8387433,0.2572776,-1.3229705,50.0,50.0,50.0,50.0,50.0,50.0,50.0,50.0,50.0,50.0,50.0,50.0,0.0,0.0,0.0,0.0,1.0,1.0,1.0,1.0,1.0,1.0,1.0,1.0,1.0,1.0,1.0,1.0,0.5,0.5,0.5,0.5
1788446258.731294,509,15.425499999764725,5.875610000657616,10689146,1,0.0,0.0,0.0,0.058125496,0.64815927,-1.3411417,0.0029140804,0.68823075,-1.3201003,0.063994184,0.7067796,-1.3165932,-0.056515515,0.6165525,-1.3316162,26.308418,30.40427,-45.025322,-6.2118897,-0.0077510476,0.26741114,-0.2426415,-0.08913705,0.162772,-0.014154087,-0.3604237,-0.4999426,0.15367295,-0.28678876,0.6045817,-0.33161002,-1.9377619,-0.9921341,0.36817476,-1.8369983,0.032519925,0.67767286,-1.2207005,-0.011574836,0.66020286,-1.2481675,0.03997591,0.76065737,-1.1861281,-0.0054543335,0.61582756,-1.2471312,0.0,0.0,0.0,0.0,0.0,0.0,0.0,0.0,0.0,0.0,0.0,0.0,0.0,0.0,0.0,0.0,-3.4243228,-0.42647886,0.026934138,-1.334003,50.0,50.0,50.0,50.0,50.0,50.0,50.0,50.0,50.0,50.0,50.0,50.0,0.0,0.0,0.0,0.0,1.0,1.0,1.0,1.0,1.0,1.0,1.0,1.0,1.0,1.0,1.0,1.0,0.5,0.5,0.5,0.5
1788446258.7512336,510,14.91753600021184,4.1981169997598045,10689168,1,0.0,0.0,0.0,0.055188537,0.65479004,-1.3407468,0.0034893546,0.69104654,-1.3214431,0.060754478,0.7030857,-1.313876,-0.05893773,0.62590826,-1.3389776,26.268513,30.381744,-45.014996,-6.250584,-0.13951886,0.15889648,-0.036396224,0.13951886,0.38367686,-0.042462263,-0.065883905,-0.33717057,0.0485283,-0.011626571,0.65883905,-0.3720503,-2.1392891,-0.93787676,0.31391743,-1.554085,0.012972878,0.6788091,-1.1467582,-0.014804689,0.6132139,-1.2866586,0.041962497,0.81421405,-1.2324564,0.022344003,0.56600356,-1.1780727,0.0,0.0,0.0,0.0,0.0,0.0,0.0,0.0,0.0,0.0,0.0,0.0,0.0,0.0,0.0,0.0,-3.0672548,0.065328255,-0.72725105,-1.4568892,50.0,50.0,50.0,50.0,50.0,50.0,50.0,50.0,50.0,50.0,50.0,50.0,0.0,0.0,0.0,0.0,1.0,1.0,1.0,1.0,1.0,1.0,1.0,1.0,1.0,1.0,1.0,1.0,0.5,0.5,0.5,0.5
1788446258.7711358,511,14.343426999403164,5.852889999005129,10689187,1,0.0,0.0,0.0,0.053856373,0.6655688,-1.3386141,0.0068198815,0.6862627,-1.3239863,0.06054254,0.70995873,-1.3146659,-0.05993694,0.6243641,-1.3411576,26.23118,30.370724,-45.011967,-6.277834,0.10463915,0.06200838,-0.06874842,0.12789229,0.13176781,-0.010110063,-0.162772,-0.08913705,0.032352198,-0.13176781,0.33329505,-0.06268239,-2.0579033,0.077510476,-0.06200838,-1.065769,0.01827375,0.6412802,-1.1351244,-0.013951164,0.6558925,-1.2774143,0.024506375,0.8004806,-1.2586935,0.025695162,0.5839084,-1.1285436,0.0,0.0,0.0,0.0,0.0,0.0,0.0,0.0,0.0,0.0,0.0,0.0,0.0,0.0,0.0,0.0,-2.597558,0.6136408,-0.94192743,-1.3738661,50.0,50.0,50.0,50.0,50.0,50.0,50.0,50.0,50.0,50.0,50.0,50.0,0.0,0.0,0.0,0.0,1.0,1.0,1.0,1.0,1.0,1.0,1.0,1.0,1.0,1.0,1.0,1.0,0.5,0.5,0.5,0.5
1788446258.7924275,512,15.565371999400668,5.897433999052737,10689208,1,0.0,0.0,0.0,0.051676393,0.6672038,-1.3330379,0.0065776613,0.6819936,-1.3268456,0.058453396,0.71453065,-1.3184888,-0.06069392,0.6200041,-1.3367028,26.19185,30.379868,-45.029377,-6.28943,-0.011626571,-0.06200838,0.20220123,0.0077510476,-0.096888095,-0.05863836,-0.10463915,0.20540276,-0.016176099,-0.10463915,-0.21315381,0.19613521,-2.1470401,0.9572544,-1.48045,-0.046506286,0.03675446,0.60619897,-1.1683888,-0.013468444,0.7282777,-1.2391151,0.0024250175,0.73407537,-1.2413936,0.0056293765,0.6493378,-1.1443741,0.0,0.0,0.0,0.0,0.0,0.0,0.0,0.0,0.0,0.0,0.0,0.0,0.0,0.0,0.0,0.0,-2.2555134,0.87169445,-0.81328344,-1.2408185,50.0,50.0,50.0,50.0,50.0,50.0,50.0,50.0,50.0,50.0,50.0,50.0,0.0,0.0,0.0,0.0,1.0,1.0,1.0,1.0,1.0,1.0,1.0,1.0,1.0,1.0,1.0,1.0,0.5,0.5,0.5,0.5
1788446258.8160942,513,19.162436001352035,6.301751000137301,10689228,1,0.0,0.0,0.0,0.049405575,0.6621474,-1.3294835,0.00427657,0.68026775,-1.3273827,0.055122867,0.7180731,-1.3193734,-0.06105715,0.6149781,-1.3296889,26.157667,30.392796,-45.059654,-6.290399,-0.13951886,0.10463915,0.36194023,-0.27128667,-0.2092783,-0.032352198,-0.054257333,0.3100419,-0.014154087,-0.06200838,-0.34879714,0.36194023,-1.4339437,0.651088,-1.7091061,-0.11626572,0.051949717,0.6079225,-1.2325754,-0.014145728,0.75485384,-1.1844672,-0.0054057874,0.68009984,-1.2109864,-0.020362012,0.6936278,-1.1891351,0.0,0.0,0.0,0.0,0.0,0.0,0.0,0.0,0.0,0.0,0.0,0.0,0.0,0.0,0.0,0.0,-1.6928766,-0.0015038997,-0.25430623,-0.96337867,50.0,50.0,50.0,50.0,50.0,50.0,50.0,50.0,50.0,50.0,50.0,50.0,0.0,0.0,0.0,0.0,1.0,1.0,1.0,1.0,1.0,1.0,1.0,1.0,1.0,1.0,1.0,1.0,0.5,0.5,0.5,0.5
1788446258.835041,514,17.853772998932982,5.883066000023973,10689247,1,0.0,0.0,0.0,0.047195315,0.6594528,-1.3249024,0.0005524326,0.68456715,-1.3268298,0.053306207,0.7181337,-1.3167195,-0.06175357,0.6200041,-1.3272088,26.140137,30.400394,-45.088055,-6.2928514,-0.2092783,-0.05038181,0.2628616,-0.06975943,-0.20152724,-0.06874842,0.10076362,0.077510476,0.21635534,-0.05813286,-0.24415801,-0.056616347,-0.5386978,0.05813286,-1.3641844,-0.36817476,0.04960125,0.6398381,-1.2949061,-0.016977247,0.7727757,-1.1646917,1.109764e-05,0.6573336,-1.1434908,-0.036559418,0.7153629,-1.2307187,0.0,0.0,0.0,0.0,0.0,0.0,0.0,0.0,0.0,0.0,0.0,0.0,0.0,0.0,0.0,0.0,-1.2687786,-0.94558966,0.305102,-1.0195167,50.0,50.0,50.0,50.0,50.0,50.0,50.0,50.0,50.0,50.0,50.0,50.0,0.0,0.0,0.0,0.0,1.0,1.0,1.0,1.0,1.0,1.0,1.0,1.0,1.0,1.0,1.0,1.0,0.5,0.5,0.5,0.5
1788446258.85309,515,15.251901000738144,4.636193998521776,10689268,1,0.0,0.0,0.0,0.047134757,0.66020966,-1.3231963,-0.00295976,0.6836891,-1.3240021,0.052973166,0.7129562,-1.3140657,-0.06208664,0.6235466,-1.3287095,26.13729,30.395641,-45.101135,-6.3037515,0.13176781,0.054257333,0.0808805,-0.15502095,0.0,0.113232695,-0.12401676,-0.038755238,0.16580501,-0.06975943,0.12014124,-0.036396224,0.12789229,-0.4379342,-0.3100419,-0.65496355,0.041396566,0.6505372,-1.2992477,-0.017129565,0.74870515,-1.1847023,0.009978986,0.6638586,-1.1052468,-0.038443573,0.7102109,-1.2816664,0.0,0.0,0.0,0.0,0.0,0.0,0.0,0.0,0.0,0.0,0.0,0.0,0.0,0.0,0.0,0.0,-1.3080497,-1.5015638,0.38365883,-0.79324514,50.0,50.0,50.0,50.0,50.0,50.0,50.0,50.0,50.0,50.0,50.0,50.0,0.0,0.0,0.0,0.0,1.0,1.0,1.0,1.0,1.0,1.0,1.0,1.0,1.0,1.0,1.0,1.0,0.5,0.5,0.5,0.5
1788446258.8744988,516,16.194871001061983,4.140901000937447,10689290,1,0.0,0.0,0.0,0.04553008,0.6631769,-1.3270665,-0.008076662,0.6850213,-1.323544,0.050550953,0.7073246,-1.3082998,-0.065629065,0.6282699,-1.3315214,26.137835,30.379322,-45.095352,-6.329639,-0.10463915,0.19377619,-0.2547736,-0.11626572,0.17439857,-0.0020220124,-0.13564333,-0.43018317,0.16984905,-0.17439857,0.22090487,-0.20422325,-0.077510476,-1.1083997,0.65883905,-1.3990641,0.026487432,0.67276776,-1.259966,-0.02065627,0.68808395,-1.2132328,0.024189979,0.7044208,-1.1213176,-0.024797905,0.6742728,-1.2943579,0.0,0.0,0.0,0.0,0.0,0.0,0.0,0.0,0.0,0.0,0.0,0.0,0.0,0.0,0.0,0.0,-1.5019281,-1.0770936,0.15992826,-0.81832063,50.0,50.0,50.0,50.0,50.0,50.0,50.0,50.0,50.0,50.0,50.0,50.0,0.0,0.0,0.0,0.0,1.0,1.0,1.0,1.0,1.0,1.0,1.0,1.0,1.0,1.0,1.0,1.0,0.5,0.5,0.5,0.5
1788446258.897186,517,18.33095400070306,8.472489000268979,10689310,1,0.0,0.0,0.0,0.043683052,0.66399443,-1.3313792,-0.007713331,0.6876857,-1.3242865,0.04937014,0.7000277,-1.3036554,-0.06844491,0.63453734,-1.3394989,26.1372,30.353767,-45.08303,-6.354951,0.038755238,-0.065883905,-0.23455344,0.162772,0.3100419,-0.10312264,-0.038755238,-0.43018317,0.21231131,-0.038755238,0.5541999,-0.4084465,-0.038755238,-1.4029397,0.45343632,-1.2479186,0.0159356,0.6877448,-1.2011442,-0.019575115,0.62796897,-1.2308805,0.035602625,0.7563547,-1.1598042,-0.006479916,0.6312248,-1.2650441,0.0,0.0,0.0,0.0,0.0,0.0,0.0,0.0,0.0,0.0,0.0,0.0,0.0,0.0,0.0,0.0,-1.9456317,-0.29931313,-0.541515,-0.6939479,50.0,50.0,50.0,50.0,50.0,50.0,50.0,50.0,50.0,50.0,50.0,50.0,0.0,0.0,0.0,0.0,1.0,1.0,1.0,1.0,1.0,1.0,1.0,1.0,1.0,1.0,1.0,1.0,0.5,0.5,0.5,0.5
1788446258.9171698,518,18.06666799893719,7.93335699927411,10689330,1,0.0,0.0,0.0,0.041381955,0.6680819,-1.3323112,-0.00480669,0.6864444,-1.327209,0.049097642,0.7012388,-1.3022496,-0.068505466,0.64056253,-1.3440641,26.135746,30.33103,-45.075825,-6.3784766,0.28291324,0.13564333,-0.014154087,0.20540276,0.325544,-0.1273868,-0.038755238,-0.027128667,0.042462263,0.038755238,0.47668946,-0.060660373,-0.1782741,-0.887495,0.20152724,-1.0115118,0.008036415,0.6668503,-1.1534005,-0.019419173,0.5904689,-1.2585136,0.036840163,0.78459257,-1.2134241,0.01487347,0.58787584,-1.206052,0.0,0.0,0.0,0.0,0.0,0.0,0.0,0.0,0.0,0.0,0.0,0.0,0.0,0.0,0.0,0.0,-2.2788093,0.40041208,-1.1463008,-0.8956823,50.0,50.0,50.0,50.0,50.0,50.0,50.0,50.0,50.0,50.0,50.0,50.0,0.0,0.0,0.0,0.0,1.0,1.0,1.0,1.0,1.0,1.0,1.0,1.0,1.0,1.0,1.0,1.0,0.5,0.5,0.5,0.5
1788446258.9370446,519,17.20497600035742,6.120345000454108,10689349,1,0.0,0.0,0.0,0.04229033,0.6694443,-1.3300364,-0.0019303244,0.6854452,-1.3283305,0.048946247,0.70456934,-1.302992,-0.06950468,0.63868535,-1.3450594,26.131264,30.324581,-45.077854,-6.3924346,0.05813286,-0.1782741,0.09301257,0.038755238,0.09301257,0.060660373,-0.065883905,0.05038181,0.03437421,-0.019377619,0.06200838,-0.036396224,-0.53094673,0.29841533,-0.5929552,-0.54257333,0.014794381,0.64945257,-1.1483891,-0.015799293,0.65075386,-1.2545924,0.02235768,0.77136004,-1.2329632,0.011045815,0.60104096,-1.1474359,0.0,0.0,0.0,0.0,0.0,0.0,0.0,0.0,0.0,0.0,0.0,0.0,0.0,0.0,0.0,0.0,-1.9097283,1.0842589,-1.3854378,-1.347415,50.0,50.0,50.0,50.0,50.0,50.0,50.0,50.0,50.0,50.0,50.0,50.0,0.0,0.0,0.0,0.0,1.0,1.0,1.0,1.0,1.0,1.0,1.0,1.0,1.0,1.0,1.0,1.0,0.5,0.5,0.5,0.5
1788446258.9570692,520,16.813298998386017,6.100983999203891,10689372,1,0.0,0.0,0.0,0.042532563,0.6672946,-1.324934,-0.0009311661,0.68120635,-1.3285832,0.04864347,0.70995873,-1.3054721,-0.068899095,0.63484013,-1.3406204,26.115005,30.33881,-45.099136,-6.395886,0.05038181,-0.19377619,0.39631444,0.03100419,-0.27128667,0.014154087,-0.038755238,0.25190905,0.020220125,-0.023253143,-0.17439857,0.23253144,-1.0153872,1.147155,-1.546334,0.23640695,0.033830345,0.6094306,-1.1766251,-0.012714126,0.71959895,-1.2129612,0.00023948774,0.70977014,-1.22762,-0.01236074,0.6698173,-1.1583098,0.0,0.0,0.0,0.0,0.0,0.0,0.0,0.0,0.0,0.0,0.0,0.0,0.0,0.0,0.0,0.0,-1.9086492,1.0104423,-1.0841717,-1.1540077,50.0,50.0,50.0,50.0,50.0,50.0,50.0,50.0,50.0,50.0,50.0,50.0,0.0,0.0,0.0,0.0,1.0,1.0,1.0,1.0,1.0,1.0,1.0,1.0,1.0,1.0,1.0,1.0,0.5,0.5,0.5,0.5
1788446258.977194,521,16.427413998826523,6.75778099866875,10689391,1,0.0,0.0,0.0,0.04186642,0.6621777,-1.3210953,-0.0020514335,0.67890525,-1.3286781,0.047644317,0.7146517,-1.3054563,-0.06823295,0.6292387,-1.3326113,26.10011,30.362911,-45.128143,-6.39519,-0.11239019,0.081386,0.23253144,-0.14339438,-0.2945398,0.0,-0.046506286,0.28678876,0.014154087,-0.03100419,-0.34879714,0.5338113,-0.8332376,0.9998852,-1.6936039,-0.22090487,0.042524997,0.6043603,-1.2305083,-0.016968863,0.7480733,-1.1826926,-0.006299629,0.6616949,-1.2049782,-0.031236354,0.70425147,-1.1940165,0.0,0.0,0.0,0.0,0.0,0.0,0.0,0.0,0.0,0.0,0.0,0.0,0.0,0.0,0.0,0.0,-1.6518893,0.40887588,-0.45385438,-0.9170245,50.0,50.0,50.0,50.0,50.0,50.0,50.0,50.0,50.0,50.0,50.0,50.0,0.0,0.0,0.0,0.0,1.0,1.0,1.0,1.0,1.0,1.0,1.0,1.0,1.0,1.0,1.0,1.0,0.5,0.5,0.5,0.5
1788446258.9970942,522,16.25723899996956,6.69371699950716,10689412,1,0.0,0.0,0.0,0.04044342,0.6582416,-1.3173199,-0.005805848,0.6816908,-1.3270352,0.045918494,0.7125323,-1.303845,-0.06898993,0.63502175,-1.3277775,26.090178,30.378988,-45.156605,-6.3983994,-0.1472699,0.0,0.23657545,-0.077510476,-0.12789229,-0.0485283,0.0077510476,0.13564333,0.2547736,-0.10851467,-0.09301257,-0.052572325,-0.162772,0.46893838,-1.0153872,-0.31391743,0.041912533,0.6168657,-1.264387,-0.015895361,0.75359535,-1.1705021,-0.0034194859,0.65112954,-1.1580461,-0.044140756,0.71785855,-1.2411159,0.0,0.0,0.0,0.0,0.0,0.0,0.0,0.0,0.0,0.0,0.0,0.0,0.0,0.0,0.0,0.0,-1.4946887,-0.59322685,0.110061355,-0.8328359,50.0,50.0,50.0,50.0,50.0,50.0,50.0,50.0,50.0,50.0,50.0,50.0,0.0,0.0,0.0,0.0,1.0,1.0,1.0,1.0,1.0,1.0,1.0,1.0,1.0,1.0,1.0,1.0,0.5,0.5,0.5,0.5
1788446259.0220382,523,21.126232999449712,8.016493000468472,10689432,1,0.0,0.0,0.0,0.041321397,0.65863526,-1.3164668,-0.009045543,0.6820238,-1.3259294,0.045706555,0.7087779,-1.299564,-0.069262445,0.63895786,-1.3284568,26.090904,30.377384,-45.167896,-6.4114184,0.015502095,0.06200838,0.06268239,-0.18602514,-0.046506286,-0.028308174,-0.08526152,-0.038755238,0.19209118,-0.12014124,0.15889648,-0.036396224,0.038755238,-0.33329505,-0.43405867,-1.1975368,0.029721217,0.63658553,-1.2591978,-0.019406203,0.72195035,-1.1913841,0.00911008,0.67062545,-1.1327956,-0.036760338,0.70119774,-1.2751999,0.0,0.0,0.0,0.0,0.0,0.0,0.0,0.0,0.0,0.0,0.0,0.0,0.0,0.0,0.0,0.0,-1.5222574,-1.240876,0.14617698,-0.91807365,50.0,50.0,50.0,50.0,50.0,50.0,50.0,50.0,50.0,50.0,50.0,50.0,0.0,0.0,0.0,0.0,1.0,1.0,1.0,1.0,1.0,1.0,1.0,1.0,1.0,1.0,1.0,1.0,0.5,0.5,0.5,0.5
1788446259.0411513,524,18.54308099973423,6.042266000804375,10689454,1,0.0,0.0,0.0,0.041079283,0.6601188,-1.319089,-0.010135533,0.68350744,-1.325961,0.045010164,0.704206,-1.2950145,-0.0708974,0.6440142,-1.3314898,26.090631,30.365425,-45.163387,-6.434702,-0.05038181,-0.03100419,-0.113232695,0.023253143,0.10851467,-0.0485283,-0.03100419,-0.2945398,0.06874842,-0.10851467,0.32166848,-0.14356288,-0.019377619,-0.7518516,0.32941952,-1.3138026,0.017252747,0.65899056,-1.2212144,-0.023952678,0.66651165,-1.2110343,0.022515062,0.7129799,-1.1480367,-0.021468742,0.6674405,-1.2820269,0.0,0.0,0.0,0.0,0.0,0.0,0.0,0.0,0.0,0.0,0.0,0.0,0.0,0.0,0.0,0.0,-1.4048685,-0.8655142,0.007466711,-0.5667727,50.0,50.0,50.0,50.0,50.0,50.0,50.0,50.0,50.0,50.0,50.0,50.0,0.0,0.0,0.0,0.0,1.0,1.0,1.0,1.0,1.0,1.0,1.0,1.0,1.0,1.0,1.0,1.0,0.5,0.5,0.5,0.5
1788446259.0611637,525,18.166956999266404,5.52566099941032,10689474,1,0.0,0.0,0.0,0.03829372,0.6610575,-1.3200369,-0.009227211,0.684658,-1.3267034,0.044556007,0.7008452,-1.2928818,-0.07165438,0.64900994,-1.3350441,26.09045,30.348621,-45.15297,-6.4594994,-0.2790377,-0.019377619,-0.06874842,0.18990067,0.25190905,0.016176099,-0.08913705,-0.27128667,0.1455849,-0.077510476,0.43018317,-0.22242136,-0.011626571,-1.0153872,0.4379342,-1.0386404,0.007248423,0.67270696,-1.1819763,-0.024905695,0.6175013,-1.2254566,0.030040063,0.7564017,-1.1755967,-0.00089790113,0.62331647,-1.2255055,0.0,0.0,0.0,0.0,0.0,0.0,0.0,0.0,0.0,0.0,0.0,0.0,0.0,0.0,0.0,0.0,-1.4377679,-0.4779519,-0.3338614,-0.32565293,50.0,50.0,50.0,50.0,50.0,50.0,50.0,50.0,50.0,50.0,50.0,50.0,0.0,0.0,0.0,0.0,1.0,1.0,1.0,1.0,1.0,1.0,1.0,1.0,1.0,1.0,1.0,1.0,0.5,0.5,0.5,0.5
1788446259.1007576,526,31.541495000055875,6.173080000735354,10689496,1,0.0,0.0,0.0,0.038081765,0.66323745,-1.3196104,-0.0068958383,0.682478,-1.3269563,0.04431379,0.70499325,-1.2920605,-0.07192689,0.6555196,-1.339878,26.089481,30.332815,-45.14628,-6.478241,0.12014124,-0.096888095,-0.022242136,0.18990067,0.21315381,0.028308174,-0.10076362,0.0,0.012132075,0.046506286,0.4573118,-0.15367295,-0.096888095,-0.51156914,0.13951886,-0.5541999,0.009519538,0.65252733,-1.1465045,-0.023826227,0.6247855,-1.2450731,0.024919316,0.76166594,-1.1968151,0.005645401,0.61698717,-1.1836053,0.0,0.0,0.0,0.0,0.0,0.0,0.0,0.0,0.0,0.0,0.0,0.0,0.0,0.0,0.0,0.0,-1.6490796,0.09603791,-0.6484115,-0.11483792,50.0,50.0,50.0,50.0,50.0,50.0,50.0,50.0,50.0,50.0,50.0,50.0,0.0,0.0,0.0,0.0,1.0,1.0,1.0,1.0,1.0,1.0,1.0,1.0,1.0,1.0,1.0,1.0,0.5,0.5,0.5,0.5
1788446259.1192389,527,17.791246998967836,6.076857998777996,10689532,1,0.0,0.0,0.0,0.038535953,0.66681015,-1.3175567,-0.005260853,0.6795411,-1.3267034,0.043647677,0.71007985,-1.292645,-0.07298654,0.6501,-1.3388354,26.087332,30.34093,-45.157635,-6.4811172,0.05038181,0.0,0.060660373,-0.015502095,-0.06975943,-0.022242136,-0.0077510476,0.10463915,0.042462263,-0.08526152,-0.06975943,-0.010110063,-0.16664752,0.43018317,-0.61233276,0.33717057,0.030561324,0.5997723,-1.1856749,-0.011570616,0.70163345,-1.202609,-0.0038168067,0.6930455,-1.1928049,-0.0178359,0.6878555,-1.1955342,0.0,0.0,0.0,0.0,0.0,0.0,0.0,0.0,0.0,0.0,0.0,0.0,0.0,0.0,0.0,0.0,-1.7570287,0.27110124,-0.5479027,-0.18893851,50.0,50.0,50.0,50.0,50.0,50.0,50.0,50.0,50.0,50.0,50.0,50.0,0.0,0.0,0.0,0.0,1.0,1.0,1.0,1.0,1.0,1.0,1.0,1.0,1.0,1.0,1.0,1.0,0.5,0.5,0.5,0.5
1788446259.1383598,528,16.50024700029462,4.816705000848742,10689552,1,0.0,0.0,0.0,0.037809253,0.6630558,-1.3139392,-0.0062600095,0.6780575,-1.3274617,0.043677956,0.7133801,-1.2928818,-0.07192689,0.6468905,-1.3360077,26.083094,30.347652,-45.17214,-6.477908,-0.12789229,-0.4379342,0.3942924,-0.081386,-0.027128667,-0.042462263,0.046506286,0.18602514,0.0040440247,0.162772,-0.28678876,0.34778613,-0.28291324,0.4999426,-0.8332376,0.1472699,0.03893504,0.6122266,-1.233293,-0.009544317,0.7272954,-1.1614661,-0.009259721,0.652741,-1.1674085,-0.031534724,0.71820295,-1.2097914,0.0,0.0,0.0,0.0,0.0,0.0,0.0,0.0,0.0,0.0,0.0,0.0,0.0,0.0,0.0,0.0,-1.5390533,0.3130795,-0.13695213,-0.016427021,50.0,50.0,50.0,50.0,50.0,50.0,50.0,50.0,50.0,50.0,50.0,50.0,0.0,0.0,0.0,0.0,1.0,1.0,1.0,1.0,1.0,1.0,1.0,1.0,1.0,1.0,1.0,1.0,0.5,0.5,0.5,0.5
1788446259.1570623,529,14.793121001275722,4.20285300060641,10689574,1,0.0,0.0,0.0,0.037355065,0.65491116,-1.3110327,-0.0071077812,0.68335605,-1.3268139,0.042709082,0.70780903,-1.2923764,-0.07135159,0.653703,-1.3330221,26.079975,30.354433,-45.18573,-6.4764547,-0.077510476,-0.011626571,0.15367295,-0.027128667,-0.034879714,0.0,-0.015502095,0.1472699,0.02426415,0.04263076,-0.13951886,-0.018198112,0.0,0.15502095,-0.35267267,-0.13951886,0.041267574,0.62821394,-1.2571921,-0.013861648,0.7123673,-1.146965,-0.0039447052,0.6567853,-1.1444584,-0.037143055,0.7225766,-1.2461895,0.0,0.0,0.0,0.0,0.0,0.0,0.0,0.0,0.0,0.0,0.0,0.0,0.0,0.0,0.0,0.0,-1.8890581,-0.32392013,0.19108535,0.2552408,50.0,50.0,50.0,50.0,50.0,50.0,50.0,50.0,50.0,50.0,50.0,50.0,0.0,0.0,0.0,0.0,1.0,1.0,1.0,1.0,1.0,1.0,1.0,1.0,1.0,1.0,1.0,1.0,0.5,0.5,0.5,0.5
1788446259.179074,530,16.27429599830066,7.284305998837226,10689594,1,0.0,0.0,0.0,0.038505673,0.65588,-1.3102744,-0.007894998,0.68441576,-1.3247287,0.042648524,0.7044785,-1.289375,-0.0716241,0.6561252,-1.3330379,26.080217,30.353252,-45.185005,-6.4849625,0.046506286,0.065883905,0.042462263,0.038755238,-0.06200838,-0.0060660373,-0.06200838,-0.20152724,0.21433333,-0.15114543,0.077510476,-0.018198112,-0.019377619,-0.10463915,0.49606705,-0.7867313,0.024632692,0.6419535,-1.2291672,-0.022760503,0.6907165,-1.1930707,0.011654064,0.68472034,-1.129444,-0.028841335,0.6968514,-1.271952,0.0,0.0,0.0,0.0,0.0,0.0,0.0,0.0,0.0,0.0,0.0,0.0,0.0,0.0,0.0,0.0,-2.2789476,-0.35912788,0.05080764,0.016258173,50.0,50.0,50.0,50.0,50.0,50.0,50.0,50.0,50.0,50.0,50.0,50.0,0.0,0.0,0.0,0.0,1.0,1.0,1.0,1.0,1.0,1.0,1.0,1.0,1.0,1.0,1.0,1.0,0.5,0.5,0.5,0.5
1788446259.1971688,531,14.297060000899364,5.884698000954813,10689613,1,0.0,0.0,0.0,0.03932309,0.6565461,-1.3113644,-0.009227211,0.68259907,-1.3236388,0.04225491,0.6995735,-1.2855206,-0.0723204,0.65860796,-1.3347913,26.079187,30.350256,-45.173164,-6.49453,0.046506286,-0.034879714,-0.010110063,0.034879714,0.06200838,-0.010110063,0.015502095,-0.33717057,0.10312264,-0.04263076,0.10076362,-0.08694653,-0.17052305,-0.1472699,0.68984324,-0.3914279,0.016433703,0.6449232,-1.19312,-0.02567791,0.6552974,-1.2220992,0.021879781,0.71920645,-1.1591612,-0.018849872,0.66062665,-1.2636043,0.0,0.0,0.0,0.0,0.0,0.0,0.0,0.0,0.0,0.0,0.0,0.0,0.0,0.0,0.0,0.0,-2.2301795,-0.073249936,-0.31305033,0.06413262,50.0,50.0,50.0,50.0,50.0,50.0,50.0,50.0,50.0,50.0,50.0,50.0,0.0,0.0,0.0,0.0,1.0,1.0,1.0,1.0,1.0,1.0,1.0,1.0,1.0,1.0,1.0,1.0,0.5,0.5,0.5,0.5
1788446259.2191854,532,16.24296800036973,5.920218998653581,10689634,1,0.0,0.0,0.0,0.03714311,0.6573334,-1.3109536,-0.00825833,0.681388,-1.324713,0.042648524,0.69736326,-1.2840672,-0.07235068,0.6599704,-1.3372241,26.0741,30.34641,-45.16478,-6.502281,0.20152724,0.023253143,-0.04044025,0.077510476,0.12014124,-0.0020220124,-0.04263076,-0.17052305,0.088968545,-0.011626571,0.27128667,-0.14356288,-0.39917895,-0.096888095,0.11239019,-0.04263076,0.012044553,0.6455509,-1.1589532,-0.02343582,0.6389054,-1.247005,0.02443711,0.738679,-1.1844255,-0.006432879,0.63917387,-1.2215364,0.0,0.0,0.0,0.0,0.0,0.0,0.0,0.0,0.0,0.0,0.0,0.0,0.0,0.0,0.0,0.0,-2.0687537,0.3107357,-0.5547851,0.18891323,50.0,50.0,50.0,50.0,50.0,50.0,50.0,50.0,50.0,50.0,50.0,50.0,0.0,0.0,0.0,0.0,1.0,1.0,1.0,1.0,1.0,1.0,1.0,1.0,1.0,1.0,1.0,1.0,0.5,0.5,0.5,0.5
1788446259.2472603,533,24.251332999483566,8.077036000031512,10689654,1,0.0,0.0,0.0,0.037809253,0.6581811,-1.309374,-0.0066838954,0.6778758,-1.3256292,0.04246685,0.7029949,-1.2841778,-0.07280487,0.6592438,-1.3384563,26.063353,30.347773,-45.166927,-6.5028567,0.023253143,-0.027128667,-0.044484273,0.038755238,0.015502095,0.0,-0.03100419,0.0,-0.036396224,-0.06200838,0.077510476,-0.046506286,-0.65496355,0.30616638,-0.3604237,0.10851467,0.014111049,0.6297448,-1.1518486,-0.019635962,0.6561181,-1.2433376,0.015949482,0.7329343,-1.2048317,-0.0049872426,0.6452339,-1.184516,0.0,0.0,0.0,0.0,0.0,0.0,0.0,0.0,0.0,0.0,0.0,0.0,0.0,0.0,0.0,0.0,-2.0153525,0.49431437,-0.65728617,-0.015336033,50.0,50.0,50.0,50.0,50.0,50.0,50.0,50.0,50.0,50.0,50.0,50.0,0.0,0.0,0.0,0.0,1.0,1.0,1.0,1.0,1.0,1.0,1.0,1.0,1.0,1.0,1.0,1.0,0.5,0.5,0.5,0.5
1788446259.263239,534,14.724033999300445,4.174917999989702,10689680,1,0.0,0.0,0.0,0.03826344,0.6589986,-1.3070043,-0.0053214077,0.67702806,-1.3262296,0.042164087,0.7060529,-1.2844621,-0.07310766,0.65297633,-1.3376348,26.049213,30.353617,-45.17919,-6.4974065,0.065883905,0.019377619,0.076836474,-0.019377619,-0.038755238,0.020220125,-0.10851467,0.034879714,0.054594334,-0.081386,-0.027128667,0.0060660373,-0.51156914,0.35267267,-0.69371873,0.4728139,0.026863256,0.60188764,-1.1846453,-0.011886856,0.67939794,-1.1929777,-0.001257881,0.6932985,-1.2124245,-0.016035775,0.6799937,-1.1829131,0.0,0.0,0.0,0.0,0.0,0.0,0.0,0.0,0.0,0.0,0.0,0.0,0.0,0.0,0.0,0.0,-1.9726787,0.4062961,-0.4300632,-0.034334213,50.0,50.0,50.0,50.0,50.0,50.0,50.0,50.0,50.0,50.0,50.0,50.0,0.0,0.0,0.0,0.0,1.0,1.0,1.0,1.0,1.0,1.0,1.0,1.0,1.0,1.0,1.0,1.0,0.5,0.5,0.5,0.5
1788446259.2831426,535,14.333125000121072,5.171839000468026,10689700,1,0.0,0.0,0.0,0.038172603,0.65836275,-1.3054563,-0.005351685,0.6765436,-1.3262928,0.041649356,0.70699155,-1.2846516,-0.07286543,0.6516744,-1.3357707,26.040796,30.361822,-45.189274,-6.492108,-0.046506286,-0.038755238,0.161761,-0.015502095,-0.05813286,0.0080880495,-0.04263076,-0.0077510476,0.028308174,-0.038755238,-0.13176781,0.05863836,-0.3565482,0.46893838,-0.5348223,0.096888095,0.03065233,0.60696936,-1.2119964,-0.014591737,0.7032691,-1.171976,-0.003842785,0.6700105,-1.1819278,-0.024342123,0.7035483,-1.2046374,0.0,0.0,0.0,0.0,0.0,0.0,0.0,0.0,0.0,0.0,0.0,0.0,0.0,0.0,0.0,0.0,-1.58303,0.12415409,0.0070427544,-0.007929094,50.0,50.0,50.0,50.0,50.0,50.0,50.0,50.0,50.0,50.0,50.0,50.0,0.0,0.0,0.0,0.0,1.0,1.0,1.0,1.0,1.0,1.0,1.0,1.0,1.0,1.0,1.0,1.0,0.5,0.5,0.5,0.5
1788446259.304154,536,15.27775899921835,7.268658000612049,10689720,1,0.0,0.0,0.0,0.038081765,0.65548635,-1.3049824,-0.0057150144,0.67745197,-1.3252659,0.04010521,0.702026,-1.2846516,-0.07316822,0.6568216,-1.3352653,26.038736,30.366636,-45.197357,-6.4903216,0.046506286,0.046506286,0.06874842,0.011626571,-0.054257333,0.026286162,-0.023253143,-0.027128667,-0.0060660373,0.015502095,-0.08526152,0.026286162,-0.0038755238,0.20540276,-0.39530346,-0.05038181,0.03063804,0.62418985,-1.2286792,-0.019701201,0.7097256,-1.1759427,0.00042395294,0.66902226,-1.144146,-0.028485771,0.7073291,-1.2319341,0.0,0.0,0.0,0.0,0.0,0.0,0.0,0.0,0.0,0.0,0.0,0.0,0.0,0.0,0.0,0.0,-1.2885423,-0.38743645,0.19801918,0.14224756,50.0,50.0,50.0,50.0,50.0,50.0,50.0,50.0,50.0,50.0,50.0,50.0,0.0,0.0,0.0,0.0,1.0,1.0,1.0,1.0,1.0,1.0,1.0,1.0,1.0,1.0,1.0,1.0,0.5,0.5,0.5,0.5
1788446259.3250997,537,16.150168999956804,4.071589999512071,10689740,1,0.0,0.0,0.0,0.03756702,0.65545607,-1.304698,-0.0072288904,0.6792686,-1.3246814,0.04004465,0.6990891,-1.2831825,-0.073319614,0.65894103,-1.3358498,26.039644,30.366425,-45.196842,-6.4944696,-0.011626571,-0.0077510476,0.020220125,-0.011626571,-0.0077510476,0.012132075,-0.038755238,-0.054257333,0.0,-0.05038181,0.04263076,-0.0060660373,0.0038755238,-0.019377619,0.2092783,-0.42630762,0.023548672,0.6400905,-1.217762,-0.02353764,0.682461,-1.1932112,0.010968611,0.68790203,-1.1427447,-0.025644619,0.6923616,-1.25131,0.0,0.0,0.0,0.0,0.0,0.0,0.0,0.0,0.0,0.0,0.0,0.0,0.0,0.0,0.0,0.0,-1.3143014,-0.68528825,0.30854726,0.1986399,50.0,50.0,50.0,50.0,50.0,50.0,50.0,50.0,50.0,50.0,50.0,50.0,0.0,0.0,0.0,0.0,1.0,1.0,1.0,1.0,1.0,1.0,1.0,1.0,1.0,1.0,1.0,1.0,0.5,0.5,0.5,0.5
1788446259.3490572,538,20.040831999722286,6.5093350003735395,10689760,1,0.0,0.0,0.0,0.03753674,0.6558497,-1.3051561,-0.008106941,0.6795411,-1.3247762,0.039953828,0.6969696,-1.2813185,-0.07374352,0.6599099,-1.3371767,26.039494,30.364092,-45.192364,-6.4995866,0.038755238,-0.038755238,0.030330187,0.04263076,0.06200838,-0.050550308,0.04263076,-0.12401676,0.07279245,-0.065883905,0.027128667,-0.022242136,-0.027128667,-0.20152724,0.12401676,-0.29841533,0.016512612,0.6426637,-1.1900195,-0.027903868,0.6644605,-1.2202058,0.018005678,0.7063443,-1.1486305,-0.018970508,0.6732484,-1.2563022,0.0,0.0,0.0,0.0,0.0,0.0,0.0,0.0,0.0,0.0,0.0,0.0,0.0,0.0,0.0,0.0,-1.5585122,-0.5528334,-0.13972986,0.2027564,50.0,50.0,50.0,50.0,50.0,50.0,50.0,50.0,50.0,50.0,50.0,50.0,0.0,0.0,0.0,0.0,1.0,1.0,1.0,1.0,1.0,1.0,1.0,1.0,1.0,1.0,1.0,1.0,0.5,0.5,0.5,0.5
1788446259.3659694,539,16.06466500015813,5.843099001140217,10689779,1,0.0,0.0,0.0,0.037264228,0.65666723,-1.3051404,-0.007864719,0.6774217,-1.3251079,0.039772153,0.69657606,-1.2810658,-0.07456094,0.66006124,-1.338551,26.039282,30.360489,-45.18852,-6.5030684,0.0077510476,0.015502095,-0.012132075,0.05038181,-0.0077510476,-0.012132075,-0.038755238,-0.12014124,0.044484273,-0.05038181,0.15502095,-0.12536478,-0.054257333,-0.13564333,0.06975943,-0.04263076,0.013506309,0.6357145,-1.1761128,-0.024908593,0.65239054,-1.2256955,0.017251235,0.71273065,-1.1683851,-0.014152663,0.6665986,-1.2346505,0.0,0.0,0.0,0.0,0.0,0.0,0.0,0.0,0.0,0.0,0.0,0.0,0.0,0.0,0.0,0.0,-1.7221594,-0.27472946,-0.2589615,0.120550506,50.0,50.0,50.0,50.0,50.0,50.0,50.0,50.0,50.0,50.0,50.0,50.0,0.0,0.0,0.0,0.0,1.0,1.0,1.0,1.0,1.0,1.0,1.0,1.0,1.0,1.0,1.0,1.0,0.5,0.5,0.5,0.5
1788446259.3851686,540,14.944769000067026,4.677730001276359,10689802,1,0.0,0.0,0.0,0.037294507,0.6561525,-1.3045084,-0.0075619463,0.6749389,-1.3257082,0.039106056,0.69954324,-1.2810816,-0.07565099,0.65984935,-1.3396094,26.038887,30.359823,-45.188606,-6.5024023,-0.015502095,-0.07363495,-0.020220125,0.05813286,0.034879714,0.016176099,0.0,0.0,0.030330187,-0.023253143,0.034879714,-0.046506286,-0.065883905,-0.0038755238,-0.09301257,0.14339438,0.016215453,0.6269031,-1.1712611,-0.020441614,0.6562617,-1.2174138,0.012010703,0.7098729,-1.1834638,-0.012969838,0.6664427,-1.2086998,0.0,0.0,0.0,0.0,0.0,0.0,0.0,0.0,0.0,0.0,0.0,0.0,0.0,0.0,0.0,0.0,-1.812304,-0.029117018,-0.32245284,0.10939032,50.0,50.0,50.0,50.0,50.0,50.0,50.0,50.0,50.0,50.0,50.0,50.0,0.0,0.0,0.0,0.0,1.0,1.0,1.0,1.0,1.0,1.0,1.0,1.0,1.0,1.0,1.0,1.0,0.5,0.5,0.5,0.5
1788446259.4070892,541,16.266937000182224,4.672385999583639,10689821,1,0.0,0.0,0.0,0.037385345,0.65479004,-1.3040346,-0.0068352837,0.6734553,-1.325724,0.03883356,0.70008826,-1.2813027,-0.07577211,0.6588805,-1.3394041,26.038221,30.360853,-45.190483,-6.5011306,0.015502095,-0.077510476,0.014154087,0.023253143,-0.015502095,-0.026286162,-0.023253143,0.054257333,0.0080880495,-0.027128667,-0.05038181,-0.0020220124,-0.07363495,0.12789229,-0.15114543,0.07363495,0.0222221,0.6187463,-1.1867551,-0.01710523,0.6699419,-1.1959717,0.005286722,0.6952912,-1.1844438,-0.017912585,0.6810715,-1.2016919,0.0,0.0,0.0,0.0,0.0,0.0,0.0,0.0,0.0,0.0,0.0,0.0,0.0,0.0,0.0,0.0,-1.8047613,-0.011583418,-0.1863971,-0.012624096,50.0,50.0,50.0,50.0,50.0,50.0,50.0,50.0,50.0,50.0,50.0,50.0,0.0,0.0,0.0,0.0,1.0,1.0,1.0,1.0,1.0,1.0,1.0,1.0,1.0,1.0,1.0,1.0,0.5,0.5,0.5,0.5
1788446259.4284582,542,17.560559999765246,5.973625999104115,10689842,1,0.0,0.0,0.0,0.037385345,0.65291286,-1.3032606,-0.00665362,0.6731828,-1.325645,0.038318828,0.70008826,-1.2814133,-0.07568127,0.6580024,-1.33863,26.03789,30.362123,-45.193874,-6.50104,-0.06200838,-0.15502095,0.08694653,0.09301257,-0.019377619,-0.016176099,-0.0077510476,0.0,0.022242136,0.0,0.019377619,-0.036396224,-0.027128667,0.06975943,-0.27128667,0.05038181,0.026212232,0.61526436,-1.2029527,-0.016386617,0.6867723,-1.1784568,0.0011268421,0.6780209,-1.1705246,-0.024468632,0.6973113,-1.2131964,0.0,0.0,0.0,0.0,0.0,0.0,0.0,0.0,0.0,0.0,0.0,0.0,0.0,0.0,0.0,0.0,-1.7443588,-0.20624739,0.010898542,-0.019118153,50.0,50.0,50.0,50.0,50.0,50.0,50.0,50.0,50.0,50.0,50.0,50.0,0.0,0.0,0.0,0.0,1.0,1.0,1.0,1.0,1.0,1.0,1.0,1.0,1.0,1.0,1.0,1.0,0.5,0.5,0.5,0.5
1788446259.4470816,543,16.11432900062937,5.382684999858611,10689862,1,0.0,0.0,0.0,0.037476182,0.6514292,-1.3029604,-0.0067141745,0.67354614,-1.3252659,0.038288563,0.6979991,-1.2814133,-0.07552987,0.65848684,-1.338551,26.03801,30.362911,-45.196693,-6.5014334,-0.08913705,0.011626571,0.020220125,0.07363495,-0.06975943,0.0020220124,0.046506286,-0.038755238,0.026286162,-0.06200838,0.08526152,-0.018198112,0.03100419,0.019377619,-0.1782741,0.03100419,0.026367234,0.6215678,-1.2124798,-0.01814595,0.68862617,-1.1756796,0.0023593088,0.6782168,-1.1585765,-0.028713807,0.69907874,-1.228132,0.0,0.0,0.0,0.0,0.0,0.0,0.0,0.0,0.0,0.0,0.0,0.0,0.0,0.0,0.0,0.0,-1.6740313,-0.54914623,0.18295893,0.13149825,50.0,50.0,50.0,50.0,50.0,50.0,50.0,50.0,50.0,50.0,50.0,50.0,0.0,0.0,0.0,0.0,1.0,1.0,1.0,1.0,1.0,1.0,1.0,1.0,1.0,1.0,1.0,1.0,0.5,0.5,0.5,0.5
1788446259.467131,544,16.095385000880924,5.965177999314619,10689882,1,0.0,0.0,0.0,0.037385345,0.65079343,-1.3030077,-0.0072591696,0.67530227,-1.3248394,0.038258284,0.69445664,-1.2813343,-0.075469315,0.6592438,-1.3388038,26.03807,30.3627,-45.197025,-6.5027356,0.038755238,-0.081386,0.046506286,-0.0077510476,-0.0077510476,-0.018198112,0.0,-0.081386,0.0020220124,0.06200838,0.06975943,-0.010110063,-0.05813286,0.038755238,0.0077510476,-0.077510476,0.02288611,0.62913823,-1.205041,-0.022280077,0.68307406,-1.194615,0.007770486,0.68539494,-1.1442012,-0.026821129,0.69383645,-1.2428497,0.0,0.0,0.0,0.0,0.0,0.0,0.0,0.0,0.0,0.0,0.0,0.0,0.0,0.0,0.0,0.0,-1.8560181,-0.6412023,0.12402469,0.15719804,50.0,50.0,50.0,50.0,50.0,50.0,50.0,50.0,50.0,50.0,50.0,50.0,0.0,0.0,0.0,0.0,1.0,1.0,1.0,1.0,1.0,1.0,1.0,1.0,1.0,1.0,1.0,1.0,0.5,0.5,0.5,0.5
1788446259.4890661,545,17.955149000044912,5.61708399982308,10689902,1,0.0,0.0,0.0,0.037355065,0.6508237,-1.3032606,-0.0075619463,0.6752417,-1.3248079,0.038137168,0.69382083,-1.2811763,-0.075862944,0.6592741,-1.3391829,26.03801,30.361458,-45.195633,-6.5056725,-0.015502095,-0.054257333,0.0,0.023253143,0.06200838,0.0040440247,-0.05038181,-0.08526152,0.060660373,-0.06200838,0.05038181,-0.026286162,-0.038755238,-0.081386,0.05038181,-0.12014124,0.020498686,0.6290052,-1.2012604,-0.023211924,0.6684122,-1.2003579,0.009934957,0.6898669,-1.1510136,-0.024877721,0.6865127,-1.2462159,0.0,0.0,0.0,0.0,0.0,0.0,0.0,0.0,0.0,0.0,0.0,0.0,0.0,0.0,0.0,0.0,-1.9311708,-0.7478738,-0.09566486,0.10552637,50.0,50.0,50.0,50.0,50.0,50.0,50.0,50.0,50.0,50.0,50.0,50.0,0.0,0.0,0.0,0.0,1.0,1.0,1.0,1.0,1.0,1.0,1.0,1.0,1.0,1.0,1.0,1.0,0.5,0.5,0.5,0.5
1788446259.5091093,546,16.80040399878635,4.878945001109969,10689923,1,0.0,0.0,0.0,0.03723395,0.6509447,-1.3031973,-0.00774361,0.67475724,-1.3250606,0.03804633,0.6937603,-1.2810184,-0.076196015,0.6596677,-1.3398622,26.037706,30.360247,-45.19539,-6.5092754,0.065883905,-0.023253143,-0.012132075,0.06200838,0.0,-0.030330187,0.0038755238,0.03100419,0.044484273,-0.038755238,0.06975943,-0.036396224,-0.10463915,-0.06975943,-0.038755238,-0.08913705,0.01627072,0.6326764,-1.1878456,-0.02479506,0.6611851,-1.2114111,0.013186627,0.69835544,-1.1570005,-0.019500392,0.67618257,-1.2359914,0.0,0.0,0.0,0.0,0.0,0.0,0.0,0.0,0.0,0.0,0.0,0.0,0.0,0.0,0.0,0.0,-1.966812,-0.43836144,-0.32419854,0.10313798,50.0,50.0,50.0,50.0,50.0,50.0,50.0,50.0,50.0,50.0,50.0,50.0,0.0,0.0,0.0,0.0,1.0,1.0,1.0,1.0,1.0,1.0,1.0,1.0,1.0,1.0,1.0,1.0,0.5,0.5,0.5,0.5
1788446259.5271614,547,14.34861200141313,4.792704999999842,10689944,1,0.0,0.0,0.0,0.037385345,0.6506723,-1.3031657,-0.007410558,0.67260754,-1.3250763,0.037773833,0.69406307,-1.28105,-0.076589525,0.6597888,-1.3403993,26.037283,30.359703,-45.19578,-6.5110316,0.04263076,-0.027128667,-0.0060660373,0.038755238,-0.12401676,-0.016176099,0.023253143,-0.027128667,-0.010110063,-0.011626571,-0.0038755238,-0.044484273,-0.096888095,0.05813286,0.0,-0.019377619,0.01810792,0.6273874,-1.1848428,-0.023024784,0.66755307,-1.2116542,0.010869237,0.70010316,-1.1663079,-0.018295432,0.6775818,-1.2239625,0.0,0.0,0.0,0.0,0.0,0.0,0.0,0.0,0.0,0.0,0.0,0.0,0.0,0.0,0.0,0.0,-2.044114,-0.38898024,-0.3792482,-0.02668988,50.0,50.0,50.0,50.0,50.0,50.0,50.0,50.0,50.0,50.0,50.0,50.0,0.0,0.0,0.0,0.0,1.0,1.0,1.0,1.0,1.0,1.0,1.0,1.0,1.0,1.0,1.0,1.0,0.5,0.5,0.5,0.5
1788446259.5491357,548,16.22690399926796,5.958714000371401,10689964,1,0.0,0.0,0.0,0.037324786,0.6505815,-1.3029445,-0.0072288904,0.6714267,-1.3252027,0.03762245,0.69509244,-1.2810658,-0.07674092,0.65921354,-1.3402886,26.03586,30.360035,-45.196873,-6.511425,0.046506286,-0.09301257,0.0,0.06975943,-0.027128667,0.010110063,-0.05813286,-0.019377619,0.0040440247,-0.038755238,0.038755238,-0.016176099,-0.18990067,0.034879714,-0.12401676,0.015502095,0.021400154,0.6210379,-1.1896309,-0.019933896,0.67200744,-1.2004614,0.006973666,0.6931043,-1.175013,-0.0202163,0.6822039,-1.2151707,0.0,0.0,0.0,0.0,0.0,0.0,0.0,0.0,0.0,0.0,0.0,0.0,0.0,0.0,0.0,0.0,-2.090232,-0.30071223,-0.29405558,-0.023055598,50.0,50.0,50.0,50.0,50.0,50.0,50.0,50.0,50.0,50.0,50.0,50.0,0.0,0.0,0.0,0.0,1.0,1.0,1.0,1.0,1.0,1.0,1.0,1.0,1.0,1.0,1.0,1.0,0.5,0.5,0.5,0.5
1788446259.5725927,549,19.616513998698792,5.3828460004297085,10689983,1,0.0,0.0,0.0,0.037445903,0.65018785,-1.3028972,-0.0070472267,0.6717597,-1.3252184,0.03744079,0.6953347,-1.2811131,-0.07668036,0.65903187,-1.3400834,26.033499,30.360188,-45.198296,-6.5122123,0.015502095,0.0077510476,-0.020220125,0.011626571,0.05813286,-0.0080880495,-0.046506286,-0.0077510476,0.030330187,0.0,-0.07363495,0.0,-0.08913705,0.04263076,-0.038755238,-0.06975943,0.025854573,0.61572224,-1.2053955,-0.017575787,0.67673737,-1.1878405,0.0027725429,0.6811402,-1.1713777,-0.024607973,0.6883711,-1.2119693,0.0,0.0,0.0,0.0,0.0,0.0,0.0,0.0,0.0,0.0,0.0,0.0,0.0,0.0,0.0,0.0,-1.9941542,-0.3628471,-0.19800696,-0.022902582,50.0,50.0,50.0,50.0,50.0,50.0,50.0,50.0,50.0,50.0,50.0,50.0,0.0,0.0,0.0,0.0,1.0,1.0,1.0,1.0,1.0,1.0,1.0,1.0,1.0,1.0,1.0,1.0,0.5,0.5,0.5,0.5
1788446259.5951536,550,21.86766799968609,6.800213001042721,10690004,1,0.0,0.0,0.0,0.03756702,0.6494914,-1.3028972,-0.0070472267,0.6717597,-1.3251238,0.037289396,0.6945172,-1.2812079,-0.076589525,0.6590924,-1.3398938,26.031319,30.360247,-45.198418,-6.5135446,0.05038181,-0.03100419,-0.010110063,0.0,0.0,-0.016176099,-0.09301257,-0.034879714,0.020220125,-0.0077510476,0.0,0.0060660373,-0.16664752,0.034879714,-0.034879714,-0.07363495,0.02585038,0.61990035,-1.212622,-0.017453033,0.6814485,-1.1810863,0.0017218138,0.6777545,-1.1606491,-0.027756058,0.6953271,-1.2185805,0.0,0.0,0.0,0.0,0.0,0.0,0.0,0.0,0.0,0.0,0.0,0.0,0.0,0.0,0.0,0.0,-1.9099343,-0.42742664,-0.08252334,-0.025047623,50.0,50.0,50.0,50.0,50.0,50.0,50.0,50.0,50.0,50.0,50.0,50.0,0.0,0.0,0.0,0.0,1.0,1.0,1.0,1.0,1.0,1.0,1.0,1.0,1.0,1.0,1.0,1.0,0.5,0.5,0.5,0.5
1788446259.6363487,551,30.308797999168746,5.915771000218228,10690036,1,0.0,0.0,0.0,0.03750646,0.6487043,-1.3031499,-0.007168336,0.6719111,-1.3249657,0.037380233,0.6917014,-1.2811606,-0.07652897,0.6590924,-1.339799,26.03035,30.360157,-45.198116,-6.516663,0.05813286,-0.04263076,-0.036396224,0.015502095,0.09301257,-0.028308174,-0.0038755238,-0.05038181,0.064704396,-0.08526152,0.13564333,-0.016176099,-0.0038755238,-0.0077510476,0.054257333,-0.15502095,0.02302812,0.62322587,-1.2063977,-0.020209998,0.677426,-1.1913942,0.005367641,0.6812228,-1.1536527,-0.026368083,0.6917888,-1.2361672,0.0,0.0,0.0,0.0,0.0,0.0,0.0,0.0,0.0,0.0,0.0,0.0,0.0,0.0,0.0,0.0,-1.9073806,-0.54985654,-0.11256686,0.07291019,50.0,50.0,50.0,50.0,50.0,50.0,50.0,50.0,50.0,50.0,50.0,50.0,0.0,0.0,0.0,0.0,1.0,1.0,1.0,1.0,1.0,1.0,1.0,1.0,1.0,1.0,1.0,1.0,0.5,0.5,0.5,0.5
1788446259.6551216,552,17.966829998840694,5.327037999450113,10690067,1,0.0,0.0,0.0,0.0375973,0.6487043,-1.3033711,-0.0071380604,0.67215335,-1.3248868,0.03695634,0.6901875,-1.281129,-0.07686204,0.65981907,-1.339878,26.030258,30.360004,-45.1976,-6.521447,0.05813286,0.07363495,0.0080880495,0.019377619,0.011626571,-0.016176099,-0.0038755238,-0.019377619,-0.010110063,0.0077510476,0.019377619,0.010110063,-0.046506286,0.0038755238,-0.038755238,-0.11626572,0.017581236,0.630725,-1.1915461,-0.024768792,0.6639498,-1.2088673,0.012653883,0.69882643,-1.1592281,-0.020937344,0.67597896,-1.2387024,0.0,0.0,0.0,0.0,0.0,0.0,0.0,0.0,0.0,0.0,0.0,0.0,0.0,0.0,0.0,0.0,-1.9124097,-0.47382867,-0.27126667,0.09425182,50.0,50.0,50.0,50.0,50.0,50.0,50.0,50.0,50.0,50.0,50.0,50.0,0.0,0.0,0.0,0.0,1.0,1.0,1.0,1.0,1.0,1.0,1.0,1.0,1.0,1.0,1.0,1.0,0.5,0.5,0.5,0.5
1788446259.6750553,553,17.246994000743143,6.000280998705421,10690087,1,0.0,0.0,0.0,0.0375973,0.6485529,-1.3033869,-0.0071077812,0.67188084,-1.3249342,0.036411345,0.6898847,-1.2810658,-0.07740706,0.66006124,-1.3403835,26.030138,30.359945,-45.1976,-6.5223556,-0.011626571,-0.0038755238,0.0040440247,0.015502095,0.038755238,0.010110063,-0.08913705,-0.03100419,0.0,-0.046506286,0.0,-0.0080880495,-0.04263076,0.054257333,0.015502095,0.05813286,0.018211003,0.62572515,-1.191774,-0.023026457,0.6625805,-1.2064972,0.009772675,0.69734436,-1.1663305,-0.021185316,0.6752583,-1.2257001,0.0,0.0,0.0,0.0,0.0,0.0,0.0,0.0,0.0,0.0,0.0,0.0,0.0,0.0,0.0,0.0,-1.9786749,-0.471047,-0.39529324,-0.002802536,50.0,50.0,50.0,50.0,50.0,50.0,50.0,50.0,50.0,50.0,50.0,50.0,0.0,0.0,0.0,0.0,1.0,1.0,1.0,1.0,1.0,1.0,1.0,1.0,1.0,1.0,1.0,1.0,0.5,0.5,0.5,0.5
1788446259.6930354,554,14.814178000960965,4.69507399975555,10690109,1,0.0,0.0,0.0,0.037476182,0.64873445,-1.3030393,-0.0072591696,0.6700945,-1.3251711,0.036441624,0.69366944,-1.2810658,-0.07755846,0.65921354,-1.3404151,26.029593,30.360035,-45.197933,-6.5218406,0.09301257,-0.0038755238,0.022242136,-0.0038755238,0.0077510476,-0.030330187,-0.04263076,0.05813286,0.020220125,-0.034879714,0.015502095,-0.038418237,-0.07363495,0.038755238,-0.06200838,0.10851467,0.020264592,0.6152659,-1.194982,-0.020483224,0.67122114,-1.2003933,0.005150282,0.6840429,-1.1715269,-0.02395496,0.68759376,-1.2232252,0.0,0.0,0.0,0.0,0.0,0.0,0.0,0.0,0.0,0.0,0.0,0.0,0.0,0.0,0.0,0.0,-2.003426,-0.46708846,-0.41912162,0.020465776,50.0,50.0,50.0,50.0,50.0,50.0,50.0,50.0,50.0,50.0,50.0,50.0,0.0,0.0,0.0,0.0,1.0,1.0,1.0,1.0,1.0,1.0,1.0,1.0,1.0,1.0,1.0,1.0,0.5,0.5,0.5,0.5
1788446259.7120507,555,13.314603000253555,6.038809999154182,10690130,1,0.0,0.0,0.0,0.037415624,0.6484015,-1.3030552,-0.007198615,0.66985226,-1.3251553,0.036229685,0.6936089,-1.2811131,-0.077679574,0.6588502,-1.3401623,26.02814,30.360065,-45.19881,-6.521659,0.034879714,0.019377619,0.020220125,-0.054257333,-0.015502095,-0.018198112,0.0077510476,0.011626571,0.012132075,-0.015502095,0.011626571,0.032352198,-0.081386,0.08526152,0.0,0.015502095,0.022830488,0.61342597,-1.2038617,-0.019025847,0.6771907,-1.1928401,0.0022880586,0.6755643,-1.16648,-0.024523083,0.6919743,-1.2263497,0.0,0.0,0.0,0.0,0.0,0.0,0.0,0.0,0.0,0.0,0.0,0.0,0.0,0.0,0.0,0.0,-1.9251301,-0.48848683,-0.38981345,-0.04901979,50.0,50.0,50.0,50.0,50.0,50.0,50.0,50.0,50.0,50.0,50.0,50.0,0.0,0.0,0.0,0.0,1.0,1.0,1.0,1.0,1.0,1.0,1.0,1.0,1.0,1.0,1.0,1.0,0.5,0.5,0.5,0.5
1788446259.7351844,556,16.37589599886269,6.71314099963638,10690150,1,0.0,0.0,0.0,0.037324786,0.6476748,-1.3030709,-0.0072288904,0.6704881,-1.3250921,0.036048025,0.6905205,-1.2811606,-0.077679574,0.6592741,-1.3401623,26.026081,30.360035,-45.198994,-6.5221434,-0.027128667,-0.011626571,0.020220125,0.015502095,0.038755238,0.010110063,-0.046506286,-0.054257333,-0.0060660373,0.015502095,0.015502095,0.010110063,-0.08913705,0.04263076,-0.0077510476,-0.05038181,0.02548689,0.6183946,-1.2161992,-0.016736625,0.67879343,-1.1805024,0.000946098,0.67341954,-1.1585854,-0.027530488,0.69737864,-1.2246752,0.0,0.0,0.0,0.0,0.0,0.0,0.0,0.0,0.0,0.0,0.0,0.0,0.0,0.0,0.0,0.0,-1.890305,-0.5909016,-0.22903812,-0.009783618,50.0,50.0,50.0,50.0,50.0,50.0,50.0,50.0,50.0,50.0,50.0,50.0,0.0,0.0,0.0,0.0,1.0,1.0,1.0,1.0,1.0,1.0,1.0,1.0,1.0,1.0,1.0,1.0,0.5,0.5,0.5,0.5
1788446259.7589238,557,20.042496000314713,6.874036000226624,10690169,1,0.0,0.0,0.0,0.037324786,0.64758396,-1.3032131,-0.0073500033,0.67076063,-1.3250289,0.036017746,0.688825,-1.281129,-0.07758874,0.6593044,-1.3402097,26.025385,30.359974,-45.19875,-6.5231123,-0.019377619,-0.034879714,-0.026286162,-0.046506286,0.0,-0.0040440247,0.0038755238,-0.038755238,0.0040440247,-0.0077510476,0.06200838,-0.0020220124,-0.019377619,0.0,0.0077510476,-0.04263076,0.023139112,0.62562025,-1.2108783,-0.020022657,0.6762453,-1.1898078,0.004567563,0.67983633,-1.1506529,-0.027387973,0.69148666,-1.2307063,0.0,0.0,0.0,0.0,0.0,0.0,0.0,0.0,0.0,0.0,0.0,0.0,0.0,0.0,0.0,0.0,-1.944603,-0.6931117,-0.28082716,0.0028920546,50.0,50.0,50.0,50.0,50.0,50.0,50.0,50.0,50.0,50.0,50.0,50.0,0.0,0.0,0.0,0.0,1.0,1.0,1.0,1.0,1.0,1.0,1.0,1.0,1.0,1.0,1.0,1.0,0.5,0.5,0.5,0.5
1788446259.7771096,558,18.04161299878615,5.38982199941529,10690190,1,0.0,0.0,0.0,0.037385345,0.64776564,-1.3035449,-0.0073500033,0.67076063,-1.3248711,0.03583607,0.68831027,-1.2810974,-0.07777041,0.6596071,-1.3402097,26.02493,30.359915,-45.19848,-6.5252013,0.06975943,-0.011626571,0.0,0.0,0.03100419,-0.030330187,0.0,-0.05038181,-0.020220125,-0.046506286,0.06200838,-0.026286162,-0.054257333,0.0038755238,-0.04263076,-0.081386,0.02083428,0.6263935,-1.2036545,-0.021594329,0.6701535,-1.1986725,0.0068712,0.6864501,-1.1547922,-0.026042227,0.68566394,-1.2340158,0.0,0.0,0.0,0.0,0.0,0.0,0.0,0.0,0.0,0.0,0.0,0.0,0.0,0.0,0.0,0.0,-2.0027707,-0.67466784,-0.4141488,0.015279874,50.0,50.0,50.0,50.0,50.0,50.0,50.0,50.0,50.0,50.0,50.0,50.0,0.0,0.0,0.0,0.0,1.0,1.0,1.0,1.0,1.0,1.0,1.0,1.0,1.0,1.0,1.0,1.0,0.5,0.5,0.5,0.5
1788446259.79902,559,19.18717300031858,4.261508998752106,10690210,1,0.0,0.0,0.0,0.037324786,0.64818954,-1.3034658,-0.0074711125,0.67060924,-1.3249342,0.03574525,0.6884314,-1.2810025,-0.077982366,0.6596677,-1.3403045,26.023748,30.359762,-45.198326,-6.527472,0.0,0.081386,0.020220125,0.07363495,0.0,-0.026286162,-0.034879714,-0.05813286,0.0040440247,-0.0038755238,-0.015502095,-0.032352198,-0.20540276,0.011626571,-0.054257333,-0.12014124,0.019025214,0.6217655,-1.1937733,-0.022491112,0.6688337,-1.2066313,0.007945124,0.69045246,-1.1617483,-0.023799455,0.68120825,-1.2282013,0.0,0.0,0.0,0.0,0.0,0.0,0.0,0.0,0.0,0.0,0.0,0.0,0.0,0.0,0.0,0.0,-2.0924773,-0.54317427,-0.45560998,-0.04415119,50.0,50.0,50.0,50.0,50.0,50.0,50.0,50.0,50.0,50.0,50.0,50.0,0.0,0.0,0.0,0.0,1.0,1.0,1.0,1.0,1.0,1.0,1.0,1.0,1.0,1.0,1.0,1.0,0.5,0.5,0.5,0.5
1788446259.8212204,560,21.31471199936641,6.577653999556787,10690229,1,0.0,0.0,0.0,0.037294507,0.64834094,-1.3033553,-0.0074408334,0.67012477,-1.3250289,0.035593852,0.68949115,-1.2809709,-0.078345716,0.6596374,-1.3403203,26.021055,30.359732,-45.19857,-6.528653,-0.019377619,0.019377619,0.012132075,0.011626571,-0.038755238,-0.022242136,0.0077510476,0.05038181,0.0485283,-0.015502095,0.019377619,-0.026286162,-0.16664752,0.0038755238,0.0,0.011626571,0.019005392,0.61786973,-1.1860609,-0.021718794,0.6693712,-1.207657,0.006976109,0.6911281,-1.170206,-0.022944048,0.6798466,-1.2219288,0.0,0.0,0.0,0.0,0.0,0.0,0.0,0.0,0.0,0.0,0.0,0.0,0.0,0.0,0.0,0.0,-2.1013498,-0.5593531,-0.49066895,-0.036189612,50.0,50.0,50.0,50.0,50.0,50.0,50.0,50.0,50.0,50.0,50.0,50.0,0.0,0.0,0.0,0.0,1.0,1.0,1.0,1.0,1.0,1.0,1.0,1.0,1.0,1.0,1.0,1.0,0.5,0.5,0.5,0.5
1788446259.8429334,561,20.861402999798884,7.661456000278122,10690252,1,0.0,0.0,0.0,0.037355065,0.6484015,-1.3032131,-0.007198615,0.6700945,-1.3250921,0.03547275,0.6898847,-1.2810025,-0.07852739,0.65942544,-1.340257,26.017057,30.359823,-45.19881,-6.528653,0.03100419,0.019377619,0.0,0.06200838,0.09301257,0.0040440247,0.0077510476,-0.054257333,0.0,-0.08526152,0.023253143,-0.0020220124,-0.18990067,0.08913705,-0.04263076,-0.0038755238,0.020973377,0.61266536,-1.1937568,-0.01981949,0.66778976,-1.1984311,0.004494634,0.68447506,-1.1756718,-0.02391209,0.6843124,-1.2200495,0.0,0.0,0.0,0.0,0.0,0.0,0.0,0.0,0.0,0.0,0.0,0.0,0.0,0.0,0.0,0.0,-2.0361493,-0.60492873,-0.5130789,-0.062057525,50.0,50.0,50.0,50.0,50.0,50.0,50.0,50.0,50.0,50.0,50.0,50.0,0.0,0.0,0.0,0.0,1.0,1.0,1.0,1.0,1.0,1.0,1.0,1.0,1.0,1.0,1.0,1.0,0.5,0.5,0.5,0.5
1788446259.860511,562,17.416529000911396,5.4111009994812775,10690274,1,0.0,0.0,0.0,0.037445903,0.6487043,-1.3031025,-0.0068352837,0.6700642,-1.3250921,0.03544247,0.689915,-1.2810658,-0.078375995,0.65936494,-1.3401781,26.013819,30.359793,-45.199055,-6.528683,-0.0077510476,0.077510476,0.030330187,0.038755238,0.05813286,0.0,-0.015502095,-0.065883905,0.022242136,-0.034879714,0.011626571,-0.0485283,-0.15889648,0.0077510476,-0.05813286,-0.011626571,0.022514468,0.6119667,-1.2015077,-0.01934936,0.6754191,-1.19086,0.0029807475,0.6793815,-1.1690828,-0.025205119,0.6897408,-1.221406,0.0,0.0,0.0,0.0,0.0,0.0,0.0,0.0,0.0,0.0,0.0,0.0,0.0,0.0,0.0,0.0,-1.8860757,-0.63090473,-0.4189354,-0.048071835,50.0,50.0,50.0,50.0,50.0,50.0,50.0,50.0,50.0,50.0,50.0,50.0,0.0,0.0,0.0,0.0,1.0,1.0,1.0,1.0,1.0,1.0,1.0,1.0,1.0,1.0,1.0,1.0,0.5,0.5,0.5,0.5
1788446259.8790317,563,14.775392999581527,4.140453000218258,10690295,1,0.0,0.0,0.0,0.037839532,0.64903724,-1.3034501,-0.0061389003,0.6697917,-1.3249657,0.03571497,0.6894003,-1.2812079,-0.07774013,0.659486,-1.3400834,26.013,30.359793,-45.199055,-6.528653,0.065883905,0.03100419,-0.0080880495,0.11239019,0.023253143,0.010110063,-0.0077510476,0.06975943,-0.030330187,0.011626571,0.011626571,-0.0040440247,-0.054257333,0.038755238,0.015502095,0.05813286,0.023875436,0.6140038,-1.2050287,-0.018977176,0.6780539,-1.186559,0.0031057624,0.67617255,-1.1604412,-0.025719289,0.6956227,-1.2295158,0.0,0.0,0.0,0.0,0.0,0.0,0.0,0.0,0.0,0.0,0.0,0.0,0.0,0.0,0.0,0.0,-1.7802936,-0.73608255,-0.35077024,0.13340485,50.0,50.0,50.0,50.0,50.0,50.0,50.0,50.0,50.0,50.0,50.0,50.0,0.0,0.0,0.0,0.0,1.0,1.0,1.0,1.0,1.0,1.0,1.0,1.0,1.0,1.0,1.0,1.0,0.5,0.5,0.5,0.5
1788446259.9009552,564,16.167384999789647,6.943828000657959,10690316,1,0.0,0.0,0.0,0.039111137,0.6497942,-1.3042083,-0.0045644697,0.6699734,-1.3246182,0.037289396,0.6883708,-1.2812711,-0.075802386,0.65957683,-1.3400043,26.013151,30.359673,-45.199055,-6.5289254,0.10076362,0.03100419,-0.02426415,0.10076362,-0.023253143,0.03437421,0.06975943,-0.05813286,-0.038418237,0.11626572,0.0077510476,0.012132075,0.019377619,-0.019377619,-0.05813286,-0.034879714,0.025461273,0.61895734,-1.2070997,-0.019572478,0.67764056,-1.1901388,0.0055359495,0.67666364,-1.1548698,-0.024833223,0.6953261,-1.2390566,0.0,0.0,0.0,0.0,0.0,0.0,0.0,0.0,0.0,0.0,0.0,0.0,0.0,0.0,0.0,0.0,-1.7256278,-0.7426287,-0.36495912,0.19035168,50.0,50.0,50.0,50.0,50.0,50.0,50.0,50.0,50.0,50.0,50.0,50.0,0.0,0.0,0.0,0.0,1.0,1.0,1.0,1.0,1.0,1.0,1.0,1.0,1.0,1.0,1.0,1.0,0.5,0.5,0.5,0.5
1788446259.9199898,565,15.132991000427864,4.663937999794143,10690335,1,0.0,0.0,0.0,0.042078376,0.6508237,-1.305551,-0.0015669931,0.66985226,-1.3237494,0.03965105,0.6875836,-1.2812395,-0.073259056,0.65969795,-1.3400202,26.013123,30.35937,-45.198994,-6.5291677,0.14339438,0.027128667,-0.082902506,0.18602514,-0.015502095,0.0485283,0.07363495,-0.077510476,0.032352198,0.12401676,0.027128667,-0.032352198,-0.08526152,-0.0038755238,-0.015502095,-0.019377619,0.02523375,0.6267375,-1.1988311,-0.021249013,0.66856164,-1.2032533,0.011391615,0.6874445,-1.1529682,-0.01988899,0.68402225,-1.2371811,0.0,0.0,0.0,0.0,0.0,0.0,0.0,0.0,0.0,0.0,0.0,0.0,0.0,0.0,0.0,0.0,-1.7730832,-0.6520328,-0.461834,0.24845836,50.0,50.0,50.0,50.0,50.0,50.0,50.0,50.0,50.0,50.0,50.0,50.0,0.0,0.0,0.0,0.0,1.0,1.0,1.0,1.0,1.0,1.0,1.0,1.0,1.0,1.0,1.0,1.0,0.5,0.5,0.5,0.5
1788446259.943188,566,18.26298699961626,7.948493001094903,10690355,1,0.0,0.0,0.0,0.04519701,0.6521256,-1.307731,0.0013396498,0.6696706,-1.3228805,0.04222463,0.68752307,-1.281287,-0.07053405,0.6598796,-1.3400834,26.013151,30.358915,-45.198994,-6.529107,0.11626572,0.06975943,-0.095034584,0.21702933,-0.019377619,0.030330187,0.06200838,-0.015502095,0.0,0.077510476,0.038755238,-0.018198112,0.015502095,0.011626571,-0.011626571,-0.023253143,0.025941625,0.626055,-1.1905013,-0.020041728,0.66792005,-1.2165753,0.013997402,0.69433147,-1.1586157,-0.016179968,0.6760045,-1.2303295,0.0,0.0,0.0,0.0,0.0,0.0,0.0,0.0,0.0,0.0,0.0,0.0,0.0,0.0,0.0,0.0,-1.882951,-0.53568053,-0.55246425,0.17806403,50.0,50.0,50.0,50.0,50.0,50.0,50.0,50.0,50.0,50.0,50.0,50.0,0.0,0.0,0.0,0.0,1.0,1.0,1.0,1.0,1.0,1.0,1.0,1.0,1.0,1.0,1.0,1.0,0.5,0.5,0.5,0.5
1788446259.9611797,567,16.11343300100998,5.791035000584088,10690376,1,0.0,0.0,0.0,0.048254967,0.6541239,-1.3098162,0.0045793448,0.6684898,-1.322375,0.04449545,0.6894003,-1.2814449,-0.06765765,0.6596071,-1.3399096,26.013092,30.358915,-45.199234,-6.5287137,0.17052305,0.034879714,-0.15165094,0.10463915,-0.0038755238,0.030330187,0.11626572,0.03100419,0.016176099,0.13176781,0.096888095,0.02426415,0.023253143,-0.0038755238,-0.05813286,0.038755238,0.027396819,0.62249786,-1.1789198,-0.016851757,0.6629211,-1.2229575,0.015795182,0.699864,-1.1763531,-0.012934208,0.6687335,-1.2283895,0.0,0.0,0.0,0.0,0.0,0.0,0.0,0.0,0.0,0.0,0.0,0.0,0.0,0.0,0.0,0.0,-1.9328954,-0.3532794,-0.5655153,0.11124678,50.0,50.0,50.0,50.0,50.0,50.0,50.0,50.0,50.0,50.0,50.0,50.0,0.0,0.0,0.0,0.0,1.0,1.0,1.0,1.0,1.0,1.0,1.0,1.0,1.0,1.0,1.0,1.0,0.5,0.5,0.5,0.5
1788446259.9811683,568,15.373085998362512,6.100377000620938,10690396,1,0.0,0.0,0.0,0.052705765,0.6564553,-1.313339,0.009242084,0.66845953,-1.3220592,0.047947094,0.69079304,-1.2821242,-0.06396383,0.65933466,-1.3391987,26.01288,30.358946,-45.20051,-6.5287137,0.2945398,0.10463915,-0.20017922,0.325544,0.0,0.026286162,0.12401676,-0.054257333,-0.032352198,0.22090487,0.019377619,0.054594334,-0.04263076,0.03100419,-0.12401676,0.05813286,0.03207198,0.6137271,-1.1731778,-0.013306532,0.6663555,-1.2264712,0.016807806,0.69946796,-1.1831112,-0.008687309,0.6681219,-1.2273678,0.0,0.0,0.0,0.0,0.0,0.0,0.0,0.0,0.0,0.0,0.0,0.0,0.0,0.0,0.0,0.0,-1.9206383,-0.21722414,-0.46049798,0.18984139,50.0,50.0,50.0,50.0,50.0,50.0,50.0,50.0,50.0,50.0,50.0,50.0,0.0,0.0,0.0,0.0,1.0,1.0,1.0,1.0,1.0,1.0,1.0,1.0,1.0,1.0,1.0,1.0,0.5,0.5,0.5,0.5
1788446260.0011828,569,14.942817000701325,4.0626950012665475,10690418,1,0.0,0.0,0.0,0.059669614,0.6594831,-1.3187416,0.015963696,0.6672181,-1.3211745,0.054002598,0.6940328,-1.2852045,-0.05775696,0.6583657,-1.337161,26.01288,30.359158,-45.20287,-6.5287137,0.3565482,0.15889648,-0.3882264,0.34879714,-0.038755238,0.095034584,0.44180974,0.11239019,-0.18804716,0.3914279,-0.019377619,0.14356288,-0.07363495,0.06975943,-0.1472699,0.011626571,0.039193604,0.6139913,-1.1702871,-0.010517284,0.6782402,-1.2398525,0.01978324,0.7030025,-1.1830353,-0.002944415,0.6665303,-1.2283839,0.0,0.0,0.0,0.0,0.0,0.0,0.0,0.0,0.0,0.0,0.0,0.0,0.0,0.0,0.0,0.0,-1.796355,-0.21156031,-0.3651124,0.29471222,50.0,50.0,50.0,50.0,50.0,50.0,50.0,50.0,50.0,50.0,50.0,50.0,0.0,0.0,0.0,0.0,1.0,1.0,1.0,1.0,1.0,1.0,1.0,1.0,1.0,1.0,1.0,1.0,0.5,0.5,0.5,0.5
1788446260.0250795,570,18.30308499847888,5.999834000249393,10690438,1,0.0,0.0,0.0,0.06708765,0.66396415,-1.3251235,0.023230303,0.6668548,-1.3172569,0.06036088,0.6957586,-1.289691,-0.051035345,0.656973,-1.3330853,26.013,30.359278,-45.204323,-6.5287743,0.34879714,0.2092783,-0.2911698,0.38367686,-0.019377619,0.24870755,0.32941952,0.18214962,-0.27701572,0.3565482,-0.08913705,0.29319182,0.0,0.065883905,-0.09301257,-0.05813286,0.05065999,0.60574275,-1.1741127,-0.005365281,0.68258196,-1.243199,0.022398446,0.7002033,-1.1884396,-0.00077883573,0.66735405,-1.2416139,0.0,0.0,0.0,0.0,0.0,0.0,0.0,0.0,0.0,0.0,0.0,0.0,0.0,0.0,0.0,0.0,-1.7449298,-0.2897099,-0.23413596,0.5088597,50.0,50.0,50.0,50.0,50.0,50.0,50.0,50.0,50.0,50.0,50.0,50.0,0.0,0.0,0.0,0.0,1.0,1.0,1.0,1.0,1.0,1.0,1.0,1.0,1.0,1.0,1.0,1.0,0.5,0.5,0.5,0.5
1788446260.0450878,571,18.13777399911487,5.083616000774782,10690458,1,0.0,0.0,0.0,0.07435429,0.66895986,-1.3309368,0.029679418,0.666552,-1.3128495,0.06735499,0.7003002,-1.2965152,-0.043708205,0.6547022,-1.3268455,26.013212,30.359219,-45.20538,-6.5285926,0.28291324,0.28678876,-0.31543395,0.4379342,0.0077510476,0.25072956,0.3565482,0.23640695,-0.323522,0.38367686,-0.034879714,0.2729717,0.054257333,0.054257333,-0.034879714,0.015502095,0.06336737,0.6037328,-1.1889998,0.0005278443,0.69305366,-1.2418252,0.024860844,0.6949515,-1.1928349,-0.0007706494,0.67100513,-1.2503483,0.0,0.0,0.0,0.0,0.0,0.0,0.0,0.0,0.0,0.0,0.0,0.0,0.0,0.0,0.0,0.0,-1.6130549,-0.293923,-0.032232776,0.72971773,50.0,50.0,50.0,50.0,50.0,50.0,50.0,50.0,50.0,50.0,50.0,50.0,0.0,0.0,0.0,0.0,1.0,1.0,1.0,1.0,1.0,1.0,1.0,1.0,1.0,1.0,1.0,1.0,0.5,0.5,0.5,0.5
1788446260.062572,572,15.558494000288192,5.873467000128585,10690477,1,0.0,0.0,0.0,0.0828017,0.67543924,-1.3393881,0.037400186,0.6650381,-1.3039874,0.07522714,0.70599234,-1.3030868,-0.0358966,0.65403605,-1.3224856,26.013666,30.358854,-45.205715,-6.528229,0.5929552,0.36817476,-0.46101886,0.51156914,-0.14339438,0.51763517,0.34492162,0.33329505,-0.3578962,0.36429924,-0.027128667,0.2102893,0.081386,0.023253143,-0.03100419,0.038755238,0.07461995,0.6064902,-1.1961018,0.00616123,0.6956023,-1.2434888,0.029347852,0.69939274,-1.201621,-0.00037448574,0.6723795,-1.2599608,0.0,0.0,0.0,0.0,0.0,0.0,0.0,0.0,0.0,0.0,0.0,0.0,0.0,0.0,0.0,0.0,-1.3988795,-0.23282237,0.029693348,1.0978951,50.0,50.0,50.0,50.0,50.0,50.0,50.0,50.0,50.0,50.0,50.0,50.0,0.0,0.0,0.0,0.0,1.0,1.0,1.0,1.0,1.0,1.0,1.0,1.0,1.0,1.0,1.0,1.0,0.5,0.5,0.5,0.5
1788446260.0850556,573,17.969197999263997,6.002746000376646,10690497,1,0.0,0.0,0.0,0.09333825,0.68303895,-1.3484241,0.04651372,0.6628581,-1.2941775,0.0836443,0.71156347,-1.311396,-0.027237177,0.6530369,-1.3158191,26.014545,30.3584,-45.205048,-6.5280476,0.51544464,0.4224321,-0.57627356,0.44956076,-0.13951886,0.5156132,0.44180974,0.29841533,-0.42664462,0.34879714,-0.08526152,0.3902484,0.011626571,0.03100419,0.10076362,0.027128667,0.08254545,0.6132432,-1.1801418,0.008364053,0.68968564,-1.2730554,0.038874842,0.7208207,-1.2186879,0.010550434,0.6528036,-1.2675627,0.0,0.0,0.0,0.0,0.0,0.0,0.0,0.0,0.0,0.0,0.0,0.0,0.0,0.0,0.0,0.0,-1.3079753,-0.06088227,-0.06967906,1.2468673,50.0,50.0,50.0,50.0,50.0,50.0,50.0,50.0,50.0,50.0,50.0,50.0,0.0,0.0,0.0,0.0,1.0,1.0,1.0,1.0,1.0,1.0,1.0,1.0,1.0,1.0,1.0,1.0,0.5,0.5,0.5,0.5
1788446260.1051753,574,16.826901000968064,5.132927999511594,10690520,1,0.0,0.0,0.0,0.103390336,0.6939086,-1.3618199,0.05402255,0.6614351,-1.2848098,0.09197062,0.7192236,-1.3199737,-0.019940317,0.65131104,-1.3081577,26.015938,30.35834,-45.2022,-6.526049,0.53094673,0.48444048,-0.6611981,0.2751622,0.019377619,0.4205786,0.32941952,0.28678876,-0.47719494,0.28678876,-0.05813286,0.4185566,0.06975943,0.015502095,0.09301257,0.21702933,0.09184705,0.61683375,-1.1590183,0.011418447,0.67246985,-1.2988362,0.049273357,0.7488146,-1.2580128,0.020402374,0.62577575,-1.2676709,0.0,0.0,0.0,0.0,0.0,0.0,0.0,0.0,0.0,0.0,0.0,0.0,0.0,0.0,0.0,0.0,-1.0741467,0.17660007,-0.24018589,1.3526667,50.0,50.0,50.0,50.0,50.0,50.0,50.0,50.0,50.0,50.0,50.0,50.0,0.0,0.0,0.0,0.0,1.0,1.0,1.0,1.0,1.0,1.0,1.0,1.0,1.0,1.0,1.0,1.0,0.5,0.5,0.5,0.5
1788446260.1270075,575,18.148846000258345,5.823770999995759,10690539,1,0.0,0.0,0.0,0.11244333,0.70256793,-1.3731622,0.05756502,0.6623737,-1.2811291,0.09881334,0.72788304,-1.3299574,-0.01324898,0.6474961,-1.3015862,26.016453,30.358612,-45.2009,-6.521205,0.5503244,0.40693003,-0.45293078,0.18602514,0.19765173,0.032352198,0.3410461,0.34492162,-0.5055031,0.2945398,0.038755238,0.3396981,-0.011626571,0.03100419,-0.06975943,0.4728139,0.10008316,0.6155778,-1.1532284,0.01593739,0.66516,-1.316557,0.053601533,0.76777697,-1.2999265,0.032557126,0.6071669,-1.249141,0.0,0.0,0.0,0.0,0.0,0.0,0.0,0.0,0.0,0.0,0.0,0.0,0.0,0.0,0.0,0.0,-0.6040393,0.3016512,-0.33640966,1.3245811,50.0,50.0,50.0,50.0,50.0,50.0,50.0,50.0,50.0,50.0,50.0,50.0,0.0,0.0,0.0,0.0,1.0,1.0,1.0,1.0,1.0,1.0,1.0,1.0,1.0,1.0,1.0,1.0,0.5,0.5,0.5,0.5
1788446260.1711423,576,32.3867719998816,8.92032799856679,10690566,1,0.0,0.0,0.0,0.12703717,0.71219623,-1.3815976,0.058745846,0.66676396,-1.2852364,0.11050047,0.7437787,-1.3458333,-0.0018646121,0.63974506,-1.2939246,26.017754,30.359188,-45.201687,-6.505763,0.4999426,0.2945398,-0.2547736,-0.034879714,0.34879714,-0.23253144,0.3565482,0.70146984,-0.6975943,0.3565482,0.08913705,0.2729717,0.04263076,0.05038181,-0.08526152,0.75960267,0.104329295,0.62888414,-1.1849408,0.014890756,0.68816346,-1.3351789,0.06185825,0.7819184,-1.316391,0.051036056,0.5968569,-1.2054572,0.0,0.0,0.0,0.0,0.0,0.0,0.0,0.0,0.0,0.0,0.0,0.0,0.0,0.0,0.0,0.0,0.3539224,-0.033021644,-0.0943028,1.486567,50.0,50.0,50.0,50.0,50.0,50.0,50.0,50.0,50.0,50.0,50.0,50.0,0.0,0.0,0.0,0.0,1.0,1.0,1.0,1.0,1.0,1.0,1.0,1.0,1.0,1.0,1.0,1.0,0.5,0.5,0.5,0.5
1788446260.1909351,577,18.434732000969234,5.97138600096514,10690604,1,0.0,0.0,0.0,0.14144921,0.7228842,-1.382735,0.05296284,0.6705184,-1.2995484,0.12152149,0.7716946,-1.3697658,0.009247243,0.63841283,-1.2842884,26.028412,30.36043,-45.20214,-6.460135,0.2286559,0.17052305,0.056616347,-0.18602514,0.10076362,0.113232695,0.13564333,0.5464489,-0.3862044,0.13176781,-0.038755238,0.076836474,0.46893838,0.13176781,0.019377619,1.4959522,0.11132335,0.6300468,-1.2325479,0.015454145,0.74188536,-1.3372619,0.06949785,0.7683484,-1.3008506,0.05704971,0.62405306,-1.2006423,0.0,0.0,0.0,0.0,0.0,0.0,0.0,0.0,0.0,0.0,0.0,0.0,0.0,0.0,0.0,0.0,1.3275216,-1.065869,0.4817647,1.9826115,50.0,50.0,50.0,50.0,50.0,50.0,50.0,50.0,50.0,50.0,50.0,50.0,0.0,0.0,0.0,0.0,1.0,1.0,1.0,1.0,1.0,1.0,1.0,1.0,1.0,1.0,1.0,1.0,0.5,0.5,0.5,0.5
1788446260.2071142,578,14.280517998486175,5.1742399991780985,10690623,1,0.0,0.0,0.0,0.14765608,0.7256092,-1.383446,0.044273186,0.6748481,-1.299817,0.12642644,0.78156507,-1.3778064,0.014909148,0.63408315,-1.2743679,26.04125,30.360458,-45.201508,-6.4299784,0.30616638,0.054257333,0.028308174,-0.38755238,-0.0038755238,-0.12536478,0.33717057,0.33329505,-0.5196572,0.33717057,-0.33717057,0.7157924,0.8836195,0.077510476,0.023253143,1.5037032,0.10589715,0.6500988,-1.2692872,0.014493907,0.7535659,-1.3421179,0.086184,0.77125823,-1.2914033,0.061479762,0.6287323,-1.2143018,0.0,0.0,0.0,0.0,0.0,0.0,0.0,0.0,0.0,0.0,0.0,0.0,0.0,0.0,0.0,0.0,2.093868,-2.2361634,0.79920876,2.2725744,50.0,50.0,50.0,50.0,50.0,50.0,50.0,50.0,50.0,50.0,50.0,50.0,0.0,0.0,0.0,0.0,1.0,1.0,1.0,1.0,1.0,1.0,1.0,1.0,1.0,1.0,1.0,1.0,0.5,0.5,0.5,0.5
1788446260.2272146,579,14.311077999082045,4.764257999340771,10690644,1,0.0,0.0,0.0,0.15331805,0.7250339,-1.3866686,0.03391827,0.68214494,-1.3054565,0.13248196,0.7859553,-1.3812976,0.021660984,0.62920845,-1.2656639,26.064684,30.358097,-45.199932,-6.401124,0.2596601,-0.065883905,-0.19613521,-0.36429924,0.35267267,-0.55403143,0.30616638,0.13176781,0.020220125,0.2790377,-0.23640695,0.0970566,1.3874375,-0.18214962,0.162772,1.7633634,0.09559011,0.6778536,-1.2965368,0.016215377,0.7435938,-1.3446683,0.1120045,0.7749387,-1.2613729,0.054527715,0.6333058,-1.251583,0.0,0.0,0.0,0.0,0.0,0.0,0.0,0.0,0.0,0.0,0.0,0.0,0.0,0.0,0.0,0.0,2.3226056,-3.377922,0.89024305,2.1447558,50.0,50.0,50.0,50.0,50.0,50.0,50.0,50.0,50.0,50.0,50.0,50.0,0.0,0.0,0.0,0.0,1.0,1.0,1.0,1.0,1.0,1.0,1.0,1.0,1.0,1.0,1.0,1.0,0.5,0.5,0.5,0.5
1788446260.2491977,580,16.227289001108147,7.341265998547897,10690664,1,0.0,0.0,0.0,0.15855598,0.72406495,-1.3928293,0.024653347,0.6927724,-1.3188682,0.13926412,0.78752977,-1.3816767,0.027383447,0.6274221,-1.2656006,26.096748,30.34517,-45.19521,-6.369575,0.43018317,-0.10463915,-0.3862044,-0.39530346,0.65496355,-0.78454083,0.36817476,0.019377619,0.016176099,0.28291324,-0.15889648,-0.010110063,1.7943674,-1.0851467,0.21702933,1.7129815,0.077027045,0.7120237,-1.3293123,0.027025867,0.7105318,-1.3293351,0.13256243,0.7831615,-1.234403,0.046220507,0.6337675,-1.294299,0.0,0.0,0.0,0.0,0.0,0.0,0.0,0.0,0.0,0.0,0.0,0.0,0.0,0.0,0.0,0.0,1.8236039,-4.143476,0.4287926,1.6279492,50.0,50.0,50.0,50.0,50.0,50.0,50.0,50.0,50.0,50.0,50.0,50.0,0.0,0.0,0.0,0.0,1.0,1.0,1.0,1.0,1.0,1.0,1.0,1.0,1.0,1.0,1.0,1.0,0.5,0.5,0.5,0.5
1788446260.2691054,581,16.064571000242722,6.0334009995131055,10690683,1,0.0,0.0,0.0,0.1635518,0.7230053,-1.4022602,0.018052846,0.70745695,-1.3305578,0.14686379,0.78665173,-1.3816292,0.03195536,0.6215483,-1.2681282,26.129932,30.312227,-45.19118,-6.3424764,0.2596601,-0.06975943,-0.5782955,-0.48056495,0.902997,-0.42866665,0.35267267,-0.15889648,0.0,0.26741114,-0.38367686,-0.08492453,1.871878,-2.1819198,0.15502095,1.5385829,0.062084045,0.7462039,-1.3616899,0.040284738,0.6557829,-1.2954595,0.14411965,0.7945946,-1.2279365,0.03973937,0.6236939,-1.3215617,0.0,0.0,0.0,0.0,0.0,0.0,0.0,0.0,0.0,0.0,0.0,0.0,0.0,0.0,0.0,0.0,0.7461293,-4.0648637,-0.06366356,0.92314076,50.0,50.0,50.0,50.0,50.0,50.0,50.0,50.0,50.0,50.0,50.0,50.0,0.0,0.0,0.0,0.0,1.0,1.0,1.0,1.0,1.0,1.0,1.0,1.0,1.0,1.0,1.0,1.0,0.5,0.5,0.5,0.5
1788446260.2920597,582,18.25694099898101,4.146278000916936,10690704,1,0.0,0.0,0.0,0.1673063,0.7247008,-1.4189259,0.014480097,0.71663105,-1.3328168,0.15322205,0.78577363,-1.381566,0.03531617,0.6161891,-1.2762793,26.161875,30.273169,-45.190304,-6.319284,0.17439857,0.11626572,-1.130305,-0.06200838,0.67434114,-0.10918867,0.081386,-0.08526152,0.020220125,0.054257333,-0.19765173,-0.71174836,1.4068152,-2.693489,-0.0038755238,1.2130389,0.06964536,0.7667495,-1.3733246,0.05866199,0.62340444,-1.2332593,0.13499577,0.802398,-1.2351493,0.029657356,0.63394165,-1.3409225,0.0,0.0,0.0,0.0,0.0,0.0,0.0,0.0,0.0,0.0,0.0,0.0,0.0,0.0,0.0,0.0,-1.541829,-2.9631271,-0.4413123,0.42495903,50.0,50.0,50.0,50.0,50.0,50.0,50.0,50.0,50.0,50.0,50.0,50.0,0.0,0.0,0.0,0.0,1.0,1.0,1.0,1.0,1.0,1.0,1.0,1.0,1.0,1.0,1.0,1.0,0.5,0.5,0.5,0.5
1788446260.3150163,583,20.766076999279903,6.063000999347423,10690724,1,0.0,0.0,0.0,0.16679156,0.73457134,-1.441405,0.019475888,0.7220507,-1.3376033,0.15419094,0.78559196,-1.3826877,0.03307563,0.6119503,-1.2912076,26.181646,30.228813,-45.19424,-6.302813,-0.13951886,0.4573118,-1.2516257,0.038755238,0.32166848,-0.2628616,-0.14339438,-0.03100419,-0.09099056,-0.30616638,-0.2751622,-0.93619174,0.6355859,-2.0191479,-0.38755238,0.67434114,0.08186561,0.7643863,-1.3284259,0.056248352,0.6302327,-1.235386,0.12834665,0.80546284,-1.2312379,0.021804966,0.63137805,-1.359823,0.0,0.0,0.0,0.0,0.0,0.0,0.0,0.0,0.0,0.0,0.0,0.0,0.0,0.0,0.0,0.0,-4.2669373,-1.2583941,-1.2574507,-0.20066085,50.0,50.0,50.0,50.0,50.0,50.0,50.0,50.0,50.0,50.0,50.0,50.0,0.0,0.0,0.0,0.0,1.0,1.0,1.0,1.0,1.0,1.0,1.0,1.0,1.0,1.0,1.0,1.0,0.5,0.5,0.5,0.5
1788446260.3319287,584,15.619677000358934,6.067737000194029,10690747,1,0.0,0.0,0.0,0.16191685,0.744684,-1.4628258,0.017356463,0.72810626,-1.3428638,0.14825654,0.78689396,-1.3862578,0.026232898,0.61083,-1.3093424,26.178347,30.193296,-45.206863,-6.2963943,-0.21702933,0.4224321,-0.68950623,-0.0077510476,0.18990067,-0.17389306,-0.30229086,0.15889648,-0.13345282,-0.31779295,0.2906643,-0.45293078,-0.77122927,-1.0696446,-0.6627146,0.1782741,0.10242803,0.75273836,-1.3167791,0.049313292,0.6301462,-1.2419069,0.11566952,0.8216156,-1.280485,0.028496958,0.5950405,-1.3234845,0.0,0.0,0.0,0.0,0.0,0.0,0.0,0.0,0.0,0.0,0.0,0.0,0.0,0.0,0.0,0.0,-6.0774703,0.20753011,-1.4979963,-0.8164382,50.0,50.0,50.0,50.0,50.0,50.0,50.0,50.0,50.0,50.0,50.0,50.0,0.0,0.0,0.0,0.0,1.0,1.0,1.0,1.0,1.0,1.0,1.0,1.0,1.0,1.0,1.0,1.0,0.5,0.5,0.5,0.5
1788446260.354027,585,17.23528299953614,4.130150000491994,10690767,1,0.0,0.0,0.0,0.16010022,0.75089085,-1.4645792,0.01493426,0.7338892,-1.3460231,0.14344242,0.7907392,-1.3877901,0.018905759,0.6155836,-1.3175569,26.1524,30.186485,-45.222458,-6.2968483,0.081386,0.1782741,0.20826729,0.023253143,0.26353562,-0.17389306,-0.17052305,0.29841533,0.020220125,-0.2906643,0.48831603,-0.43473268,-2.050152,0.22478038,-1.1200264,-0.054257333,0.12451529,0.71922255,-1.3015677,0.03197501,0.6723065,-1.2721878,0.09433571,0.83348364,-1.3264494,0.041445747,0.5836899,-1.2653264,0.0,0.0,0.0,0.0,0.0,0.0,0.0,0.0,0.0,0.0,0.0,0.0,0.0,0.0,0.0,0.0,-6.7147884,1.2452081,-1.5333778,-1.0781194,50.0,50.0,50.0,50.0,50.0,50.0,50.0,50.0,50.0,50.0,50.0,50.0,0.0,0.0,0.0,0.0,1.0,1.0,1.0,1.0,1.0,1.0,1.0,1.0,1.0,1.0,1.0,1.0,0.5,0.5,0.5,0.5
1788446260.3730958,586,16.127897999467677,6.076953999581747,10690788,1,0.0,0.0,0.0,0.1608268,0.75546277,-1.4607563,0.013965379,0.7349187,-1.3462758,0.1401119,0.8008216,-1.3937614,0.01739186,0.61522025,-1.3206688,26.099928,30.197506,-45.240444,-6.300088,-0.0038755238,0.5348223,0.34576413,-0.065883905,-0.034879714,0.032352198,-0.10851467,0.45343632,-0.32149997,-0.17439857,0.23253144,0.0485283,-3.3755813,1.0308893,-1.1355284,-0.08526152,0.13109396,0.6816363,-1.2781799,0.009094004,0.727456,-1.3141207,0.07497656,0.8406132,-1.3695155,0.05719369,0.58742917,-1.2086068,0.0,0.0,0.0,0.0,0.0,0.0,0.0,0.0,0.0,0.0,0.0,0.0,0.0,0.0,0.0,0.0,-5.8653603,1.7082503,-1.1572554,-0.9307618,50.0,50.0,50.0,50.0,50.0,50.0,50.0,50.0,50.0,50.0,50.0,50.0,0.0,0.0,0.0,0.0,1.0,1.0,1.0,1.0,1.0,1.0,1.0,1.0,1.0,1.0,1.0,1.0,0.5,0.5,0.5,0.5
1788446260.3931367,587,16.103481999380165,5.043455999839352,10690808,1,0.0,0.0,0.0,0.16052413,0.76136696,-1.4525577,0.010786238,0.7363417,-1.3467182,0.13508582,0.8091177,-1.3975526,0.016453266,0.6192472,-1.3095005,26.032257,30.222273,-45.265694,-6.2990584,-0.027128667,0.3720503,0.47517294,-0.08526152,-0.06200838,0.016176099,-0.23640695,0.4650629,-0.07885849,-0.13564333,0.25190905,1.2556697,-3.530602,1.3370557,-1.1355284,0.08913705,0.13114515,0.654012,-1.2764744,0.0013594325,0.7518466,-1.3284816,0.053573065,0.83749145,-1.4036996,0.07244664,0.5841573,-1.1535658,0.0,0.0,0.0,0.0,0.0,0.0,0.0,0.0,0.0,0.0,0.0,0.0,0.0,0.0,0.0,0.0,-3.6431766,1.5851253,-0.30352056,-0.09823279,50.0,50.0,50.0,50.0,50.0,50.0,50.0,50.0,50.0,50.0,50.0,50.0,0.0,0.0,0.0,0.0,1.0,1.0,1.0,1.0,1.0,1.0,1.0,1.0,1.0,1.0,1.0,1.0,0.5,0.5,0.5,0.5
1788446260.4131165,588,16.01625100011006,6.029784999554977,10690827,1,0.0,0.0,0.0,0.15876794,0.7669077,-1.4436166,0.0056390576,0.738552,-1.3510466,0.13145252,0.81514287,-1.4021337,0.016725779,0.61858106,-1.2956623,25.969915,30.247372,-45.285374,-6.3010874,-0.17439857,0.12401676,0.4084465,-0.10463915,-0.034879714,-0.39227042,-0.23640695,0.43018317,-0.18804716,-0.038755238,-0.11626572,0.20017922,-2.7903771,1.6083423,-0.90687263,-0.10463915,0.1252701,0.65758675,-1.2549812,-0.0073471274,0.789892,-1.3495275,0.05639454,0.8433548,-1.3820847,0.063281834,0.6071625,-1.1582438,0.0,0.0,0.0,0.0,0.0,0.0,0.0,0.0,0.0,0.0,0.0,0.0,0.0,0.0,0.0,0.0,-1.6468503,0.55994,0.3725723,0.5179153,50.0,50.0,50.0,50.0,50.0,50.0,50.0,50.0,50.0,50.0,50.0,50.0,0.0,0.0,0.0,0.0,1.0,1.0,1.0,1.0,1.0,1.0,1.0,1.0,1.0,1.0,1.0,1.0,0.5,0.5,0.5,0.5
1788446260.439017,589,20.678525001130765,9.893217000353616,10690849,1,0.0,0.0,0.0,0.1551044,0.76957214,-1.4392883,0.00064326636,0.7401869,-1.3560383,0.12748617,0.81871563,-1.4085631,0.015666068,0.6155836,-1.2926134,25.930252,30.272383,-45.299755,-6.2979383,-0.14339438,0.0038755238,0.070770435,-0.11239019,-0.081386,-0.16378301,-0.15114543,0.10851467,-0.18804716,-0.10851467,-0.2092783,0.088968545,-0.93787676,1.0773956,-0.38755238,0.09301257,0.117198616,0.6636913,-1.2697318,-0.009598956,0.8045149,-1.3376732,0.06804201,0.82029057,-1.3377166,0.038963735,0.6347848,-1.2120135,0.0,0.0,0.0,0.0,0.0,0.0,0.0,0.0,0.0,0.0,0.0,0.0,0.0,0.0,0.0,0.0,0.1720455,-0.5823542,1.0911398,1.0126733,50.0,50.0,50.0,50.0,50.0,50.0,50.0,50.0,50.0,50.0,50.0,50.0,0.0,0.0,0.0,0.0,1.0,1.0,1.0,1.0,1.0,1.0,1.0,1.0,1.0,1.0,1.0,1.0,0.5,0.5,0.5,0.5
1788446260.4579406,590,18.03390199893329,5.991129999529221,10690869,1,0.0,0.0,0.0,0.15004802,0.7686335,-1.4379771,-0.0058664028,0.7420036,-1.364079,0.12252064,0.81962395,-1.4087211,0.012063026,0.6141908,-1.2924238,25.927315,30.284523,-45.301544,-6.2921553,-0.23640695,-0.18214962,0.02426415,-0.1472699,0.15502095,-0.5702075,-0.26353562,-0.06975943,-0.0040440247,-0.14339438,-0.13176781,0.0040440247,0.33329505,0.3914279,-0.019377619,0.20540276,0.102683134,0.6967918,-1.3292305,-0.0027022674,0.80122036,-1.3135906,0.08666115,0.80128855,-1.2757471,0.023253955,0.6557738,-1.2480185,0.0,0.0,0.0,0.0,0.0,0.0,0.0,0.0,0.0,0.0,0.0,0.0,0.0,0.0,0.0,0.0,1.782794,-1.4329244,1.9980772,1.4839716,50.0,50.0,50.0,50.0,50.0,50.0,50.0,50.0,50.0,50.0,50.0,50.0,0.0,0.0,0.0,0.0,1.0,1.0,1.0,1.0,1.0,1.0,1.0,1.0,1.0,1.0,1.0,1.0,0.5,0.5,0.5,0.5
1788446260.4751306,591,14.908192999428138,4.13456599926576,10690892,1,0.0,0.0,0.0,0.14599085,0.7658783,-1.4383088,-0.009620817,0.74530387,-1.3716458,0.1202801,0.8166264,-1.4066675,0.00973165,0.61718833,-1.2972735,25.939093,30.279104,-45.299816,-6.2854943,-0.10463915,-0.2286559,0.014154087,-0.046506286,-0.0077510476,-0.29723585,-0.023253143,-0.13176781,0.042462263,0.03100419,-0.034879714,-0.5944717,0.7867313,-0.5193202,0.17439857,0.52707124,0.09224851,0.73995703,-1.4064578,0.016861817,0.7915098,-1.2539383,0.09762438,0.7865018,-1.2086365,0.0061307335,0.69020027,-1.2985562,0.0,0.0,0.0,0.0,0.0,0.0,0.0,0.0,0.0,0.0,0.0,0.0,0.0,0.0,0.0,0.0,1.8594096,-2.0626674,2.2425213,1.6004695,50.0,50.0,50.0,50.0,50.0,50.0,50.0,50.0,50.0,50.0,50.0,50.0,0.0,0.0,0.0,0.0,1.0,1.0,1.0,1.0,1.0,1.0,1.0,1.0,1.0,1.0,1.0,1.0,0.5,0.5,0.5,0.5
1788446260.4970286,592,16.29327299997385,6.076826000935398,10690912,1,0.0,0.0,0.0,0.14305389,0.76406157,-1.442495,-0.010105258,0.747393,-1.3743471,0.12264176,0.8102379,-1.4042189,0.008974731,0.6203977,-1.3108431,25.964314,30.261633,-45.289795,-6.2753816,-0.14339438,-0.24028248,-0.1273868,0.03100419,0.17052305,-0.14962892,0.12789229,-0.35267267,0.014154087,0.077510476,0.162772,-0.59649366,1.5657116,-1.0773956,0.7208474,0.3759258,0.07128468,0.78317976,-1.4474207,0.024324741,0.75608695,-1.240741,0.11208244,0.7871079,-1.1418562,0.0152437,0.6877622,-1.3295652,0.0,0.0,0.0,0.0,0.0,0.0,0.0,0.0,0.0,0.0,0.0,0.0,0.0,0.0,0.0,0.0,1.1664038,-2.1134255,2.0382814,1.1368628,50.0,50.0,50.0,50.0,50.0,50.0,50.0,50.0,50.0,50.0,50.0,50.0,0.0,0.0,0.0,0.0,1.0,1.0,1.0,1.0,1.0,1.0,1.0,1.0,1.0,1.0,1.0,1.0,0.5,0.5,0.5,0.5
1788446260.5170934,593,16.292506001263973,6.07743300133734,10690932,1,0.0,0.0,0.0,0.14099503,0.7633047,-1.4501566,-0.008924434,0.75208604,-1.3741891,0.122944534,0.80457604,-1.4015651,0.0061588883,0.62820935,-1.3269403,25.994532,30.23184,-45.269753,-6.2672067,-0.027128667,-0.13176781,-0.57425153,0.038755238,0.42630762,-0.046506286,-0.023253143,-0.13176781,-0.028308174,-0.077510476,0.5076936,-1.0595345,1.8137453,-1.7168571,1.2634208,0.58520406,0.05983347,0.81668055,-1.4487989,0.028201796,0.6972459,-1.239912,0.1251118,0.8203994,-1.1360087,0.022058735,0.6576756,-1.3509659,0.0,0.0,0.0,0.0,0.0,0.0,0.0,0.0,0.0,0.0,0.0,0.0,0.0,0.0,0.0,0.0,-0.47359997,-1.8454005,1.2028427,0.53773814,50.0,50.0,50.0,50.0,50.0,50.0,50.0,50.0,50.0,50.0,50.0,50.0,0.0,0.0,0.0,0.0,1.0,1.0,1.0,1.0,1.0,1.0,1.0,1.0,1.0,1.0,1.0,1.0,0.5,0.5,0.5,0.5
1788446260.5390475,594,18.175564999182825,7.8541579987359,10690951,1,0.0,0.0,0.0,0.13981426,0.7683307,-1.4584658,-0.008106941,0.7545991,-1.3750263,0.12282342,0.7994894,-1.3996221,0.0048267245,0.6344465,-1.3428952,26.019571,30.199322,-45.24656,-6.263997,-0.0077510476,-0.081386,-0.31745595,0.038755238,0.28678876,-0.020220125,-0.11626572,-0.325544,0.020220125,-0.081386,0.42630762,-0.6268239,1.1355284,-1.6432221,1.0463915,0.16664752,0.050149973,0.8247296,-1.3824279,0.025225885,0.64597327,-1.2714051,0.13039666,0.86166596,-1.1756871,0.031961516,0.6057581,-1.3471526,0.0,0.0,0.0,0.0,0.0,0.0,0.0,0.0,0.0,0.0,0.0,0.0,0.0,0.0,0.0,0.0,-2.6679788,-1.2705257,-0.3641827,-0.71234584,50.0,50.0,50.0,50.0,50.0,50.0,50.0,50.0,50.0,50.0,50.0,50.0,0.0,0.0,0.0,0.0,1.0,1.0,1.0,1.0,1.0,1.0,1.0,1.0,1.0,1.0,1.0,1.0,0.5,0.5,0.5,0.5
1788446260.5600767,595,19.135654998535756,6.573622998985229,10690971,1,0.0,0.0,0.0,0.1377554,0.7699052,-1.4641052,-0.0072894488,0.75438714,-1.3773644,0.12318675,0.7988535,-1.3995589,0.001163125,0.6375651,-1.3528789,26.024658,30.173283,-45.23024,-6.264663,-0.17052305,0.0077510476,-0.21837734,0.027128667,0.18602514,-0.095034584,0.011626571,-0.45343632,0.050550308,-0.30229086,0.26353562,-0.3396981,-0.2906643,-0.7092209,0.5348223,0.13176781,0.054136768,0.79650825,-1.2908489,0.010298643,0.63682127,-1.3207169,0.124869466,0.8828739,-1.2445297,0.035973214,0.5718715,-1.3234354,0.0,0.0,0.0,0.0,0.0,0.0,0.0,0.0,0.0,0.0,0.0,0.0,0.0,0.0,0.0,0.0,-4.586841,-0.18963225,-1.6442173,-1.7573369,50.0,50.0,50.0,50.0,50.0,50.0,50.0,50.0,50.0,50.0,50.0,50.0,0.0,0.0,0.0,0.0,1.0,1.0,1.0,1.0,1.0,1.0,1.0,1.0,1.0,1.0,1.0,1.0,0.5,0.5,0.5,0.5
1788446260.5819547,596,20.75641299961717,6.131833999461378,10690992,1,0.0,0.0,0.0,0.13139713,0.7715099,-1.4621307,-0.00834916,0.7558404,-1.3825773,0.11955345,0.79779387,-1.3998274,-0.003651023,0.63020766,-1.3546481,26.009851,30.166319,-45.232056,-6.2674184,-0.24028248,0.019377619,0.43271068,0.09301257,0.13951886,-0.30532387,-0.24415801,-0.14339438,0.0060660373,-0.08526152,-0.019377619,0.010110063,-1.5695871,0.2906643,-0.8293621,-0.2790377,0.07087209,0.74528396,-1.2386318,0.0045963502,0.6401523,-1.3308729,0.09900795,0.88725543,-1.3389412,0.04308826,0.5546535,-1.2544144,0.0,0.0,0.0,0.0,0.0,0.0,0.0,0.0,0.0,0.0,0.0,0.0,0.0,0.0,0.0,0.0,-5.1893387,0.88555133,-1.9908743,-2.3004618,50.0,50.0,50.0,50.0,50.0,50.0,50.0,50.0,50.0,50.0,50.0,50.0,0.0,0.0,0.0,0.0,1.0,1.0,1.0,1.0,1.0,1.0,1.0,1.0,1.0,1.0,1.0,1.0,0.5,0.5,0.5,0.5
1788446260.6011643,597,18.66346599854296,6.045914000424091,10691014,1,0.0,0.0,0.0,0.12603796,0.7720852,-1.449888,-0.009166652,0.75762683,-1.3910129,0.11685875,0.8015785,-1.4014071,-0.005043745,0.62836075,-1.353416,25.961256,30.177673,-45.25855,-6.2678123,-0.06975943,-0.034879714,0.6793962,0.08913705,0.07363495,-0.40440246,0.08913705,0.25190905,0.06268239,0.019377619,0.05813286,0.0020220124,-3.2554402,1.0192627,-2.0036457,0.0,0.09887394,0.689652,-1.2390609,0.0020450098,0.71579707,-1.3165795,0.057551764,0.8542872,-1.3848734,0.03503288,0.59832454,-1.191478,0.0,0.0,0.0,0.0,0.0,0.0,0.0,0.0,0.0,0.0,0.0,0.0,0.0,0.0,0.0,0.0,-4.9045796,1.6557032,-1.655757,-2.0523472,50.0,50.0,50.0,50.0,50.0,50.0,50.0,50.0,50.0,50.0,50.0,50.0,0.0,0.0,0.0,0.0,1.0,1.0,1.0,1.0,1.0,1.0,1.0,1.0,1.0,1.0,1.0,1.0,0.5,0.5,0.5,0.5
1788446260.621192,598,18.19300600072893,7.325168999159359,10691034,1,0.0,0.0,0.0,0.12691605,0.769663,-1.4398412,-0.0091969315,0.75544685,-1.395294,0.11261989,0.8099654,-1.4060357,-0.0025307536,0.62639266,-1.3487717,25.900005,30.200867,-45.300423,-6.270416,0.0,0.37980133,0.5257232,0.0077510476,-0.25578457,-0.13547485,-0.0038755238,0.5813286,-0.22848742,0.13951886,-0.1472699,0.29723585,-3.6158638,1.5579605,-2.375696,-0.34492162,0.11327702,0.6585738,-1.2833623,-0.0023504375,0.7957351,-1.2867187,0.03400837,0.80839384,-1.3729928,0.02186282,0.6604565,-1.1654313,0.0,0.0,0.0,0.0,0.0,0.0,0.0,0.0,0.0,0.0,0.0,0.0,0.0,0.0,0.0,0.0,-3.7705877,1.7211288,-0.5543178,-1.628097,50.0,50.0,50.0,50.0,50.0,50.0,50.0,50.0,50.0,50.0,50.0,50.0,0.0,0.0,0.0,0.0,1.0,1.0,1.0,1.0,1.0,1.0,1.0,1.0,1.0,1.0,1.0,1.0,0.5,0.5,0.5,0.5
1788446260.642589,599,19.443910001427867,6.024794000040856,10691053,1,0.0,0.0,0.0,0.12515998,0.77084374,-1.4307104,-0.012103574,0.7529035,-1.3953571,0.10931964,0.8182917,-1.4093214,-0.0014710426,0.6245457,-1.3406047,25.846869,30.228176,-45.342598,-6.275351,-0.40693003,0.18602514,0.48123896,-0.22478038,-0.2092783,-0.020220125,-0.08526152,0.48056495,-0.052572325,-0.07363495,-0.35267267,0.28914776,-2.4880862,1.5308319,-1.9532641,-0.5890796,0.119514525,0.66142756,-1.3244282,-0.0121270325,0.85173845,-1.279049,0.033873625,0.76966757,-1.305943,0.005166855,0.7022368,-1.1991965,0.0,0.0,0.0,0.0,0.0,0.0,0.0,0.0,0.0,0.0,0.0,0.0,0.0,0.0,0.0,0.0,-2.0663965,1.0770999,0.646139,-1.070866,50.0,50.0,50.0,50.0,50.0,50.0,50.0,50.0,50.0,50.0,50.0,50.0,0.0,0.0,0.0,0.0,1.0,1.0,1.0,1.0,1.0,1.0,1.0,1.0,1.0,1.0,1.0,1.0,0.5,0.5,0.5,0.5
1788446260.6610498,600,17.77844800017192,5.863546999535174,10691074,1,0.0,0.0,0.0,0.12192023,0.7736293,-1.4233017,-0.020339062,0.7557496,-1.3928137,0.1070791,0.81916976,-1.4088633,-0.0029546022,0.6315398,-1.3351705,25.812958,30.253397,-45.370335,-6.285252,-0.23640695,0.19765173,0.36800626,-0.26353562,-0.39917895,0.046506286,-0.12789229,0.17439857,0.08492453,-0.17439857,-0.3100419,0.12536478,-1.1781592,1.2246655,-1.0851467,-0.7828558,0.104423605,0.7041647,-1.3635987,-0.019651605,0.87180734,-1.2939767,0.057851642,0.77219737,-1.2341824,-0.0039464273,0.70465016,-1.2389873,0.0,0.0,0.0,0.0,0.0,0.0,0.0,0.0,0.0,0.0,0.0,0.0,0.0,0.0,0.0,0.0,-0.21452856,-0.2520375,1.7064216,-0.62426305,50.0,50.0,50.0,50.0,50.0,50.0,50.0,50.0,50.0,50.0,50.0,50.0,0.0,0.0,0.0,0.0,1.0,1.0,1.0,1.0,1.0,1.0,1.0,1.0,1.0,1.0,1.0,1.0,0.5,0.5,0.5,0.5
1788446260.7105007,601,40.02534699975513,9.868802000710275,10691102,1,0.0,0.0,0.0,0.1208303,0.7743863,-1.419621,-0.02757539,0.75532573,-1.3921344,0.10417247,0.815264,-1.4020389,-0.006073177,0.63653564,-1.3353285,25.803843,30.257545,-45.37115,-6.3098073,-0.034879714,0.162772,-0.054594334,-0.15114543,0.15889648,-0.038418237,0.06200838,-0.28678876,0.34980816,-0.046506286,0.16664752,-0.15367295,0.20540276,-0.48444048,0.4921915,-1.3486823,0.08057723,0.73438966,-1.3394191,-0.02255895,0.8183316,-1.3312238,0.08610494,0.8025514,-1.2081951,-0.0006574886,0.67219377,-1.2994331,0.0,0.0,0.0,0.0,0.0,0.0,0.0,0.0,0.0,0.0,0.0,0.0,0.0,0.0,0.0,0.0,0.69111973,-1.3825564,2.195111,-0.47800428,50.0,50.0,50.0,50.0,50.0,50.0,50.0,50.0,50.0,50.0,50.0,50.0,0.0,0.0,0.0,0.0,1.0,1.0,1.0,1.0,1.0,1.0,1.0,1.0,1.0,1.0,1.0,1.0,0.5,0.5,0.5,0.5
1788446260.7291446,602,17.8527509997366,5.973563000225113,10691142,1,0.0,0.0,0.0,0.1165005,0.7696327,-1.4268718,-0.027212063,0.7656201,-1.3980584,0.10205303,0.7962194,-1.3943932,-0.0088890195,0.6434692,-1.3407784,25.819376,30.20998,-45.32743,-6.3531947,0.015502095,-0.17439857,-0.24466349,0.0038755238,0.38367686,-0.20422325,-0.2945398,-0.5464489,0.088968545,-0.24803352,0.28291324,-0.10312264,0.2790377,-1.5967158,1.0696446,-1.0192627,0.04548424,0.79465127,-1.2794677,-0.024124661,0.7025927,-1.367945,0.11844711,0.8917608,-1.2488892,0.030302083,0.58938485,-1.2970542,0.0,0.0,0.0,0.0,0.0,0.0,0.0,0.0,0.0,0.0,0.0,0.0,0.0,0.0,0.0,0.0,1.0142311,-1.4708388,1.4379425,-0.41990104,50.0,50.0,50.0,50.0,50.0,50.0,50.0,50.0,50.0,50.0,50.0,50.0,0.0,0.0,0.0,0.0,1.0,1.0,1.0,1.0,1.0,1.0,1.0,1.0,1.0,1.0,1.0,1.0,0.5,0.5,0.5,0.5
1788446260.7489507,603,16.995444000713178,5.998810000164667,10691161,1,0.0,0.0,0.0,0.11444163,0.7700263,-1.4310106,-0.027363447,0.7694956,-1.4023867,0.09993361,0.7936156,-1.3912022,-0.01397562,0.64743555,-1.3480766,25.826128,30.18276,-45.30699,-6.3697867,0.065883905,0.015502095,-0.012132075,-0.015502095,0.38367686,-0.26488364,-0.13564333,-0.21702933,0.20624527,-0.43405867,0.4921915,-0.69152826,0.32166848,-1.5502095,1.131653,-0.5735775,0.036466163,0.77831495,-1.2457345,-0.014558632,0.64474595,-1.3564771,0.10973583,0.90549254,-1.2974724,0.04646588,0.5729352,-1.2848741,0.0,0.0,0.0,0.0,0.0,0.0,0.0,0.0,0.0,0.0,0.0,0.0,0.0,0.0,0.0,0.0,0.34213835,-0.89228505,0.40300265,-0.627681,50.0,50.0,50.0,50.0,50.0,50.0,50.0,50.0,50.0,50.0,50.0,50.0,0.0,0.0,0.0,0.0,1.0,1.0,1.0,1.0,1.0,1.0,1.0,1.0,1.0,1.0,1.0,1.0,0.5,0.5,0.5,0.5
1788446260.7691245,604,16.952148998825578,6.00249000126496,10691184,1,0.0,0.0,0.0,0.1133517,0.7780498,-1.4295257,-0.026757898,0.76468146,-1.408674,0.10489912,0.7941,-1.3924818,-0.014581203,0.6431967,-1.3544744,25.831123,30.1566,-45.29228,-6.376448,-0.011626571,-0.20540276,-0.101100616,0.011626571,0.12014124,-0.030330187,0.17439857,-0.077510476,0.020220125,-0.046506286,0.07363495,0.1455849,0.12401676,-0.6162083,-0.15889648,-0.11239019,0.04354078,0.74311227,-1.2914345,0.004016273,0.7013818,-1.3160782,0.08241807,0.85195947,-1.278588,0.04158713,0.62188673,-1.2375336,0.0,0.0,0.0,0.0,0.0,0.0,0.0,0.0,0.0,0.0,0.0,0.0,0.0,0.0,0.0,0.0,0.18486962,-0.45928144,0.20006427,-0.88176,50.0,50.0,50.0,50.0,50.0,50.0,50.0,50.0,50.0,50.0,50.0,50.0,0.0,0.0,0.0,0.0,1.0,1.0,1.0,1.0,1.0,1.0,1.0,1.0,1.0,1.0,1.0,1.0,0.5,0.5,0.5,0.5
1788446260.7898998,605,17.662640999333235,5.973081999400165,10691203,1,0.0,0.0,0.0,0.11153507,0.7766874,-1.4274247,-0.025001803,0.7618657,-1.4090688,0.10441469,0.79842967,-1.3955148,-0.01361233,0.6397148,-1.3544586,25.830276,30.159266,-45.30018,-6.3659415,-0.11626572,-0.065883905,0.12536478,-0.034879714,-0.06975943,-0.028308174,-0.12014124,0.2751622,-0.19209118,-0.05038181,-0.13951886,-0.026286162,-0.08526152,0.6627146,-0.8254866,0.7092209,0.07765374,0.71511513,-1.3353604,0.017739745,0.7602788,-1.2417071,0.052922525,0.7872393,-1.2479819,0.009158744,0.7014905,-1.2581986,0.0,0.0,0.0,0.0,0.0,0.0,0.0,0.0,0.0,0.0,0.0,0.0,0.0,0.0,0.0,0.0,-0.4371531,0.50777966,0.7683091,-0.3201601,50.0,50.0,50.0,50.0,50.0,50.0,50.0,50.0,50.0,50.0,50.0,50.0,0.0,0.0,0.0,0.0,1.0,1.0,1.0,1.0,1.0,1.0,1.0,1.0,1.0,1.0,1.0,1.0,0.5,0.5,0.5,0.5
1788446260.810706,606,17.841712000517873,4.060070999912568,10691224,1,0.0,0.0,0.0,0.10753846,0.7696024,-1.4266981,-0.0264854,0.7615932,-1.4086581,0.098995,0.80154824,-1.3948356,-0.013067305,0.6376559,-1.3522629,25.830458,30.169498,-45.320286,-6.35704,-0.22478038,0.06200838,0.13345282,-0.2751622,-0.25190905,-0.07279245,0.06200838,0.17052305,0.076836474,0.038755238,-0.25190905,0.0,0.034879714,0.3720503,-0.7363495,0.16664752,0.09572842,0.72570413,-1.3918521,0.016394263,0.7975168,-1.206074,0.04717622,0.74281853,-1.2105514,-0.012440048,0.7330564,-1.2789636,0.0,0.0,0.0,0.0,0.0,0.0,0.0,0.0,0.0,0.0,0.0,0.0,0.0,0.0,0.0,0.0,-1.1123215,0.609157,1.1071007,-0.3671419,50.0,50.0,50.0,50.0,50.0,50.0,50.0,50.0,50.0,50.0,50.0,50.0,0.0,0.0,0.0,0.0,1.0,1.0,1.0,1.0,1.0,1.0,1.0,1.0,1.0,1.0,1.0,1.0,0.5,0.5,0.5,0.5
1788446260.8311462,607,17.954062999706366,7.994317000338924,10691244,1,0.0,0.0,0.0,0.10517681,0.766938,-1.4249446,-0.030058147,0.7647723,-1.4043298,0.0965728,0.7969763,-1.3919764,-0.014157295,0.64713275,-1.3529894,25.829609,30.175312,-45.326916,-6.3558593,-0.10076362,0.08526152,0.19613521,-0.19377619,-0.10851467,0.036396224,-0.07363495,0.08526152,0.19613521,0.023253143,-0.10851467,-0.060660373,0.34879714,0.22478038,0.08913705,-0.12789229,0.0932293,0.7350385,-1.3905127,0.0006805151,0.78788924,-1.2245384,0.054671355,0.74728626,-1.1858394,-0.026336974,0.7166384,-1.3152384,0.0,0.0,0.0,0.0,0.0,0.0,0.0,0.0,0.0,0.0,0.0,0.0,0.0,0.0,0.0,0.0,-1.6732969,0.5233737,1.1871035,-0.7282798,50.0,50.0,50.0,50.0,50.0,50.0,50.0,50.0,50.0,50.0,50.0,50.0,0.0,0.0,0.0,0.0,1.0,1.0,1.0,1.0,1.0,1.0,1.0,1.0,1.0,1.0,1.0,1.0,0.5,0.5,0.5,0.5
1788446260.8519814,608,18.16721300019708,6.048858000212931,10691263,1,0.0,0.0,0.0,0.10441983,0.7677858,-1.423744,-0.03260146,0.7684662,-1.402213,0.09699668,0.7921622,-1.3884693,-0.014581203,0.65185606,-1.3539215,25.83073,30.174889,-45.319527,-6.367274,0.06975943,0.11239019,-0.119298734,0.011626571,-0.05813286,0.13951886,-0.038755238,-0.18214962,0.28914776,0.03100419,0.14339438,-0.15569495,-0.038755238,-0.17439857,0.65883905,-0.8448642,0.07310249,0.7498142,-1.3477463,-0.011331628,0.7637095,-1.2850007,0.07346603,0.7860347,-1.1850916,-0.016984602,0.67465687,-1.3192469,0.0,0.0,0.0,0.0,0.0,0.0,0.0,0.0,0.0,0.0,0.0,0.0,0.0,0.0,0.0,0.0,-2.2212174,0.55269116,0.9509522,-1.4006435,50.0,50.0,50.0,50.0,50.0,50.0,50.0,50.0,50.0,50.0,50.0,50.0,0.0,0.0,0.0,0.0,1.0,1.0,1.0,1.0,1.0,1.0,1.0,1.0,1.0,1.0,1.0,1.0,0.5,0.5,0.5,0.5
1788446260.8709996,609,16.747830000895192,5.277566000586376,10691286,1,0.0,0.0,0.0,0.104480386,0.76869404,-1.4236335,-0.03381256,0.7673459,-1.401897,0.096270025,0.784714,-1.3827825,-0.018547535,0.6565491,-1.3569387,25.827944,30.17404,-45.300846,-6.388559,0.05038181,-0.10076362,0.0040440247,-0.034879714,0.07363495,-0.02426415,-0.15114543,-0.5541999,0.09907861,-0.16664752,0.33717057,-0.16378301,-0.18602514,0.019377619,0.895246,-0.9146236,0.05106477,0.76713055,-1.2722335,-0.019512262,0.70547485,-1.347066,0.0885294,0.8507796,-1.2471981,0.0068374947,0.6163717,-1.289496,0.0,0.0,0.0,0.0,0.0,0.0,0.0,0.0,0.0,0.0,0.0,0.0,0.0,0.0,0.0,0.0,-1.9015896,1.0529921,0.21386522,-1.5891991,50.0,50.0,50.0,50.0,50.0,50.0,50.0,50.0,50.0,50.0,50.0,50.0,0.0,0.0,0.0,0.0,1.0,1.0,1.0,1.0,1.0,1.0,1.0,1.0,1.0,1.0,1.0,1.0,0.5,0.5,0.5,0.5
1788446260.8891528,610,14.39261300038197,4.851777001022128,10691305,1,0.0,0.0,0.0,0.10369313,0.7690574,-1.422038,-0.0336309,0.765499,-1.4049459,0.09478642,0.7840781,-1.3803971,-0.020121992,0.6589713,-1.3580129,25.821133,30.17504,-45.284225,-6.4118123,0.081386,-0.12401676,-0.101100616,0.08913705,0.16664752,-0.04044025,-0.19377619,-0.24028248,0.20017922,-0.18214962,0.34879714,0.042462263,-0.6239593,0.18214962,0.8448642,-1.0541425,0.039840035,0.7434353,-1.2060304,-0.018358376,0.67050534,-1.3753005,0.07942395,0.88729155,-1.3274882,0.03909742,0.5739943,-1.2186905,0.0,0.0,0.0,0.0,0.0,0.0,0.0,0.0,0.0,0.0,0.0,0.0,0.0,0.0,0.0,0.0,-1.286371,1.2389764,-0.15978934,-1.5414827,50.0,50.0,50.0,50.0,50.0,50.0,50.0,50.0,50.0,50.0,50.0,50.0,0.0,0.0,0.0,0.0,1.0,1.0,1.0,1.0,1.0,1.0,1.0,1.0,1.0,1.0,1.0,1.0,0.5,0.5,0.5,0.5
1788446260.9131315,611,18.302860000403598,7.246737999594188,10691326,1,0.0,0.0,0.0,0.102996826,0.77202463,-1.4184204,-0.033540063,0.76126015,-1.4099535,0.0941506,0.78674257,-1.3814713,-0.021090865,0.65376353,-1.3564174,25.808598,30.178188,-45.283344,-6.4273143,0.12789229,-0.05813286,0.038418237,0.054257333,0.05038181,-0.20624527,-0.04263076,0.05038181,0.09099056,0.011626571,0.325544,0.12536478,-0.8332376,0.53094673,-0.54257333,-0.5929552,0.04658326,0.69616854,-1.1894506,-0.015817313,0.7233546,-1.3773301,0.05778472,0.86206925,-1.3411796,0.04415068,0.59523827,-1.1695867,0.0,0.0,0.0,0.0,0.0,0.0,0.0,0.0,0.0,0.0,0.0,0.0,0.0,0.0,0.0,0.0,-0.4711328,1.2834531,-0.23752287,-1.3657417,50.0,50.0,50.0,50.0,50.0,50.0,50.0,50.0,50.0,50.0,50.0,50.0,0.0,0.0,0.0,0.0,1.0,1.0,1.0,1.0,1.0,1.0,1.0,1.0,1.0,1.0,1.0,1.0,0.5,0.5,0.5,0.5
1788446260.9310894,612,16.118233999804943,6.000666000545607,10691346,1,0.0,0.0,0.0,0.10151315,0.769663,-1.4132233,-0.033085905,0.7576874,-1.4136342,0.09260644,0.79307055,-1.3880903,-0.019365013,0.65028167,-1.3491192,25.796547,30.200352,-45.297516,-6.431644,-0.05038181,-0.22090487,0.1941132,0.038755238,-0.2286559,-0.020220125,-0.081386,0.32941952,-0.17995912,-0.019377619,-0.26741114,0.23859747,-0.5890796,1.7207327,-1.0851467,0.038755238,0.06826565,0.6719502,-1.2346199,-0.010009366,0.7844771,-1.3188472,0.037414603,0.8093643,-1.3276076,0.022536445,0.6647174,-1.1655545,0.0,0.0,0.0,0.0,0.0,0.0,0.0,0.0,0.0,0.0,0.0,0.0,0.0,0.0,0.0,0.0,0.4135731,1.1026093,0.45545965,-0.6845206,50.0,50.0,50.0,50.0,50.0,50.0,50.0,50.0,50.0,50.0,50.0,50.0,0.0,0.0,0.0,0.0,1.0,1.0,1.0,1.0,1.0,1.0,1.0,1.0,1.0,1.0,1.0,1.0,0.5,0.5,0.5,0.5
1788446260.9542887,613,19.25114200093958,4.446404000191251,10691365,1,0.0,0.0,0.0,0.09990847,0.7654847,-1.4109643,-0.03481172,0.75517434,-1.4147241,0.0906384,0.7991866,-1.3890222,-0.018153965,0.6461639,-1.3430532,25.794186,30.230448,-45.319557,-6.428465,-0.16664752,-0.20152724,0.25275156,-0.12789229,-0.2596601,-0.12132075,0.11626572,0.44568524,0.07481446,0.034879714,-0.3759258,0.32958803,0.162772,1.5269563,-1.139404,-0.096888095,0.08694547,0.6725295,-1.3124962,-0.0123313125,0.8257117,-1.2703525,0.033772215,0.7438137,-1.2687405,-0.0028055464,0.7180065,-1.2161994,0.0,0.0,0.0,0.0,0.0,0.0,0.0,0.0,0.0,0.0,0.0,0.0,0.0,0.0,0.0,0.0,1.0086466,0.26594228,1.1871576,-0.04058469,50.0,50.0,50.0,50.0,50.0,50.0,50.0,50.0,50.0,50.0,50.0,50.0,0.0,0.0,0.0,0.0,1.0,1.0,1.0,1.0,1.0,1.0,1.0,1.0,1.0,1.0,1.0,1.0,0.5,0.5,0.5,0.5
1788446260.9729228,614,17.136947999460972,5.965594998997403,10691386,1,0.0,0.0,0.0,0.096850395,0.7618816,-1.4081998,-0.039504737,0.75811124,-1.4130023,0.08982091,0.80112433,-1.3865895,-0.017881453,0.6516744,-1.3385036,25.804722,30.250036,-45.333214,-6.43016,-0.17439857,-0.065883905,0.13345282,-0.31779295,-0.3100419,-0.012132075,-0.046506286,0.10463915,0.24061948,-0.06975943,-0.25190905,0.0060660373,0.86036634,0.77510476,-0.4573118,-0.19765173,0.08349524,0.7071248,-1.3824385,-0.009206485,0.8341891,-1.2410668,0.045857444,0.72254145,-1.1959884,-0.02622209,0.73886687,-1.2767633,0.0,0.0,0.0,0.0,0.0,0.0,0.0,0.0,0.0,0.0,0.0,0.0,0.0,0.0,0.0,0.0,1.3809702,-0.978491,1.973099,0.093797706,50.0,50.0,50.0,50.0,50.0,50.0,50.0,50.0,50.0,50.0,50.0,50.0,0.0,0.0,0.0,0.0,1.0,1.0,1.0,1.0,1.0,1.0,1.0,1.0,1.0,1.0,1.0,1.0,0.5,0.5,0.5,0.5
1788446260.9929507,615,16.7435099992872,5.954907001068932,10691407,1,0.0,0.0,0.0,0.0951246,0.7598227,-1.4067781,-0.043107763,0.75895905,-1.410222,0.090577856,0.7931311,-1.3810606,-0.017366707,0.65527743,-1.3398464,25.824493,30.250036,-45.33197,-6.434308,-0.019377619,-0.06975943,0.020220125,-0.03100419,0.05813286,0.08694653,-0.10076362,-0.22478038,0.38013834,0.03100419,-0.038755238,-0.08492453,1.4959522,-0.46118733,0.45343632,-0.25578457,0.06833394,0.7363956,-1.3889204,-0.008091712,0.7857418,-1.2479674,0.05948381,0.7384671,-1.1534898,-0.024951467,0.7176975,-1.3262646,0.0,0.0,0.0,0.0,0.0,0.0,0.0,0.0,0.0,0.0,0.0,0.0,0.0,0.0,0.0,0.0,1.0235761,-1.5688956,1.9339442,0.06744988,50.0,50.0,50.0,50.0,50.0,50.0,50.0,50.0,50.0,50.0,50.0,50.0,0.0,0.0,0.0,0.0,1.0,1.0,1.0,1.0,1.0,1.0,1.0,1.0,1.0,1.0,1.0,1.0,0.5,0.5,0.5,0.5
1788446261.015056,616,18.2276939995063,7.95422200098983,10691428,1,0.0,0.0,0.0,0.09494293,0.7587631,-1.4131442,-0.04328943,0.76098764,-1.408895,0.092122,0.78547084,-1.3730358,-0.01984948,0.6596677,-1.3448067,25.855799,30.233566,-45.312744,-6.447146,0.06200838,-0.05813286,-0.35385218,0.07363495,0.18214962,-0.0485283,-0.027128667,-0.7130964,0.2749937,-0.12014124,0.30229086,-0.3760943,1.5347074,-1.2052878,1.6315955,-0.5619509,0.045673713,0.77839637,-1.3419302,-0.014626628,0.7160109,-1.2931423,0.08271521,0.79718304,-1.15635,-0.006646203,0.66718495,-1.3405498,0.0,0.0,0.0,0.0,0.0,0.0,0.0,0.0,0.0,0.0,0.0,0.0,0.0,0.0,0.0,0.0,0.19108877,-1.1132555,1.4270331,-0.12728693,50.0,50.0,50.0,50.0,50.0,50.0,50.0,50.0,50.0,50.0,50.0,50.0,0.0,0.0,0.0,0.0,1.0,1.0,1.0,1.0,1.0,1.0,1.0,1.0,1.0,1.0,1.0,1.0,0.5,0.5,0.5,0.5
1788446261.0391116,617,22.178454000822967,11.083675000918447,10691447,1,0.0,0.0,0.0,0.09497321,0.7569767,-1.4169356,-0.041563608,0.76153266,-1.4091004,0.09215228,0.7758124,-1.3687706,-0.021151423,0.6639065,-1.353258,25.877327,30.20677,-45.283195,-6.459045,0.10076362,-0.11626572,-0.17389306,0.14339438,0.35267267,-0.018198112,-0.12401676,-0.6239593,0.08694653,-0.04263076,0.2906643,-0.18198112,1.0231383,-1.3719355,1.6819774,-0.46118733,0.028479073,0.7840501,-1.2706511,-0.016374797,0.6429811,-1.3337748,0.09346848,0.85010886,-1.2087662,0.018860707,0.60873866,-1.3104287,0.0,0.0,0.0,0.0,0.0,0.0,0.0,0.0,0.0,0.0,0.0,0.0,0.0,0.0,0.0,0.0,-0.94618857,-0.3126483,0.2570445,-0.54037094,50.0,50.0,50.0,50.0,50.0,50.0,50.0,50.0,50.0,50.0,50.0,50.0,0.0,0.0,0.0,0.0,1.0,1.0,1.0,1.0,1.0,1.0,1.0,1.0,1.0,1.0,1.0,1.0,0.5,0.5,0.5,0.5
1788446261.0584724,618,18.020687999523943,5.605117001323379,10691472,1,0.0,0.0,0.0,0.09497321,0.7621844,-1.4187363,-0.039898343,0.7603518,-1.4124968,0.09121367,0.7761757,-1.3681545,-0.022180855,0.6643909,-1.3552958,25.890316,30.18043,-45.257248,-6.469188,0.03100419,-0.13564333,-0.052572325,0.17052305,0.24415801,0.04044025,-0.12789229,-0.29841533,0.0808805,-0.023253143,0.15502095,-0.014154087,0.096888095,-0.85261524,0.6200838,-0.023253143,0.024584183,0.7581581,-1.202741,-0.01881379,0.6358078,-1.3728797,0.08834124,0.8748959,-1.2733073,0.039812017,0.57138014,-1.233156,0.0,0.0,0.0,0.0,0.0,0.0,0.0,0.0,0.0,0.0,0.0,0.0,0.0,0.0,0.0,0.0,-1.3509927,0.38332924,-0.68802506,-0.9349971,50.0,50.0,50.0,50.0,50.0,50.0,50.0,50.0,50.0,50.0,50.0,50.0,0.0,0.0,0.0,0.0,1.0,1.0,1.0,1.0,1.0,1.0,1.0,1.0,1.0,1.0,1.0,1.0,0.5,0.5,0.5,0.5
1788446261.07508,619,14.165190999847255,4.041734000566066,10691491,1,0.0,0.0,0.0,0.094670415,0.7626083,-1.4160982,-0.03905057,0.75923157,-1.4141871,0.091001734,0.77877957,-1.3691971,-0.024118602,0.65957683,-1.355596,25.885471,30.182549,-45.256943,-6.467977,0.023253143,-0.16664752,0.18804716,-0.023253143,-0.11239019,0.0040440247,0.034879714,0.023253143,0.10514465,-0.13951886,0.18602514,0.15367295,-0.64333695,0.7944824,-0.7208474,0.3410461,0.0386354,0.7134077,-1.199563,-0.017076213,0.7002449,-1.3667426,0.062484324,0.8516083,-1.3127077,0.039912343,0.5940707,-1.1680464,0.0,0.0,0.0,0.0,0.0,0.0,0.0,0.0,0.0,0.0,0.0,0.0,0.0,0.0,0.0,0.0,-1.1453738,0.8859941,-0.85754645,-1.2592291,50.0,50.0,50.0,50.0,50.0,50.0,50.0,50.0,50.0,50.0,50.0,50.0,0.0,0.0,0.0,0.0,1.0,1.0,1.0,1.0,1.0,1.0,1.0,1.0,1.0,1.0,1.0,1.0,0.5,0.5,0.5,0.5
1788446261.0969987,620,16.017179999835207,4.719969998404849,10691512,1,0.0,0.0,0.0,0.093519926,0.75979245,-1.4109643,-0.03944418,0.7570213,-1.4167304,0.0899723,0.7841387,-1.3716772,-0.023270845,0.65403605,-1.3488349,25.871635,30.202139,-45.27178,-6.4609222,-0.038755238,-0.15889648,0.40035844,0.027128667,-0.17439857,-0.20422325,-0.03100419,0.3100419,0.0,0.019377619,-0.42630762,0.5095472,-0.70534533,1.3990641,-1.139404,0.30616638,0.066773176,0.66334873,-1.2542226,-0.012506891,0.7704789,-1.3030562,0.030401412,0.78088975,-1.3201189,0.016156752,0.6706301,-1.1546624,0.0,0.0,0.0,0.0,0.0,0.0,0.0,0.0,0.0,0.0,0.0,0.0,0.0,0.0,0.0,0.0,-0.9518406,0.9090168,-0.0735437,-0.8586024,50.0,50.0,50.0,50.0,50.0,50.0,50.0,50.0,50.0,50.0,50.0,50.0,0.0,0.0,0.0,0.0,1.0,1.0,1.0,1.0,1.0,1.0,1.0,1.0,1.0,1.0,1.0,1.0,0.5,0.5,0.5,0.5
1788446261.1170518,621,16.00338800017198,4.138022000915953,10691531,1,0.0,0.0,0.0,0.09255099,0.7517084,-1.4062409,-0.041109443,0.7547505,-1.4181205,0.08646011,0.7880142,-1.3723091,-0.021060586,0.64583087,-1.3365765,25.863884,30.226269,-45.3026,-6.4580154,-0.11626572,-0.077510476,0.2547736,-0.22090487,-0.5193202,-0.11121068,-0.027128667,0.28678876,0.076836474,-0.06200838,-0.5076936,0.35991824,-0.10851467,1.2517942,-1.4959522,-0.06200838,0.07816464,0.66248983,-1.3013557,-0.01587168,0.8196539,-1.2575759,0.022201871,0.72864515,-1.270139,-0.014302218,0.7216781,-1.206398,0.0,0.0,0.0,0.0,0.0,0.0,0.0,0.0,0.0,0.0,0.0,0.0,0.0,0.0,0.0,0.0,-0.42067742,0.393143,0.8299844,-0.5248356,50.0,50.0,50.0,50.0,50.0,50.0,50.0,50.0,50.0,50.0,50.0,50.0,0.0,0.0,0.0,0.0,1.0,1.0,1.0,1.0,1.0,1.0,1.0,1.0,1.0,1.0,1.0,1.0,0.5,0.5,0.5,0.5
1788446261.1390483,622,17.206197000632528,4.138726999372011,10691552,1,0.0,0.0,0.0,0.08967471,0.74586487,-1.4030026,-0.046014406,0.75668824,-1.4151824,0.08485539,0.7850773,-1.3700185,-0.021363378,0.65031195,-1.3290255,25.866337,30.243103,-45.323463,-6.4598927,-0.2596601,0.08526152,0.20422325,-0.3914279,-0.4224321,-0.03437421,-0.2092783,0.0077510476,0.28308174,-0.13176781,-0.43018317,0.28105974,0.2751622,0.5503244,-0.6704656,-0.46893838,0.07534344,0.6856125,-1.3661795,-0.013215546,0.8155009,-1.2299737,0.02840049,0.7061597,-1.2086883,-0.030999817,0.730669,-1.2512869,0.0,0.0,0.0,0.0,0.0,0.0,0.0,0.0,0.0,0.0,0.0,0.0,0.0,0.0,0.0,0.0,0.097773,-0.69717586,1.6433551,-0.44264197,50.0,50.0,50.0,50.0,50.0,50.0,50.0,50.0,50.0,50.0,50.0,50.0,0.0,0.0,0.0,0.0,1.0,1.0,1.0,1.0,1.0,1.0,1.0,1.0,1.0,1.0,1.0,1.0,0.5,0.5,0.5,0.5
1788446261.1589777,623,16.690168000423,5.958619000011822,10691574,1,0.0,0.0,0.0,0.08613217,0.7462281,-1.399938,-0.051040478,0.7584746,-1.4118965,0.08449207,0.7791126,-1.3627677,-0.022423089,0.6537938,-1.3288833,25.873148,30.242346,-45.32095,-6.4734874,-0.16664752,-0.06200838,0.21433333,-0.09301257,-0.0038755238,0.064704396,0.019377619,-0.16664752,0.14356288,0.019377619,0.13564333,-0.028308174,0.4728139,-0.49606705,0.7441006,-1.1704081,0.058674775,0.7233833,-1.3566122,-0.019619435,0.7803293,-1.2655399,0.052182503,0.73988974,-1.1559663,-0.027038526,0.69867516,-1.2930256,0.0,0.0,0.0,0.0,0.0,0.0,0.0,0.0,0.0,0.0,0.0,0.0,0.0,0.0,0.0,0.0,0.1214407,-1.255162,1.9426327,-0.33524418,50.0,50.0,50.0,50.0,50.0,50.0,50.0,50.0,50.0,50.0,50.0,50.0,0.0,0.0,0.0,0.0,1.0,1.0,1.0,1.0,1.0,1.0,1.0,1.0,1.0,1.0,1.0,1.0,0.5,0.5,0.5,0.5
1788446261.1769826,624,14.137607000520802,4.684547000579187,10691594,1,0.0,0.0,0.0,0.085133076,0.74704564,-1.4025918,-0.051494636,0.75938296,-1.4084843,0.084189296,0.77114964,-1.3578864,-0.025753617,0.65860796,-1.3311896,25.881323,30.227602,-45.299637,-6.4930468,-0.023253143,0.034879714,-0.18198112,0.05038181,0.10076362,0.18804716,-0.08913705,-0.61233276,0.20624527,-0.1782741,0.24415801,-0.14154087,0.47668946,-1.0076362,1.2905494,-1.0928978,0.034488123,0.75868875,-1.3029985,-0.027996916,0.71596664,-1.3081087,0.07339934,0.8020916,-1.1593546,-0.008244983,0.64598113,-1.3074063,0.0,0.0,0.0,0.0,0.0,0.0,0.0,0.0,0.0,0.0,0.0,0.0,0.0,0.0,0.0,0.0,-0.21055242,-1.1296284,1.3405203,-0.27021766,50.0,50.0,50.0,50.0,50.0,50.0,50.0,50.0,50.0,50.0,50.0,50.0,0.0,0.0,0.0,0.0,1.0,1.0,1.0,1.0,1.0,1.0,1.0,1.0,1.0,1.0,1.0,1.0,0.5,0.5,0.5,0.5
1788446261.2031817,625,20.264962000510423,6.55855100012559,10691614,1,0.0,0.0,0.0,0.08455777,0.7479843,-1.405451,-0.0510102,0.7592013,-1.4088793,0.08382596,0.7637013,-1.3527682,-0.026238024,0.6620899,-1.3353758,25.887682,30.209223,-45.269054,-6.5123034,0.10076362,-0.03100419,-0.20624527,0.17439857,0.39530346,0.0080880495,-0.081386,-0.6317104,0.13951886,-0.04263076,0.36429924,-0.07481446,0.12014124,-1.0851467,1.546334,-0.61233276,0.024049627,0.747558,-1.235647,-0.029074868,0.6621243,-1.3516706,0.07771055,0.82986844,-1.2073245,0.013658412,0.61119765,-1.2813319,0.0,0.0,0.0,0.0,0.0,0.0,0.0,0.0,0.0,0.0,0.0,0.0,0.0,0.0,0.0,0.0,-0.7820595,-0.2481733,0.48759305,0.038792416,50.0,50.0,50.0,50.0,50.0,50.0,50.0,50.0,50.0,50.0,50.0,50.0,0.0,0.0,0.0,0.0,1.0,1.0,1.0,1.0,1.0,1.0,1.0,1.0,1.0,1.0,1.0,1.0,0.5,0.5,0.5,0.5
1788446261.243473,626,32.34200600127224,15.928957000141963,10691642,1,0.0,0.0,0.0,0.084466934,0.7544031,-1.4056249,-0.04988993,0.7562946,-1.411849,0.08343235,0.76582074,-1.3521521,-0.02820611,0.6574877,-1.3375874,25.885895,30.19045,-45.25089,-6.5214167,0.015502095,0.06200838,-0.032352198,0.10851467,0.21702933,-0.0080880495,-0.26741114,-0.17439857,0.042462263,-0.23253144,0.09301257,-0.07481446,-0.12014124,-0.24028248,0.10463915,0.14339438,0.02827332,0.7270685,-1.2180575,-0.022731258,0.6631182,-1.3466009,0.06666043,0.8395778,-1.2600083,0.025766315,0.5969984,-1.2115163,0.0,0.0,0.0,0.0,0.0,0.0,0.0,0.0,0.0,0.0,0.0,0.0,0.0,0.0,0.0,0.0,-0.60966337,0.3768041,-0.14221063,0.08870829,50.0,50.0,50.0,50.0,50.0,50.0,50.0,50.0,50.0,50.0,50.0,50.0,0.0,0.0,0.0,0.0,1.0,1.0,1.0,1.0,1.0,1.0,1.0,1.0,1.0,1.0,1.0,1.0,0.5,0.5,0.5,0.5
1788446261.261191,627,15.760606000185362,4.151621998971677,10691676,1,0.0,0.0,0.0,0.08431554,0.75119364,-1.4002382,-0.04889077,0.75393295,-1.4144871,0.08273597,0.7707863,-1.3528472,-0.02784276,0.65491414,-1.3375558,25.8789,30.203894,-45.266026,-6.506157,-0.12014124,-0.09301257,0.08694653,0.0,-0.06975943,-0.02426415,0.0,0.19377619,0.046506286,-0.046506286,-0.11626572,0.0080880495,-0.20152724,0.68984324,-0.5929552,0.5813286,0.05522887,0.6703639,-1.2614084,-0.008189241,0.7459488,-1.2830973,0.027887037,0.7623872,-1.2491962,0.004406706,0.6777735,-1.191281,0.0,0.0,0.0,0.0,0.0,0.0,0.0,0.0,0.0,0.0,0.0,0.0,0.0,0.0,0.0,0.0,-0.9208367,1.079416,0.0051705725,0.025160424,50.0,50.0,50.0,50.0,50.0,50.0,50.0,50.0,50.0,50.0,50.0,50.0,0.0,0.0,0.0,0.0,1.0,1.0,1.0,1.0,1.0,1.0,1.0,1.0,1.0,1.0,1.0,1.0,0.5,0.5,0.5,0.5
1788446261.279027,628,13.297805000547669,4.158597999776248,10691696,1,0.0,0.0,0.0,0.082075,0.7482871,-1.3953569,-0.050222985,0.7513896,-1.4145503,0.082433194,0.77557015,-1.3545691,-0.025723338,0.64973664,-1.3329589,25.874874,30.21649,-45.27608,-6.494712,-0.15502095,-0.12014124,0.3902484,-0.10463915,-0.18602514,-0.0080880495,0.046506286,0.29841533,-0.04044025,0.11626572,-0.3759258,0.43068865,-0.17439857,0.82161105,-0.68984324,0.5813286,0.07108427,0.6673948,-1.3086051,-0.0061874124,0.78395635,-1.2420719,0.020124149,0.71815044,-1.2247336,-0.010546591,0.7156566,-1.1992943,0.0,0.0,0.0,0.0,0.0,0.0,0.0,0.0,0.0,0.0,0.0,0.0,0.0,0.0,0.0,0.0,-0.7030949,0.9946569,0.6398007,0.37123296,50.0,50.0,50.0,50.0,50.0,50.0,50.0,50.0,50.0,50.0,50.0,50.0,0.0,0.0,0.0,0.0,1.0,1.0,1.0,1.0,1.0,1.0,1.0,1.0,1.0,1.0,1.0,1.0,0.5,0.5,0.5,0.5
1788446261.29786,629,11.779925998780527,4.719139000371797,10691717,1,0.0,0.0,0.0,0.080803394,0.74214065,-1.3926556,-0.052463517,0.7532669,-1.4120228,0.07995044,0.7703018,-1.3526261,-0.025693059,0.6537938,-1.3279986,25.876661,30.234898,-45.289795,-6.484599,-0.08526152,0.09301257,0.25881758,-0.162772,-0.2286559,-0.0485283,-0.10851467,0.027128667,0.030330187,-0.10076362,-0.21315381,-0.0080880495,0.11626572,0.75960267,-0.20152724,0.12014124,0.07200318,0.69481534,-1.3297822,-0.014442176,0.7859358,-1.2385923,0.027680894,0.72645175,-1.190438,-0.01962588,0.70675457,-1.2287345,0.0,0.0,0.0,0.0,0.0,0.0,0.0,0.0,0.0,0.0,0.0,0.0,0.0,0.0,0.0,0.0,-0.5222056,0.5209991,1.071325,0.4213552,50.0,50.0,50.0,50.0,50.0,50.0,50.0,50.0,50.0,50.0,50.0,50.0,0.0,0.0,0.0,0.0,1.0,1.0,1.0,1.0,1.0,1.0,1.0,1.0,1.0,1.0,1.0,1.0,0.5,0.5,0.5,0.5
1788446261.3198843,630,13.229582000349183,5.919739000091795,10691738,1,0.0,0.0,0.0,0.08062172,0.74156547,-1.3910443,-0.054461837,0.7555074,-1.4087372,0.08028349,0.7648519,-1.3482187,-0.02566278,0.6562766,-1.3279355,25.878357,30.237743,-45.285194,-6.489262,0.08526152,-0.023253143,0.21231131,-0.034879714,-0.07363495,0.070770435,0.04263076,-0.2790377,0.3073459,-0.14339438,0.10851467,-0.076836474,0.06200838,-0.07363495,0.5038181,-0.59683067,0.054440394,0.71689445,-1.2930568,-0.02467974,0.7509413,-1.2929746,0.047166616,0.76199853,-1.1811527,-0.013947967,0.6669123,-1.2514409,0.0,0.0,0.0,0.0,0.0,0.0,0.0,0.0,0.0,0.0,0.0,0.0,0.0,0.0,0.0,0.0,-0.61102545,-0.41335005,0.8797616,0.059353076,50.0,50.0,50.0,50.0,50.0,50.0,50.0,50.0,50.0,50.0,50.0,50.0,0.0,0.0,0.0,0.0,1.0,1.0,1.0,1.0,1.0,1.0,1.0,1.0,1.0,1.0,1.0,1.0,0.5,0.5,0.5,0.5
1788446261.341023,631,14.301254999736557,5.938459000390139,10691758,1,0.0,0.0,0.0,0.08107579,0.7420498,-1.3908863,-0.054492116,0.75593126,-1.4081211,0.08037433,0.7595533,-1.3441273,-0.02605635,0.6574877,-1.3283777,25.878235,30.235716,-45.26984,-6.495378,-0.08913705,0.04263076,0.010110063,-0.0038755238,0.08526152,-0.0020220124,-0.05038181,-0.2945398,0.11727672,0.034879714,0.12014124,0.042462263,-0.027128667,0.0,0.895246,-0.15889648,0.03375916,0.7226809,-1.2205443,-0.03665892,0.6976633,-1.3496587,0.06582851,0.8071517,-1.2177002,0.0010667129,0.61424977,-1.2548276,0.0,0.0,0.0,0.0,0.0,0.0,0.0,0.0,0.0,0.0,0.0,0.0,0.0,0.0,0.0,0.0,-0.57045096,-0.09653747,0.415281,0.023436844,50.0,50.0,50.0,50.0,50.0,50.0,50.0,50.0,50.0,50.0,50.0,50.0,0.0,0.0,0.0,0.0,1.0,1.0,1.0,1.0,1.0,1.0,1.0,1.0,1.0,1.0,1.0,1.0,0.5,0.5,0.5,0.5
1788446261.3610969,632,14.303078000011737,5.918010998357204,10691777,1,0.0,0.0,0.0,0.080409765,0.74229205,-1.389354,-0.05418934,0.7527522,-1.4103327,0.07976878,0.7604314,-1.3431952,-0.027630806,0.65558016,-1.3288674,25.877508,30.23281,-45.255825,-6.4961653,0.06975943,-0.081386,-0.042462263,0.034879714,0.06975943,-0.064704396,-0.18214962,-0.15889648,0.10514465,-0.12401676,-0.054257333,-0.03437421,-0.027128667,-0.027128667,0.41468105,0.05038181,0.026957989,0.714592,-1.1878331,-0.035471145,0.68300235,-1.3634645,0.06374464,0.82375336,-1.2561381,0.016138636,0.60127646,-1.2072027,0.0,0.0,0.0,0.0,0.0,0.0,0.0,0.0,0.0,0.0,0.0,0.0,0.0,0.0,0.0,0.0,0.021537729,0.15722387,0.24215832,0.121531785,50.0,50.0,50.0,50.0,50.0,50.0,50.0,50.0,50.0,50.0,50.0,50.0,0.0,0.0,0.0,0.0,1.0,1.0,1.0,1.0,1.0,1.0,1.0,1.0,1.0,1.0,1.0,1.0,0.5,0.5,0.5,0.5
1788446261.381014,633,14.153767999232514,5.835515999933705,10691798,1,0.0,0.0,0.0,0.0790472,0.74114156,-1.384757,-0.054764614,0.74778664,-1.4155772,0.080192655,0.76303524,-1.3434322,-0.028478563,0.6465878,-1.3288517,25.876116,30.23502,-45.257336,-6.494954,0.077510476,-0.18214962,0.07279245,0.019377619,0.05813286,-0.09907861,0.034879714,-0.096888095,0.0060660373,-0.038755238,0.06975943,-0.032352198,-0.11626572,0.5503244,-0.52319574,0.28291324,0.035151217,0.68238765,-1.2010907,-0.027934346,0.7132309,-1.3457963,0.0453751,0.7922891,-1.263974,0.017421234,0.6293625,-1.1774123,0.0,0.0,0.0,0.0,0.0,0.0,0.0,0.0,0.0,0.0,0.0,0.0,0.0,0.0,0.0,0.0,0.25132835,0.24899006,0.0025445316,0.16388747,50.0,50.0,50.0,50.0,50.0,50.0,50.0,50.0,50.0,50.0,50.0,50.0,0.0,0.0,0.0,0.0,1.0,1.0,1.0,1.0,1.0,1.0,1.0,1.0,1.0,1.0,1.0,1.0,0.5,0.5,0.5,0.5
1788446261.406316,634,19.384838999030762,5.36735899913765,10691818,1,0.0,0.0,0.0,0.0785023,0.7390524,-1.3824034,-0.054522388,0.7458186,-1.416225,0.08010183,0.76579046,-1.344538,-0.027630806,0.6426214,-1.3269403,25.876993,30.24265,-45.264664,-6.4848113,-0.046506286,-0.14339438,0.16378301,-0.023253143,-0.08913705,0.022242136,0.034879714,0.13951886,0.018198112,0.04263076,-0.19377619,0.0485283,-0.027128667,0.4650629,-0.4921915,0.7092209,0.054537624,0.66353244,-1.2565414,-0.017481549,0.75909865,-1.287517,0.02817823,0.74187016,-1.2387362,0.0021185116,0.68341726,-1.1828499,0.0,0.0,0.0,0.0,0.0,0.0,0.0,0.0,0.0,0.0,0.0,0.0,0.0,0.0,0.0,0.0,0.35486424,0.05617544,0.6361294,0.5257229,50.0,50.0,50.0,50.0,50.0,50.0,50.0,50.0,50.0,50.0,50.0,50.0,0.0,0.0,0.0,0.0,1.0,1.0,1.0,1.0,1.0,1.0,1.0,1.0,1.0,1.0,1.0,1.0,0.5,0.5,0.5,0.5
1788446261.427068,635,20.029346998853725,6.4582630002405494,10691837,1,0.0,0.0,0.0,0.07729113,0.73511624,-1.3800021,-0.05527933,0.745425,-1.4161932,0.07934488,0.7662144,-1.3445222,-0.025935292,0.640502,-1.3244601,25.87878,30.250036,-45.273144,-6.475062,-0.06200838,-0.065883905,0.21837734,-0.08913705,-0.07363495,-0.032352198,-0.0038755238,0.15889648,0.020220125,-0.0038755238,-0.325544,0.15165094,0.12401676,0.36429924,-0.27128667,0.25578457,0.060122766,0.6810339,-1.3102111,-0.014838085,0.7669022,-1.2494268,0.027088124,0.7214229,-1.199798,-0.007839644,0.70064133,-1.2045585,0.0,0.0,0.0,0.0,0.0,0.0,0.0,0.0,0.0,0.0,0.0,0.0,0.0,0.0,0.0,0.0,0.45110905,-0.40184534,1.1786594,0.4125468,50.0,50.0,50.0,50.0,50.0,50.0,50.0,50.0,50.0,50.0,50.0,50.0,0.0,0.0,0.0,0.0,1.0,1.0,1.0,1.0,1.0,1.0,1.0,1.0,1.0,1.0,1.0,1.0,0.5,0.5,0.5,0.5
1788446261.4469721,636,19.015370000488474,4.635523000615649,10691858,1,0.0,0.0,0.0,0.076382875,0.732028,-1.3767164,-0.056823485,0.74933076,-1.4132392,0.08085877,0.76058275,-1.343448,-0.024512231,0.64661807,-1.3234491,25.88208,30.252943,-45.276867,-6.469249,-0.015502095,-0.30616638,-0.0040440247,-0.081386,0.12401676,0.19006917,0.038755238,-0.4185566,0.0970566,-0.038755238,-0.04263076,-0.088968545,0.325544,-0.019377619,0.019377619,0.28291324,0.06155346,0.7046064,-1.336199,-0.01521896,0.77470094,-1.247322,0.031257845,0.7109312,-1.1355469,-0.021831704,0.7104405,-1.2498609,0.0,0.0,0.0,0.0,0.0,0.0,0.0,0.0,0.0,0.0,0.0,0.0,0.0,0.0,0.0,0.0,0.22853929,-0.88591266,1.1805086,0.43571872,50.0,50.0,50.0,50.0,50.0,50.0,50.0,50.0,50.0,50.0,50.0,50.0,0.0,0.0,0.0,0.0,1.0,1.0,1.0,1.0,1.0,1.0,1.0,1.0,1.0,1.0,1.0,1.0,0.5,0.5,0.5,0.5
1788446261.4684985,637,20.152065999354818,6.093402000260539,10691879,1,0.0,0.0,0.0,0.07553506,0.73154354,-1.3772851,-0.058640137,0.7487555,-1.4108856,0.081494585,0.75810003,-1.3402255,-0.02417916,0.64664835,-1.3239073,25.892588,30.248554,-45.269054,-6.4708533,-0.05813286,0.0,0.0485283,-0.06200838,-0.08913705,0.07279245,-0.08526152,-0.21315381,0.13547485,-0.0077510476,0.0077510476,0.07481446,0.6704656,-0.3100419,0.7285985,-0.12789229,0.04272503,0.73446,-1.2941756,-0.028235858,0.72690696,-1.2943935,0.055224143,0.7548221,-1.1334462,-0.011599986,0.66438746,-1.2726038,0.0,0.0,0.0,0.0,0.0,0.0,0.0,0.0,0.0,0.0,0.0,0.0,0.0,0.0,0.0,0.0,-0.11826698,-0.98560846,1.018409,0.21252108,50.0,50.0,50.0,50.0,50.0,50.0,50.0,50.0,50.0,50.0,50.0,50.0,0.0,0.0,0.0,0.0,1.0,1.0,1.0,1.0,1.0,1.0,1.0,1.0,1.0,1.0,1.0,1.0,0.5,0.5,0.5,0.5
1788446261.4910822,638,21.88869500059809,7.901678000052925,10691900,1,0.0,0.0,0.0,0.07544422,0.73078656,-1.3795125,-0.058791526,0.7496941,-1.4103642,0.080404595,0.751439,-1.334191,-0.026177466,0.64792,-1.3265295,25.902851,30.239803,-45.254433,-6.476031,0.065883905,0.011626571,-0.18602514,0.07363495,0.077510476,0.0060660373,-0.14339438,-0.4573118,0.41046855,-0.05038181,0.06200838,-0.13749684,0.4224321,-0.6239593,0.6782167,-0.24415801,0.029953716,0.7415312,-1.2450117,-0.034491822,0.6731622,-1.3274571,0.06804342,0.79505724,-1.1786156,0.0014662389,0.6142585,-1.2512835,0.0,0.0,0.0,0.0,0.0,0.0,0.0,0.0,0.0,0.0,0.0,0.0,0.0,0.0,0.0,0.0,-0.8095472,-0.46482724,0.26197317,-0.2178064,50.0,50.0,50.0,50.0,50.0,50.0,50.0,50.0,50.0,50.0,50.0,50.0,0.0,0.0,0.0,0.0,1.0,1.0,1.0,1.0,1.0,1.0,1.0,1.0,1.0,1.0,1.0,1.0,0.5,0.5,0.5,0.5
1788446261.510474,639,18.496812001103535,4.250980999131571,10691921,1,0.0,0.0,0.0,0.07589841,0.7317555,-1.379244,-0.057913475,0.745425,-1.4130654,0.08034405,0.7486534,-1.3292624,-0.027328014,0.64652723,-1.3278091,25.905605,30.226664,-45.241684,-6.4825706,0.10851467,-0.03100419,0.036396224,0.11239019,0.24028248,-0.070770435,-0.08526152,-0.42630762,0.101100616,-0.11626572,0.10851467,-0.018198112,-0.14339438,-0.5386978,0.48831603,-0.06200838,0.021426978,0.7200453,-1.1802119,-0.035907384,0.64192796,-1.3536565,0.063265905,0.8196821,-1.2364578,0.016399648,0.588292,-1.2129974,0.0,0.0,0.0,0.0,0.0,0.0,0.0,0.0,0.0,0.0,0.0,0.0,0.0,0.0,0.0,0.0,-1.1726215,0.10269545,-0.36035672,-0.41848284,50.0,50.0,50.0,50.0,50.0,50.0,50.0,50.0,50.0,50.0,50.0,50.0,0.0,0.0,0.0,0.0,1.0,1.0,1.0,1.0,1.0,1.0,1.0,1.0,1.0,1.0,1.0,1.0,0.5,0.5,0.5,0.5
1788446261.5290527,640,16.610872000455856,6.684469999527209,10691944,1,0.0,0.0,0.0,0.0762012,0.7335721,-1.3780907,-0.056823485,0.7428514,-1.414819,0.07967794,0.74789643,-1.3284882,-0.029356599,0.6375651,-1.3273194,25.902971,30.225634,-45.241684,-6.483782,-0.019377619,-0.05038181,0.18198112,-0.054257333,-0.03100419,0.018198112,-0.09301257,-0.05813286,0.032352198,-0.1472699,-0.023253143,-0.032352198,-0.22478038,0.4573118,-0.26741114,-0.162772,0.022386927,0.69506323,-1.166444,-0.03609043,0.672595,-1.3567299,0.050052665,0.8140224,-1.2715393,0.028282898,0.58257157,-1.1523166,0.0,0.0,0.0,0.0,0.0,0.0,0.0,0.0,0.0,0.0,0.0,0.0,0.0,0.0,0.0,0.0,-0.5763294,0.77027684,-0.5190063,-0.74991226,50.0,50.0,50.0,50.0,50.0,50.0,50.0,50.0,50.0,50.0,50.0,50.0,0.0,0.0,0.0,0.0,1.0,1.0,1.0,1.0,1.0,1.0,1.0,1.0,1.0,1.0,1.0,1.0,0.5,0.5,0.5,0.5
1788446261.54902,641,16.31208999970113,4.127301999687916,10691963,1,0.0,0.0,0.0,0.07453585,0.7286066,-1.3729093,-0.057156533,0.7401869,-1.4156088,0.077982396,0.7514087,-1.3306366,-0.029750228,0.6353851,-1.3247445,25.897402,30.235989,-45.253857,-6.479361,-0.12014124,-0.31779295,0.47719494,-0.019377619,-0.24028248,-0.042462263,-0.065883905,0.2596601,0.0060660373,0.015502095,-0.096888095,0.18198112,-0.46118733,0.8991215,-1.058018,0.2906643,0.03768004,0.67113525,-1.1974047,-0.02692536,0.7396384,-1.3204411,0.028648399,0.77482396,-1.2659045,0.013631469,0.63283193,-1.12149,0.0,0.0,0.0,0.0,0.0,0.0,0.0,0.0,0.0,0.0,0.0,0.0,0.0,0.0,0.0,0.0,-0.24653402,0.636813,-0.016956069,-0.7011781,50.0,50.0,50.0,50.0,50.0,50.0,50.0,50.0,50.0,50.0,50.0,50.0,0.0,0.0,0.0,0.0,1.0,1.0,1.0,1.0,1.0,1.0,1.0,1.0,1.0,1.0,1.0,1.0,0.5,0.5,0.5,0.5
1788446261.5711055,642,18.274445999850286,7.223922999401111,10691984,1,0.0,0.0,0.0,0.07302201,0.7227328,-1.3669697,-0.058519028,0.7370987,-1.4156878,0.077074066,0.7558898,-1.3319637,-0.028024435,0.6298443,-1.3185363,25.894161,30.25588,-45.27387,-6.4752436,-0.023253143,-0.15114543,0.19815722,-0.13951886,-0.2790377,-0.022242136,0.011626571,0.26353562,0.016176099,-0.027128667,-0.38755238,0.3093679,0.03100419,1.1045243,-1.1665326,0.08913705,0.053963512,0.6452308,-1.2593963,-0.024074491,0.79021996,-1.2740885,0.016842518,0.70848924,-1.2225125,-0.015312245,0.6975391,-1.1600978,0.0,0.0,0.0,0.0,0.0,0.0,0.0,0.0,0.0,0.0,0.0,0.0,0.0,0.0,0.0,0.0,-0.06307587,-0.18442827,0.5615712,-0.48176795,50.0,50.0,50.0,50.0,50.0,50.0,50.0,50.0,50.0,50.0,50.0,50.0,0.0,0.0,0.0,0.0,1.0,1.0,1.0,1.0,1.0,1.0,1.0,1.0,1.0,1.0,1.0,1.0,0.5,0.5,0.5,0.5
1788446261.5930128,643,19.91187499879743,5.969978999928571,10692004,1,0.0,0.0,0.0,0.07026672,0.7181003,-1.3625939,-0.061970666,0.73767394,-1.4136974,0.07628685,0.75722194,-1.331079,-0.027691364,0.6301471,-1.3110642,25.896492,30.271868,-45.29243,-6.474365,-0.23640695,-0.12014124,0.3093679,-0.2286559,-0.31391743,-0.082902506,0.03100419,0.04263076,0.020220125,-0.038755238,-0.023253143,0.38013834,0.162772,0.7363495,-0.45343632,-0.19765173,0.056626838,0.6553602,-1.3003402,-0.023789823,0.79385185,-1.2499406,0.020390034,0.6827765,-1.1677662,-0.030999254,0.712516,-1.2319224,0.0,0.0,0.0,0.0,0.0,0.0,0.0,0.0,0.0,0.0,0.0,0.0,0.0,0.0,0.0,0.0,0.13458294,-1.0476981,1.3880811,-0.3050874,50.0,50.0,50.0,50.0,50.0,50.0,50.0,50.0,50.0,50.0,50.0,50.0,0.0,0.0,0.0,0.0,1.0,1.0,1.0,1.0,1.0,1.0,1.0,1.0,1.0,1.0,1.0,1.0,0.5,0.5,0.5,0.5
1788446261.6130428,644,18.754218999674777,7.314258000405971,10692026,1,0.0,0.0,0.0,0.066572905,0.7142854,-1.3604455,-0.067572005,0.7392484,-1.4104273,0.07610519,0.7486837,-1.3255026,-0.028872192,0.631994,-1.3074942,25.901125,30.27341,-45.293034,-6.4803605,-0.06200838,0.065883905,0.12132075,-0.2751622,-0.10463915,-0.020220125,-0.05813286,-0.081386,0.4185566,-0.06975943,-0.054257333,0.016176099,0.40305448,-0.40305448,0.37980133,-0.39530346,0.05148188,0.6899913,-1.3188013,-0.025239918,0.75615513,-1.2490387,0.031948283,0.702077,-1.1307849,-0.029018957,0.6863307,-1.2595801,0.0,0.0,0.0,0.0,0.0,0.0,0.0,0.0,0.0,0.0,0.0,0.0,0.0,0.0,0.0,0.0,0.099628866,-1.9322731,1.555863,-0.353239,50.0,50.0,50.0,50.0,50.0,50.0,50.0,50.0,50.0,50.0,50.0,50.0,0.0,0.0,0.0,0.0,1.0,1.0,1.0,1.0,1.0,1.0,1.0,1.0,1.0,1.0,1.0,1.0,0.5,0.5,0.5,0.5
1788446261.633136,645,18.795146999764256,8.485259000735823,10692046,1,0.0,0.0,0.0,0.06602788,0.71328616,-1.3611565,-0.06826839,0.7394906,-1.4094164,0.0771649,0.74141705,-1.3199737,-0.029598832,0.6350823,-1.3106536,25.909693,30.259756,-45.27944,-6.49886,0.05038181,-0.0077510476,-0.010110063,0.011626571,0.10463915,0.014154087,0.027128667,-0.3759258,0.22039935,0.0,0.14339438,-0.17389306,0.49606705,-0.9495033,1.1665326,-0.86424184,0.030510314,0.72414553,-1.2685096,-0.034567475,0.6848262,-1.2859765,0.05024632,0.7556411,-1.1409632,-0.012372211,0.6419332,-1.266738,0.0,0.0,0.0,0.0,0.0,0.0,0.0,0.0,0.0,0.0,0.0,0.0,0.0,0.0,0.0,0.0,-0.31375116,-1.7690378,1.0337449,-0.49496585,50.0,50.0,50.0,50.0,50.0,50.0,50.0,50.0,50.0,50.0,50.0,50.0,0.0,0.0,0.0,0.0,1.0,1.0,1.0,1.0,1.0,1.0,1.0,1.0,1.0,1.0,1.0,1.0,0.5,0.5,0.5,0.5
1788446261.6510866,646,16.69148000109999,4.1520700015098555,10692065,1,0.0,0.0,0.0,0.06648207,0.7134073,-1.3636839,-0.06693618,0.73843086,-1.4094164,0.07722546,0.73396885,-1.315282,-0.02968967,0.6371715,-1.3132601,25.91569,30.23623,-45.256065,-6.517723,0.07363495,-0.027128667,-0.23859747,0.12014124,0.24803352,-0.014154087,-0.06200838,-0.6317104,0.18400313,-0.011626571,0.23640695,-0.06672641,0.22090487,-1.6238445,1.2750474,-0.7518516,0.01771978,0.72653794,-1.2104194,-0.039517067,0.6467961,-1.3211163,0.058346376,0.79175967,-1.1700655,0.0053905663,0.6019729,-1.2351246,0.0,0.0,0.0,0.0,0.0,0.0,0.0,0.0,0.0,0.0,0.0,0.0,0.0,0.0,0.0,0.0,-0.6954217,-0.96979076,0.24023134,-0.343944,50.0,50.0,50.0,50.0,50.0,50.0,50.0,50.0,50.0,50.0,50.0,50.0,0.0,0.0,0.0,0.0,1.0,1.0,1.0,1.0,1.0,1.0,1.0,1.0,1.0,1.0,1.0,1.0,0.5,0.5,0.5,0.5
1788446261.668988,647,14.295590999608976,5.917594999118592,10692086,1,0.0,0.0,0.0,0.06602788,0.7185848,-1.3640473,-0.066603124,0.7343737,-1.410775,0.07643825,0.7351496,-1.3136708,-0.030840218,0.6360209,-1.3144133,25.914991,30.214098,-45.240685,-6.530712,0.034879714,0.2945398,-0.012132075,0.03100419,0.25190905,0.052572325,-0.11626572,-0.20540276,0.0,-0.08913705,0.14339438,0.0970566,-0.096888095,-0.6704656,0.5619509,-0.41468105,0.013341003,0.70475864,-1.1728722,-0.038323205,0.6329548,-1.3459319,0.053301,0.8072008,-1.226271,0.02237022,0.5737382,-1.1694489,0.0,0.0,0.0,0.0,0.0,0.0,0.0,0.0,0.0,0.0,0.0,0.0,0.0,0.0,0.0,0.0,-0.5312177,-0.11565931,-0.2034125,-0.25751182,50.0,50.0,50.0,50.0,50.0,50.0,50.0,50.0,50.0,50.0,50.0,50.0,0.0,0.0,0.0,0.0,1.0,1.0,1.0,1.0,1.0,1.0,1.0,1.0,1.0,1.0,1.0,1.0,0.5,0.5,0.5,0.5
1788446261.691943,648,17.170453000289854,4.772193999087904,10692106,1,0.0,0.0,0.0,0.06563425,0.71861506,-1.361109,-0.06614896,0.7338892,-1.4122282,0.07519686,0.73554325,-1.3138919,-0.031597137,0.62951124,-1.313418,25.910995,30.212008,-45.242744,-6.5328617,0.065883905,-0.15114543,0.11121068,0.023253143,-0.015502095,0.095034584,-0.15114543,-0.06200838,0.020220125,-0.11239019,0.12014124,0.010110063,-0.24803352,0.41080552,-0.5929552,0.14339438,0.027573276,0.6758145,-1.1718655,-0.031421676,0.70596766,-1.3357047,0.031434797,0.77888834,-1.2296999,0.012480764,0.6069798,-1.1256642,0.0,0.0,0.0,0.0,0.0,0.0,0.0,0.0,0.0,0.0,0.0,0.0,0.0,0.0,0.0,0.0,-0.4971167,0.4930336,-0.30038768,-0.42929065,50.0,50.0,50.0,50.0,50.0,50.0,50.0,50.0,50.0,50.0,50.0,50.0,0.0,0.0,0.0,0.0,1.0,1.0,1.0,1.0,1.0,1.0,1.0,1.0,1.0,1.0,1.0,1.0,0.5,0.5,0.5,0.5
1788446261.7110705,649,16.22437900005025,7.291762998647755,10692125,1,0.0,0.0,0.0,0.064695716,0.7128624,-1.3560382,-0.066512294,0.7311643,-1.4126548,0.07437937,0.7397518,-1.3161666,-0.030688822,0.6243035,-1.3066727,25.906816,30.224392,-45.25549,-6.526473,-0.034879714,-0.30616638,0.33565408,-0.04263076,-0.2751622,0.0,-0.023253143,0.18602514,0.042462263,0.054257333,-0.39530346,0.35991824,-0.17052305,1.0115118,-1.1161509,0.34879714,0.038937356,0.65724397,-1.2044512,-0.033195022,0.75375795,-1.3102014,0.020850005,0.73359036,-1.2223428,-0.0027331235,0.6524262,-1.1288855,0.0,0.0,0.0,0.0,0.0,0.0,0.0,0.0,0.0,0.0,0.0,0.0,0.0,0.0,0.0,0.0,-0.43533754,0.31935215,-0.06197516,-0.45483646,50.0,50.0,50.0,50.0,50.0,50.0,50.0,50.0,50.0,50.0,50.0,50.0,0.0,0.0,0.0,0.0,1.0,1.0,1.0,1.0,1.0,1.0,1.0,1.0,1.0,1.0,1.0,1.0,0.5,0.5,0.5,0.5
1788446261.7311952,650,16.27826600088156,5.921851001403411,10692146,1,0.0,0.0,0.0,0.06375706,0.7059288,-1.3510938,-0.06802617,0.73089176,-1.4126232,0.07304716,0.74090236,-1.3155979,-0.030355811,0.62057936,-1.300354,25.90603,30.2405,-45.2749,-6.519267,-0.12014124,-0.15889648,0.3720503,-0.08526152,-0.3565482,-0.07481446,0.027128667,0.11239019,0.036396224,0.06200838,-0.39530346,0.21837734,0.10076362,0.69371873,-0.92237467,0.015502095,0.049058255,0.65507305,-1.2495055,-0.03278,0.7748624,-1.2738049,0.01916939,0.7015445,-1.199232,-0.019473381,0.6779033,-1.1591233,0.0,0.0,0.0,0.0,0.0,0.0,0.0,0.0,0.0,0.0,0.0,0.0,0.0,0.0,0.0,0.0,-0.23019625,-0.33380035,0.49089295,-0.3072577,50.0,50.0,50.0,50.0,50.0,50.0,50.0,50.0,50.0,50.0,50.0,50.0,0.0,0.0,0.0,0.0,1.0,1.0,1.0,1.0,1.0,1.0,1.0,1.0,1.0,1.0,1.0,1.0,0.5,0.5,0.5,0.5
1788446261.7671406,651,26.098076999915065,4.605954998623929,10692171,1,0.0,0.0,0.0,0.061395407,0.7022954,-1.3465759,-0.07238613,0.7334654,-1.4110751,0.074016035,0.736936,-1.3127071,-0.029871345,0.6252724,-1.2975895,25.90703,30.246675,-45.287643,-6.522083,0.08526152,-0.038755238,0.12940879,-0.16664752,0.065883905,0.05863836,0.08913705,-0.64721245,0.11121068,-0.12401676,0.26353562,0.0040440247,-0.038755238,-0.1472699,0.07363495,-0.19765173,0.051948365,0.6565433,-1.2774845,-0.026576146,0.77573264,-1.2699652,0.021202533,0.6843109,-1.1376852,-0.03241753,0.6907212,-1.2216704,0.0,0.0,0.0,0.0,0.0,0.0,0.0,0.0,0.0,0.0,0.0,0.0,0.0,0.0,0.0,0.0,-0.28700814,-1.4309758,0.8336787,-0.11740348,50.0,50.0,50.0,50.0,50.0,50.0,50.0,50.0,50.0,50.0,50.0,50.0,0.0,0.0,0.0,0.0,1.0,1.0,1.0,1.0,1.0,1.0,1.0,1.0,1.0,1.0,1.0,1.0,0.5,0.5,0.5,0.5
1788446261.7839186,652,15.421567999510444,5.029887999626226,10692200,1,0.0,0.0,0.0,0.059003472,0.7022046,-1.3467811,-0.075171664,0.73503983,-1.409132,0.07413715,0.7324852,-1.310922,-0.030355811,0.62736154,-1.2979844,25.908846,30.235897,-45.279774,-6.5361314,-0.038755238,-0.06975943,0.02426415,-0.023253143,0.054257333,-0.036396224,-0.034879714,-0.13951886,0.0,0.0,0.019377619,-0.0020220124,-0.015502095,-0.44568524,0.5464489,-0.58520406,0.030399743,0.7050453,-1.2427441,-0.040034678,0.7067802,-1.3027325,0.047651097,0.7436889,-1.1380644,-0.013548175,0.6363707,-1.2398901,0.0,0.0,0.0,0.0,0.0,0.0,0.0,0.0,0.0,0.0,0.0,0.0,0.0,0.0,0.0,0.0,-0.20590481,-1.6835171,0.65757984,-0.097693294,50.0,50.0,50.0,50.0,50.0,50.0,50.0,50.0,50.0,50.0,50.0,50.0,0.0,0.0,0.0,0.0,1.0,1.0,1.0,1.0,1.0,1.0,1.0,1.0,1.0,1.0,1.0,1.0,0.5,0.5,0.5,0.5
1788446261.8010173,653,12.404721999700996,4.742178000014974,10692220,1,0.0,0.0,0.0,0.059003472,0.7018111,-1.3484873,-0.07447528,0.73685646,-1.4091637,0.07338022,0.72576356,-1.3063409,-0.03259635,0.6304802,-1.30206,25.908876,30.222212,-45.27087,-6.5462747,0.10076362,0.019377619,-0.082902506,0.14339438,0.11626572,-0.020220125,-0.023253143,-0.5038181,0.36194023,-0.09301257,0.24803352,-0.30330187,-0.023253143,-0.9572544,0.4921915,-0.38367686,0.021518884,0.71949023,-1.2088684,-0.04324972,0.65227807,-1.3128238,0.05494769,0.781841,-1.1689448,0.0025003427,0.5960678,-1.2240914,0.0,0.0,0.0,0.0,0.0,0.0,0.0,0.0,0.0,0.0,0.0,0.0,0.0,0.0,0.0,0.0,-0.48736185,-1.2320559,-0.084125064,-0.10835361,50.0,50.0,50.0,50.0,50.0,50.0,50.0,50.0,50.0,50.0,50.0,50.0,0.0,0.0,0.0,0.0,1.0,1.0,1.0,1.0,1.0,1.0,1.0,1.0,1.0,1.0,1.0,1.0,0.5,0.5,0.5,0.5
1788446261.82184,654,13.152493000234244,4.151461998844752,10692240,1,0.0,0.0,0.0,0.0593971,0.7050204,-1.34765,-0.07344585,0.7306193,-1.4111383,0.07504548,0.7303355,-1.3036081,-0.03111273,0.6289965,-1.3042243,25.908241,30.206589,-45.26303,-6.5523,0.14339438,-0.015502095,-0.06268239,0.10076362,-0.24028248,0.030330187,0.06975943,0.08913705,0.0080880495,0.038755238,0.05813286,0.030330187,0.0,-0.60070616,-0.077510476,-0.034879714,0.012783738,0.70072675,-1.1693321,-0.044937294,0.66166455,-1.3361394,0.049730808,0.78500307,-1.1935809,0.011028046,0.5974165,-1.18704,0.0,0.0,0.0,0.0,0.0,0.0,0.0,0.0,0.0,0.0,0.0,0.0,0.0,0.0,0.0,0.0,-0.53649694,-0.67146474,-0.47442797,-0.14090034,50.0,50.0,50.0,50.0,50.0,50.0,50.0,50.0,50.0,50.0,50.0,50.0,0.0,0.0,0.0,0.0,1.0,1.0,1.0,1.0,1.0,1.0,1.0,1.0,1.0,1.0,1.0,1.0,0.5,0.5,0.5,0.5
1788446261.844482,655,15.727934000096866,4.826561998925172,10692260,1,0.0,0.0,0.0,0.059609056,0.7093501,-1.3460071,-0.07241641,0.727864,-1.4109961,0.07519686,0.7334238,-1.3042557,-0.030688822,0.62088215,-1.3039241,25.90697,30.205196,-45.26866,-6.550241,0.06975943,-0.027128667,-0.026286162,0.0,-0.0038755238,-0.020220125,0.015502095,0.081386,-0.010110063,0.019377619,-0.08913705,-0.036396224,-0.06200838,0.25578457,-0.5735775,0.38755238,0.030941378,0.66154945,-1.1922226,-0.035340622,0.7065532,-1.3100617,0.027345445,0.7397752,-1.1980999,0.0021125334,0.63202727,-1.160737,0.0,0.0,0.0,0.0,0.0,0.0,0.0,0.0,0.0,0.0,0.0,0.0,0.0,0.0,0.0,0.0,-0.44274712,-0.08731395,-0.38099542,-0.091117635,50.0,50.0,50.0,50.0,50.0,50.0,50.0,50.0,50.0,50.0,50.0,50.0,0.0,0.0,0.0,0.0,1.0,1.0,1.0,1.0,1.0,1.0,1.0,1.0,1.0,1.0,1.0,1.0,0.5,0.5,0.5,0.5
1788446261.8630335,656,14.207334999809973,4.226662000291981,10692280,1,0.0,0.0,0.0,0.05830717,0.7050204,-1.3410784,-0.07320363,0.72722816,-1.4117069,0.07552992,0.7371782,-1.3050613,-0.029265821,0.61888385,-1.3018073,25.905151,30.209616,-45.284374,-6.544428,0.0038755238,-0.20152724,0.2567956,-0.0038755238,-0.12789229,-0.0080880495,0.05038181,0.21315381,-0.010110063,0.10076362,-0.07363495,0.022242136,-0.046506286,0.162772,-1.1122752,0.36429924,0.04281467,0.66253036,-1.2248627,-0.028384328,0.7444699,-1.2813764,0.019819308,0.71589446,-1.1827791,-0.009001421,0.6643575,-1.1453073,0.0,0.0,0.0,0.0,0.0,0.0,0.0,0.0,0.0,0.0,0.0,0.0,0.0,0.0,0.0,0.0,-0.62998503,-0.12566648,0.23413447,-0.13320774,50.0,50.0,50.0,50.0,50.0,50.0,50.0,50.0,50.0,50.0,50.0,50.0,0.0,0.0,0.0,0.0,1.0,1.0,1.0,1.0,1.0,1.0,1.0,1.0,1.0,1.0,1.0,1.0,0.5,0.5,0.5,0.5
1788446261.8849082,657,16.012956000849954,5.908090999582782,10692300,1,0.0,0.0,0.0,0.058519125,0.6985713,-1.3397042,-0.0735064,0.7286512,-1.4106327,0.075832695,0.7375113,-1.3050297,-0.027994156,0.6235163,-1.2995799,25.905819,30.212584,-45.29924,-6.5418844,-0.12014124,-0.20540276,0.101100616,-0.03100419,-0.06975943,-0.032352198,0.03100419,0.05038181,0.020220125,-0.081386,0.0038755238,0.14760691,0.077510476,0.0,-0.51156914,-0.023253143,0.04686493,0.6698194,-1.2345903,-0.031778567,0.74086446,-1.268023,0.021205187,0.71605515,-1.1692518,-0.01657862,0.66390246,-1.1761358,0.0,0.0,0.0,0.0,0.0,0.0,0.0,0.0,0.0,0.0,0.0,0.0,0.0,0.0,0.0,0.0,-0.80812484,-0.6884583,0.50354946,-0.24074377,50.0,50.0,50.0,50.0,50.0,50.0,50.0,50.0,50.0,50.0,50.0,50.0,0.0,0.0,0.0,0.0,1.0,1.0,1.0,1.0,1.0,1.0,1.0,1.0,1.0,1.0,1.0,1.0,0.5,0.5,0.5,0.5
1788446261.9043906,658,15.428990998771042,6.610615000681719,10692320,1,0.0,0.0,0.0,0.057852983,0.698208,-1.3390249,-0.074838616,0.7325268,-1.4094164,0.07610519,0.73351467,-1.3044611,-0.028054714,0.62427324,-1.2969418,25.90594,30.211979,-45.304146,-6.544246,-0.023253143,-0.08526152,0.012132075,-0.08526152,0.05813286,-0.020220125,0.05813286,0.019377619,0.07279245,-0.038755238,0.08913705,0.07279245,-0.019377619,-0.06200838,0.0077510476,-0.41080552,0.036871605,0.68117404,-1.2230448,-0.03725955,0.7182106,-1.290602,0.032930166,0.7331192,-1.1666427,-0.0147675425,0.64259374,-1.1978716,0.0,0.0,0.0,0.0,0.0,0.0,0.0,0.0,0.0,0.0,0.0,0.0,0.0,0.0,0.0,0.0,-0.94923353,-0.83614564,0.7216389,-0.4581691,50.0,50.0,50.0,50.0,50.0,50.0,50.0,50.0,50.0,50.0,50.0,50.0,0.0,0.0,0.0,0.0,1.0,1.0,1.0,1.0,1.0,1.0,1.0,1.0,1.0,1.0,1.0,1.0,0.5,0.5,0.5,0.5
1788446261.9290812,659,19.33085500058951,4.750497999339132,10692340,1,0.0,0.0,0.0,0.057792425,0.6985713,-1.3391038,-0.07541389,0.73228455,-1.4091952,0.07607491,0.7328788,-1.3040978,-0.028690517,0.62503016,-1.2973841,25.905758,30.208223,-45.302177,-6.551089,0.081386,0.019377619,0.0,0.05038181,0.07363495,-0.012132075,-0.027128667,-0.08526152,0.022242136,-0.05813286,0.08526152,0.0080880495,-0.046506286,-0.24028248,0.10076362,-0.325544,0.0288432,0.6864949,-1.1957521,-0.04072943,0.69442624,-1.3115627,0.04122535,0.7587615,-1.17384,-0.009045153,0.61771524,-1.2012131,0.0,0.0,0.0,0.0,0.0,0.0,0.0,0.0,0.0,0.0,0.0,0.0,0.0,0.0,0.0,0.0,-0.7368406,-0.82722664,0.4104873,-0.33217186,50.0,50.0,50.0,50.0,50.0,50.0,50.0,50.0,50.0,50.0,50.0,50.0,0.0,0.0,0.0,0.0,1.0,1.0,1.0,1.0,1.0,1.0,1.0,1.0,1.0,1.0,1.0,1.0,0.5,0.5,0.5,0.5
1788446261.948983,660,18.594732000565273,4.162437999184476,10692362,1,0.0,0.0,0.0,0.056974888,0.69926775,-1.3390406,-0.07574694,0.7293476,-1.4097955,0.07589325,0.7335752,-1.3040346,-0.029235542,0.6246668,-1.2982529,25.905424,30.205227,-45.297516,-6.5577497,0.04263076,-0.07363495,-0.016176099,0.027128667,0.015502095,-0.014154087,0.015502095,-0.046506286,0.020220125,-0.0077510476,-0.015502095,-0.0020220124,0.0,-0.09301257,0.12789229,-0.16664752,0.022620743,0.6858279,-1.1677783,-0.043890253,0.6882554,-1.3311185,0.043215282,0.7691862,-1.1887071,-7.526716e-05,0.60969055,-1.1847205,0.0,0.0,0.0,0.0,0.0,0.0,0.0,0.0,0.0,0.0,0.0,0.0,0.0,0.0,0.0,0.0,-0.6165614,-0.6526226,0.22822562,-0.16920148,50.0,50.0,50.0,50.0,50.0,50.0,50.0,50.0,50.0,50.0,50.0,50.0,0.0,0.0,0.0,0.0,1.0,1.0,1.0,1.0,1.0,1.0,1.0,1.0,1.0,1.0,1.0,1.0,0.5,0.5,0.5,0.5
1788446261.9704049,661,19.57053300066036,6.0472580007626675,10692381,1,0.0,0.0,0.0,0.056581378,0.6989347,-1.3385036,-0.07577722,0.7266529,-1.4104116,0.07534826,0.73696625,-1.3040346,-0.029901624,0.6212152,-1.2982213,25.905304,30.205528,-45.296062,-6.5611105,0.011626571,0.0038755238,-0.0060660373,-0.019377619,0.03100419,0.0080880495,-0.06975943,-0.11239019,0.04044025,-0.034879714,-0.23640695,-0.016176099,0.015502095,0.05813286,-0.08526152,-0.019377619,0.0229864,0.68047047,-1.166167,-0.045727048,0.68471503,-1.3309865,0.04165887,0.76744914,-1.2093055,0.007697563,0.60405463,-1.1579894,0.0,0.0,0.0,0.0,0.0,0.0,0.0,0.0,0.0,0.0,0.0,0.0,0.0,0.0,0.0,0.0,-0.41170034,-0.43169326,0.10298954,-0.12375733,50.0,50.0,50.0,50.0,50.0,50.0,50.0,50.0,50.0,50.0,50.0,50.0,0.0,0.0,0.0,0.0,1.0,1.0,1.0,1.0,1.0,1.0,1.0,1.0,1.0,1.0,1.0,1.0,0.5,0.5,0.5,0.5
1788446261.9910753,662,19.976642999608885,6.755125999916345,10692402,1,0.0,0.0,0.0,0.05618775,0.6981777,-1.3367659,-0.07571666,0.7264107,-1.4108381,0.074742705,0.7373599,-1.3041925,-0.030204415,0.6185205,-1.2978896,25.905212,30.206043,-45.298122,-6.5605354,-0.054257333,-0.09301257,0.06874842,0.015502095,0.023253143,-0.0080880495,0.0038755238,0.0,-0.016176099,-0.03100419,0.027128667,-0.0020220124,0.011626571,0.038755238,-0.20152724,0.07363495,0.027314536,0.6753615,-1.1689043,-0.042891994,0.69853115,-1.3207419,0.034599736,0.7640572,-1.2170432,0.00751038,0.6101477,-1.1402628,0.0,0.0,0.0,0.0,0.0,0.0,0.0,0.0,0.0,0.0,0.0,0.0,0.0,0.0,0.0,0.0,-0.3172861,-0.42779312,0.2728532,-0.18244103,50.0,50.0,50.0,50.0,50.0,50.0,50.0,50.0,50.0,50.0,50.0,50.0,0.0,0.0,0.0,0.0,1.0,1.0,1.0,1.0,1.0,1.0,1.0,1.0,1.0,1.0,1.0,1.0,0.5,0.5,0.5,0.5
1788446262.013115,663,20.771583998794085,6.074042999898666,10692424,1,0.0,0.0,0.0,0.05615747,0.6964519,-1.3359287,-0.07589833,0.72631985,-1.4108381,0.074016035,0.737481,-1.3043821,-0.030325532,0.6174305,-1.2967049,25.905334,30.20668,-45.302845,-6.5595665,0.038755238,-0.054257333,0.06874842,0.03100419,-0.015502095,-0.016176099,-0.10851467,-0.038755238,-0.0060660373,-0.015502095,-0.0077510476,0.042462263,-0.034879714,0.09301257,-0.24803352,0.027128667,0.028691154,0.6695478,-1.1663294,-0.044592552,0.7037885,-1.3158777,0.034041036,0.76098406,-1.2176358,0.004999845,0.61440486,-1.1491668,0.0,0.0,0.0,0.0,0.0,0.0,0.0,0.0,0.0,0.0,0.0,0.0,0.0,0.0,0.0,0.0,-0.35105765,-0.61383015,0.4023385,-0.21692264,50.0,50.0,50.0,50.0,50.0,50.0,50.0,50.0,50.0,50.0,50.0,50.0,0.0,0.0,0.0,0.0,1.0,1.0,1.0,1.0,1.0,1.0,1.0,1.0,1.0,1.0,1.0,1.0,0.5,0.5,0.5,0.5
1788446262.0311077,664,16.701721000572434,4.706851001174073,10692446,1,0.0,0.0,0.0,0.05540049,0.6948775,-1.3355653,-0.07677638,0.7271373,-1.4107118,0.07210855,0.7370571,-1.3039556,-0.031778812,0.6171278,-1.2950462,25.905577,30.206892,-45.30802,-6.559778,-0.023253143,-0.09301257,-0.0040440247,-0.077510476,0.038755238,-0.014154087,-0.19765173,0.019377619,0.026286162,-0.13564333,0.0038755238,0.07481446,-0.0038755238,-0.015502095,-0.2596601,-0.03100419,0.026342822,0.6756701,-1.1678052,-0.047122933,0.6904451,-1.3108692,0.036289714,0.7650563,-1.2244971,0.0050861207,0.6070583,-1.1571786,0.0,0.0,0.0,0.0,0.0,0.0,0.0,0.0,0.0,0.0,0.0,0.0,0.0,0.0,0.0,0.0,-0.13131207,-0.77383846,0.5129935,-0.31192344,50.0,50.0,50.0,50.0,50.0,50.0,50.0,50.0,50.0,50.0,50.0,50.0,0.0,0.0,0.0,0.0,1.0,1.0,1.0,1.0,1.0,1.0,1.0,1.0,1.0,1.0,1.0,1.0,0.5,0.5,0.5,0.5
1788446262.053192,665,18.497934001061367,7.933327000500867,10692466,1,0.0,0.0,0.0,0.053099394,0.6932727,-1.3343016,-0.079289414,0.727864,-1.4106327,0.069444135,0.736058,-1.3020915,-0.035260737,0.6176122,-1.2948883,25.905605,30.2068,-45.31072,-6.5598993,-0.06975943,-0.15889648,0.14356288,-0.12401676,0.065883905,0.010110063,-0.13176781,-0.20540276,0.18400313,-0.21702933,0.015502095,-0.018198112,0.0,0.0,-0.07363495,0.0,0.022720475,0.68126756,-1.1614597,-0.049427744,0.68895787,-1.3172828,0.038156524,0.76580137,-1.2130494,0.0022528274,0.60455734,-1.1662918,0.0,0.0,0.0,0.0,0.0,0.0,0.0,0.0,0.0,0.0,0.0,0.0,0.0,0.0,0.0,0.0,0.09780042,-0.9179568,0.46463087,-0.34409714,50.0,50.0,50.0,50.0,50.0,50.0,50.0,50.0,50.0,50.0,50.0,50.0,0.0,0.0,0.0,0.0,1.0,1.0,1.0,1.0,1.0,1.0,1.0,1.0,1.0,1.0,1.0,1.0,0.5,0.5,0.5,0.5
1788446262.0745628,666,19.531816000380786,6.098713998653693,10692486,1,0.0,0.0,0.0,0.050979972,0.69178915,-1.3317424,-0.08116662,0.7277732,-1.4104905,0.06650722,0.7337872,-1.2990901,-0.03810686,0.61767274,-1.295062,25.905727,30.20674,-45.310658,-6.5598993,-0.038755238,-0.13176781,0.1455849,-0.12014124,0.038755238,0.014154087,-0.16664752,-0.1782741,0.20624527,-0.18602514,-0.023253143,-0.026286162,-0.07363495,0.038755238,0.054257333,0.019377619,0.018606286,0.68330175,-1.1616331,-0.05244189,0.6841841,-1.3167354,0.038431413,0.76434433,-1.2106903,0.0015101428,0.6066961,-1.1690613,0.0,0.0,0.0,0.0,0.0,0.0,0.0,0.0,0.0,0.0,0.0,0.0,0.0,0.0,0.0,0.0,0.16489592,-0.9608165,0.4555241,-0.34735906,50.0,50.0,50.0,50.0,50.0,50.0,50.0,50.0,50.0,50.0,50.0,50.0,0.0,0.0,0.0,0.0,1.0,1.0,1.0,1.0,1.0,1.0,1.0,1.0,1.0,1.0,1.0,1.0,0.5,0.5,0.5,0.5
1788446262.0983694,667,23.07124999970256,4.8267859983752714,10692506,1,0.0,0.0,0.0,0.04879999,0.6899725,-1.3272719,-0.083528265,0.72828794,-1.4105695,0.06354001,0.7308805,-1.2941773,-0.041588724,0.61788464,-1.2952042,25.906,30.20668,-45.31123,-6.5597177,-0.05038181,-0.16664752,0.2567956,-0.09301257,0.05038181,-0.044484273,-0.24803352,-0.2906643,0.29521382,-0.2286559,-0.019377619,-0.02426415,-0.015502095,0.09301257,-0.11239019,-0.011626571,0.016344776,0.6798116,-1.1638105,-0.053298324,0.68410456,-1.3120903,0.035189983,0.75706047,-1.2056891,0.00027312664,0.611767,-1.1700861,0.0,0.0,0.0,0.0,0.0,0.0,0.0,0.0,0.0,0.0,0.0,0.0,0.0,0.0,0.0,0.0,0.19705877,-0.8254197,0.39243782,-0.30511507,50.0,50.0,50.0,50.0,50.0,50.0,50.0,50.0,50.0,50.0,50.0,50.0,0.0,0.0,0.0,0.0,1.0,1.0,1.0,1.0,1.0,1.0,1.0,1.0,1.0,1.0,1.0,1.0,0.5,0.5,0.5,0.5
1788446262.1198928,668,20.83286400011275,7.92315099897678,10692530,1,0.0,0.0,0.0,0.04519701,0.68718696,-1.3219957,-0.086949624,0.7284696,-1.410538,0.059725046,0.7255214,-1.2864051,-0.046190917,0.6185205,-1.2952199,25.906212,30.20662,-45.311745,-6.559748,-0.11239019,-0.019377619,0.22444338,-0.18602514,0.015502095,0.016176099,-0.24028248,-0.2906643,0.47921693,-0.2092783,0.027128667,-0.020220125,-0.015502095,-0.038755238,-0.054257333,0.015502095,0.014912853,0.67756313,-1.168349,-0.053566728,0.67132074,-1.2982048,0.029774455,0.7519075,-1.2080259,0.00028757658,0.61132556,-1.165901,0.0,0.0,0.0,0.0,0.0,0.0,0.0,0.0,0.0,0.0,0.0,0.0,0.0,0.0,0.0,0.0,0.12822792,-0.8277494,0.34237665,-0.34148687,50.0,50.0,50.0,50.0,50.0,50.0,50.0,50.0,50.0,50.0,50.0,50.0,0.0,0.0,0.0,0.0,1.0,1.0,1.0,1.0,1.0,1.0,1.0,1.0,1.0,1.0,1.0,1.0,0.5,0.5,0.5,0.5
1788446262.1410787,669,20.620384999347152,6.011802999637439,10692552,1,0.0,0.0,0.0,0.042108655,0.6837354,-1.3153926,-0.08982599,0.72877234,-1.4105222,0.054426476,0.7175281,-1.2767375,-0.05082339,0.6190655,-1.2952042,25.906242,30.20668,-45.312683,-6.559748,-0.10463915,-0.325544,0.42664462,-0.13951886,0.06200838,0.0080880495,-0.2790377,-0.46893838,0.5196572,-0.33329505,0.03100419,-0.020220125,-0.06975943,0.0038755238,-0.05038181,0.0,0.009045292,0.6843274,-1.1561205,-0.05806934,0.65838015,-1.2926401,0.02828402,0.75343865,-1.2005472,0.00051941886,0.60843456,-1.1642245,0.0,0.0,0.0,0.0,0.0,0.0,0.0,0.0,0.0,0.0,0.0,0.0,0.0,0.0,0.0,0.0,0.102314316,-0.619288,0.14954132,-0.41325077,50.0,50.0,50.0,50.0,50.0,50.0,50.0,50.0,50.0,50.0,50.0,50.0,0.0,0.0,0.0,0.0,1.0,1.0,1.0,1.0,1.0,1.0,1.0,1.0,1.0,1.0,1.0,1.0,0.5,0.5,0.5,0.5
1788446262.161047,670,19.115209999654326,5.982202999803121,10692572,1,0.0,0.0,0.0,0.039565325,0.6776495,-1.3086631,-0.09230875,0.72859067,-1.4102695,0.04930958,0.70841455,-1.2659323,-0.055667818,0.6195802,-1.2951726,25.906273,30.20677,-45.312683,-6.559778,-0.14339438,-0.36429924,0.34576413,-0.18602514,0.05038181,0.0,-0.24028248,-0.49606705,0.657154,-0.38755238,0.09301257,-0.030330187,-0.05038181,0.027128667,-0.05038181,-0.0077510476,0.0022593583,0.69263065,-1.1461557,-0.06439162,0.6504835,-1.2941958,0.027465006,0.75745445,-1.1972615,0.0007031895,0.60067713,-1.1558604,0.0,0.0,0.0,0.0,0.0,0.0,0.0,0.0,0.0,0.0,0.0,0.0,0.0,0.0,0.0,0.0,0.21658167,-0.46821654,-0.079921894,-0.514835,50.0,50.0,50.0,50.0,50.0,50.0,50.0,50.0,50.0,50.0,50.0,50.0,0.0,0.0,0.0,0.0,1.0,1.0,1.0,1.0,1.0,1.0,1.0,1.0,1.0,1.0,1.0,1.0,0.5,0.5,0.5,0.5
1788446262.180344,671,17.9441450000013,5.183680001209723,10692594,1,0.0,0.0,0.0,0.035175085,0.6713215,-1.2989795,-0.096275106,0.7285301,-1.4101114,0.04313296,0.7007846,-1.2533104,-0.06208664,0.62018573,-1.2951883,25.906212,30.207224,-45.312534,-6.5598087,-0.25190905,-0.41080552,0.5338113,-0.22478038,-0.019377619,0.014154087,-0.26741114,-0.3565482,0.7157924,-0.28291324,0.06200838,-0.0040440247,0.0,0.06975943,-0.038755238,-0.04263076,-0.0047502834,0.6889354,-1.1277671,-0.06927461,0.64684314,-1.2984661,0.024859117,0.75326645,-1.1946841,-0.003847965,0.6005126,-1.150634,0.0,0.0,0.0,0.0,0.0,0.0,0.0,0.0,0.0,0.0,0.0,0.0,0.0,0.0,0.0,0.0,0.21492071,-0.28820097,-0.23052242,-0.52524,50.0,50.0,50.0,50.0,50.0,50.0,50.0,50.0,50.0,50.0,50.0,50.0,0.0,0.0,0.0,0.0,1.0,1.0,1.0,1.0,1.0,1.0,1.0,1.0,1.0,1.0,1.0,1.0,0.5,0.5,0.5,0.5
1788446262.1969697,672,14.244199999666307,5.8702999995148275,10692614,1,0.0,0.0,0.0,0.030572891,0.665478,-1.2901332,-0.10090757,0.72862095,-1.4100798,0.03883356,0.697333,-1.240278,-0.06898993,0.6205491,-1.295141,25.90615,30.209587,-45.312683,-6.559657,-0.1472699,-0.37980133,0.45899683,-0.22090487,0.08526152,0.010110063,-0.18602514,-0.11239019,0.5944717,-0.3720503,0.077510476,-0.016176099,-0.04263076,0.19765173,0.0,0.06975943,-0.0057167467,0.6706657,-1.1250501,-0.06940013,0.6575152,-1.2915589,0.015888717,0.7337587,-1.1872425,-0.015166072,0.6199217,-1.1576282,0.0,0.0,0.0,0.0,0.0,0.0,0.0,0.0,0.0,0.0,0.0,0.0,0.0,0.0,0.0,0.0,0.0013056025,-0.3357862,-0.20724565,-0.47268286,50.0,50.0,50.0,50.0,50.0,50.0,50.0,50.0,50.0,50.0,50.0,50.0,0.0,0.0,0.0,0.0,1.0,1.0,1.0,1.0,1.0,1.0,1.0,1.0,1.0,1.0,1.0,1.0,0.5,0.5,0.5,0.5
1788446262.2191644,673,16.367194999475032,5.971610999040422,10692633,1,0.0,0.0,0.0,0.024456859,0.65866554,-1.2789806,-0.10584281,0.7281971,-1.4101272,0.036290243,0.69836247,-1.2294097,-0.07559043,0.62115467,-1.2950935,25.904335,30.214703,-45.312927,-6.559657,-0.32166848,-0.43018317,0.59244967,-0.31391743,0.027128667,0.010110063,-0.06975943,0.04263076,0.69557226,-0.4573118,0.011626571,0.0040440247,-0.065883905,0.4185566,-0.09301257,-0.034879714,-0.010202927,0.66027564,-1.1236972,-0.07385355,0.6598617,-1.2840705,0.010539954,0.7175133,-1.1805766,-0.021225534,0.63282424,-1.1719992,0.0,0.0,0.0,0.0,0.0,0.0,0.0,0.0,0.0,0.0,0.0,0.0,0.0,0.0,0.0,0.0,-0.25226724,-0.4572378,-0.12162898,-0.6503029,50.0,50.0,50.0,50.0,50.0,50.0,50.0,50.0,50.0,50.0,50.0,50.0,0.0,0.0,0.0,0.0,1.0,1.0,1.0,1.0,1.0,1.0,1.0,1.0,1.0,1.0,1.0,1.0,0.5,0.5,0.5,0.5
1788446262.2470312,674,23.758286000884254,7.895151000411715,10692654,1,0.0,0.0,0.0,0.018340826,0.64988506,-1.268286,-0.11217081,0.72780347,-1.4101114,0.034170806,0.69969463,-1.2165667,-0.083856165,0.6235769,-1.2952673,25.904394,30.221062,-45.31465,-6.5602627,-0.25190905,-0.44568524,0.5843616,-0.24028248,-0.08526152,-0.0060660373,-0.18602514,0.10851467,0.6672641,-0.4185566,0.07363495,-0.0080880495,-0.054257333,0.31779295,-0.24028248,-0.03100419,-0.014484948,0.66209847,-1.1155536,-0.08218341,0.6460098,-1.2676709,0.011013752,0.7206232,-1.1807562,-0.019760543,0.63392407,-1.1812651,0.0,0.0,0.0,0.0,0.0,0.0,0.0,0.0,0.0,0.0,0.0,0.0,0.0,0.0,0.0,0.0,-0.44949394,-0.63775074,-0.029388778,-0.5760777,50.0,50.0,50.0,50.0,50.0,50.0,50.0,50.0,50.0,50.0,50.0,50.0,0.0,0.0,0.0,0.0,1.0,1.0,1.0,1.0,1.0,1.0,1.0,1.0,1.0,1.0,1.0,1.0,0.5,0.5,0.5,0.5
1788446262.2649589,675,17.04328699997859,4.260518000592128,10692678,1,0.0,0.0,0.0,0.013314724,0.64028704,-1.2553957,-0.117772155,0.72756124,-1.4100798,0.032142222,0.6997552,-1.203866,-0.091486156,0.62820935,-1.2957412,25.904093,30.227177,-45.318195,-6.5629272,-0.18602514,-0.4650629,0.7198365,-0.2092783,0.034879714,-0.028308174,-0.0077510476,-0.011626571,0.51156914,-0.28291324,0.15502095,-0.060660373,0.0,0.25190905,-0.10076362,-0.19377619,-0.01779188,0.6585431,-1.1069589,-0.09135081,0.64048326,-1.2665684,0.010883242,0.71733534,-1.1716424,-0.019932307,0.6403574,-1.1940635,0.0,0.0,0.0,0.0,0.0,0.0,0.0,0.0,0.0,0.0,0.0,0.0,0.0,0.0,0.0,0.0,-0.6054268,-0.73779964,-0.026797652,-0.4752552,50.0,50.0,50.0,50.0,50.0,50.0,50.0,50.0,50.0,50.0,50.0,50.0,0.0,0.0,0.0,0.0,1.0,1.0,1.0,1.0,1.0,1.0,1.0,1.0,1.0,1.0,1.0,1.0,0.5,0.5,0.5,0.5
1788446262.2999992,676,27.65448600075615,4.7571550003340235,10692702,1,0.0,0.0,0.0,0.008106947,0.63253605,-1.2417945,-0.12346432,0.7266832,-1.4095585,0.03038612,0.6993313,-1.1941667,-0.09748107,0.6295415,-1.2964679,25.902971,30.231052,-45.319405,-6.5675597,-0.27128667,-0.3410461,0.6227798,-0.2596601,0.07363495,0.042462263,-0.13951886,-0.023253143,0.24870755,-0.22478038,0.077510476,-0.06672641,-0.14339438,0.21702933,0.05038181,-0.21702933,-0.015394655,0.6499941,-1.1201826,-0.09392105,0.64129925,-1.2452946,0.0029090177,0.7032916,-1.1576965,-0.02790451,0.65970117,-1.2001132,0.0,0.0,0.0,0.0,0.0,0.0,0.0,0.0,0.0,0.0,0.0,0.0,0.0,0.0,0.0,0.0,-0.7766057,-0.6163431,0.219342,-0.17758615,50.0,50.0,50.0,50.0,50.0,50.0,50.0,50.0,50.0,50.0,50.0,50.0,0.0,0.0,0.0,0.0,1.0,1.0,1.0,1.0,1.0,1.0,1.0,1.0,1.0,1.0,1.0,1.0,0.5,0.5,0.5,0.5
1788446262.3168879,677,16.292668000460253,4.156711000177893,10692732,1,0.0,0.0,0.0,0.0013247728,0.624573,-1.2223169,-0.13060983,0.72695565,-1.4095111,0.02950807,0.6990891,-1.1923974,-0.103203475,0.6351126,-1.3013808,25.894768,30.235474,-45.319405,-6.569861,-0.162772,-0.24028248,0.6733302,-0.15889648,0.03100419,-0.02426415,0.0077510476,-0.038755238,-0.0040440247,-0.13176781,0.19765173,-0.15771697,-0.38755238,0.1782741,0.04263076,-0.05038181,-0.008859384,0.64855623,-1.1462952,-0.09280116,0.6538633,-1.2232903,-0.0087272795,0.6859628,-1.1325002,-0.039888512,0.6868149,-1.2007523,0.0,0.0,0.0,0.0,0.0,0.0,0.0,0.0,0.0,0.0,0.0,0.0,0.0,0.0,0.0,0.0,-1.0611881,-0.363115,0.64733654,0.11417661,50.0,50.0,50.0,50.0,50.0,50.0,50.0,50.0,50.0,50.0,50.0,50.0,0.0,0.0,0.0,0.0,1.0,1.0,1.0,1.0,1.0,1.0,1.0,1.0,1.0,1.0,1.0,1.0,0.5,0.5,0.5,0.5
1788446262.3329952,678,12.329363999015186,4.119430999708129,10692751,1,0.0,0.0,0.0,-0.0006735325,0.62151504,-1.2118592,-0.13303204,0.7274704,-1.4082475,0.028145581,0.6983322,-1.190091,-0.10420269,0.64313614,-1.305646,25.889439,30.238895,-45.31871,-6.5699215,-0.1782741,-0.13951886,0.5014591,-0.12401676,0.038755238,0.028308174,-0.10851467,-0.023253143,0.3073459,-0.14339438,0.5193202,-0.28308174,-0.35267267,0.10076362,0.09301257,0.09301257,0.0003441797,0.63758713,-1.173299,-0.09002749,0.6623028,-1.2006449,-0.021798551,0.6630308,-1.107407,-0.052739482,0.71890354,-1.2216079,0.0,0.0,0.0,0.0,0.0,0.0,0.0,0.0,0.0,0.0,0.0,0.0,0.0,0.0,0.0,0.0,-1.4990407,-0.34960878,0.9043479,0.3898236,50.0,50.0,50.0,50.0,50.0,50.0,50.0,50.0,50.0,50.0,50.0,50.0,0.0,0.0,0.0,0.0,1.0,1.0,1.0,1.0,1.0,1.0,1.0,1.0,1.0,1.0,1.0,1.0,0.5,0.5,0.5,0.5
1788446262.3550506,679,14.314279000245733,5.706717000066419,10692771,1,0.0,0.0,0.0,-0.0036103725,0.6208792,-1.2062671,-0.13721034,0.72825766,-1.4068888,0.025723383,0.69536495,-1.1746258,-0.10601932,0.6496458,-1.3110011,25.87987,30.242376,-45.31308,-6.570557,-0.29841533,0.054257333,0.17389306,-0.30229086,-0.015502095,0.06672641,-0.05813286,-0.038755238,1.3486823,-0.12789229,0.2906643,-0.29521382,-0.5813286,0.23640695,0.4185566,-0.11626572,0.00420124,0.63046974,-1.1869078,-0.09165198,0.6762468,-1.2163185,-0.033185206,0.6346107,-1.0705944,-0.05973898,0.7354666,-1.2400241,0.0,0.0,0.0,0.0,0.0,0.0,0.0,0.0,0.0,0.0,0.0,0.0,0.0,0.0,0.0,0.0,-1.8015218,-0.18045482,0.7947761,0.2046797,50.0,50.0,50.0,50.0,50.0,50.0,50.0,50.0,50.0,50.0,50.0,50.0,0.0,0.0,0.0,0.0,1.0,1.0,1.0,1.0,1.0,1.0,1.0,1.0,1.0,1.0,1.0,1.0,0.5,0.5,0.5,0.5
1788446262.3749545,680,14.14650399965467,5.812507999507943,10692792,1,0.0,0.0,0.0,-0.00370121,0.62133336,-1.2051929,-0.13993531,0.72825766,-1.4046773,0.022332296,0.69076276,-1.1647527,-0.10844153,0.65875936,-1.3217273,25.870455,30.24589,-45.306507,-6.5728583,0.06200838,0.13564333,0.17389306,-0.06975943,0.038755238,-0.022242136,-0.17439857,-0.06975943,0.044484273,0.077510476,0.48831603,-0.485283,-0.5929552,0.15889648,0.35267267,-0.10463915,-0.001740353,0.6518046,-1.1755472,-0.09363849,0.65521514,-1.2140151,-0.02313155,0.6598543,-1.0709178,-0.06267634,0.73142326,-1.2392066,0.0,0.0,0.0,0.0,0.0,0.0,0.0,0.0,0.0,0.0,0.0,0.0,0.0,0.0,0.0,0.0,-1.8520427,0.2080302,0.72400904,0.34211498,50.0,50.0,50.0,50.0,50.0,50.0,50.0,50.0,50.0,50.0,50.0,50.0,0.0,0.0,0.0,0.0,1.0,1.0,1.0,1.0,1.0,1.0,1.0,1.0,1.0,1.0,1.0,1.0,0.5,0.5,0.5,0.5
1788446262.3963258,681,15.448609001396107,4.20986199969775,10692812,1,0.0,0.0,0.0,-0.002126813,0.62275636,-1.2041345,-0.14020781,0.73010457,-1.405088,0.02181758,0.68703866,-1.1634573,-0.10859293,0.6661168,-1.3286937,25.860643,30.24822,-45.296333,-6.578581,0.06975943,0.11626572,0.02426415,0.011626571,0.015502095,-0.0040440247,-0.046506286,-0.22090487,0.022242136,-0.023253143,0.29841533,-0.2749937,-0.4650629,0.11239019,0.48831603,-0.4224321,-0.01807728,0.6684658,-1.122932,-0.1097978,0.64230645,-1.2575463,-0.0060940543,0.6965831,-1.0847663,-0.054310773,0.70086783,-1.235789,0.0,0.0,0.0,0.0,0.0,0.0,0.0,0.0,0.0,0.0,0.0,0.0,0.0,0.0,0.0,0.0,-1.9761267,0.6278134,0.2678454,0.28981268,50.0,50.0,50.0,50.0,50.0,50.0,50.0,50.0,50.0,50.0,50.0,50.0,0.0,0.0,0.0,0.0,1.0,1.0,1.0,1.0,1.0,1.0,1.0,1.0,1.0,1.0,1.0,1.0,0.5,0.5,0.5,0.5
1788446262.4169471,682,16.002940999896964,6.0826820008514915,10692831,1,0.0,0.0,0.0,-0.0027929544,0.6268438,-1.2034868,-0.13957198,0.729499,-1.4050722,0.020969808,0.6864028,-1.1635836,-0.109834254,0.6704465,-1.3306999,25.849623,30.25143,-45.284225,-6.585787,0.0,0.15889648,-0.03437421,0.15114543,0.038755238,-0.038418237,-0.08526152,-0.096888095,0.0,-0.13951886,0.21315381,-0.060660373,-0.740225,0.37980133,0.5503244,-0.29841533,-0.033387713,0.6615464,-1.0710577,-0.111651465,0.63843405,-1.3019149,0.0061387504,0.7253319,-1.1244394,-0.053184703,0.6727156,-1.2165589,0.0,0.0,0.0,0.0,0.0,0.0,0.0,0.0,0.0,0.0,0.0,0.0,0.0,0.0,0.0,0.0,-2.0769358,1.3158784,-0.18963173,0.22961798,50.0,50.0,50.0,50.0,50.0,50.0,50.0,50.0,50.0,50.0,50.0,50.0,0.0,0.0,0.0,0.0,1.0,1.0,1.0,1.0,1.0,1.0,1.0,1.0,1.0,1.0,1.0,1.0,0.5,0.5,0.5,0.5
1788446262.4388797,683,17.866321999463253,6.046489999789628,10692852,1,0.0,0.0,0.0,-0.004851818,0.62965965,-1.1981633,-0.13902698,0.727864,-1.4063201,0.020212874,0.6907022,-1.1638522,-0.11095458,0.6710217,-1.3308737,25.831215,30.262632,-45.28053,-6.589783,0.13564333,-0.034879714,0.28105974,0.10851467,-0.11626572,0.036396224,-0.096888095,-0.08913705,0.0060660373,0.04263076,0.162772,-0.028308174,-1.22079,0.8448642,-0.10076362,-0.027128667,-0.040537026,0.65119153,-1.0352215,-0.10075028,0.67019767,-1.3240489,0.009541079,0.73997486,-1.1620656,-0.060763627,0.66303265,-1.1752318,0.0,0.0,0.0,0.0,0.0,0.0,0.0,0.0,0.0,0.0,0.0,0.0,0.0,0.0,0.0,0.0,-1.8010694,1.7915115,-0.24998534,-0.13558209,50.0,50.0,50.0,50.0,50.0,50.0,50.0,50.0,50.0,50.0,50.0,50.0,0.0,0.0,0.0,0.0,1.0,1.0,1.0,1.0,1.0,1.0,1.0,1.0,1.0,1.0,1.0,1.0,0.5,0.5,0.5,0.5
1788446262.4589741,684,17.23522199972649,4.805762000614777,10692872,1,0.0,0.0,0.0,-0.004851818,0.6310221,-1.1918129,-0.1372406,0.72522986,-1.4078367,0.021302864,0.69460803,-1.1677067,-0.111560166,0.669629,-1.3302102,25.804842,30.284008,-45.28525,-6.589087,0.065883905,0.046506286,0.3073459,0.17439857,-0.10076362,0.028308174,0.04263076,0.22090487,-0.22646539,0.034879714,0.11239019,-0.050550308,-1.4843256,1.5773382,-0.34879714,0.1472699,-0.038316157,0.62159467,-1.0402702,-0.08664178,0.7182044,-1.3280485,0.0031596336,0.71779567,-1.1825001,-0.07705388,0.68795455,-1.1550521,0.0,0.0,0.0,0.0,0.0,0.0,0.0,0.0,0.0,0.0,0.0,0.0,0.0,0.0,0.0,0.0,-1.7192566,1.4717132,0.038540754,-0.39052194,50.0,50.0,50.0,50.0,50.0,50.0,50.0,50.0,50.0,50.0,50.0,50.0,0.0,0.0,0.0,0.0,1.0,1.0,1.0,1.0,1.0,1.0,1.0,1.0,1.0,1.0,1.0,1.0,0.5,0.5,0.5,0.5
1788446262.478925,685,16.73253700027999,4.869985999903292,10692894,1,0.0,0.0,0.0,-0.005215168,0.6347766,-1.1855731,-0.13572673,0.722626,-1.4080262,0.022423133,0.70238936,-1.17461,-0.11137849,0.6670251,-1.3289306,25.776169,30.316042,-45.293217,-6.5862713,-0.034879714,0.19377619,0.3882264,-0.019377619,-0.06975943,0.0040440247,0.054257333,0.5813286,-0.42260063,0.038755238,-0.1472699,-0.028308174,-1.4223173,1.6277201,-0.36429924,0.027128667,-0.03055489,0.5989179,-1.0788989,-0.07623279,0.7483242,-1.2986188,-0.0019274107,0.68748754,-1.18415,-0.08924742,0.7220947,-1.1595812,0.0,0.0,0.0,0.0,0.0,0.0,0.0,0.0,0.0,0.0,0.0,0.0,0.0,0.0,0.0,0.0,-1.4250014,0.7817749,0.6645317,-0.62115186,50.0,50.0,50.0,50.0,50.0,50.0,50.0,50.0,50.0,50.0,50.0,50.0,0.0,0.0,0.0,0.0,1.0,1.0,1.0,1.0,1.0,1.0,1.0,1.0,1.0,1.0,1.0,1.0,0.5,0.5,0.5,0.5
1788446262.4971402,686,14.46087099975557,5.858972001078655,10692914,1,0.0,0.0,0.0,-0.0061537027,0.63208187,-1.1814184,-0.13575701,0.7229893,-1.408042,0.023301184,0.70777875,-1.1844041,-0.11068207,0.67411005,-1.3288833,25.756247,30.343988,-45.29727,-6.5870585,-0.054257333,0.16664752,0.15367295,-0.015502095,-0.14339438,0.0060660373,0.13564333,0.25190905,-0.25275156,0.06200838,0.13176781,-0.028308174,-0.80610895,1.3176781,0.054257333,-0.08526152,-0.018924847,0.59223896,-1.1172858,-0.0757439,0.75411683,-1.2624611,-0.007319131,0.6673298,-1.1623578,-0.08895175,0.742334,-1.1901269,0.0,0.0,0.0,0.0,0.0,0.0,0.0,0.0,0.0,0.0,0.0,0.0,0.0,0.0,0.0,0.0,-0.7430123,-0.44021463,1.2346203,-0.68733203,50.0,50.0,50.0,50.0,50.0,50.0,50.0,50.0,50.0,50.0,50.0,50.0,0.0,0.0,0.0,0.0,1.0,1.0,1.0,1.0,1.0,1.0,1.0,1.0,1.0,1.0,1.0,1.0,0.5,0.5,0.5,0.5
1788446262.5183258,687,15.578336000544368,7.9030229990166845,10692933,1,0.0,0.0,0.0,-0.006789565,0.6332929,-1.1816713,-0.13621117,0.7248665,-1.4070468,0.025026992,0.70868707,-1.1882112,-0.10916823,0.6774103,-1.329294,25.745832,30.357704,-45.29488,-6.5918727,0.04263076,0.06975943,0.022242136,-0.038755238,0.011626571,-0.076836474,0.12401676,0.08913705,-0.15771697,0.05813286,0.0,-0.022242136,-0.23640695,0.25578457,0.3565482,-0.4728139,-0.012700635,0.6084769,-1.1368245,-0.09054962,0.72130966,-1.2335503,-0.005896086,0.6679783,-1.1337439,-0.06806235,0.7458573,-1.2313385,0.0,0.0,0.0,0.0,0.0,0.0,0.0,0.0,0.0,0.0,0.0,0.0,0.0,0.0,0.0,0.0,0.096244104,-1.7336379,1.5036325,-0.3369629,50.0,50.0,50.0,50.0,50.0,50.0,50.0,50.0,50.0,50.0,50.0,50.0,0.0,0.0,0.0,0.0,1.0,1.0,1.0,1.0,1.0,1.0,1.0,1.0,1.0,1.0,1.0,1.0,0.5,0.5,0.5,0.5
1788446262.5410447,688,18.22337600060564,6.022011000823113,10692954,1,0.0,0.0,0.0,-0.005820632,0.6350491,-1.1847042,-0.13602951,0.7248665,-1.4055619,0.027873084,0.7071732,-1.1887009,-0.10641295,0.6800747,-1.3301786,25.746256,30.353193,-45.280045,-6.6043773,0.023253143,0.096888095,-0.09301257,0.07363495,0.038755238,0.0020220124,0.034879714,-0.19765173,-0.012132075,0.023253143,0.18602514,0.028308174,0.015502095,-0.3720503,0.8797439,-0.9107481,-0.011294493,0.62719977,-1.1416516,-0.1112303,0.6658037,-1.2130574,-0.0048816903,0.6753079,-1.1082176,-0.040500347,0.7346473,-1.2783052,0.0,0.0,0.0,0.0,0.0,0.0,0.0,0.0,0.0,0.0,0.0,0.0,0.0,0.0,0.0,0.0,0.8053682,-1.9231281,1.4536618,0.19000393,50.0,50.0,50.0,50.0,50.0,50.0,50.0,50.0,50.0,50.0,50.0,50.0,0.0,0.0,0.0,0.0,1.0,1.0,1.0,1.0,1.0,1.0,1.0,1.0,1.0,1.0,1.0,1.0,0.5,0.5,0.5,0.5
1788446262.559167,689,16.27164399906178,4.634212000382831,10692973,1,0.0,0.0,0.0,-0.0045187473,0.6373199,-1.1868684,-0.13584784,0.721748,-1.4043455,0.029871404,0.7040546,-1.1879742,-0.10296124,0.6836778,-1.3321375,25.748314,30.33881,-45.264664,-6.6203637,0.16664752,0.054257333,-0.10514465,0.077510476,0.06975943,0.13749684,0.13951886,-0.18214962,0.020220125,0.15502095,0.18214962,-0.15771697,0.04263076,-0.7518516,1.1122752,-0.80223346,-0.011090194,0.6628995,-1.1319774,-0.12612665,0.63701445,-1.2276006,-0.00043421844,0.6937263,-1.0784756,-0.023735637,0.7209938,-1.290996,0.0,0.0,0.0,0.0,0.0,0.0,0.0,0.0,0.0,0.0,0.0,0.0,0.0,0.0,0.0,0.0,0.95667595,-1.328641,1.187738,0.83131003,50.0,50.0,50.0,50.0,50.0,50.0,50.0,50.0,50.0,50.0,50.0,50.0,0.0,0.0,0.0,0.0,1.0,1.0,1.0,1.0,1.0,1.0,1.0,1.0,1.0,1.0,1.0,1.0,0.5,0.5,0.5,0.5
1788446262.5830789,690,20.11510800002725,8.346923999852152,10692994,1,0.0,0.0,0.0,-0.002520442,0.6397724,-1.189001,-0.13533312,0.7186899,-1.4023552,0.030870557,0.7017232,-1.1870896,-0.100266635,0.6877955,-1.3355339,25.753643,30.32346,-45.24256,-6.6328683,0.18602514,0.034879714,-0.07885849,0.038755238,-0.019377619,0.26488364,-0.015502095,-0.18990067,0.056616347,0.054257333,0.33329505,-0.34778613,0.48056495,-0.6704656,0.895246,-0.25578457,-0.010174261,0.68601876,-1.1300061,-0.12538162,0.6136095,-1.2348946,0.002727303,0.7089363,-1.0821791,-0.024322376,0.7100801,-1.2753974,0.0,0.0,0.0,0.0,0.0,0.0,0.0,0.0,0.0,0.0,0.0,0.0,0.0,0.0,0.0,0.0,0.48985445,-0.5321373,0.86547345,1.1501758,50.0,50.0,50.0,50.0,50.0,50.0,50.0,50.0,50.0,50.0,50.0,50.0,0.0,0.0,0.0,0.0,1.0,1.0,1.0,1.0,1.0,1.0,1.0,1.0,1.0,1.0,1.0,1.0,0.5,0.5,0.5,0.5
1788446262.604915,691,20.960927000487573,7.281203001184622,10693014,1,0.0,0.0,0.0,-9.8228455e-05,0.64815927,-1.1894749,-0.13460647,0.71820545,-1.3998276,0.031839445,0.7017535,-1.1860785,-0.09835917,0.69118655,-1.3411576,25.760607,30.318495,-45.22809,-6.6331105,0.21315381,-0.019377619,0.050550308,0.12401676,0.034879714,-0.020220125,-0.0077510476,-0.19765173,0.018198112,0.096888095,0.13176781,-0.1455849,0.24803352,0.2286559,0.49606705,0.2945398,-0.014670748,0.69677544,-1.1129527,-0.116377324,0.627154,-1.2599431,0.005640534,0.7160733,-1.0891825,-0.033078767,0.70477086,-1.2417872,0.0,0.0,0.0,0.0,0.0,0.0,0.0,0.0,0.0,0.0,0.0,0.0,0.0,0.0,0.0,0.0,-0.4829723,0.89297,0.7406655,1.2010388,50.0,50.0,50.0,50.0,50.0,50.0,50.0,50.0,50.0,50.0,50.0,50.0,0.0,0.0,0.0,0.0,1.0,1.0,1.0,1.0,1.0,1.0,1.0,1.0,1.0,1.0,1.0,1.0,0.5,0.5,0.5,0.5
1788446262.6309392,692,24.91712599839957,8.605066999734845,10693036,1,0.0,0.0,0.0,0.0020514727,0.64973366,-1.1895539,-0.13327426,0.7171155,-1.3993852,0.032142222,0.70456934,-1.1861576,-0.0978747,0.6915499,-1.3414577,25.76321,30.323551,-45.222942,-6.6264796,0.046506286,0.06200838,-0.028308174,-0.0038755238,-0.0077510476,0.012132075,0.0,0.20152724,0.014154087,0.0,0.0077510476,-0.0020220124,-0.05038181,0.44180974,-0.096888095,0.48831603,-0.02005549,0.68005294,-1.0929354,-0.09847564,0.6414378,-1.2618502,0.0044663725,0.7225603,-1.1320744,-0.049402352,0.7033101,-1.2094516,0.0,0.0,0.0,0.0,0.0,0.0,0.0,0.0,0.0,0.0,0.0,0.0,0.0,0.0,0.0,0.0,-1.3938153,1.6050142,0.70800734,0.84089637,50.0,50.0,50.0,50.0,50.0,50.0,50.0,50.0,50.0,50.0,50.0,50.0,0.0,0.0,0.0,0.0,1.0,1.0,1.0,1.0,1.0,1.0,1.0,1.0,1.0,1.0,1.0,1.0,0.5,0.5,0.5,0.5
1788446262.6490324,693,17.211733998919954,5.371774999730405,10693062,1,0.0,0.0,0.0,0.002293706,0.65061176,-1.1895381,-0.13154843,0.7143905,-1.3995433,0.032051384,0.7059318,-1.1862208,-0.098480284,0.6887946,-1.3401939,25.758457,30.342354,-45.22612,-6.61561,0.05813286,0.0077510476,0.028308174,0.038755238,-0.18602514,-0.020220125,-0.019377619,0.046506286,0.020220125,0.03100419,-0.023253143,-0.028308174,-0.325544,1.0928978,-0.1782741,0.4650629,-0.02493855,0.6504887,-1.076076,-0.07917083,0.69094366,-1.2754228,0.00033075223,0.712614,-1.1576613,-0.07119086,0.71759903,-1.1816876,0.0,0.0,0.0,0.0,0.0,0.0,0.0,0.0,0.0,0.0,0.0,0.0,0.0,0.0,0.0,0.0,-1.7264035,1.9585168,0.92191964,0.18131393,50.0,50.0,50.0,50.0,50.0,50.0,50.0,50.0,50.0,50.0,50.0,50.0,0.0,0.0,0.0,0.0,1.0,1.0,1.0,1.0,1.0,1.0,1.0,1.0,1.0,1.0,1.0,1.0,0.5,0.5,0.5,0.5
1788446262.6679375,694,15.813790001629968,6.143833999885828,10693084,1,0.0,0.0,0.0,0.0017184019,0.6509447,-1.1878163,-0.12988317,0.71060586,-1.399559,0.032081664,0.70789987,-1.1890484,-0.09911603,0.68718994,-1.3386142,25.749828,30.36809,-45.226635,-6.6084647,-0.011626571,-0.054257333,0.16580501,0.038755238,-0.19765173,0.028308174,-0.06200838,0.15502095,-0.23455344,0.038755238,-0.046506286,0.060660373,-0.7285985,1.5269563,0.06200838,0.2751622,-0.028733535,0.6260412,-1.0720712,-0.065947555,0.7226123,-1.2869436,0.0022440625,0.7063899,-1.1795665,-0.09080894,0.7258004,-1.1677299,0.0,0.0,0.0,0.0,0.0,0.0,0.0,0.0,0.0,0.0,0.0,0.0,0.0,0.0,0.0,0.0,-1.604974,1.3534993,1.1376388,-0.41175932,50.0,50.0,50.0,50.0,50.0,50.0,50.0,50.0,50.0,50.0,50.0,50.0,0.0,0.0,0.0,0.0,1.0,1.0,1.0,1.0,1.0,1.0,1.0,1.0,1.0,1.0,1.0,1.0,0.5,0.5,0.5,0.5
1788446262.6908534,695,18.620460999954958,7.464946000254713,10693104,1,0.0,0.0,0.0,-0.00031018257,0.64934003,-1.1844673,-0.12979233,0.70975804,-1.3999224,0.031990826,0.7095349,-1.1959833,-0.100327194,0.6878258,-1.3378086,25.737627,30.39649,-45.225212,-6.6068296,-0.09301257,0.0077510476,0.28308174,-0.10463915,-0.09301257,-0.036396224,-0.046506286,0.05038181,-0.29319182,-0.10463915,0.10851467,0.012132075,-0.6782167,1.4029397,0.21702933,-0.019377619,-0.031859912,0.61211133,-1.0662372,-0.061641313,0.737591,-1.2993345,0.005085962,0.70566356,-1.1946937,-0.09745446,0.71904916,-1.167699,0.0,0.0,0.0,0.0,0.0,0.0,0.0,0.0,0.0,0.0,0.0,0.0,0.0,0.0,0.0,0.0,-1.1069633,0.37334442,1.1999447,-0.9708153,50.0,50.0,50.0,50.0,50.0,50.0,50.0,50.0,50.0,50.0,50.0,50.0,0.0,0.0,0.0,0.0,1.0,1.0,1.0,1.0,1.0,1.0,1.0,1.0,1.0,1.0,1.0,1.0,0.5,0.5,0.5,0.5
1788446262.7110045,696,18.283343000803143,6.652822999967611,10693123,1,0.0,0.0,0.0,-0.0020662546,0.6462518,-1.1817186,-0.13003455,0.71221054,-1.4000487,0.031930283,0.7130773,-1.20137,-0.10226494,0.69145906,-1.3379034,25.727303,30.41614,-45.22176,-6.6108565,-0.05038181,0.0077510476,0.07885849,0.046506286,0.05038181,0.010110063,-0.038755238,0.24028248,-0.16378301,-0.09301257,0.18214962,-0.0040440247,-0.44956076,0.84873974,0.325544,-0.3759258,-0.031025857,0.60650754,-1.0660582,-0.06697674,0.7337275,-1.2959497,0.010076676,0.7086198,-1.2015681,-0.09125964,0.71353036,-1.1798748,0.0,0.0,0.0,0.0,0.0,0.0,0.0,0.0,0.0,0.0,0.0,0.0,0.0,0.0,0.0,0.0,-0.2722358,-0.9085614,1.3134964,-1.1384522,50.0,50.0,50.0,50.0,50.0,50.0,50.0,50.0,50.0,50.0,50.0,50.0,0.0,0.0,0.0,0.0,1.0,1.0,1.0,1.0,1.0,1.0,1.0,1.0,1.0,1.0,1.0,1.0,0.5,0.5,0.5,0.5
1788446262.731016,697,18.100208000760176,7.7378400001180125,10693144,1,0.0,0.0,0.0,-0.0031864643,0.6462215,-1.1805971,-0.13045844,0.7134822,-1.4005227,0.031930283,0.714349,-1.2057458,-0.10299152,0.6934271,-1.3378875,25.72367,30.421469,-45.21589,-6.621817,-0.03100419,-0.027128667,-0.018198112,-0.015502095,0.06200838,-0.044484273,0.0077510476,0.038755238,-0.22444338,-0.015502095,0.1472699,0.028308174,0.011626571,0.13176781,0.5193202,-0.651088,-0.02788905,0.6069953,-1.0681872,-0.08251019,0.71136504,-1.279376,0.012240341,0.71001184,-1.1952888,-0.07001189,0.71045315,-1.2093863,0.0,0.0,0.0,0.0,0.0,0.0,0.0,0.0,0.0,0.0,0.0,0.0,0.0,0.0,0.0,0.0,0.708213,-2.0288134,1.326567,-0.96987695,50.0,50.0,50.0,50.0,50.0,50.0,50.0,50.0,50.0,50.0,50.0,50.0,0.0,0.0,0.0,0.0,1.0,1.0,1.0,1.0,1.0,1.0,1.0,1.0,1.0,1.0,1.0,1.0,0.5,0.5,0.5,0.5
1788446262.7509058,698,17.91108899851679,5.367263000152889,10693164,1,0.0,0.0,0.0,-0.0036406517,0.645949,-1.180518,-0.13100344,0.71432996,-1.400807,0.032263324,0.71501505,-1.2094897,-0.10311264,0.695819,-1.3380297,25.725454,30.415594,-45.203503,-6.6341095,0.034879714,0.0038755238,0.0,-0.015502095,0.10463915,-0.0485283,0.011626571,-0.019377619,-0.12940879,0.019377619,0.18990067,-0.022242136,0.034879714,-0.31391743,0.7673537,-0.7092209,-0.020550892,0.623738,-1.090232,-0.10225634,0.6800098,-1.2520293,0.011943393,0.7060226,-1.166934,-0.04483639,0.7131917,-1.2369795,0.0,0.0,0.0,0.0,0.0,0.0,0.0,0.0,0.0,0.0,0.0,0.0,0.0,0.0,0.0,0.0,1.5357115,-2.6242983,1.4265158,-0.28654036,50.0,50.0,50.0,50.0,50.0,50.0,50.0,50.0,50.0,50.0,50.0,50.0,0.0,0.0,0.0,0.0,1.0,1.0,1.0,1.0,1.0,1.0,1.0,1.0,1.0,1.0,1.0,1.0,0.5,0.5,0.5,0.5
1788446262.7702806,699,16.51922599921818,5.995067000185372,10693183,1,0.0,0.0,0.0,-0.0034589767,0.6462821,-1.1804864,-0.13163927,0.7142391,-1.4005227,0.032959715,0.7147728,-1.2106587,-0.101356566,0.6987257,-1.3390249,25.73048,30.402817,-45.188213,-6.6443434,-0.038755238,-0.04263076,0.0080880495,0.011626571,0.13564333,0.0080880495,0.065883905,0.019377619,-0.076836474,0.13564333,0.162772,0.010110063,0.3759258,-0.8332376,0.84873974,-0.48831603,-0.011857344,0.65022415,-1.1137295,-0.11902729,0.6561019,-1.2369052,0.0072432016,0.7023357,-1.1247663,-0.028064243,0.7172315,-1.2615863,0.0,0.0,0.0,0.0,0.0,0.0,0.0,0.0,0.0,0.0,0.0,0.0,0.0,0.0,0.0,0.0,1.8408682,-2.7743933,1.4351194,0.38001347,50.0,50.0,50.0,50.0,50.0,50.0,50.0,50.0,50.0,50.0,50.0,50.0,0.0,0.0,0.0,0.0,1.0,1.0,1.0,1.0,1.0,1.0,1.0,1.0,1.0,1.0,1.0,1.0,0.5,0.5,0.5,0.5
1788446262.790874,700,16.685688999132253,6.455736000134493,10693206,1,0.0,0.0,0.0,-0.0021873713,0.64716005,-1.1812763,-0.13257787,0.7142391,-1.3994011,0.034140542,0.71316814,-1.2105796,-0.09869212,0.7017837,-1.3406204,25.74129,30.382078,-45.171894,-6.6519732,0.046506286,-0.03100419,-0.0080880495,-0.0038755238,0.09301257,0.016176099,0.04263076,-0.077510476,0.020220125,0.18990067,0.20152724,-0.08694653,0.48444048,-1.0192627,0.93787676,-0.2092783,-0.004861715,0.6700835,-1.1345767,-0.12382531,0.63687253,-1.2159235,0.0016641642,0.69828033,-1.0969174,-0.022397632,0.73198986,-1.2845191,0.0,0.0,0.0,0.0,0.0,0.0,0.0,0.0,0.0,0.0,0.0,0.0,0.0,0.0,0.0,0.0,1.5280852,-2.226719,1.4628922,1.0570896,50.0,50.0,50.0,50.0,50.0,50.0,50.0,50.0,50.0,50.0,50.0,50.0,0.0,0.0,0.0,0.0,1.0,1.0,1.0,1.0,1.0,1.0,1.0,1.0,1.0,1.0,1.0,1.0,0.5,0.5,0.5,0.5
1788446262.8190386,701,20.279555001252447,10.001058000852936,10693228,1,0.0,0.0,0.0,-0.00070381165,0.648795,-1.1825716,-0.13366786,0.7156622,-1.3987218,0.035169974,0.7102312,-1.2084628,-0.09602779,0.70223784,-1.3421054,25.756035,30.362791,-45.157997,-6.6531844,0.13176781,-0.06200838,-0.020220125,0.038755238,0.10463915,0.02426415,0.06975943,-0.1472699,0.020220125,0.10463915,0.0077510476,-0.064704396,0.86036634,-0.8448642,0.68596774,0.0077510476,-0.00031690672,0.6792033,-1.1542993,-0.11790949,0.6375803,-1.2086625,-0.0054327454,0.6872943,-1.0748745,-0.026624177,0.74839985,-1.2927035,0.0,0.0,0.0,0.0,0.0,0.0,0.0,0.0,0.0,0.0,0.0,0.0,0.0,0.0,0.0,0.0,0.8598557,-1.197007,1.3715851,1.4415072,50.0,50.0,50.0,50.0,50.0,50.0,50.0,50.0,50.0,50.0,50.0,50.0,0.0,0.0,0.0,0.0,1.0,1.0,1.0,1.0,1.0,1.0,1.0,1.0,1.0,1.0,1.0,1.0,0.5,0.5,0.5,0.5
1788446262.8411484,702,21.124893999513006,7.85908699981519,10693249,1,0.0,0.0,0.0,-0.00018906593,0.6532155,-1.1843251,-0.13418257,0.7154502,-1.3969526,0.035957187,0.7085054,-1.2074361,-0.09439272,0.70311594,-1.344854,25.772022,30.353495,-45.143856,-6.6493697,0.06975943,-0.06975943,-0.070770435,-0.05038181,0.06200838,0.0485283,0.05813286,-0.04263076,0.028308174,0.04263076,0.05813286,-0.15973899,0.5076936,-0.13951886,0.7092209,0.18990067,0.00027658138,0.6873433,-1.1567763,-0.1049712,0.642333,-1.2142049,-0.008962813,0.6880671,-1.0753888,-0.04057062,0.7510044,-1.2723294,0.0,0.0,0.0,0.0,0.0,0.0,0.0,0.0,0.0,0.0,0.0,0.0,0.0,0.0,0.0,0.0,-0.17423452,-0.03414385,1.2554418,1.386255,50.0,50.0,50.0,50.0,50.0,50.0,50.0,50.0,50.0,50.0,50.0,50.0,0.0,0.0,0.0,0.0,1.0,1.0,1.0,1.0,1.0,1.0,1.0,1.0,1.0,1.0,1.0,1.0,0.5,0.5,0.5,0.5
1788446262.8590467,703,17.053591000149027,6.043993998900987,10693272,1,0.0,0.0,0.0,0.0003862381,0.6536697,-1.1855415,-0.13391007,0.71508694,-1.3964471,0.03680496,0.7064768,-1.206978,-0.092999995,0.7045995,-1.3472235,25.778532,30.354797,-45.13202,-6.645373,0.07363495,-0.023253143,-0.12940879,0.10851467,-0.046506286,0.018198112,0.038755238,-0.046506286,0.0060660373,0.06200838,0.038755238,-0.21231131,0.17439857,0.18214962,0.52707124,0.25190905,-0.007542391,0.68605775,-1.129772,-0.09267128,0.6513159,-1.234987,-0.0036290055,0.70206875,-1.1006868,-0.056449704,0.74104744,-1.2365042,0.0,0.0,0.0,0.0,0.0,0.0,0.0,0.0,0.0,0.0,0.0,0.0,0.0,0.0,0.0,0.0,-1.379183,0.82960284,1.071737,0.93762386,50.0,50.0,50.0,50.0,50.0,50.0,50.0,50.0,50.0,50.0,50.0,50.0,0.0,0.0,0.0,0.0,1.0,1.0,1.0,1.0,1.0,1.0,1.0,1.0,1.0,1.0,1.0,1.0,0.5,0.5,0.5,0.5
1788446262.877847,704,15.500351999435225,5.834203999256715,10693294,1,0.0,0.0,0.0,0.001355052,0.6552745,-1.1863946,-0.13233565,0.7144208,-1.3963839,0.037138015,0.70514464,-1.2069938,-0.09293944,0.70508397,-1.3486295,25.776867,30.360792,-45.120693,-6.641225,0.038755238,0.04263076,-0.028308174,0.054257333,-0.038755238,-0.036396224,-0.03100419,-0.12401676,0.012132075,-0.05813286,0.03100419,-0.0485283,-0.11239019,0.43405867,0.5076936,0.15502095,-0.022400485,0.6719859,-1.0848246,-0.08196381,0.66831595,-1.276269,0.006071097,0.7253139,-1.14809,-0.07115759,0.71619993,-1.197189,0.0,0.0,0.0,0.0,0.0,0.0,0.0,0.0,0.0,0.0,0.0,0.0,0.0,0.0,0.0,0.0,-1.8504384,1.2719021,0.80842304,0.14851373,50.0,50.0,50.0,50.0,50.0,50.0,50.0,50.0,50.0,50.0,50.0,50.0,0.0,0.0,0.0,0.0,1.0,1.0,1.0,1.0,1.0,1.0,1.0,1.0,1.0,1.0,1.0,1.0,0.5,0.5,0.5,0.5
1788446262.8979042,705,15.216994001093553,7.835376000002725,10693314,1,0.0,0.0,0.0,0.0014761686,0.65545607,-1.1862365,-0.13030705,0.71323997,-1.3966998,0.03680496,0.7052657,-1.2074835,-0.094483554,0.70438755,-1.3474132,25.765059,30.373055,-45.11397,-6.639408,0.023253143,-0.038755238,0.0080880495,0.08913705,-0.046506286,0.0040440247,-0.08913705,-0.054257333,0.0080880495,-0.10076362,0.027128667,0.0,-0.7130964,0.75960267,0.08913705,0.054257333,-0.038634505,0.6494785,-1.0327742,-0.072174475,0.6926682,-1.3133659,0.012611404,0.74358475,-1.2008839,-0.08105746,0.69501966,-1.1661222,0.0,0.0,0.0,0.0,0.0,0.0,0.0,0.0,0.0,0.0,0.0,0.0,0.0,0.0,0.0,0.0,-1.6305375,1.2757936,0.57141435,-0.57469594,50.0,50.0,50.0,50.0,50.0,50.0,50.0,50.0,50.0,50.0,50.0,50.0,0.0,0.0,0.0,0.0,1.0,1.0,1.0,1.0,1.0,1.0,1.0,1.0,1.0,1.0,1.0,1.0,0.5,0.5,0.5,0.5
1788446262.9170618,706,14.304678999906173,4.727875000753556,10693333,1,0.0,0.0,0.0,0.00014400482,0.6551534,-1.1824926,-0.12942901,0.7119683,-1.3983111,0.036138847,0.7093229,-1.2108957,-0.09693605,0.70235896,-1.3439378,25.751312,30.39004,-45.114124,-6.6395597,-0.05813286,0.046506286,0.10312264,-0.019377619,-0.06975943,0.018198112,-0.14339438,-0.034879714,-0.1455849,-0.08526152,0.0038755238,0.16984905,-0.9882586,0.96500546,-0.081386,0.09301257,-0.044482216,0.6236497,-1.0140388,-0.06635461,0.7216983,-1.3298613,0.013885356,0.74258417,-1.2348901,-0.087024584,0.6899064,-1.1454817,0.0,0.0,0.0,0.0,0.0,0.0,0.0,0.0,0.0,0.0,0.0,0.0,0.0,0.0,0.0,0.0,-0.95542717,0.7143647,0.5573761,-1.0399861,50.0,50.0,50.0,50.0,50.0,50.0,50.0,50.0,50.0,50.0,50.0,50.0,0.0,0.0,0.0,0.0,1.0,1.0,1.0,1.0,1.0,1.0,1.0,1.0,1.0,1.0,1.0,1.0,0.5,0.5,0.5,0.5
1788446262.9371095,707,14.281800000389921,4.766595000546658,10693354,1,0.0,0.0,0.0,-0.0031561852,0.6527312,-1.1765687,-0.12997401,0.71148384,-1.3995275,0.035381913,0.7146517,-1.2187625,-0.099933565,0.69866514,-1.3407626,25.733055,30.406874,-45.116245,-6.642587,-0.15889648,-0.15502095,0.30330187,-0.05038181,0.07363495,0.028308174,-0.046506286,0.28678876,-0.43271068,-0.14339438,0.0038755238,0.095034584,-1.0463915,0.8797439,0.034879714,-0.081386,-0.040864076,0.6090303,-1.0263038,-0.06547948,0.7485136,-1.324477,0.014233332,0.7289892,-1.2410146,-0.091763295,0.70542175,-1.1459191,0.0,0.0,0.0,0.0,0.0,0.0,0.0,0.0,0.0,0.0,0.0,0.0,0.0,0.0,0.0,0.0,-0.15026432,-0.4285493,0.7648885,-1.1410649,50.0,50.0,50.0,50.0,50.0,50.0,50.0,50.0,50.0,50.0,50.0,50.0,0.0,0.0,0.0,0.0,1.0,1.0,1.0,1.0,1.0,1.0,1.0,1.0,1.0,1.0,1.0,1.0,0.5,0.5,0.5,0.5
1788446262.9571095,708,14.210088000254473,4.9111059997812845,10693374,1,0.0,0.0,0.0,-0.0053361654,0.64930975,-1.1703764,-0.1307915,0.71493554,-1.3996854,0.0349883,0.7211917,-1.229157,-0.10081154,0.69805956,-1.3403045,25.721277,30.417896,-45.11588,-6.6464024,-0.10851467,0.011626571,0.37811634,-0.04263076,0.065883905,0.0060660373,-0.023253143,0.42630762,-0.28914776,-0.023253143,0.162772,-0.0020220124,-0.42630762,0.59683067,0.13951886,-0.31391743,-0.02754636,0.60380906,-1.0697278,-0.0723289,0.746126,-1.28699,0.012618525,0.7108612,-1.231867,-0.08433941,0.71711284,-1.1672729,0.0,0.0,0.0,0.0,0.0,0.0,0.0,0.0,0.0,0.0,0.0,0.0,0.0,0.0,0.0,0.0,0.68554455,-1.9721235,1.1411328,-1.0763965,50.0,50.0,50.0,50.0,50.0,50.0,50.0,50.0,50.0,50.0,50.0,50.0,0.0,0.0,0.0,0.0,1.0,1.0,1.0,1.0,1.0,1.0,1.0,1.0,1.0,1.0,1.0,1.0,0.5,0.5,0.5,0.5
1788446262.9789584,709,15.99174100010714,5.9833550003531855,10693393,1,0.0,0.0,0.0,-0.005790353,0.64930975,-1.1676435,-0.13169982,0.7194772,-1.3995907,0.03589663,0.7235836,-1.2327112,-0.100327194,0.7028737,-1.3405731,25.722246,30.417624,-45.11479,-6.653487,-0.077510476,0.046506286,0.10514465,-0.027128667,0.11239019,-0.010110063,0.08913705,0.13564333,-0.12132075,-0.034879714,0.15502095,-0.020220125,0.162772,-0.14339438,0.046506286,-0.49606705,-0.01328668,0.6072734,-1.11292,-0.08913523,0.7236407,-1.2390007,0.007101561,0.6891284,-1.1895666,-0.06385289,0.73886365,-1.2208061,0.0,0.0,0.0,0.0,0.0,0.0,0.0,0.0,0.0,0.0,0.0,0.0,0.0,0.0,0.0,0.0,1.6044593,-3.2965188,1.4379364,-0.6193334,50.0,50.0,50.0,50.0,50.0,50.0,50.0,50.0,50.0,50.0,50.0,50.0,0.0,0.0,0.0,0.0,1.0,1.0,1.0,1.0,1.0,1.0,1.0,1.0,1.0,1.0,1.0,1.0,0.5,0.5,0.5,0.5
1788446263.0009522,710,17.210325999258203,6.083385998863378,10693414,1,0.0,0.0,0.0,-0.006032586,0.6492492,-1.1691127,-0.1334862,0.72050655,-1.3982953,0.037561893,0.7225845,-1.2337697,-0.098571,0.7080512,-1.340889,25.727846,30.404573,-45.110554,-6.6636305,0.05038181,-0.046506286,0.030330187,-0.023253143,0.15889648,-0.05863836,0.1472699,-0.05813286,0.028308174,0.04263076,0.0,0.0020220124,0.43405867,-0.8797439,0.29841533,-0.42630762,-0.0039778445,0.62625164,-1.1452034,-0.11096,0.6870327,-1.198631,-0.002625647,0.67377585,-1.1244594,-0.03466275,0.7611022,-1.2927454,0.0,0.0,0.0,0.0,0.0,0.0,0.0,0.0,0.0,0.0,0.0,0.0,0.0,0.0,0.0,0.0,2.3863592,-3.729103,1.5348257,0.4207432,50.0,50.0,50.0,50.0,50.0,50.0,50.0,50.0,50.0,50.0,50.0,50.0,0.0,0.0,0.0,0.0,1.0,1.0,1.0,1.0,1.0,1.0,1.0,1.0,1.0,1.0,1.0,1.0,0.5,0.5,0.5,0.5
1788446263.0209622,711,16.830074000608874,6.511192999823834,10693436,1,0.0,0.0,0.0,-0.005487561,0.64946115,-1.172588,-0.13518174,0.7212938,-1.3962417,0.039439097,0.7195567,-1.2307208,-0.09457439,0.71098804,-1.343148,25.744015,30.373297,-45.09735,-6.6735005,-0.027128667,0.05038181,-0.06672641,-0.023253143,0.15114543,0.0020220124,0.13176781,-0.24803352,0.030330187,0.1472699,0.09301257,-0.06874842,0.9146236,-1.798243,0.9301258,-0.51156914,0.001488469,0.6705803,-1.1670636,-0.12736855,0.6414273,-1.1895287,-0.004024933,0.6841354,-1.0777287,-0.015686296,0.7530204,-1.3267686,0.0,0.0,0.0,0.0,0.0,0.0,0.0,0.0,0.0,0.0,0.0,0.0,0.0,0.0,0.0,0.0,2.5575469,-3.205509,1.4329624,1.162986,50.0,50.0,50.0,50.0,50.0,50.0,50.0,50.0,50.0,50.0,50.0,50.0,0.0,0.0,0.0,0.0,1.0,1.0,1.0,1.0,1.0,1.0,1.0,1.0,1.0,1.0,1.0,1.0,0.5,0.5,0.5,0.5
1788446263.0390427,712,14.361960000314866,4.262693999407929,10693456,1,0.0,0.0,0.0,-0.0043976307,0.6490978,-1.1763792,-0.13651395,0.7225957,-1.3943934,0.03983271,0.7136526,-1.2244337,-0.090789735,0.71598387,-1.3501934,25.765905,30.337086,-45.078487,-6.679496,0.18214962,-0.07363495,-0.26892763,0.04263076,0.23640695,0.09907861,0.0077510476,-0.48831603,0.28914776,0.10463915,0.325544,-0.5661635,1.561836,-1.9610151,1.0231383,-0.0077510476,0.006756434,0.706625,-1.1751921,-0.1238057,0.61042905,-1.190132,-0.0046050604,0.69866574,-1.0576661,-0.019025477,0.7481963,-1.3207222,0.0,0.0,0.0,0.0,0.0,0.0,0.0,0.0,0.0,0.0,0.0,0.0,0.0,0.0,0.0,0.0,1.8214566,-2.127318,0.9966743,1.6564872,50.0,50.0,50.0,50.0,50.0,50.0,50.0,50.0,50.0,50.0,50.0,50.0,0.0,0.0,0.0,0.0,1.0,1.0,1.0,1.0,1.0,1.0,1.0,1.0,1.0,1.0,1.0,1.0,0.5,0.5,0.5,0.5
1788446263.0610766,713,16.293661001327564,6.038075000105891,10693476,1,0.0,0.0,0.0,-0.0012487173,0.6553955,-1.1822557,-0.13605979,0.7247151,-1.3930981,0.041255757,0.7086265,-1.2200578,-0.08758026,0.71861804,-1.356291,25.79464,30.308594,-45.057476,-6.6782846,0.162772,-0.17439857,-0.2709497,0.12014124,0.12014124,0.028308174,0.13951886,-0.33717057,0.0020220124,0.10076362,0.06200838,-0.10716666,1.6238445,-1.1122752,1.1045243,0.2945398,-0.0038422057,0.72589755,-1.1452855,-0.12101677,0.6075048,-1.2335147,0.002659599,0.71451277,-1.0623335,-0.025984664,0.73435044,-1.2930869,0.0,0.0,0.0,0.0,0.0,0.0,0.0,0.0,0.0,0.0,0.0,0.0,0.0,0.0,0.0,0.0,0.34368172,-0.34101182,0.53290987,1.5457355,50.0,50.0,50.0,50.0,50.0,50.0,50.0,50.0,50.0,50.0,50.0,50.0,0.0,0.0,0.0,0.0,1.0,1.0,1.0,1.0,1.0,1.0,1.0,1.0,1.0,1.0,1.0,1.0,0.5,0.5,0.5,0.5
1788446263.080998,714,16.14386900109821,5.909564000830869,10693496,1,0.0,0.0,0.0,0.00081014633,0.65633416,-1.1874686,-0.1348184,0.7248968,-1.3930192,0.041043818,0.706174,-1.2195681,-0.08800417,0.71758854,-1.3565754,25.8165,30.300995,-45.041306,-6.671987,0.08913705,-0.12401676,-0.38418236,0.034879714,0.019377619,-0.04044025,-0.065883905,-0.15502095,0.0080880495,-0.065883905,0.0,-0.064704396,0.80223346,0.096888095,0.6162083,0.44180974,-0.014976718,0.71450007,-1.1030642,-0.10582335,0.6235745,-1.258908,0.007781271,0.7292029,-1.1092618,-0.039907373,0.7203994,-1.2474569,0.0,0.0,0.0,0.0,0.0,0.0,0.0,0.0,0.0,0.0,0.0,0.0,0.0,0.0,0.0,0.0,-1.2198362,1.5370204,0.40213734,1.0966663,50.0,50.0,50.0,50.0,50.0,50.0,50.0,50.0,50.0,50.0,50.0,50.0,0.0,0.0,0.0,0.0,1.0,1.0,1.0,1.0,1.0,1.0,1.0,1.0,1.0,1.0,1.0,1.0,0.5,0.5,0.5,0.5
1788446263.104315,715,19.389993000004324,8.506348000082653,10693516,1,0.0,0.0,0.0,0.00014400482,0.6568792,-1.1899331,-0.13424313,0.72350407,-1.394346,0.039741874,0.70765764,-1.219584,-0.08988136,0.71459115,-1.3557855,25.819649,30.30944,-45.03731,-6.663449,0.015502095,-0.015502095,-0.04044025,0.06975943,-0.13176781,-0.020220125,-0.13176781,-0.065883905,-0.0040440247,-0.096888095,-0.096888095,-0.032352198,-0.3410461,0.76347816,0.023253143,0.5813286,-0.029578887,0.6828804,-1.0507901,-0.083158776,0.66015923,-1.2934575,0.011562377,0.74491733,-1.1729783,-0.062371552,0.7057938,-1.1887281,0.0,0.0,0.0,0.0,0.0,0.0,0.0,0.0,0.0,0.0,0.0,0.0,0.0,0.0,0.0,0.0,-2.1995773,2.3354533,0.34512135,0.23581691,50.0,50.0,50.0,50.0,50.0,50.0,50.0,50.0,50.0,50.0,50.0,50.0,0.0,0.0,0.0,0.0,1.0,1.0,1.0,1.0,1.0,1.0,1.0,1.0,1.0,1.0,1.0,1.0,0.5,0.5,0.5,0.5
1788446263.1230268,716,17.294838000452728,6.445593000535155,10693535,1,0.0,0.0,0.0,-0.00091564655,0.65678835,-1.1877688,-0.13257787,0.72077906,-1.3956256,0.038591325,0.7087476,-1.2213058,-0.091940224,0.7106853,-1.352405,25.807537,30.331303,-45.038612,-6.655153,0.023253143,-0.011626571,0.113232695,0.0,-0.22090487,-0.088968545,-0.03100419,-0.08526152,0.020220125,-0.13564333,-0.054257333,0.20220123,-0.97275645,1.77499,-0.23640695,0.4185566,-0.039399482,0.6398041,-1.0262781,-0.06466732,0.7170597,-1.3224514,0.008507729,0.7402873,-1.2222176,-0.087971866,0.70701796,-1.1501153,0.0,0.0,0.0,0.0,0.0,0.0,0.0,0.0,0.0,0.0,0.0,0.0,0.0,0.0,0.0,0.0,-2.1018405,2.1708426,0.27741545,-0.74085766,50.0,50.0,50.0,50.0,50.0,50.0,50.0,50.0,50.0,50.0,50.0,50.0,0.0,0.0,0.0,0.0,1.0,1.0,1.0,1.0,1.0,1.0,1.0,1.0,1.0,1.0,1.0,1.0,0.5,0.5,0.5,0.5
1788446263.143,717,16.88399300110177,7.303603000764269,10693558,1,0.0,0.0,0.0,-0.0018543005,0.65709114,-1.1818134,-0.13012539,0.71617687,-1.3966998,0.038621604,0.7112001,-1.2262028,-0.09378725,0.70650697,-1.34765,25.779198,30.370693,-45.041367,-6.6493998,-0.081386,-0.038755238,0.7157924,0.08526152,-0.22478038,-0.09301257,0.011626571,0.26741114,-0.35385218,-0.162772,-0.2092783,0.36194023,-1.6587242,2.0811563,0.011626571,0.027128667,-0.048075665,0.60636216,-1.0174519,-0.057581913,0.7552564,-1.3364549,0.013311128,0.7329407,-1.2567799,-0.09891775,0.7095625,-1.1379284,0.0,0.0,0.0,0.0,0.0,0.0,0.0,0.0,0.0,0.0,0.0,0.0,0.0,0.0,0.0,0.0,-1.5304873,1.2784767,0.5824057,-1.376602,50.0,50.0,50.0,50.0,50.0,50.0,50.0,50.0,50.0,50.0,50.0,50.0,0.0,0.0,0.0,0.0,1.0,1.0,1.0,1.0,1.0,1.0,1.0,1.0,1.0,1.0,1.0,1.0,0.5,0.5,0.5,0.5
1788446263.1630297,718,16.378555999835953,6.670135000604205,10693578,1,0.0,0.0,0.0,-0.005033493,0.6505512,-1.1732672,-0.13009511,0.71632826,-1.3976476,0.038318828,0.7153784,-1.2351756,-0.09617919,0.7055987,-1.3419474,25.753582,30.405785,-45.04164,-6.652367,-0.12014124,0.011626571,0.35587418,0.019377619,-0.14339438,-0.0060660373,-0.05038181,0.28291324,-0.46101886,-0.14339438,0.03100419,0.113232695,-1.1897858,1.7439858,0.14339438,-0.25190905,-0.039986156,0.5898483,-1.0303595,-0.0582071,0.7792764,-1.3236989,0.014793748,0.72147363,-1.2627572,-0.09987562,0.71712583,-1.1522508,0.0,0.0,0.0,0.0,0.0,0.0,0.0,0.0,0.0,0.0,0.0,0.0,0.0,0.0,0.0,0.0,-0.39168525,-0.29993427,0.8063172,-1.4110973,50.0,50.0,50.0,50.0,50.0,50.0,50.0,50.0,50.0,50.0,50.0,50.0,0.0,0.0,0.0,0.0,1.0,1.0,1.0,1.0,1.0,1.0,1.0,1.0,1.0,1.0,1.0,1.0,0.5,0.5,0.5,0.5
1788446263.1840389,719,17.317589999947813,6.006746998536983,10693598,1,0.0,0.0,0.0,-0.0074557066,0.6502787,-1.1674697,-0.13073094,0.71784216,-1.3977265,0.038712442,0.7204348,-1.2449697,-0.09778386,0.7068703,-1.34081,25.734236,30.42595,-45.039127,-6.6609054,-0.13951886,0.08913705,0.36194023,-0.023253143,-0.027128667,-0.022242136,-0.027128667,0.2790377,-0.4650629,-0.034879714,0.038755238,0.0040440247,-0.62783486,0.8254866,0.18602514,-0.6162083,-0.02933633,0.59586465,-1.0664963,-0.06625521,0.76369774,-1.2912058,0.0182996,0.71266687,-1.2504023,-0.088454984,0.7236539,-1.1705451,0.0,0.0,0.0,0.0,0.0,0.0,0.0,0.0,0.0,0.0,0.0,0.0,0.0,0.0,0.0,0.0,0.9132814,-2.3081467,1.0333989,-1.2542819,50.0,50.0,50.0,50.0,50.0,50.0,50.0,50.0,50.0,50.0,50.0,50.0,0.0,0.0,0.0,0.0,1.0,1.0,1.0,1.0,1.0,1.0,1.0,1.0,1.0,1.0,1.0,1.0,0.5,0.5,0.5,0.5
1788446263.2050657,720,18.171184998209355,5.63612599944463,10693618,1,0.0,0.0,0.0,-0.0076675415,0.6504301,-1.1658427,-0.131609,0.72111213,-1.3974581,0.040498823,0.72261477,-1.2514938,-0.097693026,0.7110486,-1.3411733,25.732752,30.42604,-45.03216,-6.673198,0.06200838,0.023253143,0.0,0.011626571,0.26353562,0.016176099,0.09301257,0.096888095,-0.3093679,-0.038755238,0.33329505,-0.052572325,0.12789229,-0.2790377,0.33717057,-0.80223346,-0.009768604,0.5963063,-1.1136051,-0.08309327,0.72684276,-1.2331158,0.010174218,0.68837816,-1.2075462,-0.06413553,0.7419499,-1.2302551,0.0,0.0,0.0,0.0,0.0,0.0,0.0,0.0,0.0,0.0,0.0,0.0,0.0,0.0,0.0,0.0,2.0725381,-3.9339101,1.2028587,-0.5086038,50.0,50.0,50.0,50.0,50.0,50.0,50.0,50.0,50.0,50.0,50.0,50.0,0.0,0.0,0.0,0.0,1.0,1.0,1.0,1.0,1.0,1.0,1.0,1.0,1.0,1.0,1.0,1.0,0.5,0.5,0.5,0.5
1788446263.226204,721,19.238890999986324,4.768482998770196,10693637,1,0.0,0.0,0.0,-0.0077281,0.6518531,-1.1675172,-0.13263842,0.7224746,-1.3966366,0.042557687,0.7235533,-1.2529156,-0.094453275,0.71507555,-1.3419316,25.740623,30.408691,-45.024563,-6.686399,0.054257333,0.015502095,-0.010110063,-0.05038181,0.12789229,0.0020220124,0.04263076,-0.011626571,0.022242136,0.015502095,0.10463915,0.012132075,0.6782167,-1.1820347,0.52319574,-0.7285985,-0.0019817916,0.6269036,-1.1482822,-0.11001396,0.67998964,-1.1913248,0.0021683185,0.67779684,-1.1371206,-0.028994184,0.75580287,-1.2982916,0.0,0.0,0.0,0.0,0.0,0.0,0.0,0.0,0.0,0.0,0.0,0.0,0.0,0.0,0.0,0.0,3.0614605,-4.2890677,1.3812099,0.47832015,50.0,50.0,50.0,50.0,50.0,50.0,50.0,50.0,50.0,50.0,50.0,50.0,0.0,0.0,0.0,0.0,1.0,1.0,1.0,1.0,1.0,1.0,1.0,1.0,1.0,1.0,1.0,1.0,0.5,0.5,0.5,0.5
1788446263.2448847,722,17.176950999783003,7.8547679986513685,10693658,1,0.0,0.0,0.0,-0.006395936,0.6513989,-1.1713084,-0.13391007,0.72253513,-1.3942355,0.043647677,0.7197989,-1.2505776,-0.090063035,0.7183758,-1.3448224,25.757004,30.374416,-45.01106,-6.698419,0.2092783,-0.0038755238,-0.35385218,-0.0077510476,0.20540276,0.1314308,0.10076362,-0.19377619,0.12132075,0.12789229,0.16664752,-0.17995912,1.4068152,-2.205173,0.93400127,-0.32166848,0.00414175,0.67705345,-1.1722455,-0.12625776,0.6341375,-1.1813654,-0.00096720457,0.68805236,-1.0843635,-0.010281327,0.75339794,-1.3347988,0.0,0.0,0.0,0.0,0.0,0.0,0.0,0.0,0.0,0.0,0.0,0.0,0.0,0.0,0.0,0.0,3.323337,-3.5655475,1.0431354,1.4567769,50.0,50.0,50.0,50.0,50.0,50.0,50.0,50.0,50.0,50.0,50.0,50.0,0.0,0.0,0.0,0.0,1.0,1.0,1.0,1.0,1.0,1.0,1.0,1.0,1.0,1.0,1.0,1.0,0.5,0.5,0.5,0.5
1788446263.2668118,723,18.617581999933464,6.037274999471265,10693680,1,0.0,0.0,0.0,-0.005033493,0.6508237,-1.1778167,-0.13506062,0.72462434,-1.3912656,0.044586286,0.713804,-1.2437376,-0.085733354,0.7219788,-1.3502724,25.79255,30.325762,-44.989716,-6.7051105,0.054257333,-0.077510476,-0.4407987,0.038755238,0.18990067,0.2749937,0.077510476,-0.44568524,0.46910688,0.1782741,0.3759258,-0.4185566,2.0695298,-2.3136878,1.3254292,0.077510476,0.00669327,0.72150016,-1.1735332,-0.1252529,0.60492814,-1.2027905,0.0013034728,0.7052729,-1.0629538,-0.012592303,0.74088967,-1.324566,0.0,0.0,0.0,0.0,0.0,0.0,0.0,0.0,0.0,0.0,0.0,0.0,0.0,0.0,0.0,0.0,2.4092305,-2.3617482,0.6460303,1.8349601,50.0,50.0,50.0,50.0,50.0,50.0,50.0,50.0,50.0,50.0,50.0,50.0,0.0,0.0,0.0,0.0,1.0,1.0,1.0,1.0,1.0,1.0,1.0,1.0,1.0,1.0,1.0,1.0,0.5,0.5,0.5,0.5
1788446263.2850037,724,16.35926000017207,7.277971000803518,10693700,1,0.0,0.0,0.0,-0.0018240213,0.65648556,-1.1857784,-0.1348184,0.72644097,-1.3882642,0.04467711,0.7077182,-1.2365657,-0.08358365,0.7240074,-1.3570492,25.83182,30.291609,-44.97203,-6.701992,0.13176781,-0.2790377,-0.3862044,0.06975943,0.10076362,0.056616347,0.03100419,-0.40305448,0.0808805,0.06975943,-0.023253143,-0.09907861,2.1819198,-1.4068152,0.5929552,0.36429924,-0.00063510553,0.7388795,-1.1525589,-0.11777309,0.6032799,-1.2270992,0.00598711,0.7201654,-1.0706521,-0.024459872,0.7314188,-1.2871759,0.0,0.0,0.0,0.0,0.0,0.0,0.0,0.0,0.0,0.0,0.0,0.0,0.0,0.0,0.0,0.0,0.6603756,-0.4075771,0.09083734,1.6649752,50.0,50.0,50.0,50.0,50.0,50.0,50.0,50.0,50.0,50.0,50.0,50.0,0.0,0.0,0.0,0.0,1.0,1.0,1.0,1.0,1.0,1.0,1.0,1.0,1.0,1.0,1.0,1.0,0.5,0.5,0.5,0.5
1788446263.3050516,725,16.316347999236314,6.039867001163657,10693720,1,0.0,0.0,0.0,-0.00046157837,0.6562736,-1.1914495,-0.13427341,0.7272887,-1.3882642,0.04446517,0.7066282,-1.2359338,-0.083856165,0.721888,-1.3571599,25.863611,30.277952,-44.961285,-6.69303,0.05813286,-0.20152724,-0.3882264,0.023253143,-0.08526152,0.0080880495,-0.06975943,-0.10463915,0.018198112,-0.08913705,-0.077510476,-0.02426415,1.2324166,-0.10463915,0.52707124,0.7285985,-0.012552668,0.7216095,-1.1092385,-0.10201794,0.6328767,-1.2613266,0.0068254694,0.7261068,-1.1135396,-0.042485055,0.72498024,-1.2358072,0.0,0.0,0.0,0.0,0.0,0.0,0.0,0.0,0.0,0.0,0.0,0.0,0.0,0.0,0.0,0.0,-1.2306117,1.4403713,0.11126302,1.0638928,50.0,50.0,50.0,50.0,50.0,50.0,50.0,50.0,50.0,50.0,50.0,50.0,0.0,0.0,0.0,0.0,1.0,1.0,1.0,1.0,1.0,1.0,1.0,1.0,1.0,1.0,1.0,1.0,0.5,0.5,0.5,0.5
1788446263.348906,726,35.29757700016489,13.54958199954126,10693744,1,0.0,0.0,0.0,-0.0008854866,0.6561222,-1.1941035,-0.13342564,0.72495735,-1.3888329,0.043042123,0.7086265,-1.2359338,-0.085703075,0.71707386,-1.3549008,25.870394,30.289944,-44.960346,-6.6763773,0.054257333,-0.05813286,0.014154087,0.05813286,-0.17439857,-0.0060660373,-0.065883905,0.0038755238,0.0,-0.015502095,-0.2092783,0.0040440247,-0.36817476,0.85649073,-0.2790377,0.8913705,-0.026758745,0.6828579,-1.0524791,-0.07977775,0.6741574,-1.3025626,0.009890217,0.74139714,-1.1758177,-0.06551064,0.70964473,-1.1839921,0.0,0.0,0.0,0.0,0.0,0.0,0.0,0.0,0.0,0.0,0.0,0.0,0.0,0.0,0.0,0.0,-2.498567,2.3493724,-0.0063264463,0.20396289,50.0,50.0,50.0,50.0,50.0,50.0,50.0,50.0,50.0,50.0,50.0,50.0,0.0,0.0,0.0,0.0,1.0,1.0,1.0,1.0,1.0,1.0,1.0,1.0,1.0,1.0,1.0,1.0,0.5,0.5,0.5,0.5
1788446263.3648305,727,15.08928399925935,4.125542998735909,10693780,1,0.0,0.0,0.0,-0.0012789965,0.65848386,-1.1920656,-0.13073094,0.7165705,-1.3902862,0.041467696,0.7085962,-1.2368343,-0.088246405,0.71110916,-1.3497984,25.838875,30.342443,-44.968945,-6.659422,0.027128667,0.18214962,0.06672641,0.03100419,-0.2906643,-0.0020220124,0.0,-0.077510476,-0.02426415,-0.038755238,-0.0038755238,-0.014154087,-1.4339437,1.9493885,-0.3100419,0.5193202,-0.035559315,0.6333253,-1.0291796,-0.059428003,0.72431064,-1.3221517,0.0077221706,0.73826194,-1.2334862,-0.089928135,0.71274436,-1.1477337,0.0,0.0,0.0,0.0,0.0,0.0,0.0,0.0,0.0,0.0,0.0,0.0,0.0,0.0,0.0,0.0,-2.498381,2.1084108,0.1688591,-0.82477295,50.0,50.0,50.0,50.0,50.0,50.0,50.0,50.0,50.0,50.0,50.0,50.0,0.0,0.0,0.0,0.0,1.0,1.0,1.0,1.0,1.0,1.0,1.0,1.0,1.0,1.0,1.0,1.0,0.5,0.5,0.5,0.5
1788446263.3818076,728,11.765367999032605,5.751901000621729,10693802,1,0.0,0.0,0.0,-0.0021873713,0.66005826,-1.1865683,-0.12806652,0.7128767,-1.3919607,0.041649356,0.7111093,-1.240436,-0.089760244,0.70741534,-1.3445222,25.804358,30.380836,-44.97582,-6.6553645,-0.12789229,0.05813286,0.65311,0.0,-0.12401676,-0.14356288,0.0077510476,0.24028248,-0.24870755,-0.10851467,-0.17439857,0.37811634,-1.8447493,2.0889072,-0.42630762,-0.10076362,-0.04423024,0.5989938,-1.0216539,-0.053265695,0.75325924,-1.3293204,0.012462669,0.73025084,-1.2652929,-0.09736461,0.70974135,-1.1394771,0.0,0.0,0.0,0.0,0.0,0.0,0.0,0.0,0.0,0.0,0.0,0.0,0.0,0.0,0.0,0.0,-1.6924095,1.1533675,0.35191894,-1.4565103,50.0,50.0,50.0,50.0,50.0,50.0,50.0,50.0,50.0,50.0,50.0,50.0,0.0,0.0,0.0,0.0,1.0,1.0,1.0,1.0,1.0,1.0,1.0,1.0,1.0,1.0,1.0,1.0,0.5,0.5,0.5,0.5
1788446263.4030464,729,12.497140000050422,4.901794000033988,10693822,1,0.0,0.0,0.0,-0.005184889,0.6529734,-1.1787646,-0.12737013,0.71475387,-1.3939985,0.041800752,0.71652895,-1.2506566,-0.09200078,0.7058712,-1.3388354,25.771688,30.410538,-44.981297,-6.6596036,-0.21702933,-0.10851467,0.19613521,0.06975943,0.11626572,-0.014154087,-0.038755238,0.34492162,-0.5499874,-0.19377619,0.09301257,0.060660373,-1.154906,1.3641844,-0.027128667,-0.30616638,-0.037784196,0.5889019,-1.0335921,-0.055202447,0.7699777,-1.3081287,0.015654366,0.72300816,-1.2717124,-0.09726025,0.7186019,-1.1571271,0.0,0.0,0.0,0.0,0.0,0.0,0.0,0.0,0.0,0.0,0.0,0.0,0.0,0.0,0.0,0.0,-0.32988572,-0.48109716,0.59867334,-1.3843532,50.0,50.0,50.0,50.0,50.0,50.0,50.0,50.0,50.0,50.0,50.0,50.0,0.0,0.0,0.0,0.0,1.0,1.0,1.0,1.0,1.0,1.0,1.0,1.0,1.0,1.0,1.0,1.0,0.5,0.5,0.5,0.5
1788446263.426508,730,15.823359999558306,4.691907000960782,10693841,1,0.0,0.0,0.0,-0.0070923567,0.65330637,-1.1753682,-0.12839957,0.7169641,-1.3940144,0.042376027,0.7215853,-1.2601664,-0.09436244,0.7072034,-1.3379982,25.757427,30.42274,-44.979935,-6.671018,-0.05038181,0.10463915,0.23859747,-0.015502095,0.06200838,0.0080880495,-0.023253143,0.21702933,-0.24870755,-0.10076362,0.11626572,-0.014154087,-0.38367686,0.28678876,0.1782741,-0.75960267,-0.026567217,0.5992028,-1.0687019,-0.06603965,0.75789857,-1.282103,0.019964054,0.71693754,-1.2530911,-0.07989654,0.71751475,-1.175106,0.0,0.0,0.0,0.0,0.0,0.0,0.0,0.0,0.0,0.0,0.0,0.0,0.0,0.0,0.0,0.0,1.1906817,-2.470727,0.8812773,-1.1661544,50.0,50.0,50.0,50.0,50.0,50.0,50.0,50.0,50.0,50.0,50.0,50.0,0.0,0.0,0.0,0.0,1.0,1.0,1.0,1.0,1.0,1.0,1.0,1.0,1.0,1.0,1.0,1.0,0.5,0.5,0.5,0.5
1788446263.4469593,731,16.029278000132763,5.879739999727462,10693862,1,0.0,0.0,0.0,-0.007001519,0.65360916,-1.1748153,-0.12897484,0.72023404,-1.393414,0.0433449,0.72261477,-1.2642894,-0.09475607,0.7123506,-1.3385036,25.761152,30.417501,-44.976665,-6.6859145,0.011626571,-0.0038755238,0.014154087,-0.04263076,0.24028248,-0.0020220124,0.019377619,0.023253143,-0.19613521,0.019377619,0.17439857,-0.038418237,0.31391743,-0.5193202,0.09301257,-0.80998445,-0.011032307,0.6119781,-1.1082535,-0.08521353,0.7191656,-1.2353524,0.01581886,0.7032242,-1.211201,-0.054551415,0.7294826,-1.2239355,0.0,0.0,0.0,0.0,0.0,0.0,0.0,0.0,0.0,0.0,0.0,0.0,0.0,0.0,0.0,0.0,2.4342074,-3.9847445,0.9493463,-0.4075765,50.0,50.0,50.0,50.0,50.0,50.0,50.0,50.0,50.0,50.0,50.0,50.0,0.0,0.0,0.0,0.0,1.0,1.0,1.0,1.0,1.0,1.0,1.0,1.0,1.0,1.0,1.0,1.0,0.5,0.5,0.5,0.5
1788446263.4683778,732,17.378358001224115,5.942075998973451,10693882,1,0.0,0.0,0.0,-0.007001519,0.65524423,-1.1770427,-0.13021623,0.722081,-1.3928295,0.044707388,0.72343224,-1.2657585,-0.090396106,0.714682,-1.3391039,25.77293,30.399183,-44.97282,-6.699903,0.065883905,0.054257333,-0.08492453,-0.05038181,0.11239019,0.0,0.07363495,-0.05038181,0.038418237,0.26741114,0.05038181,-0.014154087,0.77122927,-1.2789229,0.39917895,-0.651088,-0.0047968994,0.64278567,-1.1223562,-0.11474783,0.6814133,-1.2186345,0.012358048,0.6972819,-1.142468,-0.021480497,0.73907787,-1.2896191,0.0,0.0,0.0,0.0,0.0,0.0,0.0,0.0,0.0,0.0,0.0,0.0,0.0,0.0,0.0,0.0,3.1814718,-4.1421213,1.0615156,0.6587516,50.0,50.0,50.0,50.0,50.0,50.0,50.0,50.0,50.0,50.0,50.0,50.0,0.0,0.0,0.0,0.0,1.0,1.0,1.0,1.0,1.0,1.0,1.0,1.0,1.0,1.0,1.0,1.0,0.5,0.5,0.5,0.5
1788446263.4870105,733,15.309890999560594,5.97305100018275,10693901,1,0.0,0.0,0.0,-0.0053361654,0.6552745,-1.1814816,-0.13057955,0.72189933,-1.3906338,0.046554327,0.721222,-1.2631361,-0.085733354,0.7184969,-1.3415525,25.792307,30.363699,-44.963768,-6.708956,0.12401676,-0.11626572,-0.325544,0.0,0.23640695,0.0970566,0.12401676,-0.20540276,0.054594334,0.26353562,0.17439857,-0.09907861,1.4106907,-2.3873227,0.59683067,-0.2751622,0.0043147546,0.6844055,-1.1576235,-0.12386324,0.6404225,-1.2001085,0.008667422,0.70032483,-1.0999241,-0.009438399,0.74244463,-1.3189594,0.0,0.0,0.0,0.0,0.0,0.0,0.0,0.0,0.0,0.0,0.0,0.0,0.0,0.0,0.0,0.0,3.2136047,-3.475659,0.7297477,1.5888076,50.0,50.0,50.0,50.0,50.0,50.0,50.0,50.0,50.0,50.0,50.0,50.0,0.0,0.0,0.0,0.0,1.0,1.0,1.0,1.0,1.0,1.0,1.0,1.0,1.0,1.0,1.0,1.0,0.5,0.5,0.5,0.5
1788446263.5070844,734,14.9201650001487,5.23216000146931,10693924,1,0.0,0.0,0.0,-0.0036406517,0.65524423,-1.1853361,-0.13191177,0.72631985,-1.3899229,0.047462642,0.716317,-1.2562803,-0.08182758,0.7209797,-1.3469392,25.824371,30.313347,-44.947598,-6.710621,0.13176781,-0.15114543,-0.15771697,0.12401676,0.24028248,0.046506286,0.06975943,-0.30616638,0.43675467,0.3565482,0.19377619,-0.40238047,1.790492,-2.1392891,0.5929552,0.2790377,0.006930588,0.7202777,-1.1622567,-0.119294226,0.617924,-1.2131522,0.0101439245,0.71271193,-1.079685,-0.012864234,0.7357918,-1.3066909,0.0,0.0,0.0,0.0,0.0,0.0,0.0,0.0,0.0,0.0,0.0,0.0,0.0,0.0,0.0,0.0,2.1334085,-2.1797526,0.4047413,1.9386225,50.0,50.0,50.0,50.0,50.0,50.0,50.0,50.0,50.0,50.0,50.0,50.0,0.0,0.0,0.0,0.0,1.0,1.0,1.0,1.0,1.0,1.0,1.0,1.0,1.0,1.0,1.0,1.0,0.5,0.5,0.5,0.5
1788446263.5288835,735,16.132253000250785,4.2160379998676945,10693943,1,0.0,0.0,0.0,0.0019909143,0.6599977,-1.1929029,-0.12985289,0.72925675,-1.3881063,0.04976374,0.7118057,-1.2501194,-0.0780732,0.72258437,-1.353021,25.859797,30.28207,-44.94106,-6.7024765,0.25578457,0.019377619,-0.60660374,0.22090487,0.17439857,0.088968545,0.21702933,-0.18214962,0.09099056,0.18602514,-0.015502095,-0.07885849,1.9610151,-1.1704081,0.3759258,0.64721245,-0.002835825,0.7351238,-1.1361742,-0.1150801,0.6023459,-1.2417195,0.01765566,0.73366773,-1.0976365,-0.0157703,0.71426356,-1.2792791,0.0,0.0,0.0,0.0,0.0,0.0,0.0,0.0,0.0,0.0,0.0,0.0,0.0,0.0,0.0,0.0,0.40385956,-0.4172365,-0.035414193,1.70587,50.0,50.0,50.0,50.0,50.0,50.0,50.0,50.0,50.0,50.0,50.0,50.0,0.0,0.0,0.0,0.0,1.0,1.0,1.0,1.0,1.0,1.0,1.0,1.0,1.0,1.0,1.0,1.0,0.5,0.5,0.5,0.5
1788446263.5489159,736,16.097534000437008,5.037057000663481,10693964,1,0.0,0.0,0.0,0.005775571,0.66023993,-1.202539,-0.12706736,0.7301954,-1.3880905,0.05067207,0.7120176,-1.2491084,-0.07719511,0.7195566,-1.3527683,25.884745,30.27226,-44.936607,-6.6891847,0.22090487,-0.06200838,-0.53987736,0.10851467,0.015502095,-0.042462263,-0.015502095,-0.096888095,0.056616347,-0.03100419,-0.16664752,-0.0020220124,0.7092209,0.03100419,0.019377619,0.8913705,-0.023666048,0.7364603,-1.0566274,-0.1093977,0.61423755,-1.3015239,0.032615393,0.77194107,-1.1486307,-0.018263357,0.6790753,-1.2317318,0.0,0.0,0.0,0.0,0.0,0.0,0.0,0.0,0.0,0.0,0.0,0.0,0.0,0.0,0.0,0.0,-1.2222046,1.4962214,-0.33579198,0.9675007,50.0,50.0,50.0,50.0,50.0,50.0,50.0,50.0,50.0,50.0,50.0,50.0,0.0,0.0,0.0,0.0,1.0,1.0,1.0,1.0,1.0,1.0,1.0,1.0,1.0,1.0,1.0,1.0,0.5,0.5,0.5,0.5
1788446263.5690477,737,16.16242899945064,5.894107998756226,10693983,1,0.0,0.0,0.0,0.008561134,0.66223824,-1.2119383,-0.12267711,0.72889346,-1.3896544,0.050005957,0.7108065,-1.2493454,-0.0782246,0.71431863,-1.3512676,25.88762,30.282162,-44.939728,-6.6733794,0.34492162,0.077510476,-0.44888675,0.28291324,-0.046506286,-0.0080880495,-0.027128667,-0.24028248,0.010110063,-0.10463915,-0.12014124,0.032352198,-0.41080552,0.9572544,-0.5076936,0.9882586,-0.03555177,0.6991483,-0.9819083,-0.09304499,0.64628977,-1.3517394,0.037106626,0.7982644,-1.2246808,-0.028462823,0.64958405,-1.1784198,0.0,0.0,0.0,0.0,0.0,0.0,0.0,0.0,0.0,0.0,0.0,0.0,0.0,0.0,0.0,0.0,-1.7675743,2.2778308,-0.50721985,0.077367164,50.0,50.0,50.0,50.0,50.0,50.0,50.0,50.0,50.0,50.0,50.0,50.0,0.0,0.0,0.0,0.0,1.0,1.0,1.0,1.0,1.0,1.0,1.0,1.0,1.0,1.0,1.0,1.0,0.5,0.5,0.5,0.5
1788446263.5902312,738,17.27352600028098,5.865596000148798,10694003,1,0.0,0.0,0.0,0.0118614435,0.6642971,-1.2132652,-0.11759048,0.72756124,-1.3939669,0.05088401,0.71313787,-1.2520467,-0.07777041,0.7042664,-1.3476343,25.871847,30.305325,-44.95111,-6.659694,0.2945398,0.0038755238,-0.0040440247,0.2596601,-0.06200838,-0.10514465,-0.03100419,0.10463915,-0.11727672,0.08526152,-0.08526152,0.22039935,-1.4068152,1.8176206,-1.0231383,0.732474,-0.044012967,0.6592465,-0.9537608,-0.07481693,0.69822407,-1.3778524,0.034080856,0.80048025,-1.2845969,-0.04308507,0.64432687,-1.1241975,0.0,0.0,0.0,0.0,0.0,0.0,0.0,0.0,0.0,0.0,0.0,0.0,0.0,0.0,0.0,0.0,-1.3367519,2.3477447,-0.39065814,-0.7656452,50.0,50.0,50.0,50.0,50.0,50.0,50.0,50.0,50.0,50.0,50.0,50.0,0.0,0.0,0.0,0.0,1.0,1.0,1.0,1.0,1.0,1.0,1.0,1.0,1.0,1.0,1.0,1.0,0.5,0.5,0.5,0.5
1788446263.6089172,739,15.234050999424653,4.156486000283621,10694024,1,0.0,0.0,0.0,0.016251683,0.66584134,-1.2103585,-0.107356675,0.72480595,-1.3971736,0.0541237,0.71992004,-1.2593923,-0.07589322,0.69836235,-1.3392144,25.843023,30.344654,-44.97055,-6.647583,0.31779295,0.065883905,0.02426415,0.7092209,-0.22090487,-0.20017922,0.08913705,0.46893838,-0.6308679,0.034879714,-0.23253144,0.48932698,-1.6277201,2.530717,-0.97275645,0.4573118,-0.04405335,0.62142825,-0.9438455,-0.07109573,0.7411227,-1.3865434,0.036062926,0.79495686,-1.3138347,-0.043835413,0.65054077,-1.1226403,0.0,0.0,0.0,0.0,0.0,0.0,0.0,0.0,0.0,0.0,0.0,0.0,0.0,0.0,0.0,0.0,-0.44398814,1.7622159,0.038961202,-0.8637059,50.0,50.0,50.0,50.0,50.0,50.0,50.0,50.0,50.0,50.0,50.0,50.0,0.0,0.0,0.0,0.0,1.0,1.0,1.0,1.0,1.0,1.0,1.0,1.0,1.0,1.0,1.0,1.0,0.5,0.5,0.5,0.5
1788446263.6289296,740,14.836357000604039,5.890876000194112,10694045,1,0.0,0.0,0.0,0.021005273,0.6652963,-1.2108009,-0.098727584,0.72214156,-1.3978689,0.05715145,0.7310319,-1.2753947,-0.07395548,0.69515294,-1.3275248,25.809475,30.39095,-44.9938,-6.642739,0.20540276,0.034879714,-0.044484273,0.34492162,-0.2092783,0.0040440247,0.13176781,0.6975943,-0.5985157,-0.0038755238,-0.10463915,0.5014591,-1.3486823,2.2439284,-0.97275645,-0.1472699,-0.033048,0.61636335,-0.96623087,-0.07564059,0.7493775,-1.3701715,0.042669356,0.79162645,-1.3243947,-0.02888969,0.6456588,-1.1412988,0.0,0.0,0.0,0.0,0.0,0.0,0.0,0.0,0.0,0.0,0.0,0.0,0.0,0.0,0.0,0.0,0.7775395,0.46926057,0.28994292,-0.7491333,50.0,50.0,50.0,50.0,50.0,50.0,50.0,50.0,50.0,50.0,50.0,50.0,0.0,0.0,0.0,0.0,1.0,1.0,1.0,1.0,1.0,1.0,1.0,1.0,1.0,1.0,1.0,1.0,0.5,0.5,0.5,0.5
1788446263.6470509,741,12.49169999937294,5.9351960007916205,10694066,1,0.0,0.0,0.0,0.025728464,0.6680516,-1.2113854,-0.09397401,0.725351,-1.3975844,0.06123893,0.74502015,-1.2890116,-0.070685446,0.6969999,-1.323528,25.795033,30.422953,-45.003674,-6.6432533,0.3720503,0.24415801,-0.056616347,0.3100419,-0.019377619,0.012132075,0.325544,0.6975943,-0.7339905,0.18602514,0.31391743,0.082902506,-0.46893838,1.2401676,-0.36817476,-0.015502095,-0.012393099,0.6204728,-1.0072207,-0.08051251,0.7282629,-1.3315581,0.049168304,0.7825809,-1.3152275,-0.011841053,0.6517348,-1.1818064,0.0,0.0,0.0,0.0,0.0,0.0,0.0,0.0,0.0,0.0,0.0,0.0,0.0,0.0,0.0,0.0,2.1570537,-1.3033277,0.7614967,0.07552508,50.0,50.0,50.0,50.0,50.0,50.0,50.0,50.0,50.0,50.0,50.0,50.0,0.0,0.0,0.0,0.0,1.0,1.0,1.0,1.0,1.0,1.0,1.0,1.0,1.0,1.0,1.0,1.0,0.5,0.5,0.5,0.5
1788446263.6723657,742,17.700051999781863,6.212794000020949,10694086,1,0.0,0.0,0.0,0.036689043,0.6739557,-1.2164878,-0.087827675,0.72662264,-1.394425,0.06968635,0.75764585,-1.3017756,-0.061632454,0.701814,-1.322217,25.798393,30.430674,-45.00888,-6.6429205,0.65883905,0.37980133,-0.3073459,0.3565482,0.0,0.19209118,0.54257333,0.7479761,-0.53987736,0.52319574,0.37980133,0.101100616,0.38367686,-0.015502095,-0.24803352,0.06975943,0.0040203086,0.64761096,-1.0538441,-0.091244824,0.7006018,-1.3016205,0.056643844,0.7812358,-1.2757642,0.013401661,0.6496109,-1.2192707,0.0,0.0,0.0,0.0,0.0,0.0,0.0,0.0,0.0,0.0,0.0,0.0,0.0,0.0,0.0,0.0,3.235234,-2.8257303,1.2612495,0.8210504,50.0,50.0,50.0,50.0,50.0,50.0,50.0,50.0,50.0,50.0,50.0,50.0,0.0,0.0,0.0,0.0,1.0,1.0,1.0,1.0,1.0,1.0,1.0,1.0,1.0,1.0,1.0,1.0,0.5,0.5,0.5,0.5
1788446263.6910832,743,16.228157001023646,6.8183590010448825,10694105,1,0.0,0.0,0.0,0.05285716,0.6817068,-1.2285566,-0.084769644,0.72644097,-1.3861948,0.079980716,0.76636577,-1.307115,-0.049612343,0.70696115,-1.3221222,25.813562,30.422558,-45.00876,-6.639802,0.6045817,0.3565482,-0.491349,0.065883905,0.09301257,0.40238047,0.46893838,0.2945398,-0.030330187,0.48444048,0.16664752,0.02426415,1.147155,-0.47668946,0.034879714,0.2790377,0.016624792,0.6812041,-1.0898253,-0.097500294,0.65860003,-1.2930303,0.062151708,0.78173125,-1.2416203,0.030796394,0.64641136,-1.2567389,0.0,0.0,0.0,0.0,0.0,0.0,0.0,0.0,0.0,0.0,0.0,0.0,0.0,0.0,0.0,0.0,3.469636,-3.1014707,1.1822724,1.3951784,50.0,50.0,50.0,50.0,50.0,50.0,50.0,50.0,50.0,50.0,50.0,50.0,0.0,0.0,0.0,0.0,1.0,1.0,1.0,1.0,1.0,1.0,1.0,1.0,1.0,1.0,1.0,1.0,0.5,0.5,0.5,0.5
1788446263.7122936,744,17.372117999912007,7.26062799913052,10694126,1,0.0,0.0,0.0,0.06348455,0.6898211,-1.2426475,-0.07438445,0.7263501,-1.3762269,0.08827676,0.7730268,-1.3031341,-0.039984047,0.7096559,-1.3215535,25.84157,30.409842,-45.00116,-6.628872,0.4921915,0.69371873,-1.1040188,0.5619509,0.08526152,0.66928613,0.39917895,0.3914279,0.48932698,0.325544,0.162772,0.02426415,1.8292472,-0.984383,0.61233276,0.895246,0.029839326,0.6863155,-1.092874,-0.084135324,0.65973866,-1.310125,0.06372232,0.7684053,-1.2141578,0.02618982,0.66456103,-1.284679,0.0,0.0,0.0,0.0,0.0,0.0,0.0,0.0,0.0,0.0,0.0,0.0,0.0,0.0,0.0,0.0,2.7620518,-2.5888398,1.3023453,1.9127359,50.0,50.0,50.0,50.0,50.0,50.0,50.0,50.0,50.0,50.0,50.0,50.0,0.0,0.0,0.0,0.0,1.0,1.0,1.0,1.0,1.0,1.0,1.0,1.0,1.0,1.0,1.0,1.0,0.5,0.5,0.5,0.5
1788446263.7331011,745,17.358037999656517,4.748835001009866,10694146,1,0.0,0.0,0.0,0.07329452,0.7013569,-1.2635311,-0.06672423,0.7257143,-1.3645687,0.09263672,0.7771143,-1.3024391,-0.03292936,0.70956504,-1.3212217,25.874693,30.389828,-44.9912,-6.608313,0.32941952,0.3759258,-1.0130283,0.4224321,0.034879714,0.47517294,0.1472699,-0.038755238,-0.036396224,0.28678876,-0.06975943,0.07279245,1.6819774,-1.147155,0.67434114,1.5424585,0.040042188,0.69899476,-1.0866052,-0.062753856,0.6685501,-1.3143123,0.06716176,0.7756994,-1.2133878,0.013177071,0.6756472,-1.2876071,0.0,0.0,0.0,0.0,0.0,0.0,0.0,0.0,0.0,0.0,0.0,0.0,0.0,0.0,0.0,0.0,1.4965334,-1.4779209,1.3547378,2.0793328,50.0,50.0,50.0,50.0,50.0,50.0,50.0,50.0,50.0,50.0,50.0,50.0,0.0,0.0,0.0,0.0,1.0,1.0,1.0,1.0,1.0,1.0,1.0,1.0,1.0,1.0,1.0,1.0,0.5,0.5,0.5,0.5
1788446263.753083,746,16.86962500025402,6.04092300090997,10694167,1,0.0,0.0,0.0,0.083013654,0.70701873,-1.2805445,-0.056944594,0.7285301,-1.3597822,0.09835918,0.7759638,-1.303845,-0.026964724,0.7045692,-1.3196421,25.906574,30.370481,-44.9783,-6.5760674,0.651088,0.25190905,-0.79869497,0.5503244,0.077510476,0.15973899,0.4224321,0.0038755238,0.016176099,0.34879714,-0.3720503,0.10514465,1.5192053,-0.6704656,0.5076936,1.8602515,0.054037064,0.68629014,-1.0942256,-0.043500964,0.6636124,-1.304859,0.06569979,0.77724206,-1.2446189,0.010885967,0.6749111,-1.2704448,0.0,0.0,0.0,0.0,0.0,0.0,0.0,0.0,0.0,0.0,0.0,0.0,0.0,0.0,0.0,0.0,-0.033442415,-0.5010829,1.4540975,1.9802659,50.0,50.0,50.0,50.0,50.0,50.0,50.0,50.0,50.0,50.0,50.0,50.0,0.0,0.0,0.0,0.0,1.0,1.0,1.0,1.0,1.0,1.0,1.0,1.0,1.0,1.0,1.0,1.0,0.5,0.5,0.5,0.5
1788446263.7709582,747,14.257449000069755,5.858652000824804,10694187,1,0.0,0.0,0.0,0.09409523,0.71186316,-1.2903386,-0.045287743,0.72940814,-1.354743,0.10726076,0.777084,-1.3050929,-0.018880606,0.6982715,-1.314903,25.92468,30.363153,-44.970974,-6.544155,0.5464489,0.14339438,-0.32756603,0.63946146,-0.019377619,0.28308174,0.5386978,-0.046506286,-0.115254715,0.5541999,-0.31391743,0.30330187,0.5076936,-0.15114543,0.31779295,1.8680025,0.06601611,0.6692883,-1.119735,-0.025713285,0.67200947,-1.2933081,0.062072054,0.774235,-1.2546859,0.019755436,0.6649184,-1.2429193,0.0,0.0,0.0,0.0,0.0,0.0,0.0,0.0,0.0,0.0,0.0,0.0,0.0,0.0,0.0,0.0,-1.0845586,0.37672654,1.6451547,1.7742732,50.0,50.0,50.0,50.0,50.0,50.0,50.0,50.0,50.0,50.0,50.0,50.0,0.0,0.0,0.0,0.0,1.0,1.0,1.0,1.0,1.0,1.0,1.0,1.0,1.0,1.0,1.0,1.0,0.5,0.5,0.5,0.5
1788446263.7929215,748,16.148636999787414,5.979547999231727,10694208,1,0.0,0.0,0.0,0.103783965,0.7162231,-1.2946512,-0.034842,0.72753096,-1.3455334,0.11592014,0.78050536,-1.3112379,-0.010554254,0.6921555,-1.306025,25.925318,30.365486,-44.963646,-6.5099716,0.31779295,0.3604237,-0.044484273,0.3604237,-0.1472699,0.6187358,0.27128667,0.44180974,-0.36598426,0.3100419,-0.3565482,0.4205786,-0.20152724,0.28291324,0.6162083,1.6122179,0.07293631,0.6548319,-1.1402999,-0.017909152,0.68668216,-1.2893096,0.06046865,0.77442133,-1.2561045,0.026760638,0.65515685,-1.2164147,0.0,0.0,0.0,0.0,0.0,0.0,0.0,0.0,0.0,0.0,0.0,0.0,0.0,0.0,0.0,0.0,-1.3585985,0.73597854,1.9729377,1.750025,50.0,50.0,50.0,50.0,50.0,50.0,50.0,50.0,50.0,50.0,50.0,50.0,0.0,0.0,0.0,0.0,1.0,1.0,1.0,1.0,1.0,1.0,1.0,1.0,1.0,1.0,1.0,1.0,0.5,0.5,0.5,0.5
1788446263.8110452,749,14.20317799966142,4.159783000432071,10694227,1,0.0,0.0,0.0,0.10877979,0.72025,-1.295599,-0.027999276,0.72444266,-1.3322008,0.11970483,0.7857131,-1.3166089,-0.0053465366,0.68591833,-1.2979212,25.917778,30.372177,-44.950356,-6.4795127,0.23640695,0.13951886,0.07481446,0.18990067,-0.16664752,0.66928613,0.12014124,0.1472699,-0.15569495,0.13951886,-0.28678876,0.2729717,-0.28291324,0.5193202,0.8254866,1.5812138,0.08039306,0.65316564,-1.1615953,-0.012526995,0.70993215,-1.2889076,0.06055066,0.7677987,-1.2535815,0.028863361,0.65626943,-1.203511,0.0,0.0,0.0,0.0,0.0,0.0,0.0,0.0,0.0,0.0,0.0,0.0,0.0,0.0,0.0,0.0,-0.7743226,0.5367153,2.3566575,1.940361,50.0,50.0,50.0,50.0,50.0,50.0,50.0,50.0,50.0,50.0,50.0,50.0,0.0,0.0,0.0,0.0,1.0,1.0,1.0,1.0,1.0,1.0,1.0,1.0,1.0,1.0,1.0,1.0,0.5,0.5,0.5,0.5
1788446263.8319595,750,15.05034000001615,4.736291000881465,10694247,1,0.0,0.0,0.0,0.11102033,0.72291446,-1.2957096,-0.02391181,0.72050655,-1.321996,0.12155177,0.78846836,-1.3193734,-0.002409637,0.6786214,-1.2895173,25.915417,30.382591,-44.934063,-6.450991,0.11239019,0.15502095,0.0080880495,0.26353562,-0.2092783,0.33565408,0.054257333,0.077510476,-0.113232695,0.0077510476,-0.48444048,0.49539304,-0.15114543,0.65883905,1.0270138,1.5850892,0.0810787,0.64686817,-1.1620203,-0.01547393,0.7218512,-1.2915239,0.061870947,0.7646394,-1.2419304,0.025268048,0.66038436,-1.2189959,0.0,0.0,0.0,0.0,0.0,0.0,0.0,0.0,0.0,0.0,0.0,0.0,0.0,0.0,0.0,0.0,-0.22485635,0.16342364,2.7777352,2.1796484,50.0,50.0,50.0,50.0,50.0,50.0,50.0,50.0,50.0,50.0,50.0,50.0,0.0,0.0,0.0,0.0,1.0,1.0,1.0,1.0,1.0,1.0,1.0,1.0,1.0,1.0,1.0,1.0,0.5,0.5,0.5,0.5
1788446263.8635857,751,23.360433000561898,3.754920999199385,10694270,1,0.0,0.0,0.0,0.11171675,0.7238834,-1.2963573,-0.019672958,0.7185688,-1.3172411,0.12282342,0.7858342,-1.3201159,-0.0011985302,0.668539,-1.2799759,25.916174,30.39228,-44.911358,-6.4209256,0.0,0.046506286,0.0,0.15114543,-0.15502095,0.0808805,0.038755238,-0.32166848,-0.012132075,0.0,-0.4999426,0.30532387,-0.015502095,0.34492162,1.2944249,1.5347074,0.08357464,0.64655644,-1.1797001,-0.010267998,0.7271293,-1.2750535,0.061563365,0.7542854,-1.2292718,0.017728223,0.668477,-1.2332,0.0,0.0,0.0,0.0,0.0,0.0,0.0,0.0,0.0,0.0,0.0,0.0,0.0,0.0,0.0,0.0,0.22673272,-0.08135401,3.118851,2.2547956,50.0,50.0,50.0,50.0,50.0,50.0,50.0,50.0,50.0,50.0,50.0,50.0,0.0,0.0,0.0,0.0,1.0,1.0,1.0,1.0,1.0,1.0,1.0,1.0,1.0,1.0,1.0,1.0,0.5,0.5,0.5,0.5
1788446263.8910677,752,26.12649699949543,5.857469001057325,10694290,1,0.0,0.0,0.0,0.111837864,0.7238531,-1.2964046,-0.019824343,0.7188716,-1.3169093,0.12457952,0.78095955,-1.3199105,4.285574e-05,0.6631799,-1.2785383,25.917475,30.393341,-44.881107,-6.39086,0.05038181,-0.023253143,-0.0080880495,0.046506286,0.06975943,-0.02426415,0.065883905,-0.28291324,0.014154087,0.08913705,-0.11626572,0.0,0.081386,-0.05038181,1.7439858,1.767239,0.08182373,0.65864915,-1.2103475,-0.00070207147,0.7109339,-1.2531369,0.063547514,0.7508075,-1.2193674,0.014075502,0.6681074,-1.2367384,0.0,0.0,0.0,0.0,0.0,0.0,0.0,0.0,0.0,0.0,0.0,0.0,0.0,0.0,0.0,0.0,0.44026643,-0.4178468,3.2101014,2.1700258,50.0,50.0,50.0,50.0,50.0,50.0,50.0,50.0,50.0,50.0,50.0,50.0,0.0,0.0,0.0,0.0,1.0,1.0,1.0,1.0,1.0,1.0,1.0,1.0,1.0,1.0,1.0,1.0,0.5,0.5,0.5,0.5
1788446263.9050415,753,12.703698999757762,5.763836999904015,10694324,1,0.0,0.0,0.0,0.111413956,0.72451913,-1.297779,-0.018976575,0.72108185,-1.3174938,0.12539701,0.7724818,-1.3199579,0.0013750792,0.65772986,-1.2802128,25.921139,30.391857,-44.828697,-6.3430214,-0.05813286,-0.081386,-0.022242136,0.06200838,0.13951886,-0.0485283,-0.08913705,-0.30229086,0.04044025,-0.08526152,-0.24028248,-0.11727672,0.18602514,-0.019377619,1.8369983,1.3448068,0.07323589,0.6795722,-1.2393433,0.004902473,0.68852997,-1.2342336,0.06768325,0.75485325,-1.1971455,0.01790198,0.66251516,-1.2326651,0.0,0.0,0.0,0.0,0.0,0.0,0.0,0.0,0.0,0.0,0.0,0.0,0.0,0.0,0.0,0.0,0.62159485,-0.60570216,2.9456735,1.8709514,50.0,50.0,50.0,50.0,50.0,50.0,50.0,50.0,50.0,50.0,50.0,50.0,0.0,0.0,0.0,0.0,1.0,1.0,1.0,1.0,1.0,1.0,1.0,1.0,1.0,1.0,1.0,1.0,0.5,0.5,0.5,0.5
1788446263.9267807,754,14.117865999651258,3.5332900006324053,10694343,1,0.0,0.0,0.0,0.10935509,0.72403467,-1.2997378,-0.018946296,0.7199313,-1.3180308,0.12442812,0.7664869,-1.3198789,0.00028508902,0.6540663,-1.2827877,25.926165,30.389616,-44.795364,-6.3190117,-0.07363495,-0.065883905,-0.10716666,0.0077510476,0.038755238,-0.032352198,-0.13176781,-0.36817476,-0.010110063,-0.05038181,-0.17052305,-0.19006917,0.3100419,-0.1472699,1.9377619,1.2866739,0.063922815,0.6952465,-1.243211,0.007943392,0.6707042,-1.2239182,0.07027562,0.7613145,-1.1827509,0.022222528,0.6522242,-1.2247663,0.0,0.0,0.0,0.0,0.0,0.0,0.0,0.0,0.0,0.0,0.0,0.0,0.0,0.0,0.0,0.0,0.4588682,-0.42442605,2.6079583,1.5400231,50.0,50.0,50.0,50.0,50.0,50.0,50.0,50.0,50.0,50.0,50.0,50.0,0.0,0.0,0.0,0.0,1.0,1.0,1.0,1.0,1.0,1.0,1.0,1.0,1.0,1.0,1.0,1.0,0.5,0.5,0.5,0.5
1788446263.946892,755,14.158281001073192,4.156839000643231,10694364,1,0.0,0.0,0.0,0.10590339,0.72448885,-1.3043664,-0.021065721,0.71753937,-1.3179203,0.121582046,0.76133966,-1.3191997,-0.002591312,0.6500697,-1.2845886,25.932856,30.387466,-44.763268,-6.2970905,-0.23640695,-0.03100419,-0.21231131,-0.24028248,0.011626571,-0.042462263,-0.23640695,-0.23253144,-0.0040440247,-0.19377619,-0.2092783,-0.046506286,0.32941952,-0.0038755238,1.8757535,0.9882586,0.054970693,0.7047409,-1.2222757,0.0034375773,0.65178263,-1.2361001,0.07305253,0.7736864,-1.1863426,0.027340826,0.6301789,-1.2113011,0.0,0.0,0.0,0.0,0.0,0.0,0.0,0.0,0.0,0.0,0.0,0.0,0.0,0.0,0.0,0.0,0.29075682,-0.35278386,2.2349968,1.154129,50.0,50.0,50.0,50.0,50.0,50.0,50.0,50.0,50.0,50.0,50.0,50.0,0.0,0.0,0.0,0.0,1.0,1.0,1.0,1.0,1.0,1.0,1.0,1.0,1.0,1.0,1.0,1.0,0.5,0.5,0.5,0.5
1788446263.9670024,756,14.201449999745819,4.069799000717467,10694384,1,0.0,0.0,0.0,0.1003021,0.72436774,-1.3056933,-0.024850415,0.7166008,-1.3182995,0.11579904,0.7567375,-1.3181728,-0.007375121,0.64570975,-1.2852837,25.936247,30.387405,-44.733143,-6.281407,-0.19377619,-0.06200838,-0.0080880495,-0.13176781,0.034879714,-0.026286162,-0.1782741,-0.3720503,0.0020220124,-0.28678876,-0.1472699,-0.03437421,0.06200838,0.054257333,1.4920766,0.86036634,0.052307792,0.69395816,-1.1972046,-0.0026830584,0.65258145,-1.2523466,0.0687339,0.77456033,-1.1910522,0.023940215,0.6181222,-1.2035974,0.0,0.0,0.0,0.0,0.0,0.0,0.0,0.0,0.0,0.0,0.0,0.0,0.0,0.0,0.0,0.0,-0.029422902,-0.09417944,1.8299332,0.7280005,50.0,50.0,50.0,50.0,50.0,50.0,50.0,50.0,50.0,50.0,50.0,50.0,0.0,0.0,0.0,0.0,1.0,1.0,1.0,1.0,1.0,1.0,1.0,1.0,1.0,1.0,1.0,1.0,0.5,0.5,0.5,0.5
1788446263.989046,757,16.174844999113702,7.305236000320292,10694403,1,0.0,0.0,0.0,0.09566963,0.7241255,-1.304935,-0.02930121,0.71572274,-1.3202424,0.111196846,0.75265,-1.3180623,-0.0118864775,0.6371715,-1.2852678,25.93658,30.388103,-44.710434,-6.268811,-0.15114543,-0.08526152,0.020220125,-0.2286559,0.0038755238,-0.044484273,-0.22090487,-0.19765173,0.0080880495,-0.26353562,-0.3720503,0.0020220124,-0.034879714,0.12014124,0.984383,0.7363495,0.0504635,0.68161535,-1.1907995,-0.009480418,0.6650409,-1.2592849,0.06253672,0.76820564,-1.2050767,0.019023672,0.6157942,-1.1820967,0.0,0.0,0.0,0.0,0.0,0.0,0.0,0.0,0.0,0.0,0.0,0.0,0.0,0.0,0.0,0.0,-0.13916986,0.009468719,1.6216923,0.20085889,50.0,50.0,50.0,50.0,50.0,50.0,50.0,50.0,50.0,50.0,50.0,50.0,0.0,0.0,0.0,0.0,1.0,1.0,1.0,1.0,1.0,1.0,1.0,1.0,1.0,1.0,1.0,1.0,0.5,0.5,0.5,0.5
1788446264.008861,758,15.920158999506384,5.7337569996889215,10694424,1,0.0,0.0,0.0,0.091006875,0.721552,-1.3024864,-0.034357555,0.715753,-1.3225489,0.10629189,0.74886537,-1.3178095,-0.017336428,0.63220596,-1.2851099,25.93552,30.389797,-44.695328,-6.258729,-0.17439857,-0.16664752,0.17389306,-0.2596601,0.023253143,-0.12132075,-0.21315381,-0.162772,0.07279245,-0.21315381,-0.14339438,0.0,-0.077510476,0.15114543,0.6162083,0.4185566,0.0537037,0.66160023,-1.1978596,-0.011170246,0.6897952,-1.2535132,0.053064413,0.7452277,-1.2064531,0.007488847,0.63282114,-1.178806,0.0,0.0,0.0,0.0,0.0,0.0,0.0,0.0,0.0,0.0,0.0,0.0,0.0,0.0,0.0,0.0,-0.086464375,0.122303516,1.58193,-0.12448983,50.0,50.0,50.0,50.0,50.0,50.0,50.0,50.0,50.0,50.0,50.0,50.0,0.0,0.0,0.0,0.0,1.0,1.0,1.0,1.0,1.0,1.0,1.0,1.0,1.0,1.0,1.0,1.0,0.5,0.5,0.5,0.5
1788446264.0389938,759,24.90215400030138,8.435724999799277,10694445,1,0.0,0.0,0.0,0.085950494,0.71888757,-1.2999747,-0.039746955,0.71590436,-1.3253765,0.102658585,0.74586785,-1.317699,-0.020697236,0.6281185,-1.28432,25.934975,30.391949,-44.685123,-6.249918,-0.18214962,-0.11239019,0.12132075,-0.2092783,0.06200838,-0.16378301,-0.17052305,-0.162772,0.028308174,-0.16664752,-0.10076362,-0.020220125,-0.09301257,0.054257333,0.5076936,0.30616638,0.053877894,0.6632573,-1.2150978,-0.011657185,0.7052462,-1.2442861,0.050502583,0.7341537,-1.1964841,-0.00044133002,0.64447784,-1.1789522,0.0,0.0,0.0,0.0,0.0,0.0,0.0,0.0,0.0,0.0,0.0,0.0,0.0,0.0,0.0,0.0,0.16265172,-0.049865842,1.6385815,-0.19274989,50.0,50.0,50.0,50.0,50.0,50.0,50.0,50.0,50.0,50.0,50.0,50.0,0.0,0.0,0.0,0.0,1.0,1.0,1.0,1.0,1.0,1.0,1.0,1.0,1.0,1.0,1.0,1.0,0.5,0.5,0.5,0.5
1788446264.056929,760,16.63570799973968,5.886843999178382,10694472,1,0.0,0.0,0.0,0.08143914,0.7160717,-1.2995008,-0.0444097,0.71678245,-1.3276197,0.098995,0.74066013,-1.3175094,-0.02454251,0.6293901,-1.2842252,25.935823,30.391434,-44.67174,-6.2485557,-0.12789229,-0.11239019,0.0020220124,-0.09301257,-0.019377619,-0.15367295,-0.04263076,-0.17439857,0.028308174,-0.06200838,0.038755238,0.010110063,0.023253143,0.06975943,0.5541999,0.0077510476,0.052008003,0.6653449,-1.213512,-0.014225176,0.7074448,-1.2440584,0.05055722,0.73228914,-1.1785296,-0.0049291775,0.64744884,-1.198848,0.0,0.0,0.0,0.0,0.0,0.0,0.0,0.0,0.0,0.0,0.0,0.0,0.0,0.0,0.0,0.0,0.2941311,-0.18245004,1.5188794,-0.14692248,50.0,50.0,50.0,50.0,50.0,50.0,50.0,50.0,50.0,50.0,50.0,50.0,0.0,0.0,0.0,0.0,1.0,1.0,1.0,1.0,1.0,1.0,1.0,1.0,1.0,1.0,1.0,1.0,0.5,0.5,0.5,0.5
1788446264.076888,761,16.255037999144406,6.035196000084397,10694492,1,0.0,0.0,0.0,0.07916832,0.7151936,-1.3000853,-0.046953008,0.7175999,-1.3296416,0.097390294,0.73611856,-1.3171777,-0.026298583,0.630904,-1.2842095,25.936308,30.391222,-44.661293,-6.2488885,-0.054257333,-0.054257333,0.0,-0.077510476,0.04263076,-0.08492453,-0.10463915,-0.11239019,0.050550308,-0.05813286,0.05038181,-0.0040440247,-0.046506286,0.015502095,0.67434114,-0.011626571,0.04895575,0.67462647,-1.2072976,-0.015561564,0.69228536,-1.2506273,0.053963654,0.7424313,-1.1769973,-0.0019023484,0.63408756,-1.2029605,0.0,0.0,0.0,0.0,0.0,0.0,0.0,0.0,0.0,0.0,0.0,0.0,0.0,0.0,0.0,0.0,0.33584014,-0.31924552,1.2680428,-0.044291746,50.0,50.0,50.0,50.0,50.0,50.0,50.0,50.0,50.0,50.0,50.0,50.0,0.0,0.0,0.0,0.0,1.0,1.0,1.0,1.0,1.0,1.0,1.0,1.0,1.0,1.0,1.0,1.0,0.5,0.5,0.5,0.5
1788446264.09506,762,14.357672998812632,5.968284000118729,10694511,1,0.0,0.0,0.0,0.07723057,0.7139826,-1.3000221,-0.048618272,0.7174183,-1.3307791,0.09620947,0.7320916,-1.3161666,-0.02781248,0.6304196,-1.2848572,25.9367,30.390465,-44.648396,-6.250887,-0.06975943,-0.10076362,0.026286162,-0.011626571,0.03100419,-0.046506286,-0.034879714,-0.16664752,0.064704396,-0.12014124,0.0,0.0,0.096888095,0.023253143,0.5929552,-0.13564333,0.044358533,0.6794345,-1.1923145,-0.019656064,0.6844154,-1.2629873,0.05639586,0.74998635,-1.1776323,0.0017723991,0.6221771,-1.2017877,0.0,0.0,0.0,0.0,0.0,0.0,0.0,0.0,0.0,0.0,0.0,0.0,0.0,0.0,0.0,0.0,0.47497565,-0.26807624,0.7606816,-0.07744582,50.0,50.0,50.0,50.0,50.0,50.0,50.0,50.0,50.0,50.0,50.0,50.0,0.0,0.0,0.0,0.0,1.0,1.0,1.0,1.0,1.0,1.0,1.0,1.0,1.0,1.0,1.0,1.0,0.5,0.5,0.5,0.5
1788446264.1170816,763,16.310814000462415,6.0985239997535245,10694532,1,0.0,0.0,0.0,0.07611036,0.7128321,-1.2998642,-0.04992021,0.7145722,-1.331332,0.09505892,0.7294878,-1.3157876,-0.028872192,0.62842125,-1.2849045,25.936792,30.390223,-44.63916,-6.252855,0.0,-0.14339438,0.016176099,0.0,-0.034879714,-0.010110063,-0.06975943,-0.24415801,0.05863836,-0.034879714,0.0038755238,0.0060660373,-0.038755238,0.0,0.31391743,0.011626571,0.04345252,0.67940295,-1.1824889,-0.020603824,0.6866269,-1.2693849,0.055359907,0.75188065,-1.1815459,0.004666278,0.61977553,-1.1876408,0.0,0.0,0.0,0.0,0.0,0.0,0.0,0.0,0.0,0.0,0.0,0.0,0.0,0.0,0.0,0.0,0.5779976,-0.21469735,0.38772866,-0.026992746,50.0,50.0,50.0,50.0,50.0,50.0,50.0,50.0,50.0,50.0,50.0,50.0,0.0,0.0,0.0,0.0,1.0,1.0,1.0,1.0,1.0,1.0,1.0,1.0,1.0,1.0,1.0,1.0,0.5,0.5,0.5,0.5
1788446264.1398873,764,19.049549000556,5.9726999988924945,10694552,1,0.0,0.0,0.0,0.07502031,0.71128786,-1.2990743,-0.0510102,0.71293724,-1.3322797,0.09412032,0.72794354,-1.3157085,-0.029719949,0.62460625,-1.2848413,25.937277,30.390343,-44.637615,-6.2526126,0.023253143,-0.11626572,-0.022242136,-0.054257333,-0.019377619,-0.044484273,-0.077510476,-0.12401676,0.014154087,0.0038755238,-0.06200838,-0.010110063,-0.038755238,-0.011626571,-0.15502095,0.011626571,0.04508732,0.6768353,-1.1817048,-0.022353064,0.69386,-1.274054,0.053796604,0.74783206,-1.1876171,0.005750586,0.620757,-1.1720928,0.0,0.0,0.0,0.0,0.0,0.0,0.0,0.0,0.0,0.0,0.0,0.0,0.0,0.0,0.0,0.0,0.6959839,-0.11746526,0.123752125,0.013492592,50.0,50.0,50.0,50.0,50.0,50.0,50.0,50.0,50.0,50.0,50.0,50.0,0.0,0.0,0.0,0.0,1.0,1.0,1.0,1.0,1.0,1.0,1.0,1.0,1.0,1.0,1.0,1.0,0.5,0.5,0.5,0.5
1788446264.1578813,765,16.167551000762614,4.035207999550039,10694571,1,0.0,0.0,0.0,0.074566126,0.7102282,-1.2986794,-0.051191866,0.7120894,-1.3333066,0.09354505,0.72694445,-1.3157085,-0.029931903,0.622941,-1.2845727,25.938911,30.390404,-44.641037,-6.252522,0.06200838,-0.10851467,-0.012132075,0.096888095,-0.027128667,-0.09907861,-0.04263076,-0.13176781,0.03437421,-0.023253143,-0.03100419,-0.02426415,0.10076362,-0.0077510476,-0.28291324,0.038755238,0.04885275,0.67242634,-1.1859592,-0.021629399,0.7025197,-1.2697847,0.050532684,0.74241304,-1.188644,0.0036117313,0.62609357,-1.1675227,0.0,0.0,0.0,0.0,0.0,0.0,0.0,0.0,0.0,0.0,0.0,0.0,0.0,0.0,0.0,0.0,0.7744458,-0.13185479,0.06604901,0.056496263,50.0,50.0,50.0,50.0,50.0,50.0,50.0,50.0,50.0,50.0,50.0,50.0,0.0,0.0,0.0,0.0,1.0,1.0,1.0,1.0,1.0,1.0,1.0,1.0,1.0,1.0,1.0,1.0,0.5,0.5,0.5,0.5
1788446264.1809442,766,18.800174999341834,4.265638999640942,10694594,1,0.0,0.0,0.0,0.07453585,0.7088959,-1.2987584,-0.051555194,0.7119683,-1.3357394,0.09369643,0.72609663,-1.3157876,-0.02968967,0.6209427,-1.2842252,25.943787,30.390465,-44.648186,-6.2524614,0.038755238,-0.11239019,0.0,0.0077510476,0.034879714,-0.16378301,0.05038181,0.011626571,-0.032352198,-0.0077510476,-0.08526152,-0.010110063,0.14339438,0.023253143,-0.37980133,0.038755238,0.051081296,0.6682538,-1.1917872,-0.021803604,0.7057196,-1.2637341,0.048159905,0.7345432,-1.1852785,0.00021514762,0.63299,-1.179292,0.0,0.0,0.0,0.0,0.0,0.0,0.0,0.0,0.0,0.0,0.0,0.0,0.0,0.0,0.0,0.0,0.61269677,-0.19562706,-0.019972567,0.026641078,50.0,50.0,50.0,50.0,50.0,50.0,50.0,50.0,50.0,50.0,50.0,50.0,0.0,0.0,0.0,0.0,1.0,1.0,1.0,1.0,1.0,1.0,1.0,1.0,1.0,1.0,1.0,1.0,0.5,0.5,0.5,0.5
1788446264.2010376,767,18.181587000071886,6.002586998874904,10694613,1,0.0,0.0,0.0,0.074596405,0.7066251,-1.2989163,-0.051676303,0.71202886,-1.3378246,0.094029486,0.7254911,-1.315756,-0.029417157,0.6200647,-1.2840989,25.948206,30.390404,-44.655056,-6.2524314,0.0038755238,-0.10851467,0.050550308,0.038755238,0.0,-0.115254715,0.054257333,-0.038755238,0.042462263,-0.023253143,-0.04263076,0.0,0.28291324,0.011626571,-0.2906643,0.0077510476,0.050807647,0.6730747,-1.2011507,-0.020967562,0.706091,-1.2590429,0.049250185,0.73163766,-1.1794813,-0.002102206,0.63339365,-1.1857721,0.0,0.0,0.0,0.0,0.0,0.0,0.0,0.0,0.0,0.0,0.0,0.0,0.0,0.0,0.0,0.0,0.7004634,-0.33470726,0.030474607,0.019929633,50.0,50.0,50.0,50.0,50.0,50.0,50.0,50.0,50.0,50.0,50.0,50.0,0.0,0.0,0.0,0.0,1.0,1.0,1.0,1.0,1.0,1.0,1.0,1.0,1.0,1.0,1.0,1.0,0.5,0.5,0.5,0.5
1788446264.2228878,768,19.960679999712738,6.069179000405711,10694634,1,0.0,0.0,0.0,0.07438457,0.7042029,-1.2990586,-0.052160747,0.71163523,-1.3384721,0.09436254,0.7246736,-1.315756,-0.029084146,0.6197013,-1.2843832,25.95393,30.390312,-44.658356,-6.252522,-0.046506286,-0.13564333,-0.012132075,-0.0077510476,-0.038755238,-0.028308174,0.0038755238,-0.10463915,-0.010110063,-0.0077510476,-0.034879714,-0.036396224,0.2751622,0.015502095,-0.12014124,-0.019377619,0.04908204,0.6804015,-1.2055093,-0.021283254,0.7081188,-1.2611125,0.051006816,0.73279643,-1.1660217,-0.0027508251,0.63394326,-1.1882131,0.0,0.0,0.0,0.0,0.0,0.0,0.0,0.0,0.0,0.0,0.0,0.0,0.0,0.0,0.0,0.0,0.6576668,-0.52344745,0.019842768,-0.016211346,50.0,50.0,50.0,50.0,50.0,50.0,50.0,50.0,50.0,50.0,50.0,50.0,0.0,0.0,0.0,0.0,1.0,1.0,1.0,1.0,1.0,1.0,1.0,1.0,1.0,1.0,1.0,1.0,0.5,0.5,0.5,0.5
1788446264.2443027,769,20.517956001640414,6.50706399937917,10694654,1,0.0,0.0,0.0,0.0739001,0.7029313,-1.2991375,-0.052705742,0.71063614,-1.3384407,0.09439282,0.7238864,-1.3157085,-0.029114425,0.6188233,-1.2845254,25.958803,30.390131,-44.659206,-6.2530065,0.038755238,-0.096888095,0.022242136,-0.04263076,-0.034879714,-0.020220125,-0.0077510476,-0.03100419,0.012132075,0.054257333,-0.054257333,0.014154087,0.14339438,0.023253143,0.015502095,0.07363495,0.04546149,0.68421954,-1.1961931,-0.023713637,0.6921532,-1.2714138,0.055216268,0.73980457,-1.170052,0.00055962964,0.6231977,-1.1877034,0.0,0.0,0.0,0.0,0.0,0.0,0.0,0.0,0.0,0.0,0.0,0.0,0.0,0.0,0.0,0.0,0.5243752,-0.6129688,-0.14745371,-0.01633782,50.0,50.0,50.0,50.0,50.0,50.0,50.0,50.0,50.0,50.0,50.0,50.0,0.0,0.0,0.0,0.0,1.0,1.0,1.0,1.0,1.0,1.0,1.0,1.0,1.0,1.0,1.0,1.0,0.5,0.5,0.5,0.5
1788446264.2618656,770,16.8540419999772,5.921500000113156,10694676,1,0.0,0.0,0.0,0.07368815,0.7019018,-1.2992322,-0.05294796,0.71003056,-1.338488,0.094241425,0.72222114,-1.3150609,-0.029356599,0.6174608,-1.2845411,25.960863,30.389435,-44.659176,-6.252976,0.015502095,-0.077510476,0.014154087,0.0,-0.04263076,-0.012132075,-0.011626571,-0.18214962,0.022242136,-0.06200838,-0.023253143,0.022242136,0.019377619,-0.05813286,-0.046506286,0.0,0.043624993,0.6835325,-1.186098,-0.024783207,0.68411577,-1.2758375,0.05537253,0.7476442,-1.1809908,0.004184803,0.61288536,-1.1821749,0.0,0.0,0.0,0.0,0.0,0.0,0.0,0.0,0.0,0.0,0.0,0.0,0.0,0.0,0.0,0.0,0.40306264,-0.54510975,-0.29841185,-0.16882318,50.0,50.0,50.0,50.0,50.0,50.0,50.0,50.0,50.0,50.0,50.0,50.0,0.0,0.0,0.0,0.0,1.0,1.0,1.0,1.0,1.0,1.0,1.0,1.0,1.0,1.0,1.0,1.0,0.5,0.5,0.5,0.5
1788446264.282944,771,17.265815999053302,6.093563999456819,10694696,1,0.0,0.0,0.0,0.073445916,0.7010238,-1.2991059,-0.05306907,0.70700276,-1.3391988,0.09412032,0.72149444,-1.3149029,-0.029477715,0.6157955,-1.2845411,25.960682,30.387285,-44.659447,-6.252946,0.027128667,-0.07363495,0.0080880495,0.0,-0.1472699,-0.08694653,-0.06200838,-0.13564333,0.014154087,-0.08526152,0.038755238,0.0020220124,-0.0038755238,-0.03100419,-0.07363495,0.015502095,0.04333678,0.67558515,-1.1796439,-0.02459844,0.68753046,-1.2745168,0.051824905,0.7470675,-1.1889843,0.0049094358,0.6137891,-1.175543,0.0,0.0,0.0,0.0,0.0,0.0,0.0,0.0,0.0,0.0,0.0,0.0,0.0,0.0,0.0,0.0,0.29414856,-0.4942985,-0.31524324,-0.30483174,50.0,50.0,50.0,50.0,50.0,50.0,50.0,50.0,50.0,50.0,50.0,50.0,0.0,0.0,0.0,0.0,1.0,1.0,1.0,1.0,1.0,1.0,1.0,1.0,1.0,1.0,1.0,1.0,0.5,0.5,0.5,0.5
1788446264.3038251,772,17.72827700006019,6.7382309989625355,10694718,1,0.0,0.0,0.0,0.07326424,0.69966125,-1.2989638,-0.05331129,0.70576143,-1.3404784,0.0941506,0.7214036,-1.3150134,-0.029417157,0.61243474,-1.2844306,25.960499,30.387043,-44.66317,-6.252855,0.019377619,-0.05813286,0.030330187,-0.046506286,-0.023253143,-0.044484273,0.019377619,0.019377619,-0.0020220124,-0.046506286,-0.06975943,0.026286162,-0.019377619,0.015502095,-0.32166848,0.027128667,0.045925613,0.6678579,-1.187327,-0.023367291,0.6920641,-1.2691296,0.047533758,0.7374168,-1.1923474,0.003616485,0.6192381,-1.1701657,0.0,0.0,0.0,0.0,0.0,0.0,0.0,0.0,0.0,0.0,0.0,0.0,0.0,0.0,0.0,0.0,0.3107272,-0.51584804,-0.3459875,-0.3733799,50.0,50.0,50.0,50.0,50.0,50.0,50.0,50.0,50.0,50.0,50.0,50.0,0.0,0.0,0.0,0.0,1.0,1.0,1.0,1.0,1.0,1.0,1.0,1.0,1.0,1.0,1.0,1.0,0.5,0.5,0.5,0.5
1788446264.325827,773,19.114155998977367,6.0952280000492465,10694737,1,0.0,0.0,0.0,0.07287061,0.6983594,-1.2988689,-0.053644344,0.70545864,-1.3409681,0.094090044,0.7217972,-1.3150766,-0.029356599,0.61152637,-1.2842884,25.96044,30.387012,-44.67171,-6.252946,0.0,-0.06975943,-0.012132075,-0.054257333,-0.011626571,-0.046506286,-0.038755238,0.04263076,-0.012132075,-0.03100419,-0.03100419,-0.016176099,-0.06200838,0.038755238,-0.64721245,-0.038755238,0.04715796,0.67242223,-1.1907965,-0.023379127,0.69651985,-1.2651919,0.046993054,0.7378435,-1.1886904,0.0007831033,0.62151486,-1.1671228,0.0,0.0,0.0,0.0,0.0,0.0,0.0,0.0,0.0,0.0,0.0,0.0,0.0,0.0,0.0,0.0,0.35749024,-0.55011773,-0.30353677,-0.44469023,50.0,50.0,50.0,50.0,50.0,50.0,50.0,50.0,50.0,50.0,50.0,50.0,0.0,0.0,0.0,0.0,1.0,1.0,1.0,1.0,1.0,1.0,1.0,1.0,1.0,1.0,1.0,1.0,0.5,0.5,0.5,0.5
1788446264.3449137,774,17.91310799853818,4.086982999069733,10694757,1,0.0,0.0,0.0,0.07256782,0.69723916,-1.2989163,-0.05400767,0.7053981,-1.3414261,0.09399921,0.7224028,-1.3150924,-0.02932632,0.61128414,-1.2842095,25.960499,30.38692,-44.68288,-6.2530065,0.0,-0.023253143,0.054594334,-0.0077510476,0.0077510476,0.0,-0.04263076,0.05038181,-0.0080880495,-0.06200838,-0.0077510476,-0.0060660373,0.019377619,0.0077510476,-0.51544464,0.038755238,0.04770035,0.6704658,-1.1907717,-0.02493813,0.69256186,-1.2645892,0.047460333,0.73830783,-1.1890175,0.00085827266,0.6194948,-1.1708676,0.0,0.0,0.0,0.0,0.0,0.0,0.0,0.0,0.0,0.0,0.0,0.0,0.0,0.0,0.0,0.0,0.30980492,-0.7151651,-0.2696477,-0.4297415,50.0,50.0,50.0,50.0,50.0,50.0,50.0,50.0,50.0,50.0,50.0,50.0,0.0,0.0,0.0,0.0,1.0,1.0,1.0,1.0,1.0,1.0,1.0,1.0,1.0,1.0,1.0,1.0,0.5,0.5,0.5,0.5
1788446264.3650692,775,16.943450000326266,7.2750599993014475,10694780,1,0.0,0.0,0.0,0.07232559,0.6968758,-1.2990427,-0.054431558,0.7051861,-1.341979,0.094059765,0.722857,-1.315045,-0.02932632,0.6106786,-1.2840831,25.960499,30.3868,-44.689724,-6.2534304,0.011626571,-0.06200838,-0.0040440247,0.054257333,-0.06975943,-0.050550308,-0.023253143,0.046506286,-0.0060660373,0.0038755238,0.0,-0.0080880495,-0.054257333,0.046506286,-0.29841533,0.027128667,0.045961063,0.672978,-1.1824152,-0.027351718,0.69625473,-1.2729051,0.04997296,0.7418415,-1.1872793,0.00032706675,0.6172486,-1.1751416,0.0,0.0,0.0,0.0,0.0,0.0,0.0,0.0,0.0,0.0,0.0,0.0,0.0,0.0,0.0,0.0,0.28325155,-0.72394735,-0.19234526,-0.42452133,50.0,50.0,50.0,50.0,50.0,50.0,50.0,50.0,50.0,50.0,50.0,50.0,0.0,0.0,0.0,0.0,1.0,1.0,1.0,1.0,1.0,1.0,1.0,1.0,1.0,1.0,1.0,1.0,0.5,0.5,0.5,0.5
1788446264.4088287,776,33.67784500005655,17.896691999339964,10694806,1,0.0,0.0,0.0,0.07196236,0.696028,-1.2989795,-0.054885723,0.70403564,-1.3420265,0.094029486,0.7235533,-1.315045,-0.029356599,0.6097703,-1.2841463,25.960499,30.385801,-44.696808,-6.2547626,-0.015502095,0.0,0.036396224,-0.019377619,-0.034879714,-0.014154087,-0.038755238,0.12014124,-0.010110063,-0.015502095,-0.027128667,-0.012132075,-0.03100419,-0.065883905,-0.38367686,0.027128667,0.04507031,0.6713832,-1.1796833,-0.028363638,0.6929247,-1.2773613,0.050828412,0.7441541,-1.1906041,0.0014776175,0.6133347,-1.1745497,0.0,0.0,0.0,0.0,0.0,0.0,0.0,0.0,0.0,0.0,0.0,0.0,0.0,0.0,0.0,0.0,0.27052438,-0.83329725,-0.21746904,-0.5409729,50.0,50.0,50.0,50.0,50.0,50.0,50.0,50.0,50.0,50.0,50.0,50.0,0.0,0.0,0.0,0.0,1.0,1.0,1.0,1.0,1.0,1.0,1.0,1.0,1.0,1.0,1.0,1.0,0.5,0.5,0.5,0.5
1788446264.4230258,777,12.956209999174462,5.258240000330261,10694842,1,0.0,0.0,0.0,0.071659565,0.69508946,-1.2989006,-0.05524905,0.7039145,-1.3426743,0.09399921,0.725037,-1.315045,-0.029477715,0.60849863,-1.2841936,25.960468,30.383379,-44.70898,-6.2570333,-0.015502095,-0.054257333,0.020220125,0.04263076,0.023253143,-0.026286162,-0.038755238,0.03100419,-0.022242136,0.0038755238,0.038755238,0.0060660373,-0.038755238,-0.05813286,-0.30229086,-0.046506286,0.043674327,0.67322636,-1.176173,-0.028699545,0.6887561,-1.2809453,0.051662624,0.7477135,-1.1952299,0.0041072164,0.60903513,-1.1677556,0.0,0.0,0.0,0.0,0.0,0.0,0.0,0.0,0.0,0.0,0.0,0.0,0.0,0.0,0.0,0.0,0.33498877,-0.8754387,-0.19440907,-0.58287406,50.0,50.0,50.0,50.0,50.0,50.0,50.0,50.0,50.0,50.0,50.0,50.0,0.0,0.0,0.0,0.0,1.0,1.0,1.0,1.0,1.0,1.0,1.0,1.0,1.0,1.0,1.0,1.0,0.5,0.5,0.5,0.5
1788446264.4420192,778,11.483547001262195,4.200453999146703,10694862,1,0.0,0.0,0.0,0.071689844,0.69439304,-1.2989479,-0.05524905,0.7032181,-1.3430691,0.09399921,0.72515804,-1.315045,-0.029447436,0.6077417,-1.2842411,25.960499,30.382168,-44.71301,-6.257518,0.08526152,-0.10851467,-0.04044025,0.046506286,-0.019377619,-0.020220125,-0.0077510476,-0.0077510476,0.020220125,0.0038755238,-0.054257333,-0.020220125,0.027128667,0.027128667,-0.25578457,0.03100419,0.044502113,0.6716985,-1.1767848,-0.029199239,0.69281507,-1.2814087,0.05128157,0.7472947,-1.1926892,0.004652048,0.6111901,-1.1677818,0.0,0.0,0.0,0.0,0.0,0.0,0.0,0.0,0.0,0.0,0.0,0.0,0.0,0.0,0.0,0.0,0.34198046,-0.94879746,-0.20444033,-0.6072087,50.0,50.0,50.0,50.0,50.0,50.0,50.0,50.0,50.0,50.0,50.0,50.0,0.0,0.0,0.0,0.0,1.0,1.0,1.0,1.0,1.0,1.0,1.0,1.0,1.0,1.0,1.0,1.0,0.5,0.5,0.5,0.5
1788446264.4649482,779,14.343593999001314,5.979003999527777,10694881,1,0.0,0.0,0.0,0.071629286,0.6939994,-1.2988847,-0.05530961,0.7022795,-1.3436062,0.094090044,0.72527915,-1.3151083,-0.029356599,0.6062884,-1.2840831,25.960499,30.382048,-44.71561,-6.258184,0.038755238,-0.06975943,0.0,0.038755238,0.05813286,-0.0485283,-0.015502095,-0.046506286,0.0,-0.034879714,-0.065883905,0.0060660373,0.034879714,0.038755238,-0.15889648,-0.05038181,0.04588321,0.66804373,-1.1871899,-0.027393665,0.6962907,-1.2758979,0.049591407,0.7393563,-1.1896007,0.003311567,0.61822325,-1.1695275,0.0,0.0,0.0,0.0,0.0,0.0,0.0,0.0,0.0,0.0,0.0,0.0,0.0,0.0,0.0,0.0,0.3513447,-1.0173736,-0.13005853,-0.6390039,50.0,50.0,50.0,50.0,50.0,50.0,50.0,50.0,50.0,50.0,50.0,50.0,0.0,0.0,0.0,0.0,1.0,1.0,1.0,1.0,1.0,1.0,1.0,1.0,1.0,1.0,1.0,1.0,0.5,0.5,0.5,0.5
1788446264.4850166,780,14.338825998493121,5.995675999656669,10694902,1,0.0,0.0,0.0,0.071659565,0.69348466,-1.2989006,-0.05530961,0.7024006,-1.3443329,0.09433226,0.72530943,-1.3150924,-0.029084146,0.6060765,-1.2840989,25.960499,30.381594,-44.71858,-6.2598796,-0.019377619,0.0,0.026286162,-0.0077510476,0.11626572,-0.06268239,0.019377619,-0.027128667,-0.0060660373,-0.019377619,-0.04263076,-0.020220125,-0.0077510476,-0.034879714,-0.20152724,-0.14339438,0.04439482,0.67556113,-1.1824101,-0.02818023,0.68836915,-1.2781075,0.05292806,0.7474059,-1.1905147,0.0045910073,0.60971713,-1.173098,0.0,0.0,0.0,0.0,0.0,0.0,0.0,0.0,0.0,0.0,0.0,0.0,0.0,0.0,0.0,0.0,0.28745556,-1.0551357,-0.09933129,-0.67593694,50.0,50.0,50.0,50.0,50.0,50.0,50.0,50.0,50.0,50.0,50.0,50.0,0.0,0.0,0.0,0.0,1.0,1.0,1.0,1.0,1.0,1.0,1.0,1.0,1.0,1.0,1.0,1.0,0.5,0.5,0.5,0.5
1788446264.5050542,781,14.307912999356631,6.037884000761551,10694922,1,0.0,0.0,0.0,0.07181096,0.6928792,-1.2992797,-0.05512794,0.70255196,-1.344475,0.09436254,0.7250067,-1.315045,-0.029053867,0.60680306,-1.2840989,25.960499,30.380291,-44.723606,-6.262453,-0.06975943,-0.11239019,0.0020220124,0.03100419,0.03100419,-0.02426415,-0.019377619,-0.081386,0.020220125,-0.038755238,0.06975943,0.0,-0.054257333,-0.10463915,-0.24803352,-0.15889648,0.043056116,0.6793462,-1.1789109,-0.02822555,0.6827048,-1.2756612,0.053470895,0.7540604,-1.1914073,0.005057616,0.60580856,-1.1751482,0.0,0.0,0.0,0.0,0.0,0.0,0.0,0.0,0.0,0.0,0.0,0.0,0.0,0.0,0.0,0.0,0.118715875,-1.1361544,-0.16500899,-0.7761312,50.0,50.0,50.0,50.0,50.0,50.0,50.0,50.0,50.0,50.0,50.0,50.0,0.0,0.0,0.0,0.0,1.0,1.0,1.0,1.0,1.0,1.0,1.0,1.0,1.0,1.0,1.0,1.0,0.5,0.5,0.5,0.5
1788446264.5308263,782,20.012614999359357,5.993243999910192,10694942,1,0.0,0.0,0.0,0.072022915,0.6931213,-1.2993113,-0.054916,0.702007,-1.3445382,0.0945442,0.72591496,-1.3150609,-0.02896303,0.60610676,-1.2840831,25.96041,30.377535,-44.72972,-6.2655416,0.06975943,-0.011626571,0.044484273,0.0038755238,-0.011626571,-0.0060660373,-0.065883905,0.019377619,-0.0080880495,-0.038755238,0.038755238,0.052572325,-0.077510476,-0.15889648,-0.34879714,-0.08913705,0.042435836,0.67277884,-1.1740593,-0.02925544,0.6805917,-1.2794396,0.05317299,0.752802,-1.1976073,0.0055173906,0.6042287,-1.1757541,0.0,0.0,0.0,0.0,0.0,0.0,0.0,0.0,0.0,0.0,0.0,0.0,0.0,0.0,0.0,0.0,0.020162724,-1.1084206,-0.20215768,-0.7899885,50.0,50.0,50.0,50.0,50.0,50.0,50.0,50.0,50.0,50.0,50.0,50.0,0.0,0.0,0.0,0.0,1.0,1.0,1.0,1.0,1.0,1.0,1.0,1.0,1.0,1.0,1.0,1.0,0.5,0.5,0.5,0.5
1788446264.550926,783,19.181773001037072,7.796656998834806,10694962,1,0.0,0.0,0.0,0.07217431,0.6931819,-1.299327,-0.054764614,0.70146203,-1.344475,0.09460476,0.72745913,-1.3150609,-0.028902471,0.60538006,-1.2841147,25.960075,30.375084,-44.735806,-6.268145,0.011626571,0.0,0.0040440247,0.038755238,0.015502095,0.010110063,0.04263076,0.023253143,0.026286162,-0.0077510476,0.0,0.016176099,-0.09301257,-0.046506286,-0.3604237,-0.13176781,0.04356441,0.66828775,-1.1750697,-0.029181588,0.6896436,-1.2819182,0.05215642,0.74692327,-1.19293,0.0047096647,0.6074033,-1.1746485,0.0,0.0,0.0,0.0,0.0,0.0,0.0,0.0,0.0,0.0,0.0,0.0,0.0,0.0,0.0,0.0,0.0668598,-1.0609258,-0.22942565,-0.8612516,50.0,50.0,50.0,50.0,50.0,50.0,50.0,50.0,50.0,50.0,50.0,50.0,0.0,0.0,0.0,0.0,1.0,1.0,1.0,1.0,1.0,1.0,1.0,1.0,1.0,1.0,1.0,1.0,0.5,0.5,0.5,0.5
1788446264.5710366,784,19.248747999881743,5.980764000923955,10694982,1,0.0,0.0,0.0,0.07223475,0.6927278,-1.2992954,-0.054734334,0.7013712,-1.3445225,0.09478642,0.728428,-1.3151556,-0.028690517,0.60525894,-1.2841305,25.960014,30.373812,-44.74162,-6.270053,0.07363495,-0.023253143,0.0,0.0038755238,0.081386,-0.012132075,0.0077510476,0.046506286,-0.038418237,-0.023253143,0.0077510476,-0.02426415,-0.0038755238,0.038755238,-0.3604237,-0.09301257,0.046069633,0.66965383,-1.1784093,-0.02823664,0.6914595,-1.2775085,0.05114702,0.7462365,-1.1933187,0.0039137807,0.61286676,-1.1753772,0.0,0.0,0.0,0.0,0.0,0.0,0.0,0.0,0.0,0.0,0.0,0.0,0.0,0.0,0.0,0.0,0.09655785,-1.0859947,-0.1675601,-0.8101715,50.0,50.0,50.0,50.0,50.0,50.0,50.0,50.0,50.0,50.0,50.0,50.0,0.0,0.0,0.0,0.0,1.0,1.0,1.0,1.0,1.0,1.0,1.0,1.0,1.0,1.0,1.0,1.0,0.5,0.5,0.5,0.5
1788446264.5898442,785,17.869268000140437,5.399743999078055,10695001,1,0.0,0.0,0.0,0.07229531,0.692425,-1.2992954,-0.054643504,0.70188594,-1.3446488,0.09505892,0.7287611,-1.3151083,-0.028448284,0.60538006,-1.2840831,25.960045,30.37375,-44.74583,-6.2723236,0.03100419,-0.03100419,0.0080880495,0.027128667,0.0,-0.032352198,-0.04263076,0.023253143,0.014154087,0.0077510476,0.0038755238,-0.0020220124,0.0038755238,0.05813286,-0.1782741,-0.13564333,0.046533346,0.6708821,-1.1824476,-0.028469782,0.6897136,-1.2750553,0.05196687,0.7463493,-1.1964985,0.0045530223,0.6112584,-1.1757269,0.0,0.0,0.0,0.0,0.0,0.0,0.0,0.0,0.0,0.0,0.0,0.0,0.0,0.0,0.0,0.0,0.06164167,-1.1111805,-0.066524595,-0.83194184,50.0,50.0,50.0,50.0,50.0,50.0,50.0,50.0,50.0,50.0,50.0,50.0,0.0,0.0,0.0,0.0,1.0,1.0,1.0,1.0,1.0,1.0,1.0,1.0,1.0,1.0,1.0,1.0,0.5,0.5,0.5,0.5
1788446264.6079557,786,15.818176998436684,4.101896000065608,10695024,1,0.0,0.0,0.0,0.07256782,0.69251585,-1.2993586,-0.054492116,0.702007,-1.3446488,0.095391974,0.7294272,-1.3150924,-0.02817583,0.6062884,-1.2840673,25.960045,30.373146,-44.75113,-6.27411,0.015502095,0.015502095,0.010110063,-0.023253143,0.023253143,0.0040440247,-0.0077510476,0.019377619,0.014154087,-0.054257333,0.06975943,0.0,-0.0038755238,0.015502095,-0.34492162,-0.03100419,0.04714446,0.6703717,-1.1823732,-0.027127255,0.68619835,-1.271136,0.050289378,0.7485561,-1.2005517,0.00390749,0.6094205,-1.1776394,0.0,0.0,0.0,0.0,0.0,0.0,0.0,0.0,0.0,0.0,0.0,0.0,0.0,0.0,0.0,0.0,-0.032435134,-1.1457361,-0.09830578,-0.84965885,50.0,50.0,50.0,50.0,50.0,50.0,50.0,50.0,50.0,50.0,50.0,50.0,0.0,0.0,0.0,0.0,1.0,1.0,1.0,1.0,1.0,1.0,1.0,1.0,1.0,1.0,1.0,1.0,0.5,0.5,0.5,0.5
1788446264.6342516,787,21.433791000163183,6.14383500033,10695043,1,0.0,0.0,0.0,0.072749496,0.6925764,-1.2994851,-0.054340728,0.702007,-1.344633,0.09560393,0.7301235,-1.315124,-0.027933598,0.60634893,-1.2840831,25.960014,30.372236,-44.75606,-6.2757144,0.065883905,0.015502095,-0.022242136,0.038755238,0.027128667,0.016176099,0.023253143,0.0,-0.0060660373,0.0038755238,0.046506286,-0.030330187,-0.038755238,-0.015502095,-0.29841533,-0.09301257,0.0453419,0.6704528,-1.1726868,-0.028157946,0.684652,-1.2795266,0.052326582,0.7513679,-1.1979715,0.0056939195,0.60660505,-1.178855,0.0,0.0,0.0,0.0,0.0,0.0,0.0,0.0,0.0,0.0,0.0,0.0,0.0,0.0,0.0,0.0,-0.09359341,-1.0520726,-0.11513217,-0.8691436,50.0,50.0,50.0,50.0,50.0,50.0,50.0,50.0,50.0,50.0,50.0,50.0,0.0,0.0,0.0,0.0,1.0,1.0,1.0,1.0,1.0,1.0,1.0,1.0,1.0,1.0,1.0,1.0,0.5,0.5,0.5,0.5
1788446264.6522644,788,17.305303999819444,6.592855999770109,10695066,1,0.0,0.0,0.0,0.07290089,0.6924856,-1.2995324,-0.05409851,0.7018254,-1.3446014,0.09554337,0.7310319,-1.3151399,-0.027933598,0.6064095,-1.2840673,25.959894,30.371298,-44.760605,-6.2776523,0.07363495,-0.03100419,-0.0080880495,0.038755238,0.05038181,-0.02426415,0.03100419,-0.015502095,0.0060660373,0.0,0.046506286,0.010110063,-0.09301257,0.054257333,-0.16664752,-0.077510476,0.046915,0.6694704,-1.1769204,-0.027566439,0.69002616,-1.2805274,0.051532038,0.7501898,-1.1961155,0.0062441677,0.6082725,-1.1758455,0.0,0.0,0.0,0.0,0.0,0.0,0.0,0.0,0.0,0.0,0.0,0.0,0.0,0.0,0.0,0.0,-0.013901442,-1.0574832,-0.07511344,-0.8323013,50.0,50.0,50.0,50.0,50.0,50.0,50.0,50.0,50.0,50.0,50.0,50.0,0.0,0.0,0.0,0.0,1.0,1.0,1.0,1.0,1.0,1.0,1.0,1.0,1.0,1.0,1.0,1.0,0.5,0.5,0.5,0.5
1788446264.6709297,789,15.303012000003946,5.912955999519909,10695085,1,0.0,0.0,0.0,0.07287061,0.69236445,-1.2993745,-0.05412878,0.70170426,-1.3446646,0.09560393,0.73169804,-1.315124,-0.027903318,0.6063792,-1.2840989,25.959713,30.371178,-44.762512,-6.280014,0.0,-0.08526152,-0.012132075,-0.046506286,-0.06975943,-0.018198112,0.03100419,-0.05813286,0.020220125,-0.015502095,0.05813286,-0.030330187,-0.07363495,0.034879714,-0.11626572,-0.12401676,0.046354473,0.67305964,-1.1782446,-0.027040597,0.6943783,-1.2795955,0.051616922,0.7504597,-1.1963195,0.00507393,0.60999936,-1.1731703,0.0,0.0,0.0,0.0,0.0,0.0,0.0,0.0,0.0,0.0,0.0,0.0,0.0,0.0,0.0,0.0,0.02870202,-1.1667763,0.022827163,-0.8921644,50.0,50.0,50.0,50.0,50.0,50.0,50.0,50.0,50.0,50.0,50.0,50.0,0.0,0.0,0.0,0.0,1.0,1.0,1.0,1.0,1.0,1.0,1.0,1.0,1.0,1.0,1.0,1.0,0.5,0.5,0.5,0.5
1788446264.6928988,790,16.812826999739627,7.946256000650465,10695108,1,0.0,0.0,0.0,0.07293117,0.6923342,-1.2994218,-0.05409851,0.7020373,-1.3446962,0.09557365,0.73203105,-1.315124,-0.02784276,0.60674256,-1.2840989,25.959713,30.371147,-44.764088,-6.2823153,0.034879714,-0.04263076,-0.010110063,0.046506286,-0.07363495,-0.018198112,0.0,-0.0077510476,0.0060660373,0.0,0.054257333,-0.0485283,-0.046506286,0.038755238,-0.10463915,-0.06200838,0.048257988,0.66765314,-1.184912,-0.026725462,0.69819367,-1.2722996,0.049550913,0.743482,-1.1929919,0.0030532815,0.61828184,-1.1781043,0.0,0.0,0.0,0.0,0.0,0.0,0.0,0.0,0.0,0.0,0.0,0.0,0.0,0.0,0.0,0.0,-0.06493881,-1.2445142,0.10685675,-0.84216744,50.0,50.0,50.0,50.0,50.0,50.0,50.0,50.0,50.0,50.0,50.0,50.0,0.0,0.0,0.0,0.0,1.0,1.0,1.0,1.0,1.0,1.0,1.0,1.0,1.0,1.0,1.0,1.0,0.5,0.5,0.5,0.5
1788446264.7109666,791,14.243849998820224,4.705732000729768,10695127,1,0.0,0.0,0.0,0.07253754,0.69251585,-1.2993745,-0.054340728,0.7024006,-1.3446803,0.09557365,0.73236406,-1.3151083,-0.02784276,0.60710585,-1.2840515,25.959772,30.370844,-44.764904,-6.2849793,-0.015502095,0.06200838,0.010110063,-0.081386,-0.0077510476,-0.0040440247,-0.03100419,0.019377619,0.032352198,0.0,0.08526152,-0.020220125,0.023253143,-0.034879714,-0.065883905,-0.14339438,0.049295504,0.66300476,-1.1956753,-0.024932666,0.6967321,-1.2651765,0.047363356,0.7363429,-1.1888614,0.00047664088,0.62276745,-1.182774,0.0,0.0,0.0,0.0,0.0,0.0,0.0,0.0,0.0,0.0,0.0,0.0,0.0,0.0,0.0,0.0,-0.14296705,-1.2498404,0.22052051,-0.8743543,50.0,50.0,50.0,50.0,50.0,50.0,50.0,50.0,50.0,50.0,50.0,50.0,0.0,0.0,0.0,0.0,1.0,1.0,1.0,1.0,1.0,1.0,1.0,1.0,1.0,1.0,1.0,1.0,0.5,0.5,0.5,0.5
1788446264.7349052,792,18.11157100019045,7.786064999891096,10695148,1,0.0,0.0,0.0,0.07184124,0.6921222,-1.2992322,-0.055006832,0.7025217,-1.344633,0.09551309,0.73230356,-1.3151083,-0.027903318,0.6085895,-1.2840831,25.959682,30.369816,-44.764782,-6.2884917,-0.034879714,-0.054257333,0.05863836,-0.034879714,-0.019377619,-0.020220125,-0.05038181,0.015502095,-0.022242136,0.0,0.027128667,0.0060660373,0.0,-0.023253143,-0.0077510476,-0.2092783,0.05057193,0.66496545,-1.2059088,-0.022972869,0.7012777,-1.2530382,0.045169406,0.7313362,-1.1760827,-0.0032894146,0.6304895,-1.1874346,0.0,0.0,0.0,0.0,0.0,0.0,0.0,0.0,0.0,0.0,0.0,0.0,0.0,0.0,0.0,0.0,-0.16734818,-1.2558029,0.29552436,-0.8372904,50.0,50.0,50.0,50.0,50.0,50.0,50.0,50.0,50.0,50.0,50.0,50.0,0.0,0.0,0.0,0.0,1.0,1.0,1.0,1.0,1.0,1.0,1.0,1.0,1.0,1.0,1.0,1.0,0.5,0.5,0.5,0.5
1788446264.7528965,793,16.033664000133285,5.38451200009149,10695168,1,0.0,0.0,0.0,0.06999421,0.6914258,-1.2990743,-0.05636932,0.7022795,-1.3445857,0.09533143,0.73200077,-1.315045,-0.02817583,0.6090133,-1.2841779,25.95941,30.36709,-44.764297,-6.2932453,-0.054257333,-0.06200838,0.022242136,-0.081386,0.034879714,-0.0080880495,-0.03100419,-0.0038755238,0.022242136,-0.038755238,0.0,-0.016176099,-0.096888095,-0.18602514,0.019377619,-0.24803352,0.05070965,0.66924566,-1.214866,-0.02224732,0.7042517,-1.2480147,0.044443093,0.72638184,-1.1628997,-0.0064396933,0.6377058,-1.1938722,0.0,0.0,0.0,0.0,0.0,0.0,0.0,0.0,0.0,0.0,0.0,0.0,0.0,0.0,0.0,0.0,-0.26609188,-1.3009061,0.33242083,-0.79990864,50.0,50.0,50.0,50.0,50.0,50.0,50.0,50.0,50.0,50.0,50.0,50.0,0.0,0.0,0.0,0.0,1.0,1.0,1.0,1.0,1.0,1.0,1.0,1.0,1.0,1.0,1.0,1.0,0.5,0.5,0.5,0.5
1788446264.773817,794,16.88719400044647,6.091100000048755,10695187,1,0.0,0.0,0.0,0.06820786,0.6908202,-1.2988847,-0.058276802,0.7024006,-1.344475,0.09460476,0.7317283,-1.3146027,-0.02896303,0.60952806,-1.2843043,25.959229,30.3627,-44.763966,-6.298877,-0.09301257,-0.096888095,-0.0080880495,-0.10851467,0.015502095,0.010110063,-0.096888095,0.054257333,0.03437421,-0.12401676,0.0,-0.028308174,-0.07363495,-0.25578457,0.0038755238,-0.34492162,0.048595704,0.67506754,-1.2243875,-0.022360513,0.70488733,-1.2445093,0.044299647,0.7256857,-1.1548159,-0.00902006,0.6404028,-1.1924437,0.0,0.0,0.0,0.0,0.0,0.0,0.0,0.0,0.0,0.0,0.0,0.0,0.0,0.0,0.0,0.0,-0.3184837,-1.235945,0.31631613,-0.7771906,50.0,50.0,50.0,50.0,50.0,50.0,50.0,50.0,50.0,50.0,50.0,50.0,0.0,0.0,0.0,0.0,1.0,1.0,1.0,1.0,1.0,1.0,1.0,1.0,1.0,1.0,1.0,1.0,0.5,0.5,0.5,0.5
1788446264.7917697,795,13.693453000087175,4.938627000228735,10695210,1,0.0,0.0,0.0,0.06484711,0.6901542,-1.2980475,-0.061334834,0.70258224,-1.3445066,0.09348449,0.7301235,-1.3134338,-0.030174136,0.61001253,-1.2845411,25.958744,30.35619,-44.76342,-6.3060827,-0.13564333,-0.07363495,0.09301257,-0.08526152,0.04263076,-0.028308174,-0.09301257,-0.162772,0.042462263,-0.046506286,0.03100419,-0.020220125,-0.13564333,-0.36429924,-0.046506286,-0.31391743,0.050074507,0.6699659,-1.2344447,-0.020194743,0.71414113,-1.2381071,0.038964167,0.7176769,-1.1417559,-0.014723681,0.6494939,-1.1914043,0.0,0.0,0.0,0.0,0.0,0.0,0.0,0.0,0.0,0.0,0.0,0.0,0.0,0.0,0.0,0.0,-0.55402684,-1.165895,0.30012232,-0.7986838,50.0,50.0,50.0,50.0,50.0,50.0,50.0,50.0,50.0,50.0,50.0,50.0,0.0,0.0,0.0,0.0,1.0,1.0,1.0,1.0,1.0,1.0,1.0,1.0,1.0,1.0,1.0,1.0,0.5,0.5,0.5,0.5
1788446264.8141744,796,15.59997000003932,4.175239000687725,10695229,1,0.0,0.0,0.0,0.06133485,0.6885797,-1.294967,-0.06466536,0.70255196,-1.3445225,0.09245506,0.72936666,-1.3117592,-0.031657696,0.6096492,-1.2845254,25.957561,30.346895,-44.762966,-6.3124413,-0.14339438,-0.10851467,0.24466349,-0.19377619,0.015502095,-0.0040440247,-0.10851467,-0.081386,0.119298734,-0.1472699,0.096888095,-0.0040440247,-0.11239019,-0.5541999,-0.0038755238,-0.34879714,0.050785135,0.6628608,-1.2472061,-0.017604833,0.71971256,-1.224467,0.032778002,0.70547736,-1.1355104,-0.02161931,0.66059667,-1.1922956,0.0,0.0,0.0,0.0,0.0,0.0,0.0,0.0,0.0,0.0,0.0,0.0,0.0,0.0,0.0,0.0,-0.8182753,-1.1244999,0.37105602,-0.83955705,50.0,50.0,50.0,50.0,50.0,50.0,50.0,50.0,50.0,50.0,50.0,50.0,0.0,0.0,0.0,0.0,1.0,1.0,1.0,1.0,1.0,1.0,1.0,1.0,1.0,1.0,1.0,1.0,0.5,0.5,0.5,0.5
1788446264.8329654,797,14.325898000606685,5.978331999358488,10695250,1,0.0,0.0,0.0,0.056702375,0.68549144,-1.2902755,-0.069691435,0.70370257,-1.3444908,0.08982091,0.7259755,-1.3088527,-0.034201026,0.60970974,-1.2845411,25.954685,30.335419,-44.762936,-6.3224936,-0.22090487,-0.14339438,0.4084465,-0.32166848,0.08526152,-0.028308174,-0.15114543,-0.19765173,0.12536478,-0.13176781,0.011626571,0.032352198,-0.015502095,-0.7557271,0.05813286,-0.6665901,0.05052824,0.6600186,-1.2596803,-0.016387679,0.7268562,-1.216474,0.026340814,0.69193023,-1.1173005,-0.027623154,0.66851604,-1.1925027,0.0,0.0,0.0,0.0,0.0,0.0,0.0,0.0,0.0,0.0,0.0,0.0,0.0,0.0,0.0,0.0,-0.9138576,-1.0479084,0.32590616,-1.0067325,50.0,50.0,50.0,50.0,50.0,50.0,50.0,50.0,50.0,50.0,50.0,50.0,0.0,0.0,0.0,0.0,1.0,1.0,1.0,1.0,1.0,1.0,1.0,1.0,1.0,1.0,1.0,1.0,0.5,0.5,0.5,0.5
1788446264.8569272,798,18.215219000921934,7.042261000606231,10695270,1,0.0,0.0,0.0,0.053038836,0.68073785,-1.2816503,-0.076049715,0.7051256,-1.344238,0.08646011,0.7227056,-1.3058038,-0.037955463,0.610497,-1.2847308,25.953262,30.322187,-44.76206,-6.3373594,-0.17439857,-0.31391743,0.51763517,-0.30229086,0.06200838,-0.016176099,-0.23253144,-0.12789229,0.22444338,-0.19765173,0.0,0.010110063,-0.077510476,-0.80223346,0.034879714,-0.80610895,0.046127517,0.66619354,-1.2529699,-0.018243695,0.7212505,-1.216554,0.024958743,0.69403523,-1.1085098,-0.03164838,0.6678725,-1.1899148,0.0,0.0,0.0,0.0,0.0,0.0,0.0,0.0,0.0,0.0,0.0,0.0,0.0,0.0,0.0,0.0,-1.0215201,-0.99771446,0.16788824,-1.0983623,50.0,50.0,50.0,50.0,50.0,50.0,50.0,50.0,50.0,50.0,50.0,50.0,0.0,0.0,0.0,0.0,1.0,1.0,1.0,1.0,1.0,1.0,1.0,1.0,1.0,1.0,1.0,1.0,0.5,0.5,0.5,0.5
1788446264.8757844,799,17.001722000713926,5.902044000322348,10695289,1,0.0,0.0,0.0,0.04771006,0.67486405,-1.2760739,-0.080470234,0.70666975,-1.3440642,0.08176708,0.71686196,-1.296847,-0.042557657,0.6115869,-1.2848887,25.95302,30.306475,-44.760574,-6.3544364,-0.27128667,-0.26353562,0.27701572,-0.038755238,0.081386,0.010110063,-0.19377619,-0.36429924,0.59649366,-0.15114543,0.08526152,-0.0060660373,-0.04263076,-0.80610895,0.03100419,-1.0812712,0.04233789,0.6590458,-1.240598,-0.018994406,0.70424193,-1.2078903,0.019350724,0.6937457,-1.1163054,-0.03462647,0.6622986,-1.1829464,0.0,0.0,0.0,0.0,0.0,0.0,0.0,0.0,0.0,0.0,0.0,0.0,0.0,0.0,0.0,0.0,-1.1974152,-0.8129734,-0.07707602,-1.1987407,50.0,50.0,50.0,50.0,50.0,50.0,50.0,50.0,50.0,50.0,50.0,50.0,0.0,0.0,0.0,0.0,1.0,1.0,1.0,1.0,1.0,1.0,1.0,1.0,1.0,1.0,1.0,1.0,0.5,0.5,0.5,0.5
1788446264.8978019,800,18.950061999930767,7.237460000396823,10695310,1,0.0,0.0,0.0,0.04198754,0.6706555,-1.2691865,-0.080349125,0.70666975,-1.3440642,0.07807323,0.7093835,-1.2874004,-0.04616064,0.611375,-1.2849519,25.952051,30.288277,-44.75982,-6.374692,-0.3720503,-0.10463915,0.5722295,0.11239019,0.019377619,0.0,-0.32166848,-0.44956076,0.645022,-0.2751622,0.046506286,-0.0020220124,-0.07363495,-0.9456278,-0.065883905,-1.2595452,0.03749026,0.64439183,-1.2220681,-0.020040981,0.6878644,-1.1928617,0.01293295,0.69463414,-1.1299238,-0.038152143,0.6609346,-1.170499,0.0,0.0,0.0,0.0,0.0,0.0,0.0,0.0,0.0,0.0,0.0,0.0,0.0,0.0,0.0,0.0,-1.4076996,-0.3330295,-0.10538697,-1.2253468,50.0,50.0,50.0,50.0,50.0,50.0,50.0,50.0,50.0,50.0,50.0,50.0,0.0,0.0,0.0,0.0,1.0,1.0,1.0,1.0,1.0,1.0,1.0,1.0,1.0,1.0,1.0,1.0,0.5,0.5,0.5,0.5
1788446264.9408753,801,34.64126400103851,11.429658999986714,10695335,1,0.0,0.0,0.0,0.032238245,0.6624805,-1.255759,-0.080318846,0.7057917,-1.3439853,0.07132134,0.701148,-1.2750629,-0.052942812,0.61152637,-1.2850151,25.950024,30.268507,-44.76142,-6.4045453,-0.4573118,-0.3759258,0.5297673,-0.027128667,0.038755238,-0.042462263,-0.36429924,-0.2596601,0.4994371,-0.32166848,0.06975943,-0.0080880495,-0.12014124,-0.65496355,-0.09301257,-1.2944249,0.031355225,0.6394784,-1.2076429,-0.022440653,0.6910942,-1.1808461,0.004144904,0.685893,-1.1243243,-0.044517502,0.66670084,-1.1577902,0.0,0.0,0.0,0.0,0.0,0.0,0.0,0.0,0.0,0.0,0.0,0.0,0.0,0.0,0.0,0.0,-1.4551704,0.12685224,-0.22067204,-1.3401936,50.0,50.0,50.0,50.0,50.0,50.0,50.0,50.0,50.0,50.0,50.0,50.0,0.0,0.0,0.0,0.0,1.0,1.0,1.0,1.0,1.0,1.0,1.0,1.0,1.0,1.0,1.0,1.0,0.5,0.5,0.5,0.5
1788446264.9549701,802,12.834098999519483,4.111399999601417,10695374,1,0.0,0.0,0.0,0.012588024,0.64531314,-1.2317476,-0.08328605,0.70170426,-1.3433061,0.059119493,0.69121695,-1.2563593,-0.0650236,0.6137669,-1.2860261,25.942211,30.256758,-44.76333,-6.4469643,-0.44180974,-0.40305448,0.46304086,-0.034879714,-0.023253143,0.0080880495,-0.2790377,-0.39530346,0.6308679,-0.28291324,0.08526152,-0.13345282,-0.27128667,-0.10851467,-0.09301257,-1.1975368,0.029521098,0.62831247,-1.2221603,-0.022612467,0.70329463,-1.1593305,-0.009626575,0.6544989,-1.105542,-0.062160783,0.69015527,-1.1472656,0.0,0.0,0.0,0.0,0.0,0.0,0.0,0.0,0.0,0.0,0.0,0.0,0.0,0.0,0.0,0.0,-1.328119,0.16671412,-0.21458201,-1.4965516,50.0,50.0,50.0,50.0,50.0,50.0,50.0,50.0,50.0,50.0,50.0,50.0,0.0,0.0,0.0,0.0,1.0,1.0,1.0,1.0,1.0,1.0,1.0,1.0,1.0,1.0,1.0,1.0,0.5,0.5,0.5,0.5
1788446264.976925,803,14.305929000329343,5.9050520012533525,10695394,1,0.0,0.0,0.0,0.004413128,0.63771343,-1.2234858,-0.08298327,0.7006748,-1.3421371,0.054032877,0.68540365,-1.2433742,-0.069595516,0.6169764,-1.2883482,25.934158,30.256546,-44.766235,-6.467765,-0.33329505,-0.36817476,0.7319685,0.03100419,-0.06200838,0.060660373,-0.26741114,-0.28678876,0.71781445,-0.26353562,0.14339438,-0.113232695,-0.4999426,-0.019377619,-0.1782741,-1.2052878,0.025331613,0.6240284,-1.2213738,-0.026391638,0.7051403,-1.1563002,-0.014280157,0.63945943,-1.0815545,-0.07205263,0.7026314,-1.1562797,0.0,0.0,0.0,0.0,0.0,0.0,0.0,0.0,0.0,0.0,0.0,0.0,0.0,0.0,0.0,0.0,-1.365937,0.13182141,-0.21014012,-1.4308898,50.0,50.0,50.0,50.0,50.0,50.0,50.0,50.0,50.0,50.0,50.0,50.0,0.0,0.0,0.0,0.0,1.0,1.0,1.0,1.0,1.0,1.0,1.0,1.0,1.0,1.0,1.0,1.0,0.5,0.5,0.5,0.5
1788446264.998741,804,16.05193500108726,5.966779999653227,10695414,1,0.0,0.0,0.0,-0.0026112795,0.63196075,-1.2131704,-0.0848302,0.70003897,-1.3389145,0.04513128,0.6732321,-1.2295834,-0.07870895,0.62148774,-1.289612,25.924803,30.256577,-44.76802,-6.495681,-0.18602514,-0.2945398,0.45495284,-0.019377619,-0.20152724,0.13345282,-0.48831603,-0.41080552,0.93214774,-0.5193202,0.17052305,-0.050550308,-0.4224321,0.034879714,-0.10076362,-1.7129815,0.01588622,0.61990607,-1.2020434,-0.0366271,0.6967425,-1.1653106,-0.016362313,0.63534665,-1.0680723,-0.0698855,0.70571834,-1.182621,0.0,0.0,0.0,0.0,0.0,0.0,0.0,0.0,0.0,0.0,0.0,0.0,0.0,0.0,0.0,0.0,-1.4112979,0.066965446,-0.37208977,-1.4360487,50.0,50.0,50.0,50.0,50.0,50.0,50.0,50.0,50.0,50.0,50.0,50.0,0.0,0.0,0.0,0.0,1.0,1.0,1.0,1.0,1.0,1.0,1.0,1.0,1.0,1.0,1.0,1.0,0.5,0.5,0.5,0.5
1788446265.018883,805,16.127519000292523,6.927510999958031,10695434,1,0.0,0.0,0.0,-0.0042159557,0.628055,-1.2095054,-0.08625324,0.6975562,-1.3369873,0.03547275,0.6610908,-1.212033,-0.08867031,0.625121,-1.2906231,25.919382,30.256516,-44.76802,-6.525928,0.054257333,-0.18990067,-0.02426415,-0.065883905,-0.046506286,0.0485283,-0.48831603,-0.5929552,1.0150503,-0.52707124,0.12014124,-0.064704396,-0.26353562,0.015502095,-0.011626571,-1.968766,0.006490234,0.6173061,-1.194954,-0.045440514,0.666731,-1.1577507,-0.015769985,0.6297919,-1.071318,-0.058714576,0.7064902,-1.2063748,0.0,0.0,0.0,0.0,0.0,0.0,0.0,0.0,0.0,0.0,0.0,0.0,0.0,0.0,0.0,0.0,-1.1440717,0.36470845,-0.7012503,-1.2091727,50.0,50.0,50.0,50.0,50.0,50.0,50.0,50.0,50.0,50.0,50.0,50.0,0.0,0.0,0.0,0.0,1.0,1.0,1.0,1.0,1.0,1.0,1.0,1.0,1.0,1.0,1.0,1.0,0.5,0.5,0.5,0.5
1788446265.0401735,806,17.34834499984572,5.955004999123048,10695454,1,0.0,0.0,0.0,-0.003125906,0.62463355,-1.2084155,-0.08831211,0.6950432,-1.3370188,0.026540875,0.6509781,-1.1951145,-0.09720856,0.6296929,-1.2926766,25.914236,30.256426,-44.768112,-6.5612016,0.12401676,-0.26353562,0.0808805,-0.1472699,0.065883905,-0.044484273,-0.569702,-0.4650629,1.0069622,-0.4224321,0.34879714,-0.14962892,-0.28291324,0.0038755238,-0.08526152,-1.7943674,-0.0008210301,0.6260372,-1.1840357,-0.052954823,0.63970464,-1.1608307,-0.011651155,0.63516515,-1.0650054,-0.05104565,0.69703215,-1.2108514,0.0,0.0,0.0,0.0,0.0,0.0,0.0,0.0,0.0,0.0,0.0,0.0,0.0,0.0,0.0,0.0,-0.78856933,0.9769162,-1.1082481,-0.7878384,50.0,50.0,50.0,50.0,50.0,50.0,50.0,50.0,50.0,50.0,50.0,50.0,0.0,0.0,0.0,0.0,1.0,1.0,1.0,1.0,1.0,1.0,1.0,1.0,1.0,1.0,1.0,1.0,0.5,0.5,0.5,0.5
1788446265.0602698,807,17.37346499976411,5.940541001109523,10695474,1,0.0,0.0,0.0,-0.002157092,0.62090945,-1.2062829,-0.09249041,0.6908649,-1.3368293,0.018487051,0.6418948,-1.1814659,-0.10477799,0.6384734,-1.2972103,25.910875,30.257334,-44.770172,-6.5899043,0.17052305,-0.18990067,0.21635534,-0.24028248,0.05038181,0.0020220124,-0.3720503,-0.2751622,0.7441006,-0.30616638,0.5580754,-0.38013834,-0.23640695,0.13564333,-0.12014124,-1.5657116,-0.0034592976,0.6441738,-1.1854904,-0.056114648,0.6303439,-1.1678314,-0.011516739,0.6424828,-1.0662637,-0.052299596,0.6845095,-1.1865083,0.0,0.0,0.0,0.0,0.0,0.0,0.0,0.0,0.0,0.0,0.0,0.0,0.0,0.0,0.0,0.0,-0.65097034,1.4952523,-1.3371872,-0.68955314,50.0,50.0,50.0,50.0,50.0,50.0,50.0,50.0,50.0,50.0,50.0,50.0,0.0,0.0,0.0,0.0,1.0,1.0,1.0,1.0,1.0,1.0,1.0,1.0,1.0,1.0,1.0,1.0,0.5,0.5,0.5,0.5
1788446265.0829754,808,19.312173000798794,5.9085079992655665,10695494,1,0.0,0.0,0.0,-0.0020359755,0.62045527,-1.1989689,-0.09942397,0.6901685,-1.3368452,0.013612375,0.63874596,-1.1679436,-0.11031872,0.64931273,-1.304714,25.908453,30.26454,-44.775562,-6.615035,0.011626571,-0.20540276,0.61064774,-0.24415801,0.0,-0.020220125,-0.21702933,-0.23640695,0.6611981,-0.19377619,0.6200838,-0.3902484,-0.06975943,0.7130964,-0.6665901,-1.2091634,-0.0063714543,0.65317273,-1.1828512,-0.054965153,0.6352834,-1.1783813,-0.0137688555,0.64698714,-1.0807863,-0.06486957,0.67557627,-1.1477617,0.0,0.0,0.0,0.0,0.0,0.0,0.0,0.0,0.0,0.0,0.0,0.0,0.0,0.0,0.0,0.0,-0.764264,1.9302335,-1.4824737,-0.9022242,50.0,50.0,50.0,50.0,50.0,50.0,50.0,50.0,50.0,50.0,50.0,50.0,0.0,0.0,0.0,0.0,1.0,1.0,1.0,1.0,1.0,1.0,1.0,1.0,1.0,1.0,1.0,1.0,0.5,0.5,0.5,0.5
1788446265.1030288,809,18.685807999645476,6.501722000393784,10695515,1,0.0,0.0,0.0,0.0015670061,0.6192442,-1.1905491,-0.1046317,0.68916935,-1.3369241,0.009615734,0.6374743,-1.1566805,-0.11440617,0.6580024,-1.3080786,25.90815,30.284977,-44.78943,-6.635563,0.19765173,-0.077510476,0.13749684,-0.38367686,-0.07363495,-0.018198112,-0.2906643,-0.06200838,0.6045817,-0.3604237,0.36817476,-0.02426415,-0.038755238,1.3176781,-0.902997,-0.6782167,-0.0061642514,0.63688356,-1.1766112,-0.050405476,0.66854495,-1.19744,-0.023317331,0.6333595,-1.090774,-0.08292044,0.69207036,-1.133366,0.0,0.0,0.0,0.0,0.0,0.0,0.0,0.0,0.0,0.0,0.0,0.0,0.0,0.0,0.0,0.0,-0.9302949,1.9769373,-1.5116316,-0.87992144,50.0,50.0,50.0,50.0,50.0,50.0,50.0,50.0,50.0,50.0,50.0,50.0,0.0,0.0,0.0,0.0,1.0,1.0,1.0,1.0,1.0,1.0,1.0,1.0,1.0,1.0,1.0,1.0,0.5,0.5,0.5,0.5
1788446265.1229641,810,18.614962000356172,7.202388998848619,10695536,1,0.0,0.0,0.0,0.0034745932,0.6199405,-1.1880848,-0.11171665,0.6854149,-1.3371136,0.004438281,0.63689905,-1.1480553,-0.122217834,0.6596677,-1.3078734,25.907877,30.310774,-44.805294,-6.645918,0.15114543,0.08526152,0.070770435,-0.34492162,-0.20540276,-0.020220125,-0.3759258,-0.046506286,0.43068865,-0.4379342,0.038755238,0.02426415,-0.06200838,1.6432221,-1.0347649,-0.45343632,-0.014054005,0.6089031,-1.1542542,-0.047973793,0.6906132,-1.2118149,-0.023608385,0.6213139,-1.10957,-0.09646285,0.7146073,-1.1542425,0.0,0.0,0.0,0.0,0.0,0.0,0.0,0.0,0.0,0.0,0.0,0.0,0.0,0.0,0.0,0.0,-0.93784505,1.6131663,-1.4956839,-0.88976085,50.0,50.0,50.0,50.0,50.0,50.0,50.0,50.0,50.0,50.0,50.0,50.0,0.0,0.0,0.0,0.0,1.0,1.0,1.0,1.0,1.0,1.0,1.0,1.0,1.0,1.0,1.0,1.0,0.5,0.5,0.5,0.5
1788446265.14491,811,20.05540100071812,7.27778100008436,10695556,1,0.0,0.0,0.0,0.0050792694,0.6212425,-1.1877215,-0.119740196,0.68259907,-1.338567,-0.003070563,0.6348099,-1.1417207,-0.12978715,0.6616357,-1.3074468,25.906061,30.341747,-44.828243,-6.6536994,0.034879714,0.1472699,0.038418237,-0.40305448,-0.12401676,-0.09301257,-0.3100419,0.011626571,0.39833644,-0.4573118,0.08526152,-0.010110063,-0.19765173,1.554085,-1.1704081,-0.5929552,-0.020149404,0.59281456,-1.1394488,-0.04948271,0.6911725,-1.2153523,-0.019394651,0.62020427,-1.1283611,-0.10219396,0.71595466,-1.1679345,0.0,0.0,0.0,0.0,0.0,0.0,0.0,0.0,0.0,0.0,0.0,0.0,0.0,0.0,0.0,0.0,-0.6908082,0.9601098,-1.5799112,-1.0062301,50.0,50.0,50.0,50.0,50.0,50.0,50.0,50.0,50.0,50.0,50.0,50.0,0.0,0.0,0.0,0.0,1.0,1.0,1.0,1.0,1.0,1.0,1.0,1.0,1.0,1.0,1.0,1.0,0.5,0.5,0.5,0.5
1788446265.1629832,812,16.79458800026623,5.90358099907462,10695578,1,0.0,0.0,0.0,0.00250566,0.6167009,-1.1821451,-0.1266132,0.6826899,-1.3411261,-0.008702159,0.6323877,-1.1379136,-0.13611525,0.66596544,-1.3080786,25.902185,30.36379,-44.849922,-6.66687,-0.19377619,-0.18990067,0.6773742,-0.23640695,0.0038755238,-0.25072956,-0.19377619,-0.09301257,0.04044025,-0.2790377,0.25190905,-0.016176099,-0.12014124,1.0967733,-0.9184992,-0.6627146,-0.028717516,0.5922095,-1.1092805,-0.05542056,0.6872233,-1.2406024,-0.008538991,0.6359673,-1.1357108,-0.10555336,0.702527,-1.1697656,0.0,0.0,0.0,0.0,0.0,0.0,0.0,0.0,0.0,0.0,0.0,0.0,0.0,0.0,0.0,0.0,-0.33404446,0.1732438,-1.6279651,-1.235915,50.0,50.0,50.0,50.0,50.0,50.0,50.0,50.0,50.0,50.0,50.0,50.0,0.0,0.0,0.0,0.0,1.0,1.0,1.0,1.0,1.0,1.0,1.0,1.0,1.0,1.0,1.0,1.0,0.5,0.5,0.5,0.5
1788446265.182931,813,16.328158000760595,5.847260999871651,10695598,1,0.0,0.0,0.0,-0.0018845797,0.6145209,-1.1675013,-0.12976205,0.6827202,-1.3455176,-0.010306865,0.6331749,-1.1381031,-0.13923377,0.67047673,-1.3096268,25.902155,30.376537,-44.863155,-6.6832805,-0.06200838,-0.015502095,1.0656006,0.019377619,-0.077510476,-0.21231131,-0.12014124,0.027128667,0.012132075,-0.10463915,0.24415801,-0.19815722,0.046506286,0.44568524,-0.84873974,-0.7906069,-0.033907607,0.568039,-1.0713654,-0.06472386,0.6864546,-1.2518221,-0.002588821,0.64302945,-1.1526277,-0.09838893,0.7009702,-1.1910337,0.0,0.0,0.0,0.0,0.0,0.0,0.0,0.0,0.0,0.0,0.0,0.0,0.0,0.0,0.0,0.0,0.07185023,-0.62721956,-1.5131687,-1.1650684,50.0,50.0,50.0,50.0,50.0,50.0,50.0,50.0,50.0,50.0,50.0,50.0,0.0,0.0,0.0,0.0,1.0,1.0,1.0,1.0,1.0,1.0,1.0,1.0,1.0,1.0,1.0,1.0,0.5,0.5,0.5,0.5
1788446265.2009187,814,14.244587000575848,6.011323999700835,10695617,1,0.0,0.0,0.0,-0.0031561852,0.61246204,-1.1603295,-0.12991345,0.68405247,-1.3524209,-0.009095788,0.6373229,-1.1382769,-0.13974851,0.6747459,-1.312644,25.9027,30.378746,-44.876175,-6.700084,0.07363495,-0.019377619,-0.010110063,0.10076362,0.24415801,-0.3902484,0.0,0.10463915,-0.02426415,0.0,0.32166848,-0.1455849,0.07363495,0.05038181,-0.85649073,-1.0386404,-0.029394995,0.57350636,-1.0772884,-0.07359885,0.6839283,-1.2452309,-0.003376034,0.6358036,-1.1494963,-0.0880301,0.70662117,-1.1874012,0.0,0.0,0.0,0.0,0.0,0.0,0.0,0.0,0.0,0.0,0.0,0.0,0.0,0.0,0.0,0.0,0.92549914,-1.1941872,-1.3894954,-0.7275454,50.0,50.0,50.0,50.0,50.0,50.0,50.0,50.0,50.0,50.0,50.0,50.0,0.0,0.0,0.0,0.0,1.0,1.0,1.0,1.0,1.0,1.0,1.0,1.0,1.0,1.0,1.0,1.0,0.5,0.5,0.5,0.5
1788446265.2228675,815,16.12623900109611,7.877522000853787,10695638,1,0.0,0.0,0.0,-0.0022479296,0.610706,-1.1587656,-0.12915652,0.6870196,-1.3564175,-0.0066735744,0.64122874,-1.139825,-0.13853735,0.6796811,-1.3172883,25.904728,30.374992,-44.89234,-6.7141333,0.12789229,-0.12401676,0.18804716,0.077510476,0.18990067,-0.10514465,0.096888095,0.162772,-0.12536478,0.054257333,0.36817476,-0.31543395,0.077510476,-0.23640695,-0.8913705,-0.651088,-0.017567681,0.58397365,-1.08719,-0.08167217,0.6783767,-1.2353748,-0.008508735,0.63340485,-1.1258061,-0.07650972,0.72154844,-1.2025021,0.0,0.0,0.0,0.0,0.0,0.0,0.0,0.0,0.0,0.0,0.0,0.0,0.0,0.0,0.0,0.0,1.5333917,-1.8346454,-1.1978395,0.030665211,50.0,50.0,50.0,50.0,50.0,50.0,50.0,50.0,50.0,50.0,50.0,50.0,0.0,0.0,0.0,0.0,1.0,1.0,1.0,1.0,1.0,1.0,1.0,1.0,1.0,1.0,1.0,1.0,0.5,0.5,0.5,0.5
1788446265.2449667,816,16.795964000266395,5.977884000458289,10695659,1,0.0,0.0,0.0,-0.0006432533,0.6114931,-1.1582601,-0.12788485,0.6889271,-1.356765,-0.00464499,0.6451043,-1.141926,-0.13544911,0.68528247,-1.3201475,25.911995,30.369936,-44.9076,-6.724791,0.081386,0.019377619,-0.010110063,0.077510476,0.07363495,0.010110063,0.06975943,0.3565482,-0.06268239,0.12014124,0.25190905,-0.08492453,0.49606705,-0.18214962,-0.6162083,-0.44568524,-0.0072762,0.60027087,-1.1158046,-0.09586795,0.66131324,-1.2134742,-0.013072351,0.6226766,-1.0986633,-0.063102566,0.733438,-1.2278762,0.0,0.0,0.0,0.0,0.0,0.0,0.0,0.0,0.0,0.0,0.0,0.0,0.0,0.0,0.0,0.0,1.5530059,-2.243197,-0.92303216,0.50927234,50.0,50.0,50.0,50.0,50.0,50.0,50.0,50.0,50.0,50.0,50.0,50.0,0.0,0.0,0.0,0.0,1.0,1.0,1.0,1.0,1.0,1.0,1.0,1.0,1.0,1.0,1.0,1.0,0.5,0.5,0.5,0.5
1788446265.2622104,817,13.681485999768483,4.915939000056824,10695680,1,0.0,0.0,0.0,0.002112031,0.61215925,-1.1586392,-0.12676458,0.6897749,-1.3563385,-0.0032824874,0.6491009,-1.1425737,-0.13196713,0.6895819,-1.3228015,25.925468,30.362822,-44.916595,-6.728969,0.19377619,-0.038755238,0.018198112,0.17439857,0.12401676,-0.016176099,0.14339438,0.14339438,0.0,0.22090487,0.20540276,-0.14962892,0.6317104,-0.45343632,-0.46893838,-0.023253143,-0.0028703606,0.618141,-1.1339715,-0.1058228,0.64690304,-1.1969787,-0.014585076,0.6184125,-1.0683146,-0.053797565,0.74772245,-1.2586882,0.0,0.0,0.0,0.0,0.0,0.0,0.0,0.0,0.0,0.0,0.0,0.0,0.0,0.0,0.0,0.0,1.4462445,-1.9102167,-0.5960657,1.1993303,50.0,50.0,50.0,50.0,50.0,50.0,50.0,50.0,50.0,50.0,50.0,50.0,0.0,0.0,0.0,0.0,1.0,1.0,1.0,1.0,1.0,1.0,1.0,1.0,1.0,1.0,1.0,1.0,0.5,0.5,0.5,0.5
1788446265.2829204,818,14.319818999865674,5.960219999906258,10695700,1,0.0,0.0,0.0,0.0064719915,0.61258316,-1.1610088,-0.12455431,0.68953264,-1.3550116,0.00016915798,0.65076613,-1.1419418,-0.12660807,0.69176185,-1.326103,25.940153,30.352436,-44.923195,-6.72909,0.2596601,0.0077510476,-0.19815722,0.1472699,0.06200838,0.036396224,0.1472699,0.13176781,-0.014154087,0.2790377,0.06975943,-0.15973899,0.7944824,-0.4999426,-0.35267267,0.077510476,0.0009388324,0.6404417,-1.1424537,-0.10871087,0.6274721,-1.1891403,-0.0162542,0.6269492,-1.047672,-0.045166742,0.7480671,-1.2710855,0.0,0.0,0.0,0.0,0.0,0.0,0.0,0.0,0.0,0.0,0.0,0.0,0.0,0.0,0.0,0.0,1.0198244,-1.3182738,-0.55519205,1.7315545,50.0,50.0,50.0,50.0,50.0,50.0,50.0,50.0,50.0,50.0,50.0,50.0,0.0,0.0,0.0,0.0,1.0,1.0,1.0,1.0,1.0,1.0,1.0,1.0,1.0,1.0,1.0,1.0,0.5,0.5,0.5,0.5
1788446265.3023627,819,13.691374000700307,5.797502000859822,10695719,1,0.0,0.0,0.0,0.010317206,0.6152779,-1.1658268,-0.122344054,0.6897749,-1.3546641,0.0030455142,0.6510689,-1.1406149,-0.12261146,0.6942749,-1.3309369,25.95508,30.343716,-44.925373,-6.7269707,0.24803352,0.04263076,-0.26488364,0.15114543,0.06200838,-0.020220125,0.14339438,0.019377619,0.03437421,0.13951886,0.12401676,-0.22848742,0.7944824,-0.36817476,0.046506286,0.15502095,0.0032886704,0.65013045,-1.1391369,-0.10301214,0.62150353,-1.1987765,-0.015575014,0.63323855,-1.0451653,-0.047282074,0.7483019,-1.268798,0.0,0.0,0.0,0.0,0.0,0.0,0.0,0.0,0.0,0.0,0.0,0.0,0.0,0.0,0.0,0.0,0.23252082,-0.34314188,-0.44788894,1.8909109,50.0,50.0,50.0,50.0,50.0,50.0,50.0,50.0,50.0,50.0,50.0,50.0,0.0,0.0,0.0,0.0,1.0,1.0,1.0,1.0,1.0,1.0,1.0,1.0,1.0,1.0,1.0,1.0,0.5,0.5,0.5,0.5
1788446265.3269858,820,18.24517100067169,4.813027000636794,10695740,1,0.0,0.0,0.0,0.013587236,0.62175727,-1.1700131,-0.119952135,0.68901795,-1.3546166,0.004771337,0.6516745,-1.1404253,-0.119311154,0.69530433,-1.3345544,25.963709,30.34199,-44.925133,-6.72358,0.10851467,0.09301257,-0.20220123,0.18990067,0.0038755238,-0.032352198,0.054257333,-0.0038755238,0.012132075,0.077510476,0.0038755238,-0.16580501,0.2596601,0.14339438,-0.06975943,0.3604237,-0.003981314,0.65766925,-1.11691,-0.0932863,0.61830765,-1.217034,-0.007391352,0.65606576,-1.0642201,-0.05578795,0.7299478,-1.2400285,0.0,0.0,0.0,0.0,0.0,0.0,0.0,0.0,0.0,0.0,0.0,0.0,0.0,0.0,0.0,0.0,-0.8084136,0.6853601,-0.4416874,1.5380352,50.0,50.0,50.0,50.0,50.0,50.0,50.0,50.0,50.0,50.0,50.0,50.0,0.0,0.0,0.0,0.0,1.0,1.0,1.0,1.0,1.0,1.0,1.0,1.0,1.0,1.0,1.0,1.0,0.5,0.5,0.5,0.5
1788446265.3430073,821,14.158187999782967,4.821538999749464,10695760,1,0.0,0.0,0.0,0.017341614,0.62463355,-1.1729198,-0.11589495,0.68807936,-1.3547273,0.0066788197,0.65188646,-1.1405991,-0.11731285,0.6954254,-1.3368608,25.962406,30.34638,-44.9261,-6.7161317,0.26353562,0.05813286,-0.16782704,0.22478038,-0.04263076,-0.04044025,0.046506286,-0.05038181,-0.0080880495,0.08913705,0.011626571,-0.13345282,-0.1782741,0.36817476,-0.05813286,0.5580754,-0.013249014,0.65039915,-1.0834893,-0.08112947,0.63657165,-1.2488908,0.00061766664,0.6762334,-1.0979755,-0.06815824,0.7124097,-1.2016006,0.0,0.0,0.0,0.0,0.0,0.0,0.0,0.0,0.0,0.0,0.0,0.0,0.0,0.0,0.0,0.0,-1.51778,1.4231992,-0.47999308,0.99924713,50.0,50.0,50.0,50.0,50.0,50.0,50.0,50.0,50.0,50.0,50.0,50.0,0.0,0.0,0.0,0.0,1.0,1.0,1.0,1.0,1.0,1.0,1.0,1.0,1.0,1.0,1.0,1.0,0.5,0.5,0.5,0.5
1788446265.367012,822,18.09656399927917,6.214299000930623,10695779,1,0.0,0.0,0.0,0.019884944,0.62593555,-1.1750048,-0.111383595,0.6864444,-1.3548852,0.008162409,0.6552775,-1.1417207,-0.116343915,0.69363904,-1.3366554,25.956715,30.356493,-44.926918,-6.707987,0.12789229,-0.04263076,-0.0080880495,0.16664752,-0.038755238,0.044484273,0.0,0.15114543,-0.088968545,-0.0077510476,-0.034879714,-0.012132075,-0.5386978,0.7285985,-0.10076362,0.41080552,-0.020227423,0.62571347,-1.0626293,-0.06303365,0.66626745,-1.2669096,0.003089419,0.68329597,-1.1458296,-0.08474273,0.70780414,-1.1669136,0.0,0.0,0.0,0.0,0.0,0.0,0.0,0.0,0.0,0.0,0.0,0.0,0.0,0.0,0.0,0.0,-1.7078829,1.4656651,-0.3630004,0.18114433,50.0,50.0,50.0,50.0,50.0,50.0,50.0,50.0,50.0,50.0,50.0,50.0,0.0,0.0,0.0,0.0,1.0,1.0,1.0,1.0,1.0,1.0,1.0,1.0,1.0,1.0,1.0,1.0,0.5,0.5,0.5,0.5
1788446265.3868017,823,17.172410000057425,6.028379999406752,10695800,1,0.0,0.0,0.0,0.021005273,0.62578416,-1.172746,-0.10793195,0.6847791,-1.355691,0.010281846,0.66036415,-1.147534,-0.11655587,0.6914288,-1.3343016,25.942696,30.37572,-44.928585,-6.702658,0.0038755238,-0.027128667,0.06672641,0.12014124,-0.13564333,0.020220125,-0.027128667,0.12789229,-0.39833644,0.054257333,0.054257333,0.0808805,-0.7130964,1.1587815,-0.18214962,0.30229086,-0.024314286,0.60291946,-1.0489603,-0.051775105,0.703346,-1.285538,0.004230505,0.6830592,-1.1730957,-0.097090356,0.7060092,-1.1474421,0.0,0.0,0.0,0.0,0.0,0.0,0.0,0.0,0.0,0.0,0.0,0.0,0.0,0.0,0.0,0.0,-1.42822,1.1753751,-0.12821005,-0.469647,50.0,50.0,50.0,50.0,50.0,50.0,50.0,50.0,50.0,50.0,50.0,50.0,0.0,0.0,0.0,0.0,1.0,1.0,1.0,1.0,1.0,1.0,1.0,1.0,1.0,1.0,1.0,1.0,0.5,0.5,0.5,0.5
1788446265.4068356,824,16.77778800149099,6.070588000511634,10695821,1,0.0,0.0,0.0,0.020793319,0.6250272,-1.1708503,-0.105933644,0.6834166,-1.3558646,0.011129618,0.6678124,-1.158039,-0.117827594,0.6915802,-1.3327851,25.927011,30.400366,-44.933186,-6.7011137,-0.06975943,-0.03100419,0.16984905,-0.0038755238,0.0077510476,0.0080880495,-0.03100419,0.34879714,-0.53785527,-0.065883905,0.13176781,0.042462263,-0.9417523,1.3370557,-0.12014124,0.06200838,-0.019729037,0.58376527,-1.0613154,-0.045070585,0.724546,-1.2808409,0.0038851686,0.67513865,-1.1867816,-0.104183435,0.7162276,-1.1471211,0.0,0.0,0.0,0.0,0.0,0.0,0.0,0.0,0.0,0.0,0.0,0.0,0.0,0.0,0.0,0.0,-1.0421112,0.03643252,0.203909,-0.8023649,50.0,50.0,50.0,50.0,50.0,50.0,50.0,50.0,50.0,50.0,50.0,50.0,0.0,0.0,0.0,0.0,1.0,1.0,1.0,1.0,1.0,1.0,1.0,1.0,1.0,1.0,1.0,1.0,0.5,0.5,0.5,0.5
1788446265.4269214,825,16.282558999591856,4.082952000317164,10695842,1,0.0,0.0,0.0,0.019188523,0.62351334,-1.1696497,-0.10632724,0.68659574,-1.3566703,0.011462659,0.6745946,-1.1706291,-0.11870557,0.69248855,-1.3326113,25.912811,30.416624,-44.933884,-6.7037783,-0.10851467,0.12014124,0.095034584,0.015502095,-0.06975943,-0.05863836,-0.019377619,0.42630762,-0.5985157,-0.034879714,0.04263076,0.022242136,-0.43018317,0.724723,0.06975943,-0.18214962,-0.013719653,0.5697449,-1.0822358,-0.048150532,0.7329199,-1.2619973,0.0024619168,0.66178423,-1.1822649,-0.10075906,0.7288108,-1.1739557,0.0,0.0,0.0,0.0,0.0,0.0,0.0,0.0,0.0,0.0,0.0,0.0,0.0,0.0,0.0,0.0,-0.40045586,-1.3758454,0.52302533,-0.83382934,50.0,50.0,50.0,50.0,50.0,50.0,50.0,50.0,50.0,50.0,50.0,50.0,0.0,0.0,0.0,0.0,1.0,1.0,1.0,1.0,1.0,1.0,1.0,1.0,1.0,1.0,1.0,1.0,0.5,0.5,0.5,0.5
1788446265.460881,826,24.662509000336286,4.33645399971283,10695866,1,0.0,0.0,0.0,0.017674685,0.6250272,-1.1700131,-0.107326396,0.68865466,-1.3567967,0.012249887,0.67943895,-1.1813711,-0.11873585,0.6955465,-1.3329431,25.90936,30.418896,-44.93134,-6.70944,-0.038755238,0.12401676,-0.014154087,-0.077510476,0.09301257,-0.0020220124,0.10076362,0.17439857,-0.2911698,0.0,0.14339438,-0.020220125,0.019377619,-0.23640695,0.1782741,-0.46118733,-0.0017941886,0.56665874,-1.1226071,-0.057974882,0.71295166,-1.2150043,-0.00535223,0.63947046,-1.157097,-0.08312716,0.74450266,-1.2166358,0.0,0.0,0.0,0.0,0.0,0.0,0.0,0.0,0.0,0.0,0.0,0.0,0.0,0.0,0.0,0.0,0.45337164,-2.7974677,0.71505344,-0.4340215,50.0,50.0,50.0,50.0,50.0,50.0,50.0,50.0,50.0,50.0,50.0,50.0,0.0,0.0,0.0,0.0,1.0,1.0,1.0,1.0,1.0,1.0,1.0,1.0,1.0,1.0,1.0,1.0,0.5,0.5,0.5,0.5
1788446265.4848802,827,23.793713999111787,8.73140399926342,10695890,1,0.0,0.0,0.0,0.017644405,0.6248455,-1.1711662,-0.107871406,0.6912585,-1.3564807,0.014732644,0.68016565,-1.1828718,-0.11604124,0.6987257,-1.3340489,25.91257,30.403212,-44.924374,-6.720431,0.027128667,-0.027128667,0.0040440247,-0.0077510476,0.13951886,0.020220125,0.065883905,-0.046506286,0.016176099,0.15502095,0.038755238,-0.020220125,0.027128667,-0.9417523,0.51544464,-0.6665901,0.0046606306,0.5957094,-1.1517276,-0.07995065,0.67076707,-1.1788055,-0.008687617,0.6328858,-1.1079825,-0.054058548,0.7498512,-1.2557744,0.0,0.0,0.0,0.0,0.0,0.0,0.0,0.0,0.0,0.0,0.0,0.0,0.0,0.0,0.0,0.0,1.222563,-3.404397,0.8509563,0.36877748,50.0,50.0,50.0,50.0,50.0,50.0,50.0,50.0,50.0,50.0,50.0,50.0,0.0,0.0,0.0,0.0,1.0,1.0,1.0,1.0,1.0,1.0,1.0,1.0,1.0,1.0,1.0,1.0,0.5,0.5,0.5,0.5
1788446265.4990084,828,13.284016999023152,4.678788000092027,10695916,1,0.0,0.0,0.0,0.019400477,0.62493634,-1.1735831,-0.107205294,0.69237876,-1.3542691,0.016670406,0.67756176,-1.1826823,-0.111227095,0.7013296,-1.3356286,25.916658,30.373478,-44.912445,-6.7349644,0.15889648,0.015502095,-0.20220123,0.08913705,0.15502095,0.14356288,0.077510476,-0.08526152,0.082902506,0.06975943,0.077510476,-0.088968545,0.40693003,-1.6393466,0.5658265,-0.59683067,0.00821456,0.63638145,-1.1604347,-0.102053925,0.6331223,-1.1755619,-0.00916532,0.64430106,-1.0570931,-0.02893674,0.74386555,-1.2902731,0.0,0.0,0.0,0.0,0.0,0.0,0.0,0.0,0.0,0.0,0.0,0.0,0.0,0.0,0.0,0.0,1.582458,-3.1722224,0.6376651,1.1805559,50.0,50.0,50.0,50.0,50.0,50.0,50.0,50.0,50.0,50.0,50.0,50.0,0.0,0.0,0.0,0.0,1.0,1.0,1.0,1.0,1.0,1.0,1.0,1.0,1.0,1.0,1.0,1.0,0.5,0.5,0.5,0.5
1788446265.5188687,829,12.852498999563977,4.054760000144597,10695938,1,0.0,0.0,0.0,0.021307945,0.625875,-1.1789857,-0.10744751,0.6917126,-1.3519785,0.017518178,0.6735954,-1.1800283,-0.107926786,0.70387286,-1.3382825,25.930191,30.338902,-44.895947,-6.7449555,0.24028248,-0.019377619,-0.43068865,-0.15502095,0.24803352,0.19613521,-0.0038755238,-0.3410461,0.10312264,0.13176781,0.22478038,-0.28712577,0.902997,-1.9222598,0.8371132,-0.2286559,0.009724064,0.674727,-1.1618612,-0.10768975,0.6046136,-1.1880158,-0.0067152623,0.6611989,-1.0365791,-0.021702604,0.734972,-1.2969711,0.0,0.0,0.0,0.0,0.0,0.0,0.0,0.0,0.0,0.0,0.0,0.0,0.0,0.0,0.0,0.0,1.1907592,-2.117298,0.3289292,1.7560792,50.0,50.0,50.0,50.0,50.0,50.0,50.0,50.0,50.0,50.0,50.0,50.0,0.0,0.0,0.0,0.0,1.0,1.0,1.0,1.0,1.0,1.0,1.0,1.0,1.0,1.0,1.0,1.0,0.5,0.5,0.5,0.5
1788446265.5388818,830,12.377654000374605,5.910492000111844,10695957,1,0.0,0.0,0.0,0.023942113,0.6330811,-1.1865209,-0.10762917,0.69283295,-1.3505253,0.017609,0.66923547,-1.1753366,-0.10550457,0.70541704,-1.3451542,25.94869,30.313923,-44.883198,-6.741958,0.18214962,0.1782741,-0.25072956,0.15114543,0.30229086,-0.0485283,-0.038755238,-0.2286559,0.056616347,0.04263076,0.0038755238,-0.17995912,1.0425159,-1.1277775,0.5038181,0.3604237,0.0079264585,0.6871678,-1.151311,-0.10111831,0.5885928,-1.2007031,-0.0023511108,0.67668617,-1.046237,-0.027831085,0.7250471,-1.2738131,0.0,0.0,0.0,0.0,0.0,0.0,0.0,0.0,0.0,0.0,0.0,0.0,0.0,0.0,0.0,0.0,0.0443412,-0.41197896,0.11472818,1.948073,50.0,50.0,50.0,50.0,50.0,50.0,50.0,50.0,50.0,50.0,50.0,50.0,0.0,0.0,0.0,0.0,1.0,1.0,1.0,1.0,1.0,1.0,1.0,1.0,1.0,1.0,1.0,1.0,0.5,0.5,0.5,0.5
1788446265.561005,831,14.432777999900281,6.782679000025382,10695978,1,0.0,0.0,0.0,0.026818514,0.6388943,-1.1916233,-0.10726585,0.6926513,-1.3507781,0.018244833,0.6689327,-1.1746258,-0.104263246,0.70423615,-1.3472394,25.957077,30.305656,-44.87584,-6.7345405,0.15114543,-0.065883905,-0.32149997,0.065883905,0.038755238,-0.07885849,0.05813286,-0.038755238,0.020220125,0.06975943,-0.081386,-0.12334275,0.13951886,0.034879714,0.18214962,0.53094673,0.00049255625,0.6890821,-1.1242876,-0.08690021,0.61539197,-1.223963,-0.0014206837,0.6883149,-1.0687002,-0.042271316,0.7198176,-1.230813,0.0,0.0,0.0,0.0,0.0,0.0,0.0,0.0,0.0,0.0,0.0,0.0,0.0,0.0,0.0,0.0,-1.529627,1.3610461,0.006264448,1.4225159,50.0,50.0,50.0,50.0,50.0,50.0,50.0,50.0,50.0,50.0,50.0,50.0,0.0,0.0,0.0,0.0,1.0,1.0,1.0,1.0,1.0,1.0,1.0,1.0,1.0,1.0,1.0,1.0,0.5,0.5,0.5,0.5
1788446265.580855,832,14.21597899934568,5.895581000004313,10695998,1,0.0,0.0,0.0,0.028271794,0.6403173,-1.1936927,-0.10511614,0.68950236,-1.3512045,0.01836595,0.67084014,-1.1748469,-0.10453576,0.7010571,-1.3472235,25.95305,30.316223,-44.8766,-6.7219753,0.1472699,0.023253143,-0.070770435,-0.011626571,-0.162772,-0.030330187,-0.015502095,0.0038755238,-0.0040440247,-0.0077510476,-0.19377619,-0.012132075,-0.40305448,0.8797439,-0.25578457,0.86036634,-0.008786743,0.6627751,-1.093791,-0.06784898,0.6454695,-1.2509664,0.002058726,0.6976587,-1.1214318,-0.06233809,0.7089537,-1.1828072,0.0,0.0,0.0,0.0,0.0,0.0,0.0,0.0,0.0,0.0,0.0,0.0,0.0,0.0,0.0,0.0,-2.4951277,2.1230247,-0.1093764,0.5161094,50.0,50.0,50.0,50.0,50.0,50.0,50.0,50.0,50.0,50.0,50.0,50.0,0.0,0.0,0.0,0.0,1.0,1.0,1.0,1.0,1.0,1.0,1.0,1.0,1.0,1.0,1.0,1.0,0.5,0.5,0.5,0.5
1788446265.600943,833,14.236555998650147,5.280576999211917,10696018,1,0.0,0.0,0.0,0.02875626,0.64055955,-1.193282,-0.101694785,0.68674713,-1.3520892,0.018244833,0.67186964,-1.1760474,-0.10547429,0.6971815,-1.344617,25.939396,30.338781,-44.88023,-6.7081385,0.11239019,0.077510476,0.020220125,0.011626571,-0.28291324,0.044484273,-0.034879714,0.03100419,0.0,-0.06200838,-0.17439857,0.032352198,-1.0812712,1.5385829,-0.22478038,0.64333695,-0.01581736,0.62822014,-1.0750873,-0.04863475,0.6961336,-1.2750672,0.0028381587,0.69691896,-1.1720439,-0.08645357,0.70890105,-1.1417432,0.0,0.0,0.0,0.0,0.0,0.0,0.0,0.0,0.0,0.0,0.0,0.0,0.0,0.0,0.0,0.0,-2.4630163,2.0276487,0.061035756,-0.47592846,50.0,50.0,50.0,50.0,50.0,50.0,50.0,50.0,50.0,50.0,50.0,50.0,0.0,0.0,0.0,0.0,1.0,1.0,1.0,1.0,1.0,1.0,1.0,1.0,1.0,1.0,1.0,1.0,0.5,0.5,0.5,0.5
1788446265.6210568,834,14.283690999945975,7.177429000876145,10696038,1,0.0,0.0,0.0,0.028544307,0.6406201,-1.1894907,-0.09854592,0.683023,-1.3528473,0.018668711,0.6747459,-1.1819556,-0.10668546,0.6933665,-1.3401307,25.91814,30.370844,-44.883045,-6.703294,-0.05038181,0.10851467,0.21837734,0.0077510476,-0.2790377,0.0040440247,-0.06200838,0.25578457,-0.34576413,-0.07363495,-0.12401676,0.20220123,-1.302176,1.782741,-0.08526152,0.046506286,-0.024076013,0.5947863,-1.0588037,-0.04027976,0.7264,-1.2911553,0.006640261,0.69521356,-1.205885,-0.099270724,0.70606124,-1.1334869,0.0,0.0,0.0,0.0,0.0,0.0,0.0,0.0,0.0,0.0,0.0,0.0,0.0,0.0,0.0,0.0,-1.984154,1.1123769,0.20445174,-1.2605774,50.0,50.0,50.0,50.0,50.0,50.0,50.0,50.0,50.0,50.0,50.0,50.0,0.0,0.0,0.0,0.0,1.0,1.0,1.0,1.0,1.0,1.0,1.0,1.0,1.0,1.0,1.0,1.0,0.5,0.5,0.5,0.5
1788446265.6449556,835,18.11531600105809,5.948252999587567,10696058,1,0.0,0.0,0.0,0.026485443,0.6376227,-1.1876109,-0.09833398,0.6842341,-1.354048,0.018456772,0.67892426,-1.190486,-0.10925907,0.69218576,-1.3369081,25.890589,30.39976,-44.88635,-6.706715,-0.12401676,0.15889648,0.056616347,-0.07363495,-0.077510476,-0.10716666,-0.023253143,0.32941952,-0.5095472,-0.13176781,0.065883905,0.064704396,-1.2711718,1.4339437,-0.011626571,-0.26741114,-0.020869493,0.57428074,-1.0663058,-0.038324207,0.7435154,-1.2844993,0.0076593105,0.6866044,-1.2194374,-0.10189485,0.7113186,-1.145984,0.0,0.0,0.0,0.0,0.0,0.0,0.0,0.0,0.0,0.0,0.0,0.0,0.0,0.0,0.0,0.0,-1.1096697,-0.3101751,0.47305405,-1.5078232,50.0,50.0,50.0,50.0,50.0,50.0,50.0,50.0,50.0,50.0,50.0,50.0,0.0,0.0,0.0,0.0,1.0,1.0,1.0,1.0,1.0,1.0,1.0,1.0,1.0,1.0,1.0,1.0,0.5,0.5,0.5,0.5
1788446265.6648495,836,17.256057000849978,6.66693600032886,10696078,1,0.0,0.0,0.0,0.023033857,0.6377437,-1.1851782,-0.099696465,0.6854452,-1.3551064,0.018487051,0.6851312,-1.202539,-0.11095458,0.69360876,-1.3366238,25.87224,30.414808,-44.886166,-6.7149205,-0.13564333,0.15889648,0.12940879,-0.07363495,0.05813286,-0.038418237,-0.015502095,0.3565482,-0.42260063,-0.16664752,0.12014124,0.010110063,-0.8332376,0.39917895,0.05038181,-0.3565482,-0.011926852,0.5678938,-1.0965232,-0.04080665,0.73880476,-1.2548462,0.0065194247,0.67396784,-1.2095952,-0.09596514,0.719846,-1.1702191,0.0,0.0,0.0,0.0,0.0,0.0,0.0,0.0,0.0,0.0,0.0,0.0,0.0,0.0,0.0,0.0,-0.017241724,-2.1829576,0.7566308,-1.3457708,50.0,50.0,50.0,50.0,50.0,50.0,50.0,50.0,50.0,50.0,50.0,50.0,0.0,0.0,0.0,0.0,1.0,1.0,1.0,1.0,1.0,1.0,1.0,1.0,1.0,1.0,1.0,1.0,0.5,0.5,0.5,0.5
1788446265.6857848,837,17.733717999362852,6.111611999585875,10696098,1,0.0,0.0,0.0,0.021731853,0.6394696,-1.1854941,-0.10121035,0.68723154,-1.3551695,0.018608168,0.6875836,-1.2104849,-0.11101514,0.6971815,-1.3372241,25.867548,30.41281,-44.884743,-6.7268195,-0.034879714,0.034879714,0.044484273,-0.12789229,0.15502095,-0.036396224,-0.027128667,0.10851467,-0.3862044,0.0038755238,0.2092783,-0.0020220124,0.12401676,-0.2596601,0.12401676,-0.7479761,-0.0015323273,0.57603467,-1.1276523,-0.055010684,0.7154419,-1.2167306,0.0022676245,0.6588996,-1.1736267,-0.07466937,0.73181313,-1.21298,0.0,0.0,0.0,0.0,0.0,0.0,0.0,0.0,0.0,0.0,0.0,0.0,0.0,0.0,0.0,0.0,1.1576422,-3.6059294,0.8689977,-0.81538767,50.0,50.0,50.0,50.0,50.0,50.0,50.0,50.0,50.0,50.0,50.0,50.0,0.0,0.0,0.0,0.0,1.0,1.0,1.0,1.0,1.0,1.0,1.0,1.0,1.0,1.0,1.0,1.0,0.5,0.5,0.5,0.5
1788446265.7028637,838,14.255435000450234,6.007035999573418,10696120,1,0.0,0.0,0.0,0.021156669,0.64013565,-1.1874529,-0.10236088,0.68916935,-1.3544271,0.019516483,0.68982416,-1.2136285,-0.109834254,0.70135987,-1.3381087,25.873785,30.3954,-44.87663,-6.742049,0.04263076,-0.06975943,-0.07885849,-0.04263076,0.20540276,-0.0060660373,0.05038181,-0.027128667,0.018198112,0.04263076,0.1782741,0.032352198,0.43405867,-1.0928978,0.42630762,-0.77898026,0.0060042716,0.6055502,-1.1569474,-0.07858837,0.6773,-1.1831204,-0.0029700883,0.64652103,-1.1181056,-0.044523023,0.7420743,-1.2617373,0.0,0.0,0.0,0.0,0.0,0.0,0.0,0.0,0.0,0.0,0.0,0.0,0.0,0.0,0.0,0.0,2.1453385,-4.2086544,0.9301065,0.14810789,50.0,50.0,50.0,50.0,50.0,50.0,50.0,50.0,50.0,50.0,50.0,50.0,0.0,0.0,0.0,0.0,1.0,1.0,1.0,1.0,1.0,1.0,1.0,1.0,1.0,1.0,1.0,1.0,0.5,0.5,0.5,0.5
1788446265.72479,839,16.115168000396807,5.039361998569802,10696140,1,0.0,0.0,0.0,0.022307158,0.639954,-1.190628,-0.102572836,0.6905924,-1.3524051,0.02087897,0.6865542,-1.2123331,-0.10626155,0.7039637,-1.339957,25.884897,30.363577,-44.866726,-6.7547655,0.12014124,-0.08526152,-0.17187107,0.0,0.11239019,0.1314308,0.2092783,-0.20540276,0.0,0.16664752,0.06975943,-0.09099056,0.8332376,-2.123787,0.5464489,-0.577453,0.010658836,0.64881545,-1.1698704,-0.096726604,0.6475371,-1.1756835,-0.006198815,0.6552302,-1.0652328,-0.023844698,0.7438673,-1.2962198,0.0,0.0,0.0,0.0,0.0,0.0,0.0,0.0,0.0,0.0,0.0,0.0,0.0,0.0,0.0,0.0,2.4968698,-3.8647852,0.66919893,1.0783138,50.0,50.0,50.0,50.0,50.0,50.0,50.0,50.0,50.0,50.0,50.0,50.0,0.0,0.0,0.0,0.0,1.0,1.0,1.0,1.0,1.0,1.0,1.0,1.0,1.0,1.0,1.0,1.0,0.5,0.5,0.5,0.5
1788446265.7470343,840,18.28709099936532,6.119547999333008,10696160,1,0.0,0.0,0.0,0.024305463,0.6401659,-1.1961097,-0.102815054,0.6910768,-1.3502567,0.022211194,0.68122536,-1.207215,-0.102113545,0.7062951,-1.3433533,25.909754,30.321007,-44.85292,-6.7627287,0.096888095,-0.038755238,-0.20017922,0.023253143,0.23640695,0.095034584,0.08913705,-0.32166848,0.20624527,0.13951886,0.04263076,-0.22848742,1.4920766,-2.4687085,0.86036634,-0.20540276,0.01580642,0.6763195,-1.1808866,-0.09946751,0.61844265,-1.1778102,-0.0068159187,0.6628874,-1.0445769,-0.022248974,0.74321353,-1.3002273,0.0,0.0,0.0,0.0,0.0,0.0,0.0,0.0,0.0,0.0,0.0,0.0,0.0,0.0,0.0,0.0,1.8313116,-2.9453304,0.37310058,1.5962018,50.0,50.0,50.0,50.0,50.0,50.0,50.0,50.0,50.0,50.0,50.0,50.0,0.0,0.0,0.0,0.0,1.0,1.0,1.0,1.0,1.0,1.0,1.0,1.0,1.0,1.0,1.0,1.0,0.5,0.5,0.5,0.5
1788446265.766261,841,17.373081000187085,6.157884001368075,10696179,1,0.0,0.0,0.0,0.026818514,0.6442838,-1.2000747,-0.102572836,0.6951643,-1.3499724,0.023513123,0.6773498,-1.2034868,-0.09878296,0.7069309,-1.3472235,25.936308,30.281858,-44.83881,-6.7633343,0.13564333,0.15114543,-0.28510374,0.10463915,0.25578457,-0.016176099,0.06200838,-0.19765173,0.19815722,0.22090487,0.08526152,-0.26488364,1.4920766,-2.0230236,0.51156914,0.24803352,0.013503445,0.6896805,-1.1698498,-0.093083866,0.603057,-1.196851,-0.0027875537,0.6742841,-1.0492483,-0.02916991,0.7319179,-1.2774762,0.0,0.0,0.0,0.0,0.0,0.0,0.0,0.0,0.0,0.0,0.0,0.0,0.0,0.0,0.0,0.0,0.33295608,-1.2761675,0.09287505,1.6691946,50.0,50.0,50.0,50.0,50.0,50.0,50.0,50.0,50.0,50.0,50.0,50.0,0.0,0.0,0.0,0.0,1.0,1.0,1.0,1.0,1.0,1.0,1.0,1.0,1.0,1.0,1.0,1.0,0.5,0.5,0.5,0.5
1788446265.789822,842,20.00573599980271,7.95492799989006,10696200,1,0.0,0.0,0.0,0.029967427,0.64561594,-1.2059828,-0.101876445,0.69810116,-1.350004,0.024058118,0.6750487,-1.2005328,-0.09784442,0.7068703,-1.3498616,25.96277,30.25573,-44.83351,-6.7579446,0.06975943,0.0,-0.3882264,0.023253143,0.081386,-0.016176099,0.0077510476,-0.15889648,0.076836474,0.0077510476,0.03100419,-0.04044025,1.0347649,-0.97663206,0.06200838,0.3759258,0.0064707217,0.69161177,-1.144105,-0.07992367,0.61202407,-1.2122818,-0.0011715619,0.6891844,-1.0755336,-0.041926574,0.7201527,-1.2346354,0.0,0.0,0.0,0.0,0.0,0.0,0.0,0.0,0.0,0.0,0.0,0.0,0.0,0.0,0.0,0.0,-1.2116293,0.37755585,-0.1644074,1.130888,50.0,50.0,50.0,50.0,50.0,50.0,50.0,50.0,50.0,50.0,50.0,50.0,0.0,0.0,0.0,0.0,1.0,1.0,1.0,1.0,1.0,1.0,1.0,1.0,1.0,1.0,1.0,1.0,0.5,0.5,0.5,0.5
1788446265.809852,843,19.44577199901687,6.055644000298344,10696221,1,0.0,0.0,0.0,0.030784845,0.645192,-1.210011,-0.0995148,0.6976773,-1.3504621,0.023755342,0.6753818,-1.2002326,-0.09863156,0.7032976,-1.3493087,25.968523,30.25034,-44.834965,-6.750012,0.08526152,-0.07363495,-0.064704396,0.09301257,-0.162772,0.014154087,-0.11626572,-0.04263076,0.04044025,-0.038755238,-0.1472699,-0.016176099,-0.2596601,0.34879714,-0.2286559,0.5658265,-0.004702609,0.66869587,-1.1035386,-0.06430001,0.6443225,-1.2390673,0.0033858053,0.6996924,-1.122512,-0.05914276,0.7134464,-1.1909277,0.0,0.0,0.0,0.0,0.0,0.0,0.0,0.0,0.0,0.0,0.0,0.0,0.0,0.0,0.0,0.0,-2.4142518,1.7030408,-0.17525056,0.37994486,50.0,50.0,50.0,50.0,50.0,50.0,50.0,50.0,50.0,50.0,50.0,50.0,0.0,0.0,0.0,0.0,1.0,1.0,1.0,1.0,1.0,1.0,1.0,1.0,1.0,1.0,1.0,1.0,0.5,0.5,0.5,0.5
1788446265.8263824,844,15.450916000190773,4.767235999679542,10696242,1,0.0,0.0,0.0,0.031239033,0.64558566,-1.2105323,-0.09718343,0.6955882,-1.350857,0.023331463,0.6773801,-1.2004539,-0.09947938,0.6993312,-1.3468919,25.958744,30.261028,-44.841625,-6.741716,0.10463915,-0.06975943,0.0060660373,0.05813286,-0.12789229,-0.012132075,-0.015502095,-0.038755238,0.032352198,-0.04263076,-0.14339438,0.15569495,-0.8293621,0.86811733,-0.3565482,0.3914279,-0.011012039,0.6390406,-1.0826373,-0.048943248,0.6895536,-1.2707567,0.0045657987,0.70158935,-1.167708,-0.07760861,0.70359844,-1.1479706,0.0,0.0,0.0,0.0,0.0,0.0,0.0,0.0,0.0,0.0,0.0,0.0,0.0,0.0,0.0,0.0,-2.5133302,1.8573022,-0.22065836,-0.46709186,50.0,50.0,50.0,50.0,50.0,50.0,50.0,50.0,50.0,50.0,50.0,50.0,0.0,0.0,0.0,0.0,1.0,1.0,1.0,1.0,1.0,1.0,1.0,1.0,1.0,1.0,1.0,1.0,0.5,0.5,0.5,0.5
1788446265.8488889,845,17.018010999890976,6.017659999997704,10696262,1,0.0,0.0,0.0,0.031208754,0.645404,-1.2074993,-0.09454928,0.6937412,-1.3515205,0.023301184,0.6787426,-1.2029498,-0.10072082,0.6968485,-1.3434955,25.935732,30.282919,-44.848045,-6.7363873,-0.054257333,0.0,0.28510374,0.046506286,-0.081386,-0.064704396,-0.07363495,0.06975943,-0.15569495,-0.054257333,-0.096888095,0.18804716,-1.4223173,1.5347074,-0.2790377,-0.0038755238,-0.016275156,0.6073988,-1.0707814,-0.03851314,0.72291553,-1.2871314,0.0064624706,0.7013377,-1.2047827,-0.09128488,0.7029456,-1.1296852,0.0,0.0,0.0,0.0,0.0,0.0,0.0,0.0,0.0,0.0,0.0,0.0,0.0,0.0,0.0,0.0,-2.1173704,1.3262627,-0.034995172,-1.0917778,50.0,50.0,50.0,50.0,50.0,50.0,50.0,50.0,50.0,50.0,50.0,50.0,0.0,0.0,0.0,0.0,1.0,1.0,1.0,1.0,1.0,1.0,1.0,1.0,1.0,1.0,1.0,1.0,0.5,0.5,0.5,0.5
1788446265.8688023,846,16.743035999752465,6.017531999532366,10696284,1,0.0,0.0,0.0,0.030300379,0.6430423,-1.2033604,-0.09367124,0.6921668,-1.3526578,0.023331463,0.6815281,-1.2091264,-0.102507174,0.6930638,-1.336924,25.908754,30.31689,-44.85259,-6.739415,-0.065883905,0.011626571,0.115254715,0.03100419,-0.16664752,-0.03437421,-0.015502095,0.1782741,-0.2547736,-0.162772,-0.07363495,0.17793709,-1.5657116,1.4765745,-0.06200838,-0.22090487,-0.016500397,0.58631307,-1.0673554,-0.039244473,0.7419498,-1.2838396,0.008824951,0.6962325,-1.220351,-0.090076864,0.7038886,-1.1446364,0.0,0.0,0.0,0.0,0.0,0.0,0.0,0.0,0.0,0.0,0.0,0.0,0.0,0.0,0.0,0.0,-1.4332575,0.1739341,0.19634871,-1.245184,50.0,50.0,50.0,50.0,50.0,50.0,50.0,50.0,50.0,50.0,50.0,50.0,0.0,0.0,0.0,0.0,1.0,1.0,1.0,1.0,1.0,1.0,1.0,1.0,1.0,1.0,1.0,1.0,0.5,0.5,0.5,0.5
1788446265.888213,847,15.55001900123898,5.907389000640251,10696304,1,0.0,0.0,0.0,0.028271794,0.6408018,-1.2020967,-0.09415568,0.6926513,-1.3531002,0.02308923,0.683587,-1.2148764,-0.10444492,0.6921555,-1.3340647,25.88644,30.335602,-44.85398,-6.745531,-0.12014124,0.054257333,0.1455849,0.019377619,-0.03100419,-0.08694653,-0.023253143,0.17052305,-0.2911698,-0.11239019,0.027128667,0.1273868,-0.895246,1.0037607,0.11239019,-0.33329505,-0.01121046,0.57711583,-1.0922433,-0.0443909,0.7364059,-1.2619352,0.0107613485,0.682974,-1.2126737,-0.0819479,0.7106855,-1.1708872,0.0,0.0,0.0,0.0,0.0,0.0,0.0,0.0,0.0,0.0,0.0,0.0,0.0,0.0,0.0,0.0,-0.39570475,-1.2749337,0.42682165,-1.075572,50.0,50.0,50.0,50.0,50.0,50.0,50.0,50.0,50.0,50.0,50.0,50.0,0.0,0.0,0.0,0.0,1.0,1.0,1.0,1.0,1.0,1.0,1.0,1.0,1.0,1.0,1.0,1.0,0.5,0.5,0.5,0.5
1788446265.906964,848,14.233130999855348,4.757380000228295,10696323,1,0.0,0.0,0.0,0.026667118,0.6414679,-1.20107,-0.095185116,0.69334763,-1.3534002,0.023361728,0.6867964,-1.2216376,-0.104263246,0.6930335,-1.3335592,25.876993,30.340263,-44.85186,-6.7548866,-0.096888095,0.054257333,0.014154087,-0.03100419,0.06200838,-0.0040440247,0.0077510476,0.13951886,-0.33767608,-0.07363495,0.096888095,-0.018198112,-0.20540276,-0.05038181,0.23640695,-0.5464489,-4.411419e-05,0.5841864,-1.1285936,-0.053695343,0.72120917,-1.2234837,0.007069417,0.6672205,-1.1792551,-0.06722501,0.7255865,-1.2052267,0.0,0.0,0.0,0.0,0.0,0.0,0.0,0.0,0.0,0.0,0.0,0.0,0.0,0.0,0.0,0.0,0.6794578,-2.8077931,0.65318286,-0.5513924,50.0,50.0,50.0,50.0,50.0,50.0,50.0,50.0,50.0,50.0,50.0,50.0,0.0,0.0,0.0,0.0,1.0,1.0,1.0,1.0,1.0,1.0,1.0,1.0,1.0,1.0,1.0,1.0,0.5,0.5,0.5,0.5
1788446265.9288516,849,16.05641599962837,5.94482900123694,10696344,1,0.0,0.0,0.0,0.025970697,0.6421945,-1.2020019,-0.09663843,0.69425595,-1.353116,0.024118677,0.6869478,-1.2250497,-0.10311264,0.6963035,-1.334586,25.879538,30.330334,-44.84832,-6.76506,-0.04263076,-0.038755238,0.070770435,-0.054257333,0.07363495,-0.020220125,0.07363495,0.0038755238,-0.02426415,0.10463915,0.13176781,0.010110063,0.25578457,-0.70146984,0.17052305,-0.48831603,0.008632447,0.6068061,-1.1607504,-0.0704364,0.6924419,-1.1903547,-0.0001949356,0.65036243,-1.1237723,-0.045013655,0.73650825,-1.248307,0.0,0.0,0.0,0.0,0.0,0.0,0.0,0.0,0.0,0.0,0.0,0.0,0.0,0.0,0.0,0.0,1.5127823,-3.6303258,0.67245173,0.17606638,50.0,50.0,50.0,50.0,50.0,50.0,50.0,50.0,50.0,50.0,50.0,50.0,0.0,0.0,0.0,0.0,1.0,1.0,1.0,1.0,1.0,1.0,1.0,1.0,1.0,1.0,1.0,1.0,0.5,0.5,0.5,0.5
1788446265.9489093,850,16.04368100015563,5.933885000558803,10696364,1,0.0,0.0,0.0,0.026848793,0.64286065,-1.2051929,-0.09712288,0.69495237,-1.3516469,0.025572002,0.6852825,-1.224086,-0.100236356,0.6991496,-1.3367501,25.889378,30.309563,-44.8422,-6.7728415,0.06975943,-0.038755238,-0.10514465,-0.019377619,0.162772,-0.050550308,0.1782741,-0.015502095,-0.018198112,0.10851467,0.08526152,-0.14356288,0.65883905,-1.5385829,0.31391743,-0.21702933,0.013231883,0.6439132,-1.1756852,-0.08634583,0.6582155,-1.1770377,-0.0017151586,0.65622425,-1.0802121,-0.026428444,0.7400092,-1.2826269,0.0,0.0,0.0,0.0,0.0,0.0,0.0,0.0,0.0,0.0,0.0,0.0,0.0,0.0,0.0,0.0,1.8741494,-3.5496614,0.58931285,1.0303938,50.0,50.0,50.0,50.0,50.0,50.0,50.0,50.0,50.0,50.0,50.0,50.0,0.0,0.0,0.0,0.0,1.0,1.0,1.0,1.0,1.0,1.0,1.0,1.0,1.0,1.0,1.0,1.0,0.5,0.5,0.5,0.5
1788446265.978769,851,22.01740499913285,4.705444000137504,10696388,1,0.0,0.0,0.0,0.028998494,0.64258814,-1.2095845,-0.09706232,0.69655704,-1.3498933,0.026964754,0.6794692,-1.2188098,-0.0965727,0.7006937,-1.3398464,25.911753,30.2666,-44.83548,-6.776838,0.15114543,-0.10463915,-0.21837734,0.038755238,0.31779295,-0.0080880495,0.054257333,-0.26741114,0.18198112,0.06200838,-0.0038755238,-0.09301257,1.0270138,-2.1354136,0.44568524,-0.03100419,0.0153450705,0.674542,-1.1796951,-0.09102772,0.62923855,-1.185174,-0.0014095576,0.6667371,-1.0534892,-0.020950759,0.733154,-1.2915162,0.0,0.0,0.0,0.0,0.0,0.0,0.0,0.0,0.0,0.0,0.0,0.0,0.0,0.0,0.0,0.0,1.4005023,-2.7376819,0.13239025,1.5639372,50.0,50.0,50.0,50.0,50.0,50.0,50.0,50.0,50.0,50.0,50.0,50.0,0.0,0.0,0.0,0.0,1.0,1.0,1.0,1.0,1.0,1.0,1.0,1.0,1.0,1.0,1.0,1.0,0.5,0.5,0.5,0.5
1788446266.0001643,852,20.410183000421966,3.518155001074774,10696407,1,0.0,0.0,0.0,0.031208754,0.6444653,-1.2134231,-0.09688065,0.6987673,-1.3495142,0.027903363,0.6764112,-1.2140551,-0.09393865,0.70093596,-1.3435428,25.931826,30.233717,-44.828243,-6.7735376,0.13951886,-0.0038755238,-0.14962892,0.081386,0.2945398,0.020220125,0.065883905,-0.14339438,0.12334275,0.096888095,0.05813286,-0.113232695,0.96500546,-1.7246081,0.27128667,0.28291324,0.01419744,0.6860142,-1.1657221,-0.08568353,0.6119311,-1.2015507,0.001945266,0.67962,-1.0619726,-0.025935972,0.7233739,-1.2741604,0.0,0.0,0.0,0.0,0.0,0.0,0.0,0.0,0.0,0.0,0.0,0.0,0.0,0.0,0.0,0.0,0.10824751,-1.2593949,-0.20958982,1.6631078,50.0,50.0,50.0,50.0,50.0,50.0,50.0,50.0,50.0,50.0,50.0,50.0,0.0,0.0,0.0,0.0,1.0,1.0,1.0,1.0,1.0,1.0,1.0,1.0,1.0,1.0,1.0,1.0,0.5,0.5,0.5,0.5
1788446266.0189314,853,18.051894001473556,4.8725150008976925,10696431,1,0.0,0.0,0.0,0.03357041,0.648129,-1.2161719,-0.09545761,0.70285475,-1.3495932,0.028327256,0.67526066,-1.2127596,-0.093333066,0.7001487,-1.344854,25.952658,30.203894,-44.82152,-6.7689657,0.11626572,-0.05813286,-0.12536478,-0.0038755238,0.096888095,0.0020220124,0.027128667,-0.096888095,0.12536478,-0.038755238,-0.038755238,-0.13547485,0.7363495,-0.85261524,-0.034879714,0.3100419,0.007599391,0.68880683,-1.1347979,-0.07558209,0.62753916,-1.2282879,0.0061299903,0.6943377,-1.0840933,-0.036548626,0.71131426,-1.2350047,0.0,0.0,0.0,0.0,0.0,0.0,0.0,0.0,0.0,0.0,0.0,0.0,0.0,0.0,0.0,0.0,-1.2770218,0.34673467,-0.466466,1.1240329,50.0,50.0,50.0,50.0,50.0,50.0,50.0,50.0,50.0,50.0,50.0,50.0,0.0,0.0,0.0,0.0,1.0,1.0,1.0,1.0,1.0,1.0,1.0,1.0,1.0,1.0,1.0,1.0,0.5,0.5,0.5,0.5
1788446266.036938,854,15.309189999243245,4.773955999553436,10696452,1,0.0,0.0,0.0,0.03499341,0.64788675,-1.2182254,-0.09373179,0.7035209,-1.3497987,0.028236419,0.6769562,-1.2124912,-0.09360558,0.6989982,-1.3458334,25.958046,30.197325,-44.82225,-6.760155,0.15502095,-0.027128667,0.052572325,0.054257333,0.0038755238,-0.014154087,-0.065883905,0.12014124,0.020220125,-0.10076362,-0.08913705,0.010110063,-0.10851467,0.10851467,-0.15502095,0.53094673,0.0015849342,0.6639171,-1.1137321,-0.05844867,0.646849,-1.2408378,0.0057866652,0.7000894,-1.1355739,-0.05329005,0.7046613,-1.1876092,0.0,0.0,0.0,0.0,0.0,0.0,0.0,0.0,0.0,0.0,0.0,0.0,0.0,0.0,0.0,0.0,-2.3414075,1.4964545,-0.4362722,0.43390852,50.0,50.0,50.0,50.0,50.0,50.0,50.0,50.0,50.0,50.0,50.0,50.0,0.0,0.0,0.0,0.0,1.0,1.0,1.0,1.0,1.0,1.0,1.0,1.0,1.0,1.0,1.0,1.0,0.5,0.5,0.5,0.5
1788446266.056992,855,14.954696000131662,6.125916001110454,10696473,1,0.0,0.0,0.0,0.035538435,0.6479776,-1.2170091,-0.09158209,0.7026428,-1.3505253,0.028145581,0.678561,-1.2128228,-0.09457439,0.6953951,-1.3439062,25.947329,30.20995,-44.826942,-6.7504663,0.046506286,-0.0038755238,0.036396224,0.06975943,-0.019377619,0.018198112,-0.054257333,-0.05038181,0.022242136,-0.03100419,0.0038755238,0.022242136,-0.8254866,0.8293621,-0.41468105,0.4224321,-0.0021556579,0.63136923,-1.0963447,-0.04396254,0.6871692,-1.2526872,0.003229342,0.6964078,-1.174776,-0.07055762,0.7067823,-1.1556933,0.0,0.0,0.0,0.0,0.0,0.0,0.0,0.0,0.0,0.0,0.0,0.0,0.0,0.0,0.0,0.0,-2.5714478,1.8899226,-0.36890477,-0.2189118,50.0,50.0,50.0,50.0,50.0,50.0,50.0,50.0,50.0,50.0,50.0,50.0,0.0,0.0,0.0,0.0,1.0,1.0,1.0,1.0,1.0,1.0,1.0,1.0,1.0,1.0,1.0,1.0,0.5,0.5,0.5,0.5
1788446266.0768735,856,14.289131999248639,4.745251999338507,10696494,1,0.0,0.0,0.0,0.03538704,0.6474023,-1.2149554,-0.08922044,0.69979674,-1.3506675,0.027963921,0.6803473,-1.2156663,-0.09569472,0.6923069,-1.3401307,25.92801,30.230206,-44.834995,-6.7461367,-0.065883905,0.04263076,0.14760691,0.065883905,-0.30229086,0.022242136,-0.015502095,0.13951886,0.014154087,-0.17439857,-0.077510476,0.20220123,-0.9998852,1.4610726,-0.577453,0.16664752,-0.0062920623,0.60682833,-1.0954437,-0.0373827,0.7248143,-1.2581874,0.0030899039,0.6908994,-1.1989121,-0.08221092,0.7117659,-1.1408682,0.0,0.0,0.0,0.0,0.0,0.0,0.0,0.0,0.0,0.0,0.0,0.0,0.0,0.0,0.0,0.0,-2.07633,1.3914114,-0.18557194,-0.79613084,50.0,50.0,50.0,50.0,50.0,50.0,50.0,50.0,50.0,50.0,50.0,50.0,0.0,0.0,0.0,0.0,1.0,1.0,1.0,1.0,1.0,1.0,1.0,1.0,1.0,1.0,1.0,1.0,0.5,0.5,0.5,0.5
1788446266.100493,857,17.83503099977679,6.124380000983365,10696514,1,0.0,0.0,0.0,0.034327388,0.6429212,-1.2123964,-0.088796556,0.69779843,-1.3509676,0.027358368,0.682497,-1.2187467,-0.0972994,0.69052047,-1.3368608,25.906,30.260029,-44.8455,-6.7467422,-0.096888095,0.10076362,0.1455849,0.06200838,-0.19765173,-0.022242136,-0.06975943,0.18214962,-0.18198112,-0.081386,-0.027128667,0.16580501,-1.4145663,1.6199689,-0.41080552,-0.10076362,-0.004735936,0.5920411,-1.1049147,-0.036810484,0.73788863,-1.2528255,0.004761038,0.68115187,-1.2048323,-0.08523745,0.71503603,-1.1494449,0.0,0.0,0.0,0.0,0.0,0.0,0.0,0.0,0.0,0.0,0.0,0.0,0.0,0.0,0.0,0.0,-1.5106854,0.4609692,0.030031474,-0.9926605,50.0,50.0,50.0,50.0,50.0,50.0,50.0,50.0,50.0,50.0,50.0,50.0,0.0,0.0,0.0,0.0,1.0,1.0,1.0,1.0,1.0,1.0,1.0,1.0,1.0,1.0,1.0,1.0,0.5,0.5,0.5,0.5
1788446266.1208415,858,17.822454999986803,6.528568999783602,10696533,1,0.0,0.0,0.0,0.03284371,0.64289093,-1.2108166,-0.08949294,0.69897926,-1.3510466,0.027206987,0.68404114,-1.2227591,-0.09863156,0.6909443,-1.3349967,25.887531,30.281404,-44.84968,-6.7527676,-0.077510476,0.06975943,0.030330187,-0.054257333,-0.06975943,-0.046506286,-0.011626571,0.015502095,-0.1314308,-0.07363495,0.05813286,0.09907861,-0.7944824,0.93400127,0.027128667,-0.46118733,-0.003083489,0.59457016,-1.1155484,-0.043400943,0.73351395,-1.2487637,0.0085367635,0.6780638,-1.1884826,-0.07839063,0.71075416,-1.170412,0.0,0.0,0.0,0.0,0.0,0.0,0.0,0.0,0.0,0.0,0.0,0.0,0.0,0.0,0.0,0.0,-0.585462,-0.98011994,0.24724528,-0.9793885,50.0,50.0,50.0,50.0,50.0,50.0,50.0,50.0,50.0,50.0,50.0,50.0,0.0,0.0,0.0,0.0,1.0,1.0,1.0,1.0,1.0,1.0,1.0,1.0,1.0,1.0,1.0,1.0,0.5,0.5,0.5,0.5
1788446266.1408546,859,17.23509799921885,6.194554998728563,10696554,1,0.0,0.0,0.0,0.03202629,0.6436479,-1.210548,-0.090037934,0.698949,-1.3509518,0.027146429,0.6845559,-1.2250971,-0.09890407,0.69270045,-1.3346176,25.880142,30.2864,-44.848743,-6.761578,-0.054257333,0.027128667,0.038418237,0.015502095,0.027128667,-0.03437421,-0.011626571,-0.027128667,-0.05863836,-0.0077510476,0.15502095,0.0060660373,-0.13951886,0.06975943,0.06975943,-0.47668946,0.0012523128,0.5999844,-1.1285408,-0.053986866,0.70947695,-1.2290405,0.008432343,0.67293406,-1.1654963,-0.061706617,0.71398467,-1.203367,0.0,0.0,0.0,0.0,0.0,0.0,0.0,0.0,0.0,0.0,0.0,0.0,0.0,0.0,0.0,0.0,0.34019166,-2.2213826,0.32577074,-0.54359233,50.0,50.0,50.0,50.0,50.0,50.0,50.0,50.0,50.0,50.0,50.0,50.0,0.0,0.0,0.0,0.0,1.0,1.0,1.0,1.0,1.0,1.0,1.0,1.0,1.0,1.0,1.0,1.0,0.5,0.5,0.5,0.5
1788446266.1588805,860,14.880967999488348,5.929405000642873,10696576,1,0.0,0.0,0.0,0.031905174,0.6438296,-1.2110693,-0.09037099,0.69955456,-1.3509834,0.027630866,0.6837989,-1.2253499,-0.09838945,0.6940932,-1.3349967,25.881838,30.277468,-44.84617,-6.772508,-0.054257333,-0.027128667,0.0060660373,-0.054257333,0.06975943,-0.036396224,-0.0077510476,-0.023253143,-0.018198112,0.0038755238,0.077510476,-0.0040440247,0.06975943,-0.48056495,0.096888095,-0.52319574,0.0039505153,0.62258875,-1.1372234,-0.07027645,0.68160707,-1.213988,0.009064408,0.67281955,-1.1338289,-0.03989608,0.7136919,-1.2319876,0.0,0.0,0.0,0.0,0.0,0.0,0.0,0.0,0.0,0.0,0.0,0.0,0.0,0.0,0.0,0.0,0.9621415,-2.6792634,0.3635711,0.070218965,50.0,50.0,50.0,50.0,50.0,50.0,50.0,50.0,50.0,50.0,50.0,50.0,0.0,0.0,0.0,0.0,1.0,1.0,1.0,1.0,1.0,1.0,1.0,1.0,1.0,1.0,1.0,1.0,0.5,0.5,0.5,0.5
1788446266.1828296,861,18.20658100041328,5.6101749996742,10696595,1,0.0,0.0,0.0,0.0324198,0.64389014,-1.2120962,-0.0907646,0.6988884,-1.3506358,0.02802448,0.68216395,-1.2244494,-0.09690577,0.69560707,-1.3361657,25.884867,30.262783,-44.843594,-6.7784123,0.038755238,-0.038755238,-0.02426415,0.027128667,0.08526152,-0.014154087,0.038755238,-0.077510476,0.0080880495,0.054257333,0.06200838,-0.018198112,0.22090487,-0.84873974,0.06975943,-0.13951886,0.008616585,0.64269006,-1.1528045,-0.08021392,0.66307044,-1.2034705,0.004680842,0.6691418,-1.0984235,-0.02841039,0.7215815,-1.2540721,0.0,0.0,0.0,0.0,0.0,0.0,0.0,0.0,0.0,0.0,0.0,0.0,0.0,0.0,0.0,0.0,1.1215345,-2.525232,0.20729026,0.7234001,50.0,50.0,50.0,50.0,50.0,50.0,50.0,50.0,50.0,50.0,50.0,50.0,0.0,0.0,0.0,0.0,1.0,1.0,1.0,1.0,1.0,1.0,1.0,1.0,1.0,1.0,1.0,1.0,0.5,0.5,0.5,0.5
1788446266.198892,862,14.204396999048186,4.8364829999627545,10696616,1,0.0,0.0,0.0,0.033297896,0.6447681,-1.2123331,-0.09149125,0.6980709,-1.3501146,0.02908419,0.6816795,-1.222143,-0.094453275,0.6958493,-1.3375716,25.89407,30.24168,-44.84078,-6.779412,0.081386,-0.03100419,0.038418237,0.081386,0.16664752,0.04044025,0.10463915,-0.081386,0.06874842,0.054257333,-0.10076362,-0.052572325,0.7208474,-1.2789229,0.04263076,0.034879714,0.014176682,0.65472525,-1.1661315,-0.07987349,0.6493684,-1.1933991,0.0005056979,0.66474235,-1.0798414,-0.027752459,0.73166347,-1.2641473,0.0,0.0,0.0,0.0,0.0,0.0,0.0,0.0,0.0,0.0,0.0,0.0,0.0,0.0,0.0,0.0,0.73191994,-2.0251772,0.06608218,1.1724458,50.0,50.0,50.0,50.0,50.0,50.0,50.0,50.0,50.0,50.0,50.0,50.0,0.0,0.0,0.0,0.0,1.0,1.0,1.0,1.0,1.0,1.0,1.0,1.0,1.0,1.0,1.0,1.0,0.5,0.5,0.5,0.5
1788446266.2209244,863,16.169376998732332,5.9936289999313885,10696636,1,0.0,0.0,0.0,0.03423655,0.64585817,-1.21336,-0.0919757,0.699494,-1.3499408,0.029931962,0.6803473,-1.2194418,-0.09245497,0.6958796,-1.3388828,25.905424,30.222061,-44.84017,-6.7771406,0.077510476,-0.011626571,-0.038418237,0.046506286,0.027128667,-0.0020220124,0.034879714,-0.15114543,0.21433333,0.17439857,0.0038755238,-0.09907861,0.61233276,-0.96500546,0.046506286,0.25578457,0.016069217,0.6669745,-1.1686932,-0.07536558,0.6442098,-1.1932908,0.00033810176,0.66690505,-1.0733562,-0.032359913,0.7304904,-1.2550287,0.0,0.0,0.0,0.0,0.0,0.0,0.0,0.0,0.0,0.0,0.0,0.0,0.0,0.0,0.0,0.0,-0.13312191,-0.92678773,0.0015452318,1.2590979,50.0,50.0,50.0,50.0,50.0,50.0,50.0,50.0,50.0,50.0,50.0,50.0,0.0,0.0,0.0,0.0,1.0,1.0,1.0,1.0,1.0,1.0,1.0,1.0,1.0,1.0,1.0,1.0,0.5,0.5,0.5,0.5
1788446266.240173,864,15.351014000771102,5.949021000560606,10696656,1,0.0,0.0,0.0,0.035508156,0.64885557,-1.2150977,-0.09130959,0.6999784,-1.3497512,0.030628338,0.67728925,-1.2159822,-0.09139532,0.69578874,-1.3406363,25.911692,30.210798,-44.84081,-6.772932,0.07363495,0.096888095,-0.06874842,0.08913705,0.015502095,-0.0020220124,0.03100419,-0.081386,0.088968545,0.046506286,-0.06975943,-0.08694653,0.21702933,-0.2945398,-0.04263076,0.325544,0.015064845,0.66720325,-1.1604588,-0.065900005,0.6430975,-1.1990244,0.00022399984,0.6724793,-1.0868129,-0.04185434,0.72695136,-1.2299364,0.0,0.0,0.0,0.0,0.0,0.0,0.0,0.0,0.0,0.0,0.0,0.0,0.0,0.0,0.0,0.0,-1.1994653,0.12711965,-0.070621595,1.0161998,50.0,50.0,50.0,50.0,50.0,50.0,50.0,50.0,50.0,50.0,50.0,50.0,0.0,0.0,0.0,0.0,1.0,1.0,1.0,1.0,1.0,1.0,1.0,1.0,1.0,1.0,1.0,1.0,0.5,0.5,0.5,0.5
1788446266.262814,865,17.922069999258383,6.801911998991272,10696675,1,0.0,0.0,0.0,0.035992622,0.6511264,-1.2155083,-0.09082515,0.6993426,-1.3497355,0.030900836,0.67692596,-1.2147659,-0.0912742,0.6944566,-1.3405888,25.911238,30.210526,-44.84081,-6.768239,0.054257333,0.038755238,-0.046506286,-0.0038755238,-0.015502095,0.012132075,-0.015502095,-0.09301257,0.06268239,-0.07363495,0.03100419,0.0080880495,-0.10851467,0.21315381,-0.015502095,0.31391743,0.009348082,0.6559449,-1.1421131,-0.054709073,0.65548784,-1.2151694,0.0008206526,0.67903453,-1.1136408,-0.05562787,0.71781063,-1.2019491,0.0,0.0,0.0,0.0,0.0,0.0,0.0,0.0,0.0,0.0,0.0,0.0,0.0,0.0,0.0,0.0,-1.9064953,1.0168172,-0.18241629,0.46047825,50.0,50.0,50.0,50.0,50.0,50.0,50.0,50.0,50.0,50.0,50.0,50.0,0.0,0.0,0.0,0.0,1.0,1.0,1.0,1.0,1.0,1.0,1.0,1.0,1.0,1.0,1.0,1.0,0.5,0.5,0.5,0.5
1788446266.282106,866,16.500191000886844,6.921974998476799,10696695,1,0.0,0.0,0.0,0.036204576,0.65118694,-1.2156663,-0.08982599,0.6983131,-1.3497987,0.030688897,0.6775012,-1.2148291,-0.091909945,0.6933665,-1.3399727,25.90264,30.217005,-44.841114,-6.7647877,0.077510476,0.03100419,0.02426415,0.07363495,-0.12789229,-0.020220125,0.015502095,-0.06200838,-0.010110063,-0.023253143,-0.011626571,-0.05863836,-0.4728139,0.569702,-0.038755238,0.13176781,0.0017088136,0.6414858,-1.1164821,-0.04679001,0.68188506,-1.2415007,0.0045535234,0.6900037,-1.1432928,-0.06623623,0.7089064,-1.172346,0.0,0.0,0.0,0.0,0.0,0.0,0.0,0.0,0.0,0.0,0.0,0.0,0.0,0.0,0.0,0.0,-2.059753,1.2908897,-0.15661865,-0.17075256,50.0,50.0,50.0,50.0,50.0,50.0,50.0,50.0,50.0,50.0,50.0,50.0,0.0,0.0,0.0,0.0,1.0,1.0,1.0,1.0,1.0,1.0,1.0,1.0,1.0,1.0,1.0,1.0,0.5,0.5,0.5,0.5
1788446266.3008304,867,14.834088999123196,5.90303699937067,10696717,1,0.0,0.0,0.0,0.036174297,0.6507026,-1.2145131,-0.08828184,0.6964965,-1.3500355,0.03020446,0.6780462,-1.2152872,-0.09321195,0.6923069,-1.3387722,25.894222,30.232264,-44.842262,-6.7642426,0.015502095,-0.0077510476,0.06874842,0.17052305,-0.12014124,-0.020220125,-0.034879714,-0.038755238,-0.03437421,-0.13564333,0.07363495,-0.03437421,-0.48056495,0.8797439,-0.10076362,-0.038755238,-0.0038682562,0.6205391,-1.0958576,-0.03985216,0.7018405,-1.2558378,0.0071796784,0.69607866,-1.1789503,-0.074195,0.70340985,-1.1556281,0.0,0.0,0.0,0.0,0.0,0.0,0.0,0.0,0.0,0.0,0.0,0.0,0.0,0.0,0.0,0.0,-1.7327676,0.9431007,-0.11334887,-0.6414488,50.0,50.0,50.0,50.0,50.0,50.0,50.0,50.0,50.0,50.0,50.0,50.0,0.0,0.0,0.0,0.0,1.0,1.0,1.0,1.0,1.0,1.0,1.0,1.0,1.0,1.0,1.0,1.0,0.5,0.5,0.5,0.5
1788446266.3261986,868,19.55230100065819,7.469427999239997,10696738,1,0.0,0.0,0.0,0.03572011,0.64728117,-1.2127755,-0.08755518,0.69576985,-1.3508728,0.029871404,0.679227,-1.2166141,-0.09466523,0.69148934,-1.3371294,25.882595,30.250158,-44.843323,-6.765605,-0.011626571,-0.25190905,0.101100616,0.04263076,-0.08526152,-0.06268239,-0.05813286,0.0077510476,-0.0040440247,-0.11239019,0.0038755238,0.032352198,-0.740225,0.97663206,-0.10851467,-0.08913705,-0.007708359,0.6126913,-1.0872754,-0.03986807,0.7179711,-1.2693657,0.010536695,0.6964732,-1.1924143,-0.074736156,0.6967787,-1.1462569,0.0,0.0,0.0,0.0,0.0,0.0,0.0,0.0,0.0,0.0,0.0,0.0,0.0,0.0,0.0,0.0,-1.1408924,0.28890127,-0.16698855,-0.88855296,50.0,50.0,50.0,50.0,50.0,50.0,50.0,50.0,50.0,50.0,50.0,50.0,0.0,0.0,0.0,0.0,1.0,1.0,1.0,1.0,1.0,1.0,1.0,1.0,1.0,1.0,1.0,1.0,0.5,0.5,0.5,0.5
1788446266.342863,869,15.970017999279662,5.875324999578879,10696758,1,0.0,0.0,0.0,0.03499341,0.64513147,-1.2108957,-0.08707073,0.6968901,-1.3510623,0.029447526,0.68077123,-1.2198683,-0.09611863,0.6913985,-1.3360393,25.86994,30.263994,-44.84393,-6.769178,0.0,0.027128667,0.1314308,0.05813286,-0.06975943,0.016176099,-0.06975943,0.12401676,-0.18602514,-0.038755238,0.096888095,-0.014154087,-0.5503244,0.6162083,0.011626571,-0.11239019,-0.00413399,0.5995314,-1.0955708,-0.043273173,0.71517825,-1.2604809,0.011524085,0.6908561,-1.1970536,-0.07076458,0.6975907,-1.159091,0.0,0.0,0.0,0.0,0.0,0.0,0.0,0.0,0.0,0.0,0.0,0.0,0.0,0.0,0.0,0.0,-0.53381526,-0.845176,0.008708322,-0.87231034,50.0,50.0,50.0,50.0,50.0,50.0,50.0,50.0,50.0,50.0,50.0,50.0,0.0,0.0,0.0,0.0,1.0,1.0,1.0,1.0,1.0,1.0,1.0,1.0,1.0,1.0,1.0,1.0,0.5,0.5,0.5,0.5
1788446266.3649342,870,16.846907999934047,7.985169000676251,10696780,1,0.0,0.0,0.0,0.034418225,0.6453434,-1.2096477,-0.08737351,0.69810116,-1.3514888,0.029205292,0.6823759,-1.2219851,-0.096663535,0.69145906,-1.3355339,25.86576,30.270414,-44.8449,-6.771176,-0.04263076,-0.06975943,0.06874842,0.023253143,0.027128667,0.0040440247,-0.05813286,0.04263076,-0.08694653,0.011626571,0.038755238,0.0485283,0.0077510476,0.096888095,0.0,-0.096888095,0.001630494,0.6018349,-1.119932,-0.049913857,0.71035993,-1.2367468,0.009813186,0.67633843,-1.1739076,-0.062563896,0.7084636,-1.1799005,0.0,0.0,0.0,0.0,0.0,0.0,0.0,0.0,0.0,0.0,0.0,0.0,0.0,0.0,0.0,0.0,0.18672776,-1.7785826,0.21680042,-0.59178406,50.0,50.0,50.0,50.0,50.0,50.0,50.0,50.0,50.0,50.0,50.0,50.0,0.0,0.0,0.0,0.0,1.0,1.0,1.0,1.0,1.0,1.0,1.0,1.0,1.0,1.0,1.0,1.0,0.5,0.5,0.5,0.5
1788446266.385682,871,17.063707000488648,6.677240000499296,10696800,1,0.0,0.0,0.0,0.03426683,0.64370847,-1.2095845,-0.08776712,0.69825256,-1.3515363,0.029629186,0.6826484,-1.223549,-0.096300304,0.6917013,-1.3356444,25.868788,30.2656,-44.844353,-6.773992,0.0077510476,-0.034879714,0.0060660373,0.0038755238,0.065883905,-0.046506286,0.0038755238,-0.015502095,-0.026286162,-0.054257333,0.027128667,0.0,0.15114543,-0.42630762,0.0,-0.18214962,0.007650788,0.6117149,-1.1442467,-0.0625396,0.6893461,-1.2083545,0.0057811327,0.6623201,-1.1393139,-0.04733236,0.7236774,-1.222256,0.0,0.0,0.0,0.0,0.0,0.0,0.0,0.0,0.0,0.0,0.0,0.0,0.0,0.0,0.0,0.0,0.716832,-2.4530768,0.32311916,0.028497912,50.0,50.0,50.0,50.0,50.0,50.0,50.0,50.0,50.0,50.0,50.0,50.0,0.0,0.0,0.0,0.0,1.0,1.0,1.0,1.0,1.0,1.0,1.0,1.0,1.0,1.0,1.0,1.0,0.5,0.5,0.5,0.5
1788446266.4061263,872,17.420760999812046,7.306005001737503,10696820,1,0.0,0.0,0.0,0.03426683,0.6437993,-1.210548,-0.08858461,0.6987673,-1.3511097,0.02999252,0.6807107,-1.2230593,-0.09530109,0.6929124,-1.3360868,25.872179,30.2547,-44.843475,-6.776747,0.05813286,-0.05813286,0.046506286,-0.077510476,0.10851467,-0.014154087,0.06975943,-0.015502095,-0.010110063,0.0,-0.0038755238,-0.0040440247,0.23640695,-0.7169719,0.05813286,-0.096888095,0.011332381,0.6383696,-1.1617037,-0.07440203,0.66566414,-1.1938903,0.0031110188,0.6595774,-1.1005642,-0.030843422,0.72742915,-1.2565227,0.0,0.0,0.0,0.0,0.0,0.0,0.0,0.0,0.0,0.0,0.0,0.0,0.0,0.0,0.0,0.0,0.9389842,-2.4455664,0.2830011,0.62844664,50.0,50.0,50.0,50.0,50.0,50.0,50.0,50.0,50.0,50.0,50.0,50.0,0.0,0.0,0.0,0.0,1.0,1.0,1.0,1.0,1.0,1.0,1.0,1.0,1.0,1.0,1.0,1.0,0.5,0.5,0.5,0.5
1788446266.429023,873,20.246889000191004,6.0540119993675034,10696840,1,0.0,0.0,0.0,0.034448504,0.6441021,-1.2118118,-0.08967461,0.6983434,-1.3501935,0.030265018,0.67744064,-1.2211636,-0.093666136,0.69475937,-1.3379823,25.877962,30.237743,-44.842022,-6.7767167,-0.0038755238,-0.019377619,-0.03437421,0.027128667,0.162772,0.0,0.03100419,-0.11239019,-0.0020220124,0.1782741,0.0,-0.07481446,0.43018317,-1.1122752,0.027128667,0.05038181,0.013990188,0.66070753,-1.1661773,-0.08039761,0.6476759,-1.1958052,0.0032739313,0.6669905,-1.0723968,-0.026860045,0.7279342,-1.2697914,0.0,0.0,0.0,0.0,0.0,0.0,0.0,0.0,0.0,0.0,0.0,0.0,0.0,0.0,0.0,0.0,0.67561597,-1.9541556,0.10808748,1.0634129,50.0,50.0,50.0,50.0,50.0,50.0,50.0,50.0,50.0,50.0,50.0,50.0,0.0,0.0,0.0,0.0,1.0,1.0,1.0,1.0,1.0,1.0,1.0,1.0,1.0,1.0,1.0,1.0,0.5,0.5,0.5,0.5
1788446266.446971,874,17.793240000173682,6.330617999992683,10696860,1,0.0,0.0,0.0,0.03499341,0.6458279,-1.2130756,-0.0904921,0.698737,-1.3498302,0.030658618,0.67647177,-1.2187625,-0.0921219,0.69500154,-1.3399254,25.885744,30.21982,-44.841114,-6.7759295,0.12401676,0.0038755238,-0.11121068,-0.015502095,0.0,-0.012132075,0.077510476,-0.16664752,0.21635534,0.054257333,0.07363495,-0.14760691,0.4999426,-0.8797439,0.015502095,0.1782741,0.015747989,0.6710107,-1.1678189,-0.0761195,0.64221233,-1.200363,0.0016370651,0.67023003,-1.0683414,-0.03134577,0.72786915,-1.2604883,0.0,0.0,0.0,0.0,0.0,0.0,0.0,0.0,0.0,0.0,0.0,0.0,0.0,0.0,0.0,0.0,-0.0815025,-1.0700719,-0.05530672,1.1181359,50.0,50.0,50.0,50.0,50.0,50.0,50.0,50.0,50.0,50.0,50.0,50.0,0.0,0.0,0.0,0.0,1.0,1.0,1.0,1.0,1.0,1.0,1.0,1.0,1.0,1.0,1.0,1.0,0.5,0.5,0.5,0.5
1788446266.4701326,875,20.532518999971217,6.6569209993758705,10696879,1,0.0,0.0,0.0,0.035629272,0.6485832,-1.2143551,-0.09055265,0.6996151,-1.3497512,0.031021953,0.6753818,-1.2163455,-0.0912742,0.69478965,-1.3410628,25.892103,30.20677,-44.840263,-6.7743554,0.06200838,0.4921915,-0.060660373,-0.054257333,0.11239019,-0.026286162,-0.034879714,-0.034879714,0.16378301,-0.011626571,0.038755238,-0.076836474,0.19765173,-0.5038181,0.019377619,0.10851467,0.013626341,0.6569373,-1.1598327,-0.06685575,0.6302458,-1.2050066,0.0005133664,0.6703216,-1.093785,-0.03888078,0.71961296,-1.2391129,0.0,0.0,0.0,0.0,0.0,0.0,0.0,0.0,0.0,0.0,0.0,0.0,0.0,0.0,0.0,0.0,-1.1705397,0.12193091,-0.1431714,0.85889727,50.0,50.0,50.0,50.0,50.0,50.0,50.0,50.0,50.0,50.0,50.0,50.0,0.0,0.0,0.0,0.0,1.0,1.0,1.0,1.0,1.0,1.0,1.0,1.0,1.0,1.0,1.0,1.0,0.5,0.5,0.5,0.5
1788446266.5077064,876,29.018676999839954,7.106390001354157,10696909,1,0.0,0.0,0.0,0.036931157,0.65264034,-1.2149396,-0.089795716,0.6987673,-1.3497512,0.031021953,0.6752304,-1.214213,-0.091153085,0.69379044,-1.3413945,25.892859,30.206558,-44.8412,-6.769299,0.10851467,-0.015502095,-0.0040440247,0.065883905,0.038755238,-0.014154087,-0.019377619,0.0,0.026286162,-0.06975943,0.027128667,0.0,-0.027128667,0.1782741,0.015502095,0.28678876,0.0049696867,0.6590262,-1.1272914,-0.057754237,0.6522157,-1.2268089,0.0050638663,0.68784285,-1.1159256,-0.049628373,0.70880604,-1.202465,0.0,0.0,0.0,0.0,0.0,0.0,0.0,0.0,0.0,0.0,0.0,0.0,0.0,0.0,0.0,0.0,-1.7087036,1.211668,-0.21228385,0.40431958,50.0,50.0,50.0,50.0,50.0,50.0,50.0,50.0,50.0,50.0,50.0,50.0,0.0,0.0,0.0,0.0,1.0,1.0,1.0,1.0,1.0,1.0,1.0,1.0,1.0,1.0,1.0,1.0,0.5,0.5,0.5,0.5
1788446266.529046,877,20.78790899940941,5.620095000267611,10696939,1,0.0,0.0,0.0,0.037627578,0.650975,-1.214908,-0.087948784,0.6954065,-1.3497828,0.030658618,0.67465514,-1.2142762,-0.091909945,0.69233716,-1.3408415,25.883533,30.221243,-44.84314,-6.7658777,0.081386,-0.0077510476,-0.010110063,0.065883905,-0.23253144,0.0,-0.04263076,-0.081386,-0.012132075,-0.10463915,0.027128667,-0.016176099,-0.36429924,0.7208474,-0.07363495,0.11239019,-0.0005915561,0.644995,-1.1085751,-0.048300676,0.680562,-1.244317,0.0065726293,0.6972741,-1.1540679,-0.061367303,0.70308834,-1.1650331,0.0,0.0,0.0,0.0,0.0,0.0,0.0,0.0,0.0,0.0,0.0,0.0,0.0,0.0,0.0,0.0,-1.7707458,1.2694838,-0.27795595,-0.2695402,50.0,50.0,50.0,50.0,50.0,50.0,50.0,50.0,50.0,50.0,50.0,50.0,0.0,0.0,0.0,0.0,1.0,1.0,1.0,1.0,1.0,1.0,1.0,1.0,1.0,1.0,1.0,1.0,0.5,0.5,0.5,0.5
1788446266.5441024,878,14.215916000466677,4.100968000784633,10696960,1,0.0,0.0,0.0,0.037627578,0.65133834,-1.2132177,-0.08646519,0.69395316,-1.3502725,0.030507237,0.67629015,-1.2145289,-0.09257609,0.69103515,-1.3393883,25.874481,30.236746,-44.84317,-6.7653627,0.046506286,-0.038755238,0.09099056,0.0,-0.10463915,-0.028308174,-0.05813286,0.0,0.028308174,-0.011626571,-0.05038181,0.016176099,-0.61233276,1.147155,-0.065883905,0.07363495,-0.0012356959,0.62011474,-1.1026697,-0.037461128,0.706305,-1.2576636,0.006324715,0.68833685,-1.1846262,-0.073880374,0.7042415,-1.1411276,0.0,0.0,0.0,0.0,0.0,0.0,0.0,0.0,0.0,0.0,0.0,0.0,0.0,0.0,0.0,0.0,-1.5015218,1.0019639,-0.20959052,-0.6383561,50.0,50.0,50.0,50.0,50.0,50.0,50.0,50.0,50.0,50.0,50.0,50.0,0.0,0.0,0.0,0.0,1.0,1.0,1.0,1.0,1.0,1.0,1.0,1.0,1.0,1.0,1.0,1.0,0.5,0.5,0.5,0.5
1788446266.5641482,879,13.690288000361761,5.335617001037463,10696981,1,0.0,0.0,0.0,0.03714311,0.6497034,-1.2118751,-0.08607158,0.6927421,-1.3506516,0.030295283,0.67798567,-1.2170091,-0.09381753,0.69033885,-1.3374768,25.862339,30.26021,-44.844986,-6.766695,-0.08526152,-0.19377619,0.09301257,0.038755238,-0.065883905,-0.02426415,-0.03100419,0.10463915,-0.13749684,-0.054257333,0.038755238,0.11727672,-0.651088,1.0773956,-0.07363495,-0.17439857,-0.0010958037,0.60179156,-1.1015989,-0.03348634,0.7296662,-1.259292,0.004982228,0.680039,-1.1890932,-0.08263242,0.7116552,-1.1470152,0.0,0.0,0.0,0.0,0.0,0.0,0.0,0.0,0.0,0.0,0.0,0.0,0.0,0.0,0.0,0.0,-1.0117853,0.13259597,-0.092779785,-0.92844397,50.0,50.0,50.0,50.0,50.0,50.0,50.0,50.0,50.0,50.0,50.0,50.0,0.0,0.0,0.0,0.0,1.0,1.0,1.0,1.0,1.0,1.0,1.0,1.0,1.0,1.0,1.0,1.0,0.5,0.5,0.5,0.5
1788446266.5848444,880,14.318059998913668,5.377151999709895,10697002,1,0.0,0.0,0.0,0.0360229,0.64558566,-1.2105639,-0.08622296,0.69383204,-1.3509202,0.029901683,0.678894,-1.2210847,-0.095543325,0.69021773,-1.3356918,25.854347,30.273987,-44.84647,-6.770419,-0.077510476,-0.07363495,0.07481446,-0.046506286,0.023253143,0.0,-0.1472699,0.081386,-0.12536478,-0.11239019,0.015502095,0.052572325,-0.2092783,0.65496355,0.027128667,-0.15889648,0.001301939,0.5945205,-1.1175556,-0.038725775,0.71571803,-1.2391918,0.0067247795,0.67220026,-1.1882547,-0.076285236,0.7122554,-1.1684608,0.0,0.0,0.0,0.0,0.0,0.0,0.0,0.0,0.0,0.0,0.0,0.0,0.0,0.0,0.0,0.0,-0.4910221,-0.94331145,0.109761894,-0.8462402,50.0,50.0,50.0,50.0,50.0,50.0,50.0,50.0,50.0,50.0,50.0,50.0,0.0,0.0,0.0,0.0,1.0,1.0,1.0,1.0,1.0,1.0,1.0,1.0,1.0,1.0,1.0,1.0,0.5,0.5,0.5,0.5
1788446266.604866,881,14.273099999627448,5.310560998623259,10697022,1,0.0,0.0,0.0,0.035084248,0.64401126,-1.2102164,-0.08643491,0.6955276,-1.3511729,0.029598907,0.6786215,-1.2219692,-0.096330464,0.6910049,-1.3354864,25.854105,30.27647,-44.846413,-6.775657,-0.027128667,-0.05813286,0.032352198,0.03100419,0.034879714,-0.012132075,-0.023253143,0.07363495,-0.020220125,-0.03100419,0.07363495,-0.020220125,0.054257333,-0.11239019,0.065883905,-0.32166848,0.0020144484,0.6044571,-1.127156,-0.05030566,0.6973944,-1.2277067,0.010516743,0.67301786,-1.1676095,-0.061724633,0.70942795,-1.1946585,0.0,0.0,0.0,0.0,0.0,0.0,0.0,0.0,0.0,0.0,0.0,0.0,0.0,0.0,0.0,0.0,0.24216242,-1.9289601,0.23404959,-0.5421269,50.0,50.0,50.0,50.0,50.0,50.0,50.0,50.0,50.0,50.0,50.0,50.0,0.0,0.0,0.0,0.0,1.0,1.0,1.0,1.0,1.0,1.0,1.0,1.0,1.0,1.0,1.0,1.0,0.5,0.5,0.5,0.5
1788446266.625793,882,15.130310999666108,4.831811998883495,10697041,1,0.0,0.0,0.0,0.035114527,0.6435571,-1.2106428,-0.086737685,0.6949221,-1.3509045,0.029780567,0.6773498,-1.2220483,-0.09599751,0.69203436,-1.3358655,25.855587,30.269262,-44.845108,-6.7829237,0.05038181,-0.0038755238,0.020220125,-0.019377619,0.023253143,-0.028308174,-0.038755238,-0.04263076,-0.014154087,-0.038755238,0.04263076,0.0080880495,0.046506286,-0.41468105,0.0038755238,-0.36817476,0.0046253307,0.62067246,-1.140922,-0.06487631,0.6754993,-1.2104845,0.008269427,0.6712719,-1.1352124,-0.043301754,0.71445847,-1.2266551,0.0,0.0,0.0,0.0,0.0,0.0,0.0,0.0,0.0,0.0,0.0,0.0,0.0,0.0,0.0,0.0,0.76468325,-2.4349597,0.16421679,-0.073043495,50.0,50.0,50.0,50.0,50.0,50.0,50.0,50.0,50.0,50.0,50.0,50.0,0.0,0.0,0.0,0.0,1.0,1.0,1.0,1.0,1.0,1.0,1.0,1.0,1.0,1.0,1.0,1.0,0.5,0.5,0.5,0.5
1788446266.6449687,883,14.234604001103435,5.126562000441481,10697062,1,0.0,0.0,0.0,0.035175085,0.6435571,-1.2110693,-0.08743407,0.6942862,-1.3506516,0.030295283,0.6771984,-1.2216218,-0.09496802,0.6927913,-1.33645,25.858797,30.257515,-44.84326,-6.789797,0.04263076,-0.023253143,0.030330187,-0.06975943,0.096888095,0.0,0.011626571,0.0,-0.020220125,-0.05038181,0.027128667,0.014154087,0.2286559,-0.7208474,0.05038181,-0.26353562,0.007505089,0.639016,-1.154373,-0.07599106,0.65597075,-1.2020832,0.0051757935,0.6647985,-1.1056094,-0.030641746,0.7195463,-1.2508341,0.0,0.0,0.0,0.0,0.0,0.0,0.0,0.0,0.0,0.0,0.0,0.0,0.0,0.0,0.0,0.0,0.9414687,-2.2961407,0.10796499,0.4960941,50.0,50.0,50.0,50.0,50.0,50.0,50.0,50.0,50.0,50.0,50.0,50.0,0.0,0.0,0.0,0.0,1.0,1.0,1.0,1.0,1.0,1.0,1.0,1.0,1.0,1.0,1.0,1.0,0.5,0.5,0.5,0.5
1788446266.6682053,884,17.40076100031729,6.025148000844638,10697082,1,0.0,0.0,0.0,0.03535676,0.64401126,-1.2120014,-0.0884635,0.6937109,-1.3499565,0.03038612,0.6765323,-1.2200737,-0.09330279,0.6942749,-1.3379982,25.866426,30.239561,-44.842716,-6.7915225,0.04263076,-0.12014124,-0.028308174,0.023253143,0.11626572,-0.03437421,0.0038755238,-0.04263076,0.018198112,0.06975943,0.077510476,-0.036396224,0.4728139,-0.9611299,-0.0077510476,0.0077510476,0.012647127,0.66014034,-1.1612337,-0.078406416,0.650325,-1.2020584,0.002991266,0.666511,-1.0788162,-0.029885765,0.72456586,-1.2581356,0.0,0.0,0.0,0.0,0.0,0.0,0.0,0.0,0.0,0.0,0.0,0.0,0.0,0.0,0.0,0.0,0.66901,-1.790222,0.013046116,0.9674004,50.0,50.0,50.0,50.0,50.0,50.0,50.0,50.0,50.0,50.0,50.0,50.0,0.0,0.0,0.0,0.0,1.0,1.0,1.0,1.0,1.0,1.0,1.0,1.0,1.0,1.0,1.0,1.0,0.5,0.5,0.5,0.5
1788446266.6888318,885,17.280217998631997,6.03705299909052,10697101,1,0.0,0.0,0.0,0.035598993,0.6456462,-1.2129493,-0.08967461,0.6944982,-1.3498144,0.030537516,0.67447346,-1.2182096,-0.09206134,0.694608,-1.3393093,25.875086,30.22421,-44.84293,-6.790766,-0.015502095,0.09301257,-0.052572325,0.023253143,0.046506286,0.030330187,0.015502095,-0.08526152,0.0970566,0.019377619,0.027128667,-0.032352198,0.24803352,-0.5929552,-0.054257333,-0.015502095,0.015431732,0.66033924,-1.1659158,-0.072498254,0.64433193,-1.1982474,-0.0007569734,0.66414374,-1.08021,-0.036621895,0.7303667,-1.2508076,0.0,0.0,0.0,0.0,0.0,0.0,0.0,0.0,0.0,0.0,0.0,0.0,0.0,0.0,0.0,0.0,-0.2945382,-0.9876284,-0.030134879,0.9478864,50.0,50.0,50.0,50.0,50.0,50.0,50.0,50.0,50.0,50.0,50.0,50.0,0.0,0.0,0.0,0.0,1.0,1.0,1.0,1.0,1.0,1.0,1.0,1.0,1.0,1.0,1.0,1.0,0.5,0.5,0.5,0.5
1788446266.7068443,886,14.826089000052889,4.080615999555448,10697124,1,0.0,0.0,0.0,0.03608346,0.650854,-1.214134,-0.08985627,0.69498265,-1.3499092,0.030719176,0.6739588,-1.2156031,-0.091546714,0.6941235,-1.3398938,25.880234,30.216036,-44.8429,-6.789948,0.10463915,0.24803352,-0.06672641,0.038755238,0.0,-0.044484273,-0.0038755238,-0.0038755238,0.19613521,0.05813286,-0.027128667,-0.038418237,0.077510476,-0.07363495,-0.06200838,0.08526152,0.013481152,0.6537059,-1.1571561,-0.063785404,0.647395,-1.2049136,-0.00023155147,0.6656618,-1.0936596,-0.04462172,0.72516197,-1.2303325,0.0,0.0,0.0,0.0,0.0,0.0,0.0,0.0,0.0,0.0,0.0,0.0,0.0,0.0,0.0,0.0,-1.170713,0.12614973,-0.046952162,0.77732277,50.0,50.0,50.0,50.0,50.0,50.0,50.0,50.0,50.0,50.0,50.0,50.0,0.0,0.0,0.0,0.0,1.0,1.0,1.0,1.0,1.0,1.0,1.0,1.0,1.0,1.0,1.0,1.0,0.5,0.5,0.5,0.5
1788446266.7277787,887,15.690211999753956,4.801732000487391,10697144,1,0.0,0.0,0.0,0.036355972,0.65118694,-1.2148132,-0.08961405,0.69380176,-1.3498302,0.03059806,0.67247516,-1.2148448,-0.09166783,0.69363904,-1.3398938,25.877903,30.217913,-44.84314,-6.788646,-0.019377619,0.0,0.02426415,0.054257333,-0.034879714,0.0040440247,-0.06200838,-0.06975943,-0.0040440247,0.015502095,-0.054257333,-0.054594334,-0.19377619,0.20540276,-0.05038181,0.12014124,0.008860234,0.65072566,-1.1405381,-0.05425874,0.66373295,-1.2188615,0.0017332081,0.67694783,-1.1135876,-0.05738043,0.71820986,-1.196683,0.0,0.0,0.0,0.0,0.0,0.0,0.0,0.0,0.0,0.0,0.0,0.0,0.0,0.0,0.0,0.0,-1.6841981,0.74312246,-0.15757622,0.24431047,50.0,50.0,50.0,50.0,50.0,50.0,50.0,50.0,50.0,50.0,50.0,50.0,0.0,0.0,0.0,0.0,1.0,1.0,1.0,1.0,1.0,1.0,1.0,1.0,1.0,1.0,1.0,1.0,0.5,0.5,0.5,0.5
1788446266.748943,888,16.32064000114042,6.753752000804525,10697164,1,0.0,0.0,0.0,0.03644681,0.65049064,-1.2145448,-0.088796556,0.6927724,-1.3498619,0.030628338,0.6719302,-1.2149396,-0.09206134,0.69297296,-1.3392777,25.871513,30.223816,-44.84311,-6.7886157,0.10076362,0.027128667,0.030330187,0.06200838,-0.11626572,0.0040440247,0.019377619,-0.077510476,-0.036396224,-0.034879714,0.0077510476,-0.016176099,-0.10851467,0.4573118,-0.03100419,0.034879714,0.0031328998,0.63790005,-1.1177936,-0.045926657,0.6819855,-1.2390878,0.0050977776,0.6862401,-1.1478407,-0.06649205,0.7088004,-1.1692706,0.0,0.0,0.0,0.0,0.0,0.0,0.0,0.0,0.0,0.0,0.0,0.0,0.0,0.0,0.0,0.0,-1.6715362,0.8673892,-0.22336155,-0.2100499,50.0,50.0,50.0,50.0,50.0,50.0,50.0,50.0,50.0,50.0,50.0,50.0,0.0,0.0,0.0,0.0,1.0,1.0,1.0,1.0,1.0,1.0,1.0,1.0,1.0,1.0,1.0,1.0,0.5,0.5,0.5,0.5
1788446266.77175,889,19.058319998293882,6.011612998918281,10697184,1,0.0,0.0,0.0,0.03644681,0.65049064,-1.2138813,-0.08731296,0.6921668,-1.3501303,0.0304164,0.6736257,-1.2151608,-0.09318167,0.69221604,-1.3379666,25.865156,30.234686,-44.843414,-6.7894335,0.096888095,0.0,-0.016176099,0.077510476,0.034879714,-0.020220125,-0.027128667,-0.12014124,-0.010110063,-0.10463915,0.0,0.0040440247,-0.31391743,0.67434114,-0.07363495,-0.019377619,-0.002330313,0.62152874,-1.1000803,-0.039928295,0.69635415,-1.2605989,0.008441566,0.69102806,-1.1743666,-0.07131504,0.6983084,-1.1529182,0.0,0.0,0.0,0.0,0.0,0.0,0.0,0.0,0.0,0.0,0.0,0.0,0.0,0.0,0.0,0.0,-1.3328028,0.638159,-0.28145128,-0.5666394,50.0,50.0,50.0,50.0,50.0,50.0,50.0,50.0,50.0,50.0,50.0,50.0,0.0,0.0,0.0,0.0,1.0,1.0,1.0,1.0,1.0,1.0,1.0,1.0,1.0,1.0,1.0,1.0,0.5,0.5,0.5,0.5
1788446266.7902868,890,17.433881999750156,6.48888999967312,10697203,1,0.0,0.0,0.0,0.036234856,0.6459793,-1.2123648,-0.08649547,0.6921365,-1.3507148,0.029962242,0.6745946,-1.2170722,-0.09460467,0.691671,-1.336608,25.856283,30.246828,-44.84426,-6.790796,0.0,-0.023253143,0.082902506,0.07363495,-0.023253143,-0.014154087,-0.07363495,0.0077510476,-0.03437421,-0.07363495,0.038755238,-0.010110063,-0.43018317,0.5386978,-0.11239019,-0.13951886,-0.0042693657,0.608588,-1.0942752,-0.03836033,0.7124907,-1.2653047,0.009113801,0.69171923,-1.1886052,-0.07367192,0.6968644,-1.1471306,0.0,0.0,0.0,0.0,0.0,0.0,0.0,0.0,0.0,0.0,0.0,0.0,0.0,0.0,0.0,0.0,-0.8334179,-0.062161535,-0.217283,-0.8268111,50.0,50.0,50.0,50.0,50.0,50.0,50.0,50.0,50.0,50.0,50.0,50.0,0.0,0.0,0.0,0.0,1.0,1.0,1.0,1.0,1.0,1.0,1.0,1.0,1.0,1.0,1.0,1.0,0.5,0.5,0.5,0.5
1788446266.8109124,891,17.34652099912637,6.052732998796273,10697224,1,0.0,0.0,0.0,0.035871506,0.6449195,-1.2113695,-0.08613213,0.6932568,-1.3512518,0.029689744,0.67529094,-1.2190468,-0.09566444,0.69106543,-1.3358023,25.849895,30.25467,-44.845383,-6.7933393,0.0,-0.054257333,0.07279245,0.12014124,0.08526152,-0.032352198,-0.027128667,0.0,-0.12132075,-0.12014124,0.04263076,0.054594334,-0.1782741,0.36429924,-0.015502095,-0.011626571,-0.0015558354,0.60150445,-1.103673,-0.042668,0.70880884,-1.253059,0.010174148,0.6829852,-1.188933,-0.0688019,0.7015022,-1.162867,0.0,0.0,0.0,0.0,0.0,0.0,0.0,0.0,0.0,0.0,0.0,0.0,0.0,0.0,0.0,0.0,-0.27532625,-1.0406942,-0.13056764,-0.68665856,50.0,50.0,50.0,50.0,50.0,50.0,50.0,50.0,50.0,50.0,50.0,50.0,0.0,0.0,0.0,0.0,1.0,1.0,1.0,1.0,1.0,1.0,1.0,1.0,1.0,1.0,1.0,1.0,0.5,0.5,0.5,0.5
1788446266.8328378,892,18.72584099874075,5.983451999782119,10697246,1,0.0,0.0,0.0,0.03538704,0.64328456,-1.2103901,-0.0863138,0.69495237,-1.3513467,0.029598907,0.67613876,-1.2206739,-0.09611863,0.6909443,-1.3344281,25.850592,30.256546,-44.84656,-6.7962155,0.0,-0.09301257,0.03437421,-0.05038181,0.05813286,-0.020220125,0.0,0.08526152,-0.076836474,-0.065883905,0.023253143,0.052572325,0.15114543,-0.0038755238,-0.03100419,-0.19377619,0.0026380955,0.6062123,-1.1287992,-0.05123616,0.70162404,-1.2322206,0.008651345,0.66990966,-1.1664249,-0.059889197,0.71081513,-1.1882311,0.0,0.0,0.0,0.0,0.0,0.0,0.0,0.0,0.0,0.0,0.0,0.0,0.0,0.0,0.0,0.0,0.33006236,-1.9214592,0.0052796304,-0.45661902,50.0,50.0,50.0,50.0,50.0,50.0,50.0,50.0,50.0,50.0,50.0,50.0,0.0,0.0,0.0,0.0,1.0,1.0,1.0,1.0,1.0,1.0,1.0,1.0,1.0,1.0,1.0,1.0,0.5,0.5,0.5,0.5
1788446266.849734,893,15.032167999379453,5.888702000447665,10697266,1,0.0,0.0,0.0,0.035114527,0.642467,-1.2103585,-0.086737685,0.69513404,-1.3511887,0.029689744,0.6765323,-1.2212427,-0.09575528,0.69148934,-1.3344281,25.85156,30.25149,-44.846806,-6.79891,-0.027128667,-0.08526152,-0.0080880495,0.023253143,0.038755238,0.0,-0.05813286,-0.034879714,0.030330187,0.0,-0.0038755238,-0.014154087,0.0077510476,-0.10076362,-0.011626571,-0.13176781,0.007819402,0.62194395,-1.1485612,-0.06333773,0.6820659,-1.210077,0.005691029,0.66047424,-1.129677,-0.045759153,0.72029847,-1.219861,0.0,0.0,0.0,0.0,0.0,0.0,0.0,0.0,0.0,0.0,0.0,0.0,0.0,0.0,0.0,0.0,0.7289439,-2.4147258,0.07239162,0.0469096,50.0,50.0,50.0,50.0,50.0,50.0,50.0,50.0,50.0,50.0,50.0,50.0,0.0,0.0,0.0,0.0,1.0,1.0,1.0,1.0,1.0,1.0,1.0,1.0,1.0,1.0,1.0,1.0,0.5,0.5,0.5,0.5
1788446266.8689575,894,14.18503700006113,5.853086000570329,10697286,1,0.0,0.0,0.0,0.03505397,0.642679,-1.211417,-0.08749462,0.69528544,-1.3508254,0.030053064,0.67447346,-1.2208635,-0.09496802,0.6923069,-1.3349494,25.854952,30.242952,-44.84626,-6.8006663,0.019377619,0.0077510476,-0.020220125,-0.08526152,-0.019377619,-0.018198112,0.0,-0.18990067,0.030330187,-0.038755238,0.038755238,0.036396224,0.19377619,-0.5735775,-0.015502095,-0.023253143,0.011598157,0.63972443,-1.1625494,-0.07363984,0.6636473,-1.1960721,0.0020645102,0.6572829,-1.0968106,-0.034204464,0.7265784,-1.2505652,0.0,0.0,0.0,0.0,0.0,0.0,0.0,0.0,0.0,0.0,0.0,0.0,0.0,0.0,0.0,0.0,0.79216427,-2.397491,0.06587944,0.596738,50.0,50.0,50.0,50.0,50.0,50.0,50.0,50.0,50.0,50.0,50.0,50.0,0.0,0.0,0.0,0.0,1.0,1.0,1.0,1.0,1.0,1.0,1.0,1.0,1.0,1.0,1.0,1.0,0.5,0.5,0.5,0.5
1788446266.892743,895,17.905815000631264,6.084220000047935,10697306,1,0.0,0.0,0.0,0.035235643,0.64370847,-1.2130756,-0.08867545,0.6948918,-1.3502884,0.03023474,0.67141545,-1.2188098,-0.093333066,0.6932454,-1.3364027,25.861553,30.22527,-44.84496,-6.800606,0.096888095,-0.038755238,-0.060660373,-0.027128667,0.13176781,-0.016176099,-0.027128667,-0.18602514,0.0060660373,0.019377619,-0.019377619,-0.0040440247,0.4224321,-0.90687263,0.077510476,-0.023253143,0.0139568,0.6572656,-1.1744243,-0.077033386,0.6460491,-1.1929545,0.0005427697,0.65706855,-1.0724072,-0.03129166,0.72890663,-1.2629682,0.0,0.0,0.0,0.0,0.0,0.0,0.0,0.0,0.0,0.0,0.0,0.0,0.0,0.0,0.0,0.0,0.5281429,-1.8047005,-0.10647276,1.0008478,50.0,50.0,50.0,50.0,50.0,50.0,50.0,50.0,50.0,50.0,50.0,50.0,0.0,0.0,0.0,0.0,1.0,1.0,1.0,1.0,1.0,1.0,1.0,1.0,1.0,1.0,1.0,1.0,0.5,0.5,0.5,0.5
1788446266.9158332,896,20.181801000944688,8.010704999833251,10697325,1,0.0,0.0,0.0,0.03565955,0.6453434,-1.2146237,-0.08958377,0.6955276,-1.3499882,0.0304164,0.66990155,-1.2162192,-0.09200078,0.69360876,-1.3384088,25.870121,30.209677,-44.843685,-6.799334,0.096888095,0.03100419,-0.050550308,0.038755238,0.07363495,0.014154087,-0.0038755238,-0.12789229,0.15569495,0.0077510476,-0.015502095,-0.050550308,0.20152724,-0.651088,0.0077510476,0.096888095,0.015956387,0.6626756,-1.1717578,-0.07242891,0.64116675,-1.1957674,-0.0014543673,0.66010773,-1.0704145,-0.035581645,0.7293486,-1.2581365,0.0,0.0,0.0,0.0,0.0,0.0,0.0,0.0,0.0,0.0,0.0,0.0,0.0,0.0,0.0,0.0,-0.2896344,-0.8418343,-0.2373946,1.0716064,50.0,50.0,50.0,50.0,50.0,50.0,50.0,50.0,50.0,50.0,50.0,50.0,0.0,0.0,0.0,0.0,1.0,1.0,1.0,1.0,1.0,1.0,1.0,1.0,1.0,1.0,1.0,1.0,0.5,0.5,0.5,0.5
1788446266.9363198,897,19.92535399949702,6.028925001373864,10697348,1,0.0,0.0,0.0,0.03611374,0.6494914,-1.2158242,-0.08967461,0.6958001,-1.349925,0.030507237,0.66850877,-1.2140708,-0.09157699,0.69345737,-1.3389933,25.873209,30.20023,-44.843685,-6.7981534,0.081386,0.2286559,-0.042462263,0.0,0.0,-0.036396224,0.0038755238,-0.20152724,0.09907861,0.054257333,0.015502095,-0.0485283,0.04263076,-0.162772,-0.05038181,0.15502095,0.011733042,0.662754,-1.155771,-0.06502111,0.6385035,-1.2105718,0.0019352599,0.6708047,-1.0872387,-0.041817635,0.7173635,-1.230993,0.0,0.0,0.0,0.0,0.0,0.0,0.0,0.0,0.0,0.0,0.0,0.0,0.0,0.0,0.0,0.0,-1.173677,0.32053435,-0.3963356,0.81337094,50.0,50.0,50.0,50.0,50.0,50.0,50.0,50.0,50.0,50.0,50.0,50.0,0.0,0.0,0.0,0.0,1.0,1.0,1.0,1.0,1.0,1.0,1.0,1.0,1.0,1.0,1.0,1.0,0.5,0.5,0.5,0.5
1788446266.9529378,898,15.929123001114931,4.60576499972376,10697368,1,0.0,0.0,0.0,0.03684032,0.65148973,-1.2168669,-0.088947944,0.69546705,-1.3499092,0.03038612,0.66741884,-1.2127123,-0.09178895,0.6927913,-1.3389776,25.871574,30.199806,-44.84393,-6.79558,0.05038181,0.046506286,-0.0040440247,0.12789229,-0.03100419,-0.0060660373,0.019377619,-0.077510476,0.06268239,-0.034879714,-0.023253143,0.0060660373,-0.20152724,0.13564333,-0.027128667,0.13564333,0.005079141,0.65474886,-1.1276962,-0.05546352,0.6535494,-1.231212,0.006156436,0.68628865,-1.1205795,-0.053181656,0.70577896,-1.1939156,0.0,0.0,0.0,0.0,0.0,0.0,0.0,0.0,0.0,0.0,0.0,0.0,0.0,0.0,0.0,0.0,-1.6929331,1.0048645,-0.44110304,0.36399272,50.0,50.0,50.0,50.0,50.0,50.0,50.0,50.0,50.0,50.0,50.0,50.0,0.0,0.0,0.0,0.0,1.0,1.0,1.0,1.0,1.0,1.0,1.0,1.0,1.0,1.0,1.0,1.0,0.5,0.5,0.5,0.5
1788446266.9728963,899,15.321990000302321,6.031580998751451,10697387,1,0.0,0.0,0.0,0.037385345,0.6512475,-1.2168353,-0.08743407,0.6946193,-1.3500829,0.03023474,0.66881156,-1.2124437,-0.092303574,0.69176185,-1.3382035,25.867123,30.205286,-44.844383,-6.794914,0.065883905,-0.08913705,0.030330187,0.077510476,-0.05813286,0.022242136,-0.05813286,-0.019377619,0.020220125,0.027128667,0.0,-0.020220125,-0.51544464,0.54257333,-0.096888095,0.0,-0.001028361,0.6388462,-1.1025374,-0.04599715,0.6764018,-1.251018,0.0082980385,0.6945581,-1.1571318,-0.06263299,0.69606286,-1.1603446,0.0,0.0,0.0,0.0,0.0,0.0,0.0,0.0,0.0,0.0,0.0,0.0,0.0,0.0,0.0,0.0,-1.7801139,1.2309749,-0.53539675,-0.21935624,50.0,50.0,50.0,50.0,50.0,50.0,50.0,50.0,50.0,50.0,50.0,50.0,0.0,0.0,0.0,0.0,1.0,1.0,1.0,1.0,1.0,1.0,1.0,1.0,1.0,1.0,1.0,1.0,0.5,0.5,0.5,0.5
1788446266.9969478,900,18.851409000490094,7.883666001362144,10697408,1,0.0,0.0,0.0,0.037445903,0.6504301,-1.2151293,-0.08598074,0.6937412,-1.3505253,0.030143902,0.6707796,-1.2132493,-0.0934239,0.69082326,-1.3365606,25.860401,30.218336,-44.8452,-6.795398,0.038755238,-0.07363495,0.070770435,0.13951886,-0.06975943,0.0080880495,-0.054257333,-0.03100419,0.032352198,-0.16664752,0.038755238,0.050550308,-0.60070616,0.93400127,-0.06200838,-0.054257333,-0.0020058954,0.6126449,-1.1004363,-0.036834255,0.7067564,-1.2578641,0.0056630843,0.6840564,-1.1843402,-0.07454732,0.702724,-1.1427131,0.0,0.0,0.0,0.0,0.0,0.0,0.0,0.0,0.0,0.0,0.0,0.0,0.0,0.0,0.0,0.0,-1.3867146,0.85135484,-0.42892224,-0.6154693,50.0,50.0,50.0,50.0,50.0,50.0,50.0,50.0,50.0,50.0,50.0,50.0,0.0,0.0,0.0,0.0,1.0,1.0,1.0,1.0,1.0,1.0,1.0,1.0,1.0,1.0,1.0,1.0,0.5,0.5,0.5,0.5
1788446267.0407937,901,33.577149000848294,13.502160998541513,10697438,1,0.0,0.0,0.0,0.0368706,0.6463729,-1.2123489,-0.08546603,0.69119793,-1.3508886,0.029901683,0.6740496,-1.2158401,-0.09475607,0.6895213,-1.3334328,25.845535,30.245102,-44.852314,-6.7964277,-0.015502095,-0.16664752,0.050550308,0.08913705,0.054257333,-0.026286162,-0.05038181,-0.054257333,0.012132075,-0.12789229,0.06975943,0.042462263,-0.43018317,0.8836195,-0.35267267,-0.015502095,0.0025417116,0.5943435,-1.1177523,-0.031296577,0.72783905,-1.2441992,0.00215749,0.6653904,-1.1847667,-0.08270634,0.71881247,-1.1504396,0.0,0.0,0.0,0.0,0.0,0.0,0.0,0.0,0.0,0.0,0.0,0.0,0.0,0.0,0.0,0.0,-0.8799398,-0.0008691102,-0.31782869,-0.70279926,50.0,50.0,50.0,50.0,50.0,50.0,50.0,50.0,50.0,50.0,50.0,50.0,0.0,0.0,0.0,0.0,1.0,1.0,1.0,1.0,1.0,1.0,1.0,1.0,1.0,1.0,1.0,1.0,0.5,0.5,0.5,0.5
1788446267.0558407,902,14.207886000804137,4.114184001082322,10697471,1,0.0,0.0,0.0,0.03535676,0.64404154,-1.2117645,-0.08613213,0.6930449,-1.3510308,0.029568627,0.675079,-1.2187783,-0.09569472,0.68900657,-1.3307474,25.841993,30.258453,-44.85937,-6.800848,-0.046506286,-0.05038181,0.0,0.038755238,-0.065883905,-0.020220125,-0.034879714,0.0,0.02426415,-0.038755238,0.05813286,0.012132075,-0.06975943,0.10851467,-0.2945398,-0.16664752,0.0035990016,0.5971393,-1.1283312,-0.039241627,0.7178669,-1.2287271,0.0057266485,0.66193295,-1.1727636,-0.07438668,0.71927154,-1.1765357,0.0,0.0,0.0,0.0,0.0,0.0,0.0,0.0,0.0,0.0,0.0,0.0,0.0,0.0,0.0,0.0,-0.27279153,-1.1591661,-0.05552562,-0.54532,50.0,50.0,50.0,50.0,50.0,50.0,50.0,50.0,50.0,50.0,50.0,50.0,0.0,0.0,0.0,0.0,1.0,1.0,1.0,1.0,1.0,1.0,1.0,1.0,1.0,1.0,1.0,1.0,0.5,0.5,0.5,0.5
1788446267.0788643,903,16.668446998664876,4.247048000252107,10697494,1,0.0,0.0,0.0,0.03505397,0.6430423,-1.2122858,-0.08619269,0.69498265,-1.3509676,0.029417247,0.6728082,-1.2188416,-0.09608835,0.690248,-1.3302418,25.842993,30.257214,-44.864155,-6.806934,-0.0038755238,0.065883905,0.06874842,-0.011626571,0.08526152,0.0080880495,0.019377619,-0.019377619,0.026286162,-0.038755238,0.038755238,-0.03437421,0.015502095,-0.12401676,-0.2751622,-0.38755238,0.0059784413,0.6093054,-1.1426132,-0.052670512,0.69058436,-1.2168242,0.0072821514,0.6615505,-1.145417,-0.056344345,0.7140031,-1.2060941,0.0,0.0,0.0,0.0,0.0,0.0,0.0,0.0,0.0,0.0,0.0,0.0,0.0,0.0,0.0,0.0,0.27836585,-1.9401354,-0.058326423,-0.22566259,50.0,50.0,50.0,50.0,50.0,50.0,50.0,50.0,50.0,50.0,50.0,50.0,0.0,0.0,0.0,0.0,1.0,1.0,1.0,1.0,1.0,1.0,1.0,1.0,1.0,1.0,1.0,1.0,0.5,0.5,0.5,0.5
1788446267.0987802,904,16.20947399896977,6.794457000069087,10697513,1,0.0,0.0,0.0,0.03499341,0.6431937,-1.2125701,-0.086737685,0.69495237,-1.350699,0.029871404,0.6718091,-1.2187151,-0.09548277,0.6919738,-1.3306526,25.84599,30.248583,-44.86464,-6.8150787,0.011626571,-0.019377619,0.018198112,-0.019377619,0.038755238,-0.0020220124,-0.015502095,-0.038755238,-0.0040440247,-0.034879714,0.08913705,-0.0040440247,0.12014124,-0.38367686,-0.019377619,-0.5076936,0.004841488,0.63056946,-1.1425096,-0.06897655,0.66449594,-1.214343,0.008840155,0.6678982,-1.115619,-0.0386912,0.7092216,-1.2342304,0.0,0.0,0.0,0.0,0.0,0.0,0.0,0.0,0.0,0.0,0.0,0.0,0.0,0.0,0.0,0.0,0.70033574,-2.19563,-0.13076776,0.24742198,50.0,50.0,50.0,50.0,50.0,50.0,50.0,50.0,50.0,50.0,50.0,50.0,0.0,0.0,0.0,0.0,1.0,1.0,1.0,1.0,1.0,1.0,1.0,1.0,1.0,1.0,1.0,1.0,0.5,0.5,0.5,0.5
1788446267.1169024,905,14.263436998589896,4.717060999610112,10697534,1,0.0,0.0,0.0,0.035265923,0.64358735,-1.2136601,-0.08740379,0.69368064,-1.3503673,0.030143902,0.67156684,-1.2171828,-0.094090044,0.6932454,-1.3313003,25.85053,30.23505,-44.86461,-6.8214064,0.05038181,0.015502095,-0.056616347,-0.034879714,0.13176781,-0.0485283,0.034879714,-0.09301257,0.02426415,0.14339438,0.05813286,0.030330187,0.18214962,-0.77510476,0.011626571,-0.18214962,0.008249475,0.64463115,-1.1464727,-0.07795264,0.6449748,-1.2088948,0.006526218,0.6665191,-1.093301,-0.02727155,0.712938,-1.2530857,0.0,0.0,0.0,0.0,0.0,0.0,0.0,0.0,0.0,0.0,0.0,0.0,0.0,0.0,0.0,0.0,0.7223579,-1.9651225,-0.2795751,0.91044426,50.0,50.0,50.0,50.0,50.0,50.0,50.0,50.0,50.0,50.0,50.0,50.0,0.0,0.0,0.0,0.0,1.0,1.0,1.0,1.0,1.0,1.0,1.0,1.0,1.0,1.0,1.0,1.0,0.5,0.5,0.5,0.5
1788446267.1382115,906,15.505669000049238,4.682948998379288,10697554,1,0.0,0.0,0.0,0.03565955,0.64501035,-1.2139128,-0.08797906,0.6934385,-1.3503041,0.030507237,0.67171824,-1.21475,-0.09245497,0.69321513,-1.3325324,25.856436,30.219366,-44.865154,-6.822254,0.096888095,-0.034879714,-0.0020220124,0.015502095,0.06975943,-0.028308174,-0.038755238,-0.077510476,0.17187107,0.13564333,0.038755238,-0.018198112,0.36429924,-0.70534533,-0.14339438,0.10851467,0.012570073,0.6577912,-1.1584673,-0.07502682,0.6387879,-1.20161,0.0045491527,0.66383874,-1.0826993,-0.02905894,0.72015315,-1.2469448,0.0,0.0,0.0,0.0,0.0,0.0,0.0,0.0,0.0,0.0,0.0,0.0,0.0,0.0,0.0,0.0,0.38189507,-1.2005322,-0.2370698,1.3291949,50.0,50.0,50.0,50.0,50.0,50.0,50.0,50.0,50.0,50.0,50.0,50.0,0.0,0.0,0.0,0.0,1.0,1.0,1.0,1.0,1.0,1.0,1.0,1.0,1.0,1.0,1.0,1.0,0.5,0.5,0.5,0.5
1788446267.1628768,907,20.098635000977083,7.848626000850345,10697573,1,0.0,0.0,0.0,0.03681004,0.64646375,-1.2143867,-0.08834239,0.6934082,-1.3502884,0.030870557,0.6709007,-1.2120172,-0.09121364,0.692761,-1.3333696,25.861734,30.211311,-44.866726,-6.818924,0.034879714,0.0,-0.03437421,0.04263076,-0.023253143,-0.030330187,0.011626571,-0.12014124,0.09301257,0.027128667,-0.05813286,-0.06672641,0.011626571,-0.18602514,-0.054257333,0.18602514,0.013680075,0.6644926,-1.1575384,-0.06909604,0.64500594,-1.2053487,0.0018995281,0.6663042,-1.0824986,-0.03605396,0.7205708,-1.2293184,0.0,0.0,0.0,0.0,0.0,0.0,0.0,0.0,0.0,0.0,0.0,0.0,0.0,0.0,0.0,0.0,-0.5301494,-0.24480048,-0.2611698,1.1965468,50.0,50.0,50.0,50.0,50.0,50.0,50.0,50.0,50.0,50.0,50.0,50.0,0.0,0.0,0.0,0.0,1.0,1.0,1.0,1.0,1.0,1.0,1.0,1.0,1.0,1.0,1.0,1.0,0.5,0.5,0.5,0.5
1788446267.18472,908,20.890149999104324,6.850551999377785,10697594,1,0.0,0.0,0.0,0.03723395,0.65018785,-1.2149712,-0.08816072,0.6927421,-1.3500197,0.031082511,0.6703254,-1.2107693,-0.09100169,0.69191325,-1.3332433,25.86237,30.210403,-44.868362,-6.8137465,0.0,0.12014124,-0.0080880495,0.054257333,-0.06200838,0.026286162,-0.054257333,-0.015502095,0.042462263,-0.06975943,-0.0077510476,0.0,0.03100419,0.13176781,-0.08526152,0.34492162,0.013167934,0.6500539,-1.1552894,-0.05725757,0.6546758,-1.2044555,-0.001265802,0.66334474,-1.1030635,-0.050381258,0.7235534,-1.2098624,0.0,0.0,0.0,0.0,0.0,0.0,0.0,0.0,0.0,0.0,0.0,0.0,0.0,0.0,0.0,0.0,-1.3880665,0.5374023,-0.2051996,0.88021696,50.0,50.0,50.0,50.0,50.0,50.0,50.0,50.0,50.0,50.0,50.0,50.0,0.0,0.0,0.0,0.0,1.0,1.0,1.0,1.0,1.0,1.0,1.0,1.0,1.0,1.0,1.0,1.0,0.5,0.5,0.5,0.5
1788446267.2009087,909,15.35095100007311,5.960124999546679,10697615,1,0.0,0.0,0.0,0.03720367,0.6521559,-1.214987,-0.087948784,0.6924393,-1.3499092,0.031082511,0.6704465,-1.2106428,-0.09106225,0.69067186,-1.3329273,25.86007,30.212948,-44.868546,-6.808024,-0.038755238,-0.0038755238,0.032352198,0.11239019,0.023253143,0.010110063,-0.038755238,-0.023253143,0.0020220124,-0.034879714,0.0,-0.02426415,-0.23640695,0.20540276,0.0038755238,0.23253144,0.00888616,0.6382492,-1.1363533,-0.047147006,0.6749414,-1.2206507,0.00059351604,0.6699191,-1.1249635,-0.06384279,0.72001034,-1.187925,0.0,0.0,0.0,0.0,0.0,0.0,0.0,0.0,0.0,0.0,0.0,0.0,0.0,0.0,0.0,0.0,-1.7108905,0.95155513,-0.15772554,0.46663332,50.0,50.0,50.0,50.0,50.0,50.0,50.0,50.0,50.0,50.0,50.0,50.0,0.0,0.0,0.0,0.0,1.0,1.0,1.0,1.0,1.0,1.0,1.0,1.0,1.0,1.0,1.0,1.0,0.5,0.5,0.5,0.5
1788446267.220813,910,14.858088999972097,6.004445000144187,10697638,1,0.0,0.0,0.0,0.03720367,0.6510658,-1.214908,-0.08688907,0.6917126,-1.3499565,0.030840278,0.6701438,-1.2108166,-0.09175867,0.69018745,-1.332564,25.85356,30.220455,-44.868572,-6.804875,0.054257333,0.027128667,0.030330187,0.054257333,-0.054257333,0.0020220124,0.019377619,0.0,0.018198112,-0.09301257,0.027128667,0.0,-0.10851467,0.52707124,-0.023253143,0.096888095,0.0041501415,0.62400085,-1.1197661,-0.040361132,0.68484664,-1.2355833,0.0030112069,0.67912453,-1.1543252,-0.07054878,0.70838845,-1.1693246,0.0,0.0,0.0,0.0,0.0,0.0,0.0,0.0,0.0,0.0,0.0,0.0,0.0,0.0,0.0,0.0,-1.5641373,0.7133713,-0.21229245,-0.03743833,50.0,50.0,50.0,50.0,50.0,50.0,50.0,50.0,50.0,50.0,50.0,50.0,0.0,0.0,0.0,0.0,1.0,1.0,1.0,1.0,1.0,1.0,1.0,1.0,1.0,1.0,1.0,1.0,0.5,0.5,0.5,0.5
1788446267.2429352,911,16.43587199941976,6.092253001042991,10697657,1,0.0,0.0,0.0,0.037052274,0.64670587,-1.2143551,-0.0860413,0.69150066,-1.3501778,0.030507237,0.6706282,-1.2112906,-0.092999995,0.69003606,-1.3317584,25.846897,30.232355,-44.868484,-6.8053293,0.0,0.03100419,0.016176099,0.05813286,-0.10851467,0.026286162,-0.046506286,0.05038181,0.03437421,-0.08526152,0.019377619,0.0020220124,-0.34879714,0.7518516,-0.038755238,-0.06200838,-0.0023098509,0.61461455,-1.103602,-0.039113756,0.6900896,-1.2488382,0.0074386313,0.68571734,-1.1765566,-0.07057103,0.6968346,-1.1561805,0.0,0.0,0.0,0.0,0.0,0.0,0.0,0.0,0.0,0.0,0.0,0.0,0.0,0.0,0.0,0.0,-1.1482466,0.3077107,-0.2415365,-0.44552833,50.0,50.0,50.0,50.0,50.0,50.0,50.0,50.0,50.0,50.0,50.0,50.0,0.0,0.0,0.0,0.0,1.0,1.0,1.0,1.0,1.0,1.0,1.0,1.0,1.0,1.0,1.0,1.0,0.5,0.5,0.5,0.5
1788446267.2609506,912,14.357324998854892,7.844562000173028,10697678,1,0.0,0.0,0.0,0.03684032,0.645404,-1.2132652,-0.08543575,0.69119793,-1.3504148,0.030022785,0.672021,-1.2129334,-0.094483554,0.6895819,-1.3305577,25.841509,30.242529,-44.868603,-6.806298,0.015502095,-0.05813286,0.0080880495,0.038755238,-0.054257333,0.0080880495,-0.054257333,0.019377619,0.0080880495,-0.12789229,0.034879714,0.016176099,-0.18214962,0.5193202,-0.08526152,-0.05038181,-0.004945261,0.6094393,-1.0949106,-0.042764813,0.697008,-1.2554632,0.010468647,0.68789685,-1.18218,-0.06752151,0.6922765,-1.1579721,0.0,0.0,0.0,0.0,0.0,0.0,0.0,0.0,0.0,0.0,0.0,0.0,0.0,0.0,0.0,0.0,-0.529002,-0.4003292,-0.31920043,-0.53027654,50.0,50.0,50.0,50.0,50.0,50.0,50.0,50.0,50.0,50.0,50.0,50.0,0.0,0.0,0.0,0.0,1.0,1.0,1.0,1.0,1.0,1.0,1.0,1.0,1.0,1.0,1.0,1.0,0.5,0.5,0.5,0.5
1788446267.2849195,913,18.25701300003857,6.052445000022999,10697698,1,0.0,0.0,0.0,0.036234856,0.6441021,-1.212112,-0.08540547,0.6913493,-1.3506358,0.029689744,0.6733532,-1.2141182,-0.09527081,0.6888249,-1.3295941,25.841145,30.246706,-44.86897,-6.809265,-0.0077510476,-0.10851467,0.09099056,0.05813286,0.023253143,0.0,-0.05038181,0.0,-0.064704396,-0.038755238,-0.019377619,0.042462263,0.015502095,-0.011626571,-0.10076362,-0.16664752,-0.0020265265,0.60648507,-1.1061479,-0.048155546,0.69701177,-1.246447,0.010479599,0.6780279,-1.174303,-0.06164942,0.69986486,-1.1702747,0.0,0.0,0.0,0.0,0.0,0.0,0.0,0.0,0.0,0.0,0.0,0.0,0.0,0.0,0.0,0.0,0.0051925704,-1.216681,-0.22487226,-0.37124577,50.0,50.0,50.0,50.0,50.0,50.0,50.0,50.0,50.0,50.0,50.0,50.0,0.0,0.0,0.0,0.0,1.0,1.0,1.0,1.0,1.0,1.0,1.0,1.0,1.0,1.0,1.0,1.0,0.5,0.5,0.5,0.5
1788446267.3049135,914,18.069622999973944,6.041725000613951,10697717,1,0.0,0.0,0.0,0.035871506,0.6433754,-1.2115906,-0.085738525,0.6926513,-1.3507938,0.029629186,0.6742615,-1.2146237,-0.09548277,0.6882799,-1.3290255,25.842356,30.24504,-44.869785,-6.812717,0.027128667,-0.046506286,0.04044025,0.023253143,0.08913705,-0.022242136,-0.05813286,0.065883905,0.032352198,0.0,0.038755238,0.0,-0.023253143,0.04263076,-0.09301257,-0.10851467,0.0050179004,0.6083264,-1.124716,-0.05554811,0.6852726,-1.2271479,0.008028004,0.66523015,-1.1533078,-0.05156816,0.7089563,-1.1972686,0.0,0.0,0.0,0.0,0.0,0.0,0.0,0.0,0.0,0.0,0.0,0.0,0.0,0.0,0.0,0.0,0.34257358,-1.7728901,-0.0073143,0.108051114,50.0,50.0,50.0,50.0,50.0,50.0,50.0,50.0,50.0,50.0,50.0,50.0,0.0,0.0,0.0,0.0,1.0,1.0,1.0,1.0,1.0,1.0,1.0,1.0,1.0,1.0,1.0,1.0,0.5,0.5,0.5,0.5
1788446267.3268862,915,18.810962001225562,6.457210000007763,10697740,1,0.0,0.0,0.0,0.03572011,0.6430423,-1.2116065,-0.08622296,0.6932568,-1.3507464,0.029841125,0.67414045,-1.214608,-0.0949983,0.68915796,-1.3290412,25.84375,30.241983,-44.871784,-6.815684,-0.027128667,-0.09301257,-0.0080880495,-0.034879714,-0.03100419,-0.032352198,-0.0038755238,-0.015502095,0.0,0.0,0.0077510476,-0.020220125,0.15114543,-0.17439857,-0.03100419,-0.13176781,0.009544448,0.62652385,-1.1483417,-0.064300284,0.676338,-1.2077237,0.0043960516,0.65713936,-1.1188874,-0.041968837,0.71980256,-1.221256,0.0,0.0,0.0,0.0,0.0,0.0,0.0,0.0,0.0,0.0,0.0,0.0,0.0,0.0,0.0,0.0,0.5982659,-2.0634875,0.14666918,0.45580867,50.0,50.0,50.0,50.0,50.0,50.0,50.0,50.0,50.0,50.0,50.0,50.0,0.0,0.0,0.0,0.0,1.0,1.0,1.0,1.0,1.0,1.0,1.0,1.0,1.0,1.0,1.0,1.0,0.5,0.5,0.5,0.5
1788446267.3428786,916,14.676426000733045,4.18394400003308,10697759,1,0.0,0.0,0.0,0.03568983,0.64286065,-1.2124596,-0.086949624,0.6927421,-1.3504937,0.030143902,0.6715063,-1.2141024,-0.09390837,0.69021773,-1.3296257,25.848019,30.233173,-44.870937,-6.8161077,-0.04263076,0.0,0.036396224,-0.0077510476,0.081386,-0.020220125,0.034879714,-0.08913705,0.042462263,0.03100419,0.054257333,0.016176099,0.2092783,-0.5929552,0.03100419,-0.023253143,0.014139612,0.6391671,-1.1667585,-0.070270926,0.6571057,-1.1920259,0.00016882364,0.6514615,-1.0919355,-0.036011975,0.7273241,-1.2452501,0.0,0.0,0.0,0.0,0.0,0.0,0.0,0.0,0.0,0.0,0.0,0.0,0.0,0.0,0.0,0.0,0.49392378,-1.9730073,0.12979007,0.8750248,50.0,50.0,50.0,50.0,50.0,50.0,50.0,50.0,50.0,50.0,50.0,50.0,0.0,0.0,0.0,0.0,1.0,1.0,1.0,1.0,1.0,1.0,1.0,1.0,1.0,1.0,1.0,1.0,0.5,0.5,0.5,0.5
1788446267.3630028,917,14.450923999902443,4.313830999308266,10697780,1,0.0,0.0,0.0,0.035932064,0.64370847,-1.2137549,-0.087706566,0.6930146,-1.3501935,0.030507237,0.66926575,-1.2122858,-0.092243016,0.690581,-1.3304629,25.85356,30.22194,-44.87021,-6.816047,0.06200838,0.023253143,-0.082902506,-0.034879714,0.096888095,-0.0040440247,0.011626571,-0.096888095,0.12132075,-0.019377619,0.027128667,-0.036396224,0.33329505,-0.577453,0.0038755238,0.0077510476,0.015755542,0.6526343,-1.1737722,-0.07051885,0.645693,-1.189042,-0.0017504059,0.65282863,-1.0748702,-0.035219327,0.72931737,-1.253442,0.0,0.0,0.0,0.0,0.0,0.0,0.0,0.0,0.0,0.0,0.0,0.0,0.0,0.0,0.0,0.0,0.10515224,-1.3259861,0.024064435,1.172955,50.0,50.0,50.0,50.0,50.0,50.0,50.0,50.0,50.0,50.0,50.0,50.0,0.0,0.0,0.0,0.0,1.0,1.0,1.0,1.0,1.0,1.0,1.0,1.0,1.0,1.0,1.0,1.0,0.5,0.5,0.5,0.5
1788446267.3848896,918,16.20512199951918,5.9542059989325935,10697800,1,0.0,0.0,0.0,0.036265135,0.6449195,-1.2153345,-0.0884635,0.69253016,-1.3497355,0.030688897,0.66708577,-1.2105639,-0.091516435,0.6906113,-1.3318216,25.857828,30.211342,-44.867817,-6.8152905,0.019377619,0.12401676,-0.046506286,-0.015502095,0.038755238,0.028308174,0.05813286,-0.07363495,0.07885849,-0.015502095,-0.011626571,-0.050550308,0.18602514,-0.41080552,0.04263076,0.046506286,0.013804748,0.65824026,-1.1634103,-0.06786545,0.6389154,-1.1991382,-0.0010643993,0.6618659,-1.0780606,-0.03815422,0.7227328,-1.2441192,0.0,0.0,0.0,0.0,0.0,0.0,0.0,0.0,0.0,0.0,0.0,0.0,0.0,0.0,0.0,0.0,-0.57077837,-0.49633488,-0.1873109,1.1031096,50.0,50.0,50.0,50.0,50.0,50.0,50.0,50.0,50.0,50.0,50.0,50.0,0.0,0.0,0.0,0.0,1.0,1.0,1.0,1.0,1.0,1.0,1.0,1.0,1.0,1.0,1.0,1.0,0.5,0.5,0.5,0.5
1788446267.4061835,919,17.428347000532085,6.179195999720832,10697819,1,0.0,0.0,0.0,0.036507368,0.648129,-1.2165983,-0.08849378,0.69195485,-1.3497355,0.030537516,0.6662077,-1.2090948,-0.09136504,0.6904296,-1.3322165,25.858677,30.20883,-44.867363,-6.8148365,0.03100419,0.12401676,-0.12940879,0.054257333,-0.034879714,-0.018198112,-0.05038181,-0.08526152,0.09907861,0.046506286,-0.046506286,-0.0060660373,0.011626571,0.07363495,-0.08913705,0.038755238,0.008903354,0.6581068,-1.142113,-0.062149283,0.6409266,-1.2169245,0.0037682552,0.67493415,-1.0967503,-0.044887625,0.71009636,-1.2144237,0.0,0.0,0.0,0.0,0.0,0.0,0.0,0.0,0.0,0.0,0.0,0.0,0.0,0.0,0.0,0.0,-1.2814901,0.43139434,-0.3125824,0.8505423,50.0,50.0,50.0,50.0,50.0,50.0,50.0,50.0,50.0,50.0,50.0,50.0,0.0,0.0,0.0,0.0,1.0,1.0,1.0,1.0,1.0,1.0,1.0,1.0,1.0,1.0,1.0,1.0,0.5,0.5,0.5,0.5
1788446267.4269404,920,18.115413999112207,7.339413999943645,10697840,1,0.0,0.0,0.0,0.0368706,0.65091455,-1.2171196,-0.087888226,0.69089514,-1.3498144,0.030325562,0.66666186,-1.2088736,-0.09175867,0.69003606,-1.3321216,25.85583,30.211433,-44.86821,-6.814473,0.038755238,0.17439857,0.020220125,0.08913705,-0.015502095,-0.028308174,-0.054257333,-0.0077510476,0.0060660373,-0.011626571,0.046506286,-0.012132075,-0.22478038,0.18990067,-0.027128667,0.07363495,0.0031228778,0.64322454,-1.1165733,-0.052851688,0.65267825,-1.2381715,0.00714005,0.68719447,-1.1324128,-0.05445636,0.69660616,-1.18167,0.0,0.0,0.0,0.0,0.0,0.0,0.0,0.0,0.0,0.0,0.0,0.0,0.0,0.0,0.0,0.0,-1.6521984,0.91786927,-0.38388905,0.40762368,50.0,50.0,50.0,50.0,50.0,50.0,50.0,50.0,50.0,50.0,50.0,50.0,0.0,0.0,0.0,0.0,1.0,1.0,1.0,1.0,1.0,1.0,1.0,1.0,1.0,1.0,1.0,1.0,0.5,0.5,0.5,0.5
1788446267.4467998,921,17.145211999377352,5.9501420000742655,10697860,1,0.0,0.0,0.0,0.03714311,0.65103555,-1.2164246,-0.086828515,0.6901988,-1.3500514,0.03020446,0.6689024,-1.209,-0.09242469,0.688946,-1.3311265,25.850803,30.217913,-44.869423,-6.8140492,0.038755238,-0.07363495,0.056616347,0.10463915,-0.08526152,0.028308174,0.019377619,-0.04263076,-0.020220125,-0.07363495,0.019377619,0.022242136,-0.25190905,0.4921915,-0.09301257,0.096888095,0.00075409736,0.6232066,-1.105,-0.042066127,0.6882104,-1.2477101,0.0038802717,0.6829879,-1.1601694,-0.06698949,0.7009957,-1.1575415,0.0,0.0,0.0,0.0,0.0,0.0,0.0,0.0,0.0,0.0,0.0,0.0,0.0,0.0,0.0,0.0,-1.5132242,0.91611826,-0.39347798,-0.06573944,50.0,50.0,50.0,50.0,50.0,50.0,50.0,50.0,50.0,50.0,50.0,50.0,0.0,0.0,0.0,0.0,1.0,1.0,1.0,1.0,1.0,1.0,1.0,1.0,1.0,1.0,1.0,1.0,0.5,0.5,0.5,0.5
1788446267.464888,922,14.909641999111045,4.735620999781531,10697882,1,0.0,0.0,0.0,0.03720367,0.64776564,-1.2144499,-0.085647695,0.6883216,-1.3504621,0.03017418,0.67053735,-1.2103428,-0.09324223,0.68700826,-1.3290571,25.84375,30.232689,-44.871025,-6.8131104,0.015502095,-0.2092783,0.09099056,0.07363495,-0.07363495,0.010110063,-0.027128667,0.023253143,0.014154087,-0.05813286,-0.023253143,0.076836474,-0.3759258,0.9107481,-0.09301257,0.08526152,0.0017516824,0.60666424,-1.1108831,-0.03619573,0.71250695,-1.2493734,0.0026521028,0.67017215,-1.172198,-0.074590154,0.70969737,-1.1495731,0.0,0.0,0.0,0.0,0.0,0.0,0.0,0.0,0.0,0.0,0.0,0.0,0.0,0.0,0.0,0.0,-1.1579213,0.4402969,-0.27518952,-0.35021958,50.0,50.0,50.0,50.0,50.0,50.0,50.0,50.0,50.0,50.0,50.0,50.0,0.0,0.0,0.0,0.0,1.0,1.0,1.0,1.0,1.0,1.0,1.0,1.0,1.0,1.0,1.0,1.0,0.5,0.5,0.5,0.5
1788446267.4868755,923,16.364672999770846,5.867678000868182,10697902,1,0.0,0.0,0.0,0.036961436,0.6442232,-1.2135811,-0.08516325,0.6891088,-1.35062,0.029901683,0.67114294,-1.2116381,-0.0942716,0.686766,-1.327967,25.837875,30.247705,-44.873844,-6.813807,0.0,-0.11626572,0.076836474,0.011626571,-0.06200838,-0.0485283,-0.015502095,0.046506286,-0.056616347,-0.10076362,0.015502095,0.032352198,-0.2092783,0.68984324,-0.21315381,-0.038755238,0.002898553,0.60500085,-1.1182526,-0.03649947,0.7121069,-1.2422428,0.005632868,0.66966003,-1.1769677,-0.0735158,0.708187,-1.1557748,0.0,0.0,0.0,0.0,0.0,0.0,0.0,0.0,0.0,0.0,0.0,0.0,0.0,0.0,0.0,0.0,-0.6235024,-0.48291957,-0.17268665,-0.3953219,50.0,50.0,50.0,50.0,50.0,50.0,50.0,50.0,50.0,50.0,50.0,50.0,0.0,0.0,0.0,0.0,1.0,1.0,1.0,1.0,1.0,1.0,1.0,1.0,1.0,1.0,1.0,1.0,0.5,0.5,0.5,0.5
1788446267.5067532,924,16.175458000361687,4.003848998763715,10697922,1,0.0,0.0,0.0,0.036961436,0.64243674,-1.2133125,-0.08479992,0.69131905,-1.3507148,0.029780567,0.67005295,-1.2120962,-0.094786346,0.6874019,-1.3272719,25.837725,30.253277,-44.87557,-6.817107,0.038755238,-0.081386,0.0020220124,0.011626571,0.0038755238,-0.0485283,-0.06200838,-0.0077510476,-0.036396224,-0.065883905,0.06200838,0.010110063,0.0,0.034879714,-0.0038755238,-0.17439857,0.0031358567,0.60936534,-1.1261696,-0.044974238,0.69525,-1.2305697,0.008823197,0.6709781,-1.1651744,-0.063772745,0.70438606,-1.1761674,0.0,0.0,0.0,0.0,0.0,0.0,0.0,0.0,0.0,0.0,0.0,0.0,0.0,0.0,0.0,0.0,-0.11150429,-1.442599,-0.08926112,-0.25585067,50.0,50.0,50.0,50.0,50.0,50.0,50.0,50.0,50.0,50.0,50.0,50.0,0.0,0.0,0.0,0.0,1.0,1.0,1.0,1.0,1.0,1.0,1.0,1.0,1.0,1.0,1.0,1.0,0.5,0.5,0.5,0.5
1788446267.524948,925,14.300427999842213,5.984638000882114,10697942,1,0.0,0.0,0.0,0.037021995,0.6421945,-1.2136127,-0.084678814,0.6913796,-1.3506358,0.029931962,0.6699621,-1.212728,-0.09469551,0.68776524,-1.3272403,25.838451,30.250189,-44.875324,-6.8215275,0.046506286,-0.038755238,0.016176099,0.054257333,-0.038755238,-0.0020220124,-0.05813286,-0.034879714,0.014154087,-0.023253143,0.054257333,-0.0020220124,0.077510476,-0.20152724,-0.038755238,-0.20152724,0.0040428177,0.6137849,-1.1324767,-0.058543272,0.6770099,-1.2232151,0.009160785,0.6669908,-1.140758,-0.0482817,0.70543724,-1.2077639,0.0,0.0,0.0,0.0,0.0,0.0,0.0,0.0,0.0,0.0,0.0,0.0,0.0,0.0,0.0,0.0,0.30933574,-1.94125,-0.05534623,0.12482632,50.0,50.0,50.0,50.0,50.0,50.0,50.0,50.0,50.0,50.0,50.0,50.0,0.0,0.0,0.0,0.0,1.0,1.0,1.0,1.0,1.0,1.0,1.0,1.0,1.0,1.0,1.0,1.0,0.5,0.5,0.5,0.5
1788446267.5642889,926,30.53111900044314,8.80967699959001,10697961,1,0.0,0.0,0.0,0.036991715,0.6422248,-1.2140708,-0.08516325,0.69053185,-1.3504779,0.030113623,0.6699621,-1.2127123,-0.09418076,0.68806803,-1.327588,25.840359,30.242619,-44.875145,-6.8238893,0.011626571,-0.027128667,-0.0060660373,-0.023253143,-0.011626571,-0.020220125,-0.04263076,-0.03100419,-0.0040440247,0.015502095,0.12014124,0.022242136,0.13176781,-0.3604237,0.023253143,-0.0077510476,0.008512564,0.6280095,-1.1470566,-0.06737014,0.65985376,-1.2063879,0.0053195814,0.66029984,-1.1143637,-0.037022628,0.71227247,-1.2314916,0.0,0.0,0.0,0.0,0.0,0.0,0.0,0.0,0.0,0.0,0.0,0.0,0.0,0.0,0.0,0.0,0.6080376,-1.9732035,-0.013814522,0.7020977,50.0,50.0,50.0,50.0,50.0,50.0,50.0,50.0,50.0,50.0,50.0,50.0,0.0,0.0,0.0,0.0,1.0,1.0,1.0,1.0,1.0,1.0,1.0,1.0,1.0,1.0,1.0,1.0,0.5,0.5,0.5,0.5
1788446267.5828571,927,17.837208999480936,6.000957000651397,10697996,1,0.0,0.0,0.0,0.03681004,0.6414982,-1.2141498,-0.08622296,0.69068325,-1.350383,0.030507237,0.66923547,-1.2120172,-0.093030274,0.6878258,-1.3283461,25.846838,30.223,-44.874992,-6.8232536,0.019377619,-0.034879714,0.0040440247,0.054257333,0.10076362,-0.0080880495,-0.03100419,0.0,-0.014154087,-0.06975943,-0.0038755238,-0.030330187,0.10851467,-0.5735775,0.038755238,0.0077510476,0.013454978,0.64093757,-1.1635686,-0.07004324,0.6525546,-1.1953274,0.00023720227,0.6516788,-1.0874302,-0.035238095,0.7260791,-1.2454239,0.0,0.0,0.0,0.0,0.0,0.0,0.0,0.0,0.0,0.0,0.0,0.0,0.0,0.0,0.0,0.0,0.44801906,-1.7159867,-0.027043205,1.134144,50.0,50.0,50.0,50.0,50.0,50.0,50.0,50.0,50.0,50.0,50.0,50.0,0.0,0.0,0.0,0.0,1.0,1.0,1.0,1.0,1.0,1.0,1.0,1.0,1.0,1.0,1.0,1.0,0.5,0.5,0.5,0.5
1788446267.6007783,928,15.178470999671845,5.80822200026887,10698016,1,0.0,0.0,0.0,0.036658764,0.6421037,-1.2148132,-0.08728268,0.69068325,-1.3500355,0.03056778,0.6679335,-1.2108325,-0.09209162,0.6878561,-1.3291203,25.851349,30.213037,-44.87493,-6.822769,0.081386,-0.0038755238,-0.032352198,0.023253143,0.034879714,0.030330187,0.054257333,-0.12401676,0.119298734,-0.04263076,-0.019377619,-0.10312264,0.2751622,-0.48444048,-0.011626571,0.18602514,0.014978008,0.6556698,-1.1688617,-0.069863796,0.6459292,-1.1969292,-0.0009593158,0.655297,-1.0753086,-0.035400428,0.72399384,-1.2460239,0.0,0.0,0.0,0.0,0.0,0.0,0.0,0.0,0.0,0.0,0.0,0.0,0.0,0.0,0.0,0.0,-0.033151396,-1.1126462,-0.1633229,1.2426417,50.0,50.0,50.0,50.0,50.0,50.0,50.0,50.0,50.0,50.0,50.0,50.0,0.0,0.0,0.0,0.0,1.0,1.0,1.0,1.0,1.0,1.0,1.0,1.0,1.0,1.0,1.0,1.0,0.5,0.5,0.5,0.5
1788446267.6268892,929,20.90647099976195,4.253511000570143,10698038,1,0.0,0.0,0.0,0.037021995,0.6438296,-1.2161876,-0.08758546,0.69053185,-1.3498619,0.030507237,0.66508746,-1.2093318,-0.091546714,0.68803775,-1.330147,25.855556,30.207073,-44.87484,-6.819923,0.027128667,0.046506286,-0.09301257,-0.027128667,0.0077510476,-0.030330187,-0.046506286,-0.10076362,0.1314308,0.0,0.027128667,-0.056616347,0.08913705,-0.11626572,-0.07363495,0.12789229,0.014014147,0.6600489,-1.1625777,-0.06542595,0.6410105,-1.2040265,0.00047768047,0.6637086,-1.083052,-0.04084577,0.7174707,-1.2277967,0.0,0.0,0.0,0.0,0.0,0.0,0.0,0.0,0.0,0.0,0.0,0.0,0.0,0.0,0.0,0.0,-0.8334175,-0.30099663,-0.28557017,1.0506601,50.0,50.0,50.0,50.0,50.0,50.0,50.0,50.0,50.0,50.0,50.0,50.0,0.0,0.0,0.0,0.0,1.0,1.0,1.0,1.0,1.0,1.0,1.0,1.0,1.0,1.0,1.0,1.0,0.5,0.5,0.5,0.5
1788446267.6489084,930,21.853537000424694,8.636365999336704,10698057,1,0.0,0.0,0.0,0.03714311,0.64915836,-1.2175461,-0.087706566,0.6896235,-1.3498619,0.0304164,0.6645727,-1.2084787,-0.091516435,0.68718994,-1.3302892,25.85477,30.207466,-44.874386,-6.817652,0.096888095,0.13951886,-0.032352198,0.09301257,-0.065883905,-0.022242136,-0.027128667,-0.04263076,0.0060660373,-0.011626571,-0.046506286,0.026286162,-0.05813286,0.09301257,0.019377619,0.15114543,0.01078713,0.6488404,-1.145417,-0.056409635,0.652428,-1.2177958,0.0014174716,0.6693128,-1.1045697,-0.051369958,0.7125414,-1.2049326,0.0,0.0,0.0,0.0,0.0,0.0,0.0,0.0,0.0,0.0,0.0,0.0,0.0,0.0,0.0,0.0,-1.429548,0.44115484,-0.32228097,0.7580933,50.0,50.0,50.0,50.0,50.0,50.0,50.0,50.0,50.0,50.0,50.0,50.0,0.0,0.0,0.0,0.0,1.0,1.0,1.0,1.0,1.0,1.0,1.0,1.0,1.0,1.0,1.0,1.0,0.5,0.5,0.5,0.5
1788446267.6629388,931,13.206610999986879,5.265953999696649,10698079,1,0.0,0.0,0.0,0.03723395,0.64973366,-1.2180517,-0.08728268,0.6889271,-1.3499092,0.030295283,0.6656627,-1.2084471,-0.09181923,0.68625134,-1.3299732,25.852167,30.20883,-44.875084,-6.8157144,0.027128667,-0.023253143,-0.018198112,0.027128667,0.019377619,0.0040440247,-0.05813286,0.08526152,0.044484273,-0.038755238,0.05813286,-0.020220125,-0.43018317,0.10463915,-0.05813286,0.10076362,0.004430605,0.63774556,-1.1198022,-0.048777245,0.66031504,-1.2330247,0.004454871,0.68000674,-1.1367735,-0.058976293,0.7001248,-1.1804417,0.0,0.0,0.0,0.0,0.0,0.0,0.0,0.0,0.0,0.0,0.0,0.0,0.0,0.0,0.0,0.0,-1.7251647,0.78906024,-0.42774647,0.30541834,50.0,50.0,50.0,50.0,50.0,50.0,50.0,50.0,50.0,50.0,50.0,50.0,0.0,0.0,0.0,0.0,1.0,1.0,1.0,1.0,1.0,1.0,1.0,1.0,1.0,1.0,1.0,1.0,0.5,0.5,0.5,0.5
1788446267.6846921,932,14.768393999474938,5.921758000113186,10698102,1,0.0,0.0,0.0,0.0375973,0.6485529,-1.2176251,-0.08613213,0.68853354,-1.3500987,0.030083343,0.6664499,-1.2086682,-0.092606366,0.68573666,-1.329294,25.846172,30.215733,-44.875385,-6.8152905,0.10463915,-0.027128667,0.044484273,0.038755238,0.046506286,-0.036396224,-0.03100419,-0.015502095,0.0485283,-0.07363495,0.07363495,-0.02426415,-0.31779295,0.39917895,-0.06200838,0.0,0.0018722002,0.6202221,-1.1072046,-0.041721758,0.67828894,-1.2468127,0.005032504,0.68166965,-1.1615797,-0.06496996,0.69584996,-1.1613867,0.0,0.0,0.0,0.0,0.0,0.0,0.0,0.0,0.0,0.0,0.0,0.0,0.0,0.0,0.0,0.0,-1.4938504,0.70911086,-0.44647294,-0.07585561,50.0,50.0,50.0,50.0,50.0,50.0,50.0,50.0,50.0,50.0,50.0,50.0,0.0,0.0,0.0,0.0,1.0,1.0,1.0,1.0,1.0,1.0,1.0,1.0,1.0,1.0,1.0,1.0,0.5,0.5,0.5,0.5
1788446267.704715,933,14.203725000697887,5.8720939996419474,10698122,1,0.0,0.0,0.0,0.037445903,0.6441324,-1.2158085,-0.08513297,0.68704987,-1.350241,0.029962242,0.66763073,-1.2100899,-0.093393624,0.68446493,-1.328125,25.839449,30.226995,-44.876144,-6.815775,-0.019377619,-0.05813286,0.020220125,0.0,-0.13951886,0.014154087,-0.038755238,0.027128667,0.026286162,-0.054257333,-0.03100419,-0.016176099,-0.3914279,0.81386006,-0.019377619,0.05813286,-7.224269e-06,0.61310744,-1.1103508,-0.038199108,0.70086056,-1.2479838,0.005087082,0.679221,-1.1746888,-0.07020882,0.69918734,-1.1467491,0.0,0.0,0.0,0.0,0.0,0.0,0.0,0.0,0.0,0.0,0.0,0.0,0.0,0.0,0.0,0.0,-0.9755689,0.23647517,-0.30675107,-0.40356213,50.0,50.0,50.0,50.0,50.0,50.0,50.0,50.0,50.0,50.0,50.0,50.0,0.0,0.0,0.0,0.0,1.0,1.0,1.0,1.0,1.0,1.0,1.0,1.0,1.0,1.0,1.0,1.0,0.5,0.5,0.5,0.5
1788446267.726734,934,16.15468999989389,4.685507999965921,10698141,1,0.0,0.0,0.0,0.03753674,0.6430726,-1.2148448,-0.08416409,0.68686825,-1.3504621,0.02999252,0.6687207,-1.2114011,-0.09390837,0.6839805,-1.3271772,25.83388,30.238895,-44.877476,-6.81635,0.05038181,-0.015502095,0.101100616,-0.011626571,-0.027128667,0.036396224,-0.027128667,0.027128667,-0.02426415,-0.04263076,0.054257333,0.042462263,-0.18602514,0.43405867,-0.11239019,-0.06975943,0.0023919968,0.5982753,-1.1160252,-0.039544325,0.703975,-1.2414218,0.004432525,0.66678953,-1.1721547,-0.06978445,0.7063724,-1.1654419,0.0,0.0,0.0,0.0,0.0,0.0,0.0,0.0,0.0,0.0,0.0,0.0,0.0,0.0,0.0,0.0,-0.63412434,-0.5296474,-0.21469358,-0.32951134,50.0,50.0,50.0,50.0,50.0,50.0,50.0,50.0,50.0,50.0,50.0,50.0,0.0,0.0,0.0,0.0,1.0,1.0,1.0,1.0,1.0,1.0,1.0,1.0,1.0,1.0,1.0,1.0,0.5,0.5,0.5,0.5
1788446267.744858,935,14.20785399932356,4.190727999230148,10698162,1,0.0,0.0,0.0,0.037294507,0.6424973,-1.2144499,-0.08419437,0.68913907,-1.3505253,0.02999252,0.669508,-1.2124596,-0.09421104,0.6839805,-1.3260556,25.833273,30.24286,-44.879684,-6.8181367,-0.034879714,-0.027128667,0.0060660373,0.05813286,0.038755238,-0.0060660373,-0.06200838,-0.019377619,-0.113232695,-0.046506286,0.08913705,0.02426415,0.0,0.023253143,-0.03100419,-0.15889648,0.0055739405,0.6059704,-1.13467,-0.046376053,0.69485795,-1.2245655,0.006180416,0.6620754,-1.1583041,-0.06250069,0.7106031,-1.1833417,0.0,0.0,0.0,0.0,0.0,0.0,0.0,0.0,0.0,0.0,0.0,0.0,0.0,0.0,0.0,0.0,-0.07269308,-1.3200691,-0.03085617,-0.09241793,50.0,50.0,50.0,50.0,50.0,50.0,50.0,50.0,50.0,50.0,50.0,50.0,0.0,0.0,0.0,0.0,1.0,1.0,1.0,1.0,1.0,1.0,1.0,1.0,1.0,1.0,1.0,1.0,0.5,0.5,0.5,0.5
1788446267.764954,936,14.236748998882831,4.177384000286111,10698181,1,0.0,0.0,0.0,0.03720367,0.6406201,-1.2145289,-0.08443659,0.69007766,-1.3504937,0.030143902,0.66823626,-1.2127439,-0.094090044,0.68473744,-1.326261,25.833939,30.239319,-44.879597,-6.8209825,-0.0038755238,0.023253143,0.020220125,-0.011626571,0.065883905,-0.028308174,0.03100419,-0.04263076,-0.010110063,-0.015502095,0.096888095,-0.016176099,0.0038755238,-0.27128667,0.038755238,-0.11239019,0.0071183946,0.6171686,-1.136607,-0.058549218,0.6757221,-1.2215664,0.0065291445,0.663837,-1.1311351,-0.046931587,0.70638824,-1.2115375,0.0,0.0,0.0,0.0,0.0,0.0,0.0,0.0,0.0,0.0,0.0,0.0,0.0,0.0,0.0,0.0,0.2536168,-1.8683865,-0.044326074,0.26612085,50.0,50.0,50.0,50.0,50.0,50.0,50.0,50.0,50.0,50.0,50.0,50.0,0.0,0.0,0.0,0.0,1.0,1.0,1.0,1.0,1.0,1.0,1.0,1.0,1.0,1.0,1.0,1.0,0.5,0.5,0.5,0.5
1788446267.7889264,937,18.142965998777072,6.800664001275436,10698202,1,0.0,0.0,0.0,0.037294507,0.64086235,-1.2156031,-0.084860474,0.6898657,-1.3502884,0.03038612,0.6667224,-1.2125701,-0.09360558,0.6852219,-1.3265611,25.836271,30.232718,-44.8789,-6.822981,0.0077510476,-0.054257333,0.0040440247,-0.019377619,0.11626572,-0.032352198,0.011626571,-0.0038755238,-0.010110063,-0.038755238,-0.0077510476,0.028308174,0.11626572,-0.40305448,0.07363495,-0.06975943,0.009287769,0.6318072,-1.1469247,-0.06627281,0.65595293,-1.2119317,0.005512428,0.66181546,-1.1103339,-0.03665355,0.7101248,-1.231299,0.0,0.0,0.0,0.0,0.0,0.0,0.0,0.0,0.0,0.0,0.0,0.0,0.0,0.0,0.0,0.0,0.38188145,-2.0390363,-0.117626265,0.65149677,50.0,50.0,50.0,50.0,50.0,50.0,50.0,50.0,50.0,50.0,50.0,50.0,0.0,0.0,0.0,0.0,1.0,1.0,1.0,1.0,1.0,1.0,1.0,1.0,1.0,1.0,1.0,1.0,0.5,0.5,0.5,0.5
1788446267.809812,938,18.958258000566275,4.194471999653615,10698222,1,0.0,0.0,0.0,0.037355065,0.6414074,-1.2155873,-0.08579908,0.68835187,-1.3502567,0.03038612,0.666571,-1.2114959,-0.09248525,0.6851311,-1.3275248,25.839905,30.22412,-44.87805,-6.8228297,0.05038181,0.015502095,0.020220125,0.06200838,0.07363495,-0.030330187,0.038755238,-0.019377619,0.0040440247,-0.04263076,-0.054257333,0.016176099,0.18602514,-0.4650629,0.034879714,0.05038181,0.011089439,0.6411117,-1.1536862,-0.070838146,0.6522858,-1.209018,0.0029230425,0.65773773,-1.0902267,-0.033220783,0.71754485,-1.2442172,0.0,0.0,0.0,0.0,0.0,0.0,0.0,0.0,0.0,0.0,0.0,0.0,0.0,0.0,0.0,0.0,0.301997,-1.599422,-0.19477752,0.9887992,50.0,50.0,50.0,50.0,50.0,50.0,50.0,50.0,50.0,50.0,50.0,50.0,0.0,0.0,0.0,0.0,1.0,1.0,1.0,1.0,1.0,1.0,1.0,1.0,1.0,1.0,1.0,1.0,0.5,0.5,0.5,0.5
1788446267.828925,939,17.241531999388826,9.413897998456378,10698242,1,0.0,0.0,0.0,0.037415624,0.64240646,-1.2161719,-0.08646519,0.68777657,-1.3500987,0.030507237,0.6662077,-1.2105955,-0.09200078,0.6851311,-1.3284252,25.843508,30.215279,-44.878353,-6.8220725,0.09301257,0.05038181,0.0040440247,-0.011626571,0.0,-0.0080880495,0.077510476,0.011626571,0.032352198,0.046506286,-0.011626571,-0.06268239,0.13951886,-0.34879714,-0.038755238,0.081386,0.014080752,0.6480117,-1.159221,-0.06715003,0.6490144,-1.206114,0.0010353709,0.6571369,-1.0847094,-0.036128562,0.72078866,-1.239118,0.0,0.0,0.0,0.0,0.0,0.0,0.0,0.0,0.0,0.0,0.0,0.0,0.0,0.0,0.0,0.0,-0.23499192,-1.0494978,-0.26707864,1.1280435,50.0,50.0,50.0,50.0,50.0,50.0,50.0,50.0,50.0,50.0,50.0,50.0,0.0,0.0,0.0,0.0,1.0,1.0,1.0,1.0,1.0,1.0,1.0,1.0,1.0,1.0,1.0,1.0,0.5,0.5,0.5,0.5
1788446267.850269,940,18.2428379994235,5.85983800010581,10698264,1,0.0,0.0,0.0,0.037355065,0.64361763,-1.2165035,-0.08713129,0.68810964,-1.3500987,0.030507237,0.6653599,-1.2096319,-0.091516435,0.6850705,-1.3290887,25.846443,30.210373,-44.878506,-6.819832,0.08526152,-0.0077510476,-0.02426415,0.081386,0.077510476,-0.010110063,-0.06200838,-0.09301257,0.09099056,0.046506286,0.0,-0.050550308,0.06200838,-0.065883905,-0.03100419,0.1782741,0.016225098,0.64728045,-1.159711,-0.0598033,0.64827996,-1.203787,-7.068133e-05,0.6564108,-1.0908897,-0.04415659,0.7216663,-1.223571,0.0,0.0,0.0,0.0,0.0,0.0,0.0,0.0,0.0,0.0,0.0,0.0,0.0,0.0,0.0,0.0,-0.922474,-0.30561462,-0.29407027,1.0577335,50.0,50.0,50.0,50.0,50.0,50.0,50.0,50.0,50.0,50.0,50.0,50.0,0.0,0.0,0.0,0.0,1.0,1.0,1.0,1.0,1.0,1.0,1.0,1.0,1.0,1.0,1.0,1.0,0.5,0.5,0.5,0.5
1788446267.8688142,941,16.673279000315233,6.289019000178087,10698284,1,0.0,0.0,0.0,0.037355065,0.6448287,-1.2168511,-0.08710101,0.68765545,-1.3500829,0.030537516,0.6650269,-1.2092686,-0.0914256,0.684798,-1.3291676,25.845657,30.210646,-44.878475,-6.8178945,0.0,0.0077510476,-0.0040440247,-0.019377619,0.0038755238,-0.014154087,-0.07363495,-0.08913705,0.046506286,0.0,-0.0038755238,0.0,-0.08526152,0.12789229,-0.046506286,0.06975943,0.012695878,0.64608294,-1.1484822,-0.052976802,0.65120864,-1.2109514,0.0015222323,0.6660897,-1.1094743,-0.052037288,0.7110547,-1.1992418,0.0,0.0,0.0,0.0,0.0,0.0,0.0,0.0,0.0,0.0,0.0,0.0,0.0,0.0,0.0,0.0,-1.4270078,0.3338707,-0.32371897,0.6433035,50.0,50.0,50.0,50.0,50.0,50.0,50.0,50.0,50.0,50.0,50.0,50.0,0.0,0.0,0.0,0.0,1.0,1.0,1.0,1.0,1.0,1.0,1.0,1.0,1.0,1.0,1.0,1.0,0.5,0.5,0.5,0.5
1788446267.8868418,942,14.338829001644626,4.060199999003089,10698303,1,0.0,0.0,0.0,0.037476182,0.6449498,-1.2171512,-0.086707406,0.6872618,-1.3500514,0.030507237,0.66451216,-1.2092843,-0.09181923,0.6843741,-1.328899,25.842113,30.211857,-44.878777,-6.8165317,0.08913705,0.0077510476,-0.0040440247,0.015502095,-0.0077510476,-0.014154087,0.038755238,-0.0077510476,0.0020220124,-0.08913705,0.06975943,0.0,-0.35267267,0.077510476,-0.0077510476,0.096888095,0.008117306,0.6356478,-1.1304691,-0.04617201,0.66741997,-1.228125,0.0020217695,0.67271656,-1.130345,-0.06045205,0.7045024,-1.1799917,0.0,0.0,0.0,0.0,0.0,0.0,0.0,0.0,0.0,0.0,0.0,0.0,0.0,0.0,0.0,0.0,-1.6530615,0.57930624,-0.41887996,0.24813876,50.0,50.0,50.0,50.0,50.0,50.0,50.0,50.0,50.0,50.0,50.0,50.0,0.0,0.0,0.0,0.0,1.0,1.0,1.0,1.0,1.0,1.0,1.0,1.0,1.0,1.0,1.0,1.0,0.5,0.5,0.5,0.5
1788446267.9089177,943,16.34368099985295,5.3680330001952825,10698324,1,0.0,0.0,0.0,0.03753674,0.6448287,-1.2170091,-0.08598074,0.6864141,-1.3500671,0.030476958,0.66587466,-1.2094423,-0.092243016,0.6833447,-1.3282198,25.838238,30.21867,-44.878807,-6.8161683,0.038755238,-0.027128667,-0.010110063,0.05038181,-0.015502095,0.018198112,0.0,0.015502095,-0.010110063,-0.038755238,0.04263076,-0.036396224,-0.24028248,0.53094673,-0.0038755238,0.0038755238,0.0048737763,0.6196002,-1.1203747,-0.04028527,0.6861745,-1.2401128,0.002540205,0.6741097,-1.1512516,-0.06791883,0.70471025,-1.1678216,0.0,0.0,0.0,0.0,0.0,0.0,0.0,0.0,0.0,0.0,0.0,0.0,0.0,0.0,0.0,0.0,-1.480475,0.49643064,-0.34271765,-0.10691093,50.0,50.0,50.0,50.0,50.0,50.0,50.0,50.0,50.0,50.0,50.0,50.0,0.0,0.0,0.0,0.0,1.0,1.0,1.0,1.0,1.0,1.0,1.0,1.0,1.0,1.0,1.0,1.0,0.5,0.5,0.5,0.5
1788446267.930932,944,18.288917999598198,7.827249999536434,10698344,1,0.0,0.0,0.0,0.03750646,0.6441324,-1.2159822,-0.08525408,0.6860205,-1.3503041,0.030325562,0.666783,-1.2100267,-0.09287888,0.6830722,-1.3276196,25.832426,30.228056,-44.879475,-6.816865,0.12401676,-0.027128667,-0.0040440247,0.07363495,-0.034879714,0.0040440247,-0.054257333,-0.015502095,0.0080880495,-0.05038181,0.023253143,-0.044484273,-0.33329505,0.45343632,-0.0077510476,0.038755238,0.0021410044,0.6116102,-1.1135201,-0.040434636,0.69374555,-1.2481378,0.0054422915,0.67576724,-1.1625147,-0.06824827,0.6997393,-1.1616175,0.0,0.0,0.0,0.0,0.0,0.0,0.0,0.0,0.0,0.0,0.0,0.0,0.0,0.0,0.0,0.0,-1.1237082,0.07247448,-0.341959,-0.22538222,50.0,50.0,50.0,50.0,50.0,50.0,50.0,50.0,50.0,50.0,50.0,50.0,0.0,0.0,0.0,0.0,1.0,1.0,1.0,1.0,1.0,1.0,1.0,1.0,1.0,1.0,1.0,1.0,0.5,0.5,0.5,0.5
1788446267.9498112,945,16.941597999903024,4.735140000775573,10698363,1,0.0,0.0,0.0,0.03750646,0.64331484,-1.2154136,-0.08440632,0.6869288,-1.3504621,0.030295283,0.6671463,-1.2110378,-0.0935753,0.68328416,-1.3271456,25.826218,30.235504,-44.879536,-6.8175006,0.038755238,-0.03100419,0.030330187,0.046506286,-0.015502095,0.010110063,0.019377619,-0.023253143,0.036396224,-0.11239019,0.096888095,0.028308174,-0.29841533,0.3410461,0.019377619,-0.015502095,0.0011973494,0.6100574,-1.1110737,-0.04371537,0.6908289,-1.2490441,0.008024576,0.6781701,-1.1688364,-0.062444232,0.6939262,-1.1661775,0.0,0.0,0.0,0.0,0.0,0.0,0.0,0.0,0.0,0.0,0.0,0.0,0.0,0.0,0.0,0.0,-0.6736059,-0.6894916,-0.33022434,-0.28260225,50.0,50.0,50.0,50.0,50.0,50.0,50.0,50.0,50.0,50.0,50.0,50.0,0.0,0.0,0.0,0.0,1.0,1.0,1.0,1.0,1.0,1.0,1.0,1.0,1.0,1.0,1.0,1.0,0.5,0.5,0.5,0.5
1788446267.9688551,946,15.31210299981467,5.839037999976426,10698384,1,0.0,0.0,0.0,0.03753674,0.6429212,-1.2150818,-0.08419437,0.6877463,-1.3506043,0.030265018,0.66723716,-1.2113854,-0.09381753,0.68328416,-1.3268613,25.823675,30.23726,-44.879566,-6.8192267,-0.019377619,-0.07363495,0.016176099,0.04263076,0.065883905,0.016176099,0.077510476,-0.04263076,-0.028308174,-0.04263076,-0.03100419,0.038418237,-0.06200838,-0.08526152,-0.04263076,-0.13176781,0.002457859,0.6121838,-1.1169771,-0.050992467,0.6880687,-1.2418587,0.009305809,0.67413396,-1.1577933,-0.055021327,0.6964848,-1.1803211,0.0,0.0,0.0,0.0,0.0,0.0,0.0,0.0,0.0,0.0,0.0,0.0,0.0,0.0,0.0,0.0,-0.19649538,-1.3580873,-0.30461216,-0.23170276,50.0,50.0,50.0,50.0,50.0,50.0,50.0,50.0,50.0,50.0,50.0,50.0,0.0,0.0,0.0,0.0,1.0,1.0,1.0,1.0,1.0,1.0,1.0,1.0,1.0,1.0,1.0,1.0,0.5,0.5,0.5,0.5
1788446267.986941,947,12.989812999876449,5.939165001109359,10698405,1,0.0,0.0,0.0,0.03756702,0.64243674,-1.2148291,-0.08413382,0.687716,-1.3506358,0.030265018,0.66741884,-1.2116697,-0.09378725,0.68316305,-1.3267981,25.824371,30.235382,-44.879566,-6.8205585,0.0,0.0077510476,0.020220125,-0.03100419,-0.077510476,-0.018198112,0.0,0.0,-0.028308174,-0.09301257,0.023253143,-0.014154087,-0.027128667,-0.046506286,-0.038755238,0.0,0.00623395,0.6173752,-1.1356876,-0.056928884,0.6811408,-1.2238139,0.0063022855,0.66528904,-1.1400144,-0.04829832,0.7062836,-1.198496,0.0,0.0,0.0,0.0,0.0,0.0,0.0,0.0,0.0,0.0,0.0,0.0,0.0,0.0,0.0,0.0,0.22111587,-1.8256344,-0.09065254,0.06272271,50.0,50.0,50.0,50.0,50.0,50.0,50.0,50.0,50.0,50.0,50.0,50.0,0.0,0.0,0.0,0.0,1.0,1.0,1.0,1.0,1.0,1.0,1.0,1.0,1.0,1.0,1.0,1.0,0.5,0.5,0.5,0.5
1788446268.013724,948,19.706382001459133,6.107805000283406,10698426,1,0.0,0.0,0.0,0.03753674,0.64243674,-1.2148607,-0.084648535,0.68795824,-1.3505884,0.0304164,0.6672977,-1.2115433,-0.09318167,0.6832539,-1.3269876,25.82516,30.231205,-44.879536,-6.8205285,0.05813286,0.0,-0.010110063,-0.03100419,0.06200838,-0.010110063,0.03100419,-0.06200838,0.044484273,0.011626571,0.0077510476,-0.016176099,0.034879714,-0.2906643,-0.0077510476,0.011626571,0.010980901,0.6267389,-1.1520711,-0.062411644,0.66706353,-1.2098103,0.002591244,0.65452677,-1.1142013,-0.041458685,0.7144967,-1.218942,0.0,0.0,0.0,0.0,0.0,0.0,0.0,0.0,0.0,0.0,0.0,0.0,0.0,0.0,0.0,0.0,0.33020562,-2.0003843,-0.051707216,0.5309095,50.0,50.0,50.0,50.0,50.0,50.0,50.0,50.0,50.0,50.0,50.0,50.0,0.0,0.0,0.0,0.0,1.0,1.0,1.0,1.0,1.0,1.0,1.0,1.0,1.0,1.0,1.0,1.0,0.5,0.5,0.5,0.5
1788446268.034843,949,20.514697998805786,6.5749380009947345,10698446,1,0.0,0.0,0.0,0.03753674,0.64258814,-1.2155399,-0.08540547,0.68826103,-1.3503199,0.030476958,0.6664802,-1.211259,-0.092606366,0.68379885,-1.32743,25.826702,30.222878,-44.87905,-6.820377,0.011626571,-0.081386,0.054594334,-0.054257333,0.07363495,-0.012132075,0.046506286,-0.0077510476,-0.0020220124,-0.034879714,0.019377619,-0.014154087,0.046506286,-0.44180974,-0.054257333,0.0077510476,0.013051952,0.6419968,-1.159637,-0.06686956,0.6536609,-1.2016249,0.0018647718,0.6561101,-1.0948088,-0.037623692,0.71891063,-1.2358594,0.0,0.0,0.0,0.0,0.0,0.0,0.0,0.0,0.0,0.0,0.0,0.0,0.0,0.0,0.0,0.0,0.18756974,-1.8212643,-0.11206934,0.81186265,50.0,50.0,50.0,50.0,50.0,50.0,50.0,50.0,50.0,50.0,50.0,50.0,0.0,0.0,0.0,0.0,1.0,1.0,1.0,1.0,1.0,1.0,1.0,1.0,1.0,1.0,1.0,1.0,0.5,0.5,0.5,0.5
1788446268.050878,950,14.725130999067915,4.945730999679654,10698468,1,0.0,0.0,0.0,0.037476182,0.6435571,-1.2167089,-0.08613213,0.6881702,-1.3501778,0.030476958,0.663846,-1.2103585,-0.091940224,0.68395025,-1.3280461,25.827581,30.21331,-44.878838,-6.8198624,0.0,-0.038755238,-0.018198112,-0.015502095,0.096888095,-0.016176099,-0.0038755238,-0.12014124,-0.010110063,0.054257333,0.038755238,0.0485283,0.0077510476,-0.4728139,0.054257333,0.05038181,0.013915902,0.6516022,-1.1618732,-0.066894144,0.6415268,-1.1972523,0.0009205779,0.65879524,-1.0859447,-0.03650768,0.71612656,-1.23736,0.0,0.0,0.0,0.0,0.0,0.0,0.0,0.0,0.0,0.0,0.0,0.0,0.0,0.0,0.0,0.0,-0.2337445,-1.1846921,-0.14686537,0.9743875,50.0,50.0,50.0,50.0,50.0,50.0,50.0,50.0,50.0,50.0,50.0,50.0,0.0,0.0,0.0,0.0,1.0,1.0,1.0,1.0,1.0,1.0,1.0,1.0,1.0,1.0,1.0,1.0,0.5,0.5,0.5,0.5
1788446268.0941627,951,34.921720000056666,14.865611001368961,10698488,1,0.0,0.0,0.0,0.037415624,0.6450709,-1.2171512,-0.086737685,0.6880188,-1.3500514,0.030476958,0.66317993,-1.2094738,-0.09178895,0.6838594,-1.3286622,25.827581,30.206408,-44.878174,-6.8195596,0.096888095,0.04263076,-0.018198112,0.0077510476,0.019377619,-0.028308174,-0.027128667,-0.015502095,0.070770435,-0.0077510476,0.023253143,-0.020220125,-0.03100419,-0.3565482,0.05813286,0.034879714,0.013463399,0.6510155,-1.1577798,-0.06228323,0.64499307,-1.2058069,0.00082694646,0.6624287,-1.0896125,-0.043546733,0.71576726,-1.2241337,0.0,0.0,0.0,0.0,0.0,0.0,0.0,0.0,0.0,0.0,0.0,0.0,0.0,0.0,0.0,0.0,-0.7569781,-0.48124433,-0.19481726,0.9093639,50.0,50.0,50.0,50.0,50.0,50.0,50.0,50.0,50.0,50.0,50.0,50.0,0.0,0.0,0.0,0.0,1.0,1.0,1.0,1.0,1.0,1.0,1.0,1.0,1.0,1.0,1.0,1.0,0.5,0.5,0.5,0.5
1788446268.11483,952,19.89073400000052,4.685125000833068,10698526,1,0.0,0.0,0.0,0.037445903,0.64818954,-1.217941,-0.086858794,0.68674713,-1.3498619,0.03038612,0.6633616,-1.2090316,-0.09166783,0.68331444,-1.3286937,25.826279,30.20662,-44.878475,-6.818803,0.011626571,-0.0038755238,0.016176099,-0.0038755238,0.0077510476,-0.038418237,-0.034879714,-0.023253143,0.010110063,-0.023253143,0.011626571,-0.030330187,-0.027128667,0.027128667,-0.0077510476,0.0,0.008749794,0.6511071,-1.1407715,-0.05610706,0.6500218,-1.222112,0.003028332,0.67399067,-1.1085547,-0.05029316,0.7041215,-1.1997997,0.0,0.0,0.0,0.0,0.0,0.0,0.0,0.0,0.0,0.0,0.0,0.0,0.0,0.0,0.0,0.0,-1.1827419,0.2027034,-0.38555837,0.53291696,50.0,50.0,50.0,50.0,50.0,50.0,50.0,50.0,50.0,50.0,50.0,50.0,0.0,0.0,0.0,0.0,1.0,1.0,1.0,1.0,1.0,1.0,1.0,1.0,1.0,1.0,1.0,1.0,0.5,0.5,0.5,0.5
1788446268.1328142,953,16.619296999124344,4.242504001013003,10698548,1,0.0,0.0,0.0,0.037748694,0.6482198,-1.2179885,-0.0863138,0.686626,-1.349846,0.03035584,0.66366434,-1.2090157,-0.09200078,0.68328416,-1.3285358,25.825432,30.20765,-44.878506,-6.818833,0.03100419,0.0077510476,0.014154087,0.065883905,-0.0077510476,0.0080880495,-0.015502095,-0.027128667,0.0040440247,-0.03100419,0.038755238,-0.032352198,-0.10076362,0.1472699,-0.019377619,0.034879714,0.005407009,0.6378091,-1.121221,-0.049693715,0.66528016,-1.2380577,0.004913328,0.6801579,-1.1348146,-0.058113955,0.69847983,-1.1772463,0.0,0.0,0.0,0.0,0.0,0.0,0.0,0.0,0.0,0.0,0.0,0.0,0.0,0.0,0.0,0.0,-1.4327955,0.5315063,-0.39632893,0.1946905,50.0,50.0,50.0,50.0,50.0,50.0,50.0,50.0,50.0,50.0,50.0,50.0,0.0,0.0,0.0,0.0,1.0,1.0,1.0,1.0,1.0,1.0,1.0,1.0,1.0,1.0,1.0,1.0,0.5,0.5,0.5,0.5
1788446268.1520956,954,15.548518998912186,6.0250529986660695,10698568,1,0.0,0.0,0.0,0.037839532,0.6482198,-1.2176409,-0.08540547,0.68638384,-1.3500355,0.030295283,0.66548103,-1.2092054,-0.09239441,0.6824666,-1.3279197,25.822979,30.21128,-44.8792,-6.819075,0.0,0.027128667,0.044484273,0.081386,-0.05038181,0.0020220124,-0.04263076,-0.06975943,0.0040440247,-0.06975943,0.027128667,-0.07279245,-0.19377619,0.32941952,-0.05813286,0.065883905,0.004464706,0.6192444,-1.1179566,-0.041722644,0.6881932,-1.2420605,0.0032357005,0.6755862,-1.155789,-0.066994734,0.7027222,-1.1608405,0.0,0.0,0.0,0.0,0.0,0.0,0.0,0.0,0.0,0.0,0.0,0.0,0.0,0.0,0.0,0.0,-1.3023243,0.39697662,-0.3312929,-0.13769448,50.0,50.0,50.0,50.0,50.0,50.0,50.0,50.0,50.0,50.0,50.0,50.0,0.0,0.0,0.0,0.0,1.0,1.0,1.0,1.0,1.0,1.0,1.0,1.0,1.0,1.0,1.0,1.0,0.5,0.5,0.5,0.5
1788446268.1708627,955,14.246765998905175,4.6964529992692405,10698588,1,0.0,0.0,0.0,0.037809253,0.64585817,-1.2162982,-0.084769644,0.68638384,-1.3503357,0.030295283,0.6664802,-1.2103428,-0.0928486,0.6820125,-1.3271772,25.81865,30.218275,-44.879597,-6.8195896,0.054257333,-0.038755238,0.09099056,0.015502095,0.011626571,-0.020220125,-0.05038181,0.011626571,0.0,0.03100419,0.03100419,-0.014154087,-0.22090487,0.4728139,-0.038755238,0.06200838,0.004926448,0.60461295,-1.119856,-0.038437914,0.7004911,-1.2427655,0.0025998002,0.66603243,-1.1613852,-0.07094939,0.7070762,-1.1611626,0.0,0.0,0.0,0.0,0.0,0.0,0.0,0.0,0.0,0.0,0.0,0.0,0.0,0.0,0.0,0.0,-1.0296526,-0.055771545,-0.27505058,-0.27371266,50.0,50.0,50.0,50.0,50.0,50.0,50.0,50.0,50.0,50.0,50.0,50.0,0.0,0.0,0.0,0.0,1.0,1.0,1.0,1.0,1.0,1.0,1.0,1.0,1.0,1.0,1.0,1.0,0.5,0.5,0.5,0.5
1788446268.194867,956,18.173880000176723,5.386785000155214,10698607,1,0.0,0.0,0.0,0.037839532,0.6439507,-1.2160454,-0.08413382,0.6875646,-1.3504305,0.030295283,0.66696465,-1.211259,-0.09327251,0.6822244,-1.3265454,25.81653,30.225723,-44.881653,-6.8203163,0.054257333,-0.096888095,0.044484273,0.038755238,0.07363495,-0.036396224,-0.06200838,0.06200838,0.022242136,-0.07363495,0.027128667,0.018198112,-0.0038755238,0.26353562,-0.03100419,-0.0077510476,0.0061552823,0.60491914,-1.1278576,-0.0407793,0.6926445,-1.2322832,0.004777992,0.66292554,-1.1601089,-0.06622906,0.7064718,-1.1739116,0.0,0.0,0.0,0.0,0.0,0.0,0.0,0.0,0.0,0.0,0.0,0.0,0.0,0.0,0.0,0.0,-0.5231324,-0.81687623,-0.23317966,-0.22823799,50.0,50.0,50.0,50.0,50.0,50.0,50.0,50.0,50.0,50.0,50.0,50.0,0.0,0.0,0.0,0.0,1.0,1.0,1.0,1.0,1.0,1.0,1.0,1.0,1.0,1.0,1.0,1.0,0.5,0.5,0.5,0.5
1788446268.212754,957,15.989124000043375,5.916222000450944,10698628,1,0.0,0.0,0.0,0.037809253,0.64216423,-1.2159033,-0.08389159,0.68935096,-1.3504305,0.03035584,0.66611683,-1.2114011,-0.09348446,0.68255746,-1.3265454,25.817135,30.226633,-44.881714,-6.8218303,0.08913705,-0.038755238,0.03437421,0.09301257,0.027128667,-0.0040440247,-0.038755238,-0.015502095,0.02426415,-0.015502095,0.038755238,-0.032352198,0.0,-0.03100419,-0.06200838,-0.162772,0.0048837676,0.61327386,-1.1289217,-0.050658207,0.6800036,-1.2278053,0.008854788,0.6661242,-1.1447055,-0.054006517,0.7029269,-1.1939946,0.0,0.0,0.0,0.0,0.0,0.0,0.0,0.0,0.0,0.0,0.0,0.0,0.0,0.0,0.0,0.0,-0.065596476,-1.2796448,-0.2371152,-0.028347224,50.0,50.0,50.0,50.0,50.0,50.0,50.0,50.0,50.0,50.0,50.0,50.0,0.0,0.0,0.0,0.0,1.0,1.0,1.0,1.0,1.0,1.0,1.0,1.0,1.0,1.0,1.0,1.0,0.5,0.5,0.5,0.5
1788446268.230017,958,13.183123999624513,6.1686050012212945,10698648,1,0.0,0.0,0.0,0.03786981,0.64204323,-1.2161244,-0.08383104,0.6891088,-1.3503516,0.0304164,0.66526914,-1.2114011,-0.0934239,0.68289053,-1.3266717,25.8178,30.224089,-44.881622,-6.8237076,0.04263076,-0.05813286,0.022242136,0.0,0.081386,0.020220125,0.015502095,-0.06975943,0.0060660373,-0.05813286,0.03100419,-0.0080880495,0.03100419,-0.12789229,-0.09301257,-0.08913705,0.0063109226,0.6263502,-1.1343919,-0.059685864,0.6652982,-1.224893,0.009310139,0.6686603,-1.1273948,-0.042511243,0.7001742,-1.2093626,0.0,0.0,0.0,0.0,0.0,0.0,0.0,0.0,0.0,0.0,0.0,0.0,0.0,0.0,0.0,0.0,0.27147382,-1.5716457,-0.3255375,0.30814832,50.0,50.0,50.0,50.0,50.0,50.0,50.0,50.0,50.0,50.0,50.0,50.0,0.0,0.0,0.0,0.0,1.0,1.0,1.0,1.0,1.0,1.0,1.0,1.0,1.0,1.0,1.0,1.0,0.5,0.5,0.5,0.5
1788446268.2549746,959,17.488923998826067,5.920573999901535,10698668,1,0.0,0.0,0.0,0.037839532,0.6421945,-1.2161244,-0.08434576,0.687716,-1.3502884,0.03038612,0.6653599,-1.2112116,-0.092999995,0.68301165,-1.3271772,25.818922,30.221182,-44.881504,-6.8237987,0.03100419,-0.038755238,0.0080880495,-0.03100419,0.046506286,-0.0020220124,-0.07363495,-0.10851467,0.0,-0.0077510476,-0.04263076,0.010110063,0.0038755238,-0.18990067,-0.04263076,0.06200838,0.008466464,0.6382928,-1.1427556,-0.06531259,0.6556826,-1.2173674,0.007058478,0.66682345,-1.1119485,-0.037075456,0.7046269,-1.2182688,0.0,0.0,0.0,0.0,0.0,0.0,0.0,0.0,0.0,0.0,0.0,0.0,0.0,0.0,0.0,0.0,0.30663833,-1.4258968,-0.27962086,0.6752498,50.0,50.0,50.0,50.0,50.0,50.0,50.0,50.0,50.0,50.0,50.0,50.0,0.0,0.0,0.0,0.0,1.0,1.0,1.0,1.0,1.0,1.0,1.0,1.0,1.0,1.0,1.0,1.0,0.5,0.5,0.5,0.5
1788446268.2729242,960,15.009673999884399,4.997828000341542,10698690,1,0.0,0.0,0.0,0.037809253,0.6433451,-1.2162192,-0.08525408,0.68671685,-1.3502884,0.0304164,0.6655113,-1.210785,-0.09248525,0.68286026,-1.3276196,25.821133,30.21752,-44.881714,-6.8230114,0.0077510476,-0.038755238,0.016176099,-0.027128667,0.13176781,-0.026286162,-0.027128667,-0.03100419,-0.010110063,-0.015502095,0.0077510476,-0.030330187,0.07363495,-0.07363495,-0.027128667,0.06200838,0.013399704,0.6392863,-1.1558846,-0.06447722,0.65223914,-1.206629,0.001317281,0.65530807,-1.0983427,-0.038949355,0.716975,-1.2271942,0.0,0.0,0.0,0.0,0.0,0.0,0.0,0.0,0.0,0.0,0.0,0.0,0.0,0.0,0.0,0.0,-0.02687689,-1.0829606,-0.26939258,0.87439287,50.0,50.0,50.0,50.0,50.0,50.0,50.0,50.0,50.0,50.0,50.0,50.0,0.0,0.0,0.0,0.0,1.0,1.0,1.0,1.0,1.0,1.0,1.0,1.0,1.0,1.0,1.0,1.0,0.5,0.5,0.5,0.5
1788446268.294837,961,16.35996999903,7.309653999982402,10698709,1,0.0,0.0,0.0,0.037688136,0.6444956,-1.2164719,-0.0860413,0.6858994,-1.3502252,0.030446678,0.66560215,-1.2102953,-0.09206134,0.6827694,-1.3279039,25.82213,30.21652,-44.881714,-6.822557,0.023253143,-0.038755238,0.020220125,0.019377619,-0.05038181,-0.032352198,0.019377619,0.011626571,0.0080880495,0.034879714,0.019377619,0.0060660373,-0.038755238,0.05813286,-0.015502095,-0.011626571,0.013393782,0.6452684,-1.1586186,-0.06168256,0.6600048,-1.2082982,-8.49762e-05,0.65412796,-1.0896078,-0.04419748,0.7215859,-1.2249051,0.0,0.0,0.0,0.0,0.0,0.0,0.0,0.0,0.0,0.0,0.0,0.0,0.0,0.0,0.0,0.0,-0.4768959,-0.5639057,-0.20921014,0.8453815,50.0,50.0,50.0,50.0,50.0,50.0,50.0,50.0,50.0,50.0,50.0,50.0,0.0,0.0,0.0,0.0,1.0,1.0,1.0,1.0,1.0,1.0,1.0,1.0,1.0,1.0,1.0,1.0,0.5,0.5,0.5,0.5
1788446268.3128788,962,14.331406000565039,4.785860999618308,10698730,1,0.0,0.0,0.0,0.037627578,0.64488924,-1.217325,-0.08640463,0.6851424,-1.3500355,0.030325562,0.6630589,-1.2098056,-0.091909945,0.68301165,-1.3283145,25.821829,30.217064,-44.881683,-6.821255,-0.011626571,-0.046506286,-0.0060660373,-0.015502095,-0.06975943,0.018198112,-0.0077510476,-0.038755238,0.032352198,0.011626571,0.027128667,-0.036396224,0.011626571,0.08526152,-0.027128667,0.046506286,0.014016229,0.6440987,-1.1561599,-0.056254596,0.6581517,-1.2076253,-0.00036633434,0.65916526,-1.0998632,-0.04970892,0.71742886,-1.2139522,0.0,0.0,0.0,0.0,0.0,0.0,0.0,0.0,0.0,0.0,0.0,0.0,0.0,0.0,0.0,0.0,-0.96684885,-0.27781692,-0.23150232,0.6282124,50.0,50.0,50.0,50.0,50.0,50.0,50.0,50.0,50.0,50.0,50.0,50.0,0.0,0.0,0.0,0.0,1.0,1.0,1.0,1.0,1.0,1.0,1.0,1.0,1.0,1.0,1.0,1.0,0.5,0.5,0.5,0.5
1788446268.3348198,963,16.20153899966681,6.603514000744326,10698750,1,0.0,0.0,0.0,0.0375973,0.6458279,-1.2174988,-0.08646519,0.68523324,-1.3500829,0.03035584,0.6625744,-1.2094581,-0.091909945,0.68283,-1.3283145,25.820677,30.21779,-44.88117,-6.8205585,0.05038181,0.0,-0.03437421,0.023253143,0.0,0.0020220124,-0.038755238,-0.027128667,0.014154087,0.0077510476,0.0,-0.030330187,-0.05813286,0.09301257,0.11626572,0.015502095,0.01046305,0.63769716,-1.1435454,-0.050938785,0.6608648,-1.219722,0.0021922218,0.66537505,-1.1162837,-0.05663175,0.7107638,-1.196573,0.0,0.0,0.0,0.0,0.0,0.0,0.0,0.0,0.0,0.0,0.0,0.0,0.0,0.0,0.0,0.0,-1.291882,0.01948595,-0.27878258,0.37910435,50.0,50.0,50.0,50.0,50.0,50.0,50.0,50.0,50.0,50.0,50.0,50.0,0.0,0.0,0.0,0.0,1.0,1.0,1.0,1.0,1.0,1.0,1.0,1.0,1.0,1.0,1.0,1.0,0.5,0.5,0.5,0.5
1788446268.3547723,964,16.079683000498335,5.430944000181626,10698770,1,0.0,0.0,0.0,0.037718415,0.6460701,-1.2176251,-0.0860413,0.6848396,-1.3500514,0.03035584,0.66296804,-1.2094897,-0.09203106,0.68270886,-1.3281409,25.81871,30.218851,-44.880535,-6.8206496,0.08913705,-0.0077510476,0.0040440247,-0.023253143,0.0,-0.020220125,-0.04263076,0.0,0.0,0.0,0.05813286,-0.0080880495,-0.10851467,0.13564333,-0.019377619,0.04263076,0.006385405,0.62730706,-1.1267207,-0.046720635,0.6669699,-1.2332739,0.0040469132,0.6723975,-1.1338444,-0.06003069,0.70130473,-1.1849011,0.0,0.0,0.0,0.0,0.0,0.0,0.0,0.0,0.0,0.0,0.0,0.0,0.0,0.0,0.0,0.0,-1.3030826,0.16919978,-0.40574682,0.11079952,50.0,50.0,50.0,50.0,50.0,50.0,50.0,50.0,50.0,50.0,50.0,50.0,0.0,0.0,0.0,0.0,1.0,1.0,1.0,1.0,1.0,1.0,1.0,1.0,1.0,1.0,1.0,1.0,0.5,0.5,0.5,0.5
1788446268.3747897,965,16.02573200034385,5.954653999651782,10698790,1,0.0,0.0,0.0,0.037778974,0.64573705,-1.2173566,-0.08531464,0.68493044,-1.350146,0.030325562,0.66396713,-1.2096319,-0.092606366,0.68243635,-1.3276669,25.816984,30.220243,-44.880745,-6.8208613,0.06975943,-0.06975943,0.0040440247,0.06975943,0.0,-0.018198112,-0.05813286,-0.0038755238,0.02426415,-0.038755238,0.027128667,-0.014154087,-0.12789229,0.10463915,-0.065883905,0.05813286,0.0036400175,0.61932975,-1.1175237,-0.04325538,0.67809975,-1.2392132,0.005271418,0.6744849,-1.1507,-0.062937036,0.6985413,-1.170855,0.0,0.0,0.0,0.0,0.0,0.0,0.0,0.0,0.0,0.0,0.0,0.0,0.0,0.0,0.0,0.0,-1.0942097,0.021292865,-0.39191377,-0.06833194,50.0,50.0,50.0,50.0,50.0,50.0,50.0,50.0,50.0,50.0,50.0,50.0,0.0,0.0,0.0,0.0,1.0,1.0,1.0,1.0,1.0,1.0,1.0,1.0,1.0,1.0,1.0,1.0,0.5,0.5,0.5,0.5
1788446268.3961916,966,16.65478399991116,6.051133001164999,10698810,1,0.0,0.0,0.0,0.03786981,0.6445259,-1.216314,-0.08446687,0.6852938,-1.3502884,0.030325562,0.66523886,-1.2102005,-0.09287888,0.68216383,-1.3273352,25.816076,30.222788,-44.88132,-6.821134,0.09301257,-0.08526152,0.0485283,0.05813286,0.046506286,-0.0020220124,-0.015502095,-0.05813286,-0.02426415,0.03100419,0.038755238,-0.0040440247,-0.038755238,0.12401676,-0.07363495,0.038755238,0.0036125584,0.6160847,-1.1154568,-0.043966405,0.6847872,-1.2451609,0.0073761004,0.6754225,-1.1562048,-0.061525263,0.69576156,-1.1664717,0.0,0.0,0.0,0.0,0.0,0.0,0.0,0.0,0.0,0.0,0.0,0.0,0.0,0.0,0.0,0.0,-0.7132343,-0.27431327,-0.37571532,-0.102805644,50.0,50.0,50.0,50.0,50.0,50.0,50.0,50.0,50.0,50.0,50.0,50.0,0.0,0.0,0.0,0.0,1.0,1.0,1.0,1.0,1.0,1.0,1.0,1.0,1.0,1.0,1.0,1.0,0.5,0.5,0.5,0.5
1788446268.4167914,967,16.801567000584328,6.707194001137395,10698832,1,0.0,0.0,0.0,0.037990928,0.6436782,-1.2160454,-0.083588816,0.6864746,-1.3503199,0.030265018,0.6658444,-1.2108641,-0.093333066,0.6823758,-1.3269719,25.816257,30.224573,-44.882442,-6.821467,0.015502095,-0.05038181,0.020220125,0.05813286,0.011626571,0.0040440247,-0.03100419,0.027128667,0.0060660373,-0.038755238,0.06975943,-0.0060660373,-0.0038755238,0.13564333,-0.077510476,0.03100419,0.004412455,0.61349213,-1.1182789,-0.046414945,0.685809,-1.2415953,0.0076050763,0.6728527,-1.1562995,-0.05885318,0.6982104,-1.1738377,0.0,0.0,0.0,0.0,0.0,0.0,0.0,0.0,0.0,0.0,0.0,0.0,0.0,0.0,0.0,0.0,-0.4149036,-0.7880931,-0.30222267,-0.07314302,50.0,50.0,50.0,50.0,50.0,50.0,50.0,50.0,50.0,50.0,50.0,50.0,0.0,0.0,0.0,0.0,1.0,1.0,1.0,1.0,1.0,1.0,1.0,1.0,1.0,1.0,1.0,1.0,0.5,0.5,0.5,0.5
1788446268.4367712,968,16.245666000031633,7.876818999648094,10698852,1,0.0,0.0,0.0,0.038112044,0.6433754,-1.2159665,-0.083558545,0.6872921,-1.3504462,0.030295283,0.6662985,-1.2109904,-0.093333066,0.68228495,-1.3268455,25.81662,30.224392,-44.883865,-6.8216486,0.09301257,-0.023253143,0.030330187,0.019377619,-0.0077510476,-0.018198112,0.0,0.034879714,-0.0060660373,-0.027128667,-0.034879714,-0.0080880495,-0.027128667,-0.046506286,-0.08913705,0.0,0.007171822,0.61480767,-1.1326258,-0.050738174,0.68464875,-1.228164,0.0059269634,0.66364384,-1.1450053,-0.05369073,0.70625365,-1.1888183,0.0,0.0,0.0,0.0,0.0,0.0,0.0,0.0,0.0,0.0,0.0,0.0,0.0,0.0,0.0,0.0,-0.11636648,-1.2393888,-0.2234909,0.09172417,50.0,50.0,50.0,50.0,50.0,50.0,50.0,50.0,50.0,50.0,50.0,50.0,0.0,0.0,0.0,0.0,1.0,1.0,1.0,1.0,1.0,1.0,1.0,1.0,1.0,1.0,1.0,1.0,0.5,0.5,0.5,0.5
1788446268.4568417,969,16.245378999883542,4.834756000491325,10698872,1,0.0,0.0,0.0,0.038051486,0.6430726,-1.2159665,-0.083770484,0.68750405,-1.3504148,0.03035584,0.6664499,-1.2109904,-0.09315139,0.6823758,-1.3268771,25.817257,30.223604,-44.885803,-6.8217397,0.06200838,-0.023253143,0.0,0.038755238,0.081386,0.018198112,-0.05038181,-0.06200838,-0.0040440247,-0.015502095,0.054257333,0.038418237,0.0,-0.011626571,-0.13564333,0.038755238,0.01079297,0.617906,-1.1494923,-0.05571845,0.67134464,-1.2116864,0.002964463,0.6530938,-1.1253194,-0.048168257,0.71486884,-1.2112423,0.0,0.0,0.0,0.0,0.0,0.0,0.0,0.0,0.0,0.0,0.0,0.0,0.0,0.0,0.0,0.0,0.0654031,-1.4896792,-0.18324691,0.4023808,50.0,50.0,50.0,50.0,50.0,50.0,50.0,50.0,50.0,50.0,50.0,50.0,0.0,0.0,0.0,0.0,1.0,1.0,1.0,1.0,1.0,1.0,1.0,1.0,1.0,1.0,1.0,1.0,0.5,0.5,0.5,0.5
1788446268.4768345,970,16.1699869986478,4.219910999381682,10698892,1,0.0,0.0,0.0,0.03796065,0.6429515,-1.2162508,-0.08443659,0.68762517,-1.3503041,0.030446678,0.6657838,-1.2108957,-0.0926972,0.6826786,-1.327193,25.818043,30.221092,-44.88768,-6.821861,0.05038181,-0.027128667,0.028308174,0.03100419,0.04263076,-0.0040440247,-0.04263076,-0.038755238,0.026286162,-0.03100419,-0.011626571,-0.0020220124,0.015502095,-0.10076362,-0.10851467,0.0,0.012250141,0.6336578,-1.1596186,-0.061382446,0.66117084,-1.2029414,0.0023722423,0.6528942,-1.1028639,-0.042354234,0.7177225,-1.2241158,0.0,0.0,0.0,0.0,0.0,0.0,0.0,0.0,0.0,0.0,0.0,0.0,0.0,0.0,0.0,0.0,0.12361236,-1.3932233,-0.16307549,0.712934,50.0,50.0,50.0,50.0,50.0,50.0,50.0,50.0,50.0,50.0,50.0,50.0,0.0,0.0,0.0,0.0,1.0,1.0,1.0,1.0,1.0,1.0,1.0,1.0,1.0,1.0,1.0,1.0,0.5,0.5,0.5,0.5
1788446268.496747,971,16.016100000342703,5.915006000577705,10698912,1,0.0,0.0,0.0,0.03790009,0.64316344,-1.2169775,-0.08507242,0.6869288,-1.3500514,0.0304164,0.6631194,-1.2105796,-0.092243016,0.68313277,-1.3278881,25.818953,30.21752,-44.88783,-6.821679,0.027128667,0.0,0.0080880495,0.046506286,0.0,0.02426415,-0.11239019,-0.18990067,0.016176099,-0.04263076,-0.054257333,-0.010110063,0.019377619,-0.10076362,0.023253143,-0.046506286,0.012727901,0.64472336,-1.1628333,-0.06399053,0.6471456,-1.1963818,0.0022696,0.6569466,-1.0940455,-0.04004263,0.7168581,-1.2298692,0.0,0.0,0.0,0.0,0.0,0.0,0.0,0.0,0.0,0.0,0.0,0.0,0.0,0.0,0.0,0.0,-0.09232989,-1.0121171,-0.22533897,0.8508694,50.0,50.0,50.0,50.0,50.0,50.0,50.0,50.0,50.0,50.0,50.0,50.0,0.0,0.0,0.0,0.0,1.0,1.0,1.0,1.0,1.0,1.0,1.0,1.0,1.0,1.0,1.0,1.0,0.5,0.5,0.5,0.5
1788446268.5168982,972,16.09571599874471,6.074492999687209,10698932,1,0.0,0.0,0.0,0.037839532,0.64455616,-1.2178305,-0.085708246,0.68623245,-1.3499882,0.03035584,0.6626047,-1.209537,-0.09206134,0.6830722,-1.3281724,25.819225,30.216248,-44.88774,-6.8210735,0.034879714,0.06200838,-0.064704396,0.046506286,0.046506286,0.016176099,-0.027128667,-0.07363495,0.0485283,0.027128667,-0.0038755238,-0.022242136,-0.038755238,0.0077510476,-0.054257333,0.038755238,0.010289005,0.65108657,-1.1508107,-0.06416216,0.64443123,-1.214406,0.0043666363,0.6654288,-1.0926255,-0.04132771,0.70762163,-1.2205719,0.0,0.0,0.0,0.0,0.0,0.0,0.0,0.0,0.0,0.0,0.0,0.0,0.0,0.0,0.0,0.0,-0.50691473,-0.37567246,-0.37563846,0.8294927,50.0,50.0,50.0,50.0,50.0,50.0,50.0,50.0,50.0,50.0,50.0,50.0,0.0,0.0,0.0,0.0,1.0,1.0,1.0,1.0,1.0,1.0,1.0,1.0,1.0,1.0,1.0,1.0,0.5,0.5,0.5,0.5
1788446268.5366852,973,15.11799299987615,5.793566999273025,10698952,1,0.0,0.0,0.0,0.037839532,0.64585817,-1.2184466,-0.08601102,0.6848093,-1.3498619,0.03020446,0.66281664,-1.2092054,-0.09221274,0.6829511,-1.3283461,25.819042,30.216974,-44.88795,-6.8204374,-0.019377619,0.05038181,0.0080880495,-0.015502095,-0.05038181,-0.0040440247,0.0,-0.011626571,0.014154087,-0.06200838,0.04263076,-0.030330187,-0.023253143,0.10851467,-0.07363495,0.015502095,0.009667479,0.64523023,-1.1430765,-0.056517147,0.6536774,-1.2227451,0.0025497954,0.67002654,-1.108491,-0.050489534,0.70519286,-1.2032287,0.0,0.0,0.0,0.0,0.0,0.0,0.0,0.0,0.0,0.0,0.0,0.0,0.0,0.0,0.0,0.0,-0.9133041,0.0013074279,-0.45561734,0.540082,50.0,50.0,50.0,50.0,50.0,50.0,50.0,50.0,50.0,50.0,50.0,50.0,0.0,0.0,0.0,0.0,1.0,1.0,1.0,1.0,1.0,1.0,1.0,1.0,1.0,1.0,1.0,1.0,0.5,0.5,0.5,0.5
1788446268.5620618,974,20.005260999823804,6.099325000832323,10698973,1,0.0,0.0,0.0,0.037809253,0.64773536,-1.2182096,-0.08601102,0.68393135,-1.3500514,0.03020446,0.66454244,-1.2091422,-0.09221274,0.68228495,-1.3282514,25.818165,30.219427,-44.888344,-6.8198924,0.038755238,0.034879714,-0.014154087,0.011626571,-0.027128667,-0.012132075,0.011626571,-0.0077510476,0.02426415,0.054257333,0.0,-0.018198112,-0.05038181,0.1782741,-0.06200838,0.10076362,0.0073459214,0.6338659,-1.1320593,-0.049353212,0.6682474,-1.234198,0.0024100584,0.6698688,-1.1267744,-0.058033705,0.7025744,-1.1811092,0.0,0.0,0.0,0.0,0.0,0.0,0.0,0.0,0.0,0.0,0.0,0.0,0.0,0.0,0.0,0.0,-1.2333366,0.21303453,-0.4016143,0.17034572,50.0,50.0,50.0,50.0,50.0,50.0,50.0,50.0,50.0,50.0,50.0,50.0,0.0,0.0,0.0,0.0,1.0,1.0,1.0,1.0,1.0,1.0,1.0,1.0,1.0,1.0,1.0,1.0,0.5,0.5,0.5,0.5
1788446268.5817285,975,19.01093000014953,4.7529649982607225,10698994,1,0.0,0.0,0.0,0.037809253,0.6470995,-1.2180201,-0.08549631,0.68377995,-1.3501146,0.030113623,0.6657838,-1.209237,-0.092636645,0.68195194,-1.3278564,25.817316,30.222515,-44.890587,-6.8199835,-0.034879714,0.019377619,0.014154087,0.03100419,-0.10076362,-0.016176099,-0.019377619,-0.04263076,0.044484273,0.015502095,0.0,-0.014154087,-0.054257333,0.2092783,-0.21702933,0.03100419,0.006094737,0.61958855,-1.1268554,-0.04357737,0.68430316,-1.2365872,0.0018579103,0.6672347,-1.1430986,-0.06568467,0.7063179,-1.169956,0.0,0.0,0.0,0.0,0.0,0.0,0.0,0.0,0.0,0.0,0.0,0.0,0.0,0.0,0.0,0.0,-1.2232064,0.019601434,-0.32100675,-0.13904604,50.0,50.0,50.0,50.0,50.0,50.0,50.0,50.0,50.0,50.0,50.0,50.0,0.0,0.0,0.0,0.0,1.0,1.0,1.0,1.0,1.0,1.0,1.0,1.0,1.0,1.0,1.0,1.0,0.5,0.5,0.5,0.5
1788446268.6228344,976,32.8400349990261,11.922907999178278,10699020,1,0.0,0.0,0.0,0.037839532,0.645404,-1.217404,-0.084618255,0.68408275,-1.3503041,0.030143902,0.6662985,-1.2095845,-0.09290916,0.6816794,-1.3272088,25.816196,30.227148,-44.895824,-6.820498,-0.019377619,0.023253143,0.0060660373,0.0077510476,0.0077510476,-0.012132075,-0.034879714,0.019377619,0.030330187,-0.0077510476,0.05038181,-0.020220125,-0.054257333,0.13176781,-0.162772,0.038755238,0.0045138937,0.613552,-1.1227974,-0.041370444,0.6848844,-1.2348046,0.003703121,0.66886294,-1.1570609,-0.06616961,0.7021518,-1.1643423,0.0,0.0,0.0,0.0,0.0,0.0,0.0,0.0,0.0,0.0,0.0,0.0,0.0,0.0,0.0,0.0,-0.9651382,-0.3348634,-0.2733332,-0.256478,50.0,50.0,50.0,50.0,50.0,50.0,50.0,50.0,50.0,50.0,50.0,50.0,0.0,0.0,0.0,0.0,1.0,1.0,1.0,1.0,1.0,1.0,1.0,1.0,1.0,1.0,1.0,1.0,0.5,0.5,0.5,0.5
1788446268.6386578,977,14.49930799935828,4.249256000548485,10699056,1,0.0,0.0,0.0,0.03793037,0.64370847,-1.2170248,-0.08407326,0.6859902,-1.3503357,0.030143902,0.66623795,-1.2103428,-0.09330279,0.6822244,-1.3268771,25.816196,30.228086,-44.896915,-6.823617,-0.015502095,-0.034879714,-0.0040440247,0.011626571,0.038755238,-0.030330187,-0.015502095,-0.04263076,0.020220125,-0.038755238,0.096888095,-0.0485283,-0.05038181,0.10076362,0.04263076,-0.096888095,0.004226588,0.6122248,-1.1225562,-0.04413635,0.6859206,-1.2362001,0.0057224077,0.670357,-1.1562164,-0.06369547,0.69913405,-1.1705909,0.0,0.0,0.0,0.0,0.0,0.0,0.0,0.0,0.0,0.0,0.0,0.0,0.0,0.0,0.0,0.0,-0.57190216,-0.8531302,-0.19927703,-0.28835464,50.0,50.0,50.0,50.0,50.0,50.0,50.0,50.0,50.0,50.0,50.0,50.0,0.0,0.0,0.0,0.0,1.0,1.0,1.0,1.0,1.0,1.0,1.0,1.0,1.0,1.0,1.0,1.0,0.5,0.5,0.5,0.5
1788446268.6588333,978,14.345326000693603,5.984158000501338,10699075,1,0.0,0.0,0.0,0.03796065,0.6428304,-1.2167248,-0.08367965,0.6861719,-1.3503199,0.030143902,0.66635907,-1.2108641,-0.0934239,0.6822547,-1.3267665,25.816378,30.227602,-44.896946,-6.8241315,0.0,-0.09301257,0.046506286,0.0038755238,0.019377619,0.0080880495,-0.10076362,-0.04263076,0.04044025,-0.03100419,0.05813286,-0.030330187,-0.0038755238,-0.0077510476,0.015502095,0.034879714,0.004967663,0.614771,-1.1283574,-0.048758842,0.6786439,-1.2263467,0.0061244923,0.6690502,-1.1485794,-0.05747764,0.70150346,-1.1837423,0.0,0.0,0.0,0.0,0.0,0.0,0.0,0.0,0.0,0.0,0.0,0.0,0.0,0.0,0.0,0.0,-0.18959945,-1.3175082,-0.13987234,-0.08767318,50.0,50.0,50.0,50.0,50.0,50.0,50.0,50.0,50.0,50.0,50.0,50.0,0.0,0.0,0.0,0.0,1.0,1.0,1.0,1.0,1.0,1.0,1.0,1.0,1.0,1.0,1.0,1.0,0.5,0.5,0.5,0.5
1788446268.678794,979,14.234317999580526,5.914366000070004,10699096,1,0.0,0.0,0.0,0.03796065,0.64240646,-1.2166773,-0.083770484,0.68656546,-1.3503516,0.03020446,0.66651046,-1.2108641,-0.09348446,0.6821941,-1.3267981,25.817104,30.226118,-44.896854,-6.824101,0.0,-0.13176781,0.016176099,0.0,0.0077510476,-0.018198112,0.046506286,0.0038755238,-0.0060660373,0.019377619,0.034879714,-0.02426415,0.019377619,-0.10463915,0.0,0.09301257,0.0054461383,0.62578666,-1.1305629,-0.057299435,0.6724595,-1.2278911,0.0074494886,0.6680534,-1.1323754,-0.048656266,0.701799,-1.1979083,0.0,0.0,0.0,0.0,0.0,0.0,0.0,0.0,0.0,0.0,0.0,0.0,0.0,0.0,0.0,0.0,0.10754742,-1.5688517,-0.15603118,0.2165347,50.0,50.0,50.0,50.0,50.0,50.0,50.0,50.0,50.0,50.0,50.0,50.0,0.0,0.0,0.0,0.0,1.0,1.0,1.0,1.0,1.0,1.0,1.0,1.0,1.0,1.0,1.0,1.0,0.5,0.5,0.5,0.5
1788446268.6988091,980,14.180750999003067,4.048105000038049,10699116,1,0.0,0.0,0.0,0.03793037,0.6423459,-1.2167089,-0.08404298,0.68635356,-1.3502567,0.030083343,0.6664499,-1.210785,-0.093363345,0.68228495,-1.3269876,25.817831,30.223907,-44.896763,-6.82398,0.0,-0.06200838,-0.012132075,0.077510476,0.05038181,0.0060660373,-0.06975943,-0.023253143,0.020220125,-0.038755238,0.034879714,-0.0040440247,0.03100419,-0.15889648,-0.027128667,0.019377619,0.0092838835,0.6320799,-1.1429935,-0.06215452,0.661581,-1.2175484,0.005381524,0.6641939,-1.1171334,-0.043484394,0.7071047,-1.2113245,0.0,0.0,0.0,0.0,0.0,0.0,0.0,0.0,0.0,0.0,0.0,0.0,0.0,0.0,0.0,0.0,0.11321921,-1.6303623,-0.13778402,0.5082882,50.0,50.0,50.0,50.0,50.0,50.0,50.0,50.0,50.0,50.0,50.0,50.0,0.0,0.0,0.0,0.0,1.0,1.0,1.0,1.0,1.0,1.0,1.0,1.0,1.0,1.0,1.0,1.0,0.5,0.5,0.5,0.5
1788446268.7202542,981,15.553670998997404,5.95772600172495,10699136,1,0.0,0.0,0.0,0.037809253,0.643224,-1.2167089,-0.08498158,0.68620217,-1.3502884,0.03017418,0.66635907,-1.2105796,-0.09287888,0.6822547,-1.327351,25.818468,30.220455,-44.896763,-6.8235865,-0.027128667,-0.046506286,0.026286162,-0.046506286,0.09301257,-0.032352198,0.04263076,0.011626571,0.0,0.0,0.011626571,0.032352198,0.034879714,-0.25190905,0.0077510476,0.038755238,0.012153183,0.63394886,-1.1528106,-0.06345639,0.65776646,-1.2112159,0.0010926556,0.6560264,-1.1033978,-0.0420373,0.71474355,-1.2239201,0.0,0.0,0.0,0.0,0.0,0.0,0.0,0.0,0.0,0.0,0.0,0.0,0.0,0.0,0.0,0.0,-0.12984894,-1.4479476,-0.15604527,0.6504519,50.0,50.0,50.0,50.0,50.0,50.0,50.0,50.0,50.0,50.0,50.0,50.0,0.0,0.0,0.0,0.0,1.0,1.0,1.0,1.0,1.0,1.0,1.0,1.0,1.0,1.0,1.0,1.0,0.5,0.5,0.5,0.5
1788446268.7409084,982,16.136995000124443,4.058185000758385,10699156,1,0.0,0.0,0.0,0.037748694,0.64389014,-1.2169932,-0.085859634,0.68550575,-1.3501935,0.030143902,0.6660563,-1.2102164,-0.09251553,0.6822244,-1.3277775,25.818588,30.217064,-44.89667,-6.8231325,0.081386,0.054257333,0.0485283,-0.019377619,0.019377619,-0.03437421,-0.023253143,-0.011626571,-0.022242136,0.054257333,0.0038755238,-0.030330187,-0.04263076,-0.011626571,0.10076362,0.019377619,0.012466033,0.64088243,-1.1545932,-0.063344456,0.6512875,-1.207324,0.0018520784,0.658943,-1.0975809,-0.042093482,0.7155388,-1.227589,0.0,0.0,0.0,0.0,0.0,0.0,0.0,0.0,0.0,0.0,0.0,0.0,0.0,0.0,0.0,0.0,-0.41337693,-1.020111,-0.112656444,0.77302504,50.0,50.0,50.0,50.0,50.0,50.0,50.0,50.0,50.0,50.0,50.0,50.0,0.0,0.0,0.0,0.0,1.0,1.0,1.0,1.0,1.0,1.0,1.0,1.0,1.0,1.0,1.0,1.0,0.5,0.5,0.5,0.5
1788446268.7589338,983,13.014804999329499,6.513659000120242,10699178,1,0.0,0.0,0.0,0.037627578,0.64401126,-1.2175461,-0.08616241,0.684991,-1.3501146,0.03017418,0.6641185,-1.2096002,-0.09218246,0.6823455,-1.328125,25.818438,30.216309,-44.89664,-6.822981,-0.015502095,-0.03100419,-0.016176099,0.06975943,0.05813286,0.0080880495,-0.011626571,-0.08913705,0.052572325,-0.04263076,0.03100419,-0.0040440247,-0.038755238,0.038755238,-0.034879714,0.015502095,0.013278446,0.6403106,-1.1541812,-0.059402358,0.6525155,-1.2074194,0.00010674726,0.6586125,-1.0978862,-0.0462213,0.71672344,-1.222237,0.0,0.0,0.0,0.0,0.0,0.0,0.0,0.0,0.0,0.0,0.0,0.0,0.0,0.0,0.0,0.0,-0.8494196,-0.5453489,-0.20428345,0.6705029,50.0,50.0,50.0,50.0,50.0,50.0,50.0,50.0,50.0,50.0,50.0,50.0,0.0,0.0,0.0,0.0,1.0,1.0,1.0,1.0,1.0,1.0,1.0,1.0,1.0,1.0,1.0,1.0,0.5,0.5,0.5,0.5
1788446268.7836385,984,17.151998001281754,5.909150999286794,10699198,1,0.0,0.0,0.0,0.037657857,0.6449195,-1.2176883,-0.0863138,0.68381023,-1.3500514,0.03023474,0.6641488,-1.2094738,-0.0921219,0.68216383,-1.3281409,25.818165,30.217186,-44.896156,-6.8228297,0.06975943,-0.019377619,0.0,0.015502095,0.0,-0.016176099,-0.04263076,-0.034879714,0.020220125,-0.038755238,0.027128667,0.0020220124,0.019377619,0.06975943,0.019377619,0.0,0.010530256,0.64114726,-1.1451051,-0.054393776,0.6535306,-1.2135276,0.0027389615,0.66640896,-1.1121367,-0.05174595,0.70980746,-1.2054542,0.0,0.0,0.0,0.0,0.0,0.0,0.0,0.0,0.0,0.0,0.0,0.0,0.0,0.0,0.0,0.0,-1.0562559,-0.093756765,-0.29813397,0.5708955,50.0,50.0,50.0,50.0,50.0,50.0,50.0,50.0,50.0,50.0,50.0,50.0,0.0,0.0,0.0,0.0,1.0,1.0,1.0,1.0,1.0,1.0,1.0,1.0,1.0,1.0,1.0,1.0,0.5,0.5,0.5,0.5
1788446268.8049042,985,18.348278001212748,6.031325001458754,10699218,1,0.0,0.0,0.0,0.037748694,0.64488924,-1.217799,-0.085950464,0.68347716,-1.3500197,0.03017418,0.6641185,-1.2094581,-0.092243016,0.68216383,-1.328125,25.817347,30.21864,-44.89634,-6.8228297,0.027128667,-0.019377619,-0.0080880495,0.065883905,-0.03100419,-0.022242136,-0.015502095,-0.05038181,0.02426415,-0.038755238,0.015502095,0.016176099,-0.06200838,0.06975943,-0.0038755238,0.065883905,0.007903131,0.63450056,-1.1332976,-0.0497757,0.66556495,-1.2278209,0.0034913039,0.6719436,-1.1273085,-0.057055045,0.70222956,-1.1862861,0.0,0.0,0.0,0.0,0.0,0.0,0.0,0.0,0.0,0.0,0.0,0.0,0.0,0.0,0.0,0.0,-1.2216913,0.07006548,-0.35151726,0.20757034,50.0,50.0,50.0,50.0,50.0,50.0,50.0,50.0,50.0,50.0,50.0,50.0,0.0,0.0,0.0,0.0,1.0,1.0,1.0,1.0,1.0,1.0,1.0,1.0,1.0,1.0,1.0,1.0,0.5,0.5,0.5,0.5
1788446268.8247435,986,17.925400999956764,6.150397000965313,10699238,1,0.0,0.0,0.0,0.03786981,0.64485896,-1.217704,-0.08534492,0.6832955,-1.3500514,0.03020446,0.6656627,-1.2095529,-0.09251553,0.6818308,-1.3278564,25.816923,30.220093,-44.89646,-6.82286,0.05038181,0.0,0.0485283,0.12014124,0.038755238,-0.0080880495,0.0,-0.023253143,0.014154087,-0.0077510476,0.04263076,-0.028308174,-0.096888095,0.08526152,-0.0077510476,-0.038755238,0.0061236015,0.62066305,-1.1214578,-0.044530928,0.679319,-1.2389503,0.004107184,0.67238176,-1.142214,-0.063024186,0.70262873,-1.1757408,0.0,0.0,0.0,0.0,0.0,0.0,0.0,0.0,0.0,0.0,0.0,0.0,0.0,0.0,0.0,0.0,-1.2332604,-0.016909614,-0.32050577,-0.005326271,50.0,50.0,50.0,50.0,50.0,50.0,50.0,50.0,50.0,50.0,50.0,50.0,0.0,0.0,0.0,0.0,1.0,1.0,1.0,1.0,1.0,1.0,1.0,1.0,1.0,1.0,1.0,1.0,0.5,0.5,0.5,0.5
1788446268.8468714,987,19.37918400108174,0.9282499995606486,10699258,1,0.0,0.0,0.0,0.03790009,0.64431393,-1.2172143,-0.084678814,0.683568,-1.3501778,0.03020446,0.6662985,-1.209774,-0.09287888,0.6813464,-1.3273352,25.816257,30.222788,-44.897095,-6.8232837,-0.03100419,-0.04263076,0.0485283,0.07363495,-0.0077510476,0.028308174,-0.0077510476,-0.10076362,-0.0040440247,-0.12014124,-0.027128667,-0.020220125,-0.038755238,0.096888095,-0.10851467,0.05038181,0.0049759075,0.6137882,-1.1198965,-0.042898465,0.6855978,-1.2380059,0.0043851635,0.67181104,-1.154927,-0.064692564,0.70080125,-1.170361,0.0,0.0,0.0,0.0,0.0,0.0,0.0,0.0,0.0,0.0,0.0,0.0,0.0,0.0,0.0,0.0,-0.96220064,-0.346856,-0.32630774,-0.15746725,50.0,50.0,50.0,50.0,50.0,50.0,50.0,50.0,50.0,50.0,50.0,50.0,0.0,0.0,0.0,0.0,1.0,1.0,1.0,1.0,1.0,1.0,1.0,1.0,1.0,1.0,1.0,1.0,0.5,0.5,0.5,0.5
1788446268.8700807,988,22.121793001133483,4.884707999735838,10699278,1,0.0,0.0,0.0,0.038081765,0.6428304,-1.2165035,-0.08389159,0.6851424,-1.3503673,0.03020446,0.6663288,-1.2103585,-0.09312111,0.68146753,-1.3271614,25.816076,30.224483,-44.89743,-6.823526,0.06200838,-0.06200838,0.088968545,0.12014124,0.10463915,-0.014154087,-0.038755238,-0.023253143,-0.0020220124,-0.03100419,0.065883905,-0.030330187,-0.027128667,0.046506286,0.011626571,-0.023253143,0.004870331,0.6121261,-1.1193525,-0.045258883,0.68501264,-1.2393079,0.006805132,0.67167795,-1.1541392,-0.06120432,0.6989856,-1.1727101,0.0,0.0,0.0,0.0,0.0,0.0,0.0,0.0,0.0,0.0,0.0,0.0,0.0,0.0,0.0,0.0,-0.6537423,-0.7794113,-0.2576861,-0.10809161,50.0,50.0,50.0,50.0,50.0,50.0,50.0,50.0,50.0,50.0,50.0,50.0,0.0,0.0,0.0,0.0,1.0,1.0,1.0,1.0,1.0,1.0,1.0,1.0,1.0,1.0,1.0,1.0,0.5,0.5,0.5,0.5
1788446268.8868735,989,16.133058999912464,5.957373999990523,10699302,1,0.0,0.0,0.0,0.038112044,0.64189184,-1.2164246,-0.083619095,0.68608105,-1.3503516,0.030113623,0.6662985,-1.2108798,-0.093393624,0.6815886,-1.3270508,25.816288,30.22412,-44.897457,-6.8237076,-0.03100419,-0.12401676,-0.0080880495,0.0038755238,0.04263076,-0.030330187,-0.12789229,-0.034879714,0.050550308,-0.06200838,0.08526152,-0.06268239,0.019377619,-0.10076362,-0.023253143,0.023253143,0.0076395795,0.614164,-1.1331733,-0.048316028,0.6812301,-1.2238489,0.0054340623,0.6654195,-1.1471436,-0.057926923,0.7055866,-1.1845695,0.0,0.0,0.0,0.0,0.0,0.0,0.0,0.0,0.0,0.0,0.0,0.0,0.0,0.0,0.0,0.0,-0.3145447,-1.357142,-0.19825928,-0.043302402,50.0,50.0,50.0,50.0,50.0,50.0,50.0,50.0,50.0,50.0,50.0,50.0,0.0,0.0,0.0,0.0,1.0,1.0,1.0,1.0,1.0,1.0,1.0,1.0,1.0,1.0,1.0,1.0,0.5,0.5,0.5,0.5
1788446268.9068084,990,15.99594000072102,4.302150999137666,10699322,1,0.0,0.0,0.0,0.038112044,0.6414982,-1.2163771,-0.083740205,0.6861416,-1.3503673,0.03020446,0.6663288,-1.2108641,-0.09330279,0.68152803,-1.3270351,25.81662,30.223423,-44.897457,-6.823738,0.027128667,-0.011626571,0.0060660373,0.023253143,0.0038755238,-0.022242136,-0.06200838,-0.011626571,0.0485283,-0.0077510476,0.038755238,0.010110063,0.038755238,-0.07363495,-0.03100419,0.034879714,0.007980562,0.6202557,-1.1406863,-0.05537295,0.6697452,-1.2156638,0.004850657,0.6597451,-1.1293168,-0.049890716,0.70800453,-1.2028148,0.0,0.0,0.0,0.0,0.0,0.0,0.0,0.0,0.0,0.0,0.0,0.0,0.0,0.0,0.0,0.0,-0.0109367445,-1.5185714,-0.1645756,0.23042612,50.0,50.0,50.0,50.0,50.0,50.0,50.0,50.0,50.0,50.0,50.0,50.0,0.0,0.0,0.0,0.0,1.0,1.0,1.0,1.0,1.0,1.0,1.0,1.0,1.0,1.0,1.0,1.0,0.5,0.5,0.5,0.5
1788446268.9307723,991,19.2115690006176,6.003772999974899,10699342,1,0.0,0.0,0.0,0.038081765,0.6413468,-1.2166141,-0.08407326,0.6861416,-1.3502252,0.03020446,0.6658141,-1.2108325,-0.09312111,0.68174,-1.3272246,25.8175,30.220608,-44.897278,-6.8237987,0.019377619,-0.0077510476,0.026286162,0.081386,0.011626571,-0.044484273,-0.06200838,-0.046506286,0.0020220124,0.038755238,-0.0077510476,-0.032352198,-0.038755238,-0.2092783,0.0,-0.015502095,0.010917873,0.6311034,-1.1497333,-0.062368605,0.6617017,-1.2105653,0.004388671,0.6585553,-1.1073551,-0.043293674,0.71192676,-1.2178482,0.0,0.0,0.0,0.0,0.0,0.0,0.0,0.0,0.0,0.0,0.0,0.0,0.0,0.0,0.0,0.0,0.01177609,-1.485408,-0.11581611,0.5169242,50.0,50.0,50.0,50.0,50.0,50.0,50.0,50.0,50.0,50.0,50.0,50.0,0.0,0.0,0.0,0.0,1.0,1.0,1.0,1.0,1.0,1.0,1.0,1.0,1.0,1.0,1.0,1.0,0.5,0.5,0.5,0.5
1788446268.946777,992,14.680587000839296,4.043016999276006,10699364,1,0.0,0.0,0.0,0.03796065,0.6416496,-1.2167879,-0.084769644,0.685748,-1.3501619,0.03020446,0.66466355,-1.2105323,-0.0926972,0.6818611,-1.3276827,25.818195,30.216368,-44.897034,-6.823496,0.011626571,-0.06200838,0.012132075,0.077510476,0.011626571,-0.0485283,-0.05038181,-0.011626571,0.020220125,0.0,0.015502095,-0.038418237,-0.038755238,-0.12401676,0.027128667,0.065883905,0.01082078,0.64200824,-1.1485131,-0.06598319,0.6536444,-1.2111796,0.0044790176,0.6626944,-1.0972954,-0.03955892,0.7117184,-1.2257798,0.0,0.0,0.0,0.0,0.0,0.0,0.0,0.0,0.0,0.0,0.0,0.0,0.0,0.0,0.0,0.0,-0.1917521,-1.216024,-0.19905649,0.7343726,50.0,50.0,50.0,50.0,50.0,50.0,50.0,50.0,50.0,50.0,50.0,50.0,0.0,0.0,0.0,0.0,1.0,1.0,1.0,1.0,1.0,1.0,1.0,1.0,1.0,1.0,1.0,1.0,0.5,0.5,0.5,0.5
1788446268.9667003,993,14.190222998877289,5.851230000189389,10699384,1,0.0,0.0,0.0,0.03796065,0.6430423,-1.2172776,-0.08552658,0.6852635,-1.3500987,0.03020446,0.6640277,-1.2095845,-0.09242469,0.68192166,-1.3280302,25.818346,30.214855,-44.896793,-6.8232837,0.0077510476,0.081386,-0.0060660373,0.0,0.06200838,-0.014154087,0.065883905,-0.08526152,0.038418237,0.0,-0.027128667,0.012132075,-0.04263076,-0.015502095,-0.0038755238,0.0,0.011441727,0.6453395,-1.1496958,-0.06428259,0.64882946,-1.218524,0.0035246331,0.66470075,-1.0982652,-0.041180182,0.7056456,-1.219187,0.0,0.0,0.0,0.0,0.0,0.0,0.0,0.0,0.0,0.0,0.0,0.0,0.0,0.0,0.0,0.0,-0.51069015,-0.8381574,-0.32425892,0.67416716,50.0,50.0,50.0,50.0,50.0,50.0,50.0,50.0,50.0,50.0,50.0,50.0,0.0,0.0,0.0,0.0,1.0,1.0,1.0,1.0,1.0,1.0,1.0,1.0,1.0,1.0,1.0,1.0,0.5,0.5,0.5,0.5
1788446268.988896,994,16.31948999965971,5.9328300012566615,10699403,1,0.0,0.0,0.0,0.03790009,0.6442838,-1.2173408,-0.08601102,0.6841736,-1.3500829,0.030143902,0.6644516,-1.2093475,-0.092273295,0.68180054,-1.328204,25.818165,30.214914,-44.896885,-6.8227386,0.05813286,0.027128667,0.016176099,0.027128667,0.038755238,0.0040440247,-0.05038181,0.046506286,0.016176099,0.054257333,0.015502095,0.010110063,-0.06975943,0.06200838,-0.09301257,-0.015502095,0.012352505,0.6382002,-1.1510979,-0.05644435,0.65644723,-1.2146411,0.0007781191,0.66165185,-1.1051092,-0.050192967,0.7126592,-1.207591,0.0,0.0,0.0,0.0,0.0,0.0,0.0,0.0,0.0,0.0,0.0,0.0,0.0,0.0,0.0,0.0,-0.93094516,-0.3843179,-0.2631646,0.51967776,50.0,50.0,50.0,50.0,50.0,50.0,50.0,50.0,50.0,50.0,50.0,50.0,0.0,0.0,0.0,0.0,1.0,1.0,1.0,1.0,1.0,1.0,1.0,1.0,1.0,1.0,1.0,1.0,0.5,0.5,0.5,0.5
1788446269.0146904,995,22.038561999579542,8.293713000966818,10699424,1,0.0,0.0,0.0,0.037778974,0.6447984,-1.2173566,-0.08613213,0.6835377,-1.3501619,0.03020446,0.66508746,-1.2093633,-0.09221274,0.6812556,-1.3281409,25.817772,30.21549,-44.897156,-6.822557,0.0,-0.0077510476,0.0020220124,0.034879714,-0.019377619,-0.026286162,0.011626571,-0.054257333,-0.028308174,0.015502095,0.038755238,0.02426415,-0.03100419,0.08913705,-0.04263076,0.034879714,0.010900599,0.63268816,-1.1452965,-0.050346673,0.66735834,-1.2173551,-1.8929131e-05,0.6611805,-1.1165812,-0.05718873,0.71277815,-1.1942335,0.0,0.0,0.0,0.0,0.0,0.0,0.0,0.0,0.0,0.0,0.0,0.0,0.0,0.0,0.0,0.0,-1.1682388,-0.14030215,-0.2389843,0.28383645,50.0,50.0,50.0,50.0,50.0,50.0,50.0,50.0,50.0,50.0,50.0,50.0,0.0,0.0,0.0,0.0,1.0,1.0,1.0,1.0,1.0,1.0,1.0,1.0,1.0,1.0,1.0,1.0,0.5,0.5,0.5,0.5
1788446269.0380366,996,21.733028001108323,5.924190001678653,10699446,1,0.0,0.0,0.0,0.037839532,0.64440477,-1.2174197,-0.08567797,0.683568,-1.3500987,0.03020446,0.6647544,-1.2093791,-0.09242469,0.68131614,-1.3279039,25.817135,30.217337,-44.897095,-6.8227386,0.05813286,0.0038755238,0.012132075,0.046506286,0.038755238,0.014154087,0.0077510476,-0.03100419,0.0080880495,-0.027128667,-0.0038755238,0.0,-0.05813286,0.17439857,-0.011626571,0.038755238,0.008009168,0.62827724,-1.1335758,-0.04703909,0.66979617,-1.2274739,0.0031951994,0.6680049,-1.1307229,-0.060434267,0.70567113,-1.1841117,0.0,0.0,0.0,0.0,0.0,0.0,0.0,0.0,0.0,0.0,0.0,0.0,0.0,0.0,0.0,0.0,-1.253284,-0.026160926,-0.28786197,0.1423163,50.0,50.0,50.0,50.0,50.0,50.0,50.0,50.0,50.0,50.0,50.0,50.0,0.0,0.0,0.0,0.0,1.0,1.0,1.0,1.0,1.0,1.0,1.0,1.0,1.0,1.0,1.0,1.0,0.5,0.5,0.5,0.5
1788446269.056823,997,18.10322600067593,4.072552999787149,10699469,1,0.0,0.0,0.0,0.03793037,0.64401126,-1.2174672,-0.08504214,0.6839919,-1.3501146,0.030113623,0.6646333,-1.2095054,-0.09272748,0.681407,-1.3276353,25.816772,30.219275,-44.897095,-6.8230414,0.09301257,-0.046506286,-0.016176099,0.09301257,0.07363495,0.028308174,-0.081386,-0.05813286,0.016176099,-0.065883905,0.081386,-0.032352198,-0.0038755238,0.034879714,-0.011626571,-0.03100419,0.0063890503,0.6201916,-1.1250083,-0.04387859,0.6730365,-1.2314483,0.00478929,0.6729959,-1.1458713,-0.061964557,0.70030445,-1.1777313,0.0,0.0,0.0,0.0,0.0,0.0,0.0,0.0,0.0,0.0,0.0,0.0,0.0,0.0,0.0,0.0,-1.0955311,-0.19058007,-0.32101497,-0.04800873,50.0,50.0,50.0,50.0,50.0,50.0,50.0,50.0,50.0,50.0,50.0,50.0,0.0,0.0,0.0,0.0,1.0,1.0,1.0,1.0,1.0,1.0,1.0,1.0,1.0,1.0,1.0,1.0,0.5,0.5,0.5,0.5
1788446269.0762775,998,17.488092000348843,6.058621000192943,10699490,1,0.0,0.0,0.0,0.03796065,0.64361763,-1.217088,-0.08437604,0.6842341,-1.3501935,0.03020446,0.66532964,-1.2097108,-0.0928486,0.68128586,-1.3273194,25.816347,30.219458,-44.897125,-6.823314,-0.038755238,-0.038755238,0.020220125,0.05813286,0.027128667,0.0060660373,-0.034879714,-0.027128667,0.030330187,0.0077510476,0.054257333,-0.0060660373,-0.046506286,0.0077510476,-0.077510476,0.011626571,0.0038262843,0.6164684,-1.1188828,-0.045353882,0.6813541,-1.2385455,0.0061632865,0.67377716,-1.1504376,-0.06176386,0.6972525,-1.1740539,0.0,0.0,0.0,0.0,0.0,0.0,0.0,0.0,0.0,0.0,0.0,0.0,0.0,0.0,0.0,0.0,-0.78913516,-0.47262698,-0.3451735,-0.16938645,50.0,50.0,50.0,50.0,50.0,50.0,50.0,50.0,50.0,50.0,50.0,50.0,0.0,0.0,0.0,0.0,1.0,1.0,1.0,1.0,1.0,1.0,1.0,1.0,1.0,1.0,1.0,1.0,0.5,0.5,0.5,0.5
1788446269.096853,999,16.917631999604055,6.044124998879852,10699512,1,0.0,0.0,0.0,0.038081765,0.6424973,-1.2166299,-0.08380076,0.68493044,-1.3502094,0.03020446,0.6661774,-1.2104533,-0.09315139,0.68116474,-1.3271772,25.816408,30.219397,-44.8974,-6.823496,-0.06200838,-0.04263076,0.04044025,0.038755238,0.015502095,0.026286162,-0.054257333,-0.046506286,0.012132075,-0.038755238,0.046506286,0.012132075,-0.027128667,0.0077510476,-0.05038181,0.038755238,0.0051512043,0.6172582,-1.1255013,-0.047263872,0.6775161,-1.229974,0.0059223482,0.67235744,-1.1525241,-0.059533894,0.69735885,-1.1735909,0.0,0.0,0.0,0.0,0.0,0.0,0.0,0.0,0.0,0.0,0.0,0.0,0.0,0.0,0.0,0.0,-0.48036125,-0.87418383,-0.25036556,-0.12037204,50.0,50.0,50.0,50.0,50.0,50.0,50.0,50.0,50.0,50.0,50.0,50.0,0.0,0.0,0.0,0.0,1.0,1.0,1.0,1.0,1.0,1.0,1.0,1.0,1.0,1.0,1.0,1.0,0.5,0.5,0.5,0.5
1788446269.1188786,1000,18.378263999693445,6.017566000082297,10699532,1,0.0,0.0,0.0,0.038142323,0.64201295,-1.2163455,-0.08370993,0.6862627,-1.3503516,0.03023474,0.6663288,-1.2105323,-0.09321195,0.68113446,-1.3271456,25.81668,30.219093,-44.89773,-6.8235865,0.05038181,-0.05813286,0.04044025,-0.06975943,0.038755238,-0.022242136,-0.027128667,-0.04263076,0.022242136,-0.038755238,0.0,-0.020220125,0.06975943,-0.011626571,-0.04263076,0.027128667,0.0062702815,0.62058514,-1.1320478,-0.052546863,0.6771091,-1.2292324,0.0054403087,0.6669229,-1.1388999,-0.054165434,0.70197254,-1.1856866,0.0,0.0,0.0,0.0,0.0,0.0,0.0,0.0,0.0,0.0,0.0,0.0,0.0,0.0,0.0,0.0,-0.25841638,-1.1849656,-0.22941321,-0.008691512,50.0,50.0,50.0,50.0,50.0,50.0,50.0,50.0,50.0,50.0,50.0,50.0,0.0,0.0,0.0,0.0,1.0,1.0,1.0,1.0,1.0,1.0,1.0,1.0,1.0,1.0,1.0,1.0,0.5,0.5,0.5,0.5
1788446269.1587834,1001,29.158714000004693,10.186661998886848,10699558,1,0.0,0.0,0.0,0.038081765,0.6419221,-1.2164087,-0.08389159,0.6861416,-1.3502725,0.03023474,0.6662682,-1.2105955,-0.09321195,0.68116474,-1.3271456,25.817165,30.218216,-44.89773,-6.8235865,0.011626571,0.0077510476,0.04044025,0.0077510476,0.0,0.0080880495,0.023253143,-0.054257333,0.014154087,-0.05038181,0.09301257,-0.032352198,0.03100419,-0.019377619,-0.023253143,0.05038181,0.008461927,0.6215839,-1.1402694,-0.056846455,0.6734644,-1.2225368,0.003269896,0.65979284,-1.1248251,-0.049507674,0.7092707,-1.2065578,0.0,0.0,0.0,0.0,0.0,0.0,0.0,0.0,0.0,0.0,0.0,0.0,0.0,0.0,0.0,0.0,-0.11115661,-1.4641494,-0.19605514,0.21189444,50.0,50.0,50.0,50.0,50.0,50.0,50.0,50.0,50.0,50.0,50.0,50.0,0.0,0.0,0.0,0.0,1.0,1.0,1.0,1.0,1.0,1.0,1.0,1.0,1.0,1.0,1.0,1.0,0.5,0.5,0.5,0.5
1788446269.1748693,1002,14.7482360007416,4.060967999976128,10699592,1,0.0,0.0,0.0,0.037809253,0.64204323,-1.2165351,-0.084709086,0.68611133,-1.3503041,0.030265018,0.66596544,-1.2104849,-0.09287888,0.68116474,-1.3272403,25.81753,30.217337,-44.89764,-6.823647,0.034879714,0.0038755238,0.020220125,0.034879714,-0.011626571,-0.020220125,0.0,0.0077510476,0.036396224,0.0,0.06200838,-0.020220125,-0.046506286,0.015502095,-0.046506286,-0.046506286,0.01017184,0.63007843,-1.147832,-0.060668387,0.6669904,-1.2150817,0.0029787372,0.6578794,-1.1101922,-0.044769138,0.7130058,-1.2184377,0.0,0.0,0.0,0.0,0.0,0.0,0.0,0.0,0.0,0.0,0.0,0.0,0.0,0.0,0.0,0.0,-0.1367634,-1.4183547,-0.12113923,0.44997486,50.0,50.0,50.0,50.0,50.0,50.0,50.0,50.0,50.0,50.0,50.0,50.0,0.0,0.0,0.0,0.0,1.0,1.0,1.0,1.0,1.0,1.0,1.0,1.0,1.0,1.0,1.0,1.0,0.5,0.5,0.5,0.5
1788446269.1928604,1003,12.251546999323182,2.9911189994891174,10699612,1,0.0,0.0,0.0,0.037627578,0.6420734,-1.2166615,-0.08552658,0.68580854,-1.350241,0.03023474,0.66496634,-1.2103585,-0.09254581,0.68143725,-1.3277775,25.817741,30.21664,-44.89758,-6.823526,0.0,-0.04263076,-0.016176099,0.015502095,-0.034879714,-0.016176099,0.0,-0.054257333,0.028308174,-0.015502095,0.015502095,-0.010110063,-0.038755238,-0.023253143,-0.05038181,0.04263076,0.011119108,0.6406637,-1.152337,-0.06287834,0.6557616,-1.2117031,0.003295858,0.66176856,-1.1039283,-0.042938285,0.7103745,-1.2195396,0.0,0.0,0.0,0.0,0.0,0.0,0.0,0.0,0.0,0.0,0.0,0.0,0.0,0.0,0.0,0.0,-0.28872672,-1.3112646,-0.19405764,0.528852,50.0,50.0,50.0,50.0,50.0,50.0,50.0,50.0,50.0,50.0,50.0,50.0,0.0,0.0,0.0,0.0,1.0,1.0,1.0,1.0,1.0,1.0,1.0,1.0,1.0,1.0,1.0,1.0,0.5,0.5,0.5,0.5
1788446269.2140644,1004,13.385363999987021,3.4764279989758506,10699631,1,0.0,0.0,0.0,0.037627578,0.6431029,-1.2169616,-0.08588991,0.68538463,-1.3501778,0.030295283,0.6642699,-1.2099636,-0.09218246,0.68161887,-1.3280302,25.817772,30.215672,-44.897064,-6.8232837,0.038755238,0.027128667,0.0080880495,0.038755238,0.04263076,0.010110063,-0.077510476,-0.054257333,0.0,0.027128667,-0.023253143,-0.030330187,-0.081386,-0.065883905,-0.0038755238,0.0038755238,0.009630092,0.64456034,-1.1449695,-0.06322806,0.6473914,-1.216538,0.005153993,0.6681448,-1.10517,-0.042867817,0.70471585,-1.2128825,0.0,0.0,0.0,0.0,0.0,0.0,0.0,0.0,0.0,0.0,0.0,0.0,0.0,0.0,0.0,0.0,-0.6168651,-0.88050497,-0.26317167,0.5407006,50.0,50.0,50.0,50.0,50.0,50.0,50.0,50.0,50.0,50.0,50.0,50.0,0.0,0.0,0.0,0.0,1.0,1.0,1.0,1.0,1.0,1.0,1.0,1.0,1.0,1.0,1.0,1.0,0.5,0.5,0.5,0.5
1788446269.2361217,1005,15.371368999694823,4.16573700022127,10699652,1,0.0,0.0,0.0,0.037688136,0.6443442,-1.2173408,-0.0860413,0.684113,-1.3501303,0.03020446,0.6646333,-1.2097267,-0.092273295,0.68152803,-1.3280461,25.81771,30.215763,-44.897095,-6.8231626,0.027128667,-0.03100419,-0.056616347,0.03100419,-0.0038755238,-0.038418237,-0.06975943,0.019377619,0.04044025,-0.027128667,0.04263076,-0.052572325,-0.023253143,-0.015502095,-0.05038181,0.0,0.008780319,0.64116985,-1.1367924,-0.058656354,0.6520681,-1.2198615,0.0049053854,0.6717483,-1.1159469,-0.04772915,0.70330876,-1.2026109,0.0,0.0,0.0,0.0,0.0,0.0,0.0,0.0,0.0,0.0,0.0,0.0,0.0,0.0,0.0,0.0,-0.8450489,-0.43845847,-0.30966565,0.44045565,50.0,50.0,50.0,50.0,50.0,50.0,50.0,50.0,50.0,50.0,50.0,50.0,0.0,0.0,0.0,0.0,1.0,1.0,1.0,1.0,1.0,1.0,1.0,1.0,1.0,1.0,1.0,1.0,0.5,0.5,0.5,0.5
1788446269.2568402,1006,16.019620999941253,6.059421999452752,10699672,1,0.0,0.0,0.0,0.037657857,0.6446773,-1.2173566,-0.0860413,0.6832652,-1.3501303,0.03023474,0.6659049,-1.2097424,-0.092273295,0.68113446,-1.3279355,25.817347,30.216702,-44.897247,-6.822951,0.0,-0.015502095,0.0040440247,0.0,-0.054257333,0.0,-0.015502095,0.011626571,0.010110063,0.046506286,-0.019377619,0.0020220124,-0.038755238,0.081386,-0.054257333,0.065883905,0.008567992,0.6329809,-1.134033,-0.051701292,0.6666952,-1.2244896,0.002280433,0.66891444,-1.1255877,-0.055447895,0.70525354,-1.1877738,0.0,0.0,0.0,0.0,0.0,0.0,0.0,0.0,0.0,0.0,0.0,0.0,0.0,0.0,0.0,0.0,-1.015995,-0.15914899,-0.26726794,0.2328708,50.0,50.0,50.0,50.0,50.0,50.0,50.0,50.0,50.0,50.0,50.0,50.0,0.0,0.0,0.0,0.0,1.0,1.0,1.0,1.0,1.0,1.0,1.0,1.0,1.0,1.0,1.0,1.0,0.5,0.5,0.5,0.5
1788446269.2807841,1007,19.25496300100349,5.138914999406552,10699691,1,0.0,0.0,0.0,0.037688136,0.6445259,-1.2170248,-0.085708246,0.6831744,-1.3501619,0.030265018,0.6664499,-1.2098215,-0.09239441,0.6810436,-1.3277301,25.816984,30.218246,-44.89761,-6.822951,0.0,-0.05813286,0.0080880495,0.0038755238,-0.054257333,-0.032352198,-0.027128667,0.015502095,-0.0040440247,0.023253143,0.054257333,-0.0080880495,-0.03100419,0.10851467,0.0,-0.0077510476,0.008555151,0.6256673,-1.1322694,-0.04653845,0.67762935,-1.227228,0.0021613357,0.66788054,-1.1358042,-0.062127553,0.70739543,-1.1785426,0.0,0.0,0.0,0.0,0.0,0.0,0.0,0.0,0.0,0.0,0.0,0.0,0.0,0.0,0.0,0.0,-1.0992541,-0.20862538,-0.1240458,0.017300583,50.0,50.0,50.0,50.0,50.0,50.0,50.0,50.0,50.0,50.0,50.0,50.0,0.0,0.0,0.0,0.0,1.0,1.0,1.0,1.0,1.0,1.0,1.0,1.0,1.0,1.0,1.0,1.0,0.5,0.5,0.5,0.5
1788446269.298754,1008,16.684770000210847,4.2353680000815075,10699714,1,0.0,0.0,0.0,0.037718415,0.64401126,-1.2169616,-0.08519353,0.68396163,-1.3501778,0.030265018,0.66635907,-1.209932,-0.092666924,0.68101335,-1.3273352,25.816832,30.218973,-44.89764,-6.8232536,0.04263076,-0.034879714,0.0060660373,0.10463915,-0.027128667,-0.0040440247,-0.038755238,-0.03100419,0.0,-0.081386,0.038755238,-0.0080880495,-0.0038755238,-0.023253143,-0.03100419,0.038755238,0.006193415,0.6202253,-1.1276047,-0.045579392,0.68363154,-1.2326692,0.0038650073,0.6695846,-1.1425635,-0.06356432,0.7048569,-1.1768982,0.0,0.0,0.0,0.0,0.0,0.0,0.0,0.0,0.0,0.0,0.0,0.0,0.0,0.0,0.0,0.0,-1.0142773,-0.47156167,-0.13060226,-0.11868082,50.0,50.0,50.0,50.0,50.0,50.0,50.0,50.0,50.0,50.0,50.0,50.0,0.0,0.0,0.0,0.0,1.0,1.0,1.0,1.0,1.0,1.0,1.0,1.0,1.0,1.0,1.0,1.0,0.5,0.5,0.5,0.5
1788446269.3199909,1009,17.500699999800418,6.052478000128758,10699734,1,0.0,0.0,0.0,0.037778974,0.6434965,-1.2169616,-0.084678814,0.6854149,-1.3502094,0.030295283,0.6662077,-1.2101374,-0.09293944,0.6810739,-1.3271456,25.81668,30.218851,-44.8974,-6.8235564,0.015502095,-0.0038755238,0.0,0.12401676,0.038755238,-0.0020220124,0.023253143,-0.08526152,0.022242136,-0.08913705,0.015502095,-0.016176099,-0.13176781,-0.015502095,-0.038755238,0.034879714,0.004842578,0.6165097,-1.1228952,-0.047672566,0.68458587,-1.2388216,0.0058875736,0.6715945,-1.1453307,-0.06072621,0.7013156,-1.1816164,0.0,0.0,0.0,0.0,0.0,0.0,0.0,0.0,0.0,0.0,0.0,0.0,0.0,0.0,0.0,0.0,-0.77720106,-0.78242075,-0.19698319,-0.1430316,50.0,50.0,50.0,50.0,50.0,50.0,50.0,50.0,50.0,50.0,50.0,50.0,0.0,0.0,0.0,0.0,1.0,1.0,1.0,1.0,1.0,1.0,1.0,1.0,1.0,1.0,1.0,1.0,0.5,0.5,0.5,0.5
1788446269.3406954,1010,18.138520999855245,11.534782001035637,10699754,1,0.0,0.0,0.0,0.03786981,0.6429515,-1.2167721,-0.08434576,0.686293,-1.3502725,0.030265018,0.6662985,-1.2103585,-0.092999995,0.6812253,-1.3271298,25.816772,30.218578,-44.89743,-6.8238287,0.06975943,0.019377619,0.038418237,0.06200838,0.04263076,0.0040440247,-0.09301257,-0.0038755238,0.02426415,0.03100419,0.023253143,0.0040440247,-0.046506286,0.038755238,-0.038755238,0.046506286,0.0051359753,0.6158207,-1.1242687,-0.050634876,0.67549855,-1.2341456,0.007842411,0.67268324,-1.1454269,-0.05485216,0.698474,-1.1870425,0.0,0.0,0.0,0.0,0.0,0.0,0.0,0.0,0.0,0.0,0.0,0.0,0.0,0.0,0.0,0.0,-0.46745837,-1.0523223,-0.15150629,-0.0042549707,50.0,50.0,50.0,50.0,50.0,50.0,50.0,50.0,50.0,50.0,50.0,50.0,0.0,0.0,0.0,0.0,1.0,1.0,1.0,1.0,1.0,1.0,1.0,1.0,1.0,1.0,1.0,1.0,0.5,0.5,0.5,0.5
1788446269.3562546,1011,13.625714000227163,2.8396960005920846,10699773,1,0.0,0.0,0.0,0.03786981,0.6423459,-1.2165667,-0.08431548,0.68671685,-1.3503516,0.030295283,0.66635907,-1.2103901,-0.09312111,0.68131614,-1.3271772,25.816893,30.218155,-44.897457,-6.8237987,0.015502095,-0.011626571,0.010110063,0.0,0.077510476,0.0020220124,0.015502095,-0.038755238,0.028308174,-0.05038181,0.038755238,-0.036396224,-0.023253143,0.034879714,0.05038181,0.065883905,0.0068581896,0.6209264,-1.1294762,-0.05466332,0.6696049,-1.2296219,0.0069555747,0.6688832,-1.1363356,-0.049366165,0.6999074,-1.1962638,0.0,0.0,0.0,0.0,0.0,0.0,0.0,0.0,0.0,0.0,0.0,0.0,0.0,0.0,0.0,0.0,-0.17342207,-1.3199542,-0.18774551,0.13977301,50.0,50.0,50.0,50.0,50.0,50.0,50.0,50.0,50.0,50.0,50.0,50.0,0.0,0.0,0.0,0.0,1.0,1.0,1.0,1.0,1.0,1.0,1.0,1.0,1.0,1.0,1.0,1.0,0.5,0.5,0.5,0.5
1788446269.3778605,1012,15.160777998971753,5.9516460005397676,10699794,1,0.0,0.0,0.0,0.03790009,0.6419221,-1.2164878,-0.08434576,0.6863233,-1.3503041,0.030325562,0.6664499,-1.2103901,-0.092999995,0.6813464,-1.3272403,25.817196,30.217762,-44.89743,-6.823738,-0.054257333,-0.05038181,0.0060660373,-0.05038181,0.09301257,0.0040440247,0.015502095,-0.015502095,0.022242136,-0.081386,0.027128667,-0.02426415,-0.019377619,0.08526152,0.019377619,0.05038181,0.0084205065,0.630249,-1.1405368,-0.058289036,0.6607994,-1.2170595,0.005068157,0.66539776,-1.1252708,-0.04559752,0.70394284,-1.2041174,0.0,0.0,0.0,0.0,0.0,0.0,0.0,0.0,0.0,0.0,0.0,0.0,0.0,0.0,0.0,0.0,-0.083784595,-1.3585536,-0.21336806,0.29300845,50.0,50.0,50.0,50.0,50.0,50.0,50.0,50.0,50.0,50.0,50.0,50.0,0.0,0.0,0.0,0.0,1.0,1.0,1.0,1.0,1.0,1.0,1.0,1.0,1.0,1.0,1.0,1.0,0.5,0.5,0.5,0.5
1788446269.397702,1013,14.930090999769163,4.718277999927523,10699814,1,0.0,0.0,0.0,0.03793037,0.64213395,-1.216551,-0.084648535,0.68595994,-1.3502884,0.030265018,0.6662682,-1.2103428,-0.09272748,0.681407,-1.32743,25.817772,30.217186,-44.897457,-6.8234653,0.0,-0.04263076,-0.0020220124,0.011626571,0.027128667,-0.012132075,-0.05038181,-0.054257333,-0.0060660373,0.015502095,0.038755238,-0.014154087,-0.05813286,0.011626571,-0.054257333,0.054257333,0.009161493,0.6381577,-1.1426241,-0.06250689,0.65692556,-1.215318,0.0051048775,0.66632086,-1.1124161,-0.042154107,0.7058959,-1.2106618,0.0,0.0,0.0,0.0,0.0,0.0,0.0,0.0,0.0,0.0,0.0,0.0,0.0,0.0,0.0,0.0,-0.18812357,-1.1518922,-0.17068219,0.47381777,50.0,50.0,50.0,50.0,50.0,50.0,50.0,50.0,50.0,50.0,50.0,50.0,0.0,0.0,0.0,0.0,1.0,1.0,1.0,1.0,1.0,1.0,1.0,1.0,1.0,1.0,1.0,1.0,0.5,0.5,0.5,0.5
1788446269.4187734,1014,15.302505000363453,5.364737999116187,10699834,1,0.0,0.0,0.0,0.037778974,0.64331484,-1.2168669,-0.08531464,0.6850213,-1.3501778,0.03017418,0.66593516,-1.2102321,-0.092606366,0.6815583,-1.3276196,25.817831,30.217125,-44.89743,-6.823405,-0.015502095,-0.011626571,0.0080880495,0.0,0.0038755238,-0.014154087,0.015502095,-0.04263076,-0.018198112,0.023253143,0.054257333,-0.052572325,-0.08913705,0.0077510476,0.0038755238,0.0038755238,0.011766293,0.6386631,-1.1488612,-0.06059798,0.66300803,-1.2137233,0.0016739054,0.6623793,-1.105687,-0.046080355,0.7134597,-1.2126858,0.0,0.0,0.0,0.0,0.0,0.0,0.0,0.0,0.0,0.0,0.0,0.0,0.0,0.0,0.0,0.0,-0.43703485,-1.0212756,-0.13989256,0.52001435,50.0,50.0,50.0,50.0,50.0,50.0,50.0,50.0,50.0,50.0,50.0,50.0,0.0,0.0,0.0,0.0,1.0,1.0,1.0,1.0,1.0,1.0,1.0,1.0,1.0,1.0,1.0,1.0,0.5,0.5,0.5,0.5
1788446269.439689,1015,15.766663000249537,7.764595000480767,10699854,1,0.0,0.0,0.0,0.037688136,0.64416265,-1.2168827,-0.08598074,0.6843552,-1.3501619,0.030265018,0.6660563,-1.210011,-0.09236413,0.68146753,-1.3276985,25.817831,30.217306,-44.89743,-6.823193,0.081386,-0.034879714,0.0080880495,0.011626571,-0.038755238,-0.022242136,0.027128667,0.015502095,0.020220125,-0.04263076,-0.019377619,-0.0080880495,-0.0038755238,0.08913705,0.0,0.023253143,0.01232576,0.6357447,-1.1505278,-0.057045337,0.6650951,-1.2139047,5.6006014e-05,0.65819675,-1.1061742,-0.05042164,0.7168836,-1.2133058,0.0,0.0,0.0,0.0,0.0,0.0,0.0,0.0,0.0,0.0,0.0,0.0,0.0,0.0,0.0,0.0,-0.72091115,-0.76014763,-0.147091,0.48956794,50.0,50.0,50.0,50.0,50.0,50.0,50.0,50.0,50.0,50.0,50.0,50.0,0.0,0.0,0.0,0.0,1.0,1.0,1.0,1.0,1.0,1.0,1.0,1.0,1.0,1.0,1.0,1.0,0.5,0.5,0.5,0.5
