time_s,loop,loop_dt_ms,inference_ms,ipc_ms,state_age_ms,action_state_age_ms,state_tick,enabled,warmup,cmd_vx,cmd_vy,cmd_vyaw,q_0,q_1,q_2,q_3,q_4,q_5,q_6,q_7,q_8,q_9,q_10,q_11,q_12,q_13,q_14,q_15,dq_0,dq_1,dq_2,dq_3,dq_4,dq_5,dq_6,dq_7,dq_8,dq_9,dq_10,dq_11,dq_12,dq_13,dq_14,dq_15,tau_0,tau_1,tau_2,tau_3,tau_4,tau_5,tau_6,tau_7,tau_8,tau_9,tau_10,tau_11,tau_12,tau_13,tau_14,tau_15,imu_quat_w,imu_quat_x,imu_quat_y,imu_quat_z,imu_gyro_x,imu_gyro_y,imu_gyro_z,imu_accel_x,imu_accel_y,imu_accel_z,imu_rpy_r,imu_rpy_p,imu_rpy_y,battery_voltage,battery_current,action_0,action_1,action_2,action_3,action_4,action_5,action_6,action_7,action_8,action_9,action_10,action_11,action_12,action_13,action_14,action_15,p_0,p_1,p_2,p_3,p_4,p_5,p_6,p_7,p_8,p_9,p_10,p_11,p_12,p_13,p_14,p_15,v_0,v_1,v_2,v_3,v_4,v_5,v_6,v_7,v_8,v_9,v_10,v_11,v_12,v_13,v_14,v_15,kp_0,kp_1,kp_2,kp_3,kp_4,kp_5,kp_6,kp_7,kp_8,kp_9,kp_10,kp_11,kp_12,kp_13,kp_14,kp_15,kd_0,kd_1,kd_2,kd_3,kd_4,kd_5,kd_6,kd_7,kd_8,kd_9,kd_10,kd_11,kd_12,kd_13,kd_14,kd_15
1788527462.9787507,1,5.862265001269407,4.644177999580279,5.764884999734932,1.168613,6.940954,9034310,1,1,0.0,0.0,0.0,-0.020898819,0.6453737,-1.3871897,0.03170801,0.6447825,-1.3930824,-0.039403588,0.63795877,-1.4066675,0.030986488,0.65170467,-1.403982,-3.75293,-5.325757,-2.5989628,-1.5744013,0.05038181,-0.027128667,0.0,0.019377619,-0.015502095,-0.018198112,0.0,-0.019377619,0.0040440247,0.019377619,0.0,-0.0485283,-0.038755238,-0.019377619,0.015502095,0.0,0.9895313,1.2863907,4.4570136,-1.6822032,1.2863907,4.978579,2.0780158,1.7316797,5.5001445,-1.5585117,0.89057815,5.5001445,0.024738282,-0.024738282,0.0,0.0,0.9997347,0.0033117228,0.007042268,-0.021685071,-0.0042610574,-0.010652643,0.0074568503,-0.03232172,-0.11851298,9.490616,0.006316944,0.014224908,-0.043329928,30.659500122070312,2.085087299346924,-0.048005722,0.42723784,0.122887164,-0.03731064,-0.056408484,-0.015456732,0.33419102,0.15334949,-0.12183833,0.2169721,0.8568848,-0.26039648,0.15002885,0.26184455,0.8033521,-0.010122344,-0.014102121,0.66613585,-1.2164522,-0.012001431,0.77680945,-1.2692782,0.037507214,0.7354612,-1.0991619,-0.030459583,0.72424304,-1.0857787,0.0,0.0,0.0,0.0,0.0,0.0,0.0,0.0,0.0,0.0,0.0,0.0,0.0,0.0,0.0,0.0,1.533495,-0.37310642,-0.10122344,-2.6039648,50.0,50.0,50.0,50.0,50.0,50.0,50.0,50.0,50.0,50.0,50.0,50.0,0.0,0.0,0.0,0.0,1.0,1.0,1.0,1.0,1.0,1.0,1.0,1.0,1.0,1.0,1.0,1.0,0.5,0.5,0.5,0.5
1788527462.9972625,2,4.4527479985845275,3.147267001622822,4.366858000139473,1.091234,5.465932,9034330,1,1,0.0,0.0,0.0,-0.020898819,0.645404,-1.3871582,0.031647455,0.6447825,-1.3930665,-0.03934303,0.6380496,-1.4066833,0.031016767,0.6516744,-1.4039663,-3.7529,-5.325757,-2.5989628,-1.5744013,0.054257333,0.0,0.044484273,-0.05038181,0.06975943,0.02426415,0.08526152,0.0038755238,-0.02426415,0.03100419,0.011626571,-0.010110063,0.0077510476,-0.034879714,-0.023253143,0.0038755238,1.0390079,1.2863907,4.4570136,-1.6822032,1.2863907,4.978579,2.1027539,1.7316797,5.5001445,-1.5585117,0.86583984,5.594975,0.024738282,-0.024738282,0.024738282,-0.024738282,0.99973637,0.0032924337,0.007057639,-0.021604724,-0.006391586,0.006391586,0.0010652643,-0.008379706,-0.12210429,9.472659,0.006278853,0.014254303,-0.043169376,30.659500122070312,2.016723871231079,-0.030264776,0.44321132,0.07337644,-0.078815125,-0.051899493,-0.046616703,0.251367,0.16905013,-0.09688233,0.2420527,0.8831035,-0.32201844,0.13548446,0.2542792,0.74290127,-0.02736253,-0.012974873,0.6583458,-1.2371582,-0.007566194,0.78080285,-1.2816558,0.033871114,0.7335698,-1.1142746,-0.024220582,0.7305132,-1.0792241,0.0,0.0,0.0,0.0,0.0,0.0,0.0,0.0,0.0,0.0,0.0,0.0,0.0,0.0,0.0,0.0,1.6905012,-0.78815126,-0.27362528,-3.2201843,50.0,50.0,50.0,50.0,50.0,50.0,50.0,50.0,50.0,50.0,50.0,50.0,0.0,0.0,0.0,0.0,1.0,1.0,1.0,1.0,1.0,1.0,1.0,1.0,1.0,1.0,1.0,1.0,0.5,0.5,0.5,0.5
1788527463.0164137,3,3.633329999502166,2.5035029993887292,3.5250389992143027,1.08461,4.618578,9034350,1,1,0.0,0.0,0.0,-0.020929098,0.645404,-1.3871582,0.031677734,0.6447825,-1.3930824,-0.03937331,0.6380496,-1.4066517,0.031016767,0.6516744,-1.4039505,-3.7529,-5.3256664,-2.5989928,-1.5744013,0.04263076,-0.023253143,0.0485283,0.0077510476,0.038755238,-0.0040440247,0.015502095,0.023253143,0.042462263,0.03100419,-0.0077510476,0.0060660373,-0.015502095,0.13564333,0.019377619,0.0,1.0390079,1.3606055,4.4570136,-1.7069415,1.1874375,4.978579,2.1027539,1.7316797,5.5001445,-1.5585117,0.9400547,5.5001445,0.0,0.0,0.049476564,0.0,0.99973524,0.0032812308,0.007079617,-0.021650238,0.010652643,0.0042610574,-0.0149137005,-0.088585466,-0.18195933,9.576807,0.0062548523,0.014298052,-0.043260466,30.659500122070312,2.016723871231079,-0.024649683,0.36980903,-8.9313835e-06,-0.18356031,-0.08163282,-0.114244595,0.2151533,0.12411793,-0.06514254,0.18828979,0.77467084,-0.44652894,0.13308601,0.23786606,0.645573,-0.11280641,-0.020408206,0.64143884,-1.2462116,-0.006162421,0.76245224,-1.3000022,0.033271503,0.72946656,-1.1386067,-0.016285636,0.7170725,-1.1063323,0.0,0.0,0.0,0.0,0.0,0.0,0.0,0.0,0.0,0.0,0.0,0.0,0.0,0.0,0.0,0.0,1.2411793,-1.8356031,-1.1280642,-4.4652896,50.0,50.0,50.0,50.0,50.0,50.0,50.0,50.0,50.0,50.0,50.0,50.0,0.0,0.0,0.0,0.0,1.0,1.0,1.0,1.0,1.0,1.0,1.0,1.0,1.0,1.0,1.0,1.0,0.5,0.5,0.5,0.5
1788527463.036617,4,3.8335930003086105,2.881914000681718,3.7222930004645605,1.163269,4.89385,9034370,1,1,0.0,0.0,0.0,-0.020898819,0.6453737,-1.3872056,0.03170801,0.64481276,-1.3930981,-0.039433867,0.6379285,-1.4066675,0.030956209,0.6516744,-1.4039505,-3.7529,-5.3257265,-2.5989928,-1.574371,0.05813286,-0.023253143,-0.0080880495,0.015502095,0.038755238,-0.028308174,-0.05038181,-0.065883905,0.012132075,-0.011626571,0.0,-0.0020220124,-0.015502095,0.027128667,-0.05038181,0.038755238,0.9895313,1.3606055,4.4570136,-1.7069415,1.2121758,4.883749,2.1274922,1.7316797,5.4527297,-1.5585117,0.9400547,5.5001445,0.024738282,0.0,0.0,-0.024738282,0.9997329,0.003277588,0.0071009207,-0.021749966,-0.019174758,-0.0053263213,-0.020240022,-0.15203181,-0.10534488,9.568427,0.0062452178,0.014341115,-0.043459915,30.66835594177246,2.050905704498291,-0.003610218,0.29768533,0.005171773,-0.28204745,-0.0723013,-0.17378493,0.1356842,0.080894865,-0.052336298,0.18732086,0.66710734,-0.5036993,0.1079276,0.22072302,0.48124984,-0.15437995,-0.018075325,0.6265538,-1.266079,-0.0009025545,0.74442136,-1.298707,0.0269819,0.72518075,-1.1796875,-0.0130840745,0.71683025,-1.133223,0.0,0.0,0.0,0.0,0.0,0.0,0.0,0.0,0.0,0.0,0.0,0.0,0.0,0.0,0.0,0.0,0.80894864,-2.8204746,-1.5437995,-5.036993,50.0,50.0,50.0,50.0,50.0,50.0,50.0,50.0,50.0,50.0,50.0,50.0,0.0,0.0,0.0,0.0,1.0,1.0,1.0,1.0,1.0,1.0,1.0,1.0,1.0,1.0,1.0,1.0,0.5,0.5,0.5,0.5
1788527463.0574014,5,4.613361999872723,3.5855210007866845,4.514414000368561,1.121251,5.644593,9034390,1,1,0.0,0.0,0.0,-0.020898819,0.6453737,-1.387174,0.03170801,0.6447825,-1.3930665,-0.039403588,0.63795877,-1.4066517,0.03092593,0.65173495,-1.403982,-3.7529,-5.325757,-2.5989628,-1.5743407,0.04263076,-0.034879714,0.038418237,0.015502095,-0.019377619,0.010110063,0.019377619,0.0,0.03437421,-0.05813286,0.05038181,-0.044484273,0.023253143,-0.019377619,0.015502095,0.07363495,1.0390079,1.2863907,4.4570136,-1.7069415,1.2121758,4.978579,2.1027539,1.7316797,5.5001445,-1.5585117,0.89057815,5.5001445,0.024738282,0.0,0.0,-0.024738282,0.9997329,0.003286953,0.007104557,-0.021750774,-0.008522115,-0.0042610574,0.0074568503,-0.094570965,-0.029927522,9.496601,0.0062637753,0.014348799,-0.04346138,30.659500122070312,2.050905704498291,0.0050140973,0.24623525,-0.050774645,-0.3416258,-0.083722055,-0.27750775,0.09844797,0.05298782,-0.057539284,0.21595405,0.51763815,-0.56602716,0.06903948,0.15312469,0.33034298,-0.22971512,-0.020930514,0.6006231,-1.275388,0.0012535243,0.7315588,-1.3126936,0.01725987,0.70828116,-1.2174143,-0.014384821,0.72398853,-1.1705904,0.0,0.0,0.0,0.0,0.0,0.0,0.0,0.0,0.0,0.0,0.0,0.0,0.0,0.0,0.0,0.0,0.5298782,-3.416258,-2.2971513,-5.6602716,50.0,50.0,50.0,50.0,50.0,50.0,50.0,50.0,50.0,50.0,50.0,50.0,0.0,0.0,0.0,0.0,1.0,1.0,1.0,1.0,1.0,1.0,1.0,1.0,1.0,1.0,1.0,1.0,0.5,0.5,0.5,0.5
1788527463.0772913,6,4.503725000176928,3.608209999583778,4.406506999657722,1.140484,5.553775,9034410,1,1,0.0,0.0,0.0,-0.020929098,0.6453737,-1.387174,0.031677734,0.6447522,-1.3930665,-0.03937331,0.6380193,-1.4066517,0.030986488,0.65170467,-1.4039505,-3.75293,-5.3257265,-2.5989628,-1.5744013,0.023253143,-0.015502095,0.012132075,0.03100419,-0.011626571,0.022242136,0.05038181,-0.0038755238,0.03437421,0.011626571,0.05813286,0.014154087,-0.038755238,0.03100419,0.019377619,-0.027128667,1.0390079,1.3606055,4.4570136,-1.6327267,1.1874375,4.883749,2.0780158,1.7069415,5.3104844,-1.58325,0.89057815,5.4527297,0.0,-0.024738282,0.049476564,-0.024738282,0.99973565,0.0032600402,0.0070761833,-0.02163389,-0.0021305287,-0.013848436,0.0053263213,-0.016759412,-0.08738836,9.543288,0.0062128594,0.014290166,-0.04322808,30.659500122070312,2.050905704498291,0.0014269706,0.25716013,-0.067781255,-0.34139904,-0.08309888,-0.2739339,0.10744356,0.050564125,-0.051247433,0.20721285,0.51326734,-0.5687376,0.07147849,0.15539432,0.3524731,-0.22706284,-0.02077472,0.60151654,-1.2731391,0.00035674265,0.73429006,-1.3169453,0.017869623,0.7088486,-1.2118816,-0.012811858,0.72180325,-1.1716831,0.0,0.0,0.0,0.0,0.0,0.0,0.0,0.0,0.0,0.0,0.0,0.0,0.0,0.0,0.0,0.0,0.5056412,-3.4139905,-2.2706285,-5.687376,50.0,50.0,50.0,50.0,50.0,50.0,50.0,50.0,50.0,50.0,50.0,50.0,0.0,0.0,0.0,0.0,1.0,1.0,1.0,1.0,1.0,1.0,1.0,1.0,1.0,1.0,1.0,1.0,0.5,0.5,0.5,0.5
1788527463.0975516,7,4.76168599925586,3.786711000429932,4.671443000916042,1.059681,5.739189,9034430,1,1,0.0,0.0,0.0,-0.020929098,0.645404,-1.3871582,0.03170801,0.6447522,-1.3930981,-0.039403588,0.6380193,-1.4066675,0.030986488,0.6516441,-1.4039663,-3.75293,-5.325757,-2.5989928,-1.574371,0.034879714,-0.027128667,0.03437421,0.08526152,0.0038755238,-0.030330187,-0.038755238,-0.05813286,0.020220125,-0.0038755238,0.038755238,-0.020220125,-0.05038181,-0.034879714,-0.03100419,0.038755238,0.9895313,1.2863907,4.504429,-1.6822032,1.2863907,4.978579,2.0780158,1.7069415,5.5001445,-1.5585117,0.86583984,5.4527297,0.024738282,-0.049476564,0.049476564,-0.049476564,0.9997374,0.0032417178,0.0070828097,-0.02155453,0.01704423,-0.013848436,-0.0053263213,-0.095768064,-0.1604115,9.488221,0.0061770696,0.0143021345,-0.043069534,30.66835594177246,2.050905704498291,-0.0025161747,0.25410664,-0.079496086,-0.3470623,-0.08362488,-0.27319276,0.12130485,0.049445897,-0.05124999,0.20406446,0.5104301,-0.5667091,0.07654324,0.16390435,0.36392543,-0.22803038,-0.02090622,0.60170186,-1.2696737,-0.0006290437,0.7335267,-1.3198739,0.01913581,0.7109761,-1.2090186,-0.012812497,0.7210161,-1.1723924,0.0,0.0,0.0,0.0,0.0,0.0,0.0,0.0,0.0,0.0,0.0,0.0,0.0,0.0,0.0,0.0,0.49445897,-3.470623,-2.280304,-5.667091,50.0,50.0,50.0,50.0,50.0,50.0,50.0,50.0,50.0,50.0,50.0,50.0,0.0,0.0,0.0,0.0,1.0,1.0,1.0,1.0,1.0,1.0,1.0,1.0,1.0,1.0,1.0,1.0,0.5,0.5,0.5,0.5
1788527463.1175675,8,4.789910999534186,3.8214960004552267,4.701363999629393,1.069025,5.777845,9034450,1,1,0.0,0.0,0.0,-0.020929098,0.645404,-1.3871897,0.031677734,0.6447825,-1.3930824,-0.039403588,0.63795877,-1.4066517,0.03092593,0.65170467,-1.4039505,-3.75293,-5.3257265,-2.5989928,-1.574371,0.0077510476,0.019377619,-0.010110063,-0.019377619,0.0,-0.014154087,0.0077510476,-0.10463915,0.038418237,-0.09301257,0.04263076,0.016176099,-0.038755238,0.015502095,0.054257333,0.023253143,1.0390079,1.2863907,4.504429,-1.6822032,1.2863907,4.883749,2.1027539,1.7316797,5.5001445,-1.4842969,0.89057815,5.5001445,0.0,-0.049476564,0.0,0.0,0.9997352,0.0032439257,0.007108894,-0.021648584,0.009587379,0.0010652643,-0.015978964,-0.1604115,-0.1448492,9.514558,0.0061790133,0.014354968,-0.043257523,30.66835594177246,2.085087299346924,-0.0004895646,0.23524827,-0.07258073,-0.35382792,-0.08752512,-0.27129993,0.121355556,0.054576196,-0.048490398,0.18918897,0.51926446,-0.5698207,0.07244157,0.17069978,0.33994973,-0.23170534,-0.02188128,0.60217506,-1.2696611,-0.00012239115,0.7288121,-1.3181452,0.018110393,0.712675,-1.2150126,-0.012122599,0.71729726,-1.1701839,0.0,0.0,0.0,0.0,0.0,0.0,0.0,0.0,0.0,0.0,0.0,0.0,0.0,0.0,0.0,0.0,0.54576194,-3.5382793,-2.3170533,-5.698207,50.0,50.0,50.0,50.0,50.0,50.0,50.0,50.0,50.0,50.0,50.0,50.0,0.0,0.0,0.0,0.0,1.0,1.0,1.0,1.0,1.0,1.0,1.0,1.0,1.0,1.0,1.0,1.0,0.5,0.5,0.5,0.5
1788527463.1375515,9,4.772726999362931,3.8252400008786935,4.685267000240856,1.121412,5.815127,9034470,1,1,0.0,0.0,0.0,-0.020898819,0.6453737,-1.387174,0.031768568,0.64481276,-1.3930824,-0.039403588,0.63795877,-1.4066833,0.030956209,0.65170467,-1.4039505,-3.7529,-5.3257265,-2.5989928,-1.5744013,0.019377619,0.019377619,0.026286162,0.09301257,0.034879714,-0.014154087,0.0038755238,-0.034879714,-0.016176099,-0.027128667,0.0,0.0020220124,0.011626571,0.0038755238,-0.038755238,-0.05038181,1.0390079,1.2616524,4.314769,-1.6822032,1.2616524,4.978579,2.0780158,1.7316797,5.5001445,-1.5585117,0.9400547,5.4527297,0.0,-0.049476564,0.049476564,0.0,0.9997329,0.0032541887,0.007127395,-0.021742322,0.015978964,-0.0010652643,-0.0074568503,-0.08259996,-0.15203181,9.498995,0.0061973883,0.014392987,-0.043444805,30.659500122070312,2.085087299346924,-0.0033925492,0.2365888,-0.074498646,-0.3403193,-0.0866305,-0.27822173,0.12866299,0.05069337,-0.04977391,0.19864161,0.50036085,-0.5638345,0.07674727,0.16492543,0.35113102,-0.23211184,-0.021657625,0.60044456,-1.2678342,-0.0008481373,0.7291472,-1.3186246,0.019186817,0.71123135,-1.2122172,-0.012443477,0.7196604,-1.1749097,0.0,0.0,0.0,0.0,0.0,0.0,0.0,0.0,0.0,0.0,0.0,0.0,0.0,0.0,0.0,0.0,0.5069337,-3.403193,-2.3211184,-5.638345,50.0,50.0,50.0,50.0,50.0,50.0,50.0,50.0,50.0,50.0,50.0,50.0,0.0,0.0,0.0,0.0,1.0,1.0,1.0,1.0,1.0,1.0,1.0,1.0,1.0,1.0,1.0,1.0,0.5,0.5,0.5,0.5
1788527463.1574612,10,4.678514998886385,3.70494900016638,4.59176099866454,1.085538,5.685203,9034490,1,1,0.0,0.0,0.0,-0.020898819,0.6453737,-1.387174,0.03173829,0.64481276,-1.3930665,-0.039403588,0.63795877,-1.4066675,0.030986488,0.6517652,-1.4039505,-3.75293,-5.3257265,-2.5989628,-1.574371,0.038755238,0.0,0.02426415,0.06975943,0.05813286,-0.0060660373,-0.038755238,-0.04263076,0.026286162,0.019377619,0.13951886,0.0060660373,-0.05813286,0.034879714,-0.0077510476,0.034879714,1.0637461,1.2863907,4.4570136,-1.6822032,1.2121758,4.978579,2.1027539,1.7316797,5.4527297,-1.4842969,0.89057815,5.5001445,0.0,0.0,0.0,-0.049476564,0.9997342,0.0032623613,0.007140357,-0.021679956,-0.0010652643,0.003195793,0.0074568503,-0.04070143,-0.1376666,9.49301,0.006214068,0.014418874,-0.04331985,30.66835594177246,2.050905704498291,0.0033769738,0.2371898,-0.051060215,-0.33869064,-0.07977575,-0.29421893,0.115919076,0.04636983,-0.056789726,0.2124721,0.4840495,-0.5574217,0.069544345,0.14831465,0.35280788,-0.22968584,-0.019943938,0.59644526,-1.2710202,0.00084424345,0.72929746,-1.312765,0.017386086,0.7070787,-1.211798,-0.0141974315,0.72311807,-1.1789876,0.0,0.0,0.0,0.0,0.0,0.0,0.0,0.0,0.0,0.0,0.0,0.0,0.0,0.0,0.0,0.0,0.46369827,-3.3869064,-2.2968583,-5.574217,50.0,50.0,50.0,50.0,50.0,50.0,50.0,50.0,50.0,50.0,50.0,50.0,0.0,0.0,0.0,0.0,1.0,1.0,1.0,1.0,1.0,1.0,1.0,1.0,1.0,1.0,1.0,1.0,0.5,0.5,0.5,0.5
1788527463.1775794,11,4.801335000593099,3.768759001104627,4.716020999694592,1.119331,5.842968,9034509,1,1,0.0,0.0,0.0,-0.020929098,0.6453737,-1.3871582,0.03170801,0.6447522,-1.3930824,-0.03937331,0.6380193,-1.4066675,0.030986488,0.6516744,-1.4039505,-3.7529,-5.3257265,-2.5989928,-1.5744013,0.034879714,-0.05813286,0.036396224,0.054257333,0.027128667,-0.0020220124,0.0,-0.03100419,0.02426415,0.0,0.04263076,0.018198112,0.0077510476,0.03100419,-0.08913705,0.0,1.0390079,1.3606055,4.4570136,-1.7069415,1.2616524,4.978579,2.1274922,1.7069415,5.5001445,-1.5585117,0.8411016,5.5001445,0.024738282,-0.024738282,0.024738282,-0.024738282,0.99973655,0.003252811,0.0071534505,-0.021568522,0.0042610574,-0.0053263213,0.006391586,-0.025139118,-0.11731588,9.4535055,0.006196015,0.014443951,-0.043096974,30.66835594177246,2.085087299346924,0.0032754932,0.23839313,-0.05447595,-0.34679967,-0.08180989,-0.2872214,0.10965846,0.053758644,-0.055583812,0.21003176,0.49347645,-0.5594525,0.07140048,0.14791307,0.3596034,-0.23379292,-0.020452473,0.59819466,-1.2725854,0.0008188733,0.7295983,-1.3136189,0.01785012,0.70697826,-1.2100991,-0.013895953,0.72250795,-1.1766309,0.0,0.0,0.0,0.0,0.0,0.0,0.0,0.0,0.0,0.0,0.0,0.0,0.0,0.0,0.0,0.0,0.53758645,-3.4679966,-2.3379292,-5.594525,50.0,50.0,50.0,50.0,50.0,50.0,50.0,50.0,50.0,50.0,50.0,50.0,0.0,0.0,0.0,0.0,1.0,1.0,1.0,1.0,1.0,1.0,1.0,1.0,1.0,1.0,1.0,1.0,0.5,0.5,0.5,0.5
1788527463.1976686,12,4.886585998974624,3.861593999317847,4.7952230015653186,1.033761,5.83788,9034530,1,1,0.0,0.0,0.0,-0.020959377,0.645404,-1.3871582,0.031677734,0.6447522,-1.3930824,-0.03934303,0.6380496,-1.4066833,0.030986488,0.6516744,-1.403982,-3.7529,-5.3257265,-2.5989628,-1.574371,-0.0038755238,-0.0077510476,0.038418237,0.011626571,0.0,-0.032352198,0.065883905,0.0038755238,0.0020220124,-0.03100419,0.027128667,-0.036396224,-0.015502095,0.011626571,-0.019377619,0.046506286,1.0637461,1.3606055,4.4570136,-1.6327267,1.2121758,5.0259943,2.0780158,1.6822032,5.5001445,-1.5585117,0.89057815,5.5001445,0.024738282,0.0,0.049476564,0.0,0.9997356,0.0032458145,0.007149348,-0.021617007,0.010652643,0.0042610574,-0.026631609,-0.05746084,-0.19871874,9.5253315,0.0061815004,0.014435746,-0.0431941,30.659500122070312,2.085087299346924,-0.003343815,0.22148427,-0.08509506,-0.3501586,-0.092246145,-0.2656504,0.14800584,0.055061072,-0.04169219,0.17468596,0.49920267,-0.5673105,0.08289098,0.18676117,0.33984447,-0.23474346,-0.023061536,0.6035874,-1.2629985,-0.00083595375,0.72537106,-1.3212737,0.020722745,0.7166903,-1.2150388,-0.0104230475,0.7136715,-1.1751993,0.0,0.0,0.0,0.0,0.0,0.0,0.0,0.0,0.0,0.0,0.0,0.0,0.0,0.0,0.0,0.0,0.5506107,-3.501586,-2.3474345,-5.6731052,50.0,50.0,50.0,50.0,50.0,50.0,50.0,50.0,50.0,50.0,50.0,50.0,0.0,0.0,0.0,0.0,1.0,1.0,1.0,1.0,1.0,1.0,1.0,1.0,1.0,1.0,1.0,1.0,0.5,0.5,0.5,0.5
1788527463.217779,13,4.996540999854915,3.773463000470656,4.907515000013518,1.09069,6.006525,9034550,1,1,0.0,0.0,0.0,-0.020929098,0.6453737,-1.3871897,0.03170801,0.64481276,-1.3930665,-0.039433867,0.63795877,-1.4066833,0.030956209,0.6516744,-1.4039663,-3.75293,-5.3257265,-2.5989928,-1.5743407,0.03100419,-0.011626571,0.0080880495,0.0,0.04263076,0.02426415,-0.027128667,-0.038755238,-0.0020220124,0.0,-0.019377619,-0.010110063,-0.06200838,0.0077510476,-0.015502095,0.05813286,1.0390079,1.3606055,4.4570136,-1.6822032,1.2616524,4.978579,2.1274922,1.7069415,5.5001445,-1.5585117,0.89057815,5.4527297,0.0,-0.024738282,0.0,-0.024738282,0.99973273,0.003275985,0.0071803806,-0.021735612,0.0010652643,0.008522115,-0.008522115,-0.16639702,-0.09935937,9.551667,0.0062387735,0.014499843,-0.04343077,30.659500122070312,2.050905704498291,-0.0008673165,0.22079608,-0.06786845,-0.33892512,-0.09010902,-0.26916814,0.12911686,0.048224352,-0.047318332,0.18994239,0.5083957,-0.5641077,0.07513474,0.17335144,0.34092617,-0.23684114,-0.022527255,0.602708,-1.2677207,-0.00021682912,0.72519904,-1.316967,0.018783685,0.7133379,-1.2147684,-0.011829583,0.7174856,-1.172901,0.0,0.0,0.0,0.0,0.0,0.0,0.0,0.0,0.0,0.0,0.0,0.0,0.0,0.0,0.0,0.0,0.48224354,-3.3892512,-2.3684115,-5.641077,50.0,50.0,50.0,50.0,50.0,50.0,50.0,50.0,50.0,50.0,50.0,50.0,0.0,0.0,0.0,0.0,1.0,1.0,1.0,1.0,1.0,1.0,1.0,1.0,1.0,1.0,1.0,1.0,0.5,0.5,0.5,0.5
1788527463.2374938,14,4.714131999207893,3.725173999555409,4.628145999959088,1.139332,5.775446,9034570,1,1,0.0,0.0,0.0,-0.020898819,0.6453434,-1.387174,0.03173829,0.6447825,-1.3930665,-0.039403588,0.63795877,-1.4066675,0.030956209,0.65170467,-1.4039505,-3.7529,-5.325696,-2.5990233,-1.5743407,0.038755238,-0.03100419,0.038418237,0.06200838,-0.0077510476,0.010110063,0.034879714,-0.034879714,0.020220125,0.0,0.0077510476,0.018198112,0.011626571,0.04263076,-0.09301257,0.05038181,0.9895313,1.2863907,4.4570136,-1.7069415,1.2121758,4.883749,2.0780158,1.7316797,5.5001445,-1.5585117,0.89057815,5.5001445,0.0,-0.024738282,0.0,0.0,0.9997323,0.0032924344,0.0071742525,-0.021751162,0.021305285,0.0053263213,0.0053263213,-0.10295067,-0.015562311,9.508572,0.006271708,0.014488399,-0.04346168,30.659500122070312,2.085087299346924,-0.00085017644,0.25107843,-0.080640405,-0.33702463,-0.08530745,-0.28182712,0.12995426,0.0497879,-0.054030858,0.21115889,0.48615557,-0.5587649,0.07464413,0.1570784,0.36346132,-0.23742035,-0.021326862,0.5995432,-1.2675114,-0.00021254411,0.7327696,-1.32016,0.018661033,0.70926964,-1.2091346,-0.0135077145,0.72278976,-1.1784611,0.0,0.0,0.0,0.0,0.0,0.0,0.0,0.0,0.0,0.0,0.0,0.0,0.0,0.0,0.0,0.0,0.49787903,-3.3702464,-2.3742034,-5.587649,50.0,50.0,50.0,50.0,50.0,50.0,50.0,50.0,50.0,50.0,50.0,50.0,0.0,0.0,0.0,0.0,1.0,1.0,1.0,1.0,1.0,1.0,1.0,1.0,1.0,1.0,1.0,1.0,0.5,0.5,0.5,0.5
1788527463.257514,15,4.727541001557256,3.792759000134538,4.639058000975638,1.080674,5.727988,9034590,1,1,0.0,0.0,0.0,-0.020959377,0.645404,-1.3871582,0.031677734,0.6447825,-1.3930824,-0.039403588,0.63798904,-1.4066675,0.03092593,0.6516744,-1.4039663,-3.75293,-5.3257265,-2.5989928,-1.5744013,0.06975943,0.046506286,0.0485283,0.0,0.03100419,0.020220125,-0.0038755238,-0.038755238,0.022242136,-0.09301257,0.011626571,0.0060660373,-0.038755238,-0.0038755238,-0.05813286,-0.015502095,1.0390079,1.3606055,4.4570136,-1.6822032,1.2616524,4.883749,2.1027539,1.7069415,5.5001445,-1.5585117,0.89057815,5.4527297,0.0,0.0,0.0,-0.024738282,0.99973506,0.0032705576,0.0071647195,-0.021632995,-0.003195793,-0.008522115,0.0074568503,-0.025139118,-0.08140286,9.528923,0.006230084,0.014467651,-0.043225646,30.66835594177246,2.085087299346924,0.0013847444,0.23736471,-0.05209553,-0.34419012,-0.08311264,-0.2866821,0.102633946,0.04869297,-0.054825068,0.20823948,0.49892783,-0.5609027,0.068996914,0.1486363,0.3454708,-0.23137692,-0.02077816,0.5983295,-1.2743415,0.0003461861,0.7293412,-1.3130238,0.017249228,0.7071591,-1.2136322,-0.013706267,0.7220599,-1.1752679,0.0,0.0,0.0,0.0,0.0,0.0,0.0,0.0,0.0,0.0,0.0,0.0,0.0,0.0,0.0,0.0,0.4869297,-3.4419012,-2.313769,-5.609027,50.0,50.0,50.0,50.0,50.0,50.0,50.0,50.0,50.0,50.0,50.0,50.0,0.0,0.0,0.0,0.0,1.0,1.0,1.0,1.0,1.0,1.0,1.0,1.0,1.0,1.0,1.0,1.0,0.5,0.5,0.5,0.5
1788527463.2774267,16,4.650546999982907,3.712340998390573,4.566958999930648,1.086627,5.660275,9034610,1,1,0.0,0.0,0.0,-0.020959377,0.645404,-1.3871582,0.031677734,0.6447219,-1.3930981,-0.039403588,0.6380496,-1.4066991,0.030986488,0.6516744,-1.4039663,-3.75293,-5.3257265,-2.5989928,-1.574371,0.0038755238,-0.0038755238,0.046506286,0.034879714,-0.023253143,-0.030330187,-0.023253143,0.011626571,-0.0040440247,-0.0038755238,0.03100419,-0.0080880495,-0.065883905,-0.0077510476,-0.081386,0.05813286,1.0390079,1.2863907,4.4570136,-1.6822032,1.2616524,4.883749,2.1274922,1.7069415,5.4053144,-1.5585117,0.89057815,5.5001445,0.049476564,0.0,0.024738282,0.0,0.9997363,0.0032632498,0.007162688,-0.02157853,-0.0053263213,-0.0010652643,0.0,-0.02873042,-0.16639702,9.585187,0.0062163463,0.014462934,-0.043116797,30.659500122070312,2.050905704498291,0.0022149142,0.23462567,-0.052597545,-0.34531263,-0.08704859,-0.27835566,0.11185113,0.050785385,-0.052415,0.19950968,0.5130111,-0.56697214,0.07058124,0.16196232,0.3345104,-0.22758861,-0.021762148,0.6004111,-1.2720371,0.00055372855,0.7286564,-1.3131493,0.01764531,0.7104906,-1.2163724,-0.01310375,0.7198774,-1.1717472,0.0,0.0,0.0,0.0,0.0,0.0,0.0,0.0,0.0,0.0,0.0,0.0,0.0,0.0,0.0,0.0,0.50785387,-3.4531262,-2.275886,-5.6697216,50.0,50.0,50.0,50.0,50.0,50.0,50.0,50.0,50.0,50.0,50.0,50.0,0.0,0.0,0.0,0.0,1.0,1.0,1.0,1.0,1.0,1.0,1.0,1.0,1.0,1.0,1.0,1.0,0.5,0.5,0.5,0.5
1788527463.2975051,17,4.725524999230402,3.7589339990518056,4.639537999537424,1.074786,5.722484,9034630,1,1,0.0,0.0,0.0,-0.020929098,0.645404,-1.387174,0.031677734,0.6447825,-1.3930824,-0.039433867,0.63798904,-1.4066833,0.030986488,0.6516441,-1.4039505,-3.75293,-5.3257265,-2.5989628,-1.574371,0.023253143,0.019377619,0.014154087,-0.019377619,0.038755238,-0.012132075,-0.054257333,-0.04263076,0.0,0.0,-0.019377619,0.012132075,-0.04263076,-0.0038755238,0.0,0.027128667,1.0390079,1.3606055,4.4570136,-1.7069415,1.2121758,4.978579,2.1274922,1.7316797,5.4527297,-1.5585117,0.89057815,5.5001445,0.024738282,0.0,0.0,-0.024738282,0.99973357,0.00328054,0.0071713384,-0.021695752,0.0074568503,-0.0021305287,-0.021305285,-0.12210429,-0.16160862,9.490616,0.006248852,0.014481709,-0.043351017,30.66835594177246,2.085087299346924,-0.00089724176,0.22170493,-0.07236226,-0.34536904,-0.09060338,-0.2657087,0.12696296,0.0556366,-0.044593975,0.17719744,0.5318508,-0.56577235,0.075956196,0.18084389,0.32885224,-0.229839,-0.022650845,0.60357285,-1.2682592,-0.00022431044,0.72542626,-1.3180906,0.018989049,0.715211,-1.2177869,-0.011148494,0.7142994,-1.1670372,0.0,0.0,0.0,0.0,0.0,0.0,0.0,0.0,0.0,0.0,0.0,0.0,0.0,0.0,0.0,0.0,0.55636597,-3.4536905,-2.29839,-5.6577234,50.0,50.0,50.0,50.0,50.0,50.0,50.0,50.0,50.0,50.0,50.0,50.0,0.0,0.0,0.0,0.0,1.0,1.0,1.0,1.0,1.0,1.0,1.0,1.0,1.0,1.0,1.0,1.0,0.5,0.5,0.5,0.5
1788527463.3174808,18,4.700147999756155,3.7560219989245525,4.615281999576837,1.064833,5.688115,9034650,1,1,0.0,0.0,0.0,-0.020898819,0.6453434,-1.387174,0.03170801,0.64484304,-1.3930824,-0.039433867,0.63795877,-1.4066991,0.030956209,0.65170467,-1.4039663,-3.75293,-5.325757,-2.5989928,-1.574371,0.03100419,0.015502095,0.026286162,-0.0038755238,0.09301257,-0.010110063,-0.038755238,-0.05813286,0.0020220124,-0.034879714,0.038755238,-0.020220125,-0.038755238,-0.04263076,-0.054257333,-0.019377619,1.0390079,1.3606055,4.504429,-1.6822032,1.2616524,4.978579,2.1274922,1.7316797,5.5001445,-1.5090352,0.89057815,5.594975,0.024738282,-0.024738282,0.024738282,0.0,0.99973124,0.0032783798,0.007159061,-0.02180867,0.0042610574,-0.008522115,-0.011717907,-0.10654198,-0.12808979,9.502586,0.00624343,0.014457772,-0.043577023,30.66835594177246,2.085087299346924,0.0014409143,0.21837568,-0.07139036,-0.33799198,-0.08691285,-0.27608907,0.118852,0.053838022,-0.049936883,0.18917808,0.5210752,-0.5665169,0.07362677,0.16706084,0.3305748,-0.23276171,-0.021728212,0.6009778,-1.2702869,0.0003602286,0.72459394,-1.3178475,0.018406693,0.7117652,-1.2173562,-0.012484221,0.7172945,-1.1697311,0.0,0.0,0.0,0.0,0.0,0.0,0.0,0.0,0.0,0.0,0.0,0.0,0.0,0.0,0.0,0.0,0.5383802,-3.3799198,-2.3276172,-5.665169,50.0,50.0,50.0,50.0,50.0,50.0,50.0,50.0,50.0,50.0,50.0,50.0,0.0,0.0,0.0,0.0,1.0,1.0,1.0,1.0,1.0,1.0,1.0,1.0,1.0,1.0,1.0,1.0,0.5,0.5,0.5,0.5
1788527463.3375607,19,4.774614000780275,3.7766630011901725,4.688244000135455,1.080546,5.77663,9034670,1,1,0.0,0.0,0.0,-0.020898819,0.64531314,-1.3871897,0.03170801,0.6447825,-1.3930824,-0.039403588,0.6379285,-1.4066833,0.030986488,0.6516744,-1.403982,-3.7529,-5.3257265,-2.5989928,-1.574371,0.05038181,-0.054257333,0.0,0.0,0.04263076,-0.0040440247,-0.027128667,-0.054257333,0.0,0.011626571,0.0038755238,-0.032352198,0.0077510476,-0.0038755238,-0.0077510476,0.03100419,1.0390079,1.311129,4.4570136,-1.6822032,1.2616524,4.978579,2.0780158,1.7069415,5.5001445,-1.5090352,0.9400547,5.4527297,0.024738282,0.0,0.0,0.0,0.99973255,0.0032700305,0.0071454216,-0.021752175,-0.0053263213,-0.006391586,0.0053263213,-0.046686932,-0.02873042,9.515755,0.0062281433,0.0144297825,-0.04346419,30.66835594177246,2.050905704498291,0.002278624,0.24822897,-0.061882813,-0.33799976,-0.08124414,-0.2717316,0.1038693,0.057683192,-0.055543214,0.20957585,0.51791644,-0.5628108,0.06950863,0.1543387,0.35652786,-0.23072314,-0.020311035,0.6020671,-1.2740326,0.000569656,0.7320573,-1.3154707,0.017377157,0.70858467,-1.210868,-0.0138858035,0.722394,-1.1705208,0.0,0.0,0.0,0.0,0.0,0.0,0.0,0.0,0.0,0.0,0.0,0.0,0.0,0.0,0.0,0.0,0.57683194,-3.3799977,-2.3072314,-5.628108,50.0,50.0,50.0,50.0,50.0,50.0,50.0,50.0,50.0,50.0,50.0,50.0,0.0,0.0,0.0,0.0,1.0,1.0,1.0,1.0,1.0,1.0,1.0,1.0,1.0,1.0,1.0,1.0,0.5,0.5,0.5,0.5
1788527463.357501,20,4.712820000349893,3.7806309992447495,4.626289999578148,1.080514,5.714516,9034690,1,1,0.0,0.0,0.0,-0.020959377,0.645404,-1.387174,0.031677734,0.64469165,-1.3930665,-0.03937331,0.6380496,-1.4066833,0.030986488,0.6516744,-1.4039663,-3.75293,-5.3257265,-2.5989628,-1.574371,0.0,0.0,0.030330187,-0.0077510476,-0.065883905,0.022242136,0.0,0.027128667,0.0040440247,-0.027128667,0.05038181,0.0060660373,-0.038755238,0.015502095,-0.027128667,0.03100419,1.0390079,1.2863907,4.504429,-1.6822032,1.2616524,4.978579,2.1027539,1.8058946,5.5001445,-1.5585117,0.86583984,5.5001445,0.024738282,-0.024738282,0.0,-0.049476564,0.9997355,0.0032400019,0.0071156435,-0.021635892,-0.0021305287,-0.0042610574,-0.0010652643,-0.04070143,-0.12928689,9.454702,0.0061710575,0.014368217,-0.043232154,30.659500122070312,2.050905704498291,0.0023808647,0.2422126,-0.058441985,-0.34674552,-0.08661631,-0.26731792,0.10519286,0.05896291,-0.052057803,0.1991774,0.527138,-0.5701378,0.07152094,0.16617443,0.33737504,-0.22583082,-0.021654077,0.6031705,-1.2737018,0.0005952162,0.73055315,-1.3146105,0.017880235,0.7115436,-1.2156562,-0.013014451,0.7197944,-1.1682155,0.0,0.0,0.0,0.0,0.0,0.0,0.0,0.0,0.0,0.0,0.0,0.0,0.0,0.0,0.0,0.0,0.5896291,-3.4674551,-2.2583082,-5.701378,50.0,50.0,50.0,50.0,50.0,50.0,50.0,50.0,50.0,50.0,50.0,50.0,0.0,0.0,0.0,0.0,1.0,1.0,1.0,1.0,1.0,1.0,1.0,1.0,1.0,1.0,1.0,1.0,0.5,0.5,0.5,0.5
1788527463.377494,21,4.710260000138078,3.77167100123188,4.623152999556623,1.101666,5.7333,9034710,1,1,0.0,0.0,0.0,-0.020959377,0.645404,-1.387174,0.031677734,0.6447522,-1.3930981,-0.039403588,0.6380496,-1.4066675,0.030986488,0.6516441,-1.4039663,-3.75293,-5.325696,-2.5989628,-1.5744013,0.0077510476,-0.0038755238,0.0020220124,0.0038755238,0.027128667,-0.02426415,-0.038755238,0.019377619,0.042462263,-0.027128667,0.015502095,0.0020220124,-0.027128667,0.046506286,-0.0077510476,-0.019377619,1.0390079,1.2863907,4.4570136,-1.6822032,1.2863907,4.978579,2.1027539,1.7316797,5.5001445,-1.5585117,0.86583984,5.5001445,0.0,0.0,0.0,0.0,0.99973494,0.0032435346,0.0071021514,-0.02166275,-0.0053263213,-0.011717907,-0.008522115,-0.11133038,-0.1400608,9.466674,0.006178319,0.014341557,-0.04328591,30.659500122070312,2.085087299346924,0.0015108008,0.2298623,-0.06006027,-0.3477565,-0.087803,-0.26520926,0.1051854,0.054763824,-0.048352048,0.18883489,0.5423741,-0.5721301,0.071303934,0.16902053,0.33184978,-0.22990261,-0.02195075,0.6036977,-1.2737036,0.0003777002,0.72746557,-1.3150151,0.017825983,0.7122551,-1.2170376,-0.012088012,0.71720874,-1.1644064,0.0,0.0,0.0,0.0,0.0,0.0,0.0,0.0,0.0,0.0,0.0,0.0,0.0,0.0,0.0,0.0,0.54763824,-3.477565,-2.299026,-5.721301,50.0,50.0,50.0,50.0,50.0,50.0,50.0,50.0,50.0,50.0,50.0,50.0,0.0,0.0,0.0,0.0,1.0,1.0,1.0,1.0,1.0,1.0,1.0,1.0,1.0,1.0,1.0,1.0,0.5,0.5,0.5,0.5
1788527463.397509,22,4.72488500054169,3.8043120002839714,4.640594001102727,1.07037,5.71906,9034730,1,1,0.0,0.0,0.0,-0.020959377,0.645404,-1.3871897,0.031677734,0.6447825,-1.3930824,-0.039403588,0.63795877,-1.4066675,0.030956209,0.6516744,-1.403982,-3.7529604,-5.325696,-2.5989628,-1.574371,-0.03100419,0.054257333,0.0,-0.011626571,0.019377619,0.0,-0.0077510476,-0.038755238,0.036396224,-0.038755238,0.027128667,-0.030330187,-0.096888095,0.05813286,0.019377619,0.03100419,1.0390079,1.2863907,4.504429,-1.7069415,1.2121758,4.978579,2.1027539,1.6822032,5.4527297,-1.5585117,0.89057815,5.5001445,0.0,-0.049476564,0.049476564,-0.049476564,0.999732,0.003269698,0.007126294,-0.021785505,-0.010652643,0.0021305287,-0.0074568503,-0.11492168,-0.1352724,9.562442,0.006227827,0.01439173,-0.043530982,30.659500122070312,2.085087299346924,0.0024448615,0.22228763,-0.057695523,-0.34839696,-0.08802602,-0.27609858,0.113692425,0.051682718,-0.051920876,0.1882078,0.5338195,-0.575168,0.067423955,0.17022185,0.32097548,-0.22928067,-0.022006504,0.6009754,-1.2715769,0.00061121536,0.72557193,-1.3144238,0.016855989,0.71255547,-1.2197561,-0.012980219,0.717052,-1.166545,0.0,0.0,0.0,0.0,0.0,0.0,0.0,0.0,0.0,0.0,0.0,0.0,0.0,0.0,0.0,0.0,0.51682717,-3.4839697,-2.2928066,-5.7516804,50.0,50.0,50.0,50.0,50.0,50.0,50.0,50.0,50.0,50.0,50.0,50.0,0.0,0.0,0.0,0.0,1.0,1.0,1.0,1.0,1.0,1.0,1.0,1.0,1.0,1.0,1.0,1.0,0.5,0.5,0.5,0.5
1788527463.417454,23,4.678355000578449,3.7385179984994465,4.596143999151536,1.062146,5.665683,9034750,1,1,0.0,0.0,0.0,-0.020929098,0.64528286,-1.387174,0.031677734,0.6447825,-1.3930981,-0.039433867,0.63795877,-1.4066833,0.03092593,0.65170467,-1.403982,-3.75293,-5.3257265,-2.5989628,-1.574371,-0.034879714,-0.10076362,0.030330187,-0.034879714,0.038755238,-0.030330187,-0.011626571,-0.0038755238,0.0060660373,-0.05813286,0.038755238,-0.030330187,-0.015502095,0.011626571,0.015502095,0.019377619,1.0390079,1.3606055,4.504429,-1.6822032,1.2616524,4.978579,2.1027539,1.7316797,5.5001445,-1.5585117,0.89057815,5.5001445,0.024738282,-0.024738282,0.049476564,0.0,0.9997315,0.0032649406,0.007156031,-0.021800043,0.006391586,-0.012783172,0.003195793,-0.12210429,-0.11851298,9.483433,0.0062168124,0.014451074,-0.043559976,30.659500122070312,2.085087299346924,0.0030088443,0.23985887,-0.04956419,-0.3481436,-0.08551366,-0.26757693,0.1079798,0.05239732,-0.05461268,0.20344736,0.531514,-0.5712313,0.06697577,0.16343026,0.33718365,-0.22737673,-0.021378415,0.6031058,-1.273005,0.0007522111,0.72996473,-1.312391,0.016743943,0.71085757,-1.2157041,-0.01365317,0.72086185,-1.1671214,0.0,0.0,0.0,0.0,0.0,0.0,0.0,0.0,0.0,0.0,0.0,0.0,0.0,0.0,0.0,0.0,0.52397317,-3.481436,-2.2737672,-5.712313,50.0,50.0,50.0,50.0,50.0,50.0,50.0,50.0,50.0,50.0,50.0,50.0,0.0,0.0,0.0,0.0,1.0,1.0,1.0,1.0,1.0,1.0,1.0,1.0,1.0,1.0,1.0,1.0,0.5,0.5,0.5,0.5
1788527463.437476,24,4.7016200005600695,3.7427100014610915,4.620529000021634,1.082466,5.710932,9034770,1,1,0.0,0.0,0.0,-0.020959377,0.645404,-1.3871582,0.031677734,0.6447522,-1.3930824,-0.039403588,0.63798904,-1.4066833,0.030986488,0.65170467,-1.403982,-3.75293,-5.3257265,-2.5989928,-1.5744013,-0.034879714,0.065883905,0.04044025,0.019377619,0.046506286,0.0,0.0038755238,-0.046506286,0.020220125,0.019377619,0.081386,-0.020220125,-0.038755238,0.011626571,-0.046506286,-0.023253143,1.0390079,1.3606055,4.4570136,-1.6822032,1.2616524,4.978579,2.1274922,1.7316797,5.5001445,-1.5585117,0.86583984,5.5001445,0.024738282,-0.024738282,0.0,0.0,0.999734,0.0032802983,0.0071624946,-0.02168324,0.003195793,-0.0010652643,0.012783172,-0.022744916,-0.089782566,9.548077,0.006248932,0.014463938,-0.043326035,30.659500122070312,2.085087299346924,0.0037171375,0.23858517,-0.05461519,-0.35064247,-0.08125933,-0.2899552,0.11138856,0.047733054,-0.058655247,0.20786215,0.51002854,-0.5711391,0.06574818,0.14997542,0.34192052,-0.22454113,-0.020314833,0.59751123,-1.2721528,0.0009292844,0.7296463,-1.3136537,0.016437044,0.7074939,-1.2145199,-0.014663812,0.72196555,-1.1724929,0.0,0.0,0.0,0.0,0.0,0.0,0.0,0.0,0.0,0.0,0.0,0.0,0.0,0.0,0.0,0.0,0.47733054,-3.5064247,-2.2454114,-5.711391,50.0,50.0,50.0,50.0,50.0,50.0,50.0,50.0,50.0,50.0,50.0,50.0,0.0,0.0,0.0,0.0,1.0,1.0,1.0,1.0,1.0,1.0,1.0,1.0,1.0,1.0,1.0,1.0,0.5,0.5,0.5,0.5
1788527463.4562438,25,3.46215700119501,2.4284609989990713,3.3584419998078374,1.098498,4.466732,9034790,1,1,0.0,0.0,0.0,-0.020959377,0.645404,-1.387174,0.031677734,0.64469165,-1.3930665,-0.039403588,0.6380496,-1.4066675,0.031016767,0.6516441,-1.403982,-3.7529,-5.325757,-2.5989928,-1.5744013,-0.015502095,-0.0038755238,0.018198112,0.05038181,0.0,-0.026286162,-0.027128667,0.0038755238,0.050550308,0.011626571,-0.019377619,-0.018198112,-0.015502095,-0.05038181,-0.054257333,0.0038755238,1.0390079,1.2863907,4.4570136,-1.6822032,1.2616524,4.978579,2.0780158,1.7316797,5.4527297,-1.5585117,0.89057815,5.5001445,0.0,-0.049476564,0.024738282,0.0,0.99973553,0.0032646211,0.007157835,-0.021612192,0.003195793,0.006391586,-0.0021305287,-0.033518825,-0.15682021,9.546879,0.006218812,0.014453499,-0.043184146,30.659500122070312,2.085087299346924,0.001976369,0.23381269,-0.058631416,-0.35075322,-0.08659009,-0.28084195,0.12918714,0.04600185,-0.053552248,0.19836181,0.5191578,-0.56929415,0.07003309,0.16514198,0.34595174,-0.22449736,-0.021647522,0.5997895,-1.2677032,0.00049409224,0.72845316,-1.3146578,0.017508272,0.71128553,-1.2135121,-0.013388062,0.7195905,-1.1702105,0.0,0.0,0.0,0.0,0.0,0.0,0.0,0.0,0.0,0.0,0.0,0.0,0.0,0.0,0.0,0.0,0.46001852,-3.5075321,-2.2449737,-5.6929417,50.0,50.0,50.0,50.0,50.0,50.0,50.0,50.0,50.0,50.0,50.0,50.0,0.0,0.0,0.0,0.0,1.0,1.0,1.0,1.0,1.0,1.0,1.0,1.0,1.0,1.0,1.0,1.0,0.5,0.5,0.5,0.5
1788527463.477673,26,4.904826999336365,3.8689539996994426,4.805558999578352,1.083938,5.897529,9034810,1,1,0.0,0.0,0.0,-0.020959377,0.6453737,-1.387174,0.031677734,0.6447522,-1.3930824,-0.039403588,0.63798904,-1.4067149,0.030986488,0.6516441,-1.403982,-3.75293,-5.325696,-2.5989323,-1.574371,-0.046506286,-0.038755238,0.028308174,-0.015502095,0.038755238,0.0,-0.038755238,-0.038755238,-0.03437421,0.0,-0.046506286,-0.026286162,-0.038755238,0.077510476,0.054257333,0.023253143,1.0390079,1.3606055,4.4570136,-1.7069415,1.2616524,4.883749,2.1274922,1.6822032,5.5001445,-1.5585117,0.89057815,5.5001445,0.024738282,-0.049476564,0.0,-0.024738282,0.9997331,0.0033012466,0.007124423,-0.021730876,0.009587379,-0.013848436,-0.02450108,-0.108936176,-0.19991584,9.498995,0.0062917834,0.014389018,-0.04342125,30.66835594177246,2.085087299346924,-0.0033850186,0.21605182,-0.08155115,-0.3513847,-0.092811,-0.26309925,0.13972527,0.052560844,-0.042419553,0.17204913,0.5396486,-0.5721364,0.07759651,0.18688576,0.33525583,-0.23267125,-0.02320275,0.6042252,-1.2650687,-0.00084625464,0.724013,-1.3203877,0.019399127,0.7167215,-1.216186,-0.010604888,0.7130123,-1.1650878,0.0,0.0,0.0,0.0,0.0,0.0,0.0,0.0,0.0,0.0,0.0,0.0,0.0,0.0,0.0,0.0,0.5256084,-3.5138469,-2.3267124,-5.721364,50.0,50.0,50.0,50.0,50.0,50.0,50.0,50.0,50.0,50.0,50.0,50.0,0.0,0.0,0.0,0.0,1.0,1.0,1.0,1.0,1.0,1.0,1.0,1.0,1.0,1.0,1.0,1.0,0.5,0.5,0.5,0.5
1788527463.4976122,27,4.825848000109545,3.841239999019308,4.73765300012019,1.053985,5.799671,9034830,1,1,0.0,0.0,0.0,-0.020898819,0.6453737,-1.3872213,0.03170801,0.6447522,-1.3930824,-0.039403588,0.63798904,-1.4066991,0.030986488,0.65170467,-1.4039663,-3.75293,-5.3257265,-2.5989628,-1.574371,0.06975943,0.034879714,-0.050550308,-0.019377619,-0.019377619,-0.0060660373,0.019377619,0.054257333,-0.010110063,0.0,0.023253143,0.014154087,-0.0038755238,0.015502095,0.015502095,0.027128667,1.0390079,1.2863907,4.4570136,-1.6822032,1.2616524,4.978579,2.1027539,1.7316797,5.4527297,-1.5585117,0.89057815,5.5001445,0.024738282,-0.024738282,0.0,-0.049476564,0.999731,0.0032986293,0.007125152,-0.021825396,0.008522115,-0.010652643,-0.0010652643,-0.130484,-0.079008654,9.465476,0.006285157,0.014390955,-0.04361038,30.66835594177246,2.085087299346924,-0.0054299515,0.23643664,-0.07854179,-0.3448262,-0.08784933,-0.27173743,0.12278739,0.051698036,-0.048105583,0.19521374,0.517816,-0.5661315,0.07605065,0.16695292,0.34481397,-0.23110327,-0.021962332,0.6020657,-1.2693031,-0.0013574879,0.72910917,-1.3196354,0.019012662,0.7117382,-1.2137965,-0.012026396,0.71880347,-1.1705459,0.0,0.0,0.0,0.0,0.0,0.0,0.0,0.0,0.0,0.0,0.0,0.0,0.0,0.0,0.0,0.0,0.51698035,-3.448262,-2.3110328,-5.661315,50.0,50.0,50.0,50.0,50.0,50.0,50.0,50.0,50.0,50.0,50.0,50.0,0.0,0.0,0.0,0.0,1.0,1.0,1.0,1.0,1.0,1.0,1.0,1.0,1.0,1.0,1.0,1.0,0.5,0.5,0.5,0.5
1788527463.517386,28,4.609265000908636,3.6994759993831394,4.537839000477106,1.06781,5.613041,9034850,1,1,0.0,0.0,0.0,-0.02086854,0.6453737,-1.387174,0.031677734,0.6447522,-1.3930824,-0.039403588,0.6379285,-1.4066991,0.030986488,0.6516744,-1.4039663,-3.75293,-5.3257265,-2.5989928,-1.5744013,0.09301257,0.038755238,0.03437421,-0.05038181,0.038755238,-0.0060660373,-0.0077510476,-0.019377619,-0.010110063,0.0038755238,0.0038755238,0.0060660373,-0.054257333,0.027128667,-0.04263076,-0.011626571,0.9895313,1.2863907,4.4570136,-1.6822032,1.1874375,4.978579,2.1027539,1.6822032,5.4527297,-1.5585117,0.89057815,5.5001445,0.0,0.0,0.024738282,0.0,0.9997318,0.0033010484,0.0071207993,-0.021791965,-0.008522115,0.0,0.023435814,-0.05267244,-0.04309563,9.471462,0.0062906654,0.014382147,-0.043543488,30.659500122070312,2.085087299346924,0.00423068,0.248339,-0.055986483,-0.3441596,-0.081821986,-0.28714874,0.09152723,0.052472554,-0.05816055,0.21890837,0.50478405,-0.56756467,0.066330105,0.1425515,0.35356224,-0.23234643,-0.020455496,0.59821284,-1.2771181,0.00105767,0.73208475,-1.3139966,0.016582526,0.7056379,-1.2116094,-0.014540138,0.7247271,-1.1738039,0.0,0.0,0.0,0.0,0.0,0.0,0.0,0.0,0.0,0.0,0.0,0.0,0.0,0.0,0.0,0.0,0.52472556,-3.441596,-2.3234644,-5.675647,50.0,50.0,50.0,50.0,50.0,50.0,50.0,50.0,50.0,50.0,50.0,50.0,0.0,0.0,0.0,0.0,1.0,1.0,1.0,1.0,1.0,1.0,1.0,1.0,1.0,1.0,1.0,1.0,0.5,0.5,0.5,0.5
1788527463.537504,29,4.725140999653377,3.780822999033262,4.655187000025762,1.058049,5.720212,9034870,1,1,0.0,0.0,0.0,-0.020929098,0.645404,-1.3871582,0.031677734,0.6447219,-1.3930981,-0.039403588,0.6380496,-1.4066991,0.030986488,0.6516744,-1.403982,-3.7529,-5.3257265,-2.5989628,-1.574371,0.04263076,0.0038755238,0.044484273,0.0077510476,0.034879714,-0.030330187,-0.054257333,0.027128667,-0.0060660373,-0.027128667,0.038755238,-0.020220125,-0.015502095,0.038755238,-0.019377619,0.038755238,1.0390079,1.3606055,4.504429,-1.6822032,1.2863907,4.978579,2.1027539,1.7069415,5.5001445,-1.5090352,0.9400547,5.5001445,0.0,-0.024738282,0.0,0.0,0.99973446,0.003278571,0.00710684,-0.02167649,-0.0074568503,-0.0074568503,0.003195793,-0.0011971008,-0.1316811,9.4774475,0.006247981,0.014352535,-0.04331287,30.659500122070312,2.050905704498291,0.0048087556,0.23195943,-0.04782869,-0.34669015,-0.08504083,-0.28232616,0.098601244,0.053594418,-0.054807417,0.2035905,0.51648337,-0.56747174,0.06825826,0.15505344,0.33321,-0.22555198,-0.021260208,0.59941846,-1.2753496,0.0012021889,0.72798985,-1.3119571,0.017064566,0.70876336,-1.2166975,-0.013701854,0.7208976,-1.1708791,0.0,0.0,0.0,0.0,0.0,0.0,0.0,0.0,0.0,0.0,0.0,0.0,0.0,0.0,0.0,0.0,0.53594416,-3.4669015,-2.2555199,-5.6747174,50.0,50.0,50.0,50.0,50.0,50.0,50.0,50.0,50.0,50.0,50.0,50.0,0.0,0.0,0.0,0.0,1.0,1.0,1.0,1.0,1.0,1.0,1.0,1.0,1.0,1.0,1.0,1.0,0.5,0.5,0.5,0.5
1788527463.5575101,30,4.7250129991880385,3.759605999221094,4.640465998818399,1.038176,5.68581,9034890,1,1,0.0,0.0,0.0,-0.020929098,0.6453737,-1.387174,0.031647455,0.6447219,-1.3930981,-0.039403588,0.6380193,-1.4066991,0.030986488,0.6516441,-1.403982,-3.75293,-5.3257265,-2.5989628,-1.5744013,0.05038181,-0.05813286,0.0080880495,-0.05813286,0.034879714,-0.02426415,-0.038755238,-0.04263076,-0.0040440247,-0.034879714,0.0,-0.030330187,-0.038755238,0.015502095,0.0,0.0,1.0390079,1.2863907,4.409599,-1.6822032,1.2863907,4.978579,2.1027539,1.7069415,5.5001445,-1.5585117,0.89057815,5.5001445,0.0,-0.024738282,0.0,-0.024738282,0.999734,0.0032637394,0.007118169,-0.02169897,-0.003195793,0.0,-0.010652643,-0.088585466,-0.1400608,9.465476,0.00621751,0.014374686,-0.04335799,30.659500122070312,2.085087299346924,0.0031594168,0.2243186,-0.05556875,-0.3467995,-0.087534465,-0.26611212,0.106670044,0.05681832,-0.04832834,0.19250454,0.5276735,-0.5678222,0.069031544,0.16724719,0.32538354,-0.2317402,-0.021883616,0.603472,-1.2733325,0.0007898542,0.72607964,-1.3138921,0.017257886,0.71181184,-1.218654,-0.012082085,0.7181262,-1.1680815,0.0,0.0,0.0,0.0,0.0,0.0,0.0,0.0,0.0,0.0,0.0,0.0,0.0,0.0,0.0,0.0,0.5681832,-3.467995,-2.3174021,-5.678222,50.0,50.0,50.0,50.0,50.0,50.0,50.0,50.0,50.0,50.0,50.0,50.0,0.0,0.0,0.0,0.0,1.0,1.0,1.0,1.0,1.0,1.0,1.0,1.0,1.0,1.0,1.0,1.0,0.5,0.5,0.5,0.5
1788527463.577592,31,4.807799999980489,3.790775999732432,4.712723999546142,1.117123,5.838935,9034909,1,1,0.0,0.0,0.0,-0.020898819,0.6453737,-1.3871897,0.031677734,0.6447522,-1.3930665,-0.039464146,0.63798904,-1.4066675,0.03092593,0.6516744,-1.403982,-3.7529,-5.325696,-2.5989628,-1.574371,0.08526152,-0.015502095,0.0,-0.023253143,0.0,0.016176099,-0.06975943,0.015502095,0.052572325,-0.07363495,-0.0077510476,-0.020220125,0.015502095,0.06200838,0.023253143,0.019377619,1.0390079,1.3606055,4.4570136,-1.6822032,1.2616524,4.883749,2.1522305,1.7316797,5.4053144,-1.5585117,0.89057815,5.5001445,0.024738282,-0.024738282,0.0,-0.049476564,0.99973136,0.003286909,0.0071154064,-0.021817364,0.0042610574,0.0010652643,-0.010652643,-0.130484,-0.12210429,9.576807,0.006262259,0.014370908,-0.04359454,30.66835594177246,2.085087299346924,0.004952276,0.22971147,-0.057871528,-0.33932844,-0.08691095,-0.27005202,0.103756145,0.061018713,-0.05159291,0.19733933,0.53172374,-0.56797266,0.068561,0.16334677,0.31608513,-0.22809759,-0.021727737,0.602487,-1.274061,0.001238069,0.7274279,-1.3144678,0.01714025,0.7108367,-1.2209786,-0.012898227,0.71933484,-1.167069,0.0,0.0,0.0,0.0,0.0,0.0,0.0,0.0,0.0,0.0,0.0,0.0,0.0,0.0,0.0,0.0,0.6101871,-3.3932843,-2.2809758,-5.6797266,50.0,50.0,50.0,50.0,50.0,50.0,50.0,50.0,50.0,50.0,50.0,50.0,0.0,0.0,0.0,0.0,1.0,1.0,1.0,1.0,1.0,1.0,1.0,1.0,1.0,1.0,1.0,1.0,0.5,0.5,0.5,0.5
1788527463.5971122,32,4.323239998484496,3.328360999148572,4.216163999444689,1.081698,5.305895,9034930,1,1,0.0,0.0,0.0,-0.020898819,0.6453434,-1.3872056,0.03170801,0.6447825,-1.3930824,-0.039464146,0.6379285,-1.4066833,0.030956209,0.65170467,-1.403982,-3.75293,-5.325757,-2.5989928,-1.574371,0.038755238,0.0038755238,-0.010110063,0.0038755238,0.06975943,-0.018198112,-0.09301257,-0.038755238,0.016176099,-0.0038755238,0.046506286,-0.022242136,-0.011626571,-0.015502095,-0.05813286,0.027128667,1.0390079,1.3853438,4.504429,-1.6822032,1.2616524,4.978579,2.1027539,1.6822032,5.5001445,-1.58325,0.8411016,5.5001445,0.024738282,-0.049476564,0.049476564,0.0,0.99973065,0.003290429,0.0071228566,-0.021846082,-0.003195793,-0.0021305287,0.010652643,-0.130484,-0.08379706,9.57561,0.0062685614,0.014386138,-0.043651897,30.659500122070312,2.016723871231079,0.008587355,0.2416484,-0.041390512,-0.33517033,-0.07924505,-0.28336957,0.087259315,0.056759983,-0.059578575,0.21516019,0.5249393,-0.56622225,0.061421163,0.1415183,0.33562648,-0.22818771,-0.019811263,0.59915763,-1.2781851,0.0021468387,0.7304121,-1.3103476,0.015355291,0.7053796,-1.2160933,-0.014894644,0.72379005,-1.1687651,0.0,0.0,0.0,0.0,0.0,0.0,0.0,0.0,0.0,0.0,0.0,0.0,0.0,0.0,0.0,0.0,0.56759983,-3.3517032,-2.281877,-5.6622224,50.0,50.0,50.0,50.0,50.0,50.0,50.0,50.0,50.0,50.0,50.0,50.0,0.0,0.0,0.0,0.0,1.0,1.0,1.0,1.0,1.0,1.0,1.0,1.0,1.0,1.0,1.0,1.0,0.5,0.5,0.5,0.5
1788527463.6169326,33,4.148034000536427,3.127362000668654,4.044095001518144,1.136772,5.189059,9034950,1,1,0.0,0.0,0.0,-0.020959377,0.6453737,-1.387174,0.031677734,0.6447219,-1.3930981,-0.039433867,0.63798904,-1.4066991,0.030986488,0.6516744,-1.4039663,-3.75293,-5.3257265,-2.5989628,-1.574371,-0.034879714,0.011626571,0.020220125,0.0038755238,0.0038755238,-0.030330187,-0.05038181,-0.027128667,0.0020220124,-0.0077510476,0.011626571,0.010110063,-0.038755238,-0.0077510476,0.011626571,0.03100419,1.0390079,1.2863907,4.4570136,-1.6822032,1.2616524,4.883749,2.1027539,1.6822032,5.4053144,-1.5585117,0.86583984,5.5001445,0.049476564,0.0,0.0,-0.024738282,0.9997332,0.0032688729,0.0071189026,-0.021734912,0.008522115,-0.0021305287,0.025566343,-0.027533319,-0.10295067,9.556456,0.006227226,0.014376599,-0.043429825,30.659500122070312,2.050905704498291,0.0068496782,0.2512978,-0.03302272,-0.3406821,-0.07776725,-0.2863882,0.08337092,0.055448875,-0.0654353,0.22434354,0.52196807,-0.566333,0.06015157,0.13644837,0.3486267,-0.22217757,-0.019441813,0.598403,-1.2791573,0.0017124196,0.73282444,-1.3082557,0.015037892,0.7041121,-1.2128433,-0.016358824,0.7260859,-1.169508,0.0,0.0,0.0,0.0,0.0,0.0,0.0,0.0,0.0,0.0,0.0,0.0,0.0,0.0,0.0,0.0,0.5544888,-3.4068208,-2.2217755,-5.66333,50.0,50.0,50.0,50.0,50.0,50.0,50.0,50.0,50.0,50.0,50.0,50.0,0.0,0.0,0.0,0.0,1.0,1.0,1.0,1.0,1.0,1.0,1.0,1.0,1.0,1.0,1.0,1.0,0.5,0.5,0.5,0.5
1788527463.6375914,34,4.814775000340887,3.8358649999281624,4.727637000542018,1.080674,5.815351,9034970,1,1,0.0,0.0,0.0,-0.020959377,0.645404,-1.387174,0.031677734,0.64469165,-1.3930981,-0.03937331,0.6380496,-1.4066833,0.030986488,0.6516441,-1.4039979,-3.75293,-5.325696,-2.5989628,-1.5744013,0.0,-0.0077510476,0.0,0.0,-0.011626571,-0.028308174,-0.0077510476,0.0,0.030330187,-0.034879714,0.0077510476,-0.056616347,-0.06200838,0.07363495,0.011626571,-0.05038181,1.0637461,1.3853438,4.504429,-1.6822032,1.2121758,4.883749,2.0780158,1.6822032,5.5001445,-1.58325,0.89057815,5.5001445,0.024738282,-0.024738282,0.0,0.0,0.9997349,0.0032475602,0.00711801,-0.021658067,-0.006391586,0.006391586,0.0,-0.06464344,-0.1436521,9.548077,0.006185752,0.014373412,-0.043276392,30.659500122070312,2.016723871231079,0.002912907,0.23923206,-0.046449818,-0.34390152,-0.08419459,-0.2721904,0.106791414,0.05461309,-0.05488068,0.20191489,0.52768815,-0.5712068,0.0663424,0.1608848,0.33832523,-0.22185948,-0.021048648,0.60195243,-1.2733021,0.00072822673,0.72980803,-1.3116124,0.0165856,0.71022123,-1.2154187,-0.01372017,0.7204787,-1.168078,0.0,0.0,0.0,0.0,0.0,0.0,0.0,0.0,0.0,0.0,0.0,0.0,0.0,0.0,0.0,0.0,0.5461309,-3.4390152,-2.2185948,-5.712068,50.0,50.0,50.0,50.0,50.0,50.0,50.0,50.0,50.0,50.0,50.0,50.0,0.0,0.0,0.0,0.0,1.0,1.0,1.0,1.0,1.0,1.0,1.0,1.0,1.0,1.0,1.0,1.0,0.5,0.5,0.5,0.5
1788527463.657403,35,4.627025999070611,3.7244689992803615,4.553615999611793,1.068961,5.628977,9034990,1,1,0.0,0.0,0.0,-0.020929098,0.6453737,-1.3871897,0.031677734,0.64469165,-1.3930981,-0.039403588,0.6380193,-1.4066991,0.030986488,0.6516744,-1.4039663,-3.75293,-5.325696,-2.5989928,-1.5744013,0.038755238,-0.038755238,-0.010110063,-0.019377619,-0.065883905,-0.020220125,-0.015502095,0.0038755238,-0.0080880495,0.0,0.038755238,0.0080880495,-0.038755238,0.081386,-0.023253143,0.038755238,1.0390079,1.311129,4.409599,-1.6822032,1.2863907,4.978579,2.1027539,1.7316797,5.4527297,-1.5585117,0.89057815,5.4527297,0.0,-0.024738282,0.049476564,-0.024738282,0.999733,0.0032638933,0.007140487,-0.02173825,0.0053263213,0.008522115,-0.009587379,-0.16160862,-0.18076223,9.491813,0.0062162853,0.014419563,-0.04343645,30.659500122070312,2.050905704498291,-0.001055466,0.24071819,-0.07170634,-0.34396297,-0.08977011,-0.26738334,0.1246813,0.053426117,-0.050802022,0.19257721,0.52029383,-0.57202584,0.072146475,0.17318586,0.3393337,-0.228967,-0.022442527,0.6031542,-1.2688296,-0.0002638665,0.73017955,-1.3179265,0.018036619,0.7132965,-1.2151666,-0.012700506,0.7181443,-1.1699265,0.0,0.0,0.0,0.0,0.0,0.0,0.0,0.0,0.0,0.0,0.0,0.0,0.0,0.0,0.0,0.0,0.53426117,-3.4396296,-2.28967,-5.720258,50.0,50.0,50.0,50.0,50.0,50.0,50.0,50.0,50.0,50.0,50.0,50.0,0.0,0.0,0.0,0.0,1.0,1.0,1.0,1.0,1.0,1.0,1.0,1.0,1.0,1.0,1.0,1.0,0.5,0.5,0.5,0.5
1788527463.6774867,36,4.7132689996942645,3.819801000645384,4.64340999860724,1.08541,5.735765,9035010,1,1,0.0,0.0,0.0,-0.020929098,0.64531314,-1.3871897,0.031677734,0.6447825,-1.3930824,-0.039433867,0.63795877,-1.4066833,0.03092593,0.65170467,-1.403982,-3.75293,-5.3257265,-2.5990233,-1.574371,-0.046506286,-0.08526152,0.0040440247,-0.077510476,0.046506286,0.0,-0.027128667,0.0,0.022242136,-0.08526152,0.038755238,-0.018198112,-0.038755238,0.015502095,-0.027128667,0.011626571,1.0390079,1.3606055,4.4570136,-1.7069415,1.2616524,4.883749,2.1027539,1.7316797,5.5001445,-1.5090352,0.86583984,5.594975,0.0,-0.024738282,0.024738282,-0.024738282,0.9997304,0.0032784939,0.0071500237,-0.021848392,-0.0021305287,-0.012783172,-0.008522115,-0.07062895,-0.12449849,9.533711,0.0062434776,0.0144399535,-0.043656535,30.659500122070312,2.050905704498291,0.0037560817,0.23391986,-0.054693338,-0.35080838,-0.08894975,-0.2592755,0.10167702,0.060043305,-0.052608542,0.19121432,0.5467443,-0.57530946,0.06757726,0.16903709,0.32669142,-0.23193842,-0.022237437,0.60518116,-1.2745807,0.0009390204,0.72848,-1.3136733,0.016894314,0.7122593,-1.218327,-0.013152136,0.7178036,-1.1633139,0.0,0.0,0.0,0.0,0.0,0.0,0.0,0.0,0.0,0.0,0.0,0.0,0.0,0.0,0.0,0.0,0.60043305,-3.5080838,-2.319384,-5.7530947,50.0,50.0,50.0,50.0,50.0,50.0,50.0,50.0,50.0,50.0,50.0,50.0,0.0,0.0,0.0,0.0,1.0,1.0,1.0,1.0,1.0,1.0,1.0,1.0,1.0,1.0,1.0,1.0,0.5,0.5,0.5,0.5
1788527463.6974106,37,4.641457999241538,3.808727999057737,4.576944000291405,1.101666,5.684978,9035030,1,1,0.0,0.0,0.0,-0.020898819,0.6453434,-1.3871897,0.03173829,0.6447522,-1.3930665,-0.039464146,0.6379285,-1.4066833,0.030986488,0.65170467,-1.403982,-3.75293,-5.325696,-2.5989928,-1.5743407,0.034879714,0.0077510476,0.0020220124,0.05813286,0.06200838,0.030330187,-0.10076362,-0.05038181,0.020220125,0.0,0.05813286,-0.016176099,-0.046506286,0.06975943,-0.034879714,0.06200838,0.9895313,1.3606055,4.4570136,-1.7069415,1.2863907,5.0259943,2.1027539,1.7069415,5.4053144,-1.5585117,0.9400547,5.5001445,0.0,0.0,0.049476564,0.0,0.9997318,0.003268583,0.007151998,-0.02178791,-0.008522115,-0.009587379,0.015978964,-0.04189853,-0.10534488,9.463082,0.0062244465,0.014443093,-0.043535672,30.659500122070312,2.016723871231079,0.008613566,0.23535746,-0.025282472,-0.33949274,-0.078687966,-0.28793144,0.08406496,0.05068192,-0.06451633,0.21902764,0.5280985,-0.56421953,0.05995641,0.136734,0.33923155,-0.22476044,-0.019671991,0.59801716,-1.2789837,0.0021533915,0.7288394,-1.3063205,0.014989102,0.7041835,-1.2151921,-0.016129082,0.72475696,-1.1679753,0.0,0.0,0.0,0.0,0.0,0.0,0.0,0.0,0.0,0.0,0.0,0.0,0.0,0.0,0.0,0.0,0.5068192,-3.3949275,-2.2476044,-5.642195,50.0,50.0,50.0,50.0,50.0,50.0,50.0,50.0,50.0,50.0,50.0,50.0,0.0,0.0,0.0,0.0,1.0,1.0,1.0,1.0,1.0,1.0,1.0,1.0,1.0,1.0,1.0,1.0,0.5,0.5,0.5,0.5
1788527463.7177193,38,4.939804000969161,3.93461999919964,4.858807998971315,1.051457,5.917371,9035050,1,1,0.0,0.0,0.0,-0.020929098,0.6453737,-1.3871897,0.031677734,0.64469165,-1.3930824,-0.03934303,0.6380193,-1.4066991,0.031016767,0.6516441,-1.403982,-3.75293,-5.3257265,-2.5989628,-1.574371,0.038755238,-0.038755238,-0.010110063,0.0038755238,-0.0038755238,0.0060660373,0.054257333,-0.027128667,0.0020220124,0.019377619,0.0077510476,-0.020220125,-0.038755238,0.011626571,0.0,0.027128667,1.0390079,1.3606055,4.504429,-1.7069415,1.2616524,4.978579,2.0780158,1.7069415,5.5001445,-1.5585117,0.89057815,5.5001445,0.024738282,-0.024738282,0.049476564,0.0,0.9997347,0.0032593631,0.0071356827,-0.02166014,-0.009587379,-0.0010652643,0.0074568503,-0.016759412,-0.1436521,9.5013895,0.0062085604,0.014409274,-0.043280274,30.659500122070312,2.016723871231079,0.0033341814,0.2517402,-0.05651241,-0.34494817,-0.08085281,-0.27783495,0.10684385,0.053755075,-0.057513267,0.21321787,0.51731986,-0.56505245,0.06630111,0.15250526,0.35677916,-0.2244618,-0.020213202,0.6005413,-1.273289,0.00083354535,0.7329351,-1.314128,0.016575277,0.7081263,-1.2108052,-0.014378317,0.7233045,-1.17067,0.0,0.0,0.0,0.0,0.0,0.0,0.0,0.0,0.0,0.0,0.0,0.0,0.0,0.0,0.0,0.0,0.53755075,-3.4494817,-2.244618,-5.6505246,50.0,50.0,50.0,50.0,50.0,50.0,50.0,50.0,50.0,50.0,50.0,50.0,0.0,0.0,0.0,0.0,1.0,1.0,1.0,1.0,1.0,1.0,1.0,1.0,1.0,1.0,1.0,1.0,0.5,0.5,0.5,0.5
1788527463.7375515,39,4.77205399874947,3.7788070003443863,4.682290998971439,1.076194,5.766102,9035070,1,1,0.0,0.0,0.0,-0.020959377,0.6453737,-1.387174,0.031677734,0.64469165,-1.3930981,-0.03934303,0.6380193,-1.4066991,0.030956209,0.6516441,-1.403982,-3.75293,-5.325757,-2.5989628,-1.5744013,0.05038181,-0.05038181,0.020220125,0.015502095,-0.023253143,-0.022242136,0.081386,-0.038755238,0.0060660373,-0.08526152,0.0038755238,-0.018198112,-0.03100419,-0.019377619,0.015502095,0.0,1.0390079,1.2863907,4.4570136,-1.6822032,1.2616524,4.883749,2.1027539,1.7316797,5.5001445,-1.5585117,0.9400547,5.5001445,0.024738282,0.0,0.0,0.0,0.9997342,0.0032315261,0.00715342,-0.021679474,-0.015978964,-0.0010652643,-0.015978964,-0.075417355,-0.17717093,9.51336,0.0061518494,0.014443655,-0.04331926,30.66835594177246,2.050905704498291,-0.0015371311,0.23985896,-0.07235133,-0.3541106,-0.09016755,-0.2574361,0.12081165,0.05724842,-0.04681796,0.1911015,0.5180007,-0.56835675,0.0757462,0.18056801,0.3393718,-0.22961575,-0.022541888,0.605641,-1.2697971,-0.0003842828,0.72996473,-1.3180878,0.01893655,0.715142,-1.215157,-0.01170449,0.7177754,-1.1704998,0.0,0.0,0.0,0.0,0.0,0.0,0.0,0.0,0.0,0.0,0.0,0.0,0.0,0.0,0.0,0.0,0.5724842,-3.541106,-2.2961574,-5.6835675,50.0,50.0,50.0,50.0,50.0,50.0,50.0,50.0,50.0,50.0,50.0,50.0,0.0,0.0,0.0,0.0,1.0,1.0,1.0,1.0,1.0,1.0,1.0,1.0,1.0,1.0,1.0,1.0,0.5,0.5,0.5,0.5
1788527463.75758,40,4.8009509991970845,3.7958630000503035,4.718389000117895,1.116483,5.843224,9035090,1,1,0.0,0.0,0.0,-0.020959377,0.6453434,-1.3871897,0.03170801,0.64481276,-1.3930824,-0.039433867,0.63798904,-1.4066833,0.030956209,0.65170467,-1.403982,-3.75293,-5.3257265,-2.5989928,-1.574371,-0.0077510476,-0.07363495,0.020220125,0.034879714,0.13564333,-0.0060660373,-0.023253143,-0.0038755238,-0.0080880495,-0.038755238,-0.0077510476,-0.020220125,-0.027128667,0.03100419,-0.046506286,0.015502095,1.0390079,1.3606055,4.4570136,-1.6822032,1.2121758,4.883749,2.1027539,1.7069415,5.4527297,-1.5585117,0.89057815,5.4527297,0.024738282,-0.024738282,0.0,-0.024738282,0.9997314,0.0032517186,0.0071741,-0.021801649,-0.018109493,0.0042610574,-0.012783172,-0.1388637,-0.10055647,9.519346,0.0061895633,0.014486638,-0.043563277,30.66835594177246,2.050905704498291,0.0020553712,0.2132155,-0.051037807,-0.34608385,-0.08817081,-0.26239464,0.10671689,0.049066976,-0.046291187,0.19083153,0.52796763,-0.5689539,0.0706805,0.17331508,0.32578874,-0.23537399,-0.022042703,0.60440135,-1.2733207,0.0005138428,0.7233039,-1.3127594,0.017670125,0.7133288,-1.2185528,-0.011572797,0.7177079,-1.1680081,0.0,0.0,0.0,0.0,0.0,0.0,0.0,0.0,0.0,0.0,0.0,0.0,0.0,0.0,0.0,0.0,0.49066976,-3.4608386,-2.35374,-5.689539,50.0,50.0,50.0,50.0,50.0,50.0,50.0,50.0,50.0,50.0,50.0,50.0,0.0,0.0,0.0,0.0,1.0,1.0,1.0,1.0,1.0,1.0,1.0,1.0,1.0,1.0,1.0,1.0,0.5,0.5,0.5,0.5
1788527463.7774732,41,4.68053099939425,3.7074449992360314,4.592529001456569,1.120771,5.721492,9035110,1,1,0.0,0.0,0.0,-0.020898819,0.64531314,-1.3872056,0.03170801,0.6447825,-1.3930824,-0.039433867,0.63795877,-1.4066991,0.03092593,0.65170467,-1.4039663,-3.7529,-5.325696,-2.5989928,-1.5744013,0.038755238,-0.07363495,-0.010110063,0.0038755238,0.038755238,-0.020220125,0.0,0.0,0.0020220124,-0.06200838,0.038755238,0.0040440247,0.019377619,0.06200838,-0.038755238,-0.038755238,1.0390079,1.3606055,4.4570136,-1.6822032,1.2616524,4.883749,2.1027539,1.7069415,5.4053144,-1.58325,0.89057815,5.4527297,0.024738282,-0.049476564,0.049476564,-0.024738282,0.99973094,0.003255066,0.0071573486,-0.021827118,0.003195793,-0.0074568503,0.009587379,-0.1376666,-0.06584055,9.57561,0.0061966176,0.014453446,-0.043614276,30.66835594177246,2.016723871231079,0.0048479717,0.24529994,-0.04926307,-0.34282526,-0.08393991,-0.2736999,0.09699113,0.053844206,-0.059890658,0.21702239,0.51456547,-0.56639427,0.06707311,0.15311661,0.34475815,-0.23448642,-0.020984977,0.601575,-1.2757522,0.0012119929,0.73132503,-1.3123157,0.016768277,0.7082792,-1.2138104,-0.014972664,0.7242556,-1.1713586,0.0,0.0,0.0,0.0,0.0,0.0,0.0,0.0,0.0,0.0,0.0,0.0,0.0,0.0,0.0,0.0,0.5384421,-3.4282527,-2.3448641,-5.663943,50.0,50.0,50.0,50.0,50.0,50.0,50.0,50.0,50.0,50.0,50.0,50.0,0.0,0.0,0.0,0.0,1.0,1.0,1.0,1.0,1.0,1.0,1.0,1.0,1.0,1.0,1.0,1.0,0.5,0.5,0.5,0.5
1788527463.7960248,42,3.234757999962312,2.211494000221137,3.1481950009037973,1.091938,4.247941,9035130,1,1,0.0,0.0,0.0,-0.020929098,0.6453434,-1.387174,0.031647455,0.6447522,-1.3930665,-0.039433867,0.63798904,-1.4066991,0.030956209,0.65170467,-1.403982,-3.7528694,-5.3257265,-2.5989628,-1.574371,0.023253143,-0.038755238,0.014154087,-0.054257333,0.06200838,0.030330187,-0.05038181,-0.019377619,0.0080880495,-0.038755238,0.05813286,-0.018198112,0.05038181,-0.0038755238,0.019377619,0.05813286,1.0390079,1.3606055,4.4570136,-1.6822032,1.2616524,4.883749,2.1274922,1.6822032,5.4527297,-1.5090352,0.89057815,5.4527297,0.024738282,-0.024738282,0.049476564,-0.024738282,0.9997327,0.0032630218,0.0071408944,-0.02175144,0.010652643,0.0010652643,0.006391586,-0.0011971008,-0.15322891,9.500193,0.0062143346,0.014420422,-0.043462843,30.659500122070312,2.050905704498291,0.0086402465,0.22398803,-0.03551937,-0.3497508,-0.083323404,-0.28033552,0.09966951,0.050823033,-0.058573067,0.207472,0.50748354,-0.56433153,0.06468469,0.15155508,0.3316613,-0.2252894,-0.020830851,0.59991616,-1.2750826,0.0021600616,0.72599703,-1.3088799,0.016171172,0.7078888,-1.2170846,-0.014643267,0.72186804,-1.1731291,0.0,0.0,0.0,0.0,0.0,0.0,0.0,0.0,0.0,0.0,0.0,0.0,0.0,0.0,0.0,0.0,0.5082303,-3.4975078,-2.252894,-5.6433153,50.0,50.0,50.0,50.0,50.0,50.0,50.0,50.0,50.0,50.0,50.0,50.0,0.0,0.0,0.0,0.0,1.0,1.0,1.0,1.0,1.0,1.0,1.0,1.0,1.0,1.0,1.0,1.0,0.5,0.5,0.5,0.5
1788527463.8175404,43,4.752917999212514,3.8043109998397995,4.6674749992234865,1.07517,5.750293,9035150,1,1,0.0,0.0,0.0,-0.020959377,0.645404,-1.387174,0.031647455,0.64469165,-1.3930824,-0.03937331,0.6380193,-1.4066991,0.031016767,0.6516441,-1.4039505,-3.7529,-5.3257875,-2.5989628,-1.5744013,0.0,-0.023253143,0.0,-0.054257333,-0.015502095,-0.020220125,0.011626571,-0.05813286,0.012132075,0.015502095,-0.015502095,0.052572325,0.0,-0.081386,-0.011626571,0.011626571,1.0637461,1.3606055,4.4570136,-1.6327267,1.2863907,4.883749,2.1027539,1.6822032,5.5001445,-1.5585117,0.89057815,5.5001445,0.0,-0.024738282,0.049476564,-0.049476564,0.99973446,0.0032638097,0.0071225963,-0.021677013,0.010652643,0.0,-0.0074568503,-0.021547815,-0.12689269,9.645041,0.0062177745,0.014383405,-0.04331404,30.659500122070312,2.050905704498291,-0.000593381,0.22608373,-0.070656136,-0.35048127,-0.08881908,-0.26838714,0.12275032,0.051147327,-0.05026845,0.1853733,0.5145558,-0.5722167,0.072843306,0.1694378,0.34435987,-0.22874549,-0.02220477,0.60290325,-1.2693124,-0.00014834525,0.72652096,-1.317664,0.018210826,0.7123595,-1.21391,-0.012567112,0.71634334,-1.171361,0.0,0.0,0.0,0.0,0.0,0.0,0.0,0.0,0.0,0.0,0.0,0.0,0.0,0.0,0.0,0.0,0.5114733,-3.5048127,-2.2874548,-5.722167,50.0,50.0,50.0,50.0,50.0,50.0,50.0,50.0,50.0,50.0,50.0,50.0,0.0,0.0,0.0,0.0,1.0,1.0,1.0,1.0,1.0,1.0,1.0,1.0,1.0,1.0,1.0,1.0,0.5,0.5,0.5,0.5
1788527463.837625,44,4.837753000174416,3.8042149990360485,4.747924998810049,1.07165,5.828183,9035170,1,1,0.0,0.0,0.0,-0.020898819,0.6453737,-1.3871897,0.03170801,0.6447522,-1.3930981,-0.03937331,0.63795877,-1.4066991,0.030986488,0.65170467,-1.4039663,-3.7529,-5.3257265,-2.5989928,-1.574371,0.06200838,-0.034879714,0.0060660373,0.038755238,0.054257333,-0.020220125,-0.03100419,-0.096888095,0.0080880495,0.0,0.06975943,0.018198112,0.0077510476,0.023253143,-0.054257333,0.046506286,1.0390079,1.2863907,4.504429,-1.7069415,1.2616524,4.978579,2.1274922,1.7316797,5.5001445,-1.5585117,0.9400547,5.5001445,0.024738282,-0.024738282,0.0,0.0,0.9997326,0.0032620265,0.0071284594,-0.021758491,0.0,-0.0042610574,-0.0074568503,-0.062249243,-0.18794483,9.495404,0.0062127816,0.014395557,-0.043477044,30.659500122070312,2.016723871231079,0.0011464339,0.2275613,-0.066238075,-0.33954436,-0.08582265,-0.26881525,0.11528387,0.050827004,-0.048901558,0.19535065,0.51204187,-0.5612005,0.071045026,0.16201939,0.35459697,-0.23544781,-0.021455662,0.6027962,-1.271179,0.00028660847,0.7268903,-1.3165594,0.017761257,0.7105049,-1.2113507,-0.0122253895,0.7188377,-1.1719894,0.0,0.0,0.0,0.0,0.0,0.0,0.0,0.0,0.0,0.0,0.0,0.0,0.0,0.0,0.0,0.0,0.50827,-3.3954434,-2.3544781,-5.612005,50.0,50.0,50.0,50.0,50.0,50.0,50.0,50.0,50.0,50.0,50.0,50.0,0.0,0.0,0.0,0.0,1.0,1.0,1.0,1.0,1.0,1.0,1.0,1.0,1.0,1.0,1.0,1.0,0.5,0.5,0.5,0.5
1788527463.85775,45,4.957596000167541,3.8853389996802434,4.8692730015318375,1.088642,5.96662,9035190,1,1,0.0,0.0,0.0,-0.020959377,0.6453737,-1.3871897,0.03173829,0.64481276,-1.3930824,-0.039433867,0.6379285,-1.4066991,0.030956209,0.65170467,-1.4039663,-3.75293,-5.3257265,-2.5989628,-1.574371,-0.081386,0.015502095,0.0080880495,0.038755238,0.096888095,-0.0020220124,0.0,-0.046506286,0.0080880495,-0.038755238,0.034879714,0.020220125,-0.027128667,0.023253143,0.019377619,0.027128667,0.9895313,1.3606055,4.504429,-1.7316797,1.2616524,4.978579,2.0780158,1.7316797,5.5001445,-1.5585117,0.89057815,5.5001445,0.049476564,-0.024738282,0.049476564,-0.024738282,0.9997304,0.0032949036,0.007125361,-0.021856764,0.0053263213,0.003195793,-0.0074568503,-0.15322891,-0.108936176,9.526528,0.0062772455,0.014391408,-0.043673195,30.659500122070312,2.016723871231079,0.0018686783,0.2204982,-0.06216079,-0.33903545,-0.08541616,-0.2796751,0.116380565,0.046348132,-0.051577322,0.1938193,0.5118036,-0.56584704,0.07019271,0.16274957,0.33763805,-0.22940198,-0.02135404,0.60008126,-1.2709048,0.00046716956,0.7251246,-1.3155402,0.017548177,0.7106874,-1.2155905,-0.012894331,0.71845484,-1.172049,0.0,0.0,0.0,0.0,0.0,0.0,0.0,0.0,0.0,0.0,0.0,0.0,0.0,0.0,0.0,0.0,0.4634813,-3.3903546,-2.2940197,-5.65847,50.0,50.0,50.0,50.0,50.0,50.0,50.0,50.0,50.0,50.0,50.0,50.0,0.0,0.0,0.0,0.0,1.0,1.0,1.0,1.0,1.0,1.0,1.0,1.0,1.0,1.0,1.0,1.0,0.5,0.5,0.5,0.5
1788527463.8777883,46,4.995837000024039,3.885755000737845,4.895609999948647,1.041089,5.946331,9035210,1,1,0.0,0.0,0.0,-0.020898819,0.6453434,-1.387174,0.03173829,0.6447825,-1.3930981,-0.039403588,0.6379285,-1.4067149,0.030986488,0.65170467,-1.403982,-3.75293,-5.325757,-2.5989928,-1.5744013,0.038755238,-0.038755238,0.032352198,0.06975943,0.08526152,-0.02426415,-0.015502095,-0.046506286,-0.022242136,0.015502095,0.05813286,-0.018198112,-0.046506286,-0.03100419,-0.038755238,-0.019377619,1.0390079,1.3606055,4.4570136,-1.7069415,1.2616524,4.978579,2.0780158,1.6822032,5.4527297,-1.5090352,0.9400547,5.4527297,0.0,-0.024738282,0.0,0.0,0.9997314,0.0032996668,0.0071177627,-0.021812124,-0.0053263213,0.003195793,0.0053263213,-0.07182605,-0.02873042,9.5492735,0.006287744,0.014376143,-0.04358386,30.659500122070312,2.050905704498291,0.0022982415,0.23542026,-0.05169814,-0.33659634,-0.08314017,-0.28149107,0.11463795,0.048505805,-0.055820353,0.21219368,0.49709845,-0.5576082,0.07018401,0.15578963,0.35438362,-0.23270561,-0.020785043,0.59962726,-1.2713405,0.00057456037,0.7288551,-1.3129245,0.017546002,0.7089474,-1.2114041,-0.013955088,0.72304845,-1.1757253,0.0,0.0,0.0,0.0,0.0,0.0,0.0,0.0,0.0,0.0,0.0,0.0,0.0,0.0,0.0,0.0,0.48505807,-3.3659635,-2.3270562,-5.5760818,50.0,50.0,50.0,50.0,50.0,50.0,50.0,50.0,50.0,50.0,50.0,50.0,0.0,0.0,0.0,0.0,1.0,1.0,1.0,1.0,1.0,1.0,1.0,1.0,1.0,1.0,1.0,1.0,0.5,0.5,0.5,0.5
1788527463.896775,47,3.983294000136084,3.1664679991081357,3.8988420001260238,1.075362,4.981213,9035230,1,1,0.0,0.0,0.0,-0.020898819,0.6453737,-1.387174,0.03170801,0.6447219,-1.3930981,-0.039403588,0.63798904,-1.4066991,0.030986488,0.6516744,-1.4039663,-3.75293,-5.3257265,-2.5989628,-1.574371,0.096888095,-0.054257333,0.0060660373,0.03100419,0.015502095,-0.020220125,-0.10076362,-0.08526152,0.0080880495,-0.038755238,0.054257333,0.022242136,-0.038755238,0.027128667,0.0038755238,0.054257333,0.9895313,1.2863907,4.4570136,-1.7069415,1.2863907,4.978579,2.0780158,1.7316797,5.4527297,-1.58325,0.89057815,5.5001445,0.024738282,-0.049476564,0.0,-0.024738282,0.9997347,0.0032777872,0.0071117417,-0.021665338,-0.0042610574,-0.0042610574,0.018109493,-0.045489833,-0.11133038,9.498995,0.006246363,0.014362232,-0.04329054,30.659500122070312,2.050905704498291,0.0056863856,0.24886909,-0.031936537,-0.3463843,-0.07808742,-0.28573397,0.07940717,0.055587858,-0.06281805,0.22797292,0.5024883,-0.5581575,0.06275213,0.13697526,0.358601,-0.22704183,-0.019521855,0.59856653,-1.2801481,0.0014215964,0.7322173,-1.3079841,0.015688032,0.70424384,-1.2103497,-0.015704513,0.72699326,-1.1743779,0.0,0.0,0.0,0.0,0.0,0.0,0.0,0.0,0.0,0.0,0.0,0.0,0.0,0.0,0.0,0.0,0.5558786,-3.4638429,-2.2704182,-5.581575,50.0,50.0,50.0,50.0,50.0,50.0,50.0,50.0,50.0,50.0,50.0,50.0,0.0,0.0,0.0,0.0,1.0,1.0,1.0,1.0,1.0,1.0,1.0,1.0,1.0,1.0,1.0,1.0,0.5,0.5,0.5,0.5
1788527463.9175828,48,4.794421998667531,3.773431000809069,4.704435999883572,1.074274,5.787478,9035250,1,1,0.0,0.0,0.0,-0.020959377,0.645404,-1.387174,0.031677734,0.64469165,-1.3930981,-0.03937331,0.6380496,-1.4066833,0.030986488,0.6516744,-1.4039663,-3.75293,-5.3257265,-2.5989628,-1.5744013,0.0,0.0038755238,0.018198112,0.027128667,-0.03100419,-0.030330187,0.019377619,0.038755238,0.0485283,-0.027128667,0.04263076,0.018198112,-0.027128667,0.03100419,0.0077510476,0.019377619,1.0390079,1.311129,4.4570136,-1.6822032,1.2863907,4.883749,2.1274922,1.7316797,5.4053144,-1.5585117,0.86583984,5.5001445,0.0,0.0,0.0,-0.049476564,0.9997346,0.003280257,0.0071170577,-0.021670682,0.0042610574,-0.0010652643,-0.003195793,-0.09935937,-0.16280572,9.457097,0.0062509943,0.014373003,-0.04330117,30.659500122070312,2.016723871231079,0.0025811028,0.23600304,-0.055341583,-0.3491229,-0.086968794,-0.27681383,0.109803595,0.05832602,-0.05312369,0.1993058,0.5068366,-0.5656527,0.07127848,0.15686326,0.34755883,-0.23105201,-0.021742199,0.6007966,-1.272549,0.0006452757,0.7290008,-1.3138354,0.01781962,0.7092158,-1.2131102,-0.013280923,0.71982646,-1.1732908,0.0,0.0,0.0,0.0,0.0,0.0,0.0,0.0,0.0,0.0,0.0,0.0,0.0,0.0,0.0,0.0,0.5832602,-3.491229,-2.3105202,-5.6565275,50.0,50.0,50.0,50.0,50.0,50.0,50.0,50.0,50.0,50.0,50.0,50.0,0.0,0.0,0.0,0.0,1.0,1.0,1.0,1.0,1.0,1.0,1.0,1.0,1.0,1.0,1.0,1.0,0.5,0.5,0.5,0.5
1788527463.9375293,49,4.749044999698526,3.7444049994519446,4.6561149993067374,0.982271,5.64661,9035270,1,1,0.0,0.0,0.0,-0.020898819,0.6453737,-1.387174,0.03170801,0.6447219,-1.3930824,-0.039403588,0.63798904,-1.4067149,0.030956209,0.6516744,-1.403982,-3.75293,-5.325757,-2.5989928,-1.574371,0.09301257,0.0,0.03437421,0.038755238,-0.054257333,0.0,-0.034879714,0.0077510476,-0.020220125,-0.0077510476,0.023253143,-0.020220125,-0.011626571,-0.011626571,-0.038755238,0.015502095,0.9895313,1.2863907,4.4570136,-1.6822032,1.2121758,4.978579,2.1274922,1.7316797,5.4527297,-1.5585117,0.89057815,5.5001445,0.049476564,-0.024738282,0.024738282,-0.024738282,0.99973166,0.0032860504,0.007123264,-0.02180275,0.006391586,0.003195793,-0.010652643,-0.18315643,-0.1400608,9.545682,0.0062604104,0.014386492,-0.04356527,30.66835594177246,2.050905704498291,-0.0013051983,0.2302973,-0.0631467,-0.3416621,-0.090501204,-0.26959988,0.12759498,0.054127105,-0.04783024,0.19397593,0.4990434,-0.5635648,0.07714738,0.17087041,0.3468265,-0.23634961,-0.022625301,0.60260004,-1.2681012,-0.00032629957,0.72757435,-1.3157866,0.019286845,0.7127176,-1.2132933,-0.01195756,0.718494,-1.1752391,0.0,0.0,0.0,0.0,0.0,0.0,0.0,0.0,0.0,0.0,0.0,0.0,0.0,0.0,0.0,0.0,0.54127103,-3.4166212,-2.363496,-5.635648,50.0,50.0,50.0,50.0,50.0,50.0,50.0,50.0,50.0,50.0,50.0,50.0,0.0,0.0,0.0,0.0,1.0,1.0,1.0,1.0,1.0,1.0,1.0,1.0,1.0,1.0,1.0,1.0,0.5,0.5,0.5,0.5
1788527463.9575343,50,4.756150001412607,3.824695999355754,4.671155000323779,1.030656,5.708787,9035290,1,1,0.0,0.0,0.0,-0.020929098,0.64531314,-1.3871897,0.03170801,0.6447825,-1.3930981,-0.03937331,0.6378982,-1.4066991,0.030956209,0.65170467,-1.4039979,-3.75293,-5.3257265,-2.5989928,-1.5744013,-0.0077510476,-0.038755238,0.020220125,0.0,0.046506286,-0.028308174,0.10076362,-0.07363495,0.012132075,-0.0077510476,0.038755238,-0.042462263,-0.0038755238,0.038755238,-0.04263076,-0.034879714,1.0637461,1.3606055,4.4570136,-1.7069415,1.2863907,4.883749,2.1274922,1.7316797,5.5001445,-1.5090352,0.96479297,5.4527297,0.024738282,-0.024738282,0.0,0.0,0.99973017,0.003284726,0.0071558664,-0.021857278,0.0053263213,0.008522115,0.0053263213,-0.11611878,-0.12569559,9.531317,0.0062555573,0.014451964,-0.043674197,30.659500122070312,2.016723871231079,-0.0010050051,0.25292635,-0.07998676,-0.3391352,-0.085293815,-0.27701652,0.12184388,0.05248522,-0.052590005,0.20958427,0.48880255,-0.56898654,0.07326554,0.1569325,0.3603736,-0.23862433,-0.021323454,0.6007459,-1.269539,-0.00025125127,0.7332316,-1.3199966,0.018316384,0.70923316,-1.2099066,-0.013147501,0.7223961,-1.1777993,0.0,0.0,0.0,0.0,0.0,0.0,0.0,0.0,0.0,0.0,0.0,0.0,0.0,0.0,0.0,0.0,0.5248522,-3.391352,-2.3862433,-5.689865,50.0,50.0,50.0,50.0,50.0,50.0,50.0,50.0,50.0,50.0,50.0,50.0,0.0,0.0,0.0,0.0,1.0,1.0,1.0,1.0,1.0,1.0,1.0,1.0,1.0,1.0,1.0,1.0,0.5,0.5,0.5,0.5
1788527463.977559,51,4.772983000293607,3.7905829994997475,4.68401900070603,1.028961,5.721524,9035310,1,1,0.0,0.0,0.0,-0.02086854,0.6453434,-1.387174,0.031677734,0.6447522,-1.3930981,-0.039403588,0.63795877,-1.4067149,0.030986488,0.6516744,-1.4039979,-3.75293,-5.3257265,-2.5989628,-1.5744013,0.10463915,0.019377619,-0.010110063,0.019377619,0.06975943,-0.030330187,-0.011626571,-0.054257333,-0.0080880495,0.0,0.0,-0.044484273,-0.019377619,-0.023253143,0.023253143,0.0038755238,1.0390079,1.3606055,4.4570136,-1.6822032,1.2863907,4.978579,2.1027539,1.7069415,5.5001445,-1.5585117,0.9400547,5.4527297,0.0,-0.024738282,-0.024738282,-0.024738282,0.999733,0.0032649457,0.0071132076,-0.02174494,0.0,-0.011717907,0.006391586,-0.022744916,-0.11731588,9.497798,0.0062194765,0.014365102,-0.043449976,30.659500122070312,2.050905704498291,-0.00064238906,0.2548845,-0.07118244,-0.3410298,-0.08103743,-0.27640912,0.10329705,0.054787345,-0.055064708,0.21444009,0.50381976,-0.5566649,0.07308826,0.15126847,0.36817947,-0.22851597,-0.020259358,0.6008977,-1.2741756,-0.00016059726,0.73372114,-1.3177955,0.018272065,0.70781714,-1.2079551,-0.013766177,0.72361004,-1.174045,0.0,0.0,0.0,0.0,0.0,0.0,0.0,0.0,0.0,0.0,0.0,0.0,0.0,0.0,0.0,0.0,0.54787344,-3.4102979,-2.2851596,-5.566649,50.0,50.0,50.0,50.0,50.0,50.0,50.0,50.0,50.0,50.0,50.0,50.0,0.0,0.0,0.0,0.0,1.0,1.0,1.0,1.0,1.0,1.0,1.0,1.0,1.0,1.0,1.0,1.0,0.5,0.5,0.5,0.5
1788527463.997635,52,4.848087999562267,3.8094640003691893,4.760982001243974,1.009696,5.77839,9035330,1,1,0.0,0.0,0.0,-0.020959377,0.645404,-1.3871582,0.031677734,0.64469165,-1.3930981,-0.03937331,0.6380193,-1.4066991,0.030956209,0.6516441,-1.403982,-3.7529,-5.325696,-2.5989928,-1.574371,0.0,0.011626571,0.020220125,0.023253143,-0.019377619,-0.02426415,0.019377619,-0.06200838,0.018198112,-0.04263076,0.05813286,0.0020220124,0.019377619,0.06200838,-0.06200838,0.05813286,1.0390079,1.311129,4.4570136,-1.7069415,1.2616524,4.978579,2.1027539,1.7316797,5.5001445,-1.5585117,0.89057815,5.4527297,0.024738282,0.0,0.0,-0.024738282,0.99973506,0.0032687949,0.007120529,-0.021649098,0.009587379,0.009587379,0.0010652643,0.022744916,-0.108936176,9.594764,0.006228234,0.014379314,-0.043258138,30.66835594177246,2.050905704498291,0.0028358866,0.24387965,-0.064955704,-0.346568,-0.08456791,-0.28069687,0.11463957,0.05431409,-0.05383142,0.20430897,0.49980378,-0.5677685,0.069991305,0.16033176,0.34895313,-0.22896934,-0.021141978,0.5998258,-1.27134,0.00070897164,0.7309699,-1.3162389,0.017497826,0.71008295,-1.2127616,-0.013457855,0.72107726,-1.1750491,0.0,0.0,0.0,0.0,0.0,0.0,0.0,0.0,0.0,0.0,0.0,0.0,0.0,0.0,0.0,0.0,0.5431409,-3.46568,-2.2896934,-5.6776853,50.0,50.0,50.0,50.0,50.0,50.0,50.0,50.0,50.0,50.0,50.0,50.0,0.0,0.0,0.0,0.0,1.0,1.0,1.0,1.0,1.0,1.0,1.0,1.0,1.0,1.0,1.0,1.0,0.5,0.5,0.5,0.5
1788527464.0178895,53,5.103777000840637,3.7758309990749694,5.013373000110732,1.099042,6.120512,9035350,1,1,0.0,0.0,0.0,-0.020959377,0.6453737,-1.387174,0.031677734,0.6447219,-1.3931139,-0.039403588,0.6380193,-1.4066991,0.030986488,0.6516441,-1.403982,-3.7528694,-5.325696,-2.5989928,-1.574371,-0.019377619,-0.038755238,0.018198112,-0.0038755238,0.011626571,-0.050550308,-0.04263076,0.015502095,0.020220125,-0.019377619,-0.03100419,0.0,0.034879714,0.096888095,0.027128667,0.038755238,0.96479297,1.3606055,4.504429,-1.6822032,1.2121758,5.0259943,2.0780158,1.7069415,5.4527297,-1.5585117,0.9400547,5.5001445,0.024738282,-0.049476564,0.0,-0.024738282,0.9997333,0.0032895964,0.0070951562,-0.0217328,0.006391586,-0.0010652643,-0.029827401,-0.062249243,-0.19393034,9.534908,0.006269727,0.014330003,-0.04342543,30.659500122070312,2.050905704498291,-0.0019804183,0.22077134,-0.07754241,-0.3455592,-0.09485167,-0.25554633,0.13488644,0.0527364,-0.0429128,0.17183363,0.537032,-0.56990755,0.080555126,0.19033808,0.324061,-0.22949947,-0.023712918,0.60611343,-1.2662784,-0.0004951046,0.72519284,-1.3193855,0.020138782,0.71758455,-1.2189847,-0.0107282,0.71295846,-1.1657419,0.0,0.0,0.0,0.0,0.0,0.0,0.0,0.0,0.0,0.0,0.0,0.0,0.0,0.0,0.0,0.0,0.527364,-3.4555922,-2.2949948,-5.6990757,50.0,50.0,50.0,50.0,50.0,50.0,50.0,50.0,50.0,50.0,50.0,50.0,0.0,0.0,0.0,0.0,1.0,1.0,1.0,1.0,1.0,1.0,1.0,1.0,1.0,1.0,1.0,1.0,0.5,0.5,0.5,0.5
1788527464.0375166,54,4.725331998997717,3.7560860000667162,4.6381939991988475,1.077698,5.724212,9035370,1,1,0.0,0.0,0.0,-0.020898819,0.64531314,-1.3871897,0.03173829,0.6447825,-1.3930981,-0.039403588,0.63795877,-1.4066833,0.030986488,0.65170467,-1.4039979,-3.75293,-5.3257265,-2.5989928,-1.574371,0.034879714,-0.065883905,-0.0080880495,0.038755238,0.06200838,-0.030330187,0.0,-0.0038755238,0.0485283,0.011626571,0.054257333,-0.028308174,-0.034879714,0.034879714,-0.038755238,0.038755238,1.0390079,1.3606055,4.504429,-1.7069415,1.2616524,5.0259943,2.0780158,1.6822032,5.5001445,-1.5585117,0.9400547,5.4053144,0.049476564,-0.024738282,0.049476564,-0.024738282,0.9997313,0.0033078992,0.0070977537,-0.02182,-0.0010652643,-0.0010652643,-0.012783172,-0.1604115,-0.10654198,9.539697,0.0063049635,0.01433654,-0.043599606,30.659500122070312,2.016723871231079,-0.0012461059,0.22232288,-0.07754538,-0.3415129,-0.08891062,-0.27276516,0.13229042,0.049086034,-0.04545994,0.18957761,0.50994396,-0.5676542,0.07761839,0.16914473,0.3343119,-0.23838344,-0.022227654,0.6018087,-1.2669274,-0.00031152647,0.72558075,-1.3193862,0.019404598,0.7122862,-1.216422,-0.011364985,0.7173944,-1.172514,0.0,0.0,0.0,0.0,0.0,0.0,0.0,0.0,0.0,0.0,0.0,0.0,0.0,0.0,0.0,0.0,0.49086034,-3.415129,-2.3838344,-5.676542,50.0,50.0,50.0,50.0,50.0,50.0,50.0,50.0,50.0,50.0,50.0,50.0,0.0,0.0,0.0,0.0,1.0,1.0,1.0,1.0,1.0,1.0,1.0,1.0,1.0,1.0,1.0,1.0,0.5,0.5,0.5,0.5
1788527464.0574443,55,4.65201800034265,3.699285000038799,4.565455999909318,1.058849,5.632049,9035390,1,1,0.0,0.0,0.0,-0.020898819,0.64531314,-1.3871897,0.03170801,0.6447219,-1.3930981,-0.039403588,0.63795877,-1.4066991,0.030986488,0.6516441,-1.403982,-3.7529,-5.3257265,-2.5989628,-1.5744013,0.038755238,-0.034879714,0.012132075,0.0038755238,0.0,-0.032352198,-0.015502095,0.0038755238,0.010110063,0.015502095,-0.019377619,0.0,-0.046506286,0.019377619,0.015502095,-0.019377619,0.9895313,1.3606055,4.504429,-1.7069415,1.2863907,4.883749,2.1274922,1.6822032,5.4053144,-1.5585117,0.86583984,5.4527297,0.024738282,0.0,0.0,0.0,0.9997321,0.0033118625,0.0071066385,-0.021781484,0.0,-0.010652643,0.0010652643,-0.089782566,-0.007182605,9.490616,0.0063130558,0.014354236,-0.043522444,30.659500122070312,2.050905704498291,0.00044575892,0.24822375,-0.0731033,-0.34335795,-0.08585775,-0.27013564,0.11357012,0.051767588,-0.051602654,0.20164265,0.523906,-0.5694914,0.07442261,0.16269024,0.35039398,-0.2298243,-0.021464437,0.6024661,-1.2716074,0.00011143973,0.73205596,-1.3182758,0.018605653,0.71067256,-1.2124015,-0.012900664,0.7204107,-1.1690235,0.0,0.0,0.0,0.0,0.0,0.0,0.0,0.0,0.0,0.0,0.0,0.0,0.0,0.0,0.0,0.0,0.5176759,-3.4335794,-2.298243,-5.694914,50.0,50.0,50.0,50.0,50.0,50.0,50.0,50.0,50.0,50.0,50.0,50.0,0.0,0.0,0.0,0.0,1.0,1.0,1.0,1.0,1.0,1.0,1.0,1.0,1.0,1.0,1.0,1.0,0.5,0.5,0.5,0.5
1788527464.0775018,56,4.723156000181916,3.702547999637318,4.638674001398613,0.70255,5.350376,9035410,1,1,0.0,0.0,0.0,-0.020959377,0.6453737,-1.3871582,0.031677734,0.6447219,-1.3930665,-0.03934303,0.6380193,-1.4066991,0.030986488,0.65161383,-1.403982,-3.75293,-5.3257265,-2.5989928,-1.5744013,-0.011626571,0.0,0.044484273,0.023253143,0.038755238,0.038418237,0.05813286,-0.03100419,0.020220125,0.0038755238,-0.019377619,0.010110063,-0.038755238,-0.015502095,-0.038755238,0.0,1.0390079,1.2863907,4.504429,-1.6822032,1.2616524,4.978579,2.1027539,1.6327267,5.5001445,-1.58325,0.8411016,5.5001445,0.024738282,0.0,0.0,0.0,0.99973506,0.0032926726,0.0071183657,-0.02164614,0.003195793,-0.006391586,0.0021305287,-0.034715924,-0.12210429,9.522937,0.0062761186,0.014376002,-0.043251887,30.659500122070312,2.050905704498291,-0.0006892886,0.23840833,-0.074537255,-0.34922725,-0.08501984,-0.27881762,0.12006598,0.051179677,-0.049473546,0.19674426,0.5118861,-0.56851935,0.07487409,0.16063666,0.351239,-0.23212731,-0.02125496,0.6002956,-1.2699834,-0.00017232215,0.7296021,-1.3186343,0.018718522,0.7101592,-1.2121902,-0.012368387,0.71918607,-1.1720284,0.0,0.0,0.0,0.0,0.0,0.0,0.0,0.0,0.0,0.0,0.0,0.0,0.0,0.0,0.0,0.0,0.5117968,-3.4922724,-2.321273,-5.6851935,50.0,50.0,50.0,50.0,50.0,50.0,50.0,50.0,50.0,50.0,50.0,50.0,0.0,0.0,0.0,0.0,1.0,1.0,1.0,1.0,1.0,1.0,1.0,1.0,1.0,1.0,1.0,1.0,0.5,0.5,0.5,0.5
1788527464.0977736,57,4.987132999303867,3.88415399902442,4.8883780000323895,1.045729,5.943099,9035430,1,1,0.0,0.0,0.0,-0.020929098,0.645404,-1.3871897,0.031647455,0.6447219,-1.3930824,-0.039403588,0.6380193,-1.4067149,0.031016767,0.6516441,-1.4039979,-3.75293,-5.3257265,-2.5989928,-1.5744315,0.05038181,0.0038755238,0.022242136,-0.034879714,0.0077510476,0.0080880495,-0.038755238,-0.038755238,-0.010110063,0.015502095,0.023253143,-0.020220125,-0.03100419,-0.015502095,-0.038755238,-0.046506286,1.0390079,1.3606055,4.504429,-1.7069415,1.2863907,4.978579,2.1274922,1.7069415,5.5001445,-1.5585117,0.9400547,5.4527297,0.049476564,-0.024738282,0.049476564,-0.024738282,0.99973464,0.0033093912,0.007133737,-0.021656461,-0.0021305287,-0.011717907,0.0,-0.11731588,-0.16400282,9.494206,0.006308738,0.014407526,-0.043272205,30.659500122070312,2.085087299346924,-0.001232462,0.23982623,-0.06720138,-0.3461962,-0.085570514,-0.2692864,0.109747805,0.04880204,-0.05104737,0.19858873,0.5257782,-0.56878227,0.07356458,0.16568077,0.35085884,-0.22827318,-0.021392629,0.6026784,-1.272563,-0.0003081155,0.72995657,-1.3168004,0.018391145,0.7114202,-1.2122853,-0.012761842,0.71964717,-1.1685554,0.0,0.0,0.0,0.0,0.0,0.0,0.0,0.0,0.0,0.0,0.0,0.0,0.0,0.0,0.0,0.0,0.48802042,-3.461962,-2.2827318,-5.687823,50.0,50.0,50.0,50.0,50.0,50.0,50.0,50.0,50.0,50.0,50.0,50.0,0.0,0.0,0.0,0.0,1.0,1.0,1.0,1.0,1.0,1.0,1.0,1.0,1.0,1.0,1.0,1.0,0.5,0.5,0.5,0.5
1788527464.1175728,58,4.7880220008664764,3.795446998992702,4.695251998782624,1.07869,5.781462,9035450,1,1,0.0,0.0,0.0,-0.020959377,0.6453737,-1.3871897,0.031677734,0.6447522,-1.3930981,-0.039433867,0.63798904,-1.4066991,0.03092593,0.6516744,-1.4039979,-3.7529,-5.325696,-2.5989928,-1.574371,-0.015502095,0.0038755238,0.0040440247,-0.0077510476,0.019377619,-0.02426415,-0.038755238,-0.027128667,0.020220125,-0.08913705,0.011626571,-0.022242136,0.019377619,0.065883905,-0.011626571,0.0,1.0390079,1.3606055,4.4570136,-1.6822032,1.2616524,5.0259943,2.1274922,1.7316797,5.5001445,-1.5585117,0.89057815,5.594975,0.024738282,-0.049476564,0.049476564,-0.049476564,0.99973154,0.0033447512,0.0071301404,-0.021792658,0.010652643,-0.006391586,-0.003195793,-0.16879122,-0.14963761,9.53012,0.0063776406,0.014402733,-0.043544192,30.66835594177246,2.050905704498291,-0.00050774217,0.23664346,-0.06228196,-0.34600025,-0.085973665,-0.27096078,0.10538604,0.055706166,-0.052549437,0.199249,0.52798,-0.5701152,0.07146713,0.16419429,0.33717036,-0.22985698,-0.021493416,0.6022598,-1.2736534,-0.00012693554,0.7291609,-1.3155705,0.017866783,0.7110486,-1.2157073,-0.013137359,0.7198123,-1.168005,0.0,0.0,0.0,0.0,0.0,0.0,0.0,0.0,0.0,0.0,0.0,0.0,0.0,0.0,0.0,0.0,0.5570617,-3.4600024,-2.29857,-5.701152,50.0,50.0,50.0,50.0,50.0,50.0,50.0,50.0,50.0,50.0,50.0,50.0,0.0,0.0,0.0,0.0,1.0,1.0,1.0,1.0,1.0,1.0,1.0,1.0,1.0,1.0,1.0,1.0,0.5,0.5,0.5,0.5
1788527464.1375024,59,4.719411999758449,3.7566299997706665,4.632178000974818,1.072545,5.712403,9035470,1,1,0.0,0.0,0.0,-0.020898819,0.64531314,-1.3872056,0.03173829,0.6447522,-1.3930981,-0.039464146,0.6378982,-1.4066991,0.030986488,0.65170467,-1.403982,-3.75293,-5.3257265,-2.5989928,-1.574371,0.034879714,-0.015502095,-0.0020220124,0.05038181,-0.0038755238,-0.02426415,0.019377619,-0.077510476,0.026286162,0.046506286,0.05038181,0.0080880495,-0.04263076,0.0,-0.034879714,0.019377619,1.0637461,1.3606055,4.504429,-1.6822032,1.2863907,4.883749,2.1274922,1.7069415,5.5001445,-1.5585117,0.86583984,5.4527297,0.024738282,-0.024738282,0.024738282,-0.024738282,0.9997308,0.003323107,0.00711812,-0.02183683,-0.0053263213,0.0053263213,0.012783172,-0.1388637,-0.17118542,9.52174,0.006334246,0.014378035,-0.043632947,30.66835594177246,2.085087299346924,0.001738457,0.25580204,-0.057318006,-0.3387296,-0.08245369,-0.28147253,0.10940536,0.04764489,-0.058976576,0.21717164,0.5045081,-0.56548506,0.06825174,0.14805853,0.3590126,-0.22957008,-0.020613423,0.5996319,-1.2726486,0.00043461425,0.7339505,-1.3143295,0.017062934,0.7070147,-1.2102468,-0.014744144,0.72429293,-1.173873,0.0,0.0,0.0,0.0,0.0,0.0,0.0,0.0,0.0,0.0,0.0,0.0,0.0,0.0,0.0,0.0,0.4764489,-3.387296,-2.2957008,-5.6548505,50.0,50.0,50.0,50.0,50.0,50.0,50.0,50.0,50.0,50.0,50.0,50.0,0.0,0.0,0.0,0.0,1.0,1.0,1.0,1.0,1.0,1.0,1.0,1.0,1.0,1.0,1.0,1.0,0.5,0.5,0.5,0.5
1788527464.157917,60,5.141921999893384,3.88360999932047,5.063168000560836,1.022688,6.093472,9035490,1,1,0.0,0.0,0.0,-0.020898819,0.64531314,-1.387174,0.03170801,0.6447219,-1.3930824,-0.039403588,0.6380193,-1.4066991,0.030986488,0.6516744,-1.4039979,-3.7529,-5.325757,-2.5989628,-1.5744013,0.038755238,-0.05813286,0.014154087,0.054257333,0.0077510476,-0.0020220124,-0.0038755238,0.05038181,0.020220125,-0.0038755238,0.0077510476,-0.012132075,0.019377619,-0.034879714,0.0077510476,-0.015502095,1.0390079,1.311129,4.4570136,-1.6822032,1.2616524,4.978579,2.1274922,1.7316797,5.4527297,-1.5585117,0.9400547,5.5001445,0.024738282,-0.024738282,0.049476564,0.0,0.9997331,0.0033117763,0.007111422,-0.021736283,-0.006391586,0.003195793,0.021305285,-0.022744916,-0.11611878,9.534908,0.0063133244,0.014363512,-0.04343199,30.659500122070312,2.085087299346924,0.0025469158,0.25377774,-0.04199563,-0.34669358,-0.07917441,-0.28496274,0.095445745,0.05209464,-0.05941748,0.2273629,0.5012871,-0.56165564,0.066700816,0.14081363,0.35854256,-0.22509909,-0.019793602,0.59875935,-1.2761385,0.00063672895,0.73344445,-1.3104988,0.016675204,0.7052034,-1.2103643,-0.01485437,0.72684073,-1.1746782,0.0,0.0,0.0,0.0,0.0,0.0,0.0,0.0,0.0,0.0,0.0,0.0,0.0,0.0,0.0,0.0,0.5209464,-3.4669356,-2.2509909,-5.616556,50.0,50.0,50.0,50.0,50.0,50.0,50.0,50.0,50.0,50.0,50.0,50.0,0.0,0.0,0.0,0.0,1.0,1.0,1.0,1.0,1.0,1.0,1.0,1.0,1.0,1.0,1.0,1.0,0.5,0.5,0.5,0.5
1788527464.177479,61,4.696210999100003,3.7523739993048366,4.607569000654621,1.066242,5.681587,9035510,1,1,0.0,0.0,0.0,-0.020959377,0.6453737,-1.3871582,0.031677734,0.64469165,-1.3930981,-0.03937331,0.6380496,-1.4066991,0.030986488,0.6516441,-1.4039979,-3.7529,-5.3257265,-2.5989928,-1.5744013,0.0,-0.046506286,0.028308174,0.0038755238,-0.015502095,-0.022242136,0.011626571,-0.0038755238,0.026286162,-0.054257333,0.03100419,-0.012132075,0.0077510476,0.0077510476,-0.046506286,0.0077510476,1.0637461,1.2616524,4.4570136,-1.6822032,1.2616524,4.978579,2.1274922,1.7069415,5.4053144,-1.5585117,0.9400547,5.4527297,0.0,-0.049476564,0.0,-0.024738282,0.9997352,0.0032796608,0.007097915,-0.021649601,-0.010652643,0.008522115,-0.0053263213,-0.023942016,-0.16280572,9.544485,0.0062509314,0.014334568,-0.04325911,30.659500122070312,2.050905704498291,0.0036282223,0.23529619,-0.04940163,-0.35176983,-0.08669941,-0.27227017,0.11079528,0.05638385,-0.05292689,0.19693652,0.51770735,-0.5709957,0.069730505,0.16362745,0.33319733,-0.22808363,-0.021674853,0.60193247,-1.2723011,0.00090705557,0.7288241,-1.3123504,0.017432626,0.71090686,-1.2167007,-0.013231723,0.71923417,-1.1705731,0.0,0.0,0.0,0.0,0.0,0.0,0.0,0.0,0.0,0.0,0.0,0.0,0.0,0.0,0.0,0.0,0.5638385,-3.5176983,-2.2808363,-5.709957,50.0,50.0,50.0,50.0,50.0,50.0,50.0,50.0,50.0,50.0,50.0,50.0,0.0,0.0,0.0,0.0,1.0,1.0,1.0,1.0,1.0,1.0,1.0,1.0,1.0,1.0,1.0,1.0,0.5,0.5,0.5,0.5
1788527464.1970053,62,4.21082100001513,3.278760001194314,4.110722000405076,1.118403,5.236645,9035530,1,1,0.0,0.0,0.0,-0.020929098,0.6453737,-1.387174,0.03170801,0.6447522,-1.3930981,-0.039403588,0.6380496,-1.4067149,0.030986488,0.6516744,-1.4039979,-3.7529,-5.325696,-2.5989628,-1.5744315,0.038755238,-0.038755238,0.02426415,0.038755238,0.06200838,-0.020220125,-0.038755238,0.023253143,-0.0080880495,-0.027128667,0.038755238,-0.012132075,-0.0077510476,0.065883905,-0.0038755238,-0.04263076,1.0390079,1.3606055,4.504429,-1.6822032,1.2616524,4.978579,2.1274922,1.7069415,5.64239,-1.5585117,0.89057815,5.594975,0.024738282,-0.049476564,0.0,-0.024738282,0.99973315,0.0032983194,0.0070960214,-0.02173898,0.0021305287,-0.003195793,-0.015978964,-0.08259996,-0.18315643,9.519346,0.006287044,0.014332151,-0.04343767,30.659500122070312,2.085087299346924,0.00103678,0.21641037,-0.05997199,-0.34509155,-0.09008565,-0.27278307,0.12456579,0.049857594,-0.047993936,0.18767183,0.5175054,-0.56751883,0.07470532,0.17129225,0.33230507,-0.23230326,-0.022521412,0.60180426,-1.2688586,0.000259195,0.7241026,-1.3149929,0.01867633,0.7128231,-1.2169237,-0.011998484,0.716918,-1.1706235,0.0,0.0,0.0,0.0,0.0,0.0,0.0,0.0,0.0,0.0,0.0,0.0,0.0,0.0,0.0,0.0,0.49857593,-3.4509156,-2.3230326,-5.675188,50.0,50.0,50.0,50.0,50.0,50.0,50.0,50.0,50.0,50.0,50.0,50.0,0.0,0.0,0.0,0.0,1.0,1.0,1.0,1.0,1.0,1.0,1.0,1.0,1.0,1.0,1.0,1.0,0.5,0.5,0.5,0.5
1788527464.2162845,63,3.518381998219411,2.3875949991634116,3.4407160001137527,1.085634,4.53419,9035550,1,1,0.0,0.0,0.0,-0.020898819,0.6453737,-1.387174,0.03173829,0.6447522,-1.3930981,-0.03937331,0.63795877,-1.4066991,0.030986488,0.6516744,-1.4039979,-3.7529,-5.3257265,-2.5989628,-1.5744013,0.038755238,0.054257333,0.046506286,0.038755238,0.011626571,-0.026286162,0.07363495,-0.027128667,-0.016176099,0.0077510476,0.0038755238,-0.016176099,0.034879714,0.015502095,0.011626571,-0.046506286,1.0390079,1.2863907,4.4570136,-1.7069415,1.2121758,4.978579,2.0780158,1.6822032,5.5001445,-1.5585117,0.8411016,5.5001445,0.024738282,-0.049476564,0.0,-0.049476564,0.9997305,0.0033210423,0.0070826183,-0.021859974,-0.008522115,-0.0021305287,0.003195793,-0.12808979,-0.10414778,9.527725,0.006331332,0.014307103,-0.04367948,30.66835594177246,2.050905704498291,0.00013156421,0.24478635,-0.07465234,-0.34126478,-0.08610886,-0.28455383,0.12184576,0.05078718,-0.052936867,0.20372273,0.4988283,-0.5675536,0.074196324,0.16253491,0.34621152,-0.23065989,-0.021527216,0.5988616,-1.2695385,3.2891054e-05,0.7311966,-1.318663,0.018549081,0.71063375,-1.2134471,-0.013234217,0.7209307,-1.1752928,0.0,0.0,0.0,0.0,0.0,0.0,0.0,0.0,0.0,0.0,0.0,0.0,0.0,0.0,0.0,0.0,0.5078718,-3.4126477,-2.306599,-5.6755357,50.0,50.0,50.0,50.0,50.0,50.0,50.0,50.0,50.0,50.0,50.0,50.0,0.0,0.0,0.0,0.0,1.0,1.0,1.0,1.0,1.0,1.0,1.0,1.0,1.0,1.0,1.0,1.0,0.5,0.5,0.5,0.5
1788527464.2376137,64,4.837656999370665,3.8834499991935445,4.754613000841346,1.079074,5.840887,9035570,1,1,0.0,0.0,0.0,-0.020929098,0.64528286,-1.387174,0.03170801,0.6447522,-1.3930981,-0.039403588,0.63798904,-1.4067149,0.030956209,0.6516441,-1.4040136,-3.7528694,-5.325696,-2.5989928,-1.574371,-0.0077510476,-0.10076362,0.028308174,0.0038755238,0.019377619,-0.022242136,-0.015502095,0.019377619,-0.0040440247,-0.054257333,-0.034879714,-0.042462263,0.07363495,0.05038181,-0.038755238,0.019377619,1.0390079,1.311129,4.504429,-1.7069415,1.2863907,5.0259943,2.0780158,1.7316797,5.5001445,-1.58325,0.89057815,5.5001445,0.024738282,-0.049476564,0.0,-0.024738282,0.99973136,0.003317152,0.0070964107,-0.021818867,-0.0042610574,0.0,0.011717907,-0.04189853,-0.023942016,9.524135,0.0063235406,0.014334252,-0.043597218,30.659500122070312,2.050905704498291,0.0033881087,0.2492677,-0.041445028,-0.3429391,-0.08462847,-0.2699611,0.101669006,0.051509142,-0.058145158,0.21733822,0.5173797,-0.5678494,0.0693654,0.15836658,0.343785,-0.22723924,-0.021157118,0.60250974,-1.2745827,0.0008470272,0.732317,-1.3103613,0.01734135,0.7095917,-1.2140538,-0.0145362895,0.7243346,-1.170655,0.0,0.0,0.0,0.0,0.0,0.0,0.0,0.0,0.0,0.0,0.0,0.0,0.0,0.0,0.0,0.0,0.5150914,-3.4293911,-2.2723923,-5.678494,50.0,50.0,50.0,50.0,50.0,50.0,50.0,50.0,50.0,50.0,50.0,50.0,0.0,0.0,0.0,0.0,1.0,1.0,1.0,1.0,1.0,1.0,1.0,1.0,1.0,1.0,1.0,1.0,0.5,0.5,0.5,0.5
1788527464.257469,65,4.69035499918391,3.767542999412399,4.612016999089974,1.069538,5.688179,9035590,1,1,0.0,0.0,0.0,-0.020959377,0.6453737,-1.387174,0.031677734,0.6447219,-1.3930824,-0.039403588,0.6380193,-1.4066833,0.031016767,0.6516441,-1.4039979,-3.75293,-5.3257265,-2.5989323,-1.5743407,0.0,0.0077510476,0.012132075,0.03100419,0.05038181,0.010110063,-0.03100419,-0.05813286,0.060660373,0.019377619,0.027128667,-0.020220125,-0.015502095,0.023253143,0.065883905,0.09301257,1.0390079,1.2863907,4.4570136,-1.7069415,1.2616524,4.978579,2.0780158,1.7069415,5.5001445,-1.5585117,0.89057815,5.5001445,0.0,-0.024738282,0.024738282,-0.024738282,0.9997344,0.0033196118,0.0070801266,-0.021684704,-0.0074568503,-0.0021305287,0.010652643,-0.04189853,-0.11372458,9.464279,0.0063310876,0.014300949,-0.04332887,30.66835594177246,2.1192691326141357,0.0035679769,0.23548296,-0.04586824,-0.34785306,-0.08010963,-0.2842724,0.099421255,0.050680317,-0.056394927,0.20841709,0.52050686,-0.5641576,0.066206306,0.14434645,0.34331316,-0.22625856,-0.020027408,0.5989319,-1.2751447,0.0008919942,0.72887075,-1.311467,0.016551577,0.70608664,-1.2141716,-0.014098732,0.7221043,-1.1698732,0.0,0.0,0.0,0.0,0.0,0.0,0.0,0.0,0.0,0.0,0.0,0.0,0.0,0.0,0.0,0.0,0.50680315,-3.4785306,-2.2625856,-5.641576,50.0,50.0,50.0,50.0,50.0,50.0,50.0,50.0,50.0,50.0,50.0,50.0,0.0,0.0,0.0,0.0,1.0,1.0,1.0,1.0,1.0,1.0,1.0,1.0,1.0,1.0,1.0,1.0,0.5,0.5,0.5,0.5
1788527464.2774792,66,4.702356000052532,3.747381999346544,4.631569998309715,1.027584,5.666034,9035610,1,1,0.0,0.0,0.0,-0.020929098,0.6453737,-1.387174,0.031677734,0.64469165,-1.3930824,-0.039403588,0.6380496,-1.4066991,0.030956209,0.6516441,-1.4039979,-3.75293,-5.325696,-2.5989628,-1.5744013,0.08913705,-0.05038181,0.022242136,0.038755238,-0.019377619,0.016176099,0.015502095,0.011626571,0.030330187,-0.081386,0.0038755238,-0.014154087,0.019377619,0.077510476,0.019377619,-0.0077510476,0.9895313,1.2863907,4.504429,-1.6822032,1.2616524,4.978579,2.1027539,1.7316797,5.5001445,-1.58325,0.89057815,5.4527297,0.049476564,-0.049476564,0.0,-0.024738282,0.9997344,0.003326338,0.0071097803,-0.02167129,0.0,-0.0010652643,-0.008522115,-0.079008654,-0.17118542,9.44752,0.0063434485,0.014360449,-0.043301765,30.659500122070312,2.085087299346924,0.0006735753,0.23721886,-0.06486788,-0.34780928,-0.08673766,-0.27406406,0.11974918,0.053491026,-0.052102514,0.2017946,0.5121595,-0.5639859,0.07333593,0.16446008,0.342441,-0.23174307,-0.021684416,0.601484,-1.2700627,0.00016839383,0.72930473,-1.316217,0.018333983,0.71111506,-1.2143897,-0.013025628,0.7204487,-1.1719601,0.0,0.0,0.0,0.0,0.0,0.0,0.0,0.0,0.0,0.0,0.0,0.0,0.0,0.0,0.0,0.0,0.53491026,-3.478093,-2.3174307,-5.6398587,50.0,50.0,50.0,50.0,50.0,50.0,50.0,50.0,50.0,50.0,50.0,50.0,0.0,0.0,0.0,0.0,1.0,1.0,1.0,1.0,1.0,1.0,1.0,1.0,1.0,1.0,1.0,1.0,0.5,0.5,0.5,0.5
1788527464.2974987,67,4.717300000265823,3.7518619992624735,4.63096199928259,1.032737,5.672051,9035630,1,1,0.0,0.0,0.0,-0.020929098,0.6453434,-1.3871897,0.03170801,0.6447522,-1.3930981,-0.039433867,0.6380193,-1.4066991,0.030956209,0.6516744,-1.403982,-3.75293,-5.325757,-2.5989928,-1.574371,0.038755238,-0.03100419,0.03437421,0.034879714,0.038755238,-0.020220125,-0.05813286,0.0077510476,0.022242136,-0.034879714,-0.0077510476,0.0080880495,-0.0038755238,0.05038181,-0.03100419,0.034879714,0.9895313,1.2616524,4.4570136,-1.6327267,1.2616524,4.883749,2.1027539,1.7316797,5.5001445,-1.5090352,0.89057815,5.594975,0.0,0.024738282,0.049476564,-0.049476564,0.9997315,0.003322404,0.007112126,-0.02180753,0.006391586,-0.008522115,-0.019174758,-0.1592144,-0.1352724,9.5732155,0.0063335225,0.014365833,-0.043574374,30.659500122070312,2.085087299346924,0.00021022372,0.22002071,-0.07073499,-0.3455941,-0.090084605,-0.2752136,0.12731335,0.049417928,-0.045529526,0.18341336,0.51420695,-0.57094353,0.07575402,0.17057347,0.33009925,-0.2357464,-0.022521151,0.60119665,-1.2681717,5.255593e-05,0.7250052,-1.3176837,0.018938504,0.7126434,-1.2174752,-0.011382381,0.71585333,-1.1714482,0.0,0.0,0.0,0.0,0.0,0.0,0.0,0.0,0.0,0.0,0.0,0.0,0.0,0.0,0.0,0.0,0.49417928,-3.4559412,-2.357464,-5.7094355,50.0,50.0,50.0,50.0,50.0,50.0,50.0,50.0,50.0,50.0,50.0,50.0,0.0,0.0,0.0,0.0,1.0,1.0,1.0,1.0,1.0,1.0,1.0,1.0,1.0,1.0,1.0,1.0,0.5,0.5,0.5,0.5
1788527464.3175173,68,4.741589000332169,3.824856999926851,4.664338999646134,1.02272,5.695059,9035650,1,1,0.0,0.0,0.0,-0.020929098,0.6453434,-1.3871897,0.03173829,0.6447825,-1.3930824,-0.039433867,0.6379285,-1.4066991,0.030956209,0.6516744,-1.4039979,-3.7529,-5.325757,-2.5989928,-1.5744013,-0.011626571,-0.011626571,0.0020220124,0.05813286,0.04263076,0.0040440247,-0.046506286,-0.05813286,0.012132075,-0.023253143,0.0077510476,-0.016176099,0.0038755238,-0.05038181,-0.038755238,-0.015502095,0.9895313,1.3606055,4.4570136,-1.6822032,1.2616524,5.0259943,2.1027539,1.7069415,5.5001445,-1.5585117,0.89057815,5.5001445,0.0,0.0,0.049476564,-0.024738282,0.99972993,0.0033257997,0.0071108867,-0.021877494,0.012783172,-0.0053263213,0.0053263213,-0.12449849,-0.11971009,9.568427,0.0063393614,0.014363946,-0.043714304,30.659500122070312,2.085087299346924,0.0007651765,0.24005878,-0.05453983,-0.3401966,-0.08263237,-0.28318146,0.10740831,0.04918609,-0.056069866,0.21148975,0.51076907,-0.5677314,0.0708844,0.1491547,0.3464701,-0.23073268,-0.020658093,0.59920466,-1.2731478,0.00019129412,0.7300147,-1.3136349,0.0177211,0.7072887,-1.2133825,-0.014017466,0.72287244,-1.1723077,0.0,0.0,0.0,0.0,0.0,0.0,0.0,0.0,0.0,0.0,0.0,0.0,0.0,0.0,0.0,0.0,0.49186087,-3.401966,-2.3073268,-5.677314,50.0,50.0,50.0,50.0,50.0,50.0,50.0,50.0,50.0,50.0,50.0,50.0,0.0,0.0,0.0,0.0,1.0,1.0,1.0,1.0,1.0,1.0,1.0,1.0,1.0,1.0,1.0,1.0,0.5,0.5,0.5,0.5
1788527464.337574,69,4.7887269993225345,3.797463999944739,4.701331999967806,1.06445,5.773814,9035670,1,1,0.0,0.0,0.0,-0.020898819,0.6453737,-1.387174,0.03170801,0.6447522,-1.3930981,-0.039403588,0.6380193,-1.4067149,0.030986488,0.6516744,-1.4039979,-3.75293,-5.3257265,-2.5989928,-1.5744013,0.077510476,0.023253143,0.020220125,0.05813286,0.06200838,-0.020220125,-0.015502095,0.034879714,0.0,-0.0038755238,0.0,-0.0040440247,-0.038755238,0.019377619,-0.054257333,-0.0077510476,1.0390079,1.311129,4.4570136,-1.6327267,1.2863907,4.978579,2.1027539,1.7069415,5.5001445,-1.5585117,0.9400547,5.5001445,0.024738282,-0.024738282,0.024738282,0.0,0.9997324,0.003286326,0.007121377,-0.02176864,0.0053263213,-0.008522115,0.012783172,-0.035913024,-0.095768064,9.526528,0.006261535,0.014382516,-0.043497037,30.659500122070312,2.1192691326141357,0.0016090069,0.24532011,-0.056088325,-0.33803916,-0.07994338,-0.28709102,0.10514485,0.05075393,-0.05682341,0.21830574,0.5024834,-0.55811477,0.07127502,0.14589323,0.35893774,-0.23098981,-0.019985845,0.59822726,-1.2737137,0.00040225172,0.73133004,-1.3140221,0.017818755,0.70647335,-1.2102655,-0.0142058525,0.7245765,-1.1743791,0.0,0.0,0.0,0.0,0.0,0.0,0.0,0.0,0.0,0.0,0.0,0.0,0.0,0.0,0.0,0.0,0.5075393,-3.3803916,-2.3098981,-5.5811477,50.0,50.0,50.0,50.0,50.0,50.0,50.0,50.0,50.0,50.0,50.0,50.0,0.0,0.0,0.0,0.0,1.0,1.0,1.0,1.0,1.0,1.0,1.0,1.0,1.0,1.0,1.0,1.0,0.5,0.5,0.5,0.5
1788527464.3575697,70,4.785782000908512,3.7737830007245066,4.662355000618845,1.115107,5.784726,9035690,1,1,0.0,0.0,0.0,-0.020929098,0.6453737,-1.3871582,0.031677734,0.64469165,-1.3930981,-0.039403588,0.6380799,-1.4067149,0.031016767,0.6516441,-1.4039979,-3.7529,-5.325696,-2.5989628,-1.5744013,0.034879714,-0.05813286,0.026286162,0.0077510476,0.0038755238,-0.016176099,-0.06200838,0.027128667,0.0,0.0038755238,0.011626571,-0.0020220124,-0.0038755238,0.038755238,0.046506286,0.0038755238,1.0390079,1.2863907,4.504429,-1.6327267,1.2616524,4.978579,2.1027539,1.6822032,5.5001445,-1.5585117,0.9400547,5.594975,0.0,-0.024738282,0.049476564,-0.024738282,0.9997348,0.003262247,0.0070699076,-0.021674927,-0.009587379,-0.0042610574,0.0053263213,-0.02633622,-0.1340753,9.527725,0.0062169572,0.014277969,-0.043310184,30.659500122070312,2.085087299346924,0.0017411467,0.23789027,-0.049682945,-0.3432888,-0.08155847,-0.27923694,0.10127592,0.053967826,-0.055766895,0.20521328,0.514868,-0.5660639,0.0705241,0.15490277,0.34417075,-0.22515588,-0.020389618,0.60019076,-1.274681,0.00043528667,0.7294726,-1.3124207,0.017631024,0.7087257,-1.2139573,-0.013941724,0.72130334,-1.171283,0.0,0.0,0.0,0.0,0.0,0.0,0.0,0.0,0.0,0.0,0.0,0.0,0.0,0.0,0.0,0.0,0.5396783,-3.432888,-2.2515588,-5.660639,50.0,50.0,50.0,50.0,50.0,50.0,50.0,50.0,50.0,50.0,50.0,50.0,0.0,0.0,0.0,0.0,1.0,1.0,1.0,1.0,1.0,1.0,1.0,1.0,1.0,1.0,1.0,1.0,0.5,0.5,0.5,0.5
1788527464.377446,71,4.669587000535103,3.7430299998959526,4.599472000336391,1.007968,5.61384,9035710,1,1,0.0,0.0,0.0,-0.020959377,0.645404,-1.3871897,0.031677734,0.6447219,-1.3930981,-0.039433867,0.6380496,-1.4067149,0.030956209,0.6516744,-1.4039979,-3.75293,-5.3257265,-2.5989928,-1.574371,-0.011626571,0.019377619,0.0,-0.019377619,0.027128667,-0.016176099,-0.10851467,0.019377619,-0.0080880495,-0.08526152,0.04263076,0.018198112,-0.06975943,-0.011626571,-0.046506286,0.081386,1.0390079,1.3606055,4.4570136,-1.6822032,1.2616524,4.978579,2.1274922,1.6822032,5.5001445,-1.5585117,0.89057815,5.5001445,0.024738282,-0.024738282,0.0,-0.024738282,0.9997331,0.00326684,0.007059002,-0.021759307,0.0,0.003195793,-0.015978964,-0.08738836,-0.16160862,9.563639,0.0062254095,0.014256887,-0.04347899,30.66835594177246,2.1192691326141357,0.003808232,0.20768052,-0.03681222,-0.34855378,-0.08896584,-0.26923957,0.107063495,0.055888474,-0.050735153,0.18211912,0.5379415,-0.56917644,0.069232866,0.17390113,0.30995533,-0.2287597,-0.02224146,0.6026901,-1.2732341,0.000952058,0.72192013,-1.309203,0.017308217,0.7134753,-1.2225112,-0.012683788,0.7155298,-1.1655146,0.0,0.0,0.0,0.0,0.0,0.0,0.0,0.0,0.0,0.0,0.0,0.0,0.0,0.0,0.0,0.0,0.55888474,-3.4855378,-2.2875972,-5.6917644,50.0,50.0,50.0,50.0,50.0,50.0,50.0,50.0,50.0,50.0,50.0,50.0,0.0,0.0,0.0,0.0,1.0,1.0,1.0,1.0,1.0,1.0,1.0,1.0,1.0,1.0,1.0,1.0,0.5,0.5,0.5,0.5
1788527464.3976269,72,4.716244999144692,3.726197999640135,4.620976998921833,1.251048,5.880313,9035730,1,1,0.0,0.0,0.0,-0.020929098,0.64531314,-1.3871897,0.03173829,0.6447522,-1.3930981,-0.039403588,0.63795877,-1.4067149,0.030956209,0.6516744,-1.4039979,-3.75293,-5.3256664,-2.5989628,-1.574371,-0.019377619,-0.07363495,0.020220125,0.05813286,0.05038181,-0.020220125,-0.0038755238,-0.03100419,0.0020220124,-0.05813286,-0.011626571,-0.014154087,-0.038755238,0.11239019,0.015502095,0.038755238,0.9895313,1.3606055,4.4570136,-1.6822032,1.2616524,4.978579,2.1027539,1.7316797,5.4527297,-1.5585117,0.9400547,5.4527297,0.024738282,-0.024738282,0.0,0.0,0.9997301,0.003272108,0.0070831883,-0.02188196,-0.0053263213,-0.008522115,-0.0074568503,-0.12808979,-0.11133038,9.495404,0.0062331404,0.014306242,-0.04372416,30.659500122070312,2.085087299346924,0.0019501876,0.23033255,-0.053801615,-0.33356845,-0.087300636,-0.26741782,0.11047042,0.05528537,-0.05352243,0.19974746,0.5314808,-0.56718564,0.07172674,0.16571958,0.33356068,-0.23307014,-0.021825159,0.60314554,-1.2723824,0.0004875469,0.72758317,-1.3134503,0.017931685,0.7114299,-1.2166098,-0.013380608,0.7199369,-1.1671298,0.0,0.0,0.0,0.0,0.0,0.0,0.0,0.0,0.0,0.0,0.0,0.0,0.0,0.0,0.0,0.0,0.5528537,-3.3356845,-2.3307014,-5.6718564,50.0,50.0,50.0,50.0,50.0,50.0,50.0,50.0,50.0,50.0,50.0,50.0,0.0,0.0,0.0,0.0,1.0,1.0,1.0,1.0,1.0,1.0,1.0,1.0,1.0,1.0,1.0,1.0,0.5,0.5,0.5,0.5
1788527464.4174757,73,4.698356000517379,3.7414620001072763,4.62222600071982,1.062497,5.692243,9035750,1,1,0.0,0.0,0.0,-0.020929098,0.64531314,-1.387174,0.03170801,0.6447522,-1.3931139,-0.039433867,0.63795877,-1.4067149,0.030986488,0.6516744,-1.4039979,-3.7529,-5.325757,-2.5989628,-1.5744013,-0.0038755238,-0.038755238,0.03437421,0.0077510476,0.05038181,-0.0485283,-0.05813286,-0.08526152,-0.0080880495,-0.05813286,-0.019377619,-0.0060660373,0.015502095,-0.034879714,0.0038755238,-0.015502095,0.9895313,1.3606055,4.4570136,-1.7069415,1.1874375,4.978579,2.1027539,1.7069415,5.5001445,-1.5585117,0.9400547,5.5001445,0.024738282,-0.049476564,0.0,-0.024738282,0.9997308,0.0032701518,0.0070965686,-0.021847226,-0.006391586,0.008522115,0.009587379,-0.090979666,-0.050278235,9.528923,0.0062291417,0.014332695,-0.04365462,30.66835594177246,2.050905704498291,0.0040184576,0.24852553,-0.03694317,-0.33902705,-0.0809583,-0.27572158,0.09711545,0.053568915,-0.06163442,0.21667902,0.52527744,-0.5679936,0.06420167,0.15577325,0.33954403,-0.22509944,-0.020239575,0.6010696,-1.2757211,0.0010046144,0.7321314,-1.3092357,0.016050417,0.7089433,-1.215114,-0.015408605,0.7241698,-1.1686805,0.0,0.0,0.0,0.0,0.0,0.0,0.0,0.0,0.0,0.0,0.0,0.0,0.0,0.0,0.0,0.0,0.5356891,-3.3902705,-2.2509944,-5.679936,50.0,50.0,50.0,50.0,50.0,50.0,50.0,50.0,50.0,50.0,50.0,50.0,0.0,0.0,0.0,0.0,1.0,1.0,1.0,1.0,1.0,1.0,1.0,1.0,1.0,1.0,1.0,1.0,0.5,0.5,0.5,0.5
1788527464.437522,74,4.743061001136084,3.7797669992869487,4.668818999562063,1.067618,5.744821,9035770,1,1,0.0,0.0,0.0,-0.020898819,0.645404,-1.387174,0.031677734,0.6447219,-1.3930981,-0.03937331,0.63798904,-1.4067307,0.030956209,0.6516441,-1.4039979,-3.75293,-5.325696,-2.5989928,-1.574371,0.09301257,0.054257333,0.014154087,0.034879714,0.038755238,-0.020220125,0.0077510476,-0.09301257,-0.018198112,-0.081386,-0.027128667,-0.0080880495,-0.034879714,0.05813286,-0.0038755238,0.04263076,0.9895313,1.311129,4.4570136,-1.6822032,1.2616524,4.883749,2.0780158,1.7069415,5.4527297,-1.5585117,0.96479297,5.5001445,0.024738282,-0.049476564,0.0,0.0,0.9997334,0.003271103,0.0070731905,-0.021734223,0.0010652643,-0.0074568503,-0.0010652643,-0.035913024,-0.10534488,9.497798,0.0062336777,0.014285285,-0.04342866,30.659500122070312,2.085087299346924,0.0005993489,0.2480452,-0.065113604,-0.34186903,-0.08469211,-0.2770327,0.104918644,0.056686647,-0.05536759,0.20820786,0.5168058,-0.5623436,0.06963518,0.15605256,0.3535268,-0.22680366,-0.021173028,0.60074186,-1.2737703,0.00014983723,0.7320113,-1.3162783,0.017408796,0.70901316,-1.2116183,-0.013841897,0.722052,-1.1707985,0.0,0.0,0.0,0.0,0.0,0.0,0.0,0.0,0.0,0.0,0.0,0.0,0.0,0.0,0.0,0.0,0.56686646,-3.4186902,-2.2680366,-5.623436,50.0,50.0,50.0,50.0,50.0,50.0,50.0,50.0,50.0,50.0,50.0,50.0,0.0,0.0,0.0,0.0,1.0,1.0,1.0,1.0,1.0,1.0,1.0,1.0,1.0,1.0,1.0,1.0,0.5,0.5,0.5,0.5
1788527464.4577544,75,4.974621000656043,3.863642001306289,4.895673999271821,1.075938,5.979516,9035790,1,1,0.0,0.0,0.0,-0.020989656,0.645404,-1.3871897,0.031647455,0.64469165,-1.3930981,-0.039403588,0.6380496,-1.4067149,0.030986488,0.6516441,-1.4039979,-3.75293,-5.325696,-2.5989628,-1.5744013,-0.04263076,0.015502095,-0.012132075,-0.0077510476,0.0038755238,-0.012132075,0.019377619,0.011626571,0.0,-0.0077510476,0.0038755238,-0.0020220124,-0.03100419,0.07363495,-0.0038755238,0.034879714,1.0390079,1.3606055,4.504429,-1.6822032,1.2863907,5.0259943,2.1522305,1.6822032,5.4527297,-1.5585117,0.89057815,5.5001445,0.0,-0.024738282,0.049476564,0.0,0.99973387,0.0032723611,0.0070619434,-0.021715842,-0.0010652643,0.003195793,-0.0021305287,-0.07182605,-0.15562311,9.452309,0.006236943,0.014262736,-0.04339193,30.659500122070312,2.1192691326141357,0.0025860462,0.2360614,-0.06310369,-0.3521781,-0.088880405,-0.27063626,0.11389577,0.0550583,-0.051978633,0.1935781,0.5220571,-0.57114923,0.06971847,0.1707111,0.3384707,-0.23155612,-0.022220101,0.60234094,-1.271526,0.00064651156,0.72901535,-1.3157759,0.017429618,0.7126778,-1.2153823,-0.012994658,0.7183945,-1.1694857,0.0,0.0,0.0,0.0,0.0,0.0,0.0,0.0,0.0,0.0,0.0,0.0,0.0,0.0,0.0,0.0,0.550583,-3.521781,-2.3155613,-5.7114925,50.0,50.0,50.0,50.0,50.0,50.0,50.0,50.0,50.0,50.0,50.0,50.0,0.0,0.0,0.0,0.0,1.0,1.0,1.0,1.0,1.0,1.0,1.0,1.0,1.0,1.0,1.0,1.0,0.5,0.5,0.5,0.5
1788527464.4776156,76,4.8261680003633955,3.8360890011972515,4.7368529994855635,1.127235,5.870936,9035810,1,1,0.0,0.0,0.0,-0.020929098,0.6453434,-1.3872056,0.031677734,0.6447522,-1.3930981,-0.039433867,0.6380193,-1.4066991,0.030986488,0.6516744,-1.4039979,-3.7529604,-5.3256664,-2.5989628,-1.5744013,0.03100419,-0.038755238,-0.032352198,-0.015502095,0.05038181,-0.026286162,-0.03100419,-0.015502095,0.038418237,-0.038755238,0.0077510476,0.0,-0.05813286,0.11626572,0.011626571,0.038755238,0.9895313,1.2863907,4.504429,-1.6822032,1.2616524,4.836334,2.1274922,1.7316797,5.4527297,-1.5585117,0.8411016,5.4527297,0.0,0.0,0.0,0.0,0.9997309,0.0032872537,0.007056262,-0.021854645,-0.003195793,0.0053263213,-0.015978964,-0.15562311,-0.17717093,9.524135,0.006264991,0.014252892,-0.043669447,30.66835594177246,2.016723871231079,0.00090940855,0.21053717,-0.060385894,-0.34685594,-0.0911437,-0.2653377,0.12028562,0.05097641,-0.046689272,0.18262637,0.523937,-0.57020426,0.0739865,0.17530411,0.32577023,-0.23398298,-0.022785924,0.6036656,-1.2699286,0.00022735214,0.7226343,-1.3150964,0.018496625,0.71382606,-1.2185574,-0.011672318,0.71565664,-1.1690156,0.0,0.0,0.0,0.0,0.0,0.0,0.0,0.0,0.0,0.0,0.0,0.0,0.0,0.0,0.0,0.0,0.5097641,-3.4685593,-2.33983,-5.7020426,50.0,50.0,50.0,50.0,50.0,50.0,50.0,50.0,50.0,50.0,50.0,50.0,0.0,0.0,0.0,0.0,1.0,1.0,1.0,1.0,1.0,1.0,1.0,1.0,1.0,1.0,1.0,1.0,0.5,0.5,0.5,0.5
1788527464.4974983,77,4.718163998404634,3.753013999812538,4.632177999155829,1.115043,5.754709,9035829,1,1,0.0,0.0,0.0,-0.020898819,0.64531314,-1.3871897,0.03170801,0.6447219,-1.3930981,-0.039433867,0.63795877,-1.4067149,0.030956209,0.6516744,-1.4039979,-3.7529,-5.3257265,-2.5989628,-1.574371,0.034879714,-0.038755238,0.020220125,0.0,-0.019377619,-0.026286162,-0.04263076,0.027128667,0.0,-0.027128667,-0.011626571,-0.022242136,0.019377619,-0.011626571,0.015502095,0.04263076,1.0637461,1.3853438,4.4570136,-1.6822032,1.2616524,4.883749,2.1027539,1.7316797,5.5001445,-1.5585117,0.89057815,5.4527297,0.024738282,0.0,0.0,-0.024738282,0.9997294,0.0033123074,0.007062432,-0.02192351,0.0,0.006391586,0.003195793,-0.09935937,-0.1340753,9.508572,0.0063138376,0.014266761,-0.043806836,30.66835594177246,2.050905704498291,0.004140584,0.23123145,-0.050543576,-0.34976214,-0.08821707,-0.27497223,0.1050127,0.053822607,-0.0540519,0.20254542,0.52122974,-0.57224405,0.06887854,0.15930583,0.32608762,-0.23070358,-0.022054268,0.60125697,-1.2737467,0.001035146,0.7278079,-1.3126359,0.017219635,0.70982647,-1.2184781,-0.013512975,0.72063637,-1.1696925,0.0,0.0,0.0,0.0,0.0,0.0,0.0,0.0,0.0,0.0,0.0,0.0,0.0,0.0,0.0,0.0,0.53822607,-3.4976215,-2.3070357,-5.7224407,50.0,50.0,50.0,50.0,50.0,50.0,50.0,50.0,50.0,50.0,50.0,50.0,0.0,0.0,0.0,0.0,1.0,1.0,1.0,1.0,1.0,1.0,1.0,1.0,1.0,1.0,1.0,1.0,0.5,0.5,0.5,0.5
1788527464.5174973,78,4.725525001049391,3.8019759995222557,4.6592180005973205,1.09725,5.764309,9035850,1,1,0.0,0.0,0.0,-0.020898819,0.6453737,-1.387174,0.03170801,0.6447219,-1.3930824,-0.039403588,0.63798904,-1.4067149,0.030956209,0.6516744,-1.4039979,-3.75293,-5.3257265,-2.5989928,-1.5744013,0.06200838,0.054257333,0.014154087,0.011626571,0.011626571,0.010110063,-0.11626572,-0.0038755238,0.0060660373,-0.054257333,-0.019377619,-0.0040440247,-0.034879714,0.0038755238,-0.046506286,0.0077510476,1.0637461,1.2863907,4.4570136,-1.6327267,1.2616524,4.978579,2.1274922,1.7316797,5.4053144,-1.5585117,0.8411016,5.594975,0.024738282,-0.024738282,0.024738282,-0.024738282,0.9997318,0.003320286,0.007041018,-0.021810656,0.0021305287,0.008522115,0.018109493,-0.037110128,-0.11731588,9.503783,0.0063323355,0.014223574,-0.043581057,30.66835594177246,2.085087299346924,0.007942526,0.23254544,-0.022951657,-0.3435366,-0.08065023,-0.29584596,0.09106923,0.050896265,-0.06231065,0.21674791,0.5159103,-0.5659631,0.05920583,0.13610221,0.32700205,-0.22649305,-0.020162558,0.5960385,-1.2772326,0.0019856314,0.72813636,-1.3057379,0.0148014575,0.70402557,-1.2182494,-0.015577663,0.724187,-1.1710224,0.0,0.0,0.0,0.0,0.0,0.0,0.0,0.0,0.0,0.0,0.0,0.0,0.0,0.0,0.0,0.0,0.50896263,-3.435366,-2.2649305,-5.659631,50.0,50.0,50.0,50.0,50.0,50.0,50.0,50.0,50.0,50.0,50.0,50.0,0.0,0.0,0.0,0.0,1.0,1.0,1.0,1.0,1.0,1.0,1.0,1.0,1.0,1.0,1.0,1.0,0.5,0.5,0.5,0.5
1788527464.5374975,79,4.721589000837412,3.801240000029793,4.648627000278793,1.071266,5.727285,9035870,1,1,0.0,0.0,0.0,-0.020959377,0.6453737,-1.387174,0.031677734,0.64469165,-1.3930665,-0.03937331,0.6380496,-1.4067307,0.030986488,0.6516744,-1.4039979,-3.75293,-5.3257265,-2.5989928,-1.5744013,0.0,-0.046506286,0.0040440247,0.027128667,0.019377619,0.036396224,0.015502095,0.0,-0.014154087,-0.038755238,0.05813286,0.0020220124,0.023253143,0.027128667,-0.054257333,0.038755238,1.0390079,1.2863907,4.409599,-1.6822032,1.2616524,4.883749,2.1027539,1.7069415,5.4527297,-1.5585117,0.9400547,5.5001445,0.0,-0.049476564,0.049476564,0.0,0.99973434,0.0033215669,0.0070440774,-0.021694986,-0.0010652643,0.0021305287,0.0,-0.0011971008,-0.1364695,9.546879,0.0063364096,0.014229015,-0.043349613,30.659500122070312,2.016723871231079,0.0064181853,0.23112392,-0.046762004,-0.34188077,-0.0857,-0.28516954,0.114296295,0.052359022,-0.056167096,0.20439458,0.50915056,-0.56623167,0.06638793,0.15357262,0.33250335,-0.22742714,-0.021425,0.5987076,-1.2714258,0.0016045463,0.727781,-1.3116904,0.016596982,0.70839316,-1.2168741,-0.014041774,0.72109866,-1.1727123,0.0,0.0,0.0,0.0,0.0,0.0,0.0,0.0,0.0,0.0,0.0,0.0,0.0,0.0,0.0,0.0,0.5235902,-3.4188077,-2.2742715,-5.662317,50.0,50.0,50.0,50.0,50.0,50.0,50.0,50.0,50.0,50.0,50.0,50.0,0.0,0.0,0.0,0.0,1.0,1.0,1.0,1.0,1.0,1.0,1.0,1.0,1.0,1.0,1.0,1.0,0.5,0.5,0.5,0.5
1788527464.557463,80,4.686515001594671,3.7549979988398263,4.614416999174864,1.066722,5.688147,9035890,1,1,0.0,0.0,0.0,-0.020929098,0.6453737,-1.387174,0.03170801,0.6447219,-1.3930981,-0.03937331,0.63798904,-1.4067149,0.030986488,0.6516744,-1.4039979,-3.75293,-5.3257265,-2.5989928,-1.5744013,0.038755238,-0.038755238,0.018198112,0.038755238,0.04263076,-0.020220125,0.027128667,-0.07363495,0.014154087,-0.08526152,0.038755238,0.010110063,-0.038755238,0.027128667,-0.054257333,0.015502095,1.0390079,1.3606055,4.4570136,-1.7069415,1.2616524,4.978579,2.1274922,1.6822032,5.4527297,-1.5090352,0.89057815,5.5001445,0.0,0.0,0.0,-0.024738282,0.99973273,0.0033336736,0.0070373146,-0.0217683,0.003195793,0.0074568503,-0.013848436,-0.073023155,-0.16998832,9.551667,0.00635987,0.014216483,-0.043496154,30.659500122070312,2.050905704498291,0.0002574008,0.23431724,-0.066050686,-0.3431432,-0.08690305,-0.27241266,0.1267612,0.052898183,-0.04899603,0.19532336,0.5017528,-0.56304103,0.0725721,0.17112173,0.34129155,-0.23316889,-0.021725763,0.6018969,-1.2683096,6.43502e-05,0.72857934,-1.3165126,0.018143024,0.7127805,-1.2146771,-0.012249008,0.7188309,-1.1745617,0.0,0.0,0.0,0.0,0.0,0.0,0.0,0.0,0.0,0.0,0.0,0.0,0.0,0.0,0.0,0.0,0.5289818,-3.431432,-2.331689,-5.63041,50.0,50.0,50.0,50.0,50.0,50.0,50.0,50.0,50.0,50.0,50.0,50.0,0.0,0.0,0.0,0.0,1.0,1.0,1.0,1.0,1.0,1.0,1.0,1.0,1.0,1.0,1.0,1.0,0.5,0.5,0.5,0.5
1788527464.575987,81,3.210116999980528,2.2273659997154027,3.115745999821229,1.092963,4.217189,9035910,1,1,0.0,0.0,0.0,-0.020898819,0.64531314,-1.3871897,0.03170801,0.6447825,-1.3930824,-0.039433867,0.63795877,-1.4067149,0.030986488,0.65170467,-1.4040136,-3.75293,-5.325696,-2.5989628,-1.574371,0.054257333,-0.054257333,0.012132075,0.0038755238,0.081386,0.010110063,-0.046506286,-0.019377619,0.0080880495,0.0077510476,0.05038181,-0.032352198,-0.038755238,0.09301257,0.015502095,0.023253143,0.9895313,1.2863907,4.504429,-1.6822032,1.2616524,4.883749,2.1027539,1.7069415,5.5001445,-1.5585117,0.89057815,5.5001445,0.049476564,-0.024738282,0.049476564,-0.049476564,0.9997298,0.0033349872,0.0070627467,-0.0218931,0.0021305287,-0.006391586,-0.010652643,-0.1376666,-0.08379706,9.491813,0.0063596116,0.014268188,-0.043745667,30.659500122070312,2.050905704498291,0.0032604802,0.23443326,-0.06815825,-0.33709583,-0.0854406,-0.27201983,0.11148331,0.05277008,-0.0504196,0.19892779,0.51436895,-0.5653725,0.072388165,0.16316319,0.34356612,-0.22976647,-0.02136015,0.60199505,-1.2721292,0.00081512006,0.7286083,-1.3170395,0.018097041,0.7107908,-1.2141085,-0.0126049,0.719732,-1.1714077,0.0,0.0,0.0,0.0,0.0,0.0,0.0,0.0,0.0,0.0,0.0,0.0,0.0,0.0,0.0,0.0,0.5277008,-3.3709583,-2.2976646,-5.653725,50.0,50.0,50.0,50.0,50.0,50.0,50.0,50.0,50.0,50.0,50.0,50.0,0.0,0.0,0.0,0.0,1.0,1.0,1.0,1.0,1.0,1.0,1.0,1.0,1.0,1.0,1.0,1.0,0.5,0.5,0.5,0.5
1788527464.597802,82,5.019934000301873,3.9394520008499967,4.925082999761798,1.113955,6.04771,9035930,1,1,0.0,0.0,0.0,-0.020929098,0.64531314,-1.3871897,0.03170801,0.6447219,-1.3930824,-0.039403588,0.6379285,-1.4067307,0.030986488,0.6516744,-1.4039979,-3.7529,-5.325757,-2.5989928,-1.5744013,-0.019377619,-0.019377619,0.0060660373,0.034879714,-0.015502095,0.010110063,0.019377619,-0.081386,-0.020220125,0.019377619,0.0038755238,-0.0040440247,0.015502095,-0.05038181,-0.034879714,-0.038755238,0.9895313,1.3606055,4.4570136,-1.6822032,1.2616524,4.978579,2.1027539,1.6822032,5.5001445,-1.5585117,0.9400547,5.5001445,0.024738282,-0.049476564,0.024738282,-0.024738282,0.99972975,0.0033381325,0.0070882025,-0.0218836,0.006391586,-0.0010652643,0.0,-0.10654198,-0.035913024,9.552865,0.0063649267,0.014319164,-0.043726463,30.659500122070312,2.050905704498291,0.0023289267,0.25460422,-0.07114788,-0.34448412,-0.084881335,-0.26845872,0.11687151,0.058079198,-0.055989593,0.20381598,0.5160198,-0.569545,0.07300481,0.16438407,0.35747272,-0.23095791,-0.021220334,0.60288537,-1.2707821,0.0005822317,0.73365104,-1.3177869,0.018251203,0.71109605,-1.2106317,-0.013997398,0.720954,-1.170995,0.0,0.0,0.0,0.0,0.0,0.0,0.0,0.0,0.0,0.0,0.0,0.0,0.0,0.0,0.0,0.0,0.58079195,-3.4448411,-2.3095791,-5.69545,50.0,50.0,50.0,50.0,50.0,50.0,50.0,50.0,50.0,50.0,50.0,50.0,0.0,0.0,0.0,0.0,1.0,1.0,1.0,1.0,1.0,1.0,1.0,1.0,1.0,1.0,1.0,1.0,0.5,0.5,0.5,0.5
1788527464.6157415,83,2.973950000523473,2.1579240001301514,2.910716000769753,1.075778,3.993214,9035950,1,1,0.0,0.0,0.0,-0.020929098,0.6453737,-1.3871582,0.031677734,0.6447219,-1.3930981,-0.039403588,0.63798904,-1.4067307,0.030956209,0.6516441,-1.4039979,-3.75293,-5.3257265,-2.5989928,-1.5744013,0.038755238,0.0,0.03437421,0.034879714,0.05038181,-0.018198112,-0.027128667,-0.0077510476,-0.018198112,-0.07363495,0.0,0.0,-0.038755238,0.0,-0.046506286,0.019377619,0.9895313,1.311129,4.4570136,-1.6822032,1.2616524,4.978579,2.1027539,1.6822032,5.4527297,-1.5585117,0.89057815,5.5001445,0.024738282,-0.024738282,0.0,-0.049476564,0.99973303,0.003297362,0.007084839,-0.021744253,0.006391586,0.003195793,0.012783172,-0.047884032,-0.11492168,9.54209,0.0062855394,0.014309781,-0.043448284,30.659500122070312,2.050905704498291,0.0021672677,0.23833469,-0.041286316,-0.33932856,-0.08191557,-0.27699846,0.101121016,0.048703656,-0.057427824,0.21753988,0.50613475,-0.5593502,0.06897348,0.15106742,0.35122004,-0.23154326,-0.020478893,0.6007504,-1.2747197,0.00054181693,0.7295837,-1.3103216,0.01724337,0.7077669,-1.2121949,-0.014356956,0.72438496,-1.1734662,0.0,0.0,0.0,0.0,0.0,0.0,0.0,0.0,0.0,0.0,0.0,0.0,0.0,0.0,0.0,0.0,0.48703656,-3.3932855,-2.3154325,-5.593502,50.0,50.0,50.0,50.0,50.0,50.0,50.0,50.0,50.0,50.0,50.0,50.0,0.0,0.0,0.0,0.0,1.0,1.0,1.0,1.0,1.0,1.0,1.0,1.0,1.0,1.0,1.0,1.0,0.5,0.5,0.5,0.5
1788527464.6375856,84,4.802006998943398,3.8118319989735028,4.716307999842684,1.059425,5.784118,9035970,1,1,0.0,0.0,0.0,-0.020959377,0.645404,-1.387174,0.031677734,0.6447219,-1.3930981,-0.03937331,0.6380496,-1.4067307,0.030956209,0.65161383,-1.4039979,-3.75293,-5.3257265,-2.5989928,-1.5744013,0.015502095,0.011626571,0.014154087,0.038755238,0.05813286,-0.02426415,0.019377619,0.0,-0.012132075,-0.08526152,-0.054257333,0.0040440247,-0.038755238,0.019377619,-0.05813286,0.038755238,1.0390079,1.3606055,4.504429,-1.6327267,1.2616524,4.978579,2.1027539,1.7316797,5.5001445,-1.5090352,0.9400547,5.4527297,0.024738282,0.0,0.0,-0.024738282,0.9997337,0.003275453,0.0070983795,-0.021712936,0.0053263213,0.0042610574,-0.0010652643,-0.095768064,-0.18555063,9.498995,0.0062415903,0.014335709,-0.04338588,30.659500122070312,2.016723871231079,-0.0023653414,0.23421487,-0.064412504,-0.34250095,-0.0864886,-0.27975708,0.11507466,0.048691303,-0.052320234,0.20270298,0.5011898,-0.5640201,0.07154584,0.16012347,0.34670192,-0.23414215,-0.02162215,0.60006076,-1.2712313,-0.00059133535,0.7285537,-1.3161031,0.01788646,0.7100309,-1.2133244,-0.013080059,0.72067577,-1.1747025,0.0,0.0,0.0,0.0,0.0,0.0,0.0,0.0,0.0,0.0,0.0,0.0,0.0,0.0,0.0,0.0,0.48691303,-3.4250095,-2.3414216,-5.640201,50.0,50.0,50.0,50.0,50.0,50.0,50.0,50.0,50.0,50.0,50.0,50.0,0.0,0.0,0.0,0.0,1.0,1.0,1.0,1.0,1.0,1.0,1.0,1.0,1.0,1.0,1.0,1.0,0.5,0.5,0.5,0.5
1788527464.6575627,85,4.783766999025829,3.7597979990096064,4.69976399836014,1.081762,5.789046,9035990,1,1,0.0,0.0,0.0,-0.020929098,0.6453737,-1.3872056,0.03170801,0.6447219,-1.3931139,-0.039433867,0.63798904,-1.4067149,0.030956209,0.6516744,-1.4039979,-3.75293,-5.3257265,-2.5989928,-1.5744013,0.03100419,0.0077510476,-0.014154087,0.038755238,-0.015502095,-0.0485283,-0.038755238,-0.015502095,0.020220125,-0.05038181,0.0,0.0020220124,-0.023253143,0.054257333,-0.038755238,-0.023253143,0.9895313,1.3606055,4.4570136,-1.6822032,1.2616524,4.978579,2.1027539,1.7316797,5.4527297,-1.5585117,0.89057815,5.4527297,0.024738282,0.0,0.0,-0.049476564,0.9997311,0.003267634,0.0071134823,-0.021824861,-0.0074568503,0.010652643,-0.01704423,-0.16160862,-0.16519992,9.534908,0.006223692,0.014366265,-0.04360982,30.659500122070312,2.050905704498291,-0.0010934398,0.22815374,-0.05990109,-0.34442714,-0.09276336,-0.2684255,0.12452925,0.053237803,-0.048975773,0.18848711,0.5177641,-0.56762385,0.073773876,0.18117574,0.32720268,-0.23032871,-0.02319084,0.60289365,-1.2688676,-0.00027335994,0.72703844,-1.3149753,0.018443469,0.71529394,-1.2181993,-0.012243943,0.7171218,-1.1705589,0.0,0.0,0.0,0.0,0.0,0.0,0.0,0.0,0.0,0.0,0.0,0.0,0.0,0.0,0.0,0.0,0.532378,-3.4442713,-2.303287,-5.6762385,50.0,50.0,50.0,50.0,50.0,50.0,50.0,50.0,50.0,50.0,50.0,50.0,0.0,0.0,0.0,0.0,1.0,1.0,1.0,1.0,1.0,1.0,1.0,1.0,1.0,1.0,1.0,1.0,0.5,0.5,0.5,0.5
1788527464.6775496,86,4.77390999913041,3.831928999716183,4.6976189987617545,1.039617,5.744501,9036010,1,1,0.0,0.0,0.0,-0.020959377,0.6453434,-1.3872056,0.03170801,0.6447219,-1.3930824,-0.039403588,0.6379285,-1.4067307,0.030956209,0.6516744,-1.4039979,-3.75293,-5.3257265,-2.5989628,-1.5744013,-0.077510476,0.011626571,0.0,-0.019377619,-0.027128667,0.010110063,0.0038755238,-0.038755238,-0.012132075,0.027128667,-0.0038755238,0.0040440247,-0.05813286,-0.011626571,0.023253143,0.0,1.0637461,1.2863907,4.504429,-1.7069415,1.2863907,4.883749,2.1027539,1.7316797,5.5001445,-1.5585117,0.89057815,5.4527297,0.0,-0.049476564,0.049476564,-0.024738282,0.99972934,0.003285681,0.007097876,-0.021911127,0.0010652643,-0.0042610574,0.0042610574,-0.088585466,-0.12689269,9.531317,0.0062592216,0.014336387,-0.043782234,30.659500122070312,2.050905704498291,0.0025566053,0.23672721,-0.054328736,-0.3480481,-0.088252485,-0.2712063,0.10737722,0.05337149,-0.052328072,0.19571164,0.53483886,-0.5730869,0.07052401,0.16677684,0.33043313,-0.22625683,-0.022063121,0.6021984,-1.2731557,0.0006391513,0.7291818,-1.3135822,0.017631002,0.71169424,-1.2173917,-0.013082018,0.7189279,-1.1662903,0.0,0.0,0.0,0.0,0.0,0.0,0.0,0.0,0.0,0.0,0.0,0.0,0.0,0.0,0.0,0.0,0.5337149,-3.480481,-2.2625682,-5.7308693,50.0,50.0,50.0,50.0,50.0,50.0,50.0,50.0,50.0,50.0,50.0,50.0,0.0,0.0,0.0,0.0,1.0,1.0,1.0,1.0,1.0,1.0,1.0,1.0,1.0,1.0,1.0,1.0,0.5,0.5,0.5,0.5
1788527464.6977174,87,4.919929999232409,3.7973039998178137,4.838359998757369,1.06221,5.90777,9036030,1,1,0.0,0.0,0.0,-0.020929098,0.6453434,-1.387174,0.031677734,0.6447219,-1.3930981,-0.03937331,0.63795877,-1.4067149,0.030956209,0.6516744,-1.4039979,-3.75293,-5.325757,-2.5989928,-1.574371,0.0038755238,0.0077510476,0.022242136,-0.04263076,0.04263076,-0.020220125,0.019377619,-0.015502095,0.018198112,-0.06200838,0.04263076,0.012132075,-0.034879714,0.03100419,-0.04263076,0.054257333,0.9895313,1.3606055,4.504429,-1.7069415,1.2863907,4.978579,2.0780158,1.6327267,5.4053144,-1.5585117,0.86583984,5.4527297,0.024738282,-0.024738282,0.0,0.0,0.9997316,0.003275339,0.007089109,-0.021811603,-0.008522115,0.0010652643,0.020240022,-0.039504327,-0.11731588,9.514558,0.00624035,0.014317783,-0.043583322,30.659500122070312,2.050905704498291,0.0062295552,0.24243599,-0.035173763,-0.34679013,-0.08125325,-0.2795667,0.09347837,0.053884856,-0.061489634,0.21252815,0.5252841,-0.56769764,0.062803164,0.14724518,0.33710048,-0.22626966,-0.020313313,0.6001083,-1.2766304,0.0015573888,0.730609,-1.3087934,0.015700791,0.7068113,-1.2157248,-0.015372409,0.7231321,-1.1686789,0.0,0.0,0.0,0.0,0.0,0.0,0.0,0.0,0.0,0.0,0.0,0.0,0.0,0.0,0.0,0.0,0.5388486,-3.4679012,-2.2626967,-5.676976,50.0,50.0,50.0,50.0,50.0,50.0,50.0,50.0,50.0,50.0,50.0,50.0,0.0,0.0,0.0,0.0,1.0,1.0,1.0,1.0,1.0,1.0,1.0,1.0,1.0,1.0,1.0,1.0,0.5,0.5,0.5,0.5
1788527464.7164602,88,3.6832200003118487,2.89119499939261,3.6039850001543527,1.02176,4.632114,9036050,1,1,0.0,0.0,0.0,-0.020959377,0.6453737,-1.387174,0.031647455,0.64469165,-1.3930981,-0.039403588,0.6380193,-1.4067307,0.031016767,0.65161383,-1.4039979,-3.7528694,-5.325696,-2.5989928,-1.5744013,-0.023253143,0.023253143,0.0060660373,-0.03100419,0.019377619,-0.022242136,-0.05038181,-0.034879714,-0.012132075,0.0,-0.011626571,0.0020220124,0.054257333,0.08526152,-0.05813286,0.019377619,1.0637461,1.2863907,4.504429,-1.6822032,1.1874375,4.978579,2.1274922,1.7069415,5.4527297,-1.5585117,0.9400547,5.4527297,0.0,-0.024738282,0.024738282,0.0,0.99973476,0.003251151,0.007082607,-0.021674993,-0.012783172,0.003195793,0.0053263213,-0.021547815,-0.11971009,9.494206,0.0061942185,0.014302882,-0.0433104,30.66835594177246,2.016723871231079,0.004993098,0.22420049,-0.04027907,-0.34851402,-0.08660656,-0.279168,0.099173695,0.052481778,-0.056516685,0.19466706,0.53413165,-0.5773259,0.064014524,0.15746412,0.33063227,-0.22223371,-0.02165164,0.60020804,-1.2752066,0.0012482745,0.72605014,-1.3100697,0.016003631,0.709366,-1.2173419,-0.014129171,0.7186668,-1.1664671,0.0,0.0,0.0,0.0,0.0,0.0,0.0,0.0,0.0,0.0,0.0,0.0,0.0,0.0,0.0,0.0,0.52481776,-3.4851403,-2.2223372,-5.7732587,50.0,50.0,50.0,50.0,50.0,50.0,50.0,50.0,50.0,50.0,50.0,50.0,0.0,0.0,0.0,0.0,1.0,1.0,1.0,1.0,1.0,1.0,1.0,1.0,1.0,1.0,1.0,1.0,0.5,0.5,0.5,0.5
1788527464.7375145,89,4.7424219992535654,3.785975999562652,4.6611060006398475,1.092515,5.760725,9036070,1,1,0.0,0.0,0.0,-0.020929098,0.6453737,-1.3871582,0.031677734,0.64469165,-1.3930665,-0.039433867,0.63798904,-1.4067307,0.030986488,0.6516744,-1.4040136,-3.7529,-5.3257265,-2.5989628,-1.5744013,0.04263076,-0.023253143,0.04044025,0.015502095,-0.0077510476,0.04044025,-0.10463915,-0.081386,-0.0060660373,-0.034879714,0.03100419,-0.020220125,0.0038755238,0.038755238,0.0038755238,0.0077510476,1.0390079,1.2863907,4.4570136,-1.6822032,1.2616524,4.883749,2.1027539,1.7069415,5.5001445,-1.5585117,0.9400547,5.4527297,0.024738282,0.024738282,0.0,-0.024738282,0.9997333,0.003249602,0.007103605,-0.02173118,0.0021305287,-0.010652643,0.0,-0.046686932,-0.19632454,9.569624,0.006189408,0.014345149,-0.04342271,30.659500122070312,2.050905704498291,0.004734164,0.23311576,-0.04074098,-0.34940875,-0.084036596,-0.27938062,0.10064793,0.057122454,-0.057714343,0.20144284,0.53553003,-0.5674699,0.06354593,0.15314026,0.33713755,-0.22699527,-0.021009149,0.6001549,-1.274838,0.001183541,0.72827893,-1.3101852,0.015886482,0.7082851,-1.2157155,-0.014428586,0.72036076,-1.1661174,0.0,0.0,0.0,0.0,0.0,0.0,0.0,0.0,0.0,0.0,0.0,0.0,0.0,0.0,0.0,0.0,0.5712246,-3.4940875,-2.2699528,-5.674699,50.0,50.0,50.0,50.0,50.0,50.0,50.0,50.0,50.0,50.0,50.0,50.0,0.0,0.0,0.0,0.0,1.0,1.0,1.0,1.0,1.0,1.0,1.0,1.0,1.0,1.0,1.0,1.0,0.5,0.5,0.5,0.5
1788527464.7574987,90,4.728628999146167,3.7745190002169693,4.650450000553974,1.056417,5.714195,9036090,1,1,0.0,0.0,0.0,-0.020898819,0.64531314,-1.3872056,0.03170801,0.64469165,-1.3930981,-0.039464146,0.63795877,-1.4067149,0.030956209,0.6516441,-1.4039979,-3.75293,-5.325757,-2.5989928,-1.5744013,0.05813286,-0.04263076,-0.010110063,-0.019377619,-0.06200838,-0.020220125,-0.08913705,0.0,0.020220125,-0.027128667,-0.0077510476,0.0040440247,-0.038755238,-0.03100419,-0.054257333,-0.0038755238,0.9895313,1.311129,4.4570136,-1.6822032,1.2616524,4.883749,2.1027539,1.6822032,5.4527297,-1.5585117,0.89057815,5.5001445,0.024738282,-0.024738282,0.0,-0.049476564,0.9997304,0.0032805898,0.007125675,-0.021853352,-0.0010652643,0.0021305287,-0.010652643,-0.1364695,-0.092176765,9.489418,0.006248659,0.014391389,-0.043666564,30.659500122070312,2.050905704498291,0.003918281,0.23322052,-0.0488953,-0.347683,-0.08831897,-0.2661034,0.10673336,0.058767848,-0.053452276,0.19733328,0.54061747,-0.5686615,0.06910372,0.16460444,0.32524756,-0.22773352,-0.022079742,0.60347414,-1.2733166,0.0009795702,0.72830516,-1.3122238,0.01727593,0.7111511,-1.218688,-0.013363069,0.71933335,-1.1648456,0.0,0.0,0.0,0.0,0.0,0.0,0.0,0.0,0.0,0.0,0.0,0.0,0.0,0.0,0.0,0.0,0.5876785,-3.47683,-2.2773352,-5.686615,50.0,50.0,50.0,50.0,50.0,50.0,50.0,50.0,50.0,50.0,50.0,50.0,0.0,0.0,0.0,0.0,1.0,1.0,1.0,1.0,1.0,1.0,1.0,1.0,1.0,1.0,1.0,1.0,0.5,0.5,0.5,0.5
1788527464.777567,91,4.791703000591951,3.848728998491424,4.715253000540542,1.094114,5.816663,9036110,1,1,0.0,0.0,0.0,-0.020898819,0.64531314,-1.3871897,0.03170801,0.6447219,-1.3930981,-0.039403588,0.6379285,-1.4067465,0.03092593,0.65170467,-1.4040136,-3.75293,-5.325757,-2.5989928,-1.574371,0.05038181,-0.0077510476,-0.0020220124,0.027128667,0.0077510476,-0.026286162,0.027128667,-0.038755238,0.0020220124,-0.09301257,0.046506286,-0.022242136,0.0,-0.03100419,-0.05813286,0.034879714,0.9895313,1.2863907,4.4570136,-1.6822032,1.311129,4.883749,2.1027539,1.7316797,5.4527297,-1.5585117,0.89057815,5.4527297,0.0,-0.024738282,0.0,0.0,0.9997308,0.0032772943,0.00711035,-0.021838369,-0.015978964,-0.0053263213,0.013848436,-0.095768064,-0.033518825,9.546879,0.0062429523,0.014360507,-0.043636717,30.659500122070312,2.050905704498291,0.0042699073,0.2519313,-0.040342063,-0.34406707,-0.08113903,-0.2783483,0.08535978,0.06190385,-0.059252635,0.21890908,0.51957,-0.56886226,0.06347115,0.14117764,0.34217396,-0.23293741,-0.020284757,0.60041296,-1.27866,0.0010674768,0.7329829,-1.3100854,0.015867788,0.70529443,-1.2144564,-0.014813159,0.7247273,-1.1701075,0.0,0.0,0.0,0.0,0.0,0.0,0.0,0.0,0.0,0.0,0.0,0.0,0.0,0.0,0.0,0.0,0.61903846,-3.4406707,-2.329374,-5.6886225,50.0,50.0,50.0,50.0,50.0,50.0,50.0,50.0,50.0,50.0,50.0,50.0,0.0,0.0,0.0,0.0,1.0,1.0,1.0,1.0,1.0,1.0,1.0,1.0,1.0,1.0,1.0,1.0,0.5,0.5,0.5,0.5
1788527464.796641,92,3.8673859999107663,3.0967050006438512,3.7963760005368385,1.051969,4.854329,9036130,1,1,0.0,0.0,0.0,-0.020959377,0.6453737,-1.387174,0.031677734,0.64469165,-1.3930981,-0.039403588,0.6380193,-1.4067307,0.030986488,0.65161383,-1.4039979,-3.75293,-5.3257265,-2.5989628,-1.5744013,-0.019377619,0.019377619,0.016176099,0.034879714,0.011626571,-0.020220125,-0.019377619,-0.011626571,-0.0060660373,0.0077510476,-0.054257333,0.0080880495,-0.027128667,0.03100419,0.0,0.023253143,1.0390079,1.3606055,4.4570136,-1.6822032,1.2863907,5.0259943,2.1274922,1.7069415,5.5001445,-1.5585117,0.9400547,5.4527297,0.0,-0.024738282,0.0,-0.024738282,0.9997338,0.0032593238,0.007086939,-0.021711478,0.0,0.008522115,0.0053263213,-0.015562311,-0.11971009,9.506178,0.006209853,0.014312124,-0.043383244,30.659500122070312,2.016723871231079,0.0026313532,0.24591419,-0.052241053,-0.34252128,-0.08514137,-0.27321836,0.09996599,0.055408634,-0.05592218,0.20703787,0.5251754,-0.5689592,0.06773566,0.15857065,0.34711897,-0.22269872,-0.021285342,0.6016954,-1.2750084,0.0006578383,0.7314786,-1.3130602,0.016933914,0.70964265,-1.2132202,-0.013980545,0.7217595,-1.168706,0.0,0.0,0.0,0.0,0.0,0.0,0.0,0.0,0.0,0.0,0.0,0.0,0.0,0.0,0.0,0.0,0.5540863,-3.4252129,-2.2269871,-5.689592,50.0,50.0,50.0,50.0,50.0,50.0,50.0,50.0,50.0,50.0,50.0,50.0,0.0,0.0,0.0,0.0,1.0,1.0,1.0,1.0,1.0,1.0,1.0,1.0,1.0,1.0,1.0,1.0,0.5,0.5,0.5,0.5
1788527464.816669,93,3.8810180012660567,2.92537200039078,3.775286999371019,1.118659,4.901722,9036150,1,1,0.0,0.0,0.0,-0.020959377,0.6453737,-1.387174,0.031647455,0.64469165,-1.3930981,-0.039403588,0.6380193,-1.4067307,0.030986488,0.6516744,-1.4040136,-3.7529,-5.325696,-2.5990233,-1.5744013,0.023253143,-0.023253143,0.0060660373,-0.019377619,0.05038181,-0.020220125,0.015502095,-0.046506286,-0.0080880495,-0.023253143,0.046506286,0.0080880495,0.023253143,0.06975943,-0.096888095,0.034879714,1.0390079,1.3606055,4.504429,-1.6822032,1.2616524,4.978579,2.1027539,1.7316797,5.594975,-1.5585117,0.89057815,5.4527297,0.024738282,-0.024738282,0.024738282,0.0,0.99973434,0.0032480685,0.0071180984,-0.02168103,0.012783172,0.0042610574,-0.0042610574,-0.10534488,-0.17477672,9.460688,0.006186435,0.014373752,-0.043322325,30.66835594177246,2.050905704498291,0.00076107495,0.23379505,-0.0707152,-0.34524673,-0.085646,-0.27718636,0.1213261,0.053513005,-0.051973097,0.19446248,0.50910383,-0.5669856,0.07086128,0.16572544,0.34754196,-0.232418,-0.0214115,0.6007034,-1.2696685,0.00019026874,0.72844875,-1.3176788,0.01771532,0.7114314,-1.2131145,-0.012993274,0.71861565,-1.172724,0.0,0.0,0.0,0.0,0.0,0.0,0.0,0.0,0.0,0.0,0.0,0.0,0.0,0.0,0.0,0.0,0.53513,-3.4524674,-2.3241801,-5.669856,50.0,50.0,50.0,50.0,50.0,50.0,50.0,50.0,50.0,50.0,50.0,50.0,0.0,0.0,0.0,0.0,1.0,1.0,1.0,1.0,1.0,1.0,1.0,1.0,1.0,1.0,1.0,1.0,0.5,0.5,0.5,0.5
1788527464.8376591,94,4.848120999668026,3.8166320009622723,4.75579799967818,1.070818,5.835032,9036170,1,1,0.0,0.0,0.0,-0.020959377,0.6453434,-1.3871897,0.03170801,0.6447219,-1.3930981,-0.039433867,0.6380193,-1.4067149,0.030956209,0.6516441,-1.4040136,-3.75293,-5.3257265,-2.5989928,-1.5744013,-0.03100419,-0.09301257,-0.0040440247,0.05038181,0.023253143,-0.020220125,-0.05813286,0.046506286,0.028308174,-0.038755238,-0.015502095,-0.020220125,-0.015502095,0.015502095,-0.05038181,0.0038755238,1.0390079,1.3606055,4.504429,-1.6822032,1.2121758,4.883749,2.0780158,1.7316797,5.4527297,-1.5090352,0.86583984,5.4527297,0.024738282,-0.024738282,0.0,-0.049476564,0.99973196,0.0032797293,0.0071105836,-0.021785745,0.011717907,-0.0021305287,-0.01704423,-0.16998832,-0.15203181,9.548077,0.006248567,0.014360752,-0.043531407,30.66835594177246,2.016723871231079,0.0004813727,0.23145163,-0.06872794,-0.3493202,-0.090396754,-0.26024175,0.124615304,0.05326557,-0.050611995,0.19009244,0.5315362,-0.5696081,0.07650648,0.17741631,0.33214808,-0.22799549,-0.022599189,0.6049396,-1.2688462,0.000120343175,0.72786295,-1.317182,0.01912662,0.7143541,-1.2169629,-0.012652999,0.7175231,-1.1671159,0.0,0.0,0.0,0.0,0.0,0.0,0.0,0.0,0.0,0.0,0.0,0.0,0.0,0.0,0.0,0.0,0.5326557,-3.493202,-2.279955,-5.696081,50.0,50.0,50.0,50.0,50.0,50.0,50.0,50.0,50.0,50.0,50.0,50.0,0.0,0.0,0.0,0.0,1.0,1.0,1.0,1.0,1.0,1.0,1.0,1.0,1.0,1.0,1.0,1.0,0.5,0.5,0.5,0.5
1788527464.8576074,95,4.827672000828898,3.8079599999036873,4.740725000374368,1.052001,5.801206,9036189,1,1,0.0,0.0,0.0,-0.020898819,0.64531314,-1.3871897,0.03170801,0.6447219,-1.3930824,-0.039433867,0.63795877,-1.4067149,0.030986488,0.65170467,-1.4039979,-3.75293,-5.3257265,-2.5989928,-1.574371,0.027128667,-0.019377619,0.0,0.0038755238,0.0038755238,0.010110063,-0.034879714,-0.0038755238,0.0080880495,0.019377619,0.05813286,0.0020220124,-0.034879714,0.023253143,-0.027128667,0.046506286,1.0390079,1.3606055,4.4570136,-1.7069415,1.2616524,4.883749,2.1274922,1.6822032,5.5001445,-1.5090352,0.89057815,5.4527297,0.024738282,-0.049476564,0.0,0.0,0.9997306,0.003265672,0.0071100676,-0.021856058,0.006391586,-0.0074568503,-0.0053263213,-0.1376666,-0.1376666,9.528923,0.006219469,0.014359547,-0.043672282,30.66835594177246,2.016723871231079,0.00028760172,0.2329,-0.064781874,-0.34185183,-0.08548399,-0.27669424,0.12164109,0.049783364,-0.05057375,0.19345924,0.51729244,-0.5676627,0.07330178,0.16187099,0.34148768,-0.23315312,-0.021370998,0.60082644,-1.2695897,7.190043e-05,0.728225,-1.3161954,0.018325444,0.71046776,-1.214628,-0.012643438,0.71836483,-1.1706768,0.0,0.0,0.0,0.0,0.0,0.0,0.0,0.0,0.0,0.0,0.0,0.0,0.0,0.0,0.0,0.0,0.49783364,-3.4185183,-2.3315313,-5.676627,50.0,50.0,50.0,50.0,50.0,50.0,50.0,50.0,50.0,50.0,50.0,50.0,0.0,0.0,0.0,0.0,1.0,1.0,1.0,1.0,1.0,1.0,1.0,1.0,1.0,1.0,1.0,1.0,0.5,0.5,0.5,0.5
1788527464.877678,96,4.893209999863757,3.8626180012215627,4.800086999239284,1.045889,5.854136,9036210,1,1,0.0,0.0,0.0,-0.020929098,0.6453434,-1.387174,0.03170801,0.64469165,-1.3930824,-0.03937331,0.63798904,-1.4067307,0.030956209,0.6516744,-1.4040136,-3.75293,-5.325757,-2.5990233,-1.574371,-0.015502095,0.027128667,0.026286162,0.038755238,-0.0077510476,0.0080880495,-0.038755238,0.011626571,-0.0020220124,-0.06200838,0.019377619,-0.014154087,-0.015502095,-0.03100419,-0.09301257,0.04263076,1.0390079,1.311129,4.4570136,-1.7069415,1.2616524,4.883749,2.1027539,1.7316797,5.5001445,-1.5585117,0.89057815,5.4053144,0.024738282,-0.024738282,0.024738282,0.0,0.9997327,0.003259196,0.007105945,-0.021755671,-0.006391586,-0.010652643,0.02450108,-0.05865794,-0.07062895,9.441534,0.00620814,0.014350396,-0.04347156,30.66835594177246,2.050905704498291,0.005578952,0.24946606,-0.029843982,-0.34568843,-0.08055385,-0.2860851,0.08455942,0.052138142,-0.064625196,0.22444156,0.524969,-0.5682291,0.06327827,0.14143951,0.34169114,-0.22498539,-0.020138463,0.59847873,-1.2788601,0.001394738,0.73236656,-1.3074609,0.015819568,0.7053599,-1.2145772,-0.016156299,0.7261104,-1.1687577,0.0,0.0,0.0,0.0,0.0,0.0,0.0,0.0,0.0,0.0,0.0,0.0,0.0,0.0,0.0,0.0,0.52138144,-3.4568844,-2.2498538,-5.682291,50.0,50.0,50.0,50.0,50.0,50.0,50.0,50.0,50.0,50.0,50.0,50.0,0.0,0.0,0.0,0.0,1.0,1.0,1.0,1.0,1.0,1.0,1.0,1.0,1.0,1.0,1.0,1.0,0.5,0.5,0.5,0.5
1788527464.8975132,97,4.728308998892317,3.734645999429631,4.6397940004681,1.091811,5.739573,9036230,1,1,0.0,0.0,0.0,-0.020959377,0.6453737,-1.3871897,0.031677734,0.64466137,-1.3930981,-0.03937331,0.6380496,-1.4067307,0.031016767,0.6516441,-1.4040136,-3.7529,-5.325757,-2.5989928,-1.5744013,-0.019377619,0.0,-0.020220125,0.038755238,-0.015502095,-0.020220125,0.0,0.0038755238,-0.010110063,0.0077510476,0.04263076,-0.020220125,0.0038755238,-0.027128667,-0.038755238,0.03100419,1.0390079,1.3606055,4.4570136,-1.6822032,1.2616524,4.978579,2.1027539,1.7069415,5.4527297,-1.5585117,0.89057815,5.4527297,0.024738282,-0.024738282,0.049476564,-0.024738282,0.99973536,0.0032392233,0.007115525,-0.021637386,-0.006391586,-0.0042610574,0.0021305287,-0.019153614,-0.12330139,9.481039,0.0061694845,0.014367956,-0.043235153,30.659500122070312,2.016723871231079,0.00050630607,0.2473427,-0.04841701,-0.34589562,-0.084289484,-0.2753228,0.1126953,0.052394204,-0.05549355,0.20408651,0.5215462,-0.5673939,0.06970611,0.16201802,0.34799355,-0.22224188,-0.021072371,0.60116935,-1.2718261,0.00012657652,0.7318357,-1.3121042,0.017426528,0.71050453,-1.2130016,-0.013873387,0.72102165,-1.1696134,0.0,0.0,0.0,0.0,0.0,0.0,0.0,0.0,0.0,0.0,0.0,0.0,0.0,0.0,0.0,0.0,0.52394205,-3.4589562,-2.2224188,-5.6739388,50.0,50.0,50.0,50.0,50.0,50.0,50.0,50.0,50.0,50.0,50.0,50.0,0.0,0.0,0.0,0.0,1.0,1.0,1.0,1.0,1.0,1.0,1.0,1.0,1.0,1.0,1.0,1.0,0.5,0.5,0.5,0.5
1788527464.917508,98,4.737812998428126,3.7522459988394985,4.656178000004729,1.019648,5.683347,9036250,1,1,0.0,0.0,0.0,-0.020959377,0.6453737,-1.3871897,0.031677734,0.64469165,-1.3930981,-0.03937331,0.6380193,-1.4067149,0.030986488,0.6516441,-1.4039979,-3.75293,-5.3257265,-2.5989928,-1.5744013,0.0,-0.04263076,-0.0020220124,0.027128667,0.034879714,-0.018198112,0.0038755238,-0.038755238,0.020220125,-0.034879714,0.0038755238,0.022242136,-0.038755238,0.0038755238,-0.038755238,0.034879714,1.0390079,1.2863907,4.504429,-1.7069415,1.2616524,4.883749,2.0780158,1.7316797,5.4053144,-1.5585117,0.86583984,5.4527297,0.024738282,-0.024738282,0.0,-0.049476564,0.9997345,0.003239527,0.0070849676,-0.021685787,0.011717907,-0.0010652643,-0.023435814,-0.095768064,-0.16998832,9.516952,0.006170718,0.014307165,-0.04333215,30.659500122070312,2.016723871231079,-0.005028989,0.22696152,-0.080912896,-0.34965807,-0.09056811,-0.26277873,0.13752744,0.051595353,-0.04401304,0.18044518,0.5237472,-0.5680327,0.07807189,0.18388627,0.34419933,-0.23142046,-0.022642028,0.6043053,-1.2656181,-0.0012572473,0.7267404,-1.3202282,0.019517973,0.7159716,-1.2139502,-0.01100326,0.7151113,-1.1690631,0.0,0.0,0.0,0.0,0.0,0.0,0.0,0.0,0.0,0.0,0.0,0.0,0.0,0.0,0.0,0.0,0.51595354,-3.4965806,-2.3142047,-5.680327,50.0,50.0,50.0,50.0,50.0,50.0,50.0,50.0,50.0,50.0,50.0,50.0,0.0,0.0,0.0,0.0,1.0,1.0,1.0,1.0,1.0,1.0,1.0,1.0,1.0,1.0,1.0,1.0,0.5,0.5,0.5,0.5
1788527464.9375358,99,4.763222001201939,3.792278999753762,4.679794999901787,1.022848,5.709843,9036270,1,1,0.0,0.0,0.0,-0.020898819,0.6453434,-1.387174,0.031677734,0.6447219,-1.3930981,-0.039464146,0.63798904,-1.4067307,0.03092593,0.6516441,-1.4039979,-3.75293,-5.3257265,-2.5989928,-1.574371,0.054257333,0.0038755238,0.044484273,0.046506286,0.019377619,-0.020220125,-0.11239019,0.046506286,-0.012132075,-0.08526152,-0.019377619,0.012132075,-0.038755238,0.0077510476,-0.015502095,0.038755238,0.9895313,1.3606055,4.504429,-1.6327267,1.2616524,4.978579,2.1274922,1.6822032,5.4527297,-1.5585117,0.86583984,5.5001445,0.024738282,-0.024738282,0.0,0.0,0.99973136,0.003274486,0.007107037,-0.02181543,0.0021305287,0.010652643,-0.012783172,-0.09935937,-0.10295067,9.537302,0.00623781,0.014353617,-0.043590892,30.659500122070312,2.085087299346924,0.0020803828,0.21844944,-0.04959767,-0.34483182,-0.08918013,-0.27448818,0.120973684,0.052189432,-0.050732993,0.19233233,0.5234431,-0.5644447,0.07132667,0.17397225,0.31549555,-0.22820447,-0.022295032,0.60137796,-1.2697566,0.0005200957,0.72461236,-1.3123994,0.017831668,0.7134931,-1.2211261,-0.012683248,0.7180831,-1.1691391,0.0,0.0,0.0,0.0,0.0,0.0,0.0,0.0,0.0,0.0,0.0,0.0,0.0,0.0,0.0,0.0,0.52189434,-3.4483182,-2.2820446,-5.6444473,50.0,50.0,50.0,50.0,50.0,50.0,50.0,50.0,50.0,50.0,50.0,50.0,0.0,0.0,0.0,0.0,1.0,1.0,1.0,1.0,1.0,1.0,1.0,1.0,1.0,1.0,1.0,1.0,0.5,0.5,0.5,0.5
1788527464.9574442,100,4.671058999520028,3.693587999805459,4.591664999679779,1.000479,5.599312,9036290,1,1,0.0,0.0,0.0,-0.02086854,0.6453434,-1.3871582,0.03173829,0.6447825,-1.3930824,-0.039403588,0.6379285,-1.4067307,0.030986488,0.65170467,-1.4040136,-3.75293,-5.325757,-2.5989628,-1.5743407,0.081386,0.046506286,0.06672641,0.08913705,0.11239019,0.0,0.011626571,-0.05813286,-0.010110063,0.027128667,0.038755238,-0.022242136,-0.015502095,-0.023253143,0.0,0.09301257,1.0390079,1.2863907,4.504429,-1.6822032,1.2616524,4.978579,2.1522305,1.6822032,5.5001445,-1.5585117,0.89057815,5.4053144,0.024738282,0.0,0.0,-0.024738282,0.9997314,0.0032970652,0.0070912796,-0.021815414,0.0,-0.0074568503,0.0074568503,-0.11851298,-0.10414778,9.488221,0.006283647,0.014323094,-0.04359062,30.659500122070312,2.050905704498291,0.0031603817,0.23465526,-0.063335225,-0.33630815,-0.08083949,-0.30119398,0.11855892,0.047450572,-0.0548732,0.21102841,0.48538393,-0.5567362,0.07062137,0.1407757,0.35345668,-0.23452258,-0.020209873,0.5947015,-1.2703602,0.0007900954,0.7286638,-1.3158338,0.017655343,0.70519394,-1.2116358,-0.0137183,0.7227571,-1.178654,0.0,0.0,0.0,0.0,0.0,0.0,0.0,0.0,0.0,0.0,0.0,0.0,0.0,0.0,0.0,0.0,0.47450572,-3.3630815,-2.3452258,-5.567362,50.0,50.0,50.0,50.0,50.0,50.0,50.0,50.0,50.0,50.0,50.0,50.0,0.0,0.0,0.0,0.0,1.0,1.0,1.0,1.0,1.0,1.0,1.0,1.0,1.0,1.0,1.0,1.0,0.5,0.5,0.5,0.5
1788527464.977562,101,4.776342000695877,3.7944560008327244,4.690547999416594,1.066849,5.765589,9036310,1,1,0.0,0.0,0.0,-0.020929098,0.6453434,-1.387174,0.03170801,0.64469165,-1.3930981,-0.03937331,0.6380193,-1.4067149,0.031016767,0.6516441,-1.4040136,-3.75293,-5.3257265,-2.5990233,-1.5744013,0.046506286,-0.015502095,-0.0080880495,0.05038181,-0.015502095,-0.020220125,0.038755238,0.0,0.022242136,0.046506286,-0.019377619,-0.020220125,-0.054257333,0.0038755238,-0.08526152,0.0,1.0390079,1.2863907,4.4570136,-1.6822032,1.2616524,4.883749,2.1274922,1.6822032,5.4527297,-1.6079884,0.8411016,5.4527297,0.0,0.0,0.024738282,0.0,0.99973434,0.0032978584,0.0070646144,-0.021691691,0.0,-0.0053263213,0.003195793,-0.046686932,-0.10654198,9.563639,0.0062881587,0.014269032,-0.043343242,30.659500122070312,2.016723871231079,-0.0013376679,0.25445986,-0.07929369,-0.34197956,-0.084656835,-0.27720734,0.1229605,0.052917726,-0.052441105,0.20971912,0.49562204,-0.5609109,0.07827391,0.16251276,0.3668616,-0.23063986,-0.021164209,0.6006982,-1.2692598,-0.00033441698,0.733615,-1.3198234,0.019568477,0.7106282,-1.2082845,-0.013110276,0.7224298,-1.1760944,0.0,0.0,0.0,0.0,0.0,0.0,0.0,0.0,0.0,0.0,0.0,0.0,0.0,0.0,0.0,0.0,0.52917725,-3.4197955,-2.3063986,-5.609109,50.0,50.0,50.0,50.0,50.0,50.0,50.0,50.0,50.0,50.0,50.0,50.0,0.0,0.0,0.0,0.0,1.0,1.0,1.0,1.0,1.0,1.0,1.0,1.0,1.0,1.0,1.0,1.0,0.5,0.5,0.5,0.5
1788527464.9975708,102,4.786423000041395,3.8089520003268262,4.700884001067607,1.055393,5.764086,9036330,1,1,0.0,0.0,0.0,-0.020959377,0.645404,-1.3871897,0.031647455,0.64466137,-1.3931139,-0.03937331,0.6380193,-1.4067149,0.030986488,0.6516441,-1.4040295,-3.75293,-5.3257265,-2.5989928,-1.5744013,0.023253143,0.046506286,-0.0080880495,-0.011626571,-0.038755238,-0.0485283,-0.0038755238,-0.038755238,0.022242136,-0.038755238,0.038755238,-0.032352198,-0.038755238,0.034879714,-0.038755238,0.038755238,1.0390079,1.2863907,4.4570136,-1.7069415,1.2616524,4.883749,2.0780158,1.7069415,5.5001445,-1.5585117,0.89057815,5.5001445,0.0,0.0,0.0,-0.024738282,0.99973494,0.0032756466,0.0070617176,-0.02166859,0.0074568503,0.003195793,-0.003195793,-0.04189853,-0.17477672,9.498995,0.0062441975,0.014262132,-0.043297358,30.659500122070312,2.050905704498291,-0.00048658624,0.2404744,-0.06824356,-0.34620586,-0.086079545,-0.26916245,0.114843644,0.05650659,-0.046764493,0.1950208,0.5134501,-0.5696646,0.07535067,0.16853955,0.34591156,-0.2299015,-0.021519886,0.6027094,-1.271289,-0.00012164656,0.73011863,-1.3170608,0.018837668,0.7121349,-1.2135221,-0.011691123,0.71875525,-1.1716374,0.0,0.0,0.0,0.0,0.0,0.0,0.0,0.0,0.0,0.0,0.0,0.0,0.0,0.0,0.0,0.0,0.56506586,-3.4620585,-2.299015,-5.6966457,50.0,50.0,50.0,50.0,50.0,50.0,50.0,50.0,50.0,50.0,50.0,50.0,0.0,0.0,0.0,0.0,1.0,1.0,1.0,1.0,1.0,1.0,1.0,1.0,1.0,1.0,1.0,1.0,0.5,0.5,0.5,0.5
1788527465.0175333,103,4.7501019998890115,3.775670998948044,4.665394999392447,1.074434,5.748181,9036350,1,1,0.0,0.0,0.0,-0.020959377,0.6453737,-1.3871897,0.03170801,0.6447219,-1.3930824,-0.039403588,0.6380193,-1.4067149,0.030956209,0.6516441,-1.4040136,-3.75293,-5.325696,-2.5989928,-1.574371,-0.019377619,0.03100419,0.0020220124,0.015502095,-0.0077510476,0.0080880495,-0.011626571,0.04263076,0.028308174,-0.034879714,-0.019377619,-0.012132075,-0.023253143,0.038755238,-0.046506286,0.03100419,1.0390079,1.3606055,4.4570136,-1.7316797,1.2616524,4.978579,2.1274922,1.6822032,5.4527297,-1.5090352,0.89057815,5.4527297,0.024738282,-0.024738282,0.049476564,-0.024738282,0.99973214,0.0032983662,0.0070643784,-0.021793708,0.0053263213,0.0,-0.013848436,-0.15083471,-0.15562311,9.485827,0.0062877275,0.014269223,-0.043547332,30.66835594177246,2.050905704498291,-0.0016553309,0.23409563,-0.074695736,-0.34545794,-0.09145526,-0.26382932,0.12077641,0.05544786,-0.047938086,0.18569459,0.5342905,-0.5741498,0.076657206,0.1764017,0.33125204,-0.23155148,-0.022863815,0.6040427,-1.2698059,-0.00041383272,0.7285239,-1.3186738,0.019164301,0.7141004,-1.2171869,-0.0119845215,0.7164237,-1.1664274,0.0,0.0,0.0,0.0,0.0,0.0,0.0,0.0,0.0,0.0,0.0,0.0,0.0,0.0,0.0,0.0,0.55447865,-3.4545794,-2.3155148,-5.741498,50.0,50.0,50.0,50.0,50.0,50.0,50.0,50.0,50.0,50.0,50.0,50.0,0.0,0.0,0.0,0.0,1.0,1.0,1.0,1.0,1.0,1.0,1.0,1.0,1.0,1.0,1.0,1.0,0.5,0.5,0.5,0.5
1788527465.0376644,104,4.880633001448587,3.8859150008647703,4.7967909995350055,1.079746,5.884345,9036369,1,1,0.0,0.0,0.0,-0.020929098,0.64528286,-1.3872056,0.03173829,0.6447219,-1.3930981,-0.039464146,0.6379285,-1.4067149,0.030956209,0.65170467,-1.4039979,-3.75293,-5.325696,-2.5989928,-1.5744013,-0.011626571,0.011626571,-0.014154087,0.05813286,0.0038755238,-0.016176099,-0.11626572,-0.038755238,0.022242136,-0.0038755238,0.038755238,0.020220125,-0.05038181,0.065883905,-0.011626571,-0.015502095,1.0390079,1.311129,4.4570136,-1.7069415,1.2616524,4.978579,2.1274922,1.7811563,5.5001445,-1.5090352,0.86583984,5.5001445,0.0,-0.024738282,0.049476564,-0.024738282,0.99973005,0.003316043,0.007064403,-0.021883255,0.0074568503,0.0021305287,-0.003195793,-0.074220255,-0.12569559,9.476251,0.006321797,0.014270608,-0.04372623,30.659500122070312,2.016723871231079,0.0012357961,0.23193523,-0.051990584,-0.33781424,-0.08600584,-0.2811409,0.119056456,0.049253866,-0.054547936,0.1969625,0.52569234,-0.56977093,0.06930342,0.16213606,0.3325908,-0.22886536,-0.02150146,0.5997148,-1.2702359,0.00030894903,0.72798383,-1.3129976,0.017325856,0.71053404,-1.2168523,-0.013636984,0.71924067,-1.1685768,0.0,0.0,0.0,0.0,0.0,0.0,0.0,0.0,0.0,0.0,0.0,0.0,0.0,0.0,0.0,0.0,0.49253866,-3.3781424,-2.2886536,-5.697709,50.0,50.0,50.0,50.0,50.0,50.0,50.0,50.0,50.0,50.0,50.0,50.0,0.0,0.0,0.0,0.0,1.0,1.0,1.0,1.0,1.0,1.0,1.0,1.0,1.0,1.0,1.0,1.0,0.5,0.5,0.5,0.5
1788527465.0574644,105,4.683539000325254,3.721717001099023,4.600017000484513,1.10413,5.711187,9036390,1,1,0.0,0.0,0.0,-0.020929098,0.64531314,-1.387174,0.031677734,0.6447219,-1.3930981,-0.039403588,0.63795877,-1.4067307,0.030956209,0.6516744,-1.4039979,-3.7529604,-5.325757,-2.5989928,-1.574371,-0.019377619,-0.0077510476,0.028308174,-0.019377619,0.06975943,-0.020220125,-0.023253143,-0.011626571,-0.0080880495,-0.06200838,0.038755238,0.02426415,-0.09301257,-0.019377619,-0.10463915,0.04263076,1.0390079,1.2863907,4.4570136,-1.6822032,1.2863907,4.883749,2.0780158,1.6822032,5.4527297,-1.5090352,0.8411016,5.5001445,0.024738282,-0.049476564,0.0,0.0,0.9997318,0.0032933976,0.007078183,-0.021805027,0.0010652643,-0.008522115,0.009587379,-0.046686932,-0.06584055,9.48463,0.0062770313,0.014296681,-0.04356997,30.659500122070312,2.050905704498291,0.0044991877,0.23617902,-0.041288488,-0.3451938,-0.081716985,-0.28499758,0.099842966,0.051382393,-0.057997614,0.20755777,0.52814335,-0.56765854,0.065185934,0.14947806,0.3329552,-0.22695091,-0.020429246,0.5987506,-1.2750392,0.0011247969,0.7290448,-1.310322,0.016296484,0.7073695,-1.2167611,-0.014499404,0.72188944,-1.1679641,0.0,0.0,0.0,0.0,0.0,0.0,0.0,0.0,0.0,0.0,0.0,0.0,0.0,0.0,0.0,0.0,0.5138239,-3.4519382,-2.269509,-5.676585,50.0,50.0,50.0,50.0,50.0,50.0,50.0,50.0,50.0,50.0,50.0,50.0,0.0,0.0,0.0,0.0,1.0,1.0,1.0,1.0,1.0,1.0,1.0,1.0,1.0,1.0,1.0,1.0,0.5,0.5,0.5,0.5
1788527465.0772145,106,4.4240749994060025,3.637234998677741,4.348616999777732,1.08365,5.438603,9036410,1,1,0.0,0.0,0.0,-0.020929098,0.6453737,-1.387174,0.031677734,0.64469165,-1.3930981,-0.03937331,0.6380496,-1.4067307,0.031016767,0.65161383,-1.4040136,-3.75293,-5.325757,-2.5989928,-1.5744013,0.038755238,0.0077510476,0.012132075,0.038755238,0.03100419,-0.0080880495,0.0038755238,0.027128667,0.0,0.0,-0.027128667,-0.016176099,-0.034879714,-0.015502095,-0.07363495,0.0,1.0390079,1.2863907,4.504429,-1.6822032,1.1874375,4.883749,2.0780158,1.6822032,5.4053144,-1.5585117,0.9400547,5.4527297,0.024738282,-0.024738282,0.024738282,0.0,0.99973464,0.0032579992,0.007080342,-0.021679156,0.0021305287,-0.009587379,0.0042610574,-0.05267244,-0.108936176,9.458294,0.006207952,0.014298675,-0.043318648,30.659500122070312,2.050905704498291,0.000622401,0.24624857,-0.06089207,-0.34702215,-0.08366014,-0.27843586,0.11281631,0.056923084,-0.05497878,0.2052258,0.51736313,-0.56573737,0.07132135,0.1568838,0.3503446,-0.22718807,-0.020915035,0.60039103,-1.2717959,0.00015560025,0.73156214,-1.315223,0.017830338,0.70922095,-1.2124138,-0.013744695,0.72130644,-1.1706592,0.0,0.0,0.0,0.0,0.0,0.0,0.0,0.0,0.0,0.0,0.0,0.0,0.0,0.0,0.0,0.0,0.56923085,-3.4702215,-2.2718806,-5.6573734,50.0,50.0,50.0,50.0,50.0,50.0,50.0,50.0,50.0,50.0,50.0,50.0,0.0,0.0,0.0,0.0,1.0,1.0,1.0,1.0,1.0,1.0,1.0,1.0,1.0,1.0,1.0,1.0,0.5,0.5,0.5,0.5
1788527465.0977085,107,4.934683000101359,3.8883779998286627,4.842615999223199,1.046337,5.897786,9036430,1,1,0.0,0.0,0.0,-0.020929098,0.6453737,-1.3871582,0.031677734,0.64469165,-1.3930981,-0.039403588,0.6380496,-1.4067307,0.030986488,0.6516744,-1.4040136,-3.7529,-5.325696,-2.5989628,-1.5744013,0.03100419,0.0,0.038418237,0.0077510476,0.038755238,-0.02426415,-0.03100419,0.05038181,-0.0020220124,-0.034879714,0.081386,-0.0080880495,0.011626571,0.06975943,0.0038755238,0.027128667,1.0390079,1.2863907,4.4570136,-1.7069415,1.2616524,4.978579,2.1027539,1.7316797,5.594975,-1.5585117,0.89057815,5.4527297,0.024738282,-0.024738282,0.0,-0.024738282,0.9997334,0.0032361336,0.007075245,-0.021738064,0.003195793,-0.0074568503,-0.010652643,-0.075417355,-0.19393034,9.494206,0.006163606,0.014287898,-0.043436836,30.659500122070312,2.050905704498291,0.0008268859,0.2288968,-0.06784504,-0.34648558,-0.08726266,-0.27574676,0.12122201,0.053160854,-0.047634587,0.19002533,0.5161777,-0.56959987,0.07352729,0.17122549,0.3376207,-0.2279978,-0.021815665,0.6010633,-1.2696944,0.00020672148,0.72722423,-1.3169612,0.018381823,0.7128064,-1.2155948,-0.011908647,0.71750635,-1.1709555,0.0,0.0,0.0,0.0,0.0,0.0,0.0,0.0,0.0,0.0,0.0,0.0,0.0,0.0,0.0,0.0,0.5316085,-3.464856,-2.279978,-5.6959987,50.0,50.0,50.0,50.0,50.0,50.0,50.0,50.0,50.0,50.0,50.0,50.0,0.0,0.0,0.0,0.0,1.0,1.0,1.0,1.0,1.0,1.0,1.0,1.0,1.0,1.0,1.0,1.0,0.5,0.5,0.5,0.5
1788527465.1176543,108,4.866072998993332,3.8280560002021957,4.770645999087719,1.049089,5.828215,9036450,1,1,0.0,0.0,0.0,-0.020929098,0.64531314,-1.3872213,0.03170801,0.6447219,-1.3930981,-0.039433867,0.63798904,-1.4067307,0.030986488,0.6516744,-1.4040136,-3.7529,-5.325757,-2.5989928,-1.5744013,0.027128667,-0.046506286,-0.038418237,0.034879714,0.038755238,-0.020220125,-0.065883905,0.054257333,-0.010110063,0.023253143,0.038755238,-0.012132075,0.0038755238,-0.04263076,-0.038755238,-0.023253143,1.0637461,1.3606055,4.504429,-1.6822032,1.1874375,4.978579,2.1274922,1.6327267,5.4527297,-1.5585117,0.86583984,5.594975,0.0,0.0,0.0,-0.024738282,0.9997307,0.0032613385,0.0070675593,-0.021861361,0.0042610574,-0.011717907,-0.013848436,-0.1328782,-0.095768064,9.516952,0.0062125805,0.014274391,-0.043683186,30.677209854125977,2.050905704498291,0.0013087932,0.23149037,-0.069930926,-0.3475263,-0.08991422,-0.26635268,0.12147748,0.056241773,-0.049134925,0.19158795,0.5268913,-0.5671002,0.076723546,0.1738366,0.33661413,-0.23360023,-0.022478554,0.60341185,-1.2696306,0.0003271983,0.7278726,-1.3174827,0.019180886,0.7134592,-1.2158464,-0.012283731,0.717897,-1.1682771,0.0,0.0,0.0,0.0,0.0,0.0,0.0,0.0,0.0,0.0,0.0,0.0,0.0,0.0,0.0,0.0,0.56241775,-3.475263,-2.3360023,-5.6710024,50.0,50.0,50.0,50.0,50.0,50.0,50.0,50.0,50.0,50.0,50.0,50.0,0.0,0.0,0.0,0.0,1.0,1.0,1.0,1.0,1.0,1.0,1.0,1.0,1.0,1.0,1.0,1.0,0.5,0.5,0.5,0.5
1788527465.1375864,109,4.802935000043362,3.8004080015525687,4.716724000900285,1.040001,5.764277,9036470,1,1,0.0,0.0,0.0,-0.020898819,0.6453434,-1.3871897,0.03173829,0.64469165,-1.3930981,-0.039433867,0.63795877,-1.4067307,0.030986488,0.6516744,-1.4040452,-3.75293,-5.3257265,-2.5989928,-1.574371,0.038755238,0.07363495,0.012132075,0.06200838,0.08526152,-0.020220125,-0.023253143,0.015502095,0.0,0.027128667,0.034879714,-0.052572325,-0.019377619,-0.0077510476,-0.034879714,0.038755238,0.9895313,1.3606055,4.504429,-1.6822032,1.2121758,4.978579,2.0780158,1.7316797,5.4527297,-1.5585117,0.89057815,5.594975,0.024738282,0.0,0.049476564,-0.024738282,0.99973094,0.0032750058,0.0070334706,-0.021859925,-0.006391586,-0.003195793,0.013848436,-0.12330139,-0.08619126,9.518148,0.0062414175,0.014206816,-0.04368031,30.66835594177246,2.085087299346924,0.003816178,0.2360287,-0.048836835,-0.34108216,-0.078894086,-0.29172194,0.104270585,0.052019753,-0.05585017,0.21496582,0.507737,-0.5623952,0.06813023,0.14628495,0.34311575,-0.23148026,-0.019723522,0.5970695,-1.2739323,0.0009540445,0.7290072,-1.3122091,0.017032558,0.7065713,-1.214221,-0.013962543,0.7237415,-1.1730657,0.0,0.0,0.0,0.0,0.0,0.0,0.0,0.0,0.0,0.0,0.0,0.0,0.0,0.0,0.0,0.0,0.5201975,-3.4108214,-2.3148026,-5.623952,50.0,50.0,50.0,50.0,50.0,50.0,50.0,50.0,50.0,50.0,50.0,50.0,0.0,0.0,0.0,0.0,1.0,1.0,1.0,1.0,1.0,1.0,1.0,1.0,1.0,1.0,1.0,1.0,0.5,0.5,0.5,0.5
1788527465.1575167,110,4.734837000796688,3.758197999559343,4.651699000532972,1.056129,5.715604,9036490,1,1,0.0,0.0,0.0,-0.020929098,0.6453434,-1.387174,0.031677734,0.64469165,-1.3930981,-0.03937331,0.63798904,-1.4067307,0.030986488,0.6516744,-1.4040136,-3.75293,-5.3257265,-2.5989928,-1.5744013,0.034879714,0.019377619,0.028308174,0.03100419,0.0,-0.020220125,0.038755238,-0.027128667,-0.0040440247,-0.054257333,0.06975943,0.012132075,-0.038755238,0.038755238,-0.038755238,0.011626571,1.0637461,1.2863907,4.504429,-1.6822032,1.2121758,4.978579,2.0780158,1.6822032,5.4527297,-1.5585117,0.9400547,5.4053144,0.024738282,-0.049476564,0.0,-0.024738282,0.9997341,0.003261022,0.0070068585,-0.021723391,-0.0021305287,-0.003195793,0.01704423,-0.009576807,-0.10654198,9.615114,0.0062165475,0.014152144,-0.043407507,30.659500122070312,2.085087299346924,0.004134966,0.25377443,-0.049034216,-0.33824888,-0.07942153,-0.28898343,0.10226248,0.05116187,-0.058961608,0.22128314,0.49853522,-0.5649939,0.066588625,0.14700161,0.3551669,-0.22580867,-0.019855382,0.5977542,-1.2744343,0.0010337415,0.7334436,-1.3122585,0.016647156,0.7067504,-1.2112082,-0.014740402,0.7253208,-1.1753662,0.0,0.0,0.0,0.0,0.0,0.0,0.0,0.0,0.0,0.0,0.0,0.0,0.0,0.0,0.0,0.0,0.51161873,-3.3824887,-2.2580867,-5.649939,50.0,50.0,50.0,50.0,50.0,50.0,50.0,50.0,50.0,50.0,50.0,50.0,0.0,0.0,0.0,0.0,1.0,1.0,1.0,1.0,1.0,1.0,1.0,1.0,1.0,1.0,1.0,1.0,0.5,0.5,0.5,0.5
1788527465.1775372,111,4.756950000228244,3.7835750008525793,4.6749319990340155,1.035392,5.717428,9036510,1,1,0.0,0.0,0.0,-0.020989656,0.6453737,-1.3871897,0.031647455,0.64469165,-1.3930981,-0.03937331,0.6380193,-1.4067307,0.031016767,0.6516441,-1.4040295,-3.75293,-5.325696,-2.5989628,-1.5744013,-0.046506286,0.0,-0.018198112,0.0,0.034879714,-0.010110063,0.0038755238,-0.038755238,0.0,0.011626571,0.034879714,-0.020220125,-0.04263076,0.08526152,-0.05813286,0.038755238,1.0637461,1.2863907,4.4570136,-1.6822032,1.2616524,4.978579,2.1027539,1.7316797,5.5001445,-1.5585117,0.89057815,5.4527297,0.024738282,-0.024738282,0.0,0.0,0.99973524,0.0032427246,0.007021308,-0.021670805,-0.010652643,0.011717907,-0.010652643,-0.046686932,-0.15442601,9.533711,0.006180078,0.014179918,-0.04330248,30.659500122070312,2.050905704498291,0.0016218629,0.22883171,-0.056991365,-0.3475002,-0.08781867,-0.2690751,0.122026496,0.053659752,-0.04955832,0.18838306,0.5181533,-0.5698299,0.070851356,0.17608322,0.3354423,-0.22838746,-0.021954667,0.6027312,-1.2694933,0.00040546572,0.72720796,-1.3142478,0.017712839,0.71402085,-1.2161393,-0.01238958,0.7170958,-1.1704617,0.0,0.0,0.0,0.0,0.0,0.0,0.0,0.0,0.0,0.0,0.0,0.0,0.0,0.0,0.0,0.0,0.5365975,-3.475002,-2.2838745,-5.698299,50.0,50.0,50.0,50.0,50.0,50.0,50.0,50.0,50.0,50.0,50.0,50.0,0.0,0.0,0.0,0.0,1.0,1.0,1.0,1.0,1.0,1.0,1.0,1.0,1.0,1.0,1.0,1.0,0.5,0.5,0.5,0.5
1788527465.1974845,112,4.6946760012360755,3.7209490001259837,4.611760999978287,0.972287,5.591472,9036530,1,1,0.0,0.0,0.0,-0.020929098,0.6453434,-1.387174,0.03170801,0.6447219,-1.3930981,-0.039403588,0.63798904,-1.4067149,0.030986488,0.6516744,-1.4040136,-3.7529,-5.3257265,-2.5989628,-1.5744013,0.027128667,-0.023253143,0.02426415,0.05038181,0.08526152,-0.020220125,-0.015502095,-0.038755238,0.030330187,-0.0038755238,0.065883905,0.0080880495,0.019377619,0.0077510476,0.011626571,0.0077510476,1.0390079,1.3606055,4.4570136,-1.6822032,1.1874375,4.978579,2.1027539,1.7316797,5.4527297,-1.5585117,0.89057815,5.5001445,0.024738282,-0.024738282,0.0,-0.049476564,0.999733,0.003250135,0.007039364,-0.021770617,0.0053263213,-0.011717907,-0.0149137005,-0.1592144,-0.17477672,9.485827,0.0061926963,0.014216962,-0.043501962,30.659500122070312,2.085087299346924,0.0003128741,0.22681803,-0.07314719,-0.34380415,-0.086823896,-0.26989844,0.12314945,0.054677173,-0.047089033,0.18926808,0.521973,-0.56641626,0.07586087,0.17085102,0.34410608,-0.2333666,-0.021705974,0.6025254,-1.2692126,7.821852e-05,0.72670454,-1.3182868,0.018965218,0.71271276,-1.2139734,-0.011772258,0.71731704,-1.1695067,0.0,0.0,0.0,0.0,0.0,0.0,0.0,0.0,0.0,0.0,0.0,0.0,0.0,0.0,0.0,0.0,0.54677176,-3.4380414,-2.3336658,-5.6641626,50.0,50.0,50.0,50.0,50.0,50.0,50.0,50.0,50.0,50.0,50.0,50.0,0.0,0.0,0.0,0.0,1.0,1.0,1.0,1.0,1.0,1.0,1.0,1.0,1.0,1.0,1.0,1.0,0.5,0.5,0.5,0.5
1788527465.2175155,113,4.734901000119862,3.751189999093185,4.648497999369283,1.047361,5.703796,9036550,1,1,0.0,0.0,0.0,-0.020929098,0.64531314,-1.3871897,0.03170801,0.6447219,-1.3930824,-0.039403588,0.63795877,-1.4067307,0.030956209,0.65170467,-1.4040295,-3.75293,-5.325757,-2.5989628,-1.5744013,-0.03100419,0.0,0.02426415,0.0,0.023253143,0.010110063,0.015502095,0.019377619,0.0,-0.04263076,0.07363495,-0.028308174,-0.038755238,-0.054257333,0.019377619,-0.03100419,1.0637461,1.311129,4.4570136,-1.7069415,1.2863907,4.883749,2.1027539,1.6822032,5.5001445,-1.5585117,0.89057815,5.4527297,0.0,-0.024738282,0.0,-0.049476564,0.9997303,0.00325926,0.0070454353,-0.021886,0.009587379,-0.003195793,-0.0042610574,-0.11252748,-0.1364695,9.524135,0.0062090387,0.014230215,-0.043732636,30.66835594177246,2.050905704498291,0.0039534178,0.23605025,-0.06559374,-0.34770092,-0.08726476,-0.27483463,0.12342309,0.052134663,-0.05347292,0.19740318,0.5127968,-0.57313573,0.071354225,0.16845018,0.3371784,-0.23261096,-0.02181619,0.60129136,-1.2691442,0.0009883544,0.7290126,-1.3163984,0.017838556,0.71211255,-1.2157054,-0.01336823,0.7193508,-1.1718007,0.0,0.0,0.0,0.0,0.0,0.0,0.0,0.0,0.0,0.0,0.0,0.0,0.0,0.0,0.0,0.0,0.5213466,-3.4770093,-2.3261096,-5.7313576,50.0,50.0,50.0,50.0,50.0,50.0,50.0,50.0,50.0,50.0,50.0,50.0,0.0,0.0,0.0,0.0,1.0,1.0,1.0,1.0,1.0,1.0,1.0,1.0,1.0,1.0,1.0,1.0,0.5,0.5,0.5,0.5
1788527465.237529,114,4.7512859982816735,3.774455000893795,4.666898999857949,1.03088,5.705331,9036570,1,1,0.0,0.0,0.0,-0.020929098,0.64531314,-1.3871897,0.03173829,0.64469165,-1.3930981,-0.03937331,0.63795877,-1.4067149,0.030986488,0.6516441,-1.4040295,-3.75293,-5.325696,-2.5989628,-1.574371,-0.019377619,-0.06200838,0.0080880495,0.06975943,0.0038755238,-0.016176099,0.034879714,-0.019377619,0.020220125,-0.023253143,0.0077510476,-0.022242136,-0.038755238,0.04263076,-0.046506286,0.038755238,0.9895313,1.3606055,4.4570136,-1.7069415,1.2616524,4.978579,2.1027539,1.7316797,5.4527297,-1.5585117,0.89057815,5.4527297,0.024738282,0.0,0.024738282,0.0,0.99973226,0.0032621436,0.00704028,-0.021800926,-0.0053263213,-0.0042610574,0.023435814,-0.05746084,-0.08020575,9.490616,0.0062162387,0.014219505,-0.043562423,30.66835594177246,2.085087299346924,0.0021721888,0.2592338,-0.042425763,-0.3460212,-0.08105981,-0.27990484,0.10279927,0.04925414,-0.060939535,0.22574878,0.5037647,-0.56852084,0.066840254,0.14388655,0.36130238,-0.23209107,-0.020264953,0.6000238,-1.2743001,0.0005430472,0.73480844,-1.3106064,0.016710063,0.70597166,-1.2096744,-0.015234884,0.7264372,-1.1740588,0.0,0.0,0.0,0.0,0.0,0.0,0.0,0.0,0.0,0.0,0.0,0.0,0.0,0.0,0.0,0.0,0.49254143,-3.460212,-2.3209107,-5.6852083,50.0,50.0,50.0,50.0,50.0,50.0,50.0,50.0,50.0,50.0,50.0,50.0,0.0,0.0,0.0,0.0,1.0,1.0,1.0,1.0,1.0,1.0,1.0,1.0,1.0,1.0,1.0,1.0,0.5,0.5,0.5,0.5
1788527465.257541,115,4.756244999953196,3.7942629987810506,4.672626999308704,1.042337,5.722004,9036590,1,1,0.0,0.0,0.0,-0.020929098,0.6453434,-1.387174,0.031677734,0.64469165,-1.3930981,-0.03937331,0.6380193,-1.4067149,0.031016767,0.6516441,-1.4040295,-3.75293,-5.325757,-2.5989928,-1.574371,0.027128667,-0.027128667,0.0080880495,0.027128667,0.06200838,-0.010110063,0.0,-0.05038181,0.030330187,-0.0077510476,0.065883905,-0.022242136,-0.027128667,-0.015502095,-0.023253143,0.05038181,1.0390079,1.3606055,4.4570136,-1.6822032,1.2616524,5.0259943,2.1274922,1.7316797,5.4053144,-1.5585117,0.9400547,5.4527297,0.0,-0.024738282,0.049476564,0.0,0.99973476,0.0032481514,0.0070747435,-0.021673989,-0.006391586,0.012783172,-0.0021305287,-0.044292733,-0.12090719,9.478644,0.006188575,0.014287021,-0.043308478,30.659500122070312,2.085087299346924,0.002893066,0.2340155,-0.05265916,-0.35211718,-0.08465747,-0.27750027,0.11790603,0.049907133,-0.053802602,0.2076544,0.5051126,-0.5619671,0.070200846,0.16057585,0.3477384,-0.22833744,-0.021164367,0.6006249,-1.2705234,0.0007232665,0.7285039,-1.3131647,0.017550211,0.710144,-1.2130654,-0.0134506505,0.72191364,-1.1737218,0.0,0.0,0.0,0.0,0.0,0.0,0.0,0.0,0.0,0.0,0.0,0.0,0.0,0.0,0.0,0.0,0.49907133,-3.5211718,-2.2833743,-5.619671,50.0,50.0,50.0,50.0,50.0,50.0,50.0,50.0,50.0,50.0,50.0,50.0,0.0,0.0,0.0,0.0,1.0,1.0,1.0,1.0,1.0,1.0,1.0,1.0,1.0,1.0,1.0,1.0,0.5,0.5,0.5,0.5
1788527465.2775493,116,4.765653999129427,3.8066149991209386,4.683123999711825,1.050593,5.741045,9036610,1,1,0.0,0.0,0.0,-0.020929098,0.6453434,-1.387174,0.031677734,0.64469165,-1.3930981,-0.039433867,0.6380496,-1.4067149,0.030986488,0.65161383,-1.4040295,-3.75293,-5.3257265,-2.5989928,-1.5744013,0.06200838,-0.038755238,0.018198112,0.034879714,0.06200838,-0.0080880495,-0.077510476,0.023253143,0.026286162,-0.038755238,0.0077510476,-0.028308174,-0.0038755238,0.011626571,-0.04263076,0.011626571,1.0390079,1.3606055,4.504429,-1.6327267,1.2616524,4.978579,2.1274922,1.7811563,5.4527297,-1.5585117,0.8411016,5.5001445,0.0,-0.024738282,0.0,-0.024738282,0.99973416,0.0032640134,0.0070603145,-0.021708304,-0.0053263213,0.0021305287,-0.013848436,-0.09935937,-0.16639702,9.536105,0.0062204287,0.014259071,-0.04337699,30.659500122070312,2.1192691326141357,0.0025464427,0.21162406,-0.050052434,-0.34906638,-0.088191666,-0.27562106,0.121530734,0.051236592,-0.049998216,0.19197169,0.51525176,-0.5616142,0.07124622,0.16901398,0.3319527,-0.23353009,-0.022047916,0.6010947,-1.2696173,0.00063661067,0.72290605,-1.3125131,0.017811555,0.7122535,-1.2170118,-0.012499554,0.71799296,-1.171187,0.0,0.0,0.0,0.0,0.0,0.0,0.0,0.0,0.0,0.0,0.0,0.0,0.0,0.0,0.0,0.0,0.51236594,-3.4906638,-2.335301,-5.6161423,50.0,50.0,50.0,50.0,50.0,50.0,50.0,50.0,50.0,50.0,50.0,50.0,0.0,0.0,0.0,0.0,1.0,1.0,1.0,1.0,1.0,1.0,1.0,1.0,1.0,1.0,1.0,1.0,0.5,0.5,0.5,0.5
1788527465.2976122,117,4.8275440003635595,3.842264999548206,4.743380999570945,1.037473,5.788182,9036630,1,1,0.0,0.0,0.0,-0.020929098,0.6453434,-1.3871897,0.03170801,0.64469165,-1.3930824,-0.039433867,0.63795877,-1.4067307,0.030956209,0.6516744,-1.4040136,-3.75293,-5.325696,-2.5989928,-1.5744013,0.027128667,0.0077510476,0.0060660373,0.034879714,-0.011626571,0.010110063,-0.04263076,-0.046506286,0.0,-0.027128667,0.046506286,0.0,-0.046506286,0.065883905,-0.038755238,-0.03100419,0.9895313,1.3606055,4.504429,-1.7069415,1.2121758,4.883749,2.1027539,1.7069415,5.5001445,-1.5585117,0.8411016,5.4527297,0.024738282,0.0,0.0,-0.049476564,0.99973094,0.0032973718,0.007085177,-0.021838007,-0.0074568503,0.0042610574,-0.009587379,-0.14963761,-0.093373865,9.53012,0.006284202,0.014311046,-0.043635853,30.659500122070312,2.050905704498291,0.004788628,0.2183482,-0.04483333,-0.3407881,-0.08786804,-0.27539557,0.11650772,0.053571835,-0.052134797,0.19221693,0.5162346,-0.5682815,0.06929627,0.16553144,0.32660156,-0.23192771,-0.02196701,0.6011511,-1.2708731,0.001197157,0.7245871,-1.3112082,0.017324068,0.71138287,-1.2183496,-0.013033699,0.71805423,-1.1709414,0.0,0.0,0.0,0.0,0.0,0.0,0.0,0.0,0.0,0.0,0.0,0.0,0.0,0.0,0.0,0.0,0.5357183,-3.407881,-2.319277,-5.6828146,50.0,50.0,50.0,50.0,50.0,50.0,50.0,50.0,50.0,50.0,50.0,50.0,0.0,0.0,0.0,0.0,1.0,1.0,1.0,1.0,1.0,1.0,1.0,1.0,1.0,1.0,1.0,1.0,0.5,0.5,0.5,0.5
1788527465.3174589,118,4.674611000154982,3.713427999173291,4.59118400067382,1.054273,5.652754,9036650,1,1,0.0,0.0,0.0,-0.020929098,0.64531314,-1.387174,0.03170801,0.6447219,-1.3930981,-0.039403588,0.63795877,-1.4067307,0.031016767,0.6516441,-1.4040136,-3.75293,-5.3257265,-2.5989628,-1.574371,-0.0077510476,0.0,0.038418237,0.019377619,0.034879714,-0.022242136,0.034879714,0.0,-0.0040440247,0.077510476,-0.019377619,0.0,-0.027128667,0.027128667,0.019377619,0.015502095,1.0390079,1.2863907,4.4570136,-1.6822032,1.2616524,5.0734096,2.1274922,1.6822032,5.4527297,-1.5585117,0.89057815,5.5001445,0.0,-0.024738282,0.0,-0.024738282,0.99973035,0.0033127663,0.007094364,-0.02186445,0.006391586,-0.0010652643,0.01704423,-0.12330139,-0.05746084,9.481039,0.006314207,0.014330257,-0.043688484,30.66835594177246,2.050905704498291,0.0012448747,0.24055013,-0.057095144,-0.33447245,-0.082659185,-0.28360376,0.11250245,0.046408623,-0.05548396,0.21288523,0.50210226,-0.56487656,0.0720133,0.14870536,0.35894102,-0.2291986,-0.020664796,0.5990991,-1.2718743,0.00031121867,0.7301375,-1.3142737,0.018003326,0.7071763,-1.2102647,-0.01387099,0.7232213,-1.1744744,0.0,0.0,0.0,0.0,0.0,0.0,0.0,0.0,0.0,0.0,0.0,0.0,0.0,0.0,0.0,0.0,0.46408623,-3.3447244,-2.291986,-5.6487656,50.0,50.0,50.0,50.0,50.0,50.0,50.0,50.0,50.0,50.0,50.0,50.0,0.0,0.0,0.0,0.0,1.0,1.0,1.0,1.0,1.0,1.0,1.0,1.0,1.0,1.0,1.0,1.0,0.5,0.5,0.5,0.5
1788527465.3375194,119,4.7406289995706175,3.760694000447984,4.657778999899165,1.045281,5.710644,9036670,1,1,0.0,0.0,0.0,-0.020898819,0.64531314,-1.3871897,0.031677734,0.64469165,-1.3931139,-0.039403588,0.63798904,-1.4067307,0.030986488,0.6516744,-1.4040295,-3.75293,-5.3257265,-2.5989628,-1.5744013,0.08526152,-0.027128667,-0.0080880495,0.011626571,0.038755238,-0.044484273,0.0,-0.019377619,0.0,0.0,0.046506286,-0.014154087,-0.03100419,0.04263076,0.019377619,0.0,1.0390079,1.2863907,4.504429,-1.6822032,1.2616524,4.978579,2.0780158,1.7316797,5.5001445,-1.5585117,0.89057815,5.4527297,0.0,-0.024738282,0.0,-0.024738282,0.99973345,0.003295148,0.007089481,-0.021722913,0.006391586,-0.0053263213,0.01704423,-0.011971008,-0.12090719,9.563639,0.0062812166,0.014318832,-0.043405596,30.66835594177246,2.085087299346924,0.00032214262,0.25741088,-0.06522981,-0.3399578,-0.07941524,-0.27934864,0.10360557,0.053169996,-0.057908654,0.22166055,0.49568617,-0.56146747,0.0710461,0.14551501,0.37415475,-0.22944249,-0.01985381,0.60016286,-1.2740985,8.0535654e-05,0.7343527,-1.3163074,0.017761525,0.70637876,-1.2064613,-0.014477164,0.72541517,-1.1760784,0.0,0.0,0.0,0.0,0.0,0.0,0.0,0.0,0.0,0.0,0.0,0.0,0.0,0.0,0.0,0.0,0.53169996,-3.399578,-2.294425,-5.6146746,50.0,50.0,50.0,50.0,50.0,50.0,50.0,50.0,50.0,50.0,50.0,50.0,0.0,0.0,0.0,0.0,1.0,1.0,1.0,1.0,1.0,1.0,1.0,1.0,1.0,1.0,1.0,1.0,0.5,0.5,0.5,0.5
1788527465.3575897,120,4.8098159986693645,3.810711999904015,4.723411999293603,1.070274,5.800886,9036690,1,1,0.0,0.0,0.0,-0.020929098,0.6453737,-1.3871897,0.031677734,0.64466137,-1.3930824,-0.03937331,0.6380193,-1.4067465,0.030986488,0.6516441,-1.4040136,-3.7529,-5.325696,-2.5989628,-1.5744013,0.06200838,0.015502095,-0.0080880495,0.065883905,0.023253143,0.020220125,0.015502095,-0.054257333,-0.022242136,-0.027128667,0.07363495,0.010110063,-0.015502095,0.07363495,0.015502095,0.034879714,0.9895313,1.3606055,4.4570136,-1.6327267,1.2616524,5.0259943,2.1027539,1.6822032,5.5001445,-1.5585117,0.9400547,5.4053144,0.024738282,0.0,0.0,-0.024738282,0.9997346,0.0032597617,0.0071120085,-0.021668818,0.0074568503,0.012783172,-0.0074568503,-0.079008654,-0.16759412,9.534908,0.0062102564,0.0143620055,-0.043297756,30.659500122070312,2.1192691326141357,0.0010472741,0.23657411,-0.07338414,-0.3423587,-0.086051255,-0.28246394,0.12462776,0.049954496,-0.052060887,0.2007598,0.48644096,-0.5629548,0.07255426,0.16026366,0.35599676,-0.2321475,-0.021512814,0.599384,-1.268843,0.00026181852,0.72914356,-1.318346,0.018138565,0.71006596,-1.2110008,-0.013015222,0.72019,-1.1783897,0.0,0.0,0.0,0.0,0.0,0.0,0.0,0.0,0.0,0.0,0.0,0.0,0.0,0.0,0.0,0.0,0.49954498,-3.423587,-2.321475,-5.629548,50.0,50.0,50.0,50.0,50.0,50.0,50.0,50.0,50.0,50.0,50.0,50.0,0.0,0.0,0.0,0.0,1.0,1.0,1.0,1.0,1.0,1.0,1.0,1.0,1.0,1.0,1.0,1.0,0.5,0.5,0.5,0.5
1788527465.3776023,121,4.817302999072126,3.841880999971181,4.7331730002042605,1.046497,5.787158,9036710,1,1,0.0,0.0,0.0,-0.020959377,0.6453434,-1.3871897,0.03170801,0.64469165,-1.3930981,-0.039433867,0.6380193,-1.4067307,0.030986488,0.6516744,-1.4040295,-3.75293,-5.3257265,-2.5989928,-1.574371,-0.023253143,0.03100419,-0.010110063,0.05813286,0.027128667,-0.020220125,-0.081386,0.0,0.0040440247,-0.0077510476,0.06975943,-0.016176099,-0.038755238,0.0077510476,-0.034879714,0.05038181,1.0390079,1.2863907,4.4570136,-1.6327267,1.2616524,4.978579,2.1274922,1.6822032,5.4527297,-1.5585117,0.89057815,5.5001445,0.024738282,-0.049476564,0.0,0.0,0.9997323,0.003232347,0.0071057826,-0.021780413,0.0010652643,-0.0021305287,-0.027696872,-0.14963761,-0.1448492,9.41879,0.006154102,0.014349057,-0.043521445,30.659500122070312,2.085087299346924,0.0014054347,0.21235678,-0.06451869,-0.3419548,-0.09096541,-0.27328083,0.12963241,0.051816165,-0.045655765,0.17846656,0.519828,-0.5653342,0.076944105,0.18177277,0.32398686,-0.23195383,-0.022741353,0.6016798,-1.2675918,0.00035135867,0.7230892,-1.3161297,0.019236026,0.7154432,-1.2190032,-0.011413941,0.71461666,-1.170043,0.0,0.0,0.0,0.0,0.0,0.0,0.0,0.0,0.0,0.0,0.0,0.0,0.0,0.0,0.0,0.0,0.51816165,-3.419548,-2.3195384,-5.6533422,50.0,50.0,50.0,50.0,50.0,50.0,50.0,50.0,50.0,50.0,50.0,50.0,0.0,0.0,0.0,0.0,1.0,1.0,1.0,1.0,1.0,1.0,1.0,1.0,1.0,1.0,1.0,1.0,0.5,0.5,0.5,0.5
1788527465.3959293,122,3.158467001412646,2.290376000019023,3.0608970009780023,0.986239,4.054496,9036730,1,1,0.0,0.0,0.0,-0.020898819,0.64531314,-1.3871897,0.03170801,0.64469165,-1.3930981,-0.03937331,0.63795877,-1.4067307,0.030986488,0.6516441,-1.4040295,-3.7529604,-5.325757,-2.5990233,-1.574371,0.038755238,0.019377619,0.0,-0.011626571,0.038755238,-0.020220125,0.07363495,0.023253143,0.0040440247,0.019377619,0.038755238,-0.010110063,-0.07363495,-0.04263076,-0.09301257,0.03100419,1.0390079,1.311129,4.504429,-1.7316797,1.2616524,4.883749,2.1027539,1.7316797,5.4527297,-1.5090352,0.89057815,5.4053144,0.0,-0.024738282,0.049476564,-0.024738282,0.99973017,0.0032472285,0.007126862,-0.021866757,0.0010652643,0.011717907,0.0,-0.1376666,-0.11252748,9.515755,0.006181702,0.014392388,-0.04369385,30.66835594177246,2.050905704498291,0.001836488,0.2303518,-0.06861419,-0.33918935,-0.08744905,-0.28189483,0.12942342,0.0483096,-0.050297424,0.19901522,0.49475306,-0.56610286,0.073942915,0.16660851,0.3345002,-0.23608318,-0.021862263,0.5995263,-1.267644,0.000459122,0.72758794,-1.3171535,0.018485729,0.71165216,-1.2163749,-0.012574356,0.7197538,-1.1763117,0.0,0.0,0.0,0.0,0.0,0.0,0.0,0.0,0.0,0.0,0.0,0.0,0.0,0.0,0.0,0.0,0.483096,-3.3918934,-2.3608317,-5.661029,50.0,50.0,50.0,50.0,50.0,50.0,50.0,50.0,50.0,50.0,50.0,50.0,0.0,0.0,0.0,0.0,1.0,1.0,1.0,1.0,1.0,1.0,1.0,1.0,1.0,1.0,1.0,1.0,0.5,0.5,0.5,0.5
1788527465.4168248,123,4.039423998619895,3.141219000099227,3.9373079998767935,1.088866,5.032798,9036750,1,1,0.0,0.0,0.0,-0.020898819,0.64531314,-1.3871897,0.03170801,0.64466137,-1.3930981,-0.039403588,0.63798904,-1.4067149,0.030956209,0.6516744,-1.4040136,-3.7529,-5.325757,-2.5989928,-1.5744013,0.038755238,0.0,0.0080880495,0.0077510476,-0.04263076,-0.014154087,-0.023253143,0.034879714,0.028308174,-0.06200838,0.046506286,0.0020220124,-0.0038755238,-0.019377619,-0.06200838,-0.019377619,1.0390079,1.311129,4.4570136,-1.6822032,1.2121758,4.978579,2.1027539,1.6822032,5.4527297,-1.5585117,0.89057815,5.4527297,0.024738282,-0.024738282,-0.024738282,0.0,0.99973214,0.0032605287,0.0070912363,-0.021787556,-0.003195793,-0.009587379,0.015978964,-0.06584055,-0.046686932,9.460688,0.006210986,0.0143212415,-0.04353541,30.659500122070312,2.085087299346924,0.004554158,0.25067472,-0.042581458,-0.34484783,-0.083504885,-0.27933085,0.09329961,0.055069573,-0.0585917,0.21345526,0.51012236,-0.5725598,0.06583892,0.15090837,0.3420699,-0.22568256,-0.020876221,0.6001673,-1.2766751,0.0011385395,0.7326687,-1.3106453,0.01645973,0.70772713,-1.2144824,-0.014647925,0.7233638,-1.1724694,0.0,0.0,0.0,0.0,0.0,0.0,0.0,0.0,0.0,0.0,0.0,0.0,0.0,0.0,0.0,0.0,0.5506957,-3.4484782,-2.2568254,-5.725598,50.0,50.0,50.0,50.0,50.0,50.0,50.0,50.0,50.0,50.0,50.0,50.0,0.0,0.0,0.0,0.0,1.0,1.0,1.0,1.0,1.0,1.0,1.0,1.0,1.0,1.0,1.0,1.0,0.5,0.5,0.5,0.5
1788527465.437061,124,4.297223000321537,3.479372999208863,4.227621000609361,1.011712,5.246245,9036770,1,1,0.0,0.0,0.0,-0.020959377,0.6453737,-1.3871897,0.031677734,0.64469165,-1.3930981,-0.03937331,0.6380193,-1.4067307,0.030986488,0.6516441,-1.4040136,-3.75293,-5.3257265,-2.5989628,-1.5744013,0.0077510476,0.011626571,-0.010110063,0.038755238,0.06200838,-0.014154087,-0.0038755238,-0.03100419,0.0060660373,-0.04263076,0.05813286,0.020220125,-0.04263076,0.054257333,0.0,0.0,1.0390079,1.3606055,4.4570136,-1.7069415,1.2616524,4.883749,2.0780158,1.6822032,5.4527297,-1.5585117,0.89057815,5.4527297,0.024738282,-0.049476564,-0.024738282,0.0,0.9997347,0.0032597515,0.0070843995,-0.02167435,-0.003195793,0.003195793,0.0042610574,-0.05267244,-0.092176765,9.514558,0.0062113483,0.014306834,-0.04330898,30.66835594177246,2.085087299346924,0.0038558375,0.23672712,-0.047048673,-0.3477526,-0.08348722,-0.28269786,0.10487028,0.05341562,-0.054426856,0.20473424,0.5082129,-0.56539047,0.06561982,0.1515544,0.3426664,-0.2277506,-0.020871805,0.59932554,-1.2737824,0.0009639594,0.72918177,-1.3117621,0.016404955,0.7078886,-1.2143333,-0.013606714,0.7211836,-1.1729467,0.0,0.0,0.0,0.0,0.0,0.0,0.0,0.0,0.0,0.0,0.0,0.0,0.0,0.0,0.0,0.0,0.5341562,-3.477526,-2.2775059,-5.653905,50.0,50.0,50.0,50.0,50.0,50.0,50.0,50.0,50.0,50.0,50.0,50.0,0.0,0.0,0.0,0.0,1.0,1.0,1.0,1.0,1.0,1.0,1.0,1.0,1.0,1.0,1.0,1.0,0.5,0.5,0.5,0.5
1788527465.4578924,125,5.109280999022303,4.045470999699319,5.027230999985477,1.02512,6.059519,9036790,1,1,0.0,0.0,0.0,-0.020959377,0.6453434,-1.387174,0.031647455,0.64466137,-1.3930981,-0.03937331,0.6380496,-1.4067307,0.030986488,0.65161383,-1.4040295,-3.75293,-5.3257265,-2.5990233,-1.574371,0.0038755238,-0.046506286,0.012132075,-0.0038755238,0.0,-0.020220125,-0.0077510476,0.027128667,0.0,-0.038755238,-0.0077510476,-0.014154087,0.0,0.0,-0.081386,0.09301257,1.0390079,1.311129,4.4570136,-1.6822032,1.2863907,4.978579,2.1274922,1.7069415,5.5001445,-1.5585117,0.9400547,5.594975,0.024738282,-0.024738282,0.049476564,0.0,0.9997339,0.0032718624,0.0070913234,-0.0217037,-0.0010652643,0.0010652643,0.003195793,-0.110133275,-0.1364695,9.516952,0.006234848,0.014321386,-0.043367486,30.66835594177246,2.085087299346924,0.0038582813,0.23825967,-0.044276677,-0.35185292,-0.086886756,-0.27006748,0.107195966,0.056773208,-0.055339366,0.20725171,0.52254194,-0.56410706,0.067083985,0.1623445,0.3348455,-0.23191614,-0.021721689,0.60248315,-1.273201,0.0009645703,0.7295649,-1.3110691,0.016770996,0.71058613,-1.2162886,-0.013834842,0.72181296,-1.1693645,0.0,0.0,0.0,0.0,0.0,0.0,0.0,0.0,0.0,0.0,0.0,0.0,0.0,0.0,0.0,0.0,0.5677321,-3.5185292,-2.3191614,-5.6410704,50.0,50.0,50.0,50.0,50.0,50.0,50.0,50.0,50.0,50.0,50.0,50.0,0.0,0.0,0.0,0.0,1.0,1.0,1.0,1.0,1.0,1.0,1.0,1.0,1.0,1.0,1.0,1.0,0.5,0.5,0.5,0.5
1788527465.4775925,126,4.815543999939109,3.855289998682565,4.752373000883381,0.985119,5.743797,9036810,1,1,0.0,0.0,0.0,-0.020929098,0.64531314,-1.3871897,0.03170801,0.6447219,-1.3930981,-0.039403588,0.63795877,-1.4067149,0.03092593,0.6516441,-1.4040136,-3.75293,-5.3257265,-2.5989928,-1.574371,0.054257333,-0.046506286,0.032352198,0.038755238,0.03100419,-0.018198112,-0.096888095,-0.046506286,0.056616347,-0.08526152,-0.019377619,0.010110063,-0.03100419,0.0038755238,-0.03100419,0.027128667,1.0390079,1.311129,4.504429,-1.7069415,1.2616524,4.978579,2.1027539,1.6822032,5.4527297,-1.5585117,0.89057815,5.5001445,0.049476564,-0.024738282,0.0,0.0,0.9997306,0.003314191,0.0071021663,-0.02184757,0.0042610574,-0.0010652643,-0.018109493,-0.16400282,-0.10175357,9.494206,0.006316958,0.014345812,-0.043654647,30.66835594177246,2.085087299346924,0.0022360925,0.22833481,-0.053062607,-0.34524563,-0.08726023,-0.26646894,0.115319766,0.058514193,-0.04824376,0.1912778,0.53287673,-0.5634997,0.0709438,0.16895406,0.326317,-0.2271552,-0.021815058,0.60338277,-1.27117,0.0005590231,0.72708374,-1.3132656,0.01773595,0.71223855,-1.2184207,-0.01206094,0.71781945,-1.1667807,0.0,0.0,0.0,0.0,0.0,0.0,0.0,0.0,0.0,0.0,0.0,0.0,0.0,0.0,0.0,0.0,0.5851419,-3.4524562,-2.2715518,-5.634997,50.0,50.0,50.0,50.0,50.0,50.0,50.0,50.0,50.0,50.0,50.0,50.0,0.0,0.0,0.0,0.0,1.0,1.0,1.0,1.0,1.0,1.0,1.0,1.0,1.0,1.0,1.0,1.0,0.5,0.5,0.5,0.5
1788527465.4976091,127,4.829655999856186,3.861914001390687,4.7585489992343355,1.054786,5.819991,9036830,1,1,0.0,0.0,0.0,-0.020898819,0.64528286,-1.3871897,0.03170801,0.64469165,-1.3930981,-0.039464146,0.6379285,-1.4067307,0.030956209,0.6516744,-1.4040452,-3.75293,-5.3257265,-2.5989928,-1.5743407,-0.011626571,-0.05813286,-0.010110063,0.027128667,-0.011626571,-0.022242136,-0.077510476,-0.019377619,0.0040440247,-0.038755238,0.038755238,-0.042462263,-0.034879714,0.0077510476,-0.0077510476,0.08526152,1.0390079,1.311129,4.504429,-1.6822032,1.2616524,4.978579,2.1027539,1.7069415,5.4527297,-1.5090352,0.86583984,5.4527297,0.024738282,0.0,0.049476564,-0.024738282,0.99973,0.0033188842,0.0070817247,-0.021883653,-0.006391586,0.011717907,0.01704423,-0.12449849,-0.12689269,9.580399,0.006326717,0.014305372,-0.04372689,30.659500122070312,2.085087299346924,0.00798195,0.24671346,-0.02188495,-0.3418032,-0.08022135,-0.28243205,0.091641575,0.052085027,-0.06553732,0.22484684,0.5210917,-0.5653046,0.06054206,0.1424061,0.3311052,-0.22606394,-0.020055337,0.599392,-1.2770896,0.0019954876,0.73167837,-1.3054712,0.015135515,0.7056016,-1.2172236,-0.01638433,0.7262117,-1.1697271,0.0,0.0,0.0,0.0,0.0,0.0,0.0,0.0,0.0,0.0,0.0,0.0,0.0,0.0,0.0,0.0,0.5208503,-3.418032,-2.2606394,-5.6530457,50.0,50.0,50.0,50.0,50.0,50.0,50.0,50.0,50.0,50.0,50.0,50.0,0.0,0.0,0.0,0.0,1.0,1.0,1.0,1.0,1.0,1.0,1.0,1.0,1.0,1.0,1.0,1.0,0.5,0.5,0.5,0.5
1788527465.5177088,128,4.921595000269008,3.931068000383675,4.859672999373288,1.062114,5.929179,9036850,1,1,0.0,0.0,0.0,-0.020959377,0.64531314,-1.3871582,0.031677734,0.64469165,-1.3930981,-0.039403588,0.63798904,-1.4067149,0.030986488,0.6516744,-1.4040136,-3.7529,-5.325696,-2.5989928,-1.5744013,-0.027128667,-0.019377619,0.04044025,0.03100419,0.027128667,-0.020220125,0.0038755238,0.0038755238,0.0080880495,0.0,0.038755238,0.022242136,0.0077510476,0.06200838,-0.0077510476,0.0077510476,1.0390079,1.3606055,4.4570136,-1.6327267,1.2863907,4.883749,2.0780158,1.7069415,5.4527297,-1.5585117,0.89057815,5.5001445,0.024738282,-0.049476564,0.0,-0.024738282,0.99973285,0.0033108378,0.0070431177,-0.021767125,0.0,0.0010652643,0.0053263213,-0.01316811,-0.12090719,9.522937,0.0063139703,0.014227087,-0.043494094,30.659500122070312,2.085087299346924,0.004750265,0.23435694,-0.043191053,-0.34161165,-0.084408544,-0.27895772,0.11215421,0.05518002,-0.056308888,0.20485176,0.51571554,-0.56408626,0.0689356,0.15286253,0.34359318,-0.22649041,-0.021102136,0.6002606,-1.2719615,0.0011875662,0.72858924,-1.3107977,0.0172339,0.70821565,-1.2141017,-0.014077222,0.721213,-1.171071,0.0,0.0,0.0,0.0,0.0,0.0,0.0,0.0,0.0,0.0,0.0,0.0,0.0,0.0,0.0,0.0,0.5518002,-3.4161165,-2.264904,-5.6408625,50.0,50.0,50.0,50.0,50.0,50.0,50.0,50.0,50.0,50.0,50.0,50.0,0.0,0.0,0.0,0.0,1.0,1.0,1.0,1.0,1.0,1.0,1.0,1.0,1.0,1.0,1.0,1.0,0.5,0.5,0.5,0.5
1788527465.5362012,129,3.422859999773209,2.5019029999384657,3.346921999764163,1.02928,4.384266,9036870,1,1,0.0,0.0,0.0,-0.020959377,0.6453434,-1.3871582,0.031647455,0.64466137,-1.3930981,-0.039403588,0.6380193,-1.4067465,0.030986488,0.65161383,-1.4040295,-3.75293,-5.3257265,-2.5989928,-1.5744013,0.019377619,-0.046506286,0.044484273,-0.019377619,0.038755238,-0.016176099,-0.046506286,-0.05813286,-0.0080880495,-0.019377619,-0.015502095,-0.016176099,-0.05813286,0.0,-0.03100419,0.038755238,1.0390079,1.311129,4.4570136,-1.6822032,1.1874375,5.0259943,2.1027539,1.7316797,5.5001445,-1.5585117,0.89057815,5.5001445,0.024738282,-0.024738282,0.0,-0.049476564,0.99973464,0.003336455,0.007031082,-0.02168219,-0.0042610574,0.009587379,0.0,-0.029927522,-0.17238252,9.582792,0.006366926,0.014203594,-0.043323874,30.66835594177246,2.050905704498291,0.0028194096,0.22828564,-0.048945665,-0.34393916,-0.08450703,-0.27589446,0.11353352,0.0493704,-0.056504138,0.19912006,0.51654494,-0.5681547,0.06855449,0.16315162,0.3409324,-0.22644672,-0.021126758,0.6010264,-1.2716166,0.0007048524,0.7270714,-1.3122363,0.017138623,0.7107879,-1.2147669,-0.014126034,0.71978,-1.1708637,0.0,0.0,0.0,0.0,0.0,0.0,0.0,0.0,0.0,0.0,0.0,0.0,0.0,0.0,0.0,0.0,0.49370402,-3.4393916,-2.2644672,-5.681547,50.0,50.0,50.0,50.0,50.0,50.0,50.0,50.0,50.0,50.0,50.0,50.0,0.0,0.0,0.0,0.0,1.0,1.0,1.0,1.0,1.0,1.0,1.0,1.0,1.0,1.0,1.0,1.0,0.5,0.5,0.5,0.5
1788527465.557396,130,4.624049999620183,3.7844069993298035,4.574000000502565,1.084322,5.665234,9036890,1,1,0.0,0.0,0.0,-0.020898819,0.6453434,-1.387174,0.03170801,0.64469165,-1.3930824,-0.03937331,0.63798904,-1.4067307,0.030956209,0.6516744,-1.4040452,-3.7529,-5.325757,-2.5989928,-1.574371,0.096888095,-0.023253143,0.030330187,0.046506286,0.046506286,0.012132075,0.034879714,-0.054257333,0.014154087,-0.07363495,0.038755238,-0.044484273,-0.046506286,-0.015502095,-0.08526152,0.05813286,0.9895313,1.311129,4.4570136,-1.6822032,1.2616524,5.0259943,2.1027539,1.7316797,5.4527297,-1.5090352,0.8411016,5.5001445,0.0,-0.049476564,0.0,-0.024738282,0.9997324,0.0033407237,0.007033021,-0.021786502,0.0010652643,0.0021305287,-0.008522115,-0.094570965,-0.19512744,9.51336,0.006373896,0.014208321,-0.043532494,30.66835594177246,2.050905704498291,0.00024159066,0.23728779,-0.071281485,-0.34452215,-0.08633578,-0.27798188,0.12451587,0.05085341,-0.052617513,0.20225641,0.4961893,-0.5629228,0.07175176,0.16084024,0.35420924,-0.23721355,-0.021583945,0.6005045,-1.268871,6.0397666e-05,0.72932196,-1.3178203,0.01793794,0.7102101,-1.2114476,-0.013154378,0.7205641,-1.1759527,0.0,0.0,0.0,0.0,0.0,0.0,0.0,0.0,0.0,0.0,0.0,0.0,0.0,0.0,0.0,0.0,0.5085341,-3.4452214,-2.3721356,-5.6292276,50.0,50.0,50.0,50.0,50.0,50.0,50.0,50.0,50.0,50.0,50.0,50.0,0.0,0.0,0.0,0.0,1.0,1.0,1.0,1.0,1.0,1.0,1.0,1.0,1.0,1.0,1.0,1.0,0.5,0.5,0.5,0.5
1788527465.577568,131,4.793239000719041,3.8224879990593763,4.7330769994005095,0.977886,5.718356,9036910,1,1,0.0,0.0,0.0,-0.020898819,0.64531314,-1.3871897,0.03170801,0.6447219,-1.3930824,-0.039433867,0.63795877,-1.4067307,0.030956209,0.6516744,-1.4040136,-3.75293,-5.325757,-2.5989628,-1.5744013,0.034879714,-0.0038755238,0.012132075,0.011626571,0.038755238,0.0080880495,-0.046506286,0.0,0.0060660373,-0.038755238,0.038755238,0.02426415,0.0,-0.019377619,0.023253143,0.0,1.0390079,1.2863907,4.4570136,-1.6822032,1.2616524,4.978579,2.1274922,1.6822032,5.4527297,-1.5585117,0.8411016,5.5001445,0.024738282,0.0,0.0,0.0,0.9997294,0.0033395851,0.007071459,-0.021909347,0.009587379,-0.0010652643,-0.0074568503,-0.11372458,-0.108936176,9.56723,0.006368194,0.014285914,-0.04377805,30.659500122070312,2.050905704498291,0.0021182355,0.23248294,-0.06491999,-0.34185216,-0.08735331,-0.27701244,0.113224305,0.053086914,-0.05164472,0.20010826,0.5040004,-0.56371397,0.072096914,0.16194008,0.34174028,-0.23150487,-0.021838328,0.6007469,-1.2716938,0.00052955886,0.72812074,-1.3162299,0.018024229,0.71048504,-1.2145649,-0.01291118,0.7200271,-1.1739998,0.0,0.0,0.0,0.0,0.0,0.0,0.0,0.0,0.0,0.0,0.0,0.0,0.0,0.0,0.0,0.0,0.5308691,-3.4185216,-2.3150487,-5.63714,50.0,50.0,50.0,50.0,50.0,50.0,50.0,50.0,50.0,50.0,50.0,50.0,0.0,0.0,0.0,0.0,1.0,1.0,1.0,1.0,1.0,1.0,1.0,1.0,1.0,1.0,1.0,1.0,0.5,0.5,0.5,0.5
1788527465.5978022,132,5.020828999477089,3.9118669992603827,4.947995999827981,1.043841,5.999581,9036930,1,1,0.0,0.0,0.0,-0.020898819,0.64528286,-1.3872056,0.03170801,0.6447219,-1.3930981,-0.039403588,0.6379285,-1.4067307,0.031016767,0.6516441,-1.4040295,-3.75293,-5.3257265,-2.5990233,-1.574371,0.04263076,-0.04263076,-0.0080880495,0.065883905,0.046506286,-0.028308174,-0.015502095,-0.081386,0.016176099,0.05813286,-0.019377619,-0.014154087,-0.038755238,0.038755238,-0.08913705,0.046506286,1.0390079,1.3853438,4.504429,-1.6327267,1.2863907,4.978579,2.0780158,1.7316797,5.4527297,-1.5585117,0.89057815,5.5001445,0.049476564,-0.024738282,0.0,0.0,0.9997304,0.0033417651,0.0070963274,-0.021854596,-0.011717907,-0.006391586,0.011717907,-0.039504327,-0.03232172,9.514558,0.0063722515,0.0143353855,-0.043668345,30.66835594177246,2.016723871231079,0.002471542,0.24884969,-0.056134075,-0.3380591,-0.08125206,-0.27606672,0.09801982,0.05422537,-0.056419402,0.21611129,0.5109542,-0.5628138,0.069968805,0.14698473,0.36417818,-0.23440313,-0.020313015,0.6009833,-1.275495,0.0006178855,0.7322124,-1.3140335,0.017492201,0.7067462,-1.2089554,-0.014104851,0.7240278,-1.1722614,0.0,0.0,0.0,0.0,0.0,0.0,0.0,0.0,0.0,0.0,0.0,0.0,0.0,0.0,0.0,0.0,0.54225373,-3.380591,-2.3440313,-5.628138,50.0,50.0,50.0,50.0,50.0,50.0,50.0,50.0,50.0,50.0,50.0,50.0,0.0,0.0,0.0,0.0,1.0,1.0,1.0,1.0,1.0,1.0,1.0,1.0,1.0,1.0,1.0,1.0,0.5,0.5,0.5,0.5
1788527465.6176035,133,4.822072000024491,3.835288000118453,4.753684999741381,0.985311,5.746228,9036950,1,1,0.0,0.0,0.0,-0.020929098,0.6453434,-1.387174,0.031647455,0.64466137,-1.3930981,-0.03937331,0.6380193,-1.4067307,0.031016767,0.65161383,-1.4040452,-3.7529,-5.325757,-2.5989928,-1.574371,0.054257333,-0.05813286,0.010110063,-0.027128667,0.0,-0.020220125,-0.0077510476,-0.015502095,0.014154087,0.0038755238,0.0038755238,-0.036396224,0.019377619,-0.019377619,-0.05038181,0.0077510476,1.0390079,1.2863907,4.4570136,-1.6822032,1.2863907,4.978579,2.1027539,1.6327267,5.5001445,-1.5585117,0.89057815,5.594975,0.024738282,-0.024738282,0.0,-0.024738282,0.9997331,0.0033345416,0.0071071377,-0.021727832,0.0053263213,-0.0042610574,0.0,-0.017956512,-0.110133275,9.42238,0.0063591558,0.014355879,-0.043414775,30.659500122070312,2.016723871231079,0.00034730323,0.2510152,-0.065703325,-0.3452742,-0.08363404,-0.26126185,0.10357518,0.05899398,-0.053027935,0.2081209,0.52140576,-0.56490386,0.07495886,0.16110334,0.35950804,-0.22966114,-0.02090851,0.60468453,-1.2741061,8.682581e-05,0.7327538,-1.3164258,0.018739715,0.7102758,-1.210123,-0.013256984,0.7220302,-1.1696485,0.0,0.0,0.0,0.0,0.0,0.0,0.0,0.0,0.0,0.0,0.0,0.0,0.0,0.0,0.0,0.0,0.58993983,-3.452742,-2.2966113,-5.6490383,50.0,50.0,50.0,50.0,50.0,50.0,50.0,50.0,50.0,50.0,50.0,50.0,0.0,0.0,0.0,0.0,1.0,1.0,1.0,1.0,1.0,1.0,1.0,1.0,1.0,1.0,1.0,1.0,0.5,0.5,0.5,0.5
1788527465.6371412,134,4.362248999314033,3.5341590009920765,4.287079000278027,0.992991,5.285638,9036970,1,1,0.0,0.0,0.0,-0.020959377,0.6453434,-1.3871897,0.03170801,0.64469165,-1.3930981,-0.039433867,0.6380193,-1.4067149,0.030986488,0.6516744,-1.4040136,-3.7529604,-5.325696,-2.5989928,-1.5744315,0.011626571,-0.04263076,-0.010110063,0.08913705,0.054257333,-0.0020220124,-0.09301257,-0.054257333,0.036396224,-0.038755238,0.07363495,0.018198112,-0.065883905,0.08526152,-0.05038181,-0.011626571,0.9895313,1.2863907,4.504429,-1.6822032,1.2616524,5.0734096,2.1027539,1.6822032,5.4053144,-1.5585117,0.89057815,5.594975,0.049476564,-0.024738282,0.0,-0.024738282,0.9997327,0.0033270384,0.0071419887,-0.021739515,-0.0042610574,0.0042610574,-0.011717907,-0.108936176,-0.14963761,9.536105,0.006342473,0.014425316,-0.043438062,30.659500122070312,2.050905704498291,0.0022238474,0.22287834,-0.05268165,-0.33547452,-0.08387849,-0.27100635,0.1106075,0.053415745,-0.05157969,0.19545269,0.5218708,-0.5636638,0.071940646,0.16141433,0.3408985,-0.23175196,-0.020969622,0.60224843,-1.272348,0.00055596186,0.7257196,-1.3131703,0.017985161,0.7103536,-1.2147753,-0.012894923,0.7188632,-1.1695323,0.0,0.0,0.0,0.0,0.0,0.0,0.0,0.0,0.0,0.0,0.0,0.0,0.0,0.0,0.0,0.0,0.53415745,-3.3547451,-2.3175197,-5.6366377,50.0,50.0,50.0,50.0,50.0,50.0,50.0,50.0,50.0,50.0,50.0,50.0,0.0,0.0,0.0,0.0,1.0,1.0,1.0,1.0,1.0,1.0,1.0,1.0,1.0,1.0,1.0,1.0,0.5,0.5,0.5,0.5
1788527465.657523,135,4.750422000142862,3.7819749995833263,4.6911549998185365,0.996576,5.695188,9036990,1,1,0.0,0.0,0.0,-0.020959377,0.64531314,-1.387174,0.031677734,0.64469165,-1.3930824,-0.039433867,0.63795877,-1.4067465,0.030956209,0.6516441,-1.4040295,-3.7529604,-5.3257265,-2.5989628,-1.5744013,-0.015502095,-0.05813286,0.030330187,-0.019377619,-0.019377619,0.012132075,-0.027128667,-0.038755238,-0.016176099,-0.034879714,-0.0077510476,-0.020220125,-0.05813286,0.03100419,0.023253143,-0.023253143,1.0637461,1.3606055,4.4570136,-1.6822032,1.1626992,4.978579,2.1027539,1.7316797,5.4527297,-1.5090352,0.9400547,5.594975,0.024738282,0.0,0.049476564,-0.049476564,0.9997301,0.0033185286,0.007158807,-0.021854106,0.0,0.0074568503,-0.018109493,-0.1352724,-0.07182605,9.543288,0.00632307,0.014459301,-0.043667343,30.659500122070312,2.016723871231079,-0.0002526194,0.23103786,-0.062145945,-0.33787087,-0.090172075,-0.2602172,0.12217683,0.05322431,-0.050829217,0.18831766,0.5278531,-0.569394,0.075183384,0.17892186,0.33503592,-0.23068039,-0.022543019,0.6049457,-1.2694558,-6.315485e-05,0.7277595,-1.3155364,0.018795846,0.7147305,-1.216241,-0.012707304,0.7170794,-1.1680367,0.0,0.0,0.0,0.0,0.0,0.0,0.0,0.0,0.0,0.0,0.0,0.0,0.0,0.0,0.0,0.0,0.53224313,-3.3787086,-2.306804,-5.69394,50.0,50.0,50.0,50.0,50.0,50.0,50.0,50.0,50.0,50.0,50.0,50.0,0.0,0.0,0.0,0.0,1.0,1.0,1.0,1.0,1.0,1.0,1.0,1.0,1.0,1.0,1.0,1.0,0.5,0.5,0.5,0.5
1788527465.6775236,136,4.747828999825288,3.815639998720144,4.687700000431505,0.998047,5.692435,9037009,1,1,0.0,0.0,0.0,-0.020929098,0.64531314,-1.3871582,0.031677734,0.64469165,-1.3930824,-0.039464146,0.63795877,-1.4067307,0.030956209,0.6516744,-1.4040136,-3.75293,-5.325696,-2.5990233,-1.5744013,0.0038755238,0.0038755238,0.076836474,-0.046506286,-0.019377619,0.0080880495,-0.07363495,0.04263076,0.0080880495,-0.027128667,0.015502095,0.020220125,-0.011626571,0.054257333,-0.07363495,-0.03100419,1.0390079,1.2863907,4.4570136,-1.6822032,1.1874375,4.978579,2.0780158,1.7316797,5.4527297,-1.5585117,0.86583984,5.594975,0.024738282,0.024738282,0.0,-0.024738282,0.99972874,0.0033326498,0.007148999,-0.02191418,0.0074568503,0.0,0.0,-0.11133038,-0.12090719,9.536105,0.006350868,0.0144406855,-0.04378738,30.659500122070312,2.016723871231079,0.003160445,0.2208482,-0.045513917,-0.3391524,-0.088877894,-0.27589145,0.11093592,0.052269973,-0.05366586,0.19321838,0.525894,-0.57191056,0.07006025,0.16564897,0.32255813,-0.23028027,-0.022219473,0.60102713,-1.272266,0.00079011125,0.7252121,-1.3113785,0.017515063,0.71141225,-1.2193605,-0.013416465,0.71830463,-1.1685264,0.0,0.0,0.0,0.0,0.0,0.0,0.0,0.0,0.0,0.0,0.0,0.0,0.0,0.0,0.0,0.0,0.5226997,-3.3915238,-2.3028026,-5.7191057,50.0,50.0,50.0,50.0,50.0,50.0,50.0,50.0,50.0,50.0,50.0,50.0,0.0,0.0,0.0,0.0,1.0,1.0,1.0,1.0,1.0,1.0,1.0,1.0,1.0,1.0,1.0,1.0,0.5,0.5,0.5,0.5
1788527465.697772,137,4.985372999726678,3.9367959998344304,4.916154999591527,1.028576,5.951931,9037030,1,1,0.0,0.0,0.0,-0.020929098,0.64531314,-1.3871582,0.031677734,0.64466137,-1.3930981,-0.039403588,0.63798904,-1.4067465,0.030986488,0.6516441,-1.4040452,-3.75293,-5.3257265,-2.5989928,-1.574371,0.03100419,0.0077510476,0.0485283,0.023253143,-0.011626571,-0.020220125,-0.0077510476,0.0038755238,-0.022242136,-0.0077510476,0.027128667,-0.028308174,-0.015502095,0.019377619,-0.054257333,-0.0038755238,1.0390079,1.3606055,4.4570136,-1.6822032,1.2616524,4.883749,2.1274922,1.7069415,5.4527297,-1.5585117,0.9400547,5.4527297,0.024738282,-0.024738282,0.0,0.0,0.99973136,0.0033095912,0.007114644,-0.021809626,0.0010652643,-0.003195793,0.013848436,-0.01316811,-0.11851298,9.555259,0.0063077617,0.014370322,-0.043578736,30.66835594177246,2.050905704498291,0.0020498727,0.24990383,-0.056265995,-0.3378113,-0.082857184,-0.283578,0.1094714,0.047690935,-0.060041815,0.21154311,0.5099537,-0.5690474,0.06805572,0.15122315,0.34871677,-0.22503856,-0.020714296,0.59910554,-1.2726321,0.00051246816,0.732476,-1.3140664,0.01701393,0.7078058,-1.2128208,-0.015010454,0.7228858,-1.1725116,0.0,0.0,0.0,0.0,0.0,0.0,0.0,0.0,0.0,0.0,0.0,0.0,0.0,0.0,0.0,0.0,0.47690934,-3.3781128,-2.2503855,-5.690474,50.0,50.0,50.0,50.0,50.0,50.0,50.0,50.0,50.0,50.0,50.0,50.0,0.0,0.0,0.0,0.0,1.0,1.0,1.0,1.0,1.0,1.0,1.0,1.0,1.0,1.0,1.0,1.0,0.5,0.5,0.5,0.5
1788527465.717542,138,4.768150000018068,3.8092399991001002,4.708724000010989,1.005664,5.721172,9037050,1,1,0.0,0.0,0.0,-0.020989656,0.6453434,-1.387174,0.031647455,0.6446311,-1.3930981,-0.03937331,0.6380496,-1.4067149,0.030986488,0.65161383,-1.4040136,-3.7529,-5.3257265,-2.5989928,-1.5744013,-0.034879714,-0.038755238,-0.0020220124,-0.0038755238,-0.05038181,-0.014154087,0.0,-0.0038755238,0.042462263,-0.038755238,0.0038755238,0.014154087,0.011626571,0.015502095,-0.027128667,0.038755238,1.0390079,1.3606055,4.504429,-1.6822032,1.2616524,4.883749,2.1027539,1.6822032,5.4053144,-1.5585117,0.89057815,5.4527297,0.0,-0.049476564,0.049476564,0.0,0.9997334,0.003312982,0.0071023596,-0.021719323,0.009587379,-0.0010652643,0.0042610574,-0.044292733,-0.1592144,9.563639,0.006316372,0.014345335,-0.04339809,30.66835594177246,2.050905704498291,-8.253381e-05,0.24937844,-0.0598558,-0.34938043,-0.08702972,-0.27408713,0.11442674,0.052640438,-0.05578749,0.20308653,0.5171973,-0.5695997,0.069163956,0.16096115,0.35063076,-0.22967786,-0.02175743,0.6014782,-1.2713933,-2.0633452e-05,0.7323446,-1.3149639,0.017290989,0.7102403,-1.2123423,-0.013946872,0.7207717,-1.1707007,0.0,0.0,0.0,0.0,0.0,0.0,0.0,0.0,0.0,0.0,0.0,0.0,0.0,0.0,0.0,0.0,0.5264044,-3.4938045,-2.2967787,-5.6959968,50.0,50.0,50.0,50.0,50.0,50.0,50.0,50.0,50.0,50.0,50.0,50.0,0.0,0.0,0.0,0.0,1.0,1.0,1.0,1.0,1.0,1.0,1.0,1.0,1.0,1.0,1.0,1.0,0.5,0.5,0.5,0.5
1788527465.7375906,139,4.813399000340723,3.8227769982768223,4.741012999147642,1.058722,5.806487,9037070,1,1,0.0,0.0,0.0,-0.020959377,0.6453434,-1.387174,0.031677734,0.64466137,-1.3930981,-0.03937331,0.63798904,-1.4067307,0.030986488,0.6516744,-1.4040295,-3.75293,-5.3257265,-2.5989928,-1.5744013,-0.019377619,-0.054257333,0.020220125,0.0038755238,0.04263076,-0.016176099,0.027128667,-0.046506286,0.014154087,-0.038755238,0.05813286,-0.010110063,-0.038755238,0.019377619,-0.038755238,0.023253143,0.9895313,1.3606055,4.4570136,-1.6822032,1.2616524,4.836334,2.0780158,1.7316797,5.594975,-1.5585117,0.89057815,5.5001445,0.0,-0.024738282,0.0,-0.049476564,0.9997308,0.0033198507,0.0070976005,-0.021838455,0.0,0.0,-0.010652643,-0.08738836,-0.18555063,9.471462,0.0063286056,0.014336872,-0.04363636,30.659500122070312,2.050905704498291,-0.0003078673,0.23479185,-0.06970685,-0.34923512,-0.08732811,-0.26886034,0.124342464,0.051278077,-0.048919432,0.19136071,0.5228086,-0.5688415,0.07211506,0.17016602,0.33915612,-0.22923021,-0.021832028,0.60278493,-1.2689143,-7.6966826e-05,0.72869796,-1.3174267,0.018028766,0.7125415,-1.2152109,-0.012229858,0.7178402,-1.1692978,0.0,0.0,0.0,0.0,0.0,0.0,0.0,0.0,0.0,0.0,0.0,0.0,0.0,0.0,0.0,0.0,0.5127808,-3.492351,-2.2923021,-5.688415,50.0,50.0,50.0,50.0,50.0,50.0,50.0,50.0,50.0,50.0,50.0,50.0,0.0,0.0,0.0,0.0,1.0,1.0,1.0,1.0,1.0,1.0,1.0,1.0,1.0,1.0,1.0,1.0,0.5,0.5,0.5,0.5
1788527465.7575383,140,4.765493999002501,3.8377529999706894,4.706835999968462,0.982462,5.696371,9037090,1,1,0.0,0.0,0.0,-0.020898819,0.64531314,-1.387174,0.03170801,0.64469165,-1.3930824,-0.039433867,0.63795877,-1.4067307,0.030986488,0.6516744,-1.4040295,-3.75293,-5.3257265,-2.5989928,-1.574371,0.034879714,-0.023253143,0.044484273,-0.0038755238,-0.011626571,0.0040440247,-0.05813286,0.019377619,0.014154087,-0.0038755238,-0.011626571,-0.0040440247,-0.019377619,0.027128667,-0.038755238,0.027128667,1.0390079,1.2863907,4.4570136,-1.7069415,1.1874375,4.978579,2.1027539,1.6822032,5.5001445,-1.5585117,0.89057815,5.594975,0.024738282,-0.024738282,0.024738282,-0.024738282,0.99972814,0.0033333814,0.0071055647,-0.021954466,-0.0010652643,-0.0053263213,-0.012783172,-0.11492168,-0.12808979,9.527725,0.00635365,0.014354124,-0.04386821,30.66835594177246,2.050905704498291,-0.00022121519,0.23602912,-0.06939253,-0.34899548,-0.0887878,-0.2662583,0.120675884,0.053585462,-0.049862444,0.1889115,0.5345792,-0.5689682,0.07405758,0.17566201,0.3325091,-0.22652192,-0.02219695,0.60343546,-1.269831,-5.5303797e-05,0.7290073,-1.3173481,0.018514395,0.7139155,-1.2168727,-0.012465611,0.7172279,-1.1663551,0.0,0.0,0.0,0.0,0.0,0.0,0.0,0.0,0.0,0.0,0.0,0.0,0.0,0.0,0.0,0.0,0.53585464,-3.4899547,-2.2652192,-5.689682,50.0,50.0,50.0,50.0,50.0,50.0,50.0,50.0,50.0,50.0,50.0,50.0,0.0,0.0,0.0,0.0,1.0,1.0,1.0,1.0,1.0,1.0,1.0,1.0,1.0,1.0,1.0,1.0,0.5,0.5,0.5,0.5
1788527465.7775564,141,4.7724060004838975,3.7980079996486893,4.701747999206418,1.030785,5.740085,9037110,1,1,0.0,0.0,0.0,-0.02086854,0.64531314,-1.3871897,0.03170801,0.6447219,-1.3930824,-0.03937331,0.6379285,-1.4067307,0.030986488,0.65170467,-1.4040295,-3.75293,-5.3257265,-2.5989628,-1.5744013,0.096888095,-0.0077510476,0.018198112,0.011626571,0.05813286,0.012132075,0.05038181,-0.038755238,0.018198112,0.011626571,0.096888095,-0.014154087,-0.034879714,0.034879714,0.027128667,-0.0077510476,1.0390079,1.2863907,4.4570136,-1.6822032,1.2616524,4.978579,2.1027539,1.7316797,5.5001445,-1.5585117,0.89057815,5.594975,0.024738282,0.0,0.024738282,-0.024738282,0.9997293,0.0033487661,0.007103938,-0.021904068,-0.0010652643,0.0010652643,0.0074568503,-0.059855044,-0.03232172,9.524135,0.006385209,0.014351225,-0.04376717,30.659500122070312,2.016723871231079,0.00402396,0.24208924,-0.06873912,-0.34360054,-0.08199197,-0.29134896,0.12071004,0.047935434,-0.05466254,0.20946491,0.4894173,-0.56315124,0.068841055,0.14705478,0.35157305,-0.23303689,-0.020497993,0.5971628,-1.2698225,0.00100599,0.73052233,-1.3171847,0.017210264,0.7067637,-1.2121067,-0.013665635,0.7223662,-1.1776457,0.0,0.0,0.0,0.0,0.0,0.0,0.0,0.0,0.0,0.0,0.0,0.0,0.0,0.0,0.0,0.0,0.47935432,-3.4360054,-2.330369,-5.6315126,50.0,50.0,50.0,50.0,50.0,50.0,50.0,50.0,50.0,50.0,50.0,50.0,0.0,0.0,0.0,0.0,1.0,1.0,1.0,1.0,1.0,1.0,1.0,1.0,1.0,1.0,1.0,1.0,0.5,0.5,0.5,0.5
1788527465.797486,142,4.702292000729358,3.75746200006688,4.643889998988016,1.010015,5.660594,9037130,1,1,0.0,0.0,0.0,-0.020929098,0.6453434,-1.3871897,0.031647455,0.64466137,-1.3930981,-0.03937331,0.6380496,-1.4067465,0.031016767,0.6516441,-1.4040295,-3.7528694,-5.3257265,-2.5989928,-1.574371,0.034879714,-0.015502095,-0.012132075,-0.04263076,0.0077510476,-0.018198112,0.0,0.038755238,-0.018198112,0.015502095,0.07363495,-0.010110063,0.06975943,0.038755238,-0.05813286,0.05813286,1.0390079,1.311129,4.504429,-1.6327267,1.2863907,4.978579,2.1027539,1.7069415,5.4053144,-1.5585117,0.89057815,5.5001445,0.024738282,-0.024738282,0.0,-0.024738282,0.9997324,0.0033387577,0.007092827,-0.021765735,-0.003195793,0.0042610574,0.010652643,-0.015562311,-0.1352724,9.435549,0.006367664,0.014327688,-0.04349063,30.659500122070312,2.016723871231079,0.0054651666,0.23260939,-0.050845105,-0.34803554,-0.08485232,-0.28246948,0.10666732,0.050832838,-0.05586371,0.20910563,0.49289566,-0.5653764,0.06913136,0.1537442,0.34217298,-0.22747557,-0.02121308,0.59938264,-1.2733331,0.0013662917,0.7281524,-1.3127112,0.01728284,0.7084361,-1.2144567,-0.013965927,0.72227645,-1.176776,0.0,0.0,0.0,0.0,0.0,0.0,0.0,0.0,0.0,0.0,0.0,0.0,0.0,0.0,0.0,0.0,0.5083284,-3.4803555,-2.2747557,-5.653764,50.0,50.0,50.0,50.0,50.0,50.0,50.0,50.0,50.0,50.0,50.0,50.0,0.0,0.0,0.0,0.0,1.0,1.0,1.0,1.0,1.0,1.0,1.0,1.0,1.0,1.0,1.0,1.0,0.5,0.5,0.5,0.5
1788527465.8174913,143,4.712244999609538,3.7764389999210835,4.6530420004273765,1.014656,5.674802,9037150,1,1,0.0,0.0,0.0,-0.020959377,0.6453737,-1.3871582,0.031677734,0.64469165,-1.3930824,-0.03937331,0.6380496,-1.4067465,0.030956209,0.6516441,-1.4040295,-3.75293,-5.325757,-2.5989928,-1.5744013,0.015502095,0.019377619,0.042462263,0.046506286,0.06975943,-0.036396224,-0.019377619,0.03100419,-0.0060660373,-0.096888095,0.05038181,0.0040440247,-0.015502095,-0.054257333,-0.03100419,0.038755238,1.0390079,1.3606055,4.4570136,-1.6822032,1.2616524,4.883749,2.1027539,1.6822032,5.64239,-1.5090352,0.89057815,5.594975,0.024738282,-0.024738282,0.049476564,-0.024738282,0.9997322,0.0033228956,0.0071012676,-0.02177485,0.013848436,-0.0021305287,-0.015978964,-0.09935937,-0.15562311,9.512163,0.0063354466,0.014343934,-0.043509047,30.659500122070312,2.050905704498291,0.0019097459,0.21033606,-0.06141249,-0.34859878,-0.088965856,-0.2778584,0.12592222,0.051088266,-0.045405954,0.18479957,0.500985,-0.56552327,0.07358635,0.17076753,0.32742482,-0.23170574,-0.022241464,0.6005354,-1.2685194,0.00047743646,0.722584,-1.315353,0.018396588,0.7126919,-1.2181437,-0.0113514885,0.71619993,-1.1747537,0.0,0.0,0.0,0.0,0.0,0.0,0.0,0.0,0.0,0.0,0.0,0.0,0.0,0.0,0.0,0.0,0.5108827,-3.4859877,-2.3170574,-5.6552324,50.0,50.0,50.0,50.0,50.0,50.0,50.0,50.0,50.0,50.0,50.0,50.0,0.0,0.0,0.0,0.0,1.0,1.0,1.0,1.0,1.0,1.0,1.0,1.0,1.0,1.0,1.0,1.0,0.5,0.5,0.5,0.5
1788527465.8376179,144,4.8304880001524,3.831895999610424,4.748949000713765,1.070338,5.827032,9037170,1,1,0.0,0.0,0.0,-0.020959377,0.6453434,-1.3871897,0.03170801,0.6447219,-1.3930824,-0.039433867,0.63795877,-1.4067465,0.03092593,0.6516441,-1.4040295,-3.75293,-5.325757,-2.5989928,-1.574371,-0.0038755238,-0.015502095,0.0,0.05813286,0.046506286,0.016176099,-0.03100419,-0.034879714,-0.010110063,-0.077510476,0.0,0.0,-0.03100419,-0.038755238,-0.027128667,0.04263076,1.0390079,1.2863907,4.504429,-1.6822032,1.1874375,4.883749,2.1027539,1.7316797,5.5001445,-1.5090352,0.9400547,5.4053144,0.0,0.0,0.049476564,0.0,0.9997291,0.0033220917,0.007131079,-0.021905683,0.0,0.006391586,-0.008522115,-0.15083471,-0.11133038,9.534908,0.0063306596,0.014404339,-0.04377063,30.659500122070312,2.016723871231079,0.0033429656,0.22665817,-0.05063104,-0.34363067,-0.08782028,-0.27876365,0.11710357,0.04656464,-0.053340092,0.20001137,0.51057047,-0.5664213,0.066911906,0.16780041,0.32212657,-0.2327307,-0.02195507,0.60030913,-1.270724,0.0008357414,0.72666454,-1.3126577,0.016727977,0.7119501,-1.2194684,-0.013335023,0.7200029,-1.1723573,0.0,0.0,0.0,0.0,0.0,0.0,0.0,0.0,0.0,0.0,0.0,0.0,0.0,0.0,0.0,0.0,0.4656464,-3.4363067,-2.327307,-5.6642127,50.0,50.0,50.0,50.0,50.0,50.0,50.0,50.0,50.0,50.0,50.0,50.0,0.0,0.0,0.0,0.0,1.0,1.0,1.0,1.0,1.0,1.0,1.0,1.0,1.0,1.0,1.0,1.0,0.5,0.5,0.5,0.5
1788527465.8579023,145,5.122464999658405,4.005853999842657,5.028573999879882,1.084802,6.121345,9037190,1,1,0.0,0.0,0.0,-0.020929098,0.64531314,-1.3871897,0.03170801,0.64469165,-1.3931139,-0.039464146,0.6378982,-1.4067307,0.030956209,0.6516744,-1.4040452,-3.75293,-5.3257265,-2.5989628,-1.5744013,0.0,0.011626571,0.016176099,-0.011626571,-0.027128667,-0.044484273,-0.038755238,-0.065883905,0.010110063,-0.0077510476,0.019377619,-0.038418237,-0.019377619,0.054257333,0.04263076,-0.011626571,1.0390079,1.311129,4.4570136,-1.6822032,1.2863907,4.978579,2.1027539,1.7316797,5.594975,-1.5585117,0.89057815,5.4527297,0.0,0.0,0.0,-0.024738282,0.99972785,0.0033225247,0.0071395696,-0.021960879,0.011717907,-0.003195793,0.0053263213,-0.11372458,-0.12090719,9.515755,0.0063303583,0.014421685,-0.043881007,30.659500122070312,2.016723871231079,0.0009823199,0.25237587,-0.05738487,-0.33978134,-0.083869204,-0.2785384,0.1126445,0.055076413,-0.054980874,0.21130437,0.5142343,-0.56485736,0.068605706,0.15850887,0.3433624,-0.22511394,-0.020967301,0.6003654,-1.2718388,0.00024557998,0.733094,-1.3143462,0.017151427,0.7096272,-1.2141594,-0.0137452185,0.7228261,-1.1714413,0.0,0.0,0.0,0.0,0.0,0.0,0.0,0.0,0.0,0.0,0.0,0.0,0.0,0.0,0.0,0.0,0.55076414,-3.3978133,-2.2511394,-5.648574,50.0,50.0,50.0,50.0,50.0,50.0,50.0,50.0,50.0,50.0,50.0,50.0,0.0,0.0,0.0,0.0,1.0,1.0,1.0,1.0,1.0,1.0,1.0,1.0,1.0,1.0,1.0,1.0,0.5,0.5,0.5,0.5
1788527465.8776317,146,4.849049000767991,3.8392570004361914,4.758454000693746,1.08365,5.849336,9037210,1,1,0.0,0.0,0.0,-0.020959377,0.64531314,-1.3871582,0.031647455,0.64466137,-1.3930981,-0.039403588,0.63798904,-1.4067307,0.030986488,0.6516441,-1.4040295,-3.75293,-5.325757,-2.5989628,-1.5744013,-0.03100419,-0.027128667,0.054594334,-0.054257333,-0.015502095,-0.020220125,-0.0077510476,0.015502095,0.020220125,-0.03100419,0.027128667,-0.0080880495,-0.038755238,0.038755238,0.027128667,-0.019377619,1.0637461,1.3606055,4.4570136,-1.6822032,1.1874375,4.883749,2.1027539,1.6822032,5.4527297,-1.5090352,0.89057815,5.5001445,0.0,-0.024738282,0.049476564,0.0,0.9997299,0.0033085148,0.007124944,-0.021872992,0.008522115,-0.0074568503,0.0042610574,-0.021547815,-0.089782566,9.5385,0.006304249,0.01439127,-0.043705456,30.66835594177246,2.050905704498291,0.003217848,0.24570757,-0.057349924,-0.3512102,-0.0859149,-0.26914,0.10978987,0.057334267,-0.05444353,0.20078096,0.528992,-0.5707505,0.070232145,0.16332123,0.33742017,-0.22421032,-0.021478726,0.602715,-1.2725525,0.000804462,0.7314269,-1.3143375,0.017558036,0.71083033,-1.215645,-0.013610883,0.72019523,-1.1677519,0.0,0.0,0.0,0.0,0.0,0.0,0.0,0.0,0.0,0.0,0.0,0.0,0.0,0.0,0.0,0.0,0.5733427,-3.5121021,-2.242103,-5.7075047,50.0,50.0,50.0,50.0,50.0,50.0,50.0,50.0,50.0,50.0,50.0,50.0,0.0,0.0,0.0,0.0,1.0,1.0,1.0,1.0,1.0,1.0,1.0,1.0,1.0,1.0,1.0,1.0,0.5,0.5,0.5,0.5
1788527465.8975208,147,4.727957000795868,3.7447569993673824,4.638513999452698,1.050305,5.695988,9037230,1,1,0.0,0.0,0.0,-0.020959377,0.64531314,-1.3871582,0.031647455,0.64466137,-1.3930981,-0.03937331,0.6380496,-1.4067307,0.031016767,0.6516441,-1.4040452,-3.75293,-5.325757,-2.5989628,-1.574371,0.0,-0.11626572,0.03437421,0.0038755238,0.04263076,-0.020220125,0.0,0.019377619,0.020220125,0.019377619,0.038755238,-0.018198112,-0.038755238,-0.0077510476,0.015502095,0.09301257,1.0390079,1.2863907,4.4570136,-1.7069415,1.2121758,4.883749,2.1027539,1.7316797,5.4527297,-1.5585117,0.89057815,5.4053144,0.024738282,-0.024738282,0.024738282,-0.024738282,0.999732,0.0032747819,0.007146592,-0.0217741,0.0010652643,0.003195793,-0.008522115,-0.04070143,-0.16519992,9.546879,0.0062372773,0.014432465,-0.043507975,30.659500122070312,2.016723871231079,0.00088690035,0.22942007,-0.067378424,-0.34970775,-0.08859471,-0.26518074,0.13495201,0.049327083,-0.049868234,0.18925099,0.51544195,-0.56772226,0.07359742,0.17058326,0.3435906,-0.23334116,-0.022148678,0.6037048,-1.2662619,0.00022172509,0.727355,-1.3168446,0.018399354,0.7126458,-1.2141023,-0.012467058,0.71731275,-1.1711395,0.0,0.0,0.0,0.0,0.0,0.0,0.0,0.0,0.0,0.0,0.0,0.0,0.0,0.0,0.0,0.0,0.4932708,-3.4970775,-2.3334117,-5.6772227,50.0,50.0,50.0,50.0,50.0,50.0,50.0,50.0,50.0,50.0,50.0,50.0,0.0,0.0,0.0,0.0,1.0,1.0,1.0,1.0,1.0,1.0,1.0,1.0,1.0,1.0,1.0,1.0,0.5,0.5,0.5,0.5
1788527465.9176676,148,4.873210000368999,3.8093680013844278,4.779349999807891,1.093186,5.881273,9037250,1,1,0.0,0.0,0.0,-0.020959377,0.6453434,-1.3871897,0.031677734,0.64469165,-1.3930981,-0.039403588,0.6380193,-1.4067307,0.030986488,0.6516441,-1.4040452,-3.7529,-5.325757,-2.5989928,-1.5744013,-0.015502095,-0.019377619,0.0,0.015502095,0.054257333,-0.010110063,-0.054257333,0.011626571,0.016176099,-0.04263076,0.038755238,-0.02426415,0.019377619,-0.0038755238,-0.019377619,0.023253143,1.0390079,1.3606055,4.4570136,-1.6822032,1.2863907,4.883749,2.1274922,1.6822032,5.4053144,-1.5090352,0.8411016,5.594975,0.0,-0.024738282,0.0,0.0,0.99973,0.0032760643,0.0071597663,-0.021864759,0.006391586,0.0010652643,-0.013848436,-0.08259996,-0.17836803,9.557653,0.0062379576,0.01445943,-0.04368926,30.659500122070312,2.016723871231079,0.00039482303,0.21470132,-0.06375233,-0.3488655,-0.08925705,-0.27492005,0.12676924,0.049186416,-0.048370197,0.18742745,0.5196942,-0.5694661,0.07311572,0.17099707,0.32933712,-0.2313385,-0.022314262,0.60127,-1.2683077,9.870576e-05,0.7236754,-1.315938,0.01827893,0.7127493,-1.2176657,-0.012092549,0.7168569,-1.1700764,0.0,0.0,0.0,0.0,0.0,0.0,0.0,0.0,0.0,0.0,0.0,0.0,0.0,0.0,0.0,0.0,0.49186414,-3.488655,-2.313385,-5.694661,50.0,50.0,50.0,50.0,50.0,50.0,50.0,50.0,50.0,50.0,50.0,50.0,0.0,0.0,0.0,0.0,1.0,1.0,1.0,1.0,1.0,1.0,1.0,1.0,1.0,1.0,1.0,1.0,0.5,0.5,0.5,0.5
1788527465.9374623,149,4.683252000177163,3.7210450009297347,4.593551999278134,1.092547,5.69458,9037270,1,1,0.0,0.0,0.0,-0.020898819,0.64528286,-1.3871897,0.031677734,0.64469165,-1.3930981,-0.039464146,0.6379285,-1.4067465,0.030956209,0.6516744,-1.4040295,-3.75293,-5.325757,-2.5989928,-1.5744013,0.06200838,-0.03100419,0.020220125,-0.04263076,0.0038755238,-0.016176099,-0.09301257,-0.023253143,-0.014154087,-0.05813286,0.06200838,-0.0020220124,-0.038755238,0.0,-0.023253143,-0.019377619,1.0637461,1.2863907,4.4570136,-1.6822032,1.2616524,4.978579,2.1027539,1.6822032,5.4053144,-1.5585117,0.9400547,5.5001445,0.024738282,-0.024738282,0.0,-0.024738282,0.9997275,0.0032926863,0.0071682874,-0.021972267,0.0,0.0010652643,-0.0042610574,-0.12330139,-0.08619126,9.524135,0.006269269,0.0144778695,-0.043904055,30.66835594177246,2.050905704498291,0.0062728096,0.22374713,-0.044221606,-0.3441794,-0.086848326,-0.27969995,0.11010706,0.051390424,-0.056014612,0.19955838,0.5222818,-0.567281,0.06600734,0.16191289,0.32289785,-0.22693813,-0.021712082,0.600075,-1.2724732,0.0015682024,0.7259368,-1.3110553,0.016501835,0.71047825,-1.2192755,-0.014003653,0.71988964,-1.1694295,0.0,0.0,0.0,0.0,0.0,0.0,0.0,0.0,0.0,0.0,0.0,0.0,0.0,0.0,0.0,0.0,0.5139042,-3.441794,-2.2693813,-5.67281,50.0,50.0,50.0,50.0,50.0,50.0,50.0,50.0,50.0,50.0,50.0,50.0,0.0,0.0,0.0,0.0,1.0,1.0,1.0,1.0,1.0,1.0,1.0,1.0,1.0,1.0,1.0,1.0,0.5,0.5,0.5,0.5
1788527465.957724,150,4.94274700031383,3.8891779986443,4.850905001148931,1.056609,5.915482,9037290,1,1,0.0,0.0,0.0,-0.02086854,0.64528286,-1.387174,0.031677734,0.64469165,-1.3930981,-0.039433867,0.63795877,-1.4067465,0.030956209,0.6516441,-1.4040295,-3.75293,-5.3257875,-2.5989628,-1.5744013,0.10463915,-0.046506286,0.036396224,-0.027128667,0.0,-0.014154087,-0.038755238,-0.027128667,-0.020220125,-0.038755238,0.015502095,-0.0060660373,-0.023253143,-0.054257333,0.023253143,-0.011626571,1.0637461,1.2863907,4.4570136,-1.6822032,1.2616524,5.0259943,2.1027539,1.6822032,5.4053144,-1.5090352,0.86583984,5.4527297,0.024738282,-0.024738282,0.0,-0.024738282,0.99972826,0.003307177,0.007178954,-0.021929538,-0.003195793,0.008522115,0.0149137005,-0.11851298,-0.061052144,9.498995,0.0062983986,0.014499565,-0.043818302,30.659500122070312,2.016723871231079,0.006793132,0.24309137,-0.034512695,-0.3457874,-0.08232352,-0.28437713,0.09711666,0.052539073,-0.061493933,0.2206079,0.5003444,-0.5627116,0.061622005,0.14464387,0.33909577,-0.22625075,-0.02058088,0.59890574,-1.2757208,0.001698283,0.73077285,-1.3086281,0.015405501,0.70616096,-1.215226,-0.015373483,0.725152,-1.1749139,0.0,0.0,0.0,0.0,0.0,0.0,0.0,0.0,0.0,0.0,0.0,0.0,0.0,0.0,0.0,0.0,0.52539074,-3.457874,-2.2625074,-5.627116,50.0,50.0,50.0,50.0,50.0,50.0,50.0,50.0,50.0,50.0,50.0,50.0,0.0,0.0,0.0,0.0,1.0,1.0,1.0,1.0,1.0,1.0,1.0,1.0,1.0,1.0,1.0,1.0,0.5,0.5,0.5,0.5
1788527465.9758816,151,3.1113940003706375,2.082273000269197,2.6140989994019037,1.091554,3.711093,9037310,1,0,0.0,0.0,0.0,-0.020959377,0.64531314,-1.387174,0.031677734,0.64466137,-1.3931139,-0.039433867,0.6380193,-1.4067307,0.030956209,0.65161383,-1.4040452,-3.75293,-5.3257265,-2.5989628,-1.5744013,0.0038755238,-0.07363495,0.010110063,0.046506286,0.015502095,-0.0485283,-0.08526152,-0.015502095,0.020220125,-0.09301257,0.027128667,-0.026286162,-0.038755238,0.03100419,0.0,0.0,1.0390079,1.2863907,4.4570136,-1.6822032,1.2616524,4.883749,2.1274922,1.7316797,5.4527297,-1.5585117,0.9400547,5.5001445,0.024738282,-0.024738282,0.024738282,0.0,0.99973106,0.0032954332,0.007174786,-0.021804104,-0.0074568503,-0.0010652643,-0.003195793,-0.009576807,-0.12090719,9.508572,0.0062769153,0.014489928,-0.043567546,30.659500122070312,2.016723871231079,0.0051747914,0.23472571,-0.029610932,-0.3407982,-0.08523465,-0.26683503,0.09285268,0.05701068,-0.056987047,0.21052018,0.5237007,-0.5643178,0.06497128,0.15639625,0.3322698,-0.22406581,-0.021308662,0.6032913,-1.2767868,0.0012936979,0.72868145,-1.3074027,0.01624282,0.70909905,-1.2169325,-0.014246762,0.7226301,-1.1690748,0.0,0.0,0.0,0.0,0.0,0.0,0.0,0.0,0.0,0.0,0.0,0.0,0.0,0.0,0.0,0.0,0.5701068,-3.4079819,-2.240658,-5.643178,50.0,50.0,50.0,50.0,50.0,50.0,50.0,50.0,50.0,50.0,50.0,50.0,0.0,0.0,0.0,0.0,1.0,1.0,1.0,1.0,1.0,1.0,1.0,1.0,1.0,1.0,1.0,1.0,0.5,0.5,0.5,0.5
1788527465.9962258,152,3.4590850009408314,2.144419999240199,2.7522469990799436,1.058177,3.816312,9037330,1,0,0.0,0.0,0.0,-0.022776127,0.63583624,-1.3864315,0.03149607,0.65062606,-1.3933192,-0.038828313,0.6403204,-1.4049772,0.030774534,0.65461135,-1.3987375,-3.752476,-5.3316,-2.6034436,-1.5842718,-0.13564333,-0.97275645,0.064704396,0.038755238,0.25190905,-0.050550308,-0.12014124,0.06975943,0.050550308,-0.04263076,0.11239019,0.45899683,-0.027128667,-0.90687263,-0.7285985,-1.6936039,0.17316797,-0.64319533,5.64239,-1.6327267,3.8096955,4.504429,3.0180705,3.5623126,9.862329,-2.3006601,3.4386213,11.806345,0.24738282,-1.1874375,-0.6679336,-1.7069415,0.999731,0.0033403677,0.007156946,-0.021808097,0.09800432,-0.020240022,-0.026631609,0.1352724,0.088585466,10.188525,0.0063674874,0.01445624,-0.04357499,30.5975284576416,3.9992659091949463,0.03126686,0.24891877,-0.075411566,-0.50689983,-0.09562564,-0.2868811,0.16087814,0.12597221,-0.057695255,0.16005248,0.4783842,-0.756686,0.08589224,0.12844461,0.29726532,-0.28949592,-0.02390641,0.5982797,-1.2597804,0.007816715,0.7322297,-1.3188529,0.02147306,0.7021112,-1.2256836,-0.014423814,0.71001315,-1.180404,0.0,0.0,0.0,0.0,0.0,0.0,0.0,0.0,0.0,0.0,0.0,0.0,0.0,0.0,0.0,0.0,1.2597221,-5.0689983,-2.8949592,-7.5668597,50.0,50.0,50.0,50.0,50.0,50.0,50.0,50.0,50.0,50.0,50.0,50.0,0.0,0.0,0.0,0.0,1.0,1.0,1.0,1.0,1.0,1.0,1.0,1.0,1.0,1.0,1.0,1.0,0.5,0.5,0.5,0.5
1788527466.0166004,153,3.827800001090509,2.6404349991935305,3.4827330000553047,1.070561,4.559759,9037350,1,0,0.0,0.0,0.0,-0.025046945,0.6324755,-1.3846464,0.030951073,0.6582863,-1.3937774,-0.039221913,0.6437417,-1.404914,0.02947259,0.6634524,-1.3961942,-3.7449067,-5.37078,-2.6270905,-1.6387713,-0.04263076,-0.21702933,0.15165094,0.011626571,0.59683067,-0.06268239,0.046506286,0.15889648,0.08694653,-0.15114543,0.7867313,0.09099056,0.5929552,-3.1469252,-1.7866164,-4.1158066,0.074214846,-1.58325,6.4010305,-1.2863907,3.1665,3.9828634,3.1665,2.8696408,9.198518,-2.1522305,1.6079884,11.18995,0.32159767,-0.86583984,-0.47002736,-1.4100821,0.9997198,0.0041136607,0.007267114,-0.022148943,0.06817692,0.063915856,-0.038349517,0.4333505,0.47644615,11.11149,0.007904036,0.014712912,-0.044244908,30.606380462646484,3.759993553161621,0.05125627,0.22693232,-0.040199343,-0.6146333,-0.113497734,-0.39100638,0.2568027,0.18129507,-0.078437544,0.14396004,0.25859517,-0.85185057,0.10510228,0.12533286,0.19643052,-0.29471806,-0.028374434,0.5722484,-1.2357993,0.012814067,0.7267331,-1.3100498,0.02627557,0.7013332,-1.2508923,-0.019609386,0.70599,-1.2353512,0.0,0.0,0.0,0.0,0.0,0.0,0.0,0.0,0.0,0.0,0.0,0.0,0.0,0.0,0.0,0.0,1.8129506,-6.146333,-2.9471805,-8.518506,50.0,50.0,50.0,50.0,50.0,50.0,50.0,50.0,50.0,50.0,50.0,50.0,0.0,0.0,0.0,0.0,1.0,1.0,1.0,1.0,1.0,1.0,1.0,1.0,1.0,1.0,1.0,1.0,0.5,0.5,0.5,0.5
1788527466.0370288,154,4.258213999492,3.1968050006980775,3.9360599985229783,1.034241,4.977021,9037370,1,0,0.0,0.0,0.0,-0.026197433,0.6257236,-1.3821347,0.031374957,0.6696706,-1.3941565,-0.038495272,0.64831364,-1.4032395,0.028867066,0.67698646,-1.3931296,-3.7301915,-5.434907,-2.6613646,-1.7379302,-0.065883905,-0.48831603,0.22444338,0.034879714,0.724723,0.014154087,0.08913705,0.22090487,0.12334275,-0.06200838,0.86424184,0.028308174,1.0773956,-4.135184,-2.317563,-5.5962563,-0.074214846,-2.2264454,7.301916,-1.0390079,2.2017071,4.4570136,3.339668,2.4985664,7.6812367,-2.4243517,0.59371877,8.107972,0.37107423,-0.791625,-0.22264454,-1.3853438,0.9997112,0.004189238,0.008235178,-0.022185655,0.02450108,0.1043959,0.021305285,-0.23702596,0.005985504,10.087969,0.008011847,0.01665225,-0.044310134,30.615234375,3.3839941024780273,0.06952216,0.27640066,0.123107344,-0.6491641,-0.10213267,-0.34105545,0.23973882,0.22225538,-0.08349503,0.22330043,0.16216454,-0.8595289,0.08964322,0.16904975,0.32238925,-0.25552958,-0.025533168,0.58473617,-1.2400652,0.01738054,0.73910016,-1.2692231,0.022410804,0.71226245,-1.2194027,-0.020873757,0.72582513,-1.2594588,0.0,0.0,0.0,0.0,0.0,0.0,0.0,0.0,0.0,0.0,0.0,0.0,0.0,0.0,0.0,0.0,2.2225537,-6.491641,-2.555296,-8.595289,50.0,50.0,50.0,50.0,50.0,50.0,50.0,50.0,50.0,50.0,50.0,50.0,0.0,0.0,0.0,0.0,1.0,1.0,1.0,1.0,1.0,1.0,1.0,1.0,1.0,1.0,1.0,1.0,0.5,0.5,0.5,0.5
1788527466.0576236,155,4.848825001317891,3.628145999755361,4.488078000576934,1.051873,5.547247,9037390,1,0,0.0,0.0,0.0,-0.026893854,0.6198498,-1.3800969,0.031344682,0.68490016,-1.3933192,-0.03852552,0.6552472,-1.3993219,0.028533995,0.6961218,-1.3915498,-3.7007315,-5.5145073,-2.699575,-1.8415703,-0.015502095,-0.2790377,0.012132075,0.038755238,0.85649073,0.016176099,-0.12014124,0.26741114,0.35587418,-0.0038755238,1.3060515,0.10312264,1.7246081,-4.801774,-2.0889072,-6.584515,0.024738282,-1.4842969,7.112256,-0.7668867,1.9295859,6.638106,3.240715,2.6717343,9.008858,-2.5975196,0.14842969,6.827766,0.17316797,-0.6679336,-0.17316797,-0.86583984,0.99971557,0.004487757,0.009047326,-0.021605019,-0.0010652643,0.033023193,0.07882956,-0.58538234,0.008379706,8.659827,0.008583566,0.01828444,-0.04313713,30.615234375,3.452357769012451,0.069218054,0.23140025,0.31497514,-0.68246293,-0.10155807,-0.26023403,0.11166573,0.2532885,-0.05920645,0.25724974,0.07295933,-0.7463283,0.063043155,0.13163362,0.4699289,-0.16748537,-0.025389517,0.6049415,-1.2720835,0.017304514,0.7278501,-1.2212561,0.015760789,0.7029084,-1.1825178,-0.014801612,0.7343125,-1.2817601,0.0,0.0,0.0,0.0,0.0,0.0,0.0,0.0,0.0,0.0,0.0,0.0,0.0,0.0,0.0,0.0,2.532885,-6.8246293,-1.6748537,-7.463283,50.0,50.0,50.0,50.0,50.0,50.0,50.0,50.0,50.0,50.0,50.0,50.0,0.0,0.0,0.0,0.0,1.0,1.0,1.0,1.0,1.0,1.0,1.0,1.0,1.0,1.0,1.0,1.0,0.5,0.5,0.5,0.5
1788527466.076952,156,4.1703389997564955,3.2051250000222353,3.9130830009526107,1.057601,4.977532,9037410,1,0,0.0,0.0,0.0,-0.026833296,0.61558056,-1.3788016,0.031798843,0.7009473,-1.391629,-0.03828332,0.66254413,-1.3951199,0.029563427,0.71510583,-1.3906337,-3.6681225,-5.6112137,-2.7397833,-1.9540513,0.038755238,-0.06200838,-0.022242136,0.10463915,0.7285985,0.26488364,0.019377619,0.26353562,0.25072956,0.019377619,1.0890222,0.036396224,2.050152,-5.1389446,-1.8680025,-6.5418844,0.0,-0.32159767,5.4527297,-0.89057815,0.56898046,8.771783,2.9191172,1.9048477,10.858045,-2.2264454,-0.024738282,5.689805,0.22264454,-0.6679336,0.049476564,-0.2721211,0.99973285,0.004146316,0.00939164,-0.02070651,-0.013848436,0.062850595,0.08309062,-0.39145198,-0.0011971008,8.913613,0.007902983,0.018951109,-0.041343275,30.624088287353516,3.1447219848632812,0.021042088,0.17254855,0.4184046,-0.5758665,-0.129332,-0.08980023,0.02178605,0.2562578,-0.011355916,0.32053813,-0.09478346,-0.58723944,0.07592054,0.15473945,0.64950913,-0.17813812,-0.032333,0.64755,-1.2945534,0.005260522,0.71313715,-1.1953988,0.018980134,0.70868486,-1.1376227,-0.002838979,0.7501345,-1.3236958,0.0,0.0,0.0,0.0,0.0,0.0,0.0,0.0,0.0,0.0,0.0,0.0,0.0,0.0,0.0,0.0,2.562578,-5.758665,-1.7813812,-5.8723946,50.0,50.0,50.0,50.0,50.0,50.0,50.0,50.0,50.0,50.0,50.0,50.0,0.0,0.0,0.0,0.0,1.0,1.0,1.0,1.0,1.0,1.0,1.0,1.0,1.0,1.0,1.0,1.0,0.5,0.5,0.5,0.5
1788527466.0980363,157,5.253638000795036,3.8265530001808656,4.760981999424985,1.041697,5.810775,9037430,1,0,0.0,0.0,0.0,-0.028801322,0.6182753,-1.3793386,0.03161718,0.71327025,-1.3881221,-0.038464993,0.6664802,-1.390523,0.029896498,0.735089,-1.3902229,-3.6372092,-5.696656,-2.765822,-2.0565405,-0.19765173,-0.027128667,-0.052572325,0.0,0.5890796,0.12334275,-0.08913705,0.0077510476,0.31745595,-0.06975943,1.1122752,0.052572325,1.7091061,-4.5847445,-1.4882011,-5.417982,0.0,1.6327267,4.314769,-1.4595586,-0.59371877,10.051989,3.1170235,2.2264454,12.944306,-1.58325,-0.34633595,3.413883,0.32159767,-0.44528908,-0.074214846,-0.024738282,0.9997365,0.004387709,0.0099076545,-0.020237338,0.036218986,0.09587379,0.01704423,-0.2633622,0.2741361,9.288305,0.008373868,0.01998901,-0.04039612,30.615234375,3.247267246246338,-0.02256263,0.16960822,0.3800533,-0.4290231,-0.15543857,0.05580517,0.086909615,0.15941045,0.012554837,0.30090404,-0.15545191,-0.47405723,0.074257165,0.24935254,0.7749056,-0.20120554,-0.038859643,0.6839513,-1.2782725,-0.0056406576,0.71240205,-1.2049866,0.018564291,0.73233813,-1.1062735,0.0031387093,0.745226,-1.3388629,0.0,0.0,0.0,0.0,0.0,0.0,0.0,0.0,0.0,0.0,0.0,0.0,0.0,0.0,0.0,0.0,1.5941045,-4.2902308,-2.0120554,-4.7405725,50.0,50.0,50.0,50.0,50.0,50.0,50.0,50.0,50.0,50.0,50.0,50.0,0.0,0.0,0.0,0.0,1.0,1.0,1.0,1.0,1.0,1.0,1.0,1.0,1.0,1.0,1.0,1.0,0.5,0.5,0.5,0.5
1788527466.1179636,158,5.185058998904424,3.8094640003691893,4.706835999968462,1.029344,5.744405,9037450,1,0,0.0,0.0,0.0,-0.032010674,0.61558056,-1.3790227,0.031889677,0.7265318,-1.3859105,-0.038828313,0.66896296,-1.3849308,0.03016901,0.75037915,-1.3895437,-3.6124728,-5.770776,-2.788076,-2.150855,-0.077510476,-0.14339438,0.076836474,0.015502095,0.7285985,-0.012132075,-0.03100419,0.12789229,0.2911698,-0.011626571,0.70534533,0.056616347,0.81386006,-3.720503,-1.2944249,-4.6428776,-0.32159767,3.7602189,5.1208243,-1.9790626,-1.4842969,9.483008,3.0675468,3.1912384,14.366757,-1.3606055,-1.0884844,2.6552422,0.4205508,-0.22264454,-0.32159767,0.0,0.99973404,0.0041472013,0.010264669,-0.020233193,-0.013848436,-0.008522115,-0.0074568503,-0.1412579,-0.10175357,9.348161,0.00787859,0.020693177,-0.04039011,30.606380462646484,3.6916301250457764,-0.04293406,0.20318392,0.29370818,-0.27462894,-0.15825878,0.10237577,0.08600321,-0.009555506,0.0047064237,0.31414258,-0.07037623,-0.3803042,0.08157396,0.24515623,0.80650777,-0.20170498,-0.039564695,0.69559395,-1.2784991,-0.010733515,0.720796,-1.2265729,0.02039349,0.7312891,-1.098373,0.0011766059,0.74853563,-1.317594,0.0,0.0,0.0,0.0,0.0,0.0,0.0,0.0,0.0,0.0,0.0,0.0,0.0,0.0,0.0,0.0,-0.09555505,-2.7462893,-2.0170498,-3.803042,50.0,50.0,50.0,50.0,50.0,50.0,50.0,50.0,50.0,50.0,50.0,50.0,0.0,0.0,0.0,0.0,1.0,1.0,1.0,1.0,1.0,1.0,1.0,1.0,1.0,1.0,1.0,1.0,0.5,0.5,0.5,0.5
1788527466.1381874,159,5.4086820000520675,3.855352999380557,4.7727900000609225,0.992736,5.773654,9037470,1,0,0.0,0.0,0.0,-0.032707095,0.6159439,-1.3790859,0.03122357,0.73843086,-1.3859105,-0.039191633,0.67368627,-1.3834617,0.029896498,0.76385266,-1.3859893,-3.6103227,-5.8281517,-2.8148112,-2.2184951,0.027128667,0.038755238,-0.030330187,0.0038755238,0.5890796,0.022242136,0.0077510476,0.26741114,0.030330187,-0.038755238,0.44568524,0.35991824,-0.4224321,-2.2749324,-1.6819774,-3.3019464,-0.37107423,4.1560316,5.2156544,-2.2017071,-1.58325,8.392462,3.1417618,2.721211,14.793492,-1.4100821,-1.2863907,3.2716377,0.14842969,-0.12369141,-0.12369141,-0.074214846,0.9997326,0.004287037,0.010407978,-0.020202758,0.015978964,0.019174758,0.006391586,-0.039504327,0.19632454,9.697714,0.008153126,0.02098515,-0.040325277,30.615234375,3.6574482917785645,-0.028332436,0.24677515,0.26183653,-0.118920915,-0.14386524,0.041959897,0.116213866,-0.17049983,-0.033861835,0.3540116,-0.046831146,-0.2933747,0.05229033,0.2191986,0.74208707,-0.2340532,-0.03596631,0.68049,-1.2709465,-0.007083109,0.7316938,-1.2345408,0.013072583,0.7247997,-1.1144782,-0.008465459,0.7585029,-1.3117077,0.0,0.0,0.0,0.0,0.0,0.0,0.0,0.0,0.0,0.0,0.0,0.0,0.0,0.0,0.0,0.0,-1.7049983,-1.1892091,-2.3405318,-2.9337468,50.0,50.0,50.0,50.0,50.0,50.0,50.0,50.0,50.0,50.0,50.0,50.0,0.0,0.0,0.0,0.0,1.0,1.0,1.0,1.0,1.0,1.0,1.0,1.0,1.0,1.0,1.0,1.0,0.5,0.5,0.5,0.5
1788527466.1581802,160,5.4073060000519035,3.972925000198302,4.919707000226481,1.004895,5.932154,9037490,1,0,0.0,0.0,0.0,-0.033887982,0.61773026,-1.3790543,0.030284967,0.74590945,-1.3860526,-0.040281624,0.678349,-1.3827351,0.028897345,0.7713009,-1.3811871,-3.6216166,-5.8594894,-2.8423939,-2.2697854,-0.046506286,0.10463915,0.0020220124,-0.096888095,0.39917895,-0.0020220124,-0.046506286,0.18602514,0.06874842,-0.13176781,0.36817476,0.20220123,-0.98050755,-1.0928978,-1.6587242,-2.5772233,-0.049476564,3.1665,5.5001445,-1.9790626,-1.1132227,7.965727,2.8449025,2.2511837,13.797777,-1.8306329,-1.0390079,3.603543,-0.22264454,-0.049476564,-0.2721211,-0.17316797,0.99973035,0.00467736,0.01089476,-0.01996793,0.025566343,0.07350324,0.03408846,0.03232172,-0.21787235,9.861717,0.008919376,0.021972205,-0.039843332,30.624088287353516,3.3498125076293945,0.006533148,0.28204823,0.34734157,0.048949383,-0.13392965,-0.050776474,0.12732242,-0.2858872,-0.058926873,0.4207892,-0.0020699818,-0.22134592,0.014487036,0.16702038,0.6170436,-0.23206729,-0.033482414,0.6573059,-1.2681694,0.001633287,0.7405121,-1.2131646,0.003621759,0.7117551,-1.1457391,-0.014731718,0.7751973,-1.3005174,0.0,0.0,0.0,0.0,0.0,0.0,0.0,0.0,0.0,0.0,0.0,0.0,0.0,0.0,0.0,0.0,-2.8588722,0.48949385,-2.320673,-2.2134593,50.0,50.0,50.0,50.0,50.0,50.0,50.0,50.0,50.0,50.0,50.0,50.0,0.0,0.0,0.0,0.0,1.0,1.0,1.0,1.0,1.0,1.0,1.0,1.0,1.0,1.0,1.0,1.0,0.5,0.5,0.5,0.5
1788527466.1782339,161,5.462188000819879,3.834265000477899,4.702387999714119,1.064002,5.773078,9037510,1,0,0.0,0.0,0.0,-0.034856796,0.62075806,-1.3789121,0.029921636,0.74990606,-1.3858473,-0.041401893,0.6821337,-1.381029,0.027686238,0.77768946,-1.3770798,-3.6442034,-5.8722963,-2.8752146,-2.3082983,-0.038755238,0.22090487,0.060660373,-0.05038181,0.24415801,0.036396224,-0.081386,0.23253144,0.076836474,-0.08913705,0.37980133,0.23050943,-1.5812138,0.10851467,-1.8563759,-1.561836,0.024738282,1.7069415,5.64239,-1.4842969,-0.6926719,9.0562725,2.4243517,1.3606055,12.04342,-2.1027539,-0.51950395,3.9828634,-0.64319533,0.12369141,-0.22264454,-0.22264454,0.99972653,0.0048206956,0.011554225,-0.019758005,0.0074568503,0.04900216,-0.003195793,-0.22505496,-0.005985504,9.862914,0.009184797,0.023294732,-0.0394147,30.624088287353516,3.0079948902130127,0.038769037,0.2574058,0.4081939,0.17739055,-0.13429098,-0.11878717,0.15284687,-0.33583087,-0.059152164,0.3940732,0.10450042,-0.14395319,-0.0021326356,0.17977156,0.46036038,-0.2252688,-0.033572745,0.64030325,-1.2617882,0.009692259,0.73435146,-1.1979514,-0.0005331589,0.71494293,-1.1849098,-0.014788041,0.7685183,-1.2738749,0.0,0.0,0.0,0.0,0.0,0.0,0.0,0.0,0.0,0.0,0.0,0.0,0.0,0.0,0.0,0.0,-3.3583088,1.7739055,-2.252688,-1.4395319,50.0,50.0,50.0,50.0,50.0,50.0,50.0,50.0,50.0,50.0,50.0,50.0,0.0,0.0,0.0,0.0,1.0,1.0,1.0,1.0,1.0,1.0,1.0,1.0,1.0,1.0,1.0,1.0,0.5,0.5,0.5,0.5
1788527466.1979134,162,5.128226001033909,3.804728001341573,4.700468000010005,1.042593,5.750741,9037529,1,0,0.0,0.0,0.0,-0.034947634,0.62475467,-1.3785173,0.029649138,0.7498455,-1.3855472,-0.0430066,0.68646336,-1.3797021,0.026111782,0.7810806,-1.3734623,-3.6732395,-5.8676643,-2.9018588,-2.3370318,0.0,0.011626571,0.0020220124,0.027128667,-0.10851467,0.064704396,-0.13564333,0.17439857,0.046506286,-0.081386,0.2286559,0.31947798,-1.7052305,0.740225,-1.6625998,-1.139404,0.0,0.8411016,5.974295,-1.0390079,-0.7668867,9.814914,2.3253984,1.2616524,9.957158,-2.0038009,-0.9400547,5.0259943,-0.64319533,0.44528908,-0.2721211,-0.14842969,0.9997139,0.0050202967,0.011958428,-0.020099897,0.019174758,0.02237055,-0.07243797,-0.2801216,0.30406362,9.216479,0.009559918,0.024114165,-0.040090617,30.63294219970703,2.905449628829956,0.05206334,0.332825,0.37110662,0.25257182,-0.1415061,-0.13465409,0.26293117,-0.31363875,-0.05773417,0.34768382,0.24775766,-0.104448736,-0.008285327,0.24438435,0.38660827,-0.2048255,-0.035376526,0.6363365,-1.2342671,0.013015835,0.75320625,-1.2072233,-0.0020713317,0.7310961,-1.2033479,-0.014433542,0.756921,-1.2380606,0.0,0.0,0.0,0.0,0.0,0.0,0.0,0.0,0.0,0.0,0.0,0.0,0.0,0.0,0.0,0.0,-3.1363873,2.5257182,-2.048255,-1.0444874,50.0,50.0,50.0,50.0,50.0,50.0,50.0,50.0,50.0,50.0,50.0,50.0,0.0,0.0,0.0,0.0,1.0,1.0,1.0,1.0,1.0,1.0,1.0,1.0,1.0,1.0,1.0,1.0,0.5,0.5,0.5,0.5
1788527466.2180543,163,5.273445000057109,3.843993001282797,4.735284999696887,1.043521,5.786582,9037550,1,0,0.0,0.0,0.0,-0.035583496,0.6301744,-1.376511,0.029104143,0.7504208,-1.3852627,-0.04485354,0.6918528,-1.3794492,0.02435571,0.78211,-1.3665906,-3.7090275,-5.8522224,-2.929987,-2.3524733,-0.11239019,0.16664752,0.2628616,-0.0077510476,0.19377619,-0.020220125,-0.11239019,0.2790377,0.03437421,-0.05038181,-0.05038181,0.47921693,-1.9416375,1.0773956,-1.5075788,-0.54257333,0.049476564,0.14842969,7.207086,-0.8411016,-0.12369141,9.388178,2.3253984,1.8306329,9.103687,-1.9790626,-1.2863907,6.3062005,-0.47002736,0.64319533,-0.24738282,-0.22264454,0.99968857,0.005530844,0.01233023,-0.020984108,0.04687163,0.04154531,-0.08096009,-0.34476504,-0.1364695,9.665392,0.010544223,0.024887469,-0.041843913,30.63294219970703,3.0421764850616455,0.055779353,0.33812594,0.3112058,0.2600546,-0.13484314,-0.26049656,0.36619496,-0.26537803,-0.057549007,0.3265801,0.3237786,-0.064126894,-0.017210681,0.23026623,0.25185618,-0.19567934,-0.033710785,0.60487586,-1.2084513,0.013944838,0.7545315,-1.2221985,-0.0043026702,0.7275666,-1.2370359,-0.014387252,0.751645,-1.2190553,0.0,0.0,0.0,0.0,0.0,0.0,0.0,0.0,0.0,0.0,0.0,0.0,0.0,0.0,0.0,0.0,-2.6537802,2.600546,-1.9567933,-0.64126897,50.0,50.0,50.0,50.0,50.0,50.0,50.0,50.0,50.0,50.0,50.0,50.0,0.0,0.0,0.0,0.0,1.0,1.0,1.0,1.0,1.0,1.0,1.0,1.0,1.0,1.0,1.0,1.0,0.5,0.5,0.5,0.5
1788527466.238113,164,5.339240000466816,3.8699460001225816,4.734036998343072,1.052193,5.792918,9037570,1,0,0.0,0.0,0.0,-0.036643147,0.6296294,-1.3735095,0.027438879,0.7484528,-1.3852786,-0.046821564,0.6963036,-1.3793545,0.02253908,0.78117144,-1.3614882,-3.739941,-5.832118,-2.953876,-2.3605876,-0.0038755238,-0.86424184,0.25072956,-0.05813286,-0.15889648,-0.04044025,-0.08526152,0.26741114,0.04044025,-0.15114543,0.0,0.17389306,-1.6160935,1.1083997,-1.6393466,-0.2092783,0.074214846,-0.44528908,8.297632,-0.64319533,0.37107423,8.582122,2.3253984,1.3606055,7.207086,-1.7316797,-1.58325,7.2545013,-0.44528908,0.59371877,-0.074214846,-0.2721211,0.99967235,0.006165172,0.012547769,-0.021443207,0.08841694,0.011717907,0.0,-0.24181437,-0.5758055,9.79827,0.011792239,0.025354432,-0.042744394,30.63294219970703,2.871267557144165,0.054102458,0.60415876,0.299328,0.23903266,-0.11146623,-0.23827818,0.36630985,-0.12900011,-0.11278166,0.48557243,0.34333128,0.0054946803,-0.021586996,0.15551618,0.32375112,-0.17234136,-0.027866557,0.6104305,-1.2084225,0.0135256145,0.8210397,-1.225168,-0.005396749,0.70887905,-1.2190622,-0.028195415,0.7913931,-1.2141671,0.0,0.0,0.0,0.0,0.0,0.0,0.0,0.0,0.0,0.0,0.0,0.0,0.0,0.0,0.0,0.0,-1.2900012,2.3903265,-1.7234136,0.054946803,50.0,50.0,50.0,50.0,50.0,50.0,50.0,50.0,50.0,50.0,50.0,50.0,0.0,0.0,0.0,0.0,1.0,1.0,1.0,1.0,1.0,1.0,1.0,1.0,1.0,1.0,1.0,1.0,0.5,0.5,0.5,0.5
1788527466.2579193,165,5.143554000824224,3.796823999437038,4.687955000918009,1.140676,5.835447,9037589,1,0,0.0,0.0,0.0,-0.03655231,0.6309011,-1.3685019,0.026015837,0.7509355,-1.3848363,-0.04727575,0.6995735,-1.3782014,0.020843506,0.7837147,-1.3580287,-3.7607415,-5.811408,-2.981852,-2.3624344,0.07363495,0.1472699,0.23859747,-0.06200838,0.2286559,0.0485283,-0.0038755238,0.0,0.25072956,-0.09301257,0.44568524,0.14760691,-0.47668946,1.0890222,-1.5502095,0.10463915,0.37107423,-1.1626992,8.250217,-0.5442422,3.4880977,8.297632,2.2511837,0.47002736,7.8234816,-2.44909,-0.074214846,7.4441614,-0.32159767,0.56898046,0.0,-0.049476564,0.99967355,0.0064310897,0.012638432,-0.021254813,-0.01704423,0.019174758,0.05219795,-0.712275,0.021547815,9.305065,0.012325058,0.025544772,-0.042359672,30.624088287353516,3.1447219848632812,0.059814192,0.45155546,0.36045992,0.13079256,-0.08786705,-0.36054802,0.23772028,-0.06355919,-0.11152062,0.49493697,0.21911629,0.054545667,-0.029781349,0.04224909,0.26032054,-0.15740144,-0.021966763,0.579863,-1.2405698,0.014953548,0.7828889,-1.209885,-0.0074453373,0.6805623,-1.2349198,-0.027880155,0.79373425,-1.2452209,0.0,0.0,0.0,0.0,0.0,0.0,0.0,0.0,0.0,0.0,0.0,0.0,0.0,0.0,0.0,0.0,-0.63559186,1.3079256,-1.5740144,0.54545665,50.0,50.0,50.0,50.0,50.0,50.0,50.0,50.0,50.0,50.0,50.0,50.0,0.0,0.0,0.0,0.0,1.0,1.0,1.0,1.0,1.0,1.0,1.0,1.0,1.0,1.0,1.0,1.0,0.5,0.5,0.5,0.5
1788527466.278096,166,5.322983999576536,3.8968580010987353,4.7501019998890115,1.02912,5.78639,9037610,1,0,0.0,0.0,0.0,-0.03503847,0.62896323,-1.3669223,0.026409443,0.7469388,-1.383604,-0.047457397,0.6985441,-1.3724986,0.021267414,0.78686357,-1.3579497,-3.76274,-5.802023,-3.0016842,-2.362465,0.18990067,-0.24803352,-0.0020220124,0.096888095,-0.16664752,0.24870755,0.0,-0.7285985,0.09301257,0.0,0.07363495,-0.050550308,0.34879714,0.13951886,-0.97275645,0.1782741,0.44528908,-2.2511837,6.4484453,-0.6679336,1.9295859,8.676952,2.0780158,-0.24738282,7.064841,-2.4985664,0.22264454,5.879465,-0.4205508,0.5442422,-0.2721211,0.17316797,0.9996827,0.005815324,0.012277679,-0.02121168,-0.107591696,0.0,-0.023435814,-0.0047884034,1.4173675,9.871294,0.0111097405,0.024796812,-0.042292707,30.641794204711914,2.7345407009124756,0.031078236,0.46504173,0.3442787,0.07731614,-0.115034305,-0.17388085,0.19227557,0.027452268,-0.08564315,0.4865341,0.2422006,0.1064294,0.017205369,0.12520258,0.41044757,-0.11359537,-0.028758576,0.6265298,-1.2519311,0.007769559,0.7862604,-1.2139302,0.004301342,0.7013007,-1.197388,-0.021410787,0.79163355,-1.2394499,0.0,0.0,0.0,0.0,0.0,0.0,0.0,0.0,0.0,0.0,0.0,0.0,0.0,0.0,0.0,0.0,0.27452266,0.7731614,-1.1359537,1.064294,50.0,50.0,50.0,50.0,50.0,50.0,50.0,50.0,50.0,50.0,50.0,50.0,0.0,0.0,0.0,0.0,1.0,1.0,1.0,1.0,1.0,1.0,1.0,1.0,1.0,1.0,1.0,1.0,0.5,0.5,0.5,0.5
1788527466.2979743,167,5.192995000470546,3.807863000474754,4.666033999455976,1.022561,5.695796,9037630,1,0,0.0,0.0,0.0,-0.034644842,0.62869084,-1.3665116,0.026500277,0.746303,-1.379797,-0.047608793,0.6976055,-1.3679017,0.020207703,0.78846824,-1.3571914,-3.756109,-5.801508,-3.013371,-2.3603454,-0.077510476,0.52319574,0.0080880495,0.0,0.10076362,-0.076836474,-0.081386,0.23253144,0.51763517,-0.14339438,0.03100419,0.04044025,0.26353562,-0.0038755238,-0.52707124,0.2286559,0.32159767,-0.56898046,5.83205,-0.9895313,1.9295859,8.771783,2.8696408,0.0,8.4398775,-1.9790626,0.074214846,6.2113705,0.0,0.32159767,-0.2721211,0.34633595,0.9996635,0.0058258376,0.012607625,-0.021911316,0.038349517,0.064981125,-0.11611381,-0.272939,-0.031124622,8.37372,0.0110990815,0.02546482,-0.043689042,30.641794204711914,2.7687225341796875,-0.029334383,0.15457861,0.25471485,-0.017839417,-0.16015743,-0.18158191,0.3292458,-0.0039750896,0.019525725,0.32885078,0.11413445,0.1006069,0.043113448,0.22483726,0.3797889,-0.1352442,-0.040039357,0.6246045,-1.2176886,-0.007333596,0.7086447,-1.2363212,0.010778362,0.72620934,-1.2050527,0.0048814313,0.7522127,-1.2714664,0.0,0.0,0.0,0.0,0.0,0.0,0.0,0.0,0.0,0.0,0.0,0.0,0.0,0.0,0.0,0.0,-0.039750896,-0.17839417,-1.352442,1.0060691,50.0,50.0,50.0,50.0,50.0,50.0,50.0,50.0,50.0,50.0,50.0,50.0,0.0,0.0,0.0,0.0,1.0,1.0,1.0,1.0,1.0,1.0,1.0,1.0,1.0,1.0,1.0,1.0,0.5,0.5,0.5,0.5
1788527466.3178284,168,5.052094998973189,3.8257520009210566,4.694995001045754,1.007936,5.710388,9037649,1,0,0.0,0.0,0.0,-0.035916567,0.62853944,-1.3654057,0.026681941,0.73812807,-1.3802235,-0.047941834,0.70042133,-1.3630363,0.020934343,0.78244305,-1.3579023,-3.7533238,-5.802598,-3.0204864,-2.3558037,-0.26741114,-0.077510476,0.29521382,0.096888095,-1.2556697,-0.06672641,0.0,0.09301257,0.12940879,0.011626571,-1.1975368,-0.10716666,0.027128667,0.0,-0.22478038,0.325544,0.0,-0.074214846,7.2545013,-1.9048477,-0.24738282,7.491576,3.0428088,1.311129,8.202802,-0.7668867,-0.37107423,4.504429,0.024738282,-0.049476564,-0.47002736,0.2721211,0.99963605,0.005257984,0.012846636,-0.023132106,-0.07669903,0.0021305287,-0.12676646,-0.21188685,-0.2669535,9.7863,0.009921299,0.025930082,-0.04614416,30.641794204711914,2.631995439529419,-0.06585245,0.29441267,0.17572759,-0.023381852,-0.21445969,0.0044931695,0.38918573,0.053103067,0.035908014,0.285154,0.34223884,0.057963487,0.09237178,0.31775466,0.39378247,-0.081204176,-0.053614922,0.6711233,-1.2027035,-0.016463112,0.74360317,-1.2560681,0.023092944,0.7494387,-1.2015543,0.008977003,0.74128854,-1.2144402,0.0,0.0,0.0,0.0,0.0,0.0,0.0,0.0,0.0,0.0,0.0,0.0,0.0,0.0,0.0,0.0,0.53103065,-0.23381852,-0.81204176,0.57963485,50.0,50.0,50.0,50.0,50.0,50.0,50.0,50.0,50.0,50.0,50.0,50.0,0.0,0.0,0.0,0.0,1.0,1.0,1.0,1.0,1.0,1.0,1.0,1.0,1.0,1.0,1.0,1.0,0.5,0.5,0.5,0.5
1788527466.3378954,169,5.1171209997846745,3.812439999819617,4.741237999041914,1.027392,5.776534,9037670,1,0,0.0,0.0,0.0,-0.038974524,0.6338985,-1.3626412,0.026409443,0.7400053,-1.3803499,-0.047154635,0.70223796,-1.3612038,0.021176577,0.7794456,-1.3558803,-3.7528694,-5.802265,-3.028813,-2.3448734,-0.12789229,1.457197,0.21231131,-0.034879714,0.5658265,-0.07885849,0.034879714,0.24803352,0.13749684,0.019377619,-0.25578457,0.36800626,0.09301257,0.05038181,-0.569702,0.7092209,-0.56898046,0.47002736,8.060556,-2.2017071,-0.51950395,6.5906906,3.6365275,2.3253984,8.107972,-0.56898046,-1.7069415,7.064841,0.17316797,-0.17316797,-0.074214846,-0.049476564,0.9996226,0.004791339,0.013016039,-0.023712745,-0.010652643,-0.010652643,0.0010652643,-0.2789245,-0.05626374,9.617508,0.008964978,0.026252499,-0.04731681,30.624088287353516,3.0421764850616455,-0.036825128,0.025055412,0.23025706,-0.11197449,-0.14842094,-0.37360102,0.35742545,0.00047266856,0.014772409,0.28331512,0.27240527,0.058797214,0.0062629934,0.11530173,0.27898687,-0.09348902,-0.037105236,0.5765998,-1.2106435,-0.009206282,0.67626387,-1.2424357,0.0015657484,0.6988255,-1.2302532,0.0036931022,0.7408288,-1.2318987,0.0,0.0,0.0,0.0,0.0,0.0,0.0,0.0,0.0,0.0,0.0,0.0,0.0,0.0,0.0,0.0,0.0047266856,-1.1197449,-0.9348902,0.58797216,50.0,50.0,50.0,50.0,50.0,50.0,50.0,50.0,50.0,50.0,50.0,50.0,0.0,0.0,0.0,0.0,1.0,1.0,1.0,1.0,1.0,1.0,1.0,1.0,1.0,1.0,1.0,1.0,0.5,0.5,0.5,0.5
1788527466.356225,170,3.4434039989719167,2.063585001451429,2.9455970015987987,1.027905,3.981566,9037690,1,0,0.0,0.0,0.0,-0.039973736,0.6255722,-1.3613302,0.024320293,0.7335259,-1.3800182,-0.049031854,0.70296466,-1.3607299,0.02102518,0.77463144,-1.3526735,-3.7539594,-5.8033247,-3.0414386,-2.3348215,0.04263076,-1.7866164,0.08492453,-0.054257333,-0.6162083,0.018198112,-0.12401676,-0.23253144,0.08492453,-0.05038181,-0.12401676,-0.052572325,0.046506286,-0.2790377,-0.85649073,0.61233276,0.074214846,-0.74214846,7.6812367,-1.7316797,-2.5233047,7.207086,2.7706876,0.049476564,6.638106,-0.7668867,-1.6327267,6.4010305,0.0,-0.37107423,0.0,-0.049476564,0.99964714,0.0054635224,0.012942969,-0.02254505,0.13315804,0.0149137005,0.16937703,-0.21428105,-1.292869,10.390836,0.010343303,0.026126128,-0.04496325,30.641794204711914,2.7003588676452637,-0.0023565646,0.6357509,0.29254237,-0.06553734,-0.1261514,-0.1559054,0.26786348,0.07103503,-0.106228374,0.6860889,0.24806096,0.105546355,-0.0031551328,-0.015794931,0.66991407,-0.025814146,-0.03153785,0.63102365,-1.2330341,-0.00058914116,0.82893777,-1.2268643,-0.0007887832,0.66605127,-1.1325214,-0.026557093,0.8415222,-1.2379847,0.0,0.0,0.0,0.0,0.0,0.0,0.0,0.0,0.0,0.0,0.0,0.0,0.0,0.0,0.0,0.0,0.7103503,-0.6553734,-0.25814146,1.0554636,50.0,50.0,50.0,50.0,50.0,50.0,50.0,50.0,50.0,50.0,50.0,50.0,0.0,0.0,0.0,0.0,1.0,1.0,1.0,1.0,1.0,1.0,1.0,1.0,1.0,1.0,1.0,1.0,0.5,0.5,0.5,0.5
1788527466.3781965,171,5.41290600085631,3.8723140005458845,4.7717979996377835,1.058337,5.8382,9037710,1,0,0.0,0.0,0.0,-0.039731503,0.6266924,-1.3580917,0.021716427,0.74836195,-1.3793231,-0.04948601,0.695153,-1.354111,0.017967165,0.7809595,-1.3497037,-3.7467835,-5.80287,-3.0509152,-2.3229828,0.04263076,0.21315381,0.0,-0.24803352,0.04263076,-0.064704396,-0.29841533,-0.60070616,0.9988742,0.027128667,-0.12014124,-0.012132075,0.4999426,-0.17052305,-0.065883905,0.7673537,0.32159767,0.049476564,6.4958606,-0.89057815,4.3291993,8.107972,2.8449025,-0.9400547,10.620969,-2.3501368,3.2901914,6.069125,0.14842969,-0.22264454,-0.024738282,0.14842969,0.9996701,0.0060341293,0.014364514,-0.020420691,-0.029827401,0.08735167,0.21305287,-0.5805939,1.1145009,9.24521,0.011482681,0.028970042,-0.040682837,30.615234375,3.520721197128296,0.01478765,0.21942121,0.6060153,-0.15645431,-0.058914505,-0.24528745,-0.02829548,0.07909495,-0.062527195,0.5628773,0.114967726,0.08650234,-0.046552204,-0.15712902,0.5507733,-0.014044361,-0.014728626,0.60867816,-1.3070738,0.0036969124,0.7248553,-1.1484962,-0.011638051,0.63071775,-1.1623067,-0.015631799,0.8107194,-1.271258,0.0,0.0,0.0,0.0,0.0,0.0,0.0,0.0,0.0,0.0,0.0,0.0,0.0,0.0,0.0,0.0,0.79094946,-1.5645431,-0.14044361,0.86502343,50.0,50.0,50.0,50.0,50.0,50.0,50.0,50.0,50.0,50.0,50.0,50.0,0.0,0.0,0.0,0.0,1.0,1.0,1.0,1.0,1.0,1.0,1.0,1.0,1.0,1.0,1.0,1.0,0.5,0.5,0.5,0.5
1788527466.3980684,172,5.277190000924747,3.78706300034537,4.680339001424727,1.039233,5.727541,9037730,1,0,0.0,0.0,0.0,-0.0354321,0.62523913,-1.3582497,0.024501959,0.7416706,-1.3765271,-0.050031006,0.6867964,-1.3441746,0.020359099,0.78026307,-1.3510149,-3.7417877,-5.8212786,-3.0471306,-2.3234067,0.3604237,-0.77898026,-0.17793709,0.27128667,-1.1742837,0.640978,0.081386,-0.39530346,0.032352198,0.054257333,0.019377619,-0.07481446,0.2286559,-1.4455703,0.7092209,-0.08913705,0.6926719,-0.074214846,2.7026572,-1.3853438,0.2721211,11.28478,1.8801094,-2.548043,9.198518,-1.9048477,1.5090352,4.0776935,0.32159767,-0.049476564,-0.44528908,0.44528908,0.9996891,0.00462926,0.013892966,-0.020187665,-0.091612734,-0.010652643,-0.09693905,0.0023942017,1.1324574,10.121488,0.008698217,0.027967848,-0.040260766,30.63294219970703,2.939631223678589,-0.012981076,0.2403875,0.34342685,-0.051039696,-0.1584652,0.06929179,0.20247072,-0.003652174,-0.036734715,0.40790737,0.22616588,0.081870735,0.067521736,0.13543525,0.6460699,0.051624294,-0.0396163,0.687323,-1.2493823,-0.003245269,0.7300969,-1.2141433,0.016880434,0.70385885,-1.1384825,-0.009183679,0.7719768,-1.2434585,0.0,0.0,0.0,0.0,0.0,0.0,0.0,0.0,0.0,0.0,0.0,0.0,0.0,0.0,0.0,0.0,-0.03652174,-0.51039696,0.5162429,0.81870735,50.0,50.0,50.0,50.0,50.0,50.0,50.0,50.0,50.0,50.0,50.0,50.0,0.0,0.0,0.0,0.0,1.0,1.0,1.0,1.0,1.0,1.0,1.0,1.0,1.0,1.0,1.0,1.0,0.5,0.5,0.5,0.5
1788527466.418084,173,5.302118999679806,3.8631940005871,4.737301000204752,1.025856,5.771189,9037750,1,0,0.0,0.0,0.0,-0.03688538,0.6308708,-1.3569227,0.02547084,0.7415798,-1.3698449,-0.04994017,0.6875836,-1.3395935,0.017724931,0.778507,-1.3497511,-3.7384875,-5.8439875,-3.032961,-2.3218021,-0.38755238,1.4843256,0.45697483,-0.096888095,0.18214962,-0.22444338,-0.05813286,0.8448642,0.58031756,-0.10463915,-0.64333695,0.15973899,-0.034879714,-0.48831603,0.6200838,0.05038181,0.22264454,1.5585117,5.1208243,-1.4595586,-0.8411016,8.297632,3.686004,0.024738282,9.862329,-1.1874375,0.2721211,5.4527297,0.049476564,0.0,-0.024738282,0.32159767,0.99963653,0.004907412,0.014290245,-0.0223278,0.053263217,0.033023193,-0.28868663,-0.08619126,0.46686932,9.562442,0.00917705,0.028793225,-0.04453228,30.63294219970703,2.905449628829956,-0.08425025,-0.22206117,0.05080082,-0.08064106,-0.22098432,-0.15658098,0.5617022,-0.16632658,0.07789834,-0.03327016,0.17716324,-0.037121817,0.10791995,0.3894595,0.3845418,-0.105363235,-0.05524608,0.6308548,-1.1595744,-0.021062562,0.6144847,-1.2872998,0.026979987,0.76736486,-1.2038645,0.019474585,0.6616825,-1.2557092,0.0,0.0,0.0,0.0,0.0,0.0,0.0,0.0,0.0,0.0,0.0,0.0,0.0,0.0,0.0,0.0,-1.6632658,-0.8064106,-1.0536324,-0.37121817,50.0,50.0,50.0,50.0,50.0,50.0,50.0,50.0,50.0,50.0,50.0,50.0,0.0,0.0,0.0,0.0,1.0,1.0,1.0,1.0,1.0,1.0,1.0,1.0,1.0,1.0,1.0,1.0,0.5,0.5,0.5,0.5
1788527466.437897,174,5.115489000672824,3.734357000212185,4.639889999452862,1.088994,5.737461,9037770,1,0,0.0,0.0,0.0,-0.04021597,0.6265713,-1.351536,0.025531396,0.73688674,-1.3719144,-0.05063656,0.6897333,-1.3359603,0.018602967,0.76624453,-1.3480293,-3.7476313,-5.8474693,-3.0305386,-2.3203487,-0.15114543,-0.54257333,0.86946535,0.26741114,-0.11239019,-0.35385218,0.12401676,0.38367686,-0.11727672,0.2751622,-0.5929552,0.12334275,-1.0347649,-0.046506286,-0.4573118,-0.13951886,-0.74214846,0.74214846,9.198518,-2.7459493,-6.4566917,4.646674,3.9828634,3.7107422,6.8751807,-0.24738282,-4.997133,4.504429,-0.24738282,-0.4205508,-0.22264454,-0.12369141,0.99957925,0.004209893,0.013843624,-0.025143042,-0.13954963,-0.17363809,-0.25140238,-0.12210429,-0.6356605,9.91798,0.00772318,0.027890913,-0.050188944,30.5975284576416,4.170174598693848,-0.043495193,0.14864017,-0.07546498,0.06796325,-0.22644769,-0.20172974,0.69397926,-0.13323501,0.012051137,0.09585543,0.52350116,-0.068470106,0.10185497,0.31120208,0.32367086,-0.045639176,-0.05661192,0.6195676,-1.1265051,-0.010873798,0.70716006,-1.3188663,0.025463743,0.7478005,-1.2190822,0.0030127843,0.6939639,-1.1691246,0.0,0.0,0.0,0.0,0.0,0.0,0.0,0.0,0.0,0.0,0.0,0.0,0.0,0.0,0.0,0.0,-1.33235,0.6796325,-0.45639175,-0.6847011,50.0,50.0,50.0,50.0,50.0,50.0,50.0,50.0,50.0,50.0,50.0,50.0,0.0,0.0,0.0,0.0,1.0,1.0,1.0,1.0,1.0,1.0,1.0,1.0,1.0,1.0,1.0,1.0,0.5,0.5,0.5,0.5
1788527466.4570045,175,4.224645001158933,2.936443999715266,3.8009199997759424,1.133796,4.944028,9037790,1,0,0.0,0.0,0.0,-0.04272902,0.6222416,-1.3391354,0.02486529,0.7396117,-1.3723724,-0.049001575,0.69133806,-1.3360076,0.01848185,0.76158184,-1.3380771,-3.7602875,-5.8347225,-3.0465856,-2.310872,-0.038755238,-0.11239019,0.28510374,0.015502095,0.18214962,-0.19815722,0.12401676,0.18990067,0.06874842,-0.038755238,-0.38755238,1.140415,-0.48056495,0.86036634,-1.3331802,0.58520406,-0.6926719,0.0,11.000289,-1.9295859,-1.8306329,2.9871476,3.8591719,2.8201642,5.974295,-0.7668867,-3.1170235,7.776067,-0.37107423,-0.12369141,0.47002736,-0.59371877,0.99956954,0.0039076298,0.014840472,-0.025008343,-0.09587379,0.060720067,0.18642126,-0.7134721,0.015562311,9.368511,0.007072836,0.029868053,-0.04992216,30.615234375,3.4181759357452393,0.04502976,0.3417195,0.41225204,-0.008198723,-0.078135066,-0.49171543,0.33665356,-0.012654584,-0.11735502,0.4568351,0.4520094,0.030781716,-0.07590719,-0.043154962,0.33484226,-0.027481306,-0.019533766,0.54707116,-1.2158365,0.01125744,0.75542986,-1.196937,-0.018976798,0.6592113,-1.2162894,-0.029338755,0.7842088,-1.1869977,0.0,0.0,0.0,0.0,0.0,0.0,0.0,0.0,0.0,0.0,0.0,0.0,0.0,0.0,0.0,0.0,-0.12654585,-0.08198723,-0.27481306,0.30781716,50.0,50.0,50.0,50.0,50.0,50.0,50.0,50.0,50.0,50.0,50.0,50.0,0.0,0.0,0.0,0.0,1.0,1.0,1.0,1.0,1.0,1.0,1.0,1.0,1.0,1.0,1.0,1.0,0.5,0.5,0.5,0.5
1788527466.4774551,176,4.668947000027401,3.390186999240541,4.255142001056811,0.978335,5.242213,9037809,1,0,0.0,0.0,0.0,-0.039670944,0.6113417,-1.3378717,0.023593634,0.7410953,-1.3687391,-0.050576,0.685767,-1.3341436,0.017694652,0.76191485,-1.328362,-3.7622554,-5.826002,-3.0674772,-2.3086314,0.4921915,-0.18602514,-0.15771697,-0.09301257,0.19377619,0.8674434,-0.077510476,-1.1200264,0.4084465,-0.04263076,0.9882586,-0.054594334,0.21702933,0.081386,-0.80610895,0.30616638,0.47002736,-3.1912384,6.2587852,-0.56898046,0.44528908,8.202802,1.7811563,-0.32159767,5.5001445,-2.3253984,0.074214846,7.491576,-0.17316797,-0.049476564,0.22264454,0.0,0.99962926,0.004352656,0.0155499615,-0.021921234,0.1225054,-0.01704423,0.41332257,-0.7457938,-2.2589293,8.571242,0.00802435,0.03128433,-0.043726172,30.63294219970703,2.8370859622955322,0.095764294,0.51500416,0.6380831,0.06269076,0.0069436277,-0.5049439,0.0042001456,0.014035512,-0.19465981,0.8159927,0.15320624,0.1465097,-0.11794787,-0.44714555,0.6157254,0.034782417,0.0017359069,0.54376405,-1.29895,0.023941074,0.79875106,-1.1404792,-0.029486967,0.55821365,-1.1460686,-0.048664954,0.87399817,-1.2616984,0.0,0.0,0.0,0.0,0.0,0.0,0.0,0.0,0.0,0.0,0.0,0.0,0.0,0.0,0.0,0.0,0.14035511,0.6269076,0.34782416,1.4650971,50.0,50.0,50.0,50.0,50.0,50.0,50.0,50.0,50.0,50.0,50.0,50.0,0.0,0.0,0.0,0.0,1.0,1.0,1.0,1.0,1.0,1.0,1.0,1.0,1.0,1.0,1.0,1.0,0.5,0.5,0.5,0.5
1788527466.497145,177,4.354089000116801,3.1382739998662146,4.049918999953661,1.07661,5.134273,9037830,1,0,0.0,0.0,0.0,-0.041063666,0.6080415,-1.3386141,0.022079756,0.74176145,-1.360667,-0.054784566,0.67344403,-1.3219641,0.013486087,0.76803094,-1.3298627,-3.7500236,-5.826971,-3.0684156,-2.3116288,0.23640695,-0.23640695,-0.31341195,0.20152724,0.077510476,0.35183015,-0.33329505,-0.5193202,1.134349,0.03100419,0.14339438,-0.4084465,0.8332376,-0.44956076,0.40693003,-0.18602514,1.9295859,-3.0675468,2.2759218,-0.074214846,2.9685938,11.18995,1.6327267,-5.516637,7.965727,-3.2654533,5.4176836,3.9828634,-0.32159767,0.5442422,0.0,0.791625,0.99968517,0.0055758376,0.015592333,-0.018851379,-0.2631203,-0.03728425,0.119309604,-0.7038953,-0.7146692,8.686164,0.010565692,0.031390227,-0.037544318,30.579822540283203,4.375265121459961,0.042236865,0.18127023,0.7750722,-0.0005573034,-0.038657464,-0.052247785,-0.113129266,0.11360263,-0.08665926,0.49745253,0.2013518,0.16448797,-0.04625602,-0.13035108,0.8016942,0.0356038,-0.009664366,0.6569381,-1.3282822,0.010559216,0.71531755,-1.1062319,-0.011564005,0.63741225,-1.0995764,-0.021664815,0.79436314,-1.249662,0.0,0.0,0.0,0.0,0.0,0.0,0.0,0.0,0.0,0.0,0.0,0.0,0.0,0.0,0.0,0.0,1.1360263,-0.0055730343,0.35603797,1.6448797,50.0,50.0,50.0,50.0,50.0,50.0,50.0,50.0,50.0,50.0,50.0,50.0,0.0,0.0,0.0,0.0,1.0,1.0,1.0,1.0,1.0,1.0,1.0,1.0,1.0,1.0,1.0,1.0,0.5,0.5,0.5,0.5
1788527466.5170727,178,4.282279000108247,3.198885000529117,3.9889570016384823,1.03856,5.034334,9037850,1,0,0.0,0.0,0.0,-0.035946846,0.61760926,-1.3394988,0.024774456,0.7315881,-1.3559278,-0.05275598,0.6644819,-1.3068464,0.014454961,0.7696357,-1.3310633,-3.7357323,-5.8352976,-3.0458288,-2.313264,0.31391743,0.5658265,-0.11727672,0.21315381,-0.68596774,0.27701572,0.019377619,-0.68984324,0.4084465,-0.18602514,0.34492162,0.113232695,0.59683067,-0.4650629,1.5114542,-0.12014124,0.96479297,1.58325,0.7112256,-1.0884844,-0.024738282,12.802061,2.1522305,-0.6679336,10.763214,-1.6079884,0.86583984,4.2199388,0.17316797,0.17316797,-0.59371877,0.791625,0.99964935,0.0037433903,0.015752343,-0.020955317,-0.033023193,0.11611381,-0.43462783,0.7589619,1.0941502,8.572439,0.006827438,0.031655814,-0.041811123,30.624088287353516,3.213085174560547,-0.09205088,-0.30276486,0.21781006,0.057399847,-0.21320614,0.06028024,0.53141516,-0.1118492,0.105790935,-0.03942571,0.09488283,0.09258205,0.09832596,0.35299638,0.5928773,-0.072470665,-0.053301536,0.6850701,-1.1671462,-0.02301272,0.5943088,-1.2455474,0.02458149,0.7582491,-1.1517806,0.026447734,0.6601436,-1.2762792,0.0,0.0,0.0,0.0,0.0,0.0,0.0,0.0,0.0,0.0,0.0,0.0,0.0,0.0,0.0,0.0,-1.118492,0.57399845,-0.72470665,0.92582047,50.0,50.0,50.0,50.0,50.0,50.0,50.0,50.0,50.0,50.0,50.0,50.0,0.0,0.0,0.0,0.0,1.0,1.0,1.0,1.0,1.0,1.0,1.0,1.0,1.0,1.0,1.0,1.0,0.5,0.5,0.5,0.5
1788527466.5380578,179,5.274533999909181,3.834680999716511,4.728149000584381,1.016384,5.752021,9037869,1,0,0.0,0.0,0.0,-0.036794543,0.61630726,-1.3359444,0.026136946,0.7221113,-1.3548852,-0.052725703,0.6692052,-1.3055195,0.017179966,0.7544364,-1.3310949,-3.7357628,-5.836932,-3.0298119,-2.3130822,-0.7983579,-0.12014124,1.0615566,-0.13951886,0.019377619,-0.4084465,-0.162772,0.3100419,-0.2102893,0.42630762,-0.60070616,0.18400313,-0.887495,0.28291324,0.22090487,0.13564333,-0.12369141,3.7107422,7.965727,-2.4243517,-6.7782893,5.784635,4.2055078,4.5023675,8.202802,0.049476564,-4.477629,2.6078272,-0.074214846,0.12369141,-0.34633595,0.34633595,0.99953955,0.0039171004,0.015998488,-0.02548653,-0.10120011,0.045806367,-0.5060006,0.2801216,-0.6404489,11.444284,0.0070187934,0.03218747,-0.05087254,30.588674545288086,4.341083526611328,-0.09264792,-0.31685856,-0.029178973,0.13952297,-0.2887513,-0.011484273,0.9045941,-0.14406714,0.12082917,-0.27535707,0.42380401,0.026291437,0.17191464,0.5232872,0.36305714,-0.17675418,-0.072187826,0.6671289,-1.0738515,-0.02316198,0.5907854,-1.3072947,0.04297866,0.8008218,-1.2092357,0.030207293,0.60116076,-1.194049,0.0,0.0,0.0,0.0,0.0,0.0,0.0,0.0,0.0,0.0,0.0,0.0,0.0,0.0,0.0,0.0,-1.4406714,1.3952297,-1.7675418,0.26291436,50.0,50.0,50.0,50.0,50.0,50.0,50.0,50.0,50.0,50.0,50.0,50.0,0.0,0.0,0.0,0.0,1.0,1.0,1.0,1.0,1.0,1.0,1.0,1.0,1.0,1.0,1.0,1.0,0.5,0.5,0.5,0.5
1788527466.5581498,180,5.3637849996448494,3.837049000139814,4.719283999293111,1.0168,5.744308,9037890,1,0,0.0,0.0,0.0,-0.044061184,0.614097,-1.3252182,0.025319453,0.7176605,-1.3556278,-0.052725703,0.6728687,-1.307352,0.019995749,0.7458375,-1.3233228,-3.759258,-5.8117113,-3.0477662,-2.2914944,-0.21702933,0.11239019,0.7764528,-0.065883905,-0.33329505,-0.16378301,0.29841533,0.65496355,-0.36194023,0.17439857,-0.577453,0.9928081,-1.3176781,1.9416375,-1.9261353,1.5812138,-1.2616524,2.721211,12.280496,-2.5233047,-6.1845703,2.6078272,4.7992268,6.060879,5.4527297,0.37107423,-7.025672,5.784635,0.024738282,-0.37107423,0.17316797,-0.6679336,0.99947363,0.004207036,0.016212255,-0.027785234,0.03515372,0.055393744,0.030892665,-0.8523358,-0.09696517,9.369708,0.007512794,0.03264703,-0.055462774,30.535554885864258,5.776717662811279,-0.016954467,0.19108364,0.055182923,0.21390608,-0.1424884,-0.5781672,0.8055957,-0.11057242,-0.07965008,0.22825134,0.42129445,0.06218609,-0.049339883,0.027554702,0.39164475,-0.1234228,-0.0356221,0.5254582,-1.098601,-0.0042386167,0.71777093,-1.2862042,-0.012334971,0.6768887,-1.2020887,-0.01991252,0.7270628,-1.1946764,0.0,0.0,0.0,0.0,0.0,0.0,0.0,0.0,0.0,0.0,0.0,0.0,0.0,0.0,0.0,0.0,-1.1057242,2.1390607,-1.234228,0.62186086,50.0,50.0,50.0,50.0,50.0,50.0,50.0,50.0,50.0,50.0,50.0,50.0,0.0,0.0,0.0,0.0,1.0,1.0,1.0,1.0,1.0,1.0,1.0,1.0,1.0,1.0,1.0,1.0,0.5,0.5,0.5,0.5
1788527466.57807,181,5.297959000017727,3.8461369986180216,4.743221001263009,1.041473,5.792566,9037910,1,0,0.0,0.0,0.0,-0.044121742,0.60256124,-1.3155031,0.023835853,0.71832657,-1.3553908,-0.052180707,0.6752001,-1.307968,0.01887548,0.7388737,-1.3119173,-3.7806036,-5.771018,-3.0923653,-2.264063,0.4728139,-3.0732903,0.28308174,0.25190905,0.43405867,0.044484273,-0.2906643,-0.2286559,0.29723585,-1.3099271,0.034879714,0.0080880495,-0.9921341,2.278808,-2.6508584,1.7556124,0.0,-0.791625,11.047705,-1.7811563,-0.44528908,3.8406184,2.3006601,0.37107423,4.978579,-0.59371877,-0.6679336,6.4958606,-0.049476564,-0.14842969,0.74214846,-0.56898046,0.9995565,0.0037868014,0.016586656,-0.024445461,-0.24927185,-0.026631609,0.50919634,-0.9744401,-1.3634979,10.655395,0.006763118,0.03334992,-0.048790094,30.641794204711914,2.597813844680786,0.14788672,0.5693934,0.9803259,0.15479386,0.014833495,-0.4093737,-0.12175819,0.020577136,-0.2876476,0.8860135,0.5543769,0.18736057,-0.18696961,-0.5454407,0.51166034,-0.095598504,0.0037083738,0.5676566,-1.3304394,0.03697168,0.81234837,-1.0549185,-0.046742402,0.53363985,-1.1720848,-0.0719119,0.8915034,-1.1614057,0.0,0.0,0.0,0.0,0.0,0.0,0.0,0.0,0.0,0.0,0.0,0.0,0.0,0.0,0.0,0.0,0.20577136,1.5479386,-0.95598507,1.8736057,50.0,50.0,50.0,50.0,50.0,50.0,50.0,50.0,50.0,50.0,50.0,50.0,0.0,0.0,0.0,0.0,1.0,1.0,1.0,1.0,1.0,1.0,1.0,1.0,1.0,1.0,1.0,1.0,0.5,0.5,0.5,0.5
1788527466.5966177,182,3.8387450003938284,2.7668709990393836,3.5430230000201846,1.033408,4.584176,9037930,1,0,0.0,0.0,0.0,-0.039913177,0.5990491,-1.3126596,0.02522862,0.7167522,-1.3465286,-0.05166599,0.666571,-1.3045559,0.014303565,0.74807805,-1.3087263,-3.779968,-5.7415886,-3.1188884,-2.2461991,0.12014124,0.26741114,-1.3466604,0.5464489,-0.30616638,1.8602515,-0.26353562,-0.8448642,0.35183015,-0.15502095,0.7169719,0.2426415,0.9301258,0.015502095,-0.97275645,0.96500546,2.2017071,-1.7811563,0.33190528,0.074214846,5.541375,13.418456,0.5442422,-6.1350937,6.3062005,-4.230246,6.901981,7.965727,-0.37107423,0.8411016,0.0,0.4205508,0.9996666,0.0038892147,0.016742278,-0.01927183,0.105461165,-0.21518339,0.50387,-1.2473791,-0.80684596,8.559271,0.0071346215,0.033629637,-0.038431764,30.52669906616211,6.152716636657715,0.06131088,0.40246236,0.9960564,0.068350725,0.05691141,-0.38324183,-0.3267967,0.021950413,-0.23382854,0.76158214,0.18277657,0.20659244,-0.18525922,-0.61312175,0.849326,-0.013600972,0.014227852,0.57418954,-1.3816991,0.01532772,0.7706156,-1.0509858,-0.046314806,0.5167196,-1.0876684,-0.058457136,0.86039555,-1.2543058,0.0,0.0,0.0,0.0,0.0,0.0,0.0,0.0,0.0,0.0,0.0,0.0,0.0,0.0,0.0,0.0,0.21950412,0.68350726,-0.13600972,2.0659244,50.0,50.0,50.0,50.0,50.0,50.0,50.0,50.0,50.0,50.0,50.0,50.0,0.0,0.0,0.0,0.0,1.0,1.0,1.0,1.0,1.0,1.0,1.0,1.0,1.0,1.0,1.0,1.0,0.5,0.5,0.5,0.5
1788527466.6169963,183,4.214341000988497,3.1481629994232208,3.9263309990928974,1.077538,5.011038,9037950,1,0,0.0,0.0,0.0,-0.038853407,0.6014713,-1.3348228,0.026712218,0.7074872,-1.3274775,-0.06017396,0.6609394,-1.2899594,0.008157253,0.7541033,-1.3132601,-3.767554,-5.749975,-3.1105924,-2.2452302,0.4185566,-0.25578457,-1.4194527,-0.4224321,0.05813286,0.37407228,-0.51544464,-0.7944824,0.9887641,-0.62783486,0.8332376,-0.43271068,0.12401676,-0.43018317,1.3293047,0.038755238,2.3253984,-1.1132227,-1.0431309,-0.14842969,3.1665,14.414172,1.2616524,-6.679336,9.577838,-2.721211,4.675535,3.319053,0.074214846,0.5442422,-0.74214846,0.89057815,0.99968505,0.006711619,0.014733573,-0.019175135,0.27483818,-0.08735167,-0.31531823,0.6679823,-0.2789245,10.720038,0.012860007,0.029719634,-0.038166534,30.553260803222656,5.093081951141357,-0.03384505,-0.06479846,0.43660966,0.01611235,-0.10276562,0.18429464,0.21716845,-0.025969066,-0.0251217,0.14208291,0.22470546,0.16443646,0.03696841,0.12698351,0.9600808,-0.009926317,-0.025691405,0.7160737,-1.2457079,-0.008461262,0.6538004,-1.1908475,0.0092421025,0.70174587,-1.0599798,-0.006280425,0.70552075,-1.2438235,0.0,0.0,0.0,0.0,0.0,0.0,0.0,0.0,0.0,0.0,0.0,0.0,0.0,0.0,0.0,0.0,-0.25969064,0.1611235,-0.09926318,1.6443646,50.0,50.0,50.0,50.0,50.0,50.0,50.0,50.0,50.0,50.0,50.0,50.0,0.0,0.0,0.0,0.0,1.0,1.0,1.0,1.0,1.0,1.0,1.0,1.0,1.0,1.0,1.0,1.0,0.5,0.5,0.5,0.5
1788527466.63803,184,5.2514929993776605,3.862265000861953,4.790774999491987,1.026624,5.825047,9037970,1,0,0.0,0.0,0.0,-0.03258598,0.6136731,-1.3477921,0.022685308,0.6946193,-1.326261,-0.060325354,0.66151464,-1.2808762,0.0046450496,0.7471092,-1.3150451,-3.7641327,-5.7579384,-3.081859,-2.2431412,0.09301257,-0.077510476,1.4255188,0.16664752,-0.10463915,-0.29521382,-0.39917895,-0.68984324,-0.016176099,-0.15502095,-1.1704081,0.28914776,-0.15502095,0.034879714,0.9882586,-0.0038755238,0.32159767,5.4176836,3.413883,-1.8306329,-2.2017071,7.112256,4.0570784,2.8449025,11.6641,-0.32159767,-1.0390079,3.319053,-0.074214846,0.049476564,-0.47002736,0.7668867,0.9995307,0.0071117333,0.015110991,-0.025682086,0.040480044,0.12996225,-0.79255664,1.5873557,-0.02633622,8.066066,0.013447318,0.030577851,-0.051171374,30.624088287353516,3.3498125076293945,-0.15180252,-0.49751705,-0.18223657,0.09351062,-0.28735954,0.079617344,0.9814434,-0.15813684,0.12269965,-0.4789702,0.26765037,0.037219804,0.23462191,0.6590507,0.4653977,-0.22386199,-0.071839884,0.68990433,-1.0546391,-0.03795063,0.54562074,-1.3455591,0.058655478,0.8347627,-1.1836505,0.030674912,0.55025744,-1.2330873,0.0,0.0,0.0,0.0,0.0,0.0,0.0,0.0,0.0,0.0,0.0,0.0,0.0,0.0,0.0,0.0,-1.5813684,0.9351062,-2.2386198,0.37219805,50.0,50.0,50.0,50.0,50.0,50.0,50.0,50.0,50.0,50.0,50.0,50.0,0.0,0.0,0.0,0.0,1.0,1.0,1.0,1.0,1.0,1.0,1.0,1.0,1.0,1.0,1.0,1.0,0.5,0.5,0.5,0.5
1788527466.6580453,185,5.260644998998032,3.796695000346517,4.685522999352543,1.07645,5.769717,9037990,1,0,0.0,0.0,0.0,-0.030072927,0.6117656,-1.3306366,0.026863607,0.689896,-1.3327379,-0.058478415,0.6604247,-1.282298,0.008217812,0.73714787,-1.3115066,-3.7775757,-5.753003,-3.0818286,-2.2365708,-0.18990067,-0.24803352,2.0624528,-0.162772,-0.5580754,-1.1869212,0.18990067,0.9146236,-0.43675467,0.86036634,-1.4416949,0.15569495,-1.7207327,1.139404,-1.1897858,0.6355859,-1.9790626,4.230246,11.94859,-3.1665,-7.2235785,0.47415042,5.9866643,8.237848,5.64239,0.34633595,-8.361539,3.698373,0.17316797,-0.12369141,-0.47002736,-0.074214846,0.99934125,0.0061426675,0.01576748,-0.032107413,0.3398193,-0.0042610574,-0.46658576,1.2509704,-1.0929531,8.094796,0.011270712,0.03191405,-0.064055204,30.464725494384766,7.998531818389893,-0.13232061,-0.0026874766,-0.460284,0.19664487,-0.23231785,-0.34469774,1.3318069,-0.13608661,0.07955166,-0.32554936,0.36871922,0.033883836,0.16096768,0.39562884,0.42816585,-0.22592993,-0.058079462,0.5838256,-0.9670482,-0.033080153,0.66932815,-1.415071,0.04024192,0.76890725,-1.1929585,0.019887915,0.5886127,-1.2078202,0.0,0.0,0.0,0.0,0.0,0.0,0.0,0.0,0.0,0.0,0.0,0.0,0.0,0.0,0.0,0.0,-1.3608661,1.9664488,-2.2592993,0.33883837,50.0,50.0,50.0,50.0,50.0,50.0,50.0,50.0,50.0,50.0,50.0,50.0,0.0,0.0,0.0,0.0,1.0,1.0,1.0,1.0,1.0,1.0,1.0,1.0,1.0,1.0,1.0,1.0,0.5,0.5,0.5,0.5
1788527466.6779537,186,5.1656029991136165,3.7505500004044734,4.635698000129196,1.047969,5.691571,9038010,1,0,0.0,0.0,0.0,-0.035644054,0.6039238,-1.3166721,0.024108352,0.6951946,-1.3505884,-0.053815693,0.6688721,-1.2863262,0.013940215,0.7221302,-1.3008437,-3.809549,-5.7136726,-3.1267605,-2.207111,-0.26353562,-1.0890222,0.93416977,0.0077510476,0.1782741,-1.5549276,0.53094673,0.6665901,0.032352198,0.31391743,-0.7208474,0.28510374,-1.3641844,2.4299536,-3.10817,2.03465,-0.9400547,0.12369141,17.164244,-2.9685938,-1.311129,-1.6595265,4.2797227,4.5023675,4.694089,0.049476564,-6.234047,4.883749,0.024738282,-0.32159767,0.51950395,-0.89057815,0.99933535,0.005249522,0.017499644,-0.031547073,-0.37284252,0.16298544,0.42184466,-0.47285482,-0.80924016,9.26197,0.009393935,0.03531458,-0.06294926,30.553260803222656,5.263990879058838,0.06885494,0.4527988,0.3581689,0.15071812,-0.03374757,-0.7112744,0.4167192,-0.07423645,-0.17035414,0.5519738,0.5417091,0.0949634,-0.08301345,-0.3159564,0.39257506,-0.11489351,-0.008436892,0.49218142,-1.1958201,0.017213736,0.7831997,-1.2104577,-0.020753363,0.5910109,-1.2018561,-0.042588536,0.8079935,-1.1645727,0.0,0.0,0.0,0.0,0.0,0.0,0.0,0.0,0.0,0.0,0.0,0.0,0.0,0.0,0.0,0.0,-0.7423645,1.5071812,-1.1489351,0.949634,50.0,50.0,50.0,50.0,50.0,50.0,50.0,50.0,50.0,50.0,50.0,50.0,0.0,0.0,0.0,0.0,1.0,1.0,1.0,1.0,1.0,1.0,1.0,1.0,1.0,1.0,1.0,1.0,0.5,0.5,0.5,0.5
1788527466.6981936,187,5.4030179999244865,3.918523998436285,4.806199000086053,1.06077,5.874777,9038030,1,0,0.0,0.0,0.0,-0.03434205,0.588452,-1.3037343,0.029316086,0.7030364,-1.3718354,-0.042401046,0.66557187,-1.2858365,0.01814884,0.72903347,-1.2979212,-3.8252633,-5.679429,-3.1795645,-2.170808,0.80610895,-0.24803352,-0.58638364,0.13176781,1.5308319,1.3082421,0.4921915,-2.3640695,0.24870755,0.49606705,0.6627146,0.1273868,0.26741114,1.4959522,-3.0074065,1.9610151,0.4205508,-4.74975,6.069125,-0.6926719,2.721211,5.784635,0.6926719,-1.4100821,3.8880334,-3.6612659,3.8096955,7.112256,-0.51950395,-0.049476564,0.9400547,-0.51950395,0.99949855,-0.00014759427,0.019606343,-0.0248644,-0.69135654,0.19281285,0.81918824,-1.34195,1.0833763,10.693702,-0.0012710169,0.039195716,-0.049768403,30.615234375,3.3498125076293945,0.2216743,0.296836,1.2201976,0.10092343,0.15207636,-0.63266605,-0.41397247,0.057217903,-0.26371634,0.88082075,0.39898926,0.27214667,-0.2789489,-0.78764164,0.561898,-0.03229387,0.03801909,0.5118335,-1.403493,0.055418573,0.744209,-0.99495053,-0.069737226,0.4730896,-1.1595254,-0.065929085,0.8902052,-1.2002527,0.0,0.0,0.0,0.0,0.0,0.0,0.0,0.0,0.0,0.0,0.0,0.0,0.0,0.0,0.0,0.0,0.572179,1.0092343,-0.3229387,2.7214668,50.0,50.0,50.0,50.0,50.0,50.0,50.0,50.0,50.0,50.0,50.0,50.0,0.0,0.0,0.0,0.0,1.0,1.0,1.0,1.0,1.0,1.0,1.0,1.0,1.0,1.0,1.0,1.0,0.5,0.5,0.5,0.5
1788527466.717952,188,5.17481799943198,3.7662300001102267,4.676370999732171,1.010848,5.695187,9038050,1,0,0.0,0.0,0.0,-0.032646537,0.58460665,-1.3087105,0.03467521,0.6927421,-1.3497355,-0.045065492,0.6578814,-1.2772429,0.021994054,0.72776186,-1.3006699,-3.8142116,-5.674796,-3.2026963,-2.1640863,-0.10851467,-0.2906643,-1.5185313,0.7828558,-0.5038181,2.0685189,-1.0192627,-0.7363495,0.6996163,-0.07363495,0.43018317,-0.3700283,1.2440431,-0.5735775,0.47668946,0.0,3.7107422,-3.4386213,-2.9871476,0.24738282,3.1665,17.069414,-0.22264454,-8.831567,4.978579,-4.477629,7.965727,5.689805,-0.34633595,0.74214846,-0.34633595,1.311129,0.99960345,-0.001419355,0.020775585,-0.018960318,-0.077764295,-0.011717907,0.35260248,1.1348516,-0.9923966,6.136339,-0.0036285382,0.041492775,-0.038006425,30.464725494384766,7.793440818786621,0.09260886,-0.02307593,1.3334211,0.013039224,0.042639103,-0.1185994,-0.43326244,0.111079566,-0.107624575,0.56917644,0.28460893,0.2934387,-0.17349228,-0.4162921,1.0197812,0.16186014,0.010659776,0.64035016,-1.4083155,0.023152215,0.66423106,-0.96664464,-0.04337307,0.56592697,-1.0450547,-0.026906144,0.8122941,-1.2288477,0.0,0.0,0.0,0.0,0.0,0.0,0.0,0.0,0.0,0.0,0.0,0.0,0.0,0.0,0.0,0.0,1.1107956,0.13039224,1.6186013,2.934387,50.0,50.0,50.0,50.0,50.0,50.0,50.0,50.0,50.0,50.0,50.0,50.0,0.0,0.0,0.0,0.0,1.0,1.0,1.0,1.0,1.0,1.0,1.0,1.0,1.0,1.0,1.0,1.0,0.5,0.5,0.5,0.5
1788527466.7379713,189,5.189954999877955,3.780310998990899,4.669810999985202,1.014464,5.692115,9038070,1,0,0.0,0.0,0.0,-0.03467512,0.5952947,-1.3535106,0.03579548,0.6804191,-1.3333697,-0.053452373,0.651402,-1.260198,0.0130319,0.7325154,-1.3061357,-3.7869923,-5.681033,-3.1754165,-2.1617854,-0.0038755238,2.263306,-1.3365502,-0.724723,-1.3448068,0.3073459,-0.13564333,-0.63946146,0.7885848,-0.80223346,0.45343632,-0.06268239,1.2866739,0.027128667,2.4609575,0.30616638,2.3253984,0.12369141,-2.0862617,0.074214846,0.34633595,19.060846,0.791625,-3.6612659,10.952874,-1.2863907,3.5623126,3.8880334,-0.12369141,0.049476564,-0.44528908,1.2863907,0.9995887,0.0021454284,0.019928915,-0.020511646,0.5336974,-0.04261057,-0.54967636,0.17836803,-2.067393,11.15698,0.0034743196,0.039940067,-0.040965028,30.56211280822754,5.024718761444092,-0.14548637,-0.45485473,0.22526366,0.009709135,-0.22215118,0.22867045,0.441108,-0.06158466,0.16945654,-0.32531735,0.22499931,0.05788472,0.13927364,0.3652832,0.9211655,-0.0072390605,-0.055537794,0.7271676,-1.189723,-0.036371592,0.55628633,-1.243684,0.03481841,0.7613208,-1.0697086,0.042364135,0.5886707,-1.2437501,0.0,0.0,0.0,0.0,0.0,0.0,0.0,0.0,0.0,0.0,0.0,0.0,0.0,0.0,0.0,0.0,-0.6158466,0.09709135,-0.0723906,0.57884717,50.0,50.0,50.0,50.0,50.0,50.0,50.0,50.0,50.0,50.0,50.0,50.0,0.0,0.0,0.0,0.0,1.0,1.0,1.0,1.0,1.0,1.0,1.0,1.0,1.0,1.0,1.0,1.0,0.5,0.5,0.5,0.5
1788527466.7578034,190,5.015549999370705,3.7221649999992223,4.59176100048353,1.057473,5.656722,9038090,1,0,0.0,0.0,0.0,-0.033736587,0.61088765,-1.3643315,0.023321135,0.66942835,-1.3310792,-0.059840918,0.65303695,-1.2560749,0.009489417,0.7191328,-1.3058671,-3.77582,-5.6820936,-3.1401129,-2.1597567,-0.7441006,0.37980133,1.6823144,-0.53094673,-0.24415801,-1.1040188,-0.32941952,0.027128667,-0.21433333,0.8913705,-2.9764023,0.08492453,-0.31779295,0.20540276,1.3525578,-0.3914279,-0.37107423,5.7145433,6.1165404,-2.622258,-5.9371877,5.64239,5.318731,5.8382344,10.099403,0.86583984,-4.0570784,3.0819776,-0.14842969,-0.049476564,-0.59371877,0.47002736,0.99938685,0.0056617283,0.01962118,-0.02844354,0.15446332,-0.10865696,-0.9342368,1.1707647,0.7541735,11.020511,0.01020848,0.039550688,-0.056704722,30.553260803222656,5.298172950744629,-0.18791795,-0.52319264,-0.50973713,0.052207313,-0.3280945,0.25692156,1.2089634,-0.044516858,0.16065487,-0.84060097,0.8234176,-0.18879397,0.36027858,0.80190396,0.48160335,-0.20292236,-0.08202363,0.7342304,-0.9977591,-0.046979487,0.53920186,-1.4274342,0.090069644,0.870476,-1.1795992,0.04016372,0.45984977,-1.0941455,0.0,0.0,0.0,0.0,0.0,0.0,0.0,0.0,0.0,0.0,0.0,0.0,0.0,0.0,0.0,0.0,-0.44516858,0.52207315,-2.0292237,-1.8879397,50.0,50.0,50.0,50.0,50.0,50.0,50.0,50.0,50.0,50.0,50.0,50.0,0.0,0.0,0.0,0.0,1.0,1.0,1.0,1.0,1.0,1.0,1.0,1.0,1.0,1.0,1.0,1.0,0.5,0.5,0.5,0.5
1788527466.778095,191,5.308806999892113,3.8948429992160527,4.756981999889831,1.087842,5.852632,9038110,1,0,0.0,0.0,0.0,-0.02486527,0.60913146,-1.3391511,0.022019202,0.66727865,-1.3427216,-0.058448136,0.65488386,-1.2602453,0.010730803,0.6991496,-1.2847624,-3.790353,-5.660021,-3.149953,-2.1491597,0.15889648,0.08526152,3.9671886,-0.13564333,-0.31779295,-1.5933458,-0.023253143,0.895246,-0.7825188,0.2945398,-1.8602515,2.604352,-1.6238445,1.7943674,-2.1896708,0.6820922,-3.240715,6.382477,12.754646,-3.3891447,-6.48143,-2.2285068,7.743082,10.315864,4.978579,1.2616524,-10.736414,7.396746,0.74214846,-0.59371877,0.024738282,-1.1626992,0.9992206,0.00630177,0.019952448,-0.03347146,0.38988674,0.1608549,-0.11185275,2.9640217,-2.4109612,4.582502,0.011267431,0.040306564,-0.06674299,30.323070526123047,12.271251678466797,-0.0930038,0.03513245,-0.5171675,0.091814645,-0.19993183,-0.79344755,1.2726192,-0.10024673,0.00079516694,-0.28200018,0.42496312,-0.073730744,0.020658592,0.13744459,0.34921998,-0.17199552,-0.049982958,0.47163814,-0.98184514,-0.02325095,0.6787831,-1.4292918,0.005164648,0.70436114,-1.212695,0.00019879173,0.59949994,-1.1937592,0.0,0.0,0.0,0.0,0.0,0.0,0.0,0.0,0.0,0.0,0.0,0.0,0.0,0.0,0.0,0.0,-1.0024673,0.91814643,-1.7199552,-0.7373074,50.0,50.0,50.0,50.0,50.0,50.0,50.0,50.0,50.0,50.0,50.0,50.0,0.0,0.0,0.0,0.0,1.0,1.0,1.0,1.0,1.0,1.0,1.0,1.0,1.0,1.0,1.0,1.0,0.5,0.5,0.5,0.5
1788527466.7976336,192,4.849017001106404,3.618161999838776,4.496077999647241,1.039809,5.543855,9038130,1,0,0.0,0.0,0.0,-0.03612852,0.5856967,-1.3128966,0.016175639,0.6686412,-1.3862264,-0.054542363,0.6643305,-1.269692,0.01484859,0.6771378,-1.2578759,-3.831288,-5.6282597,-3.193038,-2.1326585,-0.24415801,-2.212924,0.6227798,-0.48444048,0.7983579,-1.8380094,0.67434114,0.4999426,0.0485283,-0.53094673,-0.7518516,-0.33161002,-1.1742837,2.0152724,-2.449331,1.6819774,-0.47002736,-4.0570784,16.453018,-1.6327267,-0.34633595,-0.7112256,2.4243517,1.4842969,2.6078272,-0.17316797,-3.240715,4.1251087,0.17316797,-0.59371877,0.4205508,-1.2616524,0.9993199,0.006767493,0.021843886,-0.02892836,-0.43782362,0.08735167,0.8777778,0.5530606,-1.1659763,12.369643,0.012274187,0.044063862,-0.057609465,30.588674545288086,3.9650840759277344,0.10999879,0.7875818,0.6387463,-0.0127245635,0.0011471957,-0.7678981,-0.09886067,-0.020573359,-0.30021855,0.8453654,0.6588013,0.0104930885,-0.16138518,-0.78565586,0.43907148,0.00085133687,0.00028679892,0.4780255,-1.3247151,0.027499698,0.86689544,-1.1403134,-0.040346295,0.47358605,-1.190232,-0.07505464,0.88134134,-1.1352997,0.0,0.0,0.0,0.0,0.0,0.0,0.0,0.0,0.0,0.0,0.0,0.0,0.0,0.0,0.0,0.0,-0.2057336,-0.12724563,0.008513369,0.104930885,50.0,50.0,50.0,50.0,50.0,50.0,50.0,50.0,50.0,50.0,50.0,50.0,0.0,0.0,0.0,0.0,1.0,1.0,1.0,1.0,1.0,1.0,1.0,1.0,1.0,1.0,1.0,1.0,0.5,0.5,0.5,0.5
1788527466.8180025,193,5.21677199867554,3.797847999521764,4.681971000536578,1.052546,5.742517,9038150,1,0,0.0,0.0,0.0,-0.037369847,0.5764923,-1.300417,0.016175639,0.67845106,-1.3911867,-0.03676945,0.65733635,-1.2669591,0.0159083,0.68773496,-1.257323,-3.834316,-5.6077614,-3.2327924,-2.1151276,0.61233276,-0.26353562,-1.472025,0.4999426,0.17439857,3.6335564,-0.24803352,-0.9417523,0.45495284,0.31779295,-0.4185566,0.2729717,1.3254292,0.019377619,-1.790492,0.44180974,1.311129,-4.74975,0.33190528,0.049476564,9.79636,8.250217,0.12369141,-8.881043,3.0819776,-4.9476566,10.563247,6.7803507,-0.791625,-0.049476564,0.9400547,-0.14842969,0.99948084,0.003564935,0.025332173,-0.019586036,-0.16192017,0.09693905,0.90014833,-0.50996494,0.272939,5.6419363,0.0061418163,0.050799534,-0.039031368,30.43816375732422,8.647984504699707,0.17430061,0.34648383,1.1494331,-0.19238117,0.11662073,-0.6143007,-0.49771884,0.13416705,-0.30694085,0.8212713,0.3318692,0.1745959,-0.24311176,-0.84569025,0.71997684,0.11703578,0.029155182,0.51642483,-1.4244297,0.043575153,0.756621,-1.0126417,-0.06077794,0.45857745,-1.1200057,-0.07673521,0.8753178,-1.2170327,0.0,0.0,0.0,0.0,0.0,0.0,0.0,0.0,0.0,0.0,0.0,0.0,0.0,0.0,0.0,0.0,1.3416705,-1.9238117,1.1703577,1.745959,50.0,50.0,50.0,50.0,50.0,50.0,50.0,50.0,50.0,50.0,50.0,50.0,0.0,0.0,0.0,0.0,1.0,1.0,1.0,1.0,1.0,1.0,1.0,1.0,1.0,1.0,1.0,1.0,0.5,0.5,0.5,0.5
1788527466.837841,194,5.052350999903865,3.734612999323872,4.616401000021142,1.024256,5.649234,9038170,1,0,0.0,0.0,0.0,-0.037551522,0.5736462,-1.3312052,0.018809784,0.6758775,-1.349767,-0.042794675,0.65043306,-1.2454752,0.011275828,0.6934271,-1.263089,-3.8148777,-5.627775,-3.2326713,-2.127935,-0.0077510476,-0.3604237,-2.3940628,-0.15502095,-0.18602514,3.8458676,-0.9146236,-1.7633634,1.0797547,-0.23640695,0.9921341,-0.96449995,0.9107481,-2.7128668,1.5812138,-0.7944824,3.3891447,-2.3996134,-2.1336768,1.2863907,4.1560316,13.655532,-0.049476564,-8.039942,5.4053144,-4.4034142,8.312063,3.413883,0.22264454,0.51950395,-0.2721211,1.2616524,0.9995329,0.00268808,0.02596332,-0.015897416,-0.13954963,0.10333064,-0.038349517,3.9097314,3.515885,5.317522,0.004554324,0.052011296,-0.031688545,30.455873489379883,8.135258674621582,0.09335541,-0.57938474,1.2008526,-0.25780547,0.014409289,-0.019483335,-0.26536837,0.10180766,-0.036187522,0.13571924,0.3738415,0.22766803,-0.15058231,-0.16820543,0.748171,0.21782532,0.0036023222,0.6651292,-1.3663421,0.023338852,0.5251538,-0.9997868,-0.03764558,0.62794864,-1.1129572,-0.0090468805,0.70392984,-1.2065396,0.0,0.0,0.0,0.0,0.0,0.0,0.0,0.0,0.0,0.0,0.0,0.0,0.0,0.0,0.0,0.0,1.0180767,-2.5780547,2.1782532,2.2766802,50.0,50.0,50.0,50.0,50.0,50.0,50.0,50.0,50.0,50.0,50.0,50.0,0.0,0.0,0.0,0.0,1.0,1.0,1.0,1.0,1.0,1.0,1.0,1.0,1.0,1.0,1.0,1.0,0.5,0.5,0.5,0.5
1788527466.8578048,195,5.019934000301873,3.7213970008451724,4.630642000847729,1.01936,5.658866,9038190,1,0,0.0,0.0,0.0,-0.033464074,0.58057976,-1.3583128,0.025289174,0.66509867,-1.3349495,-0.052362353,0.6391093,-1.2370396,0.00046676397,0.70895946,-1.2780328,-3.7908375,-5.691267,-3.1785655,-2.1333246,0.52319574,2.108285,-0.42260063,-0.40305448,-0.4728139,0.032352198,-0.53094673,0.2092783,-0.10312264,-0.13176781,-0.46118733,-0.1455849,0.82161105,-2.3330653,3.3600793,0.26741114,1.1874375,2.548043,-0.14224511,0.17316797,-7.3472695,17.543566,1.3606055,-0.7668867,6.7803507,-0.2721211,0.14842969,3.603543,0.074214846,0.024738282,-0.64319533,0.96479297,0.99943864,0.0052939965,0.02579937,-0.020710021,0.6508765,-0.3611246,-0.8777778,0.93134445,-1.3323733,11.07438,0.009526365,0.05181223,-0.04119053,30.588674545288086,4.033447742462158,-0.25312218,-0.5606269,-0.31059316,-0.078391075,-0.27636272,0.29020053,0.7837173,-0.061778724,0.17231993,-0.6569333,0.46006235,0.06661248,0.3209964,0.59335935,1.0060321,-0.10664351,-0.06909068,0.74255013,-1.1040707,-0.063280545,0.5298433,-1.3776482,0.0802491,0.8183398,-1.048492,0.043079983,0.5057667,-1.1849843,0.0,0.0,0.0,0.0,0.0,0.0,0.0,0.0,0.0,0.0,0.0,0.0,0.0,0.0,0.0,0.0,-0.61778724,-0.78391075,-1.0664351,0.6661248,50.0,50.0,50.0,50.0,50.0,50.0,50.0,50.0,50.0,50.0,50.0,50.0,0.0,0.0,0.0,0.0,1.0,1.0,1.0,1.0,1.0,1.0,1.0,1.0,1.0,1.0,1.0,1.0,0.5,0.5,0.5,0.5
1788527466.8780286,196,5.248261000815546,3.7702310000895523,4.7093639986997005,0.958207,5.676435,9038210,1,0,0.0,0.0,0.0,-0.031102419,0.58606005,-1.3587236,0.012088172,0.66842926,-1.3361659,-0.056268156,0.6429546,-1.2369132,-0.0074659586,0.70508397,-1.2731831,-3.7871134,-5.7104025,-3.1462593,-2.1356862,-0.20152724,-0.03100419,1.4133867,-0.8409887,0.07363495,-2.254544,-0.019377619,0.7557271,-0.0040440247,-0.011626571,-0.7169719,0.5702075,-0.65496355,0.97663206,0.34879714,-0.8758684,-1.9295859,8.361539,11.37961,-3.240715,-7.396746,0.47415042,7.19884,8.584184,10.289063,2.548043,-9.870575,3.7932034,0.049476564,-0.9895313,-0.59371877,0.7668867,0.99919564,0.009402973,0.026167132,-0.028899549,0.27909926,0.121440135,-0.65300703,1.5741876,1.8207904,12.600683,0.01730341,0.052860264,-0.057372067,30.411605834960938,9.50252914428711,-0.13819885,-0.40844032,-0.4865054,0.026908852,-0.24852164,-0.14783922,1.1734729,-0.10742379,0.081208594,-0.6450819,0.4133223,-0.061225392,0.17648274,0.512756,0.56176704,-0.20451914,-0.06213041,0.6330402,-1.0066317,-0.034549713,0.5678899,-1.4216263,0.044120684,0.79818904,-1.1595582,0.020302149,0.5087296,-1.1966693,0.0,0.0,0.0,0.0,0.0,0.0,0.0,0.0,0.0,0.0,0.0,0.0,0.0,0.0,0.0,0.0,-1.074238,0.2690885,-2.0451913,-0.6122539,50.0,50.0,50.0,50.0,50.0,50.0,50.0,50.0,50.0,50.0,50.0,50.0,0.0,0.0,0.0,0.0,1.0,1.0,1.0,1.0,1.0,1.0,1.0,1.0,1.0,1.0,1.0,1.0,0.5,0.5,0.5,0.5
1788527466.8980584,197,5.270118001135415,3.77483900047082,4.681874999732827,1.0296,5.719764,9038230,1,0,0.0,0.0,0.0,-0.023956895,0.57870257,-1.3407466,0.009454027,0.6746967,-1.3775381,-0.051968753,0.6433179,-1.2414943,0.001526475,0.68837076,-1.2564384,-3.8189957,-5.69372,-3.1736302,-2.11973,-0.35267267,0.10851467,0.6814182,0.36429924,-0.38367686,-1.8723835,0.65883905,0.60070616,-0.5338113,0.5619509,-1.302176,0.491349,-1.7168571,0.7983579,-3.1120455,1.7207327,-1.6079884,2.7459493,17.21166,-2.622258,-5.096086,-0.47415042,4.4034142,7.4956994,4.504429,0.44528908,-8.114157,2.8449025,0.34633595,-0.24738282,0.56898046,-1.1626992,0.99913794,0.0075943824,0.027544163,-0.03011891,-0.3312972,0.24714132,0.24820659,-1.2892777,0.8391677,11.142614,0.013537747,0.055526834,-0.059895594,30.491287231445312,6.767988204956055,-0.052887596,0.35699448,-0.015666002,0.13690674,-0.14045812,-0.68796146,0.6925967,-0.25623935,-0.14370488,0.22637093,0.44073945,0.039105725,-0.09957315,-0.2083375,0.52341056,-0.080244794,-0.03511453,0.49800965,-1.1268508,-0.013221899,0.7592486,-1.3039165,-0.024893288,0.61791563,-1.1691473,-0.03592622,0.7265928,-1.189815,0.0,0.0,0.0,0.0,0.0,0.0,0.0,0.0,0.0,0.0,0.0,0.0,0.0,0.0,0.0,0.0,-2.5623937,1.3690674,-0.8024479,0.39105725,50.0,50.0,50.0,50.0,50.0,50.0,50.0,50.0,50.0,50.0,50.0,50.0,0.0,0.0,0.0,0.0,1.0,1.0,1.0,1.0,1.0,1.0,1.0,1.0,1.0,1.0,1.0,1.0,0.5,0.5,0.5,0.5
1788527466.9178698,198,5.08988900037366,3.762966000067536,4.648881998946308,1.034432,5.691507,9038250,1,0,0.0,0.0,0.0,-0.027317762,0.5628371,-1.3299258,0.011573454,0.6798741,-1.3981057,-0.042370796,0.6416223,-1.2421105,0.0050991774,0.6900058,-1.2525523,-3.8437927,-5.6695585,-3.2264037,-2.0841236,0.38755238,-2.546219,0.026286162,0.31779295,1.3564334,0.810827,0.28291324,-1.1704081,0.3073459,-0.38755238,1.8292472,-0.16580501,-1.1975368,2.1935465,-2.7709997,1.8641269,-0.8411016,-0.791625,10.620969,-1.7811563,3.0428088,3.461298,0.59371877,0.049476564,3.2242227,-1.7811563,-0.024738282,3.698373,-0.56898046,-0.37107423,0.86583984,-0.6926719,0.99927133,0.0024944325,0.02991762,-0.02356728,-0.8681904,0.22583604,0.9193231,-1.4053963,1.6089035,6.5325794,0.003581517,0.059945107,-0.0470528,30.641794204711914,2.392723321914673,0.23315197,0.29849297,1.3841894,0.056254603,0.18675782,-0.66062605,-0.52782685,-0.099953055,-0.3405275,0.9335449,0.46855816,0.2696387,-0.34219253,-0.9215213,0.50763774,0.015054165,0.046689454,0.5048435,-1.4319566,0.058287993,0.74462324,-0.9539526,-0.08554813,0.4396197,-1.1730905,-0.085131876,0.90338624,-1.1828604,0.0,0.0,0.0,0.0,0.0,0.0,0.0,0.0,0.0,0.0,0.0,0.0,0.0,0.0,0.0,0.0,-0.99953055,0.562546,0.15054165,2.6963868,50.0,50.0,50.0,50.0,50.0,50.0,50.0,50.0,50.0,50.0,50.0,50.0,0.0,0.0,0.0,0.0,1.0,1.0,1.0,1.0,1.0,1.0,1.0,1.0,1.0,1.0,1.0,1.0,0.5,0.5,0.5,0.5
1788527466.9378161,199,5.036061998907826,3.7302290002116933,4.597776000082376,1.019009,5.625457,9038270,1,0,0.0,0.0,0.0,-0.02522862,0.562716,-1.3320583,0.021958647,0.6787236,-1.3727674,-0.043824106,0.63853407,-1.2392986,0.006703913,0.69866514,-1.2569913,-3.8531182,-5.654541,-3.2569237,-2.0722547,0.51544464,0.28678876,-2.5780659,1.5192053,-0.6162083,2.9339402,-1.5114542,0.26353562,0.13749684,-0.29841533,0.77898026,-0.36598426,0.5619509,-1.0347649,-0.28678876,0.2286559,3.2654533,-3.1665,-2.418167,0.17316797,4.106555,18.397036,-0.56898046,-10.736414,2.8923175,-4.527106,10.019004,4.836334,-0.8411016,0.9895313,0.24738282,1.2121758,0.9993933,0.0013652008,0.03088631,-0.016037038,-0.2865561,0.028762136,0.47510788,-1.1300632,2.9700072,9.48463,0.0017414227,0.061818294,-0.032036945,30.402751922607422,9.810164451599121,0.1547069,-0.19790246,1.600865,-0.041683212,0.06727592,-0.37790644,-0.5845372,-0.089605756,-0.16566494,0.61259186,0.3483778,0.3705889,-0.3081719,-0.6997191,0.76900667,0.16054143,0.01681898,0.5755234,-1.4461342,0.038676724,0.6205244,-0.89978373,-0.077042975,0.49507025,-1.1077483,-0.041416235,0.823148,-1.2129055,0.0,0.0,0.0,0.0,0.0,0.0,0.0,0.0,0.0,0.0,0.0,0.0,0.0,0.0,0.0,0.0,-0.89605755,-0.41683212,1.6054143,3.705889,50.0,50.0,50.0,50.0,50.0,50.0,50.0,50.0,50.0,50.0,50.0,50.0,0.0,0.0,0.0,0.0,1.0,1.0,1.0,1.0,1.0,1.0,1.0,1.0,1.0,1.0,1.0,1.0,0.5,0.5,0.5,0.5
1788527466.9579394,200,5.160865999641828,3.7525980005739257,4.622800999641186,1.070434,5.701428,9038290,1,0,0.0,0.0,0.0,-0.02707553,0.57155704,-1.383746,0.025864448,0.6571357,-1.3354234,-0.055874556,0.6386552,-1.2365341,-0.0017132163,0.71313775,-1.2687442,-3.8478801,-5.677764,-3.2280993,-2.0663204,-0.23253144,0.651088,-1.2051194,-0.2906643,-1.5695871,0.6308679,-0.8758684,-0.2945398,0.115254715,-1.0463915,1.147155,-0.485283,-0.24028248,-0.48444048,2.743871,0.64333695,2.44909,-0.4205508,-2.7974875,0.9400547,-0.17316797,22.190239,-0.17316797,-7.0751486,6.8751807,-0.8411016,4.6260586,3.2242227,-0.2721211,0.049476564,-0.59371877,1.4842969,0.9994443,0.005556469,0.02838629,-0.016563788,0.97471684,-0.18748651,-0.49641317,-0.18315643,-4.462792,10.873267,0.010183083,0.056955893,-0.032852884,30.517845153808594,6.118535041809082,-0.14388125,-0.3243677,0.48817423,-0.015580427,-0.16585891,0.1513215,0.32868302,-0.1929338,0.105298914,-0.20547597,0.16331708,0.21135168,0.051863156,0.23102786,1.2134902,-0.010504309,-0.041464727,0.70783037,-1.2178292,-0.03597031,0.5889081,-1.1779563,0.012965789,0.727757,-0.9966274,0.026324729,0.618631,-1.2591707,0.0,0.0,0.0,0.0,0.0,0.0,0.0,0.0,0.0,0.0,0.0,0.0,0.0,0.0,0.0,0.0,-1.929338,-0.15580428,-0.10504309,2.1135168,50.0,50.0,50.0,50.0,50.0,50.0,50.0,50.0,50.0,50.0,50.0,50.0,0.0,0.0,0.0,0.0,1.0,1.0,1.0,1.0,1.0,1.0,1.0,1.0,1.0,1.0,1.0,1.0,0.5,0.5,0.5,0.5
1788527466.976576,201,3.796439999860013,2.1245790012471844,3.1555879995721625,1.008031,4.173187,9038310,1,0,0.0,0.0,0.0,-0.02522862,0.591843,-1.3963994,0.011119291,0.6531088,-1.3262769,-0.06232366,0.64598227,-1.2337538,-0.012340665,0.71471226,-1.2747313,-3.8534815,-5.681821,-3.1790195,-2.0573583,-0.6045817,0.86036634,1.7712829,-2.1276627,-0.11239019,-0.5014591,0.077510476,2.4105756,0.26690564,0.53094673,-2.596601,-0.44686472,-0.7828558,0.054257333,2.1354136,0.25190905,-0.32159767,5.541375,6.4010305,-0.34633595,-3.2654533,8.013142,4.106555,2.1274922,12.280496,1.6822032,-2.6717343,1.1379609,-0.51950395,-0.12369141,-1.0637461,0.9400547,0.99927133,0.01213464,0.02616849,-0.024995098,0.43462783,-0.08415588,-1.1046791,1.1528081,1.151611,10.741586,0.022977628,0.052930165,-0.049407944,30.570966720581055,4.546174049377441,-0.27021864,-0.75395304,-0.56664926,-0.0038001016,-0.32196477,0.21476087,1.3811557,-0.20396343,0.1726257,-1.0270889,0.66153854,-0.09329882,0.363616,0.8655113,0.34073344,-0.30101314,-0.08049119,0.7236902,-0.954711,-0.06755466,0.48151177,-1.4416623,0.090904,0.8863778,-1.2148166,0.043156426,0.4132278,-1.1346153,0.0,0.0,0.0,0.0,0.0,0.0,0.0,0.0,0.0,0.0,0.0,0.0,0.0,0.0,0.0,0.0,-2.0396342,-0.038001016,-3.0101314,-0.9329882,50.0,50.0,50.0,50.0,50.0,50.0,50.0,50.0,50.0,50.0,50.0,50.0,0.0,0.0,0.0,0.0,1.0,1.0,1.0,1.0,1.0,1.0,1.0,1.0,1.0,1.0,1.0,1.0,0.5,0.5,0.5,0.5
1788527466.9967587,202,3.9854049991845386,2.8742980011884356,3.6521470010484336,0.988095,4.64661,9038330,1,0,0.0,0.0,0.0,-0.008666754,0.5872711,-1.3536054,0.00536656,0.64805245,-1.3404467,-0.05896288,0.65119004,-1.2445273,-0.010160685,0.70123875,-1.2625518,-3.8828814,-5.6688013,-3.182653,-2.0496678,0.09301257,-0.7208474,3.894396,-0.577453,0.038755238,-2.7256727,0.29841533,0.49606705,-2.1777074,0.2906643,-0.77510476,2.604352,-2.9027672,1.3370557,-1.9881438,1.1665326,-3.7849572,7.817297,16.215944,-3.1417618,-8.78209,-2.323337,7.5204377,11.849637,3.603543,2.4985664,-14.447157,3.603543,0.51950395,-0.74214846,-0.4205508,-1.0637461,0.9990964,0.012465564,0.02451069,-0.032407977,0.18535599,0.0,-0.25033712,-0.8415619,6.4607534,12.079945,0.023350988,0.049805637,-0.06427018,30.225683212280273,15.176700592041016,-0.13663663,-0.06643134,-0.5913086,0.1406185,-0.19889705,-0.63427085,1.3501624,-0.21572599,-0.0067803487,-0.5032507,0.38936442,0.018500384,0.029649032,0.29032806,0.26153132,-0.2651877,-0.049724262,0.5114323,-0.9624593,-0.034159157,0.6533922,-1.4478271,0.007412258,0.742582,-1.2346171,-0.0016950872,0.5441873,-1.2026589,0.0,0.0,0.0,0.0,0.0,0.0,0.0,0.0,0.0,0.0,0.0,0.0,0.0,0.0,0.0,0.0,-2.15726,1.406185,-2.6518772,0.18500385,50.0,50.0,50.0,50.0,50.0,50.0,50.0,50.0,50.0,50.0,50.0,50.0,0.0,0.0,0.0,0.0,1.0,1.0,1.0,1.0,1.0,1.0,1.0,1.0,1.0,1.0,1.0,1.0,0.5,0.5,0.5,0.5
1788527467.0170135,203,4.229125001074863,3.153379999275785,3.9140750013757497,1.051201,4.972189,9038350,1,0,0.0,0.0,0.0,-0.016569138,0.5645932,-1.3237808,0.0043371245,0.65235186,-1.3806186,-0.048153788,0.6773801,-1.2696129,-0.002016008,0.68055916,-1.236313,-3.925936,-5.632801,-3.231854,-2.0152724,-0.26353562,-1.2750474,0.97663206,0.25578457,0.43405867,-0.5823396,1.4610726,1.6936039,-0.79869497,-0.0077510476,-0.9495033,-0.35385218,-1.7439858,2.0540276,-3.0306594,2.8872652,-1.5090352,-1.5090352,17.448734,-2.3006601,-0.4205508,-3.2716377,1.2863907,1.6079884,2.0388467,0.024738282,-6.0856175,2.4655821,-0.12369141,-0.34633595,0.14842969,-1.3606055,0.999255,0.010288336,0.023609348,-0.028744472,-0.6721818,-0.13954963,0.7787082,0.5327099,-1.6472107,12.265495,0.019227207,0.047793176,-0.05705638,30.570966720581055,4.511992454528809,0.037641726,0.84825635,0.42334765,-0.058534447,0.022351395,-0.8629359,0.02829461,-0.18534717,-0.280462,0.6992613,0.72254694,0.15318394,-0.16277611,-0.6154444,0.39095607,-0.0026023611,0.005587849,0.45426604,-1.2929263,0.009410432,0.8820641,-1.1941631,-0.04069403,0.5161389,-1.202261,-0.0701155,0.8448154,-1.1193632,0.0,0.0,0.0,0.0,0.0,0.0,0.0,0.0,0.0,0.0,0.0,0.0,0.0,0.0,0.0,0.0,-1.8534718,-0.5853445,-0.026023611,1.5318394,50.0,50.0,50.0,50.0,50.0,50.0,50.0,50.0,50.0,50.0,50.0,50.0,0.0,0.0,0.0,0.0,1.0,1.0,1.0,1.0,1.0,1.0,1.0,1.0,1.0,1.0,1.0,1.0,0.5,0.5,0.5,0.5
1788527467.0379953,204,5.217187999733142,3.748342000108096,4.651217999708024,1.093186,5.752181,9038370,1,0,0.0,0.0,0.0,-0.019142747,0.5519675,-1.3088684,0.0012790933,0.6674603,-1.3833356,-0.027383417,0.67956007,-1.2684914,-0.0011076927,0.6935482,-1.234607,-3.9431942,-5.6150284,-3.2734852,-1.9726416,1.0890222,-0.5503244,-0.88968545,0.40693003,0.29841533,2.7216287,0.20152724,0.52707124,0.52774525,0.41468105,-0.5619509,-0.23859747,0.5386978,-0.26353562,-2.205173,2.0656543,0.2721211,-4.527106,1.4698663,0.049476564,10.761152,5.879465,-0.8411016,-9.153164,2.4655821,-3.8839102,8.658399,6.9700108,-1.2616524,-0.12369141,1.0637461,-0.2721211,0.99947304,0.0072968896,0.025052242,-0.019306459,-0.61359227,-0.11078749,0.78616506,-2.8874073,2.2002714,6.3338604,0.0136364745,0.050381146,-0.03828488,30.47357940673828,7.34907865524292,0.13376102,0.3432057,1.074818,-0.26484114,0.16917402,-0.64167976,-0.51180106,-0.060026437,-0.24543768,0.7302618,0.58112156,0.37343103,-0.2292571,-0.7610359,0.38844562,0.10526481,0.042293504,0.5095801,-1.4279503,0.033440255,0.75580144,-1.0312954,-0.057314277,0.47974104,-1.2028885,-0.06135942,0.85256547,-1.1547196,0.0,0.0,0.0,0.0,0.0,0.0,0.0,0.0,0.0,0.0,0.0,0.0,0.0,0.0,0.0,0.0,-0.6002644,-2.6484113,1.0526481,3.7343102,50.0,50.0,50.0,50.0,50.0,50.0,50.0,50.0,50.0,50.0,50.0,50.0,0.0,0.0,0.0,0.0,1.0,1.0,1.0,1.0,1.0,1.0,1.0,1.0,1.0,1.0,1.0,1.0,0.5,0.5,0.5,0.5
1788527467.0579515,205,5.1767710010608425,3.7482460011233343,4.63445000059437,1.070114,5.713268,9038390,1,0,0.0,0.0,0.0,-0.018022537,0.5515436,-1.3265136,-0.0020514335,0.6686412,-1.3557856,-0.028927565,0.67774343,-1.2574493,-0.0010168552,0.69403267,-1.2381929,-3.9388945,-5.632741,-3.2853847,-1.9632254,0.2092783,-0.12014124,-2.104915,-0.08526152,-0.4728139,4.21994,-0.9107481,-1.22079,0.3700283,0.15114543,0.53094673,-0.43473268,0.2092783,-1.3215537,1.1510305,0.27128667,2.9191172,-1.9295859,-2.8449025,1.8306329,4.74975,12.04342,-0.5442422,-9.004735,2.2759218,-3.1912384,7.619391,4.694089,-0.37107423,-0.5442422,-0.024738282,1.7316797,0.99955225,0.006843395,0.024573136,-0.01564249,-0.22477077,0.015978964,0.010652643,2.765303,3.930082,7.7093296,0.012927996,0.0493584,-0.030977322,30.464725494384766,7.7250776290893555,0.06721969,-0.46394104,1.0813069,-0.41574493,0.060048223,-0.057640575,-0.3038175,-0.028556079,-0.014589388,0.09028143,0.57260114,0.35226542,-0.1658127,-0.07116138,0.53191423,0.2193623,0.015012056,0.6555899,-1.3759544,0.016804922,0.55401474,-1.0296732,-0.041453175,0.6522097,-1.1670214,-0.003647347,0.6925704,-1.1568496,0.0,0.0,0.0,0.0,0.0,0.0,0.0,0.0,0.0,0.0,0.0,0.0,0.0,0.0,0.0,0.0,-0.2855608,-4.1574492,2.193623,3.522654,50.0,50.0,50.0,50.0,50.0,50.0,50.0,50.0,50.0,50.0,50.0,50.0,0.0,0.0,0.0,0.0,1.0,1.0,1.0,1.0,1.0,1.0,1.0,1.0,1.0,1.0,1.0,1.0,0.5,0.5,0.5,0.5
1788527467.078003,206,5.227972998909536,3.814936000708258,4.697587999544339,1.073634,5.779542,9038410,1,0,0.0,0.0,0.0,-0.012845039,0.5624435,-1.361883,0.0074557103,0.65386575,-1.313513,-0.03495279,0.6701438,-1.2505934,-0.00056266785,0.6955162,-1.245965,-3.9333537,-5.707103,-3.239605,-1.9596828,-0.0038755238,2.4532065,-0.84520125,0.2092783,-0.75960267,-0.6996163,-0.48831603,0.15502095,0.20826729,-0.08913705,-0.732474,-0.10918867,-0.22478038,-3.751507,3.2748175,0.023253143,1.3606055,2.6469963,-0.04741504,0.17316797,-4.823965,15.741794,0.17316797,-0.9400547,4.409599,-0.14842969,0.56898046,4.504429,0.024738282,-0.024738282,-0.47002736,1.6079884,0.99948466,0.0074620284,0.02474569,-0.019036807,0.9374326,-0.18855178,-0.6924218,1.4748282,-6.3003416,7.8888946,0.013991991,0.049770527,-0.037740365,30.615234375,3.0763583183288574,-0.29825154,-0.35369095,-0.2936724,-0.31119546,-0.17545016,0.08754506,0.9138922,-0.22298828,0.166138,-0.5288786,0.35544744,0.18428193,0.26464343,0.51939297,0.96749693,-0.035424203,-0.04386254,0.6918863,-1.0715269,-0.074562885,0.5815773,-1.3734181,0.06616086,0.79984826,-1.0581257,0.0415345,0.53778034,-1.2111381,0.0,0.0,0.0,0.0,0.0,0.0,0.0,0.0,0.0,0.0,0.0,0.0,0.0,0.0,0.0,0.0,-2.2298827,-3.1119547,-0.35424203,1.8428193,50.0,50.0,50.0,50.0,50.0,50.0,50.0,50.0,50.0,50.0,50.0,50.0,0.0,0.0,0.0,0.0,1.0,1.0,1.0,1.0,1.0,1.0,1.0,1.0,1.0,1.0,1.0,1.0,0.5,0.5,0.5,0.5
1788527467.0981128,207,5.330984000465833,3.8168559985933825,4.748276998725487,0.898204,5.655505,9038430,1,0,0.0,0.0,0.0,-0.014177322,0.5742215,-1.3603191,-0.013072455,0.6645537,-1.32059,-0.04512605,0.67486703,-1.2508461,-0.0072540045,0.68058944,-1.2466127,-3.9403179,-5.7457066,-3.20091,-1.9509932,-0.93400127,0.6045817,2.408217,-1.4184418,0.30616638,-2.5052733,0.18602514,1.065769,-0.0020220124,-0.04263076,-1.8525003,-0.22646539,-1.1704081,-1.2246655,1.228541,0.9960096,-0.56898046,5.6650667,13.086551,-1.9048477,-4.6260586,0.0,5.6403284,5.7392817,10.573554,2.5975196,-5.887711,2.0388467,-0.37107423,-1.0390079,-0.6926719,0.37107423,0.9992603,0.014629096,0.024244523,-0.026023645,-0.03515372,0.0894822,-0.63809335,0.9995792,1.7154455,11.058818,0.028012285,0.049234472,-0.05138428,30.491287231445312,6.938897132873535,-0.22048081,-0.54850864,-0.39996085,-0.16728291,-0.21347961,-0.08724513,1.1864583,-0.21920842,0.09827819,-0.7958045,0.579949,0.0069900155,0.25818667,0.6381297,0.32822528,-0.11905481,-0.053369902,0.6481887,-1.0033853,-0.055120204,0.53287286,-1.3999902,0.06454667,0.82953244,-1.2179437,0.024569547,0.4710489,-1.1550127,0.0,0.0,0.0,0.0,0.0,0.0,0.0,0.0,0.0,0.0,0.0,0.0,0.0,0.0,0.0,0.0,-2.1920843,-1.6728292,-1.1905481,0.069900155,50.0,50.0,50.0,50.0,50.0,50.0,50.0,50.0,50.0,50.0,50.0,50.0,0.0,0.0,0.0,0.0,1.0,1.0,1.0,1.0,1.0,1.0,1.0,1.0,1.0,1.0,1.0,1.0,0.5,0.5,0.5,0.5
1788527467.1181788,208,5.39664999996603,3.820792000624351,4.759093999382458,1.047297,5.814775,9038450,1,0,0.0,0.0,0.0,-0.0057600737,0.5684991,-1.3302891,-0.011831077,0.676695,-1.3636842,-0.03598222,0.67728925,-1.2580653,0.0016173124,0.66693425,-1.2422527,-3.9818885,-5.756606,-3.21726,-1.9154776,-0.096888095,-0.26353562,0.58031756,0.7479761,0.29841533,-1.9168677,1.1355284,0.9533789,-1.4376508,0.7518516,-0.8797439,0.7885848,-2.499713,-0.5076936,-2.0656543,2.4105756,-2.3996134,4.4034142,17.164244,-3.0180705,-7.8420353,0.09483008,4.106555,7.025672,3.413883,0.4205508,-9.375809,3.8406184,0.22264454,-0.5442422,0.44528908,-1.1874375,0.99925345,0.010467641,0.024601577,-0.02788913,-0.62211436,0.20240022,0.18109493,0.58298814,3.4356794,7.9032598,0.019572904,0.049770832,-0.055318255,30.464725494384766,7.7250776290893555,-0.13729352,0.22088271,-0.03339398,-0.04844032,-0.11256561,-0.55440533,0.7756869,-0.3597724,-0.10254593,0.02071017,0.56120956,0.108584836,-0.05190835,0.05338437,0.4271012,-0.021300416,-0.028141402,0.53139865,-1.1060783,-0.03432338,0.7252207,-1.3083484,-0.012977088,0.6833461,-1.1932247,-0.025636483,0.6751776,-1.1596975,0.0,0.0,0.0,0.0,0.0,0.0,0.0,0.0,0.0,0.0,0.0,0.0,0.0,0.0,0.0,0.0,-3.5977242,-0.4844032,-0.21300417,1.0858483,50.0,50.0,50.0,50.0,50.0,50.0,50.0,50.0,50.0,50.0,50.0,50.0,0.0,0.0,0.0,0.0,1.0,1.0,1.0,1.0,1.0,1.0,1.0,1.0,1.0,1.0,1.0,1.0,0.5,0.5,0.5,0.5
1788527467.1381764,209,5.39629699960642,3.9064269985829014,4.874840999036678,1.048321,5.932506,9038470,1,0,0.0,0.0,0.0,-0.00990808,0.5617775,-1.3258501,-0.010105258,0.6808127,-1.386495,-0.024295092,0.6854642,-1.2716665,0.00646168,0.6635432,-1.2332485,-4.021401,-5.7490063,-3.246932,-1.8681539,0.07363495,-1.6005913,0.02426415,0.15502095,1.4998277,0.6045817,0.31779295,-0.35267267,0.2567956,-0.2596601,1.1510305,-0.161761,-2.2361772,1.2711718,-1.4223173,2.4532065,-1.0884844,0.049476564,11.28478,-1.4595586,0.791625,2.8449025,0.24738282,0.2721211,3.319053,-1.4842969,-0.64319533,4.314769,-0.6679336,-0.89057815,0.56898046,-0.6926719,0.9994219,0.006345427,0.025664665,-0.021379508,-0.43569311,-0.003195793,0.8980178,-1.0402806,-1.2916719,9.8198185,0.011601819,0.05159387,-0.042477872,30.641794204711914,2.290177822113037,0.086542584,0.48450682,0.95481676,-0.15526238,0.17426807,-0.6944242,-0.35617566,-0.24601439,-0.2808815,0.8163481,0.47742045,0.21674792,-0.22993496,-0.7060375,0.6247977,0.12536119,0.043567017,0.49639398,-1.3890438,0.021635646,0.7911267,-1.0612957,-0.05748374,0.49349064,-1.1438005,-0.07022037,0.87408704,-1.1806449,0.0,0.0,0.0,0.0,0.0,0.0,0.0,0.0,0.0,0.0,0.0,0.0,0.0,0.0,0.0,0.0,-2.4601438,-1.5526237,1.2536119,2.1674793,50.0,50.0,50.0,50.0,50.0,50.0,50.0,50.0,50.0,50.0,50.0,50.0,0.0,0.0,0.0,0.0,1.0,1.0,1.0,1.0,1.0,1.0,1.0,1.0,1.0,1.0,1.0,1.0,0.5,0.5,0.5,0.5
1788527467.157912,210,5.135809000421432,3.778166999836685,4.657169998608879,1.033217,5.698067,9038490,1,0,0.0,0.0,0.0,-0.012481689,0.56050575,-1.3234174,-0.004503915,0.68686825,-1.3546166,-0.021721512,0.679984,-1.2675751,0.008066416,0.66911423,-1.237166,-4.0473185,-5.7478256,-3.2700338,-1.8456274,-0.27128667,0.019377619,-2.0402105,1.2944249,0.16664752,2.1312013,-1.0231383,-1.7168571,0.25072956,-0.11239019,2.0036457,-0.2628616,-0.43405867,-1.0425159,-0.577453,0.7285985,3.1665,-3.339668,-0.7112256,0.049476564,5.368207,13.655532,-0.6926719,-8.21311,5.879465,-3.958125,8.955258,3.603543,-1.0390079,-0.24738282,0.791625,0.59371877,0.999552,0.0071360827,0.026173638,-0.01264144,0.15765911,-0.23542342,0.8213188,-1.8136078,-0.89902276,8.258799,0.013623238,0.0525284,-0.024934972,30.447019577026367,8.032713890075684,0.15089561,0.32246998,1.3104848,-0.18125686,0.21381883,-0.466002,-0.5414939,-0.109925576,-0.24488023,0.7234031,0.2021289,0.2802802,-0.27218834,-0.744539,1.0452253,0.17509373,0.05345471,0.5534995,-1.4353734,0.037723903,0.7506175,-0.97237873,-0.068047084,0.48386526,-1.0386937,-0.061220057,0.8508508,-1.2494677,0.0,0.0,0.0,0.0,0.0,0.0,0.0,0.0,0.0,0.0,0.0,0.0,0.0,0.0,0.0,0.0,-1.0992558,-1.8125687,1.7509372,2.802802,50.0,50.0,50.0,50.0,50.0,50.0,50.0,50.0,50.0,50.0,50.0,50.0,0.0,0.0,0.0,0.0,1.0,1.0,1.0,1.0,1.0,1.0,1.0,1.0,1.0,1.0,1.0,1.0,0.5,0.5,0.5,0.5
1788527467.1758604,211,3.0831690000923118,2.0958420009264955,2.660692000063136,1.02256,3.690292,9038510,1,0,0.0,0.0,0.0,-0.009242058,0.5724654,-1.3669696,0.0038829613,0.6793897,-1.3260083,-0.032954484,0.6743826,-1.2601506,0.0033128262,0.68379885,-1.2562646,-4.0462894,-5.792758,-3.2452064,-1.84154,0.096888095,0.46893838,-2.7357829,0.3100419,0.48831603,0.25275156,-0.7479761,-0.81773555,0.9220377,-0.60070616,1.3448068,-1.4376508,-0.21702933,-2.0617785,2.767124,0.4573118,3.1665,-1.3853438,-0.90088576,1.4100821,3.1170235,18.728941,-1.0884844,-8.955258,10.573554,-2.6469963,7.19884,1.8017715,-0.5442422,0.17316797,-0.56898046,1.0884844,0.999613,0.008502045,0.024268111,-0.010613171,0.13635384,-0.11185275,-0.25459817,-1.0163386,-1.0163386,11.474212,0.016502714,0.04871717,-0.020831691,30.47357940673828,7.485805511474609,-0.010254813,-0.38673645,0.8839586,-0.29238924,0.043160476,0.22799283,-0.07226394,-0.13242605,0.019939419,-0.058632366,0.23517103,0.26817834,-0.008767288,0.123403616,1.1762035,0.15838772,0.010790119,0.7269982,-1.3180659,-0.0025637033,0.5733159,-1.0790102,-0.002191822,0.7008509,-1.005949,0.0049848547,0.6553419,-1.2412072,0.0,0.0,0.0,0.0,0.0,0.0,0.0,0.0,0.0,0.0,0.0,0.0,0.0,0.0,0.0,0.0,-1.3242605,-2.9238925,1.5838772,2.6817834,50.0,50.0,50.0,50.0,50.0,50.0,50.0,50.0,50.0,50.0,50.0,50.0,0.0,0.0,0.0,0.0,1.0,1.0,1.0,1.0,1.0,1.0,1.0,1.0,1.0,1.0,1.0,1.0,0.5,0.5,0.5,0.5
1788527467.1968064,212,4.019485999378958,2.9823340009897947,3.6977479994675377,0.973407,4.678099,9038530,1,0,0.0,0.0,0.0,-7.390976e-06,0.5951433,-1.383904,0.0020663105,0.67109364,-1.3258662,-0.033196688,0.67398906,-1.2496772,-0.0025004745,0.69403267,-1.2743838,-4.048045,-5.8297873,-3.1887388,-1.8278848,0.21315381,0.162772,0.9928081,-0.1782741,0.577453,0.19815722,0.09301257,-0.43405867,-0.11121068,0.15502095,0.12014124,-0.40440246,-0.44568524,-2.344692,2.73612,1.1626571,0.2721211,6.901981,1.8966017,-0.049476564,-5.887711,12.422741,1.7069415,1.9790626,12.991721,0.22264454,-2.44909,1.8491865,-0.4205508,-0.22264454,-0.51950395,0.74214846,0.9995272,0.009434475,0.023163967,-0.01788293,0.31531823,-0.07030744,-1.0215884,-0.05626374,-0.6907272,9.414001,0.018052176,0.046660393,-0.035357714,30.570966720581055,4.443628787994385,-0.23570353,-0.65464884,-0.3823056,-0.03378836,-0.23757535,0.30238038,1.0331297,-0.36458534,0.2069583,-0.75617385,0.20812069,0.10888967,0.33102545,0.7419623,0.8728442,-0.29107594,-0.059393838,0.7455951,-1.0417175,-0.058925882,0.5063378,-1.3955764,0.08275636,0.85549057,-1.0817889,0.051739573,0.48095655,-1.2479697,0.0,0.0,0.0,0.0,0.0,0.0,0.0,0.0,0.0,0.0,0.0,0.0,0.0,0.0,0.0,0.0,-3.6458535,-0.3378836,-2.9107594,1.0888968,50.0,50.0,50.0,50.0,50.0,50.0,50.0,50.0,50.0,50.0,50.0,50.0,0.0,0.0,0.0,0.0,1.0,1.0,1.0,1.0,1.0,1.0,1.0,1.0,1.0,1.0,1.0,1.0,0.5,0.5,0.5,0.5
1788527467.2170045,213,4.2256050001014955,3.167139999277424,3.9283160003833473,0.977407,4.913083,9038550,1,0,0.0,0.0,0.0,0.014646888,0.6002904,-1.3658322,-0.00026506,0.6702459,-1.3347757,-0.029381722,0.67220265,-1.2526312,-0.004952967,0.691126,-1.273436,-4.0689974,-5.8396273,-3.1760826,-1.8206182,0.86424184,0.4185566,2.8611476,-0.325544,-0.3914279,-2.4405692,0.0077510476,0.26353562,-0.485283,0.31779295,-0.82161105,0.113232695,-2.4222023,1.2246655,-1.6238445,0.2790377,-4.675535,7.0751486,13.608116,-2.622258,-8.312063,-0.66381055,6.036141,9.474762,9.198518,2.5975196,-10.142695,1.2327911,-0.2721211,-0.89057815,-0.47002736,0.32159767,0.9993612,0.008755429,0.023396475,-0.025556728,0.37390777,0.1640507,-0.41012678,0.22625206,-1.3814543,11.900379,0.01632272,0.047228135,-0.05074946,30.367338180541992,10.869799613952637,-0.1624597,0.03088152,-0.576014,0.16272911,-0.12823057,-0.33357716,1.2240155,-0.3901339,0.06585562,-0.3930223,0.07128485,0.094380885,0.17932698,0.43547612,0.71466804,-0.3341374,-0.032057643,0.5866057,-0.9939961,-0.040614925,0.67772037,-1.4440035,0.044831745,0.77886903,-1.1213329,0.016463906,0.57174444,-1.2821788,0.0,0.0,0.0,0.0,0.0,0.0,0.0,0.0,0.0,0.0,0.0,0.0,0.0,0.0,0.0,0.0,-3.9013388,1.6272912,-3.3413742,0.94380885,50.0,50.0,50.0,50.0,50.0,50.0,50.0,50.0,50.0,50.0,50.0,50.0,0.0,0.0,0.0,0.0,1.0,1.0,1.0,1.0,1.0,1.0,1.0,1.0,1.0,1.0,1.0,1.0,0.5,0.5,0.5,0.5
1788527467.2381055,214,5.325830999936443,3.812983999523567,4.736277000120026,1.040065,5.783958,9038570,1,0,0.0,0.0,0.0,0.01382947,0.58736193,-1.3390722,-0.0026267078,0.68381023,-1.3782015,-0.027171463,0.6760479,-1.2531999,0.002041161,0.67868197,-1.2699922,-4.1461143,-5.8094406,-3.2299461,-1.7869192,0.5503244,-0.38367686,0.6996163,0.59683067,0.038755238,-2.606374,0.62783486,0.84873974,0.20624527,0.7130964,-0.577453,-0.1455849,-3.4608426,1.8525003,-4.371591,2.2981856,-3.0675468,0.32159767,17.353905,-2.6717343,-0.34633595,-0.80605567,3.1170235,4.4281526,6.5906906,0.14842969,-4.997133,-0.42673537,-0.049476564,-0.12369141,0.6926719,-0.74214846,0.9993776,0.0061489167,0.02375217,-0.025351977,-0.74142396,-0.2087918,0.31212243,-1.3814543,2.9508536,9.920375,0.011098755,0.047804754,-0.050459325,30.570966720581055,4.682901382446289,-0.01552891,0.53415364,0.11180222,0.107740276,0.048535068,-0.6139484,0.22171311,-0.3379973,-0.082816936,0.27832514,0.63099,0.09164499,-0.0032421295,-0.29135048,0.6052439,-0.14483614,0.012133767,0.51651293,-1.2445717,-0.0038822275,0.80353844,-1.2720494,-0.00081053236,0.59716237,-1.148689,-0.020704234,0.7395813,-1.1422524,0.0,0.0,0.0,0.0,0.0,0.0,0.0,0.0,0.0,0.0,0.0,0.0,0.0,0.0,0.0,0.0,-3.379973,1.0774027,-1.4483614,0.9164499,50.0,50.0,50.0,50.0,50.0,50.0,50.0,50.0,50.0,50.0,50.0,50.0,0.0,0.0,0.0,0.0,1.0,1.0,1.0,1.0,1.0,1.0,1.0,1.0,1.0,1.0,1.0,1.0,0.5,0.5,0.5,0.5
1788527467.2562776,215,3.4986379996553296,2.5212950004060986,3.2484219991602004,1.030689,4.285703,9038590,1,0,0.0,0.0,0.0,0.020248294,0.58391035,-1.3269243,0.0029140804,0.6964965,-1.3988482,-0.011639088,0.6770773,-1.2534842,0.014031053,0.68837076,-1.2634364,-4.193044,-5.7831297,-3.3010983,-1.746862,0.5658265,-0.24803352,-0.4731509,0.2790377,1.5385829,1.6358081,0.36817476,-1.8912556,0.020220125,0.7828558,0.86036634,1.2920659,-1.968766,0.76347816,-3.1856806,2.4648333,-1.0390079,-3.3644063,4.599259,-0.6926719,4.1560316,4.2673535,0.22264454,-2.2511837,5.2156544,-2.5975196,1.9048477,5.83205,-0.6926719,0.12369141,0.9400547,-0.6679336,0.9995504,-0.0019785478,0.022473924,-0.019748518,-0.9693905,-0.13741909,0.7169229,-1.4496891,2.1080947,6.1040173,-0.004847867,0.044864543,-0.039618425,30.624088287353516,3.0421764850616455,0.21735781,0.23387346,1.1080785,-0.05448918,0.2694969,-0.542969,-0.7109839,-0.18031114,-0.19992748,0.5377432,0.75929546,0.2813096,-0.27354303,-0.7183572,0.57386696,-0.034781344,0.06737422,0.53425777,-1.4777459,0.054339454,0.72846836,-1.0229803,-0.06838576,0.49041072,-1.1565332,-0.04998187,0.80443585,-1.1101761,0.0,0.0,0.0,0.0,0.0,0.0,0.0,0.0,0.0,0.0,0.0,0.0,0.0,0.0,0.0,0.0,-1.8031114,-0.54489183,-0.34781343,2.813096,50.0,50.0,50.0,50.0,50.0,50.0,50.0,50.0,50.0,50.0,50.0,50.0,0.0,0.0,0.0,0.0,1.0,1.0,1.0,1.0,1.0,1.0,1.0,1.0,1.0,1.0,1.0,1.0,0.5,0.5,0.5,0.5
1788527467.2765238,216,3.741942000488052,2.776088000246091,3.4883979988080682,1.044065,4.539727,9038610,1,0,0.0,0.0,0.0,0.029271007,0.5878464,-1.3440956,0.0088182,0.69295406,-1.3606195,-0.018663466,0.6737468,-1.2471497,0.019541562,0.686766,-1.2643052,-4.210424,-5.7849455,-3.3274097,-1.7271514,0.019377619,0.054257333,-3.2089338,-0.7906069,-1.0347649,2.3778868,-0.4379342,-0.011626571,0.46708488,-0.18990067,-0.34492162,-0.26488364,0.034879714,-1.1859103,0.32166848,0.15502095,2.0038009,-2.8696408,-3.2716377,3.339668,2.9438555,14.414172,-2.2264454,-9.672668,4.1251087,-3.4386213,6.605121,8.392462,-0.89057815,0.37107423,-0.34633595,1.3853438,0.9996238,-0.004300702,0.022590453,-0.014951786,0.08202535,0.34194985,0.18961705,-1.0857705,-5.5497594,13.323732,-0.009283255,0.04505054,-0.030121742,30.482431411743164,7.212351322174072,0.10420367,-0.11966999,1.0968645,-0.07562947,0.09592844,0.076466106,-0.40271202,-0.13411148,-0.036707606,0.2511931,0.6126911,0.26609012,-0.18769082,-0.1789521,0.8480909,0.15097387,0.02398211,0.68911654,-1.4006779,0.026050918,0.64008254,-1.0257838,-0.046922706,0.625262,-1.0879772,-0.009176902,0.7327983,-1.1468272,0.0,0.0,0.0,0.0,0.0,0.0,0.0,0.0,0.0,0.0,0.0,0.0,0.0,0.0,0.0,0.0,-1.3411148,-0.7562947,1.5097387,2.6609013,50.0,50.0,50.0,50.0,50.0,50.0,50.0,50.0,50.0,50.0,50.0,50.0,0.0,0.0,0.0,0.0,1.0,1.0,1.0,1.0,1.0,1.0,1.0,1.0,1.0,1.0,1.0,1.0,0.5,0.5,0.5,0.5
1788527467.2982967,217,5.521196999325184,3.844568998829345,5.067455000244081,0.942653,6.018365,9038630,1,0,0.0,0.0,0.0,0.020278573,0.61231065,-1.3901753,0.002217697,0.669822,-1.3401467,-0.029139489,0.6669949,-1.2382401,0.008853614,0.6760478,-1.2638471,-4.2109685,-5.8058977,-3.3033996,-1.7289075,-0.97663206,1.4184418,-0.76634276,-1.1897858,-1.2672963,-0.35587418,-0.86036634,-0.81773555,0.09907861,-0.7441006,-0.027128667,0.34778613,-0.6239593,-0.5464489,1.7129815,0.21702933,1.1132227,2.7459493,0.0,2.5233047,-0.22264454,16.595264,-0.074214846,-1.0637461,8.013142,-0.17316797,2.8201642,5.64239,-0.32159767,-0.12369141,-0.12369141,1.0637461,0.9995444,0.002522694,0.024791515,-0.017035486,1.3379719,0.1789644,-0.54115427,-1.4820108,-6.1387334,7.973889,0.0042036134,0.049666807,-0.033978794,30.606380462646484,3.3498125076293945,-0.17198929,-0.23568115,-0.057816423,-0.016400766,-0.15352815,0.25383693,0.6680139,-0.23923588,0.1574271,-0.5049678,0.42672974,0.052670848,0.1818473,0.4929438,0.9823107,-0.011003766,-0.03838204,0.73345923,-1.1329964,-0.042997323,0.61107975,-1.3144541,0.045461826,0.79323596,-1.0544223,0.039356776,0.54375803,-1.1933175,0.0,0.0,0.0,0.0,0.0,0.0,0.0,0.0,0.0,0.0,0.0,0.0,0.0,0.0,0.0,0.0,-2.3923588,-0.16400766,-0.11003766,0.5267085,50.0,50.0,50.0,50.0,50.0,50.0,50.0,50.0,50.0,50.0,50.0,50.0,0.0,0.0,0.0,0.0,1.0,1.0,1.0,1.0,1.0,1.0,1.0,1.0,1.0,1.0,1.0,1.0,0.5,0.5,0.5,0.5
1788527467.3180218,218,5.235620999883395,3.7973990001773927,4.693523998867022,1.033632,5.734772,9038650,1,0,0.0,0.0,0.0,0.012255073,0.62796414,-1.3943142,-0.018492134,0.6665823,-1.3432271,-0.040917456,0.6733532,-1.2381612,-0.0027729273,0.65400577,-1.2619516,-4.2232313,-5.8097134,-3.2807522,-1.720672,-1.0618935,0.5813286,1.5003332,-1.2983005,0.16664752,-1.7369087,-0.30616638,0.80610895,0.010110063,-0.25190905,-1.8137453,0.08492453,-1.3293047,0.5038181,0.37980133,0.18214962,-1.5585117,5.1208243,11.806345,0.024738282,-3.1170235,3.461298,4.7992268,5.7392817,9.767498,2.44909,-4.230246,3.413883,-0.4205508,-0.4205508,-0.24738282,0.14842969,0.99936116,0.010472261,0.024618309,-0.023701426,0.03941478,-0.14168015,-0.69987863,-0.48961425,4.570531,10.66138,0.019789908,0.049722064,-0.046932157,30.553260803222656,5.195627689361572,-0.14722982,-0.39555973,-0.33630466,-0.017297681,-0.19781193,0.15730134,0.9559868,-0.12777552,0.07876601,-0.87197554,1.0538967,-0.09823297,0.20743924,0.7259964,0.34642172,-0.036319908,-0.049452983,0.7093254,-1.0610032,-0.036807455,0.57111007,-1.3840761,0.05185981,0.8514991,-1.2133945,0.019691503,0.45200613,-1.0365257,0.0,0.0,0.0,0.0,0.0,0.0,0.0,0.0,0.0,0.0,0.0,0.0,0.0,0.0,0.0,0.0,-1.2777553,-0.17297682,-0.36319908,-0.9823297,50.0,50.0,50.0,50.0,50.0,50.0,50.0,50.0,50.0,50.0,50.0,50.0,0.0,0.0,0.0,0.0,1.0,1.0,1.0,1.0,1.0,1.0,1.0,1.0,1.0,1.0,1.0,1.0,0.5,0.5,0.5,0.5
1788527467.3378675,219,5.09020900062751,3.757205999136204,4.6490419990732335,1.044929,5.701844,9038670,1,0,0.0,0.0,0.0,0.020157456,0.6226655,-1.3509831,-0.021096,0.6710331,-1.3658957,-0.03755665,0.67716813,-1.2455542,7.31349e-05,0.64501333,-1.251336,-4.2674365,-5.7948465,-3.2948313,-1.7020817,-0.60070616,-0.046506286,2.27072,0.10076362,0.0038755238,-1.1707453,0.29841533,0.740225,-1.4234967,0.17439857,-1.0386404,1.6014338,-4.10418,0.724723,-2.03465,1.2169144,-3.0180705,4.527106,13.987437,-0.9400547,-5.244516,0.33190528,4.3291993,8.262587,3.0819776,0.8411016,-9.054212,9.577838,1.311129,-0.44528908,0.86583984,-1.1132227,0.9993103,0.008332946,0.024014408,-0.027072381,0.064981125,0.08841694,-0.013848436,-0.06464344,0.5327099,8.956709,0.015372799,0.048465848,-0.05379628,30.447019577026367,8.237804412841797,-0.13571881,0.15076168,-0.26839966,0.005184017,-0.12584291,-0.6834232,0.96637887,-0.23633233,-0.08541894,-0.2619608,0.686469,-0.012611896,-0.060703307,0.15246546,0.34937027,-0.0061899778,-0.03146073,0.4991442,-1.0584053,-0.033929702,0.7076904,-1.3670999,-0.015175827,0.7081164,-1.2126573,-0.021354735,0.60450983,-1.1283827,0.0,0.0,0.0,0.0,0.0,0.0,0.0,0.0,0.0,0.0,0.0,0.0,0.0,0.0,0.0,0.0,-2.3633232,0.05184017,-0.061899778,-0.12611896,50.0,50.0,50.0,50.0,50.0,50.0,50.0,50.0,50.0,50.0,50.0,50.0,0.0,0.0,0.0,0.0,1.0,1.0,1.0,1.0,1.0,1.0,1.0,1.0,1.0,1.0,1.0,1.0,0.5,0.5,0.5,0.5
1788527467.358109,220,5.328264000127092,3.8202809992071707,4.704308001237223,1.097635,5.810455,9038690,1,0,0.0,0.0,0.0,0.008076668,0.6047412,-1.3452172,-0.024668748,0.6746664,-1.3782015,-0.03237921,0.68734145,-1.2601506,0.0017080903,0.63453734,-1.2340382,-4.3075237,-5.7784967,-3.3199615,-1.6821892,-0.60070616,-0.41080552,0.31947798,-0.4379342,1.2324166,0.036396224,0.17439857,0.3720503,-0.101100616,-0.8371132,-0.13176781,-0.4711289,-1.7633634,1.0115118,-0.9572544,1.2905494,-1.4595586,-5.1950393,14.414172,-0.074214846,0.34633595,0.33190528,0.6926719,0.6926719,2.0388467,-0.2721211,-1.311129,6.3062005,-0.24738282,-0.51950395,0.4205508,-0.64319533,0.999409,0.008251468,0.02479915,-0.022328392,-0.11185275,-0.07350324,0.78403455,-0.47165772,-1.7357962,12.66413,0.015405561,0.04995825,-0.044290856,30.615234375,3.1447219848632812,0.040579,0.6100425,0.7155618,-0.08159436,0.10224843,-0.7887632,-0.19902238,-0.10112964,-0.2720443,0.5884776,0.73953986,0.077090025,-0.21758899,-0.63039565,0.4196143,0.23079967,0.025562108,0.4728092,-1.3497555,0.01014475,0.82251066,-1.1211095,-0.054397248,0.5124011,-1.1950964,-0.068011075,0.8171194,-1.1151149,0.0,0.0,0.0,0.0,0.0,0.0,0.0,0.0,0.0,0.0,0.0,0.0,0.0,0.0,0.0,0.0,-1.0112964,-0.8159436,2.3079967,0.77090025,50.0,50.0,50.0,50.0,50.0,50.0,50.0,50.0,50.0,50.0,50.0,50.0,0.0,0.0,0.0,0.0,1.0,1.0,1.0,1.0,1.0,1.0,1.0,1.0,1.0,1.0,1.0,1.0,0.5,0.5,0.5,0.5
1788527467.3777661,221,4.98818899905018,3.8417530013248324,4.654259000744787,1.052321,5.713716,9038710,1,0,0.0,0.0,0.0,0.0037167072,0.5969902,-1.3325164,-0.022367658,0.6800558,-1.3690867,-0.026051193,0.67816734,-1.2556801,-0.003469348,0.64356005,-1.2337698,-4.314942,-5.7748337,-3.330831,-1.6738932,0.7285985,-0.35267267,-1.4052987,0.5658265,-0.4921915,1.8744056,-0.16664752,-1.0076362,0.0808805,0.1782741,0.7208474,0.31947798,1.0192627,-0.53094673,-0.2790377,0.28291324,0.32159767,-6.060879,0.90088576,1.1132227,8.015203,10.668385,-1.2121758,-7.693606,2.8449025,-3.4633594,8.584184,6.069125,-1.0884844,-0.14842969,1.2121758,0.17316797,0.99950683,0.008176702,0.026737282,-0.0142963575,0.31425297,-0.05645901,0.85753775,-2.60968,-0.25617957,8.452729,0.01560398,0.0537078,-0.02818574,30.482431411743164,7.314896583557129,0.0834364,0.60731536,0.8516287,-0.24630612,0.16869313,-0.5236062,-0.34860572,0.12899497,-0.27237678,0.7056315,0.24193315,0.20311594,-0.20477024,-0.68553066,0.99542326,0.2600581,0.04217328,0.5390985,-1.3871514,0.0208591,0.82182884,-1.0870928,-0.05119256,0.49861735,-1.0511441,-0.068094194,0.8464079,-1.2395166,0.0,0.0,0.0,0.0,0.0,0.0,0.0,0.0,0.0,0.0,0.0,0.0,0.0,0.0,0.0,0.0,1.2899497,-2.4630613,2.6005812,2.0311594,50.0,50.0,50.0,50.0,50.0,50.0,50.0,50.0,50.0,50.0,50.0,50.0,0.0,0.0,0.0,0.0,1.0,1.0,1.0,1.0,1.0,1.0,1.0,1.0,1.0,1.0,1.0,1.0,0.5,0.5,0.5,0.5
1788527467.3976963,222,4.922874999465421,3.6799240006075706,4.567664000205696,1.001471,5.577359,9038730,1,0,0.0,0.0,0.0,0.009651184,0.6012291,-1.3595293,-0.019884901,0.67817855,-1.3417422,-0.031198382,0.6707493,-1.2384139,-0.006709039,0.6507661,-1.2411942,-4.2872376,-5.8118925,-3.306367,-1.6837637,-0.162772,0.17439857,-1.2435377,0.11239019,0.30616638,0.73803455,-0.5076936,-1.0463915,1.8157672,-0.45343632,0.8409887,-1.4457389,1.3448068,-3.158552,3.2554402,-0.5929552,1.8801094,-3.1665,-0.33190528,1.9790626,7.099887,13.228796,-0.44528908,-7.743082,8.060556,-2.6469963,9.276855,1.8017715,-0.074214846,0.37107423,-0.22264454,1.2616524,0.9995667,0.0091825705,0.025673218,-0.011095705,0.0010652643,-0.20346548,-0.02450108,-0.33758244,0.25977087,7.666234,0.01781206,0.05155079,-0.021740895,30.47357940673828,7.383260250091553,-0.01341469,-0.1861033,0.6992616,-0.5401617,0.10131425,0.040890507,-0.19900014,0.1796718,-0.037608773,-0.039048895,0.3169933,0.152242,-0.01961501,-0.056487814,1.0850205,0.26175016,0.025328562,0.68022263,-1.34975,-0.0033536726,0.6234742,-1.1251845,-0.0049037524,0.65587807,-1.0287448,-0.009402193,0.6602378,-1.2207516,0.0,0.0,0.0,0.0,0.0,0.0,0.0,0.0,0.0,0.0,0.0,0.0,0.0,0.0,0.0,0.0,1.7967179,-5.401617,2.6175017,1.52242,50.0,50.0,50.0,50.0,50.0,50.0,50.0,50.0,50.0,50.0,50.0,50.0,0.0,0.0,0.0,0.0,1.0,1.0,1.0,1.0,1.0,1.0,1.0,1.0,1.0,1.0,1.0,1.0,0.5,0.5,0.5,0.5
1788527467.4179668,223,5.184259000088787,3.762262998861843,4.641969999283901,1.018272,5.668242,9038750,1,0,0.0,0.0,0.0,0.015585542,0.6076479,-1.3762741,-0.015797434,0.6765436,-1.3420581,-0.033317804,0.6594255,-1.2220957,-0.007526517,0.6702951,-1.2684915,-4.259534,-5.8745975,-3.2413306,-1.6817049,0.19765173,1.8990066,0.23657545,0.2596601,-1.449446,-0.042462263,0.9184992,0.36817476,0.14356288,0.22090487,-0.5038181,-0.7157924,2.0734053,-4.2436986,3.565482,0.5890796,0.14842969,2.1027539,0.80605567,0.32159767,-1.4100821,11.237365,0.64319533,-0.51950395,10.573554,-0.2721211,0.0,2.7026572,-0.17316797,-0.4205508,-0.59371877,0.4205508,0.9995699,0.007076085,0.023728414,-0.015716,-0.2450108,0.010652643,-0.797883,1.2042835,2.5809495,11.565191,0.013415898,0.04767689,-0.031123055,30.641794204711914,2.5294501781463623,-0.28268605,-0.55980915,-0.22513668,-0.34057093,-0.19926243,0.30556607,0.75529206,-0.007011298,0.17556034,-0.77131987,0.43063354,0.029595967,0.34069052,0.6953597,0.7038877,-0.017133953,-0.049815606,0.74639153,-1.111177,-0.07067151,0.5300477,-1.3562841,0.08517263,0.84383994,-1.124028,0.043890085,0.47717005,-1.1923416,0.0,0.0,0.0,0.0,0.0,0.0,0.0,0.0,0.0,0.0,0.0,0.0,0.0,0.0,0.0,0.0,-0.07011298,-3.4057093,-0.17133953,0.29595968,50.0,50.0,50.0,50.0,50.0,50.0,50.0,50.0,50.0,50.0,50.0,50.0,0.0,0.0,0.0,0.0,1.0,1.0,1.0,1.0,1.0,1.0,1.0,1.0,1.0,1.0,1.0,1.0,0.5,0.5,0.5,0.5
1788527467.4381664,224,5.388457999288221,3.8604420005867723,4.762581998875248,1.02784,5.798614,9038770,1,0,0.0,0.0,0.0,0.016826868,0.61203814,-1.3552483,-0.015040496,0.682478,-1.3467182,-0.024295092,0.6606064,-1.2274824,-0.0030454397,0.6673279,-1.2662483,-4.236523,-5.925434,-3.2005467,-1.6884568,-0.34879714,-0.10076362,2.5174055,-0.75960267,0.52707124,-2.092783,0.5735775,0.53094673,-1.0939087,0.45343632,-1.2014123,0.43473268,-0.22090487,-1.7943674,0.6782167,-0.7285985,-3.1912384,7.19884,10.952874,-2.1522305,-8.584184,1.8966017,5.096086,9.153164,6.6855206,2.0038009,-8.856305,3.2716377,0.12369141,-0.9400547,-0.34633595,0.4205508,0.9994146,0.0046004006,0.024720218,-0.023198083,0.149137,0.1938781,-0.5933522,-0.61650693,-1.9369092,12.041637,0.008058507,0.049645327,-0.046214927,30.43816375732422,8.818893432617188,-0.21668127,-0.42361394,-0.51707983,-0.16020298,-0.1731531,-0.13229065,1.2720523,-0.1451646,0.17024341,-0.75422454,0.5143368,-0.03487492,0.23355365,0.64739406,0.48805955,-0.1923913,-0.043288276,0.63692737,-0.9819869,-0.054170318,0.5640965,-1.4292699,0.058388412,0.8318485,-1.1779851,0.042560853,0.48144388,-1.1714158,0.0,0.0,0.0,0.0,0.0,0.0,0.0,0.0,0.0,0.0,0.0,0.0,0.0,0.0,0.0,0.0,-1.451646,-1.6020298,-1.923913,-0.3487492,50.0,50.0,50.0,50.0,50.0,50.0,50.0,50.0,50.0,50.0,50.0,50.0,0.0,0.0,0.0,0.0,1.0,1.0,1.0,1.0,1.0,1.0,1.0,1.0,1.0,1.0,1.0,1.0,0.5,0.5,0.5,0.5
1788527467.4581518,225,5.373224999857484,3.865690001475741,4.79509500109998,1.048161,5.8518,9038790,1,0,0.0,0.0,0.0,0.009863138,0.60156214,-1.3244916,-0.020520726,0.6937412,-1.3763691,-0.02072236,0.6669344,-1.2401516,0.004342258,0.6522194,-1.2525839,-4.2611084,-5.931368,-3.2168965,-1.6717435,-0.32166848,-0.08526152,1.3325062,0.23253144,0.023253143,-1.5690817,0.4224321,0.7867313,-0.640978,0.52707124,-0.9998852,0.6005377,-2.929896,0.19377619,-1.8757535,1.5502095,-2.3996134,1.8306329,17.21166,-1.9790626,-6.753551,-0.99571586,3.587051,7.7183437,3.413883,1.5090352,-7.817297,3.698373,0.74214846,-0.8411016,0.024738282,-0.9400547,0.99936444,0.0032568076,0.02598419,-0.024190098,-0.29614347,0.1523328,0.24288027,-2.4636335,1.1827357,12.021287,0.00525952,0.052116506,-0.04826444,30.47357940673828,7.280714511871338,-0.0678063,0.18821208,-0.026881563,-0.06806715,-0.04704935,-0.72319245,0.7445061,-0.2754078,-0.06575967,0.045779295,0.58724356,0.074900046,-0.057282627,-0.09828846,0.42911902,0.017271886,-0.011762338,0.4892019,-1.1138735,-0.016951576,0.71705306,-1.3067204,-0.014320657,0.6454279,-1.1927202,-0.016439918,0.6814448,-1.1531891,0.0,0.0,0.0,0.0,0.0,0.0,0.0,0.0,0.0,0.0,0.0,0.0,0.0,0.0,0.0,0.0,-2.754078,-0.68067145,0.17271885,0.74900043,50.0,50.0,50.0,50.0,50.0,50.0,50.0,50.0,50.0,50.0,50.0,50.0,0.0,0.0,0.0,0.0,1.0,1.0,1.0,1.0,1.0,1.0,1.0,1.0,1.0,1.0,1.0,1.0,0.5,0.5,0.5,0.5
1788527467.4769242,226,4.137187001106213,2.5647200000094017,3.6653949991887202,0.996928,4.670355,9038810,1,0,0.0,0.0,0.0,0.008924484,0.5892694,-1.3175251,-0.0184013,0.7003114,-1.3987377,-0.011427134,0.67232376,-1.2430266,0.009459138,0.65231025,-1.2468812,-4.293263,-5.924798,-3.2564692,-1.6399522,0.54257333,-3.4608426,-0.45090875,0.12014124,1.2595452,0.5156132,-0.5076936,-1.1859103,0.10312264,-0.9533789,1.7594877,-0.046506286,-1.1781592,0.7479761,-2.050152,1.9261353,-1.6327267,-1.4595586,10.858045,-0.12369141,-0.32159767,3.650958,0.2721211,-0.17316797,2.2285068,-0.34633595,-0.24738282,5.3104844,-0.791625,-0.6679336,1.1132227,-0.56898046,0.99948406,3.1572952e-05,0.02689269,-0.017564127,-0.6391586,-0.07350324,0.89162624,-1.5490485,1.7381904,8.676587,-0.00088285666,0.05378467,-0.035166524,30.65064811706543,2.2218143939971924,0.25918552,0.34690833,1.4552411,-0.10805378,0.25925523,-0.45392856,-0.589676,0.014285941,-0.3366966,0.772979,0.7513582,0.26577002,-0.32108518,-0.8014711,0.6395931,0.10498874,0.06481381,0.5565179,-1.4474189,0.06479638,0.7567271,-0.93618965,-0.080271296,0.46963224,-1.1401017,-0.08417415,0.8632448,-1.1121604,0.0,0.0,0.0,0.0,0.0,0.0,0.0,0.0,0.0,0.0,0.0,0.0,0.0,0.0,0.0,0.0,0.1428594,-1.0805378,1.0498874,2.6577,50.0,50.0,50.0,50.0,50.0,50.0,50.0,50.0,50.0,50.0,50.0,50.0,0.0,0.0,0.0,0.0,1.0,1.0,1.0,1.0,1.0,1.0,1.0,1.0,1.0,1.0,1.0,1.0,0.5,0.5,0.5,0.5
1788527467.4971404,227,4.347048999989056,3.111969999736175,4.003517999080941,1.040609,5.050879,9038830,1,0,0.0,0.0,0.0,0.015555263,0.59178245,-1.3244916,-0.0053214077,0.7046109,-1.3648374,-0.016634881,0.6684482,-1.238256,0.003948629,0.6597888,-1.2492508,-4.2927485,-5.9297028,-3.2819934,-1.6245712,1.3176781,0.25578457,-2.784311,2.100534,-0.6665901,3.6942167,-1.798243,-0.081386,0.86542135,-0.6084572,-0.096888095,-0.34374213,0.8913705,-1.9067578,-0.13564333,0.20540276,1.2616524,-2.0285392,-2.9871476,1.6327267,3.4880977,19.013432,-1.4842969,-10.414817,3.698373,-3.958125,10.93432,7.6812367,-0.37107423,0.44528908,0.5442422,1.2616524,0.99958485,-0.00045947504,0.027225347,-0.009428205,0.241815,-0.13954963,0.6274407,-2.1080947,-0.7026982,10.985794,-0.0014340662,0.05444632,-0.018902736,30.376192092895508,10.493800163269043,0.10782364,0.1784,1.3158942,-0.06925279,0.2121244,-0.30028048,-0.6006481,0.037851043,-0.25969675,0.7231139,0.2696573,0.35179484,-0.25547877,-0.77886474,1.1754946,0.20616907,0.0530311,0.5949299,-1.4501619,0.02695591,0.7146,-0.9710264,-0.06386969,0.47528383,-1.0061263,-0.06492419,0.85077846,-1.2325857,0.0,0.0,0.0,0.0,0.0,0.0,0.0,0.0,0.0,0.0,0.0,0.0,0.0,0.0,0.0,0.0,0.37851042,-0.6925279,2.0616908,3.5179484,50.0,50.0,50.0,50.0,50.0,50.0,50.0,50.0,50.0,50.0,50.0,50.0,0.0,0.0,0.0,0.0,1.0,1.0,1.0,1.0,1.0,1.0,1.0,1.0,1.0,1.0,1.0,1.0,0.5,0.5,0.5,0.5
1788527467.517025,228,4.2341820008005016,3.1318420005845837,3.931611998268636,1.038177,4.976061,9038850,1,0,0.0,0.0,0.0,0.013375282,0.60271263,-1.384915,-0.011861352,0.6860205,-1.3241444,-0.034014195,0.65863836,-1.2177515,-0.009403706,0.67183924,-1.2603561,-4.2774277,-5.96319,-3.251655,-1.6253886,0.20152724,0.6820922,-1.1828773,-0.7828558,0.08913705,-0.0040440247,-1.1006488,-1.1200264,1.4801131,-1.4068152,1.3525578,-1.0190943,0.40305448,-1.0231383,2.8678875,0.28678876,1.8306329,-1.0884844,-2.5129972,2.8201642,1.2863907,18.53928,-0.37107423,-8.386277,10.099403,-1.4100821,8.015203,2.323337,0.0,0.12369141,-0.37107423,1.5585117,0.9996396,0.005863453,0.024672987,-0.008815245,0.68283445,-0.19494337,-0.41012678,-0.30526072,0.7637503,10.890026,0.011301736,0.049451716,-0.017356886,30.482431411743164,7.075623989105225,-0.09348414,-0.30653524,0.5044722,0.0984853,0.018533858,0.30484745,0.024533654,-0.07588919,0.051207308,-0.18419799,0.15194024,0.20443405,0.047057454,0.09428817,1.3354263,0.05011093,0.0046334644,0.7462119,-1.2938665,-0.023371035,0.5933662,-1.1738819,0.011764363,0.69357204,-0.96614337,0.012801827,0.62395054,-1.2620149,0.0,0.0,0.0,0.0,0.0,0.0,0.0,0.0,0.0,0.0,0.0,0.0,0.0,0.0,0.0,0.0,-0.75889194,0.98485297,0.5011093,2.0443406,50.0,50.0,50.0,50.0,50.0,50.0,50.0,50.0,50.0,50.0,50.0,50.0,0.0,0.0,0.0,0.0,1.0,1.0,1.0,1.0,1.0,1.0,1.0,1.0,1.0,1.0,1.0,1.0,0.5,0.5,0.5,0.5
1788527467.5376582,229,4.8770180001156405,3.7936230000923388,4.594735999489785,1.016544,5.617008,9038870,1,0,0.0,0.0,0.0,0.021186948,0.6254208,-1.3989427,-0.019794067,0.67832994,-1.3246655,-0.037405252,0.6573061,-1.2075309,-0.014460087,0.67671394,-1.2752842,-4.2773066,-5.9740295,-3.1989722,-1.6093415,1.2014123,-0.20152724,1.2172515,-0.30616638,0.07363495,-0.35587418,-0.1472699,-0.17052305,0.09301257,0.06200838,-0.29841533,-0.485283,-0.4573118,-0.05813286,2.1819198,1.0967733,-2.2511837,6.679336,3.413883,0.12369141,-4.675535,7.965727,2.8696408,2.3253984,12.849476,1.4842969,-2.8201642,0.99571586,-0.14842969,0.37107423,-0.74214846,0.34633595,0.99955785,0.00846598,0.022884887,-0.016993912,0.30892664,-0.020240022,-1.0141317,0.7445967,2.8550856,10.577583,0.016164508,0.046053555,-0.033627294,30.588674545288086,3.828357219696045,-0.22015023,-0.45531812,-0.5563702,0.22318956,-0.18504249,0.39614692,1.0377039,-0.19429803,0.10732166,-0.77128005,0.29024032,0.10098976,0.37078348,0.7239485,0.88473755,-0.23179103,-0.04626062,0.76903677,-1.040574,-0.055037558,0.55617046,-1.4390925,0.09269587,0.85098714,-1.0788156,0.026830414,0.47718,-1.2274399,0.0,0.0,0.0,0.0,0.0,0.0,0.0,0.0,0.0,0.0,0.0,0.0,0.0,0.0,0.0,0.0,-1.9429803,2.2318957,-2.3179104,1.0098976,50.0,50.0,50.0,50.0,50.0,50.0,50.0,50.0,50.0,50.0,50.0,50.0,0.0,0.0,0.0,0.0,1.0,1.0,1.0,1.0,1.0,1.0,1.0,1.0,1.0,1.0,1.0,1.0,0.5,0.5,0.5,0.5
1788527467.5575392,230,4.768150000018068,3.6958609998691827,4.487148999032797,1.019232,5.512077,9038890,1,0,0.0,0.0,0.0,0.04665029,0.62563276,-1.3749629,-0.020278508,0.67502975,-1.3313636,-0.033348083,0.65503526,-1.2065989,-0.016306996,0.6751092,-1.2725513,-4.2913857,-5.9545307,-3.191918,-1.6055266,0.7285985,0.054257333,3.0896351,-0.13176781,-0.33329505,-2.408217,0.3720503,0.5541999,-0.6773742,0.23640695,-0.4728139,0.5661635,-1.3060515,1.798243,-1.2130389,0.3410461,-5.541375,7.4214845,13.560701,-1.6822032,-5.8629727,-2.4655821,6.382477,9.623192,7.4441614,2.0285392,-9.994266,1.6595265,-0.22264454,0.049476564,-0.37107423,0.22264454,0.9994197,0.0059416653,0.022629375,-0.024757033,0.1523328,-0.0074568503,-0.46978155,-0.7290344,4.313154,9.118318,0.010767333,0.045542423,-0.049287457,30.376192092895508,10.527981758117676,-0.15955457,-0.034746643,-0.6170819,0.2940755,-0.09445561,-0.29980993,1.0091455,-0.2329537,0.08870847,-0.5216014,0.21667206,0.032391455,0.17157754,0.33635664,0.63328606,-0.25803292,-0.023613902,0.59504753,-1.0477135,-0.039888643,0.66131335,-1.4542704,0.042894386,0.7540892,-1.1416785,0.022177117,0.53959966,-1.245832,0.0,0.0,0.0,0.0,0.0,0.0,0.0,0.0,0.0,0.0,0.0,0.0,0.0,0.0,0.0,0.0,-2.329537,2.940755,-2.5803292,0.32391456,50.0,50.0,50.0,50.0,50.0,50.0,50.0,50.0,50.0,50.0,50.0,50.0,0.0,0.0,0.0,0.0,1.0,1.0,1.0,1.0,1.0,1.0,1.0,1.0,1.0,1.0,1.0,1.0,0.5,0.5,0.5,0.5
1788527467.5760672,231,3.2945040002232417,2.204836999226245,2.88716299837688,0.999711,3.892378,9038910,1,0,0.0,0.0,0.0,0.04565108,0.6046504,-1.3204949,-0.022488767,0.68044937,-1.3882327,-0.031470865,0.6624533,-1.2138181,-0.010614812,0.6653296,-1.2581918,-4.3389215,-5.899062,-3.240604,-1.5779741,-0.015502095,-0.76347816,0.91394967,0.2945398,-0.162772,-2.628616,0.6045817,1.147155,-0.028308174,0.68984324,-0.6045817,-0.06672641,-3.580984,3.534478,-3.2515645,2.367945,-3.587051,0.32159767,13.987437,-1.2616524,-0.86583984,-1.0905459,3.1665,3.4880977,3.461298,0.96479297,-5.9371877,1.0905459,0.64319533,-0.34633595,0.37107423,-0.9895313,0.99943733,0.0036451689,0.022196868,-0.024880059,-0.6391586,-0.12996225,0.29294768,-1.0474633,2.0219033,7.097611,0.0061879,0.04456489,-0.049639944,30.570966720581055,4.170174598693848,-0.04195364,0.54363626,0.03645339,0.24521929,0.053137332,-0.5877409,0.18356712,-0.27927235,-0.09376499,0.24655369,0.7964038,0.049179513,-0.015140735,-0.3125056,0.58701485,-0.040375095,0.013284333,0.5230648,-1.2541082,-0.01048841,0.8059091,-1.2908866,-0.0037851837,0.59187365,-1.1532463,-0.023441248,0.73163843,-1.100899,0.0,0.0,0.0,0.0,0.0,0.0,0.0,0.0,0.0,0.0,0.0,0.0,0.0,0.0,0.0,0.0,-2.7927234,2.4521928,-0.40375096,0.49179512,50.0,50.0,50.0,50.0,50.0,50.0,50.0,50.0,50.0,50.0,50.0,50.0,0.0,0.0,0.0,0.0,1.0,1.0,1.0,1.0,1.0,1.0,1.0,1.0,1.0,1.0,1.0,1.0,0.5,0.5,0.5,0.5
1788527467.597743,232,4.965853000612697,3.722004999872297,4.670674999943003,1.047233,5.723988,9038929,1,0,0.0,0.0,0.0,0.05070746,0.6013502,-1.328504,-0.018855462,0.6972232,-1.4006491,-0.019178182,0.65821445,-1.2131704,-0.0013802052,0.6782278,-1.2593135,-4.366928,-5.850709,-3.2989488,-1.537493,0.28291324,-0.31391743,-1.0474024,0.15502095,0.027128667,1.5347074,0.36429924,-0.038755238,0.20220123,-0.45343632,-0.34879714,-0.19209118,-0.7983579,2.1276627,-2.286559,1.805994,-2.3253984,-3.8096955,4.504429,0.22264454,5.6403284,3.508713,0.44528908,-3.5623126,2.6552422,-0.74214846,3.2901914,9.103687,-0.9895313,0.12369141,0.9400547,-0.56898046,0.9995555,-0.0036188904,0.022301622,-0.01945161,-0.89375675,0.03515372,0.7584682,-1.5993267,0.51834464,7.680599,-0.00811027,0.044457275,-0.039095923,30.615234375,3.213085174560547,0.22344607,0.28763384,1.2649205,-0.06046391,0.2658859,-0.5020494,-0.7343215,-0.07530697,-0.24899125,0.57693374,0.95000786,0.1938058,-0.32462063,-0.70474267,0.37816897,0.07527126,0.06647147,0.54448766,-1.4835804,0.055861518,0.7419085,-0.98376983,-0.08115516,0.49381435,-1.2054577,-0.062247813,0.8142334,-1.062498,0.0,0.0,0.0,0.0,0.0,0.0,0.0,0.0,0.0,0.0,0.0,0.0,0.0,0.0,0.0,0.0,-0.75306964,-0.6046391,0.7527126,1.938058,50.0,50.0,50.0,50.0,50.0,50.0,50.0,50.0,50.0,50.0,50.0,50.0,0.0,0.0,0.0,0.0,1.0,1.0,1.0,1.0,1.0,1.0,1.0,1.0,1.0,1.0,1.0,1.0,0.5,0.5,0.5,0.5
1788527467.617908,233,5.134593000548193,3.720404998603044,4.5400469989544945,1.010112,5.556303,9038950,1,0,0.0,0.0,0.0,0.047649503,0.60253096,-1.3427845,-0.018249912,0.68838215,-1.3750737,-0.025990635,0.6534003,-1.2100899,-0.0031362772,0.6754725,-1.2604824,-4.371258,-5.834117,-3.3127856,-1.5364332,0.65496355,-0.015502095,-2.6569245,-0.48831603,-1.2944249,4.21994,-1.5967158,-0.85261524,-0.30127984,-0.44568524,-0.038755238,-0.076836474,0.6704656,-0.162772,0.44180974,-0.45343632,0.2721211,-2.9438555,-4.2199388,4.4034142,3.958125,15.172813,-1.2121758,-7.446223,0.42673537,-2.6469963,7.3225317,10.478724,-0.6926719,-0.14842969,0.074214846,1.1626992,0.999601,-0.004228026,0.024377186,-0.013631463,0.013848436,0.31105718,0.3877562,0.9888053,-4.262876,10.81461,-0.009128193,0.048638824,-0.027494159,30.455873489379883,8.10107707977295,0.14130577,-0.15784071,1.4677591,-0.02902931,0.15747578,-0.17846301,-0.5570363,0.0005602129,-0.19259182,0.41746247,0.6184308,0.24218814,-0.31035635,-0.49627033,0.7110414,0.19244328,0.039368946,0.6253843,-1.439259,0.035326444,0.63053983,-0.93306017,-0.07758909,0.5459324,-1.1222396,-0.048147954,0.77436566,-1.1453923,0.0,0.0,0.0,0.0,0.0,0.0,0.0,0.0,0.0,0.0,0.0,0.0,0.0,0.0,0.0,0.0,0.005602129,-0.2902931,1.9244328,2.4218814,50.0,50.0,50.0,50.0,50.0,50.0,50.0,50.0,50.0,50.0,50.0,50.0,0.0,0.0,0.0,0.0,1.0,1.0,1.0,1.0,1.0,1.0,1.0,1.0,1.0,1.0,1.0,1.0,0.5,0.5,0.5,0.5
1788527467.6377401,234,4.96044400097162,3.6844679998466745,4.609456998878159,1.045953,5.663378,9038970,1,0,0.0,0.0,0.0,0.04080677,0.6129768,-1.3988321,-0.022973208,0.66079926,-1.334981,-0.041704684,0.6458309,-1.2076731,-0.015489519,0.6718695,-1.2622832,-4.3579054,-5.863698,-3.2801466,-1.5529042,-1.1704081,1.3448068,-1.3769904,-1.0347649,-1.4688236,-0.0040440247,-1.2711718,-0.5541999,0.4185566,-1.1045243,0.15114543,-0.18400313,0.5735775,-0.53094673,2.4299536,-0.70534533,1.0884844,-0.59371877,-1.0905459,4.106555,-0.049476564,21.33677,-0.5442422,-4.6260586,4.1251087,-0.47002736,5.096086,6.069125,-0.24738282,0.14842969,-0.2721211,1.4595586,0.99956757,0.0030322839,0.025776139,-0.013830275,1.5254585,-0.028762136,-0.3249056,-0.16280572,-5.959168,9.494206,0.005356127,0.051636804,-0.02753244,30.553260803222656,4.887991428375244,-0.1969515,-0.065575056,0.16605423,-0.021277204,-0.05769988,0.08124574,0.4180758,-0.07006975,-0.0321084,-0.20572016,0.39197326,0.08318856,0.048490457,0.1470165,1.2697647,0.122663796,-0.01442497,0.69031143,-1.1954811,-0.049237873,0.65360624,-1.2584864,0.012122614,0.70675415,-0.9825588,-0.0080271,0.61856997,-1.2020066,0.0,0.0,0.0,0.0,0.0,0.0,0.0,0.0,0.0,0.0,0.0,0.0,0.0,0.0,0.0,0.0,-0.70069754,-0.21277204,1.226638,0.83188564,50.0,50.0,50.0,50.0,50.0,50.0,50.0,50.0,50.0,50.0,50.0,50.0,0.0,0.0,0.0,0.0,1.0,1.0,1.0,1.0,1.0,1.0,1.0,1.0,1.0,1.0,1.0,1.0,0.5,0.5,0.5,0.5
1788527467.6584141,235,5.60852899980091,4.096737000509165,5.100960999698145,1.06701,6.176771,9038990,1,0,0.0,0.0,0.0,0.027575493,0.6338682,-1.4076942,-0.046074964,0.6625857,-1.3397833,-0.05896288,0.6499184,-1.203392,-0.033080757,0.66106045,-1.2638787,-4.3577237,-5.8663626,-3.2361836,-1.5573853,-1.3138026,0.43018317,2.7196066,-1.2556697,0.3759258,-1.3972106,-0.48056495,1.8369983,0.5782955,-0.59683067,-1.1045243,-0.17793709,-0.2286559,0.2596601,2.2516794,-0.23253144,-0.9400547,2.721211,7.064841,0.9895313,-0.8411016,5.64239,4.230246,1.1874375,11.18995,1.9790626,-1.2121758,3.2242227,-0.14842969,-0.24738282,-0.51950395,0.47002736,0.99941075,0.013556685,0.02418555,-0.020238262,0.64235437,-0.13741909,-0.82451457,-0.45729253,2.4995465,11.48738,0.026152698,0.048910823,-0.039855123,30.606380462646484,3.3498125076293945,-0.21503484,-0.47493446,-0.49261326,0.0008228794,-0.2162369,0.08686397,1.1731377,-0.045663096,-0.010967251,-0.87061155,0.69524413,-0.08680062,0.24934515,0.63709295,0.5614361,0.02025573,-0.054059226,0.691716,-1.0067155,-0.05375871,0.55126643,-1.4231533,0.06233629,0.8292732,-1.1596409,-0.0027418127,0.45234713,-1.1261889,0.0,0.0,0.0,0.0,0.0,0.0,0.0,0.0,0.0,0.0,0.0,0.0,0.0,0.0,0.0,0.0,-0.45663095,0.008228794,0.2025573,-0.8680062,50.0,50.0,50.0,50.0,50.0,50.0,50.0,50.0,50.0,50.0,50.0,50.0,0.0,0.0,0.0,0.0,1.0,1.0,1.0,1.0,1.0,1.0,1.0,1.0,1.0,1.0,1.0,1.0,0.5,0.5,0.5,0.5
1788527467.6760945,236,3.321096000945545,2.2314620000543073,2.9100440006004646,0.976991,3.893019,9039010,1,0,0.0,0.0,0.0,0.036719322,0.61891115,-1.3567806,-0.04973854,0.6646748,-1.3614252,-0.05605623,0.6515231,-1.2075467,-0.032808244,0.6499183,-1.2587763,-4.3739223,-5.858551,-3.2257981,-1.5500884,-0.015502095,-0.80610895,4.1754556,0.09301257,0.10851467,-1.8460974,0.7363495,0.6045817,-1.4962891,0.36817476,-0.80998445,1.140415,-1.4765745,0.3720503,-0.38755238,0.577453,-4.74975,4.527106,14.366757,-0.2721211,-6.159832,-1.2327911,5.442422,8.78209,4.1251087,1.2121758,-9.573715,5.5001445,0.56898046,-0.22264454,0.2721211,-0.7668867,0.9992979,0.012326948,0.023551354,-0.026401725,-0.19707389,0.23009709,-0.32384035,2.9903579,2.44448,10.199299,0.023421818,0.047738675,-0.052269064,30.411605834960938,9.297438621520996,-0.18031685,-0.058377713,-0.5357088,0.056687556,-0.17069718,-0.63592744,1.3125774,-0.14724323,-0.09041147,-0.52929664,0.3899964,-0.07073037,0.044124387,0.2987377,0.2694682,-0.019795239,-0.042674296,0.51101816,-0.97185564,-0.045079213,0.6554056,-1.4339272,0.011031097,0.74468446,-1.2326329,-0.022602867,0.53767586,-1.2025008,0.0,0.0,0.0,0.0,0.0,0.0,0.0,0.0,0.0,0.0,0.0,0.0,0.0,0.0,0.0,0.0,-1.4724324,0.5668756,-0.19795239,-0.70730376,50.0,50.0,50.0,50.0,50.0,50.0,50.0,50.0,50.0,50.0,50.0,50.0,0.0,0.0,0.0,0.0,1.0,1.0,1.0,1.0,1.0,1.0,1.0,1.0,1.0,1.0,1.0,1.0,0.5,0.5,0.5,0.5
1788527467.6978185,237,5.029949999880046,3.848089998427895,4.717779998827609,1.028928,5.752725,9039030,1,0,0.0,0.0,0.0,0.03347957,0.58963275,-1.3309368,-0.046105236,0.66691536,-1.3991799,-0.042491883,0.66423965,-1.2292202,-0.024845302,0.6442867,-1.2534844,-4.3874264,-5.8410807,-3.2369103,-1.5257756,0.06975943,-0.5348223,0.8977735,0.03100419,-0.07363495,-1.3729464,1.1432796,1.561836,-0.8613773,0.05038181,-0.2751622,-0.5095472,-0.40305448,1.2091634,-0.4224321,1.5385829,-4.106555,-3.7107422,17.543566,0.0,-0.5442422,-0.80605567,1.58325,2.5975196,0.33190528,0.14842969,-5.244516,3.0819776,-0.47002736,-0.32159767,0.14842969,-1.0637461,0.9994017,0.007652354,0.02305192,-0.024623722,-0.6412891,-0.15978965,0.50280476,-0.62967503,-0.14604631,12.151771,0.01417608,0.046469837,-0.048937514,30.56211280822754,4.511992454528809,-0.06543321,0.7127778,0.24536036,-0.16739862,0.026725803,-0.7664108,0.08110335,-0.0508906,-0.18416639,0.38434008,0.8044793,0.013061587,-0.083859906,-0.38047102,0.38534725,0.19989307,0.0066814506,0.4783973,-1.2797241,-0.016358303,0.8481945,-1.2386599,-0.020964976,0.57488227,-1.2036631,-0.046041597,0.766085,-1.0988802,0.0,0.0,0.0,0.0,0.0,0.0,0.0,0.0,0.0,0.0,0.0,0.0,0.0,0.0,0.0,0.0,-0.508906,-1.6739862,1.9989307,0.13061586,50.0,50.0,50.0,50.0,50.0,50.0,50.0,50.0,50.0,50.0,50.0,50.0,0.0,0.0,0.0,0.0,1.0,1.0,1.0,1.0,1.0,1.0,1.0,1.0,1.0,1.0,1.0,1.0,0.5,0.5,0.5,0.5
1788527467.717649,238,4.877560999375419,3.811160000623204,4.605201000231318,0.975423,5.586128,9039050,1,0,0.0,0.0,0.0,0.030572891,0.57600784,-1.3141919,-0.041714996,0.68093383,-1.3977424,-0.020449847,0.67153656,-1.2363762,-0.019940317,0.661121,-1.2503881,-4.383339,-5.8323,-3.2398472,-1.5101826,0.15114543,-0.48056495,-0.8613773,0.39917895,2.8717632,2.594242,0.325544,-0.98050755,-0.14356288,0.5076936,-0.054257333,0.6308679,1.2750474,-0.46893838,0.11626572,0.64333695,-1.4595586,-4.675535,2.5129972,0.86583984,6.159832,4.836334,-0.32159767,-4.4034142,1.6121113,-1.8801094,5.7145433,7.965727,-0.9400547,-0.47002736,0.8411016,-0.22264454,0.9995794,0.003984658,0.022937471,-0.017296506,-0.2663161,0.14061488,0.97045577,-2.4313118,2.0649989,8.301894,0.007180147,0.04600972,-0.03443891,30.553260803222656,4.785446643829346,0.15899704,0.15599255,1.0764301,-0.3943633,0.29458246,-0.89814746,-0.44492707,0.035978943,-0.26848182,0.68322325,0.36654297,0.2528134,-0.30553216,-0.88731587,0.5219969,0.16009031,0.073645614,0.44546315,-1.4112318,0.03974926,0.70899814,-1.0308924,-0.07638304,0.44817105,-1.1695007,-0.067120455,0.8408058,-1.2083642,0.0,0.0,0.0,0.0,0.0,0.0,0.0,0.0,0.0,0.0,0.0,0.0,0.0,0.0,0.0,0.0,0.35978943,-3.943633,1.6009032,2.5281339,50.0,50.0,50.0,50.0,50.0,50.0,50.0,50.0,50.0,50.0,50.0,50.0,0.0,0.0,0.0,0.0,1.0,1.0,1.0,1.0,1.0,1.0,1.0,1.0,1.0,1.0,1.0,1.0,0.5,0.5,0.5,0.5
1788527467.7377415,239,4.957052000463591,3.8263919996097684,4.664915000830661,1.0224,5.693555,9039070,1,0,0.0,0.0,0.0,0.037748694,0.57413065,-1.3322637,-0.039535016,0.6775428,-1.355912,-0.021933436,0.67053735,-1.2339908,-0.018426418,0.666692,-1.2582234,-4.360782,-5.863183,-3.2321868,-1.5230505,1.4261928,-0.3720503,-2.0119023,-0.038755238,-1.8214962,2.7094967,-1.2479186,-0.7479761,0.10716666,-0.40305448,0.48056495,-1.3567703,1.1665326,-3.0074065,1.2905494,-0.8797439,0.37107423,-6.1845703,-1.9914317,4.2055078,3.2654533,12.944306,-1.4100821,-10.835367,2.9871476,-2.0780158,8.534707,4.1251087,-0.37107423,-0.22264454,0.14842969,1.6327267,0.99970114,0.0031092565,0.021260941,-0.011660907,-0.03941478,-0.055393744,0.27483818,0.40940848,-4.3478703,9.015367,0.005726036,0.042594567,-0.023205763,30.43816375732422,8.408713340759277,0.060552254,0.009429283,1.1294037,-0.45330623,0.17816356,-0.024892204,-0.3492391,0.25142452,-0.10783802,0.35769644,0.31413743,0.32395786,-0.17673546,-0.27357185,1.0404897,0.25431854,0.04454089,0.663777,-1.3873098,0.015138064,0.6723573,-1.017649,-0.044183865,0.6016071,-1.0398775,-0.026959505,0.75942415,-1.2214656,0.0,0.0,0.0,0.0,0.0,0.0,0.0,0.0,0.0,0.0,0.0,0.0,0.0,0.0,0.0,0.0,2.5142453,-4.5330625,2.5431852,3.2395787,50.0,50.0,50.0,50.0,50.0,50.0,50.0,50.0,50.0,50.0,50.0,50.0,0.0,0.0,0.0,0.0,1.0,1.0,1.0,1.0,1.0,1.0,1.0,1.0,1.0,1.0,1.0,1.0,0.5,0.5,0.5,0.5
1788527467.757551,240,4.777783000463387,3.7324050008464837,4.510734001087258,0.998624,5.514926,9039090,1,0,0.0,0.0,0.0,0.040988445,0.58421314,-1.3591818,-0.033994228,0.6715478,-1.3245866,-0.027171463,0.66163576,-1.2198209,-0.018426418,0.6799536,-1.2795019,-4.327931,-5.93046,-3.1839247,-1.5215064,-0.07363495,2.685738,-0.10514465,-0.38367686,0.05813286,-0.17591508,-0.4185566,-0.6200838,0.9018175,-0.13176781,0.6704656,-0.41249055,2.4067004,-2.7283688,3.4027097,0.8448642,0.24738282,1.7316797,-1.3276211,2.9191172,0.0,16.26336,-0.44528908,-2.3006601,8.866612,-0.32159767,3.339668,3.0819776,0.0,-0.89057815,-0.5442422,1.0884844,0.99969196,0.0033500919,0.020525146,-0.013549019,0.52411,-0.19494337,-0.5890912,-1.5155296,-2.0769699,8.356961,0.006147168,0.04114003,-0.026978265,30.588674545288086,3.8625388145446777,-0.2850619,-0.64710855,-0.013558809,-0.3904557,-0.048286036,0.17941517,0.39376703,-0.02549648,0.16666777,-0.5220238,0.18357487,0.13949433,0.21129107,0.3072363,1.0758188,-0.05754477,-0.012071509,0.7148538,-1.2015582,-0.071265474,0.5082229,-1.3033897,0.05282277,0.7468091,-1.0310452,0.041666944,0.53949404,-1.2541063,0.0,0.0,0.0,0.0,0.0,0.0,0.0,0.0,0.0,0.0,0.0,0.0,0.0,0.0,0.0,0.0,-0.2549648,-3.904557,-0.57544774,1.3949432,50.0,50.0,50.0,50.0,50.0,50.0,50.0,50.0,50.0,50.0,50.0,50.0,0.0,0.0,0.0,0.0,1.0,1.0,1.0,1.0,1.0,1.0,1.0,1.0,1.0,1.0,1.0,1.0,0.5,0.5,0.5,0.5
1788527467.7776089,241,4.827639999348321,3.735350001079496,4.542671000308474,1.003936,5.553583,9039110,1,0,0.0,0.0,0.0,0.038869023,0.5924183,-1.3528945,-0.04671079,0.67336446,-1.3374295,-0.027595341,0.6652994,-1.2192364,-0.018971443,0.67238426,-1.2842727,-4.299379,-5.977723,-3.1418085,-1.5139673,0.37980133,0.38367686,2.2504997,-1.4106907,0.7867313,-1.6519842,0.06975943,0.41468105,-0.491349,0.1472699,-0.2906643,-0.19815722,-0.054257333,-1.4610726,1.3525578,-0.5386978,-3.1170235,6.036141,5.4053144,0.0,-9.400547,3.0345626,4.2055078,3.958125,10.573554,3.0428088,-6.8772426,1.4698663,-0.024738282,-1.4100821,-0.8411016,0.89057815,0.99960905,0.00528397,0.018255116,-0.020508926,-0.0149137005,0.21518339,-0.66898596,1.9201498,0.92296475,9.651027,0.009821801,0.036720946,-0.040847786,30.517845153808594,5.845080852508545,-0.20536926,-0.5937938,-0.37882054,-0.04232344,-0.11787962,0.09117546,1.0492426,-0.24861613,0.037344262,-0.6678364,0.35193878,0.050327007,0.264348,0.61305034,0.5688998,-0.18866998,-0.029469905,0.6927939,-1.0376893,-0.051342316,0.52155155,-1.394705,0.066087,0.8232626,-1.157775,0.0093360655,0.5030409,-1.2120153,0.0,0.0,0.0,0.0,0.0,0.0,0.0,0.0,0.0,0.0,0.0,0.0,0.0,0.0,0.0,0.0,-2.4861612,-0.4232344,-1.8866998,0.5032701,50.0,50.0,50.0,50.0,50.0,50.0,50.0,50.0,50.0,50.0,50.0,50.0,0.0,0.0,0.0,0.0,1.0,1.0,1.0,1.0,1.0,1.0,1.0,1.0,1.0,1.0,1.0,1.0,0.5,0.5,0.5,0.5
1788527467.7970567,242,4.283238999050809,3.3497369986434933,4.024927000500611,0.972638,5.003389,9039130,1,0,0.0,0.0,0.0,0.04589331,0.58666563,-1.3262924,-0.045196913,0.67860246,-1.3531475,-0.023205101,0.6652086,-1.2248443,-0.015610635,0.66003096,-1.2778432,-4.3104305,-5.983324,-3.1554937,-1.4946502,-0.27128667,-0.04263076,3.9368584,0.038755238,-0.36429924,-1.1909653,0.30616638,0.5386978,-0.9301258,-0.08913705,-1.302176,0.73803455,-1.8369983,0.5038181,-2.154791,1.5889648,-3.6365275,5.5661135,11.28478,-0.4205508,-7.7925587,-0.80605567,4.3291993,7.8420353,4.314769,1.3853438,-6.8772426,2.5129972,-0.024738282,-0.47002736,0.14842969,-0.47002736,0.99951386,0.003357342,0.02000387,-0.023679206,0.07669903,0.33236247,-0.04687163,1.5717934,-1.8986019,9.070433,0.0057687503,0.04015808,-0.047256745,30.455873489379883,7.7250776290893555,-0.1662017,-0.024253247,-0.26655227,0.13475451,-0.096011415,-0.5696636,1.0687735,-0.3795981,-0.016686928,-0.2102177,0.15545233,0.002813369,0.007722336,0.1225376,0.51059765,-0.20236605,-0.024002854,0.52758414,-1.0328066,-0.041550424,0.66393673,-1.3666381,0.001930584,0.7006344,-1.1723505,-0.004171732,0.6174456,-1.2611369,0.0,0.0,0.0,0.0,0.0,0.0,0.0,0.0,0.0,0.0,0.0,0.0,0.0,0.0,0.0,0.0,-3.7959812,1.3475451,-2.0236607,0.02813369,50.0,50.0,50.0,50.0,50.0,50.0,50.0,50.0,50.0,50.0,50.0,50.0,0.0,0.0,0.0,0.0,1.0,1.0,1.0,1.0,1.0,1.0,1.0,1.0,1.0,1.0,1.0,1.0,0.5,0.5,0.5,0.5
1788527467.8170218,243,4.23898099870712,3.201444998921943,3.9505559998360695,1.016,4.972477,9039150,1,0,0.0,0.0,0.0,0.039595604,0.56843853,-1.3057406,-0.043834426,0.68362856,-1.3739837,-0.01923874,0.6701438,-1.2334063,-0.008101821,0.6470722,-1.2698184,-4.373105,-5.96101,-3.195006,-1.4577723,0.18214962,-0.6045817,-0.119298734,0.06200838,-0.034879714,-0.43473268,0.40693003,0.577453,0.15973899,0.10076362,-0.39917895,-0.58031756,-2.2594304,1.8563759,-2.44158,1.805994,-3.5375743,-1.5090352,14.271927,0.049476564,-0.96479297,0.66381055,0.6679336,0.9400547,2.7974875,0.074214846,-1.1132227,1.2327911,-0.6679336,-0.32159767,0.32159767,-0.89057815,0.99957067,0.0007468454,0.021195807,-0.020213945,-0.42290995,-0.15552859,0.5624595,-0.7350199,-0.5470751,9.436746,0.0006367205,0.042416323,-0.040426232,30.63294219970703,2.4952683448791504,-0.00543811,0.60976887,0.5012804,0.04057899,0.17622973,-0.6270308,-0.06978806,-0.31118742,-0.21765608,0.53567266,0.8415193,0.070132464,-0.15117669,-0.54893935,0.52528495,0.07923621,0.044057433,0.5132423,-1.317447,-0.0013595275,0.82244223,-1.1746799,-0.037794173,0.53276515,-1.1686788,-0.05441402,0.8039182,-1.0896201,0.0,0.0,0.0,0.0,0.0,0.0,0.0,0.0,0.0,0.0,0.0,0.0,0.0,0.0,0.0,0.0,-3.111874,0.4057899,0.7923621,0.70132464,50.0,50.0,50.0,50.0,50.0,50.0,50.0,50.0,50.0,50.0,50.0,50.0,0.0,0.0,0.0,0.0,1.0,1.0,1.0,1.0,1.0,1.0,1.0,1.0,1.0,1.0,1.0,1.0,0.5,0.5,0.5,0.5
1788527467.8361287,244,3.3515300001454307,2.1427880001283484,2.85941799847933,1.006111,3.871546,9039170,1,0,0.0,0.0,0.0,0.045408964,0.5737976,-1.3137497,-0.035538383,0.69625425,-1.3660537,-0.016120166,0.6637552,-1.232648,-0.008374274,0.66378546,-1.2730726,-4.394844,-5.9398155,-3.2361836,-1.4355788,0.53094673,-0.05813286,-2.0543647,1.3990641,-0.5890796,1.4700031,-0.85649073,0.18214962,0.28712577,0.4185566,-0.5619509,0.28510374,-0.15502095,0.13951886,-0.68984324,0.7130964,-0.59371877,-3.0180705,1.6121113,0.34633595,7.19884,8.819198,-0.24738282,-7.124625,2.6078272,-2.8201642,7.91625,10.051989,-1.4842969,0.12369141,0.6926719,0.0,0.99968606,-0.0022729489,0.02063415,-0.014025416,-0.61359227,-0.25779396,0.59548277,0.39863458,-1.0546459,7.740454,-0.0051276507,0.04120324,-0.02816345,30.535554885864258,5.229809284210205,0.099293485,0.33159083,1.0105659,-0.14558074,0.23703107,-0.3942657,-0.5630938,-0.14567131,-0.3165017,0.56246245,0.96365786,0.11704633,-0.22014916,-0.61208355,0.7032643,0.15254521,0.059257768,0.5714336,-1.4407734,0.024823371,0.75289774,-1.0473585,-0.05503729,0.5169791,-1.1241839,-0.07912543,0.81061566,-1.0590855,0.0,0.0,0.0,0.0,0.0,0.0,0.0,0.0,0.0,0.0,0.0,0.0,0.0,0.0,0.0,0.0,-1.4567131,-1.4558074,1.5254521,1.1704633,50.0,50.0,50.0,50.0,50.0,50.0,50.0,50.0,50.0,50.0,50.0,50.0,0.0,0.0,0.0,0.0,1.0,1.0,1.0,1.0,1.0,1.0,1.0,1.0,1.0,1.0,1.0,1.0,0.5,0.5,0.5,0.5
1788527467.8575313,245,4.7596700005669845,3.6991880006098654,4.497742000239668,1.000671,5.504237,9039190,1,0,0.0,0.0,0.0,0.047982454,0.5878767,-1.3471286,-0.03263174,0.6877463,-1.3488824,-0.02438593,0.6607275,-1.2291095,-0.012280107,0.6645423,-1.2740362,-4.396358,-5.959072,-3.2198334,-1.4533215,0.30616638,0.2596601,-2.8854117,-0.2092783,0.08526152,0.7825188,-0.7828558,-0.7441006,0.20220123,-0.34879714,-0.027128667,0.10312264,-0.04263076,-1.4533215,2.1199114,-1.5928403,0.24738282,-1.0637461,-1.9914317,3.2654533,3.1665,15.030568,-0.7668867,-6.7040744,5.3104844,-2.9685938,7.5946527,11.18995,-0.59371877,0.0,-0.37107423,1.3853438,0.9997341,-0.0001612183,0.019792587,-0.011837519,0.5432848,0.036218986,-0.026631609,0.49679685,-3.1531637,10.922348,-0.000791561,0.039581165,-0.023695897,30.517845153808594,6.152716636657715,-0.06505845,0.13390349,0.5226126,-0.20613575,0.15194616,-0.05528363,-0.029192135,-0.19239205,-0.13482304,0.13246337,0.6537076,0.03099506,-0.08781507,-0.1414937,1.0427647,0.152237,0.03798654,0.65617913,-1.307298,-0.016264612,0.7034759,-1.1693468,-0.021953767,0.63462657,-1.0393088,-0.03370576,0.7031159,-1.1365731,0.0,0.0,0.0,0.0,0.0,0.0,0.0,0.0,0.0,0.0,0.0,0.0,0.0,0.0,0.0,0.0,-1.9239205,-2.0613575,1.52237,0.3099506,50.0,50.0,50.0,50.0,50.0,50.0,50.0,50.0,50.0,50.0,50.0,50.0,0.0,0.0,0.0,0.0,1.0,1.0,1.0,1.0,1.0,1.0,1.0,1.0,1.0,1.0,1.0,1.0,0.5,0.5,0.5,0.5
1788527467.8776054,246,4.83605599947623,3.783959000429604,4.5709280002483865,0.999008,5.575664,9039210,1,0,0.0,0.0,0.0,0.040958166,0.6019255,-1.3762108,-0.04761911,0.6818422,-1.3479662,-0.0338628,0.6544903,-1.2249707,-0.024663627,0.659486,-1.2748102,-4.3990526,-5.9873514,-3.1783838,-1.4829328,-0.49606705,1.0270138,0.8512672,-0.8758684,-0.015502095,-0.58638364,-0.3100419,-0.6627146,0.26488364,-0.28678876,0.03100419,0.19613521,-0.6162083,-1.6664752,2.1857955,-1.147155,0.32159767,1.9295859,2.418167,2.44909,0.9895313,9.814914,0.96479297,-0.37107423,9.577838,-0.14842969,2.1274922,6.827766,-0.59371877,-0.14842969,-0.2721211,0.6679336,0.9996368,0.007047861,0.020892493,-0.015500036,0.874582,0.31318772,-0.61359227,1.0606314,-2.2301989,8.852561,0.013455202,0.042000644,-0.030726247,30.624088287353516,2.666177272796631,-0.22897808,-0.27123684,-0.33238384,-0.08744448,-0.098614156,-0.014731798,0.91769534,-0.2632408,0.061130326,-0.54864776,0.24397032,-0.04648523,0.21899965,0.44423357,0.8429681,0.031143406,-0.024653539,0.66631705,-1.0705761,-0.05724452,0.6021908,-1.3830959,0.054749914,0.78105843,-1.089258,0.015282582,0.5328381,-1.2390074,0.0,0.0,0.0,0.0,0.0,0.0,0.0,0.0,0.0,0.0,0.0,0.0,0.0,0.0,0.0,0.0,-2.6324081,-0.8744448,0.31143406,-0.4648523,50.0,50.0,50.0,50.0,50.0,50.0,50.0,50.0,50.0,50.0,50.0,50.0,0.0,0.0,0.0,0.0,1.0,1.0,1.0,1.0,1.0,1.0,1.0,1.0,1.0,1.0,1.0,1.0,0.5,0.5,0.5,0.5
1788527467.897845,247,5.046815000241622,3.7840229997527786,4.683315999500337,1.018912,5.70962,9039230,1,0,0.0,0.0,0.0,0.03644681,0.60401464,-1.3524048,-0.05185797,0.6754233,-1.359419,-0.038434714,0.6529764,-1.2230593,-0.02529943,0.64141035,-1.2765322,-4.4218516,-6.008848,-3.1559176,-1.4976175,0.5038181,-0.84873974,2.3718207,-0.33717057,-0.68984324,-2.0260565,0.9998852,0.4224321,-0.4205786,0.44180974,-2.1392891,-0.6146918,-1.8292472,-0.7906069,0.6200838,-0.6084572,-3.9086485,4.106555,11.806345,0.0,-3.3891447,0.99571586,3.8591719,6.5556445,7.491576,1.7811563,-3.7602189,2.418167,-0.22264454,-0.049476564,-0.14842969,0.049476564,0.9994754,0.008655621,0.021845264,-0.02228975,-0.3462109,-0.32916668,-0.71798813,1.115698,5.1223946,13.0759325,0.016344901,0.044067733,-0.0442353,30.54440689086914,5.298172950744629,-0.24929422,0.07564819,-0.670759,-0.038177397,-0.1634586,0.17993426,1.076085,-0.090003364,0.10491953,-0.7897593,0.8963787,-0.1409383,0.31154445,0.68419456,0.69400454,-0.035182234,-0.04086465,0.7149836,-1.0309787,-0.062323555,0.68891203,-1.4676898,0.07788611,0.84104866,-1.1264988,0.026229883,0.4725602,-1.0759053,0.0,0.0,0.0,0.0,0.0,0.0,0.0,0.0,0.0,0.0,0.0,0.0,0.0,0.0,0.0,0.0,-0.90003365,-0.38177398,-0.35182235,-1.4093829,50.0,50.0,50.0,50.0,50.0,50.0,50.0,50.0,50.0,50.0,50.0,50.0,0.0,0.0,0.0,0.0,1.0,1.0,1.0,1.0,1.0,1.0,1.0,1.0,1.0,1.0,1.0,1.0,0.5,0.5,0.5,0.5
1788527467.9176533,248,4.870296999797574,3.7630619990522973,4.577039999276167,1.004351,5.587568,9039250,1,0,0.0,0.0,0.0,0.040715933,0.5985646,-1.3249339,-0.050586313,0.69168234,-1.389765,-0.02362898,0.65548944,-1.2260133,-0.01179564,0.6345676,-1.2714928,-4.4634833,-6.0010366,-3.1685433,-1.4895031,0.5580754,0.13564333,0.7885848,0.24415801,1.1239018,-2.086717,0.8991215,0.6704656,-0.20017922,0.9998852,-0.4921915,1.304198,-1.2866739,0.32941952,-1.3913131,0.732474,-4.7992268,5.961926,14.935738,-0.89057815,-1.2121758,-1.7069415,4.4034142,9.054212,5.3104844,0.9400547,-8.015203,8.819198,0.2721211,-0.34633595,0.59371877,-1.0884844,0.9994414,0.0021488522,0.022433016,-0.02467946,-0.72331446,-0.07137271,0.11611381,-0.46447513,-0.94570965,8.890868,0.0031912646,0.044962183,-0.04930472,30.447019577026367,7.861804962158203,-0.13460472,0.21423647,-0.19882222,-0.20502397,0.02152272,-0.5857296,0.32096744,-0.23939896,-0.051457882,-0.0950493,0.8513827,-0.105252475,0.009457252,-0.03338214,0.5317331,0.006972185,0.00538068,0.5235676,-1.219758,-0.03365118,0.72355914,-1.3497055,0.002364313,0.6616545,-1.1670667,-0.0128644705,0.6462377,-1.0871543,0.0,0.0,0.0,0.0,0.0,0.0,0.0,0.0,0.0,0.0,0.0,0.0,0.0,0.0,0.0,0.0,-2.3939896,-2.0502398,0.06972185,-1.0525248,50.0,50.0,50.0,50.0,50.0,50.0,50.0,50.0,50.0,50.0,50.0,50.0,0.0,0.0,0.0,0.0,1.0,1.0,1.0,1.0,1.0,1.0,1.0,1.0,1.0,1.0,1.0,1.0,0.5,0.5,0.5,0.5
1788527467.9375646,249,4.783383001267794,3.736725000635488,4.518990001088241,1.044961,5.569392,9039270,1,0,0.0,0.0,0.0,0.04008007,0.58633256,-1.3240176,-0.046862178,0.6967387,-1.4261296,-0.01448518,0.65664,-1.227751,-0.0018646121,0.63529426,-1.2604192,-4.4904304,-6.003913,-3.2047858,-1.4766048,-0.15889648,-2.3718207,-0.64299995,0.40693003,0.3565482,-0.18400313,-0.034879714,0.046506286,0.03437421,-0.43405867,1.050267,-0.35385218,-1.8214962,-0.46893838,-1.9765172,0.7479761,-1.6079884,-0.8411016,5.83205,0.2721211,1.0637461,3.2716377,0.89057815,0.32159767,2.7026572,-0.074214846,-0.47002736,9.767498,-0.14842969,-0.7668867,0.96479297,-0.791625,0.99954414,-0.0029536725,0.022935316,-0.019412257,-0.49215212,0.26098976,0.7989482,0.9576807,-2.634819,10.041282,-0.0068022744,0.045751005,-0.03899297,30.65064811706543,1.8458150625228882,0.09569608,0.6152623,0.9318032,-0.21022227,0.17873126,-0.50923204,-0.38225454,-0.14747593,-0.29101834,0.73781013,0.6642453,0.06702122,-0.21288955,-0.6225487,0.6760028,0.15600431,0.044682816,0.542692,-1.3955636,0.02392402,0.8238156,-1.0670491,-0.053222388,0.5143628,-1.1309992,-0.072754584,0.85445255,-1.1339387,0.0,0.0,0.0,0.0,0.0,0.0,0.0,0.0,0.0,0.0,0.0,0.0,0.0,0.0,0.0,0.0,-1.4747593,-2.1022227,1.5600431,0.6702122,50.0,50.0,50.0,50.0,50.0,50.0,50.0,50.0,50.0,50.0,50.0,50.0,0.0,0.0,0.0,0.0,1.0,1.0,1.0,1.0,1.0,1.0,1.0,1.0,1.0,1.0,1.0,1.0,0.5,0.5,0.5,0.5
1788527467.9560182,250,3.244038000048022,2.2203580010682344,2.9287960005603964,1.003039,3.937404,9039290,1,0,0.0,0.0,0.0,0.035598993,0.58606005,-1.3330061,-0.037415586,0.70297587,-1.3903968,-0.016150445,0.6391396,-1.2230119,-0.008313715,0.64216727,-1.263626,-4.507628,-6.0177193,-3.2237396,-1.4840531,0.54257333,-0.096888095,-1.8056571,1.3448068,-0.48056495,2.7923992,-1.1277775,-0.895246,0.8836195,0.13951886,0.11626572,-0.7602767,0.10076362,-1.7943674,0.15889648,-1.147155,0.0,-2.0285392,-1.0431309,1.6822032,6.7782893,15.646963,-0.6926719,-5.6650667,3.508713,-3.4633594,10.8601055,7.5864067,-0.8411016,-0.049476564,0.6679336,0.9400547,0.999555,-0.004270585,0.027094178,-0.01172846,-0.17044228,0.03728425,0.6508765,-0.30047232,-0.9983821,0.5351041,-0.009186479,0.054090437,-0.023714803,30.455873489379883,7.793440818786621,0.07835967,0.10029565,1.3981403,-0.2767282,0.22597003,-0.30026194,-0.586205,0.0488467,-0.18026097,0.5351119,0.2941645,0.17262836,-0.27490976,-0.6639626,1.060624,0.22995953,0.056492507,0.5949345,-1.4465512,0.019589918,0.6950739,-0.95046484,-0.06872744,0.50400937,-1.0348439,-0.045065243,0.803778,-1.2264588,0.0,0.0,0.0,0.0,0.0,0.0,0.0,0.0,0.0,0.0,0.0,0.0,0.0,0.0,0.0,0.0,0.48846698,-2.767282,2.2995954,1.7262836,50.0,50.0,50.0,50.0,50.0,50.0,50.0,50.0,50.0,50.0,50.0,50.0,0.0,0.0,0.0,0.0,1.0,1.0,1.0,1.0,1.0,1.0,1.0,1.0,1.0,1.0,1.0,1.0,0.5,0.5,0.5,0.5
1788527467.9771001,251,4.324999999880674,3.3262170018133475,4.06185599968012,1.030241,5.098017,9039310,1,0,0.0,0.0,0.0,0.034145713,0.5983224,-1.3786594,-0.038445026,0.6876857,-1.3645372,-0.030078113,0.6319033,-1.2088262,-0.015762031,0.65343046,-1.2734833,-4.5025415,-6.0737934,-3.1985788,-1.5030674,-0.20152724,0.44180974,-2.9602263,-0.4224321,0.027128667,0.34374213,-1.1045243,-0.5464489,0.6248018,-0.7557271,1.3564334,-0.8310471,0.2751622,-2.767124,2.8058794,-0.8409887,1.3853438,-0.56898046,-0.7112256,3.3891447,0.34633595,21.71609,-0.86583984,-6.036141,8.961443,-0.74214846,6.308262,3.1293926,0.049476564,0.074214846,-0.22264454,1.2121758,0.9995965,0.00066026906,0.026656594,-0.009790829,0.49534792,-0.21624866,-0.13954963,-3.417723,-0.8415619,14.698004,0.00079916115,0.05332988,-0.019567624,30.50899314880371,6.118535041809082,-0.11341598,-0.33201858,0.67192787,-0.24621019,0.088878006,0.20303896,-0.12710197,-0.086379796,-0.053162366,-0.031488333,0.32803503,0.051575992,-0.07572686,-0.057769403,1.370842,0.18797185,0.022219501,0.72075975,-1.3317754,-0.028353995,0.58699536,-1.132018,-0.018931715,0.6555577,-0.95728946,-0.013290592,0.6621279,-1.2179912,0.0,0.0,0.0,0.0,0.0,0.0,0.0,0.0,0.0,0.0,0.0,0.0,0.0,0.0,0.0,0.0,-0.86379796,-2.462102,1.8797184,0.51575994,50.0,50.0,50.0,50.0,50.0,50.0,50.0,50.0,50.0,50.0,50.0,50.0,0.0,0.0,0.0,0.0,1.0,1.0,1.0,1.0,1.0,1.0,1.0,1.0,1.0,1.0,1.0,1.0,0.5,0.5,0.5,0.5
1788527467.996914,252,4.140514000027906,3.1237140010489384,3.88853900039976,0.926909,4.821112,9039330,1,0,0.0,0.0,0.0,0.03311622,0.6255722,-1.3922448,-0.046498843,0.686626,-1.3646004,-0.03495279,0.6361724,-1.2072307,-0.021211982,0.66551125,-1.2821559,-4.500967,-6.105858,-3.149075,-1.5112727,-0.18990067,0.4999426,0.9281037,-0.61233276,0.41468105,-0.32958803,0.10076362,0.21702933,-0.0020220124,-0.046506286,0.48056495,0.18804716,-0.3759258,-1.131653,2.546219,-0.3914279,-0.4205508,4.725012,1.9914317,1.5090352,-5.6650667,11.94859,0.74214846,0.6679336,12.991721,0.4205508,-0.64319533,2.8923175,-0.14842969,-0.74214846,-0.2721211,0.44528908,0.99955654,0.0046565165,0.025170093,-0.015211981,0.5976133,0.27483818,-0.7850998,-1.364695,-0.92057055,12.683284,0.008554131,0.050480973,-0.03021915,30.5975284576416,3.6916301250457764,-0.2758396,-0.5342035,-0.37367952,0.0071850643,-0.20704311,0.28526098,1.0025086,-0.27476093,0.047220215,-0.63171065,0.093290955,0.024569664,0.26594612,0.63129056,1.0785931,-0.18859214,-0.051760778,0.74131525,-1.0493728,-0.0689599,0.53644913,-1.3934199,0.06648653,0.8278227,-1.0303516,0.011805054,0.5120723,-1.2766773,0.0,0.0,0.0,0.0,0.0,0.0,0.0,0.0,0.0,0.0,0.0,0.0,0.0,0.0,0.0,0.0,-2.7476094,0.07185064,-1.8859214,0.24569663,50.0,50.0,50.0,50.0,50.0,50.0,50.0,50.0,50.0,50.0,50.0,50.0,0.0,0.0,0.0,0.0,1.0,1.0,1.0,1.0,1.0,1.0,1.0,1.0,1.0,1.0,1.0,1.0,0.5,0.5,0.5,0.5
1788527468.0170665,253,4.278342999896267,3.2211569996434264,4.001053999672877,0.989407,4.996669,9039350,1,0,0.0,0.0,0.0,0.03862679,0.627843,-1.3673804,-0.051131308,0.6866866,-1.3721514,-0.032470018,0.6398057,-1.2100583,-0.023603916,0.6599099,-1.2784752,-4.5149856,-6.1074924,-3.1319075,-1.5272288,0.2790377,-0.325544,3.0006664,-0.7944824,0.22090487,-1.8460974,0.0038755238,-0.34879714,-0.6834402,0.17439857,0.14339438,-0.29925784,-1.7091061,1.1161509,-0.7518516,-0.46893838,-4.89818,6.2587852,13.560701,-0.14842969,-8.114157,0.7112256,5.244516,10.21691,10.099403,1.7069415,-7.9409885,0.42673537,-0.37107423,-0.59371877,-0.4205508,0.32159767,0.9994334,0.0058649825,0.024407621,-0.022424614,0.15978965,-0.051132686,-0.45273733,-1.5574282,-3.7852328,9.599552,0.010641665,0.049070317,-0.04460598,30.42045783996582,8.853075981140137,-0.20778179,-0.067834705,-0.51995057,0.24363437,-0.13514274,-0.17992501,1.0005064,-0.35334983,-0.026167873,-0.49350172,0.2527948,-0.06549273,0.13884822,0.3510574,0.7878004,-0.22699118,-0.033785686,0.6250188,-1.0498734,-0.051945448,0.65304136,-1.4299875,0.034712054,0.75776434,-1.1030499,-0.0065419683,0.5466246,-1.2368013,0.0,0.0,0.0,0.0,0.0,0.0,0.0,0.0,0.0,0.0,0.0,0.0,0.0,0.0,0.0,0.0,-3.5334983,2.4363437,-2.2699118,-0.65492725,50.0,50.0,50.0,50.0,50.0,50.0,50.0,50.0,50.0,50.0,50.0,50.0,0.0,0.0,0.0,0.0,1.0,1.0,1.0,1.0,1.0,1.0,1.0,1.0,1.0,1.0,1.0,1.0,0.5,0.5,0.5,0.5
1788527468.0375595,254,4.7812709999561775,3.729205000126967,4.499950000536046,1.007007,5.512589,9039370,1,0,0.0,0.0,0.0,0.039958954,0.61491454,-1.32773,-0.05203963,0.6941651,-1.3956256,-0.029502839,0.6462548,-1.2136759,-0.019243956,0.6571547,-1.2760582,-4.5772057,-6.0782137,-3.180079,-1.5075182,0.38367686,0.17439857,0.36396223,0.41080552,-0.034879714,-1.2758899,0.6084572,0.7479761,0.056616347,0.4224321,0.18214962,0.6652421,-2.9919045,2.3136878,-3.7553828,1.4688236,-4.378676,0.32159767,14.224512,-0.44528908,-2.0285392,-0.52156544,2.7459493,4.9229183,5.3104844,0.2721211,-5.9866643,1.3276211,-0.12369141,0.0,0.74214846,-0.9400547,0.9994513,0.0030809918,0.023296775,-0.02334577,-0.66685545,-0.20772654,0.17363809,-1.4149733,1.5873557,7.6530657,0.0050764023,0.046728846,-0.04659006,30.579822540283203,4.067629337310791,-0.06176932,0.3799488,0.048831742,0.16162819,0.047981486,-0.59269744,0.20365576,-0.26489645,-0.16690685,0.10514483,0.80867195,-0.00050828606,-0.077423446,-0.25715467,0.53569305,-0.058566887,0.011995371,0.5218257,-1.249086,-0.01544233,0.76498723,-1.287792,-0.019355861,0.60571134,-1.1660767,-0.041726712,0.6962862,-1.097832,0.0,0.0,0.0,0.0,0.0,0.0,0.0,0.0,0.0,0.0,0.0,0.0,0.0,0.0,0.0,0.0,-2.6489644,1.6162819,-0.58566886,-0.0050828606,50.0,50.0,50.0,50.0,50.0,50.0,50.0,50.0,50.0,50.0,50.0,50.0,0.0,0.0,0.0,0.0,1.0,1.0,1.0,1.0,1.0,1.0,1.0,1.0,1.0,1.0,1.0,1.0,0.5,0.5,0.5,0.5
1788527468.0574412,255,4.67038699935074,3.6718589999509277,4.40183499995328,0.987903,5.39569,9039390,1,0,0.0,0.0,0.0,0.04447031,0.6070726,-1.3217429,-0.040836945,0.6991004,-1.3980742,-0.022115111,0.6487073,-1.2155083,-0.014036179,0.66920507,-1.2613355,-4.6122065,-6.035735,-3.2378788,-1.4843862,-0.31391743,-0.33329505,-0.2729717,1.1859103,0.3100419,2.3313804,0.10076362,-0.5735775,-0.119298734,0.53094673,0.8991215,0.491349,-1.3874375,1.9997704,-2.6431074,1.0812712,-1.4595586,-4.230246,3.650958,0.17316797,3.2901914,3.2242227,0.14842969,-1.7316797,2.418167,-1.9295859,0.24738282,8.771783,-0.56898046,-0.17316797,0.89057815,-0.51950395,0.9995846,-0.0022559597,0.021487687,-0.0190742,-0.43782362,-0.15872438,0.5581985,0.2825158,0.63087213,7.5644803,-0.0053346953,0.042884603,-0.038274027,30.624088287353516,2.7687225341796875,0.12500541,0.35538417,0.8728347,0.040819257,0.2541396,-0.6379681,-0.34304976,-0.20584193,-0.2771866,0.46757835,0.890156,0.13830128,-0.26542965,-0.65639937,0.5743045,-0.0018938081,0.0635349,0.510508,-1.3857625,0.031251352,0.75884604,-1.0817913,-0.06635741,0.50590014,-1.1564238,-0.06929665,0.7868946,-1.077461,0.0,0.0,0.0,0.0,0.0,0.0,0.0,0.0,0.0,0.0,0.0,0.0,0.0,0.0,0.0,0.0,-2.0584192,0.40819257,-0.018938081,1.3830128,50.0,50.0,50.0,50.0,50.0,50.0,50.0,50.0,50.0,50.0,50.0,50.0,0.0,0.0,0.0,0.0,1.0,1.0,1.0,1.0,1.0,1.0,1.0,1.0,1.0,1.0,1.0,1.0,0.5,0.5,0.5,0.5
1788527468.0775006,256,4.730548000225099,3.7081490008858964,4.467052000109106,0.984863,5.457643,9039410,1,0,0.0,0.0,0.0,0.044742823,0.605801,-1.330368,-0.032026187,0.6909254,-1.3585975,-0.028836727,0.6442565,-1.2129334,-0.015580356,0.6697198,-1.2614303,-4.62023,-6.021777,-3.2547135,-1.4832356,0.70146984,-0.12789229,-1.5670596,0.038755238,-1.2672963,2.0017922,-0.85261524,-0.23253144,0.46304086,-0.30229086,-0.3100419,-0.11121068,0.25190905,-0.7130964,-0.15889648,-0.62783486,0.22264454,-4.9229183,-1.2327911,3.2901914,4.7992268,12.612401,-1.0884844,-6.827766,2.2285068,-2.44909,6.3577385,9.625254,-1.1132227,0.64319533,0.074214846,1.0637461,0.9996284,-0.0014687723,0.022812497,-0.014849901,0.3227751,0.20240022,0.20666128,-1.7729063,-4.5753193,11.036073,-0.0036177447,0.045580197,-0.02979112,30.517845153808594,5.776717662811279,0.01384463,0.25946295,0.8161517,-0.04472324,0.16889758,-0.18931429,-0.07319177,-0.071802236,-0.1586787,0.34353098,0.6007616,0.23665698,-0.16036877,-0.34352276,0.90683407,0.073935375,0.042224396,0.6226714,-1.3182979,0.0034611574,0.7348658,-1.095962,-0.040092193,0.5841193,-1.0732914,-0.039669674,0.75588274,-1.1498096,0.0,0.0,0.0,0.0,0.0,0.0,0.0,0.0,0.0,0.0,0.0,0.0,0.0,0.0,0.0,0.0,-0.71802235,-0.4472324,0.7393538,2.3665698,50.0,50.0,50.0,50.0,50.0,50.0,50.0,50.0,50.0,50.0,50.0,50.0,0.0,0.0,0.0,0.0,1.0,1.0,1.0,1.0,1.0,1.0,1.0,1.0,1.0,1.0,1.0,1.0,0.5,0.5,0.5,0.5
1788527468.0964322,257,3.665427000669297,2.542768001148943,3.280390999861993,0.933629,4.21962,9039430,1,0,0.0,0.0,0.0,0.040382862,0.61533844,-1.3570807,-0.03826336,0.6819633,-1.3454545,-0.03525555,0.63738346,-1.2028075,-0.021817505,0.66950786,-1.2624886,-4.612237,-6.0337973,-3.2358503,-1.4977992,-0.33717057,0.68596774,-0.33363205,-0.5929552,0.37980133,-0.37811634,-0.19377619,-0.51544464,0.61671376,-0.32941952,0.37980133,0.036396224,0.32941952,-0.39530346,1.5773382,-0.40305448,0.34633595,-0.24738282,1.8491865,2.6469963,2.3996134,13.276212,-0.074214846,-2.2264454,6.4010305,-0.5442422,4.0076017,5.974295,-0.51950395,-0.024738282,-0.4205508,1.2121758,0.9995968,0.0027890443,0.023385778,-0.015867434,0.49321738,-0.09800432,-0.3845604,-2.6731262,-1.1839328,9.727641,0.004839024,0.046858355,-0.031631615,30.606380462646484,3.1447219848632812,-0.1377581,-0.24884179,0.065755434,-0.100369304,0.021673148,0.0108958855,0.44335017,0.001540523,0.015952472,-0.39536783,0.5289817,0.11460516,0.08834067,0.14393535,0.9588081,-0.049885023,0.005418287,0.672724,-1.1891624,-0.034439526,0.6077896,-1.2835611,0.022085167,0.7059839,-1.060298,0.003988118,0.57115805,-1.1677545,0.0,0.0,0.0,0.0,0.0,0.0,0.0,0.0,0.0,0.0,0.0,0.0,0.0,0.0,0.0,0.0,0.01540523,-1.0036931,-0.49885023,1.1460516,50.0,50.0,50.0,50.0,50.0,50.0,50.0,50.0,50.0,50.0,50.0,50.0,0.0,0.0,0.0,0.0,1.0,1.0,1.0,1.0,1.0,1.0,1.0,1.0,1.0,1.0,1.0,1.0,0.5,0.5,0.5,0.5
1788527468.116429,258,3.6437629987631226,2.302503999089822,3.1282269992516376,1.072481,4.228741,9039450,1,0,0.0,0.0,0.0,0.03139043,0.6269649,-1.3381085,-0.042714156,0.6716083,-1.3526263,-0.0356189,0.64552814,-1.2011489,-0.020333946,0.65346074,-1.2629783,-4.6127515,-6.04506,-3.2144141,-1.4982231,-0.4921915,0.3720503,2.0584085,0.15114543,-0.046506286,-1.0453805,-0.15502095,1.0076362,-0.056616347,0.61233276,-1.2556697,0.115254715,-0.07363495,-0.5464489,0.5541999,0.15114543,-0.86583984,2.2264454,6.5906906,0.2721211,-3.5623126,4.504429,3.2901914,2.3501368,7.396746,0.64319533,-3.339668,4.646674,0.024738282,-0.24738282,-0.44528908,0.4205508,0.999517,0.004651595,0.022334022,-0.021101993,0.010652643,-0.092677996,-0.6519418,0.23942018,2.7629087,9.653421,0.008364624,0.04485783,-0.042030465,30.624088287353516,3.0763583183288574,-0.19381969,-0.2933924,-0.39678538,0.00707525,-0.12322586,0.01870256,1.112308,0.024433903,0.025334403,-0.76498735,0.7799011,0.07871091,0.23086038,0.5760038,0.7046744,-0.06808671,-0.030806465,0.67467564,-1.021923,-0.04845492,0.5966519,-1.3991963,0.057715096,0.81400096,-1.1238314,0.0063336007,0.47875318,-1.1050247,0.0,0.0,0.0,0.0,0.0,0.0,0.0,0.0,0.0,0.0,0.0,0.0,0.0,0.0,0.0,0.0,0.24433903,0.0707525,-0.68086714,0.78710914,50.0,50.0,50.0,50.0,50.0,50.0,50.0,50.0,50.0,50.0,50.0,50.0,0.0,0.0,0.0,0.0,1.0,1.0,1.0,1.0,1.0,1.0,1.0,1.0,1.0,1.0,1.0,1.0,0.5,0.5,0.5,0.5
1788527468.137795,259,5.012957999497303,3.716468998391065,4.6511540003848495,1.024769,5.683955,9039470,1,0,0.0,0.0,0.0,0.031148195,0.61673117,-1.3147448,-0.04325915,0.6741214,-1.3665907,-0.02801922,0.6487073,-1.2032815,-0.014217854,0.64177364,-1.2567701,-4.618625,-6.0363407,-3.2242541,-1.4784517,0.15502095,-0.59683067,1.4113647,-0.26741114,0.023253143,-1.4821352,0.569702,0.39917895,-0.5156132,0.51544464,-0.8836195,0.8553112,-0.2751622,0.651088,-1.4765745,1.6742264,-3.4386213,3.6612659,14.461587,-0.074214846,-4.0818167,-0.09483008,3.958125,8.262587,4.599259,0.56898046,-7.7925587,7.017426,0.2721211,-0.34633595,0.47002736,-0.37107423,0.99941933,0.0014958485,0.023467526,-0.02466139,-0.32384035,0.11185275,-0.12783171,0.51714754,1.4053963,10.199299,0.0018345027,0.046998877,-0.049298316,30.491287231445312,6.733806610107422,-0.15533988,0.008827008,-0.22189777,0.013913326,-0.057647992,-0.44037926,0.88715243,-0.06259482,-0.026063323,-0.33799192,0.7395287,0.07670295,0.0274801,0.14083694,0.5677456,-0.09896694,-0.014411998,0.5599052,-1.0782118,-0.03883497,0.67220676,-1.3554744,0.006870025,0.70520926,-1.1580635,-0.0065158308,0.585502,-1.1151178,0.0,0.0,0.0,0.0,0.0,0.0,0.0,0.0,0.0,0.0,0.0,0.0,0.0,0.0,0.0,0.0,-0.62594825,0.13913326,-0.98966944,0.7670295,50.0,50.0,50.0,50.0,50.0,50.0,50.0,50.0,50.0,50.0,50.0,50.0,0.0,0.0,0.0,0.0,1.0,1.0,1.0,1.0,1.0,1.0,1.0,1.0,1.0,1.0,1.0,1.0,0.5,0.5,0.5,0.5
1788527468.1577392,260,4.94364400037739,3.7556070001301123,4.615312998794252,1.032385,5.654898,9039490,1,0,0.0,0.0,0.0,0.033419013,0.6004418,-1.3068305,-0.04241138,0.6785419,-1.3868109,-0.01996541,0.6549747,-1.207057,-0.007708192,0.6325996,-1.248066,-4.6208963,-6.020384,-3.250505,-1.4407865,0.15114543,-1.9377619,-0.24061948,0.09301257,0.49606705,-0.10918867,0.24415801,0.39530346,0.054594334,0.054257333,-0.2790377,-0.1455849,-0.2092783,0.8836195,-1.7091061,2.154791,-2.6717343,-0.074214846,11.94859,0.074214846,-0.7668867,1.4698663,1.1132227,2.1274922,2.2759218,0.049476564,-2.0285392,7.2545013,-0.17316797,-0.34633595,0.37107423,-0.6679336,0.9994696,-0.0014880268,0.024483087,-0.021425612,-0.22796656,0.08202535,0.62424487,-0.59376204,-1.2425907,10.34774,-0.00402843,0.048895918,-0.04296591,30.63294219970703,2.4269049167633057,0.016537102,0.5436377,0.5096811,-0.091140084,0.13025258,-0.5868401,-0.0003014952,-0.020799384,-0.25418496,0.5598649,0.73509294,0.16582216,-0.15933475,-0.62124383,0.6801046,0.0853703,0.032563146,0.52329,-1.3000753,0.0041342755,0.80590945,-1.1725796,-0.039833687,0.5146891,-1.1299738,-0.06354624,0.8099662,-1.1162267,0.0,0.0,0.0,0.0,0.0,0.0,0.0,0.0,0.0,0.0,0.0,0.0,0.0,0.0,0.0,0.0,-0.20799384,-0.91140085,0.853703,1.6582216,50.0,50.0,50.0,50.0,50.0,50.0,50.0,50.0,50.0,50.0,50.0,50.0,0.0,0.0,0.0,0.0,1.0,1.0,1.0,1.0,1.0,1.0,1.0,1.0,1.0,1.0,1.0,1.0,0.5,0.5,0.5,0.5
1788527468.1775916,261,4.817527000341215,3.7763429991173325,4.535502999715391,0.988063,5.529614,9039510,1,0,0.0,0.0,0.0,0.03466034,0.59405327,-1.3101006,-0.03572005,0.68577826,-1.3712983,-0.015847653,0.64831364,-1.2056984,-0.0117048025,0.64389306,-1.2468181,-4.6163545,-6.0144196,-3.2803583,-1.4172609,0.37980133,-0.15889648,-1.5367295,0.7208474,1.6199689,2.0584085,-0.85261524,-1.1277775,0.34980816,-0.24028248,0.15114543,-0.08694653,0.8371132,-0.3565482,-1.4378194,1.3176781,-0.51950395,-3.4386213,2.0862617,1.3853438,4.823965,8.582122,-0.4205508,-6.036141,3.2716377,-2.44909,8.683137,7.4441614,-0.5442422,-0.24738282,1.0884844,0.14842969,0.9995673,-0.0021819475,0.02565928,-0.014217752,0.16937703,0.12783171,0.8458199,-1.3922282,-0.545878,6.967127,-0.005098359,0.05125675,-0.028576588,30.535554885864258,5.469081401824951,0.13433276,0.13692541,1.1590617,-0.17306128,0.29586092,-0.58392054,-0.36118105,0.0736544,-0.2631231,0.6722629,0.23495139,0.30380142,-0.2945547,-0.8818414,0.97693473,0.09577422,0.07396523,0.5240199,-1.3902953,0.03358319,0.7042314,-1.0102346,-0.07363868,0.44953966,-1.0557662,-0.065780774,0.83806574,-1.2412621,0.0,0.0,0.0,0.0,0.0,0.0,0.0,0.0,0.0,0.0,0.0,0.0,0.0,0.0,0.0,0.0,0.736544,-1.7306128,0.9577422,3.0380142,50.0,50.0,50.0,50.0,50.0,50.0,50.0,50.0,50.0,50.0,50.0,50.0,0.0,0.0,0.0,0.0,1.0,1.0,1.0,1.0,1.0,1.0,1.0,1.0,1.0,1.0,1.0,1.0,0.5,0.5,0.5,0.5
1788527468.1973088,262,4.52315000075032,3.430955999647267,4.211204999592155,1.045761,5.26327,9039530,1,0,0.0,0.0,0.0,0.042562842,0.5984738,-1.3335274,-0.03081509,0.6753628,-1.3479819,-0.027686179,0.6397754,-1.1898383,-0.015156448,0.6522497,-1.2629309,-4.5971284,-6.044182,-3.2730918,-1.4144148,0.3720503,0.13176781,-1.7247766,0.25190905,-0.06975943,1.463937,-0.7169719,-0.7983579,1.1848993,-0.36429924,0.9107481,-1.5063993,1.1161509,-1.9222598,1.879629,0.1782741,1.2616524,-3.8591719,-1.0905459,3.1170235,1.5090352,16.595264,-1.6327267,-9.054212,5.974295,-2.2264454,8.584184,2.418167,-0.22264454,0.074214846,-0.47002736,1.3853438,0.99963534,-0.001115333,0.024676898,-0.010914423,0.08415588,-0.1906823,-0.0042610574,0.25498247,-1.033098,10.087969,-0.0027718963,0.049331456,-0.021904329,30.47357940673828,7.451623439788818,-0.016027201,-0.23897852,0.78573895,-0.13561913,0.123011336,0.04310265,-0.117837735,0.056282684,-0.07125182,0.13654387,0.27614045,0.25400898,-0.06614238,-0.26921633,1.3287331,0.17135668,0.030752834,0.6807757,-1.3294594,-0.0040068002,0.61025536,-1.1035652,-0.016535595,0.60269594,-0.9678167,-0.017812954,0.704136,-1.2309649,0.0,0.0,0.0,0.0,0.0,0.0,0.0,0.0,0.0,0.0,0.0,0.0,0.0,0.0,0.0,0.0,0.5628269,-1.3561914,1.7135668,2.5400898,50.0,50.0,50.0,50.0,50.0,50.0,50.0,50.0,50.0,50.0,50.0,50.0,0.0,0.0,0.0,0.0,1.0,1.0,1.0,1.0,1.0,1.0,1.0,1.0,1.0,1.0,1.0,1.0,0.5,0.5,0.5,0.5
1788527468.217762,263,4.981277001206763,3.786711000429932,4.676532000303268,0.992575,5.675347,9039550,1,0,0.0,0.0,0.0,0.039807558,0.61261344,-1.3553588,-0.029755374,0.668187,-1.3403046,-0.027928412,0.63459796,-1.1786855,-0.017699778,0.66984093,-1.2814924,-4.5739055,-6.0708866,-3.230249,-1.3958244,-0.36429924,1.154906,0.60862577,-0.034879714,0.09301257,-0.36194023,0.4224321,-0.569702,0.113232695,-0.18214962,1.0308893,-0.28712577,1.2440431,-0.6239593,2.5229661,1.4533215,-0.074214846,2.6469963,0.52156544,1.5090352,-3.339668,12.422741,0.14842969,-0.89057815,11.047705,0.14842969,0.6679336,2.6078272,-0.37107423,-0.34633595,-0.34633595,0.47002736,0.9996084,-0.00039593765,0.02330848,-0.01547925,0.50493526,0.121440135,-0.7797735,0.50757074,-1.2413936,11.050438,-0.0015148061,0.046603315,-0.031003457,30.615234375,2.97381329536438,-0.23326454,-0.6377972,-0.22925514,-0.01990071,-0.116774194,0.23150924,0.85765094,-0.17265701,0.1503675,-0.6158397,0.11990861,0.13692705,0.27320644,0.5295714,1.0567918,-0.15730272,-0.029193548,0.7278773,-1.0855873,-0.058316134,0.51055074,-1.3573138,0.06830161,0.80239284,-1.035802,0.037591875,0.5160401,-1.2700227,0.0,0.0,0.0,0.0,0.0,0.0,0.0,0.0,0.0,0.0,0.0,0.0,0.0,0.0,0.0,0.0,-1.7265701,-0.1990071,-1.5730273,1.3692706,50.0,50.0,50.0,50.0,50.0,50.0,50.0,50.0,50.0,50.0,50.0,50.0,0.0,0.0,0.0,0.0,1.0,1.0,1.0,1.0,1.0,1.0,1.0,1.0,1.0,1.0,1.0,1.0,0.5,0.5,0.5,0.5
1788527468.2361326,264,3.3605540011194535,2.3000399996817578,2.9892780003137887,1.038848,4.033918,9039570,1,0,0.0,0.0,0.0,0.041412234,0.61888087,-1.3328798,-0.03284368,0.6669759,-1.3495932,-0.026263148,0.6410168,-1.1789857,-0.021514773,0.66602594,-1.2825824,-4.5687585,-6.071432,-3.2053914,-1.3890423,0.20152724,0.08526152,2.0563867,-1.0928978,0.034879714,-1.8137453,0.8254866,0.5386978,-0.7137704,0.26353562,-0.8836195,-0.38418236,-0.895246,0.9107481,0.162772,-0.5076936,-3.8839102,5.8382344,11.095119,-0.24738282,-8.237848,1.4224513,4.1807694,7.965727,8.629538,2.8449025,-7.19884,0.85347074,-0.34633595,-0.59371877,-0.791625,1.0390079,0.99946934,-0.0012745365,0.022890594,-0.023139363,-0.47297737,-0.05752427,-0.7169229,0.6440403,-0.6907272,12.424709,-0.003610848,0.04571383,-0.046377577,30.464725494384766,7.34907865524292,-0.19356492,-0.4936726,-0.42478344,0.15382117,-0.16354147,0.12074267,1.0592097,-0.17965221,0.10648297,-0.78876996,0.68437815,-0.05718901,0.24624872,0.63039684,0.51174414,-0.21171746,-0.040885366,0.70018566,-1.0351975,-0.04839123,0.54658186,-1.4061958,0.06156218,0.8275992,-1.172064,0.026620742,0.47280753,-1.1289054,0.0,0.0,0.0,0.0,0.0,0.0,0.0,0.0,0.0,0.0,0.0,0.0,0.0,0.0,0.0,0.0,-1.7965221,1.5382117,-2.1171746,-0.5718901,50.0,50.0,50.0,50.0,50.0,50.0,50.0,50.0,50.0,50.0,50.0,50.0,0.0,0.0,0.0,0.0,1.0,1.0,1.0,1.0,1.0,1.0,1.0,1.0,1.0,1.0,1.0,1.0,0.5,0.5,0.5,0.5
1788527468.2574363,265,4.662130999349756,3.6543549995258218,4.389546000311384,0.989568,5.384746,9039590,1,0,0.0,0.0,0.0,0.040292025,0.6096462,-1.2950776,-0.033418953,0.6717597,-1.3718038,-0.018935978,0.64885867,-1.1922235,-0.009797335,0.6558224,-1.2691233,-4.609179,-6.038581,-3.2322779,-1.3722987,-0.34879714,0.0077510476,1.1990534,0.14339438,-0.06200838,-1.2273616,0.5038181,1.139404,-1.5569496,0.80223346,-0.98050755,2.2363458,-2.6431074,2.44158,-2.8833897,1.3254292,-3.9086485,4.6260586,13.418456,-0.96479297,-6.3577385,-0.47415042,3.6612659,8.138895,2.4655821,1.0637461,-8.584184,5.4053144,0.4205508,-0.47002736,0.4205508,-0.89057815,0.9993979,-0.0045268517,0.023210684,-0.025390202,-0.30360034,-0.0021305287,0.11398328,-1.2868834,1.2246342,7.8984714,-0.010237993,0.046179954,-0.05103651,30.464725494384766,7.485805511474609,-0.06474479,0.02284253,-0.0353014,0.121396296,-0.022611456,-0.59857786,0.65750486,-0.23459035,-0.04597207,-0.18261138,0.9160523,-0.021617603,-0.11204215,-0.045290183,0.42503527,-0.094239816,-0.005652864,0.5203556,-1.1356237,-0.016186198,0.6757107,-1.3088253,-0.028010538,0.65867746,-1.1937411,-0.011493018,0.62434715,-1.0709869,0.0,0.0,0.0,0.0,0.0,0.0,0.0,0.0,0.0,0.0,0.0,0.0,0.0,0.0,0.0,0.0,-2.3459034,1.2139629,-0.9423982,-0.21617603,50.0,50.0,50.0,50.0,50.0,50.0,50.0,50.0,50.0,50.0,50.0,50.0,0.0,0.0,0.0,0.0,1.0,1.0,1.0,1.0,1.0,1.0,1.0,1.0,1.0,1.0,1.0,1.0,0.5,0.5,0.5,0.5
1788527468.277549,266,4.777493999426952,3.7609510000038426,4.511757999352994,0.978655,5.495757,9039610,1,0,0.0,0.0,0.0,0.035084248,0.5984738,-1.2976841,-0.029513152,0.67085147,-1.3824983,-0.01848182,0.6644516,-1.2118908,-0.005043745,0.6444683,-1.2506251,-4.6434226,-5.9937696,-3.274424,-1.3418093,-0.5503244,-0.1472699,-0.24466349,0.5580754,0.5348223,0.9948302,-0.18602514,-0.24803352,-0.5944717,-0.3759258,-0.61233276,-0.32756603,-1.7943674,2.6198542,-1.9106332,1.6858529,-1.58325,-4.1560316,8.250217,0.074214846,-0.32159767,2.4655821,-0.22264454,0.024738282,1.1379609,0.049476564,-0.4205508,10.194234,-0.22264454,-0.6926719,0.34633595,-0.791625,0.99951726,-0.0052262032,0.02326947,-0.019916784,0.010652643,0.04154531,0.83090615,-0.22146365,-2.1021092,9.574412,-0.011386726,0.046324864,-0.040111333,30.63294219970703,2.358541488647461,0.11170088,0.42566887,0.9007205,0.021110319,0.22739753,-0.7673785,-0.09575528,-0.22524306,-0.34590262,0.66155744,0.86621934,0.13841175,-0.2983748,-0.7573849,0.5804829,0.09283632,0.056849383,0.47815537,-1.3239387,0.02792522,0.77641726,-1.0748198,-0.0745937,0.4806538,-1.1548792,-0.086475655,0.8353894,-1.0834451,0.0,0.0,0.0,0.0,0.0,0.0,0.0,0.0,0.0,0.0,0.0,0.0,0.0,0.0,0.0,0.0,-2.2524307,0.21110319,0.9283632,1.3841175,50.0,50.0,50.0,50.0,50.0,50.0,50.0,50.0,50.0,50.0,50.0,50.0,0.0,0.0,0.0,0.0,1.0,1.0,1.0,1.0,1.0,1.0,1.0,1.0,1.0,1.0,1.0,1.0,0.5,0.5,0.5,0.5
1788527468.2978551,267,5.084800000986434,3.7624230008077575,4.8228720006591175,0.902044,5.730644,9039630,1,0,0.0,0.0,0.0,0.03175378,0.59768665,-1.3042715,-0.03142064,0.6665823,-1.3525789,-0.01999569,0.66396713,-1.205809,-0.018850327,0.65343046,-1.2511306,-4.6531115,-5.9687605,-3.30343,-1.329335,0.69371873,-0.13564333,-1.5913239,0.1782741,-1.302176,2.0058365,-0.84873974,-0.6782167,0.82902515,-0.81386006,0.20540276,-0.4205786,0.60070616,-0.44568524,-1.0851467,0.8371132,0.51950395,-6.036141,0.7112256,2.7459493,7.025672,12.659816,-1.8306329,-8.905782,1.6595265,-2.721211,9.4995,9.293348,-1.4100821,0.32159767,0.96479297,0.22264454,0.9995989,-0.0017503023,0.025395574,-0.012412441,0.2663161,-0.008522115,0.5368932,-2.0231004,-3.5649664,9.890448,-0.0041349777,0.05074911,-0.024938516,30.447019577026367,7.964349746704102,0.06299994,0.31879494,0.99949056,-0.111989275,0.17276333,-0.37742296,-0.19012202,-0.022546673,-0.28892672,0.5519495,0.5246951,0.23109628,-0.22862655,-0.6343541,0.92074436,0.1818149,0.043190833,0.57564425,-1.3475305,0.015749985,0.74969876,-1.0501273,-0.057156637,0.5114115,-1.0698138,-0.07223168,0.8079874,-1.1688262,0.0,0.0,0.0,0.0,0.0,0.0,0.0,0.0,0.0,0.0,0.0,0.0,0.0,0.0,0.0,0.0,-0.22546673,-1.1198927,1.818149,2.310963,50.0,50.0,50.0,50.0,50.0,50.0,50.0,50.0,50.0,50.0,50.0,50.0,0.0,0.0,0.0,0.0,1.0,1.0,1.0,1.0,1.0,1.0,1.0,1.0,1.0,1.0,1.0,1.0,0.5,0.5,0.5,0.5
1788527468.3175192,268,4.739732999951229,3.6702589986816747,4.4595330000447575,1.002367,5.467692,9039650,1,0,0.0,0.0,0.0,0.028725982,0.60743594,-1.3287884,-0.036719203,0.6599515,-1.3410945,-0.031773657,0.6548536,-1.1911178,-0.026298583,0.6580932,-1.2553167,-4.6438165,-5.9861403,-3.2865653,-1.3362987,-0.31779295,0.15502095,-0.9038396,-0.2945398,0.36817476,-0.044484273,-0.7557271,-0.724723,1.2212955,-0.46118733,0.7828558,-0.4205786,0.38367686,-1.065769,2.596601,-0.45343632,1.1132227,-1.7316797,-0.09483008,3.0180705,4.2797227,15.267643,-0.56898046,-6.6545978,5.1208243,-1.8306329,6.901981,4.788919,-0.2721211,0.024738282,-0.37107423,1.311129,0.99963045,0.0021646293,0.024609696,-0.0113476,0.40160465,-0.14381069,-0.23329288,-1.532289,0.58298814,8.767567,0.0037737247,0.04927026,-0.022609632,30.535554885864258,5.3665361404418945,-0.09672192,-0.21294169,0.36825523,-0.23691308,0.06213866,-0.010240294,0.2269714,-0.01989271,-0.09001777,-0.19590217,0.52472764,0.07992539,0.012775216,-0.0058539193,1.0096592,0.19022597,0.015534665,0.66743994,-1.243257,-0.02418048,0.6167646,-1.2079362,0.003193804,0.66853654,-1.0475851,-0.022504443,0.6210245,-1.168818,0.0,0.0,0.0,0.0,0.0,0.0,0.0,0.0,0.0,0.0,0.0,0.0,0.0,0.0,0.0,0.0,-0.19892709,-2.3691308,1.9022597,0.7992539,50.0,50.0,50.0,50.0,50.0,50.0,50.0,50.0,50.0,50.0,50.0,50.0,0.0,0.0,0.0,0.0,1.0,1.0,1.0,1.0,1.0,1.0,1.0,1.0,1.0,1.0,1.0,1.0,0.5,0.5,0.5,0.5
1788527468.3374848,269,4.71045199992659,3.657491000922164,4.424939001182793,0.990559,5.421803,9039670,1,0,0.0,0.0,0.0,0.025274396,0.619002,-1.3347439,-0.038929462,0.6507169,-1.3420581,-0.032136977,0.6549444,-1.1824769,-0.025481105,0.65524715,-1.260672,-4.63985,-6.016629,-3.241119,-1.3434141,-0.41468105,1.1781592,1.2880219,0.05038181,-0.44956076,-0.35991824,-0.25190905,0.59683067,-0.20220123,0.18214962,-0.04263076,0.23253144,-0.06975943,-1.6354711,2.9105184,-0.732474,-0.14842969,1.5090352,3.0345626,0.64319533,-1.2121758,7.112256,2.2017071,0.049476564,7.396746,0.0,-1.8306329,4.409599,-0.024738282,-0.34633595,-0.47002736,0.791625,0.999597,0.0032750727,0.023002064,-0.016311642,0.20240022,0.055393744,-0.69348705,0.6500258,0.05626374,8.779537,0.005803303,0.046108767,-0.032499727,30.641794204711914,2.1534507274627686,-0.22074857,-0.5071634,-0.22205848,-0.107669674,-0.15419039,-0.041930787,1.0766803,-0.06662731,0.01892545,-0.7411599,0.5050701,-0.032187264,0.2248084,0.5552367,0.62374544,0.09469366,-0.038547598,0.65951735,-1.0308299,-0.055187143,0.5432092,-1.3555145,0.0562021,0.80880916,-1.1440636,0.0047313627,0.48471004,-1.1737324,0.0,0.0,0.0,0.0,0.0,0.0,0.0,0.0,0.0,0.0,0.0,0.0,0.0,0.0,0.0,0.0,-0.6662731,-1.0766968,0.9469366,-0.32187265,50.0,50.0,50.0,50.0,50.0,50.0,50.0,50.0,50.0,50.0,50.0,50.0,0.0,0.0,0.0,0.0,1.0,1.0,1.0,1.0,1.0,1.0,1.0,1.0,1.0,1.0,1.0,1.0,0.5,0.5,0.5,0.5
1788527468.3582556,270,5.4667320000589825,4.019422000055783,4.968188999555423,0.959454,5.936827,9039690,1,0,0.0,0.0,0.0,0.019733548,0.61291623,-1.3028339,-0.040382788,0.6504141,-1.3520576,-0.027443945,0.65657943,-1.1903596,-0.020121992,0.6433481,-1.2568333,-4.647813,-6.025531,-3.2145653,-1.3460784,-0.13176781,-0.8758684,1.8642955,-0.7130964,0.11626572,-1.3931667,0.27128667,-0.06975943,-1.2455596,0.28291324,-0.096888095,0.43068865,-1.2827984,0.10851467,0.24803352,0.6045817,-2.9438555,3.3891447,12.185665,-0.14842969,-5.8382344,1.1379609,4.1807694,8.237848,3.698373,1.0884844,-8.262587,3.7932034,0.34633595,-0.64319533,0.34633595,-0.51950395,0.9994723,0.0023683307,0.023896342,-0.02187543,-0.011717907,0.10865696,-0.33662352,-0.40701428,0.5255273,11.604695,0.0036929182,0.047889385,-0.043678533,30.500139236450195,6.2894439697265625,-0.15014139,-0.20842911,-0.26786202,-0.0010383502,-0.11892383,-0.39260632,1.1965687,-0.058665782,-0.008823585,-0.5042474,0.5713552,0.011041831,0.047854632,0.2999693,0.5658956,-0.007999616,-0.029730957,0.57184845,-1.0008578,-0.037535347,0.61789274,-1.3669654,0.011963658,0.7449923,-1.1585261,-0.0022058962,0.54393816,-1.1571611,0.0,0.0,0.0,0.0,0.0,0.0,0.0,0.0,0.0,0.0,0.0,0.0,0.0,0.0,0.0,0.0,-0.5866578,-0.010383502,-0.07999615,0.11041831,50.0,50.0,50.0,50.0,50.0,50.0,50.0,50.0,50.0,50.0,50.0,50.0,0.0,0.0,0.0,0.0,1.0,1.0,1.0,1.0,1.0,1.0,1.0,1.0,1.0,1.0,1.0,1.0,0.5,0.5,0.5,0.5
1788527468.3777173,271,4.945434999171994,3.7844069993298035,4.652978999729385,1.00192,5.661491,9039710,1,0,0.0,0.0,0.0,0.019612432,0.5997455,-1.2877479,-0.040958054,0.6556824,-1.3649006,-0.021297634,0.6648755,-1.2056195,-0.015671194,0.63708067,-1.252647,-4.6618013,-6.0119667,-3.215716,-1.3199489,0.10076362,-1.4184418,-0.0485283,0.33717057,0.10851467,-0.3942924,0.44568524,0.77898026,-0.40440246,0.17052305,-0.42630762,-0.115254715,-0.36429924,0.96500546,-0.11626572,1.7633634,-2.7706876,-0.024738282,14.983152,-0.17316797,-2.0038009,0.33190528,1.2616524,3.2901914,2.418167,0.51950395,-4.4281526,5.1208243,-0.074214846,-0.51950395,0.0,-0.7668867,0.99947435,3.724795e-05,0.024413297,-0.02133716,-0.37390777,0.0021305287,0.38988674,-1.2449849,-2.1380222,10.903194,-0.000968518,0.04882191,-0.042713936,30.5975284576416,3.3498125076293945,-0.0072316937,0.33433723,0.3732282,-0.1290006,0.078771226,-0.6267905,0.31158188,-0.024311151,-0.2165595,0.309224,0.79984,0.14273876,-0.14580455,-0.37568077,0.5974057,0.15526597,0.019692807,0.5133024,-1.2221044,-0.0018079234,0.7535843,-1.2066929,-0.03645114,0.57607985,-1.1506486,-0.054139875,0.747306,-1.10004,0.0,0.0,0.0,0.0,0.0,0.0,0.0,0.0,0.0,0.0,0.0,0.0,0.0,0.0,0.0,0.0,-0.24311152,-1.290006,1.5526597,1.4273876,50.0,50.0,50.0,50.0,50.0,50.0,50.0,50.0,50.0,50.0,50.0,50.0,0.0,0.0,0.0,0.0,1.0,1.0,1.0,1.0,1.0,1.0,1.0,1.0,1.0,1.0,1.0,1.0,0.5,0.5,0.5,0.5
1788527468.398534,272,5.759157998909359,4.500622000705334,5.4567799998039845,0.931965,6.396393,9039730,1,0,0.0,0.0,0.0,0.022700787,0.5890877,-1.2885376,-0.034175895,0.6657648,-1.359956,-0.01487878,0.6608789,-1.206978,-0.017518103,0.6496155,-1.2505461,-4.6591973,-6.002157,-3.2270093,-1.2945158,0.4650629,-0.19765173,-1.0372925,1.0851467,1.4416949,1.5973899,-0.69371873,-1.8525003,0.08492453,-1.0696446,2.3059366,0.19613521,0.7169719,-0.054257333,-0.93787676,1.4261928,-0.64319533,-3.7602189,4.314769,0.51950395,3.4633594,6.3062005,-0.37107423,-2.7459493,2.7026572,-0.8411016,3.240715,8.013142,-0.51950395,-0.56898046,1.2616524,-0.049476564,0.999579,-0.0014069758,0.02438168,-0.015669316,-0.27057713,0.106526434,0.7147924,-1.8411411,0.88944596,7.9691005,-0.0035811113,0.04871801,-0.031436518,30.606380462646484,3.5549027919769287,0.18256982,-0.007704567,1.3481525,-0.18245669,0.29096597,-0.7014417,-0.3144237,0.05408293,-0.3003813,0.59029365,0.3995838,0.29838675,-0.3476222,-0.8208884,0.6993625,0.14956406,0.07274149,0.49463958,-1.3786058,0.045642454,0.6680739,-0.9629618,-0.08690555,0.46477792,-1.1251593,-0.075095326,0.8175734,-1.200104,0.0,0.0,0.0,0.0,0.0,0.0,0.0,0.0,0.0,0.0,0.0,0.0,0.0,0.0,0.0,0.0,0.5408293,-1.8245668,1.4956405,2.9838676,50.0,50.0,50.0,50.0,50.0,50.0,50.0,50.0,50.0,50.0,50.0,50.0,0.0,0.0,0.0,0.0,1.0,1.0,1.0,1.0,1.0,1.0,1.0,1.0,1.0,1.0,1.0,1.0,0.5,0.5,0.5,0.5
1788527468.417092,273,4.3280410009174375,3.3188569996127626,4.08716799938702,1.044833,5.137313,9039750,1,0,0.0,0.0,0.0,0.031178474,0.5892997,-1.3054247,-0.027847888,0.6551677,-1.3362132,-0.024840087,0.653582,-1.2026023,-0.020666957,0.654248,-1.25974,-4.6434226,-6.025259,-3.2221346,-1.2907312,0.8991215,-0.162772,-1.9977484,0.4185566,-1.0347649,2.3212702,-1.0696446,-0.6820922,0.67130816,-0.38367686,0.4650629,-1.126261,1.147155,-1.9338863,1.6199689,-0.05813286,1.1874375,-4.74975,-1.7069415,3.3644063,1.58325,17.59098,-2.1522305,-9.202641,3.0819776,-2.3501368,8.06468,4.2199388,-0.2721211,0.049476564,-0.074214846,1.4842969,0.99965984,-0.0007751407,0.023440974,-0.011412973,0.063915856,-0.13635384,0.17257282,0.07062895,-1.2054806,9.451111,-0.0020871095,0.046865463,-0.022881638,30.447019577026367,8.032713890075684,0.0077349413,-0.028252607,1.0652711,-0.16498362,0.12336908,-0.07860867,-0.20876959,0.11949181,-0.14376046,0.32580212,0.32477006,0.29689002,-0.17336208,-0.3798883,1.2594098,0.21978426,0.03084227,0.6503478,-1.3521924,0.0019337353,0.66293687,-1.0336821,-0.04334052,0.57502794,-0.9851475,-0.035940114,0.75145054,-1.2188075,0.0,0.0,0.0,0.0,0.0,0.0,0.0,0.0,0.0,0.0,0.0,0.0,0.0,0.0,0.0,0.0,1.194918,-1.6498362,2.1978426,2.9689002,50.0,50.0,50.0,50.0,50.0,50.0,50.0,50.0,50.0,50.0,50.0,50.0,0.0,0.0,0.0,0.0,1.0,1.0,1.0,1.0,1.0,1.0,1.0,1.0,1.0,1.0,1.0,1.0,0.5,0.5,0.5,0.5
1788527468.4381924,274,5.416011001216248,3.9321559997915756,4.884601001322153,0.909885,5.803319,9039770,1,0,0.0,0.0,0.0,0.028998494,0.59995747,-1.3367659,-0.031360082,0.6497177,-1.315219,-0.032106698,0.6457704,-1.1901226,-0.025753617,0.6650268,-1.2743047,-4.6183224,-6.055567,-3.1772027,-1.2816782,-0.33717057,2.278808,-0.22848742,-0.69371873,0.06200838,-0.2466855,-0.17439857,-0.43018317,1.0110062,-0.4379342,0.65883905,-0.49539304,1.554085,-0.6200838,3.123672,0.84873974,0.34633595,0.2721211,-1.0905459,2.4243517,0.64319533,15.267643,-0.4205508,-3.1417618,10.051989,-0.14842969,3.7849572,3.0819776,-0.17316797,-0.51950395,-0.47002736,1.0390079,0.999674,0.0021568113,0.021291882,-0.0139226,0.68922603,-0.21305287,-0.58589536,-0.24660277,-2.6910827,9.356541,0.0037227327,0.04264286,-0.027773093,30.588674545288086,3.6574482917785645,-0.24057242,-0.63255686,0.02987305,-0.14945759,-0.051783,0.18164429,0.5141768,-0.010812987,0.112985425,-0.5373275,0.28400207,0.0891141,0.16389433,0.31059882,1.1034564,-0.04336958,-0.01294575,0.71541107,-1.1714557,-0.060143106,0.5118608,-1.2925317,0.04097358,0.7476497,-1.0241358,0.028246356,0.53566813,-1.2289994,0.0,0.0,0.0,0.0,0.0,0.0,0.0,0.0,0.0,0.0,0.0,0.0,0.0,0.0,0.0,0.0,-0.10812987,-1.4945759,-0.4336958,0.891141,50.0,50.0,50.0,50.0,50.0,50.0,50.0,50.0,50.0,50.0,50.0,50.0,0.0,0.0,0.0,0.0,1.0,1.0,1.0,1.0,1.0,1.0,1.0,1.0,1.0,1.0,1.0,1.0,0.5,0.5,0.5,0.5
1788527468.4585826,275,5.789685999843641,4.124225000850856,5.263333001494175,1.057506,6.330055,9039790,1,0,0.0,0.0,0.0,0.028211236,0.61203814,-1.3318213,-0.037264198,0.6410583,-1.3208112,-0.033590287,0.6489192,-1.1856204,-0.025481105,0.65845656,-1.2787279,-4.6040015,-6.0676775,-3.1373878,-1.275229,0.6820922,0.12789229,2.3556445,-0.9921341,0.2790377,-1.4255188,0.43405867,0.28678876,-0.35587418,0.05038181,-2.3136878,-0.2567956,-0.18602514,0.11626572,1.2479186,-0.5619509,-2.9438555,5.1950393,5.0259943,-0.32159767,-7.099887,2.9871476,3.6365275,5.021871,8.961443,2.7459493,-4.477629,2.6552422,0.074214846,-0.89057815,-0.74214846,0.7668867,0.9995819,0.0034460311,0.01865511,-0.021822715,-0.37816882,-0.1225054,-0.92997575,1.9524715,1.9213469,10.631453,0.0060792705,0.037453778,-0.04354289,30.553260803222656,4.887991428375244,-0.26060143,-0.6687735,-0.4735704,0.06162446,-0.18330231,0.3529455,1.1131452,-0.04558976,0.12891307,-0.9619769,0.8920116,-0.09957564,0.3344008,0.76392734,0.5290559,-0.20581396,-0.04582558,0.7582364,-1.0217136,-0.06515036,0.50280666,-1.4183925,0.0836002,0.8609818,-1.1677359,0.03222827,0.4295058,-1.076997,0.0,0.0,0.0,0.0,0.0,0.0,0.0,0.0,0.0,0.0,0.0,0.0,0.0,0.0,0.0,0.0,-0.4558976,0.6162446,-2.0581396,-0.9957564,50.0,50.0,50.0,50.0,50.0,50.0,50.0,50.0,50.0,50.0,50.0,50.0,0.0,0.0,0.0,0.0,1.0,1.0,1.0,1.0,1.0,1.0,1.0,1.0,1.0,1.0,1.0,1.0,0.5,0.5,0.5,0.5
1788527468.4769132,276,4.118336999454186,2.8226169997651596,3.795447999436874,0.914172,4.7165,9039810,1,0,0.0,0.0,0.0,0.03829372,0.607224,-1.3006539,-0.036083378,0.641997,-1.335455,-0.025718153,0.6517048,-1.1947037,-0.01836586,0.6401689,-1.2615092,-4.611056,-6.051358,-3.1469555,-1.262361,-0.14339438,-0.09301257,3.688151,-0.038755238,-0.26353562,-1.4922452,0.34879714,0.77898026,-1.4922452,0.3565482,-1.7633634,2.4628112,-0.85261524,1.5347074,-1.968766,0.9882586,-4.2055078,8.015203,10.099403,-1.4100821,-6.9761953,-2.2285068,5.318731,10.21691,3.0345626,2.2511837,-9.103687,7.4441614,0.2721211,-0.5442422,0.024738282,-0.9400547,0.9994445,0.00066894735,0.019935936,-0.026698874,0.18961705,0.37497303,-0.13848436,0.70509243,-4.4927197,7.501034,0.00027283453,0.039896026,-0.053409282,30.34963035583496,10.90398120880127,-0.17405169,-0.21248084,-0.4049171,0.044998527,-0.10464498,-0.6624557,1.2391192,-0.17783648,0.032562207,-0.48220932,0.51742727,-0.04313388,-0.0010164231,0.19426185,0.33809263,-0.233052,-0.026161244,0.50438607,-0.9902202,-0.04351292,0.6168798,-1.4012293,-0.00025410578,0.71856546,-1.2154768,0.008140552,0.54944766,-1.1706431,0.0,0.0,0.0,0.0,0.0,0.0,0.0,0.0,0.0,0.0,0.0,0.0,0.0,0.0,0.0,0.0,-1.7783648,0.44998527,-2.33052,-0.43133882,50.0,50.0,50.0,50.0,50.0,50.0,50.0,50.0,50.0,50.0,50.0,50.0,0.0,0.0,0.0,0.0,1.0,1.0,1.0,1.0,1.0,1.0,1.0,1.0,1.0,1.0,1.0,1.0,0.5,0.5,0.5,0.5
1788527468.4970634,277,4.280901999663911,3.1683880006312393,3.996670000560698,0.996415,4.998877,9039830,1,0,0.0,0.0,0.0,0.024335742,0.5863023,-1.2805603,-0.038535856,0.63797003,-1.3759267,-0.02108568,0.6675702,-1.2183044,-0.014005899,0.61951965,-1.2429794,-4.651628,-6.014722,-3.186922,-1.235959,-0.6627146,-2.1741688,-0.060660373,-0.13176781,0.046506286,-1.8198113,0.3914279,1.0541425,-1.2192736,-0.023253143,-0.569702,-0.39833644,-1.9842682,2.1741688,-2.1470401,2.108285,-2.0038009,-2.3006601,15.267643,-0.12369141,-1.0637461,0.14224511,0.59371877,1.4842969,1.0431309,1.1874375,-3.0675468,4.314769,0.14842969,-0.89057815,0.0,-1.311129,0.99949485,0.0013879096,0.022104286,-0.02279318,-0.010652643,0.17789914,0.797883,-0.48123455,-2.2768857,10.9187565,0.0017684962,0.044263963,-0.045562346,30.606380462646484,2.97381329536438,0.016005946,0.7719433,0.47916168,-0.03840277,0.10538774,-0.6914791,0.23716354,-0.21518537,-0.2956007,0.64801955,0.7996108,0.062279787,-0.16791001,-0.60024273,0.5530286,0.09277204,0.026346935,0.49713024,-1.2407091,0.0040014866,0.86298585,-1.1802095,-0.041977502,0.5199393,-1.1617428,-0.07390018,0.8320049,-1.1000973,0.0,0.0,0.0,0.0,0.0,0.0,0.0,0.0,0.0,0.0,0.0,0.0,0.0,0.0,0.0,0.0,-2.1518538,-0.3840277,0.92772037,0.62279785,50.0,50.0,50.0,50.0,50.0,50.0,50.0,50.0,50.0,50.0,50.0,50.0,0.0,0.0,0.0,0.0,1.0,1.0,1.0,1.0,1.0,1.0,1.0,1.0,1.0,1.0,1.0,1.0,0.5,0.5,0.5,0.5
1788527468.5170798,278,4.3062149998149835,3.3127129991044058,4.042334998302977,1.037121,5.084864,9039849,1,0,0.0,0.0,0.0,0.021943808,0.5852728,-1.2834984,-0.037809193,0.6530483,-1.3744735,-0.008005798,0.668206,-1.2198999,-0.020878911,0.633084,-1.2427266,-4.667281,-5.995102,-3.2211962,-1.2147648,0.20152724,-0.10851467,-1.3790125,0.25190905,-0.3914279,3.3019464,0.48444048,-0.22478038,1.0089842,0.5658265,-0.08913705,-0.22848742,0.6627146,0.09301257,-1.2169144,0.6200838,-0.024738282,-4.4281526,3.319053,1.6822032,11.354872,5.879465,-2.2264454,-7.4956994,1.6121113,-3.3891447,10.51377,8.4398775,-1.3853438,-0.24738282,0.96479297,0.024738282,0.99958926,0.00024910364,0.024818076,-0.014337942,-0.4538026,-0.28868663,0.8660599,-3.3207579,1.4101849,7.243657,-0.00021394114,0.049643297,-0.02869102,30.455873489379883,7.930168151855469,0.123808,0.31347358,1.0165457,-0.3418675,0.24534328,-0.5771924,-0.44033635,0.019238092,-0.3614221,0.50131845,0.66850847,0.096662566,-0.23731604,-0.76610804,0.7272874,0.21646379,0.06133582,0.5257019,-1.410084,0.030952,0.7483684,-1.0458635,-0.05932901,0.478473,-1.1181781,-0.09035552,0.79532963,-1.1328728,0.0,0.0,0.0,0.0,0.0,0.0,0.0,0.0,0.0,0.0,0.0,0.0,0.0,0.0,0.0,0.0,0.19238092,-3.418675,2.1646378,0.9666257,50.0,50.0,50.0,50.0,50.0,50.0,50.0,50.0,50.0,50.0,50.0,50.0,0.0,0.0,0.0,0.0,1.0,1.0,1.0,1.0,1.0,1.0,1.0,1.0,1.0,1.0,1.0,1.0,0.5,0.5,0.5,0.5
1788527468.5379076,279,5.129921999468934,3.909594999640831,4.795958999238792,1.006912,5.809687,9039870,1,0,0.0,0.0,0.0,0.02766633,0.5921761,-1.3064672,-0.034145616,0.6544107,-1.3431007,-0.009913266,0.667328,-1.2113063,-0.020969748,0.63711095,-1.2487295,-4.6582284,-6.019809,-3.223709,-1.2350204,1.065769,0.13564333,-2.252522,-0.019377619,0.7130964,3.2170217,-0.5541999,-0.7130964,0.3578962,-0.081386,0.7828558,-0.43473268,0.84873974,-3.639117,2.0462766,-1.9648906,0.56898046,-3.4880977,-2.8449025,3.2901914,4.0076017,12.090836,-1.9790626,-9.054212,4.314769,-3.4633594,7.3225317,6.4484453,-0.2721211,0.14842969,0.024738282,1.4842969,0.9996471,0.00039443898,0.02446671,-0.010334542,0.04154531,0.09800432,0.038349517,2.1906946,3.0538042,7.169437,0.0002832343,0.048943844,-0.020668712,30.455873489379883,7.485805511474609,0.016493643,-0.3623137,0.8217687,-0.4313037,0.1685296,-0.19636431,-0.0052303458,-0.04254048,-0.13393939,0.046628423,0.45417964,0.12420532,-0.12514415,-0.17877352,0.86311346,0.27122688,0.0421324,0.6209089,-1.3013076,0.0041234107,0.5794216,-1.0945578,-0.03128604,0.6253066,-1.0842216,-0.033484846,0.68165714,-1.186455,0.0,0.0,0.0,0.0,0.0,0.0,0.0,0.0,0.0,0.0,0.0,0.0,0.0,0.0,0.0,0.0,-0.4254048,-4.313037,2.7122688,1.2420533,50.0,50.0,50.0,50.0,50.0,50.0,50.0,50.0,50.0,50.0,50.0,50.0,0.0,0.0,0.0,0.0,1.0,1.0,1.0,1.0,1.0,1.0,1.0,1.0,1.0,1.0,1.0,1.0,0.5,0.5,0.5,0.5
1788527468.55771,280,4.923034999592346,3.8343599990184885,4.631056999642169,1.003488,5.640817,9039890,1,0,0.0,0.0,0.0,0.027878284,0.6013199,-1.3504776,-0.03148119,0.6459633,-1.330084,-0.016392648,0.6609697,-1.2092527,-0.02529943,0.6388973,-1.2561698,-4.6439676,-6.0945644,-3.1704512,-1.26769,-0.17439857,1.2479186,-0.35183015,-0.46893838,-1.2905494,-0.34980816,-0.18990067,-0.3759258,0.020220125,-0.08913705,0.4650629,-0.056616347,0.38367686,-3.3755813,3.5034735,-1.3293047,0.8411016,-0.14842969,2.0862617,2.3006601,-2.4985664,12.612401,-0.47002736,-1.4100821,6.6855206,-0.32159767,1.7069415,3.461298,-0.32159767,-0.34633595,-0.34633595,1.1874375,0.99958295,0.0042526885,0.025048686,-0.013726676,0.7126618,0.059654802,-0.6359628,1.4030021,-2.8299465,12.24275,0.007824102,0.050214328,-0.027266596,30.624088287353516,2.4952683448791504,-0.2893228,-0.33178595,-0.20677276,-0.25308296,-0.13969824,0.13678682,0.8627502,-0.09859648,0.11875931,-0.5802914,0.28701526,-0.05661474,0.2609043,0.52318513,0.9573743,0.071383804,-0.03492456,0.7041967,-1.0843124,-0.0723307,0.58705354,-1.3516932,0.06522608,0.8007963,-1.0606564,0.029689828,0.52492714,-1.2282461,0.0,0.0,0.0,0.0,0.0,0.0,0.0,0.0,0.0,0.0,0.0,0.0,0.0,0.0,0.0,0.0,-0.98596483,-2.5308297,0.71383804,-0.56614745,50.0,50.0,50.0,50.0,50.0,50.0,50.0,50.0,50.0,50.0,50.0,50.0,0.0,0.0,0.0,0.0,1.0,1.0,1.0,1.0,1.0,1.0,1.0,1.0,1.0,1.0,1.0,1.0,0.5,0.5,0.5,0.5
1788527468.5777686,281,4.987837000953732,3.847513000437175,4.691923000791576,0.995712,5.69394,9039910,1,0,0.0,0.0,0.0,0.018007755,0.61000955,-1.331537,-0.04353165,0.6545621,-1.3404626,-0.016271561,0.6617569,-1.2098056,-0.027903318,0.62678623,-1.2570544,-4.647934,-6.1351967,-3.1294856,-1.2806184,-0.9184992,-0.28291324,2.4911191,-1.3641844,0.68984324,-2.1837735,0.162772,2.1625423,-0.082902506,-0.081386,-3.6584945,-0.2628616,-0.60070616,-0.732474,1.2052878,-0.5929552,-2.0285392,5.4176836,10.573554,-0.074214846,-4.1560316,1.8491865,4.1560316,5.442422,8.107972,3.1170235,-1.7811563,1.8017715,-0.12369141,-1.0390079,-0.24738282,0.0,0.99939823,0.007617292,0.026209885,-0.021407632,-0.15126753,0.2684466,-0.8159925,0.8319851,4.07134,10.401609,0.014123336,0.052738808,-0.042461984,30.553260803222656,5.127264022827148,-0.2949875,-0.7879093,-0.29664528,-0.121159784,-0.18629202,0.24363309,1.3096341,-0.08471324,0.18366139,-0.99779093,0.8797783,-0.13789989,0.3006652,0.80943835,0.14725225,-0.10877724,-0.046573006,0.7309083,-0.9725914,-0.073746875,0.4730227,-1.3741612,0.0751663,0.87235963,-1.2631869,0.045915347,0.42055228,-1.0800554,0.0,0.0,0.0,0.0,0.0,0.0,0.0,0.0,0.0,0.0,0.0,0.0,0.0,0.0,0.0,0.0,-0.84713244,-1.2115978,-1.0877724,-1.3789989,50.0,50.0,50.0,50.0,50.0,50.0,50.0,50.0,50.0,50.0,50.0,50.0,0.0,0.0,0.0,0.0,1.0,1.0,1.0,1.0,1.0,1.0,1.0,1.0,1.0,1.0,1.0,1.0,0.5,0.5,0.5,0.5
1788527468.5976775,282,4.8993220007105265,3.797015000600368,4.627025000445428,0.938302,5.570928,9039930,1,0,0.0,0.0,0.0,0.020460248,0.6022887,-1.3009857,-0.043016933,0.6637968,-1.3730676,-0.006794691,0.66651046,-1.2216692,-0.016034484,0.61413026,-1.2475446,-4.668765,-6.1404953,-3.1384172,-1.2760465,0.18602514,0.015502095,1.2415156,0.69371873,0.1472699,-1.0372925,0.92237467,1.2517942,-2.4789872,0.9107481,-0.82161105,1.3244182,-1.2711718,-0.07363495,-1.4843256,0.7208474,-3.6612659,6.679336,16.453018,-2.3253984,-10.192172,0.80605567,3.1912384,9.524239,0.14224511,2.3253984,-9.35107,7.491576,0.2721211,-0.59371877,0.22264454,-1.0884844,0.99934363,0.0030081815,0.02593103,-0.025118982,-0.3217098,-0.027696872,-0.0053263213,1.3503298,3.3865983,7.9702973,0.004716084,0.052002583,-0.05013773,30.376192092895508,10.425436973571777,-0.17378008,-0.08242412,-0.2797468,0.00045161694,-0.09447095,-0.5316646,1.0570222,-0.26459342,-0.037747934,-0.34041294,0.78585845,-0.008148648,0.0005788449,0.24374864,0.30577666,-0.006386606,-0.023617737,0.53708386,-1.0357444,-0.04344502,0.649394,-1.3699367,0.00014471123,0.7309372,-1.2235558,-0.009436984,0.5848968,-1.1035353,0.0,0.0,0.0,0.0,0.0,0.0,0.0,0.0,0.0,0.0,0.0,0.0,0.0,0.0,0.0,0.0,-2.645934,0.0045161694,-0.063866064,-0.08148648,50.0,50.0,50.0,50.0,50.0,50.0,50.0,50.0,50.0,50.0,50.0,50.0,0.0,0.0,0.0,0.0,1.0,1.0,1.0,1.0,1.0,1.0,1.0,1.0,1.0,1.0,1.0,1.0,0.5,0.5,0.5,0.5
1788527468.6180365,283,5.254244999377988,3.9031630003592,4.811095001059584,1.040769,5.858744,9039950,1,0,0.0,0.0,0.0,0.010377765,0.58820975,-1.2940192,-0.043107763,0.6622223,-1.378707,-0.0014052987,0.6955769,-1.2611932,-0.013218701,0.6095886,-1.2368975,-4.6984973,-6.1189375,-3.1607623,-1.2535503,-0.740225,-1.3874375,-0.0970566,-0.06975943,0.019377619,0.16580501,-0.10076362,1.2014123,-1.4538269,-0.38755238,0.13564333,-0.32149997,-1.9106332,1.7362347,-0.7983579,1.7013549,-0.96479297,-1.1626992,13.465872,0.024738282,-0.7668867,0.28449023,0.2721211,0.59371877,2.8923175,0.56898046,-1.2616524,7.5864067,-0.17316797,-0.8411016,0.34633595,-0.89057815,0.9994876,0.0031414558,0.025276167,-0.019390475,0.21092233,-0.10013484,0.92997575,0.33997664,-3.7493198,12.09431,0.005306293,0.050669942,-0.03866151,30.63294219970703,2.324359655380249,-0.020667963,0.8265305,0.56110835,-0.11576967,0.14317994,-0.66543376,0.033246227,-0.22327283,-0.31183553,0.68144095,0.7493504,0.12455368,-0.17350543,-0.4910687,0.6775785,0.24795526,0.035794985,0.5036416,-1.2916884,-0.0051669907,0.87663263,-1.1597228,-0.043376356,0.54723287,-1.1306053,-0.07795888,0.8403603,-1.1126623,0.0,0.0,0.0,0.0,0.0,0.0,0.0,0.0,0.0,0.0,0.0,0.0,0.0,0.0,0.0,0.0,-2.2327282,-1.1576967,2.4795527,1.2455368,50.0,50.0,50.0,50.0,50.0,50.0,50.0,50.0,50.0,50.0,50.0,50.0,0.0,0.0,0.0,0.0,1.0,1.0,1.0,1.0,1.0,1.0,1.0,1.0,1.0,1.0,1.0,1.0,0.5,0.5,0.5,0.5
1788527468.638144,284,5.366920999222202,3.8931150011194404,4.8452399987581884,1.045729,5.898746,9039970,1,0,0.0,0.0,0.0,0.0043222904,0.5879978,-1.2900699,-0.04565108,0.67530227,-1.3682494,0.0080715865,0.69781744,-1.2593607,-0.022513926,0.6212152,-1.2379243,-4.716664,-6.107069,-3.1607623,-1.2417119,0.9921341,-0.03100419,-1.7510629,-0.67434114,-0.27128667,1.7247766,0.6045817,-1.050267,1.8986697,-1.0541425,1.3486823,-0.323522,-0.081386,-0.4728139,0.38755238,0.62783486,0.51950395,-4.4034142,1.8017715,2.7706876,11.23118,9.245933,-3.1912384,-6.827766,4.1251087,-1.8306329,10.414817,7.396746,-1.1132227,-0.24738282,1.0637461,0.24738282,0.9995986,0.0049053407,0.026229624,-0.009514855,0.23755394,0.149137,1.152616,-1.6998832,3.1376014,8.403648,0.009320606,0.052555732,-0.018791793,30.43816375732422,8.545439720153809,0.15336768,0.59318566,1.1007419,-0.30488253,0.30795136,-0.6786509,-0.38903105,-0.08404459,-0.33449,0.7668669,0.08116697,0.15446241,-0.29911348,-0.86629474,0.78212994,0.22818455,0.07698784,0.5003373,-1.3972577,0.03834192,0.81829643,-1.0248145,-0.07477837,0.45342633,-1.1044675,-0.0836225,0.86171675,-1.2797083,0.0,0.0,0.0,0.0,0.0,0.0,0.0,0.0,0.0,0.0,0.0,0.0,0.0,0.0,0.0,0.0,-0.8404459,-3.0488253,2.2818456,1.5446241,50.0,50.0,50.0,50.0,50.0,50.0,50.0,50.0,50.0,50.0,50.0,50.0,0.0,0.0,0.0,0.0,1.0,1.0,1.0,1.0,1.0,1.0,1.0,1.0,1.0,1.0,1.0,1.0,0.5,0.5,0.5,0.5
1788527468.65804,285,5.246789000011631,3.860696999254287,4.791287001353339,1.054113,5.852632,9039990,1,0,0.0,0.0,0.0,0.009863138,0.59562767,-1.3184571,-0.04135167,0.6746361,-1.341284,0.0014710873,0.68918836,-1.2381454,-0.024118602,0.6321757,-1.2549535,-4.7096395,-6.1427355,-3.1504073,-1.2510675,0.4921915,0.11239019,-2.1777074,1.1975368,0.29841533,1.5326855,-0.42630762,-0.68596774,0.23859747,-0.20152724,1.058018,-2.3172262,0.077510476,-4.4839807,1.7633634,-1.058018,3.0180705,-4.9229183,-1.8017715,2.721211,7.0751486,15.931454,-3.5375743,-11.602254,6.4484453,-2.8696408,10.810629,1.1379609,-0.44528908,0.5442422,0.12369141,1.311129,0.999679,0.00591145,0.024100995,-0.0050880546,-0.34514564,0.012783172,-0.013848436,1.5442601,2.3523033,10.594342,0.011587607,0.048265412,-0.009899589,30.35848617553711,10.425436973571777,-0.02611349,-0.29975462,1.003316,-0.39944917,0.10021636,0.105953254,-0.12799358,-0.034784842,-0.041749895,0.0809636,0.122571416,0.13645907,-0.060388736,0.03014749,0.9097609,0.29909468,0.02505409,0.6964883,-1.3319983,-0.0065283724,0.59506136,-1.049171,-0.015097184,0.6775369,-1.0725597,-0.010437474,0.6902409,-1.2693571,0.0,0.0,0.0,0.0,0.0,0.0,0.0,0.0,0.0,0.0,0.0,0.0,0.0,0.0,0.0,0.0,-0.34784842,-3.9944916,2.9909468,1.3645906,50.0,50.0,50.0,50.0,50.0,50.0,50.0,50.0,50.0,50.0,50.0,50.0,0.0,0.0,0.0,0.0,1.0,1.0,1.0,1.0,1.0,1.0,1.0,1.0,1.0,1.0,1.0,1.0,0.5,0.5,0.5,0.5
1788527468.677629,286,4.854681001233985,3.7284049994923407,4.559312001219951,1.049249,5.614577,9040010,1,0,0.0,0.0,0.0,0.017886639,0.61028206,-1.3445221,-0.027424006,0.6668548,-1.3337331,0.0021674633,0.6865239,-1.2356021,-0.023028612,0.6588502,-1.2934349,-4.7037354,-6.2191563,-3.0908513,-1.2539439,-0.054257333,2.286559,0.35991824,0.21315381,-0.5503244,-0.09301257,-0.08526152,0.34492162,-0.19006917,0.4999426,0.9882586,-1.6095219,0.20540276,-3.9762876,3.5926108,0.42630762,0.37107423,2.4985664,0.09483008,0.8411016,-3.6365275,14.651247,-0.6679336,-0.6926719,8.961443,0.12369141,0.5442422,2.418167,-0.22264454,0.074214846,-0.2721211,0.37107423,0.99966854,0.003290638,0.023345156,-0.010343318,0.29188243,-0.015978964,-0.92784524,1.3754689,-1.0414777,8.53054,0.0061028707,0.046759948,-0.020550046,30.615234375,3.0079948902130127,-0.3629796,-0.660782,-0.25280464,-0.13082042,-0.15257363,0.23433143,1.1067063,-0.29380152,0.20025179,-0.72046876,0.16374306,-0.008688442,0.3337188,0.82981753,0.66941905,-0.078722745,-0.038143408,0.72858286,-1.0233234,-0.0907449,0.5048045,-1.3632011,0.0834297,0.8774544,-1.1326451,0.050062947,0.48988283,-1.2590642,0.0,0.0,0.0,0.0,0.0,0.0,0.0,0.0,0.0,0.0,0.0,0.0,0.0,0.0,0.0,0.0,-2.9380152,-1.3082042,-0.78722745,-0.086884424,50.0,50.0,50.0,50.0,50.0,50.0,50.0,50.0,50.0,50.0,50.0,50.0,0.0,0.0,0.0,0.0,1.0,1.0,1.0,1.0,1.0,1.0,1.0,1.0,1.0,1.0,1.0,1.0,0.5,0.5,0.5,0.5
1788527468.6976998,287,4.89503399876412,3.766038000321714,4.600303998813615,0.99168,5.597809,9040030,1,0,0.0,0.0,0.0,0.017402172,0.61806333,-1.329515,-0.036265045,0.6733342,-1.3418685,0.0047410578,0.6904297,-1.2396461,-0.033474386,0.66602594,-1.2978896,-4.710427,-6.2586985,-3.0525503,-1.2457085,0.0077510476,-0.0077510476,2.0442548,-1.88738,0.35267267,-2.586154,2.092783,0.9146236,-1.0918868,0.15889648,-0.36429924,0.6308679,-1.3099271,-0.6045817,0.36817476,-0.9107481,-2.8696408,5.887711,13.608116,-0.9895313,-9.177902,1.5172813,1.9048477,8.881043,7.064841,4.0818167,-9.153164,1.2802061,-0.59371877,-0.44528908,-0.44528908,0.4205508,0.99954957,0.0034123408,0.022738138,-0.019291861,-0.121440135,-0.05752427,-0.77231663,0.7146692,1.7070658,9.267955,0.005950506,0.04560326,-0.03846062,30.42045783996582,8.784711837768555,-0.24728194,-0.49123496,-0.6773787,-0.015691958,-0.17264809,0.07643478,1.4591182,-0.24136952,0.18119007,-0.9089303,0.58158666,-0.18962437,0.29178438,0.8571732,0.2075413,-0.2621048,-0.04316202,0.6891087,-0.93522036,-0.061820485,0.54719126,-1.4693446,0.072946094,0.8842933,-1.2481146,0.04529752,0.44276744,-1.1546032,0.0,0.0,0.0,0.0,0.0,0.0,0.0,0.0,0.0,0.0,0.0,0.0,0.0,0.0,0.0,0.0,-2.413695,-0.15691958,-2.621048,-1.8962437,50.0,50.0,50.0,50.0,50.0,50.0,50.0,50.0,50.0,50.0,50.0,50.0,0.0,0.0,0.0,0.0,1.0,1.0,1.0,1.0,1.0,1.0,1.0,1.0,1.0,1.0,1.0,1.0,0.5,0.5,0.5,0.5
1788527468.7176514,288,4.876920998867718,3.8008880001143552,4.604944999300642,0.963966,5.574543,9040050,1,0,0.0,0.0,0.0,0.01927936,0.60686064,-1.2829614,-0.036143936,0.6829624,-1.3765903,0.014732644,0.70272243,-1.2579232,-0.02526915,0.66321015,-1.2802128,-4.764351,-6.241864,-3.0807085,-1.250462,-0.2945398,0.0077510476,1.8299212,0.22478038,-0.5658265,-2.2909403,0.732474,1.2556697,-1.7490407,0.7208474,-0.86811733,1.2253395,-3.1391742,1.0270138,-2.7283688,0.4999426,-2.9438555,4.230246,17.448734,-1.6327267,-6.48143,-2.0862617,2.2017071,8.237848,2.0388467,2.8696408,-10.51377,5.83205,0.37107423,-0.59371877,0.22264454,-1.1874375,0.99951994,0.0002879955,0.022171065,-0.021644207,-0.3462109,-0.0010652643,0.17470334,-0.985214,1.3682863,9.531317,-0.00038441367,0.044347845,-0.043310974,30.393898010253906,9.365802764892578,-0.13101195,0.40881947,-0.2411303,-0.034336083,-0.03587563,-0.5565262,0.9736942,-0.27692705,-0.0558512,-0.12146173,0.72162366,-0.10927211,-0.032169934,0.21162686,0.24937041,0.046603307,-0.008968907,0.5308685,-1.0565764,-0.032752987,0.7722049,-1.3602825,-0.008042484,0.7229067,-1.2376573,-0.0139628,0.6396346,-1.1195941,0.0,0.0,0.0,0.0,0.0,0.0,0.0,0.0,0.0,0.0,0.0,0.0,0.0,0.0,0.0,0.0,-2.7692704,-0.34336084,0.46603307,-1.0927211,50.0,50.0,50.0,50.0,50.0,50.0,50.0,50.0,50.0,50.0,50.0,50.0,0.0,0.0,0.0,0.0,1.0,1.0,1.0,1.0,1.0,1.0,1.0,1.0,1.0,1.0,1.0,1.0,0.5,0.5,0.5,0.5
1788527468.7376785,289,4.900314999758848,3.811704000327154,4.606737000358407,1.054049,5.667122,9040070,1,0,0.0,0.0,0.0,0.017008543,0.5948708,-1.2796124,-0.03693115,0.6932265,-1.4079788,0.020424813,0.7199806,-1.2750787,-0.017457545,0.65969795,-1.2670224,-4.809949,-6.216976,-3.1218557,-1.2308118,0.03100419,-1.375811,-0.15165094,0.162772,0.9417523,0.87350935,-0.8913705,0.12789229,-0.10312264,0.18602514,0.10851467,-0.34374213,-2.2439284,1.1936613,-1.2944249,1.0347649,-1.4595586,-2.2264454,11.427025,0.0,3.4880977,1.4698663,-0.51950395,0.12369141,1.6595265,0.074214846,-1.0884844,8.4398775,-0.14842969,-0.6679336,0.791625,-0.9400547,0.9996396,-0.0025279962,0.022061795,-0.015087561,-0.5890912,-0.020240022,0.97045577,-0.51235914,-0.8367735,11.751939,-0.005725472,0.044045646,-0.030309822,30.624088287353516,2.631995439529419,0.17052795,0.5071999,1.2445083,-0.16453145,0.25685546,-0.59060436,-0.43144947,-0.19574085,-0.3116633,0.7933886,0.9832984,0.16081843,-0.29932195,-0.69962573,0.32066596,0.16734645,0.064213865,0.52234894,-1.4078623,0.042631987,0.7968,-0.9888729,-0.07483049,0.49509358,-1.2198335,-0.077915825,0.86834717,-1.0541754,0.0,0.0,0.0,0.0,0.0,0.0,0.0,0.0,0.0,0.0,0.0,0.0,0.0,0.0,0.0,0.0,-1.9574084,-1.6453146,1.6734645,1.6081843,50.0,50.0,50.0,50.0,50.0,50.0,50.0,50.0,50.0,50.0,50.0,50.0,0.0,0.0,0.0,0.0,1.0,1.0,1.0,1.0,1.0,1.0,1.0,1.0,1.0,1.0,1.0,1.0,0.5,0.5,0.5,0.5
1788527468.757534,290,4.764469000292593,3.7272209992806893,4.497709000133909,1.024993,5.528654,9040090,1,0,0.0,0.0,0.0,0.017159939,0.59638464,-1.2896909,-0.032813407,0.6955579,-1.372957,0.023513123,0.71274424,-1.2637365,-0.024754465,0.6697198,-1.2649372,-4.826662,-6.220973,-3.1301517,-1.2304182,0.7906069,-0.15502095,-3.1705155,0.8758684,-0.5503244,2.7863333,-1.0696446,-1.0153872,0.93821377,-1.5269563,0.046506286,-0.23859747,0.52319574,-1.6160935,-0.52319574,-0.33329505,1.7316797,-3.6612659,-2.6078272,3.0428088,5.8629727,17.59098,-3.8839102,-10.414817,1.2327911,-1.1626992,10.4642935,11.75893,-1.2616524,0.024738282,1.0637461,1.1626992,0.999705,-0.0014506176,0.023543421,-0.0057772566,0.028762136,-0.064981125,0.8234493,-0.8487445,-3.7948096,6.0022635,-0.0031759357,0.047073573,-0.011632558,30.34963035583496,10.869799613952637,0.101518646,0.34103218,1.3989012,-0.20486307,0.22474374,-0.2831666,-0.6537211,0.03430862,-0.346761,0.8330357,0.44591597,0.3024727,-0.32083994,-0.76184404,0.85761523,0.18629728,0.056185935,0.59920835,-1.4634302,0.025379661,0.7552581,-0.95027465,-0.080209985,0.479539,-1.0855961,-0.08669025,0.87825894,-1.1885209,0.0,0.0,0.0,0.0,0.0,0.0,0.0,0.0,0.0,0.0,0.0,0.0,0.0,0.0,0.0,0.0,0.34308618,-2.0486307,1.8629729,3.024727,50.0,50.0,50.0,50.0,50.0,50.0,50.0,50.0,50.0,50.0,50.0,50.0,0.0,0.0,0.0,0.0,1.0,1.0,1.0,1.0,1.0,1.0,1.0,1.0,1.0,1.0,1.0,1.0,0.5,0.5,0.5,0.5
1788527468.777587,291,4.815192000023671,3.7966319996485254,4.553359000055934,1.000863,5.559375,9040110,1,0,0.0,0.0,0.0,0.014616609,0.61000955,-1.3508252,-0.035447553,0.6742728,-1.3197054,0.0077082515,0.70090574,-1.2446064,-0.036714077,0.6737164,-1.2707504,-4.822514,-6.2688417,-3.1099868,-1.2485242,-0.30616638,0.8332376,-2.596264,-0.30229086,-0.2945398,0.79869497,-1.5308319,-1.4145663,1.5589716,-1.3448068,0.6975943,-0.9038396,0.08913705,-2.8717632,2.7051156,-0.7828558,2.44909,-1.2863907,-4.030278,3.4880977,4.4281526,19.724657,-2.9191172,-10.192172,6.8751807,-1.0637461,9.920051,5.0259943,0.074214846,0.37107423,-0.47002736,1.7811563,0.9997127,0.0034864857,0.023477038,-0.0033774388,0.8596683,0.04261057,-0.18322547,0.2861071,-5.547365,11.790246,0.00681996,0.04698142,-0.006596559,30.393898010253906,9.331620216369629,-0.1780991,-0.20841685,0.7822786,-0.21593139,0.04166389,0.2080287,-0.028804503,-0.06020592,0.0011253264,0.023516946,0.054311194,0.17115203,-0.04105185,0.10155224,1.1666247,0.21236935,0.010415972,0.7220072,-1.307201,-0.044524774,0.6178958,-1.1044303,-0.010262962,0.6953881,-1.0083438,0.0002813316,0.67587924,-1.2864221,0.0,0.0,0.0,0.0,0.0,0.0,0.0,0.0,0.0,0.0,0.0,0.0,0.0,0.0,0.0,0.0,-0.60205925,-2.159314,2.1236935,1.7115202,50.0,50.0,50.0,50.0,50.0,50.0,50.0,50.0,50.0,50.0,50.0,50.0,0.0,0.0,0.0,0.0,1.0,1.0,1.0,1.0,1.0,1.0,1.0,1.0,1.0,1.0,1.0,1.0,0.5,0.5,0.5,0.5
1788527468.7977262,292,4.956123999363626,3.8289210006041685,4.6803069999441504,0.87942,5.565903,9040130,1,0,0.0,0.0,0.0,0.016796708,0.63698685,-1.384678,-0.050495483,0.666552,-1.3232124,-0.011184931,0.69324553,-1.2296308,-0.04540372,0.6787728,-1.2835144,-4.821909,-6.3121386,-3.0497646,-1.2444367,-0.34879714,1.0425159,-0.45697483,-1.1006488,-0.28291324,-0.4407987,0.30229086,0.12014124,0.33565408,0.77510476,-0.17439857,-0.83913517,-0.30229086,-2.3059366,3.2089338,0.5735775,-0.049476564,3.7602189,3.650958,1.3606055,-2.4985664,11.616685,-0.24738282,-0.074214846,11.75893,1.7069415,0.074214846,0.52156544,-0.074214846,0.049476564,-0.4205508,0.5442422,0.99963945,0.010641904,0.022335803,-0.010438921,0.9715211,0.07882956,-1.0279801,0.31483752,1.5873557,13.144167,0.020832302,0.044892754,-0.02041691,30.606380462646484,2.939631223678589,-0.41784883,-0.32754704,-0.7371213,0.0053405166,-0.22025992,0.49739605,1.2714221,-0.26623464,0.093839616,-0.75443923,0.1366396,-0.028425565,0.4293372,0.84269047,0.8841991,-0.110357925,-0.05506498,0.794349,-0.9821444,-0.10446221,0.58811325,-1.4842802,0.1073343,0.88067263,-1.0789502,0.023459904,0.4813902,-1.26584,0.0,0.0,0.0,0.0,0.0,0.0,0.0,0.0,0.0,0.0,0.0,0.0,0.0,0.0,0.0,0.0,-2.6623464,0.053405166,-1.1035793,-0.28425565,50.0,50.0,50.0,50.0,50.0,50.0,50.0,50.0,50.0,50.0,50.0,50.0,0.0,0.0,0.0,0.0,1.0,1.0,1.0,1.0,1.0,1.0,1.0,1.0,1.0,1.0,1.0,1.0,0.5,0.5,0.5,0.5
1788527468.8176441,293,4.862009000135004,3.7349020003603073,4.5670229992538225,1.082275,5.65557,9040150,1,0,0.0,0.0,0.0,0.03347957,0.639954,-1.3669854,-0.056974873,0.66930723,-1.3303525,-0.0036458075,0.6934575,-1.2311473,-0.049460948,0.6735953,-1.2866106,-4.8311734,-6.328367,-3.0268445,-1.2452846,1.0192627,-0.8332376,2.6690564,-1.2750474,0.2751622,-3.1583834,1.2983005,0.81386006,-0.6248018,0.80223346,-0.39530346,0.24061948,-1.4455703,0.24028248,-0.3565482,-0.39917895,-5.788758,8.856305,16.92717,-1.2616524,-4.6013203,-3.8880334,4.576582,8.955258,8.819198,2.9438555,-9.870575,0.80605567,-0.44528908,-0.14842969,-0.32159767,0.024738282,0.9995157,0.01066661,0.021461194,-0.019850096,-0.28549084,-0.10333064,-0.7989482,0.051475335,6.0645127,10.184934,0.020491546,0.04333863,-0.039270084,30.35848617553711,10.664709091186523,-0.29874966,-0.27207386,-0.8914238,0.077990614,-0.17539938,0.23050383,1.2937813,-0.20416579,0.07905385,-0.8728188,0.45528117,-0.13280588,0.3813094,0.81799746,0.43523782,-0.24107918,-0.043849844,0.72762597,-0.97655463,-0.074687414,0.6019815,-1.5228559,0.09532735,0.8744994,-1.1911905,0.019763462,0.4517953,-1.1861796,0.0,0.0,0.0,0.0,0.0,0.0,0.0,0.0,0.0,0.0,0.0,0.0,0.0,0.0,0.0,0.0,-2.041658,0.77990615,-2.4107919,-1.3280588,50.0,50.0,50.0,50.0,50.0,50.0,50.0,50.0,50.0,50.0,50.0,50.0,0.0,0.0,0.0,0.0,1.0,1.0,1.0,1.0,1.0,1.0,1.0,1.0,1.0,1.0,1.0,1.0,0.5,0.5,0.5,0.5
1788527468.837502,294,4.72302900016075,3.6755080000148155,4.441932000190718,1.01712,5.46462,9040170,1,0,0.0,0.0,0.0,0.042048097,0.62221134,-1.2920604,-0.057974033,0.67781526,-1.4054513,0.0038630068,0.7014204,-1.2410204,-0.040710688,0.6631799,-1.271951,-4.8822517,-6.310624,-3.0638437,-1.231811,-0.26741114,-0.13176781,2.3172262,0.23253144,0.6355859,-1.9815722,0.7983579,0.80998445,-0.8977735,0.77122927,-0.6239593,1.7267988,-4.716512,1.1006488,-3.2399378,1.6005913,-4.230246,5.6403284,15.646963,-1.0637461,-4.675535,-4.694089,3.8839102,8.21311,3.2716377,2.3006601,-10.439555,2.2759218,1.4100821,-0.14842969,0.56898046,-1.4595586,0.999509,0.0071936697,0.02083542,-0.02226862,-0.7105313,0.10972223,0.16192017,0.16879122,4.355053,6.5265937,0.013464594,0.041983094,-0.04426906,30.402751922607422,8.955620765686035,-0.13505036,0.18461624,-0.22485106,-0.023266472,-0.03093674,-0.7205907,0.6064486,-0.47573072,-0.037356056,-0.11404459,0.69265604,-0.02646836,-0.04786901,-0.013292773,0.14456311,-0.041352503,-0.007734185,0.48985234,-1.1483878,-0.03376259,0.7161541,-1.3562127,-0.011967253,0.6666768,-1.2638592,-0.009339014,0.64148885,-1.126836,0.0,0.0,0.0,0.0,0.0,0.0,0.0,0.0,0.0,0.0,0.0,0.0,0.0,0.0,0.0,0.0,-4.757307,-0.23266472,-0.41352504,-0.2646836,50.0,50.0,50.0,50.0,50.0,50.0,50.0,50.0,50.0,50.0,50.0,50.0,0.0,0.0,0.0,0.0,1.0,1.0,1.0,1.0,1.0,1.0,1.0,1.0,1.0,1.0,1.0,1.0,0.5,0.5,0.5,0.5
1788527468.8575265,295,4.753461000291281,3.7341330007620854,4.49006099916005,1.00016,5.496013,9040190,1,0,0.0,0.0,0.0,0.043864727,0.6057707,-1.2959149,-0.05213047,0.6913796,-1.4335858,0.01452069,0.7062346,-1.2502617,-0.020697236,0.6619385,-1.2531368,-4.9350557,-6.3019648,-3.1167388,-1.203108,-0.22478038,-1.4920766,-0.88968545,0.46118733,0.8719929,-0.050550308,-0.6975943,-1.3874375,-0.74814457,0.35267267,0.46893838,-0.010110063,-3.2283113,-0.23253144,-2.1121604,1.6393466,-2.4985664,-4.997133,7.8234816,0.4205508,0.22264454,3.413883,-0.64319533,-0.74214846,-0.09483008,0.24738282,-1.311129,7.017426,-0.6926719,0.0,0.7668867,-0.9400547,0.9996634,-0.0011750915,0.020836454,-0.015418005,-0.8149272,-0.28549084,0.931041,-1.4927847,-1.472434,12.684481,-0.002994504,0.041634675,-0.0309063,30.624088287353516,2.4610867500305176,0.17496468,0.7340355,1.2274963,-0.09109921,0.24814115,-0.42551684,-0.72712,-0.14968252,-0.31122038,0.7640654,1.2042527,0.18863483,-0.26748335,-0.66395104,0.50503105,0.15916865,0.06203529,0.5636208,-1.4817799,0.04374117,0.8535089,-0.9931259,-0.06687084,0.5040122,-1.1737422,-0.077805094,0.8610164,-0.9989368,0.0,0.0,0.0,0.0,0.0,0.0,0.0,0.0,0.0,0.0,0.0,0.0,0.0,0.0,0.0,0.0,-1.4968252,-0.9109921,1.5916865,1.8863482,50.0,50.0,50.0,50.0,50.0,50.0,50.0,50.0,50.0,50.0,50.0,50.0,0.0,0.0,0.0,0.0,1.0,1.0,1.0,1.0,1.0,1.0,1.0,1.0,1.0,1.0,1.0,1.0,0.5,0.5,0.5,0.5
1788527468.8775945,296,4.823863999263267,3.7986799998179777,4.554384000584832,0.96947,5.52955,9040210,1,0,0.0,0.0,0.0,0.04153335,0.6087682,-1.3054404,-0.058942914,0.68163025,-1.3949938,0.018789828,0.6936997,-1.2501194,-0.0249058,0.668872,-1.2498353,-4.969451,-6.309868,-3.1448665,-1.1929045,1.050267,-0.25190905,-3.101767,0.577453,-2.1664178,3.3565407,-0.7130964,-1.1277775,1.2698238,-0.4999426,-0.9107481,0.28510374,-0.10851467,-1.6005913,-0.14339438,0.015502095,0.049476564,-1.9790626,-5.4053144,4.576582,11.132227,18.82377,-3.6612659,-8.856305,2.2285068,-2.3501368,10.983797,13.655532,-0.74214846,0.34633595,0.74214846,1.0637461,0.9996705,-0.0039263,0.024497882,-0.006589466,-0.560329,0.0053263213,0.6743123,-1.3862427,-3.5362358,4.1395745,-0.00818276,0.048947416,-0.013383389,30.2965087890625,12.442160606384277,0.10497463,0.33726743,1.395048,-0.2748184,0.20911786,0.00069811195,-0.8726002,0.19573295,-0.2819041,0.6158836,0.84801245,0.2550877,-0.33497828,-0.5247065,0.89417017,0.28002977,0.052279465,0.67017454,-1.51815,0.026243657,0.75431687,-0.9512379,-0.08374457,0.53882337,-1.0764574,-0.070476025,0.8239709,-1.0879968,0.0,0.0,0.0,0.0,0.0,0.0,0.0,0.0,0.0,0.0,0.0,0.0,0.0,0.0,0.0,0.0,1.9573295,-2.748184,2.8002977,2.550877,50.0,50.0,50.0,50.0,50.0,50.0,50.0,50.0,50.0,50.0,50.0,50.0,0.0,0.0,0.0,0.0,1.0,1.0,1.0,1.0,1.0,1.0,1.0,1.0,1.0,1.0,1.0,1.0,0.5,0.5,0.5,0.5
1788527468.8978457,297,5.0505269991845125,3.7693670001317514,4.695411998909549,1.001696,5.704724,9040230,1,0,0.0,0.0,0.0,0.039928675,0.62953854,-1.3756738,-0.060123734,0.6515344,-1.3381088,0.0041657835,0.6811951,-1.2120014,-0.028872192,0.6689023,-1.2536107,-4.963547,-6.3440504,-3.1164055,-1.209557,-0.5890796,2.6353562,-3.083569,-0.027128667,-0.17439857,0.05863836,-1.9300109,-1.2091634,1.0797547,-0.92237467,0.6162083,-0.20220123,0.80998445,-2.3136878,2.937647,-1.4223173,1.2121758,-0.4205508,-4.2199388,4.6260586,5.368207,21.763504,-2.5233047,-6.1350937,7.017426,-0.96479297,7.396746,8.487292,0.47002736,-0.049476564,-0.074214846,1.9295859,0.999672,-5.8049274e-05,0.025098776,-0.005084871,1.043959,0.02450108,-0.25033712,-2.067393,-8.662222,11.267113,-0.00037177693,0.050201584,-0.010182323,30.43816375732422,7.793440818786621,-0.24181198,-0.39767444,0.5472597,-0.2874188,0.056443457,0.17997739,-0.007893272,-0.02569149,-0.037234116,-0.1867943,0.31263867,0.1385801,-0.0026276987,0.119800724,1.137184,0.19845262,0.014110864,0.7149944,-1.3019732,-0.060452994,0.57058144,-1.163185,-0.0006569247,0.6999502,-1.0157039,-0.009308529,0.62330145,-1.2218403,0.0,0.0,0.0,0.0,0.0,0.0,0.0,0.0,0.0,0.0,0.0,0.0,0.0,0.0,0.0,0.0,-0.2569149,-2.8741882,1.9845262,1.385801,50.0,50.0,50.0,50.0,50.0,50.0,50.0,50.0,50.0,50.0,50.0,50.0,0.0,0.0,0.0,0.0,1.0,1.0,1.0,1.0,1.0,1.0,1.0,1.0,1.0,1.0,1.0,1.0,0.5,0.5,0.5,0.5
1788527468.916193,298,3.409131999433157,2.1087379991513444,2.9022990001976723,1.01328,3.922555,9040250,1,0,0.0,0.0,0.0,0.034085155,0.65621305,-1.425766,-0.080318846,0.641785,-1.3479345,-0.012607962,0.67928755,-1.210943,-0.042920947,0.66106045,-1.2573546,-4.9506183,-6.3789606,-3.0594535,-1.2299943,-0.6317104,1.3331802,-0.016176099,-0.9572544,-1.5114542,-1.0939087,0.577453,1.4688236,-0.26892763,-0.8254866,-2.205173,-0.55403143,-0.17439857,-2.1509159,2.856261,-0.80998445,-0.44528908,1.8058946,5.2630696,1.8801094,-2.4985664,10.431309,0.14842969,-0.32159767,10.431309,2.8449025,0.12369141,2.1336768,0.0,-0.32159767,-0.4205508,0.96479297,0.99959743,0.009636669,0.02375542,-0.01215998,1.1504855,-0.07882956,-1.0109358,0.20111294,3.2824504,14.84405,0.01871026,0.047744215,-0.023881806,30.624088287353516,2.358541488647461,-0.47553545,-0.099604234,-0.92728734,-0.13544911,-0.29972136,0.59774554,1.2830001,-0.024851212,-0.0012019761,-0.8849604,0.52204,-0.17322177,0.45210722,0.9628999,0.94166505,-0.06277633,-0.07493034,0.81943643,-0.97924995,-0.11888386,0.645099,-1.5318217,0.113026805,0.910725,-1.0645837,-0.00030049402,0.4487599,-1.16949,0.0,0.0,0.0,0.0,0.0,0.0,0.0,0.0,0.0,0.0,0.0,0.0,0.0,0.0,0.0,0.0,-0.24851212,-1.3544911,-0.6277633,-1.7322177,50.0,50.0,50.0,50.0,50.0,50.0,50.0,50.0,50.0,50.0,50.0,50.0,0.0,0.0,0.0,0.0,1.0,1.0,1.0,1.0,1.0,1.0,1.0,1.0,1.0,1.0,1.0,1.0,0.5,0.5,0.5,0.5
1788527468.9377143,299,4.924443001073087,3.7171730000409298,4.580015998726594,1.032064,5.618385,9040270,1,0,0.0,0.0,0.0,0.042138934,0.66541743,-1.3989269,-0.093247354,0.6551374,-1.3708718,-0.0070368946,0.68664503,-1.2152082,-0.047038734,0.6441656,-1.2504355,-4.9594593,-6.396673,-3.039319,-1.2275419,0.31391743,-1.139404,2.9764023,-0.9882586,0.3914279,-4.573792,-0.065883905,-0.0077510476,-0.9907861,0.53094673,-0.30616638,1.29611,-0.65883905,-0.10463915,-0.47668946,0.0038755238,-6.3577385,9.153164,18.254791,-0.34633595,-0.96479297,-3.698373,6.2835236,11.899114,8.676952,2.0038009,-9.994266,2.7974875,0.24738282,-0.64319533,-0.024738282,-0.89057815,0.99944544,0.0110949585,0.023764132,-0.02052214,-0.14274542,-0.08202535,-0.49641317,0.7529764,1.3623008,11.155783,0.021228245,0.047975693,-0.040551957,30.305362701416016,12.237070083618164,-0.32853782,-0.05786731,-0.7185575,-0.19275802,-0.19557805,0.017169729,1.0165482,-0.05971255,0.012073933,-0.78569555,0.72994083,-0.21177813,0.21804309,0.62966645,0.36868805,-0.079806075,-0.048894513,0.67429245,-1.0458629,-0.082134455,0.6555332,-1.4796393,0.054510772,0.82741666,-1.2078279,0.0030184833,0.47357613,-1.1175147,0.0,0.0,0.0,0.0,0.0,0.0,0.0,0.0,0.0,0.0,0.0,0.0,0.0,0.0,0.0,0.0,-0.59712553,-1.9275802,-0.7980608,-2.1177814,50.0,50.0,50.0,50.0,50.0,50.0,50.0,50.0,50.0,50.0,50.0,50.0,0.0,0.0,0.0,0.0,1.0,1.0,1.0,1.0,1.0,1.0,1.0,1.0,1.0,1.0,1.0,1.0,0.5,0.5,0.5,0.5
1788527468.9577653,300,4.987996999261668,3.833881000900874,4.672978999224142,1.014784,5.693908,9040290,1,0,0.0,0.0,0.0,0.037476182,0.6337471,-1.3006382,-0.09282347,0.6720625,-1.4414685,-0.0036760867,0.6960614,-1.2254447,-0.041830957,0.63565755,-1.230405,-4.977626,-6.3993683,-3.0741682,-1.2108893,-1.0308893,-0.6820922,5.190506,0.49606705,1.3990641,-1.2030973,0.6162083,0.5658265,-0.89575154,0.30616638,-0.6704656,0.2729717,-2.9609,-0.44180974,-2.4648333,0.93400127,-3.587051,2.6717343,9.388178,0.049476564,-2.2264454,-1.0905459,2.3253984,6.1845703,1.4698663,2.0780158,-7.8667736,6.02171,1.4100821,-0.6679336,0.86583984,-1.4595586,0.9994655,0.009412166,0.02341899,-0.020778393,-0.3014698,0.36964673,0.34408036,2.9580362,-0.2765303,6.393716,0.01786191,0.047221635,-0.041151203,30.50899314880371,5.810899257659912,-0.17753775,0.29509175,-0.19217488,-0.28420067,-0.024935534,-0.947288,0.6777696,-0.33521086,-0.18781532,0.051149383,0.46550667,0.024408303,-0.032439984,-0.18050061,0.16581856,0.15089564,-0.0062338836,0.433178,-1.1305575,-0.04438444,0.743773,-1.3480437,-0.008109996,0.6248749,-1.2585453,-0.04695383,0.68278736,-1.1836233,0.0,0.0,0.0,0.0,0.0,0.0,0.0,0.0,0.0,0.0,0.0,0.0,0.0,0.0,0.0,0.0,-3.3521085,-2.8420067,1.5089564,0.24408303,50.0,50.0,50.0,50.0,50.0,50.0,50.0,50.0,50.0,50.0,50.0,50.0,0.0,0.0,0.0,0.0,1.0,1.0,1.0,1.0,1.0,1.0,1.0,1.0,1.0,1.0,1.0,1.0,0.5,0.5,0.5,0.5
1788527468.976379,301,3.595666001274367,2.19571700108645,3.050912000617245,0.968671,4.026367,9040310,1,0,0.0,0.0,0.0,0.03502369,0.61385477,-1.2991059,-0.09152153,0.6917732,-1.4534267,0.008979902,0.7002094,-1.2353652,-0.035957158,0.6456492,-1.2324427,-5.0106287,-6.4179583,-3.1025686,-1.1996865,0.21702933,0.2596601,-1.0736886,0.054257333,1.2362921,1.1667012,0.40693003,-0.77510476,-0.73803455,0.14339438,2.205173,-0.61671376,-0.7828558,-1.4959522,-0.23253144,0.82161105,-2.5233047,-9.771622,9.008858,2.3996134,1.6079884,3.650958,-1.1874375,-3.4386213,-0.47415042,-0.59371877,-0.24738282,3.413883,-1.2616524,-0.56898046,0.74214846,-0.32159767,0.99960536,0.0031906953,0.024433803,-0.013496085,-1.3475593,-0.32703614,0.9534116,-1.2018893,3.4955344,11.723208,0.005726241,0.048953995,-0.026861003,30.579822540283203,3.725811719894409,0.19247495,0.35934362,1.3946594,-0.38542008,0.25180048,-0.59686995,-0.71881354,0.09618356,-0.33065048,0.4669595,0.9472765,0.18019783,-0.3021311,-0.6440402,0.29470363,0.25573462,0.06295012,0.52078253,-1.4797033,0.048118737,0.7598359,-0.9513351,-0.07553277,0.50898993,-1.2263241,-0.08266262,0.7867399,-1.0631808,0.0,0.0,0.0,0.0,0.0,0.0,0.0,0.0,0.0,0.0,0.0,0.0,0.0,0.0,0.0,0.0,0.9618356,-3.8542008,2.5573463,1.8019783,50.0,50.0,50.0,50.0,50.0,50.0,50.0,50.0,50.0,50.0,50.0,50.0,0.0,0.0,0.0,0.0,1.0,1.0,1.0,1.0,1.0,1.0,1.0,1.0,1.0,1.0,1.0,1.0,0.5,0.5,0.5,0.5
1788527468.9967952,302,4.018973999336595,2.6361789987277007,3.6781640010303818,0.962942,4.64741,9040330,1,0,0.0,0.0,0.0,0.04301703,0.6160953,-1.3118066,-0.08298327,0.6800255,-1.4146452,0.019395381,0.6963338,-1.2377031,-0.029810786,0.6546719,-1.2359023,-5.006057,-6.4631023,-3.1006613,-1.1982635,0.9572544,-0.12014124,-3.7629654,0.984383,-1.798243,4.9822383,-0.3914279,-0.4650629,0.6349119,0.5193202,-0.325544,0.17995912,1.6122179,-3.2593155,0.84873974,-0.08526152,0.049476564,-4.8487034,-4.314769,5.9371877,5.9866643,18.918602,-4.477629,-9.153164,-0.09483008,-3.2654533,7.2235785,9.245933,-0.37107423,-0.074214846,0.74214846,0.9400547,0.9996368,-0.0013654905,0.026184317,-0.0062285094,-0.10013484,-0.02450108,0.45486787,-0.033518825,0.866701,5.5629277,-0.0030603658,0.052356523,-0.012541517,30.331924438476562,11.553435325622559,0.009706037,0.13055223,0.9982695,-0.52791643,0.17548151,-0.07326986,-0.45658112,0.31718698,-0.17915426,0.39375883,0.69647074,0.26094007,-0.23629513,-0.32481351,1.0396531,0.36927944,0.04387038,0.65168256,-1.4141452,0.0024265093,0.7026381,-1.0504326,-0.059073783,0.5887966,-1.0400867,-0.044788565,0.7684397,-1.1258823,0.0,0.0,0.0,0.0,0.0,0.0,0.0,0.0,0.0,0.0,0.0,0.0,0.0,0.0,0.0,0.0,3.1718698,-5.2791643,3.6927943,2.6094007,50.0,50.0,50.0,50.0,50.0,50.0,50.0,50.0,50.0,50.0,50.0,50.0,0.0,0.0,0.0,0.0,1.0,1.0,1.0,1.0,1.0,1.0,1.0,1.0,1.0,1.0,1.0,1.0,0.5,0.5,0.5,0.5
1788527469.0165718,303,3.7985519993526395,2.5462880003033206,3.4577400001580827,0.993248,4.457933,9040350,1,0,0.0,0.0,0.0,0.040534258,0.6329297,-1.3714402,-0.0811969,0.65101963,-1.3329749,0.0066182613,0.68961227,-1.212112,-0.03226328,0.6570033,-1.2376873,-4.9709044,-6.5318623,-3.0497346,-1.2093451,-1.1859103,1.5850892,-1.5043772,-1.0347649,0.40693003,-0.80476093,-1.5812138,0.054257333,3.3161006,-0.44568524,0.5890796,-0.14154087,2.0230236,-2.70124,4.3018317,-0.20540276,1.3606055,-0.56898046,-0.99571586,5.368207,2.1522305,16.784924,-1.7069415,-5.318731,6.2113705,-0.24738282,5.096086,5.83205,0.56898046,-1.4595586,-0.22264454,1.2616524,0.9996445,0.0035904893,0.025701683,-0.006104227,1.3454288,-0.27909926,-0.3195793,-3.879804,-8.265982,11.528081,0.0068737995,0.051451627,-0.012035769,30.54440689086914,4.853809833526611,-0.3176796,-0.48702523,0.08316706,-0.5761951,0.07010496,0.22175685,0.26309377,0.11831922,0.028914792,-0.40678182,0.2856629,0.12269792,0.1090418,0.18919826,1.2370425,0.03077659,0.01752624,0.72543925,-1.2342265,-0.0794199,0.5482437,-1.2792082,0.02726045,0.7172996,-0.99073935,0.007228698,0.56830454,-1.2285843,0.0,0.0,0.0,0.0,0.0,0.0,0.0,0.0,0.0,0.0,0.0,0.0,0.0,0.0,0.0,0.0,1.1831923,-5.7619514,0.3077659,1.2269793,50.0,50.0,50.0,50.0,50.0,50.0,50.0,50.0,50.0,50.0,50.0,50.0,0.0,0.0,0.0,0.0,1.0,1.0,1.0,1.0,1.0,1.0,1.0,1.0,1.0,1.0,1.0,1.0,0.5,0.5,0.5,0.5
1788527469.036656,304,3.882298999087652,2.65410000065458,3.5746720004681265,1.001984,4.583152,9040370,1,0,0.0,0.0,0.0,0.036234856,0.6475537,-1.3772061,-0.10205812,0.6558035,-1.3589766,-0.0048569143,0.6885525,-1.1968995,-0.042254865,0.6456795,-1.2444959,-4.943049,-6.5845146,-2.9984746,-1.2101929,0.34492162,0.13564333,2.4789872,-0.1782741,1.1781592,-1.3992326,0.724723,0.9921341,0.0080880495,-0.36817476,-0.9572544,-0.61266977,1.0153872,-3.410461,2.344692,0.31391743,-1.4595586,4.0570784,4.1251087,1.311129,-6.9267187,5.0259943,0.9895313,0.44528908,11.28478,2.9685938,-3.339668,1.2802061,0.074214846,-1.4595586,-0.9895313,0.34633595,0.99961585,0.010849471,0.022428393,-0.012143649,-0.04261057,-0.047936894,-0.8138619,2.2038627,1.6412252,8.304289,0.021169001,0.045118365,-0.023817783,30.579822540283203,3.6574482917785645,-0.4374731,-0.5642015,-0.66776454,-0.2547953,-0.17293091,0.44559503,1.1422765,0.041805655,0.018624777,-0.8486301,0.45119667,0.024539128,0.4132797,0.677037,0.7359818,-0.16311865,-0.043232728,0.7813988,-1.0144308,-0.10936827,0.5289496,-1.4669411,0.10331993,0.83925927,-1.1160045,0.0046561942,0.4578425,-1.1872008,0.0,0.0,0.0,0.0,0.0,0.0,0.0,0.0,0.0,0.0,0.0,0.0,0.0,0.0,0.0,0.0,0.41805655,-2.5479531,-1.6311865,0.24539128,50.0,50.0,50.0,50.0,50.0,50.0,50.0,50.0,50.0,50.0,50.0,50.0,0.0,0.0,0.0,0.0,1.0,1.0,1.0,1.0,1.0,1.0,1.0,1.0,1.0,1.0,1.0,1.0,0.5,0.5,0.5,0.5
1788527469.0576272,305,4.853944999922533,3.761111000130768,4.571728000883013,0.960414,5.538094,9040390,1,0,0.0,0.0,0.0,0.051131368,0.6333232,-1.3368448,-0.100756176,0.6679448,-1.3759742,0.009161577,0.6900361,-1.2034868,-0.036078215,0.63150954,-1.2392039,-4.93987,-6.621907,-2.9913292,-1.1898464,0.16664752,-1.1122752,4.416075,-0.25190905,0.11239019,-2.252522,0.3410461,0.20152724,-0.9483238,0.34879714,-1.2827984,1.0918868,-0.13951886,-1.2014123,-1.2789229,1.457197,-5.021871,8.732614,12.802061,-0.2721211,-7.4214845,-2.0388467,4.6013203,7.6441293,5.3104844,1.8306329,-7.9409885,1.4698663,0.2721211,-0.6926719,-0.14842969,-0.59371877,0.99954134,0.0065920395,0.02411427,-0.017093949,-0.12889698,0.1789644,-0.16831176,0.36631286,-5.1846437,7.491457,0.012368445,0.048450742,-0.033900563,30.411605834960938,9.194893836975098,-0.2950438,-0.054497484,-0.45224681,-0.18137549,-0.07470773,-0.25328925,1.1126544,-0.18897244,-0.036260486,-0.5236346,0.36634004,0.0046930313,0.10367571,0.3966243,0.5342173,-0.1578998,-0.018676933,0.6066777,-1.0218363,-0.07376095,0.65637565,-1.4130616,0.025918927,0.7691561,-1.1664456,-0.009065121,0.53909135,-1.2084149,0.0,0.0,0.0,0.0,0.0,0.0,0.0,0.0,0.0,0.0,0.0,0.0,0.0,0.0,0.0,0.0,-1.8897245,-1.8137549,-1.578998,0.046930313,50.0,50.0,50.0,50.0,50.0,50.0,50.0,50.0,50.0,50.0,50.0,50.0,0.0,0.0,0.0,0.0,1.0,1.0,1.0,1.0,1.0,1.0,1.0,1.0,1.0,1.0,1.0,1.0,0.5,0.5,0.5,0.5
1788527469.077558,306,4.783510999914142,3.6703559999295976,4.47661999896809,1.001535,5.484044,9040410,1,0,0.0,0.0,0.0,0.044318914,0.6054982,-1.2873213,-0.09609344,0.6769978,-1.4170306,0.012825161,0.696788,-1.2105165,-0.03111273,0.61845994,-1.2229488,-4.9683914,-6.6223316,-3.0246344,-1.1563594,-0.0038755238,-0.65496355,-0.070770435,0.96500546,1.1587815,-0.8836195,0.24803352,0.75960267,-0.12132075,0.42630762,-0.4185566,-0.18804716,-2.03465,0.5348223,-2.0230236,2.0656543,-3.4386213,0.6679336,14.603832,0.14842969,-2.2017071,0.52156544,0.37107423,2.8696408,2.0388467,0.64319533,-3.7849572,1.5172813,0.22264454,-1.0637461,0.32159767,-0.9895313,0.99955076,0.0042149867,0.025548847,-0.015094212,-0.5880259,-0.021305285,0.4420847,-0.5530606,4.297592,10.1621895,0.007665036,0.051224384,-0.030003337,30.606380462646484,2.8370859622955322,-0.15051855,0.34541982,0.1433074,-0.13252495,0.105761886,-0.65419203,0.22312857,-0.33632225,-0.18002604,0.32225186,0.7136144,0.17292288,-0.054049827,-0.3269463,0.46228924,0.1494712,0.026440471,0.506452,-1.2442178,-0.037629638,0.756355,-1.2641732,-0.013512457,0.58826345,-1.1844276,-0.04500651,0.75056297,-1.1215963,0.0,0.0,0.0,0.0,0.0,0.0,0.0,0.0,0.0,0.0,0.0,0.0,0.0,0.0,0.0,0.0,-3.3632226,-1.3252496,1.4947119,1.7292287,50.0,50.0,50.0,50.0,50.0,50.0,50.0,50.0,50.0,50.0,50.0,50.0,0.0,0.0,0.0,0.0,1.0,1.0,1.0,1.0,1.0,1.0,1.0,1.0,1.0,1.0,1.0,1.0,0.5,0.5,0.5,0.5
1788527469.0975728,307,4.797751000296557,3.6990919998061145,4.50875000024098,1.011904,5.52635,9040430,1,0,0.0,0.0,0.0,0.04886055,0.6008657,-1.2972893,-0.08755518,0.69271183,-1.4040612,0.020606473,0.69494104,-1.2114801,-0.026601374,0.6387459,-1.2266927,-4.983379,-6.628599,-3.0633898,-1.1282618,0.32941952,-0.30229086,-1.3183521,0.29841533,1.8292472,2.8469934,-0.081386,-0.18990067,0.056616347,-0.5890796,0.85649073,0.09099056,-0.732474,-0.65496355,-1.4998277,1.5773382,-1.5090352,-4.7002735,3.603543,2.2511837,1.58325,3.650958,-1.8058946,-5.516637,0.99571586,-0.37107423,5.1950393,6.02171,-1.3606055,-0.32159767,1.4100821,-0.024738282,0.9996558,0.00017937236,0.024861505,-0.008387953,-0.4090615,-0.04900216,0.78829557,-0.58418524,0.9840169,5.469554,-5.852538e-05,0.049729396,-0.01678275,30.579822540283203,3.6916301250457764,0.18292522,0.0025218613,1.2159655,-0.24103582,0.33596256,-0.6068845,-0.46607435,-0.1248903,-0.3343996,0.48515615,0.5978871,0.32000086,-0.29374516,-0.63615763,0.52931136,0.13800807,0.08399064,0.5182789,-1.4165186,0.045731306,0.67063046,-0.9960086,-0.07343629,0.5109606,-1.1676722,-0.0835999,0.79128903,-1.1505282,0.0,0.0,0.0,0.0,0.0,0.0,0.0,0.0,0.0,0.0,0.0,0.0,0.0,0.0,0.0,0.0,-1.248903,-2.4103582,1.3800807,3.2000086,50.0,50.0,50.0,50.0,50.0,50.0,50.0,50.0,50.0,50.0,50.0,50.0,0.0,0.0,0.0,0.0,1.0,1.0,1.0,1.0,1.0,1.0,1.0,1.0,1.0,1.0,1.0,1.0,0.5,0.5,0.5,0.5
1788527469.1173515,308,4.558063001240953,3.472684998996556,4.233382000165875,1.051841,5.291783,9040450,1,0,0.0,0.0,0.0,0.057035446,0.6069515,-1.3129756,-0.07671582,0.6820238,-1.3623098,0.017518178,0.692095,-1.2087157,-0.027328014,0.6414709,-1.235381,-4.984166,-6.647977,-3.05688,-1.1236293,0.96888095,0.19377619,-2.117047,0.4999426,-1.472699,2.9743803,-0.43405867,-0.7867313,0.09099056,-0.06200838,0.12789229,-0.7622987,0.38755238,-2.2671814,1.782741,-0.10076362,0.32159767,-4.6260586,-2.8449025,5.887711,0.7668867,15.931454,-4.3291993,-8.559445,1.8491865,-2.7459493,7.619391,5.2630696,-0.8411016,-0.024738282,-0.17316797,1.6079884,0.99968284,-0.0010201453,0.024925038,-0.0034526926,-0.04154531,0.03941478,0.22477077,-0.10295067,1.2282255,9.868899,-0.002214513,0.049847864,-0.0069627543,30.43816375732422,8.340349197387695,-0.0036377814,-0.09197117,0.9813039,-0.17982185,0.19300668,-0.011390217,-0.11010286,-0.046165112,-0.122816935,0.18158296,0.4283785,0.28101975,-0.15774813,-0.12991546,1.0630013,0.20527184,0.04825167,0.66715246,-1.3275256,-0.00090944534,0.6470072,-1.054674,-0.039437033,0.63752115,-1.0342497,-0.030704234,0.71539575,-1.1929053,0.0,0.0,0.0,0.0,0.0,0.0,0.0,0.0,0.0,0.0,0.0,0.0,0.0,0.0,0.0,0.0,-0.46165112,-1.7982185,2.0527184,2.8101974,50.0,50.0,50.0,50.0,50.0,50.0,50.0,50.0,50.0,50.0,50.0,50.0,0.0,0.0,0.0,0.0,1.0,1.0,1.0,1.0,1.0,1.0,1.0,1.0,1.0,1.0,1.0,1.0,0.5,0.5,0.5,0.5
1788527469.1376758,309,4.900730000372278,3.7486620003619464,4.575759998260764,1.025216,5.60776,9040470,1,0,0.0,0.0,0.0,0.054582953,0.6265713,-1.3540161,-0.08174189,0.67303145,-1.3418527,0.008162409,0.69033885,-1.2044978,-0.03077966,0.644105,-1.2432321,-4.9718127,-6.676468,-3.0098286,-1.1222064,-0.43018317,2.1199114,-0.19815722,-0.7906069,-0.17439857,-0.43271068,-0.902997,-0.44956076,0.657154,0.06975943,0.4573118,-0.29521382,0.21315381,-0.48056495,3.14305,0.12014124,0.024738282,-0.074214846,0.99571586,5.1455626,-1.2616524,15.457303,-1.4842969,-2.2264454,8.487292,-0.024738282,3.1417618,2.7974875,-0.32159767,-0.6679336,-0.4205508,1.2863907,0.99968976,0.0032372035,0.024181219,-0.0050091785,0.87138623,-0.16192017,-0.4420847,-1.3215994,-1.1899183,10.703279,0.0062374873,0.04839876,-0.009870408,30.588674545288086,3.486539602279663,-0.30797878,-0.37758702,-0.044589676,-0.08943596,0.01815445,0.22826332,0.5363044,-0.18341404,0.06945521,-0.5048348,0.38231558,0.08009075,0.20257631,0.4142257,1.107679,0.05436451,0.0045386124,0.72706586,-1.1659238,-0.076994695,0.57560325,-1.3111473,0.050644077,0.7735565,-1.0230802,0.017363802,0.5437913,-1.204421,0.0,0.0,0.0,0.0,0.0,0.0,0.0,0.0,0.0,0.0,0.0,0.0,0.0,0.0,0.0,0.0,-1.8341404,-0.8943596,0.5436451,0.8009075,50.0,50.0,50.0,50.0,50.0,50.0,50.0,50.0,50.0,50.0,50.0,50.0,0.0,0.0,0.0,0.0,1.0,1.0,1.0,1.0,1.0,1.0,1.0,1.0,1.0,1.0,1.0,1.0,0.5,0.5,0.5,0.5
1788527469.157715,310,4.941499999404186,3.7248529988573864,4.587601000821451,1.055713,5.650578,9040490,1,0,0.0,0.0,0.0,0.04886055,0.6397724,-1.33675,-0.09188487,0.6729406,-1.3510308,0.0066485405,0.69736326,-1.2032025,-0.034170747,0.63072234,-1.245886,-4.9779286,-6.6861267,-2.977129,-1.1196327,0.40305448,0.60070616,2.3414905,-0.4921915,0.21315381,-1.4093426,1.5657116,0.5658265,-0.07279245,-0.3100419,-1.2711718,-0.064704396,-0.9960096,0.162772,0.6162083,0.08913705,-2.721211,4.0570784,7.064841,1.0884844,-5.318731,3.319053,0.74214846,3.6612659,9.483008,3.0428088,-3.4880977,2.1336768,-0.34633595,-0.59371877,-0.049476564,0.32159767,0.99966305,0.006396804,0.02234983,-0.011555466,0.11398328,-0.17257282,-0.80427456,0.7290344,1.3455414,8.89805,0.012285431,0.044847466,-0.022842161,30.579822540283203,3.9650840759277344,-0.3237379,-0.34107563,-0.82713294,0.11015,-0.13157372,0.24126905,1.3510504,-0.12046382,0.08184496,-0.91094065,0.62895393,-0.0029772501,0.33348843,0.73890626,0.66952384,-0.16376308,-0.03289343,0.7303173,-0.96223736,-0.08093447,0.5847311,-1.5067832,0.08337211,0.85472655,-1.132619,0.02046124,0.44226485,-1.1427615,0.0,0.0,0.0,0.0,0.0,0.0,0.0,0.0,0.0,0.0,0.0,0.0,0.0,0.0,0.0,0.0,-1.2046382,1.1015,-1.6376307,-0.029772501,50.0,50.0,50.0,50.0,50.0,50.0,50.0,50.0,50.0,50.0,50.0,50.0,0.0,0.0,0.0,0.0,1.0,1.0,1.0,1.0,1.0,1.0,1.0,1.0,1.0,1.0,1.0,1.0,0.5,0.5,0.5,0.5
1788527469.1780674,311,5.284198001390905,3.8537849995918805,4.798518999450607,1.082626,5.890009,9040510,1,0,0.0,0.0,0.0,0.05358386,0.63108265,-1.2972893,-0.08915988,0.67796665,-1.3714404,0.015762076,0.69887716,-1.2066146,-0.03002274,0.618793,-1.2382877,-5.0070257,-6.6691713,-2.9877563,-1.1010727,-0.52707124,-0.2751622,3.6921947,0.12401676,-0.17439857,-2.6205282,0.42630762,0.3100419,-0.982698,0.20540276,-0.64721245,0.98067605,-2.8136303,1.3564334,-1.8137453,1.3099271,-3.9828634,5.442422,14.651247,0.24738282,-4.675535,-3.650958,2.9685938,7.8667736,4.836334,2.3996134,-8.584184,4.030278,0.89057815,-0.17316797,0.074214846,-0.6679336,0.9996014,0.0037794726,0.022683105,-0.016378945,-0.11078749,0.14381069,-0.22796656,2.4468741,1.0223241,6.853402,0.006819988,0.04548762,-0.032612883,30.42045783996582,8.477076530456543,-0.27193385,0.057375852,-0.5768445,0.062026165,-0.05526716,-0.382631,1.2568423,-0.27150652,0.04231088,-0.57774794,0.6168999,-0.031319402,0.10082695,0.42824018,0.2954676,-0.09235667,-0.01381679,0.57434225,-0.9857894,-0.06798346,0.684344,-1.4442111,0.025206737,0.77706003,-1.2261331,0.01057772,0.525563,-1.145775,0.0,0.0,0.0,0.0,0.0,0.0,0.0,0.0,0.0,0.0,0.0,0.0,0.0,0.0,0.0,0.0,-2.7150652,0.62026167,-0.9235667,-0.31319404,50.0,50.0,50.0,50.0,50.0,50.0,50.0,50.0,50.0,50.0,50.0,50.0,0.0,0.0,0.0,0.0,1.0,1.0,1.0,1.0,1.0,1.0,1.0,1.0,1.0,1.0,1.0,1.0,0.5,0.5,0.5,0.5
1788527469.1977556,312,4.979196999556734,3.8609530001849635,4.668402998504462,1.025185,5.699732,9040530,1,0,0.0,0.0,0.0,0.05216086,0.61415756,-1.277464,-0.08628352,0.68362856,-1.425008,0.023058966,0.7095046,-1.2168195,-0.02015227,0.6107089,-1.2307999,-5.0474463,-6.6376524,-3.0225148,-1.0691602,0.1472699,-2.2749324,-0.13345282,-0.16664752,1.1626571,-0.115254715,-0.027128667,0.7518516,-0.9887641,0.5813286,-0.59683067,-0.2628616,-1.8098696,1.6199689,-1.6664752,2.0850317,-3.7107422,0.12369141,15.267643,1.0637461,-1.0390079,-1.2802061,0.14842969,2.6717343,0.33190528,0.96479297,-3.9828634,4.836334,-0.37107423,-0.51950395,0.4205508,-1.2121758,0.99963385,-0.0014436409,0.022943713,-0.014273632,-0.8596683,0.0053263213,0.519849,0.61171854,0.45370123,10.815806,-0.003544937,0.04584547,-0.028637057,30.5975284576416,3.1105401515960693,-0.04542844,0.541821,0.44491747,-0.12493037,0.17825258,-0.50810283,0.041502982,-0.22564638,-0.18158062,0.34037867,1.2093686,0.120086625,-0.13154033,-0.3070017,0.23000647,0.15122381,0.044563144,0.5429743,-1.2896242,-0.01135711,0.80545527,-1.1887705,-0.032885082,0.59324956,-1.2424983,-0.045395155,0.7550947,-0.9976578,0.0,0.0,0.0,0.0,0.0,0.0,0.0,0.0,0.0,0.0,0.0,0.0,0.0,0.0,0.0,0.0,-2.2564638,-1.2493037,1.512238,1.2008662,50.0,50.0,50.0,50.0,50.0,50.0,50.0,50.0,50.0,50.0,50.0,50.0,0.0,0.0,0.0,0.0,1.0,1.0,1.0,1.0,1.0,1.0,1.0,1.0,1.0,1.0,1.0,1.0,0.5,0.5,0.5,0.5
1788527469.2181797,313,5.395881000367808,3.783958998610615,4.893753999567707,1.01328,5.914235,9040550,1,0,0.0,0.0,0.0,0.051191926,0.6120684,-1.2789332,-0.08592019,0.696012,-1.4126232,0.029931962,0.70762736,-1.2245442,-0.019637525,0.62503016,-1.2265189,-5.071547,-6.6309004,-3.042922,-1.0444536,0.36429924,0.08913705,-1.9937043,-0.41468105,0.4921915,3.7629654,0.08526152,-1.3370557,-0.25881758,-0.68984324,-0.046506286,0.8007169,-0.1472699,-0.5890796,-0.26353562,1.1897858,-0.6679336,-3.686004,1.4698663,4.304461,5.442422,6.827766,-3.3644063,-4.9229183,-0.7112256,-0.64319533,7.025672,11.6641,-1.1132227,-0.32159767,0.8411016,0.0,0.99968415,-0.0040643024,0.023818849,-0.0069106086,-0.03941478,0.17470334,0.8884304,-1.1085154,-0.58418524,7.714118,-0.008464925,0.047584433,-0.014026802,30.50899314880371,5.810899257659912,0.14767921,0.1818784,1.145068,-0.31541517,0.31167033,-0.56093657,-0.39372945,0.009055089,-0.34124264,0.52785933,0.653895,0.25606388,-0.33578867,-0.67730904,0.55053383,0.19758822,0.07791758,0.52976584,-1.3984323,0.036919802,0.7154696,-1.0137329,-0.08394717,0.50067276,-1.1623665,-0.08531066,0.8019649,-1.1365262,0.0,0.0,0.0,0.0,0.0,0.0,0.0,0.0,0.0,0.0,0.0,0.0,0.0,0.0,0.0,0.0,0.09055089,-3.1541517,1.9758822,2.560639,50.0,50.0,50.0,50.0,50.0,50.0,50.0,50.0,50.0,50.0,50.0,50.0,0.0,0.0,0.0,0.0,1.0,1.0,1.0,1.0,1.0,1.0,1.0,1.0,1.0,1.0,1.0,1.0,0.5,0.5,0.5,0.5
1788527469.2377756,314,4.996956999093527,3.872249000778538,4.692532000262872,0.96147,5.660338,9040570,1,0,0.0,0.0,0.0,0.05255437,0.6203644,-1.310764,-0.08383104,0.6733342,-1.3643003,0.021302864,0.7004819,-1.2229803,-0.027963877,0.6255752,-1.232964,-5.0678835,-6.6606026,-3.0369272,-1.0520836,0.52319574,0.11239019,-2.4890974,0.41080552,-0.5813286,5.20466,-0.651088,-1.0231383,0.9240597,-0.70146984,0.45343632,-1.4477609,0.3914279,-2.6702359,1.2983005,-0.63946146,0.6926719,-4.7002735,-2.0862617,5.887711,2.6469963,13.181381,-4.823965,-9.375809,1.8491865,-2.2511837,8.683137,6.638106,-0.12369141,-0.14842969,0.24738282,1.6327267,0.9997047,-0.0014370751,0.024165412,-0.0021175137,0.17257282,0.25779396,0.20985708,3.1495724,-2.9652188,6.3422403,-0.0029791254,0.04832928,-0.0043082763,30.393898010253906,9.468347549438477,0.008963795,-0.3680197,1.2405008,-0.18658477,0.19852611,-0.09499815,-0.10890897,0.042515695,-0.077728935,0.16942644,0.26008636,0.297827,-0.17336532,-0.1740182,0.9200907,0.2529505,0.04963153,0.6462505,-1.3272272,0.0022409488,0.57799506,-0.9898747,-0.04334133,0.6264955,-1.0699773,-0.019432234,0.7123566,-1.2349783,0.0,0.0,0.0,0.0,0.0,0.0,0.0,0.0,0.0,0.0,0.0,0.0,0.0,0.0,0.0,0.0,0.42515695,-1.8658477,2.5295048,2.97827,50.0,50.0,50.0,50.0,50.0,50.0,50.0,50.0,50.0,50.0,50.0,50.0,0.0,0.0,0.0,0.0,1.0,1.0,1.0,1.0,1.0,1.0,1.0,1.0,1.0,1.0,1.0,1.0,0.5,0.5,0.5,0.5
1788527469.2576318,315,4.854233000514796,3.7711909990321146,4.564111000945559,0.836763,5.406698,9040590,1,0,0.0,0.0,0.0,0.045772195,0.627843,-1.3485503,-0.087918505,0.6577715,-1.3403046,0.006709099,0.6931244,-1.2065514,-0.03480661,0.630904,-1.2514307,-5.0555,-6.702961,-2.980853,-1.0536883,-0.23640695,1.2944249,-0.082902506,-0.48444048,-0.81386006,-0.16984905,-0.9611299,-0.5619509,0.4711289,0.46118733,0.70534533,-0.98067605,0.8254866,-1.0541425,3.2515645,0.41080552,0.37107423,-0.32159767,0.47415042,5.2197776,-3.6612659,18.44445,-1.58325,-2.8201642,6.8751807,0.34633595,3.4386213,1.6595265,-0.17316797,-0.44528908,-0.37107423,1.1874375,0.9996894,0.004988603,0.02397405,-0.0046337023,0.97684735,-0.33342773,-0.5997438,1.377863,-0.60453594,11.653777,0.009763329,0.047997866,-0.009035861,30.56211280822754,4.306901454925537,-0.37368512,-0.26821038,-0.2882978,0.00481607,-0.055785693,0.45670372,0.71453595,-0.06851434,0.06130772,-0.54087603,0.34732202,0.08037609,0.28487656,0.5452131,1.3245437,0.0372751,-0.013946423,0.78417593,-1.121366,-0.09342128,0.6029474,-1.3720744,0.07121914,0.80630326,-0.968864,0.01532693,0.534781,-1.2131695,0.0,0.0,0.0,0.0,0.0,0.0,0.0,0.0,0.0,0.0,0.0,0.0,0.0,0.0,0.0,0.0,-0.6851434,0.048160702,0.372751,0.8037609,50.0,50.0,50.0,50.0,50.0,50.0,50.0,50.0,50.0,50.0,50.0,50.0,0.0,0.0,0.0,0.0,1.0,1.0,1.0,1.0,1.0,1.0,1.0,1.0,1.0,1.0,1.0,1.0,0.5,0.5,0.5,0.5
1788527469.277684,316,4.907546001049923,3.7299089999578428,4.554511000605999,1.002144,5.564111,9040610,1,0,0.0,0.0,0.0,0.04338038,0.64116514,-1.3264819,-0.09606316,0.6634637,-1.3432586,0.011886552,0.70011854,-1.2040713,-0.03847015,0.6289057,-1.2568333,-5.052018,-6.7098036,-2.937223,-1.040245,0.64721245,0.22090487,3.5607638,-0.5619509,-0.12401676,-2.408217,1.3990641,0.54257333,0.45090875,-0.24028248,-1.3603089,0.12132075,-0.28678876,0.7363495,1.2440431,0.3914279,-3.7602189,7.396746,6.7803507,0.6679336,-3.0180705,1.7069415,1.8058946,5.368207,11.94859,3.1912384,-3.8096955,1.9914317,-0.14842969,-0.34633595,-0.37107423,0.22264454,0.9996572,0.0066229943,0.022087205,-0.012401228,0.14487594,-0.12357066,-0.91186625,0.51714754,-1.246182,11.015722,0.01270646,0.04433806,-0.02452795,30.52669906616211,5.332354545593262,-0.37862343,-0.44485843,-0.926983,0.0612505,-0.1622676,0.34686324,1.3693345,-0.086922646,0.10374018,-0.99823654,0.5363183,-0.102681965,0.44254154,0.8240738,0.63699985,-0.16820359,-0.0405669,0.75671583,-0.95766634,-0.09465586,0.55878544,-1.5317457,0.110635385,0.87601846,-1.1407499,0.025935045,0.42044088,-1.1659204,0.0,0.0,0.0,0.0,0.0,0.0,0.0,0.0,0.0,0.0,0.0,0.0,0.0,0.0,0.0,0.0,-0.86922646,0.612505,-1.6820359,-1.0268197,50.0,50.0,50.0,50.0,50.0,50.0,50.0,50.0,50.0,50.0,50.0,50.0,0.0,0.0,0.0,0.0,1.0,1.0,1.0,1.0,1.0,1.0,1.0,1.0,1.0,1.0,1.0,1.0,0.5,0.5,0.5,0.5
1788527469.2981474,317,5.372329000238096,3.8254009996308014,4.913881999527803,0.991328,5.911258,9040630,1,0,0.0,0.0,0.0,0.053462744,0.6326572,-1.2879215,-0.09579066,0.6727892,-1.3965418,0.022362575,0.7039032,-1.2126491,-0.028327167,0.620216,-1.247134,-5.0743933,-6.6898203,-2.946609,-1.0340987,-0.24415801,0.15889648,2.7155626,0.06200838,0.11626572,-3.8337355,0.8991215,0.740225,-1.4012547,0.5386978,-1.1781592,0.5014591,-2.2167995,0.569702,-1.8214962,1.0618935,-4.6013203,6.308262,15.409888,-0.074214846,-6.159832,-2.6078272,3.7107422,8.138895,5.0734096,2.2264454,-9.425285,3.650958,0.74214846,0.0,0.12369141,-1.1132227,0.9996176,0.0017713154,0.020932477,-0.017982455,-0.36325514,0.08628641,-0.24607606,3.3973722,1.2737153,7.2963295,0.0027908974,0.04192493,-0.035916276,30.393898010253906,9.570893287658691,-0.3273384,0.05107071,-0.7472325,0.032401063,-0.1056249,-0.2699471,1.2526249,-0.30883944,0.05520688,-0.6338676,0.6112937,-0.15538353,0.18181694,0.46793255,0.25924128,-0.08836931,-0.026406225,0.60251325,-0.9868437,-0.0818346,0.6827677,-1.4868081,0.045454234,0.78698313,-1.2351897,0.01380172,0.51153314,-1.1471765,0.0,0.0,0.0,0.0,0.0,0.0,0.0,0.0,0.0,0.0,0.0,0.0,0.0,0.0,0.0,0.0,-3.0883944,0.3240106,-0.8836931,-1.5538353,50.0,50.0,50.0,50.0,50.0,50.0,50.0,50.0,50.0,50.0,50.0,50.0,0.0,0.0,0.0,0.0,1.0,1.0,1.0,1.0,1.0,1.0,1.0,1.0,1.0,1.0,1.0,1.0,0.5,0.5,0.5,0.5
1788527469.3177667,318,4.986396999811404,3.8373049992515007,4.680916001234436,0.817113,5.504525,9040650,1,0,0.0,0.0,0.0,0.053735256,0.61848724,-1.273262,-0.09246013,0.6743636,-1.4379141,0.034110263,0.7161354,-1.2265346,-0.014460087,0.613888,-1.2402939,-5.103914,-6.679283,-2.980641,-1.0061829,0.23640695,-1.5269563,-0.014154087,0.48056495,0.9572544,-0.20017922,0.28291324,0.43405867,-0.7602767,0.651088,-0.44956076,-0.0808805,-2.0230236,0.6782167,-1.5695871,1.3990641,-4.4034142,0.64319533,15.172813,0.12369141,-0.47002736,-2.2285068,0.32159767,3.240715,0.14224511,0.86583984,-4.9229183,5.1208243,-0.37107423,-0.14842969,0.37107423,-1.4595586,0.9996317,-0.004731198,0.021771912,-0.01549747,-0.7850998,0.11824434,0.59548277,2.244564,1.0115502,7.252037,-0.010143451,0.043394763,-0.031224001,30.588674545288086,3.520721197128296,-0.082862675,0.573451,0.3140611,-0.18605435,0.17267703,-0.59339094,0.10510365,-0.24824005,-0.1569282,0.35696998,1.038614,0.041414622,-0.0952085,-0.2657138,0.31509528,0.18087238,0.043169256,0.5216523,-1.2737241,-0.020715669,0.8133628,-1.2214847,-0.023802126,0.60357153,-1.2212261,-0.03923205,0.75924253,-1.0403464,0.0,0.0,0.0,0.0,0.0,0.0,0.0,0.0,0.0,0.0,0.0,0.0,0.0,0.0,0.0,0.0,-2.4824004,-1.8605435,1.8087238,0.4141462,50.0,50.0,50.0,50.0,50.0,50.0,50.0,50.0,50.0,50.0,50.0,50.0,0.0,0.0,0.0,0.0,1.0,1.0,1.0,1.0,1.0,1.0,1.0,1.0,1.0,1.0,1.0,1.0,0.5,0.5,0.5,0.5
1788527469.3375685,319,4.799862999789184,3.724148999026511,4.501486000663135,0.978943,5.486669,9040670,1,0,0.0,0.0,0.0,0.048224688,0.6119473,-1.2763898,-0.09666871,0.6748178,-1.436445,0.04431379,0.71528757,-1.2292517,-0.013400376,0.6268468,-1.2365026,-5.1356144,-6.684037,-2.99796,-0.9934966,0.25190905,-0.038755238,-1.7470187,-0.5658265,-0.46118733,3.1401854,0.1472699,-0.26353562,0.10918867,-0.7983579,-0.011626571,0.4711289,-0.5735775,-0.93787676,-0.1472699,0.5503244,-0.56898046,-4.675535,2.0388467,4.477629,7.6441293,7.301916,-3.7107422,-5.516637,0.14224511,-0.56898046,7.0009336,10.194234,-0.9895313,-0.32159767,0.9400547,-0.074214846,0.9996588,-0.007455795,0.023934394,-0.007345143,-0.02450108,0.07882956,0.951281,0.20231004,0.7218518,5.734113,-0.015276117,0.047761086,-0.015059914,30.500139236450195,6.015989780426025,0.13179217,0.32939526,1.0555576,-0.45514992,0.2918596,-0.5143513,-0.43852925,-0.031726178,-0.28598723,0.55100834,0.7539145,0.15065083,-0.30202058,-0.6020112,0.4923354,0.2604874,0.0729649,0.5414122,-1.4096322,0.032948043,0.75234884,-1.0361105,-0.075505145,0.5194972,-1.1769161,-0.07149681,0.80775213,-1.1115214,0.0,0.0,0.0,0.0,0.0,0.0,0.0,0.0,0.0,0.0,0.0,0.0,0.0,0.0,0.0,0.0,-0.3172618,-4.5514994,2.6048741,1.5065084,50.0,50.0,50.0,50.0,50.0,50.0,50.0,50.0,50.0,50.0,50.0,50.0,0.0,0.0,0.0,0.0,1.0,1.0,1.0,1.0,1.0,1.0,1.0,1.0,1.0,1.0,1.0,1.0,0.5,0.5,0.5,0.5
1788527469.3575368,320,4.767926000567968,3.759702000024845,4.492685999139212,0.976862,5.474892,9040690,1,0,0.0,0.0,0.0,0.049011946,0.62103057,-1.3106534,-0.097516485,0.6559549,-1.3896385,0.03880328,0.71086705,-1.2242599,-0.018638372,0.62820935,-1.2420157,-5.1342216,-6.722066,-2.987484,-1.0120264,0.18602514,0.12014124,-2.6205282,0.13951886,-0.4921915,4.4140534,-0.8332376,-0.97663206,0.65311,-0.3100419,0.41080552,-0.7198365,0.5580754,-3.0345352,1.6238445,-1.4610726,1.0390079,-4.0818167,-2.2759218,6.679336,5.3434687,14.840908,-5.1950393,-8.955258,1.6121113,-2.4985664,8.881043,7.491576,-0.37107423,-0.5442422,0.37107423,1.5090352,0.99965674,-0.00614293,0.025334716,-0.0026314359,0.07137271,0.29614347,0.20666128,4.285621,-2.2900538,5.222951,-0.01243123,0.050641354,-0.0055795056,30.376192092895508,10.11780071258545,-0.018181838,-0.50722456,1.2523766,-0.4314897,0.17671745,-0.033406686,-0.13310449,0.050865196,-0.06851878,0.046260804,0.34370765,0.16078441,-0.12865129,-0.07222134,0.75071806,0.32989934,0.04417936,0.66164833,-1.333276,-0.0045454595,0.5431939,-0.9869058,-0.032162823,0.6519447,-1.1123204,-0.017129695,0.6815652,-1.2140731,0.0,0.0,0.0,0.0,0.0,0.0,0.0,0.0,0.0,0.0,0.0,0.0,0.0,0.0,0.0,0.0,0.508652,-4.314897,3.2989933,1.6078441,50.0,50.0,50.0,50.0,50.0,50.0,50.0,50.0,50.0,50.0,50.0,50.0,0.0,0.0,0.0,0.0,1.0,1.0,1.0,1.0,1.0,1.0,1.0,1.0,1.0,1.0,1.0,1.0,0.5,0.5,0.5,0.5
1788527469.377536,321,4.762070000651875,3.744117999303853,4.488589000175125,0.983135,5.477612,9040710,1,0,0.0,0.0,0.0,0.041805863,0.6307194,-1.3527998,-0.09842481,0.6381214,-1.3736678,0.024875611,0.70347935,-1.2188731,-0.02496636,0.6294507,-1.2562172,-5.1197486,-6.7763834,-2.931107,-1.0371568,-0.3604237,1.9338863,-0.21837734,-0.38755238,-0.6317104,-0.038418237,-1.1122752,-0.31779295,0.25072956,0.2596601,0.5464489,-0.87553144,0.9301258,-2.5888498,3.6042373,-1.1820347,0.47002736,-0.14842969,0.85347074,5.3434687,-4.9229183,20.341053,-1.7316797,-2.3006601,5.784635,0.17316797,1.9790626,2.7974875,-0.17316797,-0.74214846,-0.24738282,1.311129,0.99964947,0.00036987365,0.025935993,-0.0053048185,1.2580771,-0.23968448,-0.60613537,0.88944596,-2.6611552,10.43034,0.00046494213,0.051880997,-0.0106011955,30.553260803222656,4.546174049377441,-0.4359236,-0.28110513,-0.39266273,-0.16553646,-0.09712972,0.3634548,0.91869974,-0.09439632,0.0515945,-0.55877495,0.33606935,-0.04231391,0.30846438,0.6143142,1.2105843,0.14803864,-0.02428243,0.7608637,-1.070325,-0.1089809,0.59972376,-1.3981656,0.077116095,0.8235786,-0.9973539,0.012898625,0.5303063,-1.2159827,0.0,0.0,0.0,0.0,0.0,0.0,0.0,0.0,0.0,0.0,0.0,0.0,0.0,0.0,0.0,0.0,-0.9439632,-1.6553646,1.4803864,-0.4231391,50.0,50.0,50.0,50.0,50.0,50.0,50.0,50.0,50.0,50.0,50.0,50.0,0.0,0.0,0.0,0.0,1.0,1.0,1.0,1.0,1.0,1.0,1.0,1.0,1.0,1.0,1.0,1.0,0.5,0.5,0.5,0.5
1788527469.3975673,322,4.798295000000508,3.754806999495486,4.524846999629517,0.990335,5.521198,9040730,1,0,0.0,0.0,0.0,0.0324198,0.6446167,-1.333954,-0.11386635,0.64865804,-1.3804922,0.023937002,0.7126534,-1.2193786,-0.032475233,0.6219116,-1.2583498,-5.117478,-6.803603,-2.8833594,-1.0415471,0.17439857,0.077510476,3.8135157,-0.6084572,0.12014124,-2.8348615,1.1820347,1.1277775,0.2608396,-0.5386978,-1.6199689,0.119298734,-0.6045817,-0.27128667,1.6509732,-0.26741114,-3.1912384,6.1845703,9.957158,0.8411016,-2.5975196,2.418167,1.6822032,5.096086,11.85376,3.0180705,-3.4386213,1.9914317,-0.12369141,-0.7668867,-0.12369141,0.0,0.9996032,0.0054886863,0.024598854,-0.012587555,0.4687163,-0.24288027,-0.874582,-0.41060558,-1.7788919,11.541249,0.010366535,0.049336378,-0.024927998,30.535554885864258,5.3665361404418945,-0.43234947,-0.32328627,-1.069763,-0.049290214,-0.19354627,0.30625522,1.5282252,-0.04688893,0.07713765,-1.0042642,0.5482711,-0.17718448,0.4538168,0.86713254,0.59783864,-0.085004225,-0.048386566,0.7465638,-0.91794366,-0.10808737,0.58917844,-1.5674407,0.1134542,0.8867831,-1.1505404,0.019284412,0.41893396,-1.1629322,0.0,0.0,0.0,0.0,0.0,0.0,0.0,0.0,0.0,0.0,0.0,0.0,0.0,0.0,0.0,0.0,-0.4688893,-0.49290213,-0.8500422,-1.7718447,50.0,50.0,50.0,50.0,50.0,50.0,50.0,50.0,50.0,50.0,50.0,50.0,0.0,0.0,0.0,0.0,1.0,1.0,1.0,1.0,1.0,1.0,1.0,1.0,1.0,1.0,1.0,1.0,0.5,0.5,0.5,0.5
1788527469.4181945,323,5.409769999459968,3.9028749997669365,4.842873000598047,1.03328,5.884889,9040750,1,0,0.0,0.0,0.0,0.04080677,0.63299024,-1.2865157,-0.11389663,0.66509867,-1.4269984,0.03241472,0.71562064,-1.2264398,-0.025420547,0.6142514,-1.2493771,-5.148028,-6.799637,-2.8868113,-1.0358851,0.011626571,-0.24415801,2.8166635,0.27128667,0.51156914,-3.399003,0.8719929,0.6820922,-1.4073206,0.80610895,-0.6045817,0.5560534,-1.8912556,-0.22478038,-1.4300683,0.8332376,-4.7992268,6.1845703,17.59098,-0.024738282,-4.4281526,-3.413883,3.339668,8.237848,5.1208243,1.5090352,-9.697407,3.9828634,0.6679336,-0.14842969,0.32159767,-1.3853438,0.9995843,0.0013105088,0.022944273,-0.017414419,-0.53902376,-0.09480853,-0.20026968,1.2246342,3.503914,9.01417,0.0018227287,0.045931265,-0.03479794,30.393898010253906,9.263257026672363,-0.35612652,0.14036259,-0.79549736,-0.11710147,-0.092998914,-0.2777338,1.2025157,-0.24492294,0.031440623,-0.61349726,0.6937281,-0.16412754,0.18684798,0.49467784,0.16762386,0.035632215,-0.023249729,0.60056657,-0.99937105,-0.08903163,0.70509064,-1.4988743,0.046711996,0.79366946,-1.258094,0.007860156,0.5166257,-1.126568,0.0,0.0,0.0,0.0,0.0,0.0,0.0,0.0,0.0,0.0,0.0,0.0,0.0,0.0,0.0,0.0,-2.4492292,-1.1710147,0.35632217,-1.6412754,50.0,50.0,50.0,50.0,50.0,50.0,50.0,50.0,50.0,50.0,50.0,50.0,0.0,0.0,0.0,0.0,1.0,1.0,1.0,1.0,1.0,1.0,1.0,1.0,1.0,1.0,1.0,1.0,0.5,0.5,0.5,0.5
1788527469.4384844,324,5.709428000045591,3.8950030011619674,5.070399000032921,1.017056,6.096,9040770,1,0,0.0,0.0,0.0,0.044288635,0.61618614,-1.2707028,-0.11168637,0.672547,-1.4715617,0.043738514,0.7282766,-1.2396145,-0.010130405,0.61304027,-1.2424581,-5.173885,-6.800969,-2.9120626,-1.0146606,0.53094673,-1.1277775,0.018198112,0.11239019,1.561836,0.49539304,0.04263076,0.5890796,-0.982698,0.70146984,-0.3410461,0.12132075,-1.6587242,-0.2945398,-0.90687263,1.0812712,-4.1807694,0.34633595,14.082267,0.9895313,0.0,-1.8966017,0.24738282,2.8201642,0.0,0.24738282,-4.7002735,6.2113705,-0.2721211,-0.44528908,0.56898046,-1.3606055,0.9996349,-0.005675267,0.022139369,-0.014420043,-1.0450243,0.10013484,0.5997438,1.9644425,3.252523,7.6889787,-0.011996846,0.0441132,-0.029113282,30.5975284576416,3.2814488410949707,-0.08609834,0.4656957,0.366513,-0.39185128,0.18380989,-0.54725534,-0.062266327,-0.18831658,-0.15792635,0.32629883,1.145693,0.055599917,-0.09923032,-0.18858083,0.12834975,0.24155222,0.045952473,0.5331862,-1.3155665,-0.021524586,0.7864239,-1.2083716,-0.02480758,0.6228548,-1.2679125,-0.039481588,0.75157475,-1.0135767,0.0,0.0,0.0,0.0,0.0,0.0,0.0,0.0,0.0,0.0,0.0,0.0,0.0,0.0,0.0,0.0,-1.8831658,-3.9185128,2.415522,0.55599916,50.0,50.0,50.0,50.0,50.0,50.0,50.0,50.0,50.0,50.0,50.0,50.0,0.0,0.0,0.0,0.0,1.0,1.0,1.0,1.0,1.0,1.0,1.0,1.0,1.0,1.0,1.0,1.0,0.5,0.5,0.5,0.5
1788527469.457751,325,4.9735000011423836,3.7899749986536335,4.626992998964852,1.060673,5.694131,9040790,1,0,0.0,0.0,0.0,0.041351676,0.6106454,-1.2708609,-0.11607661,0.6805099,-1.4557173,0.053487882,0.7276711,-1.2500721,-0.0067998767,0.62763405,-1.2365974,-5.194201,-6.8145638,-2.9131222,-1.0057893,0.44568524,-0.17439857,-1.9815722,-0.26353562,-0.023253143,3.874176,0.07363495,-0.5890796,-0.41249055,-0.9572544,0.8332376,0.52774525,-0.22478038,-1.7633634,0.6162083,0.48056495,-0.32159767,-3.9086485,-0.28449023,5.0466094,5.5661135,9.103687,-4.1807694,-4.997133,-0.61639553,-0.6679336,5.9866643,11.6641,-0.89057815,-0.86583984,0.791625,0.024738282,0.9996732,-0.008743175,0.02316915,-0.0063498793,-0.24927185,0.05219795,0.9257147,0.06344634,-0.5590461,5.2540755,-0.017794825,0.046228588,-0.01311514,30.500139236450195,6.391988754272461,0.1306415,0.18668844,1.1647859,-0.5206414,0.29315692,-0.50001675,-0.5186817,0.021902025,-0.28639665,0.52718115,0.73999494,0.16184093,-0.3293196,-0.53930974,0.40875983,0.28221542,0.07328923,0.54499584,-1.4296703,0.032660376,0.7166721,-1.0088035,-0.0823299,0.5351726,-1.1978099,-0.07159916,0.8017953,-1.1150012,0.0,0.0,0.0,0.0,0.0,0.0,0.0,0.0,0.0,0.0,0.0,0.0,0.0,0.0,0.0,0.0,0.21902025,-5.2064137,2.822154,1.6184093,50.0,50.0,50.0,50.0,50.0,50.0,50.0,50.0,50.0,50.0,50.0,50.0,0.0,0.0,0.0,0.0,1.0,1.0,1.0,1.0,1.0,1.0,1.0,1.0,1.0,1.0,1.0,1.0,0.5,0.5,0.5,0.5
1788527469.4766467,326,3.868377998514916,2.605265999591211,3.5651359994517406,0.983871,4.555695,9040810,1,0,0.0,0.0,0.0,0.040715933,0.61745787,-1.3093107,-0.11316996,0.6579532,-1.406952,0.044828504,0.71961725,-1.2500247,-0.013158143,0.6295415,-1.2408626,-5.191537,-6.870698,-2.8977413,-1.0228658,-0.11626572,-0.20540276,-3.4738173,0.84873974,-1.5385829,6.937525,-0.6200838,-0.9921341,0.7521886,-0.20152724,0.33329505,-0.9119276,0.33329505,-3.883275,1.77499,-1.0851467,1.7069415,-3.4386213,-2.6078272,6.7040744,4.378676,13.608116,-6.036141,-8.63366,1.6121113,-2.7706876,8.683137,7.4441614,-0.049476564,-0.56898046,0.47002736,1.4595586,0.9996865,-0.0067947367,0.024041407,-0.001716534,-0.009587379,0.29401296,0.18002968,3.6703112,-2.0961237,5.781997,-0.013683976,0.048062917,-0.0037630564,30.34963035583496,10.869799613952637,-0.06467011,-0.5495995,1.3521636,-0.47886956,0.16914542,0.08267031,-0.18542479,0.13244855,-0.05753933,0.04897462,0.30210173,0.18410672,-0.15232095,0.027835697,0.7742415,0.32250616,0.042286355,0.69066757,-1.3463562,-0.016167527,0.53260016,-0.96195906,-0.038080238,0.6769589,-1.1064396,-0.014384832,0.68224365,-1.2244745,0.0,0.0,0.0,0.0,0.0,0.0,0.0,0.0,0.0,0.0,0.0,0.0,0.0,0.0,0.0,0.0,1.3244855,-4.7886953,3.2250617,1.8410672,50.0,50.0,50.0,50.0,50.0,50.0,50.0,50.0,50.0,50.0,50.0,50.0,0.0,0.0,0.0,0.0,1.0,1.0,1.0,1.0,1.0,1.0,1.0,1.0,1.0,1.0,1.0,1.0,0.5,0.5,0.5,0.5
1788527469.4970305,327,4.253381999660633,3.2080689998110756,3.960317000746727,1.011136,4.978269,9040830,1,0,0.0,0.0,0.0,0.030330658,0.6354426,-1.3471761,-0.11407829,0.63630474,-1.3683916,0.023452565,0.7170739,-1.2306418,-0.021454215,0.62887543,-1.2540214,-5.180425,-6.9391556,-2.8443012,-1.0430609,-0.6704656,1.050267,-0.40035844,-1.1432796,0.8991215,-0.4650629,-1.9067578,-0.902997,-0.088968545,-0.44568524,0.97275645,-0.89372945,0.3604237,-2.0540276,3.1740541,-0.6239593,1.1874375,2.0285392,0.14224511,6.382477,-6.4566917,21.431599,-1.1626992,-0.9895313,7.301916,0.7668867,1.6327267,2.2759218,0.51950395,-1.3606055,-0.024738282,1.1874375,0.9996962,0.002391513,0.024110261,-0.004523827,1.4444984,-0.45167208,-0.6657902,-0.90261406,-3.5122938,16.001648,0.0045687645,0.048246227,-0.008940108,30.535554885864258,4.956355094909668,-0.46224093,-0.44475022,-0.36910793,-0.14854175,-0.08062542,0.60202724,0.7523871,-0.08995892,0.012290604,-0.55453384,0.41831577,-0.054196663,0.28359243,0.67694676,1.3123589,0.017007565,-0.020156356,0.8205068,-1.1119032,-0.11556023,0.55881244,-1.3922769,0.07089811,0.83923674,-0.97191024,0.003072651,0.5313666,-1.195421,0.0,0.0,0.0,0.0,0.0,0.0,0.0,0.0,0.0,0.0,0.0,0.0,0.0,0.0,0.0,0.0,-0.8995892,-1.4854175,0.17007565,-0.5419666,50.0,50.0,50.0,50.0,50.0,50.0,50.0,50.0,50.0,50.0,50.0,50.0,0.0,0.0,0.0,0.0,1.0,1.0,1.0,1.0,1.0,1.0,1.0,1.0,1.0,1.0,1.0,1.0,0.5,0.5,0.5,0.5
1788527469.5171068,328,4.318600000260631,3.268807000495144,4.014014000858879,1.045857,5.066335,9040850,1,0,0.0,0.0,0.0,0.031117916,0.64431393,-1.3364499,-0.1293079,0.6455394,-1.3735256,0.02269563,0.7276105,-1.2309104,-0.03156686,0.62521183,-1.2571019,-5.179547,-6.9668293,-2.798522,-1.041426,0.26353562,0.30229086,3.1806257,-0.577453,0.24028248,-2.626594,0.77510476,1.3990641,0.3093679,-0.096888095,-1.805994,0.3862044,-0.6162083,0.17439857,1.1936613,-0.4185566,-3.1170235,9.103687,7.870897,1.311129,-4.74975,2.2285068,1.8058946,4.74975,13.418456,1.9048477,-3.2654533,2.6552422,-0.17316797,-0.89057815,-0.4205508,0.0,0.9996816,0.007877581,0.021075282,-0.011433229,0.32703614,-0.51771843,-0.7765777,1.780089,-0.90740246,12.777855,0.015282508,0.042329915,-0.022549242,30.500139236450195,6.186898231506348,-0.4647608,-0.3070972,-1.0552638,-0.056170486,-0.20934859,0.48253572,1.2116458,-0.061326385,0.023405671,-0.93851876,0.69123435,-0.24406672,0.43154526,0.8614552,0.7331134,-0.10315828,-0.052337147,0.7906339,-0.9970885,-0.1161902,0.5932257,-1.5638158,0.107886314,0.8853638,-1.1167216,0.005851418,0.43537033,-1.1271913,0.0,0.0,0.0,0.0,0.0,0.0,0.0,0.0,0.0,0.0,0.0,0.0,0.0,0.0,0.0,0.0,-0.61326385,-0.5617049,-1.0315828,-2.4406672,50.0,50.0,50.0,50.0,50.0,50.0,50.0,50.0,50.0,50.0,50.0,50.0,0.0,0.0,0.0,0.0,1.0,1.0,1.0,1.0,1.0,1.0,1.0,1.0,1.0,1.0,1.0,1.0,0.5,0.5,0.5,0.5
1788527469.537731,329,4.958396000802168,3.8671620004606666,4.680338999605738,0.989023,5.674995,9040870,1,0,0.0,0.0,0.0,0.04598415,0.63928795,-1.299485,-0.12791513,0.6607084,-1.4175044,0.028720856,0.7324549,-1.2355072,-0.025814176,0.6165525,-1.2422211,-5.20495,-6.961894,-2.8152351,-1.0358245,-0.38755238,0.0,2.3940628,0.325544,0.17439857,-3.413157,0.65496355,0.49606705,-0.9948302,0.24028248,-0.92237467,1.1687232,-2.8330078,-0.065883905,-2.0656543,0.45343632,-4.74975,7.9409885,14.082267,0.17316797,-3.6612659,-3.413883,3.4633594,7.446223,6.9700108,1.3853438,-8.658399,4.646674,1.2121758,-0.22264454,0.59371877,-1.5090352,0.99966437,0.0054553747,0.019469744,-0.016196182,-0.03728425,0.11291802,-0.17470334,1.6699557,0.1376666,8.505402,0.010284464,0.039113104,-0.03219925,30.42045783996582,8.613802909851074,-0.41069487,0.19387628,-0.8373338,-0.081023164,-0.10720828,-0.22560272,1.2601051,-0.38027078,-0.045768984,-0.5654528,0.46692532,-0.27338016,0.16826504,0.5145534,0.36213115,-0.026356079,-0.02680207,0.61359936,-0.98497367,-0.10267372,0.7184691,-1.5093334,0.04206626,0.79863834,-1.2094672,-0.011442246,0.5286368,-1.1832687,0.0,0.0,0.0,0.0,0.0,0.0,0.0,0.0,0.0,0.0,0.0,0.0,0.0,0.0,0.0,0.0,-3.8027077,-0.8102316,-0.26356077,-2.7338016,50.0,50.0,50.0,50.0,50.0,50.0,50.0,50.0,50.0,50.0,50.0,50.0,0.0,0.0,0.0,0.0,1.0,1.0,1.0,1.0,1.0,1.0,1.0,1.0,1.0,1.0,1.0,1.0,0.5,0.5,0.5,0.5
1788527469.5578141,330,5.042110000431421,3.8759939998271875,4.734517000542837,0.972671,5.71394,9040890,1,0,0.0,0.0,0.0,0.043561935,0.6260264,-1.2851255,-0.13030705,0.6680659,-1.463916,0.036895797,0.73890406,-1.241052,-0.016942859,0.60810506,-1.2286831,-5.24531,-6.963044,-2.8563519,-1.0266807,0.20152724,-1.2866739,0.4994371,0.2945398,1.77499,-0.20826729,0.1472699,0.0,-0.1455849,0.30229086,-0.28291324,-0.40035844,-2.6469827,-0.19377619,-1.9300109,0.39917895,-3.958125,0.59371877,15.077983,1.0637461,0.89057815,-2.0862617,0.17316797,3.0675468,1.4698663,0.049476564,-3.8096955,3.0345626,-0.44528908,-0.32159767,0.7668867,-1.5090352,0.9996894,0.0011320675,0.020705061,-0.01382589,-0.8394283,0.23116235,0.5315669,0.6344634,2.2146366,6.3230867,0.0016923537,0.041440424,-0.027623538,30.5975284576416,3.4181759357452393,-0.19039102,0.4959989,0.14422838,-0.2884301,0.14673886,-0.56370485,0.12128257,-0.33245125,-0.17675115,0.3165267,0.8848461,-0.02292547,-0.021626461,-0.11641008,0.20891441,0.22346093,0.036684714,0.52907383,-1.2696793,-0.047597755,0.79399973,-1.2639428,-0.0054066153,0.6408975,-1.2477714,-0.044187788,0.7491317,-1.0787884,0.0,0.0,0.0,0.0,0.0,0.0,0.0,0.0,0.0,0.0,0.0,0.0,0.0,0.0,0.0,0.0,-3.3245125,-2.884301,2.2346094,-0.2292547,50.0,50.0,50.0,50.0,50.0,50.0,50.0,50.0,50.0,50.0,50.0,50.0,0.0,0.0,0.0,0.0,1.0,1.0,1.0,1.0,1.0,1.0,1.0,1.0,1.0,1.0,1.0,1.0,0.5,0.5,0.5,0.5
1788527469.5776443,331,4.867737001404748,3.7431260006997036,4.5591830003104405,0.992672,5.558127,9040910,1,0,0.0,0.0,0.0,0.043592215,0.6180028,-1.2802285,-0.12830874,0.6790869,-1.4640265,0.04776542,0.7350588,-1.2417156,-0.010281801,0.6268468,-1.2270244,-5.286457,-6.973914,-2.8740644,-1.0297085,0.2906643,-0.019377619,-1.7571287,-0.33717057,0.44956076,2.7276947,0.6704656,-0.90687263,-0.2749937,1.0076362,1.8253717,0.5621195,-1.1277775,-1.3099271,-0.07363495,-0.0038755238,-0.6926719,-4.675535,2.2285068,4.5023675,5.61559,7.396746,-3.4633594,-4.2797227,-0.14224511,-2.7459493,4.9229183,7.870897,-1.1626992,-0.6679336,1.0637461,-0.14842969,0.99971795,-0.0036813456,0.022386463,-0.007029833,-0.50919634,0.15339807,0.79042614,0.2621651,0.2837129,5.9519854,-0.007683118,0.044723447,-0.014235239,30.535554885864258,4.956355094909668,0.07269552,0.21625528,0.87043655,-0.50420845,0.28238004,-0.52789646,-0.27067518,-0.09141889,-0.21712491,0.35083517,0.6808064,0.12913655,-0.2663907,-0.36040154,0.43054867,0.28025946,0.07059501,0.5380259,-1.3676687,0.01817388,0.7240638,-1.0823908,-0.06659768,0.5798996,-1.1923628,-0.054281227,0.7577088,-1.1297984,0.0,0.0,0.0,0.0,0.0,0.0,0.0,0.0,0.0,0.0,0.0,0.0,0.0,0.0,0.0,0.0,-0.9141889,-5.0420847,2.8025947,1.2913655,50.0,50.0,50.0,50.0,50.0,50.0,50.0,50.0,50.0,50.0,50.0,50.0,0.0,0.0,0.0,0.0,1.0,1.0,1.0,1.0,1.0,1.0,1.0,1.0,1.0,1.0,1.0,1.0,0.5,0.5,0.5,0.5
1788527469.5976,332,4.823446999580483,3.735349000635324,4.529742998784059,0.991135,5.52699,9040930,1,0,0.0,0.0,0.0,0.047134757,0.6310524,-1.3046032,-0.12288905,0.6675209,-1.4296522,0.04219435,0.73524046,-1.2395988,-0.008737624,0.633084,-1.2325218,-5.289545,-7.022994,-2.8604393,-1.0517505,0.81386006,0.2906643,-1.795547,0.5580754,-0.8797439,5.706119,-0.39917895,-0.4999426,0.65513206,-0.034879714,0.44956076,-0.81891507,0.3720503,-3.0771658,1.8525003,-1.2362921,0.34633595,-5.0466094,-1.2802061,6.6545978,3.7107422,11.56927,-5.2197776,-7.545176,1.6121113,-2.3006601,5.9866643,6.2113705,-0.59371877,-0.7668867,0.4205508,1.3606055,0.9997451,-0.0033532723,0.022110093,-0.0031295673,0.05006742,0.18855178,0.14274542,2.6144683,0.08020575,6.0381765,-0.0068499693,0.04420232,-0.006412128,30.429311752319336,8.203622817993164,-0.052837674,-0.3899885,0.97697973,-0.53889203,0.17625369,-0.054366298,0.081603594,0.025204144,-0.023536269,-0.061340727,0.37244457,0.15762529,-0.07294598,0.14297567,0.7772376,0.3260393,0.044063423,0.6564084,-1.2795991,-0.013209418,0.5725029,-1.055755,-0.018236496,0.7057439,-1.1056906,-0.005884067,0.6546648,-1.2068888,0.0,0.0,0.0,0.0,0.0,0.0,0.0,0.0,0.0,0.0,0.0,0.0,0.0,0.0,0.0,0.0,0.25204146,-5.3889203,3.2603931,1.5762529,50.0,50.0,50.0,50.0,50.0,50.0,50.0,50.0,50.0,50.0,50.0,50.0,0.0,0.0,0.0,0.0,1.0,1.0,1.0,1.0,1.0,1.0,1.0,1.0,1.0,1.0,1.0,1.0,0.5,0.5,0.5,0.5
1788527469.6172223,333,4.430666998814559,3.3197209995705634,4.122177999306587,1.006751,5.135393,9040950,1,0,0.0,0.0,0.0,0.04516673,0.6406504,-1.3357706,-0.1084164,0.6413914,-1.3657535,0.03480664,0.72988135,-1.2343225,-0.010917604,0.6324482,-1.244954,-5.2781305,-7.0995054,-2.8097548,-1.0696446,-0.47668946,1.3951886,-0.4974151,-0.0077510476,-1.3254292,-0.09907861,-0.6627146,0.065883905,0.5156132,0.26353562,0.32941952,-0.5944717,1.154906,-2.7051156,3.4995983,-0.740225,0.32159767,-0.47002736,2.6552422,4.9476566,-2.44909,17.78064,-1.9790626,-1.2616524,6.4958606,0.024738282,0.7668867,2.323337,-0.4205508,-1.4595586,-0.12369141,1.0884844,0.999714,0.00025853553,0.02337167,-0.0050717993,0.80427456,-0.04900216,-0.46658576,-1.8291701,-4.4448357,17.263391,0.00028015638,0.046749625,-0.010139865,30.579822540283203,3.520721197128296,-0.44781947,-0.27060392,-0.20601568,-0.24454883,-0.05140742,0.32801414,0.87352633,-0.04210078,0.090056136,-0.52630866,0.34274054,-0.07880883,0.27635378,0.6349381,0.98887056,0.15274528,-0.012851855,0.75200355,-1.0816183,-0.11195487,0.60234904,-1.3515038,0.069088444,0.8287345,-1.0527823,0.022514034,0.5384228,-1.2143148,0.0,0.0,0.0,0.0,0.0,0.0,0.0,0.0,0.0,0.0,0.0,0.0,0.0,0.0,0.0,0.0,-0.4210078,-2.4454882,1.5274527,-0.7880883,50.0,50.0,50.0,50.0,50.0,50.0,50.0,50.0,50.0,50.0,50.0,50.0,0.0,0.0,0.0,0.0,1.0,1.0,1.0,1.0,1.0,1.0,1.0,1.0,1.0,1.0,1.0,1.0,0.5,0.5,0.5,0.5
1788527469.6377413,334,4.958108000209904,3.888921999532613,4.657266999856802,1.02624,5.689939,9040970,1,0,0.0,0.0,0.0,0.036900878,0.65709114,-1.3183782,-0.12255599,0.65637875,-1.3823719,0.029205292,0.7377838,-1.235144,-0.014793158,0.62427324,-1.2472919,-5.270228,-7.1333256,-2.7734518,-1.066647,-1.4920766,0.4185566,2.1938834,-1.561836,0.6239593,-2.254544,1.4416949,1.2401676,0.15367295,-0.13951886,-1.3448068,-0.06268239,-0.14339438,-1.1626571,1.2634208,0.0,-0.86583984,4.675535,10.099403,2.0285392,-3.4386213,4.0776935,0.59371877,3.8096955,9.435593,2.0780158,-3.1912384,1.8017715,-0.024738282,-0.56898046,0.074214846,-0.32159767,0.99968374,0.0045238845,0.022123696,-0.011077463,-0.08202535,-0.2450108,-0.80107874,-0.20350714,2.7641058,12.630611,0.008563281,0.04434816,-0.021971116,30.56211280822754,4.033447742462158,-0.46069616,-0.4673024,-0.7548098,-0.18851548,-0.16873336,0.55676925,1.3220189,0.04041887,0.1308825,-1.0774133,1.036168,-0.25063208,0.4050059,1.0255933,0.3000071,-0.07492632,-0.04218334,0.8091923,-0.96949524,-0.11517404,0.55317444,-1.4887024,0.101251476,0.92639834,-1.2249982,0.032720625,0.4006467,-1.0409579,0.0,0.0,0.0,0.0,0.0,0.0,0.0,0.0,0.0,0.0,0.0,0.0,0.0,0.0,0.0,0.0,0.4041887,-1.8851548,-0.74926317,-2.5063207,50.0,50.0,50.0,50.0,50.0,50.0,50.0,50.0,50.0,50.0,50.0,50.0,0.0,0.0,0.0,0.0,1.0,1.0,1.0,1.0,1.0,1.0,1.0,1.0,1.0,1.0,1.0,1.0,0.5,0.5,0.5,0.5
1788527469.657891,335,5.122112999742967,3.794904001551913,4.704339999079821,1.007136,5.720212,9040990,1,0,0.0,0.0,0.0,0.034115434,0.64885557,-1.2808603,-0.122101836,0.6706395,-1.4167936,0.045434058,0.74629176,-1.2453172,-0.005982399,0.6152808,-1.231337,-5.294511,-7.1417427,-2.7769942,-1.057261,-0.18214962,-0.04263076,1.6722043,0.25578457,0.21315381,-2.2060156,1.1161509,0.7906069,-1.6641161,0.5386978,-0.7673537,2.276786,-1.1975368,-0.44956076,-1.1704081,0.40693003,-3.7602189,8.460492,14.935738,0.049476564,-6.382477,-1.2327911,1.7811563,8.559445,2.6078272,1.4842969,-10.538508,7.6338215,0.74214846,-0.6926719,0.24738282,-1.4100821,0.9996747,0.00057424506,0.020497201,-0.015171912,-0.14274542,-0.1043959,-0.106526434,-1.7501614,-5.035006,10.645818,0.00052659574,0.04100998,-0.030340571,30.376192092895508,9.912710189819336,-0.37669188,0.1396154,-0.74422026,-0.21062076,-0.09148344,-0.15928093,1.2433355,-0.1696383,0.019495739,-0.6079153,0.8870543,-0.17780805,0.11883302,0.6331142,0.22724609,0.095730215,-0.02287086,0.63017976,-0.9891661,-0.09417297,0.70490384,-1.486055,0.029708255,0.82827854,-1.2431884,0.0048739347,0.5180212,-1.0782363,0.0,0.0,0.0,0.0,0.0,0.0,0.0,0.0,0.0,0.0,0.0,0.0,0.0,0.0,0.0,0.0,-1.696383,-2.1062076,0.95730215,-1.7780805,50.0,50.0,50.0,50.0,50.0,50.0,50.0,50.0,50.0,50.0,50.0,50.0,0.0,0.0,0.0,0.0,1.0,1.0,1.0,1.0,1.0,1.0,1.0,1.0,1.0,1.0,1.0,1.0,0.5,0.5,0.5,0.5
1788527469.6778514,336,5.054974999438855,3.78040699979465,4.667762001190567,1.051649,5.727733,9041010,1,0,0.0,0.0,0.0,0.02475965,0.63813734,-1.2683333,-0.12549293,0.67136616,-1.4461443,0.04776542,0.7653969,-1.2647475,-0.0034087896,0.6026248,-1.2074203,-5.315372,-7.1434383,-2.794979,-1.0479053,-0.5386978,-0.8719929,0.42866665,-0.38367686,2.0617785,0.15771697,-0.53094673,1.0773956,-0.7259025,0.027128667,-0.65496355,0.04044025,-1.6509732,-0.015502095,-0.27128667,0.70534533,-1.9295859,0.47002736,13.987437,1.9048477,-0.22264454,-2.6078272,-0.34633595,2.1522305,1.4224513,0.44528908,-3.7602189,7.2545013,0.049476564,-0.9400547,0.5442422,-1.2121758,0.9997323,0.0008744359,0.020237157,-0.011179642,-0.20772654,0.14168015,0.7243797,1.0773908,-1.8890251,10.206482,0.0012969789,0.0404941,-0.022338076,30.5975284576416,3.247267246246338,-0.14580932,0.49141553,0.24571978,-0.43519232,0.1629277,-0.64405197,0.20285097,-0.25921223,-0.22248419,0.3091093,0.9568187,-0.010147886,-0.10639658,-0.14945632,0.21513782,0.3805278,0.040731926,0.508987,-1.2492872,-0.03645233,0.7928539,-1.23857,-0.026599145,0.63263595,-1.2462155,-0.055621047,0.7472773,-1.0607953,0.0,0.0,0.0,0.0,0.0,0.0,0.0,0.0,0.0,0.0,0.0,0.0,0.0,0.0,0.0,0.0,-2.5921223,-4.351923,3.8052778,-0.10147886,50.0,50.0,50.0,50.0,50.0,50.0,50.0,50.0,50.0,50.0,50.0,50.0,0.0,0.0,0.0,0.0,1.0,1.0,1.0,1.0,1.0,1.0,1.0,1.0,1.0,1.0,1.0,1.0,0.5,0.5,0.5,0.5
1788527469.697599,337,4.825144000278669,3.7248540011205478,4.5283029994607205,1.026752,5.561039,9041030,1,0,0.0,0.0,0.0,0.017553568,0.62678325,-1.2642261,-0.12764263,0.67932916,-1.4330013,0.05851394,0.7614305,-1.264084,-0.008677065,0.61612856,-1.2035185,-5.3401995,-7.162634,-2.78305,-1.0473603,0.7983579,-0.9611299,-1.5266194,-0.13564333,0.16664752,3.4717956,0.24415801,-0.651088,0.1273868,-1.3990641,0.7130964,0.07481446,-1.2595452,-2.2284262,1.449446,0.038755238,0.32159767,-5.368207,2.1336768,4.7992268,5.7640195,5.4527297,-4.6260586,-6.0856175,0.7112256,-1.0390079,6.382477,8.202802,-0.791625,-0.9400547,1.0637461,-0.074214846,0.9997484,0.0016882188,0.02221894,-0.0025708831,0.029827401,0.23222762,0.95021576,-1.7776948,0.1364695,7.0688806,0.0032645739,0.04445002,-0.005070482,30.500139236450195,6.050171375274658,0.090913676,0.296394,1.0969088,-0.5419249,0.25031996,-0.5584098,-0.18302445,0.0034064464,-0.31575894,0.5710106,0.4493358,0.23882596,-0.24082386,-0.45874992,0.41608799,0.40023407,0.06257999,0.53039753,-1.345756,0.022728419,0.74409854,-1.0257728,-0.060205966,0.5553125,-1.1959779,-0.078939736,0.81275266,-1.1876659,0.0,0.0,0.0,0.0,0.0,0.0,0.0,0.0,0.0,0.0,0.0,0.0,0.0,0.0,0.0,0.0,0.034064464,-5.419249,4.002341,2.3882596,50.0,50.0,50.0,50.0,50.0,50.0,50.0,50.0,50.0,50.0,50.0,50.0,0.0,0.0,0.0,0.0,1.0,1.0,1.0,1.0,1.0,1.0,1.0,1.0,1.0,1.0,1.0,1.0,0.5,0.5,0.5,0.5
1788527469.7182078,338,5.425642999398406,3.9165710004454013,4.999516999305342,0.965119,5.970844,9041050,1,0,0.0,0.0,0.0,0.019491315,0.6343224,-1.2860892,-0.116621606,0.670912,-1.3840306,0.056212857,0.75655586,-1.2576231,-0.012825072,0.6205188,-1.2132969,-5.337535,-7.225793,-2.7589493,-1.066102,0.14339438,0.0077510476,-1.6964685,1.1161509,-0.7363495,5.550424,-0.5193202,-0.60070616,1.0676225,-0.30229086,0.62783486,-1.459893,0.6162083,-4.425848,2.4067004,-0.9417523,2.0038009,-5.3434687,-1.2802061,5.9866643,4.5023675,12.659816,-5.541375,-9.79636,1.7069415,-3.1170235,9.252117,2.8449025,-0.32159767,-0.44528908,0.6926719,1.5585117,0.9997215,0.003054447,0.02331851,0.001989071,-0.09693905,0.08309062,0.08735167,-0.19632454,-3.1160536,7.1466923,0.0062067425,0.046628777,0.004123979,30.35848617553711,10.493800163269043,-0.084219,-0.56224847,1.1132741,-0.5455199,0.13969888,0.06672732,0.07191005,0.14177391,0.014034495,-0.07757064,0.27657208,0.23118605,-0.056845278,0.23414291,0.6290358,0.38559645,0.03492472,0.68668187,-1.2820225,-0.02105475,0.5294379,-1.0216814,-0.014211319,0.7285358,-1.142741,0.0035086237,0.65060735,-1.2308569,0.0,0.0,0.0,0.0,0.0,0.0,0.0,0.0,0.0,0.0,0.0,0.0,0.0,0.0,0.0,0.0,1.4177392,-5.455199,3.8559647,2.3118606,50.0,50.0,50.0,50.0,50.0,50.0,50.0,50.0,50.0,50.0,50.0,50.0,0.0,0.0,0.0,0.0,1.0,1.0,1.0,1.0,1.0,1.0,1.0,1.0,1.0,1.0,1.0,1.0,0.5,0.5,0.5,0.5
1788527469.7363286,339,3.5579359991970705,2.538287999414024,3.2830149993969826,0.963199,4.252134,9041070,1,0,0.0,0.0,0.0,0.018764734,0.6510658,-1.3174304,-0.10472254,0.6561971,-1.3507464,0.044737667,0.75413364,-1.248682,-0.012370944,0.63517314,-1.2375768,-5.31192,-7.311842,-2.6947002,-1.0602586,-0.08913705,1.48045,-0.7622987,-0.21315381,-0.38755238,-0.3578962,-0.93787676,0.28678876,-0.03437421,0.44180974,0.5890796,-1.3001541,1.4765745,-4.10418,4.3250847,0.9882586,0.9895313,0.24738282,1.8966017,4.725012,-6.753551,17.353905,-2.0780158,-1.4595586,5.879465,0.4205508,0.24738282,1.4224513,-0.049476564,-0.791625,-0.37107423,0.59371877,0.99974597,0.005957431,0.021682508,-0.0015696752,0.84049356,-0.64022386,-0.71798813,-1.115698,1.4616601,12.834118,0.011855199,0.04338631,-0.002882926,30.570966720581055,4.033447742462158,-0.4739634,-0.2806666,-0.50467384,-0.19707143,-0.103276,0.5417716,0.9842591,-0.040206753,0.0800668,-0.6776533,0.55380666,-0.0315579,0.37948358,0.84189284,1.0504578,0.120747834,-0.025819,0.8054429,-1.0539352,-0.11849085,0.59983337,-1.4261684,0.094870895,0.88047326,-1.0373855,0.0200167,0.5005867,-1.1615483,0.0,0.0,0.0,0.0,0.0,0.0,0.0,0.0,0.0,0.0,0.0,0.0,0.0,0.0,0.0,0.0,-0.40206754,-1.9707143,1.2074783,-0.315579,50.0,50.0,50.0,50.0,50.0,50.0,50.0,50.0,50.0,50.0,50.0,50.0,0.0,0.0,0.0,0.0,1.0,1.0,1.0,1.0,1.0,1.0,1.0,1.0,1.0,1.0,1.0,1.0,0.5,0.5,0.5,0.5
1788527469.7575178,340,4.747381000925088,3.7263249996613013,4.474764999031322,0.956318,5.437163,9041090,1,0,0.0,0.0,0.0,0.011407256,0.666023,-1.2903701,-0.115349956,0.67618024,-1.3705559,0.05303371,0.76730436,-1.2522205,-0.017487824,0.6393515,-1.2380664,-5.29987,-7.350234,-2.6393228,-1.0575638,-0.7092209,-0.038755238,3.6578207,-0.39530346,0.30616638,-3.2210658,0.92625016,0.5503244,-0.38013834,0.046506286,-0.26353562,1.0635785,-0.5503244,-0.5580754,1.2014123,-0.7828558,-1.2121758,7.3472695,10.004574,0.32159767,-4.304461,0.23707521,1.2863907,5.442422,11.806345,1.9295859,-6.9761953,2.8923175,0.12369141,-0.8411016,-0.024738282,0.17316797,0.9997517,0.007180747,0.019384265,-0.008330766,-0.03728425,-0.11078749,-0.6434196,1.1252748,-0.9900024,11.206061,0.014046036,0.038888346,-0.016392136,30.500139236450195,6.2552618980407715,-0.39256287,-0.35452825,-0.79415053,-0.10777739,-0.12994324,0.3109136,1.4497452,-0.012003075,0.069435515,-0.95665777,0.72251433,-0.21047933,0.39578065,0.97229075,0.37935215,0.012655854,-0.03248581,0.7477284,-0.93756366,-0.09814072,0.58136797,-1.4985375,0.09894516,0.9130727,-1.2051619,0.017358879,0.43083557,-1.1193714,0.0,0.0,0.0,0.0,0.0,0.0,0.0,0.0,0.0,0.0,0.0,0.0,0.0,0.0,0.0,0.0,-0.12003075,-1.0777738,0.12655854,-2.1047933,50.0,50.0,50.0,50.0,50.0,50.0,50.0,50.0,50.0,50.0,50.0,50.0,0.0,0.0,0.0,0.0,1.0,1.0,1.0,1.0,1.0,1.0,1.0,1.0,1.0,1.0,1.0,1.0,0.5,0.5,0.5,0.5
1788527469.7763743,341,3.598737999709556,2.4732300007599406,3.2073970014607767,1.036193,4.248998,9041110,1,0,0.0,0.0,0.0,0.016070008,0.6559708,-1.2571175,-0.11386635,0.68953264,-1.4226542,0.061541706,0.76730436,-1.2593449,-0.007708192,0.62533295,-1.2225538,-5.3269076,-7.3569555,-2.6489506,-1.0462098,-0.325544,-0.015502095,1.5023552,0.70146984,-0.081386,-3.1765816,0.76347816,0.52319574,-1.2253395,0.39917895,-0.4728139,0.87350935,-2.3563185,-0.6704656,-1.302176,0.96500546,-2.3006601,4.823965,15.931454,0.17316797,-5.46716,-0.85347074,1.0884844,7.0751486,3.8880334,0.89057815,-9.697407,4.504429,1.1132227,-0.24738282,0.7668867,-1.6079884,0.99974376,0.0027588725,0.019654354,-0.01088122,-0.3611246,0.2237055,0.015978964,1.5765818,2.5198972,8.677784,0.0050925734,0.039368846,-0.0216669,30.464725494384766,7.109805583953857,-0.3525002,0.3200369,-0.531382,-0.093772545,-0.02738125,-0.31803614,1.3456708,-0.30408257,-0.039928727,-0.43371218,0.56851107,-0.092678495,0.11549042,0.49449742,0.19283073,0.17904334,-0.0068453127,0.590491,-0.9635823,-0.08812505,0.75000924,-1.4328455,0.028872605,0.7936244,-1.2517923,-0.009982182,0.56157196,-1.1578722,0.0,0.0,0.0,0.0,0.0,0.0,0.0,0.0,0.0,0.0,0.0,0.0,0.0,0.0,0.0,0.0,-3.0408258,-0.9377254,1.7904334,-0.92678493,50.0,50.0,50.0,50.0,50.0,50.0,50.0,50.0,50.0,50.0,50.0,50.0,0.0,0.0,0.0,0.0,1.0,1.0,1.0,1.0,1.0,1.0,1.0,1.0,1.0,1.0,1.0,1.0,0.5,0.5,0.5,0.5
1788527469.797621,342,4.838872000618721,3.759062001336133,4.557520000162185,1.014304,5.577392,9041130,1,0,0.0,0.0,0.0,0.016826868,0.63825846,-1.2495034,-0.111353315,0.6914401,-1.440726,0.06590167,0.7706046,-1.2704344,-0.002894044,0.6188233,-1.2147186,-5.358699,-7.360922,-2.6589122,-1.0310407,0.2945398,-0.13176781,0.10514465,0.35267267,-0.39917895,0.70972633,0.6627146,0.2790377,-0.2729717,-0.12014124,-0.39917895,-0.3882264,-2.1509159,-0.18990067,0.67434114,0.7363495,-1.5585117,-2.4985664,14.603832,0.791625,3.6612659,-0.09483008,-2.721211,0.8411016,0.85347074,-0.22264454,-2.5233047,3.413883,-0.2721211,-0.4205508,0.47002736,-0.7668867,0.99973816,-0.0018635324,0.021893058,-0.0063886833,-0.6615291,0.2237055,0.73183656,0.40222588,3.205836,5.2157683,-0.0040096743,0.04376481,-0.0128682945,30.606380462646484,2.905449628829956,-0.10180528,0.52986217,0.49116054,-0.37867415,0.15679407,-0.5268637,0.14852794,-0.169601,-0.16458562,0.4138466,0.8570151,0.075509325,-0.08613004,-0.116560474,0.21718319,0.39189476,0.039198518,0.53828406,-1.2628679,-0.02545132,0.80246556,-1.1772099,-0.02153251,0.6408599,-1.2457042,-0.041146405,0.7734617,-1.0857462,0.0,0.0,0.0,0.0,0.0,0.0,0.0,0.0,0.0,0.0,0.0,0.0,0.0,0.0,0.0,0.0,-1.6960099,-3.7867415,3.9189477,0.7550932,50.0,50.0,50.0,50.0,50.0,50.0,50.0,50.0,50.0,50.0,50.0,50.0,0.0,0.0,0.0,0.0,1.0,1.0,1.0,1.0,1.0,1.0,1.0,1.0,1.0,1.0,1.0,1.0,0.5,0.5,0.5,0.5
1788527469.81846,343,5.6802429990057135,3.7977829997544177,5.266885998935322,1.008096,6.282438,9041150,1,0,0.0,0.0,0.0,0.016887426,0.6384704,-1.2496455,-0.11186803,0.68968403,-1.4197319,0.07546936,0.7617333,-1.2658849,0.002767861,0.63544565,-1.2132969,-5.3809834,-7.3696413,-2.6422596,-1.0271046,0.8293621,0.027128667,-2.2161257,-0.015502095,-0.077510476,3.247352,0.12789229,-0.85261524,0.17187107,0.38367686,1.2595452,0.17389306,-0.19377619,-1.6393466,0.97275645,0.40305448,0.2721211,-5.244516,1.5172813,4.378676,5.8629727,9.245933,-5.1950393,-5.6650667,0.80605567,-2.548043,6.159832,7.207086,-0.791625,-0.9400547,1.4100821,0.12369141,0.99971956,-0.0041195583,0.023313161,0.0006334648,0.07350324,-0.091612734,0.7265103,-0.44532153,0.5626374,6.1926026,-0.0082162935,0.046635367,0.0010756641,30.491287231445312,6.391988754272461,0.038111962,0.2439036,0.79996234,-0.51759183,0.2324183,-0.3998283,-0.049881883,-0.00095197186,-0.15963285,0.37824762,0.57127833,0.22922103,-0.18804285,-0.26998377,0.6241898,0.3334658,0.058104575,0.57004297,-1.3124704,0.009527991,0.7309759,-1.1000093,-0.047010712,0.6025041,-1.1439525,-0.03990821,0.7645619,-1.1571803,0.0,0.0,0.0,0.0,0.0,0.0,0.0,0.0,0.0,0.0,0.0,0.0,0.0,0.0,0.0,0.0,-0.009519719,-5.1759186,3.3346581,2.2922103,50.0,50.0,50.0,50.0,50.0,50.0,50.0,50.0,50.0,50.0,50.0,50.0,0.0,0.0,0.0,0.0,1.0,1.0,1.0,1.0,1.0,1.0,1.0,1.0,1.0,1.0,1.0,1.0,0.5,0.5,0.5,0.5
1788527469.836718,344,3.9421080000465736,2.7984879998257384,3.6350910013425164,1.001407,4.642994,9041170,1,0,0.0,0.0,0.0,0.019703269,0.65173197,-1.2812237,-0.10832556,0.67902637,-1.3824825,0.06463,0.76121855,-1.2581444,-0.00071406364,0.6413195,-1.2231858,-5.3707194,-7.420659,-2.6088028,-1.0422738,-0.31391743,0.43018317,-1.5205534,0.1472699,0.06975943,1.6600722,-0.81773555,-0.3604237,1.4133867,-0.4573118,0.54257333,-1.1282829,0.60070616,-3.5112247,3.1314232,-0.80610895,2.2017071,-4.6013203,-0.28449023,5.961926,2.44909,14.082267,-4.9229183,-7.743082,4.4570136,-1.5585117,5.788758,4.646674,-0.2721211,-0.6679336,0.049476564,1.58325,0.9997393,-0.0015160445,0.022481231,0.0036821128,0.35899407,-0.08628641,0.07243797,2.0590134,-0.9768343,6.6247563,-0.002868647,0.044977065,0.0073015895,30.482431411743164,6.802170276641846,-0.14922465,-0.30452058,0.6526207,-0.58690226,0.1333427,0.15903258,0.22443049,0.10299186,0.003646072,-0.1313965,0.40241984,0.14099018,0.07481665,0.26960197,0.8781495,0.35883245,0.033335675,0.70975816,-1.2438923,-0.037306163,0.59386986,-1.1368448,0.018704163,0.73740053,-1.0804626,0.000911518,0.6371509,-1.199395,0.0,0.0,0.0,0.0,0.0,0.0,0.0,0.0,0.0,0.0,0.0,0.0,0.0,0.0,0.0,0.0,1.0299186,-5.8690224,3.5883245,1.4099019,50.0,50.0,50.0,50.0,50.0,50.0,50.0,50.0,50.0,50.0,50.0,50.0,0.0,0.0,0.0,0.0,1.0,1.0,1.0,1.0,1.0,1.0,1.0,1.0,1.0,1.0,1.0,1.0,0.5,0.5,0.5,0.5
1788527469.8572955,345,4.5199500000308035,3.521294998790836,4.240357000526274,0.999008,5.245029,9041190,1,0,0.0,0.0,0.0,0.01673615,0.6676277,-1.2975261,-0.11174693,0.6785722,-1.3820717,0.054517314,0.7542245,-1.2491875,-0.003287673,0.64095616,-1.2410363,-5.357942,-7.484727,-2.5469155,-1.0479659,-0.13176781,0.43018317,0.41249055,-0.48444048,0.7906069,-0.064704396,-0.5735775,-0.5580754,0.0,0.3720503,-0.1472699,-0.34374213,0.75960267,-3.0229084,3.3639548,-0.09301257,1.0390079,1.9048477,1.8491865,4.378676,-5.1950393,12.802061,-1.2616524,-0.32159767,9.388178,0.0,0.0,2.2759218,0.12369141,-1.2863907,-0.024738282,0.6926719,0.9997627,0.0011380679,0.021751283,0.000566377,0.2652508,0.07030744,-0.50493526,0.7338228,-3.016694,12.76708,0.0023024147,0.043504674,0.0011831138,30.588674545288086,3.3498125076293945,-0.3937978,-0.6044811,-0.049844477,-0.22161242,-0.046566647,0.44558322,0.94216275,0.031656437,0.120147206,-0.6667968,0.45084482,0.0128695555,0.33687732,0.72498417,0.7238161,0.14693588,-0.011641662,0.7813958,-1.0644593,-0.09844945,0.5188798,-1.312461,0.08421933,0.85124606,-1.119046,0.030036801,0.5033008,-1.1872888,0.0,0.0,0.0,0.0,0.0,0.0,0.0,0.0,0.0,0.0,0.0,0.0,0.0,0.0,0.0,0.0,0.31656438,-2.2161243,1.4693588,0.12869555,50.0,50.0,50.0,50.0,50.0,50.0,50.0,50.0,50.0,50.0,50.0,50.0,0.0,0.0,0.0,0.0,1.0,1.0,1.0,1.0,1.0,1.0,1.0,1.0,1.0,1.0,1.0,1.0,0.5,0.5,0.5,0.5
1788527469.8785143,346,5.737715999202919,4.284774999177898,5.326119999153889,1.004255,6.336679,9041210,1,0,0.0,0.0,0.0,0.012981653,0.6721996,-1.2814132,-0.112624966,0.6840222,-1.3866687,0.058665335,0.75691915,-1.2507988,7.31349e-05,0.6292993,-1.237798,-5.351311,-7.5277205,-2.5099163,-1.0425766,-1.0037607,-0.5503244,1.8016131,-0.04263076,0.2596601,-1.2455596,1.2944249,0.53094673,-0.0970566,0.20152724,-0.8758684,0.41249055,-0.27128667,-0.96500546,1.1355284,0.12014124,-0.2721211,6.407215,8.961443,0.6926719,-8.955258,5.0734096,0.074214846,4.477629,6.9700108,1.4100821,-5.7392817,2.1336768,0.2721211,-0.64319533,0.12369141,0.0,0.99975145,0.0003648938,0.021716952,-0.0050196066,-0.24394552,0.13954963,-0.62424487,-0.46806642,0.59136784,14.331692,0.0005120682,0.04344043,-0.010030501,30.52669906616211,5.434899806976318,-0.40941507,-0.45579988,-0.5516239,-0.029180188,-0.12414303,0.38594738,1.4801271,0.016386632,0.09057331,-0.8906666,0.7732874,-0.052417785,0.33706143,0.9444345,0.30398428,0.045093812,-0.031035757,0.7664869,-0.9299682,-0.10235377,0.55605006,-1.4379059,0.08426536,0.9061086,-1.2240039,0.022643328,0.44733337,-1.1066781,0.0,0.0,0.0,0.0,0.0,0.0,0.0,0.0,0.0,0.0,0.0,0.0,0.0,0.0,0.0,0.0,0.16386631,-0.29180187,0.4509381,-0.52417785,50.0,50.0,50.0,50.0,50.0,50.0,50.0,50.0,50.0,50.0,50.0,50.0,0.0,0.0,0.0,0.0,1.0,1.0,1.0,1.0,1.0,1.0,1.0,1.0,1.0,1.0,1.0,1.0,0.5,0.5,0.5,0.5
1788527469.8974774,347,4.6935560003475985,3.5126229995512404,4.360329001428909,1.043073,5.410954,9041230,1,0,0.0,0.0,0.0,0.008561134,0.66453934,-1.2544004,-0.11289746,0.686838,-1.3998908,0.06420612,0.75691915,-1.2577336,0.0017989278,0.6169158,-1.221922,-5.370114,-7.5241785,-2.5110369,-1.0251669,-0.28678876,0.015502095,1.7126446,-0.11239019,-0.36817476,-1.290044,0.12789229,0.5193202,-0.93821377,0.054257333,-1.0618935,1.2374716,-1.1820347,0.9998852,-0.7479761,1.1045243,-1.7069415,5.318731,15.409888,0.59371877,-6.48143,-0.52156544,0.96479297,7.273055,2.6078272,1.0884844,-7.7925587,4.883749,0.7668867,-0.59371877,0.64319533,-0.8411016,0.99971664,-0.000451959,0.022438323,-0.007941573,0.15339807,0.04687163,-0.0447411,0.45010993,-1.2988545,8.366538,-0.0012613228,0.04487181,-0.01591562,30.464725494384766,7.041442394256592,-0.3206907,0.095198125,-0.51560366,0.003817439,-0.06380336,-0.19812566,1.261668,-0.16079873,0.010510638,-0.45808595,0.84709364,0.0186068,0.11346663,0.5521983,0.23025097,0.16183561,-0.01595084,0.6204686,-0.98458296,-0.08017267,0.69379956,-1.4289008,0.028366657,0.80804956,-1.2424372,0.0026276596,0.5554785,-1.0882266,0.0,0.0,0.0,0.0,0.0,0.0,0.0,0.0,0.0,0.0,0.0,0.0,0.0,0.0,0.0,0.0,-1.6079873,0.03817439,1.6183561,0.186068,50.0,50.0,50.0,50.0,50.0,50.0,50.0,50.0,50.0,50.0,50.0,50.0,0.0,0.0,0.0,0.0,1.0,1.0,1.0,1.0,1.0,1.0,1.0,1.0,1.0,1.0,1.0,1.0,0.5,0.5,0.5,0.5
1788527469.917935,348,5.139650000273832,3.8949390000198036,4.772726999362931,1.032672,5.812247,9041250,1,0,0.0,0.0,0.0,0.0019606352,0.64743257,-1.2386351,-0.114471905,0.69195485,-1.4210904,0.061662808,0.76685023,-1.2680333,0.0022833943,0.6083776,-1.2069622,-5.398726,-7.503619,-2.517274,-0.9966757,-0.20540276,-0.97275645,0.325544,0.096888095,0.6975943,-0.810827,-1.0115118,0.5076936,-0.23253144,0.034879714,-0.2092783,0.22039935,-1.6587242,1.1704081,0.41080552,1.6703508,-0.7668867,-0.2721211,13.039136,1.6822032,-0.47002736,0.28449023,-0.74214846,1.58325,1.3276211,0.024738282,-2.5233047,6.4958606,0.074214846,-0.56898046,0.59371877,-0.7668867,0.9997422,2.8143804e-05,0.022221643,-0.0046823993,-0.107591696,-0.10013484,0.576308,-0.10654198,-0.5422867,9.7479925,-0.00015197818,0.044446725,-0.009370524,30.615234375,2.597813844680786,-0.095741965,0.4318485,0.26403448,-0.16384074,0.12048149,-0.5022838,0.37963814,-0.2277216,-0.21066839,0.24287137,1.0644467,0.07833156,-0.081839494,-0.09149575,0.28349498,0.35275826,0.030120373,0.54442906,-1.2050904,-0.023935491,0.77796215,-1.2339914,-0.020459874,0.6471261,-1.2291262,-0.052667096,0.73071784,-1.0338883,0.0,0.0,0.0,0.0,0.0,0.0,0.0,0.0,0.0,0.0,0.0,0.0,0.0,0.0,0.0,0.0,-2.277216,-1.6384075,3.5275826,0.7833156,50.0,50.0,50.0,50.0,50.0,50.0,50.0,50.0,50.0,50.0,50.0,50.0,0.0,0.0,0.0,0.0,1.0,1.0,1.0,1.0,1.0,1.0,1.0,1.0,1.0,1.0,1.0,1.0,0.5,0.5,0.5,0.5
1788527469.9375906,349,4.819063000468304,3.7895600016781827,4.551631000140333,0.990655,5.547502,9041270,1,0,0.0,0.0,0.0,0.0051398277,0.6449801,-1.2361865,-0.11386635,0.6960423,-1.4161143,0.066143885,0.76224804,-1.2652372,-0.0031362772,0.6194289,-1.2046717,-5.413138,-7.4978666,-2.5108852,-0.9807497,0.9921341,0.0,-1.3608143,0.0,0.5193202,3.075481,-0.0077510476,-0.5890796,0.16984905,0.27128667,2.1857955,0.33363205,0.038755238,-0.64721245,0.34492162,0.740225,0.24738282,-5.2197776,2.8923175,4.7002735,3.8839102,5.64239,-4.4034142,-5.4176836,1.6121113,-2.9191172,3.9828634,9.008858,-1.2121758,-0.47002736,1.58325,-0.024738282,0.99976546,-0.00022331395,0.02156514,0.0020147285,0.11185275,0.021305285,0.74568504,-0.45729253,1.1180922,5.424064,-0.0003599621,0.043134436,0.0040226323,30.52669906616211,5.195627689361572,0.025154317,0.29974002,0.7345642,-0.29953843,0.21552615,-0.5782149,0.16006002,-0.05972337,-0.27255595,0.39896232,0.3671802,0.2260185,-0.15134332,-0.35277542,0.6108975,0.3265665,0.053881537,0.5254463,-1.259985,0.006288579,0.74493504,-1.1163589,-0.03783583,0.5818062,-1.1472756,-0.06813899,0.7697406,-1.2082049,0.0,0.0,0.0,0.0,0.0,0.0,0.0,0.0,0.0,0.0,0.0,0.0,0.0,0.0,0.0,0.0,-0.5972337,-2.9953842,3.2656648,2.260185,50.0,50.0,50.0,50.0,50.0,50.0,50.0,50.0,50.0,50.0,50.0,50.0,0.0,0.0,0.0,0.0,1.0,1.0,1.0,1.0,1.0,1.0,1.0,1.0,1.0,1.0,1.0,1.0,0.5,0.5,0.5,0.5
1788527469.9584837,350,5.593808000412537,3.9854690003267024,5.126625001139473,1.185637,6.322247,9041290,1,0,0.0,0.0,0.0,0.007471204,0.6489161,-1.2509725,-0.1049042,0.6867774,-1.3719301,0.059876442,0.7532859,-1.2552693,-0.004710734,0.621851,-1.2168038,-5.4095654,-7.5261154,-2.487269,-0.987653,0.07363495,-0.21315381,-0.8411572,0.6975943,-0.24028248,2.3495784,-0.5658265,-1.1432796,1.130305,-0.2751622,0.65883905,-1.7692609,0.28678876,-2.5035884,2.457082,-0.59683067,2.3253984,-6.2835236,0.33190528,5.1208243,3.1912384,10.620969,-4.5023675,-7.4956994,4.4570136,-2.9685938,6.9267187,2.2759218,-0.44528908,-0.12369141,0.37107423,1.3606055,0.9997482,0.00094698527,0.02164735,0.0058409385,-0.064981125,0.04261057,0.07882956,1.1959038,1.6364368,9.57561,0.0021483896,0.043286253,0.0117311925,30.464725494384766,7.246532917022705,-0.12423125,-0.24138838,0.7405476,-0.2904374,0.12700473,0.06765295,0.31666833,0.14644334,-0.019025024,-0.02800865,0.33119538,0.17037742,0.060800154,0.19683684,0.78629327,0.3579286,0.031751182,0.68691325,-1.2208328,-0.031057812,0.60965294,-1.114863,0.015200038,0.71920925,-1.1034267,-0.004756256,0.66299784,-1.2172011,0.0,0.0,0.0,0.0,0.0,0.0,0.0,0.0,0.0,0.0,0.0,0.0,0.0,0.0,0.0,0.0,1.4644334,-2.9043741,3.579286,1.7037742,50.0,50.0,50.0,50.0,50.0,50.0,50.0,50.0,50.0,50.0,50.0,50.0,0.0,0.0,0.0,0.0,1.0,1.0,1.0,1.0,1.0,1.0,1.0,1.0,1.0,1.0,1.0,1.0,0.5,0.5,0.5,0.5
1788527469.9768484,351,4.048255001180223,2.720726000916329,3.6269619995437097,1.06637,4.702708,9041310,1,0,0.0,0.0,0.0,0.00980258,0.66063356,-1.2589973,-0.09927258,0.677785,-1.360888,0.05594036,0.74335486,-1.2452382,-0.00449878,0.6338409,-1.2422369,-5.394881,-7.5705633,-2.424655,-0.98317194,0.30616638,1.6005913,0.33363205,0.3565482,-0.33717057,-0.09099056,-0.08526152,-0.14339438,0.18400313,0.18214962,0.5619509,-0.8350911,1.0928978,-2.154791,3.6507435,0.6665901,0.6926719,-0.22264454,1.3276211,3.1665,-3.4880977,12.991721,-1.9790626,-0.9400547,7.5864067,-0.2721211,0.86583984,1.7069415,0.12369141,-0.32159767,-0.14842969,0.47002736,0.9997733,0.00056879676,0.02105382,0.0031500089,-0.02237055,-0.23755394,-0.56778586,0.031124622,2.112883,10.545261,0.0012711019,0.042106956,0.0063281916,30.606380462646484,2.8370859622955322,-0.37518743,-0.49051055,-0.13750565,-0.096311405,-0.038897913,0.38170087,0.9066347,0.116714515,0.1501045,-0.697503,0.5387723,0.030593056,0.34408724,0.75750315,0.69088703,0.14989011,-0.009724478,0.7654252,-1.0733413,-0.09379686,0.5473724,-1.3343763,0.08602181,0.85937583,-1.1272782,0.037526123,0.49562427,-1.1653069,0.0,0.0,0.0,0.0,0.0,0.0,0.0,0.0,0.0,0.0,0.0,0.0,0.0,0.0,0.0,0.0,1.1671451,-0.963114,1.4989011,0.30593055,50.0,50.0,50.0,50.0,50.0,50.0,50.0,50.0,50.0,50.0,50.0,50.0,0.0,0.0,0.0,0.0,1.0,1.0,1.0,1.0,1.0,1.0,1.0,1.0,1.0,1.0,1.0,1.0,0.5,0.5,0.5,0.5
1788527469.9969335,352,4.160163000051398,3.084736999880988,3.86786499984737,0.994815,4.868473,9041330,1,0,0.0,0.0,0.0,0.008894205,0.6653569,-1.2459017,-0.09824315,0.6815394,-1.3693552,0.06584111,0.7505306,-1.2472286,-0.0020765662,0.6269679,-1.2378453,-5.3850102,-7.5886393,-2.3840222,-0.9784184,-0.13176781,-0.569702,1.4214748,0.19377619,0.3100419,-1.4922452,1.1665326,0.6355859,-0.2628616,0.4728139,-0.40305448,0.74814457,-0.3565482,0.39530346,1.302176,-0.7828558,-0.86583984,5.887711,7.5864067,0.024738282,-7.3225317,3.2242227,-0.14842969,5.021871,6.6855206,1.58325,-6.580383,3.0345626,0.791625,-0.7668867,0.12369141,0.56898046,0.9997908,-0.0022584249,0.020113291,-0.002959205,-0.53902376,0.10972223,-0.616788,1.0989386,1.5251064,8.780735,-0.0046387105,0.04021564,-0.0060129184,30.54440689086914,4.785446643829346,-0.3455916,-0.5151274,-0.44555932,-8.3722174e-05,-0.10056548,0.33887047,1.4006023,0.09368252,0.1451229,-0.8688055,0.8235022,-0.07570359,0.31986195,0.91203165,0.285373,-0.04217254,-0.02514137,0.75471765,-0.94984937,-0.0863979,0.54121816,-1.4113898,0.07996549,0.8980079,-1.2286566,0.036280725,0.45279863,-1.0941244,0.0,0.0,0.0,0.0,0.0,0.0,0.0,0.0,0.0,0.0,0.0,0.0,0.0,0.0,0.0,0.0,0.9368252,-0.00083722174,-0.4217254,-0.7570359,50.0,50.0,50.0,50.0,50.0,50.0,50.0,50.0,50.0,50.0,50.0,50.0,0.0,0.0,0.0,0.0,1.0,1.0,1.0,1.0,1.0,1.0,1.0,1.0,1.0,1.0,1.0,1.0,0.5,0.5,0.5,0.5
1788527470.017064,353,4.285222999897087,3.254183000535704,4.000318000180414,1.02528,5.032126,9041350,1,0,0.0,0.0,0.0,0.008561134,0.6581508,-1.2305628,-0.096154,0.6818422,-1.3835883,0.07047357,0.75134814,-1.2564698,0.0049781203,0.6148267,-1.2244653,-5.392186,-7.5733185,-2.3885942,-0.96809375,-0.30229086,-0.077510476,1.0858207,0.28291324,-0.62783486,-0.7461226,-0.08913705,0.4379342,-1.1040188,-0.034879714,-1.065769,0.8977735,-0.52319574,1.058018,-1.0890222,1.1936613,-1.5090352,5.096086,13.560701,0.17316797,-6.753551,-0.47415042,0.51950395,7.124625,2.323337,1.7316797,-7.4214845,5.974295,0.6679336,-0.5442422,0.4205508,-0.96479297,0.9997637,-0.0037590628,0.020697976,-0.005474865,0.20453075,0.12889698,-0.012783172,0.30885202,-1.3491327,9.635465,-0.00774969,0.0413568,-0.011112483,30.491287231445312,6.460352897644043,-0.27926835,0.08918226,-0.36666706,0.0078014433,-0.040049095,-0.2808577,1.335003,-0.054366507,0.00322044,-0.39461157,0.7289208,-0.0011534411,0.09226156,0.45960647,0.2696001,0.0768743,-0.010012274,0.59978557,-0.9662492,-0.06981709,0.69229555,-1.3916668,0.02306539,0.7849016,-1.2326,0.00080511,0.5713471,-1.1177697,0.0,0.0,0.0,0.0,0.0,0.0,0.0,0.0,0.0,0.0,0.0,0.0,0.0,0.0,0.0,0.0,-0.54366505,0.07801443,0.76874304,-0.011534411,50.0,50.0,50.0,50.0,50.0,50.0,50.0,50.0,50.0,50.0,50.0,50.0,0.0,0.0,0.0,0.0,1.0,1.0,1.0,1.0,1.0,1.0,1.0,1.0,1.0,1.0,1.0,1.0,0.5,0.5,0.5,0.5
1788527470.037739,354,4.957916000421392,3.8434489997598575,4.661587001464795,0.993056,5.660915,9041370,1,0,0.0,0.0,0.0,-0.0003707409,0.6409229,-1.2191257,-0.09984786,0.6848093,-1.3970473,0.06565945,0.7582514,-1.2686177,0.0018897653,0.60683334,-1.214845,-5.4077487,-7.546129,-2.4036422,-0.9417523,-0.2596601,-2.2167995,0.23859747,-0.15502095,0.9456278,-0.41046855,-1.0386404,0.20152724,-0.12940879,-0.162772,-0.13176781,-0.21433333,-0.8332376,1.6897284,-0.3914279,1.4068152,-0.17316797,0.14842969,12.944306,1.7069415,-0.44528908,0.61639553,-1.1132227,1.1132227,1.5172813,0.14842969,-1.7316797,5.4527297,0.22264454,-0.791625,0.5442422,-0.6926719,0.9997606,-0.0026326452,0.021643033,-0.0018773515,-0.03941478,0.029827401,0.6146575,-0.30286652,-0.4333505,9.276335,-0.0053503276,0.04327933,-0.0038713962,30.624088287353516,2.392723321914673,-0.04095832,0.32605198,0.5631414,-0.117010504,0.16328393,-0.39618638,0.3508716,-0.06714526,-0.22124848,0.35032824,0.9796648,0.10832973,-0.09250801,-0.19754729,0.36489308,0.27044877,0.040820982,0.5709534,-1.2122821,-0.01023958,0.751513,-1.1592146,-0.023127003,0.6206132,-1.2087767,-0.05531212,0.75758207,-1.0550838,0.0,0.0,0.0,0.0,0.0,0.0,0.0,0.0,0.0,0.0,0.0,0.0,0.0,0.0,0.0,0.0,-0.6714526,-1.170105,2.7044878,1.0832973,50.0,50.0,50.0,50.0,50.0,50.0,50.0,50.0,50.0,50.0,50.0,50.0,0.0,0.0,0.0,0.0,1.0,1.0,1.0,1.0,1.0,1.0,1.0,1.0,1.0,1.0,1.0,1.0,0.5,0.5,0.5,0.5
1788527470.0562057,355,3.421163000894012,2.291464001245913,2.996286999405129,1.010976,4.013663,9041390,1,0,0.0,0.0,0.0,0.00071930885,0.6380768,-1.2178147,-0.10054424,0.6900171,-1.390934,0.0690808,0.7501975,-1.2629466,-0.0046501756,0.6199133,-1.213913,-5.411473,-7.536622,-2.4059434,-0.93067074,1.2595452,0.06200838,-1.6964685,0.15502095,-0.0077510476,2.1453552,-0.10076362,-0.7363495,0.26892763,-0.43018317,0.67434114,-0.10918867,0.26353562,-0.6782167,-0.027128667,0.6239593,0.7668867,-3.5623126,2.2759218,4.527106,3.1912384,9.767498,-4.7002735,-5.9866643,2.323337,-2.3996134,6.6545978,9.0562725,-0.44528908,-0.17316797,1.2863907,0.14842969,0.9997464,-0.0027294778,0.021831652,0.0048128515,0.31212243,0.12570119,0.72757554,-1.174356,-1.1959038,7.6770077,-0.0052524623,0.043692403,0.009513307,30.50899314880371,5.6741719245910645,0.009933496,0.29755074,0.7309279,-0.2548838,0.18940222,-0.44041803,0.20831367,-0.014604952,-0.27419814,0.4636444,0.34811997,0.2077945,-0.12453254,-0.36609414,0.76175857,0.26728424,0.047350556,0.5598955,-1.2479216,0.002483374,0.7443877,-1.117268,-0.031133136,0.5784765,-1.1095603,-0.068549536,0.7859111,-1.21297,0.0,0.0,0.0,0.0,0.0,0.0,0.0,0.0,0.0,0.0,0.0,0.0,0.0,0.0,0.0,0.0,-0.14604953,-2.548838,2.6728425,2.077945,50.0,50.0,50.0,50.0,50.0,50.0,50.0,50.0,50.0,50.0,50.0,50.0,0.0,0.0,0.0,0.0,1.0,1.0,1.0,1.0,1.0,1.0,1.0,1.0,1.0,1.0,1.0,1.0,0.5,0.5,0.5,0.5
1788527470.0776043,356,4.826200000024983,3.725749000295764,4.528845998720499,1.033536,5.568303,9041410,1,0,0.0,0.0,0.0,0.004080057,0.6439204,-1.2450802,-0.09784953,0.6810852,-1.3583605,0.06027004,0.7414776,-1.2491243,-0.009464264,0.6235466,-1.2275931,-5.4008756,-7.562994,-2.3845673,-0.94005674,-0.054257333,-0.08526152,-0.8088049,0.054257333,0.027128667,0.65917605,-0.60070616,-1.1355284,1.126261,-0.3914279,0.6355859,-1.9168677,0.28678876,-1.9300109,2.3253143,-0.5541999,2.3006601,-4.378676,0.33190528,5.1208243,3.1417618,12.564985,-4.0818167,-7.3225317,6.2587852,-2.6469963,7.7925587,2.5129972,-0.14842969,-0.22264454,0.12369141,1.311129,0.99974597,-0.0008649593,0.021060059,0.007984061,0.16618124,-0.047936894,0.03728425,-0.9792285,1.2270284,10.641029,-0.0013944277,0.042135697,0.015942458,30.482431411743164,6.460352897644043,-0.14621723,-0.15000717,0.55065346,-0.19392791,0.079766676,0.17643946,0.36609048,0.08182622,-0.01799192,-0.07339206,0.31858808,0.07713953,0.09313046,0.22830366,0.9666899,0.30009112,0.019941669,0.7141099,-1.2084774,-0.036554307,0.6324982,-1.1623366,0.023282615,0.72707593,-1.0583274,-0.00449798,0.651652,-1.2203529,0.0,0.0,0.0,0.0,0.0,0.0,0.0,0.0,0.0,0.0,0.0,0.0,0.0,0.0,0.0,0.0,0.81826216,-1.9392791,3.0009112,0.77139527,50.0,50.0,50.0,50.0,50.0,50.0,50.0,50.0,50.0,50.0,50.0,50.0,0.0,0.0,0.0,0.0,1.0,1.0,1.0,1.0,1.0,1.0,1.0,1.0,1.0,1.0,1.0,1.0,0.5,0.5,0.5,0.5
1788527470.0976415,357,4.861465000431053,3.749237999727484,4.561455998555175,0.995999,5.563759,9041430,1,0,0.0,0.0,0.0,0.004988432,0.65191364,-1.2507039,-0.097365096,0.6782391,-1.3599244,0.058029503,0.7343624,-1.2425212,-0.008555949,0.6352034,-1.2519994,-5.391641,-7.598418,-2.334155,-0.9370593,0.26353562,2.3834472,0.39227042,0.40305448,-1.8563759,-0.2547736,0.34492162,0.7557271,0.11121068,0.31779295,-0.34879714,-0.9301258,0.64333695,-1.782741,3.2825687,0.3100419,0.44528908,0.8411016,1.4698663,2.7459493,-0.59371877,10.620969,-2.0780158,-0.9895313,9.862329,-0.049476564,1.0390079,2.2759218,0.12369141,-0.074214846,-0.22264454,0.17316797,0.99978685,-0.0014960074,0.020152444,0.0042460756,-0.18961705,-0.0745685,-0.68283445,0.08499416,2.4121583,11.901577,-0.0028225372,0.040319923,0.008437001,30.615234375,2.5294501781463623,-0.43297213,-0.4955999,-0.29530647,-0.059867024,-0.115229435,0.40993822,1.150216,0.032900304,0.15483376,-0.83343935,0.6320592,-0.113182515,0.40075624,0.9115013,0.41572037,0.12943822,-0.028807359,0.77248454,-1.0124459,-0.10824303,0.5461,-1.3738266,0.10018906,0.8978753,-1.1960698,0.03870844,0.46164018,-1.1419852,0.0,0.0,0.0,0.0,0.0,0.0,0.0,0.0,0.0,0.0,0.0,0.0,0.0,0.0,0.0,0.0,0.32900304,-0.59867024,1.2943822,-1.1318252,50.0,50.0,50.0,50.0,50.0,50.0,50.0,50.0,50.0,50.0,50.0,50.0,0.0,0.0,0.0,0.0,1.0,1.0,1.0,1.0,1.0,1.0,1.0,1.0,1.0,1.0,1.0,1.0,0.5,0.5,0.5,0.5
1788527470.117783,358,5.004156999348197,3.8406650000979425,4.6845950000715675,1.036897,5.728372,9041450,1,0,0.0,0.0,0.0,0.0048673153,0.65721226,-1.2365024,-0.09718343,0.6769675,-1.3686128,0.0666586,0.74256766,-1.2486188,-0.0053162575,0.6281185,-1.2477185,-5.388492,-7.616252,-2.298428,-0.944447,-0.25190905,-0.4185566,1.9431541,-0.5348223,0.22478038,-1.963374,1.6703508,1.1781592,-1.4922452,0.6200838,-0.6200838,0.95641196,-0.46893838,0.23253144,1.1277775,-1.2517942,-1.5585117,6.3577385,9.625254,-0.049476564,-7.124625,1.7069415,0.074214846,6.901981,4.4570136,1.6822032,-8.237848,4.409599,0.4205508,-0.4205508,0.12369141,0.074214846,0.9997928,-0.0042486414,0.019699108,-0.0028699038,-0.20985708,0.12676646,-0.6679207,-0.33518824,0.5662287,12.269087,-0.0086153755,0.03937584,-0.005910623,30.500139236450195,6.2894439697265625,-0.36718607,-0.4679984,-0.62637943,0.022096604,-0.14615765,0.2071259,1.732521,0.028177537,0.18402949,-0.9537804,0.8410306,-0.21576923,0.32038975,0.9850832,0.02506562,-0.10171853,-0.036539413,0.7217815,-0.8668697,-0.09179652,0.55300045,-1.4565948,0.08009744,0.91627085,-1.2937336,0.046007372,0.4315549,-1.0897423,0.0,0.0,0.0,0.0,0.0,0.0,0.0,0.0,0.0,0.0,0.0,0.0,0.0,0.0,0.0,0.0,0.28177536,0.22096604,-1.0171853,-2.1576924,50.0,50.0,50.0,50.0,50.0,50.0,50.0,50.0,50.0,50.0,50.0,50.0,0.0,0.0,0.0,0.0,1.0,1.0,1.0,1.0,1.0,1.0,1.0,1.0,1.0,1.0,1.0,1.0,0.5,0.5,0.5,0.5
1788527470.1376407,359,4.8581039991404396,3.774838000026648,4.557903001114028,1.018208,5.582704,9041470,1,0,0.0,0.0,0.0,-0.0014909506,0.65115666,-1.2101688,-0.10021118,0.6804191,-1.3927348,0.07295632,0.75461805,-1.2746364,0.00046676397,0.61631024,-1.2292833,-5.411321,-7.5956936,-2.298761,-0.94141924,-0.64721245,-0.038755238,1.6358081,0.41080552,-0.25190905,-1.465959,0.18990067,0.902997,-1.7915031,0.038755238,-0.9495033,0.74207854,-1.3293047,1.22079,-0.6820922,0.7208474,-1.2121758,3.6365275,16.595264,0.049476564,-6.308262,-1.3276211,0.2721211,7.4956994,0.61639553,2.4243517,-8.78209,7.017426,0.8411016,-0.5442422,-0.12369141,-1.4842969,0.99977714,-0.0043532923,0.020041844,-0.00501959,0.16192017,0.09800432,0.13528857,-0.48003745,-2.5318682,10.898406,-0.008913109,0.04004175,-0.010219809,30.455873489379883,7.519987106323242,-0.2627094,0.26306158,-0.4664993,-0.060440596,-0.0866401,-0.51119053,1.4911809,-0.0984624,-0.04623858,-0.28025132,0.773396,-0.09684004,0.059389867,0.3743527,0.06950821,0.16096315,-0.021660024,0.54220235,-0.9272047,-0.06567735,0.7357654,-1.4166248,0.014847467,0.7635882,-1.2826229,-0.011559645,0.5999372,-1.106651,0.0,0.0,0.0,0.0,0.0,0.0,0.0,0.0,0.0,0.0,0.0,0.0,0.0,0.0,0.0,0.0,-0.984624,-0.60440594,1.6096315,-0.96840036,50.0,50.0,50.0,50.0,50.0,50.0,50.0,50.0,50.0,50.0,50.0,50.0,0.0,0.0,0.0,0.0,1.0,1.0,1.0,1.0,1.0,1.0,1.0,1.0,1.0,1.0,1.0,1.0,0.5,0.5,0.5,0.5
1788527470.157833,360,5.054878998635104,3.73694999871077,4.660947000957094,1.012128,5.682259,9041490,1,0,0.0,0.0,0.0,-0.011391759,0.63165796,-1.1980842,-0.101876445,0.683023,-1.4221804,0.07507576,0.7704532,-1.2928187,-0.0048318505,0.6163405,-1.225271,-5.4325156,-7.572895,-2.305119,-0.9261594,-0.16664752,-1.9648906,0.036396224,-0.41080552,1.3409312,-0.6773742,-0.4573118,-0.24803352,-0.4650629,-0.2945398,0.43405867,-0.31745595,-0.8991215,1.4300683,0.162772,0.75960267,-0.32159767,-3.0180705,13.987437,2.2264454,1.3853438,0.52156544,-2.6717343,-0.12369141,0.80605567,0.049476564,-1.2616524,6.6855206,0.024738282,-0.9400547,0.6926719,-0.7668867,0.99978703,-0.0031207905,0.020399287,0.00042133353,-0.14381069,-0.18855178,0.8213188,-0.33159694,1.5239093,9.903615,-0.006228286,0.04080384,0.00071575964,30.606380462646484,2.97381329536438,0.026145572,0.5806416,0.67316246,-0.29344332,0.18129314,-0.49332482,0.17455795,0.011586234,-0.25013843,0.46488637,1.0378327,0.07444537,-0.12771294,-0.2963936,0.33072987,0.329461,0.045323286,0.5466688,-1.2563604,0.006536393,0.8151604,-1.1317093,-0.031928234,0.5959016,-1.2173175,-0.06253461,0.7862216,-1.0405418,0.0,0.0,0.0,0.0,0.0,0.0,0.0,0.0,0.0,0.0,0.0,0.0,0.0,0.0,0.0,0.0,0.11586234,-2.9344332,3.29461,0.74445367,50.0,50.0,50.0,50.0,50.0,50.0,50.0,50.0,50.0,50.0,50.0,50.0,0.0,0.0,0.0,0.0,1.0,1.0,1.0,1.0,1.0,1.0,1.0,1.0,1.0,1.0,1.0,1.0,0.5,0.5,0.5,0.5
1788527470.1781664,361,5.378793001000304,3.875161999530974,4.82360800015158,1.055521,5.888249,9041510,1,0,0.0,0.0,0.0,-0.0049426556,0.6316277,-1.2007539,-0.10111951,0.69068325,-1.4035083,0.08540039,0.76927245,-1.2884587,-0.008737624,0.630026,-1.2242441,-5.4317284,-7.5734396,-2.2889209,-0.9271888,1.449446,0.034879714,-2.5740218,0.48056495,0.2092783,4.9761724,-0.32941952,-1.3215537,1.0656006,0.077510476,-0.07363495,-0.026286162,0.9882586,-1.4920766,0.7828558,0.25190905,1.1874375,-4.477629,-0.23707521,4.9229183,6.1845703,8.819198,-5.7392817,-7.743082,2.2759218,-2.9438555,8.262587,10.194234,-0.44528908,-0.64319533,1.2863907,0.17316797,0.99973875,-0.0038021829,0.021059094,0.008031579,-0.27803397,0.15552859,0.7147924,1.5358804,1.3587095,7.013814,-0.0072706346,0.042180765,0.015913647,30.429311752319336,8.477076530456543,0.05056651,0.02916501,1.0895238,-0.46422836,0.21393496,-0.38369673,-0.07212944,0.17494145,-0.27430055,0.44467625,0.47572237,0.24250846,-0.16657707,-0.37198284,0.56800526,0.34841424,0.05348374,0.5740758,-1.3180323,0.012641627,0.6772913,-1.027619,-0.041644268,0.5770043,-1.1579987,-0.06857514,0.78116906,-1.1810694,0.0,0.0,0.0,0.0,0.0,0.0,0.0,0.0,0.0,0.0,0.0,0.0,0.0,0.0,0.0,0.0,1.7494144,-4.6422834,3.4841423,2.4250846,50.0,50.0,50.0,50.0,50.0,50.0,50.0,50.0,50.0,50.0,50.0,50.0,0.0,0.0,0.0,0.0,1.0,1.0,1.0,1.0,1.0,1.0,1.0,1.0,1.0,1.0,1.0,1.0,0.5,0.5,0.5,0.5
1788527470.1977837,362,5.010716999095166,3.752149999854737,4.54926299971703,0.994559,5.549646,9041530,1,0,0.0,0.0,0.0,-0.0050940514,0.6403173,-1.2516359,-0.09152153,0.67200196,-1.3521208,0.07549964,0.7578881,-1.2568175,-0.013672888,0.63166094,-1.2344174,-5.410716,-7.6260624,-2.263215,-0.9469903,0.08526152,-0.15114543,-2.9076538,0.8991215,-1.0890222,3.89844,-0.9572544,-1.4106907,1.2152295,-0.54257333,0.62783486,-1.3507043,1.1200264,-4.406471,3.0461617,-1.1626571,2.9191172,-3.1665,-0.61639553,4.477629,1.2121758,13.750361,-5.0466094,-7.91625,4.788919,-2.2511837,7.0751486,3.9828634,0.34633595,-0.024738282,0.074214846,1.7069415,0.99972063,-0.0014968863,0.02110475,0.010542893,0.19920443,0.18748651,-0.059654802,2.60968,-0.1316811,6.793547,-0.0025502031,0.04224183,0.02103703,30.43816375732422,8.032713890075684,-0.21476538,-0.46844253,0.93544334,-0.28366545,0.07967085,0.24588832,0.2842735,0.20646119,0.07356063,-0.039183687,0.18882021,0.14272334,0.062216043,0.2978607,0.8343318,0.31066683,0.019917712,0.7314721,-1.2289315,-0.053691346,0.5528894,-1.0661391,0.015554011,0.7444652,-1.091417,0.018390158,0.6602041,-1.2527949,0.0,0.0,0.0,0.0,0.0,0.0,0.0,0.0,0.0,0.0,0.0,0.0,0.0,0.0,0.0,0.0,2.064612,-2.8366544,3.1066682,1.4272333,50.0,50.0,50.0,50.0,50.0,50.0,50.0,50.0,50.0,50.0,50.0,50.0,0.0,0.0,0.0,0.0,1.0,1.0,1.0,1.0,1.0,1.0,1.0,1.0,1.0,1.0,1.0,1.0,0.5,0.5,0.5,0.5
1788527470.217692,363,4.922938998788595,3.8416250008594943,4.636146000848385,1.043873,5.685715,9041550,1,0,0.0,0.0,0.0,-0.0060931444,0.6535486,-1.2737991,-0.09576039,0.6662493,-1.341284,0.061541706,0.74968284,-1.2530104,-0.016670346,0.63408315,-1.2491876,-5.3844347,-7.691037,-2.210441,-0.94805,0.12014124,1.6354711,0.14356288,-0.740225,0.52319574,-0.36396223,-0.7285985,0.22090487,0.13951886,0.651088,0.10463915,-0.89979553,1.302176,-2.0385253,4.1623125,0.48444048,1.1132227,2.721211,1.8017715,2.9191172,-6.580383,14.793492,-1.6079884,-0.44528908,8.676952,1.1874375,1.0637461,0.52156544,0.4205508,-0.32159767,-0.4205508,0.47002736,0.9997486,0.0033432022,0.021422688,0.0057347757,0.8074703,-0.058589537,-0.7936219,1.0989386,-2.1033063,9.00579,0.006936841,0.042809334,0.011620817,30.588674545288086,3.6574482917785645,-0.47358668,-0.70917916,-0.42345265,0.060145043,-0.113482,0.51447034,1.2051411,-0.008553809,0.14749773,-0.7687532,0.32517222,-0.015398571,0.49518847,0.82588804,0.66242385,-0.021534774,-0.0283705,0.7986176,-0.9987147,-0.11839667,0.49270523,-1.4058632,0.12379712,0.876472,-1.1343939,0.036874432,0.47781172,-1.2187068,0.0,0.0,0.0,0.0,0.0,0.0,0.0,0.0,0.0,0.0,0.0,0.0,0.0,0.0,0.0,0.0,-0.08553809,0.60145044,-0.21534774,-0.15398571,50.0,50.0,50.0,50.0,50.0,50.0,50.0,50.0,50.0,50.0,50.0,50.0,0.0,0.0,0.0,0.0,1.0,1.0,1.0,1.0,1.0,1.0,1.0,1.0,1.0,1.0,1.0,1.0,0.5,0.5,0.5,0.5
1788527470.23763,364,4.857560999880661,3.7735909991170047,4.56958399990981,1.00624,5.582064,9041570,1,0,0.0,0.0,0.0,-0.0014001131,0.6564553,-1.2532789,-0.103723384,0.66770256,-1.3505726,0.06968635,0.75231695,-1.2559644,-0.02199918,0.6235466,-1.2529472,-5.3713245,-7.708871,-2.1707473,-0.94829226,0.5503244,-0.4921915,2.0341444,-0.6665901,0.14339438,-2.6488364,1.0231383,0.740225,-0.6187358,0.58520406,-0.7208474,0.42462263,-0.3100419,0.62783486,0.48831603,-0.2596601,-2.1274922,8.114157,11.095119,-0.14842969,-9.202641,-0.04741504,1.8306329,5.788758,7.207086,2.3501368,-7.124625,1.3276211,0.12369141,-0.049476564,-0.2721211,0.049476564,0.9997853,0.0040673367,0.02022888,-0.0019153758,-0.46658576,-0.2631203,-0.74994606,0.40222588,-0.40222588,9.129091,0.008062124,0.040475704,-0.0036683865,30.47357940673828,7.109805583953857,-0.3700875,-0.58273923,-0.6921696,0.12270116,-0.14362408,0.47401416,1.3939396,0.013486065,0.14514427,-1.0275131,0.78174776,-0.21202883,0.4387749,0.96945345,0.27198347,-0.15934892,-0.03590602,0.7885035,-0.9515151,-0.092521876,0.52431524,-1.4730424,0.10969373,0.9123634,-1.232004,0.036286067,0.41312173,-1.104563,0.0,0.0,0.0,0.0,0.0,0.0,0.0,0.0,0.0,0.0,0.0,0.0,0.0,0.0,0.0,0.0,0.13486065,1.2270116,-1.5934892,-2.1202884,50.0,50.0,50.0,50.0,50.0,50.0,50.0,50.0,50.0,50.0,50.0,50.0,0.0,0.0,0.0,0.0,1.0,1.0,1.0,1.0,1.0,1.0,1.0,1.0,1.0,1.0,1.0,1.0,0.5,0.5,0.5,0.5
1788527470.257551,365,4.777909998665564,3.728214000148,4.506093999225413,0.998879,5.510445,9041590,1,0,0.0,0.0,0.0,0.0069867373,0.6484318,-1.2291094,-0.100604795,0.6707909,-1.3959258,0.076741025,0.75952303,-1.2661219,-0.0118864775,0.61431193,-1.2347965,-5.398756,-7.675535,-2.1872487,-0.9330627,-0.08913705,0.019377619,0.83913517,0.49606705,-0.5890796,-2.6629906,0.6317104,0.60070616,-1.2071414,0.5813286,-0.6162083,2.264654,-1.4455703,1.9532641,-2.1276627,1.457197,-2.2264454,7.2235785,13.987437,-0.074214846,-7.025672,-1.1379609,1.0390079,7.3472695,2.8923175,1.8801094,-9.994266,4.2673535,0.791625,-0.37107423,0.34633595,-1.7069415,0.99980545,-0.00016076489,0.019210843,-0.004470744,-0.42184466,0.011717907,0.0447411,0.50158525,3.1675289,8.402451,-0.0004936051,0.03842223,-0.008952652,30.447019577026367,7.964349746704102,-0.30997533,0.21868312,-0.4950788,0.046130806,-0.08509546,-0.14621171,1.0614982,-0.21359265,0.013151667,-0.44699678,0.9487454,-0.17997932,0.10815521,0.47843778,0.24199875,0.061989617,-0.021273864,0.6334471,-1.0346254,-0.07749383,0.72467077,-1.4237697,0.027038803,0.78960943,-1.2395003,0.0032879168,0.55825084,-1.0628136,0.0,0.0,0.0,0.0,0.0,0.0,0.0,0.0,0.0,0.0,0.0,0.0,0.0,0.0,0.0,0.0,-2.1359265,0.46130806,0.6198962,-1.7997932,50.0,50.0,50.0,50.0,50.0,50.0,50.0,50.0,50.0,50.0,50.0,50.0,0.0,0.0,0.0,0.0,1.0,1.0,1.0,1.0,1.0,1.0,1.0,1.0,1.0,1.0,1.0,1.0,0.5,0.5,0.5,0.5
1788527470.2775183,366,4.737269000543165,3.6998290015617386,4.454219999388442,1.01648,5.476364,9041610,1,0,0.0,0.0,0.0,0.002112031,0.6376529,-1.2207212,-0.09688065,0.6721231,-1.4171411,0.0770438,0.7681521,-1.2753156,-0.004771292,0.6041084,-1.2175462,-5.423281,-7.6391115,-2.221765,-0.91314006,-0.24028248,-0.5503244,-0.088968545,0.17439857,1.6664752,0.09099056,-1.4261928,0.06975943,-0.04044025,-0.065883905,-0.7285985,0.3720503,-1.8369983,0.97275645,-1.0696446,1.1200264,-1.0390079,0.32159767,9.577838,0.86583984,1.1132227,-0.33190528,-1.2121758,1.0390079,1.5172813,0.44528908,-1.6327267,8.297632,-0.049476564,-0.24738282,0.791625,-1.4100821,0.9997902,-0.0027790435,0.020298447,0.00022801479,-0.33449298,0.36964673,0.7808387,0.6512229,0.090979666,7.679402,-0.0055522667,0.0406008,0.0003433964,30.615234375,2.4952683448791504,0.0036816727,0.26745537,0.74636626,-0.052301124,0.17665176,-0.6311629,0.09909685,-0.31118923,-0.26449317,0.46047103,0.9977114,0.062998265,-0.1611869,-0.31074548,0.092870325,0.28241068,0.04416294,0.5122093,-1.2752258,0.0009204182,0.73686385,-1.1134083,-0.040296726,0.59231365,-1.2767824,-0.06612329,0.78511775,-1.0505722,0.0,0.0,0.0,0.0,0.0,0.0,0.0,0.0,0.0,0.0,0.0,0.0,0.0,0.0,0.0,0.0,-3.1118922,-0.5230112,2.8241067,0.62998265,50.0,50.0,50.0,50.0,50.0,50.0,50.0,50.0,50.0,50.0,50.0,50.0,0.0,0.0,0.0,0.0,1.0,1.0,1.0,1.0,1.0,1.0,1.0,1.0,1.0,1.0,1.0,1.0,0.5,0.5,0.5,0.5
1788527470.2975404,367,4.766070000187028,3.682675998788909,4.492333999223774,1.000383,5.498509,9041630,1,0,0.0,0.0,0.0,0.00032567978,0.6311432,-1.2267083,-0.10051396,0.6602846,-1.3978214,0.07628685,0.75461805,-1.2703712,-0.013703167,0.6146147,-1.2160614,-5.4514694,-7.6357203,-2.2234302,-0.91301894,0.7363495,0.11239019,-2.3414905,0.0,-0.39917895,3.8478897,-0.21702933,-1.147155,-0.2567956,-0.97275645,0.6239593,-0.3093679,-0.86811733,-0.51544464,0.32166848,0.28291324,1.6079884,-6.382477,0.09483008,5.2197776,4.4034142,11.000289,-5.7640195,-7.3225317,0.0,-1.9048477,8.386277,9.483008,-1.2121758,0.0,1.2121758,0.074214846,0.99969727,-0.0017473965,0.023203826,0.007990501,0.18855178,0.41438782,0.84049356,0.23343466,0.6787562,6.658275,-0.0031262904,0.046438217,0.0159129,30.429311752319336,8.545439720153809,0.0814172,0.2079947,1.1575459,-0.14933889,0.15984198,-0.45925564,0.02551057,-0.009482112,-0.272324,0.5801995,0.35106945,0.22236367,-0.22500387,-0.39783254,0.4841878,0.3046573,0.039960496,0.5551861,-1.2936223,0.0203543,0.7219987,-1.0106134,-0.056250967,0.57054186,-1.178953,-0.068081,0.8150499,-1.2122326,0.0,0.0,0.0,0.0,0.0,0.0,0.0,0.0,0.0,0.0,0.0,0.0,0.0,0.0,0.0,0.0,-0.09482112,-1.4933889,3.0465732,2.2236366,50.0,50.0,50.0,50.0,50.0,50.0,50.0,50.0,50.0,50.0,50.0,50.0,0.0,0.0,0.0,0.0,1.0,1.0,1.0,1.0,1.0,1.0,1.0,1.0,1.0,1.0,1.0,1.0,0.5,0.5,0.5,0.5
1788527470.317603,368,4.8290480008290615,3.6922770013916306,4.5148940007493366,0.995103,5.516717,9041650,1,0,0.0,0.0,0.0,-0.002157092,0.64488924,-1.2688389,-0.09491262,0.6378792,-1.3514574,0.063237235,0.74371815,-1.2659007,-0.019607246,0.618248,-1.2317477,-5.4486837,-7.6539173,-2.2001166,-0.93424344,-0.3759258,0.32941952,-1.8804715,0.44180974,-0.08913705,2.3212702,-1.0037607,-0.77122927,1.3871006,-0.5386978,0.984383,-2.0442548,0.45343632,-0.8448642,2.7903771,-1.302176,2.5975196,-4.89818,0.23707521,5.541375,4.4281526,17.069414,-5.1455626,-8.312063,2.7026572,-1.7811563,9.252117,2.9871476,-0.34633595,-0.2721211,0.14842969,1.6327267,0.9996361,0.0013179063,0.024585372,0.011020635,0.4239752,-0.10013484,0.009587379,0.6775591,-1.6711528,7.837419,0.0031805919,0.04914358,0.02212657,30.402751922607422,8.921439170837402,-0.16828133,-0.3374713,0.7808646,-0.22038394,0.05878053,0.0973471,0.32885408,0.084825136,-0.03918511,-0.07504505,0.24941643,0.07867508,0.064318165,0.23832266,0.86078125,0.31392568,0.014695132,0.6943368,-1.2177864,-0.042070333,0.5856322,-1.1047838,0.016079541,0.7295807,-1.0848047,-0.009796278,0.65123874,-1.2376459,0.0,0.0,0.0,0.0,0.0,0.0,0.0,0.0,0.0,0.0,0.0,0.0,0.0,0.0,0.0,0.0,0.84825134,-2.2038393,3.139257,0.7867508,50.0,50.0,50.0,50.0,50.0,50.0,50.0,50.0,50.0,50.0,50.0,50.0,0.0,0.0,0.0,0.0,1.0,1.0,1.0,1.0,1.0,1.0,1.0,1.0,1.0,1.0,1.0,1.0,0.5,0.5,0.5,0.5
1788527470.3375964,369,4.813143999854219,3.711284000019077,4.5112140014680335,0.877212,5.395178,9041670,1,0,0.0,0.0,0.0,-0.0053060055,0.6608758,-1.2856468,-0.10054424,0.62876564,-1.3540164,0.04961236,0.74241626,-1.2564857,-0.023664474,0.63435566,-1.2589974,-5.440176,-7.6746273,-2.1342936,-0.9368776,-0.21315381,1.3099271,0.9018175,-0.5619509,-0.10851467,-0.42664462,-0.2945398,-0.10851467,0.20624527,0.58520406,0.68984324,-1.3850785,0.60070616,-1.3331802,3.6778722,0.26353562,1.311129,0.24738282,2.0862617,3.5375743,-2.4243517,13.371041,-1.311129,-0.56898046,9.388178,0.12369141,0.14842969,2.1336768,0.074214846,-0.4205508,-0.32159767,0.22264454,0.99973786,0.004538651,0.021566408,0.0062295618,0.43569311,-0.38988674,-0.76379454,-0.15682021,-2.1404164,11.774684,0.009352431,0.04307828,0.012663709,30.606380462646484,2.7345407009124756,-0.40889448,-0.46163076,-0.49373868,-0.079060115,-0.14894749,0.41217467,1.2214335,0.035232894,0.047145806,-0.82113373,0.54331064,-0.16720346,0.43115216,0.880568,0.6758279,0.0868765,-0.037236873,0.7730437,-0.99464154,-0.10222362,0.5545923,-1.4234346,0.10778804,0.890142,-1.131043,0.011786452,0.46471658,-1.1641723,0.0,0.0,0.0,0.0,0.0,0.0,0.0,0.0,0.0,0.0,0.0,0.0,0.0,0.0,0.0,0.0,0.35232896,-0.79060113,0.868765,-1.6720345,50.0,50.0,50.0,50.0,50.0,50.0,50.0,50.0,50.0,50.0,50.0,50.0,0.0,0.0,0.0,0.0,1.0,1.0,1.0,1.0,1.0,1.0,1.0,1.0,1.0,1.0,1.0,1.0,0.5,0.5,0.5,0.5
1788527470.357521,370,4.7504859994660364,3.7177490012254566,4.477484999370063,0.939901,5.422826,9041690,1,0,0.0,0.0,0.0,-0.0056995153,0.66783965,-1.2565014,-0.0968201,0.633822,-1.362689,0.057333127,0.7516812,-1.2603401,-0.02199918,0.6364751,-1.2581286,-5.4350286,-7.679805,-2.1006851,-0.9478986,-0.51544464,-0.6355859,2.434503,-0.24415801,0.10851467,-2.5517797,2.4377046,1.1665326,-0.5014591,0.732474,-1.0192627,0.77038676,-0.27128667,0.5580754,0.8254866,-1.2672963,-1.2863907,6.407215,10.810629,-0.074214846,-4.3291993,-0.04741504,0.2721211,6.1350937,7.301916,1.0390079,-8.138895,4.1251087,0.32159767,-0.7668867,0.024738282,-0.074214846,0.9998157,0.0018699558,0.01900373,-0.0020327747,-0.61359227,-0.027696872,-0.85540724,-0.25857377,1.5765818,10.949882,0.0036646172,0.038017213,-0.003996626,30.500139236450195,6.186898231506348,-0.3971204,-0.40185013,-0.79559684,-0.0631024,-0.21222329,0.38688782,1.7755678,0.1646547,0.14318633,-1.1245215,0.9667654,-0.3704257,0.38561493,1.1116924,0.01602495,-0.14462174,-0.053055823,0.76672196,-0.856108,-0.0992801,0.56953746,-1.4988992,0.09640373,0.9479231,-1.2959937,0.035796583,0.38886964,-1.0583086,0.0,0.0,0.0,0.0,0.0,0.0,0.0,0.0,0.0,0.0,0.0,0.0,0.0,0.0,0.0,0.0,1.6465471,-0.631024,-1.4462174,-3.704257,50.0,50.0,50.0,50.0,50.0,50.0,50.0,50.0,50.0,50.0,50.0,50.0,0.0,0.0,0.0,0.0,1.0,1.0,1.0,1.0,1.0,1.0,1.0,1.0,1.0,1.0,1.0,1.0,0.5,0.5,0.5,0.5
1788527470.3775327,371,4.750389000037103,3.7154770016059047,4.473101000257884,1.012128,5.490541,9041710,1,0,0.0,0.0,0.0,-0.0029443502,0.6538211,-1.2211478,-0.09697149,0.6413914,-1.4119914,0.0686872,0.75749445,-1.2765005,-0.009282649,0.6228199,-1.2378769,-5.4527106,-7.6714783,-2.1131291,-0.9485042,-0.18602514,-0.24028248,1.8359873,0.28291324,-0.2092783,-2.9925783,0.25190905,0.7673537,-1.7692609,0.6084572,-1.0076362,1.5771697,-0.8293621,-0.12789229,-1.7594877,0.4224321,-2.3996134,6.060879,17.78064,-0.4205508,-3.4386213,-1.3276211,1.0884844,9.177902,0.99571586,1.7811563,-11.23118,8.013142,1.1874375,-0.24738282,0.22264454,-2.1027539,0.9997884,-0.0020330218,0.019508693,-0.006211141,-0.12996225,0.14274542,-0.07669903,0.8535329,1.1971009,9.320627,-0.0043108156,0.038993757,-0.012508812,30.38504409790039,9.536711692810059,-0.33406892,0.1966111,-0.61343306,-0.17048886,-0.11356248,-0.33382142,1.5199587,-0.07906932,0.058980107,-0.54727757,0.95015144,-0.21650153,0.108942546,0.58510995,-0.099143,0.070512235,-0.02839062,0.58654463,-0.92001027,-0.08351723,0.7191528,-1.4533582,0.027235636,0.8162775,-1.3247857,0.014745027,0.5331806,-1.0624621,0.0,0.0,0.0,0.0,0.0,0.0,0.0,0.0,0.0,0.0,0.0,0.0,0.0,0.0,0.0,0.0,-0.79069316,-1.7048886,0.70512235,-2.1650152,50.0,50.0,50.0,50.0,50.0,50.0,50.0,50.0,50.0,50.0,50.0,50.0,0.0,0.0,0.0,0.0,1.0,1.0,1.0,1.0,1.0,1.0,1.0,1.0,1.0,1.0,1.0,1.0,0.5,0.5,0.5,0.5
1788527470.3975575,372,4.77589500042086,3.680116000396083,4.5099979997758055,0.998528,5.514126,9041730,1,0,0.0,0.0,0.0,-0.009756684,0.63326263,-1.2099793,-0.09954508,0.6459936,-1.438625,0.07098828,0.77838594,-1.3002748,-0.0051648617,0.61294943,-1.2232963,-5.464549,-7.6747484,-2.136231,-0.94278175,-0.2751622,-2.0772808,-0.14356288,-0.40693003,1.0541425,0.113232695,-0.52707124,0.86036634,-1.0797547,0.12401676,-0.53094673,-0.06268239,-0.8332376,-0.64333695,-0.65883905,0.53094673,-0.59371877,-0.074214846,15.077983,1.2863907,3.0428088,-0.80605567,-1.9295859,1.0637461,-0.28449023,0.96479297,-3.587051,8.819198,0.049476564,-0.47002736,0.6679336,-1.2616524,0.9997686,-0.0028829398,0.02128059,-0.0013436729,-0.28549084,0.3163835,0.92358416,0.7338228,-0.18794483,10.341754,-0.005827041,0.04255643,-0.0028119746,30.588674545288086,3.3498125076293945,0.020154515,0.43782496,0.74426985,-0.53569233,0.13645504,-0.5786978,0.24703339,-0.054041676,-0.24535453,0.5419228,1.0253344,0.026827645,-0.15920278,-0.2616361,0.0048129,0.27075672,0.03411376,0.52532554,-1.2382416,0.005038629,0.77945626,-1.1139325,-0.039800696,0.604591,-1.2987968,-0.061338633,0.8054807,-1.0436664,0.0,0.0,0.0,0.0,0.0,0.0,0.0,0.0,0.0,0.0,0.0,0.0,0.0,0.0,0.0,0.0,-0.5404168,-5.356923,2.7075672,0.26827645,50.0,50.0,50.0,50.0,50.0,50.0,50.0,50.0,50.0,50.0,50.0,50.0,0.0,0.0,0.0,0.0,1.0,1.0,1.0,1.0,1.0,1.0,1.0,1.0,1.0,1.0,1.0,1.0,0.5,0.5,0.5,0.5
1788527470.417996,373,5.20323599994299,3.817655999228009,4.740692998893792,0.95443,5.703987,9041750,1,0,0.0,0.0,0.0,-0.00697124,0.62548137,-1.2091421,-0.10617586,0.6443586,-1.4201267,0.084582895,0.77817404,-1.3120594,-0.009191811,0.6251513,-1.2170881,-5.469969,-7.6984253,-2.1297216,-0.9459003,1.5308319,-0.23640695,-2.264654,-0.162772,0.1472699,4.407987,0.2596601,-1.0308893,-0.070770435,-0.64333695,1.2401676,0.113232695,0.4999426,-2.8252568,0.9417523,0.23640695,0.5442422,-5.1208243,1.2327911,5.8629727,6.9761953,11.18995,-6.7040744,-7.965727,0.52156544,-2.2264454,8.584184,9.814914,-0.56898046,-1.0637461,0.791625,0.024738282,0.9996695,-0.004736086,0.02401258,0.007866348,-0.24927185,0.3824299,0.9576726,-0.15801731,0.7398083,6.7648168,-0.009101911,0.04810235,0.015518617,30.38504409790039,9.639256477355957,0.08698571,-0.09944916,1.4120198,-0.6423089,0.2007705,-0.49033278,-0.13689566,0.22741926,-0.22764982,0.572153,0.24666794,0.27479956,-0.23329812,-0.41296273,0.31676486,0.33850107,0.050192624,0.5474168,-1.3342239,0.021746427,0.6451377,-0.946995,-0.05832453,0.56675935,-1.2208087,-0.056912456,0.81303823,-1.238333,0.0,0.0,0.0,0.0,0.0,0.0,0.0,0.0,0.0,0.0,0.0,0.0,0.0,0.0,0.0,0.0,2.2741926,-6.423089,3.3850107,2.7479956,50.0,50.0,50.0,50.0,50.0,50.0,50.0,50.0,50.0,50.0,50.0,50.0,0.0,0.0,0.0,0.0,1.0,1.0,1.0,1.0,1.0,1.0,1.0,1.0,1.0,1.0,1.0,1.0,0.5,0.5,0.5,0.5
1788527470.4378395,374,5.065662999186316,3.807191998930648,4.696371999671101,0.975646,5.67877,9041770,1,0,0.0,0.0,0.0,-0.006002307,0.63541245,-1.2522204,-0.10411698,0.6207421,-1.3511729,0.07244161,0.7662749,-1.2831352,-0.012704015,0.6306315,-1.2324902,-5.4478664,-7.7792053,-2.0961132,-0.9674579,-0.34492162,0.3100419,-2.4951634,0.26353562,-0.3100419,4.559638,-1.6005913,-1.7091061,3.3181226,-0.48831603,1.2672963,-2.450679,1.5153297,-5.2629614,1.6315955,-1.2401676,3.2901914,-4.823965,-1.5172813,6.159832,1.3853438,18.728941,-4.997133,-8.658399,-0.28449023,-1.7069415,8.06468,2.1336768,0.32159767,-0.4205508,0.96479297,1.8306329,0.99965507,-0.0018186978,0.023218736,0.0121423695,0.35366777,-0.31212243,0.08735167,0.14724341,-3.265691,2.2720973,-0.0030756062,0.046482358,0.024220433,30.340776443481445,10.938162803649902,-0.16152374,-0.57676744,1.1097025,-0.5696796,0.110361665,0.14581937,-0.06581782,0.28867027,0.016275827,-0.066214845,0.14487107,0.106126636,-0.010491086,0.13070911,0.94672483,0.34528384,0.027590416,0.7064549,-1.3164544,-0.040380936,0.52580816,-1.0225743,-0.0026227715,0.7026773,-1.0633187,0.0040689567,0.6534463,-1.2637821,0.0,0.0,0.0,0.0,0.0,0.0,0.0,0.0,0.0,0.0,0.0,0.0,0.0,0.0,0.0,0.0,2.8867028,-5.6967964,3.4528384,1.0612664,50.0,50.0,50.0,50.0,50.0,50.0,50.0,50.0,50.0,50.0,50.0,50.0,0.0,0.0,0.0,0.0,1.0,1.0,1.0,1.0,1.0,1.0,1.0,1.0,1.0,1.0,1.0,1.0,0.5,0.5,0.5,0.5
1788527470.4571888,375,4.38061700151593,2.9046679992461577,3.914394999810611,1.084227,5.008926,9041790,1,0,0.0,0.0,0.0,-0.008363962,0.6517925,-1.2783012,-0.106115304,0.62110543,-1.337398,0.048310414,0.76379216,-1.2425528,-0.018244803,0.65170467,-1.2696605,-5.4099894,-7.8541727,-2.043703,-0.9671249,0.21702933,2.1935465,-0.19613521,-0.47668946,0.6704656,-0.48932698,-0.9301258,-0.3914279,-0.03437421,0.86036634,0.027128667,-1.6762483,2.2904346,-3.7321296,3.4724693,0.44568524,1.6079884,0.6679336,-1.6595265,3.7849572,-5.8382344,16.83234,-1.6822032,-2.7459493,10.194234,0.34633595,0.14842969,1.6595265,0.2721211,-0.9895313,-0.14842969,0.24738282,0.9997919,0.0030882908,0.018394066,0.008263083,0.36964673,-0.5645901,-0.7893609,1.2066777,0.31364042,16.14051,0.006483699,0.036737703,0.016648341,30.570966720581055,3.8967204093933105,-0.4957411,-0.68692774,-0.33794987,-0.2318193,-0.12048818,0.783447,0.8325612,0.13684934,0.10298294,-0.7642939,0.59795433,-0.11382957,0.44792905,0.88648975,0.94190156,0.053435463,-0.030122045,0.8658618,-1.0918597,-0.123935275,0.49826807,-1.3844874,0.11198226,0.8916224,-1.0645245,0.025745735,0.47892654,-1.1505114,0.0,0.0,0.0,0.0,0.0,0.0,0.0,0.0,0.0,0.0,0.0,0.0,0.0,0.0,0.0,0.0,1.3684934,-2.318193,0.5343546,-1.1382957,50.0,50.0,50.0,50.0,50.0,50.0,50.0,50.0,50.0,50.0,50.0,50.0,0.0,0.0,0.0,0.0,1.0,1.0,1.0,1.0,1.0,1.0,1.0,1.0,1.0,1.0,1.0,1.0,0.5,0.5,0.5,0.5
1788527470.4769347,376,4.153026999119902,2.9757090014754795,3.820183999778237,0.983519,4.810295,9041810,1,0,0.0,0.0,0.0,0.0016578436,0.6614511,-1.272172,-0.10820445,0.6289473,-1.3433061,0.056576192,0.77190655,-1.244638,-0.02202946,0.6496761,-1.2695183,-5.3780465,-7.8938065,-1.9977416,-0.9672157,0.7983579,0.33329505,2.9116979,-0.7208474,0.09301257,-2.6185062,2.2439284,1.1006488,-0.028308174,0.011626571,-1.0696446,2.3192482,1.228541,-0.5193202,1.1200264,-1.5889648,-2.6469963,10.563247,5.83205,-0.14842969,-6.9267187,0.90088576,0.59371877,5.516637,9.293348,2.4985664,-7.9409885,3.650958,0.074214846,-1.0390079,-0.22264454,0.17316797,0.99986655,0.0021569717,0.016195688,-1.5359454e-05,-0.18109493,0.24714132,-0.79575247,2.1571758,-1.2533646,9.143456,0.0043151467,0.032392785,3.917303e-05,30.455873489379883,7.554168701171875,-0.4521796,-0.72524357,-0.7737349,-0.04294341,-0.18577968,0.45047736,1.5681084,0.05066202,0.11822171,-1.0620812,0.50651395,-0.2891785,0.44961417,1.0600375,0.115857154,-0.13143198,-0.04644492,0.78261936,-0.9079728,-0.1130449,0.48868912,-1.4934337,0.11240354,0.93500936,-1.2710357,0.029555427,0.4044797,-1.1733714,0.0,0.0,0.0,0.0,0.0,0.0,0.0,0.0,0.0,0.0,0.0,0.0,0.0,0.0,0.0,0.0,0.50662017,-0.42943412,-1.3143198,-2.891785,50.0,50.0,50.0,50.0,50.0,50.0,50.0,50.0,50.0,50.0,50.0,50.0,0.0,0.0,0.0,0.0,1.0,1.0,1.0,1.0,1.0,1.0,1.0,1.0,1.0,1.0,1.0,1.0,0.5,0.5,0.5,0.5
1788527470.4968286,377,4.0576640003564535,2.986045999932685,3.778999000132899,0.962303,4.747222,9041830,1,0,0.0,0.0,0.0,0.017583847,0.6538211,-1.2458543,-0.11032388,0.6337009,-1.3886592,0.06568973,0.770211,-1.2562014,-0.0127645135,0.62590826,-1.2331536,-5.373444,-7.891323,-2.0107608,-0.9695168,0.0,-0.15889648,4.1309714,0.13564333,-0.5541999,-2.6912985,0.054257333,0.12014124,-2.0806508,-0.05813286,-1.9028822,0.88968545,-0.43018317,0.13564333,-1.8951312,0.41080552,-3.1912384,6.827766,13.228796,-0.34633595,-6.9761953,-2.0388467,2.4243517,8.48523,1.3276211,2.3253984,-9.722145,2.2285068,0.56898046,-0.2721211,0.4205508,-1.6822032,0.99983394,0.0003532778,0.017736431,-0.004162195,0.44634575,0.45593312,-0.0745685,4.256891,-4.119224,8.295909,0.00055914524,0.035477355,-0.008315804,30.38504409790039,9.605074882507324,-0.3747568,0.10127933,-0.80001026,-0.026127838,-0.14083664,-0.41778174,1.7482603,-0.26693094,0.0012264345,-0.49342,0.2378969,-0.22011319,0.16684821,0.5405786,0.043996256,0.034504645,-0.03520916,0.56555456,-0.8629349,-0.0936892,0.69531983,-1.5000025,0.041712053,0.80514467,-1.2890009,0.00030660862,0.54664505,-1.2405257,0.0,0.0,0.0,0.0,0.0,0.0,0.0,0.0,0.0,0.0,0.0,0.0,0.0,0.0,0.0,0.0,-2.6693094,-0.2612784,0.34504646,-2.2011318,50.0,50.0,50.0,50.0,50.0,50.0,50.0,50.0,50.0,50.0,50.0,50.0,0.0,0.0,0.0,0.0,1.0,1.0,1.0,1.0,1.0,1.0,1.0,1.0,1.0,1.0,1.0,1.0,0.5,0.5,0.5,0.5
1788527470.5171306,378,4.346921001342707,3.3035280011972645,4.062015999807045,1.029313,5.097377,9041850,1,0,0.0,0.0,0.0,0.006199479,0.6297505,-1.2183201,-0.1127158,0.63530564,-1.4242339,0.064841956,0.78068703,-1.2816503,-0.013309538,0.6137366,-1.226977,-5.4244013,-7.882452,-2.0370722,-0.9539239,0.18990067,-0.3720503,0.3073459,-0.023253143,0.0038755238,-0.44282073,0.065883905,0.8293621,-1.0918868,0.52707124,-0.5464489,-0.82902515,-2.7826262,0.26741114,-0.5619509,0.68984324,-2.4985664,-3.240715,18.207375,0.9400547,3.339668,-3.319053,-1.2616524,0.47002736,0.61639553,0.2721211,-2.9438555,0.14224511,0.074214846,-0.2721211,0.44528908,-1.3853438,0.99978167,-0.0002009883,0.020894734,-0.00031347907,-0.90547466,0.04900216,0.73609763,1.3611037,5.333084,6.420052,-0.0004153516,0.04179238,-0.0006357757,30.579822540283203,3.828357219696045,-0.080924675,0.49552003,0.4179507,-0.33382082,0.104648404,-0.51575744,0.30651006,-0.20099556,-0.20670468,0.3761684,1.0959682,-0.06471602,-0.07515104,-0.08865702,-0.103389405,0.31882787,0.026162101,0.5410607,-1.2233725,-0.020231169,0.79388005,-1.1955123,-0.01878776,0.64783573,-1.3258473,-0.05167617,0.76404214,-1.0260079,0.0,0.0,0.0,0.0,0.0,0.0,0.0,0.0,0.0,0.0,0.0,0.0,0.0,0.0,0.0,0.0,-2.0099556,-3.3382082,3.1882787,-0.6471602,50.0,50.0,50.0,50.0,50.0,50.0,50.0,50.0,50.0,50.0,50.0,50.0,0.0,0.0,0.0,0.0,1.0,1.0,1.0,1.0,1.0,1.0,1.0,1.0,1.0,1.0,1.0,1.0,0.5,0.5,0.5,0.5
1788527470.5381765,379,5.395080999733182,3.849017000902677,4.943772000842728,1.002144,5.95286,9041870,1,0,0.0,0.0,0.0,0.014949679,0.6310221,-1.2219377,-0.107023634,0.64269334,-1.4264612,0.08428012,0.78489566,-1.2937192,-0.0074659586,0.6370504,-1.2256343,-5.4530134,-7.888175,-2.031592,-0.9520769,0.9611299,0.3604237,-2.3576665,0.0077510476,0.6239593,3.554698,0.42630762,-0.6975943,-0.812849,0.7169719,1.2324166,0.9988742,-0.40305448,-1.139404,0.8836195,0.046506286,-0.51950395,-5.021871,1.8966017,4.576582,7.3472695,7.491576,-5.788758,-6.48143,-0.85347074,-3.1170235,5.5661135,10.573554,-0.89057815,-1.0390079,1.0884844,-0.2721211,0.99972653,-0.0065909773,0.021225872,0.007267739,-0.37071198,-0.06817692,0.7648598,0.88944596,1.3730747,4.045004,-0.012881838,0.042548776,0.0142651,30.464725494384766,7.109805583953857,0.0880827,0.10890372,0.8417423,-0.52905196,0.20183344,-0.45845348,-0.07932121,-0.043267883,-0.26019996,0.38076693,0.8516409,0.14431654,-0.18979234,-0.23272249,0.23499738,0.33694068,0.05045836,0.55538666,-1.3198303,0.022020675,0.6972259,-1.0895643,-0.047448084,0.6118194,-1.2412506,-0.06504999,0.76519173,-1.0870898,0.0,0.0,0.0,0.0,0.0,0.0,0.0,0.0,0.0,0.0,0.0,0.0,0.0,0.0,0.0,0.0,-0.43267882,-5.2905197,3.3694067,1.4431654,50.0,50.0,50.0,50.0,50.0,50.0,50.0,50.0,50.0,50.0,50.0,50.0,0.0,0.0,0.0,0.0,1.0,1.0,1.0,1.0,1.0,1.0,1.0,1.0,1.0,1.0,1.0,1.0,0.5,0.5,0.5,0.5
1788527470.5576053,380,4.819320000024163,3.512654000587645,4.394601999592851,1.047809,5.450507,9041890,1,0,0.0,0.0,0.0,0.01749301,0.6476445,-1.2524574,-0.108265005,0.63182366,-1.3894331,0.06889914,0.7779318,-1.2836722,-0.009888172,0.6434995,-1.2322216,-5.4491987,-7.9381323,-1.9967729,-0.9791148,-0.7285985,0.2945398,-1.8319433,-0.38367686,-0.6239593,4.8224998,-1.9300109,-1.3138026,2.4122608,-0.4921915,1.1704081,-1.1586131,0.41468105,-3.4995983,2.5849745,-1.2246655,2.3996134,-4.9229183,-1.4698663,7.174102,3.8591719,9.577838,-4.1807694,-7.2235785,-0.14224511,-2.3501368,5.096086,8.961443,-0.4205508,-0.6926719,0.44528908,1.4100821,0.99975497,-0.0029146937,0.018990979,0.010997024,0.6796386,-0.120374866,0.17789914,3.0250738,-1.5310919,2.6048915,-0.0054142145,0.038045935,0.021895546,30.455873489379883,7.451623439788818,-0.1025367,-0.2517334,0.87668496,-0.5970775,0.16149786,-0.106136195,0.12667723,0.14508131,-0.09733657,-0.038713366,0.42893133,0.009016719,-0.021527652,0.141992,0.7001683,0.4224045,0.040374465,0.643466,-1.2683307,-0.025634175,0.6070667,-1.0808287,-0.005381913,0.70549804,-1.1249579,-0.024334142,0.66032165,-1.1927671,0.0,0.0,0.0,0.0,0.0,0.0,0.0,0.0,0.0,0.0,0.0,0.0,0.0,0.0,0.0,0.0,1.450813,-5.9707747,4.224045,0.09016719,50.0,50.0,50.0,50.0,50.0,50.0,50.0,50.0,50.0,50.0,50.0,50.0,0.0,0.0,0.0,0.0,1.0,1.0,1.0,1.0,1.0,1.0,1.0,1.0,1.0,1.0,1.0,1.0,0.5,0.5,0.5,0.5
1788527470.5765643,381,3.791895000176737,2.397836000454845,3.484269000182394,0.97859,4.46942,9041910,1,0,0.0,0.0,0.0,0.009257555,0.6545478,-1.2887746,-0.10584281,0.6214688,-1.3456283,0.052518994,0.771513,-1.2627413,-0.01833558,0.64392334,-1.2480186,-5.4363003,-8.013554,-1.9347645,-0.9984016,-0.28678876,0.43405867,-0.67535216,-0.6084572,-0.5580754,-0.4974151,-0.9611299,-0.80998445,-0.088968545,-0.10076362,-0.24803352,-0.86542135,1.2362921,-3.344577,4.1313086,-1.4145663,1.8306329,-0.9400547,1.2327911,4.725012,-0.049476564,14.366757,-2.0285392,-2.5233047,7.301916,-0.24738282,1.0390079,3.603543,0.049476564,-1.2121758,0.0,0.6679336,0.99977005,0.002838627,0.01905327,0.009432978,0.7147924,0.077764295,-0.40693095,1.602918,-1.3862427,15.767015,0.0060398146,0.038053405,0.01898467,30.5975284576416,3.0421764850616455,-0.43472832,-0.26049256,-0.04512746,-0.37407485,-0.041869223,0.46401876,0.9045134,0.19214764,0.03303439,-0.4704792,0.4786144,-0.14603004,0.30507717,0.67970467,0.7870809,0.3225424,-0.010467306,0.7860047,-1.0738716,-0.10868208,0.6048769,-1.3112818,0.07626929,0.8399262,-1.1032298,0.008258598,0.5523802,-1.1803464,0.0,0.0,0.0,0.0,0.0,0.0,0.0,0.0,0.0,0.0,0.0,0.0,0.0,0.0,0.0,0.0,1.9214764,-3.7407484,3.225424,-1.4603004,50.0,50.0,50.0,50.0,50.0,50.0,50.0,50.0,50.0,50.0,50.0,50.0,0.0,0.0,0.0,0.0,1.0,1.0,1.0,1.0,1.0,1.0,1.0,1.0,1.0,1.0,1.0,1.0,0.5,0.5,0.5,0.5
1788527470.5970445,382,4.257957998561324,3.2436220008094097,3.975356999944779,0.941373,4.922427,9041930,1,0,0.0,0.0,0.0,0.0038983822,0.67198765,-1.2755368,-0.117529936,0.63161176,-1.3589134,0.052185938,0.77142215,-1.2627097,-0.020333946,0.6324179,-1.2514623,-5.4175587,-8.069355,-1.8768133,-1.0062132,-0.7285985,0.8254866,3.22511,-0.7479761,0.5735775,-1.8481194,1.2091634,-0.19765173,-0.046506286,-0.39917895,-0.6200838,0.28712577,0.41468105,-2.2245505,2.336941,-0.6704656,-0.12369141,5.442422,6.9700108,1.0884844,-1.9295859,4.4570136,0.12369141,3.958125,8.392462,1.9790626,-3.7107422,3.2242227,0.7668867,-0.791625,0.4205508,-0.34633595,0.99978656,0.005872798,0.019441107,0.0038005242,0.16831176,0.3259709,-0.7371629,1.6124948,-1.4628572,8.731653,0.011900117,0.03883904,0.007833762,30.570966720581055,3.8625388145446777,-0.42114055,-0.6238669,-0.5973224,-0.24870196,-0.1330674,0.27262047,1.6178001,0.12617293,0.050533906,-0.9663677,0.4758255,-0.19653629,0.39619786,1.0044128,0.10269369,0.1041462,-0.03326685,0.7381551,-0.8955499,-0.10528514,0.5140333,-1.4493306,0.099049464,0.92110324,-1.2743266,0.012633476,0.4284081,-1.1810436,0.0,0.0,0.0,0.0,0.0,0.0,0.0,0.0,0.0,0.0,0.0,0.0,0.0,0.0,0.0,0.0,1.2617292,-2.4870195,1.041462,-1.9653629,50.0,50.0,50.0,50.0,50.0,50.0,50.0,50.0,50.0,50.0,50.0,50.0,0.0,0.0,0.0,0.0,1.0,1.0,1.0,1.0,1.0,1.0,1.0,1.0,1.0,1.0,1.0,1.0,0.5,0.5,0.5,0.5
1788527470.6171968,383,4.414250999616343,3.2823749988892814,4.071935998581466,0.985791,5.064351,9041950,1,0,0.0,0.0,0.0,0.0029598475,0.6564553,-1.2406255,-0.115592174,0.6404831,-1.3884064,0.062238082,0.76869714,-1.2709557,-0.015035331,0.6196105,-1.2424897,-5.4254003,-8.098361,-1.8581926,-1.0095134,-0.162772,-0.24803352,1.6823144,0.44568524,0.2751622,-1.9856162,0.7518516,0.38755238,-1.8521634,0.33717057,-0.2286559,0.44282073,-0.7673537,-1.147155,0.17052305,0.11239019,-1.7316797,4.527106,16.83234,0.12369141,-6.901981,-0.85347074,1.0390079,7.5946527,1.8491865,1.1132227,-9.870575,2.7026572,1.0390079,-0.6926719,0.4205508,-1.0637461,0.99980915,0.0024263186,0.019386314,-0.0002584421,-0.2599245,0.1043959,-0.17150755,-1.5406688,-0.4321534,11.398794,0.004845351,0.038776197,-0.00042302877,30.447019577026367,7.622532367706299,-0.36257106,-0.019131592,-0.5960094,-0.20242277,-0.12279634,-0.216578,1.5246608,-0.117140554,-0.015896153,-0.52911663,0.5118602,-0.075475626,0.15809837,0.6984029,0.15041085,0.17329548,-0.030699085,0.6158555,-0.91883475,-0.090642765,0.6652171,-1.4490023,0.039524592,0.84460074,-1.2623973,-0.003974038,0.53772086,-1.1720349,0.0,0.0,0.0,0.0,0.0,0.0,0.0,0.0,0.0,0.0,0.0,0.0,0.0,0.0,0.0,0.0,-1.1714056,-2.0242276,1.7329549,-0.7547563,50.0,50.0,50.0,50.0,50.0,50.0,50.0,50.0,50.0,50.0,50.0,50.0,0.0,0.0,0.0,0.0,1.0,1.0,1.0,1.0,1.0,1.0,1.0,1.0,1.0,1.0,1.0,1.0,0.5,0.5,0.5,0.5
1788527470.6376941,384,4.911194000669639,3.768214999581687,4.599120000420953,0.993183,5.598512,9041970,1,0,0.0,0.0,0.0,0.0017184019,0.63629043,-1.2235963,-0.11165609,0.6493544,-1.4226068,0.06762749,0.78244317,-1.2951567,-0.00961566,0.61842966,-1.2377821,-5.43518,-8.102781,-1.8541657,-0.9928305,0.06975943,-1.1820347,0.5135912,-0.027128667,0.9960096,-0.39227042,-0.80610895,0.9495033,-0.9928081,0.054257333,-0.31391743,-0.19006917,-0.6665901,0.2092783,0.44568524,1.2905494,-1.8801094,0.2721211,15.409888,1.0884844,-0.24738282,-1.2802061,-0.59371877,2.2264454,2.323337,0.32159767,-3.8591719,3.7932034,-0.24738282,-1.0637461,0.56898046,-0.96479297,0.9998261,3.083251e-05,0.018501973,0.0023591176,-0.41651836,-0.16618124,0.49534792,-0.4213795,1.4808137,9.958682,0.000149053,0.03700581,0.004721806,30.588674545288086,3.178903579711914,-0.15153942,0.33706915,0.2811882,-0.47425127,0.09574158,-0.40789965,0.32586175,-0.04822772,-0.15461037,0.18253972,1.0487239,0.014303587,-0.014495689,0.117105655,0.13119593,0.35759854,0.023935394,0.5680251,-1.2185345,-0.037884854,0.75426733,-1.229703,-0.0036239224,0.69927645,-1.267201,-0.03865259,0.71563494,-1.0378189,0.0,0.0,0.0,0.0,0.0,0.0,0.0,0.0,0.0,0.0,0.0,0.0,0.0,0.0,0.0,0.0,-0.4822772,-4.7425127,3.5759854,0.14303587,50.0,50.0,50.0,50.0,50.0,50.0,50.0,50.0,50.0,50.0,50.0,50.0,0.0,0.0,0.0,0.0,1.0,1.0,1.0,1.0,1.0,1.0,1.0,1.0,1.0,1.0,1.0,1.0,0.5,0.5,0.5,0.5
1788527470.6562774,385,3.4976780007127672,2.50545500057342,3.198084001269308,0.991744,4.196389,9041990,1,0,0.0,0.0,0.0,0.005351782,0.6300533,-1.2265188,-0.11180747,0.6625554,-1.4166514,0.075862974,0.78029346,-1.2954094,-0.010493696,0.6329629,-1.232269,-5.4396005,-8.120192,-1.8383304,-0.980447,0.8254866,-0.19765173,-2.0846949,-0.23253144,1.1704081,2.9582043,0.26353562,-0.36817476,0.35385218,0.04263076,0.47668946,0.45899683,0.3604237,-2.011397,1.1975368,0.6084572,0.14842969,-3.1417618,2.2759218,4.0818167,3.7107422,5.83205,-4.4281526,-3.9828634,0.99571586,-1.4100821,4.0570784,10.383894,-0.34633595,-1.2121758,1.1874375,-0.24738282,0.9998086,-0.0012075946,0.017099533,0.009425716,-0.040480044,0.040480044,0.83729774,-0.7757214,-0.2633622,5.711368,-0.0020936038,0.034221966,0.018818652,30.553260803222656,4.409446716308594,0.03703846,0.15459548,0.8992038,-0.6066096,0.23985648,-0.52059585,-0.085613154,0.057505697,-0.24619013,0.4531692,0.5660328,0.18424475,-0.18979514,-0.36197308,0.41583166,0.32959646,0.05996412,0.53985107,-1.3214033,0.009259615,0.70864886,-1.075199,-0.047448784,0.57950675,-1.1960421,-0.061547533,0.7832923,-1.1584917,0.0,0.0,0.0,0.0,0.0,0.0,0.0,0.0,0.0,0.0,0.0,0.0,0.0,0.0,0.0,0.0,0.57505697,-6.066096,3.2959647,1.8424475,50.0,50.0,50.0,50.0,50.0,50.0,50.0,50.0,50.0,50.0,50.0,50.0,0.0,0.0,0.0,0.0,1.0,1.0,1.0,1.0,1.0,1.0,1.0,1.0,1.0,1.0,1.0,1.0,0.5,0.5,0.5,0.5
1788527470.6779935,386,5.21763600045233,3.792023000642075,4.684658999394742,0.997728,5.691155,9042010,1,0,0.0,0.0,0.0,0.008561134,0.63759243,-1.2562803,-0.1084164,0.65404737,-1.3552644,0.0665375,0.771846,-1.2878426,-0.016004264,0.63517314,-1.2425213,-5.4257336,-8.183865,-1.8146232,-0.98559415,0.081386,-0.2286559,-2.137267,0.65883905,-0.740225,3.4859495,-0.44180974,-1.0153872,0.4387767,-0.30229086,0.05813286,-1.0433584,0.9146236,-5.0188036,2.1741688,-0.2286559,2.5233047,-4.74975,-1.1379609,5.442422,3.5623126,10.952874,-5.442422,-8.979997,4.2199388,-2.0285392,7.545176,5.2630696,-0.14842969,-0.37107423,0.47002736,1.0390079,0.99975276,0.0017469355,0.016746493,0.014528427,0.015978964,0.16298544,0.21092233,1.6759412,5.5401826,11.482592,0.0039818436,0.033440176,0.029128583,30.43816375732422,8.066895484924316,-0.15304701,-0.27867988,0.9372938,-0.6196315,0.119960904,0.15108338,0.15374513,0.25981548,-0.027559288,0.08185007,0.26977223,0.15286362,0.0025692098,0.23910528,0.78391236,0.37216553,0.029990226,0.7077709,-1.2615637,-0.038261753,0.60033005,-1.0656765,0.00064230245,0.7297763,-1.1040219,-0.006889822,0.6904625,-1.2325569,0.0,0.0,0.0,0.0,0.0,0.0,0.0,0.0,0.0,0.0,0.0,0.0,0.0,0.0,0.0,0.0,2.5981548,-6.1963153,3.7216554,1.5286362,50.0,50.0,50.0,50.0,50.0,50.0,50.0,50.0,50.0,50.0,50.0,50.0,0.0,0.0,0.0,0.0,1.0,1.0,1.0,1.0,1.0,1.0,1.0,1.0,1.0,1.0,1.0,1.0,0.5,0.5,0.5,0.5
1788527470.6978588,387,5.0681600005191285,3.831031999652623,4.692499998782296,1.048929,5.748821,9042030,1,0,0.0,0.0,0.0,0.006593108,0.64885557,-1.2852677,-0.10508587,0.6446311,-1.3407943,0.06011866,0.7588267,-1.2773377,-0.015883148,0.63532454,-1.2575758,-5.3997855,-8.263828,-1.7528571,-0.9907716,-0.13951886,2.1896708,0.10514465,-0.25190905,-0.3759258,-0.29723585,-0.52319574,-0.35267267,0.016176099,0.5076936,0.22090487,-0.60862577,2.100534,-3.9026523,4.2359476,-0.09301257,1.2616524,0.8411016,0.7112256,3.6612659,-2.0780158,14.651247,-2.4985664,-0.9400547,9.625254,0.024738282,2.44909,1.7069415,0.14842969,-0.9895313,-0.17316797,0.74214846,0.9997531,0.0035581712,0.017684674,0.012975474,0.3824299,-0.07669903,-0.47297737,0.7589619,-0.037110128,10.8624935,0.0075783054,0.035275593,0.026089577,30.579822540283203,3.3839941024780273,-0.46888036,-0.528593,-0.096678555,-0.32799742,-0.044583052,0.4398874,0.8450851,0.03064175,0.13226947,-0.6347029,0.375641,-0.078999765,0.35342315,0.80800164,0.6999908,0.19984615,-0.011145763,0.77997184,-1.0887287,-0.11722009,0.53785175,-1.3241696,0.08835579,0.87200046,-1.1250023,0.033067368,0.5113243,-1.2060897,0.0,0.0,0.0,0.0,0.0,0.0,0.0,0.0,0.0,0.0,0.0,0.0,0.0,0.0,0.0,0.0,0.3064175,-3.2799742,1.9984615,-0.78999764,50.0,50.0,50.0,50.0,50.0,50.0,50.0,50.0,50.0,50.0,50.0,50.0,0.0,0.0,0.0,0.0,1.0,1.0,1.0,1.0,1.0,1.0,1.0,1.0,1.0,1.0,1.0,1.0,0.5,0.5,0.5,0.5
1788527470.717856,388,5.07215899961011,3.900090001479839,4.765749999933178,1.01312,5.784342,9042050,1,0,0.0,0.0,0.0,0.006138921,0.65954363,-1.2712873,-0.1108386,0.65292716,-1.3488507,0.06232892,0.7619755,-1.2800232,-0.01542896,0.6251513,-1.258255,-5.3713245,-8.321174,-1.7045645,-0.9933755,-0.61233276,0.4728139,1.629742,-0.4921915,0.4573118,-1.8400313,1.464948,0.8913705,-0.51156914,-0.17439857,-1.9532641,0.2628616,0.569702,-1.9648906,1.5308319,-0.86424184,-0.32159767,5.887711,7.965727,0.17316797,-6.48143,3.319053,-0.049476564,5.1208243,8.819198,2.7459493,-4.304461,2.418167,-0.14842969,-0.6679336,0.17316797,0.024738282,0.99982834,0.004721675,0.016496286,0.0070012743,0.023435814,-0.2599245,-0.69455236,1.0223241,0.36391866,10.584765,0.009678116,0.032926742,0.014164076,30.553260803222656,4.614537715911865,-0.43361768,-0.4463978,-0.7378147,-0.22445676,-0.15568075,0.47115552,1.3880446,-0.03770312,0.0938064,-0.97960675,0.833675,-0.3117455,0.43374184,1.0465955,0.29460213,-0.030054487,-0.038920186,0.78778887,-0.9529888,-0.10840442,0.5584006,-1.4844537,0.10843546,0.93164885,-1.2263495,0.0234516,0.42509833,-1.0915812,0.0,0.0,0.0,0.0,0.0,0.0,0.0,0.0,0.0,0.0,0.0,0.0,0.0,0.0,0.0,0.0,-0.3770312,-2.2445676,-0.30054486,-3.117455,50.0,50.0,50.0,50.0,50.0,50.0,50.0,50.0,50.0,50.0,50.0,50.0,0.0,0.0,0.0,0.0,1.0,1.0,1.0,1.0,1.0,1.0,1.0,1.0,1.0,1.0,1.0,1.0,0.5,0.5,0.5,0.5
1788527470.7377527,389,4.962236000210396,3.8503609994222643,4.662482999265194,1.013088,5.681747,9042070,1,0,0.0,0.0,0.0,0.010710835,0.65560746,-1.2414627,-0.11241303,0.6641904,-1.3796391,0.07150301,0.76409495,-1.2917129,-0.011220396,0.61255586,-1.2405308,-5.383678,-8.331529,-1.6992053,-0.9949802,-0.42630762,0.0077510476,2.2080376,0.19377619,-0.04263076,-2.8550816,0.26741114,0.48444048,-1.1808553,0.15889648,-1.2517942,1.7106224,-2.3059366,-0.05038181,-0.9417523,0.22090487,-2.2017071,6.901981,13.371041,0.049476564,-5.516637,-2.2285068,1.6327267,8.336801,4.599259,1.6327267,-8.683137,6.1165404,1.0884844,-1.1626992,0.4205508,-1.6327267,0.99985766,0.002794635,0.016314652,0.003275581,0.091612734,0.18002968,-0.12996225,1.9620483,0.5327099,8.175002,0.005698415,0.032612134,0.006644999,30.429311752319336,8.169441223144531,-0.37964013,0.07303147,-0.70768875,-0.17072737,-0.12105828,-0.18798481,1.52994,-0.23180744,-0.006127389,-0.5753882,0.6579265,-0.28249574,0.1974476,0.6755192,0.11270273,0.06867465,-0.03026457,0.62300384,-0.9175149,-0.09491003,0.6882579,-1.4769222,0.0493619,0.8388798,-1.2718242,-0.0015318473,0.52615297,-1.1355183,0.0,0.0,0.0,0.0,0.0,0.0,0.0,0.0,0.0,0.0,0.0,0.0,0.0,0.0,0.0,0.0,-2.3180745,-1.7072737,0.6867465,-2.8249574,50.0,50.0,50.0,50.0,50.0,50.0,50.0,50.0,50.0,50.0,50.0,50.0,0.0,0.0,0.0,0.0,1.0,1.0,1.0,1.0,1.0,1.0,1.0,1.0,1.0,1.0,1.0,1.0,0.5,0.5,0.5,0.5
1788527470.7572703,390,4.491342000619625,3.548431999661261,4.212772999380832,0.984287,5.202852,9042090,1,0,0.0,0.0,0.0,0.0020817518,0.6397724,-1.2309262,-0.1131397,0.6709423,-1.4242023,0.072320506,0.7695752,-1.3024864,-0.009161532,0.5998998,-1.2267084,-5.4309716,-8.330681,-1.7180985,-0.99276996,-0.17439857,-0.7828558,0.50752515,-0.25578457,0.5503244,-0.645022,-0.62783486,0.39917895,-0.36396223,0.1782741,-0.7363495,-0.25072956,-2.5035884,-0.10463915,-0.49606705,0.15114543,-1.5585117,0.0,15.836623,1.1874375,0.12369141,-2.4655821,-0.5442422,3.2654533,1.5172813,0.2721211,-3.1912384,5.2630696,0.12369141,-0.74214846,0.56898046,-1.4100821,0.9998146,0.0022440855,0.01800257,0.0064447382,-0.49108684,0.23968448,0.6008091,1.6352397,-0.39504328,9.828198,0.0047224564,0.0359773,0.012976646,30.588674545288086,3.3498125076293945,-0.13064766,0.46588722,0.35007045,-0.36454284,0.09297072,-0.4759887,0.3889452,-0.21157774,-0.16755252,0.24291405,1.1169903,-0.098934814,-0.041263185,0.007776873,-0.06690984,0.3393982,0.02324268,0.55100286,-1.2027637,-0.032661915,0.78647184,-1.2124823,-0.010315796,0.67194426,-1.3167274,-0.04188813,0.7307285,-1.0207524,0.0,0.0,0.0,0.0,0.0,0.0,0.0,0.0,0.0,0.0,0.0,0.0,0.0,0.0,0.0,0.0,-2.1157775,-3.6454284,3.393982,-0.9893482,50.0,50.0,50.0,50.0,50.0,50.0,50.0,50.0,50.0,50.0,50.0,50.0,0.0,0.0,0.0,0.0,1.0,1.0,1.0,1.0,1.0,1.0,1.0,1.0,1.0,1.0,1.0,1.0,0.5,0.5,0.5,0.5
1788527470.7775493,391,4.783350999787217,3.7669989997084485,4.513294001299073,0.976063,5.494797,9042110,1,0,0.0,0.0,0.0,0.0039589405,0.63710797,-1.2320793,-0.112473585,0.6811458,-1.4236178,0.07916322,0.76330775,-1.3022337,-0.009403706,0.61385775,-1.2222853,-5.4645796,-8.342459,-1.7167057,-1.0006118,0.92237467,0.19377619,-2.1837735,-0.28678876,1.4882011,2.9602263,0.2092783,-1.2401676,-0.39631444,0.16664752,1.5734626,0.9018175,-0.17439857,-1.375811,0.6665901,-0.44568524,0.074214846,-4.74975,3.650958,4.4281526,4.0818167,7.017426,-4.823965,-3.8591719,-0.42673537,-1.9295859,4.8487034,10.194234,-1.0637461,-1.0637461,1.2863907,-0.2721211,0.9997038,0.00031862437,0.019587759,0.014437206,-0.20240022,0.17363809,0.9534116,-1.1001357,1.99437,8.042124,0.0012035683,0.039164726,0.02890453,30.517845153808594,5.469081401824951,0.09546751,0.20613793,1.0426986,-0.47126043,0.24360578,-0.62399966,-0.11970928,0.010268513,-0.3201053,0.49740562,0.51770693,0.12755585,-0.22857523,-0.43761313,0.36325482,0.3008167,0.060901444,0.5140001,-1.3299273,0.023866877,0.7215345,-1.0393252,-0.057143807,0.5605967,-1.2091862,-0.08002633,0.7943514,-1.1705732,0.0,0.0,0.0,0.0,0.0,0.0,0.0,0.0,0.0,0.0,0.0,0.0,0.0,0.0,0.0,0.0,0.10268513,-4.7126045,3.0081673,1.2755585,50.0,50.0,50.0,50.0,50.0,50.0,50.0,50.0,50.0,50.0,50.0,50.0,0.0,0.0,0.0,0.0,1.0,1.0,1.0,1.0,1.0,1.0,1.0,1.0,1.0,1.0,1.0,1.0,0.5,0.5,0.5,0.5
1788527470.797566,392,4.7777499985386385,3.7531429989030585,4.4935810001334175,1.022528,5.522414,9042130,1,0,0.0,0.0,0.0,0.008409739,0.64655447,-1.2612721,-0.10759891,0.6678237,-1.3733518,0.07062496,0.7576761,-1.2998326,-0.013188422,0.61827826,-1.2316214,-5.460522,-8.397201,-1.6937553,-1.0285883,0.011626571,-0.10463915,-1.8986697,0.64333695,-0.68596774,4.727465,-0.7983579,-0.9533789,1.4012547,-0.46893838,0.7479761,-1.7146666,0.86424184,-3.611988,2.1354136,-1.5153297,2.622258,-6.753551,-1.5172813,6.159832,3.3891447,11.427025,-5.8382344,-9.153164,2.7026572,-2.9685938,8.460492,4.836334,-0.34633595,-0.4205508,0.34633595,1.3853438,0.9996059,0.0024016493,0.019745557,0.019811092,-0.009587379,0.12463593,0.21411812,1.2258313,-3.1052797,8.862138,0.005588131,0.039390575,0.039742693,30.367338180541992,9.912710189819336,-0.05838965,-0.35194507,1.1474264,-0.42655313,0.1337895,0.014987141,0.05278758,0.19233602,-0.058805227,0.060319558,0.2756521,0.08788514,-0.032191254,0.15003546,0.7087938,0.3690525,0.033447374,0.6737468,-1.286803,-0.014597412,0.5820137,-1.0131433,-0.008047814,0.70750886,-1.1228015,-0.014701307,0.68507993,-1.231087,0.0,0.0,0.0,0.0,0.0,0.0,0.0,0.0,0.0,0.0,0.0,0.0,0.0,0.0,0.0,0.0,1.9233602,-4.2655315,3.690525,0.8788514,50.0,50.0,50.0,50.0,50.0,50.0,50.0,50.0,50.0,50.0,50.0,50.0,0.0,0.0,0.0,0.0,1.0,1.0,1.0,1.0,1.0,1.0,1.0,1.0,1.0,1.0,1.0,1.0,0.5,0.5,0.5,0.5
1788527470.8176248,393,4.839960000026622,3.766102001463878,4.555343999527395,1.009983,5.571087,9042150,1,0,0.0,0.0,0.0,0.006411433,0.6560919,-1.296057,-0.10239116,0.65395653,-1.3421371,0.058483675,0.74471736,-1.2818872,-0.015762031,0.629269,-1.2550324,-5.435604,-8.462176,-1.6378024,-1.0450592,0.09301257,1.4261928,-0.53178924,-0.046506286,-0.42630762,-0.10716666,-0.8991215,-0.4728139,0.80273896,0.2092783,0.895246,-1.0251603,2.0385253,-2.344692,3.8949015,-0.34492162,1.2616524,-0.37107423,0.33190528,4.6013203,-3.6612659,17.259075,-2.4985664,-1.3853438,7.870897,-0.12369141,1.7316797,1.9914317,-0.12369141,-0.96479297,-0.24738282,0.56898046,0.9996426,0.005039921,0.019265179,0.017839428,0.51239216,-0.35899407,-0.5432848,0.34955344,0.2621651,11.270704,0.010771725,0.038346164,0.035894383,30.56211280822754,3.9992659091949463,-0.4273974,-0.39068696,-0.081678376,-0.17073753,-0.058730643,0.5369623,0.7115599,0.08339216,0.12018911,-0.6165825,0.41805315,-0.1296055,0.3472201,0.72663546,0.93427736,0.113277584,-0.014682661,0.8042406,-1.12211,-0.10684935,0.57232827,-1.3204195,0.08680502,0.8516589,-1.0664306,0.030047277,0.51585436,-1.1954867,0.0,0.0,0.0,0.0,0.0,0.0,0.0,0.0,0.0,0.0,0.0,0.0,0.0,0.0,0.0,0.0,0.83392155,-1.7073753,1.1327758,-1.2960551,50.0,50.0,50.0,50.0,50.0,50.0,50.0,50.0,50.0,50.0,50.0,50.0,0.0,0.0,0.0,0.0,1.0,1.0,1.0,1.0,1.0,1.0,1.0,1.0,1.0,1.0,1.0,1.0,0.5,0.5,0.5,0.5
1788527470.8375983,394,4.811672000869294,3.73070899877348,4.516685999988113,1.008,5.531694,9042170,1,0,0.0,0.0,0.0,0.004776478,0.6706555,-1.2840356,-0.10832556,0.6625857,-1.3482821,0.059936985,0.74813867,-1.2825823,-0.017033696,0.62833047,-1.2578127,-5.4111395,-8.49542,-1.5859673,-1.0559592,-0.2790377,0.29841533,2.6811886,-0.42630762,0.18602514,-1.7915031,1.5773382,0.902997,-0.13951886,-0.1472699,-1.6432221,0.27701572,0.44956076,-0.5929552,1.8757535,-1.3913131,-0.74214846,6.753551,5.2630696,0.44528908,-4.823965,3.461298,-0.049476564,4.7002735,11.56927,2.548043,-4.675535,2.8923175,0.14842969,-0.59371877,-0.32159767,0.074214846,0.9997717,0.005724069,0.017267829,0.011203355,-0.15659386,-0.19813916,-0.7765777,-0.2693477,-0.22146365,12.381614,0.011839725,0.034406304,0.02261459,30.54440689086914,4.648719310760498,-0.4251957,-0.41537678,-0.7841986,-0.119786024,-0.1683084,0.5618173,1.3562868,0.12048466,0.12250921,-0.99854743,0.8541846,-0.3290668,0.4714795,1.0547023,0.3084838,-0.107247874,-0.0420771,0.81045437,-0.96092826,-0.10629892,0.5661558,-1.4960496,0.11786988,0.9336756,-1.222879,0.030627303,0.42036316,-1.0864538,0.0,0.0,0.0,0.0,0.0,0.0,0.0,0.0,0.0,0.0,0.0,0.0,0.0,0.0,0.0,0.0,1.2048466,-1.1978602,-1.0724788,-3.290668,50.0,50.0,50.0,50.0,50.0,50.0,50.0,50.0,50.0,50.0,50.0,50.0,0.0,0.0,0.0,0.0,1.0,1.0,1.0,1.0,1.0,1.0,1.0,1.0,1.0,1.0,1.0,1.0,0.5,0.5,0.5,0.5
1788527470.857572,395,4.793047000930528,3.7572060009551933,4.526830000031623,0.985951,5.518477,9042190,1,0,0.0,0.0,0.0,0.013556957,0.66508436,-1.2538317,-0.10887056,0.66942835,-1.3760848,0.071836054,0.74829006,-1.2891222,-0.010039568,0.61685526,-1.2413839,-5.4157114,-8.492393,-1.5866333,-1.063256,-0.40305448,-0.05038181,3.0855908,0.077510476,-0.019377619,-2.428437,0.41468105,0.34879714,-1.3810345,0.13951886,-1.0812712,1.621654,-1.1122752,0.22090487,-1.4223173,0.081386,-2.3996134,7.545176,12.233081,0.024738282,-5.46716,-3.0345626,2.0780158,9.35107,4.883749,2.0038009,-9.153164,6.4010305,1.2121758,-0.6679336,0.17316797,-1.6327267,0.99982727,0.002929198,0.017121812,0.0066196993,0.1043959,0.19600864,-0.1821602,3.3997664,0.32561144,7.9104424,0.0060876645,0.034205597,0.01334562,30.402751922607422,9.092348098754883,-0.36000168,0.0401881,-0.7437425,-0.07744451,-0.118571974,-0.24838504,1.5954858,-0.15733984,0.02028663,-0.64587164,0.51449436,-0.2389753,0.19137338,0.6453253,0.076472774,-0.08050856,-0.029642994,0.6079038,-0.90112853,-0.09000042,0.68004704,-1.4859356,0.047843345,0.8313314,-1.2808818,0.0050716577,0.5085321,-1.1713763,0.0,0.0,0.0,0.0,0.0,0.0,0.0,0.0,0.0,0.0,0.0,0.0,0.0,0.0,0.0,0.0,-1.5733984,-0.77444506,-0.8050856,-2.389753,50.0,50.0,50.0,50.0,50.0,50.0,50.0,50.0,50.0,50.0,50.0,50.0,0.0,0.0,0.0,0.0,1.0,1.0,1.0,1.0,1.0,1.0,1.0,1.0,1.0,1.0,1.0,1.0,0.5,0.5,0.5,0.5
1788527470.877514,396,4.7364689999085385,3.707445001055021,4.473516999496496,0.974238,5.453259,9042210,1,0,0.0,0.0,0.0,0.004837036,0.6452223,-1.2332009,-0.108234726,0.67200196,-1.4271722,0.07120024,0.75749445,-1.3044611,-0.0067998767,0.60307896,-1.2245601,-5.449683,-8.489365,-1.6186064,-1.0595016,-0.24415801,-1.7439858,0.8553112,-0.10851467,1.0231383,-0.6328899,-0.77122927,0.577453,-0.45899683,0.23640695,-0.5541999,-0.45899683,-2.1276627,0.3100419,-1.4223173,0.46893838,-1.6327267,0.049476564,16.64268,0.9895313,-0.5442422,-2.8923175,-0.37107423,3.1417618,1.2802061,0.4205508,-4.3291993,3.603543,0.2721211,-0.51950395,0.34633595,-1.3606055,0.9997832,0.001755219,0.0186825,0.0090224445,-0.5134574,0.30040455,0.51771843,1.827973,-0.49081135,9.531317,0.0038494924,0.037333902,0.018120179,30.579822540283203,3.6232664585113525,-0.12881872,0.3742352,0.2929172,-0.28052086,0.09644564,-0.47061467,0.52317005,-0.18254632,-0.15706123,0.21305554,1.0143875,-0.04726553,-0.02187698,0.008813647,-0.062041633,0.2041767,0.02411141,0.55234635,-1.1692075,-0.03220468,0.7635588,-1.2267706,-0.005469245,0.6722034,-1.3155104,-0.03926531,0.7232639,-1.046403,0.0,0.0,0.0,0.0,0.0,0.0,0.0,0.0,0.0,0.0,0.0,0.0,0.0,0.0,0.0,0.0,-1.8254632,-2.8052087,2.041767,-0.4726553,50.0,50.0,50.0,50.0,50.0,50.0,50.0,50.0,50.0,50.0,50.0,50.0,0.0,0.0,0.0,0.0,1.0,1.0,1.0,1.0,1.0,1.0,1.0,1.0,1.0,1.0,1.0,1.0,0.5,0.5,0.5,0.5
1788527470.8976338,397,4.8529199993936345,3.820376001385739,4.588495999996667,0.983103,5.577647,9042230,1,0,0.0,0.0,0.0,0.006714225,0.63925767,-1.2285249,-0.10653918,0.683023,-1.4307265,0.0818882,0.7558595,-1.3014281,-0.0074962378,0.6165222,-1.2237387,-5.4740562,-8.497691,-1.6335635,-1.0583208,0.7867313,0.0038755238,-1.8683395,-0.019377619,0.7557271,2.60233,0.44568524,-1.1200264,0.030330187,0.18990067,2.4299536,1.0190943,0.015502095,-0.9998852,-0.20152724,-0.023253143,0.12369141,-4.576582,5.0734096,3.8591719,3.6365275,6.7803507,-5.1208243,-3.4386213,-0.66381055,-1.8801094,3.587051,8.582122,-1.0884844,-0.8411016,1.1626992,-0.22264454,0.99965733,-0.0010218413,0.02033949,0.016451446,-0.5102616,0.11824434,0.8479504,-1.448492,2.4073699,7.2568254,-0.0013748937,0.040709905,0.032883216,30.54440689086914,4.648719310760498,0.12202248,0.09905328,1.1080921,-0.43200707,0.24874495,-0.6048443,-0.13078566,0.021626037,-0.27680287,0.40213367,0.60370654,0.1290343,-0.22581133,-0.40337583,0.2350076,0.21754904,0.062186237,0.51878893,-1.3326963,0.03050562,0.69476336,-1.0229769,-0.056452833,0.56915605,-1.241248,-0.06920072,0.77053344,-1.1490734,0.0,0.0,0.0,0.0,0.0,0.0,0.0,0.0,0.0,0.0,0.0,0.0,0.0,0.0,0.0,0.0,0.21626037,-4.3200707,2.1754904,1.2903429,50.0,50.0,50.0,50.0,50.0,50.0,50.0,50.0,50.0,50.0,50.0,50.0,0.0,0.0,0.0,0.0,1.0,1.0,1.0,1.0,1.0,1.0,1.0,1.0,1.0,1.0,1.0,1.0,0.5,0.5,0.5,0.5
1788527470.917636,398,4.8529209998378064,3.755733998332289,4.5626389983226545,0.995552,5.565552,9042250,1,0,0.0,0.0,0.0,0.012073398,0.646615,-1.254748,-0.100786455,0.668732,-1.3798919,0.07622631,0.756465,-1.3004012,-0.009433985,0.61900496,-1.2284461,-5.4687576,-8.533025,-1.630657,-1.0778196,0.011626571,0.25578457,-2.0260565,0.43018317,-1.7168571,4.875072,-0.8758684,-0.5541999,0.812849,-0.19765173,0.34879714,-1.1869212,0.51544464,-2.73612,0.68596774,-0.9960096,2.4985664,-6.753551,-1.6595265,6.3577385,2.9191172,12.04342,-6.0856175,-9.054212,1.8966017,-2.9438555,7.4214845,5.4527297,-0.17316797,-0.6679336,0.6926719,1.1874375,0.99956053,0.00028118948,0.019974394,0.021903083,0.063915856,0.019174758,0.2716424,-0.20231004,-3.570952,8.810662,0.0014382802,0.039929524,0.043847132,30.38504409790039,9.468347549438477,-0.050130136,-0.27472222,1.1568669,-0.41308856,0.1123433,0.0638138,0.008339828,0.20765212,-0.06141653,0.04491929,0.41406384,0.06912179,-0.036689486,0.16053918,0.7377301,0.3120547,0.028085824,0.68595344,-1.297915,-0.012532534,0.60131943,-1.0107832,-0.009172372,0.7101348,-1.1155674,-0.015354132,0.6812298,-1.196484,0.0,0.0,0.0,0.0,0.0,0.0,0.0,0.0,0.0,0.0,0.0,0.0,0.0,0.0,0.0,0.0,2.0765212,-4.1308856,3.1205468,0.6912179,50.0,50.0,50.0,50.0,50.0,50.0,50.0,50.0,50.0,50.0,50.0,50.0,0.0,0.0,0.0,0.0,1.0,1.0,1.0,1.0,1.0,1.0,1.0,1.0,1.0,1.0,1.0,1.0,0.5,0.5,0.5,0.5
1788527470.9380116,399,5.211363999478635,3.7635420012520626,4.6933309986343374,0.855931,5.558255,9042270,1,0,0.0,0.0,0.0,0.0066839457,0.6617539,-1.293877,-0.09854592,0.6464477,-1.332422,0.060027823,0.7501067,-1.2828034,-0.013127863,0.6255752,-1.2446854,-5.4394794,-8.589766,-1.5919622,-1.0943813,-0.5503244,1.3603089,-0.67130816,-0.6782167,-1.1200264,-0.23455344,-1.3060515,-0.3565482,0.61064774,-0.096888095,0.67434114,-0.5257232,1.9842682,-1.8835046,3.3717058,-0.902997,1.6079884,-0.14842969,-0.14224511,5.1208243,-1.4100821,17.164244,-2.2017071,-1.5585117,8.487292,-0.024738282,2.1027539,2.8449025,-0.024738282,-1.1132227,-0.049476564,0.7668867,0.99958485,0.0045564487,0.019430218,0.020780537,0.78616506,-0.23861921,-0.41971415,-0.8571242,-0.8882488,13.326127,0.009924234,0.03866457,0.04176423,30.56211280822754,3.9650840759277344,-0.43358648,-0.35086784,0.016901724,-0.20775792,-0.06262885,0.50365126,0.7097024,0.12854609,0.08712314,-0.5661299,0.46434653,-0.17778075,0.30832648,0.6887424,0.88920224,0.13319989,-0.015657213,0.79591286,-1.1225743,-0.10839662,0.5822831,-1.2957746,0.07708162,0.8421856,-1.0776994,0.021780785,0.52846754,-1.1839134,0.0,0.0,0.0,0.0,0.0,0.0,0.0,0.0,0.0,0.0,0.0,0.0,0.0,0.0,0.0,0.0,1.285461,-2.0775793,1.3319988,-1.7778075,50.0,50.0,50.0,50.0,50.0,50.0,50.0,50.0,50.0,50.0,50.0,50.0,0.0,0.0,0.0,0.0,1.0,1.0,1.0,1.0,1.0,1.0,1.0,1.0,1.0,1.0,1.0,1.0,0.5,0.5,0.5,0.5
1788527470.9576697,400,4.895194000710035,3.77634200049215,4.595632999553345,0.980703,5.582608,9042290,1,0,0.0,0.0,0.0,0.0025359392,0.67583287,-1.2855047,-0.11274608,0.65341157,-1.3410788,0.056515634,0.75534475,-1.2828034,-0.016216159,0.6162497,-1.2463915,-5.414652,-8.620194,-1.5473634,-1.1087632,-0.8332376,0.51544464,2.8287954,-0.5735775,0.19765173,-1.5508835,1.1897858,0.9882586,-0.13951886,-0.2596601,-0.4224321,0.095034584,0.6704656,-1.0386404,1.6858529,-1.154906,-0.2721211,5.7640195,5.2630696,0.7668867,-4.0570784,3.8880334,-0.074214846,3.7107422,10.858045,2.2017071,-4.304461,3.0819776,0.2721211,-0.5442422,-0.22264454,-0.32159767,0.99971336,0.008194254,0.016621755,0.015165924,0.08309062,-0.2450108,-0.7329019,0.25977087,-0.0011971008,14.293385,0.01689797,0.032991417,0.030617,30.570966720581055,4.033447742462158,-0.42741495,-0.44514626,-0.7156661,-0.13895842,-0.16407275,0.47752446,1.4306965,0.15029106,0.08712533,-1.0019939,0.8159666,-0.30772308,0.42964274,0.98687744,0.2562553,-0.052090902,-0.041018188,0.78938115,-0.94232583,-0.10685374,0.55871344,-1.4789165,0.107410684,0.9167194,-1.2359362,0.021781333,0.41950154,-1.0960083,0.0,0.0,0.0,0.0,0.0,0.0,0.0,0.0,0.0,0.0,0.0,0.0,0.0,0.0,0.0,0.0,1.5029106,-1.3895843,-0.520909,-3.0772307,50.0,50.0,50.0,50.0,50.0,50.0,50.0,50.0,50.0,50.0,50.0,50.0,0.0,0.0,0.0,0.0,1.0,1.0,1.0,1.0,1.0,1.0,1.0,1.0,1.0,1.0,1.0,1.0,0.5,0.5,0.5,0.5
1788527470.9766219,401,3.8341680010489654,2.5026389994309284,3.3924269991985057,0.967966,4.366537,9042310,1,0,0.0,0.0,0.0,0.008561134,0.66783965,-1.2494875,-0.112655245,0.65986073,-1.3662591,0.06556861,0.7566164,-1.2904807,-0.013279259,0.6063792,-1.2325691,-5.416166,-8.622525,-1.5477873,-1.1136378,-0.48444048,-0.24803352,3.6173801,0.10076362,0.046506286,-2.604352,0.44180974,0.41468105,-1.4133867,-0.023253143,-0.97663206,1.629742,-1.2440431,0.06975943,-1.1432796,-0.1782741,-2.0780158,6.5556445,12.802061,0.14842969,-5.318731,-2.7974875,1.7316797,7.9409885,4.314769,1.9790626,-8.831567,5.4527297,1.4842969,-0.7668867,0.34633595,-1.4842969,0.99978447,0.0067336005,0.016269594,0.011001084,0.27377293,0.15765911,-0.17257282,2.9783869,-1.4269443,6.849811,0.013829959,0.032389686,0.022230024,30.429311752319336,8.135258674621582,-0.3694397,0.05333453,-0.76374954,-0.121490344,-0.11738498,-0.29763383,1.6856518,-0.07280895,-0.011432553,-0.665473,0.4243272,-0.21958168,0.18855244,0.6290058,0.14806339,-0.031625606,-0.029346244,0.59559155,-0.878587,-0.09235992,0.68333364,-1.4909374,0.04713811,0.82725143,-1.2629842,-0.0028581382,0.5036318,-1.1939181,0.0,0.0,0.0,0.0,0.0,0.0,0.0,0.0,0.0,0.0,0.0,0.0,0.0,0.0,0.0,0.0,-0.7280895,-1.2149035,-0.31625605,-2.1958168,50.0,50.0,50.0,50.0,50.0,50.0,50.0,50.0,50.0,50.0,50.0,50.0,0.0,0.0,0.0,0.0,1.0,1.0,1.0,1.0,1.0,1.0,1.0,1.0,1.0,1.0,1.0,1.0,0.5,0.5,0.5,0.5
1788527470.9968464,402,4.070080000019516,3.0352639987540897,3.801015998760704,1.014976,4.82156,9042330,1,0,0.0,0.0,0.0,0.0019000769,0.64171016,-1.2244967,-0.1127158,0.6670667,-1.4141239,0.06662832,0.7639133,-1.3039398,-0.010554254,0.5935718,-1.2201211,-5.4458075,-8.619861,-1.5702533,-1.1089752,0.2596601,-0.19377619,1.1485031,0.046506286,0.36817476,-0.8815974,0.096888095,0.6355859,-0.09099056,0.24803352,-0.6045817,-0.5823396,-1.0192627,-0.14339438,-0.76347816,0.46893838,-1.9048477,-2.2017071,16.974585,0.96479297,0.24738282,-3.650958,-1.0637461,2.622258,1.8491865,0.17316797,-4.0570784,2.1336768,0.22264454,-0.47002736,0.17316797,-1.2616524,0.99975085,0.004743243,0.017271504,0.013321955,-0.7329019,0.14061488,0.51239216,1.9405005,3.930082,9.43914,0.0099503575,0.034414813,0.02682021,30.56211280822754,3.9992659091949463,-0.16247593,0.44453368,0.14693859,-0.37104285,0.08258177,-0.5762946,0.5514496,-0.07511522,-0.11622557,0.080800496,0.964557,-0.0969615,-0.0031349175,0.01926727,-0.06349797,0.2759775,0.020645443,0.52592635,-1.1621375,-0.040618982,0.7811334,-1.2632653,-0.00078372937,0.67481685,-1.3158745,-0.029056393,0.69020015,-1.0588607,0.0,0.0,0.0,0.0,0.0,0.0,0.0,0.0,0.0,0.0,0.0,0.0,0.0,0.0,0.0,0.0,-0.75115216,-3.7104285,2.759775,-0.969615,50.0,50.0,50.0,50.0,50.0,50.0,50.0,50.0,50.0,50.0,50.0,50.0,0.0,0.0,0.0,0.0,1.0,1.0,1.0,1.0,1.0,1.0,1.0,1.0,1.0,1.0,1.0,1.0,0.5,0.5,0.5,0.5
1788527471.0171661,403,4.3841700007760664,3.2358459993702127,4.035070998725132,0.995968,5.038047,9042349,1,0,0.0,0.0,0.0,0.009227276,0.6327177,-1.2197734,-0.10871916,0.68377995,-1.425561,0.08028349,0.75791836,-1.2998642,-0.0057401657,0.60983086,-1.2170565,-5.4551935,-8.635908,-1.5770354,-1.1064923,0.7441006,-0.22478038,-1.9047358,0.023253143,0.4185566,1.7086005,0.52707124,-0.35267267,-0.23657545,0.93400127,0.63946146,0.5338113,0.68596774,-1.848625,0.046506286,-0.12401676,-0.24738282,-5.269254,4.646674,3.4880977,4.725012,5.5001445,-4.7992268,-4.0818167,-0.52156544,-2.1274922,3.8839102,8.629538,-0.8411016,-0.8411016,1.2863907,-0.4205508,0.9996461,0.00034721987,0.017740384,0.019821594,-0.5550027,-0.025566343,0.7701861,-0.2717419,3.2142158,5.273229,0.0013983587,0.03546188,0.039676826,30.553260803222656,4.306901454925537,0.02879641,0.3036823,0.7908031,-0.5998563,0.19350971,-0.43283844,-0.035117153,0.13423663,-0.19712271,0.30953896,0.86549723,0.07190995,-0.122765176,-0.23110965,0.31182948,0.2628391,0.04837743,0.5617904,-1.3087792,0.0071991025,0.7459206,-1.1022992,-0.030691294,0.6122226,-1.2220426,-0.049280677,0.7473848,-1.0836257,0.0,0.0,0.0,0.0,0.0,0.0,0.0,0.0,0.0,0.0,0.0,0.0,0.0,0.0,0.0,0.0,1.3423663,-5.9985633,2.628391,0.7190995,50.0,50.0,50.0,50.0,50.0,50.0,50.0,50.0,50.0,50.0,50.0,50.0,0.0,0.0,0.0,0.0,1.0,1.0,1.0,1.0,1.0,1.0,1.0,1.0,1.0,1.0,1.0,1.0,0.5,0.5,0.5,0.5
1788527471.0383787,404,5.592847999650985,3.919740000128513,5.115552999995998,1.017824,6.141281,9042370,1,0,0.0,0.0,0.0,0.015343308,0.63998425,-1.2416997,-0.105933644,0.6806916,-1.3838885,0.07652907,0.7561925,-1.2950302,-0.004710734,0.61079973,-1.2193944,-5.4359975,-8.684867,-1.5633197,-1.1263545,-0.21315381,0.18602514,-1.629742,0.12789229,-0.96500546,3.5445876,-0.7441006,-0.7130964,1.4841571,-0.32166848,0.12014124,-0.31341195,1.2750474,-3.8406441,1.8098696,-1.1665326,1.9048477,-4.1560316,-1.6121113,5.7640195,4.2055078,9.767498,-4.9229183,-6.8030276,2.0388467,-1.9295859,6.9761953,7.491576,-0.024738282,-0.89057815,0.37107423,0.96479297,0.9995294,0.0009268936,0.017502524,0.025175031,0.10226537,-0.019174758,0.2652508,1.4879963,-2.4396915,8.901642,0.002735842,0.034949023,0.050410934,30.464725494384766,6.973079204559326,-0.09732381,-0.23276997,0.83239377,-0.69267577,0.14713915,0.048576713,0.11310994,0.2732294,-0.032853853,-0.07094261,0.6051849,0.008448243,-0.0029783715,0.15838976,0.6742145,0.2945046,0.036784787,0.68214417,-1.2717224,-0.024330953,0.6118075,-1.0919015,-0.00074459286,0.70959747,-1.1314464,-0.008213463,0.65226436,-1.1487037,0.0,0.0,0.0,0.0,0.0,0.0,0.0,0.0,0.0,0.0,0.0,0.0,0.0,0.0,0.0,0.0,2.7322938,-6.926758,2.9450462,0.08448243,50.0,50.0,50.0,50.0,50.0,50.0,50.0,50.0,50.0,50.0,50.0,50.0,0.0,0.0,0.0,0.0,1.0,1.0,1.0,1.0,1.0,1.0,1.0,1.0,1.0,1.0,1.0,1.0,0.5,0.5,0.5,0.5
1788527471.0577016,405,4.92757899883145,3.806327998972847,4.624337001587264,0.974303,5.604688,9042390,1,0,0.0,0.0,0.0,0.011800885,0.6504301,-1.2755052,-0.09812204,0.65680265,-1.3304,0.06674944,0.74359703,-1.2815238,-0.006012678,0.6068939,-1.2261082,-5.4047513,-8.773944,-1.5180547,-1.1521509,-0.5619509,1.7401102,-1.4194527,-0.43018317,-1.3060515,-0.076836474,-0.7557271,-0.41080552,0.493371,-0.08526152,0.28678876,-0.52774525,2.0385253,-4.8676577,3.247689,-1.3564334,1.9790626,-0.049476564,1.1379609,4.2797227,-0.86583984,13.371041,-2.5975196,-1.2616524,7.870897,-0.074214846,1.9295859,4.2673535,0.2721211,-1.1626992,-0.22264454,0.64319533,0.9995002,0.003736853,0.01868665,0.025223771,0.64874595,0.08841694,-0.21624866,-0.60094464,-3.6619315,11.677719,0.0084185805,0.03717467,0.05061856,30.588674545288086,3.213085174560547,-0.38665944,-0.2654722,0.113052204,-0.45316395,-0.011566801,0.31333372,0.7531283,0.15364465,0.069022976,-0.46662724,0.44240433,-0.14923722,0.2614587,0.56076527,0.7601657,0.20919771,-0.0028917002,0.74833345,-1.1117179,-0.09666486,0.603632,-1.2717369,0.065364674,0.81019133,-1.1099585,0.017255744,0.5533432,-1.1893989,0.0,0.0,0.0,0.0,0.0,0.0,0.0,0.0,0.0,0.0,0.0,0.0,0.0,0.0,0.0,0.0,1.5364466,-4.5316396,2.0919771,-1.4923722,50.0,50.0,50.0,50.0,50.0,50.0,50.0,50.0,50.0,50.0,50.0,50.0,0.0,0.0,0.0,0.0,1.0,1.0,1.0,1.0,1.0,1.0,1.0,1.0,1.0,1.0,1.0,1.0,0.5,0.5,0.5,0.5
1788527471.0775647,406,4.794743001184543,3.7281180011632387,4.516077999141999,0.998592,5.520814,9042410,1,0,0.0,0.0,0.0,0.0063205957,0.6603308,-1.2765003,-0.11238275,0.6708212,-1.3417895,0.06036088,0.74335486,-1.2820926,-0.0099487305,0.5966904,-1.229236,-5.374928,-8.845792,-1.4729413,-1.1668657,-0.41080552,0.21702933,2.3435123,-0.7518516,0.5890796,-1.5609936,0.6704656,0.24803352,-0.0060660373,-0.5929552,-1.5695871,-0.16580501,1.2014123,-3.0694149,1.6548486,-1.0153872,-0.074214846,4.4034142,5.5001445,1.5090352,-4.106555,5.3104844,-0.37107423,3.3891447,9.103687,2.1027539,-0.7668867,2.2285068,0.14842969,-0.89057815,0.17316797,-0.12369141,0.99955064,0.008071001,0.019085886,0.021658575,0.41332257,0.09480853,-0.4900216,-0.11372458,-1.1204864,12.192472,0.016974444,0.037814017,0.043650825,30.5975284576416,3.0763583183288574,-0.4006317,-0.33794218,-0.5930366,-0.28062817,-0.1034606,0.31681758,1.3763075,0.12232909,0.024572745,-0.8055283,0.5721105,-0.20701918,0.40154347,0.7933707,0.49307272,0.023625435,-0.02586515,0.7492044,-0.9559231,-0.100157924,0.5855145,-1.4482591,0.10038587,0.8683427,-1.1767318,0.0061431862,0.46861795,-1.1569723,0.0,0.0,0.0,0.0,0.0,0.0,0.0,0.0,0.0,0.0,0.0,0.0,0.0,0.0,0.0,0.0,1.2232909,-2.8062818,0.23625435,-2.0701919,50.0,50.0,50.0,50.0,50.0,50.0,50.0,50.0,50.0,50.0,50.0,50.0,0.0,0.0,0.0,0.0,1.0,1.0,1.0,1.0,1.0,1.0,1.0,1.0,1.0,1.0,1.0,1.0,0.5,0.5,0.5,0.5
1788527471.0975816,407,4.81311099974846,3.7477660007425584,4.536174999884679,0.965886,5.507853,9042430,1,0,0.0,0.0,0.0,0.005230665,0.6536697,-1.2492032,-0.111565255,0.68211466,-1.3642687,0.06902026,0.74184096,-1.285015,-0.009312928,0.5893935,-1.2271981,-5.378955,-8.882367,-1.4661894,-1.1742837,-0.22478038,-0.27128667,2.151421,0.24803352,0.35267267,-2.074585,0.97663206,0.40693003,-0.5358333,0.12401676,-0.8254866,0.4084465,-0.651088,-1.4688236,-0.4650629,-0.15114543,-1.3606055,5.2197776,13.608116,0.34633595,-5.442422,-1.8017715,0.791625,6.234047,6.069125,0.6679336,-5.6403284,3.1293926,0.89057815,-0.6679336,0.37107423,-0.96479297,0.99963784,0.0064370204,0.018686526,0.018266452,-0.1225054,-0.05432848,-0.21305287,0.6584055,-0.24899697,7.3669586,0.013561813,0.03713289,0.036793906,30.50899314880371,5.74253511428833,-0.36777022,0.004474379,-0.6714412,-0.19362712,-0.10745771,-0.0712003,1.3733228,-0.06807502,0.013757458,-0.6346234,0.5497361,-0.17071581,0.26871946,0.5944153,0.34442893,0.027895715,-0.026864428,0.6521999,-0.9566692,-0.091942556,0.6711186,-1.4678602,0.067179866,0.8186039,-1.2138927,0.0034393645,0.5113442,-1.162566,0.0,0.0,0.0,0.0,0.0,0.0,0.0,0.0,0.0,0.0,0.0,0.0,0.0,0.0,0.0,0.0,-0.68075025,-1.9362712,0.27895716,-1.7071581,50.0,50.0,50.0,50.0,50.0,50.0,50.0,50.0,50.0,50.0,50.0,50.0,0.0,0.0,0.0,0.0,1.0,1.0,1.0,1.0,1.0,1.0,1.0,1.0,1.0,1.0,1.0,1.0,0.5,0.5,0.5,0.5
1788527471.1168084,408,4.030621999845607,3.048287999263266,3.741301999980351,1.013408,4.760182,9042450,1,0,0.0,0.0,0.0,0.0041708946,0.63959074,-1.2307049,-0.10799251,0.6913493,-1.407189,0.07422799,0.7455651,-1.2891064,-0.0030454397,0.58654743,-1.2223169,-5.3904905,-8.892328,-1.48699,-1.1699843,0.03100419,-0.2945398,0.6935503,0.038755238,0.36817476,-2.2141037,-0.3410461,0.23640695,-0.3073459,0.29841533,-0.18214962,-0.119298734,-0.9107481,0.07363495,-1.4882011,0.4573118,-1.7069415,0.9400547,13.371041,0.6926719,-1.4100821,-1.2802061,-0.024738282,3.4633594,3.9828634,0.074214846,-3.7107422,3.319053,0.17316797,-0.9895313,0.9400547,-1.0884844,0.9996369,0.0026712853,0.0181876,0.01970052,-0.50387,-0.06178533,0.33023193,-0.059855044,1.6783354,9.909601,0.0060612643,0.036264688,0.039520167,30.588674545288086,3.247267246246338,-0.21978931,0.37032595,0.022520598,-0.33691937,0.06527868,-0.28545302,0.48110193,-0.08542307,-0.041173622,-0.08268969,1.052778,-0.113811985,0.10497013,0.21111687,0.24134095,0.23423265,0.01631967,0.59863675,-1.1797245,-0.054947328,0.7625815,-1.2943698,0.026242532,0.7227792,-1.2396647,-0.0102934055,0.6493276,-1.0368054,0.0,0.0,0.0,0.0,0.0,0.0,0.0,0.0,0.0,0.0,0.0,0.0,0.0,0.0,0.0,0.0,-0.85423064,-3.3691936,2.3423264,-1.1381198,50.0,50.0,50.0,50.0,50.0,50.0,50.0,50.0,50.0,50.0,50.0,50.0,0.0,0.0,0.0,0.0,1.0,1.0,1.0,1.0,1.0,1.0,1.0,1.0,1.0,1.0,1.0,1.0,0.5,0.5,0.5,0.5
1788527471.1377769,409,4.993468999600736,3.8288239993562456,4.671603001042968,1.049985,5.727892,9042470,1,0,0.0,0.0,0.0,0.012376189,0.6302047,-1.22922,-0.10426838,0.7090011,-1.4129708,0.07898156,0.7415987,-1.2907335,0.0030705929,0.5979015,-1.2147343,-5.401754,-8.903622,-1.5049748,-1.1680768,0.4999426,-1.228541,-1.5225754,0.077510476,0.9456278,2.1493993,0.43405867,-0.8836195,-0.052572325,0.62783486,0.59683067,0.4994371,-0.36817476,-1.5269563,-0.17439857,-0.15502095,-0.34633595,-0.4205508,4.1251087,2.4243517,1.9295859,3.508713,-3.1665,-0.049476564,2.323337,-1.311129,2.3006601,9.388178,-0.22264454,-0.74214846,1.1626992,-0.47002736,0.999509,-0.0018475254,0.018436652,0.025270825,-0.41332257,0.21624866,0.7531419,0.51116204,-1.0905589,7.0593038,-0.0027633077,0.036956985,0.050504647,30.615234375,2.631995439529419,0.051429197,0.29703376,0.8019638,-0.43438917,0.21876095,-0.45028615,0.010434365,-0.034415178,-0.22471349,0.3490537,0.7419654,0.054643165,-0.12747106,-0.25203943,0.45010576,0.217937,0.054690238,0.5574285,-1.2973914,0.012857299,0.74425846,-1.099509,-0.031867765,0.60699016,-1.1874735,-0.056178372,0.7572634,-1.1145086,0.0,0.0,0.0,0.0,0.0,0.0,0.0,0.0,0.0,0.0,0.0,0.0,0.0,0.0,0.0,0.0,-0.3441518,-4.3438916,2.17937,0.54643166,50.0,50.0,50.0,50.0,50.0,50.0,50.0,50.0,50.0,50.0,50.0,50.0,0.0,0.0,0.0,0.0,1.0,1.0,1.0,1.0,1.0,1.0,1.0,1.0,1.0,1.0,1.0,1.0,0.5,0.5,0.5,0.5
1788527471.1576128,410,4.832727998291375,3.75189400074305,4.5307990003493614,0.993279,5.529838,9042490,1,0,0.0,0.0,0.0,0.016766429,0.6344435,-1.2521572,-0.10254256,0.7013409,-1.3710456,0.07619603,0.7278225,-1.2898489,0.0012236834,0.6004145,-1.2193787,-5.4005427,-8.945314,-1.4922886,-1.1797035,-0.26741114,0.18214962,-1.5771697,-0.06200838,-0.8719929,2.6892765,-0.5813286,-1.464948,0.35991824,-0.53094673,0.5193202,-0.76634276,0.054257333,-3.084917,1.1045243,-0.6239593,2.1522305,-4.1807694,-0.66381055,6.0856175,3.0428088,10.858045,-5.096086,-4.7002735,4.694089,-2.4985664,7.817297,6.4010305,-0.17316797,-0.51950395,0.47002736,0.51950395,0.99932855,-0.0009474926,0.019568881,0.030962095,0.19494337,0.11398328,0.4026699,1.3862427,-1.5382746,6.623559,-0.0006824495,0.039180182,0.061932612,30.482431411743164,6.631261825561523,-0.04430161,-0.0264048,0.9387772,-0.3613559,0.18041219,0.011981815,0.076975256,0.12843996,-0.07670897,0.1110767,0.4403015,0.07441017,-0.062315434,0.016753746,0.8333629,0.2705565,0.045103047,0.67299545,-1.2807561,-0.011075403,0.6633988,-1.0653057,-0.015578859,0.67418844,-1.0916592,-0.019177243,0.69776917,-1.1899246,0.0,0.0,0.0,0.0,0.0,0.0,0.0,0.0,0.0,0.0,0.0,0.0,0.0,0.0,0.0,0.0,1.2843996,-3.613559,2.705565,0.7441017,50.0,50.0,50.0,50.0,50.0,50.0,50.0,50.0,50.0,50.0,50.0,50.0,0.0,0.0,0.0,0.0,1.0,1.0,1.0,1.0,1.0,1.0,1.0,1.0,1.0,1.0,1.0,1.0,0.5,0.5,0.5,0.5
1788527471.176717,411,3.9446040009352146,2.818233000652981,3.5700330008694436,1.032928,4.611345,9042510,1,0,0.0,0.0,0.0,0.012527466,0.64673615,-1.2801337,-0.10378393,0.6908649,-1.3526736,0.0669311,0.719375,-1.2811763,-0.0038024187,0.60338175,-1.2329324,-5.389915,-9.001479,-1.4559555,-1.2029868,-0.16664752,1.6548486,-1.1586131,-0.09301257,-0.8371132,-0.119298734,-0.5076936,-0.36817476,0.25275156,-0.10076362,0.43018317,-0.8977735,0.7906069,-2.9492736,2.5617213,-1.058018,1.9048477,-0.32159767,0.85347074,4.8487034,-0.5442422,15.220228,-3.7107422,-1.8801094,10.004574,-0.56898046,4.4034142,2.9871476,0.17316797,-0.44528908,-0.024738282,0.8411016,0.99929893,0.0018162677,0.020357702,0.03136936,0.25779396,-0.05432848,-0.2599245,0.31124622,0.80445176,9.48463,0.0049112677,0.040584046,0.0628618,30.56211280822754,4.067629337310791,-0.3011083,-0.3532007,0.20198856,-0.1785487,-0.0060562184,0.4244924,0.5688702,0.0051540397,0.074345626,-0.4923653,0.53615636,-0.08593184,0.23896399,0.592355,0.90430087,0.15295357,-0.0015140546,0.7761231,-1.1577824,-0.075277075,0.58169985,-1.2495028,0.059740998,0.81808877,-1.0739248,0.018586406,0.5469087,-1.1659609,0.0,0.0,0.0,0.0,0.0,0.0,0.0,0.0,0.0,0.0,0.0,0.0,0.0,0.0,0.0,0.0,0.051540397,-1.7854869,1.5295357,-0.8593184,50.0,50.0,50.0,50.0,50.0,50.0,50.0,50.0,50.0,50.0,50.0,50.0,0.0,0.0,0.0,0.0,1.0,1.0,1.0,1.0,1.0,1.0,1.0,1.0,1.0,1.0,1.0,1.0,0.5,0.5,0.5,0.5
1788527471.1973872,412,4.589169000610127,3.2957839994196547,4.197636000753846,1.026625,5.232709,9042530,1,0,0.0,0.0,0.0,0.008682251,0.6620263,-1.2744942,-0.10926417,0.69495237,-1.3613936,0.069262475,0.72882164,-1.2824559,-0.0003810525,0.59650874,-1.2367395,-5.3798027,-9.038206,-1.4194711,-1.2204267,-0.38367686,0.5464489,2.3050942,-0.36429924,0.12014124,-0.7461226,0.18602514,0.07363495,-0.28308174,0.37980133,-0.43405867,0.4185566,-0.09301257,-0.5658265,1.3215537,-1.1704081,-0.074214846,5.516637,3.650958,2.1274922,-6.036141,6.4484453,-0.6926719,4.7002735,11.095119,0.64319533,-2.3501368,3.0345626,0.074214846,-0.6679336,0.049476564,0.14842969,0.999442,0.003046172,0.019656362,0.0268367,0.13954963,-0.092677996,-0.62424487,1.0079589,-2.195483,11.09473,0.0071495026,0.039137278,0.0538304,30.56211280822754,3.9992659091949463,-0.355015,-0.43823868,-0.54189825,-0.022193234,-0.1230788,0.35761973,1.2962464,-0.047896102,0.07700763,-0.91336894,0.7425523,-0.21884127,0.37639758,0.8801675,0.5092166,-0.099706784,-0.0307697,0.75940496,-0.9759383,-0.08875375,0.56044036,-1.4354745,0.094099395,0.8900419,-1.1726958,0.019251907,0.44165778,-1.1143619,0.0,0.0,0.0,0.0,0.0,0.0,0.0,0.0,0.0,0.0,0.0,0.0,0.0,0.0,0.0,0.0,-0.47896102,-0.22193235,-0.9970678,-2.1884127,50.0,50.0,50.0,50.0,50.0,50.0,50.0,50.0,50.0,50.0,50.0,50.0,0.0,0.0,0.0,0.0,1.0,1.0,1.0,1.0,1.0,1.0,1.0,1.0,1.0,1.0,1.0,1.0,0.5,0.5,0.5,0.5
1788527471.2178872,413,5.093568999654963,3.8831940000818577,4.749493000417715,1.038689,5.794582,9042550,1,0,0.0,0.0,0.0,0.006956458,0.66111803,-1.2536106,-0.10947611,0.6958909,-1.3712825,0.07322882,0.7301538,-1.2857258,-0.00041133165,0.5870621,-1.2287936,-5.396546,-9.035692,-1.4237403,-1.2241509,-0.7285985,0.24803352,2.4021509,-0.16664752,-0.19377619,-1.7025344,0.6665901,0.60070616,-0.60660374,-0.20152724,-0.81386006,0.7825188,-2.309812,0.81773555,-1.2246655,0.081386,-1.2616524,4.89818,12.422741,1.2616524,-6.8030276,-1.2327911,0.37107423,7.8420353,6.4010305,1.2863907,-6.9267187,5.0259943,1.0884844,-0.51950395,0.14842969,-1.1626992,0.99954194,0.0029115388,0.019423958,0.023024125,0.25353292,0.14700648,-0.20346548,0.12330139,-2.5318682,9.65821,0.006719934,0.038705714,0.04619127,30.482431411743164,6.870533466339111,-0.3470068,0.01448071,-0.6798319,0.058951117,-0.112775624,-0.19008242,1.5529994,-0.1442537,-0.010083254,-0.650946,0.5470524,-0.20485002,0.21715456,0.5738622,0.254664,-0.08373138,-0.028193906,0.62247944,-0.9117501,-0.0867517,0.6736202,-1.469958,0.05428864,0.8134656,-1.236334,-0.0025208136,0.50726354,-1.1632369,0.0,0.0,0.0,0.0,0.0,0.0,0.0,0.0,0.0,0.0,0.0,0.0,0.0,0.0,0.0,0.0,-1.4425371,0.58951116,-0.83731383,-2.0485,50.0,50.0,50.0,50.0,50.0,50.0,50.0,50.0,50.0,50.0,50.0,50.0,0.0,0.0,0.0,0.0,1.0,1.0,1.0,1.0,1.0,1.0,1.0,1.0,1.0,1.0,1.0,1.0,0.5,0.5,0.5,0.5
1788527471.2377408,414,4.955484000674915,3.8122799996926915,4.634705999706057,0.989983,5.630545,9042570,1,0,0.0,0.0,0.0,0.0010523796,0.64513147,-1.2312105,-0.11086888,0.70115924,-1.4092269,0.073804095,0.7339083,-1.2904018,0.0004364848,0.5800378,-1.2163141,-5.4362097,-9.010592,-1.4597403,-1.2173686,0.019377619,-1.5579605,1.1707453,-0.019377619,0.24803352,-2.2970061,-0.7441006,0.26353562,-0.2709497,-0.12401676,-0.22090487,-0.13547485,-2.042401,1.5192053,-2.3563185,0.4379342,-1.58325,0.44528908,15.552134,1.1626992,-1.6079884,-0.85347074,-0.24738282,3.8096955,2.7974875,0.0,-3.5623126,3.2242227,0.4205508,-0.47002736,0.7668867,-1.2121758,0.99949807,0.0015867754,0.020258352,0.02430646,-0.34727618,0.08522114,0.35153723,-0.80924016,1.2378023,10.483012,0.0041601867,0.04043024,0.048711862,30.579822540283203,3.6232664585113525,-0.17622904,0.47472957,0.09206704,-0.05711803,0.053385902,-0.3457764,0.65425843,-0.08558509,-0.097808875,-0.005672749,1.0536466,-0.114081725,0.037065297,0.07241909,0.16822253,0.11328465,0.013346476,0.58355594,-1.1364354,-0.04405726,0.7886824,-1.2769831,0.009266324,0.6881048,-1.2579443,-0.024452219,0.66858184,-1.0365883,0.0,0.0,0.0,0.0,0.0,0.0,0.0,0.0,0.0,0.0,0.0,0.0,0.0,0.0,0.0,0.0,-0.8558509,-0.5711803,1.1328465,-1.1408173,50.0,50.0,50.0,50.0,50.0,50.0,50.0,50.0,50.0,50.0,50.0,50.0,0.0,0.0,0.0,0.0,1.0,1.0,1.0,1.0,1.0,1.0,1.0,1.0,1.0,1.0,1.0,1.0,0.5,0.5,0.5,0.5
1788527471.257596,415,4.823256000236142,3.756469999643741,4.538031000265619,0.980351,5.524206,9042590,1,0,0.0,0.0,0.0,0.006744504,0.6387732,-1.2219534,-0.10950639,0.71327025,-1.422749,0.076741025,0.7334844,-1.2904491,0.0026770234,0.5951765,-1.2121121,-5.460492,-8.99724,-1.4907748,-1.2170053,0.7944824,0.038755238,-1.1646792,0.21315381,1.5889648,2.3050942,0.3100419,-1.302176,0.10312264,0.7169719,2.1354136,0.9281037,-0.5503244,-0.27128667,-0.9301258,-0.22090487,-0.47002736,-2.9685938,5.64239,3.1665,2.548043,4.646674,-3.8096955,-1.0637461,1.3276211,-2.1027539,1.9048477,8.676952,-0.074214846,-0.12369141,0.9895313,-0.44528908,0.9993624,-0.001978897,0.019870395,0.02959873,-0.5166532,0.03941478,0.65513754,-0.6452374,1.365892,5.2026005,-0.0027812044,0.03984314,0.059162505,30.5975284576416,3.4181759357452393,0.05829358,0.1961595,0.73252463,-0.2397016,0.2384387,-0.6044697,0.04257179,-0.016794011,-0.2246489,0.22215751,0.7386124,0.0753842,-0.16456237,-0.3586401,0.36793578,0.1337028,0.059609674,0.5188826,-1.289357,0.014573395,0.7190399,-1.1168687,-0.041140594,0.58033997,-1.208016,-0.056162223,0.7255394,-1.1153469,0.0,0.0,0.0,0.0,0.0,0.0,0.0,0.0,0.0,0.0,0.0,0.0,0.0,0.0,0.0,0.0,-0.16794011,-2.397016,1.337028,0.753842,50.0,50.0,50.0,50.0,50.0,50.0,50.0,50.0,50.0,50.0,50.0,50.0,0.0,0.0,0.0,0.0,1.0,1.0,1.0,1.0,1.0,1.0,1.0,1.0,1.0,1.0,1.0,1.0,0.5,0.5,0.5,0.5
1788527471.2775452,416,4.768694001541007,3.6872839991701767,4.478476999793202,0.987807,5.472269,9042610,1,0,0.0,0.0,0.0,0.012799978,0.64083207,-1.2386508,-0.10351143,0.70503473,-1.3748052,0.07023135,0.72794354,-1.281903,0.0009814501,0.60053563,-1.2156664,-5.455678,-9.009563,-1.4928639,-1.2335671,0.054257333,0.034879714,-1.767239,0.13951886,-1.6083423,2.6609683,-1.0890222,-0.77898026,0.82902515,-0.4573118,0.5929552,-0.9078836,0.6355859,-1.6083423,0.43405867,-0.8409887,2.3996134,-6.407215,-0.85347074,5.961926,2.2264454,10.194234,-4.7002735,-6.8030276,2.8923175,-2.548043,6.036141,6.02171,-0.4205508,-0.32159767,0.44528908,0.791625,0.9992108,-0.0012432394,0.019312229,0.034690242,0.21092233,0.04154531,0.33768877,-1.151611,-5.422867,9.952697,-0.001145482,0.03868988,0.06938525,30.491287231445312,6.631261825561523,-0.029434042,0.11133304,0.8961858,-0.23415878,0.14907,0.02127,0.09716433,0.20663592,-0.11431269,0.11886947,0.57316256,0.07544349,-0.043266974,0.026607633,0.84619033,0.2338686,0.0372675,0.6753175,-1.2757089,-0.0073585105,0.6978333,-1.0759535,-0.010816744,0.67665195,-1.0884523,-0.028578173,0.6997174,-1.1567093,0.0,0.0,0.0,0.0,0.0,0.0,0.0,0.0,0.0,0.0,0.0,0.0,0.0,0.0,0.0,0.0,2.0663593,-2.3415878,2.338686,0.75443494,50.0,50.0,50.0,50.0,50.0,50.0,50.0,50.0,50.0,50.0,50.0,50.0,0.0,0.0,0.0,0.0,1.0,1.0,1.0,1.0,1.0,1.0,1.0,1.0,1.0,1.0,1.0,1.0,0.5,0.5,0.5,0.5
1788527471.2975593,417,4.7733020001032855,3.6982279998483136,4.485357001613011,0.937213,5.428875,9042630,1,0,0.0,0.0,0.0,0.009015322,0.65318525,-1.2690284,-0.101846166,0.690986,-1.3447752,0.05921033,0.7188603,-1.2667853,-0.0038931966,0.6042598,-1.2255079,-5.436179,-9.043534,-1.46407,-1.2525814,-0.25190905,1.5230808,-1.281956,-0.36817476,-0.09301257,-0.23050943,-0.7285985,-0.41080552,0.9119276,-0.28291324,0.15114543,-0.33565408,1.6199689,-1.2517942,2.4609575,-1.0386404,1.6822032,-0.2721211,0.61639553,5.269254,0.47002736,14.414172,-2.8449025,-1.6327267,8.676952,-0.96479297,4.7992268,3.8406184,0.17316797,-0.59371877,-0.074214846,0.86583984,0.99919,0.0010402168,0.020197006,0.034792166,0.21944445,-0.08841694,-0.25885922,-2.3798366,-1.8471266,11.988965,0.0034869814,0.040299818,0.0696829,30.570966720581055,3.9309024810791016,-0.30809107,-0.4829988,0.29418412,-0.09609592,0.0048670773,0.36283305,0.4740076,0.17958012,0.109569676,-0.5354694,0.5964287,-0.09832521,0.20732066,0.455975,0.81271404,0.07123038,0.0012167693,0.7607083,-1.181498,-0.07702277,0.5492503,-1.2264539,0.051830165,0.7839938,-1.0968214,0.027392419,0.5361327,-1.1508927,0.0,0.0,0.0,0.0,0.0,0.0,0.0,0.0,0.0,0.0,0.0,0.0,0.0,0.0,0.0,0.0,1.7958012,-0.9609592,0.7123038,-0.98325205,50.0,50.0,50.0,50.0,50.0,50.0,50.0,50.0,50.0,50.0,50.0,50.0,0.0,0.0,0.0,0.0,1.0,1.0,1.0,1.0,1.0,1.0,1.0,1.0,1.0,1.0,1.0,1.0,0.5,0.5,0.5,0.5
1788527471.317559,418,4.777110998475109,3.7022599990450544,4.489644999921438,0.969087,5.46446,9042650,1,0,0.0,0.0,0.0,0.007683158,0.6655991,-1.2765635,-0.108113624,0.68547547,-1.3493404,0.05809006,0.72219086,-1.2655058,0.00049704313,0.59620595,-1.2290622,-5.41005,-9.067211,-1.4315821,-1.268235,-0.18602514,0.577453,1.0837988,-0.11626572,0.038755238,-0.7319685,0.10463915,1.7091061,-0.15569495,0.43018317,-0.569702,0.036396224,0.93787676,-0.63946146,1.2866739,-1.0696446,-0.12369141,4.4281526,3.1293926,1.7069415,-7.396746,7.064841,-0.4205508,1.6079884,8.866612,0.9895313,-2.7459493,3.9828634,0.4205508,-0.12369141,-0.34633595,0.049476564,0.99936366,0.0026555653,0.018674506,0.030276591,0.49534792,0.009587379,-0.596548,-0.16519992,-0.7577648,8.973468,0.0064430465,0.037173003,0.060692992,30.579822540283203,3.5890848636627197,-0.37985596,-0.41973704,-0.5534943,0.06882071,-0.12467954,0.3414861,1.3974974,0.12813675,0.067649536,-0.82973087,0.6452473,-0.11557852,0.37987193,0.77829266,0.5419512,-0.09695572,-0.031169886,0.7553716,-0.9506256,-0.09496399,0.56506574,-1.4383736,0.09496798,0.8645732,-1.1645122,0.016912384,0.4625673,-1.1386881,0.0,0.0,0.0,0.0,0.0,0.0,0.0,0.0,0.0,0.0,0.0,0.0,0.0,0.0,0.0,0.0,1.2813675,0.6882071,-0.96955717,-1.1557852,50.0,50.0,50.0,50.0,50.0,50.0,50.0,50.0,50.0,50.0,50.0,50.0,0.0,0.0,0.0,0.0,1.0,1.0,1.0,1.0,1.0,1.0,1.0,1.0,1.0,1.0,1.0,1.0,0.5,0.5,0.5,0.5
1788527471.337637,419,4.856665000261273,3.7615579985867953,4.563407001114683,0.998943,5.568719,9042670,1,0,0.0,0.0,0.0,0.0062297583,0.6661744,-1.2474971,-0.110233046,0.6852938,-1.359577,0.06254086,0.7254911,-1.2682071,-0.0018040538,0.5879705,-1.2222064,-5.401118,-9.056463,-1.4294021,-1.2716866,0.20540276,-0.3720503,2.588176,-0.15889648,-0.33717057,-2.086717,0.7479761,0.06975943,-0.45090875,-0.14339438,-0.25578457,0.44686472,-0.6665901,1.1820347,-0.902997,0.16664752,-2.1522305,5.1208243,12.185665,0.9400547,-5.9371877,-1.7069415,0.9895313,7.19884,5.784635,1.2121758,-6.308262,3.8406184,1.0884844,-0.2721211,-0.024738282,-0.6679336,0.99948186,0.003058441,0.019090502,0.025734128,0.19920443,0.10120011,-0.29614347,-0.5434838,2.432509,13.166912,0.0071014566,0.03801296,0.05161855,30.500139236450195,6.221080303192139,-0.3311289,0.03337412,-0.7853057,0.0752281,-0.10341968,-0.14818005,1.6291984,0.06895536,0.026550084,-0.69592094,0.45843512,-0.13265555,0.2509174,0.56463003,0.40913522,-0.15929917,-0.02585492,0.632955,-0.8927003,-0.082782224,0.67834353,-1.4963263,0.06272935,0.8111575,-1.1977161,0.006637521,0.49601978,-1.1853912,0.0,0.0,0.0,0.0,0.0,0.0,0.0,0.0,0.0,0.0,0.0,0.0,0.0,0.0,0.0,0.0,0.6895536,0.752281,-1.5929916,-1.3265555,50.0,50.0,50.0,50.0,50.0,50.0,50.0,50.0,50.0,50.0,50.0,50.0,0.0,0.0,0.0,0.0,1.0,1.0,1.0,1.0,1.0,1.0,1.0,1.0,1.0,1.0,1.0,1.0,0.5,0.5,0.5,0.5
1788527471.357529,420,4.754134000904742,3.704500999447191,4.482700998778455,0.933501,5.421963,9042690,1,0,0.0,0.0,0.0,0.003868103,0.6473417,-1.2170405,-0.10881,0.69268155,-1.4077735,0.06578055,0.728428,-1.2700553,0.0006786585,0.58158195,-1.2154769,-5.425552,-9.0240965,-1.4630708,-1.2597874,0.2092783,-1.147155,0.84924525,0.18214962,0.9533789,-3.1947799,-0.046506286,0.51544464,0.10514465,0.24028248,-0.10076362,-0.38216037,-0.49606705,1.6781018,-2.3911982,0.81773555,-1.8801094,0.4205508,16.073698,1.1874375,-1.6822032,-1.5172813,-0.049476564,3.8096955,3.413883,0.14842969,-4.378676,2.0862617,0.56898046,-0.47002736,0.44528908,-1.0884844,0.9994646,0.0004558423,0.019635348,0.026170779,-0.64874595,-0.059654802,0.32384035,-0.8774749,-0.48602295,9.26197,0.0019404356,0.039235875,0.052395713,30.579822540283203,3.794175148010254,-0.17041123,0.43965372,-0.030676669,-0.10065889,0.06783752,-0.375745,0.5817868,0.0162903,-0.051419087,-0.05339927,1.0655788,-0.08502892,0.07672078,0.018775912,0.19093819,0.09918252,0.01695938,0.57606375,-1.1545533,-0.042602807,0.7799134,-1.3076692,0.019180195,0.674694,-1.2522655,-0.012854772,0.6566502,-1.0336052,0.0,0.0,0.0,0.0,0.0,0.0,0.0,0.0,0.0,0.0,0.0,0.0,0.0,0.0,0.0,0.0,0.162903,-1.0065889,0.99182516,-0.85028917,50.0,50.0,50.0,50.0,50.0,50.0,50.0,50.0,50.0,50.0,50.0,50.0,0.0,0.0,0.0,0.0,1.0,1.0,1.0,1.0,1.0,1.0,1.0,1.0,1.0,1.0,1.0,1.0,0.5,0.5,0.5,0.5
1788527471.3775997,421,4.824118999749771,3.761142999792355,4.54292699942016,1.058338,5.607377,9042709,1,0,0.0,0.0,0.0,0.01673615,0.63756216,-1.213502,-0.10202784,0.70803225,-1.426398,0.07407659,0.72606635,-1.2705766,0.00973165,0.5974776,-1.2135022,-5.428277,-9.007716,-1.5043391,-1.2479489,0.887495,-0.2092783,-1.5812138,0.39917895,1.6664752,1.8380094,0.3759258,-1.4261928,-0.15973899,0.8293621,2.2904346,0.8977735,0.15502095,-0.40693003,-1.4261928,0.40693003,-0.86583984,-3.1170235,4.2673535,2.622258,2.1522305,3.650958,-3.339668,-1.2121758,0.85347074,-2.0780158,0.791625,8.819198,-0.024738282,-0.2721211,1.1626992,-0.59371877,0.999324,-0.006112292,0.018895319,0.03093728,-0.8213188,-0.12783171,0.69135654,-1.4389153,-0.8535329,8.694544,-0.01105545,0.038152542,0.061685722,30.606380462646484,2.8370859622955322,0.101606786,0.24051726,0.81671,-0.2573395,0.25702855,-0.5133381,-0.13284607,0.09214487,-0.2170599,0.24321905,0.8410173,0.07926789,-0.17126802,-0.39198765,0.4824148,0.15118752,0.06425714,0.5416655,-1.3332114,0.025401697,0.73012936,-1.0958225,-0.042817004,0.5720031,-1.1793963,-0.054264974,0.7308048,-1.0897456,0.0,0.0,0.0,0.0,0.0,0.0,0.0,0.0,0.0,0.0,0.0,0.0,0.0,0.0,0.0,0.0,0.9214487,-2.573395,1.5118753,0.7926789,50.0,50.0,50.0,50.0,50.0,50.0,50.0,50.0,50.0,50.0,50.0,50.0,0.0,0.0,0.0,0.0,1.0,1.0,1.0,1.0,1.0,1.0,1.0,1.0,1.0,1.0,1.0,1.0,0.5,0.5,0.5,0.5
1788527471.3975396,422,4.7556699992128415,3.704468999785604,4.47086099848093,0.99712,5.473773,9042730,1,0,0.0,0.0,0.0,0.023851275,0.641044,-1.238714,-0.09884869,0.7027942,-1.3914869,0.07004969,0.7199806,-1.2656953,0.00827837,0.60135317,-1.2161403,-5.411291,-9.022734,-1.5051868,-1.2563661,0.37980133,-0.0038755238,-2.4628112,0.054257333,-1.7207327,2.3516004,-1.1355284,-1.22079,0.6308679,-0.6239593,0.11626572,-0.6935503,1.0541425,-1.6083423,0.9533789,-0.58520406,1.8306329,-5.1950393,-2.0862617,6.48143,3.1912384,12.422741,-4.74975,-6.5061684,3.650958,-2.5975196,6.679336,7.2545013,-0.024738282,-0.4205508,0.2721211,0.74214846,0.99912876,-0.005991026,0.019287672,0.03652155,0.49428263,0.121440135,0.34408036,-0.9576807,-6.075287,11.2312,-0.010571011,0.038989212,0.07286815,30.47357940673828,7.109805583953857,-0.04074447,0.24244171,0.7394044,-0.24399495,0.14135498,0.09587064,0.11260485,0.25189498,-0.09066689,0.20286763,0.5757711,0.08274059,-0.047886506,-0.023968533,1.0458298,0.2508378,0.035338745,0.6939677,-1.2718488,-0.010186117,0.73061043,-1.1151489,-0.011971626,0.6640079,-1.0385425,-0.022666723,0.72071695,-1.1560571,0.0,0.0,0.0,0.0,0.0,0.0,0.0,0.0,0.0,0.0,0.0,0.0,0.0,0.0,0.0,0.0,2.5189497,-2.4399495,2.508378,0.8274059,50.0,50.0,50.0,50.0,50.0,50.0,50.0,50.0,50.0,50.0,50.0,50.0,0.0,0.0,0.0,0.0,1.0,1.0,1.0,1.0,1.0,1.0,1.0,1.0,1.0,1.0,1.0,1.0,0.5,0.5,0.5,0.5
1788527471.4175153,423,4.731189001176972,3.6568509985954734,4.444684000191046,0.992447,5.442571,9042750,1,0,0.0,0.0,0.0,0.018371105,0.6590289,-1.2834352,-0.09473095,0.68420386,-1.344475,0.058756173,0.70726407,-1.2499458,0.0019503236,0.60123205,-1.2233437,-5.3778043,-9.0613985,-1.471276,-1.2751987,-0.77898026,1.5657116,-0.8209371,-0.7944824,-0.06200838,-0.5843616,-0.9533789,-0.80998445,1.134349,-0.577453,-0.046506286,-0.46304086,2.3408163,-1.9493885,2.8175058,-1.3448068,1.6822032,0.12369141,0.85347074,5.1950393,2.3253984,13.465872,-2.548043,-1.2863907,10.289063,-0.56898046,6.2587852,3.9828634,0.024738282,-0.14842969,-0.12369141,0.9895313,0.9990907,-0.002639786,0.02160703,0.036663305,0.65833336,0.106526434,-0.2599245,-1.7729063,-3.1866825,12.376825,-0.0036938842,0.043381937,0.07328031,30.56211280822754,4.067629337310791,-0.28195104,-0.5303539,0.20785765,-0.15309882,0.017780703,0.30759817,0.5565006,0.18915445,0.11261724,-0.5143128,0.44449246,-0.08988748,0.22744608,0.39957076,0.8182131,0.065212265,0.0044451756,0.74689955,-1.1608748,-0.07048776,0.5374116,-1.2480356,0.05686152,0.7698927,-1.0954467,0.02815431,0.54142183,-1.1888769,0.0,0.0,0.0,0.0,0.0,0.0,0.0,0.0,0.0,0.0,0.0,0.0,0.0,0.0,0.0,0.0,1.8915445,-1.5309882,0.6521226,-0.89887476,50.0,50.0,50.0,50.0,50.0,50.0,50.0,50.0,50.0,50.0,50.0,50.0,0.0,0.0,0.0,0.0,1.0,1.0,1.0,1.0,1.0,1.0,1.0,1.0,1.0,1.0,1.0,1.0,0.5,0.5,0.5,0.5
1788527471.4382422,424,5.44621900007769,3.7458780007000314,4.794423000930692,1.08109,5.887129,9042770,1,0,0.0,0.0,0.0,0.015827775,0.6707766,-1.277859,-0.106296964,0.67875385,-1.3621203,0.054729253,0.7106248,-1.2502143,0.0016475916,0.59435904,-1.2316214,-5.345922,-9.088346,-1.4381222,-1.2937286,-0.39530346,0.42630762,1.5670596,-0.162772,0.51156914,-0.9281037,0.3410461,1.1239018,-0.3417201,0.7867313,-1.4920766,-0.33565408,0.9533789,-1.3603089,1.1239018,-1.3448068,-0.14842969,3.5375743,4.694089,2.0038009,-8.138895,6.6855206,-0.22264454,2.1027539,8.297632,0.64319533,-1.3606055,2.418167,0.51950395,-0.024738282,-0.24738282,0.22264454,0.99928457,0.0010593552,0.021070879,0.031390198,0.5795038,0.040480044,-0.73183656,0.20111294,1.3204023,10.508151,0.003443084,0.0420575,0.06287712,30.5975284576416,3.452357769012451,-0.38274205,-0.49272195,-0.71880364,0.0676922,-0.14979757,0.35389528,1.6120272,0.14362541,0.08766269,-0.93600345,0.6118396,-0.13785559,0.44661123,0.8096962,0.60871994,-0.16835032,-0.037449393,0.7584738,-0.89699316,-0.09568551,0.5468195,-1.4797008,0.11165281,0.87242407,-1.14782,0.021915672,0.43599916,-1.14704,0.0,0.0,0.0,0.0,0.0,0.0,0.0,0.0,0.0,0.0,0.0,0.0,0.0,0.0,0.0,0.0,1.436254,0.67692196,-1.6835033,-1.3785559,50.0,50.0,50.0,50.0,50.0,50.0,50.0,50.0,50.0,50.0,50.0,50.0,0.0,0.0,0.0,0.0,1.0,1.0,1.0,1.0,1.0,1.0,1.0,1.0,1.0,1.0,1.0,1.0,0.5,0.5,0.5,0.5
1788527471.4585655,425,5.7686620002641575,4.163618999882601,5.353767999622505,0.964062,6.327303,9042790,1,0,0.0,0.0,0.0,0.016070008,0.6665679,-1.2565646,-0.10535837,0.68105495,-1.3718195,0.061783925,0.7142884,-1.2532157,0.00034564734,0.586275,-1.2268981,-5.347466,-9.082259,-1.4400296,-1.2983611,-0.6162083,-0.23253144,2.7964432,-0.28678876,-0.23640695,-2.3839529,0.724723,0.54257333,-0.5479654,-0.11626572,-1.1083997,0.68748426,-1.0541425,1.4223173,-1.3951886,0.13176781,-2.2264454,5.0466094,16.073698,0.6926719,-6.7782893,-2.5129972,1.9790626,7.817297,6.2587852,1.2616524,-6.8030276,3.2242227,1.311129,-0.4205508,-0.049476564,-0.791625,0.99942017,0.000346941,0.021849716,0.026112258,0.15446332,0.092677996,-0.3643204,0.46926352,-0.60094464,9.443929,0.0018363221,0.043669857,0.052283034,30.447019577026367,7.861804962158203,-0.3520289,-0.102238074,-0.8245171,0.057563685,-0.13443439,-0.09585115,1.660527,0.096277304,0.07774629,-0.8264097,0.6409736,-0.17970769,0.28741947,0.6484641,0.3556805,-0.19145675,-0.033608597,0.6460372,-0.8848682,-0.08800723,0.6444405,-1.5061293,0.07185487,0.832116,-1.2110798,0.019436572,0.4633976,-1.1397566,0.0,0.0,0.0,0.0,0.0,0.0,0.0,0.0,0.0,0.0,0.0,0.0,0.0,0.0,0.0,0.0,0.962773,0.57563686,-1.9145675,-1.797077,50.0,50.0,50.0,50.0,50.0,50.0,50.0,50.0,50.0,50.0,50.0,50.0,0.0,0.0,0.0,0.0,1.0,1.0,1.0,1.0,1.0,1.0,1.0,1.0,1.0,1.0,1.0,1.0,0.5,0.5,0.5,0.5
1788527471.4769833,426,4.219043999910355,2.7466789997561136,3.8620730010734405,0.978751,4.848152,9042810,1,0,0.0,0.0,0.0,0.011165023,0.6466756,-1.2263608,-0.104752816,0.68835187,-1.428973,0.067082494,0.72276616,-1.2583023,0.007036984,0.57931113,-1.2139761,-5.3631196,-9.049923,-1.481964,-1.284827,0.015502095,-0.77122927,1.603456,0.065883905,0.1472699,-2.946072,-0.023253143,0.6627146,-0.29319182,0.47668946,-0.29841533,0.17995912,-0.5929552,1.968766,-2.8368835,0.9107481,-2.3253984,0.74214846,16.453018,0.7668867,-2.3996134,-1.5172813,0.34633595,4.997133,2.5129972,0.24738282,-5.7145433,4.0776935,0.791625,-0.64319533,0.51950395,-1.3606055,0.9993987,-0.0031051077,0.021924859,0.026683979,-0.50387,-0.08309062,0.31531823,-0.59495914,0.676362,11.191696,-0.005041297,0.044003267,0.053276457,30.54440689086914,4.751264572143555,-0.19418739,0.44595096,-0.17591129,-0.051392734,0.027018212,-0.42495504,0.7146117,0.015297782,0.008934273,-0.16746813,1.2019906,-0.08648789,0.07643473,0.07271787,0.14859052,0.13633719,0.006754553,0.56376123,-1.1213471,-0.048546847,0.78148776,-1.3439778,0.019108683,0.6881795,-1.2628523,0.0022335683,0.628133,-0.9995023,0.0,0.0,0.0,0.0,0.0,0.0,0.0,0.0,0.0,0.0,0.0,0.0,0.0,0.0,0.0,0.0,0.15297782,-0.51392734,1.3633718,-0.8648789,50.0,50.0,50.0,50.0,50.0,50.0,50.0,50.0,50.0,50.0,50.0,50.0,0.0,0.0,0.0,0.0,1.0,1.0,1.0,1.0,1.0,1.0,1.0,1.0,1.0,1.0,1.0,1.0,0.5,0.5,0.5,0.5
1788527471.4971426,427,4.377545999886934,3.205476999937673,4.063936001330148,1.00864,5.079104,9042830,1,0,0.0,0.0,0.0,0.016463637,0.6305983,-1.2174355,-0.10136173,0.7054889,-1.4424479,0.073138,0.7252186,-1.2600716,0.012335539,0.5905138,-1.2071202,-5.365421,-9.034815,-1.5239286,-1.2721407,0.24028248,-0.8371132,-0.9503459,0.034879714,0.8448642,1.314308,0.5890796,-0.86811733,-0.17995912,0.41468105,1.2750474,0.8876635,0.08526152,-0.26353562,-0.9998852,0.5503244,-0.8411016,-2.8696408,5.689805,2.6469963,3.3644063,3.1293926,-3.339668,-1.1132227,-0.14224511,-1.0390079,0.37107423,10.383894,0.049476564,-0.12369141,1.0637461,-0.6679336,0.99918115,-0.008731294,0.02166571,0.033034638,-0.61039644,0.012783172,0.8532767,-0.8295909,-0.6560113,7.860164,-0.016032977,0.043886892,0.065747455,30.606380462646484,3.0421764850616455,0.08562386,0.43464592,0.7898724,-0.3408347,0.23491159,-0.5309004,-0.09389867,0.08347726,-0.23132902,0.32242548,0.94198334,0.05128635,-0.16860896,-0.39477408,0.4282088,0.21542403,0.058727898,0.5372749,-1.3234746,0.021405965,0.7786615,-1.1025319,-0.04215224,0.57130647,-1.1929477,-0.057832256,0.7506064,-1.0645041,0.0,0.0,0.0,0.0,0.0,0.0,0.0,0.0,0.0,0.0,0.0,0.0,0.0,0.0,0.0,0.0,0.8347726,-3.4083471,2.1542404,0.5128635,50.0,50.0,50.0,50.0,50.0,50.0,50.0,50.0,50.0,50.0,50.0,50.0,0.0,0.0,0.0,0.0,1.0,1.0,1.0,1.0,1.0,1.0,1.0,1.0,1.0,1.0,1.0,1.0,0.5,0.5,0.5,0.5
1788527471.517191,428,4.398410999783664,3.298824000012246,4.093984998689848,1.068866,5.168707,9042850,1,0,0.0,0.0,0.0,0.02218604,0.6331719,-1.2358706,-0.09975702,0.70143175,-1.4056726,0.067203596,0.71846676,-1.2549534,0.010246396,0.59541875,-1.2088263,-5.3516445,-9.047562,-1.5255939,-1.2790439,0.45343632,0.12014124,-2.3334024,-0.027128667,-0.9495033,2.288918,-1.065769,-0.038755238,1.2233176,-0.5619509,-0.10851467,-0.82902515,1.2362921,-2.2671814,0.5076936,-0.69371873,1.3853438,-5.1208243,-2.0862617,6.2835236,5.0466094,13.371041,-4.7002735,-7.7183437,1.7069415,-2.9191172,8.312063,8.4398775,-0.22264454,-0.47002736,0.791625,0.6679336,0.99893737,-0.007966785,0.02211595,0.03964449,0.51239216,-0.040480044,0.4538026,-0.8822633,-5.2181625,8.831013,-0.014177805,0.044831593,0.07901384,30.43816375732422,7.861804962158203,-0.047031887,0.22845617,0.6900852,-0.38785315,0.15096173,-0.033217814,0.080891564,0.2226431,-0.105665155,0.22097555,0.62412137,0.07096562,-0.05413285,-0.1601518,0.9708281,0.3153159,0.03774043,0.66169554,-1.279777,-0.011757972,0.7271141,-1.1274786,-0.013533212,0.6299621,-1.0572929,-0.026416289,0.7252439,-1.1439697,0.0,0.0,0.0,0.0,0.0,0.0,0.0,0.0,0.0,0.0,0.0,0.0,0.0,0.0,0.0,0.0,2.2264311,-3.8785315,3.1531591,0.7096562,50.0,50.0,50.0,50.0,50.0,50.0,50.0,50.0,50.0,50.0,50.0,50.0,0.0,0.0,0.0,0.0,1.0,1.0,1.0,1.0,1.0,1.0,1.0,1.0,1.0,1.0,1.0,1.0,0.5,0.5,0.5,0.5
1788527471.53817,429,5.388360999859287,3.8339769998856355,4.8855300010473,1.01328,5.905498,9042870,1,0,0.0,0.0,0.0,0.015918612,0.6469178,-1.2795018,-0.09370151,0.6789658,-1.3492458,0.05478981,0.706931,-1.2301679,0.0035853386,0.5982648,-1.2168038,-5.319399,-9.107844,-1.4857789,-1.3042651,-0.4728139,1.2052878,-0.93416977,-0.12401676,0.12014124,0.2426415,-1.050267,-0.8254866,1.4032766,-0.5464489,0.20540276,-0.54392135,2.092783,-3.4530919,3.1856806,-1.546334,1.6327267,-0.37107423,0.42673537,4.378676,2.2264454,12.944306,-2.3501368,-3.0428088,8.107972,-0.89057815,6.382477,4.0776935,-0.024738282,-0.17316797,0.12369141,1.0637461,0.9988996,-0.0042072684,0.023278583,0.040498614,0.6455502,0.09587379,-0.19281285,-1.6771383,-1.638831,11.4837885,-0.006526988,0.04686386,0.08088911,30.553260803222656,4.204356670379639,-0.25979003,-0.5112372,0.25726968,-0.32935566,0.056328416,0.16097829,0.5446888,0.19437647,0.078875706,-0.42092395,0.37225038,-0.016622256,0.1838358,0.2925394,0.85923445,0.16930753,0.014082104,0.7102446,-1.1638278,-0.06494751,0.54219073,-1.2356825,0.04595895,0.74313486,-1.0851914,0.019718926,0.564769,-1.2069373,0.0,0.0,0.0,0.0,0.0,0.0,0.0,0.0,0.0,0.0,0.0,0.0,0.0,0.0,0.0,0.0,1.9437647,-3.2935567,1.6930753,-0.16622257,50.0,50.0,50.0,50.0,50.0,50.0,50.0,50.0,50.0,50.0,50.0,50.0,0.0,0.0,0.0,0.0,1.0,1.0,1.0,1.0,1.0,1.0,1.0,1.0,1.0,1.0,1.0,1.0,0.5,0.5,0.5,0.5
1788527471.5575783,430,4.801367000254686,3.7278929994499777,4.514125999776297,1.005119,5.52491,9042890,1,0,0.0,0.0,0.0,0.013526678,0.6581205,-1.2769111,-0.10578225,0.67766386,-1.3664169,0.04867375,0.70296466,-1.2263924,0.0009511709,0.5930571,-1.2266611,-5.289969,-9.149446,-1.4436326,-1.3257926,-0.015502095,0.2596601,1.8683395,0.09301257,-1.8021187,-1.2576917,0.25190905,1.6315955,-0.37811634,0.7867313,-0.6627146,-0.70972633,1.1820347,-2.7942526,2.3718207,-1.3060515,0.024738282,2.548043,3.508713,1.9048477,-5.7392817,7.870897,-0.37107423,0.32159767,7.776067,0.24738282,-0.59371877,1.5172813,0.34633595,-0.22264454,-0.32159767,0.5442422,0.999099,-0.0010948183,0.022811653,0.035771754,0.46978155,-0.09693905,-0.72757554,-0.6440403,2.184709,12.617443,-0.00055621826,0.04567641,0.07156475,30.606380462646484,2.8370859622955322,-0.41913188,-0.27336717,-0.6905013,-0.07032734,-0.15895031,0.40516615,1.5946342,0.15832946,0.07238798,-0.8789581,0.62214607,-0.14093599,0.45161253,0.83436584,0.67403686,-0.0058077797,-0.03973758,0.77129155,-0.90134144,-0.10478297,0.6016582,-1.4726253,0.11290313,0.8785915,-1.1314907,0.018096995,0.4502605,-1.1444634,0.0,0.0,0.0,0.0,0.0,0.0,0.0,0.0,0.0,0.0,0.0,0.0,0.0,0.0,0.0,0.0,1.5832946,-0.7032734,-0.058077797,-1.4093599,50.0,50.0,50.0,50.0,50.0,50.0,50.0,50.0,50.0,50.0,50.0,50.0,0.0,0.0,0.0,0.0,1.0,1.0,1.0,1.0,1.0,1.0,1.0,1.0,1.0,1.0,1.0,1.0,0.5,0.5,0.5,0.5
1788527471.5770411,431,4.2581500001688255,3.3353369999531424,3.98178899922641,1.012928,5.000606,9042910,1,0,0.0,0.0,0.0,0.011043906,0.6523981,-1.2454436,-0.10484364,0.6869288,-1.3799866,0.056394517,0.71044314,-1.2299942,0.002404511,0.5856694,-1.2245759,-5.285276,-9.16628,-1.424921,-1.3306067,-0.6200838,-0.25190905,2.580088,-0.5658265,0.32941952,-2.428437,1.5812138,0.3759258,-0.60660374,0.054257333,-1.1859103,0.9018175,-0.6045817,0.3914279,-0.23640695,0.046506286,-1.9295859,6.5061684,15.3624735,0.5442422,-4.725012,-1.8491865,1.2616524,8.534707,5.879465,0.7668867,-5.961926,3.1293926,1.0884844,-0.64319533,0.14842969,-0.74214846,0.99925584,-0.0021933077,0.023981858,0.030133665,0.063915856,0.055393744,-0.41225728,-0.5315128,-0.11372458,8.094796,-0.0029414315,0.04807873,0.06022323,30.455873489379883,7.34907865524292,-0.38583815,-0.19666989,-0.8566195,-0.04856307,-0.1415593,-0.037284598,1.616082,0.07128114,0.10593042,-0.8691665,0.606398,-0.16198832,0.32251725,0.63316035,0.3938,-0.124738455,-0.035389826,0.66067886,-0.89597946,-0.09645954,0.62083256,-1.5141548,0.08062931,0.8282901,-1.20155,0.026482604,0.4527084,-1.1484004,0.0,0.0,0.0,0.0,0.0,0.0,0.0,0.0,0.0,0.0,0.0,0.0,0.0,0.0,0.0,0.0,0.7128114,-0.4856307,-1.2473845,-1.6198832,50.0,50.0,50.0,50.0,50.0,50.0,50.0,50.0,50.0,50.0,50.0,50.0,0.0,0.0,0.0,0.0,1.0,1.0,1.0,1.0,1.0,1.0,1.0,1.0,1.0,1.0,1.0,1.0,0.5,0.5,0.5,0.5
1788527471.5975704,432,4.802102999747149,3.7500380003621103,4.526958000496961,0.973023,5.505805,9042930,1,0,0.0,0.0,0.0,0.007531762,0.63686574,-1.2167721,-0.10511614,0.6958606,-1.4374402,0.06378223,0.7205862,-1.2385087,0.010428071,0.58043134,-1.2124912,-5.2957826,-9.152927,-1.4498092,-1.3162854,-0.06975943,-0.2596601,1.144459,0.09301257,-0.046506286,-2.7984653,0.19765173,0.80610895,-0.45293078,0.46118733,-0.12789229,-0.2709497,-0.6084572,0.2751622,-2.0307744,1.1006488,-2.2264454,1.3606055,15.599548,0.2721211,-3.8839102,-1.4698663,0.64319533,4.725012,2.1336768,0.37107423,-6.605121,3.7932034,0.64319533,-0.4205508,0.34633595,-1.3606055,0.99926597,-0.0060366276,0.022672065,0.030286813,-0.40693095,-0.12357066,0.30892664,-0.50278234,-0.39145198,11.377247,-0.010702435,0.045692407,0.06035503,30.54440689086914,4.785446643829346,-0.21030058,0.438841,-0.26864251,-0.10691629,0.014456902,-0.40607572,0.7891265,-0.047794774,-0.01767949,-0.16152042,1.0833334,-0.08540517,0.083254464,0.13682619,0.31559572,0.2280996,0.0036142254,0.5684811,-1.1027184,-0.052575145,0.7797103,-1.3671606,0.020813616,0.7042066,-1.221101,-0.0044198725,0.6296199,-1.0291666,0.0,0.0,0.0,0.0,0.0,0.0,0.0,0.0,0.0,0.0,0.0,0.0,0.0,0.0,0.0,0.0,-0.47794774,-1.069163,2.280996,-0.8540517,50.0,50.0,50.0,50.0,50.0,50.0,50.0,50.0,50.0,50.0,50.0,50.0,0.0,0.0,0.0,0.0,1.0,1.0,1.0,1.0,1.0,1.0,1.0,1.0,1.0,1.0,1.0,1.0,0.5,0.5,0.5,0.5
1788527471.6176918,433,4.909818999294657,3.787478999583982,4.605041000104393,0.950014,5.560879,9042950,1,0,0.0,0.0,0.0,0.00943923,0.62178755,-1.2059827,-0.10354171,0.7088497,-1.4494301,0.06823303,0.72527915,-1.2402622,0.0135163665,0.5921488,-1.207136,-5.3021708,-9.155683,-1.4801171,-1.2997538,0.5735775,-1.871878,-0.92001563,0.162772,1.0618935,0.814871,0.14339438,-0.97663206,-0.018198112,-0.10076362,1.3331802,0.7137704,-0.2596601,-0.4224321,-0.44180974,0.6782167,-0.86583984,-0.9400547,6.4958606,2.44909,2.8696408,3.0345626,-2.7459493,-0.12369141,0.90088576,-0.791625,0.37107423,9.0562725,-0.12369141,-0.22264454,1.2616524,-0.6926719,0.99901253,-0.010753636,0.022811333,0.03657979,-0.72757554,0.10333064,0.87564725,-0.81043726,-0.10654198,8.104373,-0.0198398,0.04638097,0.07273902,30.615234375,2.5294501781463623,0.102725476,0.36662963,0.94870263,-0.37835714,0.2467231,-0.4879739,-0.1405515,0.041774325,-0.23310393,0.39097375,0.9314091,0.07401982,-0.20896184,-0.4065113,0.5096243,0.27393928,0.061680775,0.54800653,-1.3351378,0.025681369,0.7616574,-1.0628242,-0.05224046,0.5683722,-1.1725938,-0.058275983,0.76774347,-1.0671477,0.0,0.0,0.0,0.0,0.0,0.0,0.0,0.0,0.0,0.0,0.0,0.0,0.0,0.0,0.0,0.0,0.41774327,-3.7835715,2.7393928,0.7401982,50.0,50.0,50.0,50.0,50.0,50.0,50.0,50.0,50.0,50.0,50.0,50.0,0.0,0.0,0.0,0.0,1.0,1.0,1.0,1.0,1.0,1.0,1.0,1.0,1.0,1.0,1.0,1.0,0.5,0.5,0.5,0.5
1788527471.6379738,434,5.182562999834772,3.852793000987731,4.749686000650399,1.055457,5.812151,9042970,1,0,0.0,0.0,0.0,0.016221404,0.6257236,-1.226187,-0.10145257,0.70097756,-1.4078367,0.06699166,0.7166198,-1.2326007,0.013637483,0.5988401,-1.2107852,-5.2980833,-9.169913,-1.472154,-1.3031752,0.33717057,0.17052305,-2.6650124,0.51156914,-1.0541425,2.7337608,-1.1432796,-1.0270138,0.9907861,-0.24803352,0.5541999,-0.81891507,0.58520406,-2.2361772,0.6782167,-0.65883905,2.0285392,-4.1560316,-2.418167,6.060879,4.304461,15.3624735,-4.997133,-6.7782893,1.7069415,-3.5375743,8.312063,8.487292,-0.12369141,-0.6679336,0.96479297,0.7668867,0.9986848,-0.011490565,0.023770163,0.04394949,0.15339807,-0.027696872,0.60187435,-0.6991069,-5.233725,8.12592,-0.020887619,0.048506834,0.087451264,30.411605834960938,8.716348648071289,0.0058776867,0.11569938,1.0481695,-0.3474246,0.19139016,-0.118772596,-0.14900735,0.18543938,-0.1679594,0.35856524,0.61237985,0.10481353,-0.16709775,-0.34122786,0.96684057,0.3895346,0.04784754,0.6403069,-1.3372518,0.0014694217,0.69892484,-1.0379575,-0.041774437,0.5846931,-1.0582898,-0.04198985,0.75964135,-1.146905,0.0,0.0,0.0,0.0,0.0,0.0,0.0,0.0,0.0,0.0,0.0,0.0,0.0,0.0,0.0,0.0,1.8543937,-3.474246,3.895346,1.0481353,50.0,50.0,50.0,50.0,50.0,50.0,50.0,50.0,50.0,50.0,50.0,50.0,0.0,0.0,0.0,0.0,1.0,1.0,1.0,1.0,1.0,1.0,1.0,1.0,1.0,1.0,1.0,1.0,0.5,0.5,0.5,0.5
1788527471.657666,435,4.8771130004752195,3.742773000340094,4.559504001008463,1.015008,5.58072,9042990,1,0,0.0,0.0,0.0,0.009893417,0.6404687,-1.2787119,-0.10145257,0.67645276,-1.358645,0.047916815,0.7052354,-1.2152714,0.0033733845,0.60662144,-1.2213376,-5.2731953,-9.2167225,-1.436699,-1.3270642,-0.732474,1.0153872,-1.5973899,-0.5813286,-0.31779295,0.14154087,-1.4610726,-0.8758684,1.134349,-1.1355284,0.65883905,-0.7602767,1.5967158,-2.123787,3.3174484,-1.6625998,2.7706876,-0.89057815,-1.8966017,5.9866643,1.3853438,17.78064,-3.1170235,-5.3434687,7.301916,-1.1132227,7.2977934,4.599259,0.049476564,-0.6926719,0.24738282,1.311129,0.99865144,-0.006710111,0.024103746,0.04549004,0.85540724,-0.02450108,-0.15872438,-1.5239093,-5.6982,11.540052,-0.011222743,0.0487723,0.09076628,30.491287231445312,6.152716636657715,-0.25133142,-0.5105263,0.4938468,-0.21270928,0.04035437,0.3333504,0.37613046,0.17225435,0.056623418,-0.30864814,0.3983596,0.0021657422,0.10124565,0.29942626,1.1373659,0.24871682,0.010088593,0.7533376,-1.2059673,-0.062832855,0.5423684,-1.1765382,0.025311412,0.7448566,-1.0156585,0.0141558545,0.592838,-1.20041,0.0,0.0,0.0,0.0,0.0,0.0,0.0,0.0,0.0,0.0,0.0,0.0,0.0,0.0,0.0,0.0,1.7225435,-2.1270928,2.487168,0.021657422,50.0,50.0,50.0,50.0,50.0,50.0,50.0,50.0,50.0,50.0,50.0,50.0,0.0,0.0,0.0,0.0,1.0,1.0,1.0,1.0,1.0,1.0,1.0,1.0,1.0,1.0,1.0,1.0,0.5,0.5,0.5,0.5
1788527471.6778653,436,5.077248000816326,3.70254900008149,4.65333000101964,0.975838,5.638193,9043010,1,0,0.0,0.0,0.0,0.010408044,0.66408527,-1.2974788,-0.113563575,0.6744847,-1.3659273,0.037349954,0.70793015,-1.2114643,-0.00077462196,0.6083473,-1.2338803,-5.2532725,-9.252177,-1.3764164,-1.3458664,-0.15502095,1.2091634,0.6773742,-0.36817476,0.62783486,-0.6025597,-0.06200838,1.4416949,-0.13547485,0.34879714,-1.0153872,-0.59244967,0.48444048,-1.7478611,3.0422862,-0.93787676,0.0,3.7107422,3.319053,2.9438555,-7.7925587,10.241649,-0.56898046,0.37107423,10.478724,0.34633595,0.17316797,2.0388467,0.59371877,-0.22264454,-0.37107423,0.47002736,0.9989453,-0.0017987675,0.022423519,0.0400286,0.6700513,0.021305285,-0.81279665,-1.1839328,0.22026655,13.426683,-0.0018003967,0.044958886,0.080058396,30.588674545288086,3.520721197128296,-0.4211217,-0.6150071,-0.61663103,0.058598287,-0.1682649,0.43319613,1.4790747,0.04677654,0.04846392,-0.8835114,0.57158023,-0.10515398,0.39678946,0.8190855,0.7082526,-0.042613707,-0.042066224,0.77829903,-0.9302313,-0.10528042,0.5162482,-1.4541577,0.099197365,0.87477136,-1.1229368,0.01211598,0.44912216,-1.1571048,0.0,0.0,0.0,0.0,0.0,0.0,0.0,0.0,0.0,0.0,0.0,0.0,0.0,0.0,0.0,0.0,0.4677654,0.58598286,-0.4261371,-1.0515398,50.0,50.0,50.0,50.0,50.0,50.0,50.0,50.0,50.0,50.0,50.0,50.0,0.0,0.0,0.0,0.0,1.0,1.0,1.0,1.0,1.0,1.0,1.0,1.0,1.0,1.0,1.0,1.0,0.5,0.5,0.5,0.5
1788527471.6980553,437,5.267780999929528,3.8523769999301294,4.77445399883436,0.997215,5.779766,9043030,1,0,0.0,0.0,0.0,0.018613338,0.66638637,-1.2683333,-0.116651885,0.6773914,-1.3764796,0.043768793,0.71144235,-1.2162508,-0.0037115812,0.60253394,-1.2298046,-5.2478833,-9.252147,-1.3534359,-1.3541322,0.63946146,-0.61233276,2.5497577,-0.23640695,-0.10076362,-2.6387262,0.740225,1.139404,-0.9260817,-0.10076362,-0.32941952,0.65917605,-0.3565482,1.0773956,-0.019377619,-0.12401676,-3.8591719,6.48143,14.556417,0.7668867,-8.386277,-1.0905459,2.2511837,7.4214845,5.974295,0.9400547,-7.7925587,3.0345626,0.44528908,-0.32159767,-0.14842969,-0.47002736,0.9992237,-0.0013473852,0.021426369,0.033030394,0.0745685,-0.009587379,-0.5688512,-0.5662287,2.3104045,11.640609,-0.0012784135,0.042921655,0.0660606,30.43816375732422,7.998531818389893,-0.3797402,-0.22950383,-0.84610933,0.15673941,-0.16387217,0.029921412,1.6643764,0.061962508,0.054643124,-0.862615,0.55292904,-0.14255624,0.29648194,0.710469,0.40656903,-0.124604866,-0.040968042,0.67748034,-0.8839059,-0.09493505,0.61262405,-1.5115273,0.074120484,0.84761727,-1.1983577,0.013660781,0.45434627,-1.1617677,0.0,0.0,0.0,0.0,0.0,0.0,0.0,0.0,0.0,0.0,0.0,0.0,0.0,0.0,0.0,0.0,0.6196251,1.5673941,-1.2460487,-1.4255624,50.0,50.0,50.0,50.0,50.0,50.0,50.0,50.0,50.0,50.0,50.0,50.0,0.0,0.0,0.0,0.0,1.0,1.0,1.0,1.0,1.0,1.0,1.0,1.0,1.0,1.0,1.0,1.0,0.5,0.5,0.5,0.5
1788527471.7178864,438,5.112896998980432,3.870361000736011,4.768533999595093,0.941054,5.716436,9043050,1,0,0.0,0.0,0.0,0.01603973,0.6492795,-1.224244,-0.11834743,0.6823569,-1.4246604,0.04443489,0.7264297,-1.2290463,-0.0030454397,0.596539,-1.2149556,-5.2781305,-9.212726,-1.3768706,-1.3365107,-0.4921915,0.038755238,1.3325062,-0.08913705,-0.40693003,-2.608396,0.39530346,0.9301258,-0.7339905,0.25190905,-0.2906643,-0.052572325,-1.1975368,2.1896708,-2.050152,1.3176781,-2.548043,1.4595586,16.784924,1.2121758,-3.1417618,-2.4655821,1.0390079,5.318731,2.2285068,0.6679336,-7.19884,3.0819776,0.89057815,-0.44528908,0.34633595,-1.3853438,0.99928087,-0.0016869876,0.020735987,0.03169978,-0.3643204,-0.06178533,0.1789644,-0.4429273,1.0199299,11.57836,-0.0020586757,0.04156107,0.06338113,30.517845153808594,5.332354545593262,-0.24252717,0.41590804,-0.3794381,-0.011279292,-0.04199928,-0.39886275,0.9263267,-0.040263113,-0.025530733,-0.2681244,1.0792886,-0.115025684,0.045201786,0.22100353,0.16959609,0.16020814,-0.01049982,0.5702843,-1.0684183,-0.060631793,0.77397704,-1.3948594,0.011300446,0.7252509,-1.2576009,-0.0063826833,0.60296893,-1.0301778,0.0,0.0,0.0,0.0,0.0,0.0,0.0,0.0,0.0,0.0,0.0,0.0,0.0,0.0,0.0,0.0,-0.40263113,-0.112792924,1.6020813,-1.1502569,50.0,50.0,50.0,50.0,50.0,50.0,50.0,50.0,50.0,50.0,50.0,50.0,0.0,0.0,0.0,0.0,1.0,1.0,1.0,1.0,1.0,1.0,1.0,1.0,1.0,1.0,1.0,1.0,0.5,0.5,0.5,0.5
1788527471.7376835,439,4.912283000521711,3.788120000535855,4.615249001290067,0.780088,5.401834,9043070,1,0,0.0,0.0,0.0,0.017735243,0.63395905,-1.2119066,-0.1147444,0.69437706,-1.4397149,0.051429003,0.7357855,-1.233043,0.0021017194,0.60250366,-1.2111958,-5.290514,-9.187323,-1.4010926,-1.3141658,0.52319574,-1.1122752,-0.42260063,0.2751622,0.17439857,0.2729717,0.054257333,-0.39530346,-0.4711289,-0.10851467,0.5038181,1.1121068,-0.4999426,0.18602514,-0.5890796,1.0347649,-1.9790626,-2.3996134,7.8234816,2.4985664,4.230246,1.7069415,-2.3006601,-0.074214846,-0.80605567,-0.2721211,-0.47002736,8.392462,0.024738282,-0.14842969,0.9895313,-1.0390079,0.9990861,-0.006833542,0.020184543,0.037053566,-0.7169229,-0.07030744,0.79468715,-1.0115502,-0.1448492,6.751649,-0.012169225,0.04084997,0.073892355,30.615234375,2.7687225341796875,0.04906781,0.5717381,0.7250505,-0.24673831,0.19302607,-0.47802913,-0.079442926,0.011924945,-0.2526246,0.3802239,1.2209349,0.040366124,-0.18302819,-0.33368045,0.3050627,0.27805996,0.048256516,0.55049276,-1.3198607,0.012266953,0.8129345,-1.1187373,-0.045757048,0.5865799,-1.2237343,-0.06315615,0.765056,-0.99476624,0.0,0.0,0.0,0.0,0.0,0.0,0.0,0.0,0.0,0.0,0.0,0.0,0.0,0.0,0.0,0.0,0.11924945,-2.4673831,2.7805996,0.40366125,50.0,50.0,50.0,50.0,50.0,50.0,50.0,50.0,50.0,50.0,50.0,50.0,0.0,0.0,0.0,0.0,1.0,1.0,1.0,1.0,1.0,1.0,1.0,1.0,1.0,1.0,1.0,1.0,0.5,0.5,0.5,0.5
1788527471.757628,440,4.854103999605286,3.7634459986293223,4.568880000078934,0.971647,5.547279,9043090,1,0,0.0,0.0,0.0,0.01967299,0.63656294,-1.2211636,-0.11320024,0.6907741,-1.4043298,0.05572842,0.7334844,-1.2402148,0.003100872,0.61167777,-1.2050034,-5.28788,-9.193802,-1.4007293,-1.3142264,0.984383,0.0038755238,-2.2848742,0.4573118,-0.3410461,2.9521382,-0.4999426,-1.2324166,0.19006917,-0.0038755238,0.80223346,-0.30127984,0.740225,-1.3331802,0.19377619,0.3100419,0.47002736,-4.477629,-2.418167,6.0856175,6.679336,13.086551,-4.6260586,-6.382477,0.47415042,-3.3891447,7.3225317,11.616685,-0.32159767,-0.4205508,1.2616524,0.024738282,0.9987806,-0.0076720705,0.021036675,0.043999847,0.40373516,0.16831176,0.6253101,0.1592144,-3.2190042,7.264008,-0.013486917,0.04271017,0.087762155,30.411605834960938,8.579621315002441,-0.0011761058,0.32377455,0.74608004,-0.356105,0.19128314,-0.3350431,0.1230318,0.13670245,-0.19085613,0.41197512,0.5007014,0.16867422,-0.15428579,-0.33135676,0.851466,0.32851955,0.047820784,0.5862392,-1.269242,-0.00029402645,0.75094366,-1.11348,-0.038571447,0.5871608,-1.0871334,-0.047714032,0.7729938,-1.1748246,0.0,0.0,0.0,0.0,0.0,0.0,0.0,0.0,0.0,0.0,0.0,0.0,0.0,0.0,0.0,0.0,1.3670244,-3.56105,3.2851956,1.6867422,50.0,50.0,50.0,50.0,50.0,50.0,50.0,50.0,50.0,50.0,50.0,50.0,0.0,0.0,0.0,0.0,1.0,1.0,1.0,1.0,1.0,1.0,1.0,1.0,1.0,1.0,1.0,1.0,0.5,0.5,0.5,0.5
1788527471.7769732,441,4.200580000542686,3.2505660001334036,3.933691999918665,0.971998,4.91097,9043110,1,0,0.0,0.0,0.0,0.01818943,0.64576733,-1.2698499,-0.10529781,0.66743004,-1.3538742,0.041649356,0.7214339,-1.2270243,-0.004317105,0.61661303,-1.2173251,-5.263809,-9.235251,-1.3679993,-1.3343611,-0.23253144,0.2751622,-2.294984,1.228541,-0.023253143,3.752855,-0.6704656,-0.7557271,2.5174055,-0.59683067,0.90687263,-1.629742,1.5579605,-3.3717058,3.123672,-1.2052878,1.7069415,-3.3891447,1.7069415,4.0818167,4.1807694,10.289063,-3.3644063,-6.159832,3.8880334,-1.5090352,7.124625,3.650958,-0.12369141,0.049476564,0.0,1.3853438,0.9986883,-0.0036924968,0.021869175,0.04615158,0.3163835,0.07882956,-0.038349517,-1.340753,0.24899697,6.9132576,-0.005361936,0.04403604,0.09224061,30.482431411743164,6.2552618980407715,-0.16230932,-0.35766533,0.6899099,-0.37045202,0.16343434,-0.065782435,0.37720278,0.26552522,-0.009618163,-0.09735639,0.2344818,0.17711277,0.026486851,0.024138773,0.9038289,0.27266446,0.040858585,0.6535544,-1.2056992,-0.04057733,0.5805837,-1.1275225,0.006621713,0.6760347,-1.0740427,-0.0024045408,0.64566094,-1.2413795,0.0,0.0,0.0,0.0,0.0,0.0,0.0,0.0,0.0,0.0,0.0,0.0,0.0,0.0,0.0,0.0,2.6552522,-3.7045202,2.7266445,1.7711277,50.0,50.0,50.0,50.0,50.0,50.0,50.0,50.0,50.0,50.0,50.0,50.0,0.0,0.0,0.0,0.0,1.0,1.0,1.0,1.0,1.0,1.0,1.0,1.0,1.0,1.0,1.0,1.0,0.5,0.5,0.5,0.5
1788527471.7970583,442,4.276613999536494,3.2830159998411546,3.9994539984036237,0.988639,4.993757,9043130,1,0,0.0,0.0,0.0,0.017250776,0.6526706,-1.2775588,-0.107386954,0.6644326,-1.3546641,0.030749455,0.70995873,-1.2029498,-0.00885874,0.6290268,-1.2441641,-5.2387695,-9.285906,-1.3125006,-1.3373282,0.32941952,0.24028248,1.0534685,-0.17052305,-0.08526152,-0.7259025,-0.015502095,-0.081386,0.15973899,0.34492162,0.3100419,-1.2779119,1.6238445,-2.6586094,3.2825687,0.44568524,0.89057815,-0.22264454,2.323337,3.5623126,-4.6260586,12.612401,-1.0884844,-1.5585117,7.017426,0.0,0.4205508,1.0905459,0.4205508,-0.4205508,-0.34633595,0.56898046,0.9988905,-0.0016718864,0.021140156,0.042049855,0.20985708,-0.27377293,-0.6881607,-1.8255788,-1.62686,10.654198,-0.0015635868,0.0423867,0.08411031,30.606380462646484,2.8029043674468994,-0.35319683,-0.47318482,-0.35315627,-0.09349979,-0.059756383,0.49300277,1.1025244,0.23723328,0.07335392,-0.7338009,0.60394925,0.03251827,0.37767693,0.69827175,0.95673317,0.050702594,-0.014939096,0.7932507,-1.0243689,-0.08829921,0.5517038,-1.388289,0.09441923,0.84456795,-1.0608166,0.01833848,0.4865498,-1.1490127,0.0,0.0,0.0,0.0,0.0,0.0,0.0,0.0,0.0,0.0,0.0,0.0,0.0,0.0,0.0,0.0,2.3723328,-0.93499786,0.50702596,0.3251827,50.0,50.0,50.0,50.0,50.0,50.0,50.0,50.0,50.0,50.0,50.0,50.0,0.0,0.0,0.0,0.0,1.0,1.0,1.0,1.0,1.0,1.0,1.0,1.0,1.0,1.0,1.0,1.0,0.5,0.5,0.5,0.5
1788527471.8181124,443,5.33079200067732,3.8177199985511834,4.918330001601134,0.994848,5.919899,9043150,1,0,0.0,0.0,0.0,0.0156461,0.6619961,-1.244938,-0.10093785,0.67539304,-1.3659905,0.039408833,0.71931446,-1.2051771,-0.00595212,0.62917817,-1.2476078,-5.20828,-9.311067,-1.2712324,-1.3336949,-1.1122752,-0.5038181,2.0462766,0.034879714,0.096888095,-2.6528802,1.8602515,1.0890222,-0.21231131,0.35267267,-0.52707124,0.98067605,0.8913705,0.06200838,0.9572544,-0.011626571,-0.5442422,7.743082,9.672668,0.51950395,-6.605121,1.7069415,1.0637461,5.6403284,8.013142,0.86583984,-7.0751486,3.698373,0.8411016,-0.56898046,-0.24738282,0.14842969,0.99918413,-0.0044657374,0.020610036,0.034445856,-0.41971415,0.06817692,-0.82664514,-0.61890113,-1.0606314,10.030508,-0.0075108656,0.04150601,0.06876478,30.500139236450195,6.015989780426025,-0.41794565,-0.5853427,-0.69236034,-0.08221522,-0.1867092,0.3700961,1.6055998,0.13857296,0.13762584,-1.056358,0.80118704,-0.18772733,0.4037324,0.95805705,0.35209244,-0.09438725,-0.0466773,0.762524,-0.8986,-0.10448641,0.52366436,-1.47309,0.1009331,0.9095143,-1.2119769,0.03440646,0.40591052,-1.0997032,0.0,0.0,0.0,0.0,0.0,0.0,0.0,0.0,0.0,0.0,0.0,0.0,0.0,0.0,0.0,0.0,1.3857296,-0.8221522,-0.94387245,-1.8772733,50.0,50.0,50.0,50.0,50.0,50.0,50.0,50.0,50.0,50.0,50.0,50.0,0.0,0.0,0.0,0.0,1.0,1.0,1.0,1.0,1.0,1.0,1.0,1.0,1.0,1.0,1.0,1.0,0.5,0.5,0.5,0.5
1788527471.8381114,444,5.338536000635941,3.7430610009323573,4.86063300013484,0.99952,5.867033,9043170,1,0,0.0,0.0,0.0,0.0151616335,0.6497942,-1.226029,-0.10105895,0.6852635,-1.4017549,0.048825145,0.7267628,-1.215382,0.0040697455,0.6150689,-1.227214,-5.2090373,-9.292748,-1.280679,-1.3177992,-0.2906643,0.09301257,1.439673,-0.23253144,-0.046506286,-2.1797295,0.49606705,0.8758684,-1.5973899,0.10851467,-0.96500546,0.7946509,-0.3604237,0.65496355,-1.5812138,1.3990641,-2.9438555,5.788758,15.789208,0.0,-8.312063,-1.2327911,2.2511837,8.559445,1.6595265,1.4595586,-10.019004,6.02171,0.89057815,-0.6926719,0.32159767,-1.6079884,0.99928343,-0.00818706,0.02057822,0.030695459,0.051132686,0.1821602,-0.047936894,1.1145009,-0.31004912,9.716867,-0.0151127465,0.041641593,0.061100923,30.402751922607422,9.126529693603516,-0.29191247,0.037839178,-0.48765483,-0.032711674,-0.096756406,-0.29953387,1.4234155,-0.12128338,0.01473927,-0.47628215,0.7990539,-0.08436851,0.093380295,0.47730705,0.2695316,0.1067332,-0.024189102,0.59511656,-0.94414604,-0.07297812,0.6794598,-1.4219136,0.023345074,0.7893268,-1.232617,0.0036848176,0.5509295,-1.1002364,0.0,0.0,0.0,0.0,0.0,0.0,0.0,0.0,0.0,0.0,0.0,0.0,0.0,0.0,0.0,0.0,-1.2128339,-0.32711673,1.067332,-0.84368515,50.0,50.0,50.0,50.0,50.0,50.0,50.0,50.0,50.0,50.0,50.0,50.0,0.0,0.0,0.0,0.0,1.0,1.0,1.0,1.0,1.0,1.0,1.0,1.0,1.0,1.0,1.0,1.0,0.5,0.5,0.5,0.5
1788527471.8578432,445,5.066719000751618,3.6476029999903403,4.749142000946449,0.95763,5.713748,9043190,1,0,0.0,0.0,0.0,0.0043525696,0.6317791,-1.2093316,-0.10417754,0.6834469,-1.4329538,0.04643321,0.74386954,-1.2380033,0.0021017194,0.609952,-1.2195051,-5.2221775,-9.282485,-1.3034173,-1.2928202,-0.5813286,-1.8253717,0.2709497,-0.54257333,0.33329505,0.44282073,-0.86811733,0.9572544,-0.83913517,-0.18214962,-0.42630762,0.09099056,-1.3409312,1.0231383,-0.45343632,1.4300683,-0.9400547,0.074214846,13.465872,2.2017071,-0.5442422,0.0,-0.32159767,1.4100821,0.85347074,0.32159767,-2.622258,6.4958606,0.074214846,-0.6926719,0.6926719,-1.0884844,0.9991047,-0.007580829,0.022305017,0.03514362,-0.3760383,0.18109493,0.7222492,-0.047884032,-0.736217,9.672575,-0.013594576,0.04511824,0.070014514,30.606380462646484,2.631995439529419,0.0074135344,0.2301805,0.7300933,-0.21454701,0.10891761,-0.45154026,0.31396392,-0.084819585,-0.24974585,0.339627,1.1152334,0.044250514,-0.1532163,-0.16143002,0.17875086,0.32641813,0.027229402,0.55711496,-1.221509,0.0018533836,0.72754514,-1.1174766,-0.038304076,0.6296425,-1.2553122,-0.06243646,0.7549068,-1.0211916,0.0,0.0,0.0,0.0,0.0,0.0,0.0,0.0,0.0,0.0,0.0,0.0,0.0,0.0,0.0,0.0,-0.84819585,-2.1454701,3.2641814,0.44250515,50.0,50.0,50.0,50.0,50.0,50.0,50.0,50.0,50.0,50.0,50.0,50.0,0.0,0.0,0.0,0.0,1.0,1.0,1.0,1.0,1.0,1.0,1.0,1.0,1.0,1.0,1.0,1.0,0.5,0.5,0.5,0.5
1788527471.8777025,446,4.930234999847016,3.8189370006875833,4.64241800000309,0.997216,5.645874,9043210,1,0,0.0,0.0,0.0,0.00323236,0.6295991,-1.2114168,-0.10133145,0.68166053,-1.4075682,0.057121187,0.7468368,-1.2414786,-0.0027729273,0.6201252,-1.2127913,-5.236832,-9.284635,-1.2956663,-1.2831314,0.86811733,0.12401676,-2.292962,-0.10851467,-0.04263076,5.016613,0.3565482,-0.64333695,-0.08694653,0.054257333,1.782741,0.6005377,0.20540276,-1.050267,1.0076362,0.5193202,0.32159767,-3.9086485,1.6595265,5.46716,2.548043,9.008858,-5.269254,-5.5661135,-0.61639553,-3.2901914,5.5661135,10.194234,-0.47002736,-0.51950395,1.1132227,-0.024738282,0.9987248,-0.008614544,0.023995187,0.043575972,0.14807174,0.19813916,0.8990831,-1.4640543,0.61530983,7.241263,-0.015134408,0.0486992,0.08683932,30.482431411743164,6.665443420410156,0.07500989,-0.03234125,1.1890612,-0.31949502,0.22609907,-0.62561256,0.12207738,0.02835089,-0.24503371,0.50366163,0.3792935,0.2624244,-0.28024486,-0.5293577,0.5332352,0.36883652,0.05652477,0.5135969,-1.2694806,0.018752472,0.6619147,-1.0027347,-0.070061214,0.5376606,-1.1666912,-0.061258428,0.7959154,-1.2051766,0.0,0.0,0.0,0.0,0.0,0.0,0.0,0.0,0.0,0.0,0.0,0.0,0.0,0.0,0.0,0.0,0.2835089,-3.19495,3.6883652,2.6242442,50.0,50.0,50.0,50.0,50.0,50.0,50.0,50.0,50.0,50.0,50.0,50.0,0.0,0.0,0.0,0.0,1.0,1.0,1.0,1.0,1.0,1.0,1.0,1.0,1.0,1.0,1.0,1.0,0.5,0.5,0.5,0.5
1788527471.8976138,447,4.835800000364543,3.763479000554071,4.561775998809026,0.992479,5.559919,9043230,1,0,0.0,0.0,0.0,-6.7949295e-05,0.6418313,-1.2425053,-0.10105895,0.6567421,-1.3525314,0.042376027,0.74293095,-1.2318108,-0.011341512,0.625878,-1.221685,-5.2252054,-9.311854,-1.2716563,-1.2971802,-0.33717057,0.1782741,-1.5650376,-0.13176781,-1.0308893,2.8854117,-1.3796865,-0.30616638,1.4336069,-0.82161105,1.0890222,-1.8622735,0.3604237,-1.4765745,1.6936039,-0.6317104,3.240715,-6.8030276,-0.09483008,6.3577385,1.1132227,16.215944,-4.378676,-10.439555,1.6121113,-1.7069415,7.817297,2.8923175,-0.049476564,-0.9400547,0.9400547,1.6327267,0.9985449,-0.0027715147,0.023578344,0.048422698,0.5443501,-0.19707389,0.1608549,0.1604115,-3.0071173,5.407305,-0.0032551668,0.047374196,0.09683351,30.38504409790039,9.399984359741211,-0.1466397,-0.35982352,0.9513289,-0.23325181,0.082591936,0.052437834,0.24889266,0.15950301,-0.052028097,0.058433756,0.278927,0.1475293,-0.004494123,0.07762304,0.9975155,0.40175793,0.020647984,0.68310946,-1.2377768,-0.036659926,0.58004415,-1.0621678,-0.0011235308,0.6894058,-1.050621,-0.013007024,0.68460846,-1.2302682,0.0,0.0,0.0,0.0,0.0,0.0,0.0,0.0,0.0,0.0,0.0,0.0,0.0,0.0,0.0,0.0,1.5950301,-2.332518,4.017579,1.475293,50.0,50.0,50.0,50.0,50.0,50.0,50.0,50.0,50.0,50.0,50.0,50.0,0.0,0.0,0.0,0.0,1.0,1.0,1.0,1.0,1.0,1.0,1.0,1.0,1.0,1.0,1.0,1.0,0.5,0.5,0.5,0.5
1788527471.9175754,448,4.80514300033974,3.738901999895461,4.534222000074806,0.933437,5.473868,9043250,1,0,0.0,0.0,0.0,-0.004851818,0.6524284,-1.2585235,-0.10877972,0.65277576,-1.346497,0.032475278,0.7432943,-1.210706,-0.015883148,0.6444683,-1.2492665,-5.205071,-9.329415,-1.2096782,-1.2917908,-0.1782741,1.767239,0.47921693,-0.4224321,0.2596601,-0.09907861,-0.11626572,-0.31779295,0.5944717,0.10463915,1.2169144,-1.1869212,1.5269563,-0.6317104,4.0305448,0.65496355,1.5585117,-0.12369141,0.28449023,4.230246,-4.230246,14.840908,-1.58325,-2.3006601,8.107972,0.024738282,0.74214846,1.9914317,-0.024738282,-0.74214846,-0.049476564,0.32159767,0.99875784,0.0007350592,0.020468347,0.045421712,0.2833603,-0.37177724,-0.5912217,-0.0047884034,1.2761095,12.289437,0.0033304894,0.04083041,0.09096177,30.579822540283203,3.452357769012451,-0.4005342,-0.5363859,-0.22820264,-0.037859235,-0.07509207,0.38707513,0.99824834,0.10728521,0.046908963,-0.67751694,0.4873507,-0.040978387,0.284016,0.6683649,0.8424197,0.20331047,-0.018773017,0.7667688,-1.0504379,-0.10013355,0.5359036,-1.3570507,0.071004,0.8370912,-1.089395,0.011727241,0.5006208,-1.1781623,0.0,0.0,0.0,0.0,0.0,0.0,0.0,0.0,0.0,0.0,0.0,0.0,0.0,0.0,0.0,0.0,1.0728521,-0.37859234,2.0331047,-0.40978387,50.0,50.0,50.0,50.0,50.0,50.0,50.0,50.0,50.0,50.0,50.0,50.0,0.0,0.0,0.0,0.0,1.0,1.0,1.0,1.0,1.0,1.0,1.0,1.0,1.0,1.0,1.0,1.0,0.5,0.5,0.5,0.5
1788527471.9378107,449,5.0162860006821575,3.6877959992125398,4.608080998877995,1.045153,5.661842,9043270,1,0,0.0,0.0,0.0,-0.0016423464,0.66311634,-1.2373555,-0.10460142,0.65450156,-1.34814,0.03786467,0.7488048,-1.2126175,-0.014187574,0.64207643,-1.2506567,-5.1874495,-9.332292,-1.1523931,-1.2908219,-0.48831603,0.3914279,2.92383,-0.18602514,0.034879714,-1.9997704,1.5424585,1.5347074,-0.48123896,0.4379342,-1.131653,0.41451257,0.23640695,0.98050755,2.360194,-0.7518516,-0.34633595,5.1950393,6.7803507,0.32159767,-6.2587852,1.8017715,0.14842969,3.339668,6.9700108,0.9895313,-6.5556445,3.319053,0.4205508,-0.791625,-0.14842969,0.22264454,0.99910265,-0.0017956535,0.017616304,0.03847701,-0.5134574,-0.08841694,-0.7701861,0.8475474,-0.49200845,10.732009,-0.0022338359,0.035346534,0.076945625,30.54440689086914,4.682901382446289,-0.38724843,-0.6080833,-0.58281285,0.02414637,-0.16896011,0.34614733,1.61223,0.08440648,0.09497115,-1.0281435,0.8716684,-0.22457705,0.32257774,0.9927875,0.11251521,0.03885159,-0.042240027,0.75653684,-0.8969425,-0.09681211,0.5179792,-1.4457031,0.080644436,0.9181969,-1.2718711,0.023742788,0.41296414,-1.0820829,0.0,0.0,0.0,0.0,0.0,0.0,0.0,0.0,0.0,0.0,0.0,0.0,0.0,0.0,0.0,0.0,0.84406483,0.2414637,0.3885159,-2.2457705,50.0,50.0,50.0,50.0,50.0,50.0,50.0,50.0,50.0,50.0,50.0,50.0,0.0,0.0,0.0,0.0,1.0,1.0,1.0,1.0,1.0,1.0,1.0,1.0,1.0,1.0,1.0,1.0,0.5,0.5,0.5,0.5
1788527471.9576077,450,4.822966999199707,3.6859079991700128,4.502574000071036,0.993663,5.502317,9043290,1,0,0.0,0.0,0.0,0.0002348423,0.6518531,-1.1978472,-0.10320865,0.6590432,-1.3764639,0.047280982,0.75231695,-1.2276878,-0.0067998767,0.6280277,-1.2309263,-5.1948066,-9.307373,-1.1376479,-1.2821928,-0.93787676,-0.24415801,3.4859495,0.15502095,-0.08913705,-1.8501413,0.096888095,0.29841533,-2.2060156,-0.10463915,-1.2052878,1.9269778,-1.7866164,1.4920766,-0.25578457,0.887495,-1.2863907,5.7145433,13.181381,0.12369141,-7.273055,-1.4224513,1.6822032,8.386277,-0.04741504,1.7316797,-10.142695,5.83205,1.3853438,-0.59371877,0.34633595,-1.58325,0.9992431,-0.0037893257,0.017995933,0.034278918,0.30253506,0.21731392,-0.13209277,2.9269116,-0.5805939,7.015011,-0.006343358,0.036232337,0.068467945,30.411605834960938,8.784711837768555,-0.31565085,-0.032682292,-0.61484116,0.028080173,-0.1381696,-0.4453738,1.811347,-0.10584603,-0.024964895,-0.56415296,0.6382316,-0.12565061,0.06790766,0.57193553,0.053488974,0.116557375,-0.0345424,0.5586566,-0.8471632,-0.07891271,0.6618295,-1.4537102,0.016976915,0.8129839,-1.2866277,-0.006241224,0.5289618,-1.140442,0.0,0.0,0.0,0.0,0.0,0.0,0.0,0.0,0.0,0.0,0.0,0.0,0.0,0.0,0.0,0.0,-1.0584604,0.2808017,1.1655737,-1.2565062,50.0,50.0,50.0,50.0,50.0,50.0,50.0,50.0,50.0,50.0,50.0,50.0,0.0,0.0,0.0,0.0,1.0,1.0,1.0,1.0,1.0,1.0,1.0,1.0,1.0,1.0,1.0,1.0,0.5,0.5,0.5,0.5
1788527471.9772348,451,4.439788001036504,3.1732520001241937,4.0605430003779475,0.930685,4.99955,9043310,1,0,0.0,0.0,0.0,-0.011149526,0.6296294,-1.181687,-0.10647864,0.6542896,-1.4112015,0.04640293,0.7692119,-1.2607666,-0.008162379,0.6149478,-1.2155085,-5.222783,-9.280789,-1.1382535,-1.2636933,-0.44180974,-1.8331227,0.67130816,-0.68596774,0.6317104,-0.58840567,-0.8797439,1.1742837,-1.4740471,0.0077510476,-0.49606705,-0.38418236,-1.3913131,1.9726416,0.32166848,1.0928978,-0.791625,-2.0038009,16.784924,2.0285392,-0.32159767,-2.0388467,-0.64319533,1.0637461,-0.09483008,0.17316797,-3.9086485,4.646674,0.24738282,-0.89057815,0.4205508,-1.1132227,0.9990972,-0.0025930782,0.019516885,0.03764356,-0.12463593,-0.027696872,0.6455502,0.47165772,-1.0522517,10.011354,-0.0037149678,0.0392038,0.07524669,30.570966720581055,3.5890848636627197,-0.062176056,0.48373792,0.35359287,-0.24473938,0.06589724,-0.53684056,0.6592981,-0.063092485,-0.2515976,0.33659786,1.131514,0.024004865,-0.091182694,-0.068808764,0.10071522,0.35362098,0.01647431,0.53578985,-1.1351755,-0.015544014,0.7909345,-1.2116017,-0.022795673,0.6527978,-1.2748212,-0.0628994,0.7541495,-1.0171214,0.0,0.0,0.0,0.0,0.0,0.0,0.0,0.0,0.0,0.0,0.0,0.0,0.0,0.0,0.0,0.0,-0.6309248,-2.447394,3.5362098,0.24004865,50.0,50.0,50.0,50.0,50.0,50.0,50.0,50.0,50.0,50.0,50.0,50.0,0.0,0.0,0.0,0.0,1.0,1.0,1.0,1.0,1.0,1.0,1.0,1.0,1.0,1.0,1.0,1.0,0.5,0.5,0.5,0.5
1788527471.9968128,452,4.042590999233653,2.97497399878921,3.752406000785413,0.97187,4.729717,9043330,1,0,0.0,0.0,0.0,-0.009211779,0.625118,-1.1766319,-0.10466198,0.6616168,-1.4078209,0.062116966,0.7712102,-1.2782696,-0.01034236,0.6281488,-1.2107377,-5.2355,-9.270404,-1.1270205,-1.2553366,1.065769,-0.05813286,-1.7631948,-0.13951886,0.06200838,3.083569,0.724723,-0.80998445,-0.41249055,0.76347816,1.4765745,0.84924525,0.6975943,-1.0812712,1.2750474,0.3759258,0.22264454,-4.576582,4.030278,4.8487034,6.8772426,5.83205,-5.0466094,-5.61559,0.33190528,-3.6612659,5.4176836,9.814914,-0.6926719,-0.59371877,1.0884844,-0.074214846,0.998738,-0.0050431145,0.020962996,0.04536011,-0.17150755,0.05432848,0.8458199,-1.7621324,2.3056161,6.3482256,-0.008179155,0.042343244,0.09059928,30.500139236450195,6.015989780426025,0.04914046,0.179898,0.8242407,-0.51484406,0.18968874,-0.6341275,0.2649256,0.11615605,-0.29815775,0.410606,0.5280248,0.18608224,-0.16769218,-0.3637565,0.43188837,0.37125528,0.047422186,0.5114682,-1.2337686,0.012285115,0.7149745,-1.0939398,-0.041923046,0.5790609,-1.1920278,-0.07453944,0.7726515,-1.1679938,0.0,0.0,0.0,0.0,0.0,0.0,0.0,0.0,0.0,0.0,0.0,0.0,0.0,0.0,0.0,0.0,1.1615605,-5.1484404,3.7125528,1.8608224,50.0,50.0,50.0,50.0,50.0,50.0,50.0,50.0,50.0,50.0,50.0,50.0,0.0,0.0,0.0,0.0,1.0,1.0,1.0,1.0,1.0,1.0,1.0,1.0,1.0,1.0,1.0,1.0,0.5,0.5,0.5,0.5
1788527472.017099,453,4.3209680006839335,3.3126479993370594,4.050400000778609,1.002624,5.058528,9043350,1,0,0.0,0.0,0.0,-0.002702117,0.63223326,-1.204798,-0.09824315,0.6529877,-1.3592452,0.05724229,0.75918996,-1.260198,-0.0114020705,0.6291176,-1.2181623,-5.2187867,-9.309311,-1.0855706,-1.2724133,-0.20152724,0.12401676,-1.5326855,0.2751622,-0.8448642,4.0157166,-1.139404,-1.5812138,3.1684935,-0.25578457,0.6355859,-1.4052987,1.2595452,-3.5848596,3.3174484,-0.84873974,2.7706876,-6.308262,0.0,5.516637,4.0076017,8.961443,-3.958125,-7.693606,0.09483008,-2.9438555,6.7782893,3.9828634,-0.074214846,-0.7668867,0.17316797,1.3606055,0.9985323,-0.0034351982,0.020136068,0.050161723,0.3281014,-0.15872438,0.2087918,-0.8607155,-2.9532478,6.8462195,-0.004844197,0.040568788,0.100288264,30.455873489379883,7.212351322174072,-0.11342643,-0.18628767,0.81603384,-0.5725178,0.16385774,-0.11385917,0.2649877,0.29284024,-0.0638747,0.03348942,0.42387533,0.10284591,-0.024432793,0.009183394,0.8834457,0.44259688,0.040964436,0.6415352,-1.233753,-0.028356608,0.6234281,-1.0959915,-0.0061081983,0.67229587,-1.0791385,-0.015968675,0.6783724,-1.1940311,0.0,0.0,0.0,0.0,0.0,0.0,0.0,0.0,0.0,0.0,0.0,0.0,0.0,0.0,0.0,0.0,2.9284024,-5.7251782,4.4259686,1.0284591,50.0,50.0,50.0,50.0,50.0,50.0,50.0,50.0,50.0,50.0,50.0,50.0,0.0,0.0,0.0,0.0,1.0,1.0,1.0,1.0,1.0,1.0,1.0,1.0,1.0,1.0,1.0,1.0,0.5,0.5,0.5,0.5
1788527472.0378778,454,5.095073000120465,3.883162999045453,4.773013999511022,0.973183,5.752725,9043370,1,0,0.0,0.0,0.0,-0.0058811903,0.64013565,-1.2286355,-0.09675954,0.6474166,-1.3299892,0.04401101,0.7455954,-1.2149396,-0.013915062,0.6417131,-1.2419841,-5.1880245,-9.384369,-1.0215033,-1.2776512,0.18990067,0.81386006,-0.6834402,-0.3565482,-0.7130964,-0.38216037,-0.62783486,-1.0115118,0.7036603,0.40693003,0.76347816,-0.58031756,2.457082,-3.2399378,4.6583796,-0.20540276,2.2264454,-0.56898046,0.28449023,3.8096955,-0.56898046,12.422741,-1.8306329,-2.5975196,7.965727,-0.47002736,1.0884844,2.7974875,0.14842969,-1.311129,-0.024738282,0.56898046,0.99863297,-0.00093577604,0.018157838,0.04900526,0.04154531,-0.22157498,-0.41225728,0.39145198,2.813187,11.546038,-8.939365e-05,0.03636576,0.098064385,30.5975284576416,3.0079948902130127,-0.41072786,-0.4768861,0.070265606,-0.34661978,-0.004887054,0.42039874,0.71650213,0.27244997,0.11459508,-0.526302,0.5092939,-0.03469628,0.26103202,0.5393661,0.9289145,0.25877678,-0.0012217636,0.7750997,-1.1208744,-0.102681965,0.5507785,-1.2824335,0.065258004,0.8048415,-1.0677713,0.02864877,0.5384245,-1.1726764,0.0,0.0,0.0,0.0,0.0,0.0,0.0,0.0,0.0,0.0,0.0,0.0,0.0,0.0,0.0,0.0,2.7244997,-3.466198,2.5877678,-0.3469628,50.0,50.0,50.0,50.0,50.0,50.0,50.0,50.0,50.0,50.0,50.0,50.0,0.0,0.0,0.0,0.0,1.0,1.0,1.0,1.0,1.0,1.0,1.0,1.0,1.0,1.0,1.0,1.0,0.5,0.5,0.5,0.5
1788527472.0576577,455,4.885913000180153,3.765878000194789,4.5960809984535445,0.947582,5.549807,9043390,1,0,0.0,0.0,0.0,-0.0022782087,0.6523073,-1.2297729,-0.09812204,0.6556824,-1.339973,0.047704875,0.745777,-1.2199315,-0.006890714,0.6338409,-1.2439587,-5.1491785,-9.435841,-0.96264374,-1.2801642,-0.18602514,0.4185566,1.4538269,-0.4185566,0.44568524,-1.3284622,0.9998852,1.5230808,-0.23253144,1.2711718,-2.5190904,0.052572325,1.7129815,-1.9493885,2.5345926,-0.15502095,0.17316797,6.159832,3.319053,0.12369141,-6.036141,4.2673535,-0.049476564,1.5090352,8.013142,0.6679336,-2.5975196,3.603543,0.47002736,-0.89057815,-0.12369141,-0.074214846,0.9989071,-0.0024033026,0.016901363,0.04351282,0.23755394,0.17044228,-0.7062702,1.7082629,-1.2354081,14.581885,-0.0033324298,0.03398147,0.0870092,30.579822540283203,3.486539602279663,-0.4560246,-0.69174606,-0.59016407,-0.14933333,-0.12172059,0.43800855,1.5333364,0.14889815,0.14478125,-0.9247227,0.645171,-0.108479574,0.44888732,0.8757522,0.4629837,0.009357907,-0.030430147,0.77950215,-0.91666585,-0.11400615,0.49706352,-1.447541,0.11222183,0.88893807,-1.184254,0.03619531,0.43881935,-1.1387072,0.0,0.0,0.0,0.0,0.0,0.0,0.0,0.0,0.0,0.0,0.0,0.0,0.0,0.0,0.0,0.0,1.4889815,-1.4933333,0.09357907,-1.0847957,50.0,50.0,50.0,50.0,50.0,50.0,50.0,50.0,50.0,50.0,50.0,50.0,0.0,0.0,0.0,0.0,1.0,1.0,1.0,1.0,1.0,1.0,1.0,1.0,1.0,1.0,1.0,1.0,0.5,0.5,0.5,0.5
1788527472.076464,456,3.6943239992979215,2.7113810010632733,3.423755999392597,0.961406,4.391242,9043410,1,0,0.0,0.0,0.0,-0.001188159,0.64700866,-1.2084628,-0.10239116,0.6595882,-1.3597349,0.057696447,0.7419318,-1.2259817,-0.0033179522,0.61661303,-1.2321743,-5.1273484,-9.450283,-0.9421458,-1.274139,0.26741114,-0.096888095,2.741849,-0.48831603,-0.19377619,-2.074585,0.43405867,-0.10463915,-1.1788332,0.14339438,-1.4688236,0.9018175,-0.36429924,0.19377619,-0.23253144,0.569702,-1.7316797,7.0751486,11.75893,-0.12369141,-8.312063,-2.0388467,2.3996134,7.817297,3.603543,1.9790626,-7.7925587,3.8406184,0.9895313,-0.96479297,0.14842969,-0.8411016,0.9990663,-0.0038451634,0.018722259,0.03874637,0.05752427,0.38669094,-0.17150755,1.8183962,-0.23822308,10.07121,-0.0062367828,0.037716467,0.07740868,30.447019577026367,7.930168151855469,-0.34222138,-0.27765754,-0.57526296,-0.025842533,-0.10378853,-0.17797303,1.6098953,-0.08495418,0.04589306,-0.60373175,0.4697234,-0.070402786,0.21833721,0.59225774,0.2978571,0.05857581,-0.025947133,0.62550676,-0.89752614,-0.085555345,0.60058564,-1.4438157,0.054584302,0.81806445,-1.2255356,0.011473265,0.51906705,-1.1825691,0.0,0.0,0.0,0.0,0.0,0.0,0.0,0.0,0.0,0.0,0.0,0.0,0.0,0.0,0.0,0.0,-0.8495418,-0.25842533,0.5857581,-0.7040279,50.0,50.0,50.0,50.0,50.0,50.0,50.0,50.0,50.0,50.0,50.0,50.0,0.0,0.0,0.0,0.0,1.0,1.0,1.0,1.0,1.0,1.0,1.0,1.0,1.0,1.0,1.0,1.0,0.5,0.5,0.5,0.5
1788527472.097666,457,4.891929998848354,3.834167999229976,4.622128999471897,0.784857,5.413195,9043430,1,0,0.0,0.0,0.0,-0.0060628653,0.62968993,-1.1842935,-0.09845509,0.6608901,-1.4068573,0.060209483,0.74614036,-1.2419208,-0.00086545944,0.6017771,-1.2221116,-5.1565967,-9.433479,-0.94814086,-1.251885,-0.027128667,-0.5890796,0.69152826,0.62783486,-0.081386,-1.8137453,0.13951886,0.6665901,-0.50752515,0.29841533,-0.7208474,-0.3700283,-1.3603089,1.3138026,0.0,1.3719355,-1.0637461,0.4205508,14.082267,0.0,-3.0428088,-0.42673537,-0.2721211,3.0180705,1.0905459,0.44528908,-3.6612659,2.4655821,0.34633595,-0.74214846,0.22264454,-1.0390079,0.9989372,-0.0058335285,0.02091597,0.040658485,-0.34408036,0.07137271,0.46658576,-0.4441244,-1.0474633,9.651027,-0.009962899,0.042274438,0.08114797,30.588674545288086,3.1447219848632812,-0.17699243,0.29380292,0.03900244,-0.17949307,0.02485542,-0.47091675,0.81009114,-0.18894085,-0.106346324,0.07916713,0.9089329,-0.013443189,0.027898068,0.047643807,0.33065897,0.35667676,0.006213855,0.5522708,-1.0974772,-0.044248108,0.74345076,-1.2902493,0.006974517,0.681911,-1.2173352,-0.026586581,0.6897918,-1.0727668,0.0,0.0,0.0,0.0,0.0,0.0,0.0,0.0,0.0,0.0,0.0,0.0,0.0,0.0,0.0,0.0,-1.8894086,-1.7949307,3.5667677,-0.13443188,50.0,50.0,50.0,50.0,50.0,50.0,50.0,50.0,50.0,50.0,50.0,50.0,0.0,0.0,0.0,0.0,1.0,1.0,1.0,1.0,1.0,1.0,1.0,1.0,1.0,1.0,1.0,1.0,0.5,0.5,0.5,0.5
1788527472.1176124,458,4.830776000744663,3.7039239996374818,4.521486000157893,0.995007,5.522285,9043450,1,0,0.0,0.0,0.0,-0.0037314892,0.62336195,-1.1833457,-0.096184276,0.6757867,-1.415277,0.0729866,0.7474423,-1.241826,-0.00050216913,0.61343384,-1.2199316,-5.178245,-9.426999,-0.94051087,-1.2367463,0.41468105,0.44956076,-1.2415156,0.015502095,1.5347074,1.6600722,0.46118733,-1.2091634,0.23253144,0.12401676,0.39917895,0.8553112,-1.147155,-0.7169719,0.732474,0.65883905,0.049476564,-4.1807694,5.594975,2.7459493,2.3006601,4.2199388,-3.9086485,-2.3996134,0.85347074,-1.5585117,3.8096955,7.017426,-0.34633595,-0.47002736,1.4100821,-0.32159767,0.9986003,-0.008857895,0.021363167,0.04756791,-0.32384035,0.08415588,0.8522115,-1.1049241,0.724246,5.4432178,-0.015674073,0.043522973,0.09485607,30.5975284576416,3.247267246246338,0.06347948,0.18712258,0.77221316,-0.3165747,0.20610946,-0.6691647,0.12620631,-0.13698444,-0.2655143,0.40379232,0.65713197,0.10193899,-0.17994517,-0.4095318,0.5267964,0.35021868,0.051527366,0.50270885,-1.2684484,0.01586987,0.71678066,-1.1069467,-0.044986293,0.56761706,-1.1683009,-0.06637858,0.7709481,-1.1357169,0.0,0.0,0.0,0.0,0.0,0.0,0.0,0.0,0.0,0.0,0.0,0.0,0.0,0.0,0.0,0.0,-1.3698444,-3.165747,3.5021868,1.0193899,50.0,50.0,50.0,50.0,50.0,50.0,50.0,50.0,50.0,50.0,50.0,50.0,0.0,0.0,0.0,0.0,1.0,1.0,1.0,1.0,1.0,1.0,1.0,1.0,1.0,1.0,1.0,1.0,0.5,0.5,0.5,0.5
1788527472.1381853,459,5.39741799912008,3.847384999971837,4.951003998939996,1.00048,5.958844,9043470,1,0,0.0,0.0,0.0,0.00041651726,0.62723744,-1.202381,-0.09227847,0.6713359,-1.3725305,0.06956525,0.7442026,-1.2378769,-0.002227962,0.6163405,-1.2251604,-5.1793957,-9.448012,-0.9237977,-1.2461021,0.011626571,0.12401676,-1.94922,0.38755238,-0.8448642,1.9168677,-1.228541,-0.6355859,0.31745595,-0.3720503,0.43405867,-1.1060408,0.3410461,-2.205173,1.5889648,-0.7518516,2.622258,-6.6545978,-1.1379609,5.2197776,3.1912384,11.85376,-4.7992268,-8.559445,3.0345626,-3.0428088,7.693606,6.069125,-0.89057815,-0.34633595,0.8411016,0.89057815,0.998295,-0.00801975,0.021649096,0.053609904,0.08309062,0.08628641,0.3813646,-1.091756,-2.2254105,13.589489,-0.013704694,0.044098537,0.106997624,30.447019577026367,7.690896034240723,-0.038311303,-0.09158531,0.99033517,-0.24617165,0.069641925,-0.061022557,0.1940739,0.08730625,-0.120443985,0.23118049,0.55322266,0.039403502,-0.03647186,0.031801686,0.78684783,0.49080187,0.017410481,0.6547444,-1.2514815,-0.009577826,0.64710367,-1.0524162,-0.009117965,0.67795044,-1.1032879,-0.030110996,0.7277951,-1.1616943,0.0,0.0,0.0,0.0,0.0,0.0,0.0,0.0,0.0,0.0,0.0,0.0,0.0,0.0,0.0,0.0,0.87306255,-2.4617167,4.9080186,0.394035,50.0,50.0,50.0,50.0,50.0,50.0,50.0,50.0,50.0,50.0,50.0,50.0,0.0,0.0,0.0,0.0,1.0,1.0,1.0,1.0,1.0,1.0,1.0,1.0,1.0,1.0,1.0,1.0,0.5,0.5,0.5,0.5
1788527472.1577694,460,4.995036999389413,3.761142999792355,4.657937999581918,0.961855,5.627057,9043490,1,0,0.0,0.0,0.0,-0.00406456,0.64189184,-1.2410836,-0.095397055,0.65989095,-1.3580762,0.058937833,0.7335752,-1.2314001,-0.006860435,0.6228199,-1.2402307,-5.1658616,-9.486404,-0.86778426,-1.2616949,-0.24028248,1.4843256,-1.5023552,-0.5038181,-0.6782167,-0.161761,-0.7363495,-0.44956076,0.2729717,-0.41468105,0.2945398,-0.28712577,0.7673537,-1.3215537,4.4297237,-0.8448642,1.3606055,-0.6679336,0.42673537,4.9229183,0.12369141,16.026283,-2.6717343,-2.3501368,6.827766,-0.7668867,5.0466094,3.9828634,0.049476564,-0.5442422,0.17316797,0.56898046,0.99830806,-0.0055862525,0.022007996,0.053530168,0.3163835,-0.12889698,-0.3195793,-1.091756,-0.05746084,11.135432,-0.0088062715,0.044554327,0.106942974,30.56211280822754,4.033447742462158,-0.36743048,-0.45662904,0.23140317,-0.2321811,-0.04926871,0.36597395,0.6754121,0.120470725,0.09738527,-0.5015235,0.614079,-0.12578098,0.20500955,0.5611205,0.79970205,0.3127345,-0.012317178,0.7614935,-1.1311469,-0.09185762,0.55584276,-1.2421491,0.051252387,0.81028014,-1.1000744,0.024346318,0.54461914,-1.1464802,0.0,0.0,0.0,0.0,0.0,0.0,0.0,0.0,0.0,0.0,0.0,0.0,0.0,0.0,0.0,0.0,1.2047073,-2.321811,3.127345,-1.2578099,50.0,50.0,50.0,50.0,50.0,50.0,50.0,50.0,50.0,50.0,50.0,50.0,0.0,0.0,0.0,0.0,1.0,1.0,1.0,1.0,1.0,1.0,1.0,1.0,1.0,1.0,1.0,1.0,0.5,0.5,0.5,0.5
1788527472.178016,461,5.24451699857309,3.7806950003869133,4.74168500113592,0.95683,5.70738,9043510,1,0,0.0,0.0,0.0,-0.0060628653,0.65924084,-1.2443694,-0.10360227,0.6571357,-1.3617253,0.05260983,0.73566437,-1.2321742,-0.004952967,0.6151597,-1.2401991,-5.156112,-9.507811,-0.80177927,-1.2879758,-0.32166848,0.61233276,1.7106224,-0.7285985,0.14339438,-0.98067605,0.39917895,1.0890222,-0.14356288,0.12401676,-1.8641269,0.12940879,0.36429924,-0.3720503,2.9880288,-1.3913131,-0.049476564,4.8487034,3.603543,1.2121758,-5.5661135,7.064841,-0.47002736,3.0675468,7.064841,1.4842969,-1.8306329,4.694089,0.34633595,-1.0390079,0.0,0.074214846,0.998601,-0.0029105737,0.020786904,0.048532695,0.67857337,0.020240022,-0.6519418,-0.24301147,-4.156334,12.914324,-0.0037986438,0.041810345,0.097045526,30.588674545288086,3.3839941024780273,-0.3826668,-0.5125163,-0.6343133,-0.0478765,-0.16921839,0.24049065,1.6229435,0.06325296,0.05886932,-0.8568343,0.6822789,-0.23131406,0.35928082,0.84276724,0.43671015,0.073254734,-0.042304598,0.7301227,-0.8942641,-0.0956667,0.54187095,-1.4585782,0.089820206,0.8806918,-1.1908224,0.01471733,0.45579144,-1.1294303,0.0,0.0,0.0,0.0,0.0,0.0,0.0,0.0,0.0,0.0,0.0,0.0,0.0,0.0,0.0,0.0,0.6325296,-0.478765,0.73254734,-2.3131406,50.0,50.0,50.0,50.0,50.0,50.0,50.0,50.0,50.0,50.0,50.0,50.0,0.0,0.0,0.0,0.0,1.0,1.0,1.0,1.0,1.0,1.0,1.0,1.0,1.0,1.0,1.0,1.0,0.5,0.5,0.5,0.5
1788527472.1979823,462,5.187202999877627,3.790871000092011,4.696531999798026,1.042849,5.747573,9043530,1,0,0.0,0.0,0.0,-0.009968638,0.6557286,-1.2159348,-0.107356675,0.65507686,-1.3722303,0.056515634,0.7330302,-1.2410995,-0.008979857,0.6051681,-1.2312896,-5.157384,-9.502784,-0.7753167,-1.2975738,0.023253143,-0.32941952,3.4778614,-0.019377619,-0.34492162,-2.0139244,0.5076936,-0.027128667,-0.9928081,-0.24803352,-0.5541999,0.6611981,-0.9572544,0.7983579,0.2906643,-0.14339438,-1.7069415,4.1560316,12.754646,0.56898046,-5.61559,-1.8966017,1.311129,7.7925587,3.698373,1.5585117,-7.2235785,4.4570136,0.89057815,-0.6926719,0.17316797,-1.0884844,0.99880046,-0.0013713021,0.021101397,0.044163402,0.33449298,0.12570119,-0.20772654,1.5825673,-2.4372973,8.768764,-0.00087627873,0.042285893,0.08835678,30.482431411743164,6.767988204956055,-0.3007493,0.01448895,-0.74563575,-0.009824991,-0.13893759,-0.36478,1.823961,0.0012947097,-0.024745673,-0.61346614,0.45340863,-0.18784207,0.1768874,0.5287776,0.30198786,0.085255295,-0.034734398,0.578805,-0.8440097,-0.075187325,0.67362225,-1.486409,0.04422185,0.8021944,-1.224503,-0.0061864182,0.5166335,-1.1866478,0.0,0.0,0.0,0.0,0.0,0.0,0.0,0.0,0.0,0.0,0.0,0.0,0.0,0.0,0.0,0.0,0.012947097,-0.09824991,0.85255295,-1.8784207,50.0,50.0,50.0,50.0,50.0,50.0,50.0,50.0,50.0,50.0,50.0,50.0,0.0,0.0,0.0,0.0,1.0,1.0,1.0,1.0,1.0,1.0,1.0,1.0,1.0,1.0,1.0,1.0,0.5,0.5,0.5,0.5
1788527472.2177546,463,4.964060000929749,3.7669659996026894,4.633938000552007,0.976799,5.616913,9043550,1,0,0.0,0.0,0.0,-0.013420343,0.63096166,-1.1790962,-0.10575197,0.6646748,-1.4219276,0.05851394,0.7373599,-1.2521099,-0.007980704,0.60020256,-1.2267243,-5.1875706,-9.484163,-0.7784655,-1.290943,0.41080552,-2.011397,1.2839779,0.17439857,0.93787676,-2.4749432,-0.41080552,0.5541999,-0.18602514,-0.023253143,-0.03100419,-0.4731509,-0.8254866,0.98050755,-0.034879714,0.51544464,-1.5585117,-0.59371877,16.453018,1.3606055,-0.47002736,-1.2327911,-0.2721211,2.8201642,1.3276211,0.14842969,-4.3291993,2.7974875,0.4205508,-0.51950395,0.4205508,-1.1874375,0.9987221,-0.004083575,0.021311559,0.045643598,-0.7755124,-0.16192017,0.42823625,0.15442601,1.3994108,9.730036,-0.0062170154,0.042954635,0.09120689,30.570966720581055,3.8625388145446777,-0.11393173,0.51057637,0.1528459,-0.20790958,0.044690873,-0.4305493,0.5800391,0.004219245,-0.1510201,0.116071954,1.1027341,-0.036163628,-0.000447331,-0.04691699,0.23635285,0.30431724,0.011172718,0.5623627,-1.1549902,-0.028482933,0.79764414,-1.2617885,-0.00011183275,0.6582708,-1.2409117,-0.037755024,0.699018,-1.0243164,0.0,0.0,0.0,0.0,0.0,0.0,0.0,0.0,0.0,0.0,0.0,0.0,0.0,0.0,0.0,0.0,0.04219245,-2.0790958,3.0431724,-0.36163628,50.0,50.0,50.0,50.0,50.0,50.0,50.0,50.0,50.0,50.0,50.0,50.0,0.0,0.0,0.0,0.0,1.0,1.0,1.0,1.0,1.0,1.0,1.0,1.0,1.0,1.0,1.0,1.0,0.5,0.5,0.5,0.5
1788527472.2375472,464,4.7652379998908145,3.688532000523992,4.462987999431789,0.773113,5.242021,9043570,1,0,0.0,0.0,0.0,-0.0032167435,0.6237556,-1.1684649,-0.10036258,0.6805099,-1.4332066,0.07289578,0.73754156,-1.2512885,-1.770258e-05,0.6177636,-1.2250024,-5.1961694,-9.482983,-0.77610385,-1.2875519,0.6045817,-0.046506286,-1.7591509,0.019377619,1.3486823,2.2181478,0.5580754,-1.8525003,-0.088968545,0.6782167,3.2748175,0.78454083,0.13951886,-1.1122752,0.44956076,0.24803352,0.0,-3.1170235,2.7026572,3.6365275,4.997133,5.64239,-4.378676,-2.2264454,0.52156544,-2.6469963,1.0884844,10.431309,-0.049476564,-0.47002736,1.2616524,-0.32159767,0.9984071,-0.010607486,0.019759975,0.051771503,-0.6615291,-0.20240022,0.7424892,-0.65242,0.18315643,6.099229,-0.019152097,0.040566456,0.10322687,30.56211280822754,4.204356670379639,0.09562147,0.18780495,0.8384479,-0.44690743,0.24717386,-0.6037692,-0.05642557,0.09662079,-0.2755769,0.32233742,0.6935345,0.08544512,-0.19879586,-0.42566663,0.5019452,0.3003687,0.061793465,0.51905775,-1.3141063,0.023905367,0.71695125,-1.090388,-0.049698964,0.5635834,-1.1745137,-0.06889422,0.75058436,-1.1266164,0.0,0.0,0.0,0.0,0.0,0.0,0.0,0.0,0.0,0.0,0.0,0.0,0.0,0.0,0.0,0.0,0.9662079,-4.4690742,3.003687,0.8544512,50.0,50.0,50.0,50.0,50.0,50.0,50.0,50.0,50.0,50.0,50.0,50.0,0.0,0.0,0.0,0.0,1.0,1.0,1.0,1.0,1.0,1.0,1.0,1.0,1.0,1.0,1.0,1.0,0.5,0.5,0.5,0.5
1788527472.257507,465,4.734549000204424,3.7189009999565315,4.458668001461774,0.972255,5.436715,9043590,1,0,0.0,0.0,0.0,0.0014761686,0.62920547,-1.1997902,-0.09936342,0.67539304,-1.3931613,0.0642364,0.7315769,-1.247671,-0.002894044,0.62288046,-1.2314476,-5.178245,-9.515077,-0.75648403,-1.2994511,-0.4379342,0.03100419,-2.800487,-0.06200838,-1.0851467,2.0503206,-0.97663206,-0.724723,0.9463018,-0.9456278,0.15502095,-0.9948302,0.96888095,-3.0655394,1.8602515,-0.80223346,3.6365275,-5.6650667,-2.8923175,6.382477,3.240715,12.375325,-4.9229183,-8.015203,2.5129972,-2.548043,6.5061684,6.3062005,-0.024738282,-0.64319533,0.44528908,0.8411016,0.9981638,-0.008580696,0.019154985,0.05681976,0.39414778,0.08522114,0.23648869,0.37469256,-1.4077905,12.921507,-0.014965186,0.03922479,0.113432296,30.447019577026367,7.759259223937988,-0.112436496,-0.04075316,0.81316227,-0.47717187,0.10418158,0.15410173,0.20079453,0.28824425,-0.063926496,0.1370399,0.5568735,0.0521682,-0.04256308,0.11624441,0.98036474,0.39266214,0.026045395,0.7085254,-1.2498013,-0.028109124,0.65981174,-1.0967094,-0.01064077,0.6990611,-1.0549088,-0.015981624,0.70426,-1.1607816,0.0,0.0,0.0,0.0,0.0,0.0,0.0,0.0,0.0,0.0,0.0,0.0,0.0,0.0,0.0,0.0,2.8824425,-4.7717185,3.9266214,0.521682,50.0,50.0,50.0,50.0,50.0,50.0,50.0,50.0,50.0,50.0,50.0,50.0,0.0,0.0,0.0,0.0,1.0,1.0,1.0,1.0,1.0,1.0,1.0,1.0,1.0,1.0,1.0,1.0,0.5,0.5,0.5,0.5
1788527472.2776022,466,4.823319999559317,3.7722460001532454,4.550351999569102,0.960798,5.516718,9043610,1,0,0.0,0.0,0.0,-0.0048820972,0.6469784,-1.2415891,-0.09403457,0.65883124,-1.3411577,0.048764586,0.7155298,-1.2266136,-0.008646786,0.6237283,-1.240989,-5.1451216,-9.5819,-0.7114917,-1.3155284,-0.77122927,2.2090485,-0.45495284,-0.7557271,-0.42630762,-0.810827,-1.2750474,-0.3100419,1.4538269,-0.1782741,-0.30229086,-0.082902506,2.205173,-2.9996555,3.6081126,-1.1161509,2.3253984,0.791625,-0.23707521,4.230246,0.4205508,14.271927,-1.6822032,-0.44528908,8.060556,-0.22264454,4.4281526,4.030278,0.24738282,-0.86583984,0.0,0.7668867,0.9981999,-0.0049515883,0.021272209,0.055858087,0.6434196,0.0149137005,-0.40693095,-1.3838485,-2.099715,11.86686,-0.0075159282,0.043034285,0.111639306,30.579822540283203,3.3156309127807617,-0.45706624,-0.720493,0.122029155,-0.2975692,-0.058208384,0.313586,0.7615774,0.20194319,0.15939948,-0.58869016,0.4141638,-0.115975395,0.24919051,0.53194654,0.7896581,0.14876577,-0.014552096,0.7483965,-1.1096056,-0.11426656,0.48987675,-1.2694926,0.062297627,0.8029866,-1.1025854,0.03984987,0.5228275,-1.196459,0.0,0.0,0.0,0.0,0.0,0.0,0.0,0.0,0.0,0.0,0.0,0.0,0.0,0.0,0.0,0.0,2.0194318,-2.9756918,1.4876578,-1.1597539,50.0,50.0,50.0,50.0,50.0,50.0,50.0,50.0,50.0,50.0,50.0,50.0,0.0,0.0,0.0,0.0,1.0,1.0,1.0,1.0,1.0,1.0,1.0,1.0,1.0,1.0,1.0,1.0,0.5,0.5,0.5,0.5
1788527472.2962089,467,3.43847700059996,2.315337000254658,2.974844999698689,0.964031,3.944604,9043630,1,0,0.0,0.0,0.0,-0.0055481195,0.6558194,-1.2398514,-0.11053582,0.65970933,-1.3560226,0.041316316,0.715227,-1.2259976,-0.009827614,0.6101942,-1.2415103,-5.1136327,-9.627255,-0.6573554,-1.3344216,-0.5076936,0.60070616,1.2576917,-0.6704656,0.53094673,-1.2920659,1.1122752,0.34492162,-0.647044,-0.4650629,-0.46893838,0.010110063,0.984383,-1.7633634,1.5114542,-0.9146236,-0.049476564,4.304461,5.594975,0.4205508,-9.425285,5.689805,0.12369141,4.378676,7.396746,3.1170235,-4.2797227,2.2285068,0.51950395,-0.791625,-0.024738282,-0.049476564,0.99853003,-0.0008411687,0.02029348,0.05025353,0.33449298,-0.27377293,-0.7552724,1.7908629,0.49559975,11.7782755,0.0003600705,0.040623013,0.100577496,30.56211280822754,4.272719860076904,-0.43958282,-0.5202616,-0.683664,-0.14468887,-0.18634306,0.42682365,1.5516536,0.17354044,0.07004206,-0.9337156,0.7277574,-0.18926768,0.353492,0.857697,0.5718023,-0.11046274,-0.046585765,0.7767059,-0.91208655,-0.109895706,0.53993464,-1.4709159,0.088373,0.88442427,-1.1570494,0.017510515,0.43657112,-1.1180606,0.0,0.0,0.0,0.0,0.0,0.0,0.0,0.0,0.0,0.0,0.0,0.0,0.0,0.0,0.0,0.0,1.7354045,-1.4468887,-1.1046274,-1.8926768,50.0,50.0,50.0,50.0,50.0,50.0,50.0,50.0,50.0,50.0,50.0,50.0,0.0,0.0,0.0,0.0,1.0,1.0,1.0,1.0,1.0,1.0,1.0,1.0,1.0,1.0,1.0,1.0,0.5,0.5,0.5,0.5
1788527472.3175955,468,4.810200000065379,3.7388700002338737,4.525677999481559,0.997088,5.528782,9043650,1,0,0.0,0.0,0.0,-0.005063772,0.6515503,-1.2141181,-0.11253414,0.6651895,-1.3753581,0.046524048,0.72019255,-1.2367711,-0.012976468,0.6002934,-1.2306104,-5.112058,-9.626771,-0.65487266,-1.3357841,-0.76347816,-0.41080552,2.420349,-0.034879714,-0.011626571,-2.430459,-0.08526152,0.4728139,-0.810827,-0.011626571,-0.7092209,1.1545691,-1.2401676,0.6239593,-1.0425159,0.10463915,-1.4842969,7.0009336,13.987437,0.074214846,-6.5061684,-2.0862617,2.2511837,8.21311,4.883749,1.6079884,-7.817297,4.836334,1.6327267,-1.0884844,0.024738282,-0.9895313,0.99867386,-0.00031539542,0.020946663,0.047028266,0.107591696,-0.01704423,-0.07350324,-0.022744916,-0.78529817,10.449493,0.0013413929,0.041879676,0.09414,30.447019577026367,7.65671443939209,-0.34784076,0.035733085,-0.5822383,-0.1312573,-0.14020292,-0.19124708,1.4789759,0.03252983,-0.062624566,-0.5082458,0.66370815,-0.13691938,0.11786993,0.5005802,0.48046842,-0.0052148737,-0.03505073,0.62218827,-0.930256,-0.08696019,0.67893326,-1.4455595,0.029467482,0.79514503,-1.1798829,-0.015656142,0.5429386,-1.1340729,0.0,0.0,0.0,0.0,0.0,0.0,0.0,0.0,0.0,0.0,0.0,0.0,0.0,0.0,0.0,0.0,0.3252983,-1.312573,-0.052148737,-1.3691938,50.0,50.0,50.0,50.0,50.0,50.0,50.0,50.0,50.0,50.0,50.0,50.0,0.0,0.0,0.0,0.0,1.0,1.0,1.0,1.0,1.0,1.0,1.0,1.0,1.0,1.0,1.0,1.0,0.5,0.5,0.5,0.5
1788527472.3375854,469,4.805335000128252,3.6997330007579876,4.503629999817349,0.999135,5.509165,9043670,1,0,0.0,0.0,0.0,-0.011512876,0.6346252,-1.1962992,-0.11344246,0.6750903,-1.4259875,0.046887368,0.72770137,-1.2411468,-0.010372639,0.5934507,-1.220753,-5.130164,-9.617597,-0.6847869,-1.3226436,-0.20540276,-1.1510305,0.43473268,-0.19377619,1.1432796,-0.74814457,-0.7285985,0.47668946,0.18804716,-0.10076362,-0.06975943,-0.22039935,-0.85261524,0.04263076,-1.4882011,1.0735201,-0.9400547,0.5442422,13.276212,1.5585117,-0.791625,-0.85347074,-0.22264454,3.0428088,2.7026572,-0.074214846,-2.4985664,4.978579,0.64319533,-0.64319533,0.7668867,-1.2616524,0.99850017,-0.0023342567,0.021164648,0.050440416,-0.5464806,0.09906958,0.616788,0.7374141,0.47405192,9.982624,-0.0025286912,0.0425141,0.10089281,30.5975284576416,2.8029043674468994,-0.06095452,0.35772216,0.5006163,-0.2242698,0.08769395,-0.5365647,0.35984564,-0.052598275,-0.2581212,0.28856218,1.1045145,-0.004775567,-0.1334441,-0.25552788,0.2224359,0.28716305,0.021923488,0.53585887,-1.2100385,-0.01523863,0.7594305,-1.1748459,-0.033361025,0.606118,-1.244391,-0.0645303,0.74214053,-1.0238713,0.0,0.0,0.0,0.0,0.0,0.0,0.0,0.0,0.0,0.0,0.0,0.0,0.0,0.0,0.0,0.0,-0.52598274,-2.2426982,2.8716304,-0.04775567,50.0,50.0,50.0,50.0,50.0,50.0,50.0,50.0,50.0,50.0,50.0,50.0,0.0,0.0,0.0,0.0,1.0,1.0,1.0,1.0,1.0,1.0,1.0,1.0,1.0,1.0,1.0,1.0,0.5,0.5,0.5,0.5
1788527472.357509,470,4.740564998428454,3.705621000335668,4.466124999453314,0.969374,5.441643,9043690,1,0,0.0,0.0,0.0,-0.0047307014,0.6225747,-1.1939454,-0.1084164,0.68377995,-1.4140449,0.051338166,0.71973836,-1.2410204,-0.008374274,0.60843813,-1.2174515,-5.136916,-9.628194,-0.7053453,-1.3167396,1.1704081,-0.46893838,-2.3253143,0.019377619,0.65883905,4.1228833,0.24415801,-1.8757535,-0.43675467,0.5193202,1.9958948,0.61064774,-0.10851467,-1.1122752,-0.31779295,0.08913705,0.14842969,-4.2055078,1.6121113,4.7992268,3.4633594,7.112256,-4.6260586,-4.3291993,0.14224511,-3.4386213,5.516637,10.099403,-0.22264454,-0.5442422,1.4842969,-0.049476564,0.9980686,-0.0056029367,0.021853022,0.057881936,-0.13528857,0.19174758,0.84688514,-0.8702923,0.80564886,8.446744,-0.00866304,0.04428472,0.11566628,30.500139236450195,5.94762659072876,0.0973621,0.16724855,1.0459892,-0.29479465,0.21390262,-0.5777934,0.08935639,0.10312732,-0.33809212,0.51354754,0.46114343,0.19235715,-0.27152064,-0.53761244,0.6999118,0.2439598,0.053475656,0.5255517,-1.2776608,0.024340525,0.71181214,-1.0385027,-0.06788016,0.5355969,-1.125022,-0.08452303,0.79838693,-1.1847141,0.0,0.0,0.0,0.0,0.0,0.0,0.0,0.0,0.0,0.0,0.0,0.0,0.0,0.0,0.0,0.0,1.0312732,-2.9479465,2.439598,1.9235716,50.0,50.0,50.0,50.0,50.0,50.0,50.0,50.0,50.0,50.0,50.0,50.0,0.0,0.0,0.0,0.0,1.0,1.0,1.0,1.0,1.0,1.0,1.0,1.0,1.0,1.0,1.0,1.0,0.5,0.5,0.5,0.5
1788527472.377207,471,4.429643000548822,3.5159819999535102,4.168387000390794,0.949566,5.123937,9043710,1,0,0.0,0.0,0.0,-0.005427003,0.63038635,-1.2266926,-0.10121035,0.6650078,-1.3575549,0.038409665,0.71195704,-1.2348754,-0.013733447,0.61240447,-1.2258712,-5.1158733,-9.66168,-0.6876329,-1.3376007,-0.10463915,0.33329505,-1.8218333,0.5735775,-0.82161105,4.1572576,-0.9572544,-0.9960096,1.9573079,-0.4185566,0.9417523,-1.7429748,1.2983005,-2.4299536,1.7168571,-0.86811733,3.0675468,-5.61559,-0.80605567,5.961926,3.1665,12.754646,-4.6013203,-8.114157,3.461298,-3.1912384,8.757352,4.030278,-0.14842969,-0.17316797,0.2721211,1.3853438,0.9978077,-0.0029916896,0.022486852,0.062170576,0.19600864,0.10013484,0.13954963,1.1563994,-3.0131028,7.064092,-0.0031774805,0.04526255,0.124381535,30.393898010253906,9.126529693603516,-0.105805166,-0.4172097,1.0106736,-0.2500038,0.13283616,-0.06929518,0.2657605,0.21279702,-0.040045444,0.09005751,0.30294254,0.14014593,-0.0630705,-0.03511583,0.92090166,0.26457232,0.03320904,0.6526762,-1.2335598,-0.026451292,0.5656976,-1.0473316,-0.015767625,0.6612211,-1.0697745,-0.010011361,0.6925144,-1.2242643,0.0,0.0,0.0,0.0,0.0,0.0,0.0,0.0,0.0,0.0,0.0,0.0,0.0,0.0,0.0,0.0,2.1279702,-2.5000381,2.6457233,1.4014592,50.0,50.0,50.0,50.0,50.0,50.0,50.0,50.0,50.0,50.0,50.0,50.0,0.0,0.0,0.0,0.0,1.0,1.0,1.0,1.0,1.0,1.0,1.0,1.0,1.0,1.0,1.0,1.0,0.5,0.5,0.5,0.5
1788527472.3971918,472,4.408971000884776,3.2818949985085055,4.081792998476885,1.031872,5.120065,9043730,1,0,0.0,0.0,0.0,-0.006759286,0.6381979,-1.2517781,-0.10205812,0.6532602,-1.3444593,0.02490589,0.6990891,-1.2138497,-0.01509589,0.6291176,-1.2537212,-5.0885024,-9.696167,-0.6380081,-1.3399321,0.081386,1.1742837,0.15367295,0.011626571,0.39917895,-0.06874842,-0.63946146,-0.4999426,0.6672641,0.3565482,1.5889648,-0.972588,2.1121604,-1.0928978,3.3329504,0.3410461,2.0038009,-0.34633595,0.52156544,3.8591719,-5.2197776,15.599548,-1.311129,-1.311129,7.396746,-0.074214846,1.5090352,2.2759218,-0.024738282,-0.74214846,-0.2721211,0.44528908,0.9980313,-0.0005483362,0.020724611,0.059191965,0.30892664,-0.3856257,-0.59015644,0.4345476,1.5035586,10.593145,0.0013601158,0.041444402,0.11850685,30.570966720581055,3.759993553161621,-0.36151302,-0.64411336,-0.027155451,0.036534563,-0.055101585,0.3954313,0.85003394,0.14609602,0.08807812,-0.6178616,0.4453699,0.014046527,0.29112878,0.5384295,1.0362166,0.021985894,-0.013775396,0.76885784,-1.0874915,-0.090378255,0.5089717,-1.3067888,0.072782196,0.8046074,-1.0409458,0.02201953,0.51553464,-1.1886575,0.0,0.0,0.0,0.0,0.0,0.0,0.0,0.0,0.0,0.0,0.0,0.0,0.0,0.0,0.0,0.0,1.4609601,0.36534563,0.21985894,0.14046527,50.0,50.0,50.0,50.0,50.0,50.0,50.0,50.0,50.0,50.0,50.0,50.0,0.0,0.0,0.0,0.0,1.0,1.0,1.0,1.0,1.0,1.0,1.0,1.0,1.0,1.0,1.0,1.0,0.5,0.5,0.5,0.5
1788527472.417803,473,5.013661999328178,3.833785000097123,4.689618999691447,1.029121,5.724948,9043750,1,0,0.0,0.0,0.0,-0.0032167435,0.6478262,-1.2391564,-0.09878814,0.6547135,-1.3455966,0.028872252,0.70484185,-1.2141656,-0.013430655,0.6324785,-1.258413,-5.060344,-9.698892,-0.59683067,-1.3431718,-0.5038181,0.20540276,2.626594,0.18990067,-0.23640695,-1.5529056,1.798243,1.1859103,0.0,-0.019377619,-1.767239,0.03437421,0.7479761,1.0076362,1.4533215,-1.0773956,-0.14842969,6.234047,4.4570136,0.24738282,-7.396746,3.698373,0.51950395,4.378676,9.198518,1.8801094,-4.6260586,3.461298,0.37107423,-0.4205508,-0.51950395,0.64319533,0.9984782,-0.0028302667,0.017806264,0.05211813,-0.33342773,-0.22264025,-0.80214405,-0.089782566,-2.2230163,11.969811,-0.003798312,0.035861034,0.10423236,30.535554885864258,4.887991428375244,-0.38659394,-0.50077915,-0.68832463,0.04548475,-0.18692951,0.46693486,1.4916775,0.17381373,0.097387485,-0.9866674,0.901628,-0.24343443,0.3663585,0.9186311,0.520845,-0.1645246,-0.046732377,0.78673375,-0.9270806,-0.096648484,0.5448052,-1.4720811,0.09158962,0.8996578,-1.1697887,0.024346871,0.42333317,-1.074593,0.0,0.0,0.0,0.0,0.0,0.0,0.0,0.0,0.0,0.0,0.0,0.0,0.0,0.0,0.0,0.0,1.7381372,0.4548475,-1.645246,-2.4343443,50.0,50.0,50.0,50.0,50.0,50.0,50.0,50.0,50.0,50.0,50.0,50.0,0.0,0.0,0.0,0.0,1.0,1.0,1.0,1.0,1.0,1.0,1.0,1.0,1.0,1.0,1.0,1.0,0.5,0.5,0.5,0.5
1788527472.4382904,474,5.491373000040767,3.8924740001675673,4.927322999719763,1.012224,5.95062,9043770,1,0,0.0,0.0,0.0,0.003656149,0.6419827,-1.2053666,-0.097486205,0.6563182,-1.366733,0.038349107,0.7074457,-1.2207371,-0.0065879226,0.62145746,-1.2448276,-5.0614343,-9.664496,-0.6020384,-1.3383274,-0.31779295,-0.09301257,2.7216287,-0.13951886,-0.15502095,-2.2444339,0.16664752,0.62783486,-1.2293836,0.11626572,-1.1122752,1.5953678,-1.2052878,2.1935465,-1.8292472,0.85261524,-2.3253984,7.619391,11.56927,0.074214846,-5.6403284,-2.7974875,2.4243517,9.400547,3.9828634,1.5585117,-9.177902,7.064841,1.6327267,-0.86583984,0.12369141,-1.6327267,0.9987043,-0.005556837,0.017603915,0.04742491,0.18855178,0.19920443,-0.18748651,1.8303672,-0.9540894,8.073248,-0.009435695,0.035696857,0.09473316,30.402751922607422,8.921439170837402,-0.3061188,-0.06939037,-0.6334349,0.07556575,-0.13182458,-0.3230391,1.6545093,-0.08754478,0.0031283908,-0.58965504,0.6561798,-0.1723893,0.10281318,0.49107444,0.23387755,-0.0876701,-0.032956146,0.58924025,-0.8863726,-0.0765297,0.65265244,-1.4583586,0.025703294,0.7927686,-1.2415305,0.0007820977,0.5225862,-1.135955,0.0,0.0,0.0,0.0,0.0,0.0,0.0,0.0,0.0,0.0,0.0,0.0,0.0,0.0,0.0,0.0,-0.87544775,0.7556575,-0.876701,-1.7238929,50.0,50.0,50.0,50.0,50.0,50.0,50.0,50.0,50.0,50.0,50.0,50.0,0.0,0.0,0.0,0.0,1.0,1.0,1.0,1.0,1.0,1.0,1.0,1.0,1.0,1.0,1.0,1.0,0.5,0.5,0.5,0.5
1788527472.4583056,475,5.529678001039429,4.06588800069585,5.069374999948195,0.973694,6.049086,9043790,1,0,0.0,0.0,0.0,-0.0057297945,0.6380162,-1.1905649,-0.0995148,0.6455394,-1.4170463,0.04467711,0.7271867,-1.2334063,-0.0036207438,0.5996879,-1.222617,-5.079752,-9.628921,-0.640067,-1.3232188,-0.5464489,-1.0851467,0.3417201,-0.58520406,0.20540276,-0.86946535,0.7208474,0.6084572,-0.31745595,0.22478038,-0.39917895,0.3720503,-0.5038181,1.7633634,-1.968766,0.9921341,-1.6822032,-0.32159767,15.457303,0.64319533,-0.22264454,-1.9914317,1.7069415,3.1417618,3.603543,1.2616524,-3.8839102,4.599259,1.0637461,-0.5442422,0.47002736,-1.6822032,0.9985601,-0.0050167106,0.018800255,0.049993057,0.027696872,0.18855178,0.67537755,1.5586253,-2.6384103,10.135853,-0.008145197,0.038057156,0.09989176,30.56211280822754,3.5549027919769287,-0.100296706,0.5148924,0.033756215,-0.20621362,0.05549109,-0.6930377,0.7970248,-0.10096394,-0.20304126,0.24523917,0.8388632,-0.06829113,-0.08085377,-0.22613706,0.32989782,0.19079219,0.013872772,0.49674058,-1.1007438,-0.025074176,0.7987231,-1.2915609,-0.020213442,0.6134657,-1.2175255,-0.050760314,0.73130983,-1.0902841,0.0,0.0,0.0,0.0,0.0,0.0,0.0,0.0,0.0,0.0,0.0,0.0,0.0,0.0,0.0,0.0,-1.0096394,-2.0621362,1.9079219,-0.6829113,50.0,50.0,50.0,50.0,50.0,50.0,50.0,50.0,50.0,50.0,50.0,50.0,0.0,0.0,0.0,0.0,1.0,1.0,1.0,1.0,1.0,1.0,1.0,1.0,1.0,1.0,1.0,1.0,0.5,0.5,0.5,0.5
1788527472.4769185,476,4.133538001042325,2.794616000755923,3.823351999017177,0.969471,4.799032,9043810,1,0,0.0,0.0,0.0,-0.0045490265,0.61385477,-1.1828085,-0.10002952,0.6574385,-1.4166672,0.053154826,0.72319,-1.23903,-0.0071026683,0.61170805,-1.2217166,-5.0987663,-9.619473,-0.66253287,-1.3133181,0.7092209,-0.2092783,-0.7885848,-0.16664752,-0.05813286,1.6681603,0.4185566,-0.7518516,0.18400313,0.43405867,1.9183843,0.22444338,-0.5348223,-0.7479761,-0.63946146,0.18602514,0.17316797,-5.961926,5.5001445,4.0076017,7.5204377,4.0776935,-4.2055078,-5.2197776,0.80605567,-2.7459493,4.6260586,7.207086,-0.22264454,-0.59371877,1.2121758,-0.37107423,0.9979977,-0.007425225,0.021460444,0.059033096,-0.30360034,0.23861921,1.0151969,-1.3922282,0.40462008,6.8198833,-0.012299027,0.043725546,0.11789644,30.52669906616211,5.298172950744629,0.12741973,0.2568396,1.0133077,-0.4795467,0.20394051,-0.7013158,0.16746332,0.019361626,-0.32868144,0.54754746,0.46811035,0.07628895,-0.2151185,-0.55538154,0.4960797,0.26618436,0.050985128,0.49467105,-1.2581341,0.03185493,0.7342099,-1.046673,-0.053779624,0.53115463,-1.17598,-0.08217036,0.8068869,-1.1829723,0.0,0.0,0.0,0.0,0.0,0.0,0.0,0.0,0.0,0.0,0.0,0.0,0.0,0.0,0.0,0.0,0.19361627,-4.795467,2.6618435,0.7628895,50.0,50.0,50.0,50.0,50.0,50.0,50.0,50.0,50.0,50.0,50.0,50.0,0.0,0.0,0.0,0.0,1.0,1.0,1.0,1.0,1.0,1.0,1.0,1.0,1.0,1.0,1.0,1.0,0.5,0.5,0.5,0.5
1788527472.4967515,477,3.9754529989295406,2.9295969998202054,3.705717001139419,0.934494,4.645939,9043830,1,0,0.0,0.0,0.0,0.00087070465,0.6180936,-1.2029971,-0.09179403,0.651383,-1.3877587,0.05300343,0.722857,-1.231337,-0.0035299063,0.618248,-1.2294887,-5.086625,-9.654324,-0.6644707,-1.3354207,0.22090487,-0.023253143,-2.0664966,0.7285985,-0.6162083,3.3120563,-0.2286559,-0.6975943,0.96045595,0.065883905,0.5813286,-1.4133867,1.0076362,-2.8833897,0.86036634,-1.7207327,2.2511837,-6.308262,-0.66381055,5.6403284,4.89818,13.371041,-5.269254,-9.276855,1.6595265,-4.1807694,9.202641,4.030278,-0.37107423,-0.89057815,0.791625,1.2121758,0.9976073,-0.008690884,0.02183399,0.06501849,-0.30892664,-0.0042610574,0.26098976,-0.24061728,-3.071761,10.20289,-0.014515968,0.044708524,0.12984021,30.376192092895508,9.810164451599121,-0.07247762,-0.35980374,1.0717416,-0.5333216,0.0969704,-0.09249318,0.19127278,0.18622783,-0.040279344,0.075762264,0.45858657,0.008745268,-0.034260973,-0.051724374,0.7900901,0.3698202,0.0242426,0.6468767,-1.2521818,-0.018119404,0.5800491,-1.0320646,-0.008565243,0.6570689,-1.1024774,-0.010069836,0.6889406,-1.1853533,0.0,0.0,0.0,0.0,0.0,0.0,0.0,0.0,0.0,0.0,0.0,0.0,0.0,0.0,0.0,0.0,1.8622782,-5.333216,3.6982021,0.08745268,50.0,50.0,50.0,50.0,50.0,50.0,50.0,50.0,50.0,50.0,50.0,50.0,0.0,0.0,0.0,0.0,1.0,1.0,1.0,1.0,1.0,1.0,1.0,1.0,1.0,1.0,1.0,1.0,0.5,0.5,0.5,0.5
1788527472.5173411,478,4.552784001134569,3.3119760009867605,4.242084998622886,1.077698,5.326632,9043850,1,0,0.0,0.0,0.0,0.0010221004,0.63380766,-1.2415416,-0.08171161,0.6320659,-1.3422792,0.04419267,0.717407,-1.2160928,-0.0032271147,0.6319032,-1.2529156,-5.058437,-9.723841,-0.617813,-1.3563426,-0.26353562,1.3641844,-1.5286415,0.0,-1.4533215,-0.41451257,-0.65496355,-0.31779295,0.018198112,-0.15114543,0.7169719,-0.53178924,1.6509732,-3.4492161,3.7902625,-0.9301258,1.4842969,-0.56898046,0.80605567,3.339668,-1.4100821,16.737509,-1.9048477,-2.6469963,6.2587852,-0.22264454,2.1027539,3.698373,0.049476564,-1.0390079,-0.12369141,0.51950395,0.9977336,-0.0072463877,0.020874243,0.06355816,0.46978155,-0.29614347,-0.4868258,-1.2018893,-0.094570965,13.3943615,-0.011817459,0.042587873,0.1269815,30.588674545288086,3.4181759357452393,-0.4210953,-0.40703863,0.04193814,-0.36438963,-0.0797906,0.4486581,0.8336433,0.20354447,0.114672065,-0.5465343,0.59315646,-0.1337784,0.2646915,0.6292703,0.99244434,0.21096955,-0.01994765,0.7821646,-1.0915891,-0.10527383,0.56824034,-1.2895154,0.066172875,0.8273176,-1.0518888,0.028668016,0.53336644,-1.1517109,0.0,0.0,0.0,0.0,0.0,0.0,0.0,0.0,0.0,0.0,0.0,0.0,0.0,0.0,0.0,0.0,2.0354447,-3.6438963,2.1096954,-1.3377839,50.0,50.0,50.0,50.0,50.0,50.0,50.0,50.0,50.0,50.0,50.0,50.0,0.0,0.0,0.0,0.0,1.0,1.0,1.0,1.0,1.0,1.0,1.0,1.0,1.0,1.0,1.0,1.0,0.5,0.5,0.5,0.5
1788527472.5375812,479,4.811224000150105,3.77045399909548,4.531630000201403,0.954846,5.4923,9043870,1,0,0.0,0.0,0.0,-0.0035800934,0.65030897,-1.2455068,-0.09451901,0.6443586,-1.3515837,0.04010521,0.7276711,-1.2187151,-0.00558877,0.63072234,-1.2533264,-5.035123,-9.764564,-0.55940765,-1.3815031,-0.7092209,0.42630762,2.2403898,-1.1083997,0.23640695,-1.6620942,1.3254292,0.32166848,-0.10716666,-0.32166848,-1.848625,0.28510374,0.84873974,-1.3138026,2.4067004,-1.6858529,-0.12369141,6.5061684,4.788919,0.44528908,-4.304461,4.788919,0.074214846,5.1455626,9.008858,2.1522305,-3.5623126,4.836334,0.5442422,-1.2616524,-0.17316797,0.12369141,0.9981539,-0.004037855,0.018873084,0.05758784,0.27483818,-0.18322547,-0.74781555,0.061052144,-1.721431,12.4702,-0.0058914023,0.038150802,0.11514853,30.56211280822754,4.204356670379639,-0.40123525,-0.46870762,-0.70410395,-0.22566685,-0.16465932,0.44161767,1.5009627,0.19887388,0.12969342,-0.9688413,0.93571836,-0.29268378,0.3765123,0.92315245,0.47537085,0.014441747,-0.04116483,0.78040445,-0.92475927,-0.10030881,0.5528231,-1.4760259,0.09412807,0.9007881,-1.1811572,0.032423355,0.4277897,-1.0660703,0.0,0.0,0.0,0.0,0.0,0.0,0.0,0.0,0.0,0.0,0.0,0.0,0.0,0.0,0.0,0.0,1.9887388,-2.2566686,0.14441746,-2.926838,50.0,50.0,50.0,50.0,50.0,50.0,50.0,50.0,50.0,50.0,50.0,50.0,0.0,0.0,0.0,0.0,1.0,1.0,1.0,1.0,1.0,1.0,1.0,1.0,1.0,1.0,1.0,1.0,0.5,0.5,0.5,0.5
1788527472.5575347,480,4.764469998917775,3.7189009999565315,4.478957000173978,0.95299,5.437803,9043890,1,0,0.0,0.0,0.0,-0.004488468,0.6475234,-1.2123488,-0.0995148,0.6516252,-1.3749632,0.045040444,0.72794354,-1.227909,-0.004559338,0.6182177,-1.2360603,-5.02716,-9.7769165,-0.55423015,-1.3890423,-0.17052305,0.08526152,3.0249307,-0.03100419,-0.08913705,-2.5315597,0.28291324,0.25578457,-1.1768113,-0.12401676,-1.139404,1.8238552,-0.38755238,-0.39530346,-0.8371132,-0.023253143,-1.7811563,6.8030276,11.616685,-0.049476564,-5.1208243,-2.2759218,2.3253984,8.732614,3.650958,2.0285392,-8.955258,6.8751807,1.2121758,-0.96479297,0.5442422,-1.5090352,0.99838406,-0.004075361,0.01912054,0.053358436,0.2599245,0.21624866,-0.1043959,2.6120741,-0.48362875,8.6813755,-0.006101655,0.0386238,0.106670156,30.42045783996582,8.374530792236328,-0.2962741,-0.0019636676,-0.64283,-0.18424334,-0.109737396,-0.33630872,1.637029,-0.020865187,-0.042823896,-0.5792037,0.5999017,-0.1579047,0.11684748,0.5170491,0.26113102,0.13280067,-0.027434349,0.58592284,-0.89074266,-0.074068524,0.6695091,-1.4607074,0.02921187,0.7992623,-1.2347172,-0.010705974,0.52519906,-1.1500245,0.0,0.0,0.0,0.0,0.0,0.0,0.0,0.0,0.0,0.0,0.0,0.0,0.0,0.0,0.0,0.0,-0.20865187,-1.8424333,1.3280067,-1.579047,50.0,50.0,50.0,50.0,50.0,50.0,50.0,50.0,50.0,50.0,50.0,50.0,0.0,0.0,0.0,0.0,1.0,1.0,1.0,1.0,1.0,1.0,1.0,1.0,1.0,1.0,1.0,1.0,0.5,0.5,0.5,0.5
1788527472.577405,481,4.6312499998748535,3.6263219990360085,4.355016999397776,0.93011,5.291143,9043910,1,0,0.0,0.0,0.0,-0.012390852,0.62681353,-1.1904858,-0.09797065,0.6583468,-1.4222593,0.04534322,0.73614883,-1.2428371,-0.0049831867,0.60522866,-1.2221273,-5.0530777,-9.777189,-0.5651906,-1.3820179,-0.21315381,-1.9067578,0.7461226,-0.22090487,1.0735201,-1.1525471,-0.49606705,0.63946146,-0.6652421,-0.29841533,-0.4650629,-0.32149997,-1.1161509,-0.046506286,0.12401676,0.86811733,-0.5442422,-0.074214846,14.840908,1.4100821,-0.47002736,-1.4224513,-0.22264454,2.5233047,0.85347074,0.024738282,-3.7602189,4.2199388,0.51950395,-0.89057815,0.5442422,-1.2121758,0.998171,-0.004650677,0.02092227,0.056528416,-0.4442152,0.21411812,0.62850595,1.5167267,-1.4413095,9.773131,-0.0069251875,0.042306412,0.11299664,30.588674545288086,3.247267246246338,-0.07188767,0.37235978,0.41053015,-0.35169515,0.058736876,-0.55154645,0.55843484,-0.0917674,-0.2402491,0.30607513,0.9300355,-0.0028445143,-0.0989153,-0.16182424,0.26198104,0.38127854,0.014684219,0.53211343,-1.1603912,-0.017971918,0.76308995,-1.1973674,-0.024728825,0.62954396,-1.2345047,-0.060062274,0.7465188,-1.067491,0.0,0.0,0.0,0.0,0.0,0.0,0.0,0.0,0.0,0.0,0.0,0.0,0.0,0.0,0.0,0.0,-0.917674,-3.5169516,3.8127854,-0.028445143,50.0,50.0,50.0,50.0,50.0,50.0,50.0,50.0,50.0,50.0,50.0,50.0,0.0,0.0,0.0,0.0,1.0,1.0,1.0,1.0,1.0,1.0,1.0,1.0,1.0,1.0,1.0,1.0,0.5,0.5,0.5,0.5
1788527472.5971482,482,4.371657998490264,3.471949999948265,4.1079379989241716,0.921501,5.035199,9043930,1,0,0.0,0.0,0.0,-0.007788658,0.6206975,-1.1882901,-0.09697149,0.6701853,-1.4153876,0.058635056,0.7315769,-1.2422369,-0.005195141,0.6200949,-1.2201527,-5.066309,-9.791238,-0.55023354,-1.3766284,1.0773956,0.096888095,-1.8400313,0.027128667,0.31391743,3.926748,0.2596601,-0.65883905,0.14154087,0.47668946,1.0076362,0.33767608,-0.13176781,-1.7013549,1.3370557,0.05813286,0.049476564,-4.74975,3.1293926,4.0818167,4.6013203,6.638106,-4.6013203,-4.7992268,0.23707521,-3.339668,5.887711,8.297632,-0.44528908,-0.86583984,1.1626992,-0.024738282,0.9976424,-0.0074051213,0.022585921,0.064380206,0.04687163,0.027696872,0.8415588,-0.4417302,0.48602295,4.8602295,-0.011880018,0.04603509,0.1286125,30.52669906616211,5.434899806976318,0.057899326,0.11857933,0.87768,-0.47555056,0.18526211,-0.70280176,0.15533954,0.034555107,-0.27234384,0.48016486,0.42490354,0.19261296,-0.19584909,-0.5262122,0.5681857,0.34190705,0.04631553,0.4942996,-1.261165,0.0144748315,0.69964486,-1.08058,-0.048962273,0.53844696,-1.1579535,-0.06808596,0.7900412,-1.1937741,0.0,0.0,0.0,0.0,0.0,0.0,0.0,0.0,0.0,0.0,0.0,0.0,0.0,0.0,0.0,0.0,0.34555107,-4.7555056,3.4190705,1.9261296,50.0,50.0,50.0,50.0,50.0,50.0,50.0,50.0,50.0,50.0,50.0,50.0,0.0,0.0,0.0,0.0,1.0,1.0,1.0,1.0,1.0,1.0,1.0,1.0,1.0,1.0,1.0,1.0,0.5,0.5,0.5,0.5
1788527472.6174812,483,4.697652000686503,3.6637630000768695,4.410698998981388,0.939005,5.35588,9043950,1,0,0.0,0.0,0.0,-0.007576704,0.6274494,-1.2169774,-0.09282347,0.6565907,-1.365248,0.052579552,0.730608,-1.2355547,-0.008313715,0.6255146,-1.229394,-5.0531383,-9.847645,-0.52062213,-1.3949463,0.027128667,-0.065883905,-1.7551068,0.52707124,-0.1782741,4.440339,-0.41468105,-0.7944824,1.3183521,-0.28291324,0.92625016,-1.5832357,0.85649073,-3.639117,2.4338288,-0.8719929,2.721211,-6.8772426,-0.66381055,4.9476566,2.3006601,10.668385,-4.823965,-9.004735,2.5129972,-2.7706876,7.7183437,3.603543,-0.32159767,-0.37107423,0.47002736,1.311129,0.9973568,-0.0051607937,0.022291843,0.06896286,-0.030892665,0.009587379,0.13635384,2.5498247,1.9261353,5.3103395,-0.0072271293,0.045193028,0.13790815,30.42045783996582,8.408713340759277,-0.06894387,-0.5129374,0.992016,-0.42672172,0.13136491,-0.040325873,0.26506832,0.207546,-0.014196327,0.029856555,0.32892296,0.15133278,-0.027676523,0.07443684,0.7906659,0.36055553,0.032841228,0.65991855,-1.2337328,-0.017235968,0.5417657,-1.051996,-0.0069191307,0.68860924,-1.1023334,-0.0035490817,0.6774641,-1.2177693,0.0,0.0,0.0,0.0,0.0,0.0,0.0,0.0,0.0,0.0,0.0,0.0,0.0,0.0,0.0,0.0,2.07546,-4.267217,3.6055553,1.5133278,50.0,50.0,50.0,50.0,50.0,50.0,50.0,50.0,50.0,50.0,50.0,50.0,0.0,0.0,0.0,0.0,1.0,1.0,1.0,1.0,1.0,1.0,1.0,1.0,1.0,1.0,1.0,1.0,0.5,0.5,0.5,0.5
1788527472.6378365,484,5.041950000304496,3.789623000557185,4.689522998887696,1.013472,5.709811,9043970,1,0,0.0,0.0,0.0,-0.0066381693,0.6400751,-1.2430582,-0.08885711,0.6476588,-1.34814,0.04313296,0.720677,-1.2232963,-0.008555949,0.6371412,-1.2527261,-5.0260396,-9.9011755,-0.46451783,-1.3969446,0.03100419,1.2401676,-0.25275156,-0.12014124,-0.04263076,0.0080880495,-0.7673537,-0.5503244,0.31543395,0.29841533,1.050267,-0.80476093,1.9377619,-2.3408163,4.1506863,0.31779295,1.9790626,-0.22264454,0.28449023,3.8591719,-5.7640195,15.552134,-1.7316797,-1.0390079,6.638106,-0.024738282,0.86583984,2.2759218,0.0,-0.89057815,-0.2721211,0.5442422,0.9975863,-0.0037970818,0.020947214,0.06609344,0.39201728,-0.39840886,-0.5890912,0.8822633,-0.107739076,10.893618,-0.0048112106,0.042307854,0.13221154,30.570966720581055,3.725811719894409,-0.41370794,-0.55907226,-0.1139954,-0.15039553,-0.06708802,0.4339819,0.90251255,0.14102376,0.12889014,-0.6072427,0.47141394,-0.020058632,0.32861522,0.6444155,0.9990087,0.14380118,-0.016772006,0.7784955,-1.0743718,-0.103426985,0.53023195,-1.3284988,0.082153805,0.8311039,-1.0502478,0.032222535,0.5181893,-1.1821464,0.0,0.0,0.0,0.0,0.0,0.0,0.0,0.0,0.0,0.0,0.0,0.0,0.0,0.0,0.0,0.0,1.4102376,-1.5039552,1.4380119,-0.20058632,50.0,50.0,50.0,50.0,50.0,50.0,50.0,50.0,50.0,50.0,50.0,50.0,0.0,0.0,0.0,0.0,1.0,1.0,1.0,1.0,1.0,1.0,1.0,1.0,1.0,1.0,1.0,1.0,0.5,0.5,0.5,0.5
1788527472.6575594,485,4.783926999152754,3.702868998516351,4.486477000682498,1.019264,5.512205,9043990,1,0,0.0,0.0,0.0,-0.0036709309,0.6515503,-1.2314475,-0.09167292,0.6538052,-1.3518839,0.050248176,0.72594523,-1.2240703,-0.0072237253,0.6306618,-1.253895,-5.00094,-9.924459,-0.41019994,-1.4005477,-0.5193202,0.27128667,2.5457137,-0.8758684,-0.12401676,-1.6904025,1.1975368,-0.023253143,0.042462263,0.0077510476,-0.69371873,0.28914776,0.63946146,0.46118733,1.7788655,-0.76347816,-0.17316797,6.3577385,5.4053144,0.22264454,-6.3577385,3.2242227,0.37107423,5.61559,9.198518,2.0780158,-5.318731,3.2716377,0.37107423,-1.0884844,-0.14842969,0.2721211,0.9980305,-0.004780376,0.019356335,0.05947779,-0.21092233,-0.11824434,-0.75420713,0.9756372,-2.7928362,10.672154,-0.007245011,0.03921513,0.11890745,30.535554885864258,4.8196282386779785,-0.37105057,-0.6109399,-0.5670906,-0.046439506,-0.13212341,0.4573148,1.3917284,0.12919125,0.14944722,-0.99475586,0.8649493,-0.20784245,0.358983,0.92096424,0.40853348,-0.036574576,-0.033030853,0.7843287,-0.95206785,-0.09276264,0.517265,-1.4417726,0.08974575,0.9002411,-1.1978666,0.037361804,0.42131105,-1.0837626,0.0,0.0,0.0,0.0,0.0,0.0,0.0,0.0,0.0,0.0,0.0,0.0,0.0,0.0,0.0,0.0,1.2919126,-0.46439505,-0.36574575,-2.0784245,50.0,50.0,50.0,50.0,50.0,50.0,50.0,50.0,50.0,50.0,50.0,50.0,0.0,0.0,0.0,0.0,1.0,1.0,1.0,1.0,1.0,1.0,1.0,1.0,1.0,1.0,1.0,1.0,0.5,0.5,0.5,0.5
1788527472.6774745,486,4.704627999672084,3.6976209994463716,4.432300000189571,0.993663,5.431915,9044010,1,0,0.0,0.0,0.0,0.00017428398,0.6461307,-1.2025547,-0.09406485,0.6565907,-1.3759742,0.05482009,0.7250067,-1.2313527,-0.0010168552,0.61658275,-1.2397568,-5.0039372,-9.911259,-0.40871638,-1.3934022,-0.569702,0.18990067,2.1878173,0.24803352,-0.40693003,-1.4902232,0.13176781,0.4185566,-1.4336069,0.054257333,-1.0735201,1.8562074,-1.3525578,0.7828558,-1.0541425,0.7518516,-1.1626992,7.025672,11.56927,-0.22264454,-6.8030276,-1.4224513,1.6822032,8.683137,3.1293926,1.9295859,-9.153164,5.974295,1.4100821,-0.64319533,0.4205508,-1.4595586,0.9982407,-0.007070789,0.019331936,0.055605583,0.1789644,0.18429072,-0.1310275,1.4377182,-2.3630772,7.04015,-0.011976345,0.03939239,0.11105625,30.42045783996582,8.237804412841797,-0.28724086,-0.08446717,-0.52343005,0.014928445,-0.10838158,-0.27037907,1.5935699,-0.13963522,-0.023519024,-0.5574076,0.6823413,-0.1321025,0.089905195,0.52957976,0.23217915,0.06566876,-0.027095394,0.60240525,-0.9016075,-0.071810216,0.6488832,-1.4308574,0.022476299,0.802395,-1.2419552,-0.005879756,0.5306481,-1.1294147,0.0,0.0,0.0,0.0,0.0,0.0,0.0,0.0,0.0,0.0,0.0,0.0,0.0,0.0,0.0,0.0,-1.3963522,0.14928445,0.6566876,-1.321025,50.0,50.0,50.0,50.0,50.0,50.0,50.0,50.0,50.0,50.0,50.0,50.0,0.0,0.0,0.0,0.0,1.0,1.0,1.0,1.0,1.0,1.0,1.0,1.0,1.0,1.0,1.0,1.0,0.5,0.5,0.5,0.5
1788527472.6977422,487,4.973500999767566,3.73247000061383,4.590193000694853,0.964222,5.563119,9044030,1,0,0.0,0.0,0.0,-0.009665966,0.6280247,-1.1910703,-0.09173348,0.65313905,-1.4077735,0.050490394,0.7350285,-1.2474024,-0.0033179522,0.60265505,-1.2227277,-5.0373635,-9.892426,-0.4258837,-1.3752054,-0.5076936,-0.9146236,0.7804968,-0.17052305,-0.08526152,-1.3871006,-0.68984324,1.0773956,-0.7259025,-0.33329505,-0.7828558,-0.17995912,-1.9300109,1.4184418,-0.2790377,1.2014123,-0.34633595,-0.17316797,14.461587,1.1626992,-0.24738282,-0.14224511,-0.74214846,2.4985664,0.80605567,0.17316797,-3.0180705,5.4053144,0.34633595,-0.6679336,0.44528908,-1.1874375,0.99804485,-0.0060244338,0.020935388,0.05858186,0.036218986,0.11078749,0.53582793,0.15442601,-0.7781156,10.2495775,-0.009581244,0.04250756,0.11705502,30.588674545288086,3.0079948902130127,-0.14439215,0.40729222,0.17442662,-0.16132918,0.043765023,-0.5278171,0.7747993,-0.159099,-0.19102761,0.23050565,0.9656692,-0.022786193,-0.064320184,-0.05650875,0.26707256,0.3127672,0.010941256,0.53804576,-1.1063001,-0.036098037,0.77182305,-1.2563933,-0.016080046,0.6558728,-1.2332318,-0.047756903,0.72762644,-1.0585827,0.0,0.0,0.0,0.0,0.0,0.0,0.0,0.0,0.0,0.0,0.0,0.0,0.0,0.0,0.0,0.0,-1.59099,-1.6132917,3.1276722,-0.22786193,50.0,50.0,50.0,50.0,50.0,50.0,50.0,50.0,50.0,50.0,50.0,50.0,0.0,0.0,0.0,0.0,1.0,1.0,1.0,1.0,1.0,1.0,1.0,1.0,1.0,1.0,1.0,1.0,0.5,0.5,0.5,0.5
1788527472.718061,488,5.271206000543316,3.880058000504505,4.806167000424466,0.992671,5.806454,9044050,1,0,0.0,0.0,0.0,-0.010574222,0.62393725,-1.1854466,-0.095609,0.660769,-1.4104432,0.05902867,0.7349074,-1.2492349,-0.0088890195,0.61509913,-1.2209268,-5.062585,-9.887067,-0.41898042,-1.3678176,0.9456278,0.19377619,-1.3608143,-0.33329505,-0.24415801,2.3354244,0.1782741,-0.92237467,0.17793709,0.19377619,1.7517368,0.46910688,-1.0386404,-0.86424184,0.732474,0.10851467,0.12369141,-4.6260586,5.4053144,3.4386213,6.1350937,4.883749,-4.0076017,-3.3644063,0.61639553,-2.2511837,4.3291993,8.582122,-0.24738282,-0.32159767,1.1626992,-0.14842969,0.997573,-0.0058825184,0.021956379,0.06581431,0.07350324,0.11398328,0.86925566,-1.055843,1.520318,5.6323595,-0.008855314,0.044595268,0.13156044,30.54440689086914,4.477810382843018,0.064471304,0.2659163,0.78036064,-0.42146257,0.1618126,-0.7498008,0.28056875,-0.050500717,-0.3053265,0.48067686,0.44073224,0.09587765,-0.20300615,-0.49855855,0.48950228,0.29134598,0.04045315,0.48254982,-1.2298578,0.016117826,0.7364791,-1.1049098,-0.050751537,0.5453604,-1.1776243,-0.07633162,0.79016924,-1.189817,0.0,0.0,0.0,0.0,0.0,0.0,0.0,0.0,0.0,0.0,0.0,0.0,0.0,0.0,0.0,0.0,-0.50500715,-4.214626,2.9134598,0.9587765,50.0,50.0,50.0,50.0,50.0,50.0,50.0,50.0,50.0,50.0,50.0,50.0,0.0,0.0,0.0,0.0,1.0,1.0,1.0,1.0,1.0,1.0,1.0,1.0,1.0,1.0,1.0,1.0,0.5,0.5,0.5,0.5
1788527472.7376616,489,4.885145999651286,3.775351000513183,4.596177001076285,0.799225,5.401034,9044070,1,0,0.0,0.0,0.0,-0.009575129,0.6282064,-1.2052876,-0.089916825,0.65707517,-1.3704453,0.056636736,0.72972995,-1.2462492,-0.010766208,0.6215483,-1.2317793,-5.061767,-9.915467,-0.39070123,-1.3854997,0.0077510476,-0.13564333,-1.3587924,0.4185566,-0.22090487,2.7115188,-0.5619509,-0.8448642,0.323522,-0.35267267,0.7363495,-1.7551068,0.46893838,-2.9182694,2.8252568,-1.2866739,2.44909,-7.3225317,0.09483008,5.0466094,4.2797227,10.241649,-4.997133,-8.584184,2.9871476,-2.9685938,7.965727,4.0776935,-0.5442422,-0.44528908,0.074214846,1.0637461,0.9972545,-0.004274129,0.021225855,0.070815,-0.16618124,0.01704423,0.1906823,0.9540894,4.519056,10.144233,-0.0055236933,0.042953707,0.14166327,30.42045783996582,8.169441223144531,-0.07816335,-0.2879037,0.9447999,-0.49609807,0.08574409,-0.058918487,0.30875522,0.22745779,-0.08155744,0.07450358,0.42422977,0.057425078,0.000115917996,0.08043202,0.70024437,0.40238917,0.021436023,0.6552704,-1.2228111,-0.019540837,0.5980241,-1.0638,2.8979499e-05,0.690108,-1.1249388,-0.02038936,0.68862593,-1.1939425,0.0,0.0,0.0,0.0,0.0,0.0,0.0,0.0,0.0,0.0,0.0,0.0,0.0,0.0,0.0,0.0,2.2745779,-4.960981,4.0238914,0.57425076,50.0,50.0,50.0,50.0,50.0,50.0,50.0,50.0,50.0,50.0,50.0,50.0,0.0,0.0,0.0,0.0,1.0,1.0,1.0,1.0,1.0,1.0,1.0,1.0,1.0,1.0,1.0,1.0,0.5,0.5,0.5,0.5
1788527472.757518,490,4.743572999359458,3.692468000735971,4.448300000149175,0.81801,5.272774,9044090,1,0,0.0,0.0,0.0,-0.008333683,0.64098346,-1.2233593,-0.083558545,0.64672023,-1.3484085,0.049037084,0.72276616,-1.241052,-0.012098432,0.633084,-1.2549692,-5.038605,-9.974418,-0.33499056,-1.3984283,-0.10851467,1.4610726,-0.63895595,0.027128667,-1.4223173,-0.050550308,-0.651088,-0.06975943,0.088968545,-0.15502095,0.67434114,-0.61064774,1.767239,-3.7398803,4.026669,-0.13951886,1.5585117,-0.64319533,0.42673537,3.2901914,-1.2616524,14.935738,-1.8058946,-1.4595586,6.2113705,-0.24738282,2.1027539,3.413883,0.22264454,-0.7668867,-0.049476564,0.34633595,0.99739295,-0.0036707816,0.020595597,0.06906292,0.17576861,-0.23755394,-0.4506068,0.07062895,0.82121116,9.671378,-0.004481532,0.041602835,0.13817295,30.588674545288086,3.1105401515960693,-0.4178063,-0.43694085,0.13274017,-0.3335025,-0.08353315,0.34689075,0.847859,0.22571123,0.11199486,-0.552274,0.5340406,-0.104050785,0.269434,0.6632098,0.7880982,0.2499724,-0.020883288,0.7567227,-1.0880352,-0.104451574,0.5607648,-1.266815,0.0673585,0.83580244,-1.1029754,0.027998716,0.5319315,-1.1664898,0.0,0.0,0.0,0.0,0.0,0.0,0.0,0.0,0.0,0.0,0.0,0.0,0.0,0.0,0.0,0.0,2.2571123,-3.335025,2.499724,-1.0405078,50.0,50.0,50.0,50.0,50.0,50.0,50.0,50.0,50.0,50.0,50.0,50.0,0.0,0.0,0.0,0.0,1.0,1.0,1.0,1.0,1.0,1.0,1.0,1.0,1.0,1.0,1.0,1.0,0.5,0.5,0.5,0.5
1788527472.77767,491,4.9012100007530535,3.7758939997729613,4.628530001355102,0.95971,5.594192,9044110,1,0,0.0,0.0,0.0,-0.008152008,0.6547295,-1.2225695,-0.08961405,0.65465295,-1.3515047,0.049854577,0.7286097,-1.2415417,-0.008828461,0.6290873,-1.2554748,-5.012748,-10.015534,-0.2784927,-1.4139607,-0.4379342,-0.07363495,1.0777327,-0.96888095,0.39917895,-1.1141288,0.68596774,0.984383,-0.16580501,0.077510476,-0.4728139,0.10716666,0.7441006,-1.4533215,2.2323017,-1.4688236,-0.17316797,5.5661135,5.5001445,0.14842969,-5.318731,5.4053144,0.17316797,4.9229183,7.6812367,1.9048477,-4.7002735,4.504429,0.74214846,-0.9895313,0.024738282,0.22264454,0.9977936,-0.0032853666,0.018768156,0.06360097,-0.10226537,-0.25033712,-0.6977481,0.01436521,-2.0817583,10.723629,-0.0041718935,0.037880458,0.12723199,30.570966720581055,3.9309024810791016,-0.37957507,-0.5451753,-0.4328809,-0.20522347,-0.13604939,0.44863254,1.3404044,0.20610595,0.1369532,-0.90328634,0.9959793,-0.23521264,0.30852753,0.89091086,0.3454463,0.01390592,-0.034012347,0.78215814,-0.9648988,-0.09489377,0.5337062,-1.4082202,0.07713188,0.89272773,-1.2136384,0.0342383,0.44417843,-1.0510051,0.0,0.0,0.0,0.0,0.0,0.0,0.0,0.0,0.0,0.0,0.0,0.0,0.0,0.0,0.0,0.0,2.0610595,-2.0522346,0.1390592,-2.3521264,50.0,50.0,50.0,50.0,50.0,50.0,50.0,50.0,50.0,50.0,50.0,50.0,0.0,0.0,0.0,0.0,1.0,1.0,1.0,1.0,1.0,1.0,1.0,1.0,1.0,1.0,1.0,1.0,0.5,0.5,0.5,0.5
1788527472.7976787,492,4.895513999144896,3.7874469999223948,4.519501999311615,0.98672,5.512046,9044130,1,0,0.0,0.0,0.0,-0.012148619,0.65030897,-1.2036921,-0.09548789,0.6579835,-1.3641896,0.051126227,0.7296391,-1.2512095,-0.0074659586,0.620216,-1.2419052,-5.013293,-10.025192,-0.26747167,-1.4166856,-0.51156914,-0.10076362,1.4174308,0.2790377,-0.2092783,-1.3810345,0.023253143,0.30616638,-1.3608143,-0.12789229,-0.732474,1.5670596,-0.86811733,0.07363495,-0.6627146,0.19765173,-0.64319533,6.9761953,11.427025,-0.24738282,-6.2587852,-0.61639553,1.2863907,8.262587,3.319053,2.3006601,-8.386277,8.392462,1.4100821,-1.0884844,0.37107423,-1.311129,0.998004,-0.003044731,0.018326554,0.060356773,0.241815,0.105461165,-0.05645901,-0.3184288,-3.551798,10.462662,-0.0038676944,0.0369559,0.12073635,30.455873489379883,7.383260250091553,-0.28352898,0.033009272,-0.46594068,-0.15343831,-0.0884359,-0.26130435,1.4835271,0.029894628,-0.08764555,-0.43388727,0.68641216,-0.12404227,0.07225081,0.502451,0.30558708,0.11899805,-0.022108976,0.6046739,-0.92911816,-0.070882246,0.67825234,-1.4164851,0.018062703,0.79561275,-1.2236031,-0.021911388,0.5615282,-1.1283969,0.0,0.0,0.0,0.0,0.0,0.0,0.0,0.0,0.0,0.0,0.0,0.0,0.0,0.0,0.0,0.0,0.29894626,-1.5343832,1.1899805,-1.2404227,50.0,50.0,50.0,50.0,50.0,50.0,50.0,50.0,50.0,50.0,50.0,50.0,0.0,0.0,0.0,0.0,1.0,1.0,1.0,1.0,1.0,1.0,1.0,1.0,1.0,1.0,1.0,1.0,0.5,0.5,0.5,0.5
1788527472.8176694,493,4.896185999314184,3.7788070003443863,4.589871999996831,0.975647,5.572111,9044150,1,0,0.0,0.0,0.0,-0.018113375,0.63299024,-1.1928396,-0.09473095,0.665462,-1.3919607,0.0475232,0.7367241,-1.266343,-0.012704015,0.6103456,-1.227988,-5.028704,-10.020954,-0.27558607,-1.4085107,0.096888095,-1.7439858,0.48123896,-0.10463915,1.0773956,-1.2779119,-1.0192627,0.569702,-0.24466349,-0.5580754,-0.5076936,-0.5014591,-0.984383,0.038755238,0.15114543,0.63946146,-0.32159767,0.32159767,13.181381,1.2863907,-0.34633595,0.0,-0.44528908,2.5233047,2.0862617,0.17316797,-2.0285392,5.879465,0.59371877,-0.7668867,0.47002736,-0.89057815,0.99778163,-0.0018369441,0.019756839,0.06354611,-0.033023193,0.2119876,0.57204694,0.10654198,0.4333505,7.4986396,-0.0011557072,0.039669886,0.12718008,30.615234375,2.597813844680786,-0.08572028,0.35124797,0.47006512,-0.26334628,0.0852004,-0.50525117,0.5914474,-0.046636254,-0.2587619,0.3897161,0.8125649,0.048300747,-0.093532205,-0.17427273,0.3519109,0.33035532,0.0213001,0.5436872,-1.1521381,-0.02143007,0.757812,-1.1824837,-0.023383051,0.6264318,-1.2120222,-0.06469048,0.76742905,-1.0968587,0.0,0.0,0.0,0.0,0.0,0.0,0.0,0.0,0.0,0.0,0.0,0.0,0.0,0.0,0.0,0.0,-0.46636254,-2.633463,3.303553,0.48300746,50.0,50.0,50.0,50.0,50.0,50.0,50.0,50.0,50.0,50.0,50.0,50.0,0.0,0.0,0.0,0.0,1.0,1.0,1.0,1.0,1.0,1.0,1.0,1.0,1.0,1.0,1.0,1.0,0.5,0.5,0.5,0.5
1788527472.8375785,494,4.798998999831383,3.710613000293961,4.494893000810407,1.00944,5.510733,9044170,1,0,0.0,0.0,0.0,-0.016145349,0.6240281,-1.1885903,-0.09554844,0.67257726,-1.3963523,0.05300343,0.7310622,-1.2625359,-0.016306996,0.6259991,-1.2292992,-5.0323377,-10.030521,-0.26901585,-1.4069666,0.11626572,-0.04263076,-1.5488615,-0.034879714,0.32166848,2.8105974,0.22090487,-0.651088,0.19815722,0.3914279,0.64333695,-0.31745595,-0.015502095,-1.2556697,0.3914279,0.13564333,1.8306329,-4.1560316,3.603543,3.9086485,4.304461,6.7803507,-4.2055078,-4.7992268,2.323337,-2.9191172,6.9267187,7.8234816,-0.17316797,-0.56898046,1.3606055,0.12369141,0.99729043,-0.0021531906,0.020690523,0.070563056,-0.08628641,0.13635384,0.79042614,-1.021127,1.1994951,7.4687123,-0.0013759295,0.04158478,0.14124551,30.52669906616211,5.093081951141357,0.01513763,0.14184935,0.91162306,-0.38407454,0.15245861,-0.5673963,0.18684423,0.038643062,-0.29815763,0.48276934,0.3984281,0.14492838,-0.17556208,-0.43749014,0.5728781,0.29181883,0.038114652,0.5281509,-1.2532889,0.0037844074,0.70546234,-1.0720942,-0.04389052,0.56062746,-1.1567805,-0.07453941,0.7906923,-1.200393,0.0,0.0,0.0,0.0,0.0,0.0,0.0,0.0,0.0,0.0,0.0,0.0,0.0,0.0,0.0,0.0,0.38643062,-3.8407454,2.9181883,1.4492838,50.0,50.0,50.0,50.0,50.0,50.0,50.0,50.0,50.0,50.0,50.0,50.0,0.0,0.0,0.0,0.0,1.0,1.0,1.0,1.0,1.0,1.0,1.0,1.0,1.0,1.0,1.0,1.0,0.5,0.5,0.5,0.5
1788527472.8575053,495,4.735892998724012,3.7158929990255274,4.449324000233901,0.954879,5.410155,9044190,1,0,0.0,0.0,0.0,-0.014449716,0.6284486,-1.2127596,-0.08558714,0.66485643,-1.3502252,0.05191344,0.7217972,-1.256849,-0.0161556,0.6320243,-1.2413365,-5.0171685,-10.076271,-0.24415797,-1.4223778,0.077510476,-0.17052305,-1.439673,0.39530346,0.023253143,2.3536227,-0.3100419,-0.8797439,0.36800626,-0.24028248,0.8836195,-1.4356289,1.0308893,-3.6042373,2.55397,-1.1277775,2.4985664,-4.997133,-0.66381055,4.2055078,2.0038009,12.090836,-4.6013203,-7.5204377,4.504429,-2.7459493,7.2235785,3.698373,-0.24738282,-0.049476564,0.074214846,1.1874375,0.9970207,-0.002261317,0.02012892,0.07442738,-0.15552859,-0.003195793,0.08309062,0.34955344,3.9360676,8.876503,-0.0015141157,0.040485572,0.14899252,30.464725494384766,6.904715538024902,-0.13610674,-0.3919936,0.87856174,-0.33369386,0.06710868,0.12340703,0.36956975,0.17350367,-0.039356872,0.0041008852,0.37451118,0.10560298,0.021704517,0.22957535,0.8433007,0.32115024,0.01677717,0.7008518,-1.2076075,-0.034026686,0.57200164,-1.0803595,0.0054261293,0.72739387,-1.0891747,-0.009839218,0.6710252,-1.2063721,0.0,0.0,0.0,0.0,0.0,0.0,0.0,0.0,0.0,0.0,0.0,0.0,0.0,0.0,0.0,0.0,1.7350366,-3.3369386,3.2115026,1.0560298,50.0,50.0,50.0,50.0,50.0,50.0,50.0,50.0,50.0,50.0,50.0,50.0,0.0,0.0,0.0,0.0,1.0,1.0,1.0,1.0,1.0,1.0,1.0,1.0,1.0,1.0,1.0,1.0,0.5,0.5,0.5,0.5
1788527472.8781023,496,5.311560000336613,3.851448998830165,4.89797800037195,0.987167,5.891641,9044210,1,0,0.0,0.0,0.0,-0.013723135,0.6424973,-1.236376,-0.08540547,0.6594368,-1.3425794,0.046342373,0.72379553,-1.2531999,-0.015247285,0.6408653,-1.2595819,-4.9960046,-10.121656,-0.17912185,-1.4291297,-0.015502095,2.1199114,-0.2567956,-0.038755238,-0.16664752,-0.056616347,-0.3759258,0.34879714,0.13547485,0.5386978,0.77122927,-0.19815722,1.6587242,-2.116036,3.596486,0.11626572,1.5585117,0.86583984,1.4224513,2.6717343,-4.7002735,13.797777,-1.6327267,-0.17316797,8.819198,-0.22264454,0.6679336,2.7026572,0.049476564,-0.56898046,-0.17316797,0.44528908,0.9972679,-0.0010947754,0.018694451,0.071456656,0.30999193,-0.36005935,-0.56778586,-0.50517654,2.9137435,9.884461,0.00048845983,0.037451964,0.14306948,30.588674545288086,3.178903579711914,-0.43269265,-0.57574344,-0.22378626,-0.12931508,-0.12234557,0.2838544,0.9884194,0.07031727,0.12729645,-0.66755116,0.45096487,-0.07758768,0.33446378,0.6904373,0.7969278,0.09370451,-0.030586392,0.74096364,-1.0528951,-0.10817316,0.52606416,-1.3559465,0.083615944,0.84260935,-1.100768,0.031824112,0.5031122,-1.1872587,0.0,0.0,0.0,0.0,0.0,0.0,0.0,0.0,0.0,0.0,0.0,0.0,0.0,0.0,0.0,0.0,0.7031727,-1.2931508,0.9370451,-0.77587676,50.0,50.0,50.0,50.0,50.0,50.0,50.0,50.0,50.0,50.0,50.0,50.0,0.0,0.0,0.0,0.0,1.0,1.0,1.0,1.0,1.0,1.0,1.0,1.0,1.0,1.0,1.0,1.0,0.5,0.5,0.5,0.5
1788527472.8976617,497,4.889593999905628,3.7892069994995836,4.616977001205669,0.96835,5.591568,9044230,1,0,0.0,0.0,0.0,-0.013783693,0.6507026,-1.2237701,-0.089795716,0.66231316,-1.3452806,0.051277623,0.7261269,-1.2544953,-0.012734234,0.63072234,-1.2580655,-4.9771414,-10.141912,-0.14006385,-1.4370624,-0.70534533,0.58520406,2.137267,-0.85649073,-0.04263076,-1.7631948,1.2595452,0.22090487,-0.25275156,-0.07363495,-0.8448642,0.323522,0.05813286,0.28291324,0.84873974,-0.5580754,-0.2721211,4.2055078,7.064841,-0.074214846,-7.0009336,1.6121113,0.4205508,5.9866643,8.392462,2.4243517,-6.036141,3.1293926,0.37107423,-0.89057815,0.049476564,-0.074214846,0.99772394,-0.00086399046,0.017125221,0.065215155,-0.11185275,-0.13315804,-0.6924218,0.19871874,-2.4624364,9.813833,0.00050989975,0.034291897,0.13055092,30.535554885864258,4.887991428375244,-0.36258227,-0.4407378,-0.60935605,-0.054359924,-0.14770569,0.3223787,1.5289028,0.11671964,0.12181008,-0.9638157,0.87581134,-0.2514891,0.32940218,0.9221616,0.29166064,-0.082499176,-0.036926422,0.7505947,-0.91777426,-0.09064557,0.5598156,-1.4523389,0.082350545,0.9005404,-1.2270848,0.03045252,0.4290461,-1.081047,0.0,0.0,0.0,0.0,0.0,0.0,0.0,0.0,0.0,0.0,0.0,0.0,0.0,0.0,0.0,0.0,1.1671964,-0.54359925,-0.82499176,-2.5148911,50.0,50.0,50.0,50.0,50.0,50.0,50.0,50.0,50.0,50.0,50.0,50.0,0.0,0.0,0.0,0.0,1.0,1.0,1.0,1.0,1.0,1.0,1.0,1.0,1.0,1.0,1.0,1.0,0.5,0.5,0.5,0.5
1788527472.9176772,498,4.888729999947827,3.8073200012149755,4.599313000653638,1.012736,5.618353,9044250,1,0,0.0,0.0,0.0,-0.012572527,0.6425276,-1.1947669,-0.0929143,0.6662493,-1.3728938,0.055788964,0.72664165,-1.2614301,-0.0072237253,0.61685526,-1.241763,-4.99225,-10.129075,-0.15223542,-1.4300985,-0.42630762,-0.40305448,2.3839529,0.25578457,-0.43018317,-1.945176,0.22478038,0.3100419,-1.1909653,0.45343632,-0.84873974,1.6742264,-1.8369983,0.52319574,-1.6509732,0.6162083,-0.8411016,6.036141,12.849476,-0.22264454,-5.1455626,-1.8491865,1.1132227,8.831567,2.8923175,1.5585117,-8.881043,6.827766,1.5585117,-0.56898046,0.44528908,-1.5585117,0.99789155,-0.002965146,0.018042682,0.06227603,-0.05219795,0.13954963,-0.008522115,1.1947067,-0.051475335,6.7025676,-0.003672974,0.036386624,0.12458676,30.447019577026367,7.622532367706299,-0.26969165,0.09570545,-0.43879014,-0.08393631,-0.106955856,-0.31223828,1.5411903,-0.087874845,-0.034661815,-0.42878503,0.784984,-0.1690571,0.08361292,0.46094182,0.16716091,0.05487128,-0.026738964,0.59194046,-0.9147024,-0.06742291,0.6939264,-1.4096975,0.02090323,0.78523546,-1.2582097,-0.008665454,0.56280375,-1.1037539,0.0,0.0,0.0,0.0,0.0,0.0,0.0,0.0,0.0,0.0,0.0,0.0,0.0,0.0,0.0,0.0,-0.8787484,-0.8393631,0.5487128,-1.6905711,50.0,50.0,50.0,50.0,50.0,50.0,50.0,50.0,50.0,50.0,50.0,50.0,0.0,0.0,0.0,0.0,1.0,1.0,1.0,1.0,1.0,1.0,1.0,1.0,1.0,1.0,1.0,1.0,0.5,0.5,0.5,0.5
1788527472.9375992,499,4.8151909995794995,3.728277000845992,4.526607001025695,0.796249,5.329096,9044270,1,0,0.0,0.0,0.0,-0.017386675,0.6264503,-1.1850991,-0.08864517,0.667642,-1.4107275,0.056667015,0.73645157,-1.2748575,-0.0044382215,0.6068636,-1.2267559,-5.0153217,-10.119022,-0.17255163,-1.4184115,-0.13951886,-1.9222598,0.05863836,0.11239019,1.3874375,-0.5560534,-0.9456278,0.65496355,-0.48123896,-0.25578457,0.05813286,-0.20017922,-1.457197,0.80223346,-0.60070616,0.6820922,-0.32159767,0.17316797,13.987437,0.96479297,-0.024738282,0.14224511,-0.8411016,1.9048477,0.99571586,0.14842969,-2.3006601,6.8751807,0.34633595,-0.791625,0.51950395,-1.0884844,0.9975912,-0.004043763,0.019644316,0.06640431,-0.16618124,0.1608549,0.7020092,0.49559975,-1.934515,10.848128,-0.005463451,0.0397415,0.13282461,30.606380462646484,2.4952683448791504,-0.03781825,0.40911946,0.5915177,-0.24929798,0.11755669,-0.58687735,0.45323804,-0.08956593,-0.25535586,0.47652885,0.89614165,0.057071973,-0.11628204,-0.31107017,0.23778631,0.23262218,0.029389173,0.5232807,-1.1866904,-0.009454562,0.77227986,-1.1521206,-0.02907051,0.59223247,-1.2405534,-0.063838966,0.78913224,-1.0759646,0.0,0.0,0.0,0.0,0.0,0.0,0.0,0.0,0.0,0.0,0.0,0.0,0.0,0.0,0.0,0.0,-0.8956593,-2.4929798,2.3262217,0.5707197,50.0,50.0,50.0,50.0,50.0,50.0,50.0,50.0,50.0,50.0,50.0,50.0,0.0,0.0,0.0,0.0,1.0,1.0,1.0,1.0,1.0,1.0,1.0,1.0,1.0,1.0,1.0,1.0,0.5,0.5,0.5,0.5
1788527472.9579918,500,5.194211000343785,3.7827750002179528,4.717235999123659,1.028353,5.754038,9044290,1,0,0.0,0.0,0.0,-0.010877013,0.62209034,-1.1888903,-0.08909933,0.67384887,-1.3951676,0.0663861,0.7280344,-1.2716349,-0.009010136,0.6218813,-1.2268981,-5.030521,-10.122777,-0.16801,-1.4182298,0.26741114,-0.034879714,-2.3536227,-0.2751622,0.23253144,4.1046853,0.40305448,-2.0966582,0.55403143,0.24028248,0.4650629,-0.115254715,-0.2906643,-0.8991215,1.0153872,0.19765173,1.8801094,-5.021871,2.418167,4.4034142,4.89818,7.4441614,-5.368207,-5.1455626,1.0431309,-3.1170235,8.435754,8.4398775,-0.24738282,-0.6926719,0.59371877,0.12369141,0.9969745,-0.0049661053,0.021106957,0.07464512,0.08309062,-0.05752427,0.88523465,-1.0582372,-0.08020575,6.2823853,-0.006757348,0.04284069,0.14931968,30.47357940673828,6.733806610107422,0.06571234,0.30949518,0.9174189,-0.38454375,0.20581022,-0.51561743,0.031914867,0.12575877,-0.32449287,0.52481043,0.44386607,0.15141296,-0.21367481,-0.5556483,0.78421223,0.21824665,0.051452555,0.5410957,-1.2920213,0.016428085,0.7473738,-1.0706452,-0.053418703,0.53108793,-1.1039469,-0.08112322,0.80120265,-1.1890334,0.0,0.0,0.0,0.0,0.0,0.0,0.0,0.0,0.0,0.0,0.0,0.0,0.0,0.0,0.0,0.0,1.2575877,-3.8454375,2.1824665,1.5141296,50.0,50.0,50.0,50.0,50.0,50.0,50.0,50.0,50.0,50.0,50.0,50.0,0.0,0.0,0.0,0.0,1.0,1.0,1.0,1.0,1.0,1.0,1.0,1.0,1.0,1.0,1.0,1.0,0.5,0.5,0.5,0.5
1788527472.9768064,501,4.035103000205709,2.6501000011194265,3.719380998518318,0.955966,4.681427,9044310,1,0,0.0,0.0,0.0,-0.011815667,0.6311735,-1.2230119,-0.08258966,0.6653712,-1.3450754,0.05833228,0.714349,-1.2593765,-0.012370944,0.6280277,-1.2404361,-5.0155334,-10.167527,-0.12507647,-1.4385158,0.06975943,0.054257333,-2.254544,0.5619509,0.32941952,2.0725627,-0.8913705,-1.3525578,1.2091634,-0.15502095,0.9998852,-1.3668804,1.3215537,-3.150801,2.9337716,-1.5230808,3.1665,-4.7002735,-1.4224513,4.675535,3.8096955,13.560701,-4.89818,-8.138895,6.8751807,-3.339668,7.8667736,3.9828634,-0.049476564,-0.17316797,-0.47002736,1.4595586,0.99670273,-0.0034254226,0.02067389,0.078387134,-0.019174758,-0.038349517,0.04261057,2.0350714,0.6344634,6.941988,-0.0035902602,0.0417606,0.15689483,30.42045783996582,8.306167602539062,-0.12179482,-0.4345605,0.8741602,-0.39076486,0.1211995,0.1583921,0.21817559,0.23783824,-0.033886433,-0.0044637993,0.40466237,0.11087555,0.024858836,0.15046003,0.98739415,0.2976151,0.030299876,0.70959806,-1.2454561,-0.030448705,0.5613599,-1.0814599,0.006214709,0.707615,-1.0531514,-0.008471608,0.66888404,-1.1988344,0.0,0.0,0.0,0.0,0.0,0.0,0.0,0.0,0.0,0.0,0.0,0.0,0.0,0.0,0.0,0.0,2.3783824,-3.9076486,2.976151,1.1087555,50.0,50.0,50.0,50.0,50.0,50.0,50.0,50.0,50.0,50.0,50.0,50.0,0.0,0.0,0.0,0.0,1.0,1.0,1.0,1.0,1.0,1.0,1.0,1.0,1.0,1.0,1.0,1.0,0.5,0.5,0.5,0.5
1788527472.9966688,502,3.892185999575304,2.711380999244284,3.6047220000909874,0.959614,4.570128,9044330,1,0,0.0,0.0,0.0,-0.010301709,0.646615,-1.2499772,-0.0830741,0.65816516,-1.3450437,0.04603961,0.7070824,-1.2442589,-0.012613177,0.6374137,-1.2571967,-4.9864063,-10.217667,-0.0711219,-1.4497184,0.05038181,1.3099271,0.05863836,0.0,-1.0928978,-0.038418237,-0.7092209,0.16664752,0.2426415,0.19377619,0.23253144,-0.4407987,2.116036,-2.6508584,3.5112247,0.065883905,2.1027539,2.2017071,-0.09483008,2.6717343,-4.378676,13.750361,-1.2863907,-0.074214846,10.431309,0.0,1.2616524,3.0819776,0.12369141,-0.5442422,-0.34633595,0.47002736,0.99704415,-0.0021479023,0.019601602,0.074258514,0.43782362,-0.21305287,-0.7552724,1.115698,-0.4249708,9.700109,-0.0013730018,0.039416533,0.14865579,30.579822540283203,3.6232664585113525,-0.45149437,-0.57455677,-0.25297198,-0.12260761,-0.1472437,0.53496945,1.0289515,0.113484375,0.15224376,-0.7598088,0.4637436,-0.09320427,0.41808924,0.8080859,0.8270662,0.023242548,-0.036810923,0.8037424,-1.042762,-0.11287359,0.5263608,-1.363243,0.10452231,0.8720215,-1.0932333,0.03806094,0.48004782,-1.184064,0.0,0.0,0.0,0.0,0.0,0.0,0.0,0.0,0.0,0.0,0.0,0.0,0.0,0.0,0.0,0.0,1.1348437,-1.2260761,0.23242548,-0.93204266,50.0,50.0,50.0,50.0,50.0,50.0,50.0,50.0,50.0,50.0,50.0,50.0,0.0,0.0,0.0,0.0,1.0,1.0,1.0,1.0,1.0,1.0,1.0,1.0,1.0,1.0,1.0,1.0,0.5,0.5,0.5,0.5
1788527473.0165076,503,3.725013000803301,2.6751240002340637,3.441643999394728,0.974655,4.421739,9044350,1,0,0.0,0.0,0.0,-0.008515358,0.65739393,-1.2360443,-0.08610185,0.6622829,-1.3502252,0.052216217,0.7089596,-1.2462019,-0.01179564,0.6252421,-1.2542584,-4.960701,-10.241828,-0.029308647,-1.4574695,-1.1820347,0.5735775,1.8076792,-1.1859103,0.05038181,-2.3354244,2.1392891,0.18214962,-0.485283,0.046506286,-0.5658265,0.46910688,0.34879714,0.36429924,0.26353562,-1.0076362,-0.34633595,7.099887,9.0562725,-0.14842969,-7.174102,1.8017715,0.8411016,8.386277,8.676952,2.622258,-7.124625,2.8923175,0.34633595,-0.8411016,-0.024738282,0.024738282,0.9976011,-0.002240886,0.01912747,0.06649176,-0.06924218,-0.07137271,-0.7137271,0.842759,-2.0374656,11.646594,-0.0019288107,0.03847066,0.13306932,30.482431411743164,6.460352897644043,-0.38913077,-0.48716936,-0.7119173,-0.039723184,-0.19526118,0.39343888,1.529631,0.087886445,0.13085914,-1.0144917,0.7721714,-0.29684153,0.3682061,0.9188129,0.344432,-0.22607015,-0.048815295,0.7683597,-0.91759217,-0.09728269,0.5482077,-1.4779793,0.09205153,0.89970326,-1.213892,0.032714784,0.4163771,-1.1069571,0.0,0.0,0.0,0.0,0.0,0.0,0.0,0.0,0.0,0.0,0.0,0.0,0.0,0.0,0.0,0.0,0.87886447,-0.39723185,-2.2607014,-2.9684153,50.0,50.0,50.0,50.0,50.0,50.0,50.0,50.0,50.0,50.0,50.0,50.0,0.0,0.0,0.0,0.0,1.0,1.0,1.0,1.0,1.0,1.0,1.0,1.0,1.0,1.0,1.0,1.0,0.5,0.5,0.5,0.5
1788527473.0381932,504,5.412874001194723,3.830808998827706,4.9651169993012445,0.748887,5.720916,9044370,1,0,0.0,0.0,0.0,-0.005003214,0.6539725,-1.2068042,-0.09242986,0.6674906,-1.3869531,0.055667862,0.713259,-1.2568806,-0.0069512725,0.6132825,-1.2362657,-4.969572,-10.227628,-0.05474177,-1.452292,-0.7906069,0.17439857,1.8865376,0.096888095,-0.40305448,-2.3718207,-0.019377619,0.77122927,-1.0716666,0.19377619,-0.77510476,1.5468395,-1.9803926,0.44180974,-2.6353562,0.4224321,-1.4842969,5.7640195,13.987437,-0.37107423,-5.7392817,-2.0862617,1.8801094,8.905782,3.0345626,1.9048477,-9.400547,5.2156544,1.6327267,-0.44528908,0.24738282,-1.6822032,0.99778765,-0.0031861304,0.019418558,0.0635035,0.13209277,0.19174758,0.02237055,1.6962919,-0.9564836,6.3482256,-0.0038948667,0.03916587,0.1270409,30.42045783996582,8.306167602539062,-0.27425614,0.06518181,-0.5065305,-0.07994997,-0.13040756,-0.37306908,1.494827,-0.13460189,-0.046036683,-0.4346215,0.72314054,-0.1878625,0.095706195,0.43089148,0.18262888,0.036335297,-0.03260189,0.57673275,-0.9262932,-0.068564035,0.68629545,-1.4266326,0.023926549,0.7777229,-1.2543427,-0.011509171,0.5613446,-1.1192148,0.0,0.0,0.0,0.0,0.0,0.0,0.0,0.0,0.0,0.0,0.0,0.0,0.0,0.0,0.0,0.0,-1.3460189,-0.7994997,0.36335295,-1.878625,50.0,50.0,50.0,50.0,50.0,50.0,50.0,50.0,50.0,50.0,50.0,50.0,0.0,0.0,0.0,0.0,1.0,1.0,1.0,1.0,1.0,1.0,1.0,1.0,1.0,1.0,1.0,1.0,0.5,0.5,0.5,0.5
1788527473.057638,505,4.853431999435998,3.7412059991766,4.557103000479401,0.981119,5.544111,9044390,1,0,0.0,0.0,0.0,-0.013995647,0.6357454,-1.1977683,-0.0904921,0.66957974,-1.4203005,0.053154826,0.72809494,-1.268523,-0.006890714,0.60725725,-1.2247813,-5.010053,-10.215215,-0.09710002,-1.4403627,-0.22090487,-0.2945398,0.076836474,0.17052305,0.23253144,-0.076836474,-0.17052305,0.7944824,-0.5621195,-0.16664752,0.10076362,-0.23253144,-1.9493885,0.3759258,-0.93400127,0.6820922,-0.7668867,-2.8696408,14.034852,0.89057815,0.32159767,-0.61639553,-1.4100821,1.7069415,1.0431309,-0.024738282,-2.3501368,6.069125,0.34633595,-0.56898046,0.59371877,-1.2121758,0.9974605,-0.0039283866,0.020794535,0.06800561,-0.5219795,0.12570119,0.7105313,0.5710171,-0.09816227,9.467871,-0.005012979,0.042030133,0.13604145,30.606380462646484,2.666177272796631,-0.013153784,0.38485518,0.6402368,-0.30375344,0.090731725,-0.6251531,0.4030838,-0.08920108,-0.22001159,0.337633,1.0478727,-0.0032440778,-0.17576244,-0.25028098,0.14264143,0.2470447,0.022682931,0.51371175,-1.199229,-0.003288446,0.76621383,-1.1399407,-0.04394061,0.60742974,-1.2643396,-0.055002898,0.75440824,-1.0380318,0.0,0.0,0.0,0.0,0.0,0.0,0.0,0.0,0.0,0.0,0.0,0.0,0.0,0.0,0.0,0.0,-0.8920108,-3.0375342,2.470447,-0.032440778,50.0,50.0,50.0,50.0,50.0,50.0,50.0,50.0,50.0,50.0,50.0,50.0,0.0,0.0,0.0,0.0,1.0,1.0,1.0,1.0,1.0,1.0,1.0,1.0,1.0,1.0,1.0,1.0,0.5,0.5,0.5,0.5
1788527473.077511,506,4.743477000374696,3.684307999719749,4.464299998289789,0.960895,5.430987,9044410,1,0,0.0,0.0,0.0,-0.010846734,0.6357151,-1.1995534,-0.09037099,0.67200196,-1.4020708,0.06602277,0.7144398,-1.2690916,-0.0076779127,0.6203371,-1.2229013,-5.0308843,-10.224903,-0.090711474,-1.4433904,1.3913131,-0.011626571,-2.276786,-0.18990067,-0.44180974,4.4524713,0.10851467,-1.139404,-0.15569495,0.4185566,0.09301257,-0.0970566,-0.08913705,-1.3293047,1.3215537,0.015502095,0.22264454,-6.308262,2.2759218,4.6260586,5.3434687,8.297632,-5.8629727,-4.4281526,0.28449023,-2.8696408,7.099887,10.289063,-0.44528908,-0.6679336,0.47002736,-0.074214846,0.9968071,-0.005225898,0.022670168,0.076383926,0.092677996,0.026631609,0.894822,-0.1448492,0.80086046,7.763199,-0.006962575,0.04601015,0.15279809,30.47357940673828,6.802170276641846,0.050986357,0.2793058,0.9646068,-0.4299911,0.15739104,-0.5433814,0.071620494,0.11708105,-0.2971668,0.5857692,0.50038177,0.16855523,-0.21411473,-0.55698955,0.65641236,0.23583314,0.03934776,0.53415465,-1.2820948,0.012746589,0.73982644,-1.0588483,-0.05352868,0.53075266,-1.1358969,-0.0742917,0.8164423,-1.1749045,0.0,0.0,0.0,0.0,0.0,0.0,0.0,0.0,0.0,0.0,0.0,0.0,0.0,0.0,0.0,0.0,1.1708106,-4.299911,2.3583314,1.6855524,50.0,50.0,50.0,50.0,50.0,50.0,50.0,50.0,50.0,50.0,50.0,50.0,0.0,0.0,0.0,0.0,1.0,1.0,1.0,1.0,1.0,1.0,1.0,1.0,1.0,1.0,1.0,1.0,0.5,0.5,0.5,0.5
1788527473.098072,507,5.296551000355976,3.814743999100756,4.8996099994838005,1.013663,5.918714,9044430,1,0,0.0,0.0,0.0,-0.010816455,0.6475537,-1.2306892,-0.087736845,0.6584376,-1.3519312,0.054910928,0.70496297,-1.2633731,-0.013703167,0.62575686,-1.2313054,-5.0128994,-10.272862,-0.048050433,-1.4659472,-0.027128667,0.06975943,-1.619632,0.28291324,0.36817476,2.4870753,-1.0270138,-0.93400127,1.136371,-0.53094673,0.8797439,-1.5994118,1.4068152,-2.9802778,2.8097546,-1.3913131,2.548043,-5.9371877,-0.85347074,4.8487034,3.7849572,14.034852,-4.527106,-8.015203,5.5001445,-2.5975196,9.07895,4.599259,-0.12369141,-0.64319533,-0.32159767,1.4595586,0.99649674,-0.0020663352,0.02252465,0.08051599,0.2237055,-0.1043959,0.10120011,1.9919758,0.16759412,8.4587145,-0.0004915066,0.045239653,0.1612367,30.411605834960938,8.682167053222656,-0.124959804,-0.41478154,0.87230736,-0.43960086,0.106326796,0.034132957,0.24039486,0.31667197,-0.030754775,0.015037637,0.33178794,0.091486976,0.027800715,0.044680733,0.85505474,0.25658867,0.026581699,0.67853326,-1.2399012,-0.031239951,0.5663046,-1.0819231,0.0069501786,0.6811702,-1.0862362,-0.0076886937,0.6737594,-1.2170529,0.0,0.0,0.0,0.0,0.0,0.0,0.0,0.0,0.0,0.0,0.0,0.0,0.0,0.0,0.0,0.0,3.1667197,-4.3960085,2.5658867,0.9148698,50.0,50.0,50.0,50.0,50.0,50.0,50.0,50.0,50.0,50.0,50.0,50.0,0.0,0.0,0.0,0.0,1.0,1.0,1.0,1.0,1.0,1.0,1.0,1.0,1.0,1.0,1.0,1.0,0.5,0.5,0.5,0.5
1788527473.1173773,508,4.605713000273681,3.4131630000047153,4.350409000835498,1.01776,5.373961,9044450,1,0,0.0,0.0,0.0,-0.011512876,0.65636444,-1.2561855,-0.09061321,0.6520188,-1.3501619,0.043556854,0.6979083,-1.2502301,-0.014762878,0.6403203,-1.2550008,-4.983742,-10.322669,0.009022713,-1.475424,0.20540276,1.375811,0.0808805,0.19377619,-0.015502095,-0.064704396,-0.3759258,-0.10851467,0.31543395,0.3914279,0.76347816,-0.7319685,2.4648333,-2.906643,3.3174484,-0.13951886,1.7069415,-0.14842969,0.14224511,2.8696408,-4.7992268,14.034852,-1.4100821,-0.6926719,8.771783,-0.049476564,0.8411016,2.2759218,0.24738282,-0.6679336,-0.4205508,0.47002736,0.9968192,-8.880057e-05,0.02042466,0.07703482,0.2652508,-0.33236247,-0.6743123,0.961272,-0.14604631,11.900379,0.0029722548,0.040744342,0.15431525,30.588674545288086,3.2814488410949707,-0.4012921,-0.5063293,-0.2478527,-0.1478692,-0.10567102,0.47469372,0.9927368,0.2691084,0.09587457,-0.7084538,0.50191486,-0.033450708,0.40221906,0.69209623,0.86095333,0.036649182,-0.026417755,0.78867346,-1.0518157,-0.10032302,0.5434177,-1.3619632,0.100554764,0.8430241,-1.0847616,0.023968643,0.49288657,-1.1745212,0.0,0.0,0.0,0.0,0.0,0.0,0.0,0.0,0.0,0.0,0.0,0.0,0.0,0.0,0.0,0.0,2.6910841,-1.478692,0.36649182,-0.33450708,50.0,50.0,50.0,50.0,50.0,50.0,50.0,50.0,50.0,50.0,50.0,50.0,0.0,0.0,0.0,0.0,1.0,1.0,1.0,1.0,1.0,1.0,1.0,1.0,1.0,1.0,1.0,1.0,0.5,0.5,0.5,0.5
1788527473.1378229,509,5.0335979994997615,3.834649000054924,4.726037001091754,0.951646,5.684659,9044470,1,0,0.0,0.0,0.0,-0.009847522,0.66641665,-1.2370237,-0.08946266,0.6583468,-1.3536057,0.052579552,0.7028738,-1.2515413,-0.011977315,0.6335684,-1.2535949,-4.941777,-10.349708,0.04886794,-1.484901,-0.6045817,0.22478038,2.9743803,-0.5038181,-0.08913705,-2.1291792,1.9300109,0.4379342,-0.33363205,0.12401676,-1.5579605,0.43675467,1.6044669,-0.023253143,1.139404,-0.80223346,-0.22264454,6.2835236,6.9700108,-0.024738282,-5.9371877,1.8491865,0.59371877,6.9267187,9.103687,1.7069415,-5.887711,3.413883,0.5442422,-0.791625,-0.2721211,0.22264454,0.9973784,-0.001660001,0.019069266,0.06978686,-0.22477077,-0.20559601,-0.82664514,0.39624038,-2.1092918,11.197681,-0.0006502062,0.038279586,0.13970049,30.50899314880371,5.639990329742432,-0.38519844,-0.46624523,-0.80217934,-0.05802536,-0.18615972,0.41901025,1.5444099,0.26502338,0.17202084,-1.0803362,0.8853676,-0.26618403,0.42076257,0.97206616,0.3348001,-0.19890344,-0.04653993,0.77475256,-0.9138975,-0.09629961,0.5534387,-1.5005448,0.10519064,0.91301656,-1.2162999,0.04300521,0.39991596,-1.0786581,0.0,0.0,0.0,0.0,0.0,0.0,0.0,0.0,0.0,0.0,0.0,0.0,0.0,0.0,0.0,0.0,2.6502337,-0.5802536,-1.9890344,-2.6618404,50.0,50.0,50.0,50.0,50.0,50.0,50.0,50.0,50.0,50.0,50.0,50.0,0.0,0.0,0.0,0.0,1.0,1.0,1.0,1.0,1.0,1.0,1.0,1.0,1.0,1.0,1.0,1.0,0.5,0.5,0.5,0.5
1788527473.1575186,510,4.740565000247443,3.6981009998271475,4.463085000679712,1.011936,5.480557,9044490,1,0,0.0,0.0,0.0,-0.004458189,0.6574242,-1.2084312,-0.09315652,0.6660676,-1.383146,0.05927089,0.7080512,-1.2576547,-0.0037721395,0.61858106,-1.2329167,-4.935298,-10.337263,0.036333054,-1.4757874,-0.3720503,0.019377619,2.5133615,0.21702933,-0.22478038,-2.3596885,0.2906643,0.64721245,-1.3587924,0.3100419,-0.8254866,1.7187105,-1.0425159,0.44180974,-2.2323017,0.9107481,-1.7811563,6.234047,13.086551,-0.37107423,-5.5661135,-3.319053,2.1522305,10.117957,3.413883,2.1274922,-10.6622,6.638106,1.9048477,-0.51950395,0.24738282,-1.7811563,0.9976061,-0.0041047726,0.019061958,0.06634753,0.027696872,0.21731392,-0.020240022,0.90141696,-0.9516952,7.1514807,-0.005664711,0.03858691,0.13270861,30.38504409790039,9.536711692810059,-0.27902123,0.058396313,-0.61920357,-0.04859121,-0.10877133,-0.3988306,1.5368652,-0.047763035,-0.0052705333,-0.47917086,0.6705594,-0.14249033,0.119833134,0.43911928,0.09963648,-0.03717592,-0.027192833,0.57029235,-0.91578364,-0.06975531,0.6845991,-1.4548008,0.029958284,0.77977985,-1.2750908,-0.0013176333,0.5502073,-1.1323601,0.0,0.0,0.0,0.0,0.0,0.0,0.0,0.0,0.0,0.0,0.0,0.0,0.0,0.0,0.0,0.0,-0.47763035,-0.4859121,-0.3717592,-1.4249033,50.0,50.0,50.0,50.0,50.0,50.0,50.0,50.0,50.0,50.0,50.0,50.0,0.0,0.0,0.0,0.0,1.0,1.0,1.0,1.0,1.0,1.0,1.0,1.0,1.0,1.0,1.0,1.0,0.5,0.5,0.5,0.5
1788527473.177467,511,4.689491999670281,3.6946759992133593,4.430923001564224,0.773048,5.209412,9044510,1,0,0.0,0.0,0.0,-0.010786176,0.63453436,-1.1948932,-0.0904921,0.66643095,-1.4274092,0.060421437,0.72264504,-1.2740993,-0.0017132163,0.6106786,-1.2225697,-4.945229,-10.330238,-0.00584355,-1.4577117,-0.17052305,-2.205173,0.3882264,0.31779295,1.1239018,-0.026286162,-0.7518516,1.0192627,-0.7319685,-0.077510476,-0.5541999,-0.45899683,-0.70534533,0.39917895,-1.3951886,0.70146984,-0.6926719,-0.9400547,14.224512,0.74214846,-0.24738282,-1.4698663,-0.74214846,1.9790626,0.47415042,0.12369141,-2.622258,5.4053144,0.14842969,-0.34633595,0.51950395,-0.96479297,0.9972625,-0.005871317,0.0205978,0.07077461,-0.49321738,0.23755394,0.7552724,1.7501614,1.5035586,5.9364233,-0.008802733,0.04192619,0.14151567,30.5975284576416,2.8029043674468994,0.01500622,0.35394725,0.6790855,-0.29158816,0.11365792,-0.57155925,0.36298573,-0.014154425,-0.24791297,0.49054334,0.9846333,0.0710859,-0.12366579,-0.32817447,0.11374132,0.13848962,0.02841448,0.5271102,-1.2092535,0.003751555,0.7584868,-1.1302285,-0.030916447,0.5879564,-1.2715646,-0.061978243,0.79263586,-1.0538416,0.0,0.0,0.0,0.0,0.0,0.0,0.0,0.0,0.0,0.0,0.0,0.0,0.0,0.0,0.0,0.0,-0.14154425,-2.9158816,1.3848962,0.710859,50.0,50.0,50.0,50.0,50.0,50.0,50.0,50.0,50.0,50.0,50.0,50.0,0.0,0.0,0.0,0.0,1.0,1.0,1.0,1.0,1.0,1.0,1.0,1.0,1.0,1.0,1.0,1.0,0.5,0.5,0.5,0.5
1788527473.1977544,512,4.984669001714792,3.7109969998709857,4.597903998728725,0.958686,5.563919,9044530,1,0,0.0,0.0,0.0,-0.0053361654,0.62881184,-1.19344,-0.08985627,0.6682476,-1.4151981,0.07610519,0.7141673,-1.2775115,-0.0029848814,0.6261807,-1.2213376,-4.9497404,-10.338111,-0.010839343,-1.4562281,1.0890222,0.03100419,-2.4385471,-0.38367686,-0.32166848,4.3250847,0.7518516,-1.131653,0.08694653,0.40693003,0.25578457,0.46708488,0.4185566,-1.065769,1.0076362,0.25578457,0.64319533,-5.3434687,1.8017715,5.318731,5.021871,9.577838,-6.2835236,-5.46716,0.23707521,-3.4880977,8.584184,8.866612,-0.2721211,-0.791625,0.22264454,0.17316797,0.99652976,-0.007875519,0.022961888,0.07961987,0.2119876,-0.04900216,0.9438242,0.110133275,-0.36152446,6.147113,-0.012053554,0.047035847,0.15917203,30.455873489379883,7.4174418449401855,0.049774334,0.28727016,0.8496076,-0.46065512,0.20684895,-0.5364682,0.05684997,0.17416155,-0.27314273,0.55614793,0.39657667,0.21477576,-0.19125324,-0.5934801,0.7511123,0.14771807,0.051712237,0.53588295,-1.2857875,0.012443583,0.74181753,-1.0875981,-0.04781331,0.52163,-1.1122218,-0.06828568,0.80903697,-1.2008557,0.0,0.0,0.0,0.0,0.0,0.0,0.0,0.0,0.0,0.0,0.0,0.0,0.0,0.0,0.0,0.0,1.7416155,-4.606551,1.4771807,2.1477575,50.0,50.0,50.0,50.0,50.0,50.0,50.0,50.0,50.0,50.0,50.0,50.0,0.0,0.0,0.0,0.0,1.0,1.0,1.0,1.0,1.0,1.0,1.0,1.0,1.0,1.0,1.0,1.0,0.5,0.5,0.5,0.5
1788527473.2167478,513,3.9553560000058496,2.57665699973586,3.5716319998755353,1.043841,4.625298,9044550,1,0,0.0,0.0,0.0,-0.008061171,0.6421037,-1.2328376,-0.08840295,0.65126187,-1.3569704,0.068505526,0.7112001,-1.2643842,-0.008253217,0.631116,-1.2328851,-4.921582,-10.378925,0.016985714,-1.478149,-0.18602514,0.45343632,-2.0220125,0.28678876,-0.06975943,3.4616854,-0.48056495,-0.5735775,2.4021509,-0.49606705,1.0425159,-1.8218333,1.7207327,-3.205058,2.3834472,-1.2362921,3.240715,-5.788758,-0.66381055,4.89818,4.6013203,11.996005,-5.442422,-9.35107,5.64239,-2.4985664,7.965727,3.603543,0.0,-0.5442422,-0.44528908,1.6079884,0.99620026,-0.0045286613,0.02249538,0.08401452,0.25459817,-0.11824434,0.1225054,2.124854,0.6991069,6.271611,-0.0052485093,0.04559655,0.16815206,30.393898010253906,8.989802360534668,-0.084527984,-0.46694905,0.8030273,-0.5004612,0.14584653,0.027111366,0.2203192,0.2596974,-0.024878804,-0.016873905,0.27306196,0.10809292,0.032480065,0.021772727,0.8911894,0.23802875,0.036461633,0.67677784,-1.2449201,-0.021131996,0.55326277,-1.0992432,0.008120016,0.6754432,-1.0772026,-0.006219701,0.66578156,-1.2317345,0.0,0.0,0.0,0.0,0.0,0.0,0.0,0.0,0.0,0.0,0.0,0.0,0.0,0.0,0.0,0.0,2.5969741,-5.004612,2.3802874,1.0809292,50.0,50.0,50.0,50.0,50.0,50.0,50.0,50.0,50.0,50.0,50.0,50.0,0.0,0.0,0.0,0.0,1.0,1.0,1.0,1.0,1.0,1.0,1.0,1.0,1.0,1.0,1.0,1.0,0.5,0.5,0.5,0.5
1788527473.2378283,514,5.05119900117279,3.8439290001406334,4.709396000180277,0.986143,5.702291,9044570,1,0,0.0,0.0,0.0,-0.00660789,0.64918864,-1.2587762,-0.08719184,0.6450247,-1.3561015,0.055334806,0.7022077,-1.2481291,-0.009857893,0.64471054,-1.258492,-4.889397,-10.4274,0.060494512,-1.480329,-0.13951886,1.5230808,0.29521382,0.06200838,-0.7441006,-0.052572325,-0.48056495,0.03100419,0.12940879,0.31391743,0.41468105,-1.0595345,2.6392317,-3.2011826,3.1275477,0.3410461,2.4243517,-0.049476564,0.04741504,3.3891447,-4.477629,13.371041,-1.8801094,-1.311129,9.577838,-0.12369141,0.56898046,2.1336768,-0.024738282,-0.96479297,-0.34633595,0.32159767,0.99654233,-0.0031656474,0.020705383,0.08040417,0.25566342,-0.33875406,-0.6988134,0.90740246,-1.6196774,11.234792,-0.0029824127,0.04178881,0.1609552,30.579822540283203,3.452357769012451,-0.42518505,-0.52513456,-0.2907882,-0.19262049,-0.11446118,0.5233626,1.0383065,0.16219798,0.11733838,-0.7558149,0.5150329,-0.11098161,0.43386066,0.7684355,0.7879131,0.014676548,-0.028615296,0.8008407,-1.0404234,-0.10629626,0.5387164,-1.372697,0.108465165,0.8621089,-1.1030216,0.029334595,0.4810463,-1.1712418,0.0,0.0,0.0,0.0,0.0,0.0,0.0,0.0,0.0,0.0,0.0,0.0,0.0,0.0,0.0,0.0,1.6219797,-1.9262049,0.14676547,-1.1098161,50.0,50.0,50.0,50.0,50.0,50.0,50.0,50.0,50.0,50.0,50.0,50.0,0.0,0.0,0.0,0.0,1.0,1.0,1.0,1.0,1.0,1.0,1.0,1.0,1.0,1.0,1.0,1.0,0.5,0.5,0.5,0.5
1788527473.2578018,515,5.032191000282182,3.8583290006499738,4.690963000030024,0.951102,5.649009,9044590,1,0,0.0,0.0,0.0,-0.003095746,0.6596345,-1.2420313,-0.08640463,0.6543199,-1.3607459,0.060905874,0.7109276,-1.2498351,-0.0081321,0.6388973,-1.2557749,-4.8525195,-10.458555,0.09667617,-1.4852339,-1.050267,0.18214962,3.1138992,-1.0231383,0.21702933,-2.1797295,2.360194,0.8448642,-0.2709497,0.13564333,-0.93787676,0.9988742,1.2789229,-0.10463915,0.6820922,-1.050267,-0.2721211,7.273055,6.7803507,-0.049476564,-6.159832,2.0388467,0.2721211,7.0009336,8.202802,1.8058946,-7.396746,3.0819776,0.14842969,-1.0390079,-0.22264454,-0.024738282,0.9971549,-0.00478556,0.0200089,0.07251919,0.20346548,0.1342233,-0.797883,1.0319009,-1.638831,11.135432,-0.006647359,0.040609196,0.14506163,30.482431411743164,6.2552618980407715,-0.40288857,-0.6157261,-0.8368988,-0.08038084,-0.19421373,0.25882936,1.8216735,0.10404839,0.15029134,-1.0650487,0.5857746,-0.2777122,0.4197402,0.9303409,0.1847618,-0.2298972,-0.048553433,0.73470736,-0.8445816,-0.10072214,0.51606846,-1.5092247,0.10493505,0.90258527,-1.2538095,0.037572835,0.40373784,-1.1535563,0.0,0.0,0.0,0.0,0.0,0.0,0.0,0.0,0.0,0.0,0.0,0.0,0.0,0.0,0.0,0.0,1.040484,-0.80380845,-2.2989721,-2.777122,50.0,50.0,50.0,50.0,50.0,50.0,50.0,50.0,50.0,50.0,50.0,50.0,0.0,0.0,0.0,0.0,1.0,1.0,1.0,1.0,1.0,1.0,1.0,1.0,1.0,1.0,1.0,1.0,0.5,0.5,0.5,0.5
1788527473.2777116,516,4.93477900090511,3.7523739993048366,4.594320000251173,1.021761,5.622961,9044610,1,0,0.0,0.0,0.0,-0.004488468,0.648674,-1.2079573,-0.09373179,0.65986073,-1.3969052,0.06756693,0.71437925,-1.2600085,-0.0021371245,0.6232438,-1.2370871,-4.859695,-10.454316,0.07772243,-1.4816006,-0.70146984,-0.015502095,2.4729211,-0.077510476,-0.23640695,-2.5740218,0.023253143,0.651088,-1.4922452,0.06200838,-0.97663206,1.0595345,-1.7207327,0.023253143,-2.44158,0.732474,-1.5585117,4.5023675,16.784924,-0.34633595,-7.2235785,-2.6552422,1.9790626,9.153164,1.8966017,2.0038009,-10.51377,3.413883,1.4595586,-0.4205508,0.14842969,-1.8058946,0.9973999,-0.005836291,0.020380782,0.06887695,0.09374326,0.2652508,-0.028762136,0.14844051,-0.40102878,9.849746,-0.008842418,0.04147144,0.13771072,30.38504409790039,9.399984359741211,-0.2760362,0.00016019493,-0.57103896,-0.085374124,-0.12554789,-0.44382676,1.7117119,-0.14700022,-0.0063179396,-0.48247856,0.599816,-0.15843251,0.109269224,0.4483052,-0.046240766,0.0018847743,-0.03138697,0.55904335,-0.872072,-0.06900905,0.6700401,-1.4427598,0.027317306,0.7820763,-1.3115602,-0.0015794849,0.54938036,-1.150046,0.0,0.0,0.0,0.0,0.0,0.0,0.0,0.0,0.0,0.0,0.0,0.0,0.0,0.0,0.0,0.0,-1.4700022,-0.8537412,0.018847743,-1.5843251,50.0,50.0,50.0,50.0,50.0,50.0,50.0,50.0,50.0,50.0,50.0,50.0,0.0,0.0,0.0,0.0,1.0,1.0,1.0,1.0,1.0,1.0,1.0,1.0,1.0,1.0,1.0,1.0,0.5,0.5,0.5,0.5
1788527473.2976317,517,4.86117699983879,3.7581659998977557,4.533773999355617,0.698134,5.238917,9044630,1,0,0.0,0.0,0.0,-0.011300921,0.62533,-1.188069,-0.092127085,0.65837705,-1.4332697,0.06759721,0.73312104,-1.2792807,-0.0012893677,0.61830854,-1.2298994,-4.883342,-10.44708,0.036999166,-1.4651599,-0.26741114,-2.3640695,0.6146918,0.38367686,0.9572544,0.19613521,-0.77122927,0.92237467,-1.4497828,-0.05038181,-0.08913705,-0.12940879,-1.6199689,0.325544,-0.9456278,1.1122752,-0.7668867,-1.2121758,16.215944,0.791625,-0.37107423,-1.0431309,-1.311129,1.6079884,-0.23707521,0.12369141,-3.4633594,4.4570136,0.12369141,-0.5442422,0.44528908,-1.3606055,0.9970476,-0.0071427715,0.021529809,0.07335888,-0.57204694,-0.003195793,0.78403455,-0.04189853,2.0614076,8.513782,-0.011095525,0.04399465,0.14664343,30.579822540283203,3.3156309127807617,0.032197893,0.37870288,0.7585278,-0.3328736,0.13232306,-0.549174,0.2912717,-0.041077513,-0.24276155,0.49794427,1.1242929,0.08754274,-0.13583976,-0.27226698,0.07391286,0.21078192,0.033080764,0.5327065,-1.227182,0.008049473,0.76467574,-1.110368,-0.03395994,0.60193324,-1.2815218,-0.060690388,0.7944861,-1.0189267,0.0,0.0,0.0,0.0,0.0,0.0,0.0,0.0,0.0,0.0,0.0,0.0,0.0,0.0,0.0,0.0,-0.41077513,-3.328736,2.107819,0.8754274,50.0,50.0,50.0,50.0,50.0,50.0,50.0,50.0,50.0,50.0,50.0,50.0,0.0,0.0,0.0,0.0,1.0,1.0,1.0,1.0,1.0,1.0,1.0,1.0,1.0,1.0,1.0,1.0,0.5,0.5,0.5,0.5
1788527473.3176122,518,4.835992000153055,3.699029000927112,4.618705999746453,0.974719,5.598609,9044650,1,0,0.0,0.0,0.0,-0.0038223267,0.6239675,-1.1870264,-0.09155181,0.65940654,-1.413729,0.08497651,0.72882164,-1.2976526,-0.0012288094,0.6362026,-1.2237228,-4.8983293,-10.458434,0.03866443,-1.4588925,0.9960096,0.11239019,-2.7317388,-0.41468105,-0.325544,4.9559526,0.4185566,-1.798243,-0.08492453,0.5348223,0.33717057,0.64299995,0.732474,-1.3874375,1.065769,0.37980133,0.7668867,-4.89818,0.7112256,5.516637,5.9371877,9.862329,-6.5556445,-4.9476566,0.52156544,-3.587051,8.114157,10.763214,-0.64319533,-0.791625,0.44528908,0.17316797,0.9962931,-0.009510654,0.021983705,0.08262115,0.10865696,-0.003195793,1.0333064,0.5231331,-1.9261353,6.8773446,-0.015334555,0.04539158,0.16513038,30.429311752319336,8.135258674621582,0.08555673,0.2636466,1.0529879,-0.49487567,0.24849884,-0.5591101,-0.08937397,0.1494785,-0.3208992,0.64545834,0.47723508,0.2659058,-0.24212247,-0.6319792,0.6666497,0.20443903,0.06212471,0.5302225,-1.3223435,0.021389183,0.73591167,-1.0367529,-0.060530618,0.5120052,-1.1333375,-0.0802248,0.83136463,-1.1806912,0.0,0.0,0.0,0.0,0.0,0.0,0.0,0.0,0.0,0.0,0.0,0.0,0.0,0.0,0.0,0.0,1.494785,-4.9487567,2.0443902,2.659058,50.0,50.0,50.0,50.0,50.0,50.0,50.0,50.0,50.0,50.0,50.0,50.0,0.0,0.0,0.0,0.0,1.0,1.0,1.0,1.0,1.0,1.0,1.0,1.0,1.0,1.0,1.0,1.0,0.5,0.5,0.5,0.5
1788527473.338204,519,5.43137100066815,3.8565699996979674,4.931258999931742,0.59989,5.537774,9044670,1,0,0.0,0.0,0.0,-0.009030104,0.6384704,-1.2313684,-0.09203625,0.6392114,-1.351094,0.07277466,0.71589315,-1.2812238,-0.010796487,0.6440142,-1.2335169,-4.8786488,-10.506182,0.07160637,-1.4761205,-0.19377619,-0.027128667,-3.251396,0.08526152,0.1472699,4.7901473,-0.9882586,-0.46118733,2.8085754,-0.7285985,1.22079,-1.9815722,1.1239018,-3.0306594,3.3174484,-0.9611299,3.7602189,-5.541375,-1.7069415,5.7640195,4.74975,12.849476,-6.036141,-10.390079,4.030278,-2.8201642,8.534707,4.694089,0.14842969,-0.9895313,-0.74214846,1.7811563,0.995949,-0.004328406,0.020234987,0.087507226,0.34727618,-0.18109493,0.13741909,1.7310078,1.6555905,9.099164,-0.0050846385,0.04107511,0.17517179,30.34963035583496,10.630526542663574,-0.07699229,-0.5046725,1.0141275,-0.483447,0.1781076,0.07570764,0.033518307,0.29686362,-0.050355904,0.061792575,0.27016827,0.19381191,-0.021880843,-0.04869876,0.90301144,0.28609347,0.0445269,0.68892694,-1.2916204,-0.019248072,0.5438319,-1.046468,-0.0054702107,0.65782535,-1.0742471,-0.012588976,0.68544817,-1.2324579,0.0,0.0,0.0,0.0,0.0,0.0,0.0,0.0,0.0,0.0,0.0,0.0,0.0,0.0,0.0,0.0,2.968636,-4.83447,2.8609347,1.938119,50.0,50.0,50.0,50.0,50.0,50.0,50.0,50.0,50.0,50.0,50.0,50.0,0.0,0.0,0.0,0.0,1.0,1.0,1.0,1.0,1.0,1.0,1.0,1.0,1.0,1.0,1.0,1.0,0.5,0.5,0.5,0.5
1788527473.3571436,520,4.371528999399743,3.239526000470505,4.157058998316643,0.905181,5.067872,9044690,1,0,0.0,0.0,0.0,-0.007576704,0.6492189,-1.2592816,-0.09488234,0.6294318,-1.3399887,0.05787812,0.7083843,-1.2579548,-0.017881453,0.6537938,-1.2599769,-4.8479476,-10.555776,0.1257426,-1.4753029,0.4185566,2.3059366,-0.2729717,-0.28678876,-1.546334,-0.032352198,-0.5038181,-0.52707124,0.42462263,0.40305448,0.8409887,-0.82700306,1.968766,-3.2089338,3.8290176,0.7169719,2.3501368,0.0,-1.3276211,4.1807694,-3.2654533,15.220228,-2.6717343,-2.0038009,9.672668,-0.049476564,0.6679336,1.8966017,0.47002736,-0.74214846,-0.51950395,0.5442422,0.99634147,1.0747591e-05,0.018384114,0.08346166,0.43462783,-0.3430151,-0.7627292,-0.12449849,-3.7481227,12.239159,0.0030922336,0.036640115,0.16720271,30.553260803222656,4.033447742462158,-0.45036855,-0.5031388,-0.3535115,-0.20809397,-0.090277985,0.64452755,0.9352104,0.18536782,0.124755315,-0.7655388,0.48313183,-0.0771348,0.4246624,0.8055676,0.8609813,0.02676178,-0.022569496,0.83113194,-1.0661974,-0.11259214,0.5442153,-1.3883778,0.1061656,0.8713919,-1.0847546,0.031188829,0.4786153,-1.179217,0.0,0.0,0.0,0.0,0.0,0.0,0.0,0.0,0.0,0.0,0.0,0.0,0.0,0.0,0.0,0.0,1.8536782,-2.0809398,0.2676178,-0.771348,50.0,50.0,50.0,50.0,50.0,50.0,50.0,50.0,50.0,50.0,50.0,50.0,0.0,0.0,0.0,0.0,1.0,1.0,1.0,1.0,1.0,1.0,1.0,1.0,1.0,1.0,1.0,1.0,0.5,0.5,0.5,0.5
1788527473.378283,521,5.511182000191184,3.889178000463289,4.985725001461105,0.972191,5.964988,9044710,1,0,0.0,0.0,0.0,0.0062297583,0.6543056,-1.2587603,-0.09597233,0.6367589,-1.343385,0.064872235,0.7148334,-1.2580496,-0.019910038,0.64622444,-1.2570544,-4.8195167,-10.589808,0.16922113,-1.4721843,-0.0038755238,-0.04263076,2.927874,-1.0463915,0.12401676,-2.4992073,1.1742837,0.86424184,-0.30532387,0.2286559,-1.4610726,0.8249811,1.1510305,-0.39530346,1.2362921,-0.7363495,-1.58325,9.276855,5.879465,0.074214846,-4.9476566,0.66381055,0.96479297,7.5946527,9.672668,2.3996134,-7.545176,3.0819776,0.32159767,-0.96479297,-0.44528908,0.0,0.9970496,-0.0009311161,0.017362611,0.0747659,-0.28762138,-0.18429072,-0.9789779,2.349909,-1.3814543,10.584765,0.0007399716,0.034769006,0.149707,30.47357940673828,6.938897132873535,-0.4385132,-0.73986703,-0.69823056,-0.10077733,-0.1988108,0.5640513,1.4575067,0.13197955,0.22602382,-1.1598499,0.9126445,-0.312163,0.4668011,1.0583743,0.12223123,-0.2671423,-0.0497027,0.81101286,-0.9356233,-0.1096283,0.48503327,-1.4745576,0.11670028,0.93459356,-1.2694422,0.056505956,0.38003755,-1.0718389,0.0,0.0,0.0,0.0,0.0,0.0,0.0,0.0,0.0,0.0,0.0,0.0,0.0,0.0,0.0,0.0,1.3197956,-1.0077733,-2.671423,-3.12163,50.0,50.0,50.0,50.0,50.0,50.0,50.0,50.0,50.0,50.0,50.0,50.0,0.0,0.0,0.0,0.0,1.0,1.0,1.0,1.0,1.0,1.0,1.0,1.0,1.0,1.0,1.0,1.0,0.5,0.5,0.5,0.5
1788527473.3977144,522,4.9410200008424,3.75279100080661,4.60593700154277,0.924989,5.537935,9044730,1,0,0.0,0.0,0.0,0.019461036,0.65091455,-1.2334062,-0.101694785,0.64251167,-1.3870637,0.06953497,0.7195567,-1.268286,-0.012340665,0.6259991,-1.2291886,-4.819729,-10.587779,0.15662567,-1.4662197,-0.44568524,0.2286559,2.1433332,0.162772,-0.3759258,-2.598286,0.26353562,1.0463915,-2.0058365,0.04263076,-1.3448068,2.1433332,-1.3293047,-0.11626572,-2.604352,0.7441006,-3.0675468,8.138895,13.228796,-0.59371877,-7.817297,-1.7069415,2.2017071,10.043742,1.8491865,3.6612659,-11.577516,6.4010305,1.4842969,-0.51950395,0.024738282,-1.9295859,0.9973458,-0.0019147492,0.017689573,0.07060418,0.3281014,0.34834144,0.033023193,-0.108936176,-6.078878,8.431181,-0.0013222545,0.035563115,0.14132486,30.314218521118164,11.51925277709961,-0.32299852,0.04745539,-0.6576465,-0.091795094,-0.13931829,-0.46287695,1.5554934,-0.19817561,-0.022074562,-0.431908,0.48832512,-0.17932233,0.096534334,0.3992399,0.038058463,-0.08457892,-0.03482957,0.55428076,-0.9111266,-0.08074963,0.68186384,-1.4644116,0.024133584,0.76980996,-1.2904854,-0.0055186404,0.56202304,-1.1779187,0.0,0.0,0.0,0.0,0.0,0.0,0.0,0.0,0.0,0.0,0.0,0.0,0.0,0.0,0.0,0.0,-1.9817561,-0.9179509,-0.8457892,-1.7932234,50.0,50.0,50.0,50.0,50.0,50.0,50.0,50.0,50.0,50.0,50.0,50.0,0.0,0.0,0.0,0.0,1.0,1.0,1.0,1.0,1.0,1.0,1.0,1.0,1.0,1.0,1.0,1.0,0.5,0.5,0.5,0.5
1788527473.4177337,523,4.96636500065506,3.7769829996250337,4.632177999155829,0.966655,5.605233,9044750,1,0,0.0,0.0,0.0,0.003444314,0.6281761,-1.2217323,-0.10684196,0.6438439,-1.4177256,0.06562917,0.7362396,-1.292329,-0.014641762,0.6159469,-1.217104,-4.8473115,-10.583299,0.10739441,-1.4508387,-0.4999426,-0.8448642,0.6652421,0.0,-0.06975943,-0.2628616,-1.2130389,0.8409887,-0.9442798,-0.10076362,-0.46118733,-0.972588,-1.6470976,-0.10076362,-1.6819774,0.93787676,-1.4842969,-3.1665,15.220228,1.3606055,2.0780158,-1.8017715,-0.8411016,0.791625,0.85347074,0.5442422,-2.2264454,3.319053,-0.12369141,-0.37107423,0.44528908,-1.311129,0.9969283,-0.0012421759,0.02022699,0.0756525,-0.39840886,0.23648869,0.8660599,2.6360161,-0.6464345,9.667787,0.00058420416,0.04052876,0.1514927,30.579822540283203,3.247267246246338,-0.0029382128,0.48517868,0.7457654,-0.2898439,0.12657851,-0.5887488,0.21140677,-0.08764831,-0.30041832,0.5426184,1.014228,0.03581639,-0.12380385,-0.30054656,0.02576473,0.21133049,0.031644627,0.52281284,-1.2471483,-0.0007345532,0.7912947,-1.1135587,-0.030950962,0.59486336,-1.2935587,-0.07510458,0.80565464,-1.046443,0.0,0.0,0.0,0.0,0.0,0.0,0.0,0.0,0.0,0.0,0.0,0.0,0.0,0.0,0.0,0.0,-0.8764831,-2.898439,2.1133049,0.3581639,50.0,50.0,50.0,50.0,50.0,50.0,50.0,50.0,50.0,50.0,50.0,50.0,0.0,0.0,0.0,0.0,1.0,1.0,1.0,1.0,1.0,1.0,1.0,1.0,1.0,1.0,1.0,1.0,0.5,0.5,0.5,0.5
1788527473.437847,524,5.071424000561819,3.8198639995243866,4.706515999714611,0.969598,5.683763,9044770,1,0,0.0,0.0,0.0,2.2888184e-05,0.6231197,-1.217088,-0.1066603,0.64254194,-1.4115174,0.07873933,0.7347257,-1.2963414,-0.018032849,0.63438594,-1.2195524,-4.868415,-10.593381,0.094344795,-1.4483559,1.2711718,0.1782741,-2.4951634,0.05813286,-0.06975943,4.5131316,0.38367686,-1.2789229,0.03437421,-0.10076362,0.22090487,0.2628616,0.651088,-1.2091634,0.60070616,0.19377619,0.34633595,-5.368207,0.99571586,5.4176836,7.965727,9.957158,-6.060879,-5.8629727,0.04741504,-2.9685938,8.881043,9.767498,-0.8411016,-0.74214846,0.6679336,0.024738282,0.99615455,-0.003542906,0.023419948,0.084351175,-0.2450108,0.27377293,0.91506207,-1.3024458,2.0649989,6.578069,-0.0031110437,0.047275078,0.168877,30.402751922607422,8.682167053222656,0.09742539,0.12229705,1.1223155,-0.519729,0.22305542,-0.59353846,-0.10583677,0.089706846,-0.34095457,0.57844937,0.51682156,0.24248664,-0.24432963,-0.544736,0.34953317,0.2129369,0.055763856,0.5216154,-1.3264592,0.024356347,0.7005743,-1.0194211,-0.061082408,0.533816,-1.2126167,-0.08523864,0.8146124,-1.1707946,0.0,0.0,0.0,0.0,0.0,0.0,0.0,0.0,0.0,0.0,0.0,0.0,0.0,0.0,0.0,0.0,0.89706844,-5.1972904,2.129369,2.4248664,50.0,50.0,50.0,50.0,50.0,50.0,50.0,50.0,50.0,50.0,50.0,50.0,0.0,0.0,0.0,0.0,1.0,1.0,1.0,1.0,1.0,1.0,1.0,1.0,1.0,1.0,1.0,1.0,0.5,0.5,0.5,0.5
1788527473.4617195,525,8.94735300062166,4.516334000072675,8.509387998856255,0.881724,9.400232,9044790,1,0,0.0,0.0,0.0,0.0012340546,0.6380465,-1.2560275,-0.10323893,0.6303704,-1.357397,0.07640797,0.7238561,-1.290765,-0.020061433,0.6395028,-1.2203739,-4.8527617,-10.632802,0.13406892,-1.4765745,-0.10076362,0.5658265,-1.2839779,0.14339438,-0.45343632,3.6719747,-0.9572544,-0.8409887,0.46304086,-0.6627146,0.93400127,-0.8007169,0.93787676,-2.7322443,3.491847,-2.2284262,2.8696408,-6.605121,-1.6121113,6.382477,4.106555,14.461587,-4.576582,-8.881043,2.6552422,-2.5233047,8.163633,4.030278,-0.074214846,-0.96479297,-0.791625,2.2511837,0.99585205,-0.00050639716,0.022518974,0.0881555,0.6146575,-0.20346548,0.105461165,2.4600422,0.37708676,2.0590134,0.0029647492,0.044955555,0.17665173,30.38504409790039,9.707619667053223,-0.14152339,-0.33524176,0.74138385,-0.5012899,0.102042645,0.0023260042,0.21945673,0.18939164,-0.06536704,-0.05145277,0.26444536,0.11208852,0.04651629,0.13404511,0.8376556,0.2734469,0.025510661,0.6705815,-1.2451358,-0.035380848,0.58618957,-1.114654,0.011629073,0.7035113,-1.0905861,-0.01634176,0.6571368,-1.2338886,0.0,0.0,0.0,0.0,0.0,0.0,0.0,0.0,0.0,0.0,0.0,0.0,0.0,0.0,0.0,0.0,1.8939164,-5.012899,2.734469,1.1208851,50.0,50.0,50.0,50.0,50.0,50.0,50.0,50.0,50.0,50.0,50.0,50.0,0.0,0.0,0.0,0.0,1.0,1.0,1.0,1.0,1.0,1.0,1.0,1.0,1.0,1.0,1.0,1.0,0.5,0.5,0.5,0.5
1788527473.478219,526,5.437771000288194,3.5828320014843484,4.608241000823909,1.01984,5.636113,9044810,1,0,0.0,0.0,0.0,-0.004276514,0.6418313,-1.2857732,-0.10445004,0.6333981,-1.3457861,0.0561523,0.7167712,-1.2806393,-0.03444326,0.6570941,-1.2466758,-4.8236647,-10.698958,0.20070976,-1.4918647,-0.36817476,2.1741688,-0.37811634,-0.9960096,-1.5695871,-0.34778613,0.08913705,0.081386,0.76432073,0.4379342,-1.131653,-1.6863583,2.4377046,-3.2360625,3.6894987,-0.05038181,1.8801094,-0.6926719,1.4224513,4.6260586,-0.74214846,12.849476,-2.44909,-1.1132227,8.297632,0.47002736,1.0390079,2.6552422,-0.34633595,-0.6926719,-0.5442422,0.5442422,0.99619174,0.0051706214,0.020805402,0.08451426,0.2833603,-0.3312972,-0.7936219,0.8391677,2.2589293,14.471752,0.0138303945,0.040589504,0.16955014,30.5975284576416,2.8370859622955322,-0.5126696,-0.33838668,-0.47680432,-0.31490168,-0.14043595,0.6336855,1.0676688,0.21722063,0.10091607,-0.89323187,0.74183965,-0.24215399,0.4602538,0.9167839,0.58763397,0.02125295,-0.035108987,0.8284214,-1.0330827,-0.1281674,0.5854033,-1.419201,0.11506345,0.899196,-1.1530914,0.025229018,0.44669205,-1.1145401,0.0,0.0,0.0,0.0,0.0,0.0,0.0,0.0,0.0,0.0,0.0,0.0,0.0,0.0,0.0,0.0,2.1722064,-3.1490169,0.21252951,-2.4215398,50.0,50.0,50.0,50.0,50.0,50.0,50.0,50.0,50.0,50.0,50.0,50.0,0.0,0.0,0.0,0.0,1.0,1.0,1.0,1.0,1.0,1.0,1.0,1.0,1.0,1.0,1.0,1.0,0.5,0.5,0.5,0.5
1788527473.4972441,527,4.473165001400048,3.320745001474279,4.104960999029572,0.944318,5.055103,9044830,1,0,0.0,0.0,0.0,-0.0069106817,0.6617236,-1.2672118,-0.107175015,0.63933253,-1.3539848,0.06142059,0.7302749,-1.2772745,-0.028448284,0.64471054,-1.249851,-4.790541,-10.744526,0.25260544,-1.4964366,-0.8836195,0.5076936,2.5719998,-0.8991215,0.64333695,-2.3920407,2.352443,0.80223346,-0.487305,0.76347816,-1.4145663,1.6459181,0.75960267,-1.2944249,1.5230808,-1.0076362,-0.5442422,8.534707,9.103687,-0.32159767,-3.4880977,-0.14224511,0.64319533,8.163633,7.064841,2.0780158,-8.979997,5.3104844,0.8411016,-0.89057815,-0.59371877,-0.56898046,0.99690986,0.0050240275,0.0199566,0.07581229,-0.23116235,0.15978965,-0.9171926,1.1049241,-0.7649474,10.508151,0.013053228,0.03903801,0.15205725,30.447019577026367,7.759259223937988,-0.43507797,-0.65109694,-0.8514285,-0.22394788,-0.2151212,0.34399533,1.7895721,0.1763883,0.17012595,-1.1950878,0.93838537,-0.33124015,0.4129008,1.0810133,-0.16358091,-0.25087443,-0.0537803,0.75599885,-0.8526069,-0.10876949,0.50722575,-1.5128571,0.1032252,0.9402534,-1.3408952,0.042531487,0.37122807,-1.0654036,0.0,0.0,0.0,0.0,0.0,0.0,0.0,0.0,0.0,0.0,0.0,0.0,0.0,0.0,0.0,0.0,1.7638829,-2.2394788,-2.5087442,-3.3124015,50.0,50.0,50.0,50.0,50.0,50.0,50.0,50.0,50.0,50.0,50.0,50.0,0.0,0.0,0.0,0.0,1.0,1.0,1.0,1.0,1.0,1.0,1.0,1.0,1.0,1.0,1.0,1.0,0.5,0.5,0.5,0.5
1788527473.5172157,528,4.430283999681706,3.3130010015156586,4.135586001211777,1.01776,5.160866,9044850,1,0,0.0,0.0,0.0,-0.007758379,0.6503998,-1.2329955,-0.1115047,0.65005076,-1.4106327,0.07201773,0.7391765,-1.2966732,-0.01869893,0.6244852,-1.2221432,-4.7958093,-10.757576,0.24721605,-1.4944988,-0.6239593,-0.162772,2.4931414,0.36817476,0.5038181,-3.3201444,0.48831603,0.7208474,-2.2221918,0.07363495,-0.8797439,1.3547484,-1.546334,-0.8913705,-2.0268989,0.93400127,-1.8058946,5.7640195,17.78064,-0.24738282,-7.9409885,-1.8017715,1.0390079,9.771622,-0.04741504,3.1417618,-12.294926,7.2545013,1.7316797,-0.59371877,-0.12369141,-2.1522305,0.9972063,0.0026777463,0.020431686,0.07179939,0.053263217,0.37284252,0.0010652643,1.7609353,-0.49919105,8.169016,0.00828134,0.04037566,0.14392024,30.314218521118164,11.382526397705078,-0.37059984,0.12682752,-0.74011135,-0.22032738,-0.14021584,-0.48787925,1.7162999,-0.17612913,-0.028095338,-0.45850456,0.5971693,-0.11132462,0.11007851,0.5136402,-0.14275406,-0.058013912,-0.03505396,0.5480302,-0.87092495,-0.09264996,0.7017069,-1.4850278,0.027519628,0.79841006,-1.3356885,-0.0070238346,0.5553739,-1.1507076,0.0,0.0,0.0,0.0,0.0,0.0,0.0,0.0,0.0,0.0,0.0,0.0,0.0,0.0,0.0,0.0,-1.7612913,-2.2032738,-0.5801391,-1.1132462,50.0,50.0,50.0,50.0,50.0,50.0,50.0,50.0,50.0,50.0,50.0,50.0,0.0,0.0,0.0,0.0,1.0,1.0,1.0,1.0,1.0,1.0,1.0,1.0,1.0,1.0,1.0,1.0,0.5,0.5,0.5,0.5
1788527473.5382316,529,5.447499001093092,3.921051000361331,4.906523001409369,0.95635,5.871897,9044870,1,0,0.0,0.0,0.0,-0.015963674,0.6255722,-1.2190468,-0.11241303,0.6555007,-1.4420055,0.07577214,0.7561925,-1.3269875,-0.01763922,0.6188233,-1.2168827,-4.8160048,-10.768052,0.21176106,-1.4799354,0.096888095,-2.0734053,0.0970566,-0.05038181,0.8797439,-0.20422325,-0.21315381,1.4106907,-0.92001563,0.38367686,-0.63946146,-0.5297673,-1.3990641,-0.7557271,-1.4843256,0.46893838,-1.0637461,-2.1274922,17.828054,0.96479297,1.58325,-1.7069415,-2.3996134,0.791625,0.09483008,0.24738282,-2.721211,4.1251087,-0.074214846,-0.6926719,0.51950395,-0.74214846,0.9967264,0.0007364933,0.02366561,0.07730407,-0.5613943,0.21944445,0.94808525,0.48602295,1.9656396,7.4256167,0.00513277,0.047079798,0.15492688,30.570966720581055,3.5549027919769287,-0.020160593,0.5284014,0.72791445,-0.55697095,0.1140909,-0.64714074,0.20110935,-0.1070857,-0.24348968,0.59623706,0.9293692,0.08396022,-0.12769723,-0.3471072,-0.04522372,0.18692783,0.028522724,0.50821483,-1.2497226,-0.0050401483,0.80210036,-1.1180214,-0.031924307,0.5832232,-1.3113059,-0.06087242,0.81905925,-1.0676577,0.0,0.0,0.0,0.0,0.0,0.0,0.0,0.0,0.0,0.0,0.0,0.0,0.0,0.0,0.0,0.0,-1.0708569,-5.56971,1.8692782,0.83960223,50.0,50.0,50.0,50.0,50.0,50.0,50.0,50.0,50.0,50.0,50.0,50.0,0.0,0.0,0.0,0.0,1.0,1.0,1.0,1.0,1.0,1.0,1.0,1.0,1.0,1.0,1.0,1.0,0.5,0.5,0.5,0.5
1788527473.5579221,530,5.1433939988783095,3.8137520004966063,4.753078001158428,0.992063,5.753141,9044890,1,0,0.0,0.0,0.0,-0.01208806,0.62236273,-1.2237859,-0.112291925,0.6545621,-1.4275355,0.09563419,0.76149106,-1.3306209,-0.016125321,0.63517314,-1.2143552,-4.831113,-10.793697,0.20143642,-1.4786637,1.7866164,0.06200838,-2.7094967,0.38755238,0.11239019,5.16422,-0.034879714,-0.6820922,0.28914776,-0.06200838,0.651088,0.08694653,0.49606705,-2.9415226,0.2945398,0.35267267,0.2721211,-5.9371877,1.2802061,5.096086,7.6441293,10.051989,-6.605121,-8.534707,0.61639553,-2.3253984,9.153164,8.487292,-0.86583984,-1.0637461,0.74214846,0.17316797,0.99589795,-0.002854301,0.02624084,0.0865491,-0.7201187,0.34834144,0.92784524,-0.7266402,0.7254431,4.370615,-0.0011445367,0.052784983,0.17334542,30.367338180541992,9.84434700012207,0.13753764,-0.29453334,1.5875422,-0.64457536,0.23056805,-0.48932722,-0.3427399,0.20787692,-0.22559059,0.57528687,0.43047836,0.3381009,-0.25058976,-0.44269776,0.06750709,0.24553047,0.057642013,0.5476682,-1.385685,0.03438441,0.5963667,-0.90311444,-0.06264744,0.5593256,-1.2831231,-0.056397647,0.81382173,-1.1923803,0.0,0.0,0.0,0.0,0.0,0.0,0.0,0.0,0.0,0.0,0.0,0.0,0.0,0.0,0.0,0.0,2.0787692,-6.4457536,2.4553046,3.381009,50.0,50.0,50.0,50.0,50.0,50.0,50.0,50.0,50.0,50.0,50.0,50.0,0.0,0.0,0.0,0.0,1.0,1.0,1.0,1.0,1.0,1.0,1.0,1.0,1.0,1.0,1.0,1.0,0.5,0.5,0.5,0.5
1788527473.5777519,531,4.974491999746533,3.7411100001918385,4.60747299985087,0.986303,5.602001,9044910,1,0,0.0,0.0,0.0,-0.006183982,0.63810706,-1.2742256,-0.10620614,0.622256,-1.35607,0.0909109,0.73941875,-1.3068148,-0.018032849,0.6423186,-1.2258555,-4.813643,-10.875385,0.23577113,-1.4939237,-0.20152724,0.15502095,-3.6659086,0.05813286,-0.5658265,5.6110845,-1.3603089,-2.0772808,2.5234716,-0.6355859,1.4843256,-1.7126446,1.1665326,-4.9684215,3.3407016,-0.5076936,3.4633594,-4.823965,-1.8017715,7.2977934,-0.64319533,19.392752,-6.580383,-7.2235785,-1.2802061,-1.311129,7.3472695,3.461298,0.37107423,-0.9400547,-0.4205508,1.7316797,0.99562144,-0.0008986363,0.025029775,0.090060055,0.48149946,-0.37284252,-0.013848436,0.7194576,-0.5243302,2.8921957,0.0027223711,0.050023083,0.18048938,30.305362701416016,11.89525318145752,-0.16478974,-0.58048046,1.0280889,-0.5621461,0.0969054,0.24697429,-0.065838285,0.2711212,0.032652404,-0.09031457,0.17996335,0.17582954,-0.0012923516,0.17316055,0.94203407,0.21882902,0.02422635,0.7317436,-1.3164595,-0.041197434,0.52487993,-1.0429777,-0.0003230879,0.71329015,-1.0644914,0.008163101,0.64742136,-1.2550092,0.0,0.0,0.0,0.0,0.0,0.0,0.0,0.0,0.0,0.0,0.0,0.0,0.0,0.0,0.0,0.0,2.7112122,-5.6214614,2.18829,1.7582954,50.0,50.0,50.0,50.0,50.0,50.0,50.0,50.0,50.0,50.0,50.0,50.0,0.0,0.0,0.0,0.0,1.0,1.0,1.0,1.0,1.0,1.0,1.0,1.0,1.0,1.0,1.0,1.0,0.5,0.5,0.5,0.5
1788527473.5977995,532,5.0290220005990705,3.7878309994994197,4.669330999604426,0.991456,5.668403,9044930,1,0,0.0,0.0,0.0,-0.009847522,0.66369164,-1.3002906,-0.115531616,0.62476903,-1.3336699,0.0665375,0.7453229,-1.2846516,-0.027176619,0.65403605,-1.2515413,-4.779611,-10.937212,0.31107137,-1.4868993,0.5464489,1.2130389,-0.09907861,-1.0928978,0.69371873,-0.33363205,-1.0541425,-0.2790377,-0.5843616,-0.9611299,0.29841533,-1.2132075,1.0851467,-2.3214388,3.6817474,0.54257333,1.0390079,2.4985664,-0.7112256,4.89818,-5.8629727,15.220228,-2.2511837,-1.1132227,12.422741,2.9438555,-0.51950395,0.90088576,0.8411016,-1.5090352,-0.6679336,0.59371877,0.99609154,0.008324728,0.020566307,0.08549517,0.5262406,-0.5379585,-0.84049356,0.34596214,-0.94451255,16.725893,0.020118115,0.039558716,0.17163958,30.553260803222656,4.135993003845215,-0.5051435,-0.6752082,-0.29611886,-0.23305243,-0.1193448,0.8781106,0.7307193,0.14318511,0.119369335,-0.74364567,0.5483614,-0.090421796,0.43557176,0.9107286,0.8249912,-0.100005895,-0.0298362,0.8895277,-1.1173201,-0.12628588,0.50119793,-1.3740296,0.10889294,0.8976822,-1.0937521,0.029842334,0.4840886,-1.1629096,0.0,0.0,0.0,0.0,0.0,0.0,0.0,0.0,0.0,0.0,0.0,0.0,0.0,0.0,0.0,0.0,1.4318511,-2.3305244,-1.0000589,-0.90421796,50.0,50.0,50.0,50.0,50.0,50.0,50.0,50.0,50.0,50.0,50.0,50.0,0.0,0.0,0.0,0.0,1.0,1.0,1.0,1.0,1.0,1.0,1.0,1.0,1.0,1.0,1.0,1.0,0.5,0.5,0.5,0.5
1788527473.6184597,533,5.683027000486618,3.9689250006631482,4.999389000658994,1.023616,6.03235,9044950,1,0,0.0,0.0,0.0,0.0046856403,0.67586315,-1.2922815,-0.11868047,0.6317329,-1.3423898,0.07331966,0.7574036,-1.2863103,-0.030174136,0.653703,-1.2490454,-4.7562065,-10.969215,0.34213609,-1.4868387,0.96500546,-0.16664752,1.5165094,-0.38367686,0.21702933,-1.9269778,1.6548486,0.81386006,-0.25072956,0.27128667,-0.7441006,1.7611729,0.45343632,-0.054257333,0.08913705,-0.4728139,-2.8201642,11.453825,7.6812367,0.024738282,-7.099887,0.47415042,0.14842969,6.48143,10.289063,2.8696408,-8.163633,2.418167,0.47002736,-1.1132227,-0.44528908,-0.14842969,0.996803,0.0086588,0.017408347,0.07749734,-0.019174758,-0.064981125,-0.7701861,1.7405846,-0.21308395,10.296265,0.019972881,0.033369508,0.15551293,30.429311752319336,7.930168151855469,-0.43275672,-0.46029004,-0.82732886,-0.014732458,-0.16295126,0.512161,1.3535407,0.031721853,0.08901091,-0.9536003,0.5370243,-0.2037405,0.41107568,0.96270895,0.21098392,-0.25618076,-0.040737815,0.7980403,-0.9616148,-0.10818918,0.5549275,-1.5068321,0.10276892,0.91067725,-1.247254,0.022252727,0.43159994,-1.1657438,0.0,0.0,0.0,0.0,0.0,0.0,0.0,0.0,0.0,0.0,0.0,0.0,0.0,0.0,0.0,0.0,0.31721854,-0.14732458,-2.5618076,-2.037405,50.0,50.0,50.0,50.0,50.0,50.0,50.0,50.0,50.0,50.0,50.0,50.0,0.0,0.0,0.0,0.0,1.0,1.0,1.0,1.0,1.0,1.0,1.0,1.0,1.0,1.0,1.0,1.0,0.5,0.5,0.5,0.5
